entry_ts,exit_ts,entry,exit,reason,arm_ts,pnl_pts,year,window,pnl_usd,win,mins_held
2008-01-10 15:17:00,2008-01-10 15:52:00,1324.2830257589078,1319.2830257589078,stop,2008-01-10 15:15:00,-5.31,2008,PM,-265.5,False,35.0
2008-01-22 15:42:00,2008-01-22 15:53:00,1219.5816871799411,1214.5816871799411,stop,2008-01-22 15:42:00,-5.31,2008,PM,-265.5,False,11.0
2008-01-24 11:55:00,2008-01-24 12:28:00,1248.1869751589538,1243.1869751589538,stop,2008-01-24 11:54:00,-5.31,2008,AM,-265.5,False,33.0
2008-01-25 09:52:00,2008-01-25 10:31:00,1261.729750235859,1256.729750235859,stop,2008-01-25 09:51:00,-5.31,2008,AM,-265.5,False,39.0
2008-01-29 09:48:00,2008-01-29 10:01:00,1258.0151014073124,1253.0151014073124,stop,2008-01-29 09:48:00,-5.31,2008,AM,-265.5,False,13.0
2008-01-29 15:28:00,2008-01-29 15:59:00,1262.570259994556,1262.35,eod,2008-01-29 15:27:00,-0.5302599945560451,2008,PM,-26.512999727802256,False,31.0
2008-02-01 10:19:00,2008-02-01 10:26:00,1287.544963831638,1282.544963831638,stop,2008-02-01 10:18:00,-5.31,2008,AM,-265.5,False,7.0
2008-02-12 10:38:00,2008-02-12 12:42:00,1256.1070120209022,1251.1070120209022,stop,2008-02-12 10:36:00,-5.31,2008,AM,-265.5,False,124.0
2008-02-13 11:50:00,2008-02-13 15:22:00,1257.1342764422534,1265.1342764422534,target,2008-02-13 11:48:00,7.69,2008,AM,384.5,True,212.0
2008-02-15 15:23:00,2008-02-15 15:59:00,1245.4376770941958,1249.86,eod,2008-02-15 15:21:00,4.112322905804095,2008,PM,205.61614529020474,True,36.0
2008-02-20 15:08:00,2008-02-20 15:59:00,1259.236124108771,1258.42,eod,2008-02-20 15:06:00,-1.1261241087709641,2008,PM,-56.306205438548204,False,51.0
2008-02-21 09:54:00,2008-02-21 10:04:00,1263.9348272394263,1258.9348272394263,stop,2008-02-21 09:54:00,-5.31,2008,AM,-265.5,False,10.0
2008-02-25 10:42:00,2008-02-25 13:34:00,1256.0780749301312,1251.0780749301312,stop,2008-02-25 10:42:00,-5.31,2008,AM,-265.5,False,172.0
2008-02-26 09:30:00,2008-02-26 11:05:00,1264.21,1272.21,target,2008-02-25 16:00:00,7.69,2008,AM,384.5,True,95.0
2008-02-26 11:10:00,2008-02-26 12:00:00,1269.1616586004914,1277.1616586004914,target,2008-02-26 11:09:00,7.69,2008,AM,384.5,True,50.0
2008-03-05 10:27:00,2008-03-05 12:26:00,1239.2329008433157,1234.2329008433157,stop,2008-03-05 10:27:00,-5.31,2008,AM,-265.5,False,119.0
2008-03-12 09:45:00,2008-03-12 11:10:00,1222.882412369798,1230.882412369798,target,2008-03-12 09:45:00,7.69,2008,AM,384.5,True,85.0
2008-03-12 11:32:00,2008-03-12 12:02:00,1231.3101367282534,1226.3101367282534,stop,2008-03-12 11:30:00,-5.31,2008,AM,-265.5,False,30.0
2008-03-17 15:12:00,2008-03-17 15:25:00,1181.1962941047213,1189.1962941047213,target,2008-03-17 15:12:00,7.69,2008,PM,384.5,True,13.0
2008-03-19 09:54:00,2008-03-19 10:30:00,1236.69333458272,1231.69333458272,stop,2008-03-19 09:54:00,-5.31,2008,AM,-265.5,False,36.0
2008-03-19 11:31:00,2008-03-19 12:15:00,1234.7444309604334,1229.7444309604334,stop,2008-03-19 11:30:00,-5.31,2008,AM,-265.5,False,44.0
2008-03-20 11:35:00,2008-03-20 11:48:00,1215.505412796153,1210.505412796153,stop,2008-03-20 11:33:00,-5.31,2008,AM,-265.5,False,13.0
2008-03-20 15:26:00,2008-03-20 15:59:00,1228.176879340006,1230.85,eod,2008-03-20 15:24:00,2.363120659993856,2008,PM,118.1560329996928,True,33.0
2008-03-24 10:54:00,2008-03-24 15:59:00,1251.0940731618166,1247.95,eod,2008-03-24 10:54:00,-3.45407316181655,2008,AM,-172.7036580908275,False,305.0
2008-04-02 09:33:00,2008-04-02 10:53:00,1266.1298645858367,1274.1298645858367,target,2008-04-02 09:33:00,7.69,2008,AM,384.5,True,80.0
2008-04-02 11:06:00,2008-04-02 13:07:00,1273.1258918532278,1268.1258918532278,stop,2008-04-02 11:06:00,-5.31,2008,AM,-265.5,False,121.0
2008-04-07 11:56:00,2008-04-07 14:28:00,1278.6881114740927,1273.6881114740927,stop,2008-04-07 11:54:00,-5.31,2008,AM,-265.5,False,152.0
2008-04-15 15:37:00,2008-04-15 15:59:00,1232.4956260355475,1233.85,eod,2008-04-15 15:36:00,1.0443739644524066,2008,PM,52.21869822262033,True,22.0
2008-04-16 10:09:00,2008-04-16 10:53:00,1246.1997094660949,1254.1997094660949,target,2008-04-16 10:09:00,7.69,2008,AM,384.5,True,44.0
2008-04-16 15:33:00,2008-04-16 15:59:00,1258.583290434752,1262.74,eod,2008-04-16 15:33:00,3.846709565248093,2008,PM,192.33547826240465,True,26.0
2008-04-17 15:28:00,2008-04-17 15:59:00,1263.3216329444333,1263.67,eod,2008-04-17 15:27:00,0.038367055566768615,2008,PM,1.9183527783384307,True,31.0
2008-04-23 11:00:00,2008-04-23 12:20:00,1280.9334110549612,1275.9334110549612,stop,2008-04-23 11:00:00,-5.31,2008,AM,-265.5,False,80.0
2008-04-25 15:36:00,2008-04-25 15:59:00,1292.473573455441,1293.48,eod,2008-04-25 15:36:00,0.6964265445589626,2008,PM,34.82132722794813,True,23.0
2008-04-29 15:03:00,2008-04-29 15:59:00,1290.273925406238,1287.01,eod,2008-04-29 15:03:00,-3.5739254062380588,2008,PM,-178.69627031190294,False,56.0
2008-04-30 10:12:00,2008-04-30 14:17:00,1289.9026481081223,1297.9026481081223,target,2008-04-30 10:12:00,7.69,2008,AM,384.5,True,245.0
2008-05-02 10:16:00,2008-05-02 10:39:00,1313.3630032986284,1308.3630032986284,stop,2008-05-02 10:15:00,-5.31,2008,AM,-265.5,False,23.0
2008-05-06 15:22:00,2008-05-06 15:59:00,1311.4880035856775,1311.27,eod,2008-05-06 15:21:00,-0.5280035856774794,2008,PM,-26.40017928387397,False,37.0
2008-05-12 15:00:00,2008-05-12 15:59:00,1296.821872362056,1297.64,eod,2008-05-12 15:00:00,0.5081276379441442,2008,PM,25.406381897207208,True,59.0
2008-05-15 15:21:00,2008-05-15 15:59:00,1311.5194390099025,1315.43,eod,2008-05-15 15:21:00,3.600560990097565,2008,PM,180.02804950487825,True,38.0
2008-05-16 15:00:00,2008-05-16 15:59:00,1315.0298060284892,1316.82,eod,2008-05-16 15:00:00,1.480193971510689,2008,PM,74.00969857553446,True,59.0
2008-05-19 10:47:00,2008-05-19 13:27:00,1323.8388766695214,1331.8388766695214,target,2008-05-19 10:45:00,7.69,2008,AM,384.5,True,160.0
2008-05-27 15:13:00,2008-05-27 15:59:00,1280.04584151634,1280.54,eod,2008-05-27 15:12:00,0.18415848365993043,2008,PM,9.207924182996521,True,46.0
2008-05-28 15:43:00,2008-05-28 15:59:00,1282.5567905003716,1285.39,eod,2008-05-28 15:42:00,2.5232094996285377,2008,PM,126.16047498142689,True,16.0
2008-05-29 10:00:00,2008-05-29 11:51:00,1286.5499576321035,1294.5499576321035,target,2008-05-29 10:00:00,7.69,2008,AM,384.5,True,111.0
2008-05-30 10:43:00,2008-05-30 15:59:00,1296.6443053723099,1293.02,eod,2008-05-30 10:42:00,-3.934305372309891,2008,AM,-196.71526861549455,False,316.0
2008-06-03 10:15:00,2008-06-03 13:29:00,1284.711691303361,1279.711691303361,stop,2008-06-03 10:15:00,-5.31,2008,AM,-265.5,False,194.0
2008-06-12 11:24:00,2008-06-12 13:10:00,1248.9925908564567,1243.9925908564567,stop,2008-06-12 11:24:00,-5.31,2008,AM,-265.5,False,106.0
2008-06-16 09:30:00,2008-06-16 10:55:00,1248.89,1256.89,target,2008-06-13 16:00:00,7.69,2008,AM,384.5,True,85.0
2008-06-17 09:55:00,2008-06-17 11:29:00,1259.2848703087566,1254.2848703087566,stop,2008-06-17 09:54:00,-5.31,2008,AM,-265.5,False,94.0
2008-06-25 11:00:00,2008-06-25 15:06:00,1225.668671921737,1233.668671921737,target,2008-06-25 11:00:00,7.69,2008,AM,384.5,True,246.0
2008-06-25 15:14:00,2008-06-25 15:23:00,1230.5550953790666,1225.5550953790666,stop,2008-06-25 15:12:00,-5.31,2008,PM,-265.5,False,9.0
2008-07-02 09:51:00,2008-07-02 11:29:00,1189.3982133458342,1184.3982133458342,stop,2008-07-02 09:51:00,-5.31,2008,AM,-265.5,False,98.0
2008-07-08 15:36:00,2008-07-08 15:59:00,1171.4195505929272,1176.22,eod,2008-07-08 15:36:00,4.490449407072847,2008,PM,224.52247035364238,True,23.0
2008-07-09 10:35:00,2008-07-09 12:38:00,1176.5773207985035,1171.5773207985035,stop,2008-07-09 10:33:00,-5.31,2008,AM,-265.5,False,123.0
2008-07-11 15:13:00,2008-07-11 15:14:00,1151.0513593531357,1146.0513593531357,stop,2008-07-11 15:12:00,-5.31,2008,PM,-265.5,False,1.0
2008-07-15 15:13:00,2008-07-15 15:29:00,1136.06573002214,1131.06573002214,stop,2008-07-15 15:12:00,-5.31,2008,PM,-265.5,False,16.0
2008-07-16 15:09:00,2008-07-16 15:59:00,1141.4162796224439,1149.0,eod,2008-07-16 15:09:00,7.27372037755612,2008,PM,363.68601887780596,True,50.0
2008-07-17 09:55:00,2008-07-17 10:07:00,1156.297812738207,1151.297812738207,stop,2008-07-17 09:54:00,-5.31,2008,AM,-265.5,False,12.0
2008-07-17 11:56:00,2008-07-17 13:19:00,1152.9603043704599,1160.9603043704599,target,2008-07-17 11:54:00,7.69,2008,AM,384.5,True,83.0
2008-07-18 11:25:00,2008-07-18 12:14:00,1163.066936212167,1158.066936212167,stop,2008-07-18 11:24:00,-5.31,2008,AM,-265.5,False,49.0
2008-07-22 11:37:00,2008-07-22 15:39:00,1163.6435752655907,1171.6435752655907,target,2008-07-22 11:36:00,7.69,2008,AM,384.5,True,242.0
2008-07-23 09:56:00,2008-07-23 10:20:00,1178.5875387939661,1186.5875387939661,target,2008-07-23 09:54:00,7.69,2008,AM,384.5,True,24.0
2008-07-23 11:31:00,2008-07-23 12:08:00,1186.0574589389694,1181.0574589389694,stop,2008-07-23 11:30:00,-5.31,2008,AM,-265.5,False,37.0
2008-07-30 09:59:00,2008-07-30 10:48:00,1173.45,1181.45,target,2008-07-30 09:57:00,7.69,2008,AM,384.5,True,49.0
2008-07-31 09:30:00,2008-07-31 09:51:00,1174.15,1182.15,target,2008-07-30 16:00:00,7.69,2008,AM,384.5,True,21.0
2008-07-31 10:35:00,2008-07-31 11:52:00,1181.840538244095,1176.840538244095,stop,2008-07-31 10:33:00,-5.31,2008,AM,-265.5,False,77.0
2008-08-06 09:30:00,2008-08-06 14:20:00,1179.68,1187.68,target,2008-08-05 16:00:00,7.69,2008,AM,384.5,True,290.0
2008-08-06 15:10:00,2008-08-06 15:59:00,1190.1378464935124,1189.37,eod,2008-08-06 15:09:00,-1.0778464935124794,2008,PM,-53.89232467562397,False,49.0
2008-08-11 11:22:00,2008-08-11 12:20:00,1198.7934946538653,1206.7934946538653,target,2008-08-11 11:21:00,7.69,2008,AM,384.5,True,58.0
2008-08-13 15:06:00,2008-08-13 15:33:00,1190.627824512207,1185.627824512207,stop,2008-08-13 15:06:00,-5.31,2008,PM,-265.5,False,27.0
2008-08-21 09:30:00,2008-08-21 10:21:00,1167.0,1175.0,target,2008-08-20 16:00:00,7.69,2008,AM,384.5,True,51.0
2008-08-21 15:00:00,2008-08-21 15:59:00,1180.0079827164877,1178.76,eod,2008-08-21 15:00:00,-1.5579827164877407,2008,PM,-77.89913582438703,False,59.0
2008-08-25 09:30:00,2008-08-25 10:49:00,1185.68,1180.68,stop,2008-08-22 16:00:00,-5.31,2008,AM,-265.5,False,79.0
2008-08-27 10:49:00,2008-08-27 15:59:00,1178.781828078825,1181.3,eod,2008-08-27 10:48:00,2.2081719211750532,2008,AM,110.40859605875266,True,310.0
2008-08-28 11:21:00,2008-08-28 15:59:00,1191.828931086457,1199.06,eod,2008-08-28 11:21:00,6.921068913542913,2008,AM,346.05344567714565,True,278.0
2008-09-08 09:54:00,2008-09-08 10:59:00,1168.0815488674893,1163.0815488674893,stop,2008-09-08 09:54:00,-5.31,2008,AM,-265.5,False,65.0
2008-09-09 09:31:00,2008-09-09 09:37:00,1168.0780812527262,1163.0780812527262,stop,2008-09-08 16:00:00,-5.31,2008,AM,-265.5,False,6.0
2008-09-12 11:30:00,2008-09-12 12:45:00,1154.2500773520646,1149.2500773520646,stop,2008-09-12 11:30:00,-5.31,2008,AM,-265.5,False,75.0
2008-09-18 10:39:00,2008-09-18 10:45:00,1108.1832965999458,1103.1832965999458,stop,2008-09-18 10:39:00,-5.31,2008,AM,-265.5,False,6.0
2008-09-25 11:47:00,2008-09-25 13:01:00,1140.4992923721854,1148.4992923721854,target,2008-09-25 11:45:00,7.69,2008,AM,384.5,True,74.0
2008-09-25 15:34:00,2008-09-25 15:46:00,1146.0618943768748,1141.0618943768748,stop,2008-09-25 15:33:00,-5.31,2008,PM,-265.5,False,12.0
2008-09-29 09:30:00,2008-09-29 09:36:00,1124.6,1119.6,stop,2008-09-26 16:00:00,-5.31,2008,AM,-265.5,False,6.0
2008-10-01 09:30:00,2008-10-01 09:36:00,1086.79,1081.79,stop,2008-09-30 16:00:00,-5.31,2008,AM,-265.5,False,6.0
2008-10-03 11:19:00,2008-10-03 11:51:00,1081.75462630598,1076.75462630598,stop,2008-10-03 11:18:00,-5.31,2008,AM,-265.5,False,32.0
2008-10-14 09:48:00,2008-10-14 09:53:00,966.6866799458968,961.6866799458968,stop,2008-10-14 09:48:00,-5.31,2008,AM,-265.5,False,5.0
2008-10-14 11:54:00,2008-10-14 12:02:00,952.190472375538,947.190472375538,stop,2008-10-14 11:54:00,-5.31,2008,AM,-265.5,False,8.0
2008-10-16 15:00:00,2008-10-16 15:05:00,855.0593976172096,863.0593976172096,target,2008-10-16 15:00:00,7.69,2008,PM,384.5,True,5.0
2008-10-17 11:13:00,2008-10-17 11:20:00,893.0404870181264,888.0404870181264,stop,2008-10-17 11:12:00,-5.31,2008,AM,-265.5,False,7.0
2008-10-29 15:32:00,2008-10-29 15:45:00,898.1757970411883,906.1757970411883,target,2008-10-29 15:30:00,7.69,2008,PM,384.5,True,13.0
2008-10-31 11:46:00,2008-10-31 12:15:00,904.0339612993704,899.0339612993704,stop,2008-10-31 11:45:00,-5.31,2008,AM,-265.5,False,29.0
2008-11-10 09:55:00,2008-11-10 10:49:00,884.7410499906683,879.7410499906683,stop,2008-11-10 09:54:00,-5.31,2008,AM,-265.5,False,54.0
2008-11-14 09:30:00,2008-11-14 09:43:00,836.41,844.41,target,2008-11-13 16:00:00,7.69,2008,AM,384.5,True,13.0
2008-11-25 10:13:00,2008-11-25 10:20:00,811.1595901888782,806.1595901888782,stop,2008-11-25 10:12:00,-5.31,2008,AM,-265.5,False,7.0
2008-11-26 11:33:00,2008-11-26 12:45:00,808.2849870964216,816.2849870964216,target,2008-11-26 11:33:00,7.69,2008,AM,384.5,True,72.0
2008-11-26 15:05:00,2008-11-26 15:15:00,824.7704578445109,832.7704578445109,target,2008-11-26 15:03:00,7.69,2008,PM,384.5,True,10.0
2008-11-28 09:30:00,2008-11-28 11:55:00,828.19,836.19,target,2008-11-27 11:30:00,7.69,2008,AM,384.5,True,145.0
2008-12-03 11:27:00,2008-12-03 12:09:00,807.01165703998,802.01165703998,stop,2008-12-03 11:27:00,-5.31,2008,AM,-265.5,False,42.0
2008-12-04 09:59:00,2008-12-04 10:14:00,814.6392825310752,809.6392825310752,stop,2008-12-04 09:57:00,-5.31,2008,AM,-265.5,False,15.0
2008-12-05 15:03:00,2008-12-05 15:16:00,807.3443892647038,815.3443892647038,target,2008-12-05 15:03:00,7.69,2008,PM,384.5,True,13.0
2008-12-08 11:06:00,2008-12-08 11:41:00,853.5839616681662,848.5839616681662,stop,2008-12-08 11:06:00,-5.31,2008,AM,-265.5,False,35.0
2008-12-10 10:39:00,2008-12-10 10:46:00,845.9517011515067,840.9517011515067,stop,2008-12-10 10:39:00,-5.31,2008,AM,-265.5,False,7.0
2008-12-10 11:58:00,2008-12-10 12:31:00,848.405398780767,843.405398780767,stop,2008-12-10 11:57:00,-5.31,2008,AM,-265.5,False,33.0
2008-12-17 11:06:00,2008-12-17 12:53:00,850.5799122357105,858.5799122357105,target,2008-12-17 11:06:00,7.69,2008,AM,384.5,True,107.0
2008-12-26 09:51:00,2008-12-26 12:51:00,817.5653498170375,812.5653498170375,stop,2008-12-26 09:51:00,-5.31,2008,AM,-265.5,False,180.0
2008-12-26 15:01:00,2008-12-26 15:59:00,816.0349404362009,817.58,eod,2008-12-26 15:00:00,1.2350595637991,2008,PM,61.752978189955,True,58.0
2008-12-30 09:57:00,2008-12-30 11:41:00,820.1369698449948,828.1369698449948,target,2008-12-30 09:57:00,7.69,2008,AM,384.5,True,104.0
2008-12-31 10:33:00,2008-12-31 14:01:00,842.3027485753645,850.3027485753645,target,2008-12-31 10:33:00,7.69,2008,AM,384.5,True,208.0
2009-01-02 11:13:00,2009-01-02 13:26:00,858.5897079954511,866.5897079954511,target,2009-01-02 11:12:00,7.69,2009,AM,384.5,True,133.0
2009-01-02 15:12:00,2009-01-02 15:59:00,872.4783529979013,874.32,eod,2009-01-02 15:12:00,1.531647002098739,2009,PM,76.58235010493695,True,47.0
2009-01-06 15:04:00,2009-01-06 15:18:00,883.0588591651899,878.0588591651899,stop,2009-01-06 15:03:00,-5.31,2009,PM,-265.5,False,14.0
2009-01-09 09:34:00,2009-01-09 09:41:00,852.504883877504,847.504883877504,stop,2009-01-09 09:33:00,-5.31,2009,AM,-265.5,False,7.0
2009-01-13 11:11:00,2009-01-13 13:22:00,818.9728964623014,813.9728964623014,stop,2009-01-13 11:09:00,-5.31,2009,AM,-265.5,False,131.0
2009-01-16 15:21:00,2009-01-16 15:59:00,796.9507271438616,797.81,eod,2009-01-16 15:21:00,0.5492728561383182,2009,PM,27.46364280691591,True,38.0
2009-01-21 15:24:00,2009-01-21 15:55:00,778.7688023183888,786.7688023183888,target,2009-01-21 15:24:00,7.69,2009,PM,384.5,True,31.0
2009-01-22 09:30:00,2009-01-22 11:00:00,772.15,767.15,stop,2009-01-21 16:00:00,-5.31,2009,AM,-265.5,False,90.0
2009-01-26 10:36:00,2009-01-26 11:19:00,797.1792844982617,792.1792844982617,stop,2009-01-26 10:36:00,-5.31,2009,AM,-265.5,False,43.0
2009-01-27 09:57:00,2009-01-27 10:05:00,791.6797355111412,786.6797355111412,stop,2009-01-27 09:57:00,-5.31,2009,AM,-265.5,False,8.0
2009-01-27 11:34:00,2009-01-27 15:59:00,791.6069682978023,794.04,eod,2009-01-27 11:33:00,2.123031702197695,2009,AM,106.15158510988476,True,265.0
2009-01-28 10:52:00,2009-01-28 13:45:00,812.1052382392609,820.1052382392609,target,2009-01-28 10:51:00,7.69,2009,AM,384.5,True,173.0
2009-02-03 11:17:00,2009-02-03 15:09:00,778.448216961126,786.448216961126,target,2009-02-03 11:15:00,7.69,2009,AM,384.5,True,232.0
2009-02-03 15:34:00,2009-02-03 15:59:00,788.2640029233987,786.51,eod,2009-02-03 15:33:00,-2.06400292339873,2009,PM,-103.20014616993649,False,25.0
2009-02-04 10:25:00,2009-02-04 12:54:00,796.005914665521,791.005914665521,stop,2009-02-04 10:24:00,-5.31,2009,AM,-265.5,False,149.0
2009-02-06 11:21:00,2009-02-06 13:34:00,809.6402380716332,817.6402380716332,target,2009-02-06 11:21:00,7.69,2009,AM,384.5,True,133.0
2009-02-13 10:47:00,2009-02-13 11:20:00,786.2598837053258,781.2598837053258,stop,2009-02-13 10:45:00,-5.31,2009,AM,-265.5,False,33.0
2009-02-24 15:28:00,2009-02-24 15:59:00,726.6357097575752,726.01,eod,2009-02-24 15:27:00,-0.9357097575752369,2009,PM,-46.78548787876184,False,31.0
2009-03-04 15:04:00,2009-03-04 15:57:00,675.6395860098448,670.6395860098448,stop,2009-03-04 15:03:00,-5.31,2009,PM,-265.5,False,53.0
2009-03-10 15:43:00,2009-03-10 15:59:00,672.7717334317805,674.92,eod,2009-03-10 15:42:00,1.8382665682194692,2009,PM,91.91332841097346,True,16.0
2009-03-11 10:08:00,2009-03-11 11:34:00,685.1085643118594,680.1085643118594,stop,2009-03-11 10:06:00,-5.31,2009,AM,-265.5,False,86.0
2009-03-16 09:57:00,2009-03-16 11:25:00,722.5607194739491,730.5607194739491,target,2009-03-16 09:57:00,7.69,2009,AM,384.5,True,88.0
2009-03-16 11:42:00,2009-03-16 14:58:00,728.521467566006,723.521467566006,stop,2009-03-16 11:42:00,-5.31,2009,AM,-265.5,False,196.0
2009-03-17 15:00:00,2009-03-17 15:57:00,726.1251124084364,734.1251124084364,target,2009-03-17 15:00:00,7.69,2009,PM,384.5,True,57.0
2009-03-18 09:30:00,2009-03-18 10:21:00,731.84,726.84,stop,2009-03-17 16:00:00,-5.31,2009,AM,-265.5,False,51.0
2009-03-18 11:16:00,2009-03-18 13:41:00,730.1820446224593,738.1820446224593,target,2009-03-18 11:15:00,7.69,2009,AM,384.5,True,145.0
2009-03-18 15:03:00,2009-03-18 15:19:00,755.53727256512,750.53727256512,stop,2009-03-18 15:03:00,-5.31,2009,PM,-265.5,False,16.0
2009-03-23 15:36:00,2009-03-23 15:50:00,767.786502889033,775.786502889033,target,2009-03-23 15:36:00,7.69,2009,PM,384.5,True,14.0
2009-03-24 11:45:00,2009-03-24 15:50:00,772.5804158178437,767.5804158178437,stop,2009-03-24 11:45:00,-5.31,2009,AM,-265.5,False,245.0
2009-03-31 10:52:00,2009-03-31 14:09:00,754.508116061657,762.508116061657,target,2009-03-31 10:51:00,7.69,2009,AM,384.5,True,197.0
2009-04-06 15:25:00,2009-04-06 15:59:00,786.3944397279637,791.3,eod,2009-04-06 15:24:00,4.595560272036269,2009,PM,229.77801360181346,True,34.0
2009-04-09 15:01:00,2009-04-09 15:59:00,807.3305239365518,810.56,eod,2009-04-09 15:00:00,2.9194760634481463,2009,PM,145.97380317240732,True,58.0
2009-04-16 15:28:00,2009-04-16 15:59:00,822.1358847871826,818.89,eod,2009-04-16 15:27:00,-3.555884787182604,2009,PM,-177.7942393591302,False,31.0
2009-04-17 11:58:00,2009-04-17 14:38:00,820.6321213291683,828.6321213291683,target,2009-04-17 11:57:00,7.69,2009,AM,384.5,True,160.0
2009-04-17 15:19:00,2009-04-17 15:59:00,826.6635588742442,822.93,eod,2009-04-17 15:18:00,-4.043558874244295,2009,PM,-202.17794371221473,False,40.0
2009-04-22 09:30:00,2009-04-22 10:06:00,797.48,805.48,target,2009-04-21 16:00:00,7.69,2009,AM,384.5,True,36.0
2009-04-22 10:45:00,2009-04-22 12:52:00,810.1341569332691,805.1341569332691,stop,2009-04-22 10:45:00,-5.31,2009,AM,-265.5,False,127.0
2009-05-05 09:43:00,2009-05-05 10:38:00,857.919689984433,852.919689984433,stop,2009-05-05 09:42:00,-5.31,2009,AM,-265.5,False,55.0
2009-05-05 11:53:00,2009-05-05 15:59:00,854.794722702913,856.23,eod,2009-05-05 11:51:00,1.1252772970870546,2009,AM,56.26386485435273,True,246.0
2009-05-07 09:47:00,2009-05-07 10:06:00,876.5824286096954,871.5824286096954,stop,2009-05-07 09:45:00,-5.31,2009,AM,-265.5,False,19.0
2009-05-14 11:34:00,2009-05-14 15:59:00,845.9086967970269,846.95,eod,2009-05-14 11:33:00,0.7313032029731539,2009,AM,36.5651601486577,True,265.0
2009-05-18 11:08:00,2009-05-18 15:47:00,852.3542669911593,860.3542669911593,target,2009-05-18 11:06:00,7.69,2009,AM,384.5,True,279.0
2009-05-19 09:33:00,2009-05-19 10:37:00,861.5443700168963,869.5443700168963,target,2009-05-19 09:33:00,7.69,2009,AM,384.5,True,64.0
2009-05-19 10:49:00,2009-05-19 15:57:00,866.9428498781343,861.9428498781343,stop,2009-05-19 10:48:00,-5.31,2009,AM,-265.5,False,308.0
2009-05-22 10:32:00,2009-05-22 15:59:00,845.5324723385523,842.67,eod,2009-05-22 10:30:00,-3.1724723385523794,2009,AM,-158.62361692761897,False,327.0
2009-05-29 10:44:00,2009-05-29 11:30:00,865.0483518913655,860.0483518913655,stop,2009-05-29 10:42:00,-5.31,2009,AM,-265.5,False,46.0
2009-06-01 10:29:00,2009-06-01 15:59:00,893.8794830656575,896.66,eod,2009-06-01 10:27:00,2.470516934342472,2009,AM,123.52584671712361,True,330.0
2009-06-02 10:14:00,2009-06-02 12:28:00,898.9606273183764,893.9606273183764,stop,2009-06-02 10:12:00,-5.31,2009,AM,-265.5,False,134.0
2009-06-04 11:12:00,2009-06-04 15:59:00,890.3157898374636,895.0,eod,2009-06-04 11:12:00,4.374210162536374,2009,AM,218.71050812681872,True,287.0
2009-06-05 09:46:00,2009-06-05 09:49:00,900.550412289304,895.550412289304,stop,2009-06-05 09:45:00,-5.31,2009,AM,-265.5,False,3.0
2009-06-11 11:34:00,2009-06-11 13:30:00,901.8086230983384,909.8086230983384,target,2009-06-11 11:33:00,7.69,2009,AM,384.5,True,116.0
2009-06-18 15:21:00,2009-06-18 15:59:00,876.968588679001,875.11,eod,2009-06-18 15:21:00,-2.1685886790009454,2009,PM,-108.42943395004727,False,38.0
2009-06-26 15:17:00,2009-06-26 15:59:00,875.555505512077,875.11,eod,2009-06-26 15:15:00,-0.755505512077034,2009,PM,-37.775275603851696,False,42.0
2009-06-29 15:30:00,2009-06-29 15:59:00,883.662418408875,883.73,eod,2009-06-29 15:30:00,-0.24241840887503713,2009,PM,-12.120920443751857,False,29.0
2009-07-07 09:30:00,2009-07-07 10:15:00,854.2295801115158,849.2295801115158,stop,2009-07-06 16:00:00,-5.31,2009,AM,-265.5,False,45.0
2009-07-09 10:19:00,2009-07-09 15:59:00,841.7405865858295,840.64,eod,2009-07-09 10:18:00,-1.4105865858295465,2009,AM,-70.52932929147732,False,340.0
2009-07-13 09:41:00,2009-07-13 10:07:00,839.6067636085536,834.6067636085536,stop,2009-07-13 09:39:00,-5.31,2009,AM,-265.5,False,26.0
2009-07-15 10:40:00,2009-07-15 14:24:00,879.0825769899864,887.0825769899864,target,2009-07-15 10:39:00,7.69,2009,AM,384.5,True,224.0
2009-07-15 15:14:00,2009-07-15 15:59:00,889.0133214212037,889.95,eod,2009-07-15 15:12:00,0.626678578796318,2009,PM,31.3339289398159,True,45.0
2009-07-16 15:05:00,2009-07-16 15:59:00,895.7134704404206,896.89,eod,2009-07-16 15:03:00,0.8665295595794213,2009,PM,43.32647797897107,True,54.0
2009-07-17 10:42:00,2009-07-17 15:59:00,895.6690024755743,897.13,eod,2009-07-17 10:42:00,1.150997524425693,2009,AM,57.54987622128465,True,317.0
2009-07-20 10:08:00,2009-07-20 10:36:00,902.7639241021334,897.7639241021334,stop,2009-07-20 10:06:00,-5.31,2009,AM,-265.5,False,28.0
2009-07-20 11:41:00,2009-07-20 15:59:00,900.7273596211701,906.46,eod,2009-07-20 11:39:00,5.422640378829956,2009,AM,271.1320189414978,True,258.0
2009-07-21 09:44:00,2009-07-21 11:48:00,909.533142921365,904.533142921365,stop,2009-07-21 09:42:00,-5.31,2009,AM,-265.5,False,124.0
2009-07-21 15:09:00,2009-07-21 15:59:00,905.5233588978272,909.82,eod,2009-07-21 15:09:00,3.9866411021728845,2009,PM,199.33205510864423,True,50.0
2009-07-22 09:30:00,2009-07-22 10:00:00,905.03,913.03,target,2009-07-21 16:00:00,7.69,2009,AM,384.5,True,30.0
2009-07-22 10:12:00,2009-07-22 15:59:00,911.3243518053514,910.29,eod,2009-07-22 10:12:00,-1.3443518053514345,2009,AM,-67.21759026757172,False,347.0
2009-07-27 15:04:00,2009-07-27 15:59:00,935.3283915534538,936.86,eod,2009-07-27 15:03:00,1.2216084465462154,2009,PM,61.08042232731077,True,55.0
2009-08-04 11:22:00,2009-08-04 15:59:00,956.7454889734835,958.88,eod,2009-08-04 11:21:00,1.8245110265165203,2009,AM,91.22555132582602,True,277.0
2009-08-05 15:04:00,2009-08-05 15:59:00,958.0641713166888,957.69,eod,2009-08-05 15:03:00,-0.6841713166887167,2009,PM,-34.20856583443583,False,55.0
2009-08-06 09:44:00,2009-08-06 10:00:00,959.8152435324054,954.8152435324054,stop,2009-08-06 09:42:00,-5.31,2009,AM,-265.5,False,16.0
2009-08-07 11:18:00,2009-08-07 15:59:00,967.5049716423148,964.87,eod,2009-08-07 11:18:00,-2.944971642314781,2009,AM,-147.24858211573905,False,281.0
2009-08-12 10:31:00,2009-08-12 15:59:00,960.6794066394965,961.52,eod,2009-08-12 10:30:00,0.530593360503476,2009,AM,26.5296680251738,True,328.0
2009-08-17 09:30:00,2009-08-17 09:45:00,942.37,937.37,stop,2009-08-14 16:00:00,-5.31,2009,AM,-265.5,False,15.0
2009-08-18 10:36:00,2009-08-18 15:59:00,940.8315338391653,944.76,eod,2009-08-18 10:36:00,3.6184661608346596,2009,AM,180.92330804173298,True,323.0
2009-08-20 10:05:00,2009-08-20 15:59:00,957.6449286965151,963.43,eod,2009-08-20 10:03:00,5.47507130348487,2009,AM,273.7535651742435,True,354.0
2009-08-21 15:36:00,2009-08-21 15:59:00,981.8296890765284,980.67,eod,2009-08-21 15:36:00,-1.4696890765284798,2009,PM,-73.48445382642399,False,23.0
2009-08-24 09:52:00,2009-08-24 13:24:00,985.5504260725908,980.5504260725908,stop,2009-08-24 09:51:00,-5.31,2009,AM,-265.5,False,212.0
2009-08-28 09:44:00,2009-08-28 10:28:00,989.1855529353525,984.1855529353525,stop,2009-08-28 09:42:00,-5.31,2009,AM,-265.5,False,44.0
2009-09-01 10:00:00,2009-09-01 11:00:00,978.8059490130249,973.8059490130249,stop,2009-09-01 10:00:00,-5.31,2009,AM,-265.5,False,60.0
2009-09-04 10:54:00,2009-09-04 13:22:00,963.6127389094856,971.6127389094856,target,2009-09-04 10:54:00,7.69,2009,AM,384.5,True,148.0
2009-09-04 15:07:00,2009-09-04 15:59:00,971.0853443440178,973.01,eod,2009-09-04 15:06:00,1.6146556559821783,2009,PM,80.73278279910892,True,52.0
2009-09-07 11:15:00,2009-09-07 11:30:00,978.7433734694275,978.27,eod,2009-09-07 11:15:00,-0.7833734694275427,2009,AM,-39.16867347137713,False,15.0
2009-09-08 10:45:00,2009-09-08 15:59:00,980.2008730201259,981.15,eod,2009-09-08 10:45:00,0.6391269798741086,2009,AM,31.95634899370543,True,314.0
2009-09-09 10:24:00,2009-09-09 15:59:00,985.1028085119016,988.09,eod,2009-09-09 10:24:00,2.6771914880984604,2009,AM,133.85957440492302,True,335.0
2009-09-10 11:15:00,2009-09-10 15:59:00,991.8971731472935,999.1,eod,2009-09-10 11:15:00,6.892826852706494,2009,AM,344.6413426353247,True,284.0
2009-09-15 09:47:00,2009-09-15 10:03:00,1005.2073120494911,1000.2073120494911,stop,2009-09-15 09:45:00,-5.31,2009,AM,-265.5,False,16.0
2009-09-16 10:21:00,2009-09-16 12:07:00,1011.3188517114849,1019.3188517114849,target,2009-09-16 10:21:00,7.69,2009,AM,384.5,True,106.0
2009-09-17 09:30:00,2009-09-17 10:00:00,1021.74,1029.74,target,2009-09-16 16:00:00,7.69,2009,AM,384.5,True,30.0
2009-09-17 10:05:00,2009-09-17 12:19:00,1025.286603643159,1020.286603643159,stop,2009-09-17 10:03:00,-5.31,2009,AM,-265.5,False,134.0
2009-09-18 09:42:00,2009-09-18 15:59:00,1023.0762407536139,1023.19,eod,2009-09-18 09:42:00,-0.19624075361383347,2009,AM,-9.812037680691674,False,377.0
2009-09-22 09:47:00,2009-09-22 15:59:00,1022.5307954740869,1025.59,eod,2009-09-22 09:45:00,2.74920452591306,2009,AM,137.460226295653,True,372.0
2009-09-28 11:59:00,2009-09-28 15:59:00,1017.2156992169719,1017.42,eod,2009-09-28 11:57:00,-0.10569921697191148,2009,AM,-5.284960848595574,False,240.0
2009-09-29 09:49:00,2009-09-29 10:02:00,1020.486399267889,1015.486399267889,stop,2009-09-29 09:48:00,-5.31,2009,AM,-265.5,False,13.0
2009-10-05 15:15:00,2009-10-05 15:59:00,997.0390190975049,996.02,eod,2009-10-05 15:15:00,-1.3290190975049518,2009,PM,-66.45095487524759,False,44.0
2009-10-06 11:26:00,2009-10-06 13:42:00,1013.7844448896187,1008.7844448896187,stop,2009-10-06 11:24:00,-5.31,2009,AM,-265.5,False,136.0
2009-10-08 10:58:00,2009-10-08 15:59:00,1021.0977922968534,1020.54,eod,2009-10-08 10:57:00,-0.8677922968534495,2009,AM,-43.38961484267247,False,301.0
2009-10-09 10:17:00,2009-10-09 15:59:00,1022.9141415772243,1026.55,eod,2009-10-09 10:15:00,3.325858422775641,2009,AM,166.29292113878205,True,342.0
2009-10-12 10:12:00,2009-10-12 14:21:00,1033.761209805503,1028.761209805503,stop,2009-10-12 10:12:00,-5.31,2009,AM,-265.5,False,249.0
2009-10-13 15:35:00,2009-10-13 15:59:00,1029.4849585423485,1029.2,eod,2009-10-13 15:33:00,-0.5949585423484769,2009,PM,-29.747927117423846,False,24.0
2009-10-14 10:03:00,2009-10-14 15:27:00,1038.0633126838898,1046.0633126838898,target,2009-10-14 10:03:00,7.69,2009,AM,384.5,True,324.0
2009-10-16 15:44:00,2009-10-16 15:59:00,1044.4107753624432,1041.7,eod,2009-10-16 15:42:00,-3.0207753624432008,2009,PM,-151.03876812216004,False,15.0
2009-10-19 11:06:00,2009-10-19 15:59:00,1049.197065983421,1051.55,eod,2009-10-19 11:06:00,2.0429340165789562,2009,AM,102.14670082894781,True,293.0
2009-10-21 10:25:00,2009-10-21 15:21:00,1052.3506566298856,1047.3506566298856,stop,2009-10-21 10:24:00,-5.31,2009,AM,-265.5,False,296.0
2009-10-22 15:33:00,2009-10-22 15:59:00,1048.4403688825494,1047.23,eod,2009-10-22 15:33:00,-1.5203688825493464,2009,PM,-76.01844412746732,False,26.0
2009-10-29 15:17:00,2009-10-29 15:59:00,1021.7598351946995,1021.74,eod,2009-10-29 15:15:00,-0.3298351946994535,2009,PM,-16.491759734972675,False,42.0
2009-11-04 10:00:00,2009-11-04 10:31:00,1008.5529405584646,1016.5529405584646,target,2009-11-04 10:00:00,7.69,2009,AM,384.5,True,31.0
2009-11-05 15:04:00,2009-11-05 15:59:00,1020.647984747043,1022.46,eod,2009-11-05 15:03:00,1.5020152529570532,2009,PM,75.10076264785266,True,55.0
2009-11-06 10:08:00,2009-11-06 10:30:00,1024.905394592446,1019.9053945924461,stop,2009-11-06 10:06:00,-5.31,2009,AM,-265.5,False,22.0
2009-11-09 10:25:00,2009-11-09 14:34:00,1038.2861412761508,1046.2861412761508,target,2009-11-09 10:24:00,7.69,2009,AM,384.5,True,249.0
2009-11-09 15:05:00,2009-11-09 15:59:00,1046.7569518666942,1048.43,eod,2009-11-09 15:03:00,1.3630481333058833,2009,PM,68.15240666529417,True,54.0
2009-11-10 09:30:00,2009-11-10 15:59:00,1046.75,1048.67,eod,2009-11-09 16:00:00,1.6100000000000727,2009,AM,80.50000000000364,True,389.0
2009-11-11 09:46:00,2009-11-11 15:59:00,1053.2941439331762,1053.96,eod,2009-11-11 09:45:00,0.35585606682383514,2009,AM,17.792803341191757,True,373.0
2009-11-12 10:06:00,2009-11-12 11:11:00,1055.258430416388,1050.258430416388,stop,2009-11-12 10:06:00,-5.31,2009,AM,-265.5,False,65.0
2009-11-17 15:36:00,2009-11-17 15:59:00,1064.5501698665698,1065.98,eod,2009-11-17 15:36:00,1.1198301334301868,2009,PM,55.99150667150934,True,23.0
2009-11-19 09:30:00,2009-11-19 09:37:00,1058.29,1053.29,stop,2009-11-18 16:00:00,-5.31,2009,AM,-265.5,False,7.0
2009-11-24 15:01:00,2009-11-24 15:59:00,1062.8875317772915,1061.89,eod,2009-11-24 15:00:00,-1.3075317772914423,2009,PM,-65.37658886457211,False,58.0
2009-11-25 10:13:00,2009-11-25 15:59:00,1063.6493613567618,1066.7,eod,2009-11-25 10:12:00,2.740638643238244,2009,AM,137.0319321619122,True,346.0
2009-11-27 11:57:00,2009-11-27 13:02:00,1052.6469539319728,1047.6469539319728,stop,2009-11-27 11:57:00,-5.31,2009,AM,-265.5,False,65.0
2009-12-01 10:00:00,2009-12-01 15:59:00,1063.1025326845815,1065.26,eod,2009-12-01 10:00:00,1.8474673154184438,2009,AM,92.37336577092219,True,359.0
2009-12-02 10:30:00,2009-12-02 11:15:00,1070.4242114363794,1065.4242114363794,stop,2009-12-02 10:30:00,-5.31,2009,AM,-265.5,False,45.0
2009-12-03 09:54:00,2009-12-03 10:15:00,1070.55,1065.55,stop,2009-12-03 09:54:00,-5.31,2009,AM,-265.5,False,21.0
2009-12-03 11:30:00,2009-12-03 15:39:00,1067.2210884934257,1062.2210884934257,stop,2009-12-03 11:30:00,-5.31,2009,AM,-265.5,False,249.0
2009-12-07 10:02:00,2009-12-07 14:35:00,1065.7415723460895,1060.7415723460895,stop,2009-12-07 10:00:00,-5.31,2009,AM,-265.5,False,273.0
2009-12-10 09:57:00,2009-12-10 15:59:00,1060.5400852474304,1059.25,eod,2009-12-10 09:57:00,-1.6000852474303975,2009,AM,-80.00426237151987,False,362.0
2009-12-11 15:40:00,2009-12-11 15:59:00,1064.5342679277383,1063.82,eod,2009-12-11 15:39:00,-1.0242679277383195,2009,PM,-51.213396386915974,False,19.0
2009-12-14 09:58:00,2009-12-14 15:59:00,1068.443189743356,1071.27,eod,2009-12-14 09:57:00,2.5168102566439665,2009,AM,125.84051283219833,True,361.0
2009-12-21 10:28:00,2009-12-21 15:59:00,1072.329476721111,1071.27,eod,2009-12-21 10:27:00,-1.3694767211109684,2009,AM,-68.47383605554842,False,331.0
2009-12-23 09:45:00,2009-12-23 15:59:00,1076.9969238239958,1078.51,eod,2009-12-23 09:45:00,1.2030761760042332,2009,AM,60.153808800211664,True,374.0
2009-12-28 09:58:00,2009-12-28 14:19:00,1086.1891465219092,1081.1891465219092,stop,2009-12-28 09:57:00,-5.31,2009,AM,-265.5,False,261.0
2009-12-31 09:40:00,2009-12-31 15:37:00,1083.7304799909598,1078.7304799909598,stop,2009-12-31 09:39:00,-5.31,2009,AM,-265.5,False,357.0
2010-01-04 11:58:00,2010-01-04 15:59:00,1090.119443154936,1089.62,eod,2010-01-04 11:57:00,-0.8094431549362162,2010,AM,-40.47215774681081,False,241.0
2010-01-06 11:27:00,2010-01-06 15:59:00,1094.4951856578493,1093.96,eod,2010-01-06 11:27:00,-0.8451856578492971,2010,AM,-42.25928289246485,False,272.0
2010-01-11 09:51:00,2010-01-11 15:59:00,1103.7157266944973,1104.1,eod,2010-01-11 09:51:00,0.07427330550257466,2010,AM,3.713665275128733,True,368.0
2010-01-13 15:03:00,2010-01-13 15:59:00,1102.236693529779,1103.14,eod,2010-01-13 15:03:00,0.5933064702211959,2010,PM,29.665323511059793,True,56.0
2010-01-14 10:19:00,2010-01-14 15:59:00,1104.341617341406,1105.55,eod,2010-01-14 10:18:00,0.8983826585940187,2010,AM,44.919132929700936,True,340.0
2010-01-19 15:42:00,2010-01-19 15:59:00,1106.3946768572766,1107.24,eod,2010-01-19 15:42:00,0.5353231427233731,2010,PM,26.766157136168655,True,17.0
2010-01-28 09:37:00,2010-01-28 10:02:00,1056.8044590177167,1051.8044590177167,stop,2010-01-28 09:36:00,-5.31,2010,AM,-265.5,False,25.0
2010-01-28 15:14:00,2010-01-28 15:59:00,1047.1214742586922,1044.95,eod,2010-01-28 15:12:00,-2.481474258692115,2010,PM,-124.07371293460574,False,45.0
2010-02-01 11:36:00,2010-02-01 15:59:00,1045.1116919818035,1048.57,eod,2010-02-01 11:36:00,3.148308018196476,2010,AM,157.4154009098238,True,263.0
2010-02-02 09:42:00,2010-02-02 10:32:00,1048.6577462295932,1056.6577462295932,target,2010-02-02 09:42:00,7.69,2010,AM,384.5,True,50.0
2010-02-02 10:56:00,2010-02-02 15:19:00,1055.4789648944147,1063.4789648944147,target,2010-02-02 10:54:00,7.69,2010,AM,384.5,True,263.0
2010-02-02 15:26:00,2010-02-02 15:59:00,1061.5587699187554,1062.57,eod,2010-02-02 15:24:00,0.7012300812445482,2010,PM,35.061504062227414,True,33.0
2010-02-08 11:16:00,2010-02-08 13:17:00,1029.2840918975467,1024.2840918975467,stop,2010-02-08 11:15:00,-5.31,2010,AM,-265.5,False,121.0
2010-02-09 15:38:00,2010-02-09 15:53:00,1034.0207163902664,1029.0207163902664,stop,2010-02-09 15:36:00,-5.31,2010,PM,-265.5,False,15.0
2010-02-15 10:13:00,2010-02-15 11:29:00,1040.1190573670792,1039.16,eod,2010-02-15 10:12:00,-1.26905736707914,2010,AM,-63.452868353957,False,76.0
2010-02-16 10:52:00,2010-02-16 15:42:00,1047.587188272917,1055.587188272917,target,2010-02-16 10:51:00,7.69,2010,AM,384.5,True,290.0
2010-02-18 10:07:00,2010-02-18 15:59:00,1061.9590738876886,1067.16,eod,2010-02-18 10:06:00,4.890926112311436,2010,AM,244.5463056155718,True,352.0
2010-02-19 10:57:00,2010-02-19 15:59:00,1065.8872076426446,1069.09,eod,2010-02-19 10:57:00,2.8927923573552925,2010,AM,144.63961786776463,True,302.0
2010-02-22 15:00:00,2010-02-22 15:59:00,1070.9552850245059,1068.13,eod,2010-02-22 15:00:00,-3.1352850245057744,2010,PM,-156.76425122528872,False,59.0
2010-02-25 09:30:00,2010-02-25 13:59:00,1050.26,1058.26,target,2010-02-24 16:00:00,7.69,2010,AM,384.5,True,269.0
2010-02-25 15:39:00,2010-02-25 15:59:00,1061.9209391469237,1063.78,eod,2010-02-25 15:39:00,1.5490608530762437,2010,PM,77.45304265381219,True,20.0
2010-02-26 10:34:00,2010-02-26 15:59:00,1064.1728806536894,1066.68,eod,2010-02-26 10:33:00,2.1971193463106737,2010,AM,109.85596731553369,True,325.0
2010-03-02 09:51:00,2010-03-02 15:59:00,1079.6703246465356,1078.51,eod,2010-03-02 09:51:00,-1.4703246465356279,2010,AM,-73.51623232678139,False,368.0
2010-03-03 11:11:00,2010-03-03 14:26:00,1085.1423897016896,1080.1423897016896,stop,2010-03-03 11:09:00,-5.31,2010,AM,-265.5,False,195.0
2010-03-05 10:40:00,2010-03-05 15:59:00,1093.7381676563473,1098.55,eod,2010-03-05 10:39:00,4.501832343652668,2010,AM,225.09161718263343,True,319.0
2010-03-08 09:46:00,2010-03-08 15:59:00,1099.9256879711893,1098.55,eod,2010-03-08 09:45:00,-1.6856879711893362,2010,AM,-84.28439855946681,False,373.0
2010-03-11 15:36:00,2010-03-11 15:59:00,1107.7933424086712,1110.14,eod,2010-03-11 15:36:00,2.036657591328949,2010,PM,101.83287956644745,True,23.0
2010-03-16 11:32:00,2010-03-16 15:59:00,1117.3939232525483,1120.8,eod,2010-03-16 11:30:00,3.096076747451607,2010,AM,154.80383737258035,True,267.0
2010-03-17 10:12:00,2010-03-17 15:59:00,1125.5282581412941,1126.63,eod,2010-03-17 10:12:00,0.7917418587059637,2010,AM,39.58709293529819,True,347.0
2010-03-18 15:12:00,2010-03-18 15:59:00,1125.2122934973816,1126.63,eod,2010-03-18 15:12:00,1.1077065026185573,2010,PM,55.38532513092787,True,47.0
2010-03-19 09:41:00,2010-03-19 10:22:00,1127.6684749823169,1122.6684749823169,stop,2010-03-19 09:39:00,-5.31,2010,AM,-265.5,False,41.0
2010-03-24 09:30:00,2010-03-24 15:59:00,1130.51,1129.29,eod,2010-03-23 16:00:00,-1.5300000000000273,2010,AM,-76.50000000000136,False,389.0
2010-03-29 11:20:00,2010-03-29 15:59:00,1134.0432101707008,1134.15,eod,2010-03-29 11:18:00,-0.2032101707007405,2010,AM,-10.160508535037025,False,279.0
2010-03-30 10:11:00,2010-03-30 11:05:00,1137.3402641745217,1132.3402641745217,stop,2010-03-30 10:09:00,-5.31,2010,AM,-265.5,False,54.0
2010-04-08 15:06:00,2010-04-08 15:59:00,1148.876137639028,1147.97,eod,2010-04-08 15:06:00,-1.2161376390279748,2010,PM,-60.806881951398736,False,53.0
2010-04-09 09:44:00,2010-04-09 15:59:00,1149.7163421836544,1155.5,eod,2010-04-09 09:42:00,5.473657816345567,2010,AM,273.68289081727835,True,375.0
2010-04-12 09:53:00,2010-04-12 15:59:00,1157.5102730251324,1157.68,eod,2010-04-12 09:51:00,-0.14027302513232826,2010,AM,-7.013651256616413,False,366.0
2010-04-13 15:36:00,2010-04-13 15:59:00,1158.92029729303,1158.41,eod,2010-04-13 15:36:00,-0.8202972930299075,2010,PM,-41.01486465149537,False,23.0
2010-04-15 10:30:00,2010-04-15 15:59:00,1171.356870388063,1172.23,eod,2010-04-15 10:30:00,0.5631296119369744,2010,AM,28.15648059684872,True,329.0
2010-04-20 10:05:00,2010-04-20 15:59:00,1163.9877031909414,1167.63,eod,2010-04-20 10:03:00,3.3322968090587346,2010,AM,166.61484045293673,True,354.0
2010-04-21 10:00:00,2010-04-21 11:25:00,1170.3373371867897,1165.3373371867897,stop,2010-04-21 10:00:00,-5.31,2010,AM,-265.5,False,85.0
2010-04-22 15:00:00,2010-04-22 15:59:00,1165.9665655388185,1170.05,eod,2010-04-22 15:00:00,3.7734344611814685,2010,PM,188.67172305907343,True,59.0
2010-04-23 10:20:00,2010-04-23 11:33:00,1171.5756614135296,1166.5756614135296,stop,2010-04-23 10:18:00,-5.31,2010,AM,-265.5,False,73.0
2010-04-23 15:06:00,2010-04-23 15:59:00,1174.5135046485352,1177.57,eod,2010-04-23 15:06:00,2.7464953514647186,2010,PM,137.32476757323593,True,53.0
2010-04-26 11:20:00,2010-04-26 15:10:00,1179.3896777965551,1174.3896777965551,stop,2010-04-26 11:18:00,-5.31,2010,AM,-265.5,False,230.0
2010-04-29 10:00:00,2010-04-29 12:42:00,1161.32,1169.32,target,2010-04-29 10:00:00,7.69,2010,AM,384.5,True,162.0
2010-05-11 09:30:00,2010-05-11 10:22:00,1112.07,1120.07,target,2010-05-10 16:00:00,7.69,2010,AM,384.5,True,52.0
2010-05-11 11:49:00,2010-05-11 13:43:00,1123.7295112644108,1131.7295112644108,target,2010-05-11 11:48:00,7.69,2010,AM,384.5,True,114.0
2010-05-13 10:26:00,2010-05-13 14:55:00,1133.5418833507636,1128.5418833507636,stop,2010-05-13 10:24:00,-5.31,2010,AM,-265.5,False,269.0
2010-05-18 09:57:00,2010-05-18 10:42:00,1109.5837118466927,1104.5837118466927,stop,2010-05-18 09:57:00,-5.31,2010,AM,-265.5,False,45.0
2010-05-24 10:46:00,2010-05-24 14:49:00,1052.3493269573514,1047.3493269573514,stop,2010-05-24 10:45:00,-5.31,2010,AM,-265.5,False,243.0
2010-05-28 09:33:00,2010-05-28 10:49:00,1066.4689815864886,1061.4689815864886,stop,2010-05-28 09:33:00,-5.31,2010,AM,-265.5,False,76.0
2010-06-03 10:02:00,2010-06-03 10:30:00,1069.8469945076827,1064.8469945076827,stop,2010-06-03 10:00:00,-5.31,2010,AM,-265.5,False,28.0
2010-06-09 09:47:00,2010-06-09 11:05:00,1033.106308438414,1041.106308438414,target,2010-06-09 09:45:00,7.69,2010,AM,384.5,True,78.0
2010-06-09 11:45:00,2010-06-09 13:34:00,1043.3975232257856,1038.3975232257856,stop,2010-06-09 11:45:00,-5.31,2010,AM,-265.5,False,109.0
2010-06-11 09:30:00,2010-06-11 10:06:00,1044.63,1052.63,target,2010-06-10 16:00:00,7.69,2010,AM,384.5,True,36.0
2010-06-14 09:54:00,2010-06-14 11:20:00,1064.0299859967713,1072.0299859967713,target,2010-06-14 09:54:00,7.69,2010,AM,384.5,True,86.0
2010-06-14 11:28:00,2010-06-14 13:07:00,1071.0037655999338,1066.0037655999338,stop,2010-06-14 11:27:00,-5.31,2010,AM,-265.5,False,99.0
2010-06-16 09:30:00,2010-06-16 12:04:00,1075.98,1083.98,target,2010-06-15 16:00:00,7.69,2010,AM,384.5,True,154.0
2010-06-30 11:54:00,2010-06-30 14:22:00,1015.4114184435514,1010.4114184435514,stop,2010-06-30 11:54:00,-5.31,2010,AM,-265.5,False,148.0
2010-07-01 15:43:00,2010-07-01 15:59:00,996.2212965488397,996.58,eod,2010-07-01 15:42:00,0.04870345116029512,2010,PM,2.435172558014756,True,16.0
2010-07-02 09:44:00,2010-07-02 10:04:00,998.7539868805118,993.7539868805118,stop,2010-07-02 09:42:00,-5.31,2010,AM,-265.5,False,20.0
2010-07-08 09:52:00,2010-07-08 11:45:00,1034.6922532669214,1029.6922532669214,stop,2010-07-08 09:51:00,-5.31,2010,AM,-265.5,False,113.0
2010-07-09 09:33:00,2010-07-09 14:58:00,1037.2023072616198,1045.2023072616198,target,2010-07-09 09:33:00,7.69,2010,AM,384.5,True,325.0
2010-07-09 15:26:00,2010-07-09 15:59:00,1045.0220681219666,1046.51,eod,2010-07-09 15:24:00,1.1779318780333505,2010,PM,58.89659390166753,True,33.0
2010-07-13 10:24:00,2010-07-13 15:59:00,1060.2373213338528,1063.56,eod,2010-07-13 10:24:00,3.0126786661471123,2010,AM,150.63393330735562,True,335.0
2010-07-20 15:42:00,2010-07-20 15:59:00,1049.432630620737,1051.62,eod,2010-07-20 15:42:00,1.8773693792629182,2010,PM,93.86846896314592,True,17.0
2010-07-26 10:26:00,2010-07-26 15:59:00,1076.3073323589117,1082.31,eod,2010-07-26 10:24:00,5.692667641088238,2010,AM,284.63338205441187,True,333.0
2010-07-30 15:36:00,2010-07-30 15:59:00,1072.250463880576,1070.62,eod,2010-07-30 15:36:00,-1.9404638805761443,2010,PM,-97.02319402880721,False,23.0
2010-08-02 15:01:00,2010-08-02 15:59:00,1093.3507169384425,1093.03,eod,2010-08-02 15:00:00,-0.6307169384425015,2010,PM,-31.535846922125078,False,58.0
2010-08-04 11:40:00,2010-08-04 15:59:00,1091.7799547428347,1095.95,eod,2010-08-04 11:39:00,3.860045257165384,2010,AM,193.0022628582692,True,259.0
2010-08-09 09:42:00,2010-08-09 15:59:00,1090.9496226299661,1095.71,eod,2010-08-09 09:42:00,4.450377370033894,2010,AM,222.5188685016947,True,377.0
2010-08-23 10:01:00,2010-08-23 10:44:00,1049.340183474136,1044.340183474136,stop,2010-08-23 10:00:00,-5.31,2010,AM,-265.5,False,43.0
2010-09-02 09:42:00,2010-09-02 15:35:00,1051.7288185792693,1059.7288185792693,target,2010-09-02 09:42:00,7.69,2010,AM,384.5,True,353.0
2010-09-03 10:00:00,2010-09-03 10:15:00,1073.1487662925508,1068.1487662925508,stop,2010-09-03 10:00:00,-5.31,2010,AM,-265.5,False,15.0
2010-09-09 11:46:00,2010-09-09 13:10:00,1079.8927742537621,1074.8927742537621,stop,2010-09-09 11:45:00,-5.31,2010,AM,-265.5,False,84.0
2010-09-10 10:00:00,2010-09-10 15:59:00,1077.5251103199064,1080.12,eod,2010-09-10 10:00:00,2.2848896800935017,2010,AM,114.24448400467509,True,359.0
2010-09-13 09:57:00,2010-09-13 15:59:00,1089.950587146527,1092.54,eod,2010-09-13 09:57:00,2.27941285347305,2010,AM,113.97064267365249,True,362.0
2010-09-14 09:30:00,2010-09-14 15:59:00,1090.58,1092.79,eod,2010-09-13 16:00:00,1.9000000000000363,2010,AM,95.00000000000182,True,389.0
2010-09-15 15:41:00,2010-09-15 15:59:00,1095.8280385108837,1095.72,eod,2010-09-15 15:39:00,-0.4180385108837163,2010,PM,-20.901925544185815,False,18.0
2010-09-17 09:45:00,2010-09-17 10:01:00,1098.9179992050003,1093.9179992050003,stop,2010-09-17 09:45:00,-5.31,2010,AM,-265.5,False,16.0
2010-09-17 11:21:00,2010-09-17 15:59:00,1097.8935292126678,1096.7,eod,2010-09-17 11:21:00,-1.5035292126677269,2010,AM,-75.17646063338634,False,278.0
2010-09-20 15:08:00,2010-09-20 15:59:00,1111.8100912507643,1113.09,eod,2010-09-20 15:06:00,0.9699087492355738,2010,PM,48.49543746177869,True,51.0
2010-09-30 10:36:00,2010-09-30 11:00:00,1122.0934727914303,1117.0934727914303,stop,2010-09-30 10:36:00,-5.31,2010,AM,-265.5,False,24.0
2010-10-05 10:59:00,2010-10-05 15:16:00,1125.411761020552,1133.411761020552,target,2010-10-05 10:57:00,7.69,2010,AM,384.5,True,257.0
2010-10-05 15:33:00,2010-10-05 15:59:00,1132.91,1131.44,eod,2010-10-05 15:33:00,-1.7800000000000273,2010,PM,-89.00000000000136,False,26.0
2010-10-07 09:39:00,2010-10-07 12:19:00,1131.8383951521926,1126.8383951521926,stop,2010-10-07 09:39:00,-5.31,2010,AM,-265.5,False,160.0
2010-10-08 11:55:00,2010-10-08 15:59:00,1134.753140703654,1136.09,eod,2010-10-08 11:54:00,1.0268592963458922,2010,AM,51.342964817294614,True,244.0
2010-10-12 15:42:00,2010-10-12 15:59:00,1141.8659418760662,1141.22,eod,2010-10-12 15:42:00,-0.9559418760662175,2010,PM,-47.79709380331087,False,17.0
2010-10-13 11:24:00,2010-10-13 15:59:00,1151.6937942199438,1149.05,eod,2010-10-13 11:24:00,-2.9537942199438567,2010,AM,-147.68971099719283,False,275.0
2010-10-18 10:03:00,2010-10-18 15:59:00,1149.3257497026432,1155.17,eod,2010-10-18 10:03:00,5.534250297356894,2010,AM,276.7125148678447,True,356.0
2010-10-20 11:03:00,2010-10-20 15:59:00,1146.890762355033,1149.3,eod,2010-10-20 11:03:00,2.099237644966879,2010,AM,104.96188224834395,True,296.0
2010-10-25 10:09:00,2010-10-25 11:04:00,1164.4490100533078,1159.4490100533078,stop,2010-10-25 10:09:00,-5.31,2010,AM,-265.5,False,55.0
2010-10-25 15:35:00,2010-10-25 15:47:00,1161.2012177484498,1156.2012177484498,stop,2010-10-25 15:33:00,-5.31,2010,PM,-265.5,False,12.0
2010-10-26 15:42:00,2010-10-26 15:59:00,1156.88,1156.15,eod,2010-10-26 15:42:00,-1.0400000000000182,2010,PM,-52.00000000000091,False,17.0
2010-11-04 10:05:00,2010-11-04 15:26:00,1181.5433873676145,1189.5433873676145,target,2010-11-04 10:03:00,7.69,2010,AM,384.5,True,321.0
2010-11-05 10:59:00,2010-11-05 11:59:00,1196.987821885812,1191.987821885812,stop,2010-11-05 10:57:00,-5.31,2010,AM,-265.5,False,60.0
2010-11-08 09:30:00,2010-11-08 15:59:00,1192.6,1193.82,eod,2010-11-05 16:00:00,0.9100000000000272,2010,AM,45.500000000001364,True,389.0
2010-11-09 10:30:00,2010-11-09 11:57:00,1196.8624379941473,1191.8624379941473,stop,2010-11-09 10:30:00,-5.31,2010,AM,-265.5,False,87.0
2010-11-17 10:35:00,2010-11-17 15:25:00,1155.1392990103639,1150.1392990103639,stop,2010-11-17 10:33:00,-5.31,2010,AM,-265.5,False,290.0
2010-11-23 09:30:00,2010-11-23 09:59:00,1157.37,1152.37,stop,2010-11-22 16:00:00,-5.31,2010,AM,-265.5,False,29.0
2010-11-24 15:14:00,2010-11-24 15:59:00,1170.2683908993442,1171.07,eod,2010-11-24 15:12:00,0.49160910065569624,2010,PM,24.580455032784812,True,45.0
2010-11-25 10:46:00,2010-11-25 11:29:00,1171.8055175861812,1173.52,eod,2010-11-25 10:45:00,1.4044824138188141,2010,AM,70.22412069094071,True,43.0
2010-11-30 15:34:00,2010-11-30 15:50:00,1158.7573660225437,1153.7573660225437,stop,2010-11-30 15:33:00,-5.31,2010,PM,-265.5,False,16.0
2010-12-06 09:30:00,2010-12-06 15:59:00,1195.04,1196.27,eod,2010-12-03 16:00:00,0.9200000000000181,2010,AM,46.00000000000091,True,389.0
2010-12-09 10:03:00,2010-12-09 10:56:00,1206.194724135115,1201.194724135115,stop,2010-12-09 10:03:00,-5.31,2010,AM,-265.5,False,53.0
2010-12-13 09:40:00,2010-12-13 15:59:00,1215.1641972974237,1214.13,eod,2010-12-13 09:39:00,-1.3441972974235887,2010,AM,-67.20986487117943,False,379.0
2010-12-20 09:56:00,2010-12-20 11:07:00,1219.8927184815207,1214.8927184815207,stop,2010-12-20 09:54:00,-5.31,2010,AM,-265.5,False,71.0
2010-12-29 09:43:00,2010-12-29 15:59:00,1233.4512207449638,1233.53,eod,2010-12-29 09:42:00,-0.2312207449638754,2010,AM,-11.56103724819377,False,376.0
2011-01-03 11:12:00,2011-01-03 15:59:00,1247.2657310222926,1244.58,eod,2011-01-03 11:12:00,-2.995731022292657,2011,AM,-149.78655111463286,False,287.0
2011-01-05 11:50:00,2011-01-05 15:59:00,1247.3354532843275,1249.98,eod,2011-01-05 11:48:00,2.3345467156725044,2011,AM,116.72733578362522,True,249.0
2011-01-06 10:43:00,2011-01-06 11:04:00,1250.8350139394424,1245.8350139394424,stop,2011-01-06 10:42:00,-5.31,2011,AM,-265.5,False,21.0
2011-01-07 09:40:00,2011-01-07 11:07:00,1248.3383853263222,1243.3383853263222,stop,2011-01-07 09:39:00,-5.31,2011,AM,-265.5,False,87.0
2011-01-07 15:28:00,2011-01-07 15:59:00,1243.941590719085,1245.32,eod,2011-01-07 15:27:00,1.068409280914866,2011,PM,53.4204640457433,True,31.0
2011-01-10 15:00:00,2011-01-10 15:59:00,1243.4188395668725,1243.85,eod,2011-01-10 15:00:00,0.12116043312738839,2011,PM,6.058021656369419,True,59.0
2011-01-11 11:16:00,2011-01-11 13:58:00,1249.8924183761085,1244.8924183761085,stop,2011-01-11 11:15:00,-5.31,2011,AM,-265.5,False,162.0
2011-01-12 10:39:00,2011-01-12 15:59:00,1256.1606354383057,1259.32,eod,2011-01-12 10:39:00,2.8493645616942467,2011,AM,142.46822808471234,True,320.0
2011-01-18 11:36:00,2011-01-18 15:59:00,1266.9599406070472,1268.65,eod,2011-01-18 11:36:00,1.3800593929528895,2011,AM,69.00296964764448,True,263.0
2011-01-21 10:16:00,2011-01-21 11:17:00,1262.9219364239493,1257.9219364239493,stop,2011-01-21 10:15:00,-5.31,2011,AM,-265.5,False,61.0
2011-01-24 10:46:00,2011-01-24 15:59:00,1259.8235348649691,1264.23,eod,2011-01-24 10:45:00,4.096465135030885,2011,AM,204.82325675154428,True,313.0
2011-01-31 11:14:00,2011-01-31 15:59:00,1256.0603164247193,1259.81,eod,2011-01-31 11:12:00,3.439683575280642,2011,AM,171.9841787640321,True,285.0
2011-02-01 10:09:00,2011-02-01 12:12:00,1270.3802332667433,1278.3802332667433,target,2011-02-01 10:09:00,7.69,2011,AM,384.5,True,123.0
2011-02-03 15:24:00,2011-02-03 15:59:00,1280.4537827719305,1281.17,eod,2011-02-03 15:24:00,0.4062172280695813,2011,PM,20.310861403479066,True,35.0
2011-02-04 10:12:00,2011-02-04 10:54:00,1281.0406915020471,1276.0406915020471,stop,2011-02-04 10:12:00,-5.31,2011,AM,-265.5,False,42.0
2011-02-04 11:51:00,2011-02-04 15:59:00,1279.3444649338735,1284.37,eod,2011-02-04 11:51:00,4.715535066126395,2011,AM,235.77675330631976,True,248.0
2011-02-07 10:55:00,2011-02-07 15:59:00,1294.2480121520537,1292.22,eod,2011-02-07 10:54:00,-2.338012152053634,2011,AM,-116.9006076026817,False,304.0
2011-02-08 10:38:00,2011-02-08 15:59:00,1294.5982435953892,1298.12,eod,2011-02-08 10:36:00,3.2117564046106417,2011,AM,160.5878202305321,True,321.0
2011-02-09 09:30:00,2011-02-09 14:41:00,1294.43,1289.43,stop,2011-02-08 16:00:00,-5.31,2011,AM,-265.5,False,311.0
2011-02-10 11:53:00,2011-02-10 15:59:00,1294.5373865212018,1294.68,eod,2011-02-10 11:51:00,-0.16738652120176084,2011,AM,-8.369326060088042,False,246.0
2011-02-14 15:08:00,2011-02-14 15:59:00,1306.1340437259128,1306.47,eod,2011-02-14 15:06:00,0.02595627408726614,2011,PM,1.297813704363307,True,51.0
2011-02-17 11:43:00,2011-02-17 15:59:00,1312.267010533712,1315.06,eod,2011-02-17 11:42:00,2.4829894662879632,2011,AM,124.14947331439816,True,256.0
2011-02-24 15:39:00,2011-02-24 15:59:00,1283.2873117461795,1282.16,eod,2011-02-24 15:39:00,-1.43731174617943,2011,PM,-71.8655873089715,False,20.0
2011-02-25 10:19:00,2011-02-25 15:59:00,1292.0780499967059,1295.91,eod,2011-02-25 10:18:00,3.521950003294196,2011,AM,176.0975001647098,True,340.0
2011-02-28 10:09:00,2011-02-28 13:07:00,1302.5079397788897,1297.5079397788897,stop,2011-02-28 10:09:00,-5.31,2011,AM,-265.5,False,178.0
2011-03-08 10:31:00,2011-03-08 11:55:00,1292.7465445002279,1300.7465445002279,target,2011-03-08 10:30:00,7.69,2011,AM,384.5,True,84.0
2011-03-11 15:33:00,2011-03-11 15:59:00,1284.0050373125798,1281.17,eod,2011-03-11 15:33:00,-3.1450373125797433,2011,PM,-157.25186562898716,False,26.0
2011-03-15 09:30:00,2011-03-15 09:48:00,1239.03,1247.03,target,2011-03-14 16:00:00,7.69,2011,AM,384.5,True,18.0
2011-03-15 15:31:00,2011-03-15 15:59:00,1262.0996018598837,1259.99,eod,2011-03-15 15:30:00,-2.4196018598836964,2011,PM,-120.98009299418482,False,28.0
2011-03-18 10:01:00,2011-03-18 11:29:00,1263.7960548414376,1258.7960548414376,stop,2011-03-18 10:00:00,-5.31,2011,AM,-265.5,False,88.0
2011-03-23 15:33:00,2011-03-23 15:59:00,1276.7023425689304,1275.03,eod,2011-03-23 15:33:00,-1.9823425689303895,2011,PM,-99.11712844651947,False,26.0
2011-03-24 15:37:00,2011-03-24 15:59:00,1287.3917886501747,1286.86,eod,2011-03-24 15:36:00,-0.8417886501748035,2011,PM,-42.089432508740174,False,22.0
2011-03-25 11:13:00,2011-03-25 15:59:00,1294.2626809014791,1291.3,eod,2011-03-25 11:12:00,-3.272680901479189,2011,AM,-163.63404507395944,False,286.0
2011-03-29 15:15:00,2011-03-29 15:59:00,1295.580377267955,1296.48,eod,2011-03-29 15:15:00,0.5896227320449179,2011,PM,29.481136602245893,True,44.0
2011-03-30 10:08:00,2011-03-30 15:59:00,1303.5260306777272,1306.09,eod,2011-03-30 10:06:00,2.253969322272669,2011,AM,112.69846611363346,True,351.0
2011-04-01 11:42:00,2011-04-01 14:47:00,1314.3511454929267,1309.3511454929267,stop,2011-04-01 11:42:00,-5.31,2011,AM,-265.5,False,185.0
2011-04-05 10:52:00,2011-04-05 15:59:00,1312.1824606827456,1309.55,eod,2011-04-05 10:51:00,-2.942460682745659,2011,AM,-147.12303413728296,False,307.0
2011-04-06 15:21:00,2011-04-06 15:59:00,1313.71298600417,1313.98,eod,2011-04-06 15:21:00,-0.0429860041700158,2011,PM,-2.14930020850079,False,38.0
2011-04-07 10:06:00,2011-04-07 10:38:00,1315.2389969140118,1310.2389969140118,stop,2011-04-07 10:06:00,-5.31,2011,AM,-265.5,False,32.0
2011-04-08 09:47:00,2011-04-08 12:56:00,1313.985969596107,1308.985969596107,stop,2011-04-08 09:45:00,-5.31,2011,AM,-265.5,False,189.0
2011-04-14 15:30:00,2011-04-14 15:59:00,1294.0741114914151,1293.27,eod,2011-04-14 15:30:00,-1.1141114914151422,2011,PM,-55.70557457075711,False,29.0
2011-04-15 10:16:00,2011-04-15 15:59:00,1296.103876529974,1297.71,eod,2011-04-15 10:15:00,1.2961234700259774,2011,AM,64.80617350129887,True,343.0
2011-04-19 09:47:00,2011-04-19 15:59:00,1285.7483702403788,1290.56,eod,2011-04-19 09:45:00,4.501629759621156,2011,AM,225.0814879810578,True,372.0
2011-04-20 10:27:00,2011-04-20 15:59:00,1308.9705874524013,1308.31,eod,2011-04-20 10:27:00,-0.9705874524013871,2011,AM,-48.52937262006935,False,332.0
2011-04-21 10:00:00,2011-04-21 15:59:00,1312.7552126705218,1314.97,eod,2011-04-21 10:00:00,1.904787329478213,2011,AM,95.23936647391065,True,359.0
2011-04-25 15:44:00,2011-04-25 15:59:00,1313.3349327829412,1312.75,eod,2011-04-25 15:42:00,-0.8949327829412232,2011,PM,-44.74663914706116,False,15.0
2011-04-26 10:07:00,2011-04-26 11:51:00,1318.026344445731,1326.026344445731,target,2011-04-26 10:06:00,7.69,2011,AM,384.5,True,104.0
2011-04-27 09:58:00,2011-04-27 15:37:00,1326.394561844814,1334.394561844814,target,2011-04-27 09:57:00,7.69,2011,AM,384.5,True,339.0
2011-04-28 11:16:00,2011-04-28 15:59:00,1335.4478337521502,1338.4,eod,2011-04-28 11:15:00,2.6421662478498456,2011,AM,132.10831239249228,True,283.0
2011-05-02 09:45:00,2011-05-02 12:31:00,1343.4518899416803,1338.4518899416803,stop,2011-05-02 09:45:00,-5.31,2011,AM,-265.5,False,166.0
2011-05-06 11:35:00,2011-05-06 12:09:00,1331.1627673800463,1326.1627673800463,stop,2011-05-06 11:33:00,-5.31,2011,AM,-265.5,False,34.0
2011-05-10 15:31:00,2011-05-10 15:59:00,1336.5391055957562,1334.94,eod,2011-05-10 15:30:00,-1.9091055957561003,2011,PM,-95.45527978780501,False,28.0
2011-05-16 11:18:00,2011-05-16 12:10:00,1320.961958568727,1315.961958568727,stop,2011-05-16 11:18:00,-5.31,2011,AM,-265.5,False,52.0
2011-05-17 15:06:00,2011-05-17 15:59:00,1306.8797295879267,1308.07,eod,2011-05-17 15:06:00,0.8802704120732323,2011,PM,44.01352060366162,True,53.0
2011-05-18 10:16:00,2011-05-18 13:52:00,1310.7020190167473,1318.7020190167473,target,2011-05-18 10:15:00,7.69,2011,AM,384.5,True,216.0
2011-05-18 15:37:00,2011-05-18 15:59:00,1319.7947259359935,1320.4,eod,2011-05-18 15:36:00,0.29527406400660766,2011,PM,14.763703200330383,True,22.0
2011-05-19 10:00:00,2011-05-19 10:12:00,1324.8316206650595,1319.8316206650595,stop,2011-05-19 10:00:00,-5.31,2011,AM,-265.5,False,12.0
2011-05-19 15:33:00,2011-05-19 15:59:00,1322.133161602935,1323.11,eod,2011-05-19 15:33:00,0.6668383970649665,2011,PM,33.34191985324833,True,26.0
2011-05-24 09:43:00,2011-05-24 12:34:00,1300.1524250610112,1295.1524250610112,stop,2011-05-24 09:42:00,-5.31,2011,AM,-265.5,False,171.0
2011-05-25 11:52:00,2011-05-25 15:59:00,1300.8244511281923,1301.41,eod,2011-05-25 11:51:00,0.2755488718077595,2011,AM,13.777443590387975,True,247.0
2011-05-27 11:26:00,2011-05-27 15:01:00,1313.9302740963415,1308.9302740963415,stop,2011-05-27 11:24:00,-5.31,2011,AM,-265.5,False,215.0
2011-06-01 09:30:00,2011-06-01 10:01:00,1321.88,1316.88,stop,2011-05-31 16:00:00,-5.31,2011,AM,-265.5,False,31.0
2011-06-14 15:06:00,2011-06-14 15:59:00,1273.154624087158,1269.88,eod,2011-06-14 15:06:00,-3.5846240871579176,2011,PM,-179.23120435789588,False,53.0
2011-06-16 10:28:00,2011-06-16 13:55:00,1251.5286119276432,1246.5286119276432,stop,2011-06-16 10:27:00,-5.31,2011,AM,-265.5,False,207.0
2011-06-17 11:24:00,2011-06-17 12:52:00,1258.6780429373077,1253.6780429373077,stop,2011-06-17 11:24:00,-5.31,2011,AM,-265.5,False,88.0
2011-06-20 10:58:00,2011-06-20 15:59:00,1257.389582191415,1260.47,eod,2011-06-20 10:57:00,2.7704178085850253,2011,AM,138.52089042925127,True,301.0
2011-06-21 15:00:00,2011-06-21 15:59:00,1278.807270560675,1277.31,eod,2011-06-21 15:00:00,-1.8072705606751334,2011,PM,-90.36352803375667,False,59.0
2011-06-22 11:07:00,2011-06-22 15:30:00,1278.7001089188775,1273.7001089188775,stop,2011-06-22 11:06:00,-5.31,2011,AM,-265.5,False,263.0
2011-06-28 10:23:00,2011-06-28 14:38:00,1270.9724919059877,1278.9724919059877,target,2011-06-28 10:21:00,7.69,2011,AM,384.5,True,255.0
2011-06-29 09:57:00,2011-06-29 12:04:00,1282.4499190937745,1290.4499190937745,target,2011-06-29 09:57:00,7.69,2011,AM,384.5,True,127.0
2011-06-30 10:18:00,2011-06-30 15:59:00,1298.520989312157,1303.3,eod,2011-06-30 10:18:00,4.469010687842856,2011,AM,223.45053439214283,True,341.0
2011-07-01 10:46:00,2011-07-01 14:35:00,1312.801237307529,1320.801237307529,target,2011-07-01 10:45:00,7.69,2011,AM,384.5,True,229.0
2011-07-01 15:08:00,2011-07-01 15:59:00,1321.394528020741,1321.86,eod,2011-07-01 15:06:00,0.15547197925883666,2011,PM,7.773598962941833,True,51.0
2011-07-07 10:08:00,2011-07-07 15:59:00,1332.221798910914,1335.73,eod,2011-07-07 10:06:00,3.1982010890860146,2011,AM,159.91005445430073,True,351.0
2011-07-11 09:30:00,2011-07-11 10:37:00,1309.98,1304.98,stop,2011-07-08 16:00:00,-5.31,2011,AM,-265.5,False,67.0
2011-07-19 10:30:00,2011-07-19 14:46:00,1301.81,1309.81,target,2011-07-19 10:30:00,7.69,2011,AM,384.5,True,256.0
2011-07-19 15:18:00,2011-07-19 15:59:00,1309.9831281700492,1308.75,eod,2011-07-19 15:18:00,-1.5431281700492128,2011,PM,-77.15640850246064,False,41.0
2011-07-20 11:16:00,2011-07-20 15:59:00,1310.8572079575192,1308.5,eod,2011-07-20 11:15:00,-2.667207957519222,2011,AM,-133.3603978759611,False,283.0
2011-08-03 15:33:00,2011-08-03 15:59:00,1241.17,1245.37,eod,2011-08-03 15:33:00,3.889999999999818,2011,PM,194.4999999999909,True,26.0
2011-08-15 10:54:00,2011-08-15 11:17:00,1182.2818954129896,1177.2818954129896,stop,2011-08-15 10:54:00,-5.31,2011,AM,-265.5,False,23.0
2011-08-16 11:56:00,2011-08-16 12:26:00,1183.9471032909612,1178.9471032909612,stop,2011-08-16 11:54:00,-5.31,2011,AM,-265.5,False,30.0
2011-08-23 15:28:00,2011-08-23 15:59:00,1143.773335890577,1147.6,eod,2011-08-23 15:27:00,3.516664109422836,2011,PM,175.8332054711418,True,31.0
2011-08-24 10:16:00,2011-08-24 10:32:00,1156.958422692891,1151.958422692891,stop,2011-08-24 10:15:00,-5.31,2011,AM,-265.5,False,16.0
2011-08-25 09:41:00,2011-08-25 09:52:00,1168.2479741300017,1163.2479741300017,stop,2011-08-25 09:39:00,-5.31,2011,AM,-265.5,False,11.0
2011-08-30 09:30:00,2011-08-30 10:02:00,1190.67,1185.67,stop,2011-08-29 16:00:00,-5.31,2011,AM,-265.5,False,32.0
2011-09-07 11:33:00,2011-09-07 14:15:00,1175.2352992529177,1183.2352992529177,target,2011-09-07 11:33:00,7.69,2011,AM,384.5,True,162.0
2011-09-08 10:49:00,2011-09-08 13:31:00,1185.4266254380757,1180.4266254380757,stop,2011-09-08 10:48:00,-5.31,2011,AM,-265.5,False,162.0
2011-09-14 11:42:00,2011-09-14 13:36:00,1163.782729906341,1171.782729906341,target,2011-09-14 11:42:00,7.69,2011,AM,384.5,True,114.0
2011-09-15 11:52:00,2011-09-15 14:11:00,1187.095601069865,1195.095601069865,target,2011-09-15 11:51:00,7.69,2011,AM,384.5,True,139.0
2011-09-15 15:11:00,2011-09-15 15:59:00,1195.7014572936375,1196.13,eod,2011-09-15 15:09:00,0.11854270636257752,2011,PM,5.927135318128876,True,48.0
2011-09-16 09:59:00,2011-09-16 10:32:00,1203.685643652197,1198.685643652197,stop,2011-09-16 09:57:00,-5.31,2011,AM,-265.5,False,33.0
2011-09-20 11:20:00,2011-09-20 14:43:00,1206.3366702359876,1201.3366702359876,stop,2011-09-20 11:18:00,-5.31,2011,AM,-265.5,False,203.0
2011-09-23 11:02:00,2011-09-23 14:00:00,1121.315308669876,1129.315308669876,target,2011-09-23 11:00:00,7.69,2011,AM,384.5,True,178.0
2011-09-26 09:51:00,2011-09-26 10:01:00,1130.127034401516,1125.127034401516,stop,2011-09-26 09:51:00,-5.31,2011,AM,-265.5,False,10.0
2011-09-26 11:31:00,2011-09-26 13:12:00,1131.8905124862115,1126.8905124862115,stop,2011-09-26 11:30:00,-5.31,2011,AM,-265.5,False,101.0
2011-10-05 10:48:00,2011-10-05 13:49:00,1116.9924601641817,1124.9924601641817,target,2011-10-05 10:48:00,7.69,2011,AM,384.5,True,181.0
2011-10-06 10:47:00,2011-10-06 11:39:00,1138.3052728385778,1146.3052728385778,target,2011-10-06 10:45:00,7.69,2011,AM,384.5,True,52.0
2011-10-06 11:53:00,2011-10-06 15:56:00,1145.204207796111,1153.204207796111,target,2011-10-06 11:51:00,7.69,2011,AM,384.5,True,243.0
2011-10-07 09:40:00,2011-10-07 11:14:00,1154.101245506144,1149.101245506144,stop,2011-10-07 09:39:00,-5.31,2011,AM,-265.5,False,94.0
2011-10-07 15:39:00,2011-10-07 15:50:00,1155.7745454562014,1150.7745454562014,stop,2011-10-07 15:39:00,-5.31,2011,PM,-265.5,False,11.0
2011-10-11 10:54:00,2011-10-11 13:13:00,1186.3691422232077,1181.3691422232077,stop,2011-10-11 10:54:00,-5.31,2011,AM,-265.5,False,139.0
2011-10-12 10:03:00,2011-10-12 10:18:00,1194.4755869136404,1202.4755869136404,target,2011-10-12 10:03:00,7.69,2011,AM,384.5,True,15.0
2011-10-12 11:46:00,2011-10-12 15:48:00,1202.8856278280844,1197.8856278280844,stop,2011-10-12 11:45:00,-5.31,2011,AM,-265.5,False,242.0
2011-10-13 15:21:00,2011-10-13 15:32:00,1195.1322726925089,1190.1322726925089,stop,2011-10-13 15:21:00,-5.31,2011,PM,-265.5,False,11.0
2011-10-14 10:36:00,2011-10-14 15:32:00,1205.641458314239,1213.641458314239,target,2011-10-14 10:36:00,7.69,2011,AM,384.5,True,296.0
2011-10-17 09:30:00,2011-10-17 10:00:00,1209.07,1204.07,stop,2011-10-14 16:00:00,-5.31,2011,AM,-265.5,False,30.0
2011-10-18 15:28:00,2011-10-18 15:59:00,1215.5701523599744,1214.3,eod,2011-10-18 15:27:00,-1.5801523599744178,2011,PM,-79.00761799872089,False,31.0
2011-10-21 10:41:00,2011-10-21 13:00:00,1226.7837794435677,1221.7837794435677,stop,2011-10-21 10:39:00,-5.31,2011,AM,-265.5,False,139.0
2011-10-24 10:00:00,2011-10-24 11:20:00,1234.267084282068,1242.267084282068,target,2011-10-24 10:00:00,7.69,2011,AM,384.5,True,80.0
2011-10-24 11:50:00,2011-10-24 15:59:00,1243.000732074635,1243.92,eod,2011-10-24 11:48:00,0.6092679253651476,2011,AM,30.46339626825738,True,249.0
2011-10-27 10:00:00,2011-10-27 12:01:00,1259.0083213647351,1267.0083213647351,target,2011-10-27 10:00:00,7.69,2011,AM,384.5,True,121.0
2011-10-27 15:33:00,2011-10-27 15:48:00,1279.72164366184,1274.72164366184,stop,2011-10-27 15:33:00,-5.31,2011,PM,-265.5,False,15.0
2011-11-02 11:12:00,2011-11-02 12:35:00,1230.8414237665263,1225.8414237665263,stop,2011-11-02 11:12:00,-5.31,2011,AM,-265.5,False,83.0
2011-11-03 09:50:00,2011-11-03 09:56:00,1236.1505812661298,1231.1505812661298,stop,2011-11-03 09:48:00,-5.31,2011,AM,-265.5,False,6.0
2011-11-03 10:59:00,2011-11-03 12:55:00,1236.5902494704262,1244.5902494704262,target,2011-11-03 10:57:00,7.69,2011,AM,384.5,True,116.0
2011-11-03 15:39:00,2011-11-03 15:59:00,1250.9222220127872,1252.13,eod,2011-11-03 15:39:00,0.8977779872129212,2011,PM,44.888899360646064,True,20.0
2011-11-07 09:58:00,2011-11-07 10:24:00,1247.344710420452,1242.344710420452,stop,2011-11-07 09:57:00,-5.31,2011,AM,-265.5,False,26.0
2011-11-07 15:18:00,2011-11-07 15:59:00,1248.1569275879679,1251.38,eod,2011-11-07 15:18:00,2.913072412032252,2011,PM,145.6536206016126,True,41.0
2011-11-08 10:05:00,2011-11-08 10:25:00,1259.0020214504725,1254.0020214504725,stop,2011-11-08 10:03:00,-5.31,2011,AM,-265.5,False,20.0
2011-11-11 10:16:00,2011-11-11 11:18:00,1251.0479237084965,1259.0479237084965,target,2011-11-11 10:15:00,7.69,2011,AM,384.5,True,62.0
2011-11-15 15:18:00,2011-11-15 15:59:00,1254.4197131379965,1250.64,eod,2011-11-15 15:18:00,-4.089713137996395,2011,PM,-204.48565689981976,False,41.0
2011-11-21 15:43:00,2011-11-21 15:59:00,1188.4489948856606,1187.17,eod,2011-11-21 15:42:00,-1.5889948856604952,2011,PM,-79.44974428302476,False,16.0
2011-11-29 15:37:00,2011-11-29 15:59:00,1193.1968280943522,1189.41,eod,2011-11-29 15:36:00,-4.096828094352131,2011,PM,-204.84140471760654,False,22.0
2011-11-30 11:02:00,2011-11-30 13:50:00,1232.0369637197357,1227.0369637197357,stop,2011-11-30 11:00:00,-5.31,2011,AM,-265.5,False,168.0
2011-11-30 15:24:00,2011-11-30 15:55:00,1231.2853880452876,1239.2853880452876,target,2011-11-30 15:24:00,7.69,2011,PM,384.5,True,31.0
2011-12-05 10:42:00,2011-12-05 13:43:00,1258.605933555029,1253.605933555029,stop,2011-12-05 10:42:00,-5.31,2011,AM,-265.5,False,181.0
2011-12-06 15:07:00,2011-12-06 15:58:00,1257.1649763928358,1252.1649763928358,stop,2011-12-06 15:06:00,-5.31,2011,PM,-265.5,False,51.0
2011-12-09 11:45:00,2011-12-09 15:59:00,1247.2218864996398,1250.39,eod,2011-12-09 11:45:00,2.8581135003602776,2011,AM,142.90567501801388,True,254.0
2011-12-20 15:00:00,2011-12-20 15:59:00,1235.1605274764515,1234.76,eod,2011-12-20 15:00:00,-0.7105274764515435,2011,PM,-35.52637382257717,False,59.0
2011-12-22 10:04:00,2011-12-22 15:59:00,1244.273182120871,1248.77,eod,2011-12-22 10:03:00,4.186817879128912,2011,AM,209.34089395644563,True,355.0
2011-12-23 10:01:00,2011-12-23 15:58:00,1251.8983328027243,1259.8983328027243,target,2011-12-23 10:00:00,7.69,2011,AM,384.5,True,357.0
2011-12-27 09:30:00,2011-12-27 15:59:00,1258.02,1261.02,eod,2011-12-23 16:00:00,2.69,2011,AM,134.5,True,389.0
2011-12-29 10:58:00,2011-12-29 15:59:00,1254.4261463717935,1258.27,eod,2011-12-29 10:57:00,3.5338536282064887,2011,AM,176.69268141032444,True,301.0
2012-01-03 15:02:00,2012-01-03 15:59:00,1276.2255332639727,1271.78,eod,2012-01-03 15:00:00,-4.75553326397272,2012,PM,-237.776663198636,False,57.0
2012-01-06 11:53:00,2012-01-06 15:59:00,1276.4425303217981,1273.03,eod,2012-01-06 11:51:00,-3.7225303217981582,2012,AM,-186.1265160899079,False,246.0
2012-01-11 15:22:00,2012-01-11 15:59:00,1287.1654511198324,1288.03,eod,2012-01-11 15:21:00,0.5545488801676037,2012,PM,27.727444008380186,True,37.0
2012-01-12 15:01:00,2012-01-12 15:59:00,1290.3316772968296,1291.28,eod,2012-01-12 15:00:00,0.6383227031703336,2012,PM,31.916135158516678,True,58.0
2012-01-13 15:21:00,2012-01-13 15:59:00,1283.198833413009,1284.03,eod,2012-01-13 15:21:00,0.5211665869910029,2012,PM,26.058329349550146,True,38.0
2012-01-16 10:21:00,2012-01-16 11:29:00,1288.2407676134214,1291.53,eod,2012-01-16 10:21:00,2.979232386578533,2012,AM,148.96161932892664,True,68.0
2012-01-16 11:29:00,2012-01-17 09:49:00,1291.2719233612204,1299.2719233612204,target,2012-01-16 11:27:00,7.69,2012,AM,384.5,True,1340.0
2012-01-18 15:30:00,2012-01-18 15:59:00,1303.0720556094516,1304.04,eod,2012-01-18 15:30:00,0.6579443905483822,2012,PM,32.89721952741911,True,29.0
2012-01-19 10:00:00,2012-01-19 15:59:00,1307.2016017959238,1311.04,eod,2012-01-19 10:00:00,3.5283982040761566,2012,AM,176.41991020380783,True,359.0
2012-01-31 09:49:00,2012-01-31 10:06:00,1313.675314947835,1308.675314947835,stop,2012-01-31 09:48:00,-5.31,2012,AM,-265.5,False,17.0
2012-02-01 10:01:00,2012-02-01 12:21:00,1317.820894385364,1325.820894385364,target,2012-02-01 10:00:00,7.69,2012,AM,384.5,True,140.0
2012-02-03 10:30:00,2012-02-03 15:59:00,1338.0846586125797,1342.3,eod,2012-02-03 10:30:00,3.905341387420267,2012,AM,195.26706937101335,True,329.0
2012-02-07 15:41:00,2012-02-07 15:59:00,1345.0194449279225,1344.06,eod,2012-02-07 15:39:00,-1.2694449279225046,2012,PM,-63.47224639612523,False,18.0
2012-02-08 15:00:00,2012-02-08 15:59:00,1346.3313708508674,1347.31,eod,2012-02-08 15:00:00,0.66862914913253,2012,PM,33.431457456626504,True,59.0
2012-02-09 09:37:00,2012-02-09 10:26:00,1347.987701653121,1342.987701653121,stop,2012-02-09 09:36:00,-5.31,2012,AM,-265.5,False,49.0
2012-02-13 11:36:00,2012-02-13 15:59:00,1346.325127001237,1348.56,eod,2012-02-13 11:36:00,1.9248729987629667,2012,AM,96.24364993814834,True,263.0
2012-02-17 09:51:00,2012-02-17 15:59:00,1359.4837135705338,1360.06,eod,2012-02-17 09:51:00,0.26628642946610853,2012,AM,13.314321473305426,True,368.0
2012-02-23 15:33:00,2012-02-23 15:59:00,1361.7040530652027,1361.81,eod,2012-02-23 15:33:00,-0.20405306520279737,2012,PM,-10.202653260139869,False,26.0
2012-02-24 09:41:00,2012-02-24 15:59:00,1363.6259563003512,1364.06,eod,2012-02-24 09:39:00,0.12404369964878242,2012,AM,6.202184982439121,True,378.0
2012-02-27 15:14:00,2012-02-27 15:59:00,1369.423448775131,1368.57,eod,2012-02-27 15:12:00,-1.163448775131028,2012,PM,-58.1724387565514,False,45.0
2012-02-28 10:49:00,2012-02-28 15:59:00,1370.292291485204,1372.07,eod,2012-02-28 10:48:00,1.4677085147959041,2012,AM,73.38542573979521,True,310.0
2012-03-02 15:37:00,2012-03-02 15:59:00,1370.0354105880804,1368.82,eod,2012-03-02 15:36:00,-1.525410588080431,2012,PM,-76.27052940402154,False,22.0
2012-03-05 15:28:00,2012-03-05 15:59:00,1364.267583426454,1363.31,eod,2012-03-05 15:27:00,-1.2675834264539936,2012,PM,-63.379171322699676,False,31.0
2012-03-07 11:45:00,2012-03-07 15:59:00,1351.3452617438506,1352.31,eod,2012-03-07 11:45:00,0.6547382561493031,2012,AM,32.73691280746516,True,254.0
2012-03-08 11:27:00,2012-03-08 15:59:00,1362.6907479809151,1366.06,eod,2012-03-08 11:27:00,3.059252019084797,2012,AM,152.96260095423986,True,272.0
2012-03-09 09:55:00,2012-03-09 15:59:00,1369.0600950557116,1370.82,eod,2012-03-09 09:54:00,1.449904944288337,2012,AM,72.49524721441685,True,364.0
2012-03-13 09:58:00,2012-03-13 13:04:00,1377.2204123762592,1385.2204123762592,target,2012-03-13 09:57:00,7.69,2012,AM,384.5,True,186.0
2012-03-15 10:40:00,2012-03-15 15:59:00,1397.90428236707,1403.35,eod,2012-03-15 10:39:00,5.135717632929928,2012,AM,256.78588164649636,True,319.0
2012-03-16 09:47:00,2012-03-16 15:59:00,1404.3866658899333,1403.61,eod,2012-03-16 09:45:00,-1.0866658899333834,2012,AM,-54.33329449666917,False,372.0
2012-03-26 10:39:00,2012-03-26 15:59:00,1411.252394705858,1417.16,eod,2012-03-26 10:39:00,5.597605294142059,2012,AM,279.8802647071029,True,320.0
2012-03-27 10:00:00,2012-03-27 15:45:00,1419.0480105491597,1414.0480105491597,stop,2012-03-27 10:00:00,-5.31,2012,AM,-265.5,False,345.0
2012-04-02 15:05:00,2012-04-02 15:59:00,1423.0939409970943,1418.67,eod,2012-04-02 15:03:00,-4.7339409970941775,2012,PM,-236.69704985470887,False,54.0
2012-04-05 11:17:00,2012-04-05 13:48:00,1402.2025990491902,1397.2025990491902,stop,2012-04-05 11:15:00,-5.31,2012,AM,-265.5,False,151.0
2012-04-12 15:09:00,2012-04-12 15:59:00,1388.4325061569034,1389.29,eod,2012-04-12 15:09:00,0.547493843096563,2012,PM,27.37469215482815,True,50.0
2012-04-24 10:20:00,2012-04-24 15:59:00,1373.6638822986502,1373.47,eod,2012-04-24 10:18:00,-0.5038822986501237,2012,AM,-25.194114932506185,False,339.0
2012-04-25 10:06:00,2012-04-25 15:59:00,1389.4318869784079,1392.56,eod,2012-04-25 10:06:00,2.818113021592071,2012,AM,140.90565107960356,True,353.0
2012-04-26 10:15:00,2012-04-26 14:00:00,1393.3700310667912,1401.3700310667912,target,2012-04-26 10:15:00,7.69,2012,AM,384.5,True,225.0
2012-04-27 09:41:00,2012-04-27 15:59:00,1403.933921765724,1405.61,eod,2012-04-27 09:39:00,1.366078234275792,2012,AM,68.3039117137896,True,378.0
2012-05-01 11:37:00,2012-05-01 15:52:00,1414.0628813447256,1409.0628813447256,stop,2012-05-01 11:36:00,-5.31,2012,AM,-265.5,False,255.0
2012-05-21 15:30:00,2012-05-21 15:59:00,1318.2291625386658,1319.74,eod,2012-05-21 15:30:00,1.2008374613341766,2012,PM,60.04187306670883,True,29.0
2012-05-22 09:39:00,2012-05-22 10:07:00,1320.3378653295997,1328.3378653295997,target,2012-05-22 09:39:00,7.69,2012,AM,384.5,True,28.0
2012-05-24 10:46:00,2012-05-24 12:00:00,1325.8359020058988,1320.8359020058988,stop,2012-05-24 10:45:00,-5.31,2012,AM,-265.5,False,74.0
2012-05-30 09:30:00,2012-05-30 09:40:00,1325.77,1320.77,stop,2012-05-29 16:00:00,-5.31,2012,AM,-265.5,False,10.0
2012-05-31 15:44:00,2012-05-31 15:58:00,1320.593599418592,1315.593599418592,stop,2012-05-31 15:42:00,-5.31,2012,PM,-265.5,False,14.0
2012-06-06 10:20:00,2012-06-06 11:48:00,1306.2284753428628,1314.2284753428628,target,2012-06-06 10:18:00,7.69,2012,AM,384.5,True,88.0
2012-06-06 15:00:00,2012-06-06 15:59:00,1314.1182562477877,1318.74,eod,2012-06-06 15:00:00,4.311743752212297,2012,PM,215.58718761061485,True,59.0
2012-06-07 10:00:00,2012-06-07 10:11:00,1331.5197845108717,1326.5197845108717,stop,2012-06-07 10:00:00,-5.31,2012,AM,-265.5,False,11.0
2012-06-08 15:20:00,2012-06-08 15:59:00,1328.7065386862403,1330.04,eod,2012-06-08 15:18:00,1.0234613137596988,2012,PM,51.173065687984945,True,39.0
2012-06-11 09:45:00,2012-06-11 10:22:00,1334.2836543957344,1329.2836543957344,stop,2012-06-11 09:45:00,-5.31,2012,AM,-265.5,False,37.0
2012-06-13 09:30:00,2012-06-13 12:45:00,1325.27,1333.27,target,2012-06-12 16:00:00,7.69,2012,AM,384.5,True,195.0
2012-06-18 09:30:00,2012-06-18 10:48:00,1342.92,1350.92,target,2012-06-15 16:00:00,7.69,2012,AM,384.5,True,78.0
2012-06-19 10:39:00,2012-06-19 15:59:00,1363.2987247043357,1364.38,eod,2012-06-19 10:39:00,0.7712752956644544,2012,AM,38.56376478322272,True,320.0
2012-06-22 15:06:00,2012-06-22 15:59:00,1341.079972029736,1342.67,eod,2012-06-22 15:06:00,1.2800279702641455,2012,PM,64.00139851320728,True,53.0
2012-06-26 09:50:00,2012-06-26 10:51:00,1323.4213450589014,1318.4213450589014,stop,2012-06-26 09:48:00,-5.31,2012,AM,-265.5,False,61.0
2012-06-27 09:45:00,2012-06-27 11:41:00,1330.870003632512,1338.870003632512,target,2012-06-27 09:45:00,7.69,2012,AM,384.5,True,116.0
2012-06-27 15:36:00,2012-06-27 15:59:00,1338.696451206488,1337.62,eod,2012-06-27 15:36:00,-1.3864512064881729,2012,PM,-69.32256032440864,False,23.0
2012-06-29 15:00:00,2012-06-29 15:59:00,1364.9078656944648,1368.16,eod,2012-06-29 15:00:00,2.9421343055352644,2012,PM,147.10671527676323,True,59.0
2012-07-02 09:55:00,2012-07-02 10:00:00,1371.5288249051061,1366.5288249051061,stop,2012-07-02 09:54:00,-5.31,2012,AM,-265.5,False,5.0
2012-07-10 09:57:00,2012-07-10 10:13:00,1366.4036109283204,1361.4036109283204,stop,2012-07-10 09:57:00,-5.31,2012,AM,-265.5,False,16.0
2012-07-13 15:26:00,2012-07-13 15:59:00,1364.1655732704676,1364.38,eod,2012-07-13 15:24:00,-0.0955732704674665,2012,PM,-4.778663523373325,False,33.0
2012-07-18 10:21:00,2012-07-18 15:59:00,1375.5876562190558,1380.53,eod,2012-07-18 10:21:00,4.632343780944157,2012,AM,231.61718904720786,True,338.0
2012-07-19 10:00:00,2012-07-19 10:10:00,1385.133490652632,1380.133490652632,stop,2012-07-19 10:00:00,-5.31,2012,AM,-265.5,False,10.0
2012-07-19 11:18:00,2012-07-19 15:59:00,1384.3529968060745,1384.82,eod,2012-07-19 11:18:00,0.15700319392539314,2012,AM,7.850159696269657,True,281.0
2012-07-26 15:18:00,2012-07-26 15:59:00,1367.183216085959,1368.67,eod,2012-07-26 15:18:00,1.1767839140410978,2012,PM,58.839195702054894,True,41.0
2012-07-27 10:18:00,2012-07-27 12:30:00,1377.809837203059,1385.809837203059,target,2012-07-27 10:18:00,7.69,2012,AM,384.5,True,132.0
2012-07-27 15:21:00,2012-07-27 15:59:00,1395.652337281055,1393.15,eod,2012-07-27 15:21:00,-2.8123372810549063,2012,PM,-140.6168640527453,False,38.0
2012-08-03 10:36:00,2012-08-03 15:59:00,1399.3039146681363,1400.21,eod,2012-08-03 10:36:00,0.5960853318637782,2012,AM,29.80426659318891,True,323.0
2012-08-09 10:25:00,2012-08-09 11:57:00,1413.6121550663674,1408.6121550663674,stop,2012-08-09 10:24:00,-5.31,2012,AM,-265.5,False,92.0
2012-08-13 09:56:00,2012-08-13 10:25:00,1414.640841890719,1409.640841890719,stop,2012-08-13 09:54:00,-5.31,2012,AM,-265.5,False,29.0
2012-08-13 15:07:00,2012-08-13 15:59:00,1413.8801872424272,1413.84,eod,2012-08-13 15:06:00,-0.3501872424272369,2012,PM,-17.509362121361846,False,52.0
2012-08-14 09:54:00,2012-08-14 15:35:00,1417.7425083370788,1412.7425083370788,stop,2012-08-14 09:54:00,-5.31,2012,AM,-265.5,False,341.0
2012-08-16 11:01:00,2012-08-16 14:33:00,1420.1993710650552,1428.1993710650552,target,2012-08-16 11:00:00,7.69,2012,AM,384.5,True,212.0
2012-08-21 09:52:00,2012-08-21 13:46:00,1432.1305331581152,1427.1305331581152,stop,2012-08-21 09:51:00,-5.31,2012,AM,-265.5,False,234.0
2012-08-24 15:34:00,2012-08-24 15:59:00,1421.9996936917228,1422.17,eod,2012-08-24 15:33:00,-0.1396936917226958,2012,PM,-6.98468458613479,False,25.0
2012-08-27 11:42:00,2012-08-27 15:40:00,1426.4210108714365,1421.4210108714365,stop,2012-08-27 11:42:00,-5.31,2012,AM,-265.5,False,238.0
2012-09-03 11:24:00,2012-09-03 11:29:00,1421.0292667071349,1422.42,eod,2012-09-03 11:24:00,1.0807332928652067,2012,AM,54.03666464326034,True,5.0
2012-09-11 11:12:00,2012-09-11 15:59:00,1448.437725734913,1447.16,eod,2012-09-11 11:12:00,-1.5877257349130196,2012,AM,-79.38628674565098,False,287.0
2012-09-13 11:27:00,2012-09-13 12:32:00,1452.3525011530091,1460.3525011530091,target,2012-09-13 11:27:00,7.69,2012,AM,384.5,True,65.0
2012-09-14 10:30:00,2012-09-14 11:18:00,1485.6457376220553,1480.6457376220553,stop,2012-09-14 10:30:00,-5.31,2012,AM,-265.5,False,48.0
2012-09-19 10:22:00,2012-09-19 15:59:00,1475.7570150936476,1476.44,eod,2012-09-19 10:21:00,0.3729849063524307,2012,AM,18.649245317621535,True,337.0
2012-09-21 10:01:00,2012-09-21 15:50:00,1479.4017917859674,1474.4017917859674,stop,2012-09-21 10:00:00,-5.31,2012,AM,-265.5,False,349.0
2012-09-25 10:20:00,2012-09-25 12:39:00,1475.5071135277306,1470.5071135277306,stop,2012-09-25 10:18:00,-5.31,2012,AM,-265.5,False,139.0
2012-10-03 11:39:00,2012-10-03 15:59:00,1465.5407815102235,1465.79,eod,2012-10-03 11:39:00,-0.060781510223532675,2012,AM,-3.039075511176634,False,260.0
2012-10-05 10:03:00,2012-10-05 14:10:00,1483.2110190186165,1478.2110190186165,stop,2012-10-05 10:03:00,-5.31,2012,AM,-265.5,False,247.0
2012-10-08 15:24:00,2012-10-08 15:59:00,1472.5470096336817,1471.62,eod,2012-10-08 15:24:00,-1.2370096336817915,2012,PM,-61.85048168408957,False,35.0
2012-10-11 10:56:00,2012-10-11 11:51:00,1458.0706232382931,1453.0706232382931,stop,2012-10-11 10:54:00,-5.31,2012,AM,-265.5,False,55.0
2012-10-15 11:53:00,2012-10-15 15:59:00,1449.344990951172,1456.16,eod,2012-10-15 11:51:00,6.505009048828188,2012,AM,325.2504524414094,True,246.0
2012-10-16 11:42:00,2012-10-16 15:59:00,1468.4083242688052,1470.86,eod,2012-10-16 11:42:00,2.141675731194655,2012,AM,107.08378655973274,True,257.0
2012-10-26 09:53:00,2012-10-26 10:30:00,1428.7562691712485,1423.7562691712485,stop,2012-10-26 09:51:00,-5.31,2012,AM,-265.5,False,37.0
2012-10-26 15:33:00,2012-10-26 15:59:00,1430.150374503413,1425.73,eod,2012-10-26 15:33:00,-4.730374503413086,2012,PM,-236.51872517065428,False,26.0
2012-10-31 09:57:00,2012-10-31 10:44:00,1432.0790025151284,1427.0790025151284,stop,2012-10-31 09:57:00,-5.31,2012,AM,-265.5,False,47.0
2012-10-31 15:32:00,2012-10-31 15:59:00,1427.7424321931371,1427.76,eod,2012-10-31 15:30:00,-0.2924321931371287,2012,PM,-14.621609656856435,False,27.0
2012-11-02 09:48:00,2012-11-02 10:21:00,1445.9962064139104,1440.9962064139104,stop,2012-11-02 09:48:00,-5.31,2012,AM,-265.5,False,33.0
2012-11-05 15:10:00,2012-11-05 15:59:00,1430.7047360569652,1432.32,eod,2012-11-05 15:09:00,1.3052639430347335,2012,PM,65.26319715173668,True,49.0
2012-11-13 11:25:00,2012-11-13 12:37:00,1403.4604915077884,1398.4604915077884,stop,2012-11-13 11:24:00,-5.31,2012,AM,-265.5,False,72.0
2012-11-19 15:00:00,2012-11-19 15:59:00,1400.1079452849244,1402.91,eod,2012-11-19 15:00:00,2.4920547150756556,2012,PM,124.60273575378278,True,59.0
2012-11-20 10:52:00,2012-11-20 13:10:00,1404.121838385416,1399.121838385416,stop,2012-11-20 10:51:00,-5.31,2012,AM,-265.5,False,138.0
2012-11-20 15:30:00,2012-11-20 15:59:00,1401.9,1404.18,eod,2012-11-20 15:30:00,1.9699999999999727,2012,PM,98.49999999999864,True,29.0
2012-11-21 09:47:00,2012-11-21 15:59:00,1405.8516691144202,1407.98,eod,2012-11-21 09:45:00,1.8183308855797713,2012,AM,90.91654427898857,True,372.0
2012-11-22 10:16:00,2012-11-22 11:29:00,1412.136240196717,1411.53,eod,2012-11-22 10:15:00,-0.9162401967169536,2012,AM,-45.812009835847675,False,73.0
2012-11-26 09:30:00,2012-11-26 15:59:00,1419.64,1423.45,eod,2012-11-23 13:15:00,3.4999999999999454,2012,AM,174.99999999999727,True,389.0
2012-11-27 10:02:00,2012-11-27 10:19:00,1424.4248474999326,1419.4248474999326,stop,2012-11-27 10:00:00,-5.31,2012,AM,-265.5,False,17.0
2012-11-29 10:06:00,2012-11-29 10:11:00,1435.6617524532544,1430.6617524532544,stop,2012-11-29 10:06:00,-5.31,2012,AM,-265.5,False,5.0
2012-12-07 09:47:00,2012-12-07 11:01:00,1435.8322078610834,1430.8322078610834,stop,2012-12-07 09:45:00,-5.31,2012,AM,-265.5,False,74.0
2012-12-17 11:29:00,2012-12-17 15:58:00,1443.9592717796163,1451.9592717796163,target,2012-12-17 11:27:00,7.69,2012,AM,384.5,True,269.0
2012-12-18 09:58:00,2012-12-18 10:52:00,1453.6418121627526,1461.6418121627526,target,2012-12-18 09:57:00,7.69,2012,AM,384.5,True,54.0
2012-12-18 11:27:00,2012-12-18 15:59:00,1463.1148167702836,1469.46,eod,2012-12-18 11:27:00,6.0351832297164405,2012,AM,301.759161485822,True,272.0
2012-12-19 09:40:00,2012-12-19 14:03:00,1468.499173329072,1463.499173329072,stop,2012-12-19 09:39:00,-5.31,2012,AM,-265.5,False,263.0
2012-12-28 11:06:00,2012-12-28 15:10:00,1433.577522533339,1428.577522533339,stop,2012-12-28 11:06:00,-5.31,2012,AM,-265.5,False,244.0
2013-01-02 10:19:00,2013-01-02 11:56:00,1476.5939154060804,1471.5939154060804,stop,2013-01-02 10:18:00,-5.31,2013,AM,-265.5,False,97.0
2013-01-02 15:24:00,2013-01-02 15:59:00,1475.8770564042316,1482.45,eod,2013-01-02 15:24:00,6.262943595768493,2013,PM,313.14717978842464,True,35.0
2013-01-03 10:27:00,2013-01-03 15:35:00,1482.676565378569,1477.676565378569,stop,2013-01-03 10:27:00,-5.31,2013,AM,-265.5,False,308.0
2013-01-04 15:18:00,2013-01-04 15:59:00,1487.5413479023512,1487.54,eod,2013-01-04 15:18:00,-0.3113479023511991,2013,PM,-15.567395117559954,False,41.0
2013-01-07 15:37:00,2013-01-07 15:59:00,1483.5809597692626,1482.96,eod,2013-01-07 15:36:00,-0.9309597692625267,2013,PM,-46.54798846312633,False,22.0
2013-01-08 15:33:00,2013-01-08 15:59:00,1478.6690511641814,1478.37,eod,2013-01-08 15:33:00,-0.609051164181492,2013,PM,-30.4525582090746,False,26.0
2013-01-09 10:31:00,2013-01-09 14:53:00,1485.5919488250609,1480.5919488250609,stop,2013-01-09 10:30:00,-5.31,2013,AM,-265.5,False,262.0
2013-01-10 15:28:00,2013-01-10 15:59:00,1492.7006507193869,1493.14,eod,2013-01-10 15:27:00,0.12934928061321443,2013,PM,6.467464030660722,True,31.0
2013-01-15 15:27:00,2013-01-15 15:59:00,1493.751567214458,1494.67,eod,2013-01-15 15:27:00,0.6084327855421088,2013,PM,30.421639277105438,True,32.0
2013-01-16 11:39:00,2013-01-16 15:59:00,1494.4030465879337,1494.16,eod,2013-01-16 11:39:00,-0.5530465879335771,2013,AM,-27.652329396678855,False,260.0
2013-01-21 10:56:00,2013-01-21 11:29:00,1510.3310877455708,1511.22,eod,2013-01-21 10:54:00,0.5789122544292149,2013,AM,28.945612721460744,True,33.0
2013-01-23 09:42:00,2013-01-23 15:59:00,1514.744088842539,1517.34,eod,2013-01-23 09:42:00,2.2859111574609323,2013,AM,114.29555787304662,True,377.0
2013-01-24 10:15:00,2013-01-24 13:04:00,1522.0824025923328,1517.0824025923328,stop,2013-01-24 10:15:00,-5.31,2013,AM,-265.5,False,169.0
2013-01-29 11:55:00,2013-01-29 15:59:00,1528.2249825931647,1531.85,eod,2013-01-29 11:54:00,3.3150174068352407,2013,AM,165.75087034176204,True,244.0
2013-02-01 11:24:00,2013-02-01 15:59:00,1534.3956156411273,1536.18,eod,2013-02-01 11:24:00,1.474384358872785,2013,AM,73.71921794363925,True,275.0
2013-02-06 15:38:00,2013-02-06 15:59:00,1533.9703972502125,1535.67,eod,2013-02-06 15:36:00,1.389602749787573,2013,PM,69.48013748937865,True,21.0
2013-02-07 15:21:00,2013-02-07 15:59:00,1531.7225587092007,1532.87,eod,2013-02-07 15:21:00,0.8374412907991791,2013,PM,41.872064539958956,True,38.0
2013-02-08 10:11:00,2013-02-08 15:59:00,1540.8588756400575,1541.28,eod,2013-02-08 10:09:00,0.11112435994249609,2013,AM,5.556217997124804,True,348.0
2013-02-12 10:30:00,2013-02-12 15:59:00,1543.1967482267928,1544.33,eod,2013-02-12 10:30:00,0.823251773207121,2013,AM,41.16258866035605,True,329.0
2013-02-15 10:13:00,2013-02-15 12:15:00,1548.9262126559386,1543.9262126559386,stop,2013-02-15 10:12:00,-5.31,2013,AM,-265.5,False,122.0
2013-02-19 10:09:00,2013-02-19 15:59:00,1551.48686955346,1556.81,eod,2013-02-19 10:09:00,5.013130446539836,2013,AM,250.6565223269918,True,350.0
2013-02-22 11:49:00,2013-02-22 15:59:00,1534.9865284252946,1541.28,eod,2013-02-22 11:48:00,5.983471574705336,2013,AM,299.1735787352668,True,250.0
2013-02-25 10:13:00,2013-02-25 10:27:00,1550.4159718233216,1545.4159718233216,stop,2013-02-25 10:12:00,-5.31,2013,AM,-265.5,False,14.0
2013-02-27 15:04:00,2013-02-27 15:59:00,1544.0703361913972,1543.06,eod,2013-02-27 15:03:00,-1.3203361913973004,2013,PM,-66.01680956986502,False,55.0
2013-02-28 11:34:00,2013-02-28 15:59:00,1545.9730854285763,1542.8,eod,2013-02-28 11:33:00,-3.4830854285763144,2013,AM,-174.15427142881572,False,265.0
2013-03-04 15:04:00,2013-03-04 15:59:00,1550.375702136351,1552.23,eod,2013-03-04 15:03:00,1.5442978636489806,2013,PM,77.21489318244903,True,55.0
2013-03-05 10:14:00,2013-03-05 13:34:00,1563.5405338267324,1571.5405338267324,target,2013-03-05 10:12:00,7.69,2013,AM,384.5,True,200.0
2013-03-07 15:37:00,2013-03-07 15:59:00,1573.023595900668,1573.36,eod,2013-03-07 15:36:00,0.026404099331957698,2013,PM,1.3202049665978848,True,22.0
2013-03-12 09:30:00,2013-03-12 11:24:00,1583.55,1578.55,stop,2013-03-11 16:00:00,-5.31,2013,AM,-265.5,False,114.0
2013-03-14 10:49:00,2013-03-14 15:59:00,1588.9406792640116,1590.96,eod,2013-03-14 10:48:00,1.7093207359884581,2013,AM,85.46603679942291,True,310.0
2013-03-20 09:59:00,2013-03-20 15:59:00,1584.9625266212465,1587.38,eod,2013-03-20 09:57:00,2.107473378753584,2013,AM,105.37366893767921,True,360.0
2013-03-25 10:13:00,2013-03-25 10:41:00,1592.5826266888298,1587.5826266888298,stop,2013-03-25 10:12:00,-5.31,2013,AM,-265.5,False,28.0
2013-03-27 11:54:00,2013-03-27 15:59:00,1589.0929580623465,1591.47,eod,2013-03-27 11:54:00,2.06704193765353,2013,AM,103.3520968826765,True,245.0
2013-03-28 10:47:00,2013-03-28 15:59:00,1594.2974894407716,1598.88,eod,2013-03-28 10:45:00,4.272510559228468,2013,AM,213.6255279614234,True,312.0
2013-04-02 11:07:00,2013-04-02 15:23:00,1602.2989050430335,1597.2989050430335,stop,2013-04-02 11:06:00,-5.31,2013,AM,-265.5,False,256.0
2013-04-05 15:00:00,2013-04-05 15:59:00,1578.2137422885262,1582.78,eod,2013-04-05 15:00:00,4.256257711473782,2013,PM,212.8128855736891,True,59.0
2013-04-08 09:32:00,2013-04-08 15:31:00,1581.56364223553,1589.56364223553,target,2013-04-05 16:00:00,7.69,2013,AM,384.5,True,359.0
2013-04-09 09:44:00,2013-04-09 13:26:00,1593.6392508622855,1601.6392508622855,target,2013-04-09 09:42:00,7.69,2013,AM,384.5,True,222.0
2013-04-11 10:15:00,2013-04-11 15:59:00,1621.1708163217043,1624.45,eod,2013-04-11 10:15:00,2.9691836782957943,2013,AM,148.45918391478972,True,344.0
2013-04-12 15:27:00,2013-04-12 15:59:00,1617.55,1619.08,eod,2013-04-12 15:27:00,1.2199999999999727,2013,PM,60.999999999998636,True,32.0
2013-04-17 09:30:00,2013-04-17 09:35:00,1593.77,1588.77,stop,2013-04-16 16:00:00,-5.31,2013,AM,-265.5,False,5.0
2013-04-19 11:29:00,2013-04-19 15:59:00,1581.8204460384998,1585.59,eod,2013-04-19 11:27:00,3.4595539615001507,2013,AM,172.97769807500754,True,270.0
2013-04-23 15:07:00,2013-04-23 15:59:00,1606.539502550794,1609.62,eod,2013-04-23 15:06:00,2.77049744920595,2013,PM,138.5248724602975,True,52.0
2013-04-24 09:41:00,2013-04-24 15:59:00,1610.2625885572206,1608.6,eod,2013-04-24 09:39:00,-1.9725885572207154,2013,AM,-98.62942786103577,False,378.0
2013-04-26 15:39:00,2013-04-26 15:59:00,1616.2265206598086,1614.48,eod,2013-04-26 15:39:00,-2.056520659808539,2013,PM,-102.82603299042694,False,20.0
2013-04-29 10:39:00,2013-04-29 15:59:00,1621.7415859174957,1623.43,eod,2013-04-29 10:39:00,1.3784140825043232,2013,AM,68.92070412521616,True,320.0
2013-05-01 09:30:00,2013-05-01 10:14:00,1624.71,1619.71,stop,2013-04-30 16:00:00,-5.31,2013,AM,-265.5,False,44.0
2013-05-02 11:37:00,2013-05-02 15:59:00,1627.075218861262,1628.54,eod,2013-05-02 11:36:00,1.1547811387378624,2013,AM,57.73905693689312,True,262.0
2013-05-06 10:40:00,2013-05-06 15:59:00,1648.9600365314366,1649.25,eod,2013-05-06 10:39:00,-0.020036531436571747,2013,AM,-1.0018265718285875,False,319.0
2013-05-07 15:15:00,2013-05-07 15:59:00,1657.7994633269407,1657.43,eod,2013-05-07 15:15:00,-0.6794633269406041,2013,PM,-33.9731663470302,False,44.0
2013-05-08 10:58:00,2013-05-08 15:59:00,1661.6580257391163,1665.36,eod,2013-05-08 10:57:00,3.3919742608836168,2013,AM,169.59871304418084,True,301.0
2013-05-13 09:30:00,2013-05-13 15:59:00,1664.08,1667.4,eod,2013-05-10 16:00:00,3.0100000000001637,2013,AM,150.50000000000819,True,389.0
2013-05-14 11:09:00,2013-05-14 15:59:00,1681.0052724687162,1684.53,eod,2013-05-14 11:09:00,3.2147275312838155,2013,AM,160.73637656419078,True,290.0
2013-05-15 09:30:00,2013-05-15 11:37:00,1682.23,1690.23,target,2013-05-14 16:00:00,7.69,2013,AM,384.5,True,127.0
2013-05-17 11:42:00,2013-05-17 15:23:00,1693.7738030879025,1701.7738030879025,target,2013-05-17 11:42:00,7.69,2013,AM,384.5,True,221.0
2013-05-17 15:40:00,2013-05-17 15:59:00,1701.6792640798226,1702.17,eod,2013-05-17 15:39:00,0.18073592017748524,2013,PM,9.036796008874262,True,19.0
2013-05-20 10:33:00,2013-05-20 15:59:00,1703.3276815926115,1701.4,eod,2013-05-20 10:33:00,-2.237681592611407,2013,AM,-111.88407963057034,False,326.0
2013-05-22 10:32:00,2013-05-22 10:37:00,1718.4936393182074,1713.4936393182074,stop,2013-05-22 10:30:00,-5.31,2013,AM,-265.5,False,5.0
2013-05-27 10:12:00,2013-05-27 11:29:00,1686.7316770198786,1689.9,eod,2013-05-27 10:12:00,2.858322980121502,2013,AM,142.9161490060751,True,77.0
2013-05-30 10:05:00,2013-05-30 15:59:00,1692.1896902364902,1690.67,eod,2013-05-30 10:03:00,-1.829690236490078,2013,AM,-91.4845118245039,False,354.0
2013-06-04 10:00:00,2013-06-04 11:00:00,1679.4397722003328,1674.4397722003328,stop,2013-06-04 10:00:00,-5.31,2013,AM,-265.5,False,60.0
2013-06-06 15:42:00,2013-06-06 15:59:00,1652.910055211373,1656.66,eod,2013-06-06 15:42:00,3.43994478862709,2013,PM,171.9972394313545,True,17.0
2013-06-10 09:41:00,2013-06-10 10:07:00,1680.7625619275148,1675.7625619275148,stop,2013-06-10 09:39:00,-5.31,2013,AM,-265.5,False,26.0
2013-06-18 10:47:00,2013-06-18 14:48:00,1683.339864165352,1691.339864165352,target,2013-06-18 10:45:00,7.69,2013,AM,384.5,True,241.0
2013-06-25 15:43:00,2013-06-25 15:59:00,1626.3969753347112,1623.78,eod,2013-06-25 15:42:00,-2.926975334711242,2013,PM,-146.3487667355621,False,16.0
2013-06-27 10:43:00,2013-06-27 12:08:00,1654.4247104243004,1649.4247104243004,stop,2013-06-27 10:42:00,-5.31,2013,AM,-265.5,False,85.0
2013-07-11 10:03:00,2013-07-11 14:34:00,1706.0352107178348,1714.0352107178348,target,2013-07-11 10:03:00,7.69,2013,AM,384.5,True,271.0
2013-07-15 09:39:00,2013-07-15 15:59:00,1717.17,1721.27,eod,2013-07-15 09:39:00,3.789999999999909,2013,AM,189.49999999999545,True,380.0
2013-07-22 09:42:00,2013-07-22 15:59:00,1731.7379476417907,1734.36,eod,2013-07-22 09:42:00,2.3120523582092027,2013,AM,115.60261791046014,True,377.0
2013-07-23 09:53:00,2013-07-23 10:37:00,1736.748292181484,1731.748292181484,stop,2013-07-23 09:51:00,-5.31,2013,AM,-265.5,False,44.0
2013-07-23 15:00:00,2013-07-23 15:59:00,1735.43186149645,1732.05,eod,2013-07-23 15:00:00,-3.6918614964500285,2013,PM,-184.59307482250142,False,59.0
2013-07-26 15:04:00,2013-07-26 15:59:00,1726.2132268306977,1730.25,eod,2013-07-26 15:03:00,3.7267731693022506,2013,PM,186.33865846511253,True,55.0
2013-07-29 09:30:00,2013-07-29 11:25:00,1726.4,1721.4,stop,2013-07-26 16:00:00,-5.31,2013,AM,-265.5,False,115.0
2013-07-31 11:05:00,2013-07-31 12:31:00,1735.7645386562908,1730.7645386562908,stop,2013-07-31 11:03:00,-5.31,2013,AM,-265.5,False,86.0
2013-08-07 15:24:00,2013-08-07 15:59:00,1732.4659936735263,1731.79,eod,2013-08-07 15:24:00,-0.9859936735263637,2013,PM,-49.29968367631818,False,35.0
2013-08-09 09:53:00,2013-08-09 10:20:00,1738.9633402585616,1733.9633402585616,stop,2013-08-09 09:51:00,-5.31,2013,AM,-265.5,False,27.0
2013-08-13 09:40:00,2013-08-13 10:04:00,1732.0036981510261,1727.0036981510261,stop,2013-08-13 09:39:00,-5.31,2013,AM,-265.5,False,24.0
2013-08-23 11:06:00,2013-08-23 15:59:00,1701.2643355142925,1705.11,eod,2013-08-23 11:06:00,3.5356644857074024,2013,AM,176.78322428537012,True,293.0
2013-08-26 09:56:00,2013-08-26 15:15:00,1706.346853762858,1701.346853762858,stop,2013-08-26 09:54:00,-5.31,2013,AM,-265.5,False,319.0
2013-09-04 10:33:00,2013-09-04 12:13:00,1688.94,1696.94,target,2013-09-04 10:33:00,7.69,2013,AM,384.5,True,100.0
2013-09-10 10:16:00,2013-09-10 15:59:00,1723.941561289737,1726.4,eod,2013-09-10 10:15:00,2.148438710263181,2013,AM,107.42193551315904,True,343.0
2013-09-12 10:10:00,2013-09-12 12:14:00,1731.8945746261986,1726.8945746261986,stop,2013-09-12 10:09:00,-5.31,2013,AM,-265.5,False,124.0
2013-09-16 09:54:00,2013-09-16 14:36:00,1735.38942075585,1730.38942075585,stop,2013-09-16 09:54:00,-5.31,2013,AM,-265.5,False,282.0
2013-10-04 10:22:00,2013-10-04 14:51:00,1718.1755455324046,1726.1755455324046,target,2013-10-04 10:21:00,7.69,2013,AM,384.5,True,269.0
2013-10-04 15:03:00,2013-10-04 15:59:00,1725.1428483860914,1724.11,eod,2013-10-04 15:03:00,-1.342848386091473,2013,PM,-67.14241930457365,False,56.0
2013-10-10 15:33:00,2013-10-10 15:59:00,1725.2608942902648,1726.93,eod,2013-10-10 15:33:00,1.3591057097352768,2013,PM,67.95528548676384,True,26.0
2013-10-11 10:19:00,2013-10-11 12:20:00,1730.1796431390694,1738.1796431390694,target,2013-10-11 10:18:00,7.69,2013,AM,384.5,True,121.0
2013-10-15 11:34:00,2013-10-15 12:17:00,1745.0746963029255,1740.0746963029255,stop,2013-10-15 11:33:00,-5.31,2013,AM,-265.5,False,43.0
2013-10-16 11:19:00,2013-10-16 14:40:00,1756.351096037079,1751.351096037079,stop,2013-10-16 11:18:00,-5.31,2013,AM,-265.5,False,201.0
2013-10-17 09:30:00,2013-10-17 11:02:00,1750.23,1758.23,target,2013-10-16 16:00:00,7.69,2013,AM,384.5,True,92.0
2013-10-17 11:59:00,2013-10-17 15:50:00,1761.851748468538,1769.851748468538,target,2013-10-17 11:57:00,7.69,2013,AM,384.5,True,231.0
2013-10-18 10:14:00,2013-10-18 15:59:00,1776.1824239775951,1780.44,eod,2013-10-18 10:12:00,3.947576022404919,2013,AM,197.37880112024595,True,345.0
2013-10-21 10:12:00,2013-10-21 14:23:00,1782.4534762402195,1777.4534762402195,stop,2013-10-21 10:12:00,-5.31,2013,AM,-265.5,False,251.0
2013-10-23 15:00:00,2013-10-23 15:59:00,1783.8523096028227,1781.98,eod,2013-10-23 15:00:00,-2.1823096028227247,2013,PM,-109.11548014113623,False,59.0
2013-10-28 09:33:00,2013-10-28 15:59:00,1795.5822768306728,1799.39,eod,2013-10-28 09:33:00,3.497723169327346,2013,AM,174.8861584663673,True,386.0
2013-10-30 09:42:00,2013-10-30 11:31:00,1810.3313850078719,1805.3313850078719,stop,2013-10-30 09:42:00,-5.31,2013,AM,-265.5,False,109.0
2013-11-05 09:30:00,2013-11-05 10:01:00,1798.62,1793.62,stop,2013-11-04 16:00:00,-5.31,2013,AM,-265.5,False,31.0
2013-11-06 11:54:00,2013-11-06 15:59:00,1806.1893202941058,1808.35,eod,2013-11-06 11:54:00,1.8506797058941538,2013,AM,92.53398529470769,True,245.0
2013-11-07 09:49:00,2013-11-07 10:09:00,1811.502292817863,1806.502292817863,stop,2013-11-07 09:48:00,-5.31,2013,AM,-265.5,False,20.0
2013-11-11 09:33:00,2013-11-11 15:59:00,1807.2599302169046,1810.4,eod,2013-11-11 09:33:00,2.8300697830954413,2013,AM,141.50348915477207,True,386.0
2013-11-14 09:43:00,2013-11-14 11:17:00,1821.8799958684278,1829.8799958684278,target,2013-11-14 09:42:00,7.69,2013,AM,384.5,True,94.0
2013-11-14 11:29:00,2013-11-14 15:59:00,1829.1698050632788,1831.65,eod,2013-11-14 11:27:00,2.1701949367213182,2013,AM,108.50974683606591,True,270.0
2013-11-15 15:41:00,2013-11-15 15:59:00,1837.529750485964,1838.05,eod,2013-11-15 15:39:00,0.21024951403586783,2013,PM,10.512475701793392,True,18.0
2013-11-18 09:42:00,2013-11-18 15:01:00,1840.0388789600727,1835.0388789600727,stop,2013-11-18 09:42:00,-5.31,2013,AM,-265.5,False,319.0
2013-11-20 10:28:00,2013-11-20 14:00:00,1833.608788834811,1828.608788834811,stop,2013-11-20 10:27:00,-5.31,2013,AM,-265.5,False,212.0
2013-11-21 11:16:00,2013-11-21 15:59:00,1833.3814238746652,1837.79,eod,2013-11-21 11:15:00,4.098576125334776,2013,AM,204.9288062667388,True,283.0
2013-11-22 10:42:00,2013-11-22 15:59:00,1839.4473355008258,1846.24,eod,2013-11-22 10:42:00,6.48266449917418,2013,AM,324.133224958709,True,317.0
2013-11-25 09:47:00,2013-11-25 15:35:00,1848.1458739995585,1843.1458739995585,stop,2013-11-25 09:45:00,-5.31,2013,AM,-265.5,False,348.0
2013-11-28 09:53:00,2013-11-28 11:29:00,1851.955411750043,1852.13,eod,2013-11-28 09:51:00,-0.13541175004280376,2013,AM,-6.770587502140188,False,96.0
2013-12-06 11:53:00,2013-12-06 15:59:00,1844.489828149085,1847.52,eod,2013-12-06 11:51:00,2.7201718509149395,2013,AM,136.00859254574698,True,246.0
2013-12-09 10:10:00,2013-12-09 15:59:00,1852.8166886080276,1851.11,eod,2013-12-09 10:09:00,-2.016688608027662,2013,AM,-100.83443040138309,False,349.0
2013-12-18 10:00:00,2013-12-18 12:01:00,1824.6062504771462,1819.6062504771462,stop,2013-12-18 10:00:00,-5.31,2013,AM,-265.5,False,121.0
2013-12-19 15:09:00,2013-12-19 15:59:00,1851.4644300437485,1851.71,eod,2013-12-19 15:09:00,-0.06443004374847078,2013,PM,-3.221502187423539,False,50.0
2013-12-20 10:03:00,2013-12-20 14:19:00,1858.5209409661268,1866.5209409661268,target,2013-12-20 10:03:00,7.69,2013,AM,384.5,True,256.0
2013-12-24 09:46:00,2013-12-24 13:14:00,1872.5398648341147,1877.9,eod,2013-12-24 09:45:00,5.050135165885368,2013,AM,252.5067582942684,True,208.0
2013-12-26 09:52:00,2013-12-26 15:59:00,1880.648461870232,1886.11,eod,2013-12-26 09:51:00,5.15153812976786,2013,AM,257.576906488393,True,367.0
2013-12-27 09:56:00,2013-12-27 15:59:00,1887.5852620864598,1885.34,eod,2013-12-27 09:54:00,-2.5552620864598885,2013,AM,-127.76310432299442,False,363.0
2013-12-31 10:16:00,2013-12-31 15:59:00,1888.59609424316,1890.22,eod,2013-12-31 10:15:00,1.3139057568400312,2013,AM,65.69528784200156,True,343.0
2014-01-03 10:06:00,2014-01-03 11:28:00,1880.299131868564,1875.299131868564,stop,2014-01-03 10:06:00,-5.31,2014,AM,-265.5,False,82.0
2014-01-10 09:54:00,2014-01-10 10:03:00,1884.22097695722,1879.22097695722,stop,2014-01-10 09:54:00,-5.31,2014,AM,-265.5,False,9.0
2014-01-14 11:36:00,2014-01-14 15:59:00,1875.944402177962,1882.52,eod,2014-01-14 11:36:00,6.265597822037935,2014,AM,313.27989110189674,True,263.0
2014-01-15 11:21:00,2014-01-15 15:59:00,1893.1172428100167,1891.5,eod,2014-01-15 11:21:00,-1.9272428100167054,2014,AM,-96.36214050083527,False,278.0
2014-01-22 09:41:00,2014-01-22 15:59:00,1888.0023026580004,1889.71,eod,2014-01-22 09:39:00,1.3976973419996193,2014,AM,69.88486709998097,True,378.0
2014-01-24 09:30:00,2014-01-24 09:44:00,1860.44,1855.44,stop,2014-01-23 16:00:00,-5.31,2014,AM,-265.5,False,14.0
2014-01-27 15:20:00,2014-01-27 15:34:00,1834.7196376708564,1829.7196376708564,stop,2014-01-27 15:18:00,-5.31,2014,PM,-265.5,False,14.0
2014-01-28 10:13:00,2014-01-28 11:40:00,1832.7306816651103,1827.7306816651103,stop,2014-01-28 10:12:00,-5.31,2014,AM,-265.5,False,87.0
2014-01-30 15:00:00,2014-01-30 15:59:00,1837.34,1837.08,eod,2014-01-30 15:00:00,-0.569999999999991,2014,PM,-28.49999999999955,False,59.0
2014-02-07 09:53:00,2014-02-07 10:27:00,1825.8375258325188,1820.8375258325188,stop,2014-02-07 09:51:00,-5.31,2014,AM,-265.5,False,34.0
2014-02-07 15:27:00,2014-02-07 15:59:00,1838.432374163277,1840.42,eod,2014-02-07 15:27:00,1.6776258367230548,2014,PM,83.88129183615274,True,32.0
2014-02-11 10:02:00,2014-02-11 11:24:00,1847.6689383187597,1855.6689383187597,target,2014-02-11 10:00:00,7.69,2014,AM,384.5,True,82.0
2014-02-11 15:25:00,2014-02-11 15:59:00,1866.6771096653094,1863.01,eod,2014-02-11 15:24:00,-3.9771096653094538,2014,PM,-198.85548326547269,False,34.0
2014-02-14 10:46:00,2014-02-14 14:51:00,1879.4803484799347,1887.4803484799347,target,2014-02-14 10:45:00,7.69,2014,AM,384.5,True,245.0
2014-02-14 15:06:00,2014-02-14 15:59:00,1887.03479571447,1884.32,eod,2014-02-14 15:06:00,-3.0247957144700286,2014,PM,-151.23978572350143,False,53.0
2014-02-18 11:34:00,2014-02-18 15:59:00,1888.0863027121566,1886.63,eod,2014-02-18 11:33:00,-1.7663027121564574,2014,AM,-88.31513560782287,False,265.0
2014-02-21 10:09:00,2014-02-21 14:30:00,1890.1543576539698,1885.1543576539698,stop,2014-02-21 10:09:00,-5.31,2014,AM,-265.5,False,261.0
2014-02-28 10:38:00,2014-02-28 14:45:00,1912.909037334192,1907.909037334192,stop,2014-02-28 10:36:00,-5.31,2014,AM,-265.5,False,247.0
2014-03-04 15:28:00,2014-03-04 15:59:00,1923.0567602758488,1922.05,eod,2014-03-04 15:27:00,-1.3167602758488193,2014,PM,-65.83801379244096,False,31.0
2014-03-10 15:00:00,2014-03-10 15:59:00,1923.4901786256485,1926.93,eod,2014-03-10 15:00:00,3.1298213743515952,2014,PM,156.49106871757976,True,59.0
2014-03-11 09:37:00,2014-03-11 09:52:00,1927.133635566924,1922.133635566924,stop,2014-03-11 09:36:00,-5.31,2014,AM,-265.5,False,15.0
2014-03-17 15:18:00,2014-03-17 15:59:00,1910.565230337926,1908.23,eod,2014-03-17 15:18:00,-2.6452303379260775,2014,PM,-132.26151689630387,False,41.0
2014-03-18 11:36:00,2014-03-18 15:59:00,1920.39572200553,1922.92,eod,2014-03-18 11:36:00,2.2142779944701396,2014,AM,110.71389972350698,True,263.0
2014-03-21 09:59:00,2014-03-21 13:12:00,1930.0251503531738,1925.0251503531738,stop,2014-03-21 09:57:00,-5.31,2014,AM,-265.5,False,193.0
2014-03-26 09:48:00,2014-03-26 13:25:00,1921.5009667761874,1916.5009667761874,stop,2014-03-26 09:48:00,-5.31,2014,AM,-265.5,False,217.0
2014-04-02 09:33:00,2014-04-02 15:29:00,1935.3056070256005,1943.3056070256005,target,2014-04-02 09:33:00,7.69,2014,AM,384.5,True,356.0
2014-04-10 09:30:00,2014-04-10 10:19:00,1922.642258068102,1917.642258068102,stop,2014-04-09 16:00:00,-5.31,2014,AM,-265.5,False,49.0
2014-04-16 09:49:00,2014-04-16 12:11:00,1901.367977394449,1909.367977394449,target,2014-04-16 09:48:00,7.69,2014,AM,384.5,True,142.0
2014-04-16 15:02:00,2014-04-16 15:59:00,1908.244981481756,1912.61,eod,2014-04-16 15:00:00,4.055018518243915,2014,PM,202.75092591219575,True,57.0
2014-04-17 09:30:00,2014-04-17 13:11:00,1910.55,1918.55,target,2014-04-16 16:00:00,7.69,2014,AM,384.5,True,221.0
2014-04-17 15:30:00,2014-04-17 15:59:00,1919.8364432286905,1916.47,eod,2014-04-17 15:30:00,-3.676443228690514,2014,PM,-183.8221614345257,False,29.0
2014-04-21 10:13:00,2014-04-21 10:36:00,1920.0184270839895,1915.0184270839895,stop,2014-04-21 10:12:00,-5.31,2014,AM,-265.5,False,23.0
2014-04-24 11:45:00,2014-04-24 13:48:00,1933.791374700189,1928.791374700189,stop,2014-04-24 11:45:00,-5.31,2014,AM,-265.5,False,123.0
2014-04-29 10:53:00,2014-04-29 15:59:00,1927.6228671513204,1930.65,eod,2014-04-29 10:51:00,2.7171328486796846,2014,AM,135.85664243398423,True,306.0
2014-04-30 11:49:00,2014-04-30 15:59:00,1930.345799909173,1934.51,eod,2014-04-30 11:48:00,3.85420009082708,2014,AM,192.710004541354,True,250.0
2014-05-05 15:00:00,2014-05-05 15:59:00,1936.2799915171004,1936.58,eod,2014-05-05 15:00:00,-0.009991517100443159,2014,PM,-0.49957585502215796,False,59.0
2014-05-08 09:30:00,2014-05-08 09:49:00,1929.1,1937.1,target,2014-05-07 16:00:00,7.69,2014,AM,384.5,True,19.0
2014-05-08 11:59:00,2014-05-08 13:12:00,1941.5162890134734,1936.5162890134734,stop,2014-05-08 11:57:00,-5.31,2014,AM,-265.5,False,73.0
2014-05-13 09:54:00,2014-05-13 15:59:00,1953.59756304318,1951.78,eod,2014-05-13 09:54:00,-2.1275630431799164,2014,AM,-106.37815215899582,False,365.0
2014-05-16 11:27:00,2014-05-16 15:59:00,1925.5785243581972,1932.45,eod,2014-05-16 11:27:00,6.561475641802818,2014,AM,328.07378209014087,True,272.0
2014-05-19 10:29:00,2014-05-19 15:59:00,1935.087275187523,1941.22,eod,2014-05-19 10:27:00,5.822724812477136,2014,AM,291.1362406238568,True,330.0
2014-05-22 10:03:00,2014-05-22 15:59:00,1946.1013833101981,1949.21,eod,2014-05-22 10:03:00,2.79861668980192,2014,AM,139.930834490096,True,356.0
2014-05-23 10:23:00,2014-05-23 15:59:00,1952.0634615157865,1956.94,eod,2014-05-23 10:21:00,4.566538484213598,2014,AM,228.3269242106799,True,336.0
2014-05-26 10:26:00,2014-05-26 12:59:00,1961.9310123877065,1963.12,eod,2014-05-26 10:24:00,0.878987612293431,2014,AM,43.949380614671554,True,153.0
2014-05-27 09:59:00,2014-05-27 15:59:00,1964.8586580185765,1968.02,eod,2014-05-27 09:57:00,2.8513419814234475,2014,AM,142.56709907117238,True,360.0
2014-05-29 15:07:00,2014-05-29 15:59:00,1974.898433929446,1976.78,eod,2014-05-29 15:06:00,1.5715660705540722,2014,PM,78.57830352770361,True,52.0
2014-05-30 10:19:00,2014-05-30 15:59:00,1977.052165394738,1980.91,eod,2014-05-30 10:18:00,3.5478346052620418,2014,AM,177.3917302631021,True,340.0
2014-06-02 09:41:00,2014-06-02 10:04:00,1980.582116211624,1975.582116211624,stop,2014-06-02 09:39:00,-5.31,2014,AM,-265.5,False,23.0
2014-06-04 11:16:00,2014-06-04 15:59:00,1983.1811385715027,1985.55,eod,2014-06-04 11:15:00,2.0588614284972118,2014,AM,102.94307142486059,True,283.0
2014-06-05 09:39:00,2014-06-05 10:14:00,1986.8308934277275,1981.8308934277275,stop,2014-06-05 09:39:00,-5.31,2014,AM,-265.5,False,35.0
2014-06-06 10:14:00,2014-06-06 15:59:00,2005.2567300093442,2007.45,eod,2014-06-06 10:12:00,1.8832699906558354,2014,AM,94.16349953279177,True,345.0
2014-06-09 09:57:00,2014-06-09 15:59:00,2009.6011344202614,2009.51,eod,2014-06-09 09:57:00,-0.4011344202613691,2014,AM,-20.056721013068454,False,362.0
2014-06-10 15:38:00,2014-06-10 15:59:00,2008.9777446775297,2009.26,eod,2014-06-10 15:36:00,-0.027744677529708495,2014,PM,-1.3872338764854248,False,21.0
2014-06-13 15:16:00,2014-06-13 15:45:00,1995.3837157119965,1990.3837157119965,stop,2014-06-13 15:15:00,-5.31,2014,PM,-265.5,False,29.0
2014-06-18 10:04:00,2014-06-18 11:00:00,2002.8306202581996,1997.8306202581996,stop,2014-06-18 10:03:00,-5.31,2014,AM,-265.5,False,56.0
2014-06-19 15:39:00,2014-06-19 15:59:00,2017.07,2017.84,eod,2014-06-19 15:39:00,0.4599999999999818,2014,PM,22.99999999999909,True,20.0
2014-06-20 10:03:00,2014-06-20 15:59:00,2021.0236720385235,2022.5,eod,2014-06-20 10:03:00,1.1663279614764996,2014,AM,58.316398073824985,True,356.0
2014-06-23 09:31:00,2014-06-23 15:59:00,2021.9284243674913,2022.24,eod,2014-06-20 16:00:00,0.0015756325087204481,2014,AM,0.0787816254360224,True,388.0
2014-06-24 09:30:00,2014-06-24 10:30:00,2017.84,2025.84,target,2014-06-23 16:00:00,7.69,2014,AM,384.5,True,60.0
2014-06-24 11:07:00,2014-06-24 13:06:00,2026.6580758657587,2021.6580758657587,stop,2014-06-24 11:06:00,-5.31,2014,AM,-265.5,False,119.0
2014-06-26 15:16:00,2014-06-26 15:59:00,2016.051715132195,2016.03,eod,2014-06-26 15:15:00,-0.33171513219514054,2014,PM,-16.585756609757027,False,43.0
2014-06-27 11:08:00,2014-06-27 13:18:00,2016.35805106207,2011.35805106207,stop,2014-06-27 11:06:00,-5.31,2014,AM,-265.5,False,130.0
2014-06-30 09:30:00,2014-06-30 15:59:00,2019.66,2019.14,eod,2014-06-27 16:00:00,-0.8299999999999819,2014,AM,-41.49999999999909,False,389.0
2014-07-01 11:46:00,2014-07-01 15:59:00,2034.167127324514,2034.92,eod,2014-07-01 11:45:00,0.44287267548605996,2014,AM,22.143633774302998,True,253.0
2014-07-09 10:54:00,2014-07-09 15:59:00,2031.3520493276983,2034.14,eod,2014-07-09 10:54:00,2.477950672301804,2014,AM,123.8975336150902,True,305.0
2014-07-16 09:51:00,2014-07-16 15:59:00,2042.0131453673102,2043.19,eod,2014-07-16 09:51:00,0.8668546326898103,2014,AM,43.34273163449052,True,368.0
2014-07-23 10:54:00,2014-07-23 15:59:00,2050.5445172067343,2049.92,eod,2014-07-23 10:54:00,-0.9345172067342538,2014,AM,-46.725860336712685,False,305.0
2014-07-24 11:39:00,2014-07-24 15:07:00,2053.28,2048.28,stop,2014-07-24 11:39:00,-5.31,2014,AM,-265.5,False,208.0
2014-07-29 10:23:00,2014-07-29 11:07:00,2046.2525311358743,2041.2525311358743,stop,2014-07-29 10:21:00,-5.31,2014,AM,-265.5,False,44.0
2014-08-11 11:33:00,2014-08-11 13:52:00,2006.4602328580045,2001.4602328580045,stop,2014-08-11 11:33:00,-5.31,2014,AM,-265.5,False,139.0
2014-08-13 11:42:00,2014-08-13 15:59:00,2010.8349899270834,2009.83,eod,2014-08-13 11:42:00,-1.314989927083443,2014,AM,-65.74949635417215,False,257.0
2014-08-14 09:42:00,2014-08-14 15:59:00,2012.5866192397007,2019.4,eod,2014-08-14 09:42:00,6.503380760299424,2014,AM,325.1690380149712,True,377.0
2014-08-15 10:15:00,2014-08-15 10:44:00,2026.604506858655,2021.604506858655,stop,2014-08-15 10:15:00,-5.31,2014,AM,-265.5,False,29.0
2014-08-18 10:29:00,2014-08-18 15:59:00,2033.309685814718,2036.21,eod,2014-08-18 10:27:00,2.5903141852820135,2014,AM,129.51570926410068,True,330.0
2014-08-19 09:46:00,2014-08-19 14:22:00,2039.125573613332,2047.125573613332,target,2014-08-19 09:45:00,7.69,2014,AM,384.5,True,276.0
2014-08-20 10:33:00,2014-08-20 15:59:00,2047.5995334245363,2052.51,eod,2014-08-20 10:33:00,4.600466575463943,2014,AM,230.02332877319716,True,326.0
2014-08-21 10:03:00,2014-08-21 15:59:00,2055.9151679628603,2058.2,eod,2014-08-21 10:03:00,1.9748320371394947,2014,AM,98.74160185697474,True,356.0
2014-08-26 10:00:00,2014-08-26 15:59:00,2067.9481300539137,2066.73,eod,2014-08-26 10:00:00,-1.5281300539136828,2014,AM,-76.40650269568414,False,359.0
2014-08-29 09:46:00,2014-08-29 10:12:00,2066.457717019575,2061.457717019575,stop,2014-08-29 09:45:00,-5.31,2014,AM,-265.5,False,26.0
2014-09-01 09:30:00,2014-09-01 12:59:00,2068.54,2070.61,eod,2014-08-29 16:00:00,1.7600000000001637,2014,AM,88.00000000000819,True,209.0
2014-09-02 09:37:00,2014-09-02 11:52:00,2071.0036176716267,2066.0036176716267,stop,2014-09-02 09:36:00,-5.31,2014,AM,-265.5,False,135.0
2014-09-03 09:54:00,2014-09-03 11:29:00,2074.699870725382,2069.699870725382,stop,2014-09-03 09:54:00,-5.31,2014,AM,-265.5,False,95.0
2014-09-08 09:30:00,2014-09-08 13:19:00,2072.94,2067.94,stop,2014-09-05 16:00:00,-5.31,2014,AM,-265.5,False,229.0
2014-09-11 15:06:00,2014-09-11 15:59:00,2063.6915676279946,2065.96,eod,2014-09-11 15:06:00,1.9584323720054635,2014,PM,97.92161860027318,True,53.0
2014-09-12 09:30:00,2014-09-12 09:47:00,2064.15,2059.15,stop,2014-09-11 16:00:00,-5.31,2014,AM,-265.5,False,17.0
2014-09-16 10:24:00,2014-09-16 11:50:00,2058.45755064889,2066.45755064889,target,2014-09-16 10:24:00,7.69,2014,AM,384.5,True,86.0
2014-09-24 15:29:00,2014-09-24 15:59:00,2071.11210094969,2070.96,eod,2014-09-24 15:27:00,-0.46210094969006604,2014,PM,-23.105047484503302,False,30.0
2014-09-30 11:20:00,2014-09-30 12:24:00,2054.094173364417,2049.094173364417,stop,2014-09-30 11:18:00,-5.31,2014,AM,-265.5,False,64.0
2014-10-03 11:00:00,2014-10-03 12:44:00,2032.836364113771,2040.836364113771,target,2014-10-03 11:00:00,7.69,2014,AM,384.5,True,104.0
2014-10-16 10:58:00,2014-10-16 11:22:00,1922.1448697473822,1930.1448697473822,target,2014-10-16 10:57:00,7.69,2014,AM,384.5,True,24.0
2014-10-17 11:30:00,2014-10-17 13:09:00,1961.8003752150325,1956.8003752150325,stop,2014-10-17 11:30:00,-5.31,2014,AM,-265.5,False,99.0
2014-10-20 15:36:00,2014-10-20 15:59:00,1970.7700776515214,1973.2,eod,2014-10-20 15:36:00,2.1199223484786125,2014,PM,105.99611742393063,True,23.0
2014-10-21 10:17:00,2014-10-21 11:28:00,1991.8467024172207,1999.8467024172207,target,2014-10-21 10:15:00,7.69,2014,AM,384.5,True,71.0
2014-10-21 15:32:00,2014-10-21 15:59:00,2010.7231791078457,2011.42,eod,2014-10-21 15:30:00,0.3868208921543919,2014,PM,19.341044607719596,True,27.0
2014-10-22 10:05:00,2014-10-22 12:37:00,2015.8621497668341,2010.8621497668341,stop,2014-10-22 10:03:00,-5.31,2014,AM,-265.5,False,152.0
2014-10-24 11:55:00,2014-10-24 13:16:00,2031.6020932449906,2026.6020932449906,stop,2014-10-24 11:54:00,-5.31,2014,AM,-265.5,False,81.0
2014-10-28 10:09:00,2014-10-28 15:01:00,2043.2489383430911,2051.248938343091,target,2014-10-28 10:09:00,7.69,2014,AM,384.5,True,292.0
2014-10-30 11:42:00,2014-10-30 13:19:00,2057.088376262906,2065.088376262906,target,2014-10-30 11:42:00,7.69,2014,AM,384.5,True,97.0
2014-10-31 10:02:00,2014-10-31 11:08:00,2083.3671294553924,2091.3671294553924,target,2014-10-31 10:00:00,7.69,2014,AM,384.5,True,66.0
2014-11-03 09:41:00,2014-11-03 15:59:00,2092.09960971114,2092.29,eod,2014-11-03 09:39:00,-0.1196097111401832,2014,AM,-5.98048555700916,False,378.0
2014-11-05 11:22:00,2014-11-05 15:59:00,2095.3486196203703,2098.79,eod,2014-11-05 11:21:00,3.1313803796296633,2014,AM,156.56901898148317,True,277.0
2014-11-06 09:37:00,2014-11-06 10:15:00,2099.0538271546347,2094.0538271546347,stop,2014-11-06 09:36:00,-5.31,2014,AM,-265.5,False,38.0
2014-11-06 11:12:00,2014-11-06 15:49:00,2099.6996476265954,2107.6996476265954,target,2014-11-06 11:12:00,7.69,2014,AM,384.5,True,277.0
2014-11-07 11:36:00,2014-11-07 14:57:00,2110.0912783489966,2105.0912783489966,stop,2014-11-07 11:36:00,-5.31,2014,AM,-265.5,False,201.0
2014-11-10 11:07:00,2014-11-10 15:59:00,2113.1376311954086,2114.91,eod,2014-11-10 11:06:00,1.462368804591224,2014,AM,73.1184402295612,True,292.0
2014-11-13 10:58:00,2014-11-13 11:10:00,2123.8178212536723,2118.8178212536723,stop,2014-11-13 10:57:00,-5.31,2014,AM,-265.5,False,12.0
2014-11-19 15:36:00,2014-11-19 15:59:00,2127.5928559298636,2128.43,eod,2014-11-19 15:36:00,0.5271440701362189,2014,PM,26.357203506810944,True,23.0
2014-11-20 11:51:00,2014-11-20 15:59:00,2132.9670809579857,2132.33,eod,2014-11-20 11:51:00,-0.9470809579857451,2014,AM,-47.35404789928725,False,248.0
2014-11-24 09:52:00,2014-11-24 15:59:00,2148.0390133022906,2150.79,eod,2014-11-24 09:51:00,2.4409866977093224,2014,AM,122.04933488546612,True,367.0
2014-11-27 10:02:00,2014-11-27 12:59:00,2155.2329736306565,2156.77,eod,2014-11-27 10:00:00,1.2270263693434935,2014,AM,61.35131846717468,True,177.0
2014-12-02 10:24:00,2014-12-02 14:46:00,2141.9250027015682,2149.9250027015682,target,2014-12-02 10:24:00,7.69,2014,AM,384.5,True,262.0
2014-12-02 15:13:00,2014-12-02 15:59:00,2149.6827129418616,2147.41,eod,2014-12-02 15:12:00,-2.582712941861755,2014,PM,-129.13564709308775,False,46.0
2014-12-03 10:00:00,2014-12-03 15:59:00,2151.9078147363766,2156.77,eod,2014-12-03 10:00:00,4.55218526362336,2014,AM,227.60926318116802,True,359.0
2014-12-10 09:30:00,2014-12-10 09:46:00,2135.71,2130.71,stop,2014-12-09 16:00:00,-5.31,2014,AM,-265.5,False,16.0
2014-12-18 15:24:00,2014-12-18 15:52:00,2135.9526954776784,2143.9526954776784,target,2014-12-18 15:24:00,7.69,2014,PM,384.5,True,28.0
2014-12-23 09:48:00,2014-12-23 15:59:00,2171.6673068069185,2171.74,eod,2014-12-23 09:48:00,-0.23730680691875022,2014,AM,-11.865340345937511,False,371.0
2015-01-08 10:36:00,2015-01-08 11:05:00,2138.179683393298,2146.179683393298,target,2015-01-08 10:36:00,7.69,2015,AM,384.5,True,29.0
2015-01-08 11:24:00,2015-01-08 15:59:00,2144.48982099467,2146.93,eod,2015-01-08 11:24:00,2.13017900532981,2015,AM,106.5089502664905,True,275.0
2015-01-14 15:33:00,2015-01-14 15:59:00,2090.645185424496,2092.6,eod,2015-01-14 15:33:00,1.6448145755038603,2015,PM,82.24072877519302,True,26.0
2015-01-19 10:09:00,2015-01-19 11:16:00,2107.618628542604,2102.618628542604,stop,2015-01-19 10:09:00,-5.31,2015,AM,-265.5,False,67.0
2015-01-20 15:22:00,2015-01-20 15:59:00,2107.7258449582023,2105.66,eod,2015-01-20 15:21:00,-2.3758449582024332,2015,PM,-118.79224791012166,False,37.0
2015-01-21 11:09:00,2015-01-21 12:53:00,2118.4021667019542,2113.4021667019542,stop,2015-01-21 11:09:00,-5.31,2015,AM,-265.5,False,104.0
2015-01-22 11:02:00,2015-01-22 14:31:00,2132.311588181602,2140.311588181602,target,2015-01-22 11:00:00,7.69,2015,AM,384.5,True,209.0
2015-01-23 11:32:00,2015-01-23 15:06:00,2144.9949681776216,2139.9949681776216,stop,2015-01-23 11:30:00,-5.31,2015,AM,-265.5,False,214.0
2015-02-03 10:04:00,2015-02-03 10:47:00,2121.1771702104284,2116.1771702104284,stop,2015-02-03 10:03:00,-5.31,2015,AM,-265.5,False,43.0
2015-02-03 15:19:00,2015-02-03 15:59:00,2128.856516713605,2134.92,eod,2015-02-03 15:18:00,5.75348328639524,2015,PM,287.674164319762,True,40.0
2015-02-04 09:30:00,2015-02-04 10:02:00,2125.51,2133.51,target,2015-02-03 16:00:00,7.69,2015,AM,384.5,True,32.0
2015-02-04 15:39:00,2015-02-04 15:40:00,2137.3493751873602,2132.3493751873602,stop,2015-02-04 15:39:00,-5.31,2015,PM,-265.5,False,1.0
2015-02-06 09:34:00,2015-02-06 10:17:00,2149.1460061010903,2157.1460061010903,target,2015-02-06 09:33:00,7.69,2015,AM,384.5,True,43.0
2015-02-06 10:29:00,2015-02-06 13:12:00,2155.3345527506117,2150.3345527506117,stop,2015-02-06 10:27:00,-5.31,2015,AM,-265.5,False,163.0
2015-02-10 11:48:00,2015-02-10 14:34:00,2143.3233588331595,2151.3233588331595,target,2015-02-10 11:48:00,7.69,2015,AM,384.5,True,166.0
2015-02-10 15:26:00,2015-02-10 15:59:00,2154.9089949491486,2155.55,eod,2015-02-10 15:24:00,0.33100505085161785,2015,PM,16.550252542580893,True,33.0
2015-02-11 11:24:00,2015-02-11 12:55:00,2155.9070741759274,2150.9070741759274,stop,2015-02-11 11:24:00,-5.31,2015,AM,-265.5,False,91.0
2015-02-11 15:07:00,2015-02-11 15:59:00,2154.6422304477987,2155.29,eod,2015-02-11 15:06:00,0.33776955220122545,2015,PM,16.888477610061273,True,52.0
2015-02-12 10:23:00,2015-02-12 15:25:00,2170.354769904211,2178.354769904211,target,2015-02-12 10:21:00,7.69,2015,AM,384.5,True,302.0
2015-02-13 10:00:00,2015-02-13 13:36:00,2181.7168567459703,2176.7168567459703,stop,2015-02-13 10:00:00,-5.31,2015,AM,-265.5,False,216.0
2015-02-13 15:20:00,2015-02-13 15:59:00,2183.284848117187,2187.15,eod,2015-02-13 15:18:00,3.5551518828132793,2015,PM,177.75759414066397,True,39.0
2015-02-17 10:37:00,2015-02-17 13:23:00,2184.228308969826,2192.228308969826,target,2015-02-17 10:36:00,7.69,2015,AM,384.5,True,166.0
2015-02-18 15:30:00,2015-02-18 15:59:00,2189.717059912069,2190.03,eod,2015-02-18 15:30:00,0.002940087931110613,2015,PM,0.14700439655553066,True,29.0
2015-02-19 11:53:00,2015-02-19 12:35:00,2191.5497781912063,2186.5497781912063,stop,2015-02-19 11:51:00,-5.31,2015,AM,-265.5,False,42.0
2015-02-20 15:16:00,2015-02-20 15:59:00,2200.0571122882834,2201.0,eod,2015-02-20 15:15:00,0.6328877117165939,2015,PM,31.644385585829692,True,43.0
2015-02-23 11:50:00,2015-02-23 15:06:00,2199.6585353614596,2194.6585353614596,stop,2015-02-23 11:48:00,-5.31,2015,AM,-265.5,False,196.0
2015-02-24 15:39:00,2015-02-24 15:59:00,2208.722306774668,2208.57,eod,2015-02-24 15:39:00,-0.46230677466797715,2015,PM,-23.115338733398858,False,20.0
2015-02-27 11:01:00,2015-02-27 14:39:00,2203.5207592773054,2198.5207592773054,stop,2015-02-27 11:00:00,-5.31,2015,AM,-265.5,False,218.0
2015-03-03 09:30:00,2015-03-03 09:50:00,2203.87,2198.87,stop,2015-03-02 16:00:00,-5.31,2015,AM,-265.5,False,20.0
2015-03-05 10:02:00,2015-03-05 12:50:00,2193.3702325919885,2188.3702325919885,stop,2015-03-05 10:00:00,-5.31,2015,AM,-265.5,False,168.0
2015-03-12 11:35:00,2015-03-12 15:59:00,2151.854139198602,2158.42,eod,2015-03-12 11:33:00,6.255860801398231,2015,AM,312.7930400699115,True,264.0
2015-03-16 15:16:00,2015-03-16 15:59:00,2172.5997106647005,2174.73,eod,2015-03-16 15:15:00,1.8202893352994942,2015,PM,91.01446676497471,True,43.0
2015-03-17 15:38:00,2015-03-17 15:59:00,2169.616919496581,2165.82,eod,2015-03-17 15:36:00,-4.1069194965808125,2015,PM,-205.3459748290406,False,21.0
2015-03-20 11:42:00,2015-03-20 15:59:00,2203.257557386821,2203.57,eod,2015-03-20 11:42:00,0.002442613178973263,2015,AM,0.12213065894866315,True,257.0
2015-03-23 10:28:00,2015-03-23 15:50:00,2207.611709564563,2202.611709564563,stop,2015-03-23 10:27:00,-5.31,2015,AM,-265.5,False,322.0
2015-04-02 10:54:00,2015-04-02 12:05:00,2159.53,2154.53,stop,2015-04-02 10:54:00,-5.31,2015,AM,-265.5,False,71.0
2015-04-09 15:33:00,2015-04-09 15:59:00,2185.0166494773794,2185.48,eod,2015-04-09 15:33:00,0.15335052262065801,2015,PM,7.667526131032901,True,26.0
2015-04-10 11:00:00,2015-04-10 15:59:00,2192.824551650072,2196.75,eod,2015-04-10 11:00:00,3.6154483499280468,2015,AM,180.77241749640234,True,299.0
2015-04-13 10:04:00,2015-04-13 13:08:00,2200.375645410308,2195.375645410308,stop,2015-04-13 10:03:00,-5.31,2015,AM,-265.5,False,184.0
2015-04-14 15:20:00,2015-04-14 15:59:00,2190.764562776549,2189.15,eod,2015-04-14 15:18:00,-1.9245627765490645,2015,PM,-96.22813882745322,False,39.0
2015-04-15 10:04:00,2015-04-15 15:59:00,2200.7611111078313,2201.47,eod,2015-04-15 10:03:00,0.3988888921684884,2015,AM,19.94444460842442,True,355.0
2015-04-20 11:17:00,2015-04-20 15:59:00,2197.2101125756135,2195.44,eod,2015-04-20 11:15:00,-2.080112575613439,2015,AM,-104.00562878067194,False,282.0
2015-04-23 15:21:00,2015-04-23 15:55:00,2214.819791006932,2209.819791006932,stop,2015-04-23 15:21:00,-5.31,2015,PM,-265.5,False,34.0
2015-05-01 11:16:00,2015-05-01 13:52:00,2192.6997340529265,2200.6997340529265,target,2015-05-01 11:15:00,7.69,2015,AM,384.5,True,156.0
2015-05-04 10:15:00,2015-05-04 13:07:00,2215.4777644375954,2210.4777644375954,stop,2015-05-04 10:15:00,-5.31,2015,AM,-265.5,False,172.0
2015-05-07 11:06:00,2015-05-07 12:18:00,2179.000013114192,2187.000013114192,target,2015-05-07 11:06:00,7.69,2015,AM,384.5,True,72.0
2015-05-08 11:58:00,2015-05-08 15:59:00,2214.237764297612,2214.06,eod,2015-05-08 11:57:00,-0.48776429761215695,2015,AM,-24.388214880607848,False,241.0
2015-05-15 09:36:00,2015-05-15 15:59:00,2220.3782327346903,2221.66,eod,2015-05-15 09:36:00,0.9717672653095542,2015,AM,48.58836326547771,True,383.0
2015-05-18 11:49:00,2015-05-18 15:59:00,2226.1721295679185,2228.47,eod,2015-05-18 11:48:00,1.987870432081254,2015,AM,99.3935216040627,True,250.0
2015-05-21 11:37:00,2015-05-21 15:59:00,2232.364837244956,2231.09,eod,2015-05-21 11:36:00,-1.5848372449559611,2015,AM,-79.24186224779805,False,262.0
2015-05-27 15:25:00,2015-05-27 15:59:00,2224.980546373835,2226.11,eod,2015-05-27 15:24:00,0.8194536261652865,2015,PM,40.97268130826433,True,34.0
2015-05-28 15:09:00,2015-05-28 15:59:00,2221.764999774389,2222.44,eod,2015-05-28 15:09:00,0.3650002256112566,2015,PM,18.25001128056283,True,50.0
2015-06-03 10:43:00,2015-06-03 11:45:00,2220.7508064788512,2215.7508064788512,stop,2015-06-03 10:42:00,-5.31,2015,AM,-265.5,False,62.0
2015-06-16 09:53:00,2015-06-16 13:01:00,2196.5881480030603,2204.5881480030603,target,2015-06-16 09:51:00,7.69,2015,AM,384.5,True,188.0
2015-06-17 09:53:00,2015-06-17 11:29:00,2211.623773436674,2206.623773436674,stop,2015-06-17 09:51:00,-5.31,2015,AM,-265.5,False,96.0
2015-06-18 15:02:00,2015-06-18 15:59:00,2234.9366495698196,2233.24,eod,2015-06-18 15:00:00,-2.0066495698197833,2015,PM,-100.33247849098916,False,57.0
2015-06-22 15:15:00,2015-06-22 15:59:00,2236.913587910793,2234.29,eod,2015-06-22 15:15:00,-2.9335879107930487,2015,PM,-146.67939553965243,False,44.0
2015-06-23 10:01:00,2015-06-23 10:44:00,2238.2924168091517,2233.2924168091517,stop,2015-06-23 10:00:00,-5.31,2015,AM,-265.5,False,43.0
2015-06-23 15:03:00,2015-06-23 15:59:00,2236.704177564875,2236.67,eod,2015-06-23 15:03:00,-0.34417756487488077,2015,PM,-17.20887824374404,False,56.0
2015-07-02 09:50:00,2015-07-02 11:01:00,2191.5661745814778,2186.5661745814778,stop,2015-07-02 09:48:00,-5.31,2015,AM,-265.5,False,71.0
2015-07-03 11:23:00,2015-07-03 13:00:00,2185.0180657353685,2184.88,eod,2015-07-03 11:21:00,-0.44806573536840005,2015,AM,-22.403286768420003,False,97.0
2015-07-07 15:39:00,2015-07-07 15:59:00,2191.0052650450675,2191.75,eod,2015-07-07 15:39:00,0.43473495493248265,2015,PM,21.736747746624133,True,20.0
2015-07-13 15:13:00,2015-07-13 15:59:00,2210.1910088570735,2213.15,eod,2015-07-13 15:12:00,2.6489911429266066,2015,PM,132.44955714633033,True,46.0
2015-07-14 10:06:00,2015-07-14 14:32:00,2215.515362844416,2223.515362844416,target,2015-07-14 10:06:00,7.69,2015,AM,384.5,True,266.0
2015-07-14 15:21:00,2015-07-14 15:59:00,2224.712227911962,2222.67,eod,2015-07-14 15:21:00,-2.3522279119620726,2015,PM,-117.61139559810363,False,38.0
2015-07-16 11:53:00,2015-07-16 15:59:00,2235.550839457725,2237.99,eod,2015-07-16 11:51:00,2.129160542274749,2015,AM,106.45802711373744,True,246.0
2015-07-17 15:00:00,2015-07-17 15:59:00,2237.9856055107616,2239.58,eod,2015-07-17 15:00:00,1.2843944892383115,2015,PM,64.21972446191558,True,59.0
2015-07-20 09:35:00,2015-07-20 15:59:00,2240.286241266204,2241.43,eod,2015-07-20 09:33:00,0.8337587337959484,2015,AM,41.687936689797425,True,384.0
2015-07-23 10:43:00,2015-07-23 11:27:00,2228.6622631819914,2223.6622631819914,stop,2015-07-23 10:42:00,-5.31,2015,AM,-265.5,False,44.0
2015-07-28 11:20:00,2015-07-28 12:16:00,2189.1897066804945,2197.1897066804945,target,2015-07-28 11:18:00,7.69,2015,AM,384.5,True,56.0
2015-07-29 10:00:00,2015-07-29 11:20:00,2208.205539496386,2216.205539496386,target,2015-07-29 10:00:00,7.69,2015,AM,384.5,True,80.0
2015-07-29 15:03:00,2015-07-29 15:59:00,2221.2353785959663,2221.87,eod,2015-07-29 15:03:00,0.32462140403362355,2015,PM,16.231070201681177,True,56.0
2015-07-30 15:09:00,2015-07-30 15:59:00,2221.883618696709,2222.4,eod,2015-07-30 15:09:00,0.20638130329092746,2015,PM,10.319065164546373,True,50.0
2015-07-31 11:00:00,2015-07-31 13:32:00,2225.3063832113303,2220.3063832113303,stop,2015-07-31 11:00:00,-5.31,2015,AM,-265.5,False,152.0
2015-08-07 15:41:00,2015-08-07 15:59:00,2187.7881283889355,2189.37,eod,2015-08-07 15:39:00,1.2718716110643435,2015,PM,63.59358055321718,True,18.0
2015-08-12 15:13:00,2015-08-12 15:59:00,2195.7848647297383,2199.94,eod,2015-08-12 15:12:00,3.8451352702617805,2015,PM,192.25676351308903,True,46.0
2015-08-18 09:30:00,2015-08-18 13:01:00,2215.8,2210.8,stop,2015-08-17 16:00:00,-5.31,2015,AM,-265.5,False,211.0
2015-08-25 11:30:00,2015-08-25 11:41:00,2047.8659479333764,2042.8659479333764,stop,2015-08-25 11:30:00,-5.31,2015,AM,-265.5,False,11.0
2015-08-26 15:02:00,2015-08-26 15:07:00,2017.475837659697,2025.475837659697,target,2015-08-26 15:00:00,7.69,2015,PM,384.5,True,5.0
2015-08-27 11:15:00,2015-08-27 11:42:00,2085.7053154000723,2080.7053154000723,stop,2015-08-27 11:15:00,-5.31,2015,AM,-265.5,False,27.0
2015-08-28 11:36:00,2015-08-28 11:43:00,2099.6497878850005,2094.6497878850005,stop,2015-08-28 11:36:00,-5.31,2015,AM,-265.5,False,7.0
2015-09-02 15:09:00,2015-09-02 15:15:00,2042.8477840533467,2037.8477840533467,stop,2015-09-02 15:09:00,-5.31,2015,PM,-265.5,False,6.0
2015-09-03 10:01:00,2015-09-03 10:19:00,2069.324190415696,2077.324190415696,target,2015-09-03 10:00:00,7.69,2015,AM,384.5,True,18.0
2015-09-07 11:25:00,2015-09-07 12:22:00,2044.5851397705578,2039.5851397705578,stop,2015-09-07 11:24:00,-5.31,2015,AM,-265.5,False,57.0
2015-09-09 10:03:00,2015-09-09 10:11:00,2092.5990274891215,2087.5990274891215,stop,2015-09-09 10:03:00,-5.31,2015,AM,-265.5,False,8.0
2015-09-15 15:18:00,2015-09-15 15:59:00,2094.1646581483815,2090.88,eod,2015-09-15 15:18:00,-3.594658148381368,2015,PM,-179.7329074190684,False,41.0
2015-09-16 11:39:00,2015-09-16 15:22:00,2101.16843569517,2109.16843569517,target,2015-09-16 11:39:00,7.69,2015,AM,384.5,True,223.0
2015-09-17 15:03:00,2015-09-17 15:06:00,2127.5886838899405,2122.5886838899405,stop,2015-09-17 15:03:00,-5.31,2015,PM,-265.5,False,3.0
2015-09-21 10:57:00,2015-09-21 11:33:00,2088.4126750171363,2083.4126750171363,stop,2015-09-21 10:57:00,-5.31,2015,AM,-265.5,False,36.0
2015-09-23 10:39:00,2015-09-23 11:17:00,2054.298758570033,2049.298758570033,stop,2015-09-23 10:39:00,-5.31,2015,AM,-265.5,False,38.0
2015-09-25 10:01:00,2015-09-25 14:19:00,2055.7673522582936,2050.7673522582936,stop,2015-09-25 10:00:00,-5.31,2015,AM,-265.5,False,258.0
2015-10-01 09:38:00,2015-10-01 09:46:00,2029.0181056316483,2024.0181056316483,stop,2015-10-01 09:36:00,-5.31,2015,AM,-265.5,False,8.0
2015-10-01 15:21:00,2015-10-01 15:37:00,2028.3264931546041,2023.3264931546041,stop,2015-10-01 15:21:00,-5.31,2015,PM,-265.5,False,16.0
2015-10-02 09:30:00,2015-10-02 09:34:00,2007.48,2002.48,stop,2015-10-01 16:00:00,-5.31,2015,AM,-265.5,False,4.0
2015-10-05 10:33:00,2015-10-05 10:45:00,2088.356171309905,2083.356171309905,stop,2015-10-05 10:33:00,-5.31,2015,AM,-265.5,False,12.0
2015-10-05 11:15:00,2015-10-05 13:20:00,2087.8545905328706,2095.8545905328706,target,2015-10-05 11:15:00,7.69,2015,AM,384.5,True,125.0
2015-10-08 09:30:00,2015-10-08 14:00:00,2106.01,2114.01,target,2015-10-07 16:00:00,7.69,2015,AM,384.5,True,270.0
2015-10-08 15:23:00,2015-10-08 15:59:00,2129.517866187953,2129.92,eod,2015-10-08 15:21:00,0.09213381204694088,2015,PM,4.606690602347044,True,36.0
2015-10-09 09:55:00,2015-10-09 10:10:00,2134.012224224916,2129.012224224916,stop,2015-10-09 09:54:00,-5.31,2015,AM,-265.5,False,15.0
2015-10-09 10:49:00,2015-10-09 12:17:00,2133.5373584142753,2128.5373584142753,stop,2015-10-09 10:48:00,-5.31,2015,AM,-265.5,False,88.0
2015-10-09 15:11:00,2015-10-09 15:59:00,2129.1574702633347,2133.1,eod,2015-10-09 15:09:00,3.6325297366651648,2015,PM,181.62648683325824,True,48.0
2015-10-12 11:56:00,2015-10-12 15:59:00,2133.379237869961,2132.57,eod,2015-10-12 11:54:00,-1.1192378699607253,2015,AM,-55.96189349803626,False,243.0
2015-10-16 09:44:00,2015-10-16 13:59:00,2144.5809212513686,2139.5809212513686,stop,2015-10-16 09:42:00,-5.31,2015,AM,-265.5,False,255.0
2015-10-19 11:55:00,2015-10-19 13:19:00,2151.2925141671803,2146.2925141671803,stop,2015-10-19 11:54:00,-5.31,2015,AM,-265.5,False,84.0
2015-10-20 10:31:00,2015-10-20 12:21:00,2152.854887423836,2147.854887423836,stop,2015-10-20 10:30:00,-5.31,2015,AM,-265.5,False,110.0
2015-10-23 10:12:00,2015-10-23 10:56:00,2195.4718945532127,2190.4718945532127,stop,2015-10-23 10:12:00,-5.31,2015,AM,-265.5,False,44.0
2015-10-28 10:19:00,2015-10-28 10:59:00,2195.1408563669575,2203.1408563669575,target,2015-10-28 10:18:00,7.69,2015,AM,384.5,True,40.0
2015-11-02 15:09:00,2015-11-02 15:59:00,2226.4394668575997,2228.18,eod,2015-11-02 15:09:00,1.4305331424001815,2015,PM,71.52665712000908,True,50.0
2015-11-05 10:06:00,2015-11-05 10:14:00,2230.590480864642,2225.590480864642,stop,2015-11-05 10:06:00,-5.31,2015,AM,-265.5,False,8.0
2015-11-06 15:38:00,2015-11-06 15:59:00,2220.0481423318697,2221.8,eod,2015-11-06 15:36:00,1.4418576681304693,2015,PM,72.09288340652347,True,21.0
2015-11-10 15:00:00,2015-11-10 15:59:00,2205.2789724012696,2203.74,eod,2015-11-10 15:00:00,-1.8489724012698026,2015,PM,-92.44862006349013,False,59.0
2015-11-16 15:42:00,2015-11-16 15:59:00,2173.9138931613934,2176.39,eod,2015-11-16 15:42:00,2.1661068386064835,2015,PM,108.30534193032418,True,17.0
2015-11-17 11:02:00,2015-11-17 12:45:00,2185.569875438103,2180.569875438103,stop,2015-11-17 11:00:00,-5.31,2015,AM,-265.5,False,103.0
2015-11-18 11:56:00,2015-11-18 14:11:00,2191.398657935869,2199.398657935869,target,2015-11-18 11:54:00,7.69,2015,AM,384.5,True,135.0
2015-11-23 10:33:00,2015-11-23 13:59:00,2220.480897332066,2215.480897332066,stop,2015-11-23 10:33:00,-5.31,2015,AM,-265.5,False,206.0
2015-11-24 15:00:00,2015-11-24 15:59:00,2217.691960373747,2217.02,eod,2015-11-24 15:00:00,-0.9819603737469698,2015,PM,-49.098018687348485,False,59.0
2015-11-26 11:57:00,2015-11-26 12:59:00,2226.861746238412,2225.52,eod,2015-11-26 11:57:00,-1.6517462384118153,2015,AM,-82.58731192059076,False,62.0
2015-12-02 09:30:00,2015-12-02 11:42:00,2229.7066423147753,2224.7066423147753,stop,2015-12-01 16:00:00,-5.31,2015,AM,-265.5,False,132.0
2015-12-04 15:16:00,2015-12-04 15:37:00,2221.348099230237,2216.348099230237,stop,2015-12-04 15:15:00,-5.31,2015,PM,-265.5,False,21.0
2015-12-09 10:29:00,2015-12-09 10:33:00,2199.364604132391,2207.364604132391,target,2015-12-09 10:27:00,7.69,2015,AM,384.5,True,4.0
2015-12-14 15:27:00,2015-12-14 15:51:00,2136.213549492068,2144.213549492068,target,2015-12-14 15:27:00,7.69,2015,PM,384.5,True,24.0
2015-12-15 10:15:00,2015-12-15 11:42:00,2173.793129582689,2168.793129582689,stop,2015-12-15 10:15:00,-5.31,2015,AM,-265.5,False,87.0
2015-12-16 15:09:00,2015-12-16 15:29:00,2192.6018673800904,2200.6018673800904,target,2015-12-16 15:09:00,7.69,2015,PM,384.5,True,20.0
2015-12-22 15:36:00,2015-12-22 15:44:00,2168.1800547693365,2163.1800547693365,stop,2015-12-22 15:36:00,-5.31,2015,PM,-265.5,False,8.0
2015-12-23 11:06:00,2015-12-23 14:30:00,2184.9588733659693,2192.9588733659693,target,2015-12-23 11:06:00,7.69,2015,AM,384.5,True,204.0
2015-12-29 10:27:00,2015-12-29 15:18:00,2204.919531927714,2212.919531927714,target,2015-12-29 10:27:00,7.69,2015,AM,384.5,True,291.0
2016-01-05 11:03:00,2016-01-05 11:19:00,2140.602841260881,2135.602841260881,stop,2016-01-05 11:03:00,-5.31,2016,AM,-265.5,False,16.0
2016-01-14 11:51:00,2016-01-14 12:34:00,2027.2150240492736,2035.2150240492736,target,2016-01-14 11:51:00,7.69,2016,AM,384.5,True,43.0
2016-01-14 15:21:00,2016-01-14 15:31:00,2052.532417464966,2047.5324174649659,stop,2016-01-14 15:21:00,-5.31,2016,PM,-265.5,False,10.0
2016-01-19 11:50:00,2016-01-19 12:07:00,2011.1506786353464,2006.1506786353464,stop,2016-01-19 11:48:00,-5.31,2016,AM,-265.5,False,17.0
2016-01-20 15:41:00,2016-01-20 15:45:00,1984.217585311298,1979.217585311298,stop,2016-01-20 15:39:00,-5.31,2016,PM,-265.5,False,4.0
2016-01-21 10:24:00,2016-01-21 10:34:00,1984.059166312447,1992.059166312447,target,2016-01-21 10:24:00,7.69,2016,AM,384.5,True,10.0
2016-01-25 09:30:00,2016-01-25 09:36:00,2020.25,2015.25,stop,2016-01-22 16:00:00,-5.31,2016,AM,-265.5,False,6.0
2016-02-04 10:46:00,2016-02-04 11:13:00,2044.4181227511417,2039.4181227511417,stop,2016-02-04 10:45:00,-5.31,2016,AM,-265.5,False,27.0
2016-02-10 10:07:00,2016-02-10 10:18:00,1986.2972741336266,1994.2972741336266,target,2016-02-10 10:06:00,7.69,2016,AM,384.5,True,11.0
2016-02-12 11:42:00,2016-02-12 13:16:00,1975.2161530903704,1970.2161530903704,stop,2016-02-12 11:42:00,-5.31,2016,AM,-265.5,False,94.0
2016-02-12 15:00:00,2016-02-12 15:59:00,1979.5985474622048,1983.98,eod,2016-02-12 15:00:00,4.071452537795213,2016,PM,203.57262688976064,True,59.0
2016-02-15 10:16:00,2016-02-15 12:59:00,2007.9557012130506,2010.11,eod,2016-02-15 10:15:00,1.8442987869493117,2016,AM,92.21493934746559,True,163.0
2016-02-17 10:38:00,2016-02-17 12:32:00,2043.586587699535,2051.586587699535,target,2016-02-17 10:36:00,7.69,2016,AM,384.5,True,114.0
2016-02-23 09:30:00,2016-02-23 10:10:00,2063.45,2058.45,stop,2016-02-22 16:00:00,-5.31,2016,AM,-265.5,False,40.0
2016-02-25 15:27:00,2016-02-25 15:59:00,2071.3821892724923,2078.39,eod,2016-02-25 15:27:00,6.697810727507604,2016,PM,334.8905363753802,True,32.0
2016-03-01 15:15:00,2016-03-01 15:59:00,2105.1756160439995,2105.32,eod,2016-03-01 15:15:00,-0.16561604399936186,2016,PM,-8.280802199968093,False,44.0
2016-03-03 09:30:00,2016-03-03 09:42:00,2113.642294472875,2108.642294472875,stop,2016-03-02 16:00:00,-5.31,2016,AM,-265.5,False,12.0
2016-03-03 15:00:00,2016-03-03 15:59:00,2119.8173377862727,2124.53,eod,2016-03-03 15:00:00,4.402662213727527,2016,PM,220.13311068637634,True,59.0
2016-03-04 09:34:00,2016-03-04 09:53:00,2123.880398695054,2118.880398695054,stop,2016-03-04 09:33:00,-5.31,2016,AM,-265.5,False,19.0
2016-03-04 11:25:00,2016-03-04 13:55:00,2133.246355749627,2141.246355749627,target,2016-03-04 11:24:00,7.69,2016,AM,384.5,True,150.0
2016-03-07 11:56:00,2016-03-07 13:35:00,2133.8232172355897,2128.8232172355897,stop,2016-03-07 11:54:00,-5.31,2016,AM,-265.5,False,99.0
2016-03-11 10:07:00,2016-03-11 11:10:00,2141.4993248678907,2149.4993248678907,target,2016-03-11 10:06:00,7.69,2016,AM,384.5,True,63.0
2016-03-17 11:39:00,2016-03-17 13:40:00,2169.542142885541,2177.542142885541,target,2016-03-17 11:39:00,7.69,2016,AM,384.5,True,121.0
2016-03-18 10:07:00,2016-03-18 15:59:00,2183.7118695313684,2185.22,eod,2016-03-18 10:06:00,1.198130468631407,2016,AM,59.90652343157035,True,352.0
2016-03-24 15:00:00,2016-03-24 15:59:00,2168.077256897291,2171.55,eod,2016-03-24 15:00:00,3.162743102709046,2016,PM,158.1371551354523,True,59.0
2016-03-28 09:40:00,2016-03-28 10:46:00,2172.7816367578553,2167.7816367578553,stop,2016-03-28 09:39:00,-5.31,2016,AM,-265.5,False,66.0
2016-03-30 10:04:00,2016-03-30 11:37:00,2207.6776085121264,2202.6776085121264,stop,2016-03-30 10:03:00,-5.31,2016,AM,-265.5,False,93.0
2016-03-30 15:18:00,2016-03-30 15:59:00,2206.53025807392,2203.17,eod,2016-03-30 15:18:00,-3.6702580739197948,2016,PM,-183.51290369598973,False,41.0
2016-04-06 15:39:00,2016-04-06 15:59:00,2203.929391807169,2208.53,eod,2016-04-06 15:39:00,4.29060819283126,2016,PM,214.530409641563,True,20.0
2016-04-12 15:21:00,2016-04-12 15:50:00,2204.7881990765086,2199.7881990765086,stop,2016-04-12 15:21:00,-5.31,2016,PM,-265.5,False,29.0
2016-04-13 11:49:00,2016-04-13 15:59:00,2220.241559070879,2225.41,eod,2016-04-13 11:48:00,4.858440929121062,2016,AM,242.9220464560531,True,250.0
2016-04-19 10:23:00,2016-04-19 11:51:00,2246.6885331862622,2241.6885331862622,stop,2016-04-19 10:21:00,-5.31,2016,AM,-265.5,False,88.0
2016-04-26 10:07:00,2016-04-26 10:26:00,2238.6212078456138,2233.6212078456138,stop,2016-04-26 10:06:00,-5.31,2016,AM,-265.5,False,19.0
2016-04-28 11:10:00,2016-04-28 14:39:00,2239.775688647119,2234.775688647119,stop,2016-04-28 11:09:00,-5.31,2016,AM,-265.5,False,209.0
2016-05-02 10:35:00,2016-05-02 15:03:00,2215.0109499989576,2223.0109499989576,target,2016-05-02 10:33:00,7.69,2016,AM,384.5,True,268.0
2016-05-02 15:30:00,2016-05-02 15:59:00,2223.1517635013465,2224.61,eod,2016-05-02 15:30:00,1.1482364986536049,2016,PM,57.41182493268025,True,29.0
2016-05-05 09:44:00,2016-05-05 13:14:00,2195.5055948942736,2190.5055948942736,stop,2016-05-05 09:42:00,-5.31,2016,AM,-265.5,False,210.0
2016-05-09 09:54:00,2016-05-09 11:13:00,2202.32536169612,2197.32536169612,stop,2016-05-09 09:54:00,-5.31,2016,AM,-265.5,False,79.0
2016-05-09 15:08:00,2016-05-09 15:58:00,2204.693880132878,2199.693880132878,stop,2016-05-09 15:06:00,-5.31,2016,PM,-265.5,False,50.0
2016-05-10 11:00:00,2016-05-10 15:47:00,2219.9348408562846,2227.9348408562846,target,2016-05-10 11:00:00,7.69,2016,AM,384.5,True,287.0
2016-05-11 09:30:00,2016-05-11 11:05:00,2223.27,2218.27,stop,2016-05-10 16:00:00,-5.31,2016,AM,-265.5,False,95.0
2016-05-16 11:21:00,2016-05-16 14:03:00,2203.9829007997396,2211.9829007997396,target,2016-05-16 11:21:00,7.69,2016,AM,384.5,True,162.0
2016-05-20 11:48:00,2016-05-20 13:30:00,2201.81226515686,2196.81226515686,stop,2016-05-20 11:48:00,-5.31,2016,AM,-265.5,False,102.0
2016-05-24 15:27:00,2016-05-24 15:59:00,2224.089424113567,2223.0,eod,2016-05-24 15:27:00,-1.39942411356702,2016,PM,-69.971205678351,False,32.0
2016-05-30 10:17:00,2016-05-30 12:59:00,2251.462113694437,2252.21,eod,2016-05-30 10:15:00,0.4378863055630427,2016,AM,21.894315278152135,True,162.0
2016-06-01 15:25:00,2016-06-01 15:59:00,2248.28581162758,2247.12,eod,2016-06-01 15:24:00,-1.4758116275802968,2016,PM,-73.79058137901484,False,34.0
2016-06-02 15:41:00,2016-06-02 15:59:00,2251.847397329402,2252.75,eod,2016-06-02 15:39:00,0.5926026705978438,2016,PM,29.630133529892188,True,18.0
2016-06-03 09:30:00,2016-06-03 09:39:00,2247.66,2242.66,stop,2016-06-02 16:00:00,-5.31,2016,AM,-265.5,False,9.0
2016-06-03 15:00:00,2016-06-03 15:59:00,2249.889458136908,2246.85,eod,2016-06-03 15:00:00,-3.3494581369082517,2016,PM,-167.47290684541258,False,59.0
2016-06-06 10:09:00,2016-06-06 12:50:00,2256.7909023143898,2251.7909023143898,stop,2016-06-06 10:09:00,-5.31,2016,AM,-265.5,False,161.0
2016-06-07 10:16:00,2016-06-07 15:59:00,2264.2708142341653,2262.66,eod,2016-06-07 10:15:00,-1.9208142341654457,2016,AM,-96.04071170827228,False,343.0
2016-06-09 15:06:00,2016-06-09 15:59:00,2266.417257220441,2267.22,eod,2016-06-09 15:06:00,0.49274277955868456,2016,PM,24.637138977934228,True,53.0
2016-06-17 09:30:00,2016-06-17 09:35:00,2226.48,2221.48,stop,2016-06-16 16:00:00,-5.31,2016,AM,-265.5,False,5.0
2016-06-17 15:00:00,2016-06-17 15:59:00,2222.6874410988426,2221.09,eod,2016-06-17 15:00:00,-1.9074410988424098,2016,PM,-95.37205494212049,False,59.0
2016-06-22 10:59:00,2016-06-22 11:33:00,2249.3303450913863,2244.3303450913863,stop,2016-06-22 10:57:00,-5.31,2016,AM,-265.5,False,34.0
2016-06-24 09:30:00,2016-06-24 09:33:00,2187.18,2195.18,target,2016-06-23 16:00:00,7.69,2016,AM,384.5,True,3.0
2016-06-28 15:19:00,2016-06-28 15:59:00,2177.214721117761,2181.26,eod,2016-06-28 15:18:00,3.7352788822390175,2016,PM,186.76394411195088,True,40.0
2016-06-29 10:39:00,2016-06-29 11:56:00,2206.519395649835,2214.519395649835,target,2016-06-29 10:39:00,7.69,2016,AM,384.5,True,77.0
2016-06-29 15:22:00,2016-06-29 15:59:00,2220.9913796068336,2219.48,eod,2016-06-29 15:21:00,-1.8213796068335433,2016,PM,-91.06898034167716,False,37.0
2016-06-30 11:18:00,2016-06-30 12:17:00,2230.9423255046954,2238.9423255046954,target,2016-06-30 11:18:00,7.69,2016,AM,384.5,True,59.0
2016-06-30 15:03:00,2016-06-30 15:59:00,2246.694107200423,2247.74,eod,2016-06-30 15:03:00,0.7358927995769045,2016,PM,36.794639978845225,True,56.0
2016-07-01 10:10:00,2016-07-01 14:42:00,2256.9061035276263,2251.9061035276263,stop,2016-07-01 10:09:00,-5.31,2016,AM,-265.5,False,272.0
2016-07-04 09:53:00,2016-07-04 12:59:00,2258.9285810543756,2260.66,eod,2016-07-04 09:51:00,1.4214189456242274,2016,AM,71.07094728121137,True,186.0
2016-07-06 15:06:00,2016-07-06 15:59:00,2250.1815324168388,2252.85,eod,2016-07-06 15:06:00,2.3584675831611457,2016,PM,117.92337915805729,True,53.0
2016-07-07 10:03:00,2016-07-07 10:56:00,2260.294229264953,2255.294229264953,stop,2016-07-07 10:03:00,-5.31,2016,AM,-265.5,False,53.0
2016-07-11 09:55:00,2016-07-11 12:47:00,2292.410140394245,2300.410140394245,target,2016-07-11 09:54:00,7.69,2016,AM,384.5,True,172.0
2016-07-14 15:33:00,2016-07-14 15:59:00,2325.180401944423,2323.91,eod,2016-07-14 15:33:00,-1.5804019444231563,2016,PM,-79.02009722115781,False,26.0
2016-07-15 15:41:00,2016-07-15 15:59:00,2320.791109509955,2320.41,eod,2016-07-15 15:39:00,-0.6911095099549676,2016,PM,-34.555475497748375,False,18.0
2016-07-20 09:44:00,2016-07-20 10:42:00,2324.57176572664,2332.57176572664,target,2016-07-20 09:42:00,7.69,2016,AM,384.5,True,58.0
2016-07-22 11:03:00,2016-07-22 15:59:00,2328.557909557879,2333.6,eod,2016-07-22 11:03:00,4.732090442120753,2016,AM,236.60452210603765,True,296.0
2016-07-27 09:41:00,2016-07-27 10:34:00,2330.8621701604307,2325.8621701604307,stop,2016-07-27 09:39:00,-5.31,2016,AM,-265.5,False,53.0
2016-08-01 11:28:00,2016-08-01 12:00:00,2337.7749153579393,2332.7749153579393,stop,2016-08-01 11:27:00,-5.31,2016,AM,-265.5,False,32.0
2016-08-03 10:19:00,2016-08-03 15:59:00,2318.074963618433,2323.1,eod,2016-08-03 10:18:00,4.715036381567134,2016,AM,235.7518190783567,True,340.0
2016-08-04 09:53:00,2016-08-04 10:06:00,2325.4976558957837,2320.4976558957837,stop,2016-08-04 09:51:00,-5.31,2016,AM,-265.5,False,13.0
2016-08-05 10:22:00,2016-08-05 15:59:00,2340.7299657213152,2343.83,eod,2016-08-05 10:21:00,2.7900342786846886,2016,AM,139.50171393423443,True,337.0
2016-08-08 09:46:00,2016-08-08 14:19:00,2346.1042563456676,2341.1042563456676,stop,2016-08-08 09:45:00,-5.31,2016,AM,-265.5,False,273.0
2016-08-11 10:56:00,2016-08-11 15:59:00,2347.887941555188,2350.02,eod,2016-08-11 10:54:00,1.8220584448121735,2016,AM,91.10292224060868,True,303.0
2016-08-15 10:52:00,2016-08-15 15:59:00,2357.1505523629176,2354.6,eod,2016-08-15 10:51:00,-2.8605523629176424,2016,AM,-143.02761814588212,False,307.0
2016-08-19 15:04:00,2016-08-19 15:59:00,2348.036754038149,2348.67,eod,2016-08-19 15:03:00,0.3232459618511166,2016,PM,16.16229809255583,True,55.0
2016-08-22 15:16:00,2016-08-22 15:59:00,2346.916677828296,2347.33,eod,2016-08-22 15:15:00,0.10332217170383956,2016,PM,5.166108585191978,True,43.0
2016-08-23 10:06:00,2016-08-23 15:50:00,2357.6356576861704,2352.6356576861704,stop,2016-08-23 10:06:00,-5.31,2016,AM,-265.5,False,344.0
2016-09-02 10:08:00,2016-09-02 11:41:00,2348.448808869852,2343.448808869852,stop,2016-09-02 10:06:00,-5.31,2016,AM,-265.5,False,93.0
2016-09-06 09:39:00,2016-09-06 10:17:00,2346.8274082702687,2341.8274082702687,stop,2016-09-06 09:39:00,-5.31,2016,AM,-265.5,False,38.0
2016-09-07 09:50:00,2016-09-07 12:18:00,2351.232765523701,2346.232765523701,stop,2016-09-07 09:48:00,-5.31,2016,AM,-265.5,False,148.0
2016-09-12 15:00:00,2016-09-12 15:59:00,2322.84,2324.18,eod,2016-09-12 15:00:00,1.0299999999996907,2016,PM,51.49999999998454,True,59.0
2016-09-14 10:40:00,2016-09-14 10:53:00,2301.2938598469373,2296.2938598469373,stop,2016-09-14 10:39:00,-5.31,2016,AM,-265.5,False,13.0
2016-09-22 10:05:00,2016-09-22 15:59:00,2342.7014935424436,2343.98,eod,2016-09-22 10:03:00,0.9685064575564319,2016,AM,48.4253228778216,True,354.0
2016-09-27 11:46:00,2016-09-27 13:03:00,2317.6013164908586,2325.6013164908586,target,2016-09-27 11:45:00,7.69,2016,AM,384.5,True,77.0
2016-09-28 09:49:00,2016-09-28 10:38:00,2327.2757639688375,2322.2757639688375,stop,2016-09-28 09:48:00,-5.31,2016,AM,-265.5,False,49.0
2016-09-29 09:30:00,2016-09-29 11:16:00,2334.53,2329.53,stop,2016-09-28 16:00:00,-5.31,2016,AM,-265.5,False,106.0
2016-09-30 11:34:00,2016-09-30 15:59:00,2335.415031971443,2335.07,eod,2016-09-30 11:33:00,-0.6550319714429498,2016,AM,-32.751598572147486,False,265.0
2016-10-13 15:16:00,2016-10-13 15:50:00,2300.9343287985366,2295.9343287985366,stop,2016-10-13 15:15:00,-5.31,2016,PM,-265.5,False,34.0
2016-10-24 10:06:00,2016-10-24 12:36:00,2318.6436922297944,2313.6436922297944,stop,2016-10-24 10:06:00,-5.31,2016,AM,-265.5,False,150.0
2016-10-25 10:13:00,2016-10-25 10:43:00,2316.1664081948516,2311.1664081948516,stop,2016-10-25 10:12:00,-5.31,2016,AM,-265.5,False,30.0
2016-10-31 11:43:00,2016-10-31 14:12:00,2295.64506708723,2290.64506708723,stop,2016-10-31 11:42:00,-5.31,2016,AM,-265.5,False,149.0
2016-11-04 11:09:00,2016-11-04 15:08:00,2256.600987583177,2251.600987583177,stop,2016-11-04 11:09:00,-5.31,2016,AM,-265.5,False,239.0
2016-11-08 09:30:00,2016-11-08 11:13:00,2292.67,2300.67,target,2016-11-07 16:00:00,7.69,2016,AM,384.5,True,103.0
2016-11-08 15:16:00,2016-11-08 15:59:00,2307.0586737808358,2306.99,eod,2016-11-08 15:15:00,-0.3786737808359794,2016,PM,-18.93368904179897,False,43.0
2016-11-14 15:21:00,2016-11-14 15:59:00,2335.6929130956814,2333.45,eod,2016-11-14 15:21:00,-2.5529130956816153,2016,PM,-127.64565478408076,False,38.0
2016-11-15 15:06:00,2016-11-15 15:59:00,2348.981910270407,2351.54,eod,2016-11-15 15:06:00,2.248089729593121,2016,PM,112.40448647965604,True,53.0
2016-11-17 10:11:00,2016-11-17 15:59:00,2354.1704997778215,2359.38,eod,2016-11-17 10:09:00,4.899500222178577,2016,AM,244.97501110892884,True,348.0
2016-11-21 10:48:00,2016-11-21 15:52:00,2363.2898761000447,2371.2898761000447,target,2016-11-21 10:48:00,7.69,2016,AM,384.5,True,304.0
2016-11-22 10:03:00,2016-11-22 11:29:00,2375.515105958755,2370.515105958755,stop,2016-11-22 10:03:00,-5.31,2016,AM,-265.5,False,86.0
2016-11-24 10:21:00,2016-11-24 12:59:00,2381.7219809974586,2383.14,eod,2016-11-24 10:21:00,1.108019002541314,2016,AM,55.4009501270657,True,158.0
2016-11-28 09:30:00,2016-11-28 11:00:00,2383.14,2378.14,stop,2016-11-25 13:15:00,-5.31,2016,AM,-265.5,False,90.0
2016-11-30 11:24:00,2016-11-30 12:15:00,2385.346499431839,2380.346499431839,stop,2016-11-30 11:24:00,-5.31,2016,AM,-265.5,False,51.0
2016-12-07 09:30:00,2016-12-07 11:58:00,2386.65,2394.65,target,2016-12-06 16:00:00,7.69,2016,AM,384.5,True,148.0
2016-12-08 09:49:00,2016-12-08 12:27:00,2420.2931385552283,2428.2931385552283,target,2016-12-08 09:48:00,7.69,2016,AM,384.5,True,158.0
2016-12-09 10:01:00,2016-12-09 15:14:00,2431.0910228955518,2439.0910228955518,target,2016-12-09 10:00:00,7.69,2016,AM,384.5,True,313.0
2016-12-09 15:33:00,2016-12-09 15:59:00,2439.214815734279,2439.31,eod,2016-12-09 15:33:00,-0.2148157342790546,2016,PM,-10.74078671395273,False,26.0
2016-12-12 10:09:00,2016-12-12 10:26:00,2443.076652821979,2438.076652821979,stop,2016-12-12 10:09:00,-5.31,2016,AM,-265.5,False,17.0
2016-12-13 10:05:00,2016-12-13 13:19:00,2451.1410356110787,2459.1410356110787,target,2016-12-13 10:03:00,7.69,2016,AM,384.5,True,194.0
2016-12-15 11:25:00,2016-12-15 12:07:00,2453.645979174716,2448.645979174716,stop,2016-12-15 11:24:00,-5.31,2016,AM,-265.5,False,42.0
2016-12-19 11:12:00,2016-12-19 11:42:00,2449.5974583642515,2444.5974583642515,stop,2016-12-19 11:12:00,-5.31,2016,AM,-265.5,False,30.0
2016-12-27 10:18:00,2016-12-27 15:59:00,2455.865196897371,2451.18,eod,2016-12-27 10:18:00,-4.995196897371042,2016,AM,-249.7598448685521,False,341.0
2017-01-04 10:09:00,2017-01-04 15:59:00,2448.045930474112,2452.53,eod,2017-01-04 10:09:00,4.174069525888117,2017,AM,208.70347629440587,True,350.0
2017-01-06 10:15:00,2017-01-06 11:41:00,2451.3160851976163,2459.3160851976163,target,2017-01-06 10:15:00,7.69,2017,AM,384.5,True,86.0
2017-01-11 15:09:00,2017-01-11 15:59:00,2453.9929175238058,2457.41,eod,2017-01-11 15:09:00,3.107082476194082,2017,PM,155.3541238097041,True,50.0
2017-01-12 09:30:00,2017-01-12 09:40:00,2452.26,2447.26,stop,2017-01-11 16:00:00,-5.31,2017,AM,-265.5,False,10.0
2017-01-12 15:01:00,2017-01-12 15:59:00,2452.2393307030716,2454.7,eod,2017-01-12 15:00:00,2.150669296928245,2017,PM,107.53346484641224,True,58.0
2017-01-13 09:54:00,2017-01-13 14:29:00,2459.30930815393,2454.30930815393,stop,2017-01-13 09:54:00,-5.31,2017,AM,-265.5,False,275.0
2017-01-18 10:25:00,2017-01-18 15:59:00,2451.560990211044,2454.97,eod,2017-01-18 10:24:00,3.0990097889557,2017,AM,154.950489447785,True,334.0
2017-01-19 09:41:00,2017-01-19 10:16:00,2455.3472158876925,2450.3472158876925,stop,2017-01-19 09:39:00,-5.31,2017,AM,-265.5,False,35.0
2017-01-23 15:05:00,2017-01-23 15:59:00,2446.0999871368667,2449.01,eod,2017-01-23 15:03:00,2.6000128631334882,2017,PM,130.0006431566744,True,54.0
2017-01-24 11:54:00,2017-01-24 13:31:00,2455.8466419763317,2463.8466419763317,target,2017-01-24 11:54:00,7.69,2017,AM,384.5,True,97.0
2017-01-24 15:16:00,2017-01-24 15:59:00,2467.9503180393194,2465.26,eod,2017-01-24 15:15:00,-3.000318039319209,2017,PM,-150.01590196596044,False,43.0
2017-01-25 11:13:00,2017-01-25 15:59:00,2480.774447514168,2485.56,eod,2017-01-25 11:12:00,4.475552485831886,2017,AM,223.77762429159432,True,286.0
2017-01-31 09:30:00,2017-01-31 10:04:00,2456.86,2451.86,stop,2017-01-30 16:00:00,-5.31,2017,AM,-265.5,False,34.0
2017-02-02 11:20:00,2017-02-02 11:50:00,2466.15895714429,2461.15895714429,stop,2017-02-02 11:18:00,-5.31,2017,AM,-265.5,False,30.0
2017-02-03 15:19:00,2017-02-03 15:59:00,2483.014286988963,2481.5,eod,2017-02-03 15:18:00,-1.8242869889627946,2017,PM,-91.21434944813973,False,40.0
2017-02-09 15:09:00,2017-02-09 15:59:00,2498.3752988777123,2496.12,eod,2017-02-09 15:09:00,-2.5652988777124484,2017,PM,-128.26494388562242,False,50.0
2017-02-15 09:30:00,2017-02-15 11:06:00,2526.17,2534.17,target,2017-02-14 16:00:00,7.69,2017,AM,384.5,True,96.0
2017-02-15 11:34:00,2017-02-15 15:15:00,2535.2811250762575,2543.2811250762575,target,2017-02-15 11:33:00,7.69,2017,AM,384.5,True,221.0
2017-02-17 09:30:00,2017-02-17 14:48:00,2531.59,2539.59,target,2017-02-16 16:00:00,7.69,2017,AM,384.5,True,318.0
2017-02-20 10:20:00,2017-02-20 12:59:00,2546.75,2548.64,eod,2017-02-20 10:18:00,1.5799999999998726,2017,AM,78.99999999999363,True,159.0
2017-02-21 10:30:00,2017-02-21 11:36:00,2557.6686556347177,2552.6686556347177,stop,2017-02-21 10:30:00,-5.31,2017,AM,-265.5,False,66.0
2017-02-21 15:33:00,2017-02-21 15:59:00,2558.756888629423,2558.39,eod,2017-02-21 15:33:00,-0.6768886294231016,2017,PM,-33.844431471155076,False,26.0
2017-02-27 09:35:00,2017-02-27 15:30:00,2559.068316247243,2567.068316247243,target,2017-02-27 09:33:00,7.69,2017,AM,384.5,True,355.0
2017-03-03 15:42:00,2017-03-03 15:59:00,2579.231124307354,2578.69,eod,2017-03-03 15:42:00,-0.8511243073540391,2017,PM,-42.55621536770195,False,17.0
2017-03-06 15:28:00,2017-03-06 15:59:00,2573.2234821850184,2573.01,eod,2017-03-06 15:27:00,-0.5234821850181652,2017,PM,-26.174109250908263,False,31.0
2017-03-13 09:40:00,2017-03-13 15:59:00,2569.6093110078523,2570.03,eod,2017-03-13 09:39:00,0.110688992147916,2017,AM,5.5344496073958,True,379.0
2017-03-14 15:31:00,2017-03-14 15:59:00,2561.640742611682,2561.35,eod,2017-03-14 15:30:00,-0.6007426116821626,2017,PM,-30.03713058410813,False,28.0
2017-03-15 10:06:00,2017-03-15 14:00:00,2567.7054250409083,2575.7054250409083,target,2017-03-15 10:06:00,7.69,2017,AM,384.5,True,234.0
2017-03-17 09:59:00,2017-03-17 11:38:00,2579.553317274781,2574.553317274781,stop,2017-03-17 09:57:00,-5.31,2017,AM,-265.5,False,99.0
2017-03-22 15:15:00,2017-03-22 15:59:00,2541.5791342198413,2544.82,eod,2017-03-22 15:15:00,2.930865780158856,2017,PM,146.5432890079428,True,44.0
2017-03-23 11:35:00,2017-03-23 13:09:00,2552.0128314645403,2547.0128314645403,stop,2017-03-23 11:33:00,-5.31,2017,AM,-265.5,False,94.0
2017-03-24 11:09:00,2017-03-24 12:11:00,2549.380344984082,2544.380344984082,stop,2017-03-24 11:09:00,-5.31,2017,AM,-265.5,False,62.0
2017-03-27 15:24:00,2017-03-27 15:59:00,2535.464464068637,2535.06,eod,2017-03-27 15:24:00,-0.7144640686370258,2017,PM,-35.72320343185129,False,35.0
2017-03-28 11:36:00,2017-03-28 13:40:00,2544.604095726852,2552.604095726852,target,2017-03-28 11:36:00,7.69,2017,AM,384.5,True,124.0
2017-03-30 10:24:00,2017-03-30 15:59:00,2559.7958209218186,2564.61,eod,2017-03-30 10:24:00,4.5041790781814965,2017,AM,225.20895390907484,True,335.0
2017-04-04 11:31:00,2017-04-04 15:59:00,2551.550546448447,2555.12,eod,2017-04-04 11:30:00,3.2594535515526695,2017,AM,162.97267757763348,True,268.0
2017-04-05 10:30:00,2017-04-05 11:22:00,2572.6150768518382,2567.6150768518382,stop,2017-04-05 10:30:00,-5.31,2017,AM,-265.5,False,52.0
2017-04-10 15:09:00,2017-04-10 15:32:00,2557.4962299707195,2552.4962299707195,stop,2017-04-10 15:09:00,-5.31,2017,PM,-265.5,False,23.0
2017-04-12 09:30:00,2017-04-12 10:45:00,2545.09,2540.09,stop,2017-04-11 16:00:00,-5.31,2017,AM,-265.5,False,75.0
2017-04-17 11:44:00,2017-04-17 15:49:00,2535.2146435391724,2543.2146435391724,target,2017-04-17 11:42:00,7.69,2017,AM,384.5,True,245.0
2017-04-18 09:30:00,2017-04-18 09:59:00,2533.97,2541.97,target,2017-04-17 16:00:00,7.69,2017,AM,384.5,True,29.0
2017-04-20 10:45:00,2017-04-20 11:53:00,2538.9207569877267,2546.9207569877267,target,2017-04-20 10:45:00,7.69,2017,AM,384.5,True,68.0
2017-04-25 15:25:00,2017-04-25 15:59:00,2589.6106485007203,2587.92,eod,2017-04-25 15:24:00,-2.000648500720272,2017,PM,-100.03242503601359,False,34.0
2017-04-26 11:42:00,2017-04-26 11:46:00,2594.250278138282,2589.250278138282,stop,2017-04-26 11:42:00,-5.31,2017,AM,-265.5,False,4.0
2017-05-01 11:18:00,2017-05-01 12:51:00,2587.3417242401665,2582.3417242401665,stop,2017-05-01 11:18:00,-5.31,2017,AM,-265.5,False,93.0
2017-05-03 15:12:00,2017-05-03 15:59:00,2584.0416344199443,2585.48,eod,2017-05-03 15:12:00,1.128365580055688,2017,PM,56.4182790027844,True,47.0
2017-05-04 10:40:00,2017-05-04 12:04:00,2586.795221260706,2581.795221260706,stop,2017-05-04 10:39:00,-5.31,2017,AM,-265.5,False,84.0
2017-05-05 09:43:00,2017-05-05 15:56:00,2588.892237430437,2596.892237430437,target,2017-05-05 09:42:00,7.69,2017,AM,384.5,True,373.0
2017-05-08 09:37:00,2017-05-08 11:22:00,2596.9768752984132,2591.9768752984132,stop,2017-05-08 09:36:00,-5.31,2017,AM,-265.5,False,105.0
2017-05-09 10:11:00,2017-05-09 13:25:00,2600.7180033638488,2595.7180033638488,stop,2017-05-09 10:09:00,-5.31,2017,AM,-265.5,False,194.0
2017-05-10 15:13:00,2017-05-10 15:59:00,2598.08242870288,2598.5,eod,2017-05-10 15:12:00,0.10757129712004826,2017,PM,5.378564856002413,True,46.0
2017-05-16 09:43:00,2017-05-16 10:35:00,2603.526458999053,2598.526458999053,stop,2017-05-16 09:42:00,-5.31,2017,AM,-265.5,False,52.0
2017-05-19 10:33:00,2017-05-19 14:34:00,2580.1043595448473,2588.1043595448473,target,2017-05-19 10:33:00,7.69,2017,AM,384.5,True,241.0
2017-05-23 09:43:00,2017-05-23 15:59:00,2596.4253596775984,2598.77,eod,2017-05-23 09:42:00,2.034640322401574,2017,AM,101.7320161200787,True,376.0
2017-05-24 09:37:00,2017-05-24 15:59:00,2599.9391612934105,2606.09,eod,2017-05-24 09:36:00,5.840838706589639,2017,AM,292.04193532948193,True,382.0
2017-05-25 10:59:00,2017-05-25 15:59:00,2617.4668111414694,2618.01,eod,2017-05-25 10:57:00,0.23318885853081156,2017,AM,11.659442926540578,True,300.0
2017-06-01 11:37:00,2017-06-01 13:00:00,2620.208948061369,2628.208948061369,target,2017-06-01 11:36:00,7.69,2017,AM,384.5,True,83.0
2017-06-02 09:40:00,2017-06-02 11:54:00,2634.1398717099364,2642.1398717099364,target,2017-06-02 09:39:00,7.69,2017,AM,384.5,True,134.0
2017-06-02 15:43:00,2017-06-02 15:59:00,2644.2086957622946,2641.33,eod,2017-06-02 15:42:00,-3.188695762294683,2017,PM,-159.43478811473415,False,16.0
2017-06-05 10:24:00,2017-06-05 15:59:00,2643.1182737817835,2640.79,eod,2017-06-05 10:24:00,-2.638273781783537,2017,AM,-131.91368908917684,False,335.0
2017-06-08 11:26:00,2017-06-08 14:46:00,2638.4667916754684,2633.4667916754684,stop,2017-06-08 11:24:00,-5.31,2017,AM,-265.5,False,200.0
2017-06-13 09:57:00,2017-06-13 15:59:00,2640.3644388008697,2644.04,eod,2017-06-13 09:57:00,3.365561199130243,2017,AM,168.27805995651215,True,362.0
2017-06-15 15:00:00,2017-06-15 15:59:00,2636.102668634618,2636.44,eod,2017-06-15 15:00:00,0.027331365381942307,2017,PM,1.3665682690971153,True,59.0
2017-06-19 10:37:00,2017-06-19 15:59:00,2655.332373476907,2658.42,eod,2017-06-19 10:36:00,2.7776265230931494,2017,AM,138.88132615465747,True,322.0
2017-06-20 09:30:00,2017-06-20 10:00:00,2654.62,2649.62,stop,2017-06-19 16:00:00,-5.31,2017,AM,-265.5,False,30.0
2017-06-22 11:32:00,2017-06-22 15:50:00,2644.4277646252503,2639.4277646252503,stop,2017-06-22 11:30:00,-5.31,2017,AM,-265.5,False,258.0
2017-06-28 11:06:00,2017-06-28 15:59:00,2641.6875510714854,2645.67,eod,2017-06-28 11:06:00,3.6724489285147137,2017,AM,183.6224464257357,True,293.0
2017-07-07 11:59:00,2017-07-07 15:59:00,2627.013606024374,2629.12,eod,2017-07-07 11:57:00,1.796393975625906,2017,AM,89.8196987812953,True,240.0
2017-07-10 11:17:00,2017-07-10 15:59:00,2632.7607230908748,2632.65,eod,2017-07-10 11:15:00,-0.42072309087467147,2017,AM,-21.036154543733574,False,282.0
2017-07-13 10:13:00,2017-07-13 10:30:00,2652.2241592555715,2647.2241592555715,stop,2017-07-13 10:12:00,-5.31,2017,AM,-265.5,False,17.0
2017-07-13 15:03:00,2017-07-13 15:59:00,2653.678243630541,2653.54,eod,2017-07-13 15:03:00,-0.44824363054118294,2017,PM,-22.412181527059147,False,56.0
2017-07-14 09:58:00,2017-07-14 13:55:00,2657.204074360668,2665.204074360668,target,2017-07-14 09:57:00,7.69,2017,AM,384.5,True,237.0
2017-07-19 10:10:00,2017-07-19 15:59:00,2674.3821328041226,2681.21,eod,2017-07-19 10:09:00,6.517867195877389,2017,AM,325.8933597938694,True,349.0
2017-07-20 09:45:00,2017-07-20 10:31:00,2682.689580463156,2677.689580463156,stop,2017-07-20 09:45:00,-5.31,2017,AM,-265.5,False,46.0
2017-07-25 10:46:00,2017-07-25 15:59:00,2686.429831420854,2685.55,eod,2017-07-25 10:45:00,-1.1898314208538614,2017,AM,-59.49157104269307,False,313.0
2017-07-28 15:05:00,2017-07-28 15:59:00,2678.2967001212123,2679.58,eod,2017-07-28 15:03:00,0.9732998787876022,2017,PM,48.66499393938011,True,54.0
2017-07-31 09:49:00,2017-07-31 10:02:00,2683.189240504162,2678.189240504162,stop,2017-07-31 09:48:00,-5.31,2017,AM,-265.5,False,13.0
2017-08-01 10:15:00,2017-08-01 15:59:00,2682.2139178336583,2683.38,eod,2017-08-01 10:15:00,0.8560821663417664,2017,AM,42.80410831708832,True,344.0
2017-08-07 10:12:00,2017-08-07 15:59:00,2685.8417098495,2688.8,eod,2017-08-07 10:12:00,2.6482901505000336,2017,AM,132.41450752500168,True,347.0
2017-08-14 11:03:00,2017-08-14 15:59:00,2674.18794932511,2673.07,eod,2017-08-14 11:03:00,-1.4279493251097484,2017,AM,-71.39746625548742,False,296.0
2017-08-30 10:36:00,2017-08-30 13:12:00,2656.961476422038,2664.961476422038,target,2017-08-30 10:36:00,7.69,2017,AM,384.5,True,156.0
2017-08-31 15:06:00,2017-08-31 15:59:00,2681.0527733480194,2679.31,eod,2017-08-31 15:06:00,-2.0527733480194548,2017,PM,-102.63866740097274,False,53.0
2017-09-12 09:54:00,2017-09-12 15:59:00,2704.5850910308313,2707.25,eod,2017-09-12 09:54:00,2.354908969168664,2017,AM,117.7454484584332,True,365.0
2017-09-13 09:30:00,2017-09-13 15:59:00,2704.54,2708.88,eod,2017-09-12 16:00:00,4.030000000000146,2017,AM,201.5000000000073,True,389.0
2017-09-14 09:30:00,2017-09-14 15:59:00,2705.08,2708.61,eod,2017-09-13 16:00:00,3.2200000000002,2017,AM,161.00000000001,True,389.0
2017-09-15 15:30:00,2017-09-15 15:59:00,2711.079897915201,2711.33,eod,2017-09-15 15:30:00,-0.05989791520101789,2017,PM,-2.9948957600508948,False,29.0
2017-09-18 10:16:00,2017-09-18 14:17:00,2719.9207907563746,2714.9207907563746,stop,2017-09-18 10:15:00,-5.31,2017,AM,-265.5,False,241.0
2017-09-19 11:57:00,2017-09-19 15:59:00,2719.5743070812014,2720.01,eod,2017-09-19 11:57:00,0.12569291879884986,2017,AM,6.284645939942493,True,242.0
2017-09-26 10:02:00,2017-09-26 11:02:00,2714.525529578229,2709.525529578229,stop,2017-09-26 10:00:00,-5.31,2017,AM,-265.5,False,60.0
2017-09-26 15:40:00,2017-09-26 15:57:00,2713.1510088057216,2708.1510088057216,stop,2017-09-26 15:39:00,-5.31,2017,PM,-265.5,False,17.0
2017-09-29 09:48:00,2017-09-29 12:25:00,2723.389828576956,2731.389828576956,target,2017-09-29 09:48:00,7.69,2017,AM,384.5,True,157.0
2017-10-02 10:27:00,2017-10-02 15:59:00,2740.143668930877,2742.28,eod,2017-10-02 10:27:00,1.8263310691231163,2017,AM,91.31655345615582,True,332.0
2017-10-03 09:42:00,2017-10-03 15:59:00,2744.1822677095474,2749.34,eod,2017-10-03 09:42:00,4.847732290452714,2017,AM,242.3866145226357,True,377.0
2017-10-04 15:29:00,2017-10-04 15:59:00,2753.660876171114,2752.87,eod,2017-10-04 15:27:00,-1.100876171114178,2017,PM,-55.04380855570889,False,30.0
2017-10-05 09:59:00,2017-10-05 12:01:00,2757.4841097604913,2765.4841097604913,target,2017-10-05 09:57:00,7.69,2017,AM,384.5,True,122.0
2017-10-05 15:14:00,2017-10-05 15:59:00,2768.2746638710405,2768.34,eod,2017-10-05 15:12:00,-0.24466387104035675,2017,PM,-12.233193552017838,False,45.0
2017-10-09 09:41:00,2017-10-09 14:59:00,2766.446486026006,2761.446486026006,stop,2017-10-09 09:39:00,-5.31,2017,AM,-265.5,False,318.0
2017-10-11 10:46:00,2017-10-11 15:59:00,2768.0204720838847,2772.42,eod,2017-10-11 10:45:00,4.0895279161154034,2017,AM,204.47639580577018,True,313.0
2017-10-12 09:30:00,2017-10-12 15:59:00,2768.62,2767.26,eod,2017-10-11 16:00:00,-1.6699999999996726,2017,AM,-83.49999999998363,False,389.0
2017-10-17 09:30:00,2017-10-17 15:59:00,2774.59,2776.76,eod,2017-10-16 16:00:00,1.8600000000000727,2017,AM,93.00000000000364,True,389.0
2017-10-18 09:46:00,2017-10-18 15:59:00,2779.5636482268224,2779.75,eod,2017-10-18 09:45:00,-0.12364822682235171,2017,AM,-6.182411341117586,False,373.0
2017-10-20 10:25:00,2017-10-20 15:59:00,2789.4191069097574,2791.15,eod,2017-10-20 10:24:00,1.4208930902427164,2017,AM,71.04465451213582,True,334.0
2017-10-23 09:40:00,2017-10-23 14:16:00,2794.4616280892074,2789.4616280892074,stop,2017-10-23 09:39:00,-5.31,2017,AM,-265.5,False,276.0
2017-10-25 15:39:00,2017-10-25 15:49:00,2776.034665678665,2771.034665678665,stop,2017-10-25 15:39:00,-5.31,2017,PM,-265.5,False,10.0
2017-11-03 11:39:00,2017-11-03 14:27:00,2799.8050417045843,2807.8050417045843,target,2017-11-03 11:39:00,7.69,2017,AM,384.5,True,168.0
2017-11-07 09:59:00,2017-11-07 10:35:00,2815.0871585616114,2810.0871585616114,stop,2017-11-07 09:57:00,-5.31,2017,AM,-265.5,False,36.0
2017-11-13 15:29:00,2017-11-13 15:59:00,2806.77659573976,2805.27,eod,2017-11-13 15:27:00,-1.816595739760087,2017,PM,-90.82978698800434,False,30.0
2017-11-24 11:23:00,2017-11-24 13:14:00,2825.9004475037864,2824.82,eod,2017-11-24 11:21:00,-1.3904475037862176,2017,AM,-69.52237518931088,False,111.0
2017-11-27 09:55:00,2017-11-27 11:28:00,2827.6378631695943,2822.6378631695943,stop,2017-11-27 09:54:00,-5.31,2017,AM,-265.5,False,93.0
2017-11-30 09:52:00,2017-11-30 11:01:00,2861.5435065239712,2869.5435065239712,target,2017-11-30 09:51:00,7.69,2017,AM,384.5,True,69.0
2017-11-30 11:26:00,2017-11-30 12:24:00,2871.0967970403344,2879.0967970403344,target,2017-11-30 11:24:00,7.69,2017,AM,384.5,True,58.0
2017-12-01 10:59:00,2017-12-01 11:08:00,2876.917974589933,2871.917974589933,stop,2017-12-01 10:57:00,-5.31,2017,AM,-265.5,False,9.0
2017-12-04 10:06:00,2017-12-04 10:46:00,2889.021469303273,2884.021469303273,stop,2017-12-04 10:06:00,-5.31,2017,AM,-265.5,False,40.0
2017-12-07 11:04:00,2017-12-07 15:59:00,2862.1187255891628,2863.37,eod,2017-12-07 11:03:00,0.9412744108371407,2017,AM,47.06372054185704,True,295.0
2017-12-11 10:15:00,2017-12-11 15:59:00,2884.152159827159,2888.9,eod,2017-12-11 10:15:00,4.4378401728412795,2017,AM,221.89200864206398,True,344.0
2017-12-12 09:49:00,2017-12-12 11:32:00,2889.999867776609,2897.999867776609,target,2017-12-12 09:48:00,7.69,2017,AM,384.5,True,103.0
2017-12-12 11:51:00,2017-12-12 15:59:00,2897.6265508817596,2894.05,eod,2017-12-12 11:51:00,-3.886550881759431,2017,AM,-194.32754408797155,False,248.0
2017-12-15 11:42:00,2017-12-15 15:59:00,2903.663545596694,2903.28,eod,2017-12-15 11:42:00,-0.6935455966936934,2017,AM,-34.67727983468467,False,257.0
2017-12-21 10:50:00,2017-12-21 15:59:00,2919.275036916205,2916.3,eod,2017-12-21 10:48:00,-3.285036916204772,2017,AM,-164.2518458102386,False,309.0
2017-12-27 10:49:00,2017-12-27 12:04:00,2918.604880580222,2913.604880580222,stop,2017-12-27 10:48:00,-5.31,2017,AM,-265.5,False,75.0
2017-12-29 09:47:00,2017-12-29 10:56:00,2917.087426487986,2912.087426487986,stop,2017-12-29 09:45:00,-5.31,2017,AM,-265.5,False,69.0
2018-01-02 15:33:00,2018-01-02 15:59:00,2921.128816853683,2924.17,eod,2018-01-02 15:33:00,2.731183146317053,2018,PM,136.55915731585264,True,26.0
2018-01-03 10:46:00,2018-01-03 15:59:00,2937.3596779768127,2943.7,eod,2018-01-03 10:45:00,6.030322023187128,2018,AM,301.51610115935637,True,313.0
2018-01-05 11:39:00,2018-01-05 15:47:00,2966.2704019451076,2974.2704019451076,target,2018-01-05 11:39:00,7.69,2018,AM,384.5,True,248.0
2018-01-08 09:30:00,2018-01-08 14:07:00,2973.27,2981.27,target,2018-01-05 16:00:00,7.69,2018,AM,384.5,True,277.0
2018-01-12 10:07:00,2018-01-12 10:44:00,3012.068958495769,3020.068958495769,target,2018-01-12 10:06:00,7.69,2018,AM,384.5,True,37.0
2018-01-15 10:49:00,2018-01-15 12:59:00,3033.2153612960383,3032.14,eod,2018-01-15 10:48:00,-1.385361296038409,2018,AM,-69.26806480192045,False,130.0
2018-01-16 10:03:00,2018-01-16 10:35:00,3044.290739373752,3039.290739373752,stop,2018-01-16 10:03:00,-5.31,2018,AM,-265.5,False,32.0
2018-01-17 11:38:00,2018-01-17 12:55:00,3029.1131727067404,3037.1131727067404,target,2018-01-17 11:36:00,7.69,2018,AM,384.5,True,77.0
2018-01-19 15:39:00,2018-01-19 15:59:00,3049.5747552346065,3050.86,eod,2018-01-19 15:39:00,0.9752447653935996,2018,PM,48.76223826967998,True,20.0
2018-01-22 10:39:00,2018-01-22 12:41:00,3059.9178107414937,3067.9178107414937,target,2018-01-22 10:39:00,7.69,2018,AM,384.5,True,122.0
2018-01-23 09:55:00,2018-01-23 09:57:00,3078.966770912224,3073.966770912224,stop,2018-01-23 09:54:00,-5.31,2018,AM,-265.5,False,2.0
2018-01-23 11:09:00,2018-01-23 12:51:00,3083.751459594122,3078.751459594122,stop,2018-01-23 11:09:00,-5.31,2018,AM,-265.5,False,102.0
2018-01-25 11:51:00,2018-01-25 14:13:00,3086.461928784028,3081.461928784028,stop,2018-01-25 11:51:00,-5.31,2018,AM,-265.5,False,142.0
2018-01-26 10:56:00,2018-01-26 13:22:00,3096.7550705084204,3104.7550705084204,target,2018-01-26 10:54:00,7.69,2018,AM,384.5,True,146.0
2018-01-26 15:30:00,2018-01-26 15:59:00,3110.519860500877,3115.15,eod,2018-01-26 15:30:00,4.320139499123289,2018,PM,216.00697495616444,True,29.0
2018-01-29 09:50:00,2018-01-29 10:03:00,3113.6706732401667,3108.6706732401667,stop,2018-01-29 09:48:00,-5.31,2018,AM,-265.5,False,13.0
2018-02-07 10:21:00,2018-02-07 10:33:00,2939.0840007637153,2934.0840007637153,stop,2018-02-07 10:21:00,-5.31,2018,AM,-265.5,False,12.0
2018-02-07 11:22:00,2018-02-07 11:31:00,2949.7790413056555,2944.7790413056555,stop,2018-02-07 11:21:00,-5.31,2018,AM,-265.5,False,9.0
2018-02-12 09:51:00,2018-02-12 09:59:00,2866.1891279868696,2861.1891279868696,stop,2018-02-12 09:51:00,-5.31,2018,AM,-265.5,False,8.0
2018-02-12 15:27:00,2018-02-12 15:33:00,2893.486417178742,2888.486417178742,stop,2018-02-12 15:27:00,-5.31,2018,PM,-265.5,False,6.0
2018-02-13 15:03:00,2018-02-13 15:59:00,2888.4844662695396,2888.63,eod,2018-02-13 15:03:00,-0.1644662695394436,2018,PM,-8.22331347697218,False,56.0
2018-02-14 10:33:00,2018-02-14 10:39:00,2893.669299436397,2901.669299436397,target,2018-02-14 10:33:00,7.69,2018,AM,384.5,True,6.0
2018-02-14 15:23:00,2018-02-14 15:59:00,2927.0085021292584,2927.42,eod,2018-02-14 15:21:00,0.10149787074164124,2018,PM,5.074893537082062,True,36.0
2018-02-15 10:07:00,2018-02-15 10:10:00,2943.891101335958,2938.891101335958,stop,2018-02-15 10:06:00,-5.31,2018,AM,-265.5,False,3.0
2018-02-15 15:19:00,2018-02-15 15:35:00,2957.0471862220943,2952.0471862220943,stop,2018-02-15 15:18:00,-5.31,2018,PM,-265.5,False,16.0
2018-02-16 09:58:00,2018-02-16 10:05:00,2964.544070133938,2959.544070133938,stop,2018-02-16 09:57:00,-5.31,2018,AM,-265.5,False,7.0
2018-02-16 10:42:00,2018-02-16 11:11:00,2969.871349222345,2977.871349222345,target,2018-02-16 10:42:00,7.69,2018,AM,384.5,True,29.0
2018-02-21 11:10:00,2018-02-21 12:23:00,2965.4125437177895,2960.4125437177895,stop,2018-02-21 11:09:00,-5.31,2018,AM,-265.5,False,73.0
2018-02-23 15:34:00,2018-02-23 15:59:00,2972.437561481248,2979.78,eod,2018-02-23 15:33:00,7.032438518752261,2018,PM,351.621925937613,True,25.0
2018-02-26 11:34:00,2018-02-26 12:49:00,2998.439736235664,3006.439736235664,target,2018-02-26 11:33:00,7.69,2018,AM,384.5,True,75.0
2018-02-27 09:51:00,2018-02-27 09:58:00,3018.7185578496387,3013.7185578496387,stop,2018-02-27 09:51:00,-5.31,2018,AM,-265.5,False,7.0
2018-02-27 10:31:00,2018-02-27 10:34:00,3022.5763309393906,3017.5763309393906,stop,2018-02-27 10:30:00,-5.31,2018,AM,-265.5,False,3.0
2018-03-05 09:30:00,2018-03-05 09:39:00,2903.82,2911.82,target,2018-03-02 16:00:00,7.69,2018,AM,384.5,True,9.0
2018-03-05 11:55:00,2018-03-05 13:00:00,2940.1674296046194,2948.1674296046194,target,2018-03-05 11:54:00,7.69,2018,AM,384.5,True,65.0
2018-03-06 15:00:00,2018-03-06 15:17:00,2959.9614335003816,2954.9614335003816,stop,2018-03-06 15:00:00,-5.31,2018,PM,-265.5,False,17.0
2018-03-07 15:20:00,2018-03-07 15:40:00,2952.3029452880482,2960.3029452880482,target,2018-03-07 15:18:00,7.69,2018,PM,384.5,True,20.0
2018-03-09 10:56:00,2018-03-09 12:13:00,3001.6141063333134,3009.6141063333134,target,2018-03-09 10:54:00,7.69,2018,AM,384.5,True,77.0
2018-03-12 09:57:00,2018-03-12 10:40:00,3030.9246509817194,3025.9246509817194,stop,2018-03-12 09:57:00,-5.31,2018,AM,-265.5,False,43.0
2018-03-15 11:32:00,2018-03-15 11:54:00,2994.6406344733705,2989.6406344733705,stop,2018-03-15 11:30:00,-5.31,2018,AM,-265.5,False,22.0
2018-03-27 10:58:00,2018-03-27 11:01:00,2883.104917108169,2878.104917108169,stop,2018-03-27 10:57:00,-5.31,2018,AM,-265.5,False,3.0
2018-03-29 11:18:00,2018-03-29 11:30:00,2854.100929936873,2849.100929936873,stop,2018-03-29 11:18:00,-5.31,2018,AM,-265.5,False,12.0
2018-04-03 11:16:00,2018-04-03 11:35:00,2814.7078338574092,2809.7078338574092,stop,2018-04-03 11:15:00,-5.31,2018,AM,-265.5,False,19.0
2018-04-04 15:14:00,2018-04-04 15:26:00,2852.9448104690755,2860.9448104690755,target,2018-04-04 15:12:00,7.69,2018,PM,384.5,True,12.0
2018-04-05 11:42:00,2018-04-05 12:16:00,2891.445559980544,2886.445559980544,stop,2018-04-05 11:42:00,-5.31,2018,AM,-265.5,False,34.0
2018-04-09 11:55:00,2018-04-09 13:07:00,2863.06122675601,2871.06122675601,target,2018-04-09 11:54:00,7.69,2018,AM,384.5,True,72.0
2018-04-10 10:55:00,2018-04-10 11:40:00,2877.232994178767,2885.232994178767,target,2018-04-10 10:54:00,7.69,2018,AM,384.5,True,45.0
2018-04-10 15:23:00,2018-04-10 15:25:00,2883.453246792781,2878.453246792781,stop,2018-04-10 15:21:00,-5.31,2018,PM,-265.5,False,2.0
2018-04-12 15:32:00,2018-04-12 15:46:00,2894.7354592753304,2889.7354592753304,stop,2018-04-12 15:30:00,-5.31,2018,PM,-265.5,False,14.0
2018-04-17 15:39:00,2018-04-17 15:57:00,2937.5944275959255,2932.5944275959255,stop,2018-04-17 15:39:00,-5.31,2018,PM,-265.5,False,18.0
2018-04-23 11:34:00,2018-04-23 12:19:00,2903.6374090178138,2898.6374090178138,stop,2018-04-23 11:33:00,-5.31,2018,AM,-265.5,False,45.0
2018-04-25 15:17:00,2018-04-25 15:37:00,2861.27344165913,2856.27344165913,stop,2018-04-25 15:15:00,-5.31,2018,PM,-265.5,False,20.0
2018-04-26 15:07:00,2018-04-26 15:24:00,2896.1235579384347,2891.1235579384347,stop,2018-04-26 15:06:00,-5.31,2018,PM,-265.5,False,17.0
2018-05-02 09:30:00,2018-05-02 09:42:00,2869.6618554160946,2864.6618554160946,stop,2018-05-01 16:00:00,-5.31,2018,AM,-265.5,False,12.0
2018-05-04 11:48:00,2018-05-04 13:24:00,2872.777840098962,2880.777840098962,target,2018-05-04 11:48:00,7.69,2018,AM,384.5,True,96.0
2018-05-07 11:26:00,2018-05-07 14:52:00,2899.3883586709603,2894.3883586709603,stop,2018-05-07 11:24:00,-5.31,2018,AM,-265.5,False,206.0
2018-05-10 10:00:00,2018-05-10 11:15:00,2931.593656276079,2939.593656276079,target,2018-05-10 10:00:00,7.69,2018,AM,384.5,True,75.0
2018-05-11 09:50:00,2018-05-11 10:10:00,2950.879590676822,2958.879590676822,target,2018-05-11 09:48:00,7.69,2018,AM,384.5,True,20.0
2018-05-11 15:43:00,2018-05-11 15:59:00,2953.347395435262,2953.26,eod,2018-05-11 15:42:00,-0.39739543526189663,2018,PM,-19.869771763094832,False,16.0
2018-05-14 10:04:00,2018-05-14 12:55:00,2964.946639827017,2959.946639827017,stop,2018-05-14 10:03:00,-5.31,2018,AM,-265.5,False,171.0
2018-05-24 15:33:00,2018-05-24 15:59:00,2955.488510530725,2953.53,eod,2018-05-24 15:33:00,-2.2685105307246523,2018,PM,-113.42552653623261,False,26.0
2018-05-30 11:09:00,2018-05-30 11:58:00,2939.9603307944385,2947.9603307944385,target,2018-05-30 11:09:00,7.69,2018,AM,384.5,True,49.0
2018-06-04 15:21:00,2018-06-04 15:59:00,2976.273750126343,2975.47,eod,2018-06-04 15:21:00,-1.1137501263434024,2018,PM,-55.68750631717012,False,38.0
2018-06-05 10:13:00,2018-06-05 11:06:00,2979.600220782818,2974.600220782818,stop,2018-06-05 10:12:00,-5.31,2018,AM,-265.5,False,53.0
2018-06-05 15:00:00,2018-06-05 15:59:00,2979.3773372865894,2977.91,eod,2018-06-05 15:00:00,-1.7773372865895545,2018,PM,-88.86686432947772,False,59.0
2018-06-06 09:49:00,2018-06-06 10:02:00,2983.4911217849135,2978.4911217849135,stop,2018-06-06 09:48:00,-5.31,2018,AM,-265.5,False,13.0
2018-06-06 11:52:00,2018-06-06 14:41:00,2989.561014010835,2997.561014010835,target,2018-06-06 11:51:00,7.69,2018,AM,384.5,True,169.0
2018-06-06 15:08:00,2018-06-06 15:59:00,2997.9834964701804,3001.48,eod,2018-06-06 15:06:00,3.18650352981962,2018,PM,159.325176490981,True,51.0
2018-06-07 10:00:00,2018-06-07 10:12:00,3008.188946753028,3003.188946753028,stop,2018-06-07 10:00:00,-5.31,2018,AM,-265.5,False,12.0
2018-06-11 09:56:00,2018-06-11 12:20:00,3013.6470142031767,3021.6470142031767,target,2018-06-11 09:54:00,7.69,2018,AM,384.5,True,144.0
2018-06-20 10:08:00,2018-06-20 10:24:00,2999.8711710307884,2994.8711710307884,stop,2018-06-20 10:06:00,-5.31,2018,AM,-265.5,False,16.0
2018-06-22 11:55:00,2018-06-22 15:58:00,2990.1681471443526,2985.1681471443526,stop,2018-06-22 11:54:00,-5.31,2018,AM,-265.5,False,243.0
2018-07-03 09:55:00,2018-07-03 10:55:00,2957.306990471109,2952.306990471109,stop,2018-07-03 09:54:00,-5.31,2018,AM,-265.5,False,60.0
2018-07-05 15:11:00,2018-07-05 15:59:00,2956.943835386255,2961.46,eod,2018-07-05 15:09:00,4.206164613744877,2018,PM,210.30823068724388,True,48.0
2018-07-06 09:49:00,2018-07-06 10:28:00,2963.877238785934,2971.877238785934,target,2018-07-06 09:48:00,7.69,2018,AM,384.5,True,39.0
2018-07-06 11:52:00,2018-07-06 15:59:00,2985.6877698078088,2988.51,eod,2018-07-06 11:51:00,2.512230192191455,2018,AM,125.61150960957275,True,247.0
2018-07-09 11:28:00,2018-07-09 15:59:00,3008.388737120102,3013.66,eod,2018-07-09 11:27:00,4.961262879897677,2018,AM,248.06314399488386,True,271.0
2018-07-10 09:49:00,2018-07-10 15:59:00,3018.601492730681,3024.74,eod,2018-07-10 09:48:00,5.82850726931878,2018,AM,291.425363465939,True,370.0
2018-07-17 15:30:00,2018-07-17 15:59:00,3043.4103893421616,3041.51,eod,2018-07-17 15:30:00,-2.210389342161361,2018,PM,-110.51946710806806,False,29.0
2018-07-20 11:35:00,2018-07-20 13:30:00,3038.052214591035,3033.052214591035,stop,2018-07-20 11:33:00,-5.31,2018,AM,-265.5,False,115.0
2018-07-25 10:04:00,2018-07-25 11:12:00,3054.4652475267767,3049.4652475267767,stop,2018-07-25 10:03:00,-5.31,2018,AM,-265.5,False,68.0
2018-07-25 11:50:00,2018-07-25 14:02:00,3055.36595922588,3063.36595922588,target,2018-07-25 11:48:00,7.69,2018,AM,384.5,True,132.0
2018-07-26 09:30:00,2018-07-26 11:14:00,3069.09,3077.09,target,2018-07-25 16:00:00,7.69,2018,AM,384.5,True,104.0
2018-07-31 11:29:00,2018-07-31 12:11:00,3045.470874724155,3053.470874724155,target,2018-07-31 11:27:00,7.69,2018,AM,384.5,True,42.0
2018-08-01 10:06:00,2018-08-01 11:34:00,3050.319526858216,3045.319526858216,stop,2018-08-01 10:06:00,-5.31,2018,AM,-265.5,False,88.0
2018-08-03 09:38:00,2018-08-03 13:52:00,3059.4813136784537,3067.4813136784537,target,2018-08-03 09:36:00,7.69,2018,AM,384.5,True,254.0
2018-08-03 15:29:00,2018-08-03 15:59:00,3070.607548346758,3070.72,eod,2018-08-03 15:27:00,-0.19754834675819438,2018,PM,-9.87741733790972,False,30.0
2018-08-06 10:03:00,2018-08-06 12:01:00,3072.198712766683,3080.198712766683,target,2018-08-06 10:03:00,7.69,2018,AM,384.5,True,118.0
2018-08-07 09:49:00,2018-08-07 10:39:00,3089.5673934137076,3097.5673934137076,target,2018-08-07 09:48:00,7.69,2018,AM,384.5,True,50.0
2018-08-08 15:38:00,2018-08-08 15:59:00,3094.84419709442,3092.62,eod,2018-08-08 15:36:00,-2.5341970944201058,2018,PM,-126.70985472100529,False,21.0
2018-08-09 10:52:00,2018-08-09 11:48:00,3095.216166380763,3090.216166380763,stop,2018-08-09 10:51:00,-5.31,2018,AM,-265.5,False,56.0
2018-08-13 10:29:00,2018-08-13 11:08:00,3074.252058946454,3069.252058946454,stop,2018-08-13 10:27:00,-5.31,2018,AM,-265.5,False,39.0
2018-08-14 11:17:00,2018-08-14 15:59:00,3071.26,3072.88,eod,2018-08-14 11:15:00,1.3099999999998908,2018,AM,65.49999999999454,True,282.0
2018-08-16 10:17:00,2018-08-16 11:16:00,3069.3247190666893,3077.3247190666893,target,2018-08-16 10:15:00,7.69,2018,AM,384.5,True,59.0
2018-08-17 15:07:00,2018-08-17 15:59:00,3088.0239615008995,3084.78,eod,2018-08-17 15:06:00,-3.5539615008993315,2018,PM,-177.69807504496657,False,52.0
2018-08-20 09:50:00,2018-08-20 15:59:00,3089.0657151614823,3091.27,eod,2018-08-20 09:48:00,1.8942848385176512,2018,AM,94.71424192588256,True,369.0
2018-08-24 11:01:00,2018-08-24 15:59:00,3106.5658815316597,3110.2,eod,2018-08-24 11:00:00,3.324118468340148,2018,AM,166.2059234170074,True,298.0
2018-08-27 10:31:00,2018-08-27 15:59:00,3131.6998254281916,3134.0,eod,2018-08-27 10:30:00,1.9901745718083839,2018,AM,99.5087285904192,True,328.0
2018-08-28 09:52:00,2018-08-28 11:35:00,3138.4458454705946,3133.4458454705946,stop,2018-08-28 09:51:00,-5.31,2018,AM,-265.5,False,103.0
2018-08-29 11:04:00,2018-08-29 11:31:00,3145.433443999374,3153.433443999374,target,2018-08-29 11:03:00,7.69,2018,AM,384.5,True,27.0
2018-08-29 15:43:00,2018-08-29 15:59:00,3154.526591265536,3152.66,eod,2018-08-29 15:42:00,-2.1765912655360444,2018,PM,-108.82956327680222,False,16.0
2018-09-03 11:55:00,2018-09-03 13:00:00,3147.654347060728,3145.9,eod,2018-09-03 11:54:00,-2.0643470607279233,2018,AM,-103.21735303639616,False,65.0
2018-09-06 15:19:00,2018-09-06 15:59:00,3116.909975720828,3115.61,eod,2018-09-06 15:18:00,-1.6099757208276606,2018,PM,-80.49878604138303,False,40.0
2018-09-13 15:03:00,2018-09-13 15:59:00,3142.073067507102,3141.84,eod,2018-09-13 15:03:00,-0.5430675071020779,2018,PM,-27.153375355103893,False,56.0
2018-09-14 09:49:00,2018-09-14 12:04:00,3143.7103836337355,3138.7103836337355,stop,2018-09-14 09:48:00,-5.31,2018,AM,-265.5,False,135.0
2018-09-18 11:50:00,2018-09-18 15:59:00,3145.3510262817053,3145.62,eod,2018-09-18 11:48:00,-0.04102628170545358,2018,AM,-2.051314085272679,False,249.0
2018-09-19 10:09:00,2018-09-19 15:59:00,3147.203424242727,3148.05,eod,2018-09-19 10:09:00,0.5365757572730581,2018,AM,26.828787863652902,True,350.0
2018-09-20 15:20:00,2018-09-20 15:59:00,3173.3587580941066,3171.27,eod,2018-09-20 15:18:00,-2.3987580941066518,2018,PM,-119.93790470533258,False,39.0
2018-09-25 11:55:00,2018-09-25 13:11:00,3160.9671268072084,3155.9671268072084,stop,2018-09-25 11:54:00,-5.31,2018,AM,-265.5,False,76.0
2018-09-26 11:27:00,2018-09-26 14:16:00,3160.7696583713196,3168.7696583713196,target,2018-09-26 11:27:00,7.69,2018,AM,384.5,True,169.0
2018-10-15 10:43:00,2018-10-15 11:26:00,2981.2286330395095,2989.2286330395095,target,2018-10-15 10:42:00,7.69,2018,AM,384.5,True,43.0
2018-10-15 11:42:00,2018-10-15 11:52:00,2991.6597242662474,2986.6597242662474,stop,2018-10-15 11:42:00,-5.31,2018,AM,-265.5,False,10.0
2018-10-16 11:42:00,2018-10-16 13:30:00,3014.948364161935,3022.948364161935,target,2018-10-16 11:42:00,7.69,2018,AM,384.5,True,108.0
2018-10-17 09:30:00,2018-10-17 09:35:00,3035.3497191551223,3030.3497191551223,stop,2018-10-16 16:00:00,-5.31,2018,AM,-265.5,False,5.0
2018-10-17 15:30:00,2018-10-17 15:33:00,3036.333097652353,3031.333097652353,stop,2018-10-17 15:30:00,-5.31,2018,PM,-265.5,False,3.0
2018-10-23 15:06:00,2018-10-23 15:43:00,2967.601525716536,2962.601525716536,stop,2018-10-23 15:06:00,-5.31,2018,PM,-265.5,False,37.0
2018-10-25 11:40:00,2018-10-25 12:15:00,2915.962391906444,2910.962391906444,stop,2018-10-25 11:39:00,-5.31,2018,AM,-265.5,False,35.0
2018-10-25 15:00:00,2018-10-25 15:33:00,2935.4991211915753,2930.4991211915753,stop,2018-10-25 15:00:00,-5.31,2018,PM,-265.5,False,33.0
2018-10-30 11:53:00,2018-10-30 11:59:00,2878.233646427042,2873.233646427042,stop,2018-10-30 11:51:00,-5.31,2018,AM,-265.5,False,6.0
2018-10-30 15:02:00,2018-10-30 15:10:00,2872.7918919224635,2880.7918919224635,target,2018-10-30 15:00:00,7.69,2018,PM,384.5,True,8.0
2018-11-02 09:52:00,2018-11-02 10:01:00,2969.7642026595763,2964.7642026595763,stop,2018-11-02 09:51:00,-5.31,2018,AM,-265.5,False,9.0
2018-11-05 11:15:00,2018-11-05 11:31:00,2947.875627575048,2942.875627575048,stop,2018-11-05 11:15:00,-5.31,2018,AM,-265.5,False,16.0
2018-11-06 10:00:00,2018-11-06 10:38:00,2966.439860840035,2961.439860840035,stop,2018-11-06 10:00:00,-5.31,2018,AM,-265.5,False,38.0
2018-11-07 10:55:00,2018-11-07 11:55:00,3010.9938985693234,3018.9938985693234,target,2018-11-07 10:54:00,7.69,2018,AM,384.5,True,60.0
2018-11-16 15:03:00,2018-11-16 15:59:00,2957.49341951747,2956.65,eod,2018-11-16 15:03:00,-1.1534195174700108,2018,PM,-57.67097587350054,False,56.0
2018-11-21 11:27:00,2018-11-21 12:24:00,2880.122643437262,2875.122643437262,stop,2018-11-21 11:27:00,-5.31,2018,AM,-265.5,False,57.0
2018-11-23 11:29:00,2018-11-23 11:56:00,2855.3179816765023,2850.3179816765023,stop,2018-11-23 11:27:00,-5.31,2018,AM,-265.5,False,27.0
2018-11-28 09:54:00,2018-11-28 10:17:00,2907.044028136976,2902.044028136976,stop,2018-11-28 09:54:00,-5.31,2018,AM,-265.5,False,23.0
2018-11-29 09:30:00,2018-11-29 10:18:00,2954.76,2949.76,stop,2018-11-28 16:00:00,-5.31,2018,AM,-265.5,False,48.0
2018-11-29 11:53:00,2018-11-29 12:40:00,2951.7247415697357,2959.7247415697357,target,2018-11-29 11:51:00,7.69,2018,AM,384.5,True,47.0
2018-11-29 15:11:00,2018-11-29 15:30:00,2970.881823549738,2965.881823549738,stop,2018-11-29 15:09:00,-5.31,2018,PM,-265.5,False,19.0
2018-11-30 15:36:00,2018-11-30 15:59:00,2976.6990060369,2977.7,eod,2018-11-30 15:36:00,0.6909939630999724,2018,PM,34.54969815499862,True,23.0
2018-12-03 09:57:00,2018-12-03 10:26:00,3010.62021959319,3018.62021959319,target,2018-12-03 09:57:00,7.69,2018,AM,384.5,True,29.0
2018-12-03 15:31:00,2018-12-03 15:59:00,3011.481202631763,3012.8,eod,2018-12-03 15:30:00,1.0087973682370284,2018,PM,50.43986841185142,True,28.0
2018-12-07 09:58:00,2018-12-07 10:09:00,2915.8388536801417,2910.8388536801417,stop,2018-12-07 09:57:00,-5.31,2018,AM,-265.5,False,11.0
2018-12-12 10:37:00,2018-12-12 10:38:00,2886.321904216748,2881.321904216748,stop,2018-12-12 10:36:00,-5.31,2018,AM,-265.5,False,1.0
2018-12-27 09:30:00,2018-12-27 09:37:00,2623.56,2631.56,target,2018-12-26 16:00:00,7.69,2018,AM,384.5,True,7.0
2018-12-27 11:40:00,2018-12-27 11:44:00,2624.9006359385603,2619.9006359385603,stop,2018-12-27 11:39:00,-5.31,2018,AM,-265.5,False,4.0
2019-01-07 11:07:00,2019-01-07 11:36:00,2745.721730687893,2753.721730687893,target,2019-01-07 11:06:00,7.69,2019,AM,384.5,True,29.0
2019-01-07 15:39:00,2019-01-07 15:57:00,2755.5552099666766,2750.5552099666766,stop,2019-01-07 15:39:00,-5.31,2019,PM,-265.5,False,18.0
2019-01-09 09:46:00,2019-01-09 09:53:00,2781.8687521507436,2789.8687521507436,target,2019-01-09 09:45:00,7.69,2019,AM,384.5,True,7.0
2019-01-11 09:30:00,2019-01-11 09:42:00,2785.83,2780.83,stop,2019-01-10 16:00:00,-5.31,2019,AM,-265.5,False,12.0
2019-01-14 09:30:00,2019-01-14 09:35:00,2776.94,2771.94,stop,2019-01-11 16:00:00,-5.31,2019,AM,-265.5,False,5.0
2019-01-16 10:18:00,2019-01-16 10:33:00,2827.155624601883,2822.155624601883,stop,2019-01-16 10:18:00,-5.31,2019,AM,-265.5,False,15.0
2019-01-16 11:40:00,2019-01-16 11:54:00,2825.532765569826,2820.532765569826,stop,2019-01-16 11:39:00,-5.31,2019,AM,-265.5,False,14.0
2019-01-17 11:30:00,2019-01-17 14:39:00,2824.480286196767,2832.480286196767,target,2019-01-17 11:30:00,7.69,2019,AM,384.5,True,189.0
2019-01-18 09:55:00,2019-01-18 10:19:00,2855.433946514088,2863.433946514088,target,2019-01-18 09:54:00,7.69,2019,AM,384.5,True,24.0
2019-01-18 11:17:00,2019-01-18 11:59:00,2871.9858483049693,2879.9858483049693,target,2019-01-18 11:15:00,7.69,2019,AM,384.5,True,42.0
2019-01-23 15:33:00,2019-01-23 15:59:00,2841.262569567829,2843.25,eod,2019-01-23 15:33:00,1.677430432171095,2019,PM,83.87152160855476,True,26.0
2019-01-24 10:35:00,2019-01-24 10:51:00,2849.48853850753,2844.48853850753,stop,2019-01-24 10:33:00,-5.31,2019,AM,-265.5,False,16.0
2019-01-24 15:30:00,2019-01-24 15:59:00,2845.7262614939464,2848.37,eod,2019-01-24 15:30:00,2.3337385060535234,2019,PM,116.68692530267617,True,29.0
2019-01-25 10:33:00,2019-01-25 12:51:00,2874.08071880052,2869.08071880052,stop,2019-01-25 10:33:00,-5.31,2019,AM,-265.5,False,138.0
2019-01-28 15:05:00,2019-01-28 15:59:00,2845.057381291567,2847.56,eod,2019-01-28 15:03:00,2.1926187084331468,2019,PM,109.63093542165734,True,54.0
2019-01-29 10:07:00,2019-01-29 10:10:00,2853.266004053752,2848.266004053752,stop,2019-01-29 10:06:00,-5.31,2019,AM,-265.5,False,3.0
2019-01-30 11:30:00,2019-01-30 12:16:00,2865.8745449338408,2873.8745449338408,target,2019-01-30 11:30:00,7.69,2019,AM,384.5,True,46.0
2019-01-31 10:48:00,2019-01-31 11:46:00,2905.5535558852753,2913.5535558852753,target,2019-01-31 10:48:00,7.69,2019,AM,384.5,True,58.0
2019-01-31 15:42:00,2019-01-31 15:55:00,2909.1717250938373,2917.1717250938373,target,2019-01-31 15:42:00,7.69,2019,PM,384.5,True,13.0
2019-02-01 09:48:00,2019-02-01 09:58:00,2916.5124053931704,2911.5124053931704,stop,2019-02-01 09:48:00,-5.31,2019,AM,-265.5,False,10.0
2019-02-05 10:05:00,2019-02-05 12:57:00,2943.241927327103,2938.241927327103,stop,2019-02-05 10:03:00,-5.31,2019,AM,-265.5,False,172.0
2019-02-05 15:36:00,2019-02-05 15:59:00,2949.277476345962,2948.65,eod,2019-02-05 15:36:00,-0.9374763459618953,2019,PM,-46.873817298094764,False,23.0
2019-02-11 09:50:00,2019-02-11 11:08:00,2922.236696796749,2917.236696796749,stop,2019-02-11 09:48:00,-5.31,2019,AM,-265.5,False,78.0
2019-02-12 10:14:00,2019-02-12 11:01:00,2946.2600750328234,2954.2600750328234,target,2019-02-12 10:12:00,7.69,2019,AM,384.5,True,47.0
2019-02-12 11:30:00,2019-02-12 13:53:00,2954.501042473688,2962.501042473688,target,2019-02-12 11:30:00,7.69,2019,AM,384.5,True,143.0
2019-02-13 15:04:00,2019-02-13 15:51:00,2971.6347683345994,2966.6347683345994,stop,2019-02-13 15:03:00,-5.31,2019,PM,-265.5,False,47.0
2019-02-18 10:14:00,2019-02-18 12:59:00,2994.5585445614593,2995.82,eod,2019-02-18 10:12:00,0.9514554385409064,2019,AM,47.57277192704532,True,165.0
2019-02-20 10:48:00,2019-02-20 12:27:00,3001.2226188781274,2996.2226188781274,stop,2019-02-20 10:48:00,-5.31,2019,AM,-265.5,False,99.0
2019-02-22 11:41:00,2019-02-22 14:35:00,3009.564413629698,3004.564413629698,stop,2019-02-22 11:39:00,-5.31,2019,AM,-265.5,False,174.0
2019-02-25 11:14:00,2019-02-25 12:21:00,3031.8568622405037,3026.8568622405037,stop,2019-02-25 11:12:00,-5.31,2019,AM,-265.5,False,67.0
2019-03-04 09:49:00,2019-03-04 10:51:00,3033.185332075075,3028.185332075075,stop,2019-03-04 09:48:00,-5.31,2019,AM,-265.5,False,62.0
2019-03-05 09:34:00,2019-03-05 09:46:00,3009.0535839523614,3004.0535839523614,stop,2019-03-05 09:33:00,-5.31,2019,AM,-265.5,False,12.0
2019-03-05 11:49:00,2019-03-05 13:29:00,3012.257757657673,3007.257757657673,stop,2019-03-05 11:48:00,-5.31,2019,AM,-265.5,False,100.0
2019-03-11 10:38:00,2019-03-11 11:04:00,2980.1573976520735,2988.1573976520735,target,2019-03-11 10:36:00,7.69,2019,AM,384.5,True,26.0
2019-03-11 15:28:00,2019-03-11 15:59:00,2998.497583823275,3000.94,eod,2019-03-11 15:27:00,2.132416176725146,2019,PM,106.62080883625731,True,31.0
2019-03-12 09:47:00,2019-03-12 10:30:00,3005.5550380685468,3013.5550380685468,target,2019-03-12 09:45:00,7.69,2019,AM,384.5,True,43.0
2019-03-15 11:32:00,2019-03-15 12:09:00,3039.5070254006337,3047.5070254006337,target,2019-03-15 11:30:00,7.69,2019,AM,384.5,True,37.0
2019-03-21 11:27:00,2019-03-21 11:56:00,3064.1844102783894,3072.1844102783894,target,2019-03-21 11:27:00,7.69,2019,AM,384.5,True,29.0
2019-03-26 10:07:00,2019-03-26 11:51:00,3044.4217725101444,3039.4217725101444,stop,2019-03-26 10:06:00,-5.31,2019,AM,-265.5,False,104.0
2019-03-28 10:16:00,2019-03-28 11:00:00,3035.1879382617517,3030.1879382617517,stop,2019-03-28 10:15:00,-5.31,2019,AM,-265.5,False,44.0
2019-03-28 15:18:00,2019-03-28 15:59:00,3031.7858527840044,3035.43,eod,2019-03-28 15:18:00,3.3341472159954173,2019,PM,166.70736079977087,True,41.0
2019-03-29 09:50:00,2019-03-29 10:54:00,3044.1303120091457,3039.1303120091457,stop,2019-03-29 09:48:00,-5.31,2019,AM,-265.5,False,64.0
2019-03-29 15:06:00,2019-03-29 15:59:00,3052.742594067595,3055.61,eod,2019-03-29 15:06:00,2.5574059324052905,2019,PM,127.87029662026453,True,53.0
2019-04-01 10:09:00,2019-04-01 13:03:00,3076.7132886267796,3084.7132886267796,target,2019-04-01 10:09:00,7.69,2019,AM,384.5,True,174.0
2019-04-02 09:31:00,2019-04-02 11:03:00,3089.213559433674,3084.213559433674,stop,2019-04-01 16:00:00,-5.31,2019,AM,-265.5,False,92.0
2019-04-03 10:46:00,2019-04-03 13:57:00,3101.7557094050353,3096.7557094050353,stop,2019-04-03 10:45:00,-5.31,2019,AM,-265.5,False,191.0
2019-04-05 10:19:00,2019-04-05 15:59:00,3114.061885716518,3116.69,eod,2019-04-05 10:18:00,2.3181142834818638,2019,AM,115.90571417409319,True,340.0
2019-04-09 09:30:00,2019-04-09 09:35:00,3107.54,3102.54,stop,2019-04-08 16:00:00,-5.31,2019,AM,-265.5,False,5.0
2019-04-10 15:22:00,2019-04-10 15:59:00,3112.5322601245016,3112.39,eod,2019-04-10 15:21:00,-0.45226012450171765,2019,PM,-22.613006225085883,False,37.0
2019-04-12 10:04:00,2019-04-12 10:40:00,3132.644280884498,3127.644280884498,stop,2019-04-12 10:03:00,-5.31,2019,AM,-265.5,False,36.0
2019-04-15 15:22:00,2019-04-15 15:59:00,3131.3310767435187,3131.76,eod,2019-04-15 15:21:00,0.11892325648153929,2019,PM,5.946162824076964,True,37.0
2019-04-16 09:51:00,2019-04-16 10:45:00,3138.8302500411473,3133.8302500411473,stop,2019-04-16 09:51:00,-5.31,2019,AM,-265.5,False,54.0
2019-04-24 11:08:00,2019-04-24 12:05:00,3161.8644578754274,3156.8644578754274,stop,2019-04-24 11:06:00,-5.31,2019,AM,-265.5,False,57.0
2019-05-01 09:54:00,2019-05-01 12:26:00,3176.21255611956,3171.21255611956,stop,2019-05-01 09:54:00,-5.31,2019,AM,-265.5,False,152.0
2019-05-03 11:16:00,2019-05-03 13:31:00,3164.5942265972117,3172.5942265972117,target,2019-05-03 11:15:00,7.69,2019,AM,384.5,True,135.0
2019-05-08 11:19:00,2019-05-08 11:33:00,3112.067828439545,3107.067828439545,stop,2019-05-08 11:18:00,-5.31,2019,AM,-265.5,False,14.0
2019-05-14 11:59:00,2019-05-14 15:33:00,3064.3613719755085,3059.3613719755085,stop,2019-05-14 11:57:00,-5.31,2019,AM,-265.5,False,214.0
2019-05-16 11:47:00,2019-05-16 13:03:00,3110.132970368212,3105.132970368212,stop,2019-05-16 11:45:00,-5.31,2019,AM,-265.5,False,76.0
2019-06-04 15:31:00,2019-06-04 15:57:00,3009.1247676213775,3017.1247676213775,target,2019-06-04 15:30:00,7.69,2019,PM,384.5,True,26.0
2019-06-05 11:42:00,2019-06-05 13:04:00,3028.2942575148345,3036.2942575148345,target,2019-06-05 11:42:00,7.69,2019,AM,384.5,True,82.0
2019-06-06 09:45:00,2019-06-06 10:29:00,3044.302617785417,3039.302617785417,stop,2019-06-06 09:45:00,-5.31,2019,AM,-265.5,False,44.0
2019-06-17 10:44:00,2019-06-17 12:31:00,3116.8943058147547,3111.8943058147547,stop,2019-06-17 10:42:00,-5.31,2019,AM,-265.5,False,107.0
2019-06-20 10:11:00,2019-06-20 10:21:00,3178.3933791513787,3173.3933791513787,stop,2019-06-20 10:09:00,-5.31,2019,AM,-265.5,False,10.0
2019-06-20 15:01:00,2019-06-20 15:49:00,3174.604434897129,3182.604434897129,target,2019-06-20 15:00:00,7.69,2019,PM,384.5,True,48.0
2019-06-21 10:58:00,2019-06-21 11:05:00,3179.552888777745,3187.552888777745,target,2019-06-21 10:57:00,7.69,2019,AM,384.5,True,7.0
2019-06-21 15:24:00,2019-06-21 15:59:00,3182.5658154694524,3177.68,eod,2019-06-21 15:24:00,-5.195815469452609,2019,PM,-259.79077347263046,False,35.0
2019-07-02 10:45:00,2019-07-02 11:34:00,3192.0421608845627,3187.0421608845627,stop,2019-07-02 10:45:00,-5.31,2019,AM,-265.5,False,49.0
2019-07-03 10:12:00,2019-07-03 10:41:00,3206.7055345087115,3214.7055345087115,target,2019-07-03 10:12:00,7.69,2019,AM,384.5,True,29.0
2019-07-04 10:07:00,2019-07-04 12:59:00,3226.189888982589,3226.58,eod,2019-07-04 10:06:00,0.08011101741107268,2019,AM,4.005550870553634,True,172.0
2019-07-05 15:03:00,2019-07-05 15:50:00,3219.7651931999653,3214.7651931999653,stop,2019-07-05 15:03:00,-5.31,2019,PM,-265.5,False,47.0
2019-07-11 10:04:00,2019-07-11 10:30:00,3227.152867816422,3222.152867816422,stop,2019-07-11 10:03:00,-5.31,2019,AM,-265.5,False,26.0
2019-07-11 11:41:00,2019-07-11 13:28:00,3227.385384949334,3222.385384949334,stop,2019-07-11 11:39:00,-5.31,2019,AM,-265.5,False,107.0
2019-07-12 09:59:00,2019-07-12 15:37:00,3232.7576231525036,3240.7576231525036,target,2019-07-12 09:57:00,7.69,2019,AM,384.5,True,338.0
2019-07-15 09:35:00,2019-07-15 15:59:00,3241.651960964055,3241.09,eod,2019-07-15 09:33:00,-0.8719609640548334,2019,AM,-43.598048202741666,False,384.0
2019-07-18 15:12:00,2019-07-18 15:26:00,3221.4111247805395,3216.4111247805395,stop,2019-07-18 15:12:00,-5.31,2019,PM,-265.5,False,14.0
2019-07-22 15:12:00,2019-07-22 15:59:00,3212.7534178386713,3211.0,eod,2019-07-22 15:12:00,-2.0634178386713393,2019,PM,-103.17089193356696,False,47.0
2019-07-23 11:00:00,2019-07-23 12:04:00,3219.379211568218,3214.379211568218,stop,2019-07-23 11:00:00,-5.31,2019,AM,-265.5,False,64.0
2019-07-26 15:11:00,2019-07-26 15:59:00,3253.3725265261687,3253.99,eod,2019-07-26 15:09:00,0.307473473831069,2019,PM,15.37367369155345,True,48.0
2019-08-07 15:01:00,2019-08-07 15:30:00,3094.7969561882655,3102.7969561882655,target,2019-08-07 15:00:00,7.69,2019,PM,384.5,True,29.0
2019-08-08 09:50:00,2019-08-08 09:56:00,3111.923361519977,3119.923361519977,target,2019-08-08 09:48:00,7.69,2019,AM,384.5,True,6.0
2019-08-09 09:30:00,2019-08-09 09:50:00,3147.59,3142.59,stop,2019-08-08 16:00:00,-5.31,2019,AM,-265.5,False,20.0
2019-08-09 15:17:00,2019-08-09 15:55:00,3145.6797972615527,3140.6797972615527,stop,2019-08-09 15:15:00,-5.31,2019,PM,-265.5,False,38.0
2019-08-16 09:57:00,2019-08-16 10:20:00,3082.7623641302634,3090.7623641302634,target,2019-08-16 09:57:00,7.69,2019,AM,384.5,True,23.0
2019-08-16 11:13:00,2019-08-16 11:19:00,3104.059336922104,3099.059336922104,stop,2019-08-16 11:12:00,-5.31,2019,AM,-265.5,False,6.0
2019-08-19 10:09:00,2019-08-19 11:17:00,3137.420382772618,3145.420382772618,target,2019-08-19 10:09:00,7.69,2019,AM,384.5,True,68.0
2019-08-19 11:30:00,2019-08-19 15:59:00,3143.612732007675,3143.83,eod,2019-08-19 11:30:00,-0.0927320076748947,2019,AM,-4.636600383744735,False,269.0
2019-08-22 15:01:00,2019-08-22 15:17:00,3146.299459695519,3141.299459695519,stop,2019-08-22 15:00:00,-5.31,2019,PM,-265.5,False,16.0
2019-08-27 10:01:00,2019-08-27 10:48:00,3107.1144757880375,3102.1144757880375,stop,2019-08-27 10:00:00,-5.31,2019,AM,-265.5,False,47.0
2019-08-29 10:03:00,2019-08-29 10:36:00,3136.435073717803,3131.435073717803,stop,2019-08-29 10:03:00,-5.31,2019,AM,-265.5,False,33.0
2019-09-05 10:26:00,2019-09-05 12:22:00,3202.1645334790624,3197.1645334790624,stop,2019-09-05 10:24:00,-5.31,2019,AM,-265.5,False,116.0
2019-09-06 10:55:00,2019-09-06 12:46:00,3205.313838926687,3200.313838926687,stop,2019-09-06 10:54:00,-5.31,2019,AM,-265.5,False,111.0
2019-09-11 15:29:00,2019-09-11 15:59:00,3217.933138838899,3221.75,eod,2019-09-11 15:27:00,3.50686116110086,2019,PM,175.343058055043,True,30.0
2019-09-16 10:26:00,2019-09-16 10:32:00,3238.0134802082166,3233.0134802082166,stop,2019-09-16 10:24:00,-5.31,2019,AM,-265.5,False,6.0
2019-09-18 09:30:00,2019-09-18 09:36:00,3238.97,3233.97,stop,2019-09-17 16:00:00,-5.31,2019,AM,-265.5,False,6.0
2019-09-19 10:45:00,2019-09-19 12:27:00,3258.423042303558,3253.423042303558,stop,2019-09-19 10:45:00,-5.31,2019,AM,-265.5,False,102.0
2019-09-23 15:29:00,2019-09-23 15:55:00,3234.454372563634,3229.454372563634,stop,2019-09-23 15:27:00,-5.31,2019,PM,-265.5,False,26.0
2019-09-25 15:31:00,2019-09-25 15:59:00,3220.9489608530753,3221.17,eod,2019-09-25 15:30:00,-0.0889608530752048,2019,PM,-4.44804265376024,False,28.0
2019-10-04 10:09:00,2019-10-04 10:35:00,3157.1233223967993,3152.1233223967993,stop,2019-10-04 10:09:00,-5.31,2019,AM,-265.5,False,26.0
2019-10-04 10:57:00,2019-10-04 11:30:00,3155.143630566812,3163.143630566812,target,2019-10-04 10:57:00,7.69,2019,AM,384.5,True,33.0
2019-10-04 11:58:00,2019-10-04 14:36:00,3165.975695859181,3173.975695859181,target,2019-10-04 11:57:00,7.69,2019,AM,384.5,True,158.0
2019-10-07 09:30:00,2019-10-07 09:42:00,3172.11,3167.11,stop,2019-10-04 16:00:00,-5.31,2019,AM,-265.5,False,12.0
2019-10-07 11:22:00,2019-10-07 13:33:00,3180.1386363100983,3188.1386363100983,target,2019-10-07 11:21:00,7.69,2019,AM,384.5,True,131.0
2019-10-09 11:59:00,2019-10-09 13:00:00,3143.8983006667963,3151.8983006667963,target,2019-10-09 11:57:00,7.69,2019,AM,384.5,True,61.0
2019-10-09 15:21:00,2019-10-09 15:43:00,3155.248452601332,3150.248452601332,stop,2019-10-09 15:21:00,-5.31,2019,PM,-265.5,False,22.0
2019-10-10 11:26:00,2019-10-10 12:22:00,3176.090350549623,3171.090350549623,stop,2019-10-10 11:24:00,-5.31,2019,AM,-265.5,False,56.0
2019-10-11 10:37:00,2019-10-11 11:30:00,3217.3168797142366,3225.3168797142366,target,2019-10-11 10:36:00,7.69,2019,AM,384.5,True,53.0
2019-10-11 15:00:00,2019-10-11 15:31:00,3223.5567440213777,3218.5567440213777,stop,2019-10-11 15:00:00,-5.31,2019,PM,-265.5,False,31.0
2019-10-17 15:06:00,2019-10-17 15:59:00,3235.6593768883376,3232.5,eod,2019-10-17 15:06:00,-3.469376888337647,2019,PM,-173.46884441688235,False,53.0
2019-10-24 11:47:00,2019-10-24 12:14:00,3244.549980500828,3239.549980500828,stop,2019-10-24 11:45:00,-5.31,2019,AM,-265.5,False,27.0
2019-10-24 15:43:00,2019-10-24 15:59:00,3243.6768280646284,3245.44,eod,2019-10-24 15:42:00,1.4531719353717016,2019,PM,72.65859676858508,True,16.0
2019-10-25 10:35:00,2019-10-25 11:14:00,3248.155631211459,3256.155631211459,target,2019-10-25 10:33:00,7.69,2019,AM,384.5,True,39.0
2019-10-25 15:29:00,2019-10-25 15:59:00,3257.86539462237,3258.92,eod,2019-10-25 15:27:00,0.744605377630196,2019,PM,37.2302688815098,True,30.0
2019-10-28 10:14:00,2019-10-28 15:59:00,3276.7502260116908,3275.9,eod,2019-10-28 10:12:00,-1.1602260116906655,2019,AM,-58.011300584533274,False,345.0
2019-11-01 10:00:00,2019-11-01 10:02:00,3290.5109836162706,3298.5109836162706,target,2019-11-01 10:00:00,7.69,2019,AM,384.5,True,2.0
2019-11-04 10:01:00,2019-11-04 15:14:00,3319.1155684667415,3314.1155684667415,stop,2019-11-04 10:00:00,-5.31,2019,AM,-265.5,False,313.0
2019-11-07 10:05:00,2019-11-07 14:43:00,3332.586136137007,3327.586136137007,stop,2019-11-07 10:03:00,-5.31,2019,AM,-265.5,False,278.0
2019-11-14 10:24:00,2019-11-14 10:57:00,3336.838715228082,3331.838715228082,stop,2019-11-14 10:24:00,-5.31,2019,AM,-265.5,False,33.0
2019-11-15 09:57:00,2019-11-15 11:01:00,3348.131742568995,3356.131742568995,target,2019-11-15 09:57:00,7.69,2019,AM,384.5,True,64.0
2019-11-15 11:44:00,2019-11-15 15:59:00,3357.8367171132304,3362.45,eod,2019-11-15 11:42:00,4.303282886769412,2019,AM,215.1641443384706,True,255.0
2019-11-18 11:01:00,2019-11-18 15:59:00,3360.5847144127993,3363.79,eod,2019-11-18 11:00:00,2.8952855872007057,2019,AM,144.7642793600353,True,298.0
2019-11-19 09:47:00,2019-11-19 10:47:00,3366.90580128364,3361.90580128364,stop,2019-11-19 09:45:00,-5.31,2019,AM,-265.5,False,60.0
2019-11-25 10:21:00,2019-11-25 15:59:00,3372.347499022954,3377.81,eod,2019-11-25 10:21:00,5.152500977046148,2019,AM,257.6250488523074,True,338.0
2019-11-26 09:30:00,2019-11-26 12:09:00,3377.3014045535447,3385.3014045535447,target,2019-11-25 16:00:00,7.69,2019,AM,384.5,True,159.0
2019-11-27 11:51:00,2019-11-27 15:59:00,3393.5212911894805,3400.46,eod,2019-11-27 11:51:00,6.628708810519529,2019,AM,331.43544052597645,True,248.0
2019-12-04 15:00:00,2019-12-04 15:54:00,3362.71,3357.71,stop,2019-12-04 15:00:00,-5.31,2019,PM,-265.5,False,54.0
2019-12-06 10:15:00,2019-12-06 13:18:00,3389.809908677776,3397.809908677776,target,2019-12-06 10:15:00,7.69,2019,AM,384.5,True,183.0
2019-12-12 10:35:00,2019-12-12 10:43:00,3420.8582250689064,3415.8582250689064,stop,2019-12-12 10:33:00,-5.31,2019,AM,-265.5,False,8.0
2019-12-13 10:14:00,2019-12-13 10:30:00,3424.326803278882,3419.326803278882,stop,2019-12-13 10:12:00,-5.31,2019,AM,-265.5,False,16.0
2019-12-16 10:57:00,2019-12-16 15:59:00,3442.469436263,3438.43,eod,2019-12-16 10:57:00,-4.34943626299997,2019,AM,-217.4718131499985,False,302.0
2019-12-17 10:31:00,2019-12-17 15:53:00,3442.892811054224,3437.892811054224,stop,2019-12-17 10:30:00,-5.31,2019,AM,-265.5,False,322.0
2019-12-18 11:32:00,2019-12-18 15:59:00,3443.8568641958536,3441.12,eod,2019-12-18 11:30:00,-3.046864195853741,2019,AM,-152.34320979268705,False,267.0
2019-12-19 10:59:00,2019-12-19 13:59:00,3444.3871699605197,3452.3871699605197,target,2019-12-19 10:57:00,7.69,2019,AM,384.5,True,180.0
2019-12-20 10:12:00,2019-12-20 11:30:00,3465.2545949263713,3473.2545949263713,target,2019-12-20 10:12:00,7.69,2019,AM,384.5,True,78.0
2019-12-20 11:43:00,2019-12-20 15:59:00,3471.7911255493746,3470.17,eod,2019-12-20 11:42:00,-1.931125549374483,2019,AM,-96.55627746872415,False,256.0
2019-12-26 11:13:00,2019-12-26 15:59:00,3481.518373717118,3484.69,eod,2019-12-26 11:12:00,2.8616262828822436,2019,AM,143.08131414411218,True,286.0
2019-12-27 09:50:00,2019-12-27 09:58:00,3491.047704609971,3486.047704609971,stop,2019-12-27 09:48:00,-5.31,2019,AM,-265.5,False,8.0
2019-12-27 11:13:00,2019-12-27 15:43:00,3491.5318851784123,3486.5318851784123,stop,2019-12-27 11:12:00,-5.31,2019,AM,-265.5,False,270.0
2020-01-02 10:02:00,2020-01-02 10:14:00,3492.446509080191,3487.446509080191,stop,2020-01-02 10:00:00,-5.31,2020,AM,-265.5,False,12.0
2020-01-02 15:05:00,2020-01-02 15:54:00,3494.240865480216,3502.240865480216,target,2020-01-02 15:03:00,7.69,2020,PM,384.5,True,49.0
2020-01-03 09:30:00,2020-01-03 09:31:00,3465.86,3473.86,target,2020-01-02 16:00:00,7.69,2020,AM,384.5,True,1.0
2020-01-07 09:30:00,2020-01-07 09:40:00,3485.23,3480.23,stop,2020-01-06 16:00:00,-5.31,2020,AM,-265.5,False,10.0
2020-01-07 11:20:00,2020-01-07 11:54:00,3488.4367356339103,3483.4367356339103,stop,2020-01-07 11:18:00,-5.31,2020,AM,-265.5,False,34.0
2020-01-08 10:10:00,2020-01-08 10:44:00,3492.082207353218,3487.082207353218,stop,2020-01-08 10:09:00,-5.31,2020,AM,-265.5,False,34.0
2020-01-08 15:35:00,2020-01-08 15:46:00,3513.424692729848,3508.424692729848,stop,2020-01-08 15:33:00,-5.31,2020,PM,-265.5,False,11.0
2020-01-10 09:39:00,2020-01-10 10:05:00,3524.1012205260904,3532.1012205260904,target,2020-01-10 09:39:00,7.69,2020,AM,384.5,True,26.0
2020-01-13 11:10:00,2020-01-13 12:14:00,3525.1546075518327,3533.1546075518327,target,2020-01-13 11:09:00,7.69,2020,AM,384.5,True,64.0
2020-01-14 09:30:00,2020-01-14 10:00:00,3532.84,3527.84,stop,2020-01-13 16:00:00,-5.31,2020,AM,-265.5,False,30.0
2020-01-14 10:49:00,2020-01-14 12:46:00,3534.449831539258,3542.449831539258,target,2020-01-14 10:48:00,7.69,2020,AM,384.5,True,117.0
2020-01-16 15:27:00,2020-01-16 15:59:00,3560.7440813233907,3568.34,eod,2020-01-16 15:27:00,7.285918676609472,2020,PM,364.2959338304736,True,32.0
2020-01-30 15:12:00,2020-01-30 15:22:00,3511.315761078528,3519.315761078528,target,2020-01-30 15:12:00,7.69,2020,PM,384.5,True,10.0
2020-02-03 15:00:00,2020-02-03 15:50:00,3496.8761545701955,3491.8761545701955,stop,2020-02-03 15:00:00,-5.31,2020,PM,-265.5,False,50.0
2020-02-04 11:51:00,2020-02-04 13:26:00,3551.446133905191,3546.446133905191,stop,2020-02-04 11:51:00,-5.31,2020,AM,-265.5,False,95.0
2020-02-05 11:26:00,2020-02-05 11:40:00,3573.3530553308115,3568.3530553308115,stop,2020-02-05 11:24:00,-5.31,2020,AM,-265.5,False,14.0
2020-02-06 10:43:00,2020-02-06 15:59:00,3592.3816629650773,3598.73,eod,2020-02-06 10:42:00,6.038337034922679,2020,AM,301.91685174613394,True,316.0
2020-02-10 15:31:00,2020-02-10 15:59:00,3598.2868240714647,3603.57,eod,2020-02-10 15:30:00,4.973175928535457,2020,PM,248.65879642677285,True,28.0
2020-02-11 10:36:00,2020-02-11 11:24:00,3627.516793744535,3622.516793744535,stop,2020-02-11 10:36:00,-5.31,2020,AM,-265.5,False,48.0
2020-02-13 09:30:00,2020-02-13 09:35:00,3617.29,3625.29,target,2020-02-12 16:00:00,7.69,2020,AM,384.5,True,5.0
2020-02-19 10:02:00,2020-02-19 11:14:00,3639.5967431360195,3647.5967431360195,target,2020-02-19 10:00:00,7.69,2020,AM,384.5,True,72.0
2020-02-19 11:31:00,2020-02-19 15:50:00,3647.1900340765374,3642.1900340765374,stop,2020-02-19 11:30:00,-5.31,2020,AM,-265.5,False,259.0
2020-02-26 10:56:00,2020-02-26 11:01:00,3414.7265844141784,3409.7265844141784,stop,2020-02-26 10:54:00,-5.31,2020,AM,-265.5,False,5.0
2020-02-26 11:30:00,2020-02-26 11:35:00,3413.6459179558883,3408.6459179558883,stop,2020-02-26 11:30:00,-5.31,2020,AM,-265.5,False,5.0
2020-03-02 11:00:00,2020-03-02 11:01:00,3207.399669755843,3217.34,target,2020-03-02 11:00:00,9.630330244156939,2020,AM,481.516512207847,True,1.0
2020-03-04 15:44:00,2020-03-04 15:46:00,3346.160121953641,3341.160121953641,stop,2020-03-04 15:42:00,-5.31,2020,PM,-265.5,False,2.0
2020-03-11 09:30:00,2020-03-11 09:31:00,3014.81,3009.81,stop,2020-03-10 16:00:00,-5.31,2020,AM,-265.5,False,1.0
2020-03-13 15:31:00,2020-03-13 15:32:00,2770.687506890548,2756.07,stop,2020-03-13 15:30:00,-14.927506890547702,2020,PM,-746.3753445273851,False,1.0
2020-03-16 09:30:00,2020-03-16 09:46:00,2725.25,2577.63,stop,2020-03-13 16:00:00,-147.9299999999999,2020,AM,-7396.4999999999945,False,16.0
2020-03-19 11:51:00,2020-03-19 11:52:00,2643.985509117461,2651.985509117461,target,2020-03-19 11:51:00,7.69,2020,AM,384.5,True,1.0
2020-03-25 09:51:00,2020-03-25 09:52:00,2675.618385679695,2669.69,stop,2020-03-25 09:51:00,-6.238385679695111,2020,AM,-311.91928398475557,False,1.0
2020-03-25 11:15:00,2020-03-25 11:16:00,2666.3189745648747,2660.43,stop,2020-03-25 11:15:00,-6.198974564874843,2020,AM,-309.94872824374215,False,1.0
2020-03-26 11:45:00,2020-03-26 11:52:00,2806.224713628386,2814.224713628386,target,2020-03-26 11:45:00,7.69,2020,AM,384.5,True,7.0
2020-03-26 15:00:00,2020-03-26 15:06:00,2811.35183214221,2806.35183214221,stop,2020-03-26 15:00:00,-5.31,2020,PM,-265.5,False,6.0
2020-03-27 15:32:00,2020-03-27 15:33:00,2817.689942682654,2812.689942682654,stop,2020-03-27 15:30:00,-5.31,2020,PM,-265.5,False,1.0
2020-03-30 10:51:00,2020-03-30 10:56:00,2804.7953034588713,2799.7953034588713,stop,2020-03-30 10:51:00,-5.31,2020,AM,-265.5,False,5.0
2020-03-30 11:36:00,2020-03-30 12:01:00,2819.4553736051757,2814.4553736051757,stop,2020-03-30 11:36:00,-5.31,2020,AM,-265.5,False,25.0
2020-03-30 15:00:00,2020-03-30 15:02:00,2830.877317200184,2838.877317200184,target,2020-03-30 15:00:00,7.69,2020,PM,384.5,True,2.0
2020-04-03 09:30:00,2020-04-03 09:32:00,2727.43,2735.43,target,2020-04-02 16:00:00,7.69,2020,AM,384.5,True,2.0
2020-04-06 10:28:00,2020-04-06 10:31:00,2828.7939164108343,2823.7939164108343,stop,2020-04-06 10:27:00,-5.31,2020,AM,-265.5,False,3.0
2020-04-07 10:04:00,2020-04-07 10:07:00,2967.3870620784764,2962.3870620784764,stop,2020-04-07 10:03:00,-5.31,2020,AM,-265.5,False,3.0
2020-04-07 11:50:00,2020-04-07 11:58:00,2956.5485034934545,2951.5485034934545,stop,2020-04-07 11:48:00,-5.31,2020,AM,-265.5,False,8.0
2020-04-08 15:12:00,2020-04-08 15:21:00,2980.2526937210678,2975.2526937210678,stop,2020-04-08 15:12:00,-5.31,2020,PM,-265.5,False,9.0
2020-04-09 10:05:00,2020-04-09 10:07:00,3040.7759584696705,3035.7759584696705,stop,2020-04-09 10:03:00,-5.31,2020,AM,-265.5,False,2.0
2020-04-20 11:12:00,2020-04-20 11:35:00,3102.6265605057997,3110.6265605057997,target,2020-04-20 11:12:00,7.69,2020,AM,384.5,True,23.0
2020-04-22 11:55:00,2020-04-22 13:30:00,3032.6253067594375,3040.6253067594375,target,2020-04-22 11:54:00,7.69,2020,AM,384.5,True,95.0
2020-04-22 15:00:00,2020-04-22 15:50:00,3046.2696652060094,3054.2696652060094,target,2020-04-22 15:00:00,7.69,2020,PM,384.5,True,50.0
2020-04-23 11:00:00,2020-04-23 11:11:00,3082.534848142468,3077.534848142468,stop,2020-04-23 11:00:00,-5.31,2020,AM,-265.5,False,11.0
2020-04-27 11:52:00,2020-04-27 13:19:00,3122.928946251421,3117.928946251421,stop,2020-04-27 11:51:00,-5.31,2020,AM,-265.5,False,87.0
2020-04-27 15:26:00,2020-04-27 15:59:00,3131.1617752832212,3128.62,eod,2020-04-27 15:24:00,-2.851775283221341,2020,PM,-142.58876416106705,False,33.0
2020-04-29 10:37:00,2020-04-29 10:55:00,3178.275808137413,3186.275808137413,target,2020-04-29 10:36:00,7.69,2020,AM,384.5,True,18.0
2020-04-29 11:00:00,2020-04-29 11:53:00,3182.39853161496,3190.39853161496,target,2020-04-29 11:00:00,7.69,2020,AM,384.5,True,53.0
2020-04-29 15:16:00,2020-04-29 15:25:00,3202.0670126190553,3210.0670126190553,target,2020-04-29 15:15:00,7.69,2020,PM,384.5,True,9.0
2020-05-05 11:54:00,2020-05-05 13:05:00,3141.7439943266513,3136.7439943266513,stop,2020-05-05 11:54:00,-5.31,2020,AM,-265.5,False,71.0
2020-05-07 11:39:00,2020-05-07 11:44:00,3139.3877570950353,3147.3877570950353,target,2020-05-07 11:39:00,7.69,2020,AM,384.5,True,5.0
2020-05-08 11:52:00,2020-05-08 13:42:00,3173.592809055067,3168.592809055067,stop,2020-05-08 11:51:00,-5.31,2020,AM,-265.5,False,110.0
2020-05-11 09:30:00,2020-05-11 09:31:00,3159.67,3154.67,stop,2020-05-08 16:00:00,-5.31,2020,AM,-265.5,False,1.0
2020-05-14 15:35:00,2020-05-14 15:41:00,3082.995322048029,3077.995322048029,stop,2020-05-14 15:33:00,-5.31,2020,PM,-265.5,False,6.0
2020-05-18 10:12:00,2020-05-18 10:34:00,3188.840906978997,3196.840906978997,target,2020-05-18 10:12:00,7.69,2020,AM,384.5,True,22.0
2020-05-19 11:34:00,2020-05-19 12:18:00,3216.08947310128,3211.08947310128,stop,2020-05-19 11:33:00,-5.31,2020,AM,-265.5,False,44.0
2020-05-20 11:54:00,2020-05-20 12:09:00,3239.512623285291,3234.512623285291,stop,2020-05-20 11:54:00,-5.31,2020,AM,-265.5,False,15.0
2020-05-26 09:56:00,2020-05-26 10:07:00,3275.4667287202615,3270.4667287202615,stop,2020-05-26 09:54:00,-5.31,2020,AM,-265.5,False,11.0
2020-05-26 11:09:00,2020-05-26 11:25:00,3279.6579246187707,3274.6579246187707,stop,2020-05-26 11:09:00,-5.31,2020,AM,-265.5,False,16.0
2020-05-27 15:30:00,2020-05-27 15:41:00,3284.487519402355,3292.487519402355,target,2020-05-27 15:30:00,7.69,2020,PM,384.5,True,11.0
2020-05-28 11:03:00,2020-05-28 12:07:00,3318.6890399570634,3326.6890399570634,target,2020-05-28 11:03:00,7.69,2020,AM,384.5,True,64.0
2020-06-01 10:28:00,2020-06-01 11:26:00,3316.512499958812,3311.512499958812,stop,2020-06-01 10:27:00,-5.31,2020,AM,-265.5,False,58.0
2020-06-02 10:12:00,2020-06-02 10:24:00,3333.182940118474,3341.182940118474,target,2020-06-02 10:12:00,7.69,2020,AM,384.5,True,12.0
2020-06-03 10:16:00,2020-06-03 10:45:00,3379.0288444805624,3387.0288444805624,target,2020-06-03 10:15:00,7.69,2020,AM,384.5,True,29.0
2020-06-03 11:21:00,2020-06-03 14:37:00,3390.839389509494,3398.839389509494,target,2020-06-03 11:21:00,7.69,2020,AM,384.5,True,196.0
2020-06-04 11:00:00,2020-06-04 11:08:00,3402.8465158149393,3397.8465158149393,stop,2020-06-04 11:00:00,-5.31,2020,AM,-265.5,False,8.0
2020-06-04 11:08:00,2020-06-04 11:10:00,3399.08,3394.08,stop,2020-06-04 11:06:00,-5.31,2020,AM,-265.5,False,2.0
2020-06-05 11:38:00,2020-06-05 12:15:00,3486.2294697808316,3481.2294697808316,stop,2020-06-05 11:36:00,-5.31,2020,AM,-265.5,False,37.0
2020-06-09 09:30:00,2020-06-09 09:31:00,3486.51,3481.51,stop,2020-06-08 16:00:00,-5.31,2020,AM,-265.5,False,1.0
2020-06-09 15:32:00,2020-06-09 15:35:00,3504.764416540052,3499.764416540052,stop,2020-06-09 15:30:00,-5.31,2020,PM,-265.5,False,3.0
2020-06-15 09:30:00,2020-06-15 09:33:00,3288.17,3283.17,stop,2020-06-12 16:00:00,-5.31,2020,AM,-265.5,False,3.0
2020-06-15 10:22:00,2020-06-15 10:29:00,3314.691034281905,3309.691034281905,stop,2020-06-15 10:21:00,-5.31,2020,AM,-265.5,False,7.0
2020-06-15 11:15:00,2020-06-15 11:24:00,3328.666706747879,3336.666706747879,target,2020-06-15 11:15:00,7.69,2020,AM,384.5,True,9.0
2020-06-23 11:36:00,2020-06-23 11:53:00,3477.1877978171797,3472.1877978171797,stop,2020-06-23 11:36:00,-5.31,2020,AM,-265.5,False,17.0
2020-06-30 11:30:00,2020-06-30 11:40:00,3400.306670061531,3395.306670061531,stop,2020-06-30 11:30:00,-5.31,2020,AM,-265.5,False,10.0
2020-06-30 15:01:00,2020-06-30 15:06:00,3404.781889730303,3399.781889730303,stop,2020-06-30 15:00:00,-5.31,2020,PM,-265.5,False,5.0
2020-07-01 15:36:00,2020-07-01 15:54:00,3450.849557842378,3445.849557842378,stop,2020-07-01 15:36:00,-5.31,2020,PM,-265.5,False,18.0
2020-07-06 11:15:00,2020-07-06 12:05:00,3511.9183771199587,3506.9183771199587,stop,2020-07-06 11:15:00,-5.31,2020,AM,-265.5,False,50.0
2020-07-07 09:30:00,2020-07-07 09:31:00,3495.48,3490.48,stop,2020-07-06 16:00:00,-5.31,2020,AM,-265.5,False,1.0
2020-07-09 10:09:00,2020-07-09 10:11:00,3503.0197292604385,3498.0197292604385,stop,2020-07-09 10:09:00,-5.31,2020,AM,-265.5,False,2.0
2020-07-10 10:50:00,2020-07-10 11:41:00,3489.6164977279004,3497.6164977279004,target,2020-07-10 10:48:00,7.69,2020,AM,384.5,True,51.0
2020-07-10 15:00:00,2020-07-10 15:32:00,3511.023921259774,3519.023921259774,target,2020-07-10 15:00:00,7.69,2020,PM,384.5,True,32.0
2020-07-15 10:01:00,2020-07-15 10:04:00,3565.063472255206,3560.063472255206,stop,2020-07-15 10:00:00,-5.31,2020,AM,-265.5,False,3.0
2020-07-15 10:54:00,2020-07-15 10:59:00,3576.6768854290317,3571.6768854290317,stop,2020-07-15 10:54:00,-5.31,2020,AM,-265.5,False,5.0
2020-07-17 15:42:00,2020-07-17 15:53:00,3571.630151763808,3566.630151763808,stop,2020-07-17 15:42:00,-5.31,2020,PM,-265.5,False,11.0
2020-07-20 10:50:00,2020-07-20 13:40:00,3575.830955818841,3583.830955818841,target,2020-07-20 10:48:00,7.69,2020,AM,384.5,True,170.0
2020-07-23 09:30:00,2020-07-23 09:50:00,3618.81,3626.81,target,2020-07-22 16:00:00,7.69,2020,AM,384.5,True,20.0
2020-07-23 09:56:00,2020-07-23 10:11:00,3622.4285950654803,3617.4285950654803,stop,2020-07-23 09:54:00,-5.31,2020,AM,-265.5,False,15.0
2020-07-27 15:38:00,2020-07-27 15:59:00,3581.326886854776,3582.51,eod,2020-07-27 15:36:00,0.8731131452240697,2020,PM,43.65565726120349,True,21.0
2020-07-28 11:52:00,2020-07-28 12:05:00,3581.8304817380567,3576.8304817380567,stop,2020-07-28 11:51:00,-5.31,2020,AM,-265.5,False,13.0
2020-07-31 09:49:00,2020-07-31 09:50:00,3597.6035911724853,3592.6035911724853,stop,2020-07-31 09:48:00,-5.31,2020,AM,-265.5,False,1.0
2020-08-03 11:37:00,2020-08-03 14:38:00,3645.0853868647496,3653.0853868647496,target,2020-08-03 11:36:00,7.69,2020,AM,384.5,True,181.0
2020-08-04 11:02:00,2020-08-04 12:55:00,3649.57977751041,3644.57977751041,stop,2020-08-04 11:00:00,-5.31,2020,AM,-265.5,False,113.0
2020-08-05 10:20:00,2020-08-05 15:49:00,3677.8996598998615,3672.8996598998615,stop,2020-08-05 10:18:00,-5.31,2020,AM,-265.5,False,329.0
2020-08-06 10:34:00,2020-08-06 10:40:00,3684.16949322464,3679.16949322464,stop,2020-08-06 10:33:00,-5.31,2020,AM,-265.5,False,6.0
2020-08-06 15:01:00,2020-08-06 15:59:00,3701.328905668671,3701.68,eod,2020-08-06 15:00:00,0.04109433132902268,2020,PM,2.054716566451134,True,58.0
2020-08-10 15:15:00,2020-08-10 15:49:00,3718.0559689078846,3713.0559689078846,stop,2020-08-10 15:15:00,-5.31,2020,PM,-265.5,False,34.0
2020-08-11 09:56:00,2020-08-11 10:02:00,3730.8401931060253,3725.8401931060253,stop,2020-08-11 09:54:00,-5.31,2020,AM,-265.5,False,6.0
2020-08-11 11:26:00,2020-08-11 11:51:00,3735.1160525057094,3730.1160525057094,stop,2020-08-11 11:24:00,-5.31,2020,AM,-265.5,False,25.0
2020-08-17 10:58:00,2020-08-17 15:12:00,3747.0523682418593,3742.0523682418593,stop,2020-08-17 10:57:00,-5.31,2020,AM,-265.5,False,254.0
2020-08-19 11:56:00,2020-08-19 14:07:00,3762.687276531952,3757.687276531952,stop,2020-08-19 11:54:00,-5.31,2020,AM,-265.5,False,131.0
2020-08-21 10:03:00,2020-08-21 11:59:00,3750.3260380847064,3745.3260380847064,stop,2020-08-21 10:03:00,-5.31,2020,AM,-265.5,False,116.0
2020-08-21 15:15:00,2020-08-21 15:59:00,3762.47371679455,3763.77,eod,2020-08-21 15:15:00,0.9862832054499813,2020,PM,49.314160272499066,True,44.0
2020-08-24 10:01:00,2020-08-24 10:19:00,3786.2138717230455,3794.2138717230455,target,2020-08-24 10:00:00,7.69,2020,AM,384.5,True,18.0
2020-08-25 11:30:00,2020-08-25 11:42:00,3802.470000786081,3797.470000786081,stop,2020-08-25 11:30:00,-5.31,2020,AM,-265.5,False,12.0
2020-08-25 15:01:00,2020-08-25 15:59:00,3808.6976311989665,3813.65,eod,2020-08-25 15:00:00,4.642368801033572,2020,PM,232.11844005167862,True,58.0
2020-08-26 09:44:00,2020-08-26 10:32:00,3816.1560633841646,3824.1560633841646,target,2020-08-26 09:42:00,7.69,2020,AM,384.5,True,48.0
2020-08-26 11:17:00,2020-08-26 11:55:00,3827.1904208541314,3835.1904208541314,target,2020-08-26 11:15:00,7.69,2020,AM,384.5,True,38.0
2020-08-27 10:03:00,2020-08-27 10:06:00,3864.985816538165,3859.985816538165,stop,2020-08-27 10:03:00,-5.31,2020,AM,-265.5,False,3.0
2020-09-02 09:57:00,2020-09-02 10:16:00,3921.1784266806994,3929.1784266806994,target,2020-09-02 09:57:00,7.69,2020,AM,384.5,True,19.0
2020-09-07 11:42:00,2020-09-07 12:59:00,3807.971303075444,3808.67,eod,2020-09-07 11:42:00,0.3886969245558612,2020,AM,19.43484622779306,True,77.0
2020-09-09 11:57:00,2020-09-09 12:32:00,3770.619962850378,3778.619962850378,target,2020-09-09 11:57:00,7.69,2020,AM,384.5,True,35.0
2020-09-09 15:11:00,2020-09-09 15:39:00,3789.3810137215764,3784.3810137215764,stop,2020-09-09 15:09:00,-5.31,2020,PM,-265.5,False,28.0
2020-09-16 11:39:00,2020-09-16 12:13:00,3790.8516136701055,3785.8516136701055,stop,2020-09-16 11:39:00,-5.31,2020,AM,-265.5,False,34.0
2020-09-22 11:52:00,2020-09-22 12:02:00,3638.7282507940286,3646.7282507940286,target,2020-09-22 11:51:00,7.69,2020,AM,384.5,True,10.0
2020-09-25 11:31:00,2020-09-25 11:43:00,3616.715444340925,3611.715444340925,stop,2020-09-25 11:30:00,-5.31,2020,AM,-265.5,False,12.0
2020-09-25 15:30:00,2020-09-25 15:34:00,3659.1769831952006,3654.1769831952006,stop,2020-09-25 15:30:00,-5.31,2020,PM,-265.5,False,4.0
2020-09-28 10:07:00,2020-09-28 10:14:00,3697.37509880609,3705.37509880609,target,2020-09-28 10:06:00,7.69,2020,AM,384.5,True,7.0
2020-10-06 10:25:00,2020-10-06 10:43:00,3781.759709337775,3776.759709337775,stop,2020-10-06 10:24:00,-5.31,2020,AM,-265.5,False,18.0
2020-10-08 15:00:00,2020-10-08 15:02:00,3819.646039331714,3814.646039331714,stop,2020-10-08 15:00:00,-5.31,2020,PM,-265.5,False,2.0
2020-10-09 09:53:00,2020-10-09 11:06:00,3839.3974395811274,3847.3974395811274,target,2020-10-09 09:51:00,7.69,2020,AM,384.5,True,73.0
2020-10-09 11:19:00,2020-10-09 11:44:00,3845.068089669058,3853.068089669058,target,2020-10-09 11:18:00,7.69,2020,AM,384.5,True,25.0
2020-10-09 15:30:00,2020-10-09 15:45:00,3855.7956167425873,3850.7956167425873,stop,2020-10-09 15:30:00,-5.31,2020,PM,-265.5,False,15.0
2020-10-12 11:47:00,2020-10-12 12:23:00,3913.1269461210936,3921.1269461210936,target,2020-10-12 11:45:00,7.69,2020,AM,384.5,True,36.0
2020-10-16 09:51:00,2020-10-16 10:00:00,3876.284495244571,3884.284495244571,target,2020-10-16 09:51:00,7.69,2020,AM,384.5,True,9.0
2020-10-21 15:03:00,2020-10-21 15:06:00,3833.6270581853764,3828.6270581853764,stop,2020-10-21 15:03:00,-5.31,2020,PM,-265.5,False,3.0
2020-10-22 15:44:00,2020-10-22 15:56:00,3834.4468860242387,3829.4468860242387,stop,2020-10-22 15:42:00,-5.31,2020,PM,-265.5,False,12.0
2020-10-27 10:04:00,2020-10-27 10:08:00,3773.804638552048,3781.804638552048,target,2020-10-27 10:03:00,7.69,2020,AM,384.5,True,4.0
2020-11-02 15:33:00,2020-11-02 15:34:00,3668.5001008804434,3663.5001008804434,stop,2020-11-02 15:33:00,-5.31,2020,PM,-265.5,False,1.0
2020-11-03 10:34:00,2020-11-03 10:58:00,3747.215919494747,3755.215919494747,target,2020-11-03 10:33:00,7.69,2020,AM,384.5,True,24.0
2020-11-09 11:00:00,2020-11-09 11:01:00,4008.300215660114,4003.300215660114,stop,2020-11-09 11:00:00,-5.31,2020,AM,-265.5,False,1.0
2020-11-11 09:55:00,2020-11-11 09:56:00,3957.6744930713703,3952.6744930713703,stop,2020-11-11 09:54:00,-5.31,2020,AM,-265.5,False,1.0
2020-11-11 11:37:00,2020-11-11 12:09:00,3965.4846674735168,3973.4846674735168,target,2020-11-11 11:36:00,7.69,2020,AM,384.5,True,32.0
2020-11-17 09:30:00,2020-11-17 09:36:00,4004.03,3999.03,stop,2020-11-16 16:00:00,-5.31,2020,AM,-265.5,False,6.0
2020-11-23 15:17:00,2020-11-23 15:36:00,3978.8426674115362,3973.8426674115362,stop,2020-11-23 15:15:00,-5.31,2020,PM,-265.5,False,19.0
2020-11-24 10:30:00,2020-11-24 10:41:00,4009.779638937891,4017.779638937891,target,2020-11-24 10:30:00,7.69,2020,AM,384.5,True,11.0
2020-11-30 15:04:00,2020-11-30 15:58:00,4021.2959723433196,4016.2959723433196,stop,2020-11-30 15:03:00,-5.31,2020,PM,-265.5,False,54.0
2020-12-01 10:31:00,2020-12-01 10:36:00,4079.757410490935,4074.757410490935,stop,2020-12-01 10:30:00,-5.31,2020,AM,-265.5,False,5.0
2020-12-01 11:23:00,2020-12-01 11:32:00,4079.4489493953206,4074.4489493953206,stop,2020-12-01 11:21:00,-5.31,2020,AM,-265.5,False,9.0
2020-12-03 10:29:00,2020-12-03 11:10:00,4087.1048822510297,4082.1048822510297,stop,2020-12-03 10:27:00,-5.31,2020,AM,-265.5,False,41.0
2020-12-03 11:40:00,2020-12-03 12:18:00,4088.0241148307673,4083.0241148307673,stop,2020-12-03 11:39:00,-5.31,2020,AM,-265.5,False,38.0
2020-12-09 09:50:00,2020-12-09 10:11:00,4121.27817004402,4116.27817004402,stop,2020-12-09 09:48:00,-5.31,2020,AM,-265.5,False,21.0
2020-12-11 15:28:00,2020-12-11 15:59:00,4070.2770548855983,4071.03,eod,2020-12-11 15:27:00,0.44294511440188217,2020,PM,22.14725572009411,True,31.0
2020-12-14 10:11:00,2020-12-14 10:46:00,4107.660433287338,4102.660433287338,stop,2020-12-14 10:09:00,-5.31,2020,AM,-265.5,False,35.0
2020-12-16 09:37:00,2020-12-16 10:26:00,4106.53703877508,4114.53703877508,target,2020-12-16 09:36:00,7.69,2020,AM,384.5,True,49.0
2020-12-16 10:47:00,2020-12-16 12:50:00,4114.434182870699,4109.434182870699,stop,2020-12-16 10:45:00,-5.31,2020,AM,-265.5,False,123.0
2021-01-05 11:58:00,2021-01-05 12:05:00,4125.420119859192,4133.420119859192,target,2021-01-05 11:57:00,7.69,2021,AM,384.5,True,7.0
2021-01-07 15:30:00,2021-01-07 15:59:00,4232.03247507026,4231.99,eod,2021-01-07 15:30:00,-0.3524750702604797,2021,PM,-17.623753513023985,False,29.0
2021-01-14 09:51:00,2021-01-14 12:42:00,4244.1482203669875,4239.1482203669875,stop,2021-01-14 09:51:00,-5.31,2021,AM,-265.5,False,171.0
2021-01-19 09:49:00,2021-01-19 09:57:00,4211.734103302756,4206.734103302756,stop,2021-01-19 09:48:00,-5.31,2021,AM,-265.5,False,8.0
2021-01-21 10:42:00,2021-01-21 11:32:00,4290.649037107315,4285.649037107315,stop,2021-01-21 10:42:00,-5.31,2021,AM,-265.5,False,50.0
2021-01-21 15:00:00,2021-01-21 15:59:00,4291.792387493047,4287.71,eod,2021-01-21 15:00:00,-4.392387493046553,2021,PM,-219.61937465232765,False,59.0
2021-01-26 09:45:00,2021-01-26 10:11:00,4291.049390568602,4286.049390568602,stop,2021-01-26 09:45:00,-5.31,2021,AM,-265.5,False,26.0
2021-01-28 11:20:00,2021-01-28 11:24:00,4241.820994736486,4236.820994736486,stop,2021-01-28 11:18:00,-5.31,2021,AM,-265.5,False,4.0
2021-02-01 11:58:00,2021-02-01 12:14:00,4184.521210685778,4192.521210685778,target,2021-02-01 11:57:00,7.69,2021,AM,384.5,True,16.0
2021-02-02 11:24:00,2021-02-02 12:15:00,4265.663135817595,4273.663135817595,target,2021-02-02 11:24:00,7.69,2021,AM,384.5,True,51.0
2021-02-04 10:26:00,2021-02-04 11:25:00,4282.578698073635,4290.578698073635,target,2021-02-04 10:24:00,7.69,2021,AM,384.5,True,59.0
2021-02-05 09:55:00,2021-02-05 10:11:00,4320.19301191433,4315.19301191433,stop,2021-02-05 09:54:00,-5.31,2021,AM,-265.5,False,16.0
2021-02-08 15:19:00,2021-02-08 15:54:00,4341.927148595898,4349.927148595898,target,2021-02-08 15:18:00,7.69,2021,PM,384.5,True,35.0
2021-02-09 10:03:00,2021-02-09 11:11:00,4349.255949728951,4344.255949728951,stop,2021-02-09 10:03:00,-5.31,2021,AM,-265.5,False,68.0
2021-02-10 15:10:00,2021-02-10 15:26:00,4358.559321034954,4353.559321034954,stop,2021-02-10 15:09:00,-5.31,2021,PM,-265.5,False,16.0
2021-02-12 11:04:00,2021-02-12 13:19:00,4362.963582678771,4357.963582678771,stop,2021-02-12 11:03:00,-5.31,2021,AM,-265.5,False,135.0
2021-02-15 11:56:00,2021-02-15 12:59:00,4401.523282490954,4401.92,eod,2021-02-15 11:54:00,0.08671750904562942,2021,AM,4.335875452281471,True,63.0
2021-02-17 15:30:00,2021-02-17 15:59:00,4373.013012180794,4376.29,eod,2021-02-17 15:30:00,2.966987819205715,2021,PM,148.34939096028575,True,29.0
2021-02-18 15:20:00,2021-02-18 15:53:00,4361.80925847481,4356.80925847481,stop,2021-02-18 15:18:00,-5.31,2021,PM,-265.5,False,33.0
2021-02-23 15:42:00,2021-02-23 15:51:00,4330.682955386401,4325.682955386401,stop,2021-02-23 15:42:00,-5.31,2021,PM,-265.5,False,9.0
2021-02-24 15:41:00,2021-02-24 15:59:00,4368.769731434019,4370.72,eod,2021-02-24 15:39:00,1.6402685659808776,2021,PM,82.01342829904388,True,18.0
2021-03-02 15:12:00,2021-03-02 15:15:00,4338.484438596638,4333.484438596638,stop,2021-03-02 15:12:00,-5.31,2021,PM,-265.5,False,3.0
2021-03-05 15:10:00,2021-03-05 15:15:00,4267.917946212028,4275.917946212028,target,2021-03-05 15:09:00,7.69,2021,PM,384.5,True,5.0
2021-03-08 10:38:00,2021-03-08 10:42:00,4307.23267202416,4315.23267202416,target,2021-03-08 10:36:00,7.69,2021,AM,384.5,True,4.0
2021-03-16 10:04:00,2021-03-16 11:48:00,4421.94239241868,4416.94239241868,stop,2021-03-16 10:03:00,-5.31,2021,AM,-265.5,False,104.0
2021-03-22 15:00:00,2021-03-22 15:23:00,4396.418087214284,4391.418087214284,stop,2021-03-22 15:00:00,-5.31,2021,PM,-265.5,False,23.0
2021-03-26 10:17:00,2021-03-26 10:30:00,4371.261888160403,4379.261888160403,target,2021-03-26 10:15:00,7.69,2021,AM,384.5,True,13.0
2021-03-29 15:33:00,2021-03-29 15:44:00,4425.2014651033,4420.2014651033,stop,2021-03-29 15:33:00,-5.31,2021,PM,-265.5,False,11.0
2021-03-30 15:12:00,2021-03-30 15:50:00,4408.69536501738,4403.69536501738,stop,2021-03-30 15:12:00,-5.31,2021,PM,-265.5,False,38.0
2021-03-31 10:13:00,2021-03-31 10:41:00,4423.682867988749,4431.682867988749,target,2021-03-31 10:12:00,7.69,2021,AM,384.5,True,28.0
2021-03-31 11:08:00,2021-03-31 12:25:00,4430.09345115556,4438.09345115556,target,2021-03-31 11:06:00,7.69,2021,AM,384.5,True,77.0
2021-04-05 10:54:00,2021-04-05 11:36:00,4529.874928088513,4537.874928088513,target,2021-04-05 10:54:00,7.69,2021,AM,384.5,True,42.0
2021-04-05 11:57:00,2021-04-05 12:35:00,4535.9525647674045,4543.9525647674045,target,2021-04-05 11:57:00,7.69,2021,AM,384.5,True,38.0
2021-04-06 10:11:00,2021-04-06 13:21:00,4540.355716243081,4535.355716243081,stop,2021-04-06 10:09:00,-5.31,2021,AM,-265.5,False,190.0
2021-04-07 10:48:00,2021-04-07 11:26:00,4541.746986102028,4536.746986102028,stop,2021-04-07 10:48:00,-5.31,2021,AM,-265.5,False,38.0
2021-04-08 09:48:00,2021-04-08 10:44:00,4545.968781066236,4553.968781066236,target,2021-04-08 09:48:00,7.69,2021,AM,384.5,True,56.0
2021-04-09 10:13:00,2021-04-09 10:30:00,4567.043053301028,4562.043053301028,stop,2021-04-09 10:12:00,-5.31,2021,AM,-265.5,False,17.0
2021-04-12 09:30:00,2021-04-12 10:39:00,4587.66,4582.66,stop,2021-04-09 16:00:00,-5.31,2021,AM,-265.5,False,69.0
2021-04-13 10:19:00,2021-04-13 14:14:00,4598.921535118171,4606.921535118171,target,2021-04-13 10:18:00,7.69,2021,AM,384.5,True,235.0
2021-04-13 15:31:00,2021-04-13 15:42:00,4615.023453259046,4610.023453259046,stop,2021-04-13 15:30:00,-5.31,2021,PM,-265.5,False,11.0
2021-04-14 10:02:00,2021-04-14 11:22:00,4615.8222268919235,4610.8222268919235,stop,2021-04-14 10:00:00,-5.31,2021,AM,-265.5,False,80.0
2021-04-16 09:45:00,2021-04-16 09:55:00,4650.264807007514,4645.264807007514,stop,2021-04-16 09:45:00,-5.31,2021,AM,-265.5,False,10.0
2021-04-16 15:04:00,2021-04-16 15:59:00,4660.489179698954,4660.16,eod,2021-04-16 15:03:00,-0.6391796989542491,2021,PM,-31.958984947712455,False,55.0
2021-04-21 10:17:00,2021-04-21 10:24:00,4612.24609926318,4620.24609926318,target,2021-04-21 10:15:00,7.69,2021,AM,384.5,True,7.0
2021-04-22 09:30:00,2021-04-22 09:31:00,4643.720691418692,4638.720691418692,stop,2021-04-21 16:00:00,-5.31,2021,AM,-265.5,False,1.0
2021-04-22 10:55:00,2021-04-22 12:32:00,4642.408231051004,4650.408231051004,target,2021-04-22 10:54:00,7.69,2021,AM,384.5,True,97.0
2021-04-23 15:02:00,2021-04-23 15:31:00,4659.034097263382,4667.034097263382,target,2021-04-23 15:00:00,7.69,2021,PM,384.5,True,29.0
2021-04-28 10:12:00,2021-04-28 10:35:00,4668.861983149745,4663.861983149745,stop,2021-04-28 10:12:00,-5.31,2021,AM,-265.5,False,23.0
2021-04-29 15:16:00,2021-04-29 15:24:00,4690.56,4685.56,stop,2021-04-29 15:15:00,-5.31,2021,PM,-265.5,False,8.0
2021-05-03 15:00:00,2021-05-03 15:16:00,4679.214267991221,4674.11,stop,2021-05-03 15:00:00,-5.414267991221604,2021,PM,-270.7133995610802,False,16.0
2021-05-05 10:00:00,2021-05-05 10:02:00,4649.88396297657,4644.88396297657,stop,2021-05-05 10:00:00,-5.31,2021,AM,-265.5,False,2.0
2021-05-07 10:38:00,2021-05-07 12:36:00,4713.429287561116,4708.429287561116,stop,2021-05-07 10:36:00,-5.31,2021,AM,-265.5,False,118.0
2021-05-07 15:26:00,2021-05-07 15:59:00,4716.433475855556,4713.98,eod,2021-05-07 15:24:00,-2.7634758555564622,2021,PM,-138.1737927778231,False,33.0
2021-05-14 11:50:00,2021-05-14 13:00:00,4638.852014194227,4646.852014194227,target,2021-05-14 11:48:00,7.69,2021,AM,384.5,True,70.0
2021-05-14 15:00:00,2021-05-14 15:31:00,4656.74558208519,4651.74558208519,stop,2021-05-14 15:00:00,-5.31,2021,PM,-265.5,False,31.0
2021-05-18 10:54:00,2021-05-18 11:32:00,4639.607325458998,4634.607325458998,stop,2021-05-18 10:54:00,-5.31,2021,AM,-265.5,False,38.0
2021-05-20 15:33:00,2021-05-20 15:42:00,4645.347899490555,4640.347899490555,stop,2021-05-20 15:33:00,-5.31,2021,PM,-265.5,False,9.0
2021-05-28 11:46:00,2021-05-28 15:54:00,4697.482639412826,4692.482639412826,stop,2021-05-28 11:45:00,-5.31,2021,AM,-265.5,False,248.0
2021-06-01 11:46:00,2021-06-01 12:08:00,4691.324659398599,4686.324659398599,stop,2021-06-01 11:45:00,-5.31,2021,AM,-265.5,False,22.0
2021-06-02 10:02:00,2021-06-02 10:27:00,4690.581194417844,4698.581194417844,target,2021-06-02 10:00:00,7.69,2021,AM,384.5,True,25.0
2021-06-02 11:52:00,2021-06-02 12:22:00,4699.529586052531,4694.529586052531,stop,2021-06-02 11:51:00,-5.31,2021,AM,-265.5,False,30.0
2021-06-04 11:27:00,2021-06-04 14:31:00,4709.041918834197,4717.041918834197,target,2021-06-04 11:27:00,7.69,2021,AM,384.5,True,184.0
2021-06-08 09:48:00,2021-06-08 09:52:00,4716.3600189805,4711.3600189805,stop,2021-06-08 09:48:00,-5.31,2021,AM,-265.5,False,4.0
2021-06-08 15:22:00,2021-06-08 15:56:00,4718.991217417029,4713.991217417029,stop,2021-06-08 15:21:00,-5.31,2021,PM,-265.5,False,34.0
2021-06-14 09:32:00,2021-06-14 10:06:00,4731.294350945074,4726.294350945074,stop,2021-06-11 16:00:00,-5.31,2021,AM,-265.5,False,34.0
2021-06-15 09:40:00,2021-06-15 10:32:00,4740.151744682499,4735.151744682499,stop,2021-06-15 09:39:00,-5.31,2021,AM,-265.5,False,52.0
2021-06-22 11:35:00,2021-06-22 15:02:00,4727.3420676456135,4735.3420676456135,target,2021-06-22 11:33:00,7.69,2021,AM,384.5,True,207.0
2021-06-22 15:36:00,2021-06-22 15:50:00,4742.072183950603,4737.072183950603,stop,2021-06-22 15:36:00,-5.31,2021,PM,-265.5,False,14.0
2021-06-25 11:31:00,2021-06-25 15:15:00,4770.104874661995,4778.104874661995,target,2021-06-25 11:30:00,7.69,2021,AM,384.5,True,224.0
2021-06-25 15:20:00,2021-06-25 15:59:00,4776.32491851882,4777.09,eod,2021-06-25 15:18:00,0.4550814811804594,2021,PM,22.75407405902297,True,39.0
2021-06-28 15:09:00,2021-06-28 15:59:00,4778.901029824197,4784.91,eod,2021-06-28 15:09:00,5.698970175802461,2021,PM,284.948508790123,True,50.0
2021-06-30 10:41:00,2021-06-30 15:55:00,4790.829530313256,4798.829530313256,target,2021-06-30 10:39:00,7.69,2021,AM,384.5,True,314.0
2021-07-01 15:05:00,2021-07-01 15:59:00,4817.2384518680265,4816.77,eod,2021-07-01 15:03:00,-0.7784518680260226,2021,PM,-38.92259340130113,False,54.0
2021-07-02 10:12:00,2021-07-02 11:53:00,4832.4851285844525,4840.4851285844525,target,2021-07-02 10:12:00,7.69,2021,AM,384.5,True,101.0
2021-07-02 15:12:00,2021-07-02 15:59:00,4851.880697527741,4853.94,eod,2021-07-02 15:12:00,1.7493024722584232,2021,PM,87.46512361292116,True,47.0
2021-07-05 10:08:00,2021-07-05 12:59:00,4855.206525150425,4852.83,eod,2021-07-05 10:06:00,-2.686525150424641,2021,AM,-134.32625752123204,False,171.0
2021-07-09 11:54:00,2021-07-09 14:58:00,4868.279222692351,4876.279222692351,target,2021-07-09 11:54:00,7.69,2021,AM,384.5,True,184.0
2021-07-09 15:03:00,2021-07-09 15:59:00,4873.726241785489,4873.23,eod,2021-07-09 15:03:00,-0.8062417854894739,2021,PM,-40.31208927447369,False,56.0
2021-07-13 10:26:00,2021-07-13 11:25:00,4890.7012908972265,4898.7012908972265,target,2021-07-13 10:24:00,7.69,2021,AM,384.5,True,59.0
2021-07-13 11:35:00,2021-07-13 13:10:00,4896.631212709675,4891.631212709675,stop,2021-07-13 11:33:00,-5.31,2021,AM,-265.5,False,95.0
2021-07-16 09:47:00,2021-07-16 10:04:00,4870.898453080372,4865.898453080372,stop,2021-07-16 09:45:00,-5.31,2021,AM,-265.5,False,17.0
2021-07-20 15:25:00,2021-07-20 15:51:00,4835.668221237583,4830.668221237583,stop,2021-07-20 15:24:00,-5.31,2021,PM,-265.5,False,26.0
2021-07-22 09:35:00,2021-07-22 10:39:00,4861.131390002089,4869.131390002089,target,2021-07-22 09:33:00,7.69,2021,AM,384.5,True,64.0
2021-07-22 10:59:00,2021-07-22 11:15:00,4868.667325439483,4863.667325439483,stop,2021-07-22 10:57:00,-5.31,2021,AM,-265.5,False,16.0
2021-07-23 09:56:00,2021-07-23 10:35:00,4889.641673562789,4897.641673562789,target,2021-07-23 09:54:00,7.69,2021,AM,384.5,True,39.0
2021-07-23 11:43:00,2021-07-23 13:11:00,4913.719935190967,4921.719935190967,target,2021-07-23 11:42:00,7.69,2021,AM,384.5,True,88.0
2021-07-28 09:37:00,2021-07-28 09:41:00,4909.771235089251,4904.771235089251,stop,2021-07-28 09:36:00,-5.31,2021,AM,-265.5,False,4.0
2021-07-28 10:41:00,2021-07-28 10:44:00,4913.913957613803,4908.913957613803,stop,2021-07-28 10:39:00,-5.31,2021,AM,-265.5,False,3.0
2021-07-28 11:12:00,2021-07-28 12:38:00,4915.620732352624,4910.620732352624,stop,2021-07-28 11:12:00,-5.31,2021,AM,-265.5,False,86.0
2021-08-06 09:50:00,2021-08-06 10:00:00,4948.579213506226,4943.579213506226,stop,2021-08-06 09:48:00,-5.31,2021,AM,-265.5,False,10.0
2021-08-10 10:29:00,2021-08-10 10:31:00,4957.916429555642,4952.916429555642,stop,2021-08-10 10:27:00,-5.31,2021,AM,-265.5,False,2.0
2021-08-11 15:30:00,2021-08-11 15:59:00,4963.2928824481005,4964.9,eod,2021-08-11 15:30:00,1.2971175518991367,2021,PM,64.85587759495684,True,29.0
2021-08-12 11:59:00,2021-08-12 14:22:00,4966.411536585452,4974.411536585452,target,2021-08-12 11:57:00,7.69,2021,AM,384.5,True,143.0
2021-08-12 15:25:00,2021-08-12 15:59:00,4978.0313779913195,4979.99,eod,2021-08-12 15:24:00,1.6486220086803223,2021,PM,82.43110043401612,True,34.0
2021-08-13 09:59:00,2021-08-13 15:59:00,4984.286541105077,4986.14,eod,2021-08-13 09:57:00,1.5434588949232784,2021,AM,77.17294474616392,True,360.0
2021-08-17 09:30:00,2021-08-17 09:31:00,4969.93,4964.93,stop,2021-08-16 16:00:00,-5.31,2021,AM,-265.5,False,1.0
2021-08-18 10:27:00,2021-08-18 10:42:00,4969.9207907734335,4964.9207907734335,stop,2021-08-18 10:27:00,-5.31,2021,AM,-265.5,False,15.0
2021-08-20 10:15:00,2021-08-20 10:20:00,4944.36924956431,4952.36924956431,target,2021-08-20 10:15:00,7.69,2021,AM,384.5,True,5.0
2021-08-24 10:30:00,2021-08-24 11:34:00,5014.149616407551,5009.149616407551,stop,2021-08-24 10:30:00,-5.31,2021,AM,-265.5,False,64.0
2021-08-25 10:24:00,2021-08-25 11:44:00,5015.443290448903,5023.443290448903,target,2021-08-25 10:24:00,7.69,2021,AM,384.5,True,80.0
2021-08-27 11:36:00,2021-08-27 13:01:00,5028.996236670323,5036.996236670323,target,2021-08-27 11:36:00,7.69,2021,AM,384.5,True,85.0
2021-08-27 15:29:00,2021-08-27 15:59:00,5038.911967117304,5035.32,eod,2021-08-27 15:27:00,-3.9019671173041934,2021,PM,-195.09835586520967,False,30.0
2021-09-09 10:00:00,2021-09-09 10:13:00,5052.653332950438,5060.653332950438,target,2021-09-09 10:00:00,7.69,2021,AM,384.5,True,13.0
2021-09-15 15:23:00,2021-09-15 15:59:00,5009.630601818886,5009.06,eod,2021-09-15 15:21:00,-0.8806018188857343,2021,PM,-44.03009094428671,False,36.0
2021-09-16 15:18:00,2021-09-16 15:49:00,5008.997531770563,5003.997531770563,stop,2021-09-16 15:18:00,-5.31,2021,PM,-265.5,False,31.0
2021-09-21 11:27:00,2021-09-21 11:32:00,4876.136848623596,4884.136848623596,target,2021-09-21 11:27:00,7.69,2021,AM,384.5,True,5.0
2021-09-22 10:13:00,2021-09-22 10:15:00,4899.093315018889,4907.093315018889,target,2021-09-22 10:12:00,7.69,2021,AM,384.5,True,2.0
2021-09-22 11:52:00,2021-09-22 13:02:00,4921.9621726082405,4916.9621726082405,stop,2021-09-22 11:51:00,-5.31,2021,AM,-265.5,False,70.0
2021-10-07 10:38:00,2021-10-07 11:17:00,4949.323340900063,4944.323340900063,stop,2021-10-07 10:36:00,-5.31,2021,AM,-265.5,False,39.0
2021-10-14 10:34:00,2021-10-14 11:03:00,4940.794332527309,4948.794332527309,target,2021-10-14 10:33:00,7.69,2021,AM,384.5,True,29.0
2021-10-15 10:25:00,2021-10-15 10:28:00,4993.697302307982,4988.697302307982,stop,2021-10-15 10:24:00,-5.31,2021,AM,-265.5,False,3.0
2021-10-15 10:43:00,2021-10-15 14:00:00,4991.297802256224,4999.297802256224,target,2021-10-15 10:42:00,7.69,2021,AM,384.5,True,197.0
2021-10-18 11:29:00,2021-10-18 15:12:00,5007.390679563043,5015.390679563043,target,2021-10-18 11:27:00,7.69,2021,AM,384.5,True,223.0
2021-10-18 15:25:00,2021-10-18 15:59:00,5013.681871883447,5016.9,eod,2021-10-18 15:24:00,2.908128116553089,2021,PM,145.40640582765445,True,34.0
2021-10-19 09:49:00,2021-10-19 10:02:00,5028.690131980866,5036.690131980866,target,2021-10-19 09:48:00,7.69,2021,AM,384.5,True,13.0
2021-10-19 11:24:00,2021-10-19 15:19:00,5046.459395418359,5054.459395418359,target,2021-10-19 11:24:00,7.69,2021,AM,384.5,True,235.0
2021-10-20 10:00:00,2021-10-20 10:21:00,5063.248938260005,5071.248938260005,target,2021-10-20 10:00:00,7.69,2021,AM,384.5,True,21.0
2021-10-26 10:00:00,2021-10-26 10:13:00,5128.720266906613,5136.720266906613,target,2021-10-26 10:00:00,7.69,2021,AM,384.5,True,13.0
2021-10-28 10:58:00,2021-10-28 11:50:00,5130.78645777233,5125.78645777233,stop,2021-10-28 10:57:00,-5.31,2021,AM,-265.5,False,52.0
2021-10-29 09:30:00,2021-10-29 09:36:00,5113.26,5121.26,target,2021-10-28 16:00:00,7.69,2021,AM,384.5,True,6.0
2021-11-01 11:50:00,2021-11-01 12:42:00,5150.9150135894415,5158.9150135894415,target,2021-11-01 11:48:00,7.69,2021,AM,384.5,True,52.0
2021-11-02 10:08:00,2021-11-02 10:59:00,5170.016302924277,5178.016302924277,target,2021-11-02 10:06:00,7.69,2021,AM,384.5,True,51.0
2021-11-02 11:50:00,2021-11-02 12:00:00,5179.462442417345,5174.462442417345,stop,2021-11-02 11:48:00,-5.31,2021,AM,-265.5,False,10.0
2021-11-02 15:12:00,2021-11-02 15:56:00,5179.97386214553,5174.97386214553,stop,2021-11-02 15:12:00,-5.31,2021,PM,-265.5,False,44.0
2021-11-03 15:20:00,2021-11-03 15:44:00,5204.000645755203,5212.000645755203,target,2021-11-03 15:18:00,7.69,2021,PM,384.5,True,24.0
2021-11-04 10:27:00,2021-11-04 11:04:00,5232.59397376618,5227.59397376618,stop,2021-11-04 10:27:00,-5.31,2021,AM,-265.5,False,37.0
2021-11-05 10:21:00,2021-11-05 11:28:00,5273.514064412922,5268.514064412922,stop,2021-11-05 10:21:00,-5.31,2021,AM,-265.5,False,67.0
2021-11-12 11:45:00,2021-11-12 14:35:00,5234.882319571917,5229.882319571917,stop,2021-11-12 11:45:00,-5.31,2021,AM,-265.5,False,170.0
2021-11-12 15:43:00,2021-11-12 15:59:00,5241.497059677598,5240.98,eod,2021-11-12 15:42:00,-0.8270596775988088,2021,PM,-41.35298387994044,False,16.0
2021-11-16 10:07:00,2021-11-16 10:30:00,5254.57807930991,5249.57807930991,stop,2021-11-16 10:06:00,-5.31,2021,AM,-265.5,False,23.0
2021-11-16 11:44:00,2021-11-16 13:46:00,5267.217523947021,5275.217523947021,target,2021-11-16 11:42:00,7.69,2021,AM,384.5,True,122.0
2021-11-18 15:13:00,2021-11-18 15:59:00,5265.79942412549,5266.47,eod,2021-11-18 15:12:00,0.36057587451017753,2021,PM,18.028793725508876,True,46.0
2021-11-19 11:27:00,2021-11-19 12:31:00,5269.748332414527,5277.748332414527,target,2021-11-19 11:27:00,7.69,2021,AM,384.5,True,64.0
2021-11-22 15:16:00,2021-11-22 15:27:00,5292.775689293526,5287.775689293526,stop,2021-11-22 15:15:00,-5.31,2021,PM,-265.5,False,11.0
2021-11-24 11:34:00,2021-11-24 13:02:00,5249.84308391934,5257.84308391934,target,2021-11-24 11:33:00,7.69,2021,AM,384.5,True,88.0
2021-11-25 10:05:00,2021-11-25 12:59:00,5273.660975167539,5271.8,eod,2021-11-25 10:03:00,-2.170975167538527,2021,AM,-108.54875837692634,False,174.0
2021-12-01 11:30:00,2021-12-01 11:45:00,5204.095165172262,5199.095165172262,stop,2021-12-01 11:30:00,-5.31,2021,AM,-265.5,False,15.0
2021-12-08 15:36:00,2021-12-08 15:59:00,5262.249935067062,5265.63,eod,2021-12-08 15:36:00,3.0700649329377847,2021,PM,153.50324664688924,True,23.0
2021-12-15 15:43:00,2021-12-15 15:46:00,5260.936805304971,5255.936805304971,stop,2021-12-15 15:42:00,-5.31,2021,PM,-265.5,False,3.0
2021-12-21 09:49:00,2021-12-21 10:15:00,5147.0220606957755,5155.0220606957755,target,2021-12-21 09:48:00,7.69,2021,AM,384.5,True,26.0
2021-12-21 11:23:00,2021-12-21 11:36:00,5154.078568724026,5162.078568724026,target,2021-12-21 11:21:00,7.69,2021,AM,384.5,True,13.0
2021-12-21 15:06:00,2021-12-21 15:37:00,5203.68803033457,5198.68803033457,stop,2021-12-21 15:06:00,-5.31,2021,PM,-265.5,False,31.0
2021-12-22 11:23:00,2021-12-22 12:56:00,5244.125797028071,5252.125797028071,target,2021-12-22 11:21:00,7.69,2021,AM,384.5,True,93.0
2021-12-23 10:28:00,2021-12-23 11:01:00,5292.781086078589,5300.781086078589,target,2021-12-23 10:27:00,7.69,2021,AM,384.5,True,33.0
2021-12-23 11:21:00,2021-12-23 15:45:00,5300.720754229855,5308.720754229855,target,2021-12-23 11:21:00,7.69,2021,AM,384.5,True,264.0
2021-12-28 09:48:00,2021-12-28 09:53:00,5372.67378709901,5380.67378709901,target,2021-12-28 09:48:00,7.69,2021,AM,384.5,True,5.0
2021-12-29 11:09:00,2021-12-29 11:29:00,5369.428611637549,5364.428611637549,stop,2021-12-29 11:09:00,-5.31,2021,AM,-265.5,False,20.0
2021-12-29 15:00:00,2021-12-29 15:34:00,5372.006274424589,5380.006274424589,target,2021-12-29 15:00:00,7.69,2021,PM,384.5,True,34.0
2021-12-30 10:30:00,2021-12-30 10:56:00,5385.662541893668,5380.662541893668,stop,2021-12-30 10:30:00,-5.31,2021,AM,-265.5,False,26.0
2022-01-04 10:02:00,2022-01-04 10:17:00,5391.911121415843,5386.911121415843,stop,2022-01-04 10:00:00,-5.31,2022,AM,-265.5,False,15.0
2022-01-11 09:33:00,2022-01-11 09:35:00,5220.30375109744,5215.30375109744,stop,2022-01-11 09:33:00,-5.31,2022,AM,-265.5,False,2.0
2022-01-11 10:24:00,2022-01-11 10:30:00,5217.127595157475,5225.127595157475,target,2022-01-11 10:24:00,7.69,2022,AM,384.5,True,6.0
2022-01-11 15:24:00,2022-01-11 15:50:00,5276.965113721626,5271.965113721626,stop,2022-01-11 15:24:00,-5.31,2022,PM,-265.5,False,26.0
2022-01-12 10:22:00,2022-01-12 10:31:00,5314.676284478849,5309.676284478849,stop,2022-01-12 10:21:00,-5.31,2022,AM,-265.5,False,9.0
2022-01-13 09:53:00,2022-01-13 09:57:00,5307.471475230595,5315.471475230595,target,2022-01-13 09:51:00,7.69,2022,AM,384.5,True,4.0
2022-01-17 09:42:00,2022-01-17 09:49:00,5227.396594707677,5222.396594707677,stop,2022-01-17 09:42:00,-5.31,2022,AM,-265.5,False,7.0
2022-01-20 11:10:00,2022-01-20 11:13:00,5150.795275968141,5145.795275968141,stop,2022-01-20 11:09:00,-5.31,2022,AM,-265.5,False,3.0
2022-02-01 11:21:00,2022-02-01 11:24:00,5059.036664379958,5054.036664379958,stop,2022-02-01 11:21:00,-5.31,2022,AM,-265.5,False,3.0
2022-02-01 15:38:00,2022-02-01 15:45:00,5081.096373959375,5089.096373959375,target,2022-02-01 15:36:00,7.69,2022,PM,384.5,True,7.0
2022-02-04 15:19:00,2022-02-04 15:33:00,5076.908229724087,5084.908229724087,target,2022-02-04 15:18:00,7.69,2022,PM,384.5,True,14.0
2022-02-25 10:36:00,2022-02-25 10:38:00,4841.837623232047,4836.837623232047,stop,2022-02-25 10:36:00,-5.31,2022,AM,-265.5,False,2.0
2022-02-28 09:30:00,2022-02-28 09:31:00,4854.2,4865.71,target,2022-02-25 16:00:00,11.200000000000218,2022,AM,560.0000000000109,True,1.0
2022-03-03 09:48:00,2022-03-03 09:49:00,4941.299004425785,4936.299004425785,stop,2022-03-03 09:48:00,-5.31,2022,AM,-265.5,False,1.0
2022-03-11 09:54:00,2022-03-11 09:55:00,4803.641528588916,4798.641528588916,stop,2022-03-11 09:54:00,-5.31,2022,AM,-265.5,False,1.0
2022-03-15 11:54:00,2022-03-15 11:55:00,4761.307911757531,4756.307911757531,stop,2022-03-15 11:54:00,-5.31,2022,AM,-265.5,False,1.0
2022-03-15 15:40:00,2022-03-15 15:50:00,4783.664330571558,4791.664330571558,target,2022-03-15 15:39:00,7.69,2022,PM,384.5,True,10.0
2022-03-16 10:04:00,2022-03-16 10:06:00,4849.361650189673,4844.361650189673,stop,2022-03-16 10:03:00,-5.31,2022,AM,-265.5,False,2.0
2022-03-17 11:47:00,2022-03-17 11:48:00,4897.462350972442,4892.462350972442,stop,2022-03-17 11:45:00,-5.31,2022,AM,-265.5,False,1.0
2022-03-18 09:30:00,2022-03-18 09:32:00,4937.45,4932.45,stop,2022-03-17 16:00:00,-5.31,2022,AM,-265.5,False,2.0
2022-03-18 10:18:00,2022-03-18 10:36:00,4954.9796075055765,4949.9796075055765,stop,2022-03-18 10:18:00,-5.31,2022,AM,-265.5,False,18.0
2022-03-18 15:37:00,2022-03-18 15:44:00,5004.519693440098,5012.519693440098,target,2022-03-18 15:36:00,7.69,2022,PM,384.5,True,7.0
2022-03-21 11:06:00,2022-03-21 11:16:00,5010.923549846004,5018.923549846004,target,2022-03-21 11:06:00,7.69,2022,AM,384.5,True,10.0
2022-03-24 11:50:00,2022-03-24 12:03:00,5054.569518093,5049.569518093,stop,2022-03-24 11:48:00,-5.31,2022,AM,-265.5,False,13.0
2022-03-24 15:37:00,2022-03-24 15:51:00,5064.631730459608,5072.631730459608,target,2022-03-24 15:36:00,7.69,2022,PM,384.5,True,14.0
2022-03-25 10:53:00,2022-03-25 11:01:00,5101.488690829787,5096.488690829787,stop,2022-03-25 10:51:00,-5.31,2022,AM,-265.5,False,8.0
2022-03-28 15:39:00,2022-03-28 15:48:00,5124.897794033812,5132.897794033812,target,2022-03-28 15:39:00,7.69,2022,PM,384.5,True,9.0
2022-03-29 09:53:00,2022-03-29 10:01:00,5174.250554297676,5182.250554297676,target,2022-03-29 09:51:00,7.69,2022,AM,384.5,True,8.0
2022-04-04 15:02:00,2022-04-04 15:51:00,5142.504261261776,5150.504261261776,target,2022-04-04 15:00:00,7.69,2022,PM,384.5,True,49.0
2022-04-07 15:21:00,2022-04-07 15:40:00,5069.568754261513,5077.568754261513,target,2022-04-07 15:21:00,7.69,2022,PM,384.5,True,19.0
2022-04-12 11:40:00,2022-04-12 12:04:00,5003.6365634366475,4998.6365634366475,stop,2022-04-12 11:39:00,-5.31,2022,AM,-265.5,False,24.0
2022-04-13 15:00:00,2022-04-13 15:16:00,4990.969272820993,4998.969272820993,target,2022-04-13 15:00:00,7.69,2022,PM,384.5,True,16.0
2022-04-19 15:06:00,2022-04-19 15:11:00,5001.140131111583,5009.140131111583,target,2022-04-19 15:06:00,7.69,2022,PM,384.5,True,5.0
2022-04-25 15:42:00,2022-04-25 15:43:00,4814.548275802164,4822.548275802164,target,2022-04-25 15:42:00,7.69,2022,PM,384.5,True,1.0
2022-04-28 15:01:00,2022-04-28 15:06:00,4828.50741426044,4836.50741426044,target,2022-04-28 15:00:00,7.69,2022,PM,384.5,True,5.0
2022-05-03 10:07:00,2022-05-03 10:08:00,4677.054543722125,4672.054543722125,stop,2022-05-03 10:06:00,-5.31,2022,AM,-265.5,False,1.0
2022-05-03 11:38:00,2022-05-03 11:46:00,4708.020451281658,4703.020451281658,stop,2022-05-03 11:36:00,-5.31,2022,AM,-265.5,False,8.0
2022-05-05 09:30:00,2022-05-05 09:31:00,4783.57,4778.57,stop,2022-05-04 16:00:00,-5.31,2022,AM,-265.5,False,1.0
2022-05-11 10:02:00,2022-05-11 10:03:00,4516.69133786039,4524.69133786039,target,2022-05-11 10:00:00,7.69,2022,AM,384.5,True,1.0
2022-05-11 10:31:00,2022-05-11 10:35:00,4528.013040146258,4523.013040146258,stop,2022-05-11 10:30:00,-5.31,2022,AM,-265.5,False,4.0
2022-05-17 11:45:00,2022-05-17 12:06:00,4564.755324628117,4559.755324628117,stop,2022-05-17 11:45:00,-5.31,2022,AM,-265.5,False,21.0
2022-05-19 15:09:00,2022-05-19 15:10:00,4423.536765031593,4418.536765031593,stop,2022-05-19 15:09:00,-5.31,2022,PM,-265.5,False,1.0
2022-05-23 11:48:00,2022-05-23 11:49:00,4462.696478037677,4457.696478037677,stop,2022-05-23 11:48:00,-5.31,2022,AM,-265.5,False,1.0
2022-05-25 09:43:00,2022-05-25 09:45:00,4436.356702108066,4444.356702108066,target,2022-05-25 09:42:00,7.69,2022,AM,384.5,True,2.0
2022-05-25 10:43:00,2022-05-25 10:48:00,4461.5399064364965,4456.5399064364965,stop,2022-05-25 10:42:00,-5.31,2022,AM,-265.5,False,5.0
2022-05-25 15:20:00,2022-05-25 15:35:00,4488.0281985563615,4483.0281985563615,stop,2022-05-25 15:18:00,-5.31,2022,PM,-265.5,False,15.0
2022-05-26 10:31:00,2022-05-26 10:50:00,4539.564245068554,4547.564245068554,target,2022-05-26 10:30:00,7.69,2022,AM,384.5,True,19.0
2022-05-26 11:22:00,2022-05-26 11:34:00,4553.645328259591,4548.645328259591,stop,2022-05-26 11:21:00,-5.31,2022,AM,-265.5,False,12.0
2022-05-27 15:35:00,2022-05-27 15:38:00,4663.293536782813,4658.293536782813,stop,2022-05-27 15:33:00,-5.31,2022,PM,-265.5,False,3.0
2022-06-03 09:30:00,2022-06-03 09:31:00,4642.63,4650.63,target,2022-06-02 16:00:00,7.69,2022,AM,384.5,True,1.0
2022-06-08 09:30:00,2022-06-08 09:31:00,4659.79,4654.73,stop,2022-06-07 16:00:00,-5.3700000000004,2022,AM,-268.50000000002,False,1.0
2022-06-08 11:51:00,2022-06-08 12:00:00,4673.1452634563775,4668.1452634563775,stop,2022-06-08 11:51:00,-5.31,2022,AM,-265.5,False,9.0
2022-06-21 10:28:00,2022-06-21 10:32:00,4236.082771288443,4244.082771288443,target,2022-06-21 10:27:00,7.69,2022,AM,384.5,True,4.0
2022-06-21 15:17:00,2022-06-21 15:35:00,4249.731391198732,4244.731391198732,stop,2022-06-21 15:15:00,-5.31,2022,PM,-265.5,False,18.0
2022-06-24 10:36:00,2022-06-24 10:41:00,4364.293260652609,4359.293260652609,stop,2022-06-24 10:36:00,-5.31,2022,AM,-265.5,False,5.0
2022-06-24 15:10:00,2022-06-24 15:43:00,4381.224050408811,4389.224050408811,target,2022-06-24 15:09:00,7.69,2022,PM,384.5,True,33.0
2022-06-27 09:35:00,2022-06-27 09:37:00,4396.408141935346,4391.408141935346,stop,2022-06-27 09:33:00,-5.31,2022,AM,-265.5,False,2.0
2022-06-27 11:07:00,2022-06-27 11:10:00,4405.948989116702,4400.948989116702,stop,2022-06-27 11:06:00,-5.31,2022,AM,-265.5,False,3.0
2022-07-05 15:01:00,2022-07-05 15:02:00,4287.847669205335,4282.847669205335,stop,2022-07-05 15:00:00,-5.31,2022,PM,-265.5,False,1.0
2022-07-05 15:36:00,2022-07-05 15:49:00,4300.4051405003775,4308.4051405003775,target,2022-07-05 15:36:00,7.69,2022,PM,384.5,True,13.0
2022-07-06 15:00:00,2022-07-06 15:01:00,4337.33759419616,4332.33759419616,stop,2022-07-06 15:00:00,-5.31,2022,PM,-265.5,False,1.0
2022-07-06 15:38:00,2022-07-06 15:42:00,4349.521721813932,4344.521721813932,stop,2022-07-06 15:36:00,-5.31,2022,PM,-265.5,False,4.0
2022-07-07 11:14:00,2022-07-07 11:23:00,4376.403324309571,4371.403324309571,stop,2022-07-07 11:12:00,-5.31,2022,AM,-265.5,False,9.0
2022-07-07 15:25:00,2022-07-07 15:38:00,4396.209195359078,4391.209195359078,stop,2022-07-07 15:24:00,-5.31,2022,PM,-265.5,False,13.0
2022-07-15 09:51:00,2022-07-15 09:55:00,4301.556187922431,4296.556187922431,stop,2022-07-15 09:51:00,-5.31,2022,AM,-265.5,False,4.0
2022-07-18 10:00:00,2022-07-18 10:11:00,4380.5888835803,4375.5888835803,stop,2022-07-18 10:00:00,-5.31,2022,AM,-265.5,False,11.0
2022-07-20 11:12:00,2022-07-20 11:22:00,4461.141200812125,4456.141200812125,stop,2022-07-20 11:12:00,-5.31,2022,AM,-265.5,False,10.0
2022-07-20 15:32:00,2022-07-20 15:36:00,4462.274533351242,4457.274533351242,stop,2022-07-20 15:30:00,-5.31,2022,PM,-265.5,False,4.0
2022-07-21 15:33:00,2022-07-21 15:50:00,4485.179726487586,4493.179726487586,target,2022-07-21 15:33:00,7.69,2022,PM,384.5,True,17.0
2022-07-22 09:34:00,2022-07-22 09:37:00,4495.403740993685,4503.403740993685,target,2022-07-22 09:33:00,7.69,2022,AM,384.5,True,3.0
2022-07-25 11:51:00,2022-07-25 12:13:00,4466.401977552193,4461.401977552193,stop,2022-07-25 11:51:00,-5.31,2022,AM,-265.5,False,22.0
2022-07-28 11:58:00,2022-07-28 12:19:00,4556.686355355642,4551.686355355642,stop,2022-07-28 11:57:00,-5.31,2022,AM,-265.5,False,21.0
2022-07-29 10:15:00,2022-07-29 10:22:00,4619.055535209229,4627.055535209229,target,2022-07-29 10:15:00,7.69,2022,AM,384.5,True,7.0
2022-07-29 15:40:00,2022-07-29 15:55:00,4653.653786858449,4648.653786858449,stop,2022-07-29 15:39:00,-5.31,2022,PM,-265.5,False,15.0
2022-08-03 11:19:00,2022-08-03 11:27:00,4646.941347892804,4654.941347892804,target,2022-08-03 11:18:00,7.69,2022,AM,384.5,True,8.0
2022-08-10 10:13:00,2022-08-10 10:15:00,4713.523843172968,4708.523843172968,stop,2022-08-10 10:12:00,-5.31,2022,AM,-265.5,False,2.0
2022-08-12 11:41:00,2022-08-12 12:13:00,4773.725314876381,4781.725314876381,target,2022-08-12 11:39:00,7.69,2022,AM,384.5,True,32.0
2022-08-12 15:23:00,2022-08-12 15:50:00,4804.322203423637,4812.322203423637,target,2022-08-12 15:21:00,7.69,2022,PM,384.5,True,27.0
2022-08-15 15:00:00,2022-08-15 15:59:00,4834.557714592727,4833.86,eod,2022-08-15 15:00:00,-1.007714592727607,2022,PM,-50.38572963638035,False,59.0
2022-08-25 10:52:00,2022-08-25 11:00:00,4701.689895342963,4696.689895342963,stop,2022-08-25 10:51:00,-5.31,2022,AM,-265.5,False,8.0
2022-08-25 15:31:00,2022-08-25 15:41:00,4697.626546881329,4705.626546881329,target,2022-08-25 15:30:00,7.69,2022,PM,384.5,True,10.0
2022-08-29 15:19:00,2022-08-29 15:25:00,4559.328994827218,4554.328994827218,stop,2022-08-29 15:18:00,-5.31,2022,PM,-265.5,False,6.0
2022-09-02 09:57:00,2022-09-02 10:00:00,4480.5192497152,4475.5192497152,stop,2022-09-02 09:57:00,-5.31,2022,AM,-265.5,False,3.0
2022-09-07 09:52:00,2022-09-07 10:00:00,4409.553288763131,4404.553288763131,stop,2022-09-07 09:51:00,-5.31,2022,AM,-265.5,False,8.0
2022-09-09 10:22:00,2022-09-09 10:30:00,4551.975608357171,4559.975608357171,target,2022-09-09 10:21:00,7.69,2022,AM,384.5,True,8.0
2022-09-19 10:51:00,2022-09-19 11:02:00,4358.243304715896,4366.243304715896,target,2022-09-19 10:51:00,7.69,2022,AM,384.5,True,11.0
2022-09-26 10:30:00,2022-09-26 10:41:00,4165.234521880266,4160.234521880266,stop,2022-09-26 10:30:00,-5.31,2022,AM,-265.5,False,11.0
2022-09-28 15:20:00,2022-09-28 15:27:00,4175.910414095551,4183.910414095551,target,2022-09-28 15:18:00,7.69,2022,PM,384.5,True,7.0
2022-09-30 11:30:00,2022-09-30 11:38:00,4115.796274540229,4110.796274540229,stop,2022-09-30 11:30:00,-5.31,2022,AM,-265.5,False,8.0
2022-10-05 15:27:00,2022-10-05 15:41:00,4265.339955749877,4260.339955749877,stop,2022-10-05 15:27:00,-5.31,2022,PM,-265.5,False,14.0
2022-10-13 15:20:00,2022-10-13 15:22:00,4129.832073858597,4124.832073858597,stop,2022-10-13 15:18:00,-5.31,2022,PM,-265.5,False,2.0
2022-10-20 10:31:00,2022-10-20 10:33:00,4180.756662247569,4175.756662247569,stop,2022-10-20 10:30:00,-5.31,2022,AM,-265.5,False,2.0
2022-10-24 15:23:00,2022-10-24 15:42:00,4271.094489706689,4266.094489706689,stop,2022-10-24 15:21:00,-5.31,2022,PM,-265.5,False,19.0
2022-10-25 10:06:00,2022-10-25 10:10:00,4292.223532294264,4300.223532294264,target,2022-10-25 10:06:00,7.69,2022,AM,384.5,True,4.0
2022-10-28 15:04:00,2022-10-28 15:54:00,4373.942310171439,4381.942310171439,target,2022-10-28 15:03:00,7.69,2022,PM,384.5,True,50.0
2022-11-07 09:47:00,2022-11-07 09:52:00,4232.219695829578,4227.219695829578,stop,2022-11-07 09:45:00,-5.31,2022,AM,-265.5,False,5.0
2022-11-08 11:01:00,2022-11-08 11:11:00,4301.091910360446,4309.091910360446,target,2022-11-08 11:00:00,7.69,2022,AM,384.5,True,10.0
2022-11-10 11:45:00,2022-11-10 11:55:00,4392.8054920293835,4400.8054920293835,target,2022-11-10 11:45:00,7.69,2022,AM,384.5,True,10.0
2022-11-11 09:39:00,2022-11-11 09:40:00,4431.654807338871,4426.654807338871,stop,2022-11-11 09:39:00,-5.31,2022,AM,-265.5,False,1.0
2022-11-11 10:07:00,2022-11-11 10:08:00,4441.734357670422,4436.734357670422,stop,2022-11-11 10:06:00,-5.31,2022,AM,-265.5,False,1.0
2022-11-11 10:31:00,2022-11-11 10:35:00,4456.27786507338,4451.27786507338,stop,2022-11-11 10:30:00,-5.31,2022,AM,-265.5,False,4.0
2022-11-23 10:00:00,2022-11-23 10:06:00,4500.597460309908,4508.597460309908,target,2022-11-23 10:00:00,7.69,2022,AM,384.5,True,6.0
2022-11-24 10:28:00,2022-11-24 12:59:00,4526.327446167962,4526.09,eod,2022-11-24 10:27:00,-0.5474461679619345,2022,AM,-27.372308398096724,False,151.0
2022-12-01 15:10:00,2022-12-01 15:16:00,4572.600071423792,4567.600071423792,stop,2022-12-01 15:09:00,-5.31,2022,PM,-265.5,False,6.0
2022-12-02 15:24:00,2022-12-02 15:28:00,4562.909670448687,4557.909670448687,stop,2022-12-02 15:24:00,-5.31,2022,PM,-265.5,False,4.0
2022-12-07 11:07:00,2022-12-07 11:11:00,4425.073510440445,4420.073510440445,stop,2022-12-07 11:06:00,-5.31,2022,AM,-265.5,False,4.0
2022-12-12 15:43:00,2022-12-12 15:56:00,4458.594894523385,4466.594894523385,target,2022-12-12 15:42:00,7.69,2022,PM,384.5,True,13.0
2022-12-14 10:22:00,2022-12-14 11:02:00,4524.076186447899,4532.076186447899,target,2022-12-14 10:21:00,7.69,2022,AM,384.5,True,40.0
2022-12-23 10:45:00,2022-12-23 10:50:00,4282.9658295551835,4277.9658295551835,stop,2022-12-23 10:45:00,-5.31,2022,AM,-265.5,False,5.0
2022-12-23 15:05:00,2022-12-23 15:32:00,4290.798238317708,4285.798238317708,stop,2022-12-23 15:03:00,-5.31,2022,PM,-265.5,False,27.0
2022-12-28 09:50:00,2022-12-28 09:51:00,4291.331549856184,4286.331549856184,stop,2022-12-28 09:48:00,-5.31,2022,AM,-265.5,False,1.0
2023-01-04 09:46:00,2023-01-04 09:50:00,4285.359646389058,4293.359646389058,target,2023-01-04 09:45:00,7.69,2023,AM,384.5,True,4.0
2023-01-11 09:53:00,2023-01-11 10:08:00,4391.66379486241,4399.66379486241,target,2023-01-11 09:51:00,7.69,2023,AM,384.5,True,15.0
2023-01-20 11:38:00,2023-01-20 13:11:00,4383.348649225802,4378.348649225802,stop,2023-01-20 11:36:00,-5.31,2023,AM,-265.5,False,93.0
2023-01-25 15:13:00,2023-01-25 15:36:00,4471.901710837761,4466.901710837761,stop,2023-01-25 15:12:00,-5.31,2023,PM,-265.5,False,23.0
2023-01-26 09:49:00,2023-01-26 09:50:00,4495.953685153887,4490.953685153887,stop,2023-01-26 09:48:00,-5.31,2023,AM,-265.5,False,1.0
2023-01-27 10:00:00,2023-01-27 10:02:00,4523.58382317321,4531.58382317321,target,2023-01-27 10:00:00,7.69,2023,AM,384.5,True,2.0
2023-01-27 15:14:00,2023-01-27 15:22:00,4555.8874387111555,4550.8874387111555,stop,2023-01-27 15:12:00,-5.31,2023,PM,-265.5,False,8.0
2023-01-31 10:52:00,2023-01-31 11:02:00,4499.350762497236,4507.350762497236,target,2023-01-31 10:51:00,7.69,2023,AM,384.5,True,10.0
2023-02-01 15:16:00,2023-02-01 15:17:00,4580.946253819684,4575.946253819684,stop,2023-02-01 15:15:00,-5.31,2023,PM,-265.5,False,1.0
2023-02-02 11:01:00,2023-02-02 11:08:00,4649.145938906477,4657.145938906477,target,2023-02-02 11:00:00,7.69,2023,AM,384.5,True,7.0
2023-02-10 15:14:00,2023-02-10 15:17:00,4543.868346330939,4538.868346330939,stop,2023-02-10 15:12:00,-5.31,2023,PM,-265.5,False,3.0
2023-02-16 09:30:00,2023-02-16 09:32:00,4555.42,4563.42,target,2023-02-15 16:00:00,7.69,2023,AM,384.5,True,2.0
2023-02-24 15:12:00,2023-02-24 15:31:00,4415.018571510014,4410.018571510014,stop,2023-02-24 15:12:00,-5.31,2023,PM,-265.5,False,19.0
2023-03-06 10:01:00,2023-03-06 10:07:00,4508.478955313656,4516.478955313656,target,2023-03-06 10:00:00,7.69,2023,AM,384.5,True,6.0
2023-03-09 10:51:00,2023-03-09 10:56:00,4452.603646124228,4447.603646124228,stop,2023-03-09 10:51:00,-5.31,2023,AM,-265.5,False,5.0
2023-03-14 10:57:00,2023-03-14 10:59:00,4363.522624805288,4358.522624805288,stop,2023-03-14 10:57:00,-5.31,2023,AM,-265.5,False,2.0
2023-03-16 15:15:00,2023-03-16 15:24:00,4390.364175567773,4398.364175567773,target,2023-03-16 15:15:00,7.69,2023,PM,384.5,True,9.0
2023-03-20 10:08:00,2023-03-20 10:18:00,4364.740174247214,4359.740174247214,stop,2023-03-20 10:06:00,-5.31,2023,AM,-265.5,False,10.0
2023-03-20 11:10:00,2023-03-20 11:28:00,4378.91442999702,4386.91442999702,target,2023-03-20 11:09:00,7.69,2023,AM,384.5,True,18.0
2023-03-20 11:37:00,2023-03-20 11:53:00,4384.345247578696,4379.345247578696,stop,2023-03-20 11:36:00,-5.31,2023,AM,-265.5,False,16.0
2023-03-22 10:48:00,2023-03-22 11:08:00,4451.380215297064,4446.380215297064,stop,2023-03-22 10:48:00,-5.31,2023,AM,-265.5,False,20.0
2023-03-27 09:56:00,2023-03-27 10:17:00,4430.7259514794005,4425.7259514794005,stop,2023-03-27 09:54:00,-5.31,2023,AM,-265.5,False,21.0
2023-03-27 15:04:00,2023-03-27 15:09:00,4430.367608113424,4425.367608113424,stop,2023-03-27 15:03:00,-5.31,2023,PM,-265.5,False,5.0
2023-03-29 10:10:00,2023-03-29 10:37:00,4450.049676400123,4445.049676400123,stop,2023-03-29 10:09:00,-5.31,2023,AM,-265.5,False,27.0
2023-03-29 15:01:00,2023-03-29 15:16:00,4457.970018588719,4465.970018588719,target,2023-03-29 15:00:00,7.69,2023,PM,384.5,True,15.0
2023-03-30 15:43:00,2023-03-30 15:59:00,4491.09843233789,4493.11,eod,2023-03-30 15:42:00,1.7015676621098828,2023,PM,85.07838310549414,True,16.0
2023-03-31 10:09:00,2023-03-31 10:44:00,4513.038296550365,4521.038296550365,target,2023-03-31 10:09:00,7.69,2023,AM,384.5,True,35.0
2023-03-31 11:06:00,2023-03-31 11:22:00,4520.398450323906,4528.398450323906,target,2023-03-31 11:06:00,7.69,2023,AM,384.5,True,16.0
2023-03-31 15:36:00,2023-03-31 15:44:00,4548.4419496715345,4543.4419496715345,stop,2023-03-31 15:36:00,-5.31,2023,PM,-265.5,False,8.0
2023-04-03 15:07:00,2023-04-03 15:32:00,4566.908483946332,4574.908483946332,target,2023-04-03 15:06:00,7.69,2023,PM,384.5,True,25.0
2023-04-11 09:42:00,2023-04-11 10:45:00,4553.760844149602,4548.760844149602,stop,2023-04-11 09:42:00,-5.31,2023,AM,-265.5,False,63.0
2023-04-14 10:00:00,2023-04-14 10:06:00,4605.543605629906,4600.543605629906,stop,2023-04-14 10:00:00,-5.31,2023,AM,-265.5,False,6.0
2023-04-17 09:30:00,2023-04-17 09:41:00,4581.75,4589.75,target,2023-04-14 16:00:00,7.69,2023,AM,384.5,True,11.0
2023-04-24 09:59:00,2023-04-24 10:37:00,4580.802920980145,4575.802920980145,stop,2023-04-24 09:57:00,-5.31,2023,AM,-265.5,False,38.0
2023-04-24 15:17:00,2023-04-24 15:59:00,4575.921970777428,4578.44,eod,2023-04-24 15:15:00,2.2080292225713856,2023,PM,110.40146112856928,True,42.0
2023-04-27 15:11:00,2023-04-27 15:59:00,4573.491315800808,4573.21,eod,2023-04-27 15:09:00,-0.5913158008075334,2023,PM,-29.565790040376672,False,48.0
2023-04-28 10:36:00,2023-04-28 10:37:00,4594.16238544971,4589.16238544971,stop,2023-04-28 10:36:00,-5.31,2023,AM,-265.5,False,1.0
2023-04-28 15:21:00,2023-04-28 15:34:00,4604.198809947813,4599.198809947813,stop,2023-04-28 15:21:00,-5.31,2023,PM,-265.5,False,13.0
2023-05-01 10:00:00,2023-05-01 10:07:00,4616.493328079789,4611.493328079789,stop,2023-05-01 10:00:00,-5.31,2023,AM,-265.5,False,7.0
2023-05-01 11:04:00,2023-05-01 11:15:00,4621.688908238388,4616.688908238388,stop,2023-05-01 11:03:00,-5.31,2023,AM,-265.5,False,11.0
2023-05-03 10:03:00,2023-05-03 10:14:00,4567.126833117932,4562.126833117932,stop,2023-05-03 10:03:00,-5.31,2023,AM,-265.5,False,11.0
2023-05-08 11:14:00,2023-05-08 11:29:00,4569.527387332388,4564.527387332388,stop,2023-05-08 11:12:00,-5.31,2023,AM,-265.5,False,15.0
2023-05-12 09:48:00,2023-05-12 09:49:00,4571.479100891158,4566.479100891158,stop,2023-05-12 09:48:00,-5.31,2023,AM,-265.5,False,1.0
2023-05-17 11:54:00,2023-05-17 12:32:00,4562.585333600482,4570.585333600482,target,2023-05-17 11:54:00,7.69,2023,AM,384.5,True,38.0
2023-05-18 10:43:00,2023-05-18 11:01:00,4610.191404255516,4618.191404255516,target,2023-05-18 10:42:00,7.69,2023,AM,384.5,True,18.0
2023-05-25 11:16:00,2023-05-25 11:21:00,4573.637003984882,4568.637003984882,stop,2023-05-25 11:15:00,-5.31,2023,AM,-265.5,False,5.0
2023-05-26 10:52:00,2023-05-26 11:13:00,4629.57539557858,4624.57539557858,stop,2023-05-26 10:51:00,-5.31,2023,AM,-265.5,False,21.0
2023-05-29 11:52:00,2023-05-29 12:59:00,4653.469257989302,4652.49,eod,2023-05-29 11:51:00,-1.2892579893019138,2023,AM,-64.46289946509569,False,67.0
2023-06-01 15:19:00,2023-06-01 15:29:00,4664.892977455284,4659.892977455284,stop,2023-06-01 15:18:00,-5.31,2023,PM,-265.5,False,10.0
2023-06-02 11:34:00,2023-06-02 11:47:00,4717.072995399827,4712.072995399827,stop,2023-06-02 11:33:00,-5.31,2023,AM,-265.5,False,13.0
2023-06-05 11:13:00,2023-06-05 12:12:00,4729.87840212444,4737.87840212444,target,2023-06-05 11:12:00,7.69,2023,AM,384.5,True,59.0
2023-06-07 09:54:00,2023-06-07 10:03:00,4734.178719561136,4729.178719561136,stop,2023-06-07 09:54:00,-5.31,2023,AM,-265.5,False,9.0
2023-06-08 15:05:00,2023-06-08 15:59:00,4729.978578170258,4733.7,eod,2023-06-08 15:03:00,3.411421829742212,2023,PM,170.5710914871106,True,54.0
2023-06-09 10:34:00,2023-06-09 10:41:00,4758.8845361594385,4753.8845361594385,stop,2023-06-09 10:33:00,-5.31,2023,AM,-265.5,False,7.0
2023-06-12 10:01:00,2023-06-12 10:05:00,4748.895075666726,4743.895075666726,stop,2023-06-12 10:00:00,-5.31,2023,AM,-265.5,False,4.0
2023-06-12 11:57:00,2023-06-12 13:46:00,4750.854254523568,4758.854254523568,target,2023-06-12 11:57:00,7.69,2023,AM,384.5,True,109.0
2023-06-13 11:33:00,2023-06-13 11:38:00,4812.538861713689,4807.538861713689,stop,2023-06-13 11:33:00,-5.31,2023,AM,-265.5,False,5.0
2023-06-13 11:57:00,2023-06-13 11:59:00,4811.1907371296475,4806.1907371296475,stop,2023-06-13 11:57:00,-5.31,2023,AM,-265.5,False,2.0
2023-06-14 10:23:00,2023-06-14 11:15:00,4824.584189116808,4832.584189116808,target,2023-06-14 10:21:00,7.69,2023,AM,384.5,True,52.0
2023-06-14 11:32:00,2023-06-14 11:58:00,4832.663388440759,4827.663388440759,stop,2023-06-14 11:30:00,-5.31,2023,AM,-265.5,False,26.0
2023-06-15 10:17:00,2023-06-15 10:27:00,4831.52904897631,4839.52904897631,target,2023-06-15 10:15:00,7.69,2023,AM,384.5,True,10.0
2023-06-15 11:47:00,2023-06-15 11:48:00,4851.833980536352,4846.833980536352,stop,2023-06-15 11:45:00,-5.31,2023,AM,-265.5,False,1.0
2023-06-22 15:04:00,2023-06-22 15:29:00,4817.029825471318,4812.029825471318,stop,2023-06-22 15:03:00,-5.31,2023,PM,-265.5,False,25.0
2023-06-27 11:49:00,2023-06-27 12:25:00,4789.1389025253975,4797.1389025253975,target,2023-06-27 11:48:00,7.69,2023,AM,384.5,True,36.0
2023-06-29 11:35:00,2023-06-29 12:28:00,4825.306725141113,4833.306725141113,target,2023-06-29 11:33:00,7.69,2023,AM,384.5,True,53.0
2023-06-30 10:24:00,2023-06-30 10:49:00,4884.420247495833,4879.420247495833,stop,2023-06-30 10:24:00,-5.31,2023,AM,-265.5,False,25.0
2023-07-04 11:40:00,2023-07-04 12:59:00,4894.058671976527,4893.08,eod,2023-07-04 11:39:00,-1.2886719765270391,2023,AM,-64.43359882635195,False,79.0
2023-07-06 15:07:00,2023-07-06 15:59:00,4848.344109604609,4848.67,eod,2023-07-06 15:06:00,0.015890395391070344,2023,PM,0.7945197695535172,True,52.0
2023-07-11 09:42:00,2023-07-11 10:07:00,4847.547751610892,4842.547751610892,stop,2023-07-11 09:42:00,-5.31,2023,AM,-265.5,False,25.0
2023-07-11 10:52:00,2023-07-11 11:56:00,4852.678522889186,4860.678522889186,target,2023-07-11 10:51:00,7.69,2023,AM,384.5,True,64.0
2023-07-13 15:18:00,2023-07-13 15:41:00,4949.893613425089,4957.893613425089,target,2023-07-13 15:18:00,7.69,2023,PM,384.5,True,23.0
2023-07-14 11:41:00,2023-07-14 12:10:00,4960.460383823256,4955.460383823256,stop,2023-07-14 11:39:00,-5.31,2023,AM,-265.5,False,29.0
2023-07-17 11:53:00,2023-07-17 15:14:00,4959.498654228604,4967.498654228604,target,2023-07-17 11:51:00,7.69,2023,AM,384.5,True,201.0
2023-07-17 15:31:00,2023-07-17 15:51:00,4969.371695176968,4964.371695176968,stop,2023-07-17 15:30:00,-5.31,2023,PM,-265.5,False,20.0
2023-07-18 11:27:00,2023-07-18 11:49:00,4980.076293111499,4988.076293111499,target,2023-07-18 11:27:00,7.69,2023,AM,384.5,True,22.0
2023-07-18 15:30:00,2023-07-18 15:59:00,5002.766396510423,4999.88,eod,2023-07-18 15:30:00,-3.1963965104228556,2023,PM,-159.81982552114277,False,29.0
2023-07-21 11:25:00,2023-07-21 11:45:00,4989.007468145972,4984.007468145972,stop,2023-07-21 11:24:00,-5.31,2023,AM,-265.5,False,20.0
2023-07-25 11:57:00,2023-07-25 13:03:00,5007.322432118268,5015.322432118268,target,2023-07-25 11:57:00,7.69,2023,AM,384.5,True,66.0
2023-07-28 11:48:00,2023-07-28 12:02:00,5027.5162526312515,5022.5162526312515,stop,2023-07-28 11:48:00,-5.31,2023,AM,-265.5,False,14.0
2023-07-31 09:54:00,2023-07-31 09:55:00,5028.545113524419,5023.545113524419,stop,2023-07-31 09:54:00,-5.31,2023,AM,-265.5,False,1.0
2023-07-31 10:39:00,2023-07-31 11:32:00,5026.114648114049,5021.114648114049,stop,2023-07-31 10:39:00,-5.31,2023,AM,-265.5,False,53.0
2023-08-08 09:30:00,2023-08-08 09:32:00,4915.97,4910.97,stop,2023-08-07 16:00:00,-5.31,2023,AM,-265.5,False,2.0
2023-08-15 09:30:00,2023-08-15 09:41:00,4890.36,4885.36,stop,2023-08-14 16:00:00,-5.31,2023,AM,-265.5,False,11.0
2023-08-21 15:28:00,2023-08-21 15:59:00,4810.260027581902,4810.25,eod,2023-08-21 15:27:00,-0.32002758190224995,2023,PM,-16.001379095112497,False,31.0
2023-08-24 10:07:00,2023-08-24 10:08:00,4860.325913313969,4855.325913313969,stop,2023-08-24 10:06:00,-5.31,2023,AM,-265.5,False,1.0
2023-08-29 11:56:00,2023-08-29 12:24:00,4893.049830956761,4901.049830956761,target,2023-08-29 11:54:00,7.69,2023,AM,384.5,True,28.0
2023-08-30 09:36:00,2023-08-30 09:46:00,4913.450298292893,4921.450298292893,target,2023-08-30 09:36:00,7.69,2023,AM,384.5,True,10.0
2023-08-30 11:49:00,2023-08-30 12:32:00,4927.853009923584,4935.853009923584,target,2023-08-30 11:48:00,7.69,2023,AM,384.5,True,43.0
2023-08-30 15:12:00,2023-08-30 15:50:00,4931.963342420676,4926.963342420676,stop,2023-08-30 15:12:00,-5.31,2023,PM,-265.5,False,38.0
2023-08-31 10:05:00,2023-08-31 10:31:00,4938.628875301381,4946.628875301381,target,2023-08-31 10:03:00,7.69,2023,AM,384.5,True,26.0
2023-09-04 09:58:00,2023-09-04 10:16:00,4932.878576408258,4927.878576408258,stop,2023-09-04 09:57:00,-5.31,2023,AM,-265.5,False,18.0
2023-09-08 09:55:00,2023-09-08 10:05:00,4864.5450592584,4872.5450592584,target,2023-09-08 09:54:00,7.69,2023,AM,384.5,True,10.0
2023-09-14 11:22:00,2023-09-14 11:42:00,4902.4130686242515,4897.4130686242515,stop,2023-09-14 11:21:00,-5.31,2023,AM,-265.5,False,20.0
2023-09-14 15:16:00,2023-09-14 15:28:00,4914.865392066038,4909.865392066038,stop,2023-09-14 15:15:00,-5.31,2023,PM,-265.5,False,12.0
2023-09-28 10:16:00,2023-09-28 10:17:00,4657.063350323686,4652.063350323686,stop,2023-09-28 10:15:00,-5.31,2023,AM,-265.5,False,1.0
2023-10-10 09:41:00,2023-10-10 09:50:00,4712.845691607215,4720.845691607215,target,2023-10-10 09:39:00,7.69,2023,AM,384.5,True,9.0
2023-10-12 09:33:00,2023-10-12 09:42:00,4751.343823650039,4746.343823650039,stop,2023-10-12 09:33:00,-5.31,2023,AM,-265.5,False,9.0
2023-10-16 15:31:00,2023-10-16 15:50:00,4753.340255931116,4748.340255931116,stop,2023-10-16 15:30:00,-5.31,2023,PM,-265.5,False,19.0
2023-10-24 10:53:00,2023-10-24 11:00:00,4611.855804949544,4606.855804949544,stop,2023-10-24 10:51:00,-5.31,2023,AM,-265.5,False,7.0
2023-10-31 15:15:00,2023-10-31 15:39:00,4540.228327923042,4535.228327923042,stop,2023-10-31 15:15:00,-5.31,2023,PM,-265.5,False,24.0
2023-11-01 10:05:00,2023-11-01 10:14:00,4553.201929365223,4561.201929365223,target,2023-11-01 10:03:00,7.69,2023,AM,384.5,True,9.0
2023-11-01 15:27:00,2023-11-01 15:33:00,4585.882304907067,4593.882304907067,target,2023-11-01 15:27:00,7.69,2023,PM,384.5,True,6.0
2023-11-02 10:07:00,2023-11-02 10:28:00,4636.108582563381,4644.108582563381,target,2023-11-02 10:06:00,7.69,2023,AM,384.5,True,21.0
2023-11-02 11:11:00,2023-11-02 11:15:00,4655.903220333854,4650.903220333854,stop,2023-11-02 11:09:00,-5.31,2023,AM,-265.5,False,4.0
2023-11-03 10:07:00,2023-11-03 10:26:00,4711.853926268361,4706.853926268361,stop,2023-11-03 10:06:00,-5.31,2023,AM,-265.5,False,19.0
2023-11-03 15:08:00,2023-11-03 15:21:00,4731.599089614781,4726.599089614781,stop,2023-11-03 15:06:00,-5.31,2023,PM,-265.5,False,13.0
2023-11-07 10:08:00,2023-11-07 10:28:00,4724.255525500194,4732.255525500194,target,2023-11-07 10:06:00,7.69,2023,AM,384.5,True,20.0
2023-11-13 11:05:00,2023-11-13 11:26:00,4764.581225357289,4772.581225357289,target,2023-11-13 11:03:00,7.69,2023,AM,384.5,True,21.0
2023-11-20 10:15:00,2023-11-20 10:23:00,4893.476631350652,4888.476631350652,stop,2023-11-20 10:15:00,-5.31,2023,AM,-265.5,False,8.0
2023-11-20 11:15:00,2023-11-20 13:03:00,4900.042496930248,4908.042496930248,target,2023-11-20 11:15:00,7.69,2023,AM,384.5,True,108.0
2023-11-20 15:23:00,2023-11-20 15:50:00,4924.309654171635,4919.309654171635,stop,2023-11-20 15:21:00,-5.31,2023,PM,-265.5,False,27.0
2023-11-22 09:52:00,2023-11-22 09:53:00,4927.268671412571,4922.268671412571,stop,2023-11-22 09:51:00,-5.31,2023,AM,-265.5,False,1.0
2023-11-23 10:48:00,2023-11-23 12:59:00,4928.31863014979,4925.34,eod,2023-11-23 10:48:00,-3.288630149789751,2023,AM,-164.43150748948756,False,131.0
2023-12-05 09:30:00,2023-12-05 10:00:00,4918.34,4926.34,target,2023-12-04 16:00:00,7.69,2023,AM,384.5,True,30.0
2023-12-05 11:10:00,2023-12-05 11:13:00,4939.189699433309,4934.189699433309,stop,2023-12-05 11:09:00,-5.31,2023,AM,-265.5,False,3.0
2023-12-06 10:00:00,2023-12-06 10:23:00,4945.660800840227,4940.660800840227,stop,2023-12-06 10:00:00,-5.31,2023,AM,-265.5,False,23.0
2023-12-08 15:03:00,2023-12-08 15:59:00,4968.89836482475,4967.66,eod,2023-12-08 15:03:00,-1.5483648247505335,2023,PM,-77.41824123752667,False,56.0
2023-12-13 09:45:00,2023-12-13 10:45:00,5010.89171233669,5018.89171233669,target,2023-12-13 09:45:00,7.69,2023,AM,384.5,True,60.0
2023-12-13 11:05:00,2023-12-13 11:52:00,5018.813244559617,5013.813244559617,stop,2023-12-13 11:03:00,-5.31,2023,AM,-265.5,False,47.0
2023-12-15 11:05:00,2023-12-15 11:11:00,5092.249482118078,5087.249482118078,stop,2023-12-15 11:03:00,-5.31,2023,AM,-265.5,False,6.0
2023-12-18 11:45:00,2023-12-18 14:23:00,5109.90614433457,5117.90614433457,target,2023-12-18 11:45:00,7.69,2023,AM,384.5,True,158.0
2023-12-19 11:01:00,2023-12-19 15:58:00,5130.469070439399,5138.469070439399,target,2023-12-19 11:00:00,7.69,2023,AM,384.5,True,297.0
2023-12-20 09:30:00,2023-12-20 10:00:00,5129.57,5137.57,target,2023-12-19 16:00:00,7.69,2023,AM,384.5,True,30.0
2023-12-20 10:41:00,2023-12-20 14:03:00,5143.381602138394,5138.381602138394,stop,2023-12-20 10:39:00,-5.31,2023,AM,-265.5,False,202.0
2023-12-22 10:01:00,2023-12-22 10:57:00,5134.457633736496,5129.457633736496,stop,2023-12-22 10:00:00,-5.31,2023,AM,-265.5,False,56.0
2023-12-26 10:43:00,2023-12-26 10:51:00,5137.832645414746,5132.832645414746,stop,2023-12-26 10:42:00,-5.31,2023,AM,-265.5,False,8.0
2023-12-26 15:37:00,2023-12-26 15:50:00,5150.103003657703,5145.103003657703,stop,2023-12-26 15:36:00,-5.31,2023,PM,-265.5,False,13.0
2023-12-28 09:44:00,2023-12-28 13:37:00,5152.256842548133,5160.256842548133,target,2023-12-28 09:42:00,7.69,2023,AM,384.5,True,233.0
2024-01-08 15:11:00,2024-01-08 15:39:00,5109.217555094976,5117.217555094976,target,2024-01-08 15:09:00,7.69,2024,PM,384.5,True,28.0
2024-01-09 09:30:00,2024-01-09 09:45:00,5089.58,5084.58,stop,2024-01-08 16:00:00,-5.31,2024,AM,-265.5,False,15.0
2024-01-09 11:41:00,2024-01-09 11:55:00,5103.616221377272,5111.616221377272,target,2024-01-09 11:39:00,7.69,2024,AM,384.5,True,14.0
2024-01-10 11:06:00,2024-01-10 11:13:00,5122.714390354927,5117.714390354927,stop,2024-01-10 11:06:00,-5.31,2024,AM,-265.5,False,7.0
2024-01-10 15:02:00,2024-01-10 15:21:00,5143.2063063446785,5138.2063063446785,stop,2024-01-10 15:00:00,-5.31,2024,PM,-265.5,False,19.0
2024-01-11 15:01:00,2024-01-11 15:08:00,5134.5805939561415,5129.5805939561415,stop,2024-01-11 15:00:00,-5.31,2024,PM,-265.5,False,7.0
2024-01-12 09:55:00,2024-01-12 09:59:00,5149.110357127141,5144.110357127141,stop,2024-01-12 09:54:00,-5.31,2024,AM,-265.5,False,4.0
2024-01-18 10:51:00,2024-01-18 11:00:00,5108.214497001142,5103.214497001142,stop,2024-01-18 10:51:00,-5.31,2024,AM,-265.5,False,9.0
2024-01-18 11:40:00,2024-01-18 11:46:00,5110.787455186013,5105.787455186013,stop,2024-01-18 11:39:00,-5.31,2024,AM,-265.5,False,6.0
2024-01-18 15:38:00,2024-01-18 15:51:00,5127.172614561144,5135.172614561144,target,2024-01-18 15:36:00,7.69,2024,PM,384.5,True,13.0
2024-01-19 09:44:00,2024-01-19 09:54:00,5134.562817900984,5142.562817900984,target,2024-01-19 09:42:00,7.69,2024,AM,384.5,True,10.0
2024-01-19 11:29:00,2024-01-19 11:42:00,5154.492013022376,5149.492013022376,stop,2024-01-19 11:27:00,-5.31,2024,AM,-265.5,False,13.0
2024-01-22 10:04:00,2024-01-22 10:30:00,5217.068017442751,5212.068017442751,stop,2024-01-22 10:03:00,-5.31,2024,AM,-265.5,False,26.0
2024-01-22 15:39:00,2024-01-22 15:50:00,5209.125060542479,5204.125060542479,stop,2024-01-22 15:39:00,-5.31,2024,PM,-265.5,False,11.0
2024-01-23 15:27:00,2024-01-23 15:59:00,5216.411137186507,5219.41,eod,2024-01-23 15:27:00,2.688862813492451,2024,PM,134.44314067462255,True,32.0
2024-01-24 10:01:00,2024-01-24 10:03:00,5240.881400082954,5235.881400082954,stop,2024-01-24 10:00:00,-5.31,2024,AM,-265.5,False,2.0
2024-01-24 10:50:00,2024-01-24 12:31:00,5249.767469589665,5257.767469589665,target,2024-01-24 10:48:00,7.69,2024,AM,384.5,True,101.0
2024-01-25 11:55:00,2024-01-25 12:04:00,5246.813264756227,5241.813264756227,stop,2024-01-25 11:54:00,-5.31,2024,AM,-265.5,False,9.0
2024-01-26 09:37:00,2024-01-26 10:05:00,5245.474723807076,5240.474723807076,stop,2024-01-26 09:36:00,-5.31,2024,AM,-265.5,False,28.0
2024-01-26 11:03:00,2024-01-26 11:37:00,5256.8248947626835,5251.8248947626835,stop,2024-01-26 11:03:00,-5.31,2024,AM,-265.5,False,34.0
2024-01-30 15:00:00,2024-01-30 15:55:00,5282.4335681222865,5277.4335681222865,stop,2024-01-30 15:00:00,-5.31,2024,PM,-265.5,False,55.0
2024-02-02 09:54:00,2024-02-02 09:56:00,5262.266679575258,5270.266679575258,target,2024-02-02 09:54:00,7.69,2024,AM,384.5,True,2.0
2024-02-02 11:02:00,2024-02-02 11:12:00,5282.515669274268,5290.515669274268,target,2024-02-02 11:00:00,7.69,2024,AM,384.5,True,10.0
2024-02-05 15:01:00,2024-02-05 15:07:00,5304.4854947308195,5299.4854947308195,stop,2024-02-05 15:00:00,-5.31,2024,PM,-265.5,False,6.0
2024-02-07 09:55:00,2024-02-07 10:11:00,5320.550762739043,5328.550762739043,target,2024-02-07 09:54:00,7.69,2024,AM,384.5,True,16.0
2024-02-08 15:25:00,2024-02-08 15:59:00,5348.34237702873,5346.57,eod,2024-02-08 15:24:00,-2.0823770287302614,2024,PM,-104.11885143651307,False,34.0
2024-02-09 09:51:00,2024-02-09 10:00:00,5354.056691934252,5362.056691934252,target,2024-02-09 09:51:00,7.69,2024,AM,384.5,True,9.0
2024-02-09 10:55:00,2024-02-09 11:35:00,5363.462917271926,5358.462917271926,stop,2024-02-09 10:54:00,-5.31,2024,AM,-265.5,False,40.0
2024-02-12 11:48:00,2024-02-12 13:27:00,5397.683002498931,5392.683002498931,stop,2024-02-12 11:48:00,-5.31,2024,AM,-265.5,False,99.0
2024-02-14 15:34:00,2024-02-14 15:45:00,5336.691856009053,5344.691856009053,target,2024-02-14 15:33:00,7.69,2024,PM,384.5,True,11.0
2024-02-22 11:46:00,2024-02-22 11:48:00,5414.989650352287,5409.989650352287,stop,2024-02-22 11:45:00,-5.31,2024,AM,-265.5,False,2.0
2024-03-01 10:32:00,2024-03-01 10:54:00,5454.222893434977,5462.222893434977,target,2024-03-01 10:30:00,7.69,2024,AM,384.5,True,22.0
2024-03-04 15:03:00,2024-03-04 15:34:00,5494.644810467148,5489.644810467148,stop,2024-03-04 15:03:00,-5.31,2024,PM,-265.5,False,31.0
2024-03-06 11:32:00,2024-03-06 11:34:00,5463.521655316523,5458.521655316523,stop,2024-03-06 11:30:00,-5.31,2024,AM,-265.5,False,2.0
2024-03-12 10:59:00,2024-03-12 11:16:00,5509.192624229769,5517.192624229769,target,2024-03-12 10:57:00,7.69,2024,AM,384.5,True,17.0
2024-03-12 15:16:00,2024-03-12 15:59:00,5519.560158450915,5523.31,eod,2024-03-12 15:15:00,3.4398415490854313,2024,PM,171.99207745427157,True,43.0
2024-03-20 09:32:00,2024-03-20 10:28:00,5517.947308515644,5525.947308515644,target,2024-03-19 16:00:00,7.69,2024,AM,384.5,True,56.0
2024-03-20 10:35:00,2024-03-20 12:08:00,5522.045187362228,5517.045187362228,stop,2024-03-20 10:33:00,-5.31,2024,AM,-265.5,False,93.0
2024-03-21 10:30:00,2024-03-21 11:07:00,5600.445674513397,5595.445674513397,stop,2024-03-21 10:30:00,-5.31,2024,AM,-265.5,False,37.0
2024-03-28 09:58:00,2024-03-28 14:57:00,5592.31949279925,5600.31949279925,target,2024-03-28 09:57:00,7.69,2024,AM,384.5,True,299.0
2024-03-28 15:04:00,2024-03-28 15:26:00,5595.3730698901045,5603.3730698901045,target,2024-03-28 15:03:00,7.69,2024,PM,384.5,True,22.0
2024-04-03 09:30:00,2024-04-03 09:36:00,5527.17,5535.17,target,2024-04-02 16:00:00,7.69,2024,AM,384.5,True,6.0
2024-04-08 11:02:00,2024-04-08 11:30:00,5545.488264484853,5540.488264484853,stop,2024-04-08 11:00:00,-5.31,2024,AM,-265.5,False,28.0
2024-04-17 09:49:00,2024-04-17 10:00:00,5383.395782690196,5378.395782690196,stop,2024-04-17 09:48:00,-5.31,2024,AM,-265.5,False,11.0
2024-04-24 09:54:00,2024-04-24 09:56:00,5390.575759231072,5385.575759231072,stop,2024-04-24 09:54:00,-5.31,2024,AM,-265.5,False,2.0
2024-04-26 11:53:00,2024-04-26 12:51:00,5406.387541079922,5414.387541079922,target,2024-04-26 11:51:00,7.69,2024,AM,384.5,True,58.0
2024-04-26 15:30:00,2024-04-26 15:43:00,5415.43186999759,5410.43186999759,stop,2024-04-26 15:30:00,-5.31,2024,PM,-265.5,False,13.0
2024-05-01 15:12:00,2024-05-01 15:13:00,5382.746538332641,5390.746538332641,target,2024-05-01 15:12:00,7.69,2024,PM,384.5,True,1.0
2024-05-02 15:02:00,2024-05-02 15:10:00,5364.238042102575,5372.238042102575,target,2024-05-02 15:00:00,7.69,2024,PM,384.5,True,8.0
2024-05-07 09:51:00,2024-05-07 10:54:00,5490.478852237722,5498.478852237722,target,2024-05-07 09:51:00,7.69,2024,AM,384.5,True,63.0
2024-05-07 11:23:00,2024-05-07 12:51:00,5499.301376518644,5494.301376518644,stop,2024-05-07 11:21:00,-5.31,2024,AM,-265.5,False,88.0
2024-05-09 15:01:00,2024-05-09 15:59:00,5513.968572061911,5517.17,eod,2024-05-09 15:00:00,2.891427938089182,2024,PM,144.5713969044591,True,58.0
2024-05-10 10:00:00,2024-05-10 10:01:00,5538.515422149825,5533.515422149825,stop,2024-05-10 10:00:00,-5.31,2024,AM,-265.5,False,1.0
2024-05-10 15:30:00,2024-05-10 15:59:00,5525.77318335185,5529.02,eod,2024-05-10 15:30:00,2.936816648150343,2024,PM,146.84083240751715,True,29.0
2024-05-13 09:51:00,2024-05-13 11:04:00,5530.391226266613,5525.391226266613,stop,2024-05-13 09:51:00,-5.31,2024,AM,-265.5,False,73.0
2024-05-14 09:57:00,2024-05-14 10:25:00,5529.174214050994,5537.174214050994,target,2024-05-14 09:57:00,7.69,2024,AM,384.5,True,28.0
2024-05-15 09:50:00,2024-05-15 10:07:00,5572.7750869593165,5580.7750869593165,target,2024-05-15 09:48:00,7.69,2024,AM,384.5,True,17.0
2024-05-15 11:25:00,2024-05-15 12:53:00,5595.152560672315,5603.152560672315,target,2024-05-15 11:24:00,7.69,2024,AM,384.5,True,88.0
2024-05-16 09:43:00,2024-05-16 10:07:00,5617.092471367479,5612.092471367479,stop,2024-05-16 09:42:00,-5.31,2024,AM,-265.5,False,24.0
2024-05-20 10:25:00,2024-05-20 13:27:00,5627.335793055562,5622.335793055562,stop,2024-05-20 10:24:00,-5.31,2024,AM,-265.5,False,182.0
2024-05-21 15:27:00,2024-05-21 15:35:00,5623.0571518381075,5631.0571518381075,target,2024-05-21 15:27:00,7.69,2024,PM,384.5,True,8.0
2024-05-31 15:30:00,2024-05-31 15:40:00,5522.981579332895,5530.981579332895,target,2024-05-31 15:30:00,7.69,2024,PM,384.5,True,10.0
2024-06-04 09:30:00,2024-06-04 09:34:00,5566.67,5561.67,stop,2024-06-03 16:00:00,-5.31,2024,AM,-265.5,False,4.0
2024-06-05 09:50:00,2024-06-05 10:00:00,5598.9402856330025,5593.9402856330025,stop,2024-06-05 09:48:00,-5.31,2024,AM,-265.5,False,10.0
2024-06-05 15:00:00,2024-06-05 15:50:00,5643.481966190565,5638.481966190565,stop,2024-06-05 15:00:00,-5.31,2024,PM,-265.5,False,50.0
2024-06-06 09:49:00,2024-06-06 09:58:00,5654.176320750159,5649.176320750159,stop,2024-06-06 09:48:00,-5.31,2024,AM,-265.5,False,9.0
2024-06-10 15:17:00,2024-06-10 15:50:00,5654.373591643889,5649.373591643889,stop,2024-06-10 15:15:00,-5.31,2024,PM,-265.5,False,33.0
2024-06-12 10:39:00,2024-06-12 10:44:00,5739.606616263929,5734.606616263929,stop,2024-06-12 10:39:00,-5.31,2024,AM,-265.5,False,5.0
2024-06-13 15:27:00,2024-06-13 15:31:00,5728.629199364137,5723.629199364137,stop,2024-06-13 15:27:00,-5.31,2024,PM,-265.5,False,4.0
2024-06-17 10:51:00,2024-06-17 11:05:00,5724.892193889831,5732.892193889831,target,2024-06-17 10:51:00,7.69,2024,AM,384.5,True,14.0
2024-06-17 11:33:00,2024-06-17 12:24:00,5736.338044348361,5744.338044348361,target,2024-06-17 11:33:00,7.69,2024,AM,384.5,True,51.0
2024-06-19 10:00:00,2024-06-19 12:59:00,5790.712712681231,5788.74,eod,2024-06-19 10:00:00,-2.2827126812313145,2024,AM,-114.13563406156572,False,179.0
2024-06-24 10:26:00,2024-06-24 10:29:00,5776.287802213847,5771.287802213847,stop,2024-06-24 10:24:00,-5.31,2024,AM,-265.5,False,3.0
2024-06-27 09:50:00,2024-06-27 09:51:00,5773.296170361038,5768.296170361038,stop,2024-06-27 09:48:00,-5.31,2024,AM,-265.5,False,1.0
2024-06-28 10:29:00,2024-06-28 10:42:00,5805.073496507843,5800.073496507843,stop,2024-06-28 10:27:00,-5.31,2024,AM,-265.5,False,13.0
2024-07-03 10:00:00,2024-07-03 11:14:00,5798.395866375606,5806.395866375606,target,2024-07-03 10:00:00,7.69,2024,AM,384.5,True,74.0
2024-07-03 11:28:00,2024-07-03 12:15:00,5806.021435340309,5814.021435340309,target,2024-07-03 11:27:00,7.69,2024,AM,384.5,True,47.0
2024-07-04 11:21:00,2024-07-04 12:59:00,5816.5939020881815,5816.06,eod,2024-07-04 11:21:00,-0.8439020881810939,2024,AM,-42.19510440905469,False,98.0
2024-07-05 09:45:00,2024-07-05 10:00:00,5821.317512217813,5829.317512217813,target,2024-07-05 09:45:00,7.69,2024,AM,384.5,True,15.0
2024-07-05 10:53:00,2024-07-05 11:14:00,5826.843708489822,5834.843708489822,target,2024-07-05 10:51:00,7.69,2024,AM,384.5,True,21.0
2024-07-05 15:27:00,2024-07-05 15:59:00,5848.507184392737,5853.79,eod,2024-07-05 15:27:00,4.972815607262819,2024,PM,248.64078036314098,True,32.0
2024-07-08 10:00:00,2024-07-08 10:20:00,5863.4320334657195,5858.4320334657195,stop,2024-07-08 10:00:00,-5.31,2024,AM,-265.5,False,20.0
2024-07-10 11:49:00,2024-07-10 12:15:00,5880.129256817359,5888.129256817359,target,2024-07-10 11:48:00,7.69,2024,AM,384.5,True,26.0
2024-07-10 15:00:00,2024-07-10 15:48:00,5904.13032403746,5912.13032403746,target,2024-07-10 15:00:00,7.69,2024,PM,384.5,True,48.0
2024-07-11 09:52:00,2024-07-11 10:04:00,5919.471716762046,5927.471716762046,target,2024-07-11 09:51:00,7.69,2024,AM,384.5,True,12.0
2024-07-12 11:18:00,2024-07-12 11:59:00,5915.917671208951,5910.917671208951,stop,2024-07-12 11:18:00,-5.31,2024,AM,-265.5,False,41.0
2024-07-15 11:25:00,2024-07-15 11:28:00,5946.475151171067,5941.475151171067,stop,2024-07-15 11:24:00,-5.31,2024,AM,-265.5,False,3.0
2024-07-16 15:06:00,2024-07-16 15:53:00,5944.831730334206,5952.831730334206,target,2024-07-16 15:06:00,7.69,2024,PM,384.5,True,47.0
2024-07-18 10:20:00,2024-07-18 10:31:00,5886.697870579879,5881.697870579879,stop,2024-07-18 10:18:00,-5.31,2024,AM,-265.5,False,11.0
2024-08-09 11:13:00,2024-08-09 11:29:00,5574.532055375045,5569.532055375045,stop,2024-08-09 11:12:00,-5.31,2024,AM,-265.5,False,16.0
2024-08-13 11:10:00,2024-08-13 11:23:00,5642.03868707036,5650.03868707036,target,2024-08-13 11:09:00,7.69,2024,AM,384.5,True,13.0
2024-08-14 15:09:00,2024-08-14 15:13:00,5700.776163647841,5695.776163647841,stop,2024-08-14 15:09:00,-5.31,2024,PM,-265.5,False,4.0
2024-08-19 09:54:00,2024-08-19 10:17:00,5812.804345215104,5807.804345215104,stop,2024-08-19 09:54:00,-5.31,2024,AM,-265.5,False,23.0
2024-08-20 10:01:00,2024-08-20 10:11:00,5866.433919573714,5861.433919573714,stop,2024-08-20 10:00:00,-5.31,2024,AM,-265.5,False,10.0
2024-08-21 10:48:00,2024-08-21 10:50:00,5873.83018968617,5868.83018968617,stop,2024-08-21 10:48:00,-5.31,2024,AM,-265.5,False,2.0
2024-08-22 09:49:00,2024-08-22 09:51:00,5884.356605888897,5879.356605888897,stop,2024-08-22 09:48:00,-5.31,2024,AM,-265.5,False,2.0
2024-08-23 15:36:00,2024-08-23 15:45:00,5877.882906419405,5872.882906419405,stop,2024-08-23 15:36:00,-5.31,2024,PM,-265.5,False,9.0
2024-08-29 09:44:00,2024-08-29 09:48:00,5852.85676348461,5860.85676348461,target,2024-08-29 09:42:00,7.69,2024,AM,384.5,True,4.0
2024-08-29 10:41:00,2024-08-29 10:44:00,5873.81811687633,5881.81811687633,target,2024-08-29 10:39:00,7.69,2024,AM,384.5,True,3.0
2024-08-29 11:17:00,2024-08-29 11:20:00,5881.930294134898,5876.930294134898,stop,2024-08-29 11:15:00,-5.31,2024,AM,-265.5,False,3.0
2024-09-02 10:27:00,2024-09-02 10:35:00,5885.383779596631,5893.383779596631,target,2024-09-02 10:27:00,7.69,2024,AM,384.5,True,8.0
2024-09-02 11:04:00,2024-09-02 12:52:00,5895.558439441774,5890.558439441774,stop,2024-09-02 11:03:00,-5.31,2024,AM,-265.5,False,108.0
2024-09-05 10:34:00,2024-09-05 10:40:00,5774.0875915893275,5769.0875915893275,stop,2024-09-05 10:33:00,-5.31,2024,AM,-265.5,False,6.0
2024-09-10 15:06:00,2024-09-10 15:58:00,5720.506061777667,5728.506061777667,target,2024-09-10 15:06:00,7.69,2024,PM,384.5,True,52.0
2024-09-12 10:35:00,2024-09-12 10:36:00,5793.937255978736,5788.48,stop,2024-09-12 10:33:00,-5.767255978736611,2024,AM,-288.3627989368306,False,1.0
2024-09-12 15:24:00,2024-09-12 15:50:00,5827.909679792292,5822.909679792292,stop,2024-09-12 15:24:00,-5.31,2024,PM,-265.5,False,26.0
2024-09-13 10:00:00,2024-09-13 10:12:00,5847.263540216721,5855.263540216721,target,2024-09-13 10:00:00,7.69,2024,AM,384.5,True,12.0
2024-09-17 09:49:00,2024-09-17 10:04:00,5888.981741195934,5896.981741195934,target,2024-09-17 09:48:00,7.69,2024,AM,384.5,True,15.0
2024-09-19 10:41:00,2024-09-19 10:45:00,5952.1610906785,5947.1610906785,stop,2024-09-19 10:39:00,-5.31,2024,AM,-265.5,False,4.0
2024-09-23 11:58:00,2024-09-23 11:59:00,5954.891328581452,5949.891328581452,stop,2024-09-23 11:57:00,-5.31,2024,AM,-265.5,False,1.0
2024-09-25 09:42:00,2024-09-25 10:49:00,5967.140067802018,5962.140067802018,stop,2024-09-25 09:42:00,-5.31,2024,AM,-265.5,False,67.0
2024-09-27 09:43:00,2024-09-27 10:03:00,5982.965446845469,5990.965446845469,target,2024-09-27 09:42:00,7.69,2024,AM,384.5,True,20.0
2024-10-02 15:30:00,2024-10-02 15:59:00,5938.795871798483,5938.05,eod,2024-10-02 15:30:00,-1.0558717984827672,2024,PM,-52.79358992413836,False,29.0
2024-10-04 11:13:00,2024-10-04 11:14:00,5945.236061124614,5940.236061124614,stop,2024-10-04 11:12:00,-5.31,2024,AM,-265.5,False,1.0
2024-10-09 15:44:00,2024-10-09 15:52:00,6014.512023355149,6022.512023355149,target,2024-10-09 15:42:00,7.69,2024,PM,384.5,True,8.0
2024-10-11 15:29:00,2024-10-11 15:58:00,6042.868251742093,6037.868251742093,stop,2024-10-11 15:27:00,-5.31,2024,PM,-265.5,False,29.0
2024-10-16 11:45:00,2024-10-16 11:52:00,6048.162274707558,6043.162274707558,stop,2024-10-16 11:45:00,-5.31,2024,AM,-265.5,False,7.0
2024-10-18 11:34:00,2024-10-18 12:51:00,6080.661647245543,6088.661647245543,target,2024-10-18 11:33:00,7.69,2024,AM,384.5,True,77.0
2024-10-22 15:39:00,2024-10-22 15:59:00,6074.449089079234,6073.02,eod,2024-10-22 15:39:00,-1.7390890792335632,2024,PM,-86.95445396167815,False,20.0
2024-10-24 11:22:00,2024-10-24 11:32:00,6024.588949304181,6019.588949304181,stop,2024-10-24 11:21:00,-5.31,2024,AM,-265.5,False,10.0
2024-10-24 15:39:00,2024-10-24 15:59:00,6028.1009948362025,6027.69,eod,2024-10-24 15:39:00,-0.7209948362029173,2024,PM,-36.04974181014586,False,20.0
2024-11-05 15:40:00,2024-11-05 15:46:00,5979.742299605608,5974.742299605608,stop,2024-11-05 15:39:00,-5.31,2024,PM,-265.5,False,6.0
2024-11-06 09:58:00,2024-11-06 09:59:00,6080.354093729435,6088.354093729435,target,2024-11-06 09:57:00,7.69,2024,AM,384.5,True,1.0
2024-11-06 11:21:00,2024-11-06 11:27:00,6101.1643287091465,6109.1643287091465,target,2024-11-06 11:21:00,7.69,2024,AM,384.5,True,6.0
2024-11-06 11:54:00,2024-11-06 12:47:00,6112.092926418782,6120.092926418782,target,2024-11-06 11:54:00,7.69,2024,AM,384.5,True,53.0
2024-11-06 15:23:00,2024-11-06 15:47:00,6139.130649298073,6147.130649298073,target,2024-11-06 15:21:00,7.69,2024,PM,384.5,True,24.0
2024-11-07 10:16:00,2024-11-07 10:45:00,6166.535864735325,6174.535864735325,target,2024-11-07 10:15:00,7.69,2024,AM,384.5,True,29.0
2024-11-07 15:22:00,2024-11-07 15:50:00,6188.950497120268,6183.950497120268,stop,2024-11-07 15:21:00,-5.31,2024,PM,-265.5,False,28.0
2024-11-08 10:04:00,2024-11-08 10:46:00,6194.495148489985,6202.495148489985,target,2024-11-08 10:03:00,7.69,2024,AM,384.5,True,42.0
2024-11-13 11:39:00,2024-11-13 11:43:00,6202.41380256967,6197.41380256967,stop,2024-11-13 11:39:00,-5.31,2024,AM,-265.5,False,4.0
2024-11-13 11:55:00,2024-11-13 12:09:00,6204.098638026031,6212.098638026031,target,2024-11-13 11:54:00,7.69,2024,AM,384.5,True,14.0
2024-11-18 10:23:00,2024-11-18 10:29:00,6082.600535122145,6090.600535122145,target,2024-11-18 10:21:00,7.69,2024,AM,384.5,True,6.0
2024-11-21 10:22:00,2024-11-21 10:23:00,6113.479387063794,6108.479387063794,stop,2024-11-21 10:21:00,-5.31,2024,AM,-265.5,False,1.0
2024-11-21 11:20:00,2024-11-21 11:23:00,6126.726094161677,6134.726094161677,target,2024-11-21 11:18:00,7.69,2024,AM,384.5,True,3.0
2024-11-22 10:03:00,2024-11-22 10:04:00,6166.375187755331,6161.375187755331,stop,2024-11-22 10:03:00,-5.31,2024,AM,-265.5,False,1.0
2024-11-22 11:02:00,2024-11-22 11:10:00,6165.954907071076,6160.954907071076,stop,2024-11-22 11:00:00,-5.31,2024,AM,-265.5,False,8.0
2024-11-25 09:51:00,2024-11-25 09:54:00,6205.963260710196,6200.963260710196,stop,2024-11-25 09:51:00,-5.31,2024,AM,-265.5,False,3.0
2024-11-26 09:54:00,2024-11-26 10:00:00,6201.3325542944,6196.3325542944,stop,2024-11-26 09:54:00,-5.31,2024,AM,-265.5,False,6.0
2024-11-29 10:26:00,2024-11-29 11:09:00,6222.19016364767,6230.19016364767,target,2024-11-29 10:24:00,7.69,2024,AM,384.5,True,43.0
2024-11-29 11:34:00,2024-11-29 12:06:00,6231.914021436667,6239.914021436667,target,2024-11-29 11:33:00,7.69,2024,AM,384.5,True,32.0
2024-12-02 11:53:00,2024-12-02 15:29:00,6244.530962800831,6252.530962800831,target,2024-12-02 11:51:00,7.69,2024,AM,384.5,True,216.0
2024-12-04 11:24:00,2024-12-04 13:26:00,6270.887564715949,6265.887564715949,stop,2024-12-04 11:24:00,-5.31,2024,AM,-265.5,False,122.0
2024-12-05 11:35:00,2024-12-05 12:14:00,6280.740578735888,6288.740578735888,target,2024-12-05 11:33:00,7.69,2024,AM,384.5,True,39.0
2024-12-11 11:51:00,2024-12-11 13:02:00,6278.579676074996,6286.579676074996,target,2024-12-11 11:51:00,7.69,2024,AM,384.5,True,71.0
2024-12-16 10:52:00,2024-12-16 13:05:00,6261.590729299157,6269.590729299157,target,2024-12-16 10:51:00,7.69,2024,AM,384.5,True,133.0
2024-12-26 09:30:00,2024-12-26 09:52:00,6187.71,6182.71,stop,2024-12-24 13:15:00,-5.31,2024,AM,-265.5,False,22.0
2024-12-26 11:24:00,2024-12-26 11:44:00,6200.316020431925,6208.316020431925,target,2024-12-26 11:24:00,7.69,2024,AM,384.5,True,20.0
2024-12-26 15:12:00,2024-12-26 15:59:00,6208.397672909781,6206.03,eod,2024-12-26 15:12:00,-2.677672909781504,2024,PM,-133.8836454890752,False,47.0
2025-01-02 10:18:00,2025-01-02 10:19:00,6079.1914222259065,6074.1914222259065,stop,2025-01-02 10:18:00,-5.31,2025,AM,-265.5,False,1.0
2025-01-02 11:54:00,2025-01-02 12:02:00,6057.872400281833,6052.872400281833,stop,2025-01-02 11:54:00,-5.31,2025,AM,-265.5,False,8.0
2025-01-03 09:48:00,2025-01-03 09:51:00,6051.663887787503,6046.663887787503,stop,2025-01-03 09:48:00,-5.31,2025,AM,-265.5,False,3.0
2025-01-03 11:59:00,2025-01-03 12:33:00,6081.564215945313,6076.564215945313,stop,2025-01-03 11:57:00,-5.31,2025,AM,-265.5,False,34.0
2025-01-06 10:31:00,2025-01-06 10:53:00,6162.4213074358895,6170.4213074358895,target,2025-01-06 10:30:00,7.69,2025,AM,384.5,True,22.0
2025-01-14 09:48:00,2025-01-14 09:53:00,5998.654391204089,5993.654391204089,stop,2025-01-14 09:48:00,-5.31,2025,AM,-265.5,False,5.0
2025-01-15 15:08:00,2025-01-15 15:55:00,6102.02155374159,6097.02155374159,stop,2025-01-15 15:06:00,-5.31,2025,PM,-265.5,False,47.0
2025-01-16 11:14:00,2025-01-16 11:17:00,6101.5941579399205,6096.5941579399205,stop,2025-01-16 11:12:00,-5.31,2025,AM,-265.5,False,3.0
2025-01-16 11:29:00,2025-01-16 11:35:00,6099.272136873755,6094.272136873755,stop,2025-01-16 11:27:00,-5.31,2025,AM,-265.5,False,6.0
2025-01-20 11:25:00,2025-01-20 12:07:00,6166.158779655432,6161.158779655432,stop,2025-01-20 11:24:00,-5.31,2025,AM,-265.5,False,42.0
2025-01-22 10:24:00,2025-01-22 11:31:00,6232.463316944009,6240.463316944009,target,2025-01-22 10:24:00,7.69,2025,AM,384.5,True,67.0
2025-01-22 11:46:00,2025-01-22 14:30:00,6239.3090500088,6234.3090500088,stop,2025-01-22 11:45:00,-5.31,2025,AM,-265.5,False,164.0
2025-01-22 15:06:00,2025-01-22 15:39:00,6240.492768685771,6235.492768685771,stop,2025-01-22 15:06:00,-5.31,2025,PM,-265.5,False,33.0
2025-01-24 09:57:00,2025-01-24 10:11:00,6264.111843042339,6259.111843042339,stop,2025-01-24 09:57:00,-5.31,2025,AM,-265.5,False,14.0
2025-01-24 11:55:00,2025-01-24 11:58:00,6264.351292019175,6259.351292019175,stop,2025-01-24 11:54:00,-5.31,2025,AM,-265.5,False,3.0
2025-01-28 09:41:00,2025-01-28 09:44:00,6146.630670075114,6141.630670075114,stop,2025-01-28 09:39:00,-5.31,2025,AM,-265.5,False,3.0
2025-01-28 10:45:00,2025-01-28 10:55:00,6179.07503109017,6187.07503109017,target,2025-01-28 10:45:00,7.69,2025,AM,384.5,True,10.0
2025-01-30 09:59:00,2025-01-30 10:02:00,6205.707227272639,6200.707227272639,stop,2025-01-30 09:57:00,-5.31,2025,AM,-265.5,False,3.0
2025-01-30 15:30:00,2025-01-30 15:36:00,6220.982566336744,6215.982566336744,stop,2025-01-30 15:30:00,-5.31,2025,PM,-265.5,False,6.0
2025-02-05 15:33:00,2025-02-05 15:42:00,6189.353564928564,6184.353564928564,stop,2025-02-05 15:33:00,-5.31,2025,PM,-265.5,False,9.0
2025-02-06 09:55:00,2025-02-06 10:31:00,6205.582211733826,6200.582211733826,stop,2025-02-06 09:54:00,-5.31,2025,AM,-265.5,False,36.0
2025-02-06 11:30:00,2025-02-06 11:45:00,6206.834331152535,6201.834331152535,stop,2025-02-06 11:30:00,-5.31,2025,AM,-265.5,False,15.0
2025-02-11 15:06:00,2025-02-11 15:39:00,6203.065306903875,6198.065306903875,stop,2025-02-11 15:06:00,-5.31,2025,PM,-265.5,False,33.0
2025-02-12 15:03:00,2025-02-12 15:30:00,6185.200501094959,6180.200501094959,stop,2025-02-12 15:03:00,-5.31,2025,PM,-265.5,False,27.0
2025-02-13 15:25:00,2025-02-13 15:59:00,6240.7411439110765,6246.49,eod,2025-02-13 15:24:00,5.438856088923276,2025,PM,271.9428044461638,True,34.0
2025-02-14 10:00:00,2025-02-14 10:40:00,6248.210032131389,6243.210032131389,stop,2025-02-14 10:00:00,-5.31,2025,AM,-265.5,False,40.0
2025-02-17 10:01:00,2025-02-17 11:23:00,6247.4296781684725,6255.4296781684725,target,2025-02-17 10:00:00,7.69,2025,AM,384.5,True,82.0
2025-02-17 11:33:00,2025-02-17 12:59:00,6254.428665386841,6255.14,eod,2025-02-17 11:33:00,0.4013346131591243,2025,AM,20.066730657956214,True,86.0
2025-02-18 09:30:00,2025-02-18 09:31:00,6252.85,6247.85,stop,2025-02-17 13:00:00,-5.31,2025,AM,-265.5,False,1.0
2025-02-19 09:30:00,2025-02-19 10:04:00,6243.69,6238.69,stop,2025-02-18 16:00:00,-5.31,2025,AM,-265.5,False,34.0
2025-03-03 09:49:00,2025-03-03 09:50:00,6075.7711417343235,6070.7711417343235,stop,2025-03-03 09:48:00,-5.31,2025,AM,-265.5,False,1.0
2025-03-04 15:29:00,2025-03-04 15:30:00,5965.084467467983,5960.084467467983,stop,2025-03-04 15:27:00,-5.31,2025,PM,-265.5,False,1.0
2025-03-14 11:47:00,2025-03-14 11:58:00,5726.330995874365,5734.330995874365,target,2025-03-14 11:45:00,7.69,2025,AM,384.5,True,11.0
2025-03-14 15:19:00,2025-03-14 15:29:00,5733.786939440123,5728.786939440123,stop,2025-03-14 15:18:00,-5.31,2025,PM,-265.5,False,10.0
2025-03-17 09:49:00,2025-03-17 09:52:00,5758.198406563813,5766.198406563813,target,2025-03-17 09:48:00,7.69,2025,AM,384.5,True,3.0
2025-03-17 15:00:00,2025-03-17 15:10:00,5803.507620927754,5798.507620927754,stop,2025-03-17 15:00:00,-5.31,2025,PM,-265.5,False,10.0
2025-03-24 10:31:00,2025-03-24 10:49:00,5852.578863239533,5860.578863239533,target,2025-03-24 10:30:00,7.69,2025,AM,384.5,True,18.0
2025-03-24 15:29:00,2025-03-24 15:47:00,5862.795861677787,5870.795861677787,target,2025-03-24 15:27:00,7.69,2025,PM,384.5,True,18.0
2025-03-25 10:57:00,2025-03-25 11:32:00,5882.341767507055,5877.341767507055,stop,2025-03-25 10:57:00,-5.31,2025,AM,-265.5,False,35.0
2025-03-26 09:33:00,2025-03-26 09:38:00,5873.370090150782,5881.370090150782,target,2025-03-26 09:33:00,7.69,2025,AM,384.5,True,5.0
2025-03-27 15:30:00,2025-03-27 15:37:00,5812.586347589947,5807.586347589947,stop,2025-03-27 15:30:00,-5.31,2025,PM,-265.5,False,7.0
2025-03-31 15:25:00,2025-03-31 15:27:00,5695.683963122037,5690.683963122037,stop,2025-03-31 15:24:00,-5.31,2025,PM,-265.5,False,2.0
2025-04-02 11:12:00,2025-04-02 11:14:00,5728.962868497768,5723.962868497768,stop,2025-04-02 11:12:00,-5.31,2025,AM,-265.5,False,2.0
2025-04-02 11:41:00,2025-04-02 11:44:00,5742.221261224694,5737.221261224694,stop,2025-04-02 11:39:00,-5.31,2025,AM,-265.5,False,3.0
2025-04-08 10:24:00,2025-04-08 10:25:00,5329.840886460794,5337.840886460794,target,2025-04-08 10:24:00,7.69,2025,AM,384.5,True,1.0
2025-04-14 15:16:00,2025-04-14 15:26:00,5515.332630746971,5510.332630746971,stop,2025-04-14 15:15:00,-5.31,2025,PM,-265.5,False,10.0
2025-04-15 09:58:00,2025-04-15 10:05:00,5515.23650933848,5523.23650933848,target,2025-04-15 09:57:00,7.69,2025,AM,384.5,True,7.0
2025-04-22 15:03:00,2025-04-22 15:12:00,5355.30866589215,5350.30866589215,stop,2025-04-22 15:03:00,-5.31,2025,PM,-265.5,False,9.0
2025-04-25 09:30:00,2025-04-25 09:32:00,5557.337663202814,5552.337663202814,stop,2025-04-24 16:00:00,-5.31,2025,AM,-265.5,False,2.0
2025-04-25 09:42:00,2025-04-25 09:43:00,5560.644562847873,5555.644562847873,stop,2025-04-25 09:42:00,-5.31,2025,AM,-265.5,False,1.0
2025-04-25 10:19:00,2025-04-25 10:20:00,5559.466162073087,5554.466162073087,stop,2025-04-25 10:18:00,-5.31,2025,AM,-265.5,False,1.0
2025-04-25 11:16:00,2025-04-25 11:22:00,5557.3196053953525,5565.3196053953525,target,2025-04-25 11:15:00,7.69,2025,AM,384.5,True,6.0
2025-04-25 11:26:00,2025-04-25 11:29:00,5559.006757962422,5554.006757962422,stop,2025-04-25 11:24:00,-5.31,2025,AM,-265.5,False,3.0
2025-04-28 09:49:00,2025-04-28 09:55:00,5610.878207458229,5605.878207458229,stop,2025-04-28 09:48:00,-5.31,2025,AM,-265.5,False,6.0
2025-04-29 10:12:00,2025-04-29 10:21:00,5603.726663598543,5598.726663598543,stop,2025-04-29 10:12:00,-5.31,2025,AM,-265.5,False,9.0
2025-04-29 11:04:00,2025-04-29 11:18:00,5612.580784666954,5607.580784666954,stop,2025-04-29 11:03:00,-5.31,2025,AM,-265.5,False,14.0
2025-05-01 09:59:00,2025-05-01 10:00:00,5683.139702919416,5691.139702919416,target,2025-05-01 09:57:00,7.69,2025,AM,384.5,True,1.0
2025-05-01 11:24:00,2025-05-01 11:31:00,5723.96555855886,5718.96555855886,stop,2025-05-01 11:24:00,-5.31,2025,AM,-265.5,False,7.0
2025-05-07 10:16:00,2025-05-07 10:50:00,5697.332239233526,5692.332239233526,stop,2025-05-07 10:15:00,-5.31,2025,AM,-265.5,False,34.0
2025-05-08 09:49:00,2025-05-08 09:56:00,5720.58692376987,5728.58692376987,target,2025-05-08 09:48:00,7.69,2025,AM,384.5,True,7.0
2025-05-09 15:14:00,2025-05-09 15:30:00,5735.545281214869,5730.545281214869,stop,2025-05-09 15:12:00,-5.31,2025,PM,-265.5,False,16.0
2025-05-13 10:30:00,2025-05-13 10:43:00,5952.971572758916,5947.971572758916,stop,2025-05-13 10:30:00,-5.31,2025,AM,-265.5,False,13.0
2025-05-13 15:09:00,2025-05-13 15:38:00,5969.448140741422,5977.448140741422,target,2025-05-13 15:09:00,7.69,2025,PM,384.5,True,29.0
2025-05-16 10:00:00,2025-05-16 10:27:00,5990.9560502007225,5998.9560502007225,target,2025-05-16 10:00:00,7.69,2025,AM,384.5,True,27.0
2025-05-20 09:30:00,2025-05-20 09:47:00,6013.04,6008.04,stop,2025-05-19 16:00:00,-5.31,2025,AM,-265.5,False,17.0
2025-05-22 15:32:00,2025-05-22 15:37:00,5940.252399021078,5935.252399021078,stop,2025-05-22 15:30:00,-5.31,2025,PM,-265.5,False,5.0
2025-05-27 11:57:00,2025-05-27 12:08:00,5963.861544499701,5971.861544499701,target,2025-05-27 11:57:00,7.69,2025,AM,384.5,True,11.0
2025-05-28 09:47:00,2025-05-28 09:49:00,5992.4287375539625,5987.4287375539625,stop,2025-05-28 09:45:00,-5.31,2025,AM,-265.5,False,2.0
2025-06-02 15:08:00,2025-06-02 15:24:00,5989.1350762298935,5997.1350762298935,target,2025-06-02 15:06:00,7.69,2025,PM,384.5,True,16.0
2025-06-03 11:50:00,2025-06-03 12:16:00,6022.588685093655,6030.588685093655,target,2025-06-03 11:48:00,7.69,2025,AM,384.5,True,26.0
2025-06-04 09:51:00,2025-06-04 10:00:00,6043.748230463236,6038.748230463236,stop,2025-06-04 09:51:00,-5.31,2025,AM,-265.5,False,9.0
2025-06-04 10:38:00,2025-06-04 10:41:00,6044.002610079508,6039.002610079508,stop,2025-06-04 10:36:00,-5.31,2025,AM,-265.5,False,3.0
2025-06-10 10:27:00,2025-06-10 11:32:00,6075.511800773255,6070.511800773255,stop,2025-06-10 10:27:00,-5.31,2025,AM,-265.5,False,65.0
2025-06-24 10:58:00,2025-06-24 11:23:00,6125.960477812954,6133.960477812954,target,2025-06-24 10:57:00,7.69,2025,AM,384.5,True,25.0
2025-06-24 15:21:00,2025-06-24 15:55:00,6151.234597625733,6146.234597625733,stop,2025-06-24 15:21:00,-5.31,2025,PM,-265.5,False,34.0
2025-06-26 09:51:00,2025-06-26 10:00:00,6160.486612682694,6168.486612682694,target,2025-06-26 09:51:00,7.69,2025,AM,384.5,True,9.0
2025-06-27 10:24:00,2025-06-27 11:34:00,6222.903288769553,6230.903288769553,target,2025-06-27 10:24:00,7.69,2025,AM,384.5,True,70.0
2025-06-30 11:55:00,2025-06-30 12:19:00,6240.719674103512,6235.719674103512,stop,2025-06-30 11:54:00,-5.31,2025,AM,-265.5,False,24.0
2025-07-02 15:17:00,2025-07-02 15:59:00,6271.186903756534,6275.27,eod,2025-07-02 15:15:00,3.7730962434665707,2025,PM,188.65481217332854,True,42.0
2025-07-03 10:33:00,2025-07-03 11:02:00,6317.639185787684,6325.639185787684,target,2025-07-03 10:33:00,7.69,2025,AM,384.5,True,29.0
2025-07-03 11:18:00,2025-07-03 12:53:00,6325.280171426492,6320.280171426492,stop,2025-07-03 11:18:00,-5.31,2025,AM,-265.5,False,95.0
2025-07-10 11:13:00,2025-07-10 11:44:00,6315.718795160431,6323.718795160431,target,2025-07-10 11:12:00,7.69,2025,AM,384.5,True,31.0
2025-07-10 11:54:00,2025-07-10 12:16:00,6321.924431707637,6316.924431707637,stop,2025-07-10 11:54:00,-5.31,2025,AM,-265.5,False,22.0
2025-07-15 09:47:00,2025-07-15 10:03:00,6322.105853003007,6317.105853003007,stop,2025-07-15 09:45:00,-5.31,2025,AM,-265.5,False,16.0
2025-07-17 10:11:00,2025-07-17 10:20:00,6318.4849802173085,6313.4849802173085,stop,2025-07-17 10:09:00,-5.31,2025,AM,-265.5,False,9.0
2025-07-17 15:18:00,2025-07-17 15:59:00,6342.231018127502,6343.52,eod,2025-07-17 15:18:00,0.9789818724988799,2025,PM,48.949093624944,True,41.0
2025-07-21 10:37:00,2025-07-21 14:47:00,6368.2255193906,6363.2255193906,stop,2025-07-21 10:36:00,-5.31,2025,AM,-265.5,False,250.0
2025-07-22 15:04:00,2025-07-22 15:59:00,6349.0557836692315,6352.27,eod,2025-07-22 15:03:00,2.904216330768977,2025,PM,145.21081653844885,True,55.0
2025-07-24 09:54:00,2025-07-24 10:17:00,6402.271650219365,6397.271650219365,stop,2025-07-24 09:54:00,-5.31,2025,AM,-265.5,False,23.0
2025-07-24 11:16:00,2025-07-24 12:01:00,6412.215280581908,6407.215280581908,stop,2025-07-24 11:15:00,-5.31,2025,AM,-265.5,False,45.0
2025-07-30 10:48:00,2025-07-30 11:03:00,6416.3825889414375,6411.3825889414375,stop,2025-07-30 10:48:00,-5.31,2025,AM,-265.5,False,15.0
2025-08-04 15:27:00,2025-08-04 15:57:00,6349.311447985861,6357.311447985861,target,2025-08-04 15:27:00,7.69,2025,PM,384.5,True,30.0
2025-08-11 10:04:00,2025-08-11 10:47:00,6415.48018268508,6410.48018268508,stop,2025-08-11 10:03:00,-5.31,2025,AM,-265.5,False,43.0
2025-08-13 10:00:00,2025-08-13 10:13:00,6493.6869130589475,6488.6869130589475,stop,2025-08-13 10:00:00,-5.31,2025,AM,-265.5,False,13.0
2025-08-14 09:30:00,2025-08-14 09:47:00,6467.27,6475.27,target,2025-08-13 16:00:00,7.69,2025,AM,384.5,True,17.0
2025-08-14 10:57:00,2025-08-14 11:05:00,6488.323202805387,6483.323202805387,stop,2025-08-14 10:57:00,-5.31,2025,AM,-265.5,False,8.0
2025-08-14 15:27:00,2025-08-14 15:59:00,6489.368874062238,6493.77,eod,2025-08-14 15:27:00,4.091125937762118,2025,PM,204.5562968881059,True,32.0
2025-08-26 15:03:00,2025-08-26 15:22:00,6466.393650563435,6474.393650563435,target,2025-08-26 15:03:00,7.69,2025,PM,384.5,True,19.0
2025-08-26 15:37:00,2025-08-26 15:55:00,6472.591639035964,6480.591639035964,target,2025-08-26 15:36:00,7.69,2025,PM,384.5,True,18.0
2025-09-01 10:20:00,2025-09-01 12:59:00,6477.578725723002,6481.77,eod,2025-09-01 10:18:00,3.8812742769982287,2025,AM,194.06371384991144,True,159.0
2025-09-03 11:08:00,2025-09-03 11:21:00,6459.723861208471,6454.723861208471,stop,2025-09-03 11:06:00,-5.31,2025,AM,-265.5,False,13.0
2025-09-04 10:51:00,2025-09-04 11:17:00,6474.481425099673,6482.481425099673,target,2025-09-04 10:51:00,7.69,2025,AM,384.5,True,26.0
2025-09-04 15:28:00,2025-09-04 15:56:00,6501.040219050614,6509.040219050614,target,2025-09-04 15:27:00,7.69,2025,PM,384.5,True,28.0
2025-09-08 10:00:00,2025-09-08 10:19:00,6500.831688276445,6495.831688276445,stop,2025-09-08 10:00:00,-5.31,2025,AM,-265.5,False,19.0
2025-09-08 11:15:00,2025-09-08 11:45:00,6513.027979310179,6508.027979310179,stop,2025-09-08 11:15:00,-5.31,2025,AM,-265.5,False,30.0
2025-09-10 10:27:00,2025-09-10 10:33:00,6557.90587526592,6552.90587526592,stop,2025-09-10 10:27:00,-5.31,2025,AM,-265.5,False,6.0
2025-09-16 09:40:00,2025-09-16 09:50:00,6677.69856676991,6672.69856676991,stop,2025-09-16 09:39:00,-5.31,2025,AM,-265.5,False,10.0
2025-09-18 09:55:00,2025-09-18 09:59:00,6679.425857293681,6687.425857293681,target,2025-09-18 09:54:00,7.69,2025,AM,384.5,True,4.0
2025-09-19 10:00:00,2025-09-19 10:40:00,6703.797900487616,6698.797900487616,stop,2025-09-19 10:00:00,-5.31,2025,AM,-265.5,False,40.0
2025-09-19 15:36:00,2025-09-19 15:55:00,6721.155305338714,6729.155305338714,target,2025-09-19 15:36:00,7.69,2025,PM,384.5,True,19.0
2025-09-22 15:20:00,2025-09-22 15:59:00,6753.358213433572,6752.76,eod,2025-09-22 15:18:00,-0.9082134335718002,2025,PM,-45.410671678590006,False,39.0
2025-09-29 10:03:00,2025-09-29 10:09:00,6720.245659458893,6728.245659458893,target,2025-09-29 10:03:00,7.69,2025,AM,384.5,True,6.0
2025-10-01 15:09:00,2025-10-01 15:55:00,6766.907854847452,6761.907854847452,stop,2025-10-01 15:09:00,-5.31,2025,PM,-265.5,False,46.0
2025-10-03 11:00:00,2025-10-03 11:40:00,6791.920581350516,6786.920581350516,stop,2025-10-03 11:00:00,-5.31,2025,AM,-265.5,False,40.0
2025-10-09 09:40:00,2025-10-09 09:43:00,6802.0929694987735,6797.0929694987735,stop,2025-10-09 09:39:00,-5.31,2025,AM,-265.5,False,3.0
2025-10-13 11:42:00,2025-10-13 12:09:00,6689.50869606403,6697.50869606403,target,2025-10-13 11:42:00,7.69,2025,AM,384.5,True,27.0
2025-10-16 09:50:00,2025-10-16 09:56:00,6725.598382330988,6733.598382330988,target,2025-10-16 09:48:00,7.69,2025,AM,384.5,True,6.0
2025-10-23 10:01:00,2025-10-23 10:10:00,6754.599320298901,6749.599320298901,stop,2025-10-23 10:00:00,-5.31,2025,AM,-265.5,False,9.0
2025-10-24 11:35:00,2025-10-24 12:41:00,6834.704891842972,6829.704891842972,stop,2025-10-24 11:33:00,-5.31,2025,AM,-265.5,False,66.0
2025-10-27 11:46:00,2025-10-27 14:46:00,6889.364582530705,6897.364582530705,target,2025-10-27 11:45:00,7.69,2025,AM,384.5,True,180.0
2025-10-27 15:13:00,2025-10-27 15:46:00,6897.307240324082,6905.307240324082,target,2025-10-27 15:12:00,7.69,2025,PM,384.5,True,33.0
2025-10-28 09:45:00,2025-10-28 09:48:00,6913.177258624635,6908.177258624635,stop,2025-10-28 09:45:00,-5.31,2025,AM,-265.5,False,3.0
2025-11-10 10:19:00,2025-11-10 10:40:00,6827.654400138299,6822.654400138299,stop,2025-11-10 10:18:00,-5.31,2025,AM,-265.5,False,21.0
2025-11-10 15:16:00,2025-11-10 15:30:00,6859.276273065696,6854.276273065696,stop,2025-11-10 15:15:00,-5.31,2025,PM,-265.5,False,14.0
2025-11-24 10:55:00,2025-11-24 11:02:00,6695.484023484156,6703.484023484156,target,2025-11-24 10:54:00,7.69,2025,AM,384.5,True,7.0
2025-11-24 11:26:00,2025-11-24 11:58:00,6709.146037288852,6704.146037288852,stop,2025-11-24 11:24:00,-5.31,2025,AM,-265.5,False,32.0
2025-11-24 15:42:00,2025-11-24 15:50:00,6722.14220712834,6717.14220712834,stop,2025-11-24 15:42:00,-5.31,2025,PM,-265.5,False,8.0
2025-11-25 11:02:00,2025-11-25 11:15:00,6724.081472131866,6719.081472131866,stop,2025-11-25 11:00:00,-5.31,2025,AM,-265.5,False,13.0
2025-11-26 11:30:00,2025-11-26 11:39:00,6831.821076219313,6839.821076219313,target,2025-11-26 11:30:00,7.69,2025,AM,384.5,True,9.0
2025-11-28 10:57:00,2025-11-28 11:27:00,6848.647019597065,6843.647019597065,stop,2025-11-28 10:57:00,-5.31,2025,AM,-265.5,False,30.0
2025-12-02 15:37:00,2025-12-02 15:52:00,6849.797979710545,6844.797979710545,stop,2025-12-02 15:36:00,-5.31,2025,PM,-265.5,False,15.0
2025-12-03 11:09:00,2025-12-03 11:10:00,6848.749550419599,6843.749550419599,stop,2025-12-03 11:09:00,-5.31,2025,AM,-265.5,False,1.0
2025-12-09 11:28:00,2025-12-09 12:23:00,6867.706127861058,6862.706127861058,stop,2025-12-09 11:27:00,-5.31,2025,AM,-265.5,False,55.0
2025-12-10 15:24:00,2025-12-10 15:32:00,6896.749358905089,6904.749358905089,target,2025-12-10 15:24:00,7.69,2025,PM,384.5,True,8.0
2025-12-15 11:31:00,2025-12-15 11:33:00,6893.175863238161,6888.175863238161,stop,2025-12-15 11:30:00,-5.31,2025,AM,-265.5,False,2.0
2025-12-22 10:06:00,2025-12-22 10:11:00,6916.8411598176335,6911.8411598176335,stop,2025-12-22 10:06:00,-5.31,2025,AM,-265.5,False,5.0
2025-12-22 11:33:00,2025-12-22 12:57:00,6927.908443614859,6935.908443614859,target,2025-12-22 11:33:00,7.69,2025,AM,384.5,True,84.0
2025-12-26 09:50:00,2025-12-26 09:51:00,6988.2128051602285,6983.2128051602285,stop,2025-12-26 09:48:00,-5.31,2025,AM,-265.5,False,1.0
2026-01-06 10:21:00,2026-01-06 10:45:00,6969.731347160283,6964.731347160283,stop,2026-01-06 10:21:00,-5.31,2026,AM,-265.5,False,24.0
2026-01-07 11:11:00,2026-01-07 11:28:00,6991.272349986168,6986.272349986168,stop,2026-01-07 11:09:00,-5.31,2026,AM,-265.5,False,17.0
2026-01-09 10:40:00,2026-01-09 10:42:00,6989.577399257433,6984.577399257433,stop,2026-01-09 10:39:00,-5.31,2026,AM,-265.5,False,2.0
2026-01-12 15:10:00,2026-01-12 15:21:00,7022.330062676499,7017.330062676499,stop,2026-01-12 15:09:00,-5.31,2026,PM,-265.5,False,11.0
2026-01-14 15:43:00,2026-01-14 15:45:00,6958.286988961627,6953.286988961627,stop,2026-01-14 15:42:00,-5.31,2026,PM,-265.5,False,2.0
2026-01-15 11:27:00,2026-01-15 12:35:00,7009.503832016007,7004.503832016007,stop,2026-01-15 11:27:00,-5.31,2026,AM,-265.5,False,68.0
2026-01-22 10:50:00,2026-01-22 11:12:00,6944.803891112285,6952.803891112285,target,2026-01-22 10:48:00,7.69,2026,AM,384.5,True,22.0
2026-01-22 11:55:00,2026-01-22 12:00:00,6957.462617149686,6952.462617149686,stop,2026-01-22 11:54:00,-5.31,2026,AM,-265.5,False,5.0
