date,base_start_et,base_end_et,base_bars,pdc,atr_14,base_mid,base_atr,base_width_atr,zone,break_dir,pump_mfe_atr,flush_mfe_atr,net_close_atr,cont_atr,bars_after
2008-01-03,14:27,15:00,12,1447.16,21.6033,1450.635,0.1609,0.1254,"trigger box [-.236,+.236]",flush,-0.0354,0.3196,-0.1752,0.2569,19
2008-01-11,14:30,15:03,12,1420.33,24.5919,1403.155,-0.6984,0.2859,.618 -> .786,flush,0.1112,0.3385,-0.0982,0.1956,18
2008-01-15,14:18,15:00,15,1416.25,24.1006,1385.0,-1.2966,0.2797,below -1 ATR,flush,0.3112,0.1826,-0.1826,0.0427,19
2008-01-16,13:48,14:21,12,1380.95,24.9256,1377.58,-0.1352,0.3619,"trigger box [-.236,+.236]",pump,0.5781,0.2062,-0.1785,0.3972,32
2008-01-18,14:06,14:39,12,1332.69,26.6912,1321.2,-0.4305,0.4069,.382 -> .618 (GG),flush,0.2327,0.2282,0.1525,0.0247,26
2008-01-22,12:18,13:00,15,1325.19,27.4826,1309.35,-0.5764,0.4337,.382 -> .618 (GG),pump,0.4636,0.2496,0.0684,0.2467,59
2008-01-25,14:27,15:12,16,1352.07,31.2067,1331.915,-0.6459,0.2631,.618 -> .786,pump,0.2815,0.1389,-0.0377,0.15,15
2008-01-31,12:45,13:33,17,1355.81,30.8307,1362.695,0.2233,0.2384,"trigger box [-.236,+.236]",pump,0.7436,-0.0842,0.3764,0.6244,48
2008-02-01,12:12,12:39,10,1378.55,32.3099,1382.63,0.1263,0.1139,"trigger box [-.236,+.236]",flush,0.4039,0.0792,0.3739,0.0223,66
2008-02-08,12:48,13:15,10,1336.91,30.9971,1328.95,-0.2568,0.2065,put-trig -> .382,flush,0.2394,0.2545,0.0565,0.1513,54
2008-02-11,13:42,14:24,15,1331.29,30.223,1338.25,0.2303,0.135,"trigger box [-.236,+.236]",flush,0.1042,0.1376,0.0149,0.0701,31
2008-02-15,14:39,15:06,10,1348.86,27.9304,1343.73,-0.1837,0.159,"trigger box [-.236,+.236]",pump,0.2245,-0.0326,0.2245,0.145,17
2008-02-20,14:03,14:45,15,1348.78,26.458,1353.37,0.1735,0.322,"trigger box [-.236,+.236]",pump,0.3908,-0.0737,0.2377,0.2298,24
2008-02-22,14:18,15:15,20,1342.53,26.6576,1330.755,-0.4417,0.2787,.382 -> .618 (GG),pump,0.8829,0.1356,0.8829,0.7435,14
2008-02-29,12:45,13:30,16,1367.68,25.2404,1343.255,-0.9677,0.1914,.786 -> -1 ATR,flush,-0.0945,0.7066,-0.518,0.6109,49
2008-03-14,13:51,14:21,11,1315.48,28.1211,1284.38,-1.1059,0.2695,below -1 ATR,flush,0.5217,0.3385,0.1568,0.2038,32
2008-03-24,13:27,14:03,13,1329.51,32.3955,1356.685,0.8388,0.1158,above +trigger,flush,0.0113,0.282,-0.2323,0.2241,38
2008-03-25,13:03,13:30,10,1349.88,32.2366,1352.18,0.0713,0.1328,"trigger box [-.236,+.236]",pump,0.1641,0.045,0.0177,0.0977,49
2008-04-03,14:30,15:21,18,1367.53,28.353,1371.15,0.1277,0.1827,"trigger box [-.236,+.236]",flush,-0.0198,0.1908,-0.0684,0.0995,12
2008-04-08,12:36,13:12,13,1372.54,26.2117,1366.365,-0.2356,0.1019,"trigger box [-.236,+.236]",flush,0.041,0.2192,-0.0387,0.1682,55
2008-04-10,12:12,12:48,13,1354.49,24.7072,1364.55,0.4072,0.153,above +trigger,flush,0.0886,0.3286,-0.1688,0.2522,63
2008-04-16,13:12,13:39,10,1334.43,22.7394,1354.92,0.9011,0.1055,above +trigger,flush,0.4648,0.1139,0.3874,0.0611,46
2008-04-17,12:18,12:54,13,1364.71,23.3338,1359.51,-0.2229,0.1791,"trigger box [-.236,+.236]",pump,0.3896,-0.048,0.2597,0.3,61
2008-04-21,12:30,13:03,12,1390.33,23.0394,1384.34,-0.26,0.1172,put-trig -> .382,pump,0.2556,0.102,0.1602,0.1971,58
2008-04-22,14:06,14:42,13,1388.17,22.1851,1373.585,-0.6574,0.1997,.618 -> .786,flush,0.1494,0.1688,0.1494,0.069,25
2008-04-23,14:03,14:30,10,1375.94,21.9098,1377.875,0.0883,0.141,"trigger box [-.236,+.236]",pump,0.1801,0.0577,0.1043,0.1095,29
2008-04-25,12:39,13:54,26,1388.82,21.8304,1386.135,-0.123,0.2093,"trigger box [-.236,+.236]",pump,0.5944,-0.0208,0.5485,0.4897,41
2008-04-28,13:00,13:33,12,1397.84,21.6375,1400.935,0.143,0.1243,"trigger box [-.236,+.236]",pump,0.0908,0.2826,-0.2193,0.0287,48
2008-04-29,14:12,14:45,12,1396.37,20.6991,1393.64,-0.1319,0.2416,"trigger box [-.236,+.236]",pump,0.1329,0.1643,-0.0971,0.0121,24
2008-05-05,12:18,12:57,14,1413.9,20.1969,1407.28,-0.3278,0.1634,put-trig -> .382,flush,0.0881,0.1441,0.0238,0.0624,60
2008-05-07,12:27,13:03,13,1418.26,19.914,1411.14,-0.3575,0.1085,put-trig -> .382,flush,-0.0422,1.0033,-0.936,0.9491,58
2008-05-09,12:30,13:00,11,1397.68,19.9788,1387.065,-0.5313,0.1376,.382 -> .618 (GG),flush,0.2755,0.1479,0.0548,0.0791,59
2008-05-13,14:24,14:54,11,1403.58,19.4024,1403.0,-0.0299,0.1392,"trigger box [-.236,+.236]",pump,0.1701,0.0938,0.0026,0.1005,21
2008-05-15,13:18,14:09,18,1408.66,18.6205,1415.78,0.3824,0.2148,above +trigger,pump,0.4629,0.0687,0.3931,0.3555,36
2008-05-27,13:09,13:48,14,1375.93,18.3704,1377.625,0.0923,0.1889,"trigger box [-.236,+.236]",pump,0.5321,-0.0406,0.427,0.4377,43
2008-05-29,13:45,14:18,12,1390.84,17.7252,1403.99,0.7419,0.202,above +trigger,pump,0.1315,0.3836,-0.3278,0.0305,33
2008-06-02,13:33,14:12,14,1400.38,16.9152,1381.39,-1.1227,0.2034,below -1 ATR,pump,0.363,0.0952,0.2489,0.2613,35
2008-06-05,13:21,14:03,15,1377.2,17.6343,1396.62,1.1013,0.2291,above +trigger,flush,0.4208,0.3754,0.3816,0.2609,38
2008-06-11,13:45,14:21,13,1358.44,19.7839,1343.5,-0.7552,0.281,.618 -> .786,pump,0.181,0.4013,-0.3988,0.0404,32
2008-06-12,12:30,13:00,11,1335.49,20.0114,1348.87,0.6686,0.1719,above +trigger,flush,-0.0245,0.8785,-0.4298,0.7925,59
2008-06-16,14:27,15:33,23,1360.03,20.1367,1362.25,0.1102,0.1877,"trigger box [-.236,+.236]",flush,-0.0109,0.1624,-0.1073,0.0685,8
2008-06-19,13:06,13:51,16,1337.81,19.2171,1338.115,0.0159,0.2711,"trigger box [-.236,+.236]",flush,0.4967,0.1454,0.2386,0.0099,42
2008-06-20,12:42,13:21,14,1342.83,19.0702,1326.665,-0.8477,0.2858,.786 -> -1 ATR,flush,-0.092,0.64,-0.4554,0.4971,52
2008-06-24,13:24,13:51,10,1318.0,18.9298,1321.82,0.2018,0.2293,"trigger box [-.236,+.236]",pump,0.2219,0.5188,-0.373,0.1072,42
2008-06-25,12:24,13:15,18,1314.29,19.1206,1326.05,0.615,0.1391,above +trigger,pump,0.501,0.3216,-0.1909,0.4315,54
2008-06-30,12:06,12:36,11,1278.38,20.4445,1287.89,0.4652,0.1878,above +trigger,pump,0.1184,0.4524,-0.449,0.0245,67
2008-07-07,13:54,14:57,22,1262.9,21.0246,1243.895,-0.9039,0.3058,.786 -> -1 ATR,pump,0.9577,-0.0454,0.3903,0.8048,20
2008-07-11,12:03,12:36,12,1253.39,23.1304,1231.81,-0.933,0.2412,.786 -> -1 ATR,flush,1.1007,0.2793,0.3627,0.1587,67
2008-07-14,12:51,13:42,18,1239.49,23.7582,1228.515,-0.4619,0.2951,.382 -> .618 (GG),pump,0.3837,0.1042,-0.0255,0.2361,45
2008-07-15,14:12,14:42,11,1228.3,24.0962,1225.745,-0.106,0.3432,"trigger box [-.236,+.236]",pump,0.3571,0.4654,-0.4604,0.1855,25
2008-07-21,13:24,14:27,22,1260.68,24.0812,1261.135,0.0189,0.2064,"trigger box [-.236,+.236]",flush,-0.0334,0.2257,-0.0534,0.1225,30
2008-07-22,12:00,12:57,20,1260.0,23.2212,1260.515,0.0222,0.2313,"trigger box [-.236,+.236]",flush,0.728,0.1238,0.6966,0.0082,60
2008-07-24,12:03,13:00,20,1282.19,22.9979,1266.46,-0.684,0.18,.618 -> .786,flush,0.0639,0.6514,-0.5583,0.5614,59
2008-07-25,12:45,13:24,14,1252.54,23.6223,1257.655,0.2165,0.251,"trigger box [-.236,+.236]",flush,0.0468,0.25,0.0095,0.1245,51
2008-07-28,12:15,12:42,10,1257.76,22.755,1248.105,-0.4243,0.1956,.382 -> .618 (GG),flush,-0.0578,0.6005,-0.5935,0.5027,65
2008-07-29,12:39,13:27,17,1234.37,22.9668,1252.315,0.7813,0.1816,above +trigger,pump,0.4474,0.0642,0.4469,0.3566,50
2008-08-01,14:54,15:21,10,1267.38,22.9199,1260.885,-0.2834,0.2142,put-trig -> .382,pump,0.2062,0.0434,-0.0321,0.099,12
2008-08-04,13:42,14:15,12,1260.31,22.4242,1253.64,-0.2974,0.0714,put-trig -> .382,pump,0.3055,0.276,-0.2207,0.2698,34
2008-08-05,13:06,13:42,13,1249.01,21.7539,1272.55,1.0821,0.1241,above +trigger,flush,0.5171,0.1503,0.5171,0.0883,45
2008-08-12,12:33,13:12,14,1305.32,23.276,1298.59,-0.2891,0.1401,put-trig -> .382,flush,0.0004,0.5564,-0.3794,0.4863,55
2008-08-14,12:03,12:39,13,1285.83,22.7442,1293.95,0.357,0.1178,above +trigger,pump,0.2708,0.2203,-0.0431,0.2119,66
2008-08-25,14:00,14:30,11,1292.2,20.5081,1269.445,-1.1096,0.1175,below -1 ATR,pump,0.1358,0.2231,-0.1012,0.077,29
2008-08-29,14:18,15:06,17,1300.68,19.931,1289.22,-0.575,0.1686,.382 -> .618 (GG),flush,-0.0442,0.3141,-0.295,0.2298,17
2008-09-03,12:30,13:18,17,1277.58,20.5782,1267.975,-0.4668,0.1939,.382 -> .618 (GG),pump,0.3841,0.0629,0.3647,0.2872,53
2008-09-04,12:06,12:39,12,1274.98,20.1804,1250.995,-1.1885,0.1482,below -1 ATR,flush,-0.0681,0.7336,-0.7158,0.6595,66
2008-09-05,13:36,14:21,16,1236.83,21.7497,1234.6,-0.1025,0.3007,"trigger box [-.236,+.236]",pump,0.4754,-0.0589,0.3526,0.3251,32
2008-09-10,12:33,13:24,18,1224.51,24.404,1232.485,0.3268,0.2299,above +trigger,pump,0.4678,0.0813,-0.0322,0.3528,51
2008-09-16,12:51,13:27,13,1192.7,27.412,1195.99,0.12,0.2291,"trigger box [-.236,+.236]",flush,0.6377,0.7314,0.6377,0.6169,44
2008-09-24,12:33,13:06,12,1188.22,36.6697,1188.135,-0.0023,0.1519,"trigger box [-.236,+.236]",pump,0.2529,0.2276,-0.0053,0.177,57
2008-10-02,13:57,14:24,10,1161.06,40.3474,1125.2,-0.8888,0.1968,.786 -> -1 ATR,flush,-0.0201,0.3413,-0.2664,0.2429,31
2008-10-06,13:27,14:00,12,1099.23,42.0582,1034.525,-1.5385,0.3407,below -1 ATR,flush,0.6968,0.6314,0.6533,0.461,39
2008-10-16,13:21,14:45,29,907.84,61.8731,900.825,-0.1134,0.3312,"trigger box [-.236,+.236]",pump,0.7578,-0.1118,0.7447,0.5922,24
2008-10-28,12:12,12:45,12,848.92,60.1832,862.92,0.2326,0.1346,"trigger box [-.236,+.236]",pump,1.2852,0.049,1.2852,1.2179,64
2008-10-30,14:57,15:27,11,930.09,61.6175,949.115,0.3088,0.2858,above +trigger,flush,0.1405,0.1836,0.0846,0.0407,10
2008-10-31,12:12,13:00,17,954.09,59.6969,961.04,0.1164,0.1243,"trigger box [-.236,+.236]",pump,0.391,0.0621,0.1613,0.3288,59
2008-11-05,14:45,15:12,10,1005.75,54.3019,972.27,-0.6166,0.1477,.382 -> .618 (GG),flush,-0.0777,0.4127,-0.3602,0.3388,15
2008-11-26,12:06,12:42,13,857.39,52.7731,863.785,0.1212,0.1256,"trigger box [-.236,+.236]",pump,0.4388,0.0052,0.4374,0.3759,65
2008-12-01,13:57,15:12,26,896.24,49.6492,844.32,-1.0457,0.2191,below -1 ATR,flush,-0.0469,0.5766,-0.5501,0.4671,15
2008-12-02,12:54,13:27,12,816.21,51.8564,844.27,0.5411,0.086,above +trigger,flush,0.1209,0.4794,0.1043,0.4364,50
2008-12-15,14:18,14:51,12,879.73,44.9257,866.915,-0.2852,0.1284,put-trig -> .382,flush,0.1584,0.2047,0.0553,0.1405,22
2008-12-16,12:21,13:03,15,868.57,43.6389,883.33,0.3382,0.0967,above +trigger,pump,0.7179,0.0417,0.6755,0.6696,58
2008-12-22,12:24,12:51,10,887.88,40.3217,874.0,-0.3442,0.0873,put-trig -> .382,pump,0.0821,0.4194,-0.0489,0.0384,62
2008-12-23,12:54,13:57,22,871.63,39.6409,867.755,-0.0978,0.1259,"trigger box [-.236,+.236]",pump,0.0783,0.1931,-0.1106,0.0154,40
2009-01-13,12:21,12:51,11,870.26,28.0629,873.055,0.0996,0.1343,"trigger box [-.236,+.236]",flush,0.0465,0.3932,-0.0771,0.3261,62
2009-01-14,12:18,12:51,12,871.79,27.1299,841.755,-1.1071,0.1537,below -1 ATR,pump,0.298,0.1672,0.0507,0.2212,62
2009-01-16,14:33,15:03,11,843.74,28.1726,845.9,0.0767,0.2712,"trigger box [-.236,+.236]",pump,0.3049,-0.0284,0.137,0.1693,18
2009-01-20,13:21,13:48,10,850.12,28.1224,823.34,-0.9523,0.2297,.786 -> -1 ATR,flush,-0.0526,0.671,-0.6155,0.5561,43
2009-01-28,14:21,15:09,17,845.71,28.6484,872.805,0.9458,0.3529,above +trigger,flush,0.0536,0.2763,0.0113,0.0998,16
2009-01-29,15:00,15:27,10,874.09,28.8985,850.56,-0.8142,0.1647,.786 -> -1 ATR,flush,-0.0405,0.2218,-0.1865,0.1395,10
2009-01-30,14:42,15:15,12,845.14,28.9729,830.88,-0.4922,0.1491,.382 -> .618 (GG),flush,-0.0017,0.3179,-0.1715,0.2433,14
2009-02-03,12:30,13:00,11,825.44,28.2502,827.545,0.0745,0.137,"trigger box [-.236,+.236]",flush,0.5329,0.0805,0.3609,0.012,59
2009-02-10,12:30,13:03,12,869.89,26.4158,840.155,-1.1257,0.2131,below -1 ATR,flush,-0.0596,0.6498,-0.4847,0.5432,58
2009-02-13,14:36,15:09,12,835.19,27.0529,831.83,-0.1242,0.2003,"trigger box [-.236,+.236]",flush,0.0806,0.19,-0.19,0.0898,16
2009-02-17,12:27,13:03,13,826.84,26.1363,793.28,-1.284,0.15,below -1 ATR,flush,0.303,0.1454,-0.1454,0.0704,58
2009-02-18,14:15,14:57,15,789.17,26.9601,786.095,-0.1141,0.237,"trigger box [-.236,+.236]",pump,0.1749,0.0017,0.0688,0.0564,20
2009-03-02,12:42,13:12,11,735.09,26.2733,707.75,-1.0406,0.1271,below -1 ATR,flush,0.2059,0.3064,-0.2314,0.2428,55
2009-03-05,14:33,15:30,20,712.87,26.4852,685.495,-1.0336,0.2783,below -1 ATR,flush,-0.0617,0.2856,-0.0859,0.1465,9
2009-03-19,12:51,13:39,17,794.35,27.755,787.23,-0.2565,0.1845,put-trig -> .382,pump,0.2061,0.1949,-0.1391,0.1139,46
2009-03-20,12:00,12:30,11,784.04,27.3025,781.955,-0.0764,0.1388,"trigger box [-.236,+.236]",pump,0.0775,0.5771,-0.5115,0.0081,69
2009-04-14,13:45,14:21,13,858.73,25.4835,842.5,-0.6369,0.1719,.618 -> .786,pump,0.2284,0.0593,-0.0522,0.1424,32
2009-04-20,12:42,13:09,10,869.6,23.6719,839.395,-1.276,0.161,below -1 ATR,flush,0.0006,0.2811,-0.2735,0.2007,56
2009-04-21,13:48,14:18,11,832.39,24.6389,841.56,0.3722,0.1786,above +trigger,pump,0.3462,0.0759,0.3292,0.2569,33
2009-04-29,12:30,13:09,14,855.16,22.4692,872.56,0.7744,0.0801,above +trigger,pump,0.4228,0.2083,0.0205,0.3827,56
2009-05-18,13:54,14:39,16,882.88,21.2249,900.765,0.8426,0.1541,above +trigger,pump,0.4351,-0.0718,0.4148,0.3581,26
2009-05-20,14:30,15:06,13,908.13,20.8977,912.985,0.2323,0.233,"trigger box [-.236,+.236]",flush,-0.1055,0.5558,-0.4783,0.4393,17
2009-06-03,14:24,14:57,12,944.74,20.8514,926.24,-0.8872,0.1621,.786 -> -1 ATR,pump,0.2878,0.1146,0.2878,0.2067,20
2009-06-04,14:24,15:03,14,931.76,20.8542,940.575,0.4227,0.129,above +trigger,flush,0.0909,0.0894,0.0645,0.0249,18
2009-06-08,14:36,15:03,10,940.09,20.1079,931.89,-0.4078,0.1621,.382 -> .618 (GG),pump,0.7181,0.0015,0.3541,0.6371,18
2009-06-11,12:12,12:39,10,939.15,19.596,947.06,0.4037,0.1347,above +trigger,pump,0.468,0.1689,-0.124,0.4006,66
2009-06-22,12:33,13:09,13,921.23,17.9621,898.02,-1.2922,0.1091,below -1 ATR,flush,0.0902,0.2717,-0.2717,0.2171,56
2009-06-26,13:57,14:48,18,920.26,18.4129,916.495,-0.2045,0.1255,"trigger box [-.236,+.236]",pump,0.299,-0.0464,0.0872,0.2362,23
2009-07-01,12:03,12:30,10,919.32,17.3032,929.16,0.5687,0.1237,above +trigger,flush,0.0162,0.3913,-0.3658,0.3294,69
2009-07-02,13:18,15:18,41,923.33,16.9672,901.995,-1.2574,0.1126,below -1 ATR,flush,-0.0256,0.2596,-0.2596,0.2033,13
2009-07-06,14:18,15:09,18,896.42,17.6774,894.505,-0.1083,0.1884,"trigger box [-.236,+.236]",flush,0.2362,0.1502,0.2232,0.056,16
2009-07-09,13:00,13:54,19,879.56,17.4096,884.45,0.2809,0.2412,above +trigger,pump,0.1959,0.2074,-0.1344,0.0752,41
2009-07-13,12:33,13:09,13,879.13,16.4041,893.605,0.8824,0.1725,above +trigger,pump,0.4222,-0.0527,0.413,0.3359,56
2009-07-14,13:18,14:00,15,901.05,17.0702,902.11,0.0621,0.1804,"trigger box [-.236,+.236]",flush,0.2115,0.0984,0.1875,0.0082,39
2009-07-21,14:21,14:48,10,951.13,16.1881,947.81,-0.2051,0.2125,"trigger box [-.236,+.236]",pump,0.3954,-0.0797,0.3954,0.2891,23
2009-07-23,12:06,12:45,14,954.07,15.7038,975.78,1.3825,0.1872,above +trigger,pump,0.2318,0.1254,-0.0102,0.1382,64
2009-07-27,12:48,13:24,13,979.26,16.2635,975.98,-0.2017,0.1771,"trigger box [-.236,+.236]",flush,0.3917,0.1058,0.3917,0.0172,51
2009-07-30,12:33,13:06,12,975.15,15.2955,992.62,1.1422,0.1752,above +trigger,pump,0.1406,0.4675,-0.408,0.053,57
2009-08-11,15:00,15:30,11,1007.1,14.9185,997.575,-0.6385,0.1374,.618 -> .786,flush,0.0794,0.2282,-0.2282,0.1595,9
2009-08-14,12:09,12:51,15,1012.73,15.018,996.72,-1.0661,0.1425,below -1 ATR,pump,0.4887,0.0353,0.4887,0.4175,62
2009-08-21,12:51,13:42,18,1007.37,15.6545,1023.61,1.0374,0.0958,above +trigger,flush,0.2542,0.1156,0.1322,0.0677,45
2009-08-28,14:06,14:51,16,1030.98,15.3407,1027.97,-0.1962,0.2138,"trigger box [-.236,+.236]",pump,0.1701,0.101,0.0789,0.0632,22
2009-08-31,13:24,14:33,24,1028.93,15.412,1017.24,-0.7585,0.1389,.618 -> .786,pump,0.2505,0.0753,0.2505,0.181,28
2009-09-01,14:18,15:30,25,1020.62,15.3333,1000.585,-1.3066,0.2798,below -1 ATR,flush,0.0382,0.2808,-0.1771,0.1409,9
2009-09-02,13:54,14:30,13,998.04,16.5359,997.485,-0.0336,0.1119,"trigger box [-.236,+.236]",pump,0.1467,0.1962,-0.1866,0.0907,29
2009-09-10,12:06,12:42,13,1033.37,14.938,1036.06,0.1801,0.1165,"trigger box [-.236,+.236]",pump,0.5282,-0.0375,0.5282,0.4699,65
2009-09-11,13:48,14:21,12,1044.14,15.021,1041.135,-0.2001,0.1778,"trigger box [-.236,+.236]",pump,0.2533,-0.0489,0.0989,0.1644,32
2009-09-22,14:12,15:09,20,1064.66,13.7996,1071.685,0.5091,0.163,above +trigger,flush,0.1047,0.0851,-0.0105,0.0036,16
2009-09-23,13:33,14:00,10,1071.66,13.4675,1072.935,0.0947,0.1492,"trigger box [-.236,+.236]",pump,0.5357,0.9315,-0.8988,0.4611,39
2009-09-24,12:48,13:27,14,1060.87,13.917,1050.035,-0.7785,0.2508,.618 -> .786,flush,0.2274,0.3007,0.0255,0.1753,50
2009-09-29,13:51,14:18,10,1062.98,14.6995,1063.68,0.0476,0.1537,"trigger box [-.236,+.236]",flush,0.015,0.2544,-0.2068,0.1776,33
2009-09-30,14:06,14:54,17,1060.61,14.4917,1059.95,-0.0455,0.2705,"trigger box [-.236,+.236]",flush,-0.0883,0.5555,-0.2953,0.4202,21
2009-10-06,12:15,12:48,12,1040.46,15.3911,1057.705,1.1205,0.1592,above +trigger,flush,-0.0809,0.6799,-0.1913,0.6003,63
2009-10-07,12:24,12:51,10,1054.72,15.7268,1053.365,-0.0862,0.1621,"trigger box [-.236,+.236]",pump,0.2737,0.1154,0.2489,0.1927,62
2009-10-09,14:24,14:51,10,1065.48,15.0206,1067.995,0.1674,0.1005,"trigger box [-.236,+.236]",pump,0.2327,-0.0396,0.2327,0.1824,22
2009-10-14,12:00,12:30,11,1073.19,13.7562,1086.215,0.9468,0.1127,above +trigger,flush,0.5056,0.0665,0.4431,0.0102,69
2009-10-19,12:45,13:33,17,1087.68,13.9913,1098.02,0.739,0.1401,above +trigger,pump,0.1537,0.0743,-0.0357,0.0836,48
2009-10-21,13:36,14:09,12,1091.06,13.8634,1097.48,0.4631,0.2034,above +trigger,flush,0.0216,1.2053,-1.1729,1.1036,36
2009-11-03,13:27,14:00,12,1042.88,18.1895,1042.565,-0.0173,0.26,"trigger box [-.236,+.236]",pump,0.2086,0.1388,0.1229,0.0786,39
2009-11-04,13:45,14:39,19,1045.41,17.7774,1054.35,0.5029,0.549,above +trigger,pump,0.3741,0.5175,-0.4579,0.0996,26
2009-11-09,12:09,13:36,30,1069.3,17.4148,1086.955,1.0138,0.1154,above +trigger,pump,0.358,-0.0514,0.358,0.3003,47
2009-11-10,13:39,14:06,10,1093.08,17.8773,1090.265,-0.1575,0.184,"trigger box [-.236,+.236]",pump,0.2727,-0.0288,0.1351,0.1807,37
2009-11-12,12:09,13:03,19,1098.51,16.8957,1092.53,-0.3539,0.1965,put-trig -> .382,flush,0.0154,0.4516,-0.3149,0.3533,58
2009-11-13,13:12,13:51,14,1087.24,16.9082,1095.755,0.5036,0.1461,above +trigger,flush,-0.0098,0.4267,-0.1422,0.3537,42
2009-11-18,12:03,12:51,17,1110.32,16.2405,1107.175,-0.1937,0.1299,"trigger box [-.236,+.236]",flush,0.1598,0.2528,0.1481,0.1878,62
2009-11-23,13:24,13:54,11,1091.38,15.5176,1105.805,0.9296,0.1437,above +trigger,flush,0.0538,0.2078,0.0209,0.136,41
2009-11-30,14:45,15:12,10,1091.49,15.6966,1090.04,-0.0924,0.1491,"trigger box [-.236,+.236]",pump,0.4523,-0.0739,0.3727,0.3778,15
2009-12-03,12:30,13:39,24,1109.24,15.0838,1109.69,0.0298,0.171,"trigger box [-.236,+.236]",pump,0.0955,0.7259,-0.6384,0.0099,46
2009-12-09,13:12,13:39,10,1091.94,15.3688,1088.785,-0.2053,0.1659,"trigger box [-.236,+.236]",flush,0.5371,0.1331,0.4662,0.0501,46
2009-12-15,14:39,15:15,13,1114.11,13.7695,1110.03,-0.2963,0.0871,put-trig -> .382,flush,-0.0407,0.3399,-0.154,0.2963,14
2009-12-22,13:54,14:21,10,1114.05,13.0042,1118.79,0.3645,0.1123,above +trigger,flush,-0.0161,0.1469,-0.0338,0.0907,32
2009-12-29,14:36,15:12,13,1127.78,11.249,1127.695,-0.0076,0.0987,"trigger box [-.236,+.236]",pump,0.0965,0.1436,-0.1436,0.0471,15
2010-01-04,12:21,13:36,26,1115.1,10.485,1133.215,1.7277,0.0982,above +trigger,flush,0.0396,0.1598,-0.0215,0.1106,47
2010-01-08,12:39,13:30,18,1141.69,10.4412,1140.96,-0.0699,0.1666,"trigger box [-.236,+.236]",pump,0.4243,0.114,0.3582,0.341,49
2010-01-13,13:51,14:42,18,1136.22,10.5231,1143.36,0.6785,0.2072,above +trigger,pump,0.4789,-0.0798,0.2281,0.3754,25
2010-01-19,14:48,15:21,12,1136.03,11.0204,1147.54,1.0444,0.1034,above +trigger,pump,0.2641,-0.0372,0.2586,0.2123,12
2010-01-25,13:03,13:45,15,1091.76,13.9771,1099.68,0.5666,0.2103,above +trigger,pump,0.2354,0.2254,-0.1796,0.1302,44
2010-02-05,12:27,13:03,13,1063.11,16.353,1057.1,-0.3675,0.2556,put-trig -> .382,flush,0.5932,0.7705,0.5571,0.6427,58
2010-02-09,13:39,14:33,19,1056.74,16.6505,1072.425,0.942,0.2276,above +trigger,flush,0.1324,0.2315,-0.112,0.1177,28
2010-02-11,12:39,13:18,14,1068.13,16.8754,1075.8,0.4545,0.1173,above +trigger,pump,0.2513,-0.0178,0.1499,0.1926,53
2010-02-16,12:27,13:24,20,1075.51,16.9479,1089.41,0.8202,0.1133,above +trigger,pump,0.3694,0.0218,0.3139,0.3127,51
2010-02-19,12:54,13:21,10,1106.75,15.9982,1111.105,0.2722,0.0881,above +trigger,flush,-0.0166,0.2685,-0.1491,0.2244,52
2010-02-24,12:09,12:51,15,1094.6,15.1544,1103.705,0.6008,0.1419,above +trigger,pump,0.1792,0.2181,0.0987,0.1082,62
2010-02-25,13:03,13:45,15,1105.24,14.9163,1091.27,-0.9366,0.2279,.786 -> -1 ATR,pump,0.8199,-0.1247,0.7985,0.7059,44
2010-02-26,12:48,13:24,13,1102.94,15.2237,1102.01,-0.0611,0.1511,"trigger box [-.236,+.236]",pump,0.3435,-0.0775,0.176,0.268,51
2010-03-05,13:48,14:36,17,1122.97,13.2717,1135.02,0.9079,0.0995,above +trigger,pump,0.3285,-0.0249,0.2667,0.2788,27
2010-03-15,12:09,12:36,10,1149.99,11.8524,1143.24,-0.5695,0.1097,.382 -> .618 (GG),pump,0.653,0.0084,0.5923,0.5982,67
2010-03-17,12:12,13:03,18,1159.46,11.5611,1166.195,0.5826,0.0874,above +trigger,pump,0.3153,0.3084,-0.0004,0.2716,58
2010-03-22,12:06,12:45,14,1159.9,11.3249,1163.765,0.3413,0.2057,above +trigger,pump,0.3581,0.0102,0.1885,0.2552,64
2010-03-24,14:51,15:33,15,1174.17,11.5336,1168.56,-0.4864,0.2792,.382 -> .618 (GG),pump,0.1812,0.0633,-0.0633,0.0416,8
2010-03-29,13:15,15:00,36,1166.59,11.661,1171.975,0.4618,0.241,above +trigger,pump,0.1694,-0.039,0.1093,0.0489,19
2010-04-01,13:12,13:42,11,1169.43,11.064,1177.895,0.7651,0.1582,above +trigger,flush,-0.0005,0.6512,-0.0005,0.5721,45
2010-04-07,12:09,12:45,13,1189.44,10.8812,1186.175,-0.3001,0.1351,put-trig -> .382,pump,0.3148,0.8202,-0.335,0.2472,64
2010-04-09,12:21,12:48,10,1186.44,11.1607,1191.545,0.4574,0.1102,above +trigger,flush,0.2791,0.2343,0.2513,0.1792,63
2010-04-12,12:30,12:57,10,1194.37,10.9507,1197.23,0.2612,0.0986,above +trigger,pump,0.1799,0.1918,-0.0667,0.1306,60
2010-04-13,14:48,15:15,10,1196.48,10.5135,1196.415,-0.0062,0.1322,"trigger box [-.236,+.236]",pump,0.2497,-0.0594,0.0766,0.1836,14
2010-04-15,14:45,15:21,13,1210.65,10.6966,1212.935,0.2136,0.1393,"trigger box [-.236,+.236]",flush,-0.0584,0.2893,-0.1211,0.2197,12
2010-04-20,13:36,14:03,10,1197.52,11.5632,1206.47,0.774,0.1211,above +trigger,flush,0.1479,0.1245,0.083,0.064,38
2010-04-26,12:48,13:42,19,1217.28,12.1789,1215.84,-0.1182,0.1905,"trigger box [-.236,+.236]",pump,0.1281,0.3917,-0.3161,0.0328,45
2010-05-04,13:30,14:00,11,1202.26,14.474,1174.975,-1.8851,0.2757,below -1 ATR,flush,0.0225,0.4736,-0.0971,0.3358,39
2010-05-05,13:33,14:12,14,1173.6,15.8787,1169.47,-0.2601,0.2544,put-trig -> .382,flush,-0.08,0.5385,-0.2374,0.4112,35
2010-05-07,15:03,15:30,10,1128.15,22.1427,1108.965,-0.8664,0.3807,.786 -> -1 ATR,flush,0.1827,0.2315,0.072,0.0411,9
2010-05-26,12:48,13:21,12,1074.03,26.9647,1083.48,0.3505,0.1765,above +trigger,pump,0.1595,0.6635,-0.5722,0.0712,52
2010-05-27,12:18,13:03,16,1067.95,26.8358,1091.98,0.8954,0.1185,above +trigger,flush,0.43,0.1166,0.4289,0.0574,58
2010-06-14,12:21,12:48,10,1091.6,25.7712,1102.09,0.407,0.0908,above +trigger,flush,-0.0279,0.5068,-0.4839,0.4614,63
2010-06-16,14:48,15:15,10,1115.23,25.1949,1116.055,0.0327,0.1346,"trigger box [-.236,+.236]",flush,-0.0371,0.2304,-0.0562,0.1631,14
2010-06-18,13:42,14:21,14,1116.04,23.3407,1116.675,0.0272,0.1135,"trigger box [-.236,+.236]",pump,0.0795,0.0653,0.0306,0.0227,32
2010-06-25,14:24,15:00,13,1073.69,21.7126,1081.765,0.3719,0.1478,above +trigger,flush,0.0016,0.3014,-0.1577,0.2275,19
2010-06-29,12:24,12:57,12,1074.57,20.5573,1046.94,-1.344,0.1683,below -1 ATR,flush,0.0666,0.5721,-0.2817,0.4879,60
2010-06-30,13:30,14:18,17,1041.24,21.9025,1044.275,0.1386,0.1676,"trigger box [-.236,+.236]",flush,-0.045,0.728,-0.6225,0.6442,33
2010-07-02,12:27,12:54,10,1027.37,21.8146,1019.785,-0.3477,0.1582,put-trig -> .382,flush,0.4738,0.1767,0.1231,0.0976,61
2010-07-09,12:15,14:00,36,1070.25,21.7859,1072.225,0.0907,0.1336,"trigger box [-.236,+.236]",pump,0.2724,0.008,0.2628,0.2056,39
2010-07-16,13:12,13:57,16,1096.48,19.4918,1070.365,-1.3398,0.2345,below -1 ATR,flush,-0.0064,0.3614,-0.2752,0.2442,40
2010-07-22,12:33,13:00,10,1069.59,20.7133,1093.235,1.1415,0.1096,above +trigger,pump,0.2059,0.1967,0.0152,0.1511,59
2010-07-26,12:15,12:48,12,1102.66,20.8432,1111.545,0.4263,0.1003,above +trigger,flush,0.1605,0.1634,0.1562,0.1132,63
2010-07-30,12:09,13:15,23,1101.53,19.3829,1099.955,-0.0813,0.1243,"trigger box [-.236,+.236]",flush,0.3346,0.3026,0.0931,0.2404,54
2010-08-05,12:09,13:09,21,1127.24,18.3145,1122.71,-0.2473,0.1037,put-trig -> .382,flush,0.2102,0.0874,0.1502,0.0355,56
2010-08-06,12:42,13:09,10,1125.81,17.6085,1110.105,-0.8919,0.1096,.786 -> -1 ATR,flush,0.6574,0.0599,0.6432,0.0051,56
2010-08-09,13:12,13:51,14,1121.64,17.6822,1125.64,0.2262,0.0814,"trigger box [-.236,+.236]",pump,0.2036,-0.0192,0.121,0.1629,42
2010-08-10,12:09,12:48,14,1127.79,17.0141,1116.855,-0.6427,0.0723,.618 -> .786,flush,0.6057,0.2089,0.2377,0.1728,63
2010-08-11,12:00,12:36,13,1121.06,16.9567,1092.535,-1.6822,0.1008,below -1 ATR,flush,0.0829,0.235,-0.1625,0.1846,67
2010-08-16,13:18,13:54,13,1079.25,16.9443,1081.13,0.111,0.1393,"trigger box [-.236,+.236]",flush,-0.0018,0.3523,-0.1092,0.2827,41
2010-08-18,14:06,15:09,22,1092.54,16.9638,1097.345,0.2832,0.1468,above +trigger,flush,-0.0475,0.1878,-0.1878,0.1144,16
2010-08-25,12:06,12:33,10,1051.87,16.9598,1047.83,-0.2382,0.1745,put-trig -> .382,flush,0.681,0.138,0.4458,0.0507,68
2010-09-22,12:36,13:03,10,1139.78,14.3422,1134.05,-0.3995,0.0962,.382 -> .618 (GG),flush,0.2217,0.1722,0.007,0.1241,58
2010-09-23,12:57,13:24,10,1134.28,14.2321,1133.52,-0.0534,0.1265,"trigger box [-.236,+.236]",flush,0.0365,0.7539,-0.5979,0.6907,51
2010-09-27,12:03,13:36,32,1148.67,14.9181,1144.735,-0.2638,0.1347,put-trig -> .382,pump,0.3476,0.1833,-0.1619,0.2802,47
2010-10-04,13:39,14:18,14,1146.24,14.4345,1134.12,-0.8397,0.1857,.786 -> -1 ATR,flush,0.2141,0.115,0.2009,0.0222,33
2010-10-05,14:12,15:06,19,1137.03,14.567,1160.125,1.5854,0.1394,above +trigger,pump,0.1809,-0.0024,0.0058,0.1112,17
2010-10-11,12:21,15:03,55,1165.15,14.4566,1167.19,0.1411,0.1051,"trigger box [-.236,+.236]",flush,-0.0111,0.3576,-0.1612,0.3051,18
2010-10-15,13:15,13:42,10,1173.81,14.0069,1173.7,-0.0079,0.1899,"trigger box [-.236,+.236]",flush,0.217,0.1806,0.1735,0.0857,45
2010-10-20,13:03,13:45,15,1165.9,14.5959,1181.37,1.0599,0.1589,above +trigger,flush,0.1076,0.2994,-0.2261,0.2199,44
2010-10-22,13:21,13:48,10,1180.26,15.0197,1181.605,0.0895,0.0752,"trigger box [-.236,+.236]",flush,0.0636,0.1135,0.0636,0.0759,43
2010-10-25,14:06,14:36,11,1183.08,14.2997,1188.595,0.3857,0.1965,above +trigger,flush,0.199,0.2423,-0.2213,0.1441,27
2010-10-29,13:12,13:48,13,1183.78,13.769,1183.57,-0.0153,0.1467,"trigger box [-.236,+.236]",pump,0.1315,0.0995,0.0073,0.0581,43
2010-11-03,14:12,14:39,10,1193.57,13.4049,1190.145,-0.2555,0.9825,put-trig -> .382,pump,0.6084,0.0444,0.5726,0.1171,26
2010-11-16,12:51,13:30,14,1197.75,13.8487,1176.835,-1.5103,0.2563,below -1 ATR,pump,0.2726,0.2769,0.1202,0.1444,49
2010-11-17,12:09,12:36,10,1178.34,14.6273,1181.44,0.2119,0.1203,"trigger box [-.236,+.236]",flush,0.1046,0.3808,-0.1996,0.3206,67
2010-11-19,12:18,12:48,11,1196.69,14.6757,1195.055,-0.1114,0.0961,"trigger box [-.236,+.236]",pump,0.3349,-0.0474,0.3151,0.2869,63
2010-12-02,12:09,12:39,11,1206.07,15.7533,1218.405,0.783,0.087,above +trigger,pump,0.2212,0.0587,0.199,0.1777,66
2010-12-13,12:36,13:45,24,1240.4,13.1486,1245.22,0.3666,0.0761,above +trigger,pump,0.1148,0.3711,-0.3582,0.0768,44
2010-12-14,12:27,13:00,12,1240.46,12.6658,1245.345,0.3857,0.0813,above +trigger,pump,0.0983,0.5665,-0.2894,0.0576,59
2010-12-16,12:12,12:39,10,1235.23,12.2109,1240.945,0.468,0.0844,above +trigger,pump,0.2297,0.0495,0.1634,0.1875,66
2010-12-17,12:21,12:57,13,1242.87,12.1173,1242.625,-0.0202,0.0718,"trigger box [-.236,+.236]",pump,0.2628,-0.0029,0.1316,0.2269,60
2010-12-21,14:00,15:24,29,1247.08,11.4628,1254.07,0.6098,0.0733,above +trigger,pump,0.1527,-0.0131,0.0497,0.116,11
2010-12-29,13:54,14:36,15,1258.51,9.6704,1262.26,0.3878,0.062,above +trigger,flush,0.0259,0.2409,-0.2409,0.2099,27
2011-01-11,12:09,12:48,14,1269.75,9.9359,1276.205,0.6497,0.1459,above +trigger,pump,0.081,0.6627,-0.1837,0.0081,63
2011-01-12,12:06,12:39,12,1274.48,9.7712,1286.21,1.2005,0.1351,above +trigger,flush,0.0307,0.3254,-0.0512,0.2579,66
2011-01-18,14:00,14:33,12,1293.24,9.8568,1294.545,0.1324,0.1471,"trigger box [-.236,+.236]",flush,0.1537,0.107,0.0441,0.0335,28
2011-01-21,14:57,15:27,11,1280.26,10.1867,1285.245,0.4894,0.1384,above +trigger,flush,-0.0712,0.3117,-0.188,0.2425,10
2011-01-24,14:03,14:51,17,1283.35,10.2412,1290.74,0.7216,0.2324,above +trigger,flush,-0.0059,0.3291,-0.0059,0.2129,22
2011-01-27,13:36,14:27,18,1296.63,10.0696,1298.485,0.1842,0.1797,"trigger box [-.236,+.236]",flush,0.2786,0.0968,0.0879,0.007,30
2011-02-01,14:42,15:12,11,1286.12,11.0882,1306.475,1.8357,0.1921,above +trigger,pump,0.2151,-0.0059,0.069,0.119,15
2011-02-03,12:36,13:30,19,1304.03,11.4255,1302.28,-0.1532,0.1768,"trigger box [-.236,+.236]",pump,0.5531,0.0683,0.4245,0.4648,49
2011-02-10,12:21,12:57,13,1320.88,11.1681,1319.825,-0.0945,0.1692,"trigger box [-.236,+.236]",flush,0.2646,0.2171,0.1428,0.1325,60
2011-02-14,13:54,14:45,18,1329.15,11.4126,1331.165,0.1766,0.1235,"trigger box [-.236,+.236]",pump,0.1573,0.011,0.0933,0.0955,24
2011-02-22,14:09,14:39,11,1343.01,10.3543,1317.4,-2.4734,0.3535,below -1 ATR,flush,0.1651,0.4897,-0.2018,0.3129,26
2011-03-03,13:33,14:03,11,1308.44,13.3232,1328.735,1.5233,0.1223,above +trigger,pump,0.2661,-0.0289,0.1678,0.2049,38
2011-03-07,14:09,14:39,11,1321.15,14.3898,1307.86,-0.9236,0.3224,.786 -> -1 ATR,pump,0.4531,0.0361,0.1689,0.2919,26
2011-03-08,13:30,14:03,12,1310.13,15.0541,1323.1,0.8616,0.1448,above +trigger,flush,0.1182,0.2152,-0.0711,0.1428,38
2011-03-14,12:06,12:45,14,1304.28,15.8262,1287.85,-1.0382,0.187,below -1 ATR,pump,0.6527,0.0487,0.5415,0.5592,64
2011-03-16,12:45,13:27,15,1281.87,17.3533,1265.495,-0.9436,0.3175,.786 -> -1 ATR,flush,0.0959,0.9477,-0.4976,0.7889,50
2011-03-18,13:27,14:03,13,1273.72,18.711,1283.125,0.5026,0.1192,above +trigger,flush,-0.0366,0.3712,-0.2119,0.3116,38
2011-03-28,12:30,12:57,10,1313.8,16.867,1315.725,0.1141,0.0516,"trigger box [-.236,+.236]",pump,0.0916,0.3216,-0.3216,0.0658,60
2011-04-01,12:12,12:42,11,1325.83,15.1146,1336.8,0.7258,0.0701,above +trigger,flush,-0.0318,0.5233,-0.3215,0.4883,65
2011-04-04,12:15,12:42,10,1332.41,14.8935,1332.91,0.0336,0.0953,"trigger box [-.236,+.236]",flush,-0.0128,0.2558,-0.0215,0.2081,65
2011-04-06,12:33,13:12,14,1332.63,13.9329,1332.35,-0.0201,0.1306,"trigger box [-.236,+.236]",pump,0.295,-0.0416,0.2275,0.2297,55
2011-04-07,14:12,14:54,15,1335.54,13.5298,1330.735,-0.3551,0.2092,put-trig -> .382,pump,0.2051,0.0129,0.1881,0.1005,21
2011-04-11,13:39,14:06,10,1328.17,13.6579,1326.055,-0.1549,0.2087,"trigger box [-.236,+.236]",flush,0.0926,0.3657,-0.1292,0.2614,37
2011-04-18,12:15,12:45,11,1319.68,13.318,1298.985,-1.5539,0.1239,below -1 ATR,flush,0.6236,0.1273,0.4584,0.0653,64
2011-04-19,14:39,15:06,10,1305.14,14.151,1311.24,0.4311,0.1244,above +trigger,pump,0.1032,0.0473,0.0862,0.041,17
2011-04-21,12:24,13:09,16,1330.36,14.2121,1336.935,0.4626,0.0781,above +trigger,flush,0.0208,0.1298,0.0137,0.0908,56
2011-04-25,12:54,13:24,11,1337.38,13.7062,1334.76,-0.1912,0.0569,"trigger box [-.236,+.236]",pump,0.1109,0.0285,0.0255,0.0824,51
2011-05-10,12:39,13:06,10,1346.29,13.2192,1352.88,0.4985,0.18,above +trigger,pump,0.4962,0.0741,0.326,0.4062,57
2011-05-11,13:57,14:48,18,1357.16,13.2143,1338.785,-1.3905,0.3201,below -1 ATR,pump,0.3228,0.0238,0.2418,0.1627,23
2011-05-13,13:06,13:51,16,1348.65,14.1321,1337.035,-0.8219,0.2087,.786 -> -1 ATR,flush,0.2608,0.1157,0.0548,0.0113,42
2011-05-23,12:12,12:45,12,1333.27,13.9898,1314.82,-1.3188,0.2773,below -1 ATR,pump,0.4603,0.01,0.1894,0.3217,64
2011-05-24,12:39,13:18,14,1317.37,14.447,1316.085,-0.0889,0.182,"trigger box [-.236,+.236]",flush,0.2931,0.1533,0.0163,0.0623,53
2011-06-06,12:06,12:42,13,1300.16,14.8614,1295.68,-0.3015,0.1682,put-trig -> .382,flush,0.0188,0.7375,-0.6372,0.6534,65
2011-06-09,13:39,14:09,11,1279.56,14.3046,1292.295,0.8903,0.1321,above +trigger,pump,0.1569,0.2359,-0.2087,0.0909,36
2011-06-13,14:54,15:30,13,1270.98,14.8076,1274.025,0.2056,0.2438,"trigger box [-.236,+.236]",flush,-0.0233,0.2239,-0.1658,0.102,9
2011-06-16,12:18,12:57,14,1265.42,15.7839,1271.84,0.4067,0.1571,above +trigger,flush,-0.0184,0.8724,-0.2838,0.7938,60
2011-06-21,12:45,13:12,10,1278.36,15.3677,1293.54,0.9878,0.1432,above +trigger,flush,0.2655,0.1171,0.1145,0.0456,55
2011-06-22,13:42,14:33,18,1295.52,15.6457,1296.77,0.0799,0.1905,"trigger box [-.236,+.236]",flush,-0.0511,0.6379,-0.6091,0.5426,28
2011-06-27,12:45,13:27,15,1268.45,16.0567,1278.61,0.6328,0.147,above +trigger,flush,0.3924,0.1059,0.0916,0.0324,50
2011-06-29,12:51,13:18,10,1296.67,16.1904,1307.97,0.6979,0.1532,above +trigger,flush,0.0642,0.3595,-0.0235,0.2829,53
2011-07-22,13:03,14:57,39,1343.8,16.6056,1344.955,0.0696,0.0982,"trigger box [-.236,+.236]",pump,0.0653,0.1454,-0.0051,0.0163,20
2011-07-27,12:48,13:18,11,1331.94,15.42,1314.335,-1.1417,0.19,below -1 ATR,flush,0.0567,0.7033,-0.571,0.6083,53
2011-07-28,13:33,14:03,11,1304.89,16.3507,1312.355,0.4566,0.1437,above +trigger,flush,-0.0725,0.807,-0.6896,0.7351,38
2011-08-05,13:42,14:36,19,1200.07,22.4629,1208.79,0.3882,0.5476,above +trigger,flush,0.0053,0.889,-0.4064,0.6152,27
2011-08-08,12:57,13:33,13,1199.38,24.4312,1153.415,-1.8814,0.3565,below -1 ATR,flush,-0.0645,1.3972,-1.3129,1.2189,48
2011-08-12,13:09,13:42,12,1172.64,35.4353,1183.28,0.3003,0.1439,above +trigger,pump,0.088,0.2695,-0.1216,0.0161,45
2011-08-19,12:36,13:30,19,1140.65,34.4684,1140.225,-0.0123,0.1366,"trigger box [-.236,+.236]",flush,-0.0793,0.5273,-0.5023,0.459,49
2011-08-22,14:21,14:57,13,1123.53,34.3271,1128.225,0.1368,0.1862,"trigger box [-.236,+.236]",flush,0.0438,0.2079,-0.1586,0.1148,20
2011-08-24,14:06,15:00,19,1162.35,34.0339,1167.065,0.1385,0.1789,"trigger box [-.236,+.236]",pump,0.3378,-0.0369,0.3119,0.2483,19
2011-08-25,14:09,14:54,16,1177.6,33.1929,1164.285,-0.4011,0.1889,.382 -> .618 (GG),flush,0.0755,0.2656,-0.1354,0.1711,21
2011-09-01,12:09,12:57,17,1218.89,32.5782,1218.1,-0.0242,0.1387,"trigger box [-.236,+.236]",flush,-0.0546,0.4374,-0.434,0.368,60
2011-09-07,12:03,12:30,10,1165.24,32.3137,1189.51,0.7511,0.0829,above +trigger,pump,0.2794,-0.0288,0.276,0.238,69
2011-09-08,14:33,15:00,10,1198.62,32.3899,1187.935,-0.3299,0.1201,put-trig -> .382,flush,0.0912,0.1419,-0.0585,0.0818,19
2011-09-09,15:12,15:42,11,1185.9,31.5806,1152.545,-1.0562,0.208,below -1 ATR,pump,0.1772,-0.0587,0.0587,0.0731,5
2011-09-21,13:42,14:33,18,1202.09,28.6312,1194.31,-0.2717,0.4065,put-trig -> .382,flush,-0.0244,0.9685,-0.9685,0.7652,28
2011-10-06,12:30,12:57,10,1144.03,32.9214,1156.405,0.3759,0.1376,above +trigger,flush,0.2778,0.1554,0.2699,0.0866,60
2011-10-07,13:18,13:54,13,1164.97,32.7556,1153.27,-0.3572,0.1838,put-trig -> .382,pump,0.4918,-0.025,0.0662,0.3999,41
2011-10-10,12:15,13:15,21,1155.46,31.9259,1188.095,1.0222,0.0818,above +trigger,pump,0.1991,0.1922,0.1991,0.1582,54
2011-10-26,12:27,12:54,10,1229.05,27.6155,1229.9,0.0308,0.0811,"trigger box [-.236,+.236]",flush,0.5931,0.1666,0.4371,0.126,61
2011-10-28,14:36,15:03,10,1284.59,29.1027,1282.84,-0.0601,0.121,"trigger box [-.236,+.236]",pump,0.1457,0.0478,0.0704,0.0852,18
2011-11-02,14:03,14:39,13,1218.28,28.745,1230.72,0.4328,0.254,above +trigger,pump,0.3413,-0.0289,0.2449,0.2143,26
2011-11-03,12:06,12:45,14,1237.9,28.4203,1249.39,0.4043,0.1619,above +trigger,pump,0.4863,-0.0693,0.4148,0.4053,64
2011-11-15,14:27,14:54,10,1251.78,27.1611,1259.98,0.3019,0.1186,above +trigger,pump,0.1572,0.0762,-0.0762,0.0979,21
2011-11-17,14:27,15:00,12,1236.91,26.4501,1213.125,-0.8992,0.2469,.786 -> -1 ATR,flush,0.1163,0.1397,0.1151,0.0163,19
2011-11-30,12:48,13:24,13,1195.19,24.5637,1236.375,1.6767,0.0973,above +trigger,flush,0.437,0.1252,0.4309,0.0765,51
2011-12-01,14:39,15:27,17,1246.96,26.5177,1245.82,-0.043,0.1471,"trigger box [-.236,+.236]",flush,0.0686,0.1301,-0.0652,0.0566,10
2011-12-08,14:00,14:39,14,1261.01,23.7018,1240.26,-0.8755,0.178,.786 -> -1 ATR,flush,0.2591,0.3709,-0.2502,0.2818,26
2011-12-29,14:39,15:06,10,1249.64,20.3887,1260.03,0.5096,0.0608,above +trigger,pump,0.1722,-0.0226,0.0927,0.1417,17
2012-01-09,13:24,13:51,10,1277.81,18.0963,1279.525,0.0948,0.0845,"trigger box [-.236,+.236]",pump,0.1362,-0.0108,0.0589,0.0939,42
2012-01-18,13:21,13:48,10,1293.67,16.147,1304.41,0.6651,0.1127,above +trigger,flush,0.2291,0.1102,0.2007,0.0539,43
2012-01-24,12:30,13:00,11,1316.0,14.7396,1312.875,-0.212,0.116,"trigger box [-.236,+.236]",flush,0.1306,0.1347,0.1069,0.0767,59
2012-01-27,13:03,13:33,11,1318.43,15.2024,1314.09,-0.2855,0.1671,put-trig -> .382,pump,0.3927,-0.023,0.1671,0.3092,48
2012-02-01,14:39,15:21,15,1312.41,14.7876,1327.61,1.0279,0.2286,above +trigger,flush,-0.05,0.3185,-0.236,0.2042,12
2012-02-02,14:36,15:33,20,1324.09,15.0249,1325.71,0.1078,0.1158,"trigger box [-.236,+.236]",pump,0.1178,0.0266,-0.0106,0.0599,8
2012-02-03,12:12,12:39,10,1325.54,14.496,1342.74,1.1865,0.0731,above +trigger,pump,0.1794,0.0366,0.1276,0.1428,66
2012-02-07,12:06,12:57,18,1344.33,14.3395,1346.475,0.1496,0.09,"trigger box [-.236,+.236]",pump,0.1928,0.1126,0.0359,0.1478,60
2012-02-09,14:12,15:12,21,1349.96,13.8941,1353.295,0.24,0.1303,above +trigger,flush,-0.0054,0.145,-0.0903,0.0799,15
2012-02-16,14:06,14:54,17,1343.23,13.4031,1357.39,1.0565,0.1626,above +trigger,flush,0.1216,0.1015,0.0433,0.0201,21
2012-02-17,12:27,13:15,17,1358.04,13.7172,1359.23,0.0868,0.0991,"trigger box [-.236,+.236]",pump,0.2573,-0.0394,0.1531,0.2078,54
2012-02-21,13:12,13:39,10,1361.23,13.1774,1365.96,0.3589,0.1108,above +trigger,flush,-0.0395,0.5957,-0.2808,0.5403,46
2012-02-23,13:42,14:27,16,1357.66,12.5143,1360.335,0.2138,0.1542,"trigger box [-.236,+.236]",pump,0.312,-0.0244,0.2417,0.2349,30
2012-02-24,12:45,13:21,13,1363.46,12.4747,1368.535,0.4068,0.0617,above +trigger,flush,-0.0132,0.406,-0.2208,0.3752,52
2012-03-02,12:39,13:09,11,1374.09,12.007,1369.215,-0.406,0.1274,.382 -> .618 (GG),flush,0.2403,0.2328,0.0421,0.1691,56
2012-03-05,12:09,13:12,22,1369.63,11.7287,1360.925,-0.7422,0.1952,.618 -> .786,pump,0.4293,0.0431,0.2801,0.3317,55
2012-03-06,13:39,14:24,16,1364.33,11.6409,1342.895,-1.8414,0.2087,below -1 ATR,flush,0.1439,0.2461,0.0528,0.1417,31
2012-03-07,12:09,12:39,11,1343.36,12.5451,1351.765,0.67,0.1124,above +trigger,pump,0.2459,0.1032,0.0897,0.1897,66
2012-03-08,13:24,14:06,15,1352.63,12.4698,1364.83,0.9784,0.0994,above +trigger,flush,0.312,0.097,0.097,0.0473,37
2012-03-09,13:21,13:57,13,1365.91,12.7284,1373.745,0.6156,0.0903,above +trigger,pump,0.0617,0.35,-0.2353,0.0165,40
2012-03-12,14:42,15:33,18,1370.87,12.4513,1371.51,0.0514,0.1253,"trigger box [-.236,+.236]",flush,-0.0048,0.1012,-0.0273,0.0386,8
2012-03-19,14:18,14:54,13,1404.17,11.9155,1412.86,0.7293,0.136,above +trigger,flush,-0.0394,0.3298,-0.2702,0.2618,21
2012-03-28,12:48,13:27,14,1412.52,11.969,1400.585,-0.9972,0.2314,.786 -> -1 ATR,flush,0.4248,0.2828,0.3939,0.1671,50
2012-03-29,12:21,12:48,10,1405.54,12.2891,1393.105,-1.0119,0.1538,below -1 ATR,pump,0.9362,-0.0452,0.7954,0.8593,63
2012-03-30,12:12,12:39,10,1403.28,12.4099,1408.23,0.3989,0.1273,above +trigger,pump,0.2143,0.1104,0.0266,0.1507,66
2012-04-02,13:00,14:33,32,1408.47,12.1999,1420.415,0.9791,0.1156,above +trigger,pump,0.1611,0.2447,-0.1348,0.1033,28
2012-04-03,13:21,13:51,11,1419.04,12.6084,1412.555,-0.5143,0.1039,.382 -> .618 (GG),pump,0.1249,0.6293,0.0321,0.073,42
2012-04-16,12:24,12:57,12,1370.26,14.9625,1368.72,-0.1029,0.2901,"trigger box [-.236,+.236]",pump,0.4772,-0.0107,0.0749,0.3322,60
2012-04-17,13:27,13:57,11,1369.57,14.9137,1390.96,1.4343,0.1073,above +trigger,pump,0.1207,0.0282,-0.0067,0.0671,40
2012-05-01,12:48,13:15,10,1397.91,14.3379,1413.625,1.096,0.0467,above +trigger,flush,-0.0213,0.5841,-0.5451,0.5608,54
2012-05-16,12:00,13:03,22,1330.66,15.619,1333.415,0.1764,0.2465,"trigger box [-.236,+.236]",flush,0.0035,0.5522,-0.5522,0.429,58
2012-05-21,13:54,14:30,13,1295.22,16.425,1310.755,0.9458,0.204,above +trigger,pump,0.3431,0.0253,0.3126,0.2411,29
2012-05-24,14:48,15:21,12,1318.86,17.4055,1313.1,-0.3309,0.1678,put-trig -> .382,pump,0.4292,-0.0092,0.4292,0.3453,12
2012-05-29,12:57,13:24,10,1317.82,16.6246,1325.315,0.4508,0.0993,above +trigger,flush,0.4779,0.1152,0.4087,0.0656,51
2012-06-05,14:42,15:36,19,1278.18,18.2312,1285.135,0.3815,0.1991,above +trigger,pump,0.1363,-0.0178,0.02,0.0368,7
2012-06-07,14:48,15:15,10,1315.13,18.729,1322.27,0.3812,0.1121,above +trigger,flush,-0.0635,0.512,-0.3924,0.456,14
2012-06-08,14:06,14:33,10,1314.99,18.5605,1322.26,0.3917,0.1239,above +trigger,pump,0.1913,0.0097,0.167,0.1293,28
2012-06-22,12:27,13:33,23,1325.51,19.2021,1329.985,0.233,0.1036,"trigger box [-.236,+.236]",pump,0.408,-0.0523,0.2825,0.3562,48
2012-06-26,13:27,14:00,12,1313.72,19.2126,1319.04,0.2769,0.178,above +trigger,pump,0.2707,-0.0302,0.0614,0.1817,39
2012-06-27,12:54,13:24,11,1319.99,18.836,1332.385,0.658,0.1025,above +trigger,flush,0.107,0.1871,-0.0305,0.1359,51
2012-07-10,12:18,12:48,11,1352.46,17.2797,1350.555,-0.1102,0.1256,"trigger box [-.236,+.236]",flush,0.0373,0.8267,-0.5298,0.7639,63
2012-07-12,14:09,14:36,10,1341.45,17.4147,1336.635,-0.2765,0.1625,put-trig -> .382,pump,0.1892,0.1278,-0.0962,0.108,27
2012-07-13,12:39,13:42,22,1334.76,17.3165,1353.385,1.0756,0.0895,above +trigger,pump,0.2492,0.024,0.207,0.2044,45
2012-07-17,14:24,15:27,22,1353.64,17.0776,1363.6,0.5832,0.2061,above +trigger,flush,0.0304,0.1722,-0.0176,0.0691,10
2012-07-18,13:06,13:33,10,1363.67,17.307,1373.775,0.5839,0.0688,above +trigger,flush,-0.0159,0.2932,-0.0714,0.2589,48
2012-07-25,12:00,12:39,14,1338.31,17.4776,1335.83,-0.1419,0.1305,"trigger box [-.236,+.236]",pump,0.4543,-0.0023,0.1184,0.3891,66
2012-07-26,14:21,14:48,10,1337.89,17.1206,1357.455,1.1428,0.1104,above +trigger,pump,0.3315,-0.0377,0.13,0.2763,23
2012-07-30,12:18,12:48,11,1385.97,18.5198,1383.36,-0.1409,0.1544,"trigger box [-.236,+.236]",pump,0.1479,0.0686,0.0983,0.0707,63
2012-08-01,12:24,13:03,14,1379.32,17.2272,1383.185,0.2244,0.1062,"trigger box [-.236,+.236]",flush,0.0531,0.5709,-0.4513,0.5178,58
2012-08-02,13:36,14:03,10,1375.32,16.8309,1357.62,-1.0516,0.1521,below -1 ATR,pump,0.4896,0.0564,0.4308,0.4135,38
2012-08-06,14:51,15:39,17,1390.99,17.9662,1398.39,0.4119,0.0824,above +trigger,flush,-0.0184,0.2544,-0.2371,0.2132,6
2012-08-09,13:45,14:27,15,1402.22,16.3453,1402.79,0.0349,0.0587,"trigger box [-.236,+.236]",pump,0.1162,0.0636,-0.0092,0.0869,30
2012-08-14,14:12,15:09,20,1404.11,14.8252,1406.335,0.1501,0.118,"trigger box [-.236,+.236]",flush,-0.0401,0.3868,-0.1636,0.3278,16
2012-09-05,12:24,13:18,19,1404.94,12.0832,1406.275,0.1105,0.1167,"trigger box [-.236,+.236]",flush,-0.0203,0.4051,-0.2512,0.3468,53
2012-09-06,12:51,13:18,10,1403.44,11.7601,1430.53,2.3035,0.1173,above +trigger,flush,0.1344,0.1871,0.1344,0.1284,53
2012-09-12,13:54,14:36,15,1433.56,12.0493,1436.855,0.2735,0.1535,above +trigger,flush,0.0012,0.3208,-0.0328,0.244,27
2012-09-14,14:45,15:18,12,1459.99,12.828,1465.51,0.4303,0.2604,above +trigger,flush,-0.0257,0.3095,-0.0257,0.1793,13
2012-09-18,14:21,15:03,15,1461.19,12.6111,1457.52,-0.291,0.111,put-trig -> .382,pump,0.1451,-0.0063,0.1427,0.0896,18
2012-09-21,13:39,14:12,12,1460.26,11.7118,1464.11,0.3287,0.0922,above +trigger,flush,-0.0461,0.3928,-0.3612,0.3467,35
2012-10-02,12:36,13:57,28,1444.49,12.5097,1442.56,-0.1543,0.3357,"trigger box [-.236,+.236]",flush,0.2622,0.2838,0.2358,0.1159,40
2012-10-08,12:48,13:18,11,1460.93,12.585,1455.415,-0.4382,0.1327,.382 -> .618 (GG),pump,0.23,0.0425,0.0481,0.1637,53
2012-10-09,14:00,15:18,27,1455.88,12.2454,1445.485,-0.8489,0.2785,.786 -> -1 ATR,flush,-0.1164,0.3516,-0.314,0.2123,13
2012-10-11,12:36,13:03,10,1432.56,12.3834,1438.565,0.4849,0.1978,above +trigger,flush,0.065,0.455,-0.455,0.3561,58
2012-10-12,12:42,14:06,29,1432.84,12.3089,1427.04,-0.4712,0.1901,.382 -> .618 (GG),pump,0.316,-0.0268,0.1495,0.221,37
2012-10-16,13:06,13:45,14,1440.13,12.4739,1454.585,1.1588,0.0954,above +trigger,flush,0.0677,0.2561,0.0036,0.2084,44
2012-10-17,13:00,13:27,10,1454.92,12.6815,1460.85,0.4676,0.0915,above +trigger,flush,0.1065,0.3438,0.0032,0.2981,50
2012-10-22,14:45,15:15,11,1433.19,13.4176,1425.255,-0.5914,0.3063,.382 -> .618 (GG),pump,0.6831,-0.0212,0.6287,0.5299,14
2012-10-23,13:27,14:09,15,1433.82,13.4163,1415.58,-1.3595,0.3041,below -1 ATR,flush,0.2803,0.2691,-0.1521,0.117,36
2012-10-24,13:57,14:54,20,1413.11,14.3337,1413.495,0.0269,0.3677,"trigger box [-.236,+.236]",flush,-0.0213,0.4462,-0.3052,0.2623,21
2012-10-25,13:57,14:33,13,1408.75,14.2342,1411.19,0.1714,0.1911,"trigger box [-.236,+.236]",pump,0.1742,0.1131,0.1166,0.0787,28
2012-11-01,13:48,14:18,11,1412.16,14.2118,1424.35,0.8577,0.114,above +trigger,pump,0.2392,-0.0197,0.1815,0.1822,33
2012-11-07,14:00,14:33,12,1428.39,14.7396,1400.175,-1.9142,0.2666,below -1 ATR,flush,0.1937,0.3701,-0.3701,0.2368,28
2012-11-08,15:00,15:39,14,1394.53,16.5617,1384.175,-0.6252,0.2095,.618 -> .786,flush,-0.0691,0.3982,-0.3982,0.2934,6
2012-11-14,13:12,14:15,22,1374.53,16.5541,1367.93,-0.3987,0.3528,.382 -> .618 (GG),flush,-0.0453,0.9321,-0.7479,0.7557,34
2012-11-27,13:48,14:21,12,1406.29,16.3051,1405.46,-0.0509,0.2196,"trigger box [-.236,+.236]",flush,-0.0963,0.4557,-0.4121,0.3459,32
2012-11-29,14:30,15:06,13,1409.93,16.5644,1416.99,0.4262,0.1509,above +trigger,flush,0.0284,0.2252,-0.0785,0.1497,17
2012-12-06,14:39,15:12,12,1409.28,15.2228,1411.62,0.1537,0.1603,"trigger box [-.236,+.236]",flush,0.1531,0.1058,0.1531,0.0256,15
2012-12-07,13:57,14:27,11,1413.94,14.7083,1415.19,0.085,0.1319,"trigger box [-.236,+.236]",pump,0.2006,0.0388,0.2006,0.1346,30
2012-12-10,14:00,14:30,11,1418.07,14.332,1418.395,0.0227,0.1193,"trigger box [-.236,+.236]",flush,0.1287,0.1155,0.0101,0.0558,29
2012-12-11,13:36,14:30,19,1418.55,13.7368,1430.865,0.8965,0.1405,above +trigger,flush,-0.0513,0.4852,-0.2013,0.4149,29
2012-12-20,12:21,13:27,23,1435.81,13.8074,1437.195,0.1003,0.1919,"trigger box [-.236,+.236]",pump,0.4516,-0.0742,0.4494,0.3556,50
2012-12-21,12:33,13:00,10,1443.69,13.5983,1424.945,-1.3785,0.2993,below -1 ATR,pump,0.5762,0.0504,0.396,0.4265,59
2012-12-26,12:18,13:00,15,1426.66,13.5173,1419.055,-0.5626,0.2227,.382 -> .618 (GG),pump,0.3636,0.0233,0.0692,0.2523,59
2012-12-28,13:00,13:54,19,1418.1,14.0168,1411.2,-0.4923,0.1612,.382 -> .618 (GG),flush,-0.0293,0.6863,-0.5886,0.6057,41
2012-12-31,13:45,14:18,12,1402.43,14.1956,1413.525,0.7816,0.6206,above +trigger,pump,0.9309,0.0039,0.857,0.6206,33
2013-01-04,12:30,13:06,13,1459.37,16.2428,1463.55,0.2573,0.0923,above +trigger,pump,0.2703,0.0357,0.157,0.2241,57
2013-01-15,13:24,13:51,10,1470.68,13.034,1469.51,-0.0898,0.1427,"trigger box [-.236,+.236]",flush,0.2915,0.1496,0.2148,0.0783,42
2013-01-25,13:03,13:36,12,1494.82,11.7869,1500.585,0.4891,0.101,above +trigger,pump,0.2269,0.1124,0.1786,0.1765,47
2013-01-30,13:48,14:18,11,1507.84,11.219,1506.555,-0.1145,0.1756,"trigger box [-.236,+.236]",flush,-0.029,0.5745,-0.4158,0.4867,33
2013-02-01,12:39,13:30,18,1498.11,10.8562,1513.0,1.3716,0.1437,above +trigger,pump,0.1299,0.1879,0.0129,0.058,49
2013-02-05,12:03,12:57,19,1495.71,11.7383,1508.74,1.11,0.1193,above +trigger,pump,0.5299,-0.0486,0.2104,0.4703,60
2013-02-20,14:03,14:39,13,1530.94,10.7456,1523.125,-0.7273,0.3918,.618 -> .786,flush,-0.1391,1.0902,-1.0372,0.8943,26
2013-02-26,14:45,15:42,20,1487.85,13.582,1496.655,0.6483,0.3438,above +trigger,none,0.166,0.0254,0.0342,0.0,5
2013-02-27,13:15,14:03,17,1496.94,13.6104,1512.775,1.1634,0.1565,above +trigger,pump,0.5367,-0.018,0.2325,0.4585,38
2013-02-28,12:00,12:33,12,1515.99,14.4383,1518.635,0.1832,0.1046,"trigger box [-.236,+.236]",pump,0.4644,0.2331,-0.2331,0.4121,68
2013-03-01,13:12,13:42,11,1514.68,14.1841,1518.12,0.2425,0.1607,above +trigger,flush,0.0888,0.1734,0.0113,0.0931,45
2013-03-07,12:54,13:30,13,1541.46,14.1252,1544.685,0.2283,0.0842,"trigger box [-.236,+.236]",flush,0.0775,0.2134,-0.0067,0.1713,49
2013-03-11,14:00,14:42,15,1551.18,13.1473,1554.725,0.2696,0.1255,above +trigger,pump,0.1175,0.1046,0.1038,0.0548,25
2013-03-20,12:24,13:09,16,1548.34,12.4426,1556.845,0.6835,0.1117,above +trigger,flush,0.3789,0.1001,0.174,0.0442,56
2013-03-21,15:12,15:42,11,1558.71,12.4981,1548.645,-0.8053,0.2088,.786 -> -1 ATR,flush,-0.0196,0.2196,-0.2196,0.1152,5
2013-03-22,12:36,13:06,11,1545.8,12.6882,1554.705,0.7018,0.1647,above +trigger,pump,0.2392,0.1312,0.1549,0.1568,57
2013-03-27,12:21,13:06,16,1563.77,13.0096,1559.91,-0.2967,0.1583,put-trig -> .382,flush,0.3198,0.1499,0.2537,0.0707,57
2013-04-10,13:33,14:06,12,1568.61,13.5424,1587.645,1.4056,0.0967,above +trigger,pump,0.1052,0.1709,-0.01,0.0569,37
2013-04-26,12:33,13:03,11,1585.16,16.2113,1579.0,-0.38,0.1308,put-trig -> .382,pump,0.4121,-0.0278,0.2252,0.3467,58
2013-05-01,12:24,12:54,11,1597.57,15.2324,1590.6,-0.4576,0.1339,.382 -> .618 (GG),flush,0.0125,0.6119,-0.5206,0.5449,61
2013-05-03,12:15,12:48,12,1597.59,15.3502,1616.455,1.229,0.0762,above +trigger,pump,0.0759,0.2348,-0.1476,0.0378,63
2013-05-06,13:00,13:30,11,1614.42,15.7445,1617.85,0.2179,0.0584,"trigger box [-.236,+.236]",pump,0.1219,0.0743,-0.0413,0.0927,49
2013-05-10,15:06,15:42,13,1626.67,14.1218,1629.845,0.2248,0.1296,"trigger box [-.236,+.236]",pump,0.2567,-0.0464,0.2475,0.1919,5
2013-05-17,12:12,13:27,26,1650.47,13.7108,1658.095,0.5561,0.1393,above +trigger,pump,0.6772,-0.0091,0.6765,0.6075,50
2013-05-28,12:36,13:24,17,1649.6,15.4819,1664.83,0.9837,0.2299,above +trigger,flush,-0.0581,0.633,-0.2797,0.518,51
2013-06-03,12:30,13:06,13,1630.74,17.0667,1627.6,-0.184,0.2648,"trigger box [-.236,+.236]",pump,0.7453,0.0434,0.7453,0.6129,57
2013-06-17,12:30,13:18,17,1626.73,19.4704,1642.935,0.8323,0.1022,above +trigger,pump,0.1225,0.6469,-0.2011,0.0714,53
2013-06-19,13:18,14:00,15,1651.81,19.1816,1650.76,-0.0547,0.1762,"trigger box [-.236,+.236]",flush,-0.0021,1.1229,-1.1229,1.0348,39
2013-07-05,12:57,14:06,24,1615.41,20.1984,1625.06,0.4778,0.1584,above +trigger,pump,0.3471,0.0535,0.3471,0.2678,37
2013-07-08,12:48,13:33,16,1631.89,19.9956,1638.47,0.3291,0.138,above +trigger,pump,0.179,0.0205,0.0985,0.11,48
2013-07-12,14:54,15:24,11,1675.02,18.8381,1674.595,-0.0226,0.0791,"trigger box [-.236,+.236]",pump,0.2731,-0.0247,0.2705,0.2336,11
2013-07-15,12:27,12:54,10,1680.19,18.0539,1682.37,0.1207,0.0631,"trigger box [-.236,+.236]",flush,0.1185,0.0654,0.0133,0.0338,61
2013-07-19,12:33,13:39,23,1689.37,15.9686,1687.91,-0.0914,0.0952,"trigger box [-.236,+.236]",pump,0.2536,-0.025,0.2467,0.206,46
2013-07-23,12:09,13:03,19,1695.53,14.7958,1693.495,-0.1375,0.1129,"trigger box [-.236,+.236]",pump,0.1869,0.1335,-0.0605,0.1304,58
2013-08-01,13:21,13:54,12,1685.73,13.7001,1703.175,1.2733,0.0708,above +trigger,pump,0.3412,-0.0223,0.2412,0.3058,41
2013-08-05,14:21,14:48,10,1709.67,13.9222,1705.875,-0.2726,0.0826,put-trig -> .382,pump,0.1404,0.0075,0.098,0.0991,23
2013-08-14,14:30,15:09,14,1694.16,12.9658,1686.88,-0.5615,0.1558,.382 -> .618 (GG),pump,0.2021,0.1334,-0.1242,0.1242,16
2013-08-19,12:12,13:06,19,1655.83,13.6021,1654.25,-0.1162,0.1279,"trigger box [-.236,+.236]",flush,-0.0228,0.6065,-0.6065,0.5426,57
2013-08-20,14:09,14:36,10,1646.06,13.5834,1656.615,0.7771,0.1318,above +trigger,flush,0.1042,0.289,-0.289,0.2231,27
2013-08-23,12:03,12:39,13,1656.96,14.0288,1659.91,0.2103,0.1468,"trigger box [-.236,+.236]",pump,0.3521,0.0128,0.2409,0.2787,66
2013-08-26,14:30,15:09,14,1663.5,13.7438,1665.535,0.1481,0.0939,"trigger box [-.236,+.236]",flush,-0.0506,0.6923,-0.6203,0.6454,16
2013-09-03,14:21,15:00,14,1632.97,14.5242,1635.235,0.1559,0.2513,"trigger box [-.236,+.236]",pump,0.4073,-0.1057,0.2702,0.2816,19
2013-09-04,12:45,13:18,12,1639.77,14.7996,1654.37,0.9865,0.1311,above +trigger,pump,0.0912,0.2128,-0.0919,0.0257,53
2013-09-05,13:03,13:39,13,1653.08,15.0504,1655.695,0.1738,0.1017,"trigger box [-.236,+.236]",pump,0.1419,0.0801,-0.0482,0.091,46
2013-09-09,13:12,13:45,12,1655.17,15.111,1667.555,0.8196,0.1145,above +trigger,pump,0.3206,-0.0248,0.267,0.2634,44
2013-09-13,12:12,12:39,10,1683.42,14.2463,1687.665,0.298,0.1299,above +trigger,flush,0.0748,0.1323,0.0291,0.0674,66
2013-09-17,14:21,15:33,25,1697.6,13.927,1704.555,0.4994,0.1113,above +trigger,flush,0.0255,0.0664,0.0255,0.0108,8
2013-09-25,14:45,15:12,10,1697.42,14.2825,1696.025,-0.0977,0.2318,"trigger box [-.236,+.236]",flush,0.0634,0.2195,-0.2195,0.1036,15
2013-09-26,15:00,15:39,14,1692.77,13.9644,1694.575,0.1293,0.2084,"trigger box [-.236,+.236]",pump,0.3004,-0.0806,0.3004,0.1962,6
2013-10-01,12:30,13:06,13,1681.55,13.827,1694.985,0.9716,0.154,above +trigger,flush,0.0155,0.4213,-0.0221,0.3443,57
2013-10-07,14:51,15:21,11,1690.5,14.6436,1682.95,-0.5156,0.183,.382 -> .618 (GG),flush,-0.086,0.4739,-0.4739,0.3824,12
2013-10-08,14:42,15:21,14,1676.12,14.7262,1659.97,-1.0967,0.2703,below -1 ATR,pump,0.2288,0.3355,-0.3355,0.0937,12
2013-10-09,12:42,13:09,10,1655.45,15.2286,1652.49,-0.1944,0.1931,"trigger box [-.236,+.236]",pump,0.6553,-0.0788,0.2541,0.5588,56
2013-10-10,12:36,13:12,13,1656.4,15.2837,1684.085,1.8114,0.1616,above +trigger,flush,0.5493,0.1358,0.5172,0.055,55
2013-10-15,12:54,13:27,12,1710.14,16.8036,1706.145,-0.2377,0.1184,put-trig -> .382,flush,0.0527,0.6079,-0.4621,0.5487,50
2013-10-23,13:51,14:21,11,1754.67,16.1763,1745.665,-0.5567,0.1032,.382 -> .618 (GG),pump,0.1685,0.0584,0.0442,0.1168,32
2013-10-25,13:27,14:03,13,1752.07,15.4906,1755.205,0.2024,0.0897,"trigger box [-.236,+.236]",pump,0.2844,-0.0171,0.2818,0.2395,38
2013-10-28,13:42,14:21,14,1759.77,14.9377,1763.19,0.229,0.0736,"trigger box [-.236,+.236]",pump,0.1205,0.2477,-0.0663,0.0837,32
2013-11-01,14:36,15:12,13,1756.54,14.2465,1759.55,0.2113,0.2008,"trigger box [-.236,+.236]",pump,0.3039,0.0119,0.193,0.2036,15
2013-11-04,12:21,13:27,23,1761.64,14.1553,1764.28,0.1865,0.1173,"trigger box [-.236,+.236]",pump,0.3179,-0.0353,0.2663,0.2593,50
2013-11-05,13:18,13:45,10,1767.93,13.66,1765.93,-0.1464,0.0981,"trigger box [-.236,+.236]",flush,0.0732,0.2255,-0.2255,0.1764,44
2013-11-08,12:57,13:24,10,1747.15,14.4251,1762.545,1.0672,0.1144,above +trigger,pump,0.5709,0.0045,0.5473,0.5137,51
2013-11-11,12:00,13:24,29,1770.61,15.0826,1771.215,0.0401,0.124,"trigger box [-.236,+.236]",none,0.0593,0.0215,0.0388,0.0,51
2013-11-14,12:27,13:18,18,1782.0,14.5827,1788.135,0.4207,0.1447,above +trigger,pump,0.2328,0.0202,0.1725,0.1605,53
2013-11-22,12:48,13:36,17,1795.85,14.1485,1801.52,0.4007,0.0693,above +trigger,flush,0.2347,0.1166,0.2347,0.082,47
2013-11-25,12:09,12:57,17,1804.76,13.8622,1806.05,0.0931,0.0794,"trigger box [-.236,+.236]",flush,0.1024,0.3946,-0.2395,0.3549,60
2013-12-16,14:54,15:24,11,1775.32,12.5776,1788.0,1.0081,0.159,above +trigger,flush,0.0119,0.128,-0.128,0.0485,11
2013-12-20,13:21,13:54,12,1809.6,14.4549,1822.04,0.8606,0.1024,above +trigger,pump,0.1183,0.2435,-0.1716,0.0671,41
2013-12-24,12:12,13:06,19,1827.99,14.2186,1832.765,0.3358,0.0781,above +trigger,none,0.039,-0.039,0.039,0.0,5
2013-12-27,13:39,14:18,14,1842.02,13.2934,1840.985,-0.0779,0.085,"trigger box [-.236,+.236]",pump,0.0989,0.0229,0.0207,0.0564,33
2014-01-08,14:03,15:12,24,1837.88,12.3558,1836.72,-0.0939,0.3221,"trigger box [-.236,+.236]",flush,0.0995,0.382,0.0429,0.2209,15
2014-01-28,15:03,15:30,10,1781.56,15.9173,1791.895,0.6493,0.1451,above +trigger,pump,0.1184,0.0751,0.0342,0.0459,9
2014-02-06,12:27,13:18,18,1751.64,18.955,1769.255,0.9293,0.1609,above +trigger,flush,0.2535,0.1469,0.2028,0.0665,53
2014-02-10,12:24,14:03,34,1797.02,19.588,1796.21,-0.0414,0.1113,"trigger box [-.236,+.236]",pump,0.1904,-0.0255,0.1761,0.1348,38
2014-02-14,12:24,13:09,16,1829.83,18.6904,1834.825,0.2672,0.0797,above +trigger,pump,0.3652,-0.0174,0.1972,0.3253,56
2014-02-18,12:45,13:36,18,1838.63,18.5025,1841.515,0.1559,0.0935,"trigger box [-.236,+.236]",flush,0.0651,0.1181,-0.0246,0.0713,47
2014-02-20,13:18,14:00,15,1828.75,17.94,1839.435,0.5956,0.0842,above +trigger,flush,0.187,0.0956,0.0209,0.0535,39
2014-02-27,12:21,13:00,14,1845.16,17.0377,1848.74,0.2101,0.0927,"trigger box [-.236,+.236]",pump,0.3398,-0.0452,0.3164,0.2935,59
2014-02-28,12:45,13:27,15,1854.29,16.7779,1867.28,0.7742,0.0763,above +trigger,flush,0.0364,1.1688,-0.4923,1.1307,50
2014-03-04,13:09,13:48,14,1845.73,17.5962,1871.76,1.4793,0.2091,above +trigger,flush,0.254,0.1784,0.1017,0.0739,43
2014-03-27,14:30,15:30,21,1852.56,18.5416,1847.395,-0.2786,0.2173,put-trig -> .382,pump,0.2014,-0.0526,0.093,0.0928,9
2014-04-21,12:06,13:21,26,1864.85,19.9602,1868.71,0.1934,0.1142,"trigger box [-.236,+.236]",pump,0.1548,-0.019,0.1423,0.0977,52
2014-04-30,14:03,14:39,13,1878.33,17.7354,1880.325,0.1125,0.3005,"trigger box [-.236,+.236]",pump,0.2749,0.0555,0.1694,0.1246,26
2014-05-01,12:39,13:21,15,1883.95,17.3622,1885.365,0.0815,0.1423,"trigger box [-.236,+.236]",flush,-0.0181,0.3113,-0.1155,0.2402,52
2014-05-02,12:30,13:09,14,1883.68,16.8756,1884.655,0.0578,0.1262,"trigger box [-.236,+.236]",flush,-0.0613,0.3647,-0.213,0.3016,56
2014-05-05,12:27,12:54,10,1881.14,16.5866,1881.675,0.0323,0.1079,"trigger box [-.236,+.236]",flush,0.2312,0.1335,0.1854,0.0796,61
2014-05-06,14:39,15:15,13,1884.66,16.7405,1869.96,-0.8781,0.2115,.786 -> -1 ATR,pump,0.144,0.1308,-0.1308,0.0382,14
2014-05-13,12:12,13:36,29,1896.65,16.8151,1897.76,0.066,0.1415,"trigger box [-.236,+.236]",flush,0.0547,0.1011,-0.0351,0.0303,47
2014-05-16,12:03,12:48,16,1870.85,16.4834,1871.32,0.0285,0.1747,"trigger box [-.236,+.236]",flush,0.4222,0.1929,0.3998,0.1056,63
2014-05-19,13:30,13:57,10,1877.86,16.2674,1883.175,0.3267,0.1223,above +trigger,pump,0.1737,0.0366,0.114,0.1125,40
2014-05-21,13:39,14:30,18,1872.83,16.1372,1884.72,0.7368,0.3222,above +trigger,pump,0.2528,-0.026,0.1946,0.0917,29
2014-05-22,12:15,13:27,25,1888.03,16.1253,1894.25,0.3857,0.1215,above +trigger,pump,0.129,0.1067,-0.1067,0.0682,50
2014-05-23,14:15,14:45,11,1892.49,15.7549,1899.2,0.4259,0.0635,above +trigger,pump,0.1308,-0.0171,0.087,0.099,24
2014-05-29,13:00,13:45,16,1909.78,14.4452,1914.185,0.3049,0.0976,above +trigger,pump,0.3915,0.001,0.3769,0.3427,44
2014-06-02,12:51,13:57,23,1923.57,13.663,1923.795,0.0165,0.1281,"trigger box [-.236,+.236]",pump,0.1526,0.0772,0.0721,0.0886,40
2014-06-06,12:12,12:45,12,1940.46,13.1197,1948.34,0.6006,0.1098,above +trigger,pump,0.0701,0.1601,0.0541,0.0152,64
2014-06-20,12:51,13:30,14,1959.48,12.0664,1961.615,0.1769,0.087,"trigger box [-.236,+.236]",flush,0.1388,0.0709,0.1305,0.0273,49
2014-06-25,12:15,13:03,17,1949.98,11.6911,1955.05,0.4337,0.26,above +trigger,pump,0.4944,-0.0094,0.4003,0.3644,58
2014-06-26,12:27,13:18,18,1959.53,11.8089,1951.085,-0.7151,0.133,.618 -> .786,pump,0.5441,-0.0292,0.5229,0.4776,53
2014-06-30,12:36,14:06,31,1960.96,11.8539,1962.185,0.1033,0.1628,"trigger box [-.236,+.236]",pump,0.1185,0.3345,-0.1734,0.0371,37
2014-07-02,12:06,12:45,14,1973.32,11.9309,1974.685,0.1144,0.1165,"trigger box [-.236,+.236]",flush,-0.0113,0.1764,-0.0214,0.1182,64
2014-07-09,12:06,13:03,20,1963.71,11.7795,1968.345,0.3935,0.1367,above +trigger,pump,0.4928,0.1711,0.3646,0.4245,58
2014-07-11,12:27,12:57,11,1964.68,12.2757,1962.265,-0.1967,0.1523,"trigger box [-.236,+.236]",pump,0.5218,-0.0517,0.415,0.4456,60
2014-07-14,13:45,15:12,30,1967.57,12.0446,1977.695,0.8406,0.1237,above +trigger,flush,-0.0262,0.1225,-0.0477,0.0606,15
2014-07-16,13:09,13:54,16,1973.28,12.427,1980.915,0.6144,0.1119,above +trigger,pump,0.1235,0.076,0.0439,0.0676,41
2014-07-23,14:39,15:33,19,1983.53,13.7127,1987.99,0.3252,0.0861,above +trigger,flush,0.0365,0.0707,-0.0474,0.0277,8
2014-08-01,12:48,13:21,12,1930.67,15.1101,1920.24,-0.6903,0.4236,.618 -> .786,pump,0.7816,-0.0854,0.3296,0.5698,52
2014-08-08,14:24,15:03,14,1909.57,17.1549,1927.505,1.0455,0.1498,above +trigger,flush,0.2842,0.1093,0.2206,0.0344,18
2014-08-13,15:06,15:42,13,1933.75,16.8687,1945.555,0.6998,0.0966,above +trigger,pump,0.0833,-0.0181,0.0531,0.035,5
2014-08-15,13:24,13:51,10,1955.18,16.1252,1948.05,-0.4422,0.1873,.382 -> .618 (GG),flush,0.5091,0.1073,0.4347,0.0136,42
2014-08-19,13:21,14:15,19,1971.74,16.6081,1980.485,0.5265,0.0632,above +trigger,pump,0.1255,-0.0154,0.0599,0.0939,34
2014-08-27,13:39,14:36,20,2000.02,14.1789,1999.955,-0.0046,0.0444,"trigger box [-.236,+.236]",flush,0.0039,0.2648,0.0011,0.2426,27
2014-09-16,14:18,14:57,14,1984.13,13.3984,2001.175,1.2722,0.1455,above +trigger,flush,0.0325,0.1631,-0.1623,0.0903,20
2014-10-03,15:00,15:30,11,1946.17,18.104,1969.53,1.2903,0.1834,above +trigger,flush,0.0519,0.1182,-0.1066,0.0265,9
2014-10-09,14:51,15:30,14,1968.89,21.2947,1932.28,-1.7192,0.4151,below -1 ATR,pump,0.2982,0.1817,-0.1817,0.0906,9
2014-10-23,12:15,12:48,12,1927.11,28.3009,1954.265,0.9595,0.1332,above +trigger,flush,0.2715,0.2171,-0.1383,0.1505,63
2014-10-24,15:15,15:42,10,1950.82,28.768,1962.1,0.3921,0.137,above +trigger,pump,0.1102,-0.0445,0.0845,0.0417,5
2014-10-27,12:33,13:00,10,1964.58,28.0702,1958.775,-0.2068,0.1614,"trigger box [-.236,+.236]",pump,0.173,0.0351,0.09,0.0923,59
2014-10-28,12:42,13:18,13,1961.63,27.0131,1971.455,0.3637,0.1003,above +trigger,pump,0.4829,-0.0313,0.4807,0.4328,53
2014-10-29,13:00,13:33,12,1985.05,26.7564,1980.935,-0.1538,0.0676,"trigger box [-.236,+.236]",flush,0.1269,0.4446,0.0488,0.4107,48
2014-11-06,12:15,12:48,12,2023.57,23.5219,2025.89,0.0986,0.1071,"trigger box [-.236,+.236]",pump,0.2432,-0.0115,0.2126,0.1896,63
2014-11-07,12:30,13:27,20,2031.21,22.9667,2032.14,0.0405,0.061,"trigger box [-.236,+.236]",pump,0.0697,0.2451,-0.0348,0.0392,50
2014-11-10,12:51,13:18,10,2031.92,21.9827,2036.35,0.2015,0.0673,"trigger box [-.236,+.236]",pump,0.0782,0.0832,0.0764,0.0446,53
2014-11-11,14:54,15:36,15,2038.26,21.0218,2037.41,-0.0404,0.0599,"trigger box [-.236,+.236]",pump,0.1051,-0.0266,0.1028,0.0752,7
2014-12-03,12:09,12:57,17,2066.55,14.8641,2069.815,0.2197,0.1487,"trigger box [-.236,+.236]",pump,0.4349,-0.0602,0.2863,0.3606,60
2014-12-04,13:33,14:30,20,2074.33,14.4974,2073.395,-0.0645,0.1787,"trigger box [-.236,+.236]",flush,-0.0472,0.4784,-0.13,0.389,29
2014-12-30,12:00,12:30,11,2090.57,19.6015,2084.16,-0.327,0.0928,put-trig -> .382,flush,-0.0056,0.2362,-0.1826,0.1898,69
2015-01-05,13:45,14:45,21,2058.19,20.0873,2021.37,-1.833,0.3276,below -1 ATR,flush,0.2604,0.2006,-0.0299,0.0368,24
2015-01-07,12:54,13:21,10,2002.61,22.7303,2024.41,0.9591,0.1549,above +trigger,flush,0.1452,0.176,0.0603,0.0985,52
2015-01-09,14:06,15:03,20,2062.14,24.1171,2046.985,-0.6284,0.2152,.618 -> .786,pump,0.2652,0.1039,-0.0707,0.1576,18
2015-01-15,12:03,12:30,10,2011.27,26.7668,2001.13,-0.3788,0.207,put-trig -> .382,flush,0.1203,0.3609,-0.309,0.2574,69
2015-01-22,12:51,13:39,17,2032.12,27.0975,2045.825,0.5058,0.1406,above +trigger,pump,0.6936,-0.053,0.6478,0.6233,46
2015-02-05,14:24,15:24,21,2041.51,28.5921,2058.645,0.5993,0.1395,above +trigger,pump,0.1716,-0.0502,0.1201,0.1018,11
2015-02-09,12:06,12:33,10,2055.46,27.718,2053.87,-0.0574,0.1652,"trigger box [-.236,+.236]",flush,0.0538,0.4326,-0.2616,0.35,68
2015-02-12,14:00,14:45,16,2068.53,25.7791,2085.325,0.6515,0.1199,above +trigger,pump,0.1243,-0.006,0.1104,0.0644,24
2015-02-17,14:30,15:36,23,2096.98,24.293,2098.46,0.0609,0.1186,"trigger box [-.236,+.236]",flush,0.0506,0.0823,0.0506,0.0231,7
2015-02-18,12:00,12:39,14,2100.34,23.3792,2095.605,-0.2025,0.0997,"trigger box [-.236,+.236]",flush,0.1978,0.1123,0.1709,0.0624,66
2015-02-25,12:33,13:15,15,2115.48,20.1201,2116.08,0.0298,0.0765,"trigger box [-.236,+.236]",pump,0.1745,0.3077,-0.1158,0.1362,54
2015-03-10,12:54,13:21,10,2079.42,18.0329,2052.805,-1.4759,0.2091,below -1 ATR,pump,0.1345,0.4228,-0.4129,0.0299,52
2015-03-11,12:09,12:45,13,2044.16,19.2634,2046.48,0.1204,0.1931,"trigger box [-.236,+.236]",pump,0.1101,0.3525,-0.3047,0.0135,64
2015-03-12,13:51,14:21,11,2040.24,18.6296,2060.515,1.0883,0.1133,above +trigger,flush,0.3164,0.0658,0.2842,0.0091,32
2015-03-17,12:00,12:30,11,2081.19,20.1713,2068.22,-0.643,0.1666,.618 -> .786,pump,0.52,-0.0595,0.2945,0.4368,69
2015-03-19,12:30,13:06,13,2099.5,21.7197,2087.485,-0.5532,0.1588,.382 -> .618 (GG),pump,0.2484,-0.0025,0.096,0.169,57
2015-03-20,12:12,12:48,13,2089.27,21.164,2109.405,0.9514,0.0827,above +trigger,pump,0.2133,0.0749,-0.0465,0.172,63
2015-03-27,12:24,15:33,64,2056.15,21.4691,2058.51,0.1099,0.1928,"trigger box [-.236,+.236]",pump,0.1994,-0.0359,0.0955,0.1029,8
2015-04-14,13:54,14:45,18,2092.42,19.1491,2094.26,0.0961,0.1358,"trigger box [-.236,+.236]",pump,0.165,0.0287,0.095,0.0971,24
2015-04-16,12:57,13:24,10,2106.63,18.6798,2105.9,-0.0391,0.1135,"trigger box [-.236,+.236]",pump,0.2891,0.0803,-0.0369,0.2323,51
2015-04-17,12:36,13:30,19,2104.98,18.1513,2082.795,-1.2222,0.2187,below -1 ATR,flush,0.0455,0.5743,-0.0906,0.465,49
2015-04-21,12:42,13:09,10,2100.4,19.4402,2098.73,-0.0859,0.0844,"trigger box [-.236,+.236]",pump,0.1157,0.2238,-0.0617,0.0736,56
2015-04-22,15:00,15:33,12,2097.29,19.1416,2108.63,0.5924,0.1411,above +trigger,flush,-0.0162,0.1202,-0.0381,0.0496,8
2015-04-24,13:33,14:51,27,2112.92,18.9953,2118.14,0.2748,0.1853,above +trigger,flush,0.0211,0.1237,-0.0153,0.0311,22
2015-04-30,13:24,14:21,20,2106.85,18.395,2093.78,-0.7105,0.2272,.618 -> .786,flush,-0.1038,0.8801,-0.4414,0.7665,32
2015-05-08,13:06,13:36,11,2088.0,20.1262,2115.45,1.3639,0.1272,above +trigger,flush,0.0691,0.1545,0.0154,0.0909,47
2015-05-15,12:15,12:45,11,2121.1,20.0147,2118.955,-0.1072,0.1044,"trigger box [-.236,+.236]",pump,0.1846,0.0497,0.1841,0.1324,64
2015-05-18,12:24,13:15,18,2122.73,19.0922,2127.05,0.2263,0.0775,"trigger box [-.236,+.236]",pump,0.2477,-0.0168,0.099,0.209,54
2015-05-19,12:15,13:12,20,2129.19,18.5692,2129.415,0.0121,0.0953,"trigger box [-.236,+.236]",pump,0.1941,0.2647,-0.0751,0.1465,55
2015-05-27,12:36,13:03,10,2104.19,16.9881,2118.6,0.8482,0.1071,above +trigger,pump,0.448,-0.0406,0.2861,0.3944,58
2015-06-01,13:48,14:15,10,2107.39,16.7979,2116.25,0.5274,0.1024,above +trigger,pump,0.1726,0.3256,-0.2625,0.1214,34
2015-06-04,12:24,13:00,13,2114.07,16.5761,2100.955,-0.7912,0.2854,.786 -> -1 ATR,flush,-0.0926,0.466,-0.2682,0.3234,59
2015-06-05,14:54,15:21,10,2095.84,16.8806,2094.595,-0.0738,0.189,"trigger box [-.236,+.236]",flush,-0.0044,0.1958,-0.1069,0.1013,12
2015-06-09,12:27,12:54,10,2079.28,16.5636,2082.12,0.1715,0.1147,"trigger box [-.236,+.236]",pump,0.2113,0.2403,-0.1334,0.154,61
2015-06-10,12:12,13:18,23,2080.15,16.3433,2105.895,1.5753,0.1511,above +trigger,flush,0.1594,0.1055,-0.0725,0.03,53
2015-06-11,12:03,13:42,34,2105.19,17.2009,2109.675,0.2607,0.161,above +trigger,pump,0.17,0.152,-0.0137,0.0895,45
2015-06-12,12:42,13:27,16,2108.86,16.6744,2094.475,-0.8627,0.1109,.786 -> -1 ATR,pump,0.1454,0.1712,-0.0183,0.09,50
2015-06-19,12:42,13:30,17,2121.23,17.683,2114.965,-0.3543,0.0741,put-trig -> .382,pump,0.1168,0.2983,-0.2983,0.0797,49
2015-06-23,13:00,13:27,10,2122.85,17.477,2121.105,-0.0998,0.1081,"trigger box [-.236,+.236]",pump,0.2412,-0.0175,0.1862,0.1871,50
2015-07-14,12:00,12:36,13,2099.6,22.254,2108.09,0.3815,0.0926,above +trigger,flush,0.1748,0.1155,0.0409,0.0692,67
2015-07-15,12:42,13:09,10,2108.94,21.6509,2110.47,0.0707,0.1108,"trigger box [-.236,+.236]",pump,0.0813,0.369,-0.1233,0.0259,56
2015-07-16,13:45,14:33,17,2107.4,20.9372,2121.25,0.6615,0.1118,above +trigger,pump,0.1514,-0.0053,0.1414,0.0955,28
2015-07-17,13:30,14:12,15,2124.29,20.6574,2122.07,-0.1075,0.0639,"trigger box [-.236,+.236]",pump,0.2401,-0.0276,0.2115,0.2082,35
2015-07-21,12:00,12:48,17,2128.28,19.0657,2120.02,-0.4332,0.1353,.382 -> .618 (GG),flush,0.0404,0.2423,-0.0367,0.1747,63
2015-07-22,12:00,12:30,11,2119.21,18.6382,2112.89,-0.3391,0.1642,put-trig -> .382,flush,0.1658,0.1492,0.0585,0.0671,69
2015-07-23,12:57,13:48,18,2114.15,17.9647,2104.23,-0.5522,0.1948,.382 -> .618 (GG),pump,0.2204,0.3117,-0.1158,0.123,43
2015-07-27,12:09,12:51,15,2079.65,18.7655,2069.36,-0.5483,0.1535,.382 -> .618 (GG),flush,0.1263,0.2808,-0.0661,0.2041,62
2015-07-29,12:57,14:33,33,2093.25,19.2474,2103.61,0.5383,0.4666,above +trigger,pump,0.3632,-0.0499,0.2478,0.1299,28
2015-07-30,14:18,14:51,12,2108.57,19.1119,2107.56,-0.0528,0.158,"trigger box [-.236,+.236]",pump,0.1528,-0.0424,0.0753,0.0738,22
2015-08-03,15:03,15:33,11,2103.84,18.3771,2090.68,-0.7161,0.1622,.618 -> .786,pump,0.4027,-0.0664,0.4027,0.3216,8
2015-08-07,12:12,13:00,17,2083.56,18.8384,2070.95,-0.6694,0.1932,.618 -> .786,flush,0.3689,0.1614,0.3689,0.0648,59
2015-08-10,12:30,13:03,12,2077.57,18.6106,2101.96,1.3105,0.0935,above +trigger,pump,0.1822,0.0011,0.1021,0.1354,58
2015-08-18,12:24,12:57,12,2102.44,20.2561,2098.295,-0.2046,0.1466,"trigger box [-.236,+.236]",flush,0.0017,0.2051,-0.0615,0.1318,60
2015-08-25,12:21,13:03,15,1893.21,30.4113,1934.84,1.3689,0.3071,above +trigger,flush,-0.0125,2.2281,-2.1933,2.0746,58
2015-08-26,12:06,12:36,11,1867.61,34.022,1886.85,0.5655,0.3598,above +trigger,flush,1.6531,0.1975,1.5749,0.0176,67
2015-08-28,12:57,13:24,10,1987.66,37.848,1984.185,-0.0918,0.0949,"trigger box [-.236,+.236]",flush,0.1412,0.2377,0.1061,0.1902,51
2015-08-31,12:36,13:24,17,1988.87,36.451,1980.85,-0.22,0.1663,"trigger box [-.236,+.236]",flush,-0.0409,0.372,-0.237,0.2889,51
2015-09-02,13:51,14:21,11,1913.85,37.8843,1935.735,0.5777,0.2083,above +trigger,flush,0.3417,0.1778,0.3406,0.0736,32
2015-09-04,13:39,14:12,12,1951.13,37.1546,1916.285,-0.9378,0.1375,.786 -> -1 ATR,flush,0.4082,0.1366,0.1307,0.0678,35
2015-09-10,12:30,13:24,19,1942.04,39.0949,1952.845,0.2764,0.1788,above +trigger,pump,0.3183,0.1976,-0.0262,0.2289,51
2015-09-14,12:24,13:18,19,1961.05,37.1346,1950.39,-0.2871,0.1093,put-trig -> .382,pump,0.125,0.0339,0.0689,0.0703,53
2015-09-17,14:00,14:39,14,1995.31,34.0241,1998.16,0.0838,0.5978,"trigger box [-.236,+.236]",pump,0.6672,0.3359,-0.2319,0.3683,26
2015-09-22,14:27,14:57,11,1966.97,33.484,1935.745,-0.9325,0.1586,.786 -> -1 ATR,pump,0.3009,0.0387,0.2101,0.2216,20
2015-09-30,14:39,15:18,14,1884.09,33.2932,1910.765,0.8012,0.2388,above +trigger,pump,0.2933,-0.0101,0.2455,0.1739,13
2015-10-01,13:09,13:51,15,1920.03,33.518,1904.865,-0.4524,0.1715,.382 -> .618 (GG),pump,0.5864,-0.0858,0.5604,0.5006,42
2015-10-02,13:51,14:33,15,1923.82,33.0174,1931.875,0.244,0.202,above +trigger,pump,0.5856,0.0577,0.5826,0.4846,28
2015-10-07,15:09,15:39,11,1979.92,33.8968,1989.8,0.2915,0.1628,above +trigger,pump,0.1741,0.0003,0.1741,0.0926,6
2015-10-09,13:57,14:48,18,2013.43,32.8135,2010.55,-0.0878,0.1231,"trigger box [-.236,+.236]",pump,0.1731,-0.0155,0.1341,0.1115,23
2015-10-12,12:21,12:48,10,2014.89,31.364,2015.82,0.0297,0.0752,"trigger box [-.236,+.236]",flush,0.0711,0.0909,0.0491,0.0532,63
2015-10-16,13:06,13:48,15,2023.86,28.4335,2025.24,0.0485,0.0992,"trigger box [-.236,+.236]",flush,0.2919,0.1681,0.269,0.1185,43
2015-10-21,12:21,12:57,13,2030.77,25.2698,2033.445,0.1059,0.1223,"trigger box [-.236,+.236]",flush,-0.0635,0.6421,-0.5712,0.5809,60
2015-10-30,13:51,14:18,10,2089.41,22.9908,2092.425,0.1311,0.1353,"trigger box [-.236,+.236]",flush,-0.0681,0.5548,-0.5539,0.4872,33
2015-11-13,14:00,14:36,13,2045.97,21.5658,2029.785,-0.7505,0.1516,.618 -> .786,flush,-0.0359,0.3601,-0.3002,0.2842,27
2015-11-19,14:48,15:21,12,2083.58,23.3557,2082.085,-0.064,0.1477,"trigger box [-.236,+.236]",pump,0.0983,0.0606,-0.046,0.0244,12
2015-11-20,14:27,14:54,10,2081.23,22.2567,2089.26,0.3608,0.0854,above +trigger,flush,0.0288,0.1932,-0.0112,0.1505,21
2015-11-23,13:06,13:39,12,2089.17,21.7977,2091.945,0.1273,0.1317,"trigger box [-.236,+.236]",flush,-0.0195,0.4842,-0.2402,0.4184,46
2015-11-25,14:42,15:36,19,2089.14,21.4402,2091.295,0.1005,0.0872,"trigger box [-.236,+.236]",flush,-0.0231,0.1266,-0.1042,0.083,7
2015-12-04,13:54,14:33,14,2049.62,21.5894,2086.825,1.7233,0.1746,above +trigger,pump,0.3249,-0.0438,0.1994,0.2376,28
2015-12-09,13:24,14:18,19,2063.59,23.4292,2042.575,-0.897,0.3572,.786 -> -1 ATR,pump,0.4083,0.0869,0.2256,0.2296,33
2015-12-11,14:36,15:03,10,2052.23,24.6768,2019.515,-1.3257,0.1738,below -1 ATR,flush,-0.0873,0.4342,-0.2863,0.3473,18
2015-12-14,14:09,14:48,14,2012.37,26.0163,2010.53,-0.0707,0.2329,"trigger box [-.236,+.236]",pump,0.4762,0.0619,0.4443,0.3598,23
2015-12-18,13:18,13:57,14,2041.89,27.758,2016.485,-0.9152,0.1841,.786 -> -1 ATR,pump,0.2693,0.3965,-0.3939,0.1772,40
2015-12-23,13:30,14:03,12,2038.97,27.2163,2057.835,0.6931,0.1488,above +trigger,pump,0.2533,-0.0336,0.2361,0.1789,38
2015-12-28,12:39,13:09,11,2060.98,25.7921,2049.775,-0.4344,0.081,.382 -> .618 (GG),pump,0.2642,-0.0231,0.2615,0.2237,56
2015-12-30,12:06,12:45,14,2078.36,25.1421,2071.095,-0.289,0.1134,put-trig -> .382,flush,0.0666,0.3633,-0.3108,0.3067,64
2016-01-04,12:18,12:45,10,2043.94,24.1764,1998.305,-1.8876,0.2635,below -1 ATR,pump,0.6111,0.1905,0.6053,0.4794,64
2016-01-06,14:06,14:36,11,2016.71,25.7141,1992.915,-0.9254,0.1925,.786 -> -1 ATR,flush,-0.048,0.5392,-0.0881,0.4429,27
2016-01-14,14:03,14:48,16,1890.28,32.3552,1924.43,1.0555,0.2182,above +trigger,pump,0.3103,0.162,-0.0896,0.2012,23
2016-01-15,14:21,14:48,10,1921.84,34.0113,1871.325,-1.4852,0.2608,below -1 ATR,pump,0.413,-0.0537,0.2598,0.2826,23
2016-01-19,13:03,13:57,19,1880.33,36.154,1883.495,0.0875,0.231,"trigger box [-.236,+.236]",flush,0.1572,0.5226,-0.0638,0.4071,40
2016-01-21,12:48,13:18,11,1859.33,38.5485,1883.53,0.6278,0.193,above +trigger,flush,-0.1001,0.614,-0.3826,0.5175,53
2016-01-25,12:12,12:51,14,1906.9,38.7962,1895.355,-0.2976,0.1492,put-trig -> .382,pump,0.1867,0.4997,-0.4723,0.1121,62
2016-01-26,13:12,14:00,17,1877.08,38.2343,1904.15,0.708,0.135,above +trigger,flush,0.0055,0.2179,-0.0133,0.1504,39
2016-01-29,13:12,13:42,11,1893.36,37.4698,1926.115,0.8742,0.1054,above +trigger,pump,0.3375,0.0618,0.3215,0.2848,45
2016-02-03,12:45,13:33,17,1903.03,37.6783,1889.545,-0.3579,0.2938,put-trig -> .382,flush,0.7555,0.2286,0.6098,0.0817,48
2016-02-04,14:42,15:18,13,1912.53,38.257,1909.78,-0.0719,0.2624,"trigger box [-.236,+.236]",pump,0.1741,0.0277,0.1412,0.0429,13
2016-02-05,12:48,13:36,17,1915.45,37.4408,1887.21,-0.7543,0.18,.618 -> .786,flush,-0.0264,0.3889,-0.1944,0.2989,47
2016-02-08,14:36,15:03,10,1880.05,37.8236,1833.36,-1.2344,0.1697,below -1 ATR,pump,0.7226,-0.0389,0.5354,0.6377,18
2016-02-11,12:12,12:57,16,1851.86,37.9047,1819.98,-0.8411,0.2274,.786 -> -1 ATR,pump,0.5057,0.2607,0.2179,0.392,60
2016-02-12,12:12,13:09,20,1829.08,38.1801,1855.065,0.6806,0.1574,above +trigger,flush,0.2531,0.1306,0.2437,0.0519,56
2016-02-19,12:27,14:00,32,1917.83,35.729,1915.03,-0.0784,0.0935,"trigger box [-.236,+.236]",pump,0.0893,0.0943,0.0708,0.0425,39
2016-02-22,12:06,12:36,11,1917.78,34.3633,1942.725,0.7259,0.0963,above +trigger,flush,0.1157,0.0863,0.0752,0.0381,67
2016-03-01,12:51,13:21,11,1932.23,31.8446,1969.605,1.1737,0.1096,above +trigger,pump,0.2639,0.0215,0.2595,0.2091,52
2016-03-03,12:21,12:54,12,1986.45,31.7819,1980.785,-0.1782,0.1186,"trigger box [-.236,+.236]",pump,0.406,-0.0398,0.3931,0.3467,61
2016-03-07,12:33,13:00,10,1999.99,30.0833,2003.355,0.1119,0.0628,"trigger box [-.236,+.236]",pump,0.0919,0.416,-0.0643,0.0605,59
2016-03-14,13:27,14:00,12,2022.19,28.5952,2020.365,-0.0638,0.0794,"trigger box [-.236,+.236]",flush,0.1471,0.0712,-0.0299,0.0315,39
2016-03-22,13:51,14:30,14,2051.6,24.0036,2054.945,0.1394,0.1221,"trigger box [-.236,+.236]",pump,0.0689,0.2877,-0.2085,0.0079,29
2016-04-11,14:24,15:03,14,2047.6,21.7935,2052.995,0.2476,0.2143,above +trigger,flush,-0.0879,0.51,-0.5004,0.4029,18
2016-04-13,14:30,15:09,14,2061.71,21.9947,2079.11,0.7911,0.1564,above +trigger,pump,0.1846,-0.0309,0.1482,0.1064,16
2016-04-19,14:42,15:21,14,2094.34,20.136,2098.85,0.224,0.1828,"trigger box [-.236,+.236]",pump,0.1093,-0.0079,0.0914,0.0179,12
2016-04-21,12:39,13:06,10,2102.4,19.2354,2096.51,-0.3062,0.2204,put-trig -> .382,flush,-0.0338,0.4154,-0.2485,0.3052,57
2016-04-25,12:12,12:48,13,2091.58,18.5356,2080.56,-0.5945,0.1262,.382 -> .618 (GG),pump,0.3901,-0.0518,0.3901,0.3269,63
2016-05-06,14:57,15:39,15,2050.63,18.8439,2055.77,0.2728,0.19,above +trigger,flush,0.0743,0.1327,0.0743,0.0377,6
2016-05-10,12:57,13:36,14,2058.69,18.162,2078.655,1.0993,0.1085,above +trigger,pump,0.3422,0.019,0.3147,0.288,47
2016-05-11,12:00,12:54,19,2084.39,18.7348,2075.38,-0.4809,0.1537,.382 -> .618 (GG),flush,0.0069,0.5818,-0.5759,0.5049,61
2016-05-24,14:21,14:51,11,2048.04,19.6351,2074.745,1.3601,0.1217,above +trigger,pump,0.2508,-0.0267,0.066,0.19,22
2016-05-25,12:06,12:45,14,2076.06,20.4918,2089.755,0.6683,0.0932,above +trigger,pump,0.2428,0.0354,0.0295,0.1962,64
2016-05-26,12:39,13:21,15,2090.54,20.3617,2089.225,-0.0646,0.1331,"trigger box [-.236,+.236]",pump,0.1834,-0.0184,0.0371,0.1169,52
2016-05-27,12:24,13:06,15,2090.1,19.423,2096.635,0.3365,0.0674,above +trigger,flush,0.1027,0.2314,0.1027,0.1977,57
2016-05-31,12:54,13:21,10,2099.06,18.6785,2094.61,-0.2382,0.1542,put-trig -> .382,pump,0.2473,0.3185,0.121,0.1702,52
2016-06-15,12:27,13:03,13,2075.32,17.1942,2080.025,0.2736,0.1297,above +trigger,flush,0.3271,0.5947,-0.4656,0.5298,58
2016-06-23,12:12,12:42,11,2085.44,17.851,2105.695,1.1347,0.116,above +trigger,flush,0.4092,0.1521,0.4047,0.0941,65
2016-06-27,12:27,13:00,12,2037.41,23.009,2002.605,-1.5127,0.322,below -1 ATR,flush,0.1515,0.4748,-0.0863,0.3138,59
2016-07-06,14:06,14:39,12,2088.55,25.0876,2094.175,0.2242,0.2762,"trigger box [-.236,+.236]",pump,0.2605,-0.0169,0.2075,0.1224,26
2016-07-07,12:12,12:48,13,2099.73,25.2021,2098.01,-0.0682,0.1762,"trigger box [-.236,+.236]",flush,0.027,0.342,-0.0147,0.2539,63
2016-07-08,12:00,12:51,18,2097.9,24.8084,2123.8,1.044,0.0863,above +trigger,pump,0.3188,-0.0214,0.2253,0.2757,62
2016-07-15,14:09,14:51,15,2163.75,22.6653,2159.395,-0.1921,0.116,"trigger box [-.236,+.236]",pump,0.1701,-0.009,0.088,0.1121,22
2016-07-19,15:03,15:30,10,2166.89,21.0454,2161.335,-0.264,0.0708,put-trig -> .382,pump,0.1195,-0.0159,0.111,0.0841,9
2016-07-22,13:06,14:21,26,2165.17,19.1793,2172.55,0.3848,0.073,above +trigger,pump,0.1335,0.0005,0.1105,0.097,32
2016-08-08,13:36,14:15,14,2182.87,16.4467,2180.385,-0.1511,0.0821,"trigger box [-.236,+.236]",flush,0.024,0.1541,0.0228,0.1131,34
2016-08-11,12:27,13:06,14,2175.49,15.0509,2186.54,0.7342,0.0957,above +trigger,flush,0.1269,0.1023,-0.0485,0.0545,57
2016-08-17,15:03,15:30,10,2178.15,13.8587,2179.28,0.0815,0.2309,"trigger box [-.236,+.236]",pump,0.2742,-0.0909,0.1898,0.1587,9
2016-08-18,14:33,15:00,10,2182.22,13.9102,2183.76,0.1107,0.0978,"trigger box [-.236,+.236]",pump,0.2185,-0.0496,0.2178,0.1697,19
2016-08-29,13:45,14:18,12,2169.04,13.8178,2182.84,0.9987,0.0926,above +trigger,flush,-0.0268,0.2251,-0.1744,0.1788,33
2016-09-06,13:57,14:48,18,2179.98,13.9872,2182.98,0.2145,0.1187,"trigger box [-.236,+.236]",pump,0.2324,0.0493,0.2324,0.173,23
2016-09-09,15:15,15:42,10,2181.3,13.1083,2137.575,-3.3357,0.5256,below -1 ATR,flush,-0.2224,0.719,-0.7144,0.4562,5
2016-09-22,12:00,12:30,11,2163.12,19.6953,2175.335,0.6202,0.1203,above +trigger,pump,0.2155,0.1445,0.08,0.1554,69
2016-09-26,12:12,13:12,21,2164.69,19.0446,2150.89,-0.7246,0.1827,.618 -> .786,flush,-0.0462,0.3072,-0.2247,0.2158,55
2016-09-27,13:51,14:45,19,2146.1,19.0879,2159.505,0.7023,0.1064,above +trigger,flush,0.027,0.148,0.0186,0.0948,24
2016-09-30,12:57,13:42,16,2151.13,19.8179,2169.065,0.905,0.1347,above +trigger,pump,0.3146,0.0653,-0.0507,0.2473,45
2016-10-03,13:33,14:00,10,2168.27,20.1287,2159.1,-0.4556,0.1639,.382 -> .618 (GG),pump,0.2082,0.1252,0.0904,0.1262,39
2016-10-04,14:18,14:45,10,2161.2,19.6553,2148.315,-0.6555,0.2061,.618 -> .786,flush,0.2317,0.219,0.101,0.116,24
2016-10-05,12:39,13:27,17,2150.49,19.7834,2161.515,0.5573,0.1147,above +trigger,pump,0.1231,0.1393,-0.0948,0.0657,50
2016-10-06,12:45,14:33,37,2159.73,19.3318,2161.195,0.0758,0.1257,"trigger box [-.236,+.236]",flush,0.0561,0.0954,-0.0163,0.0326,28
2016-10-07,12:36,13:24,17,2160.77,18.8545,2147.865,-0.6845,0.2583,.618 -> .786,pump,0.5057,-0.1302,0.3089,0.3766,51
2016-10-12,13:36,14:12,13,2136.73,19.929,2141.925,0.2607,0.2203,above +trigger,pump,0.1724,0.21,-0.1252,0.0622,35
2016-10-18,14:39,15:09,11,2126.5,18.9453,2142.37,0.8377,0.0834,above +trigger,flush,-0.0285,0.1642,-0.1525,0.1225,16
2016-10-19,12:00,12:27,10,2139.6,18.8692,2145.035,0.288,0.1055,above +trigger,pump,0.1805,0.0427,-0.0358,0.1277,70
2016-10-21,13:03,13:45,15,2141.34,17.9338,2137.22,-0.2297,0.1427,"trigger box [-.236,+.236]",pump,0.3017,-0.0613,0.2058,0.2303,44
2016-10-27,13:33,14:39,23,2139.43,16.5306,2138.595,-0.0505,0.2341,"trigger box [-.236,+.236]",flush,-0.0384,0.3675,-0.3155,0.2504,26
2016-10-31,12:24,13:18,19,2126.41,16.7481,2130.79,0.2615,0.1791,above +trigger,flush,-0.0251,0.3141,-0.2711,0.2245,53
2016-11-02,12:09,13:06,20,2111.72,17.353,2104.08,-0.4403,0.2374,.382 -> .618 (GG),flush,0.0634,0.5809,-0.344,0.4622,57
2016-11-03,13:27,15:18,38,2097.94,17.3821,2092.065,-0.338,0.3412,put-trig -> .382,flush,-0.0912,0.3932,-0.193,0.2226,13
2016-11-04,13:06,14:30,29,2088.66,17.3784,2097.515,0.5095,0.1686,above +trigger,flush,-0.0688,0.7437,-0.6989,0.6594,29
2016-11-10,12:15,12:51,13,2163.26,21.4202,2164.935,0.0782,0.359,"trigger box [-.236,+.236]",pump,0.6221,-0.0521,0.1235,0.4426,62
2016-11-11,13:06,14:06,21,2167.48,22.1138,2161.56,-0.2677,0.2351,put-trig -> .382,flush,0.1972,0.1985,0.1149,0.0809,37
2016-11-14,14:03,14:54,18,2164.45,21.6049,2163.04,-0.0653,0.2685,"trigger box [-.236,+.236]",pump,0.2023,0.0602,0.068,0.068,21
2016-11-16,12:36,13:24,17,2180.39,20.8308,2173.82,-0.3154,0.1459,put-trig -> .382,pump,0.2151,0.0226,0.1459,0.1421,51
2016-11-18,12:24,12:51,10,2187.12,19.3194,2181.65,-0.2831,0.1015,put-trig -> .382,pump,0.1677,0.0657,0.0093,0.117,62
2016-11-21,13:36,14:06,11,2181.9,18.6188,2196.42,0.7799,0.073,above +trigger,flush,0.1225,0.0784,0.0956,0.0419,37
2016-11-22,13:51,14:30,14,2198.18,18.4888,2198.505,0.0176,0.0957,"trigger box [-.236,+.236]",pump,0.3405,-0.0122,0.2339,0.2926,29
2016-11-23,13:36,15:33,40,2202.94,17.9032,2201.86,-0.0603,0.1329,"trigger box [-.236,+.236]",pump,0.1581,-0.0263,0.1469,0.0916,8
2016-11-28,13:33,14:27,19,2213.35,16.7306,2207.745,-0.335,0.1285,put-trig -> .382,flush,-0.0344,0.4414,-0.3398,0.3772,30
2016-12-05,13:27,13:54,10,2191.95,15.5755,2204.285,0.792,0.0982,above +trigger,flush,0.0472,0.2257,0.0266,0.1766,41
2016-12-06,13:18,13:54,13,2204.71,15.7108,2208.63,0.2495,0.14,above +trigger,pump,0.2641,0.0051,0.2304,0.1941,41
2016-12-08,13:21,13:48,10,2241.35,16.5833,2248.245,0.4158,0.1815,above +trigger,pump,0.2077,0.3302,-0.1378,0.117,43
2016-12-09,13:09,13:39,11,2246.19,16.4074,2252.945,0.4117,0.0969,above +trigger,pump,0.4178,-0.0027,0.3928,0.3693,46
2016-12-12,13:00,14:12,25,2259.53,16.2076,2255.04,-0.277,0.1777,put-trig -> .382,pump,0.1536,0.1006,0.1148,0.0648,35
2016-12-13,15:03,15:39,13,2256.96,15.8827,2273.025,1.0115,0.221,above +trigger,pump,0.1237,0.1445,-0.0841,0.0132,6
2016-12-15,12:21,13:21,21,2253.28,17.042,2266.305,0.7643,0.2553,above +trigger,flush,0.093,0.4926,-0.2485,0.365,52
2016-12-16,13:57,15:06,24,2262.03,17.1704,2257.465,-0.2659,0.2114,put-trig -> .382,flush,0.0545,0.1878,0.023,0.0821,17
2016-12-19,13:06,13:54,17,2258.07,16.9304,2263.675,0.3311,0.1754,above +trigger,pump,0.1509,0.2998,-0.0706,0.0632,41
2016-12-20,13:39,14:06,10,2262.53,16.3925,2269.835,0.4456,0.086,above +trigger,flush,0.0515,0.2254,0.0509,0.1824,37
2016-12-21,13:51,15:06,26,2270.76,15.9381,2268.43,-0.1462,0.1079,"trigger box [-.236,+.236]",flush,-0.0238,0.2058,-0.1989,0.1518,17
2016-12-23,14:27,15:12,16,2260.96,14.7958,2261.35,0.0264,0.0595,"trigger box [-.236,+.236]",pump,0.1615,0.0203,0.144,0.1318,15
2016-12-28,13:30,14:09,14,2268.88,13.8023,2253.175,-1.1379,0.1775,below -1 ATR,flush,0.012,0.2945,-0.2503,0.2058,36
2017-01-03,12:33,13:18,16,2238.83,14.5039,2247.3,0.584,0.2703,above +trigger,pump,0.6909,0.1145,0.6909,0.5557,53
2017-01-04,13:09,14:15,23,2257.83,15.2571,2269.845,0.7875,0.1789,above +trigger,pump,0.195,0.0285,0.037,0.1055,34
2017-01-09,12:24,13:24,21,2276.98,15.1604,2273.585,-0.2239,0.1642,"trigger box [-.236,+.236]",flush,-0.0399,0.3018,-0.2892,0.2197,51
2017-01-13,13:30,14:09,14,2270.44,15.0617,2274.455,0.2666,0.1866,above +trigger,flush,0.1338,0.1955,-0.0076,0.1022,36
2017-01-17,12:24,13:27,22,2274.64,14.5744,2270.235,-0.3022,0.1887,put-trig -> .382,pump,0.095,0.5095,-0.1746,0.0007,50
2017-01-18,12:33,14:21,37,2267.89,14.3784,2267.955,0.0045,0.2316,"trigger box [-.236,+.236]",pump,0.282,0.04,0.2653,0.1662,32
2017-01-19,12:09,12:36,10,2271.89,13.9699,2267.81,-0.2921,0.126,put-trig -> .382,flush,0.0258,0.6729,-0.3128,0.6099,67
2017-01-24,14:30,14:57,10,2265.2,14.1,2281.55,1.1596,0.1532,above +trigger,pump,0.2184,0.1532,-0.1085,0.1418,20
2017-01-25,12:24,13:00,13,2280.07,14.4808,2294.525,0.9982,0.1374,above +trigger,pump,0.347,-0.028,0.2552,0.2783,59
2017-01-26,12:48,13:15,10,2298.37,14.8378,2296.17,-0.1483,0.1388,"trigger box [-.236,+.236]",flush,0.1907,0.1409,0.0303,0.0714,54
2017-01-27,13:27,15:24,40,2296.68,14.2716,2293.36,-0.2326,0.1093,"trigger box [-.236,+.236]",flush,0.0939,0.1219,0.0701,0.0673,11
2017-02-01,13:27,14:12,16,2278.87,14.6278,2277.12,-0.1196,0.4731,"trigger box [-.236,+.236]",pump,0.3138,0.1736,0.1566,0.0773,35
2017-02-03,12:48,13:54,23,2280.85,14.6004,2296.16,1.0486,0.1384,above +trigger,flush,0.1473,0.076,0.0596,0.0068,41
2017-02-07,14:12,15:00,17,2292.56,14.3793,2292.805,0.017,0.1857,"trigger box [-.236,+.236]",pump,0.1241,0.1325,0.0003,0.0313,19
2017-02-08,14:15,15:30,26,2293.08,14.0123,2294.205,0.0803,0.1934,"trigger box [-.236,+.236]",pump,0.1217,0.0039,0.0168,0.025,9
2017-02-09,12:12,12:45,12,2294.67,13.7635,2307.995,0.9681,0.1867,above +trigger,flush,0.2241,0.1355,-0.0207,0.0421,64
2017-02-16,13:54,14:27,12,2349.25,14.1763,2342.535,-0.4737,0.2349,.382 -> .618 (GG),pump,0.3319,0.0956,0.322,0.2144,30
2017-02-17,12:39,13:42,22,2347.22,14.0523,2343.245,-0.2829,0.1388,put-trig -> .382,pump,0.5305,-0.0075,0.5305,0.4611,45
2017-02-24,14:27,15:21,19,2363.81,13.475,2359.375,-0.3291,0.2189,put-trig -> .382,pump,0.5547,-0.0857,0.5525,0.4453,12
2017-02-27,12:21,13:21,21,2367.34,13.5461,2366.87,-0.0347,0.1654,"trigger box [-.236,+.236]",pump,0.3447,-0.0613,0.2067,0.2621,52
2017-03-01,13:03,14:15,25,2363.64,13.0921,2397.42,2.5802,0.2948,above +trigger,pump,0.2719,0.1772,-0.1321,0.1245,34
2017-03-02,13:09,13:39,11,2395.96,14.8241,2386.15,-0.6618,0.143,.618 -> .786,flush,0.1646,0.4034,-0.3056,0.3319,46
2017-03-03,14:36,15:21,16,2381.92,14.8931,2381.325,-0.04,0.1256,"trigger box [-.236,+.236]",pump,0.1722,0.0238,0.0776,0.1094,12
2017-03-06,14:24,15:09,16,2383.12,14.4365,2375.955,-0.4963,0.1171,.382 -> .618 (GG),pump,0.1971,0.0634,-0.0336,0.1385,16
2017-03-07,14:33,15:15,15,2375.31,14.4867,2370.7,-0.3182,0.1933,put-trig -> .382,flush,0.0946,0.3583,-0.1802,0.2616,14
2017-03-10,12:06,12:42,13,2364.87,14.0422,2369.835,0.3536,0.2357,above +trigger,flush,0.2667,0.4839,0.2161,0.366,65
2017-03-13,13:06,13:39,12,2372.6,14.0264,2370.565,-0.1451,0.1561,"trigger box [-.236,+.236]",pump,0.2748,0.0317,0.2207,0.1968,46
2017-03-14,14:06,14:36,11,2373.47,13.4459,2363.815,-0.7181,0.2239,.618 -> .786,pump,0.1848,0.0681,0.1171,0.0729,27
2017-03-20,12:03,12:30,10,2378.25,13.6843,2376.795,-0.1063,0.1732,"trigger box [-.236,+.236]",pump,0.1027,0.5214,-0.2481,0.0161,69
2017-03-21,15:00,15:39,14,2373.47,13.4133,2348.375,-1.8709,0.5569,below -1 ATR,flush,-0.1763,0.4827,-0.3209,0.2043,6
2017-03-23,12:06,13:06,21,2348.45,15.3178,2355.945,0.4893,0.3649,above +trigger,flush,-0.0493,0.9019,-0.6349,0.7194,57
2017-03-29,12:54,13:30,13,2358.57,16.9799,2358.815,0.0144,0.182,"trigger box [-.236,+.236]",pump,0.2677,-0.0562,0.1381,0.1767,49
2017-04-04,12:06,12:42,13,2358.84,15.9732,2357.845,-0.0623,0.1459,"trigger box [-.236,+.236]",flush,0.1681,0.2157,0.1318,0.1427,65
2017-04-05,13:39,14:18,14,2360.16,15.533,2375.455,0.9847,0.2813,above +trigger,flush,-0.0106,1.6053,-1.4443,1.4646,33
2017-04-06,12:00,12:39,14,2352.95,16.412,2358.8,0.3564,0.2242,above +trigger,flush,0.3266,0.3516,-0.0689,0.2395,66
2017-04-07,12:48,13:24,13,2357.49,16.3297,2358.865,0.0842,0.1549,"trigger box [-.236,+.236]",pump,0.2998,0.2226,-0.1914,0.2223,51
2017-04-17,12:57,14:39,35,2328.95,16.2565,2342.135,0.8111,0.1815,above +trigger,pump,0.4309,0.0446,0.4235,0.3402,26
2017-04-18,12:36,13:24,17,2349.01,16.5375,2337.855,-0.6745,0.1723,.618 -> .786,pump,0.4224,-0.0789,0.2549,0.3362,51
2017-04-20,13:06,13:36,11,2338.17,16.4748,2356.47,1.1108,0.2428,above +trigger,pump,0.2974,0.0431,-0.034,0.176,47
2017-04-26,14:45,15:33,17,2388.61,17.4797,2393.79,0.2963,0.2288,above +trigger,flush,-0.1041,0.4022,-0.3536,0.2878,8
2017-04-27,14:12,14:54,15,2387.45,17.0454,2389.605,0.1264,0.1484,"trigger box [-.236,+.236]",flush,0.022,0.1487,-0.0367,0.0745,21
2017-04-28,12:48,14:09,28,2388.77,16.5007,2384.48,-0.26,0.1515,put-trig -> .382,flush,0.0497,0.1285,-0.0164,0.0527,36
2017-05-02,13:06,13:51,16,2388.33,15.7135,2390.49,0.1375,0.1476,"trigger box [-.236,+.236]",flush,0.0312,0.2476,0.0178,0.1737,42
2017-05-03,12:30,13:18,17,2391.17,15.099,2384.99,-0.4093,0.1258,.382 -> .618 (GG),flush,0.3199,0.1609,0.1748,0.098,53
2017-05-08,15:00,15:39,14,2399.29,14.2352,2397.6,-0.1187,0.1264,"trigger box [-.236,+.236]",flush,0.0948,0.111,0.0948,0.0478,6
2017-05-09,14:30,15:06,13,2399.38,13.7498,2398.075,-0.0949,0.1578,"trigger box [-.236,+.236]",flush,0.0738,0.4098,-0.0935,0.3309,17
2017-05-10,12:03,13:00,20,2396.92,13.5841,2398.33,0.1038,0.1384,"trigger box [-.236,+.236]",pump,0.1038,0.1215,0.0824,0.0346,59
2017-05-15,12:36,13:15,14,2390.9,13.0087,2401.51,0.8156,0.1322,above +trigger,pump,0.1284,0.1714,0.0569,0.0623,54
2017-05-19,13:57,14:30,12,2365.72,15.6154,2386.49,1.3301,0.146,above +trigger,pump,0.1646,0.4438,-0.3298,0.0916,29
2017-05-22,13:09,13:54,16,2381.73,16.1671,2392.845,0.6875,0.1194,above +trigger,flush,0.1617,0.0925,0.0498,0.0328,41
2017-05-26,13:12,13:45,12,2415.07,14.7605,2415.17,0.0068,0.107,"trigger box [-.236,+.236]",flush,0.0596,0.0664,0.0305,0.0129,44
2017-05-30,14:03,15:00,20,2415.82,14.0262,2413.965,-0.1323,0.1718,"trigger box [-.236,+.236]",none,0.0859,0.0774,-0.0774,0.0,19
2017-06-02,13:00,13:30,11,2430.06,13.7504,2437.28,0.5251,0.1658,above +trigger,pump,0.2145,0.0647,0.0356,0.1316,49
2017-06-06,12:30,13:12,15,2436.1,13.0602,2432.635,-0.2653,0.1677,put-trig -> .382,flush,0.2737,0.3166,-0.2523,0.2328,55
2017-06-07,15:00,15:42,15,2429.33,12.7052,2433.135,0.2995,0.2149,above +trigger,pump,0.1688,0.1137,-0.0114,0.0614,5
2017-06-12,12:18,12:51,12,2431.77,13.7511,2423.67,-0.589,0.2603,.382 -> .618 (GG),flush,0.4407,0.2342,0.4211,0.104,62
2017-06-13,14:48,15:24,13,2429.39,13.6117,2439.05,0.7097,0.1602,above +trigger,pump,0.1793,0.0867,0.086,0.0992,11
2017-06-14,13:24,14:39,26,2440.35,13.5037,2439.625,-0.0537,0.4599,"trigger box [-.236,+.236]",flush,-0.0181,0.8357,-0.1248,0.6058,26
2017-06-15,13:42,14:18,13,2437.92,13.6399,2428.645,-0.68,0.2573,.618 -> .786,pump,0.3889,-0.0356,0.2709,0.2603,33
2017-06-16,13:51,14:18,10,2432.46,14.0506,2429.49,-0.2114,0.1295,"trigger box [-.236,+.236]",pump,0.2491,0.0584,0.2448,0.1843,33
2017-06-22,13:33,14:42,24,2435.61,14.2455,2440.055,0.312,0.1509,above +trigger,flush,0.0635,0.3885,-0.3745,0.3131,25
2017-06-29,12:21,13:00,14,2440.69,14.7537,2418.845,-1.4806,0.4019,below -1 ATR,flush,0.4524,0.891,0.0674,0.69,59
2017-06-30,12:36,13:06,11,2419.7,16.3449,2425.465,0.3527,0.1511,above +trigger,pump,0.4433,0.1159,-0.1098,0.3677,57
2017-07-05,13:30,14:24,19,2429.01,16.0819,2431.69,0.1666,0.25,"trigger box [-.236,+.236]",pump,0.1996,0.1293,0.0522,0.0746,31
2017-07-07,13:03,13:36,12,2409.75,16.4931,2425.95,0.9822,0.1055,above +trigger,pump,0.0588,0.1455,-0.0649,0.0061,47
2017-07-10,12:45,14:27,35,2425.18,16.5415,2430.39,0.315,0.1233,above +trigger,flush,0.0973,0.1699,-0.1578,0.1082,30
2017-07-11,14:42,15:12,11,2427.43,16.055,2426.085,-0.0838,0.17,"trigger box [-.236,+.236]",pump,0.2002,0.0283,-0.0184,0.1152,15
2017-07-13,13:00,14:00,21,2443.25,16.3834,2447.64,0.268,0.1453,above +trigger,flush,0.1025,0.13,0.0226,0.0574,39
2017-07-14,12:00,12:27,10,2447.83,15.7581,2452.94,0.3243,0.1155,above +trigger,pump,0.6727,-0.0419,0.3947,0.6149,70
2017-07-17,12:48,13:48,21,2459.27,15.8361,2461.86,0.1636,0.1212,"trigger box [-.236,+.236]",flush,-0.0429,0.2545,-0.1667,0.1939,43
2017-07-18,12:18,12:57,14,2459.14,15.1092,2457.165,-0.1307,0.1238,"trigger box [-.236,+.236]",flush,0.2485,0.142,0.224,0.0801,60
2017-07-19,12:33,13:15,15,2460.61,14.7857,2469.79,0.6209,0.1271,above +trigger,pump,0.2523,-0.0115,0.236,0.1887,54
2017-07-20,13:09,13:39,11,2473.83,14.6739,2475.76,0.1315,0.0954,"trigger box [-.236,+.236]",pump,0.0886,0.1785,-0.1193,0.0409,46
2017-07-21,14:18,15:12,19,2473.45,14.2822,2470.195,-0.2279,0.1309,"trigger box [-.236,+.236]",flush,0.1586,0.1131,0.1418,0.0476,15
2017-07-24,12:54,14:06,25,2472.54,13.8613,2470.165,-0.1713,0.1089,"trigger box [-.236,+.236]",pump,0.2117,-0.0018,0.0703,0.1573,37
2017-07-25,12:36,14:45,44,2469.91,13.3555,2479.56,0.7225,0.1947,above +trigger,flush,0.0157,0.2396,-0.17,0.1423,24
2017-07-27,14:54,15:24,11,2477.83,12.7493,2467.59,-0.8032,0.3467,.786 -> -1 ATR,pump,0.611,-0.1318,0.604,0.4377,11
2017-07-28,12:36,13:48,25,2475.42,13.5608,2469.595,-0.4295,0.1423,.382 -> .618 (GG),pump,0.2902,0.0527,0.1722,0.219,43
2017-08-01,12:48,13:42,19,2470.3,13.08,2476.0,0.4358,0.1101,above +trigger,pump,0.0596,0.1002,0.0122,0.0046,45
2017-08-02,12:48,13:21,12,2476.35,12.7321,2470.2,-0.483,0.2121,.382 -> .618 (GG),pump,0.5804,-0.0801,0.5474,0.4744,52
2017-08-04,13:03,13:39,13,2472.16,12.523,2475.49,0.2659,0.107,above +trigger,pump,0.0982,0.1437,0.0607,0.0447,46
2017-08-07,12:39,13:15,13,2476.83,12.1942,2479.19,0.1935,0.0804,"trigger box [-.236,+.236]",pump,0.1443,0.0771,0.1189,0.1041,54
2017-08-11,12:15,14:12,40,2438.21,14.0639,2444.6,0.4544,0.2204,above +trigger,pump,0.1763,0.4416,-0.2211,0.0661,35
2017-08-14,13:39,14:45,23,2441.32,13.7908,2465.845,1.7784,0.1632,above +trigger,flush,0.1425,0.2099,-0.0475,0.1283,24
2017-08-17,13:48,14:15,10,2468.11,13.9727,2443.43,-1.7663,0.2705,below -1 ATR,flush,-0.0,0.9418,-0.9146,0.8066,34
2017-08-18,14:27,15:21,19,2430.01,15.696,2431.095,0.0691,0.295,"trigger box [-.236,+.236]",flush,0.0334,0.3711,-0.3628,0.2236,12
2017-08-21,14:39,15:21,15,2425.55,15.9735,2424.9,-0.0407,0.2316,"trigger box [-.236,+.236]",pump,0.3237,-0.0876,0.2085,0.2078,12
2017-08-22,13:48,14:15,10,2428.37,15.7775,2448.37,1.2676,0.0862,above +trigger,pump,0.4056,-0.0342,0.2611,0.3625,34
2017-08-24,12:36,13:12,13,2444.04,16.1472,2441.49,-0.1579,0.244,"trigger box [-.236,+.236]",pump,0.2211,0.2236,-0.1499,0.0991,55
2017-08-25,13:51,14:18,10,2438.97,16.0082,2447.325,0.5219,0.1443,above +trigger,pump,0.184,0.277,-0.2439,0.1118,33
2017-08-28,14:57,15:36,14,2443.05,15.9354,2441.98,-0.0671,0.113,"trigger box [-.236,+.236]",pump,0.1318,-0.0126,0.1255,0.0753,7
2017-08-29,13:18,14:39,28,2444.24,15.5179,2444.475,0.0151,0.2056,"trigger box [-.236,+.236]",pump,0.3038,-0.0835,0.1247,0.2011,26
2017-08-30,14:42,15:12,11,2446.3,15.9088,2459.04,0.8008,0.1483,above +trigger,flush,0.0013,0.3174,-0.1175,0.2433,15
2017-08-31,12:57,14:30,32,2457.59,15.9539,2469.29,0.7334,0.178,above +trigger,pump,0.3585,-0.0213,0.1373,0.2695,29
2017-09-06,12:03,12:39,13,2457.85,16.5683,2462.685,0.2918,0.1889,above +trigger,pump,0.4198,-0.0558,0.1777,0.3253,66
2017-09-07,13:42,14:15,12,2465.54,16.227,2464.155,-0.0854,0.1202,"trigger box [-.236,+.236]",pump,0.0872,0.1371,0.0552,0.0271,34
2017-09-12,14:48,15:33,16,2488.11,15.9824,2493.275,0.3232,0.147,above +trigger,pump,0.1855,-0.0435,0.1855,0.112,8
2017-09-14,13:57,14:39,15,2498.37,14.8001,2496.075,-0.1551,0.148,"trigger box [-.236,+.236]",flush,0.0706,0.0943,-0.0206,0.0203,26
2017-09-15,13:27,14:00,12,2495.62,14.2487,2496.99,0.0961,0.1109,"trigger box [-.236,+.236]",pump,0.2218,0.0379,0.1937,0.1663,39
2017-09-19,12:45,13:21,13,2503.87,13.3548,2506.81,0.2201,0.1333,"trigger box [-.236,+.236]",pump,0.0749,0.0592,-0.015,0.0082,52
2017-09-21,13:42,14:27,16,2508.24,12.6935,2504.03,-0.3317,0.1497,put-trig -> .382,flush,0.041,0.2805,-0.2529,0.2056,30
2017-09-22,14:30,15:00,11,2500.6,12.4468,2499.77,-0.0667,0.0819,"trigger box [-.236,+.236]",pump,0.2973,-0.0088,0.1583,0.2563,19
2017-09-25,13:36,14:27,18,2502.22,12.0528,2494.03,-0.6795,0.2804,.618 -> .786,flush,0.2497,0.2481,0.2224,0.1079,30
2017-09-26,12:27,13:12,16,2496.66,12.2283,2498.745,0.1705,0.2821,"trigger box [-.236,+.236]",pump,0.2376,0.2212,-0.1296,0.0965,55
2017-09-27,12:00,12:51,18,2496.84,11.9541,2499.825,0.2497,0.2635,above +trigger,pump,0.9976,-0.0782,0.6136,0.8658,62
2017-09-29,13:03,14:00,20,2510.06,11.9208,2516.885,0.5725,0.13,above +trigger,flush,0.2143,0.138,0.1774,0.073,39
2017-10-02,13:39,14:48,24,2519.36,11.8872,2527.045,0.6465,0.1439,above +trigger,pump,0.1813,0.0585,0.1619,0.1094,23
2017-10-03,12:45,14:15,31,2529.12,11.7431,2532.085,0.2525,0.0979,above +trigger,pump,0.2593,-0.0353,0.2167,0.2103,34
2017-10-05,13:42,14:57,26,2537.74,11.1656,2550.76,1.1661,0.1487,above +trigger,pump,0.1567,0.0385,0.0994,0.0824,20
2017-10-06,13:24,14:15,18,2552.07,11.423,2545.93,-0.5375,0.1208,.382 -> .618 (GG),pump,0.2775,-0.0175,0.2591,0.2171,34
2017-10-09,13:12,14:18,23,2549.33,11.1985,2547.4,-0.1723,0.1161,"trigger box [-.236,+.236]",flush,-0.0259,0.5179,-0.2518,0.4599,33
2017-10-10,13:30,14:15,16,2544.73,11.1286,2548.94,0.3783,0.239,above +trigger,flush,0.1617,0.1411,0.1617,0.0216,34
2017-10-13,12:15,13:06,18,2550.93,10.5418,2556.125,0.4928,0.1698,above +trigger,pump,0.1247,0.3666,-0.249,0.0398,57
2017-10-16,14:12,15:27,26,2553.17,10.2688,2556.035,0.279,0.1393,above +trigger,pump,0.1816,0.0005,0.1427,0.112,10
2017-10-17,12:30,13:24,19,2557.64,10.0232,2556.305,-0.1332,0.1287,"trigger box [-.236,+.236]",flush,0.3397,0.1521,0.2848,0.0878,51
2017-10-18,13:15,14:09,19,2559.36,9.6658,2563.25,0.4024,0.149,above +trigger,pump,0.0848,0.2752,-0.2069,0.0103,36
2017-10-23,12:30,13:30,21,2575.21,9.9422,2573.835,-0.1383,0.1841,"trigger box [-.236,+.236]",flush,-0.0609,0.956,-0.8484,0.864,49
2017-10-24,12:12,13:36,29,2564.98,10.2292,2570.12,0.5025,0.1857,above +trigger,pump,0.2014,0.3001,-0.088,0.1085,47
2017-10-26,12:03,12:30,10,2557.15,11.0926,2564.345,0.6486,0.1884,above +trigger,flush,0.0599,0.3971,-0.3457,0.3029,69
2017-10-27,12:57,13:24,10,2560.4,11.0088,2580.125,1.7917,0.1717,above +trigger,flush,0.2593,0.1449,0.0477,0.059,51
2017-11-02,13:03,13:33,11,2579.36,11.6357,2576.425,-0.2522,0.2054,put-trig -> .382,flush,0.4026,0.1835,0.278,0.0808,48
2017-11-06,13:36,14:57,28,2587.84,11.8559,2591.73,0.3281,0.1518,above +trigger,pump,0.1392,0.0548,-0.0506,0.0633,20
2017-11-07,13:24,14:15,18,2591.13,11.5605,2588.3,-0.2448,0.2422,put-trig -> .382,flush,0.1773,0.2344,0.1773,0.1133,34
2017-11-13,12:42,13:45,22,2582.3,12.4699,2583.725,0.1143,0.1339,"trigger box [-.236,+.236]",pump,0.3156,0.0646,0.0814,0.2486,44
2017-11-14,14:30,14:57,10,2584.84,12.5206,2577.465,-0.589,0.1525,.382 -> .618 (GG),pump,0.1458,0.125,0.1082,0.0695,20
2017-11-16,13:33,14:00,10,2564.62,13.5383,2587.7,1.7048,0.1463,above +trigger,pump,0.1765,0.1957,-0.1647,0.1034,39
2017-11-17,12:39,14:33,39,2585.64,14.3906,2582.005,-0.2526,0.1689,put-trig -> .382,flush,-0.0087,0.3047,-0.2248,0.2203,28
2017-11-20,14:12,15:12,21,2578.85,13.9355,2583.465,0.3312,0.1686,above +trigger,flush,-0.0614,0.1876,-0.0994,0.1033,15
2017-11-22,12:12,13:51,34,2599.03,13.801,2596.245,-0.2018,0.1471,"trigger box [-.236,+.236]",pump,0.2018,-0.0533,0.0533,0.1283,42
2017-11-29,13:09,13:51,15,2627.04,13.4028,2624.66,-0.1776,0.2701,"trigger box [-.236,+.236]",flush,0.2007,0.1947,0.0925,0.0597,42
2017-12-01,14:03,14:48,16,2647.58,14.785,2636.835,-0.7267,0.3294,.618 -> .786,flush,0.4055,0.2229,0.3358,0.0582,23
2017-12-04,13:39,14:06,10,2642.22,16.9504,2655.3,0.7717,0.2572,above +trigger,flush,-0.095,0.9575,-0.9357,0.8289,37
2017-12-05,12:54,14:12,27,2639.44,17.6082,2640.36,0.0522,0.2169,"trigger box [-.236,+.236]",flush,-0.0608,0.7173,-0.6179,0.6088,35
2017-12-06,14:30,15:33,22,2629.57,17.8498,2632.255,0.1504,0.2415,"trigger box [-.236,+.236]",flush,-0.0255,0.2328,-0.1476,0.112,8
2017-12-07,12:27,14:15,37,2629.27,17.2648,2638.97,0.5618,0.234,above +trigger,flush,-0.0429,0.3626,-0.1118,0.2456,34
2017-12-08,13:15,13:45,11,2636.98,17.0644,2650.695,0.8037,0.1119,above +trigger,flush,0.0302,0.2511,0.0302,0.1951,44
2017-12-11,14:09,15:21,25,2651.5,16.8934,2657.265,0.3413,0.1403,above +trigger,flush,0.1814,0.0915,0.1536,0.0213,12
2017-12-12,12:24,13:03,14,2659.99,16.3196,2667.435,0.4562,0.2224,above +trigger,flush,0.1124,0.2417,-0.1762,0.1305,58
2017-12-15,12:54,13:42,17,2652.01,15.4261,2675.215,1.5043,0.1057,above +trigger,pump,0.2862,0.1954,-0.01,0.2334,45
2017-12-18,12:36,13:24,17,2675.81,16.2971,2692.99,1.0542,0.1681,above +trigger,flush,0.0491,0.2215,-0.1442,0.1374,51
2017-12-22,13:00,13:39,14,2684.57,16.0005,2680.825,-0.2341,0.0694,"trigger box [-.236,+.236]",pump,0.2253,-0.0328,0.1734,0.1906,46
2017-12-27,13:45,14:51,23,2680.5,14.6595,2680.555,0.0038,0.1685,"trigger box [-.236,+.236]",flush,0.1279,0.1122,0.1115,0.028,22
2017-12-28,14:18,14:45,10,2682.62,14.0932,2683.395,0.055,0.066,"trigger box [-.236,+.236]",pump,0.3026,-0.028,0.2537,0.2696,24
2017-12-29,14:39,15:12,12,2687.54,13.4465,2683.14,-0.3272,0.1339,put-trig -> .382,pump,0.2023,0.653,-0.5957,0.1354,15
2018-01-02,13:57,15:12,26,2673.61,13.8082,2690.955,1.2561,0.1224,above +trigger,pump,0.3574,-0.0344,0.3509,0.2962,15
2018-01-04,13:30,14:00,11,2713.06,14.7095,2726.06,0.8838,0.1278,above +trigger,pump,0.1339,0.1768,-0.1468,0.07,39
2018-01-05,12:03,12:42,14,2723.99,14.8181,2733.73,0.6573,0.1444,above +trigger,flush,0.656,0.1296,0.629,0.0574,65
2018-01-08,14:36,15:21,16,2743.15,15.1497,2747.17,0.2654,0.1281,above +trigger,flush,0.0885,0.1208,0.0185,0.0568,12
2018-01-09,12:12,12:48,13,2747.71,14.8468,2756.02,0.5597,0.1832,above +trigger,pump,0.2101,0.394,-0.3058,0.1185,63
2018-01-16,13:21,13:48,10,2786.24,15.3612,2788.46,0.1445,0.2526,"trigger box [-.236,+.236]",flush,-0.1237,1.2903,-0.7532,1.164,43
2018-01-18,13:03,13:57,19,2802.56,18.0123,2798.76,-0.211,0.2643,"trigger box [-.236,+.236]",pump,0.3925,0.1865,-0.0339,0.2604,40
2018-01-19,12:06,12:45,14,2798.03,17.6736,2801.825,0.2147,0.1137,"trigger box [-.236,+.236]",pump,0.4705,0.0416,0.4682,0.4136,64
2018-01-22,13:18,14:24,23,2810.3,17.2898,2823.175,0.7447,0.2273,above +trigger,pump,0.5486,0.0466,0.5486,0.4349,31
2018-01-23,12:30,13:36,23,2832.97,17.8341,2836.91,0.2209,0.2153,"trigger box [-.236,+.236]",pump,0.2624,0.0824,0.1632,0.1548,47
2018-01-25,12:27,12:54,10,2837.54,18.1615,2844.065,0.3593,0.1812,above +trigger,flush,0.0801,0.7227,-0.2552,0.6321,61
2018-01-26,14:27,15:00,12,2839.25,18.1228,2860.43,1.1687,0.1898,above +trigger,pump,0.6434,-0.0844,0.6312,0.5485,19
2018-01-29,12:15,12:51,13,2872.87,19.2297,2862.53,-0.5377,0.1851,.382 -> .618 (GG),pump,0.2559,0.5746,-0.4862,0.1633,62
2018-01-30,12:39,13:45,23,2853.53,19.384,2823.205,-1.5644,0.3554,below -1 ATR,pump,0.3975,0.088,-0.04,0.2198,44
2018-02-01,12:36,13:12,13,2823.81,20.9253,2833.855,0.48,0.2012,above +trigger,flush,0.0901,1.011,-0.5665,0.9104,55
2018-02-09,15:00,15:30,11,2581.0,42.2181,2585.655,0.1103,0.7781,"trigger box [-.236,+.236]",pump,1.2557,-0.2789,0.7763,0.8667,9
2018-02-12,12:54,13:51,20,2619.55,46.7725,2657.925,0.8205,0.2529,above +trigger,pump,0.314,0.2113,-0.0429,0.1875,42
2018-02-13,12:39,13:09,11,2656.0,47.2216,2648.5,-0.1588,0.1186,"trigger box [-.236,+.236]",pump,0.4307,-0.0222,0.3141,0.3714,56
2018-02-14,14:00,14:57,20,2662.94,46.1172,2691.78,0.6254,0.2038,above +trigger,pump,0.2238,-0.0572,0.1516,0.1219,20
2018-02-27,14:39,15:06,10,2779.6,42.7524,2760.15,-0.4549,0.2016,.382 -> .618 (GG),flush,-0.0517,0.3663,-0.3663,0.2655,17
2018-03-01,14:45,15:12,10,2713.83,43.2702,2674.855,-0.9007,0.4685,.786 -> -1 ATR,pump,0.3269,0.1522,0.0579,0.0927,15
2018-03-12,12:30,14:12,35,2786.57,41.7602,2785.69,-0.0211,0.1719,"trigger box [-.236,+.236]",flush,0.1513,0.1394,-0.0491,0.0534,35
2018-03-15,12:42,13:42,21,2749.48,39.7314,2752.79,0.0833,0.1369,"trigger box [-.236,+.236]",flush,-0.0448,0.2849,-0.1266,0.2165,45
2018-03-28,13:42,15:03,28,2612.62,45.6583,2612.685,0.0014,0.5026,"trigger box [-.236,+.236]",flush,0.1245,0.3396,-0.1808,0.0883,18
2018-03-29,12:51,13:33,15,2605.0,45.2249,2632.96,0.6182,0.1654,above +trigger,pump,0.5773,-0.0562,0.1952,0.4946,48
2018-04-02,12:33,13:00,10,2640.87,45.8567,2584.07,-1.2386,0.2102,below -1 ATR,flush,0.0504,0.6601,-0.0787,0.555,59
2018-04-03,12:33,13:21,17,2581.88,48.8005,2591.86,0.2045,0.2004,"trigger box [-.236,+.236]",pump,0.559,0.2283,0.4684,0.4588,52
2018-04-09,12:30,13:00,11,2604.47,50.76,2645.34,0.8052,0.1501,above +trigger,pump,0.1617,0.6807,-0.6326,0.0867,59
2018-04-10,13:27,14:06,14,2613.16,50.64,2652.71,0.781,0.2508,above +trigger,pump,0.2516,0.0938,0.0827,0.1262,37
2018-04-11,13:27,15:06,34,2656.87,50.7578,2649.97,-0.1359,0.1907,"trigger box [-.236,+.236]",flush,-0.0567,0.2112,-0.1523,0.1158,17
2018-04-13,12:06,13:18,25,2663.99,47.5604,2661.115,-0.0604,0.1432,"trigger box [-.236,+.236]",pump,0.1389,0.3378,-0.0977,0.0673,53
2018-04-17,13:27,13:57,11,2677.84,45.5005,2704.82,0.593,0.0756,above +trigger,pump,0.1873,0.0664,0.0347,0.1494,40
2018-04-18,12:09,12:39,11,2706.39,44.7862,2713.485,0.1584,0.111,"trigger box [-.236,+.236]",flush,0.0669,0.1111,-0.1046,0.0556,66
2018-04-20,13:00,13:27,10,2693.13,41.4459,2670.12,-0.5552,0.1732,.382 -> .618 (GG),pump,0.1677,0.2295,-0.0077,0.0811,50
2018-04-23,13:18,14:03,16,2670.14,40.8662,2671.805,0.0407,0.15,"trigger box [-.236,+.236]",flush,-0.0317,0.3381,-0.0437,0.2631,38
2018-04-26,14:09,14:39,11,2639.4,40.975,2671.415,0.7813,0.1145,above +trigger,pump,0.1236,0.1566,-0.1068,0.0664,26
2018-04-30,13:06,13:33,10,2669.91,39.0999,2660.19,-0.2486,0.1407,put-trig -> .382,pump,0.1463,0.2967,-0.2967,0.076,48
2018-05-01,12:03,13:03,21,2648.05,38.7985,2631.97,-0.4144,0.184,.382 -> .618 (GG),flush,0.6005,0.1691,0.581,0.0771,58
2018-05-04,12:57,13:48,18,2629.73,37.8752,2659.52,0.7865,0.1341,above +trigger,pump,0.3013,0.0129,0.1109,0.2342,43
2018-05-08,12:48,13:30,15,2672.63,37.7697,2663.815,-0.2334,0.1983,"trigger box [-.236,+.236]",pump,0.2104,0.2281,0.2093,0.1112,49
2018-05-14,12:21,12:51,11,2727.72,34.0762,2734.64,0.2031,0.0875,"trigger box [-.236,+.236]",flush,-0.0337,0.2691,-0.1288,0.2254,62
2018-05-16,13:21,14:03,15,2711.45,32.5007,2724.745,0.4091,0.116,above +trigger,pump,0.0928,0.2183,-0.0795,0.0348,38
2018-05-18,12:57,13:45,17,2720.13,30.5768,2715.185,-0.1617,0.1442,"trigger box [-.236,+.236]",flush,0.0424,0.0813,-0.0702,0.0092,44
2018-05-21,13:06,14:15,24,2712.97,29.1749,2733.81,0.7143,0.1536,above +trigger,flush,-0.012,0.1844,-0.0336,0.1076,34
2018-05-22,13:18,14:12,19,2733.01,28.9638,2735.27,0.078,0.1029,"trigger box [-.236,+.236]",pump,0.0867,0.4623,-0.375,0.0352,35
2018-05-23,13:30,14:03,12,2724.44,28.3493,2717.795,-0.2344,0.1972,"trigger box [-.236,+.236]",pump,0.548,-0.0901,0.5388,0.4494,38
2018-05-24,13:57,14:45,17,2733.29,28.0236,2727.845,-0.1943,0.1524,"trigger box [-.236,+.236]",flush,0.0919,0.1112,-0.0152,0.035,24
2018-05-25,13:00,13:27,10,2727.76,27.8726,2720.18,-0.272,0.0897,put-trig -> .382,flush,0.0897,0.1862,0.0287,0.1414,50
2018-05-30,14:12,15:21,24,2689.86,28.06,2727.155,1.3291,0.1557,above +trigger,flush,-0.0536,0.1969,-0.1121,0.119,12
2018-05-31,13:00,13:36,13,2724.01,28.8757,2711.38,-0.4374,0.2251,.382 -> .618 (GG),flush,0.0132,0.3706,-0.1898,0.258,47
2018-06-04,13:12,13:39,10,2734.62,28.7068,2745.725,0.3868,0.0986,above +trigger,flush,0.0907,0.0726,0.0385,0.0233,46
2018-06-06,12:21,13:33,25,2748.8,26.6524,2760.37,0.4341,0.1313,above +trigger,pump,0.4439,0.0146,0.433,0.3782,48
2018-06-07,15:06,15:33,10,2772.35,26.4579,2768.415,-0.1487,0.2438,"trigger box [-.236,+.236]",pump,0.1446,0.0372,0.0539,0.0227,8
2018-06-08,13:21,14:12,18,2770.37,25.9781,2774.515,0.1596,0.2106,"trigger box [-.236,+.236]",pump,0.1877,0.0225,0.1492,0.0824,35
2018-06-11,12:57,13:48,18,2779.03,25.2511,2789.02,0.3956,0.0943,above +trigger,flush,-0.0024,0.3053,-0.3018,0.2582,43
2018-06-18,14:00,14:30,11,2779.66,22.0887,2772.205,-0.3375,0.1689,put-trig -> .382,pump,0.1261,0.1111,0.0763,0.0417,29
2018-06-19,14:57,15:24,10,2773.75,22.1209,2762.105,-0.5264,0.2663,.382 -> .618 (GG),flush,0.0644,0.1878,0.0287,0.0547,11
2018-06-22,12:27,13:48,28,2749.76,22.1851,2761.49,0.5287,0.1668,above +trigger,pump,0.1149,0.3971,-0.3358,0.0316,43
2018-07-06,13:54,14:36,15,2736.61,25.8883,2760.45,0.9209,0.1275,above +trigger,flush,0.153,0.2043,-0.0278,0.1406,27
2018-07-13,14:09,15:00,18,2798.29,24.9656,2800.575,0.0915,0.0949,"trigger box [-.236,+.236]",pump,0.0895,0.0226,0.0387,0.0421,19
2018-07-16,13:18,13:48,11,2801.31,24.0995,2799.84,-0.061,0.112,"trigger box [-.236,+.236]",flush,-0.0079,0.2502,-0.078,0.1942,43
2018-07-18,12:45,13:39,19,2809.55,23.2463,2814.485,0.2123,0.1106,"trigger box [-.236,+.236]",flush,0.097,0.1267,0.051,0.0714,46
2018-07-19,13:03,13:30,10,2815.62,22.3622,2806.05,-0.428,0.2871,.382 -> .618 (GG),pump,0.2683,0.1409,-0.0854,0.1248,49
2018-07-20,12:45,13:21,13,2804.49,21.8971,2805.82,0.0607,0.1334,"trigger box [-.236,+.236]",flush,0.0493,0.2653,-0.179,0.1987,52
2018-08-02,15:03,15:36,12,2813.36,21.6403,2825.875,0.5783,0.165,above +trigger,pump,0.1865,-0.04,0.0709,0.104,7
2018-08-03,14:33,15:00,10,2827.22,22.4924,2836.585,0.4164,0.0707,above +trigger,pump,0.1572,-0.0242,0.1483,0.1218,19
2018-08-07,12:57,13:33,13,2850.4,21.5033,2861.415,0.5122,0.1353,above +trigger,flush,0.0816,0.1732,-0.1337,0.1056,48
2018-08-10,12:36,13:12,13,2853.58,19.3894,2837.725,-0.8177,0.1614,.786 -> -1 ATR,flush,-0.0064,0.6145,-0.2292,0.5338,55
2018-08-17,13:27,13:54,10,2840.69,22.2895,2841.905,0.0545,0.1377,"trigger box [-.236,+.236]",pump,0.6158,-0.0577,0.3524,0.5469,41
2018-08-20,12:45,13:30,16,2850.13,22.2617,2857.44,0.3284,0.0979,above +trigger,pump,0.1042,0.0454,-0.0207,0.0553,49
2018-08-22,13:06,13:36,11,2862.96,20.9895,2863.705,0.0355,0.1234,"trigger box [-.236,+.236]",pump,0.1494,0.1779,-0.0679,0.0877,47
2018-08-23,14:48,15:36,17,2861.82,20.3109,2859.225,-0.1278,0.1768,"trigger box [-.236,+.236]",flush,-0.0672,0.2277,-0.1041,0.1393,7
2018-08-24,12:30,13:12,15,2856.98,19.9137,2874.65,0.8873,0.1517,above +trigger,flush,0.0537,0.221,0.001,0.1451,55
2018-08-27,12:51,13:21,11,2874.69,19.8613,2896.695,1.1079,0.1123,above +trigger,flush,0.0305,0.1357,0.0118,0.0796,52
2018-08-28,14:33,15:36,22,2896.74,20.1255,2898.255,0.0753,0.1515,"trigger box [-.236,+.236]",flush,-0.0107,0.1896,-0.0325,0.1138,7
2018-08-29,12:48,13:24,13,2897.52,19.4215,2913.64,0.83,0.1318,above +trigger,flush,0.1473,0.1596,0.0293,0.0937,51
2018-08-31,12:42,13:18,13,2901.13,19.3493,2895.71,-0.2801,0.1468,put-trig -> .382,pump,0.3938,0.1907,0.277,0.3204,53
2018-09-06,12:09,12:54,16,2888.6,18.8921,2873.245,-0.8128,0.3118,.786 -> -1 ATR,flush,0.5486,0.3152,0.2586,0.1593,61
2018-09-10,12:57,13:24,10,2871.68,19.3383,2877.94,0.3237,0.1903,above +trigger,pump,0.2203,0.0698,-0.0171,0.1251,51
2018-09-11,12:51,13:42,18,2877.13,19.0463,2890.05,0.6783,0.2279,above +trigger,flush,0.0851,0.1659,-0.1045,0.052,45
2018-09-12,13:12,13:45,12,2887.89,19.5244,2887.145,-0.0382,0.2658,"trigger box [-.236,+.236]",flush,0.2517,0.2312,0.0924,0.0983,44
2018-09-13,12:48,13:15,10,2888.92,19.2334,2902.605,0.7115,0.1378,above +trigger,pump,0.1256,0.1318,0.0601,0.0567,54
2018-09-14,13:00,13:30,11,2904.18,19.1338,2898.53,-0.2953,0.2885,put-trig -> .382,pump,0.4071,-0.0941,0.312,0.2629,49
2018-09-19,12:03,12:36,12,2904.31,18.9374,2908.91,0.2429,0.2482,above +trigger,flush,0.0665,0.1468,-0.0412,0.0227,67
2018-09-20,12:24,12:54,11,2907.95,18.1948,2930.07,1.2157,0.1308,above +trigger,pump,0.26,0.0528,0.0627,0.1946,61
2018-09-21,13:15,14:09,19,2930.75,18.813,2933.655,0.1544,0.1696,"trigger box [-.236,+.236]",flush,0.0093,0.3479,-0.231,0.2631,36
2018-09-24,12:42,13:33,18,2929.67,18.4549,2916.005,-0.7405,0.1848,.618 -> .786,pump,0.2896,-0.0371,0.191,0.1972,48
2018-10-01,14:51,15:21,11,2913.98,18.2883,2926.88,0.7054,0.1815,above +trigger,flush,-0.0465,0.4905,-0.105,0.3997,12
2018-10-02,14:09,14:39,11,2924.59,18.6306,2929.53,0.2652,0.1653,above +trigger,flush,-0.0601,0.5389,-0.3382,0.4562,26
2018-10-03,13:21,14:27,23,2923.43,18.1605,2935.885,0.6858,0.1635,above +trigger,flush,-0.0399,0.7998,-0.5983,0.718,30
2018-10-04,13:57,14:45,17,2925.51,18.1848,2889.505,-1.98,0.6142,below -1 ATR,pump,0.7817,-0.1268,0.6272,0.4746,24
2018-10-08,12:36,13:06,11,2885.57,21.3204,2866.905,-0.8755,0.3982,.786 -> -1 ATR,pump,1.0574,0.1513,0.8482,0.8583,57
2018-10-10,12:00,13:00,21,2880.34,21.6673,2837.835,-1.9617,0.6327,below -1 ATR,flush,0.2795,2.4449,-2.366,2.1286,59
2018-10-12,13:54,15:00,23,2728.37,31.0604,2742.315,0.449,0.6217,above +trigger,pump,1.0771,-0.0967,0.778,0.7662,19
2018-10-16,12:12,12:39,10,2750.79,31.8513,2791.83,1.2885,0.1476,above +trigger,pump,0.6791,-0.0571,0.5811,0.6053,66
2018-10-17,13:48,14:15,10,2809.92,34.0526,2809.885,-0.001,0.3034,"trigger box [-.236,+.236]",flush,0.1508,0.349,-0.0239,0.1973,34
2018-10-22,14:15,15:00,16,2767.78,35.6902,2759.5,-0.232,0.2628,"trigger box [-.236,+.236]",pump,0.1956,0.1076,-0.1076,0.0642,19
2018-10-29,13:24,14:06,15,2658.69,45.4361,2675.615,0.3725,0.3114,above +trigger,flush,-0.1137,1.5863,-0.744,1.4306,37
2018-10-30,12:18,13:00,15,2641.25,49.5699,2656.41,0.3058,0.3006,above +trigger,flush,0.5854,0.3202,0.5378,0.1699,59
2018-10-31,14:39,15:30,18,2682.63,49.6071,2730.805,0.9711,0.2373,above +trigger,flush,-0.0664,0.4083,-0.3918,0.2897,9
2018-11-02,12:00,12:39,14,2740.37,48.7033,2717.26,-0.4745,0.3109,.382 -> .618 (GG),flush,0.2137,0.3454,0.0825,0.1899,66
2018-11-06,13:24,14:03,14,2738.31,47.5965,2750.08,0.2473,0.0966,above +trigger,flush,0.1416,0.2343,0.1177,0.1859,38
2018-11-08,12:24,12:54,11,2813.89,46.6134,2811.94,-0.0418,0.0914,"trigger box [-.236,+.236]",flush,-0.0026,0.3636,-0.1105,0.3179,61
2018-11-15,12:06,12:57,18,2701.58,46.2881,2702.06,0.0104,0.2955,"trigger box [-.236,+.236]",flush,0.7198,0.2331,0.6144,0.0853,60
2018-11-16,14:03,14:30,10,2730.2,47.5982,2732.145,0.0409,0.1973,"trigger box [-.236,+.236]",pump,0.2423,-0.0442,0.1052,0.1437,29
2018-11-19,12:48,13:57,24,2736.27,46.6691,2690.105,-0.9892,0.2981,.786 -> -1 ATR,flush,0.254,0.1932,0.0061,0.0441,40
2018-11-20,14:12,15:00,17,2690.73,47.277,2645.415,-0.9585,0.2667,.786 -> -1 ATR,flush,0.0938,0.2939,-0.0756,0.1605,19
2018-11-21,14:09,15:18,24,2641.89,48.1294,2662.58,0.4299,0.16,above +trigger,flush,-0.032,0.2651,-0.2587,0.1851,13
2018-11-27,13:12,13:45,12,2673.45,44.5459,2669.925,-0.0791,0.2261,"trigger box [-.236,+.236]",pump,0.283,-0.0237,0.2816,0.1699,44
2018-11-28,13:03,13:30,10,2682.17,43.2669,2722.545,0.9332,0.2253,above +trigger,pump,0.4959,-0.05,0.4959,0.3832,49
2018-11-29,13:24,14:09,16,2743.79,44.5928,2740.325,-0.0777,0.1191,"trigger box [-.236,+.236]",pump,0.3011,0.0708,-0.0555,0.2415,36
2018-12-06,14:39,15:12,12,2700.06,45.9573,2661.795,-0.8326,0.5464,.786 -> -1 ATR,pump,0.7343,-0.0578,0.7273,0.4611,15
2018-12-11,13:00,13:39,14,2637.72,51.8883,2635.955,-0.034,0.2592,"trigger box [-.236,+.236]",flush,0.4561,0.2824,0.0207,0.1528,46
2018-12-13,12:48,13:15,10,2651.07,51.7347,2644.35,-0.1299,0.2111,"trigger box [-.236,+.236]",pump,0.2157,0.1369,0.1123,0.1102,54
2018-12-14,12:57,13:27,11,2650.54,50.3908,2613.24,-0.7402,0.1627,.618 -> .786,flush,-0.0433,0.385,-0.262,0.3036,50
2018-12-17,14:33,15:18,16,2599.95,50.8415,2555.43,-0.8757,0.2828,.786 -> -1 ATR,flush,-0.096,0.4896,-0.1806,0.3481,13
2018-12-18,13:00,13:30,11,2545.94,52.2521,2564.91,0.363,0.1807,above +trigger,flush,-0.0695,0.6928,-0.3602,0.6025,49
2018-12-20,12:33,14:03,31,2506.96,54.9381,2466.14,-0.743,0.6232,.618 -> .786,flush,0.3984,0.4543,0.0258,0.1427,38
2018-12-21,13:00,14:15,26,2467.42,55.9032,2446.25,-0.3787,0.3714,put-trig -> .382,flush,0.0481,0.6744,-0.5309,0.4887,34
2018-12-24,12:00,12:54,19,2416.62,58.7573,2367.105,-0.8427,0.3933,.786 -> -1 ATR,flush,-0.1592,0.2724,-0.2724,0.0757,9
2018-12-27,13:00,13:42,15,2467.7,63.6646,2422.44,-0.7109,0.1794,.618 -> .786,flush,1.0381,0.3848,1.0381,0.2951,45
2018-12-28,12:24,13:21,20,2488.83,65.6285,2494.18,0.0815,0.202,"trigger box [-.236,+.236]",flush,0.3975,0.2574,-0.137,0.1563,52
2019-01-03,12:45,13:12,10,2510.03,60.932,2472.87,-0.6099,0.2074,.382 -> .618 (GG),flush,-0.0007,0.4745,-0.4142,0.3707,55
2019-01-08,14:45,15:30,16,2549.69,61.8075,2570.83,0.342,0.1731,above +trigger,none,0.0866,-0.0108,0.0555,0.0,9
2019-01-09,13:12,13:45,12,2574.41,59.697,2591.24,0.2819,0.0596,above +trigger,flush,0.0683,0.1962,-0.1074,0.1663,44
2019-01-10,15:00,15:30,11,2584.96,57.3208,2591.275,0.1102,0.1146,"trigger box [-.236,+.236]",pump,0.1142,-0.0242,0.0945,0.0569,9
2019-01-11,14:30,15:36,23,2596.64,55.7836,2591.715,-0.0883,0.1013,"trigger box [-.236,+.236]",pump,0.0784,-0.0377,0.0705,0.0278,7
2019-01-14,13:03,13:33,11,2596.26,53.1733,2586.015,-0.1927,0.0969,"trigger box [-.236,+.236]",pump,0.0622,0.1139,-0.0729,0.0137,48
2019-01-15,13:27,14:18,18,2582.61,51.2217,2606.82,0.4727,0.1429,above +trigger,flush,0.0961,0.2511,0.0646,0.1796,33
2019-01-16,12:30,14:12,35,2610.3,49.7394,2619.12,0.1773,0.1295,"trigger box [-.236,+.236]",pump,0.1335,0.0818,-0.0698,0.0688,35
2019-01-18,12:54,13:27,12,2635.96,46.6772,2671.145,0.7538,0.1489,above +trigger,flush,0.0052,0.1974,-0.0082,0.123,50
2019-01-22,14:00,14:27,10,2670.71,46.1653,2628.02,-0.9247,0.1512,.786 -> -1 ATR,flush,0.1254,0.2329,0.1254,0.1573,30
2019-01-25,13:39,14:27,17,2642.33,44.3709,2665.13,0.5139,0.1798,above +trigger,flush,0.0444,0.1438,-0.0223,0.0539,30
2019-01-28,14:18,14:45,10,2664.76,43.348,2636.63,-0.6489,0.1117,.618 -> .786,pump,0.1691,-0.0088,0.1684,0.1133,24
2019-01-29,13:15,13:45,11,2643.85,43.1589,2641.83,-0.0468,0.1256,"trigger box [-.236,+.236]",pump,0.0788,0.1596,-0.0463,0.016,44
2019-01-31,14:33,15:09,13,2681.05,42.1349,2699.765,0.4442,0.1569,above +trigger,flush,0.2014,0.1204,0.1159,0.042,16
2019-02-01,13:12,13:57,16,2704.1,41.2896,2705.93,0.0443,0.1279,"trigger box [-.236,+.236]",flush,0.0237,0.2192,0.0051,0.1552,40
2019-02-04,12:42,13:15,12,2706.53,39.7532,2714.18,0.1924,0.0785,"trigger box [-.236,+.236]",pump,0.2621,-0.005,0.2621,0.2229,54
2019-02-06,12:09,13:00,18,2737.7,37.0852,2730.805,-0.1859,0.1292,"trigger box [-.236,+.236]",pump,0.1177,0.1026,0.0198,0.0531,59
2019-02-08,13:30,14:06,13,2706.05,36.0683,2694.595,-0.3176,0.1261,put-trig -> .382,pump,0.3689,-0.0514,0.3689,0.3058,37
2019-02-11,12:54,13:30,13,2707.88,35.3663,2710.08,0.0622,0.1159,"trigger box [-.236,+.236]",flush,0.0444,0.1779,-0.0028,0.1199,49
2019-02-12,12:48,13:21,12,2709.8,33.8587,2741.805,0.9453,0.1072,above +trigger,pump,0.1886,-0.0066,0.0657,0.135,52
2019-02-13,12:30,13:21,18,2744.73,34.1824,2751.06,0.1852,0.1082,"trigger box [-.236,+.236]",pump,0.2566,-0.014,0.043,0.2024,52
2019-02-15,12:21,13:06,16,2745.73,32.5141,2768.185,0.6906,0.1332,above +trigger,flush,0.2277,0.1158,0.2262,0.0492,57
2019-02-22,13:48,14:21,12,2774.88,29.6076,2790.255,0.5193,0.1219,above +trigger,flush,0.091,0.293,0.0745,0.232,32
2019-03-01,13:45,14:15,11,2784.49,25.6671,2797.205,0.4954,0.0947,above +trigger,pump,0.3645,-0.0415,0.2492,0.3171,34
2019-03-04,15:09,15:36,10,2803.69,25.5144,2787.15,-0.6483,0.3088,.618 -> .786,pump,0.2446,-0.0357,0.2446,0.0901,7
2019-03-07,12:24,12:51,10,2771.45,25.8945,2753.565,-0.6907,0.3178,.618 -> .786,pump,0.2879,0.559,-0.1852,0.129,62
2019-03-11,14:12,15:12,21,2743.07,26.378,2779.465,1.3797,0.1399,above +trigger,pump,0.1719,-0.0294,0.1537,0.102,15
2019-03-12,12:30,13:45,26,2783.3,27.4175,2794.235,0.3988,0.1448,above +trigger,pump,0.149,0.2332,-0.0939,0.0766,44
2019-03-14,14:39,15:06,10,2810.92,26.7597,2807.785,-0.1172,0.1528,"trigger box [-.236,+.236]",pump,0.1478,0.0032,0.0346,0.0714,17
2019-03-18,12:18,12:48,11,2822.48,25.4281,2825.615,0.1233,0.164,"trigger box [-.236,+.236]",pump,0.349,-0.056,0.2928,0.267,63
2019-03-22,12:36,13:06,11,2854.88,26.5976,2808.255,-1.753,0.4606,below -1 ATR,pump,0.5649,0.2927,-0.2679,0.3346,57
2019-03-27,14:12,15:30,27,2818.46,28.5402,2806.84,-0.4071,0.3203,.382 -> .618 (GG),none,0.1549,0.1219,-0.0529,0.0,9
2019-03-28,12:12,12:39,10,2805.37,29.2044,2802.565,-0.096,0.2599,"trigger box [-.236,+.236]",pump,0.4946,-0.0669,0.4367,0.3647,66
2019-03-29,13:15,14:06,18,2815.44,28.6141,2826.73,0.3946,0.1677,above +trigger,pump,0.325,-0.0126,0.2845,0.2411,37
2019-04-01,14:48,15:27,14,2834.4,28.041,2863.185,1.0265,0.1487,above +trigger,pump,0.2216,-0.0305,0.1218,0.1473,10
2019-04-02,14:03,14:36,12,2867.19,28.538,2866.235,-0.0335,0.0873,"trigger box [-.236,+.236]",pump,0.1253,0.0149,0.0384,0.0816,27
2019-04-04,13:48,14:15,10,2873.4,26.9796,2874.475,0.0398,0.1353,"trigger box [-.236,+.236]",pump,0.2211,-0.0295,0.1818,0.1534,34
2019-04-08,14:51,15:39,17,2892.74,25.1902,2892.505,-0.0093,0.1163,"trigger box [-.236,+.236]",pump,0.1368,-0.0466,0.1328,0.0786,6
2019-04-11,14:30,15:06,13,2888.21,23.4135,2884.135,-0.174,0.1832,"trigger box [-.236,+.236]",pump,0.2227,-0.0075,0.1779,0.1311,17
2019-04-15,14:21,14:57,13,2907.41,22.5334,2903.69,-0.1651,0.0914,"trigger box [-.236,+.236]",pump,0.1251,0.0328,0.0786,0.0794,20
2019-04-16,12:00,13:45,36,2905.58,21.861,2909.265,0.1686,0.1176,"trigger box [-.236,+.236]",flush,0.0332,0.3913,-0.1009,0.3326,44
2019-04-17,13:21,13:54,12,2907.06,21.3959,2902.545,-0.211,0.1968,"trigger box [-.236,+.236]",flush,0.0301,0.3316,-0.0946,0.2332,41
2019-04-22,12:09,13:27,27,2905.03,21.1228,2905.5,0.0223,0.0975,"trigger box [-.236,+.236]",pump,0.1898,0.0492,0.1217,0.1411,50
2019-04-23,13:09,14:30,28,2907.97,20.554,2933.07,1.2212,0.1469,above +trigger,pump,0.1007,0.1143,0.0224,0.0272,29
2019-04-24,14:15,14:48,12,2933.68,21.1101,2931.05,-0.1246,0.1506,"trigger box [-.236,+.236]",pump,0.136,0.1942,-0.1795,0.0606,23
2019-04-25,12:57,13:36,14,2927.25,20.3723,2929.52,0.1114,0.1247,"trigger box [-.236,+.236]",pump,0.1743,0.1698,-0.1654,0.1119,47
2019-04-26,12:09,13:06,20,2926.17,20.3643,2929.92,0.1841,0.2043,"trigger box [-.236,+.236]",flush,0.4812,0.1611,0.4812,0.0589,57
2019-04-29,13:15,14:06,18,2939.88,20.504,2947.2,0.357,0.1434,above +trigger,pump,0.1131,0.2195,-0.2195,0.0415,37
2019-04-30,12:45,13:15,11,2943.03,19.7658,2937.69,-0.2702,0.2337,put-trig -> .382,pump,0.5327,0.0157,0.3885,0.4159,54
2019-05-02,14:06,14:45,14,2923.73,20.84,2916.59,-0.3426,0.2668,put-trig -> .382,flush,0.0619,0.3527,0.048,0.2193,24
2019-05-06,12:45,13:24,14,2945.64,22.2036,2917.285,-1.277,0.2698,below -1 ATR,pump,0.9023,-0.1133,0.683,0.7674,51
2019-05-08,13:30,15:18,37,2884.05,27.2816,2891.75,0.2822,0.2962,above +trigger,pump,0.1734,0.4695,-0.4446,0.0253,13
2019-05-09,13:30,14:12,15,2879.42,27.0957,2869.795,-0.3552,0.4558,put-trig -> .382,flush,0.2242,0.3925,0.0183,0.1646,35
2019-05-15,12:33,13:39,23,2834.41,34.8741,2851.25,0.4829,0.1755,above +trigger,pump,0.2131,0.0123,0.0011,0.1253,46
2019-05-17,13:39,15:00,28,2876.32,35.904,2872.405,-0.109,0.3111,"trigger box [-.236,+.236]",flush,-0.043,0.455,-0.3653,0.2994,19
2019-05-20,13:39,14:24,16,2859.53,35.5716,2843.855,-0.4407,0.1633,.382 -> .618 (GG),flush,-0.046,0.3532,-0.1042,0.2716,31
2019-05-22,12:03,12:42,14,2864.36,34.5909,2856.925,-0.2149,0.1628,"trigger box [-.236,+.236]",flush,0.1808,0.1681,-0.0195,0.0867,65
2019-05-23,14:15,14:45,11,2856.27,33.1459,2809.42,-1.4134,0.2015,below -1 ATR,flush,0.4055,0.1186,0.3922,0.0178,24
2019-06-03,13:03,13:57,19,2752.06,33.5553,2745.385,-0.1989,0.6148,"trigger box [-.236,+.236]",flush,0.2094,0.494,-0.0699,0.1866,40
2019-06-04,14:21,15:09,17,2744.45,33.6057,2793.39,1.4563,0.1535,above +trigger,pump,0.3303,-0.0387,0.2979,0.2535,16
2019-06-05,12:15,12:51,13,2803.27,35.4938,2815.105,0.3334,0.2138,above +trigger,pump,0.343,-0.0061,0.3075,0.2361,62
2019-06-06,13:36,14:09,12,2826.15,34.8414,2833.885,0.222,0.095,"trigger box [-.236,+.236]",pump,0.5228,-0.0053,0.2791,0.4753,36
2019-06-07,12:03,12:39,13,2843.49,34.4706,2875.97,0.9423,0.181,above +trigger,pump,0.1845,0.1201,-0.0885,0.094,66
2019-06-10,13:18,13:45,10,2873.34,34.9713,2894.88,0.6159,0.1304,above +trigger,flush,-0.0069,0.2679,-0.2342,0.2027,44
2019-06-13,13:42,14:15,12,2879.84,33.0556,2889.875,0.3036,0.1207,above +trigger,flush,0.0864,0.2379,0.0773,0.1776,34
2019-06-14,13:09,14:15,23,2891.64,31.7945,2884.635,-0.2203,0.1223,"trigger box [-.236,+.236]",pump,0.3087,-0.0297,0.0725,0.2475,34
2019-06-21,13:03,14:09,23,2954.18,29.4625,2953.57,-0.0207,0.1602,"trigger box [-.236,+.236]",pump,0.1531,0.1595,-0.0988,0.073,36
2019-06-24,12:48,13:45,20,2950.46,28.5923,2950.245,-0.0075,0.1179,"trigger box [-.236,+.236]",flush,-0.031,0.2167,-0.1698,0.1577,44
2019-06-26,12:06,12:39,12,2917.38,27.5538,2922.905,0.2005,0.139,"trigger box [-.236,+.236]",pump,0.1072,0.3598,-0.3363,0.0377,66
2019-06-27,13:03,13:30,10,2913.78,26.9857,2927.165,0.496,0.0826,above +trigger,pump,0.0791,0.1295,-0.0802,0.0378,49
2019-07-02,14:45,15:30,16,2964.33,26.4099,2965.695,0.0517,0.1852,"trigger box [-.236,+.236]",pump,0.2796,-0.0418,0.2796,0.1871,9
2019-07-08,12:24,13:12,17,2990.41,25.7136,2972.97,-0.6782,0.1454,.618 -> .786,pump,0.2158,0.112,0.1248,0.1431,55
2019-07-09,12:51,14:21,31,2975.95,25.3284,2974.66,-0.0509,0.1374,"trigger box [-.236,+.236]",flush,0.2858,0.0876,0.2081,0.019,32
2019-07-11,12:12,12:42,11,2993.07,24.7315,2999.72,0.2689,0.0647,above +trigger,flush,0.0295,0.4415,-0.0,0.4092,65
2019-07-12,12:09,12:51,15,2999.91,23.9314,3005.895,0.2501,0.1157,above +trigger,pump,0.3353,0.0086,0.3215,0.2775,62
2019-07-15,12:27,13:33,23,3013.77,23.2227,3009.97,-0.1636,0.1033,"trigger box [-.236,+.236]",pump,0.1817,-0.025,0.1757,0.13,48
2019-07-17,13:00,13:39,14,3004.04,21.6133,2995.63,-0.3891,0.1295,.382 -> .618 (GG),pump,0.0944,0.5145,-0.5076,0.0296,46
2019-07-22,13:18,13:57,14,2976.61,22.4239,2985.475,0.3953,0.1173,above +trigger,pump,0.2335,0.1327,-0.0261,0.1748,40
2019-07-24,13:30,14:15,16,3005.47,21.7608,3010.41,0.227,0.1875,"trigger box [-.236,+.236]",pump,0.4191,-0.0492,0.4108,0.3254,34
2019-07-26,12:30,13:18,17,3003.67,21.8677,3023.1,0.8885,0.1207,above +trigger,pump,0.2232,0.0398,0.1235,0.1628,53
2019-07-31,13:18,13:48,11,3013.18,21.2031,3015.115,0.0913,0.0995,"trigger box [-.236,+.236]",flush,0.0215,2.6899,-1.6292,2.6402,43
2019-08-06,12:18,13:06,17,2844.74,33.8353,2857.925,0.3897,0.297,above +trigger,pump,0.7825,-0.0891,0.6849,0.634,57
2019-08-08,15:09,15:36,10,2883.98,36.5519,2930.17,1.2637,0.1631,above +trigger,pump,0.2339,-0.0315,0.2252,0.1524,7
2019-08-09,12:18,12:45,10,2938.09,37.8511,2904.76,-0.8806,0.2203,.786 -> -1 ATR,pump,0.7389,-0.0948,0.3561,0.6288,64
2019-08-13,12:39,13:06,10,2883.09,38.404,2929.625,1.2117,0.1648,above +trigger,pump,0.1483,0.1686,-0.0835,0.0659,57
2019-08-16,12:00,13:06,23,2847.6,42.8042,2885.705,0.8902,0.1451,above +trigger,pump,0.1851,0.0282,0.0672,0.1126,57
2019-08-21,14:03,14:36,12,2900.51,41.6312,2923.635,0.5555,0.141,above +trigger,flush,0.0376,0.1291,0.0229,0.0586,27
2019-08-23,12:30,13:00,11,2922.95,40.2373,2870.48,-1.304,0.2987,below -1 ATR,flush,-0.0239,0.8825,-0.5475,0.7332,59
2019-08-28,14:15,14:45,11,2869.16,42.7465,2885.73,0.3876,0.0987,above +trigger,pump,0.1006,0.0709,0.0517,0.0512,24
2019-08-29,12:27,13:45,27,2887.94,42.3346,2926.43,0.9092,0.0997,above +trigger,pump,0.0961,0.1115,-0.0475,0.0463,44
2019-09-03,12:15,13:30,26,2926.46,41.2621,2902.545,-0.5796,0.183,.382 -> .618 (GG),flush,0.1547,0.1846,0.0992,0.0931,49
2019-09-04,12:27,12:57,11,2906.27,40.7869,2932.605,0.6457,0.0875,above +trigger,pump,0.1529,0.0854,0.1227,0.1091,60
2019-09-05,14:00,14:54,19,2937.78,40.2,2975.585,0.9404,0.1067,above +trigger,pump,0.1257,0.0203,0.0009,0.0724,21
2019-09-06,14:12,15:42,31,2976.0,40.7629,2982.605,0.162,0.1097,"trigger box [-.236,+.236]",flush,-0.0467,0.1488,-0.0779,0.094,5
2019-09-12,12:15,12:42,10,3000.93,35.5705,3013.42,0.3511,0.1254,above +trigger,pump,0.2058,0.1386,-0.1001,0.1431,65
2019-09-13,14:27,15:03,13,3009.57,34.4454,3007.685,-0.0547,0.1019,"trigger box [-.236,+.236]",flush,0.0637,0.1389,-0.0257,0.088,18
2019-09-16,12:36,13:06,11,3007.39,33.0158,2994.0,-0.4056,0.1296,.382 -> .618 (GG),pump,0.1814,-0.0503,0.1181,0.1166,57
2019-09-23,12:21,13:42,28,2992.07,29.709,2994.6,0.0852,0.1306,"trigger box [-.236,+.236]",pump,0.1532,0.102,-0.0922,0.0879,45
2019-09-26,15:00,15:27,10,2984.87,30.8017,2982.13,-0.089,0.2292,"trigger box [-.236,+.236]",pump,0.1672,0.198,-0.1386,0.0526,10
2019-09-27,13:42,14:15,12,2977.62,30.2852,2958.435,-0.6335,0.281,.618 -> .786,flush,0.1461,0.4261,0.122,0.2856,34
2019-09-30,13:09,14:30,28,2961.79,31.1062,2981.86,0.6452,0.1279,above +trigger,flush,0.0016,0.2215,-0.1421,0.1575,29
2019-10-04,12:27,13:42,26,2910.63,35.978,2938.17,0.7655,0.154,above +trigger,pump,0.4328,0.0247,0.3747,0.3558,45
2019-10-09,12:39,13:39,21,2893.06,36.3525,2920.395,0.7519,0.2247,above +trigger,pump,0.2455,0.081,-0.023,0.1331,46
2019-10-11,12:48,13:15,10,2938.13,35.9884,2980.5,1.1773,0.145,above +trigger,flush,0.3223,0.3359,-0.2993,0.2634,54
2019-10-15,12:24,12:54,11,2966.15,35.3958,2998.46,0.9128,0.087,above +trigger,pump,0.1362,0.0879,-0.0703,0.0927,61
2019-10-16,13:42,14:12,11,2995.68,35.5197,2988.12,-0.2128,0.0873,"trigger box [-.236,+.236]",pump,0.138,0.0197,0.0648,0.0943,35
2019-10-22,14:00,14:27,10,3006.72,31.3395,3011.285,0.1457,0.1222,"trigger box [-.236,+.236]",flush,-0.0018,0.5184,-0.475,0.4572,30
2019-10-25,12:54,14:00,23,3010.29,28.3129,3023.58,0.4694,0.1053,above +trigger,flush,0.0173,0.1773,-0.0636,0.1247,39
2019-10-28,14:03,15:21,27,3022.55,28.1084,3040.96,0.655,0.0982,above +trigger,pump,0.0573,0.069,-0.0655,0.0082,12
2019-10-29,13:12,14:00,17,3039.42,27.6385,3043.11,0.1335,0.1274,"trigger box [-.236,+.236]",flush,-0.0637,0.2815,-0.2442,0.2178,39
2019-11-01,14:48,15:36,17,3037.56,26.228,3062.66,0.957,0.1624,above +trigger,pump,0.1548,0.0557,0.1548,0.0736,7
2019-11-04,14:03,14:51,17,3066.91,26.4539,3080.2,0.5024,0.0953,above +trigger,flush,-0.0068,0.2015,-0.0718,0.1539,22
2019-11-05,13:42,14:18,13,3078.27,25.8707,3078.475,0.0079,0.1078,"trigger box [-.236,+.236]",pump,0.0543,0.1865,-0.1436,0.0004,33
2019-11-07,12:54,13:24,11,3076.78,23.9788,3093.32,0.6898,0.1335,above +trigger,flush,-0.0033,0.5459,-0.3324,0.4792,51
2019-11-08,12:36,13:57,28,3085.18,23.7654,3085.605,0.0179,0.1359,"trigger box [-.236,+.236]",flush,0.299,0.1033,0.2889,0.0353,40
2019-11-11,14:54,15:30,13,3093.08,23.4614,3086.845,-0.2658,0.0899,put-trig -> .382,flush,-0.0019,0.1204,-0.0032,0.0754,9
2019-11-13,13:06,13:51,16,3091.84,22.6514,3096.47,0.2044,0.1386,"trigger box [-.236,+.236]",pump,0.0702,0.4062,-0.1095,0.0009,42
2019-11-14,13:36,14:21,16,3094.04,22.4092,3089.775,-0.1903,0.3985,"trigger box [-.236,+.236]",pump,0.376,-0.1345,0.3202,0.1767,32
2019-11-18,12:15,13:12,20,3120.46,22.0153,3119.83,-0.0286,0.1317,"trigger box [-.236,+.236]",pump,0.1971,0.0804,0.0836,0.1313,55
2019-11-19,12:39,13:12,12,3122.03,21.3077,3119.62,-0.1131,0.1624,"trigger box [-.236,+.236]",pump,0.26,0.0014,0.0258,0.1788,55
2019-11-20,12:24,12:51,10,3120.18,20.7979,3112.665,-0.3613,0.2101,put-trig -> .382,flush,-0.0695,1.022,-0.2392,0.9169,62
2019-11-21,13:30,14:18,17,3108.46,21.3673,3104.715,-0.1753,0.2373,"trigger box [-.236,+.236]",pump,0.1884,0.2464,-0.0433,0.0697,33
2019-11-25,12:09,12:57,17,3110.29,20.4281,3128.67,0.8997,0.0676,above +trigger,pump,0.2526,0.0,0.2218,0.2188,60
2019-11-27,12:33,13:03,11,3140.52,20.0103,3149.475,0.4475,0.1184,above +trigger,pump,0.2391,-0.0427,0.2236,0.1799,58
2019-12-03,12:03,13:06,22,3113.87,20.2104,3081.635,-1.595,0.3172,below -1 ATR,pump,0.6598,-0.0324,0.5707,0.5012,57
2019-12-06,12:18,12:45,10,3117.43,21.7203,3149.285,1.4666,0.0575,above +trigger,pump,0.0605,0.2267,-0.1733,0.0318,64
2019-12-11,12:54,13:57,22,3132.52,21.4678,3134.515,0.0929,0.1216,"trigger box [-.236,+.236]",pump,0.4409,-0.0175,0.3179,0.3801,40
2019-12-13,13:51,14:39,17,3168.57,21.9714,3169.17,0.0273,0.1802,"trigger box [-.236,+.236]",none,0.0837,0.0665,-0.0291,0.0,26
2019-12-16,13:27,14:09,15,3168.8,22.2713,3196.06,1.224,0.1248,above +trigger,flush,-0.0395,0.2236,-0.2056,0.1612,36
2019-12-17,12:33,13:12,14,3191.45,22.7455,3195.505,0.1783,0.1095,"trigger box [-.236,+.236]",flush,0.0187,0.1712,-0.1559,0.1165,55
2019-12-18,12:33,13:09,13,3192.52,21.6344,3194.81,0.1059,0.0841,"trigger box [-.236,+.236]",pump,0.0864,0.1678,-0.1271,0.0444,56
2019-12-23,15:03,15:39,13,3221.22,20.1734,3224.91,0.1829,0.0942,"trigger box [-.236,+.236]",flush,-0.0392,0.1294,-0.0416,0.0823,6
2019-12-31,13:21,13:48,10,3221.29,18.2811,3218.175,-0.1704,0.1209,"trigger box [-.236,+.236]",pump,0.7409,0.0243,0.6775,0.6805,43
2020-01-07,12:39,13:12,12,3246.28,21.0578,3238.655,-0.3621,0.1534,put-trig -> .382,pump,0.1926,0.127,-0.0829,0.1159,55
2020-01-08,12:36,14:00,29,3237.18,20.5429,3257.31,0.9799,0.2054,above +trigger,pump,0.4751,0.2609,-0.2156,0.3724,39
2020-01-13,13:18,14:21,22,3265.35,21.3952,3281.435,0.7518,0.1332,above +trigger,pump,0.3115,-0.033,0.2975,0.2449,32
2020-01-16,12:27,13:45,27,3289.29,20.9483,3307.475,0.8681,0.1666,above +trigger,pump,0.4571,0.0098,0.4408,0.3738,44
2020-01-17,13:21,13:48,10,3316.81,21.4391,3324.555,0.3613,0.0975,above +trigger,pump,0.2484,0.1546,0.2143,0.1996,43
2020-01-21,12:27,13:15,17,3329.62,20.8413,3328.565,-0.0506,0.1176,"trigger box [-.236,+.236]",flush,-0.0612,0.5736,-0.3654,0.5148,54
2020-01-29,12:39,13:21,15,3276.24,26.6178,3286.195,0.374,0.1349,above +trigger,pump,0.2733,0.4893,-0.4732,0.2059,52
2020-02-04,12:15,13:15,21,3248.92,31.3196,3303.245,1.7345,0.1536,above +trigger,flush,0.1173,0.2339,-0.1646,0.1571,54
2020-02-06,14:42,15:18,13,3334.69,33.7086,3344.655,0.2956,0.1124,above +trigger,flush,0.0728,0.1025,0.0268,0.0463,13
2020-02-10,13:51,14:27,13,3327.71,31.6551,3337.325,0.3037,0.1096,above +trigger,pump,0.4623,-0.0422,0.4623,0.4075,30
2020-02-11,12:27,13:00,12,3352.09,31.8576,3366.73,0.4595,0.1055,above +trigger,pump,0.0979,0.4398,-0.2825,0.0452,59
2020-02-12,12:00,12:39,14,3357.75,31.2635,3375.32,0.562,0.1337,above +trigger,flush,0.1967,0.15,0.1251,0.0832,66
2020-02-13,14:33,15:09,13,3379.45,30.7246,3380.87,0.0462,0.2109,"trigger box [-.236,+.236]",flush,-0.0465,0.29,-0.2249,0.1845,16
2020-02-19,13:09,14:36,30,3370.29,28.8311,3389.905,0.6803,0.1148,above +trigger,pump,0.1254,0.1674,-0.133,0.068,27
2020-02-20,12:27,13:03,13,3386.15,28.431,3355.07,-1.0932,0.3538,below -1 ATR,pump,0.7028,-0.122,0.6264,0.5258,58
2020-02-21,14:27,15:30,22,3373.23,29.8381,3333.635,-1.327,0.2597,below -1 ATR,flush,0.2643,0.1687,0.1382,0.0389,9
2020-02-27,14:36,15:06,11,3116.39,46.082,3036.015,-1.7442,0.5627,below -1 ATR,flush,0.1622,1.2548,-1.2548,0.9735,17
2020-03-04,14:00,14:36,13,3003.37,70.8837,3091.01,1.2364,0.2401,above +trigger,pump,0.5637,0.0532,0.5423,0.4437,27
2020-03-11,13:33,14:12,14,2882.23,97.0966,2751.465,-1.3468,0.2242,below -1 ATR,flush,0.0856,0.4557,-0.1036,0.3436,35
2020-03-12,15:00,15:27,10,2741.38,102.6618,2526.47,-2.0934,0.3931,below -1 ATR,flush,0.1805,0.4638,-0.4536,0.2672,10
2020-03-20,13:33,14:21,17,2409.39,148.4019,2380.39,-0.1954,0.2133,"trigger box [-.236,+.236]",flush,-0.1003,0.5716,-0.5154,0.465,32
2020-03-23,14:30,15:21,18,2304.92,149.0482,2234.05,-0.4755,0.3286,.382 -> .618 (GG),flush,0.1532,0.2353,0.0115,0.071,12
2020-03-26,12:15,13:15,21,2475.56,152.0878,2587.57,0.7365,0.1869,above +trigger,flush,0.3251,0.1953,0.2625,0.1018,54
2020-03-27,14:27,14:57,11,2630.07,152.7565,2574.96,-0.3608,0.1325,put-trig -> .382,pump,0.2681,0.2617,-0.2275,0.2018,20
2020-03-30,12:00,12:48,17,2541.47,149.706,2599.365,0.3867,0.1166,above +trigger,pump,0.2167,0.07,0.1782,0.1584,63
2020-03-31,13:24,15:09,36,2626.65,145.4649,2601.76,-0.1711,0.1655,"trigger box [-.236,+.236]",flush,-0.0492,0.2104,-0.1108,0.1277,16
2020-04-01,13:24,14:00,13,2584.59,140.0917,2481.26,-0.7376,0.1179,.618 -> .786,pump,0.0957,0.2411,-0.067,0.0368,39
2020-04-02,12:39,13:09,11,2470.5,139.878,2513.995,0.3109,0.1419,above +trigger,flush,0.1154,0.3311,0.0835,0.2602,56
2020-04-03,12:57,13:27,11,2526.9,135.4174,2480.63,-0.3417,0.1047,put-trig -> .382,flush,0.1216,0.1526,0.0586,0.1003,50
2020-04-06,13:09,13:45,13,2488.65,131.3319,2628.835,1.0674,0.0779,above +trigger,pump,0.3656,0.0633,0.2461,0.3267,44
2020-04-07,12:57,13:33,13,2663.68,135.3939,2730.56,0.494,0.1262,above +trigger,flush,-0.0346,0.5384,-0.5373,0.4753,48
2020-04-08,12:15,12:42,10,2659.41,132.81,2720.71,0.4616,0.1211,above +trigger,pump,0.3015,0.0931,0.2098,0.2409,65
2020-04-09,12:30,13:57,30,2749.98,130.5622,2807.665,0.4418,0.167,above +trigger,flush,-0.0104,0.347,-0.1427,0.2635,40
2020-04-14,13:00,13:39,14,2761.63,122.0295,2834.915,0.6006,0.0786,above +trigger,pump,0.1388,0.019,0.0865,0.0995,46
2020-04-16,13:51,14:30,14,2783.36,117.2404,2783.74,0.0032,0.1469,"trigger box [-.236,+.236]",pump,0.1888,0.0131,0.1329,0.1153,29
2020-04-17,13:27,14:03,13,2799.55,111.8797,2847.25,0.4264,0.0806,above +trigger,flush,0.2858,0.1235,0.2351,0.0832,38
2020-04-20,12:21,12:57,13,2874.56,109.579,2862.425,-0.1107,0.0707,"trigger box [-.236,+.236]",flush,-0.0125,0.3832,-0.3589,0.3479,60
2020-04-22,12:06,13:09,22,2736.56,104.9356,2793.945,0.5469,0.0944,above +trigger,pump,0.2016,0.024,0.0388,0.1544,56
2020-04-30,14:36,15:12,13,2939.51,90.4271,2900.665,-0.4296,0.0961,.382 -> .618 (GG),pump,0.1895,-0.0248,0.1044,0.1414,15
2020-05-01,12:45,13:15,11,2912.43,87.328,2828.575,-0.9602,0.1068,.786 -> -1 ATR,flush,0.127,0.0798,0.0431,0.0263,54
2020-05-06,13:03,13:36,12,2868.44,82.5537,2871.505,0.0371,0.1382,"trigger box [-.236,+.236]",pump,0.0953,0.289,-0.2799,0.0262,47
2020-05-08,12:18,12:54,13,2881.19,77.8855,2921.785,0.5212,0.0592,above +trigger,pump,0.1332,0.1252,0.0955,0.1036,61
2020-05-12,12:24,13:09,16,2930.32,73.452,2925.22,-0.0694,0.1201,"trigger box [-.236,+.236]",flush,-0.0527,0.7551,-0.7551,0.695,56
2020-05-13,13:18,13:54,13,2870.12,73.6504,2816.445,-0.7288,0.1861,.618 -> .786,flush,0.1014,0.3163,0.0518,0.2232,41
2020-05-18,14:00,15:33,32,2863.7,73.1164,2960.215,1.32,0.1235,above +trigger,pump,0.1077,0.1035,-0.1035,0.046,8
2020-05-20,14:00,14:48,17,2922.94,72.9581,2965.735,0.5866,0.1506,above +trigger,pump,0.1356,0.0191,0.0783,0.0603,23
2020-05-21,13:00,14:24,29,2971.61,71.8432,2954.17,-0.2428,0.1417,put-trig -> .382,flush,0.066,0.118,-0.0711,0.0472,31
2020-05-22,13:30,14:00,11,2948.51,69.5637,2947.24,-0.0183,0.0693,"trigger box [-.236,+.236]",pump,0.1369,0.049,0.1176,0.1022,39
2020-05-26,13:57,14:42,16,2955.45,66.2499,3012.215,0.8568,0.0937,above +trigger,flush,-0.0114,0.3629,-0.3077,0.3161,25
2020-05-27,12:54,14:00,23,2991.77,66.2513,3004.245,0.1883,0.2407,"trigger box [-.236,+.236]",pump,0.4831,-0.0799,0.4733,0.3627,39
2020-05-28,13:36,14:24,17,3036.13,66.2691,3064.935,0.4347,0.1127,above +trigger,flush,0.0004,0.6268,-0.5315,0.5704,31
2020-06-02,12:12,12:39,10,3055.73,61.3889,3063.04,0.1191,0.057,"trigger box [-.236,+.236]",pump,0.2917,0.0371,0.2917,0.2632,66
2020-06-05,12:57,13:30,12,3112.35,57.0382,3201.47,1.5625,0.1725,above +trigger,flush,0.0629,0.3175,-0.1283,0.2312,49
2020-06-08,14:33,15:36,22,3193.93,60.0619,3219.615,0.4276,0.1057,above +trigger,pump,0.225,-0.0515,0.225,0.1722,7
2020-06-10,13:06,14:00,19,3207.18,57.1938,3200.845,-0.1108,0.3478,"trigger box [-.236,+.236]",pump,0.3921,0.2085,-0.1959,0.2182,39
2020-06-15,15:00,15:27,10,3041.31,68.4359,3065.685,0.3562,0.2705,above +trigger,flush,0.0246,0.3226,0.0221,0.1873,10
2020-06-16,12:03,12:30,10,3066.59,71.6976,3120.3,0.7491,0.2859,above +trigger,pump,0.2769,0.2205,0.0877,0.1339,69
2020-06-23,12:09,13:18,24,3117.86,65.4059,3148.87,0.4741,0.111,above +trigger,pump,0.0922,0.3325,-0.2621,0.0367,53
2020-06-25,13:00,14:21,28,3050.33,65.9355,3055.88,0.0842,0.1353,"trigger box [-.236,+.236]",flush,0.4606,0.1498,0.4247,0.0822,32
2020-06-30,13:39,14:24,16,3053.24,65.7412,3073.6,0.3097,0.1314,above +trigger,pump,0.5767,-0.0537,0.4042,0.5109,31
2020-07-01,13:42,14:24,15,3100.29,65.594,3117.765,0.2664,0.1288,above +trigger,flush,0.1627,0.0673,-0.0251,0.0029,31
2020-07-02,12:18,13:45,30,3115.86,62.9194,3145.645,0.4734,0.1225,above +trigger,pump,0.1148,0.3357,-0.2472,0.0536,44
2020-07-06,15:00,15:42,15,3130.01,61.9931,3170.325,0.6503,0.1389,above +trigger,pump,0.1641,-0.0575,0.1641,0.0947,5
2020-07-07,13:24,14:21,20,3179.72,61.3207,3170.0,-0.1585,0.107,"trigger box [-.236,+.236]",flush,-0.0369,0.4414,-0.3933,0.388,32
2020-07-08,14:12,15:00,17,3145.32,59.8849,3152.54,0.1206,0.1543,"trigger box [-.236,+.236]",pump,0.2979,-0.0438,0.2962,0.2208,19
2020-07-14,12:06,12:57,18,3155.22,59.9772,3166.745,0.1922,0.2403,"trigger box [-.236,+.236]",flush,0.5703,0.2173,0.5249,0.0972,60
2020-07-16,14:00,14:48,17,3226.56,59.4876,3208.95,-0.296,0.1765,put-trig -> .382,flush,0.1923,0.1441,0.1096,0.0558,23
2020-07-17,12:51,14:03,25,3215.57,57.2363,3220.735,0.0902,0.1155,"trigger box [-.236,+.236]",pump,0.2234,-0.0352,0.067,0.1656,38
2020-07-21,12:30,13:33,22,3251.84,54.3038,3269.085,0.3176,0.1365,above +trigger,pump,0.1364,0.3925,-0.21,0.0681,48
2020-07-22,13:09,13:36,10,3257.3,52.5335,3265.455,0.1552,0.1026,"trigger box [-.236,+.236]",flush,0.2639,0.1893,0.1927,0.138,47
2020-07-24,14:48,15:18,11,3235.66,51.1309,3216.25,-0.3796,0.203,put-trig -> .382,flush,0.0147,0.2224,-0.0002,0.1209,13
2020-07-27,14:00,14:30,11,3215.63,50.0222,3233.42,0.3556,0.1024,above +trigger,pump,0.1601,0.0734,0.1235,0.109,29
2020-07-28,12:45,13:18,12,3239.41,48.3906,3236.925,-0.0514,0.0899,"trigger box [-.236,+.236]",pump,0.1404,0.4289,-0.3748,0.0955,53
2020-07-29,14:00,14:27,10,3218.44,46.902,3248.565,0.6423,0.1516,above +trigger,pump,0.3449,0.0374,0.224,0.2691,30
2020-08-03,12:12,13:30,27,3271.12,47.714,3296.38,0.5294,0.1023,above +trigger,pump,0.1331,0.1115,-0.0411,0.0819,49
2020-08-05,12:39,14:24,36,3306.51,44.6999,3325.615,0.4274,0.0933,above +trigger,pump,0.0965,0.1513,0.0498,0.0499,31
2020-08-10,13:36,14:54,27,3351.28,41.1663,3357.045,0.14,0.1669,"trigger box [-.236,+.236]",pump,0.1517,0.0489,0.0839,0.0683,21
2020-08-12,14:45,15:15,11,3333.69,41.2405,3384.41,1.2299,0.1406,above +trigger,pump,0.0844,0.1559,-0.1115,0.0141,14
2020-08-13,12:51,13:21,11,3380.35,42.1661,3384.66,0.1022,0.1224,"trigger box [-.236,+.236]",flush,-0.0299,0.5054,-0.2696,0.4442,52
2020-08-14,12:03,14:36,52,3373.43,40.8607,3375.415,0.0486,0.1515,"trigger box [-.236,+.236]",flush,-0.0275,0.3371,-0.0728,0.2614,27
2020-08-17,13:33,14:48,26,3372.85,39.1471,3384.745,0.3039,0.0769,above +trigger,flush,0.0259,0.1082,-0.0594,0.0697,23
2020-08-18,13:27,13:57,11,3381.99,37.4037,3391.425,0.2522,0.0858,above +trigger,flush,0.0827,0.1204,-0.0488,0.0775,40
2020-08-21,13:00,13:36,13,3385.51,36.0428,3389.2,0.1024,0.157,"trigger box [-.236,+.236]",pump,0.2985,-0.0105,0.235,0.22,47
2020-08-24,14:03,14:36,12,3397.16,34.9433,3419.99,0.6533,0.1414,above +trigger,flush,0.3463,0.1708,0.3463,0.1002,27
2020-08-26,13:27,14:00,12,3443.62,33.7586,3472.09,0.8433,0.1896,above +trigger,pump,0.266,0.1854,0.2026,0.1712,39
2020-08-28,12:06,12:54,17,3484.55,33.9514,3496.065,0.3392,0.1646,above +trigger,pump,0.3878,0.1786,0.3459,0.3054,61
2020-08-31,12:36,13:27,18,3508.01,33.3056,3506.24,-0.0531,0.1783,"trigger box [-.236,+.236]",pump,0.2561,0.1777,-0.1777,0.1669,50
2020-09-02,14:12,14:42,11,3526.65,32.5328,3564.89,1.1754,0.2176,above +trigger,pump,0.7137,-0.0375,0.47,0.6049,25
2020-09-03,13:27,14:54,30,3580.84,34.599,3456.025,-3.6075,0.7963,below -1 ATR,flush,0.1039,0.827,-0.0059,0.4289,21
2020-09-04,13:48,14:15,10,3455.06,43.087,3400.635,-1.2631,0.3252,below -1 ATR,pump,1.2648,-0.0639,0.6056,1.1022,34
2020-09-08,12:15,13:15,21,3426.96,49.2607,3364.56,-1.2667,0.3406,below -1 ATR,pump,0.2649,0.7164,-0.6677,0.0946,54
2020-09-14,12:12,13:06,19,3340.97,58.4984,3393.365,0.8957,0.1633,above +trigger,flush,0.0529,0.3221,-0.1823,0.2405,57
2020-09-17,13:09,13:36,10,3385.49,56.2134,3339.925,-0.8106,0.1827,.786 -> -1 ATR,pump,0.3207,0.191,0.3164,0.2293,47
2020-09-22,14:51,15:24,12,3281.06,59.587,3307.895,0.4503,0.2187,above +trigger,pump,0.2084,-0.0128,0.1253,0.099,11
2020-09-28,14:18,15:30,25,3298.46,62.9108,3354.39,0.889,0.2019,above +trigger,flush,0.0127,0.1086,-0.0369,0.0076,9
2020-10-01,12:12,12:48,13,3363.0,60.37,3379.215,0.2686,0.1801,above +trigger,pump,0.1283,0.2953,0.0354,0.0383,63
2020-10-02,13:09,13:42,12,3380.8,58.6143,3360.575,-0.3451,0.282,put-trig -> .382,flush,0.1088,0.2195,-0.2086,0.0785,45
2020-10-05,12:18,13:42,29,3348.44,58.5068,3395.19,0.7991,0.0834,above +trigger,flush,0.2458,0.1639,0.2188,0.1222,45
2020-10-06,13:48,14:15,10,3408.63,58.6942,3416.885,0.1406,0.1341,"trigger box [-.236,+.236]",pump,0.25,1.0622,-0.9584,0.183,34
2020-10-08,13:33,14:12,14,3419.45,60.3822,3440.265,0.3447,0.0959,above +trigger,pump,0.1162,0.0115,0.1125,0.0682,35
2020-10-13,12:33,13:51,27,3534.22,57.609,3519.245,-0.2599,0.2258,put-trig -> .382,flush,0.0924,0.3191,-0.1232,0.2062,42
2020-10-15,12:03,13:00,20,3488.67,55.2707,3463.03,-0.4639,0.1878,.382 -> .618 (GG),pump,0.4713,-0.0666,0.3653,0.3774,59
2020-10-16,12:03,12:30,10,3483.34,54.7649,3499.005,0.286,0.1397,above +trigger,flush,0.1595,0.3388,-0.3388,0.269,69
2020-10-19,12:06,13:30,29,3483.81,53.3753,3468.7,-0.2831,0.1982,put-trig -> .382,flush,-0.0753,0.9137,-0.7661,0.8146,49
2020-10-21,13:57,14:24,10,3443.12,55.066,3447.335,0.0765,0.1683,"trigger box [-.236,+.236]",pump,0.2037,0.2218,-0.2216,0.1195,31
2020-10-22,12:15,12:54,14,3435.56,53.4041,3434.36,-0.0225,0.1861,"trigger box [-.236,+.236]",pump,0.49,-0.0831,0.3601,0.397,61
2020-10-28,14:42,15:42,21,3390.68,52.044,3295.455,-1.8297,0.4014,below -1 ATR,flush,-0.0746,0.5104,-0.4453,0.3097,5
2020-11-04,13:51,14:57,23,3369.02,61.3858,3464.15,1.5497,0.2515,above +trigger,flush,0.0034,0.3898,-0.3346,0.2641,20
2020-11-05,13:54,15:12,27,3443.44,65.3747,3521.01,1.1865,0.1836,above +trigger,flush,-0.0291,0.2865,-0.1591,0.1947,15
2020-11-06,12:00,12:36,13,3510.45,66.8201,3508.31,-0.032,0.1817,"trigger box [-.236,+.236]",pump,0.1986,0.135,0.0178,0.1078,67
2020-11-09,13:24,14:00,13,3509.44,64.7072,3618.535,1.686,0.1562,above +trigger,flush,-0.0375,1.0981,-1.0707,1.02,39
2020-11-10,12:45,13:12,10,3550.5,69.8388,3547.97,-0.0362,0.1455,"trigger box [-.236,+.236]",flush,0.0756,0.2827,-0.0249,0.2099,55
2020-11-11,12:09,12:45,13,3545.53,68.0868,3576.115,0.4492,0.0883,above +trigger,pump,0.0741,0.2807,-0.0468,0.03,64
2020-11-13,13:33,14:18,16,3537.01,64.9335,3573.52,0.5623,0.1232,above +trigger,pump,0.3102,-0.0279,0.18,0.2486,33
2020-11-16,14:51,15:42,18,3585.15,64.3419,3613.905,0.4469,0.1829,above +trigger,pump,0.227,-0.0295,0.227,0.1355,5
2020-11-17,13:06,13:48,15,3626.91,62.8432,3617.45,-0.1505,0.1206,"trigger box [-.236,+.236]",flush,0.0901,0.2236,-0.1178,0.1633,43
2020-11-19,12:15,12:45,11,3567.79,60.419,3561.41,-0.1056,0.1596,"trigger box [-.236,+.236]",flush,0.3941,0.0854,0.3393,0.0056,64
2020-11-20,12:42,13:24,15,3581.87,59.0591,3572.335,-0.1614,0.0916,"trigger box [-.236,+.236]",pump,0.088,0.2622,-0.2459,0.0422,51
2020-11-23,13:42,14:48,23,3557.54,56.6277,3569.53,0.2117,0.1162,"trigger box [-.236,+.236]",pump,0.3007,0.0048,0.1529,0.2426,23
2020-11-24,12:33,13:06,12,3577.59,55.2286,3633.07,1.0046,0.0695,above +trigger,pump,0.1673,0.1105,0.0464,0.1325,57
2020-11-30,13:21,14:27,23,3638.35,50.4518,3613.32,-0.4961,0.1594,.382 -> .618 (GG),pump,0.2262,0.005,0.2162,0.1465,30
2020-12-01,14:21,14:54,12,3621.63,49.9881,3674.19,1.0515,0.1548,above +trigger,flush,-0.062,0.3359,-0.2463,0.2585,21
2020-12-02,12:06,13:42,33,3662.45,50.4761,3663.095,0.0128,0.1317,"trigger box [-.236,+.236]",flush,0.1558,0.1116,0.1172,0.0458,45
2020-12-03,12:30,13:33,22,3669.01,48.7363,3673.625,0.0947,0.1488,"trigger box [-.236,+.236]",flush,0.1868,0.3376,-0.146,0.2633,48
2020-12-08,13:27,14:18,18,3691.96,44.1953,3702.42,0.2367,0.0873,above +trigger,pump,0.1364,0.0344,-0.0149,0.0928,33
2020-12-09,14:45,15:42,20,3702.25,43.1542,3667.18,-0.8127,0.3077,.786 -> -1 ATR,pump,0.3179,-0.0489,0.1124,0.1641,5
2020-12-14,13:36,14:27,18,3663.46,42.4329,3667.23,0.0888,0.173,"trigger box [-.236,+.236]",flush,0.0075,0.5041,-0.4874,0.4176,30
2020-12-15,14:54,15:27,12,3647.49,43.0999,3692.11,1.0353,0.1476,above +trigger,flush,0.0582,0.1329,0.055,0.0592,10
2020-12-16,13:12,14:09,20,3694.62,43.4356,3696.825,0.0508,0.2019,"trigger box [-.236,+.236]",flush,0.3326,0.1323,0.097,0.0313,36
2020-12-17,12:18,13:00,15,3701.17,41.9545,3714.97,0.3289,0.123,above +trigger,pump,0.1816,-0.0088,0.1816,0.1201,59
2020-12-18,14:45,15:15,11,3722.48,40.6684,3693.27,-0.7182,0.2149,.618 -> .786,flush,0.5749,0.1827,0.4251,0.0752,14
2020-12-22,14:06,14:33,10,3694.92,42.9855,3694.685,-0.0055,0.0682,"trigger box [-.236,+.236]",flush,-0.0124,0.3163,-0.1799,0.2822,28
2020-12-23,13:30,14:15,16,3687.26,41.4937,3709.04,0.5249,0.106,above +trigger,flush,-0.0289,0.4762,-0.4593,0.4232,34
2020-12-28,12:54,13:42,17,3703.06,38.404,3736.03,0.8585,0.1005,above +trigger,pump,0.1167,0.0641,-0.0203,0.0664,45
2020-12-30,13:18,14:00,15,3727.04,37.9411,3737.51,0.276,0.0938,above +trigger,flush,0.0229,0.1924,-0.1276,0.1455,39
2021-01-04,15:00,15:33,12,3756.07,36.2612,3691.045,-1.7932,0.3378,below -1 ATR,pump,0.4701,-0.1322,0.285,0.3011,8
2021-01-05,12:24,12:54,11,3700.65,41.334,3714.335,0.3311,0.1188,above +trigger,pump,0.5684,-0.0504,0.318,0.509,61
2021-01-07,14:24,14:57,12,3748.14,44.0262,3802.56,1.2361,0.1217,above +trigger,pump,0.2042,0.012,0.0248,0.1433,20
2021-01-13,13:42,14:09,10,3801.19,43.8253,3815.76,0.3325,0.1638,above +trigger,pump,0.1187,0.1579,-0.1271,0.0367,36
2021-01-14,14:00,14:30,11,3809.84,42.7992,3814.79,0.1157,0.1136,"trigger box [-.236,+.236]",flush,-0.0103,0.5124,-0.4334,0.4556,29
2021-01-15,12:18,13:15,20,3795.54,41.9378,3777.995,-0.4184,0.273,.382 -> .618 (GG),pump,0.1582,0.2751,-0.2264,0.0217,54
2021-01-25,13:54,15:09,26,3841.47,39.9191,3845.09,0.0907,0.2144,"trigger box [-.236,+.236]",flush,0.2811,0.2134,0.2595,0.1062,16
2021-01-28,13:00,13:36,13,3750.77,45.6849,3825.21,1.6294,0.2106,above +trigger,pump,0.1158,0.8732,-0.8653,0.0105,47
2021-02-04,14:09,15:30,28,3830.17,52.2167,3862.41,0.6174,0.0919,above +trigger,pump,0.1917,0.0379,0.1789,0.1457,9
2021-02-10,13:45,14:27,15,3911.23,45.6847,3908.24,-0.0654,0.2005,"trigger box [-.236,+.236]",pump,0.2537,0.1007,0.046,0.1534,30
2021-02-16,13:12,14:15,22,3934.83,44.053,3936.615,0.0405,0.1532,"trigger box [-.236,+.236]",pump,0.0968,0.1792,-0.0861,0.0202,34
2021-02-17,13:33,14:06,12,3932.59,42.8049,3923.475,-0.2129,0.1726,"trigger box [-.236,+.236]",pump,0.2368,0.0716,0.1886,0.1505,37
2021-02-22,12:09,12:39,11,3906.71,41.3393,3887.365,-0.468,0.2218,.382 -> .618 (GG),pump,0.3763,0.2831,-0.2396,0.2654,66
2021-02-23,12:36,13:12,13,3876.5,40.6722,3840.715,-0.8798,0.4241,.786 -> -1 ATR,pump,1.3588,-0.1759,0.9838,1.1467,55
2021-02-24,15:00,15:27,10,3881.37,44.2235,3921.225,0.9012,0.1838,above +trigger,pump,0.1679,0.0042,0.1025,0.076,10
2021-03-01,12:30,12:57,10,3811.15,52.1586,3897.825,1.6618,0.1658,above +trigger,flush,0.3197,0.1771,0.0672,0.0941,60
2021-03-10,12:54,14:24,31,3875.44,64.9502,3902.52,0.4169,0.2574,above +trigger,pump,0.2283,0.0794,-0.0574,0.0996,31
2021-03-11,12:03,13:00,20,3898.81,63.3044,3953.77,0.8682,0.1321,above +trigger,pump,0.1027,0.2641,-0.2336,0.0366,59
2021-03-12,14:03,14:42,14,3939.34,63.1727,3933.115,-0.0985,0.1167,"trigger box [-.236,+.236]",pump,0.188,0.0278,0.1582,0.1296,25
2021-03-17,13:18,13:57,14,3962.71,57.472,3943.295,-0.3378,0.1087,put-trig -> .382,pump,0.706,0.0211,0.5336,0.6516,40
2021-03-19,12:39,13:42,22,3915.46,57.2658,3922.34,0.1201,0.1659,"trigger box [-.236,+.236]",pump,0.1359,0.1863,-0.1863,0.0529,45
2021-03-23,12:27,13:06,14,3940.59,55.2687,3941.6,0.0183,0.1545,"trigger box [-.236,+.236]",pump,0.1109,0.7243,-0.5569,0.0337,57
2021-03-25,13:15,13:57,15,3889.14,54.5961,3894.29,0.0943,0.2616,"trigger box [-.236,+.236]",flush,0.4625,0.2524,0.2773,0.1216,40
2021-03-29,13:48,14:21,12,3974.54,56.3604,3972.21,-0.0413,0.1973,"trigger box [-.236,+.236]",flush,0.1707,0.1494,-0.0124,0.0507,32
2021-03-30,12:48,13:39,18,3971.09,55.0904,3953.035,-0.3277,0.161,put-trig -> .382,pump,0.2718,0.0774,0.121,0.1913,46
2021-03-31,14:54,15:39,16,3958.55,53.0653,3986.455,0.5259,0.1935,above +trigger,flush,-0.0046,0.2537,-0.2421,0.157,6
2021-04-07,13:24,13:57,12,4073.94,49.9506,4075.29,0.027,0.1149,"trigger box [-.236,+.236]",pump,0.1439,0.0821,0.0955,0.0865,40
2021-04-08,13:09,14:09,21,4079.95,47.4412,4093.61,0.2879,0.089,above +trigger,pump,0.0965,-0.0002,0.0761,0.0521,36
2021-04-09,12:30,13:03,12,4097.17,45.3554,4106.455,0.2047,0.0633,"trigger box [-.236,+.236]",pump,0.5077,0.0091,0.4697,0.476,58
2021-04-12,14:24,15:30,23,4128.8,44.5422,4121.245,-0.1696,0.1363,"trigger box [-.236,+.236]",pump,0.2361,-0.0059,0.1543,0.1679,9
2021-04-15,14:00,15:06,23,4124.66,40.471,4166.985,1.0458,0.1282,above +trigger,flush,0.1607,0.1365,0.0668,0.0724,17
2021-04-16,13:27,14:03,13,4170.42,41.0681,4179.25,0.215,0.1291,"trigger box [-.236,+.236]",pump,0.2937,-0.0433,0.1329,0.2291,38
2021-04-19,13:54,15:00,23,4185.47,39.6268,4160.0,-0.6427,0.1857,.618 -> .786,pump,0.105,0.1529,0.1045,0.0121,19
2021-04-27,13:45,14:27,15,4187.62,40.6643,4185.23,-0.0588,0.119,"trigger box [-.236,+.236]",pump,0.1997,-0.0015,0.0189,0.1402,30
2021-04-28,13:00,13:45,16,4186.72,38.9833,4188.6,0.0482,0.0995,"trigger box [-.236,+.236]",flush,0.3317,0.1749,-0.1242,0.1252,44
2021-04-30,12:30,13:42,25,4211.47,37.921,4186.215,-0.666,0.1986,.618 -> .786,flush,0.0133,0.2997,-0.1162,0.2004,45
2021-05-03,12:45,14:09,29,4181.17,37.828,4196.53,0.406,0.1639,above +trigger,pump,0.1954,0.2247,-0.0941,0.1134,36
2021-05-04,14:00,14:27,10,4192.66,37.1417,4148.545,-1.1877,0.2787,below -1 ATR,pump,0.4632,0.058,0.4632,0.3239,30
2021-05-05,14:09,15:03,19,4164.66,39.0652,4178.04,0.3425,0.28,above +trigger,flush,-0.0179,0.3863,-0.2601,0.2463,18
2021-05-07,13:54,14:21,10,4201.62,39.415,4226.965,0.643,0.2169,above +trigger,pump,0.2736,0.0136,0.1158,0.1652,32
2021-05-10,12:12,12:39,10,4232.6,39.2011,4232.855,0.0065,0.1804,"trigger box [-.236,+.236]",flush,-0.058,1.1409,-1.1231,1.0507,66
2021-05-12,14:18,14:48,11,4152.1,42.4947,4081.055,-1.6719,0.4017,below -1 ATR,pump,0.2401,0.5689,-0.4181,0.0393,23
2021-05-13,15:09,15:39,11,4063.04,46.2608,4123.655,1.3103,0.2756,above +trigger,pump,0.1713,0.2621,-0.2621,0.0335,6
2021-05-14,13:39,14:06,10,4112.5,47.8522,4172.965,1.2636,0.0825,above +trigger,pump,0.2124,0.0049,-0.0014,0.1712,37
2021-05-24,12:45,13:12,10,4155.86,48.8037,4199.29,0.8899,0.0611,above +trigger,pump,0.2096,0.0637,-0.0496,0.1791,55
2021-05-26,12:45,13:21,13,4188.13,47.847,4199.86,0.2452,0.1149,above +trigger,flush,0.0084,0.1831,-0.0815,0.1256,52
2021-05-28,14:00,14:39,14,4200.88,43.725,4212.015,0.2547,0.0716,above +trigger,pump,0.0671,0.1931,-0.1696,0.0313,26
2021-06-07,12:54,14:09,26,4229.89,39.9455,4218.515,-0.2848,0.1249,put-trig -> .382,pump,0.2374,0.0004,0.2029,0.175,36
2021-06-08,13:00,13:54,19,4226.52,38.2837,4228.355,0.0479,0.1209,"trigger box [-.236,+.236]",flush,0.1422,0.0649,-0.0273,0.0044,41
2021-06-09,13:18,14:06,17,4227.26,37.5727,4231.545,0.114,0.1115,"trigger box [-.236,+.236]",flush,0.0302,0.3408,-0.32,0.285,37
2021-06-14,12:06,12:39,12,4247.44,34.3675,4236.66,-0.3137,0.1187,put-trig -> .382,flush,0.5345,0.0754,0.5345,0.016,66
2021-06-17,14:06,14:33,10,4223.7,33.621,4223.66,-0.0012,0.1362,"trigger box [-.236,+.236]",flush,0.2567,0.1454,-0.0735,0.0773,28
2021-06-21,12:09,13:33,29,4166.45,35.4975,4216.725,1.4163,0.1502,above +trigger,pump,0.268,-0.0356,0.2196,0.193,48
2021-06-22,12:30,14:36,43,4224.79,37.2326,4240.02,0.409,0.1305,above +trigger,pump,0.4249,-0.0462,0.1676,0.3596,27
2021-06-23,14:33,15:27,19,4246.44,37.3282,4250.98,0.1216,0.1548,"trigger box [-.236,+.236]",flush,0.0613,0.2558,-0.2558,0.1784,10
2021-06-24,14:54,15:21,10,4241.84,35.7454,4268.135,0.7356,0.1038,above +trigger,flush,0.0236,0.1042,-0.0452,0.0523,12
2021-06-25,12:09,13:30,28,4266.49,35.2951,4277.65,0.3162,0.098,above +trigger,flush,0.24,0.0606,0.0858,0.0116,49
2021-06-30,13:57,14:39,15,4291.8,31.5898,4293.415,0.0511,0.1238,"trigger box [-.236,+.236]",pump,0.2854,-0.0052,0.1236,0.2235,26
2021-07-01,12:27,13:24,20,4297.5,30.3669,4310.88,0.4406,0.1199,above +trigger,pump,0.3221,-0.0494,0.3059,0.2621,51
2021-07-07,12:36,13:21,16,4343.54,31.1002,4354.33,0.3469,0.2032,above +trigger,pump,0.2428,0.0916,0.1469,0.1412,52
2021-07-12,12:45,14:03,27,4369.55,35.0647,4379.595,0.2865,0.1058,above +trigger,pump,0.2021,-0.0127,0.1718,0.1492,38
2021-07-13,14:15,14:42,10,4384.63,34.178,4375.215,-0.2755,0.2303,put-trig -> .382,flush,0.0481,0.2427,-0.1514,0.1276,25
2021-07-14,14:51,15:36,16,4369.21,33.5545,4379.025,0.2925,0.2846,above +trigger,flush,-0.0004,0.1858,-0.1128,0.0435,7
2021-07-19,13:45,14:36,18,4327.16,34.7775,4240.095,-2.5035,0.3706,below -1 ATR,flush,0.5332,0.1934,0.5332,0.0081,27
2021-07-21,13:00,13:27,10,4323.06,41.8198,4349.915,0.6422,0.1011,above +trigger,pump,0.234,0.0314,0.2012,0.1834,50
2021-07-22,15:06,15:33,10,4358.69,41.4498,4366.98,0.2,0.0926,"trigger box [-.236,+.236]",flush,0.0326,0.0678,0.0094,0.0215,8
2021-07-23,14:03,15:06,22,4367.48,39.9041,4410.4,1.0756,0.1138,above +trigger,flush,0.1198,0.1421,0.0175,0.0852,17
2021-07-26,14:15,14:48,12,4411.79,40.461,4416.81,0.1241,0.0989,"trigger box [-.236,+.236]",pump,0.1463,-0.0116,0.1421,0.0969,23
2021-08-02,14:51,15:18,10,4395.26,37.5031,4398.21,0.0787,0.1424,"trigger box [-.236,+.236]",flush,-0.0523,0.3573,-0.296,0.2861,13
2021-08-05,14:27,15:36,24,4402.66,37.3346,4420.74,0.4843,0.1168,above +trigger,pump,0.2416,-0.0439,0.2218,0.1832,7
2021-08-06,13:45,14:33,17,4429.1,36.6035,4437.095,0.2184,0.0762,"trigger box [-.236,+.236]",flush,0.0108,0.1794,-0.0245,0.1412,28
2021-08-09,12:57,14:06,24,4436.52,34.8283,4432.87,-0.1048,0.0856,"trigger box [-.236,+.236]",pump,0.1573,0.0612,-0.0106,0.1146,37
2021-08-10,13:24,14:09,16,4432.35,33.387,4438.755,0.1918,0.1638,"trigger box [-.236,+.236]",flush,0.037,0.179,-0.0577,0.097,36
2021-08-11,12:00,12:30,11,4436.75,32.0865,4439.745,0.0933,0.1268,"trigger box [-.236,+.236]",pump,0.2638,-0.0528,0.2429,0.2004,69
2021-08-18,13:15,13:51,13,4448.08,32.0293,4439.69,-0.2619,0.1324,put-trig -> .382,pump,0.3082,1.3144,-1.2164,0.242,42
2021-08-24,12:24,13:00,13,4479.53,36.1911,4485.825,0.1739,0.1152,"trigger box [-.236,+.236]",pump,0.193,0.0338,0.0112,0.1354,59
2021-08-25,12:42,15:12,51,4486.23,34.5546,4498.69,0.3606,0.1383,above +trigger,flush,0.0874,0.0914,-0.0735,0.0223,15
2021-08-31,12:12,13:03,18,4528.79,33.1565,4529.265,0.0143,0.1179,"trigger box [-.236,+.236]",flush,-0.0499,0.3292,-0.2055,0.2702,58
2021-09-01,13:42,14:18,13,4522.68,31.9018,4535.61,0.4053,0.0809,above +trigger,flush,-0.0285,0.426,-0.3611,0.3856,33
2021-09-03,14:06,15:36,31,4536.95,30.0623,4539.505,0.085,0.1294,"trigger box [-.236,+.236]",flush,-0.0358,0.1881,-0.1425,0.1234,7
2021-09-07,13:42,14:18,13,4535.43,29.3543,4527.06,-0.2851,0.1499,put-trig -> .382,flush,0.0245,0.2606,-0.2282,0.1857,33
2021-09-08,14:15,15:12,20,4520.03,28.8597,4512.825,-0.2497,0.1944,put-trig -> .382,pump,0.1093,0.1221,0.0407,0.0121,15
2021-09-09,14:18,14:54,13,4514.07,28.7869,4498.625,-0.5365,0.306,.382 -> .618 (GG),pump,0.2527,0.2277,-0.1961,0.0997,21
2021-09-13,12:09,12:51,15,4458.58,31.8169,4461.22,0.083,0.3005,"trigger box [-.236,+.236]",pump,0.264,0.4878,0.2486,0.1138,62
2021-09-15,14:12,15:12,21,4443.05,34.1577,4478.24,1.0302,0.2043,above +trigger,pump,0.2527,-0.0322,0.0887,0.1505,15
2021-09-22,12:27,12:57,11,4354.19,43.1747,4403.84,1.15,0.1621,above +trigger,flush,0.299,0.4544,-0.1904,0.3734,60
2021-09-24,13:00,13:33,12,4448.98,46.3594,4449.925,0.0204,0.1107,"trigger box [-.236,+.236]",flush,0.2846,0.1002,0.122,0.0449,48
2021-09-29,15:06,15:36,11,4352.63,47.4541,4377.57,0.5256,0.169,above +trigger,flush,-0.0847,0.4596,-0.3789,0.3751,7
2021-10-01,12:18,13:24,23,4307.54,48.5526,4331.4,0.4914,0.33,above +trigger,pump,0.9019,-0.1293,0.4863,0.7369,51
2021-10-04,13:15,14:57,35,4357.04,51.2752,4293.6,-1.2372,0.2699,below -1 ATR,pump,0.2588,0.0926,0.1463,0.1238,20
2021-10-05,14:24,15:21,20,4300.46,53.1913,4364.295,1.2001,0.1856,above +trigger,flush,-0.027,0.3802,-0.359,0.2875,12
2021-10-07,13:03,13:54,18,4363.55,55.7881,4422.61,1.0586,0.1151,above +trigger,flush,-0.0278,0.4716,-0.4137,0.4141,41
2021-10-11,14:51,15:27,13,4391.34,54.3512,4378.555,-0.2352,0.204,"trigger box [-.236,+.236]",flush,-0.0606,0.3305,-0.327,0.2285,10
2021-10-13,12:39,13:12,12,4350.65,52.8741,4351.46,0.0153,0.1608,"trigger box [-.236,+.236]",pump,0.4049,-0.0318,0.2368,0.3245,55
2021-10-18,14:00,14:51,18,4471.37,52.6983,4480.73,0.1776,0.0884,"trigger box [-.236,+.236]",pump,0.1522,-0.0159,0.1108,0.108,22
2021-10-20,14:57,15:27,11,4519.63,50.6011,4536.15,0.3265,0.0957,above +trigger,flush,0.0091,0.1162,0.0091,0.0684,10
2021-10-21,12:45,13:30,16,4536.19,48.5038,4534.975,-0.025,0.0835,"trigger box [-.236,+.236]",pump,0.3395,0.0683,0.3071,0.2977,49
2021-10-22,13:33,14:24,18,4549.78,46.7928,4542.385,-0.158,0.1549,"trigger box [-.236,+.236]",pump,0.2388,0.0285,0.0576,0.1613,31
2021-11-04,13:15,13:42,10,4660.57,40.7892,4672.785,0.2995,0.1165,above +trigger,pump,0.1906,0.1227,0.1791,0.1324,45
2021-11-05,14:57,15:33,13,4680.06,39.4778,4697.705,0.447,0.2764,above +trigger,pump,0.1405,0.0799,-0.0331,0.0023,8
2021-11-08,12:36,13:21,16,4697.53,39.4037,4698.35,0.0208,0.1726,"trigger box [-.236,+.236]",pump,0.2183,0.0213,0.083,0.132,52
2021-11-09,12:45,13:45,21,4701.7,38.0556,4678.74,-0.6033,0.2265,.382 -> .618 (GG),flush,0.2042,0.1955,0.1763,0.0822,44
2021-11-15,13:36,14:03,10,4682.85,37.7799,4680.915,-0.0512,0.1083,"trigger box [-.236,+.236]",flush,0.106,0.1232,0.0578,0.0691,38
2021-11-16,12:12,12:42,11,4682.8,36.8356,4708.37,0.6942,0.1309,above +trigger,pump,0.1786,0.2365,-0.2204,0.1132,65
2021-11-17,13:09,13:39,11,4700.9,36.7423,4691.49,-0.2561,0.1236,put-trig -> .382,pump,0.1364,0.0868,-0.0645,0.0746,46
2021-11-18,13:45,14:33,17,4688.67,35.3386,4699.485,0.306,0.247,above +trigger,pump,0.2636,0.0035,0.1479,0.1401,28
2021-11-22,13:27,14:42,26,4697.96,34.5403,4718.475,0.5939,0.2377,above +trigger,pump,0.3913,1.0511,-1.0392,0.2724,25
2021-11-24,12:06,12:39,12,4690.7,37.2098,4688.815,-0.0507,0.1922,"trigger box [-.236,+.236]",pump,0.3777,0.2068,0.3441,0.2816,66
2021-12-02,12:57,13:54,20,4513.04,55.9403,4576.98,1.143,0.3325,above +trigger,pump,0.3304,0.1582,-0.0086,0.1641,41
2021-12-03,14:24,15:27,22,4577.1,58.4252,4508.535,-1.1736,0.4592,below -1 ATR,pump,0.5659,0.0781,0.5149,0.3363,10
2021-12-06,14:15,14:42,10,4538.43,62.317,4604.18,1.0551,0.2044,above +trigger,flush,-0.0497,0.2547,-0.2214,0.1524,25
2021-12-07,14:45,15:21,13,4591.67,63.1637,4686.515,1.5016,0.1195,above +trigger,flush,0.0143,0.2885,0.001,0.2288,12
2021-12-08,12:03,12:42,14,4686.75,65.9641,4684.93,-0.0276,0.1279,"trigger box [-.236,+.236]",pump,0.3052,-0.0379,0.245,0.2412,65
2021-12-10,13:48,14:51,22,4667.45,61.4193,4696.265,0.4692,0.1259,above +trigger,flush,0.2818,0.1307,0.2505,0.0677,22
2021-12-13,13:39,14:09,11,4712.02,60.3265,4679.735,-0.5352,0.1417,.382 -> .618 (GG),pump,0.1801,0.2012,-0.177,0.1092,36
2021-12-14,12:30,13:18,17,4668.97,59.1903,4611.885,-0.9644,0.1813,.786 -> -1 ATR,pump,0.6064,0.059,0.3865,0.5158,53
2021-12-15,13:24,14:00,13,4634.09,59.4231,4622.08,-0.2021,0.2878,"trigger box [-.236,+.236]",pump,1.5233,0.0113,1.4521,1.3794,39
2021-12-17,15:00,15:30,11,4668.67,63.6829,4641.26,-0.4304,0.331,.382 -> .618 (GG),flush,-0.0537,0.4116,-0.3298,0.2461,9
2021-12-21,14:27,14:54,10,4568.02,65.846,4641.795,1.1204,0.1414,above +trigger,pump,0.1419,0.1492,0.1091,0.0712,21
2021-12-23,12:51,13:33,15,4696.56,66.0127,4729.025,0.4918,0.0726,above +trigger,pump,0.1775,0.061,-0.0566,0.1412,48
2022-01-05,13:39,14:06,10,4793.54,53.0242,4775.35,-0.3431,0.4051,put-trig -> .382,flush,-0.0685,1.4316,-1.4118,1.2291,37
2022-01-06,14:12,14:54,15,4700.58,56.2554,4707.275,0.119,0.2163,"trigger box [-.236,+.236]",pump,0.2022,0.3353,-0.196,0.094,21
2022-01-07,12:57,14:21,29,4696.05,56.0764,4686.28,-0.1742,0.214,"trigger box [-.236,+.236]",flush,0.1683,0.1835,-0.1742,0.0765,32
2022-01-10,12:30,13:00,11,4677.03,55.3002,4606.225,-1.2804,0.3817,below -1 ATR,pump,1.2079,-0.0742,1.1505,1.017,59
2022-01-11,12:30,13:15,16,4670.29,58.1209,4689.015,0.3222,0.1949,above +trigger,pump,0.4321,-0.0882,0.4104,0.3346,54
2022-01-12,12:21,12:51,11,4713.07,59.388,4728.675,0.2628,0.1423,above +trigger,pump,0.0988,0.2335,-0.0358,0.0276,62
2022-01-19,12:57,13:33,13,4577.11,62.4078,4589.395,0.1969,0.2303,"trigger box [-.236,+.236]",flush,-0.0927,0.9485,-0.9019,0.8334,48
2022-01-21,12:36,13:21,16,4482.73,68.0751,4443.625,-0.5744,0.3471,.382 -> .618 (GG),flush,0.1141,0.7093,-0.6721,0.5357,52
2022-01-25,12:39,13:24,16,4410.13,79.1849,4328.72,-1.0281,0.3387,below -1 ATR,pump,1.0392,-0.1707,0.3701,0.8699,51
2022-01-26,12:03,12:39,13,4356.45,82.3789,4426.015,0.8445,0.1363,above +trigger,pump,0.3304,1.4714,-0.956,0.2622,66
2022-01-31,13:33,14:06,12,4431.85,93.0261,4487.42,0.5974,0.1608,above +trigger,pump,0.3168,0.1716,0.3012,0.2364,37
2022-02-02,13:33,14:39,23,4546.54,91.8172,4578.015,0.3428,0.1901,above +trigger,pump,0.1884,-0.0236,0.1058,0.0933,26
2022-02-03,12:48,14:33,36,4589.38,88.9009,4512.435,-0.8655,0.1778,.786 -> -1 ATR,flush,-0.0634,0.4729,-0.375,0.384,28
2022-02-04,14:00,14:57,20,4477.44,91.0502,4515.275,0.4155,0.1798,above +trigger,pump,0.2678,0.1699,-0.1699,0.1779,20
2022-02-07,12:30,13:06,13,4500.53,90.8437,4489.87,-0.1173,0.1959,"trigger box [-.236,+.236]",pump,0.3521,0.2025,-0.0633,0.2542,57
2022-02-09,13:15,13:57,15,4521.54,86.3803,4576.925,0.6412,0.0721,above +trigger,pump,0.1517,0.0776,0.1149,0.1157,40
2022-02-10,14:27,15:09,15,4587.18,85.1024,4515.74,-0.8395,0.286,.786 -> -1 ATR,flush,0.0779,0.3693,-0.1465,0.2263,16
2022-02-11,12:15,12:51,13,4504.08,86.4958,4486.18,-0.2069,0.2023,"trigger box [-.236,+.236]",flush,0.0131,0.98,-0.8014,0.8789,62
2022-02-15,14:21,15:33,25,4401.67,87.2504,4463.05,0.7035,0.1524,above +trigger,flush,0.1114,0.1545,0.0877,0.0783,8
2022-02-16,13:36,14:06,11,4471.07,86.0968,4445.02,-0.3026,0.2992,put-trig -> .382,pump,0.5172,-0.0129,0.3515,0.3676,37
2022-02-25,14:18,15:00,15,4288.7,94.0459,4370.355,0.8682,0.2536,above +trigger,pump,0.1593,0.1149,0.1539,0.0325,19
2022-03-02,12:00,13:03,22,4306.26,93.3201,4384.225,0.8355,0.2401,above +trigger,pump,0.1849,0.0019,0.0149,0.0648,58
2022-03-03,13:33,14:39,23,4386.54,93.4558,4389.145,0.0279,0.1846,"trigger box [-.236,+.236]",flush,-0.0388,0.4613,-0.2718,0.3691,26
2022-03-07,12:54,13:54,21,4328.87,90.9134,4236.795,-1.0128,0.239,below -1 ATR,flush,0.0763,0.4064,-0.3875,0.2869,41
2022-03-09,13:12,13:42,11,4170.7,95.4521,4281.8,1.1639,0.1345,above +trigger,flush,0.1844,0.1383,-0.0445,0.071,45
2022-03-14,14:21,14:57,13,4204.31,95.332,4168.52,-0.3754,0.1427,put-trig -> .382,pump,0.1633,0.0555,0.0393,0.092,20
2022-03-15,14:03,14:42,14,4173.11,94.6547,4226.41,0.5631,0.1874,above +trigger,pump,0.4716,-0.0773,0.383,0.3779,25
2022-03-17,15:06,15:39,12,4357.86,95.748,4393.7,0.3743,0.184,above +trigger,pump,0.175,-0.0515,0.174,0.083,6
2022-03-18,14:00,14:54,19,4411.67,94.4103,4437.97,0.2786,0.1188,above +trigger,pump,0.2905,-0.0365,0.2635,0.2311,21
2022-03-21,13:54,14:24,11,4463.12,93.0117,4442.44,-0.2223,0.1712,"trigger box [-.236,+.236]",pump,0.2056,0.0911,0.2045,0.12,31
2022-03-22,13:45,14:36,18,4461.18,90.4716,4505.98,0.4952,0.1563,above +trigger,pump,0.1771,0.0462,0.0727,0.0989,27
2022-03-24,14:09,15:09,21,4456.24,86.0283,4498.005,0.4855,0.1494,above +trigger,pump,0.2624,-0.0602,0.2559,0.1877,16
2022-03-25,12:33,13:45,25,4520.16,84.4792,4516.745,-0.0404,0.1637,"trigger box [-.236,+.236]",pump,0.3219,0.0289,0.3114,0.2401,44
2022-03-30,14:06,14:39,12,4631.6,78.6649,4604.705,-0.3419,0.0988,put-trig -> .382,flush,-0.026,0.2973,-0.026,0.2479,26
2022-04-01,12:48,13:21,12,4530.41,76.3533,4513.49,-0.2216,0.1551,"trigger box [-.236,+.236]",pump,0.4462,0.0276,0.4099,0.3687,52
2022-04-07,12:03,13:06,22,4481.15,72.4673,4457.905,-0.3208,0.2099,put-trig -> .382,pump,0.8729,-0.0852,0.5738,0.7679,57
2022-04-18,14:30,15:03,12,4392.59,71.512,4401.075,0.1187,0.1926,"trigger box [-.236,+.236]",flush,-0.0582,0.4303,-0.1263,0.3341,18
2022-04-20,13:30,14:15,16,4462.21,70.0575,4478.805,0.2369,0.1703,above +trigger,flush,-0.0273,0.4289,-0.2748,0.3437,34
2022-04-25,13:03,13:39,13,4271.78,76.0504,4236.195,-0.4679,0.3375,.382 -> .618 (GG),pump,0.8261,0.0757,0.8037,0.6573,46
2022-04-26,14:09,14:42,12,4296.12,77.6325,4213.09,-1.0695,0.2051,below -1 ATR,flush,0.1309,0.4816,-0.4816,0.3791,25
2022-04-27,13:45,14:48,22,4175.2,80.7359,4220.16,0.5569,0.3267,above +trigger,flush,-0.0516,0.5208,-0.4577,0.3575,23
2022-04-28,14:00,14:42,15,4183.96,80.5269,4287.96,1.2915,0.2029,above +trigger,pump,0.2544,0.1508,0.0252,0.153,25
2022-05-04,13:24,14:45,28,4175.48,87.9451,4194.255,0.2135,0.9277,"trigger box [-.236,+.236]",pump,1.2895,-0.3649,1.1998,0.8256,24
2022-05-06,12:27,12:54,10,4146.87,100.2281,4133.7,-0.1314,0.2626,"trigger box [-.236,+.236]",pump,0.1857,0.4904,-0.0942,0.0544,61
2022-05-09,13:36,15:18,35,4123.34,99.4818,4017.675,-1.0622,0.3342,below -1 ATR,flush,-0.0166,0.4241,-0.2454,0.257,13
2022-05-10,14:39,15:30,18,3991.24,102.9374,4017.49,0.255,0.3721,above +trigger,flush,-0.1146,0.2555,-0.1603,0.0695,9
2022-05-12,14:30,15:15,16,3935.18,104.687,3868.3,-0.6389,0.1802,.618 -> .786,pump,0.6088,-0.0868,0.6051,0.5187,14
2022-05-17,13:30,14:15,16,4008.01,102.0209,4068.815,0.596,0.2434,above +trigger,flush,0.2147,0.2526,0.2,0.131,34
2022-05-23,14:42,15:21,14,3901.36,105.5856,3972.175,0.6707,0.1838,above +trigger,flush,0.0286,0.1629,0.0061,0.0709,12
2022-05-25,13:12,14:24,25,3941.48,103.4256,3952.05,0.1022,0.3815,"trigger box [-.236,+.236]",pump,0.4571,-0.1624,0.2557,0.2664,31
2022-05-26,14:06,15:12,23,3978.73,101.3452,4063.84,0.8398,0.1368,above +trigger,flush,0.1115,0.1277,-0.066,0.0593,15
2022-05-27,12:30,13:57,30,4057.84,100.9927,4127.635,0.6911,0.093,above +trigger,pump,0.304,0.0298,0.304,0.2575,40
2022-06-01,12:18,13:12,19,4132.15,98.289,4084.795,-0.4818,0.2227,.382 -> .618 (GG),pump,0.4451,-0.0494,0.1649,0.3337,55
2022-06-02,13:18,13:45,10,4101.23,97.8891,4147.925,0.477,0.1178,above +trigger,pump,0.2427,-0.012,0.2427,0.1838,42
2022-06-06,13:00,13:36,13,4108.54,96.787,4125.07,0.1708,0.1651,"trigger box [-.236,+.236]",pump,0.1698,0.1642,-0.0429,0.0872,47
2022-06-10,12:18,13:33,26,4017.82,91.4456,3909.24,-1.1874,0.1695,below -1 ATR,pump,0.3711,0.0993,-0.0993,0.2864,48
2022-06-16,12:27,13:51,29,3789.99,98.0154,3676.39,-1.159,0.2232,below -1 ATR,flush,-0.0389,0.3736,-0.0789,0.262,42
2022-06-17,12:33,13:00,10,3666.77,101.7443,3671.785,0.0493,0.1385,"trigger box [-.236,+.236]",pump,0.3188,0.0003,0.0181,0.2495,59
2022-06-21,14:15,14:51,13,3674.84,99.5369,3768.39,0.9399,0.1214,above +trigger,pump,0.1131,0.0669,-0.0352,0.0524,22
2022-06-23,13:21,13:54,12,3759.89,98.784,3756.225,-0.0371,0.1519,"trigger box [-.236,+.236]",pump,0.4693,-0.0405,0.4022,0.3933,41
2022-06-24,12:21,13:09,17,3795.73,95.9465,3885.535,0.936,0.1029,above +trigger,pump,0.2832,0.0289,0.278,0.2318,56
2022-06-27,13:09,13:39,11,3911.74,97.5161,3906.465,-0.0541,0.1139,"trigger box [-.236,+.236]",flush,0.0143,0.1723,-0.0607,0.1154,46
2022-07-06,13:57,14:30,12,3831.39,89.7489,3833.93,0.0283,0.3015,"trigger box [-.236,+.236]",pump,0.412,-0.045,0.1221,0.2613,29
2022-07-07,12:36,13:21,16,3845.08,87.7339,3891.86,0.5332,0.1051,above +trigger,flush,0.2139,0.0598,0.1084,0.0073,52
2022-07-12,14:00,14:27,10,3854.43,81.2682,3852.69,-0.0214,0.0967,"trigger box [-.236,+.236]",flush,-0.0214,0.6193,-0.4011,0.5709,30
2022-07-15,12:48,13:21,12,3790.38,79.8411,3850.785,0.7566,0.0848,above +trigger,pump,0.1608,0.0373,0.135,0.1184,52
2022-07-19,15:03,15:39,13,3830.85,79.6868,3929.73,1.2409,0.0901,above +trigger,pump,0.1265,-0.0269,0.0607,0.0814,6
2022-07-22,12:27,13:06,14,3998.95,79.0859,3965.74,-0.4199,0.2005,.382 -> .618 (GG),flush,-0.0387,0.3399,-0.0443,0.2396,57
2022-07-27,12:27,12:54,10,3921.05,73.9713,3977.63,0.7649,0.1103,above +trigger,flush,0.8372,0.1417,0.5943,0.0865,61
2022-07-28,12:21,13:21,21,4023.61,77.1526,4053.105,0.3823,0.2062,above +trigger,pump,0.335,-0.0712,0.2361,0.2319,52
2022-08-03,13:33,14:24,18,4091.19,74.0266,4157.895,0.9011,0.1371,above +trigger,pump,0.1319,0.0564,-0.0409,0.0634,31
2022-08-04,14:06,15:09,22,4155.17,74.2011,4151.805,-0.0453,0.1241,"trigger box [-.236,+.236]",pump,0.1189,0.0654,0.0038,0.0569,16
2022-08-05,14:51,15:33,15,4151.94,70.7489,4131.555,-0.2881,0.1621,put-trig -> .382,pump,0.2155,-0.05,0.1852,0.1344,8
2022-08-08,13:33,14:09,13,4145.19,68.8832,4142.84,-0.0341,0.209,"trigger box [-.236,+.236]",flush,0.0131,0.2014,-0.0412,0.0968,36
2022-08-11,12:03,12:33,11,4210.24,66.8833,4226.88,0.2488,0.1806,above +trigger,pump,0.1713,0.3808,-0.2996,0.081,68
2022-08-17,13:21,14:06,16,4305.2,63.8359,4281.275,-0.3748,0.3125,put-trig -> .382,pump,0.3275,0.1826,-0.1129,0.1712,37
2022-08-18,14:06,14:51,16,4274.04,62.9991,4279.835,0.092,0.1033,"trigger box [-.236,+.236]",pump,0.2015,0.0044,0.0728,0.1498,22
2022-08-22,12:00,12:48,17,4228.48,60.9926,4158.15,-1.1531,0.1623,below -1 ATR,flush,-0.0051,0.4638,-0.3107,0.3827,63
2022-08-26,12:57,13:36,14,4199.12,59.8834,4106.725,-1.5429,0.1735,below -1 ATR,flush,-0.0804,0.8175,-0.8088,0.7308,47
2022-08-30,14:39,15:06,10,4030.61,64.5317,3981.195,-0.7657,0.241,.618 -> .786,pump,0.2576,0.0864,0.0766,0.1371,17
2022-09-02,14:39,15:27,17,3966.85,65.3716,3933.065,-0.5168,0.281,.382 -> .618 (GG),flush,-0.0602,0.4108,-0.1189,0.2703,10
2022-09-08,14:09,15:03,19,3979.87,68.7999,3991.96,0.1757,0.3038,"trigger box [-.236,+.236]",pump,0.2172,0.116,0.202,0.0653,18
2022-09-09,14:03,14:57,19,4006.18,68.5777,4066.54,0.8802,0.1263,above +trigger,pump,0.1498,-0.0121,0.0157,0.0866,20
2022-09-14,14:45,15:12,10,3932.69,76.2102,3929.075,-0.0474,0.1529,"trigger box [-.236,+.236]",flush,0.2695,0.2217,0.2285,0.1453,15
2022-09-16,13:30,14:24,19,3901.35,74.0737,3847.895,-0.7216,0.2021,.618 -> .786,pump,0.404,-0.0681,0.333,0.3029,31
2022-09-19,13:30,14:57,30,3873.33,73.3734,3869.505,-0.0521,0.1773,"trigger box [-.236,+.236]",pump,0.4217,-0.0617,0.4189,0.3331,20
2022-09-27,13:03,14:33,31,3655.04,75.6056,3631.58,-0.3103,0.2193,put-trig -> .382,pump,0.3654,-0.0489,0.2237,0.2558,28
2022-09-30,12:45,13:30,16,3640.47,80.4742,3640.07,-0.005,0.1563,"trigger box [-.236,+.236]",flush,-0.0198,0.6951,-0.6259,0.617,49
2022-10-03,12:30,13:12,15,3585.62,80.9625,3654.465,0.8503,0.1753,above +trigger,pump,0.542,-0.0548,0.2885,0.4544,55
2022-10-05,14:03,14:39,13,3790.93,85.3929,3780.32,-0.1242,0.1276,"trigger box [-.236,+.236]",pump,0.3114,0.0301,0.036,0.2476,26
2022-10-06,13:18,14:03,16,3783.28,85.3113,3763.98,-0.2262,0.1634,"trigger box [-.236,+.236]",flush,-0.0399,0.2902,-0.2272,0.2085,38
2022-10-07,13:27,14:21,19,3744.52,83.4112,3647.3,-1.1656,0.1647,below -1 ATR,flush,-0.018,0.3185,-0.083,0.2362,32
2022-10-11,13:42,14:15,12,3612.39,84.7079,3625.005,0.1489,0.1647,"trigger box [-.236,+.236]",flush,0.0414,0.6652,-0.4232,0.5828,34
2022-10-12,14:03,14:30,10,3588.84,83.8151,3593.805,0.0592,0.2514,"trigger box [-.236,+.236]",flush,0.1067,0.208,-0.2017,0.0823,29
2022-10-13,14:18,14:48,11,3577.03,80.2912,3661.355,1.0502,0.2652,above +trigger,pump,0.2996,0.0009,0.1012,0.167,23
2022-10-14,13:00,13:30,11,3669.91,88.4011,3603.845,-0.7473,0.1782,.618 -> .786,flush,0.0842,0.2734,-0.2049,0.1843,49
2022-10-17,12:24,13:39,26,3583.07,91.5382,3677.39,1.0304,0.1473,above +trigger,pump,0.1283,0.0462,0.011,0.0546,46
2022-10-24,12:42,13:15,12,3752.75,90.701,3787.875,0.3873,0.1346,above +trigger,flush,0.2521,0.1209,0.1093,0.0536,54
2022-10-25,12:12,12:48,13,3797.34,89.1574,3847.245,0.5597,0.1161,above +trigger,flush,0.175,0.1464,0.1453,0.0884,63
2022-10-26,12:00,12:33,12,3859.11,87.4683,3877.1,0.2057,0.1251,"trigger box [-.236,+.236]",flush,-0.0212,0.5879,-0.5314,0.5253,68
2022-10-28,13:48,14:18,11,3807.3,83.5481,3886.51,0.9481,0.0946,above +trigger,pump,0.2263,-0.0109,0.168,0.1791,33
2022-10-31,14:06,14:57,18,3901.06,84.5889,3881.74,-0.2284,0.1225,"trigger box [-.236,+.236]",flush,0.0306,0.1837,-0.1111,0.1225,20
2022-11-01,12:48,13:24,13,3871.98,81.2526,3858.515,-0.1657,0.1338,"trigger box [-.236,+.236]",pump,0.1143,0.0653,-0.0354,0.0474,51
2022-11-04,13:06,14:27,28,3719.89,82.643,3720.905,0.0123,0.292,"trigger box [-.236,+.236]",pump,0.6265,-0.0823,0.5991,0.4805,30
2022-11-08,12:27,13:03,13,3806.8,80.5799,3853.035,0.5738,0.1021,above +trigger,pump,0.0684,0.8284,-0.3065,0.0174,58
2022-11-09,12:57,13:24,10,3828.11,80.0471,3787.69,-0.505,0.1746,.382 -> .618 (GG),flush,-0.0632,0.5431,-0.4813,0.4557,51
2022-11-16,12:00,12:42,15,3991.73,84.0939,3970.29,-0.255,0.1539,put-trig -> .382,pump,0.139,0.1897,-0.125,0.0621,65
2022-11-22,12:39,13:09,11,3949.94,73.0754,3982.685,0.4481,0.1151,above +trigger,pump,0.3174,-0.0467,0.2869,0.2599,56
2022-11-25,12:09,12:42,12,4027.26,69.2278,4028.195,0.0135,0.066,"trigger box [-.236,+.236]",flush,-0.0158,0.0726,-0.03,0.0396,13
2022-11-29,12:18,12:45,10,3963.94,65.5958,3950.95,-0.198,0.1646,"trigger box [-.236,+.236]",flush,0.2003,0.1064,0.0976,0.0241,64
2022-12-02,14:12,14:45,12,4076.57,67.8619,4052.865,-0.3493,0.1431,put-trig -> .382,pump,0.4069,-0.0602,0.2753,0.3354,24
2022-12-07,12:12,12:51,14,3941.26,69.3721,3935.575,-0.0819,0.1823,"trigger box [-.236,+.236]",pump,0.1664,0.1813,-0.0306,0.0752,62
2022-12-08,12:48,13:24,13,3933.92,66.9091,3958.215,0.3631,0.1472,above +trigger,pump,0.2255,0.1576,0.0702,0.1518,51
2022-12-09,13:51,15:33,35,3963.51,65.0063,3957.75,-0.0886,0.1763,"trigger box [-.236,+.236]",flush,-0.0628,0.3801,-0.3598,0.292,8
2022-12-13,14:09,14:39,11,3990.56,62.992,4017.345,0.4252,0.2024,above +trigger,pump,0.2436,0.2612,0.0344,0.1424,26
2022-12-14,12:45,13:30,16,4019.65,66.3783,4040.715,0.3173,0.1562,above +trigger,pump,0.1965,1.1309,-0.6881,0.1184,49
2022-12-15,12:03,12:57,19,3995.32,67.9305,3895.02,-1.4765,0.247,below -1 ATR,flush,0.1937,0.2292,0.0358,0.1057,60
2022-12-16,13:39,14:06,10,3895.75,71.3548,3834.56,-0.8575,0.0987,.786 -> -1 ATR,pump,0.4416,0.0697,0.2307,0.3923,37
2022-12-19,12:57,13:33,13,3852.36,71.1037,3828.335,-0.3379,0.1444,put-trig -> .382,flush,-0.0424,0.3979,-0.1479,0.3257,48
2022-12-21,12:33,13:00,10,3821.62,67.9891,3877.97,0.8288,0.1115,above +trigger,pump,0.1743,0.1334,0.0013,0.1185,59
2022-12-23,13:12,13:57,16,3822.39,71.286,3833.66,0.1581,0.1706,"trigger box [-.236,+.236]",flush,0.1703,0.0903,0.1514,0.0051,40
2022-12-28,14:21,15:00,14,3829.25,67.0899,3801.81,-0.409,0.2099,.382 -> .618 (GG),flush,-0.0975,0.3135,-0.2781,0.2085,19
2022-12-29,12:33,14:00,30,3783.22,67.1221,3852.46,1.0316,0.143,above +trigger,pump,0.0854,0.0743,-0.0562,0.0139,39
2022-12-30,12:30,13:15,16,3849.28,67.6827,3821.345,-0.4127,0.1201,.382 -> .618 (GG),flush,0.2734,0.3103,0.2734,0.2503,54
2023-01-05,14:18,14:45,10,3852.97,66.884,3821.24,-0.4744,0.1782,.382 -> .618 (GG),pump,0.1362,0.267,-0.1945,0.0471,24
2023-01-11,12:51,13:24,12,3919.25,65.6863,3949.69,0.4634,0.1675,above +trigger,pump,0.3103,0.0582,0.296,0.2265,51
2023-01-12,14:36,15:06,11,3969.61,64.6244,3986.98,0.2688,0.1767,above +trigger,flush,-0.0354,0.2238,-0.0603,0.1354,17
2023-01-13,13:03,13:33,11,3983.17,64.3084,3978.415,-0.0739,0.1127,"trigger box [-.236,+.236]",pump,0.3971,-0.0139,0.3143,0.3407,48
2023-01-18,14:21,15:21,21,3990.97,61.3839,3946.715,-0.721,0.1882,.618 -> .786,flush,-0.038,0.3279,-0.2905,0.2338,12
2023-01-20,12:06,13:33,30,3898.85,61.8304,3930.415,0.5105,0.1913,above +trigger,pump,0.6881,-0.0701,0.669,0.5924,48
2023-01-26,12:54,13:33,14,4016.22,61.7302,4034.305,0.293,0.1596,above +trigger,pump,0.4417,-0.0608,0.4195,0.3619,48
2023-01-31,13:18,13:48,11,4017.77,59.346,4050.07,0.5443,0.1476,above +trigger,pump,0.4509,0.0169,0.4472,0.3771,43
2023-02-01,12:54,13:30,13,4076.6,59.3491,4056.935,-0.3313,0.1505,put-trig -> .382,pump,1.5504,0.3325,1.049,1.4752,49
2023-02-02,13:06,13:33,10,4119.21,63.0921,4180.35,0.9691,0.1087,above +trigger,pump,0.2392,0.554,-0.0282,0.1848,48
2023-02-03,14:06,15:00,19,4179.76,64.0305,4134.12,-0.7128,0.3117,.618 -> .786,flush,0.1204,0.168,0.0375,0.0122,19
2023-02-06,12:42,14:06,29,4136.48,63.6712,4110.665,-0.4054,0.1852,.382 -> .618 (GG),pump,0.1758,0.1697,0.0084,0.0832,37
2023-02-08,14:24,15:00,13,4164.0,64.0552,4123.18,-0.6373,0.1845,.618 -> .786,flush,0.0067,0.1797,-0.0757,0.0874,19
2023-02-09,13:30,14:00,11,4117.86,63.2177,4108.605,-0.1464,0.2121,"trigger box [-.236,+.236]",flush,-0.051,0.6159,-0.4245,0.5098,39
2023-02-14,13:57,14:33,13,4137.29,61.6334,4132.905,-0.0711,0.3386,"trigger box [-.236,+.236]",pump,0.2118,-0.0152,0.0507,0.0425,28
2023-02-16,14:21,15:00,14,4147.6,60.5905,4131.14,-0.2717,0.1782,put-trig -> .382,flush,-0.0812,0.6874,-0.6745,0.5983,19
2023-02-21,12:03,13:18,26,4079.09,59.1309,4012.26,-1.1302,0.1353,below -1 ATR,flush,-0.0117,0.2887,-0.254,0.221,53
2023-02-23,13:00,13:48,17,3991.05,59.4409,3983.165,-0.1327,0.2128,"trigger box [-.236,+.236]",pump,0.6528,-0.0435,0.4875,0.5464,43
2023-02-27,12:12,12:51,14,3970.04,60.1189,3987.34,0.2878,0.1916,above +trigger,pump,0.2184,0.2294,-0.085,0.1226,62
2023-02-28,13:45,14:15,11,3982.24,59.2539,3992.91,0.1801,0.1377,"trigger box [-.236,+.236]",flush,-0.0311,0.3988,-0.3988,0.3299,34
2023-03-01,12:39,13:06,10,3970.15,57.0587,3961.58,-0.1502,0.1956,"trigger box [-.236,+.236]",flush,-0.0356,0.3517,-0.1744,0.2539,57
2023-03-02,12:06,12:51,16,3951.39,55.3173,3944.285,-0.1284,0.1867,"trigger box [-.236,+.236]",pump,0.8416,-0.0084,0.669,0.7482,62
2023-03-06,14:30,15:21,18,4045.64,56.6359,4050.99,0.0945,0.172,"trigger box [-.236,+.236]",flush,0.018,0.1126,-0.0447,0.0267,12
2023-03-13,13:18,13:51,12,3861.59,60.275,3869.695,0.1345,0.3628,"trigger box [-.236,+.236]",pump,0.4625,0.2587,-0.2348,0.281,42
2023-03-16,12:21,12:48,10,3891.93,65.3806,3940.385,0.7411,0.2883,above +trigger,pump,0.3682,0.0443,0.2956,0.2241,63
2023-03-17,12:57,14:15,27,3960.28,67.8785,3921.61,-0.5697,0.2708,.382 -> .618 (GG),flush,0.0314,0.2997,-0.0757,0.1643,34
2023-03-20,14:45,15:42,20,3916.64,67.245,3944.455,0.4136,0.175,above +trigger,pump,0.1757,-0.0285,0.0948,0.0882,5
2023-03-21,12:36,13:27,18,3951.57,65.2975,3980.82,0.4479,0.1381,above +trigger,pump,0.4328,0.0446,0.3306,0.3637,50
2023-03-27,13:03,13:30,10,3970.99,68.6175,3981.18,0.1485,0.1723,"trigger box [-.236,+.236]",pump,0.2341,0.1128,-0.0532,0.1479,49
2023-03-29,12:33,13:09,13,3971.27,63.3528,4013.655,0.669,0.1189,above +trigger,pump,0.2673,0.1,0.217,0.2079,56
2023-03-31,12:48,13:15,10,4050.83,60.7058,4085.835,0.5766,0.0736,above +trigger,flush,0.4104,0.068,0.3799,0.0311,54
2023-04-06,13:24,14:27,22,4090.38,55.4087,4103.265,0.2325,0.1059,"trigger box [-.236,+.236]",pump,0.0732,0.1017,0.0277,0.0202,30
2023-04-10,13:51,14:18,10,4105.02,54.1281,4099.99,-0.0929,0.1149,"trigger box [-.236,+.236]",pump,0.1602,0.0569,0.1602,0.1027,33
2023-04-11,12:45,13:51,23,4109.11,52.9011,4117.235,0.1536,0.1333,"trigger box [-.236,+.236]",pump,0.1328,0.2245,-0.1532,0.0662,42
2023-04-17,12:27,13:51,29,4137.64,50.9277,4129.79,-0.1541,0.1288,"trigger box [-.236,+.236]",flush,0.4243,0.1298,0.4243,0.0654,42
2023-04-18,13:00,13:45,16,4151.32,49.3286,4151.705,0.0078,0.1526,"trigger box [-.236,+.236]",pump,0.1276,0.1396,0.0621,0.0513,44
2023-04-19,13:24,13:51,10,4154.87,47.8851,4154.36,-0.0107,0.0802,"trigger box [-.236,+.236]",pump,0.1715,0.1192,0.0069,0.1314,42
2023-04-28,12:39,13:06,10,4135.35,47.0453,4161.725,0.5606,0.1924,above +trigger,pump,0.175,0.198,0.171,0.0789,57
2023-05-01,13:21,14:27,23,4169.48,46.7478,4179.49,0.2141,0.175,"trigger box [-.236,+.236]",flush,-0.061,0.3288,-0.2601,0.2413,30
2023-05-03,13:45,15:15,31,4119.58,47.4024,4126.63,0.1487,0.9143,"trigger box [-.236,+.236]",flush,-0.2124,0.7968,-0.7466,0.3396,14
2023-05-15,14:51,15:18,10,4124.08,45.591,4132.725,0.1896,0.1037,"trigger box [-.236,+.236]",pump,0.087,0.0128,0.083,0.0351,13
2023-05-16,12:42,13:33,18,4136.28,44.5474,4125.7,-0.2375,0.1509,put-trig -> .382,flush,0.0278,0.3549,-0.3549,0.2795,48
2023-05-18,12:57,13:39,15,4158.77,44.0753,4171.845,0.2967,0.2566,above +trigger,flush,0.6887,0.2678,0.5898,0.1395,46
2023-05-22,13:03,13:36,12,4191.98,43.5702,4193.975,0.0458,0.2412,"trigger box [-.236,+.236]",pump,0.3065,0.1052,-0.0293,0.1859,47
2023-05-24,13:06,13:36,11,4145.58,43.1053,4110.485,-0.8142,0.2429,.786 -> -1 ATR,pump,0.5079,0.085,0.1078,0.3865,47
2023-05-30,12:51,13:21,11,4205.45,44.8234,4206.97,0.0339,0.1432,"trigger box [-.236,+.236]",flush,0.16,0.33,-0.0335,0.2583,52
2023-05-31,14:33,15:00,10,4205.52,44.4017,4185.2,-0.4576,0.2329,.382 -> .618 (GG),pump,0.2189,0.1396,-0.0775,0.1025,19
2023-06-01,13:00,14:00,21,4179.83,44.0423,4219.985,0.9117,0.1805,above +trigger,pump,0.2826,0.1802,0.0181,0.1923,39
2023-06-02,13:39,14:06,10,4221.02,45.2386,4282.005,1.3481,0.1656,above +trigger,pump,0.1915,0.0757,-0.0074,0.1088,37
2023-06-07,12:36,13:12,13,4283.85,44.466,4273.07,-0.2424,0.2208,put-trig -> .382,flush,0.0722,0.2049,-0.1244,0.0945,55
2023-06-12,13:21,13:51,11,4298.86,42.4304,4317.055,0.4288,0.1251,above +trigger,pump,0.5438,-0.0312,0.528,0.4813,42
2023-06-13,13:09,14:12,22,4338.93,42.3476,4368.785,0.705,0.2624,above +trigger,flush,0.0247,0.2991,0.0105,0.1679,35
2023-06-15,12:15,13:12,20,4372.59,42.7859,4407.52,0.8164,0.2146,above +trigger,flush,0.7404,0.1194,0.4413,0.0122,55
2023-06-21,12:18,12:57,14,4388.71,44.7244,4373.315,-0.3442,0.2153,put-trig -> .382,flush,0.2885,0.2246,-0.1714,0.1169,60
2023-06-22,12:27,13:06,14,4365.69,43.5706,4366.76,0.0246,0.2717,"trigger box [-.236,+.236]",pump,0.3555,0.1125,0.3392,0.2196,57
2023-06-26,13:00,14:36,33,4348.33,42.4832,4338.35,-0.2349,0.2184,"trigger box [-.236,+.236]",pump,0.1584,0.2417,-0.2064,0.0492,27
2023-06-28,13:42,14:09,10,4378.41,42.8562,4370.52,-0.1841,0.175,"trigger box [-.236,+.236]",pump,0.1575,0.1822,0.1575,0.07,36
2023-06-29,12:06,12:36,11,4376.86,41.9471,4393.03,0.3855,0.2165,above +trigger,pump,0.1278,0.3087,0.0913,0.0195,67
2023-07-05,13:39,14:18,14,4455.59,40.3395,4445.935,-0.2393,0.2462,put-trig -> .382,flush,0.1707,0.1803,0.0177,0.0573,33
2023-07-06,13:51,14:42,18,4446.82,38.8138,4410.235,-0.9426,0.1502,.786 -> -1 ATR,pump,0.1375,0.0158,0.0303,0.0623,25
2023-07-10,13:36,14:24,17,4398.95,40.6347,4403.67,0.1162,0.1998,"trigger box [-.236,+.236]",pump,0.1538,0.0842,0.1538,0.0539,31
2023-07-11,13:54,14:27,12,4409.53,39.3522,4421.02,0.292,0.215,above +trigger,pump,0.5748,0.0872,0.464,0.4673,30
2023-07-13,12:42,13:33,18,4472.16,39.7703,4498.945,0.6735,0.1572,above +trigger,pump,0.4635,-0.0333,0.2752,0.385,48
2023-07-18,12:36,13:39,22,4522.79,38.4942,4544.975,0.5763,0.1655,above +trigger,pump,0.4501,-0.0266,0.2771,0.3673,46
2023-07-19,13:15,14:09,19,4554.98,39.1525,4562.76,0.1987,0.2324,"trigger box [-.236,+.236]",flush,0.3039,0.1349,0.0738,0.0186,36
2023-07-20,13:24,14:12,17,4565.72,38.0309,4547.625,-0.4758,0.1906,.382 -> .618 (GG),flush,-0.0793,0.5276,-0.3246,0.4323,35
2023-07-24,12:27,13:42,26,4536.34,36.7608,4556.65,0.5525,0.1725,above +trigger,pump,0.1839,0.25,-0.0433,0.0977,45
2023-07-26,13:33,14:12,14,4567.46,35.5066,4557.615,-0.2773,0.2943,put-trig -> .382,pump,0.7,0.2826,0.2798,0.5529,35
2023-07-31,12:15,12:54,14,4582.23,39.5525,4581.73,-0.0126,0.1578,"trigger box [-.236,+.236]",flush,0.199,0.2172,0.1959,0.1383,61
2023-08-01,13:36,14:06,11,4588.96,38.2331,4575.685,-0.3472,0.1703,put-trig -> .382,pump,0.1743,0.0258,0.0242,0.0892,37
2023-08-02,13:27,13:54,10,4576.73,37.0329,4521.55,-1.49,0.2544,below -1 ATR,flush,0.0316,0.4266,-0.2104,0.2995,41
2023-08-03,12:03,12:36,12,4513.39,39.4577,4507.33,-0.1536,0.1906,"trigger box [-.236,+.236]",pump,0.3082,0.1875,-0.1556,0.2129,67
2023-08-07,12:39,13:12,12,4478.03,40.9732,4506.06,0.6841,0.2265,above +trigger,pump,0.3363,-0.0117,0.299,0.2231,55
2023-08-14,14:30,15:39,24,4464.05,43.0396,4477.795,0.3194,0.2089,above +trigger,pump,0.2833,-0.0612,0.2833,0.1789,6
2023-08-22,13:57,14:30,12,4399.77,45.0481,4389.285,-0.2328,0.2089,"trigger box [-.236,+.236]",pump,0.2589,0.1446,-0.0314,0.1545,29
2023-08-24,14:00,14:36,13,4436.01,45.1919,4399.245,-0.8135,0.2494,.786 -> -1 ATR,flush,-0.0008,0.5243,-0.5146,0.3996,27
2023-08-30,12:51,13:51,21,4497.63,49.2952,4515.68,0.3662,0.1696,above +trigger,flush,0.072,0.1988,-0.011,0.114,42
2023-09-01,13:33,14:12,14,4507.66,46.1421,4509.375,0.0372,0.1259,"trigger box [-.236,+.236]",flush,0.1622,0.1267,0.1208,0.0637,35
2023-09-08,13:24,14:09,16,4451.14,43.9169,4459.95,0.2006,0.2282,"trigger box [-.236,+.236]",flush,-0.0351,0.2635,-0.0446,0.1494,36
2023-09-12,12:39,13:18,14,4487.46,41.9124,4477.405,-0.2399,0.1701,put-trig -> .382,pump,0.2316,0.4909,-0.369,0.1465,53
2023-09-14,13:36,14:06,11,4467.44,40.0182,4505.085,0.9407,0.1412,above +trigger,flush,0.1725,0.1063,0.0051,0.0357,37
2023-09-15,12:15,13:03,17,4505.1,40.3419,4466.32,-0.9613,0.2181,.786 -> -1 ATR,flush,-0.1133,0.4737,-0.3959,0.3646,58
2023-09-18,13:36,14:18,15,4450.32,41.5953,4461.555,0.2701,0.1224,above +trigger,flush,-0.0309,0.3052,-0.1917,0.244,33
2023-09-21,12:42,13:12,11,4402.2,41.5066,4355.455,-1.1262,0.1983,below -1 ATR,pump,0.236,0.6333,-0.6275,0.1368,55
2023-09-26,13:00,13:27,10,4337.44,43.0016,4290.555,-1.0903,0.2198,below -1 ATR,flush,-0.0771,0.5715,-0.3927,0.4616,50
2023-10-03,12:57,13:33,13,4288.39,46.5449,4235.635,-1.1334,0.286,below -1 ATR,flush,-0.083,0.4122,-0.1148,0.2692,48
2023-10-04,12:42,13:15,12,4229.45,48.3588,4250.73,0.44,0.1981,above +trigger,flush,0.3675,0.3904,0.2665,0.2914,54
2023-10-06,12:48,13:15,10,4258.19,47.8264,4298.97,0.8527,0.1991,above +trigger,pump,0.5254,-0.0824,0.1865,0.4259,54
2023-10-09,14:48,15:33,16,4308.5,51.8781,4336.93,0.548,0.185,above +trigger,flush,-0.0191,0.15,-0.0208,0.0574,8
2023-10-10,12:27,13:00,12,4335.66,52.3111,4381.45,0.8753,0.1288,above +trigger,flush,-0.0516,0.4741,-0.4362,0.4097,59
2023-10-11,12:57,13:27,11,4358.24,52.1318,4351.935,-0.1209,0.1774,"trigger box [-.236,+.236]",flush,0.5123,0.1265,0.477,0.0378,50
2023-10-13,14:36,15:39,22,4349.61,51.4747,4328.71,-0.406,0.3027,.382 -> .618 (GG),flush,0.0078,0.2353,-0.0072,0.0839,6
2023-10-16,12:15,13:03,17,4327.78,52.4501,4373.645,0.8745,0.208,above +trigger,pump,0.1597,0.3204,-0.0327,0.0557,58
2023-10-20,15:06,15:39,12,4278.0,55.2123,4234.67,-0.7848,0.2496,.618 -> .786,flush,-0.0699,0.2108,-0.2009,0.086,6
2023-10-23,12:09,12:51,15,4224.16,55.195,4237.17,0.2357,0.2199,"trigger box [-.236,+.236]",pump,0.3383,0.4138,-0.3544,0.2283,62
2023-10-25,14:54,15:30,13,4247.68,55.0346,4188.705,-1.0716,0.1764,below -1 ATR,pump,0.1253,0.0511,-0.0313,0.0371,9
2023-10-26,13:06,13:45,14,4186.77,55.8364,4136.88,-0.8935,0.3217,.786 -> -1 ATR,pump,0.5991,0.0475,-0.01,0.4382,44
2023-10-27,14:03,14:54,18,4137.23,56.0531,4115.025,-0.3961,0.2746,.382 -> .618 (GG),flush,0.0606,0.2006,0.0584,0.0633,21
2023-11-01,13:39,14:27,17,4193.8,55.1554,4211.69,0.3244,0.2709,above +trigger,pump,0.6155,0.1753,0.4699,0.4801,30
2023-11-06,14:06,14:33,10,4358.34,56.7714,4351.8,-0.1152,0.142,"trigger box [-.236,+.236]",pump,0.2686,-0.0491,0.263,0.1976,28
2023-11-07,13:57,15:03,23,4365.98,54.4791,4381.52,0.2852,0.1219,above +trigger,flush,0.087,0.1558,-0.0497,0.0949,18
2023-11-08,14:39,15:39,21,4378.38,52.7913,4378.84,0.0087,0.1417,"trigger box [-.236,+.236]",pump,0.1716,-0.0547,0.0784,0.1008,6
2023-11-10,14:30,15:24,19,4347.35,51.1372,4407.515,1.1765,0.1214,above +trigger,pump,0.2056,-0.0476,0.1638,0.1449,11
2023-11-13,13:12,13:42,11,4415.24,52.5331,4412.54,-0.0514,0.1542,"trigger box [-.236,+.236]",pump,0.1363,0.0466,-0.027,0.0592,45
2023-11-14,13:30,13:57,10,4411.55,50.7765,4495.105,1.6455,0.1601,above +trigger,flush,0.2672,0.1884,0.0143,0.1083,40
2023-11-15,12:33,13:00,10,4495.7,54.0867,4506.755,0.2044,0.1455,"trigger box [-.236,+.236]",flush,0.1314,0.2116,-0.058,0.1389,59
2023-11-16,13:24,14:42,27,4502.88,52.0705,4497.37,-0.1058,0.1897,"trigger box [-.236,+.236]",pump,0.2253,-0.0192,0.2124,0.1304,25
2023-11-17,15:09,15:36,10,4508.24,50.0769,4514.35,0.122,0.2165,"trigger box [-.236,+.236]",flush,0.0138,0.1224,-0.0088,0.0142,7
2023-11-21,14:27,15:12,16,4547.38,47.8749,4538.38,-0.188,0.1571,"trigger box [-.236,+.236]",none,0.0522,0.0658,0.0067,0.0,15
2023-11-22,13:51,14:33,15,4538.19,46.0174,4558.84,0.4487,0.136,above +trigger,flush,0.015,0.2838,-0.0567,0.2158,28
2023-11-27,12:21,13:03,15,4559.34,42.2204,4556.5,-0.0673,0.1317,"trigger box [-.236,+.236]",pump,0.0952,0.2174,-0.1336,0.0294,58
2023-11-28,14:12,14:51,14,4550.43,40.219,4549.6,-0.0206,0.2074,"trigger box [-.236,+.236]",pump,0.1701,0.089,0.1166,0.0664,22
2023-11-29,13:06,14:33,30,4554.89,39.3197,4564.315,0.2397,0.191,above +trigger,flush,-0.0942,0.4365,-0.3475,0.341,28
2023-12-01,14:09,14:54,16,4567.8,38.921,4588.675,0.5363,0.1796,above +trigger,pump,0.1936,0.0302,0.1296,0.1038,21
2023-12-05,12:48,13:15,10,4569.78,39.945,4562.15,-0.191,0.1823,"trigger box [-.236,+.236]",pump,0.2113,-0.0003,0.1452,0.1202,54
2023-12-06,14:00,15:00,21,4567.18,39.0118,4564.24,-0.0754,0.1974,"trigger box [-.236,+.236]",flush,-0.0877,0.4547,-0.3563,0.356,19
2023-12-07,12:33,14:15,35,4549.34,39.3852,4584.89,0.9026,0.1498,above +trigger,pump,0.1531,0.0752,0.0071,0.0782,34
2023-12-08,13:36,14:03,10,4585.59,39.542,4595.775,0.2576,0.152,above +trigger,pump,0.3403,-0.0608,0.1951,0.2643,38
2023-12-12,13:12,13:42,11,4622.44,38.5933,4630.795,0.2165,0.0884,"trigger box [-.236,+.236]",pump,0.3315,-0.031,0.3315,0.2874,45
2023-12-18,13:00,15:12,45,4719.19,39.2579,4745.665,0.6744,0.1964,above +trigger,flush,0.0686,0.1382,-0.1305,0.04,15
2023-12-19,13:09,13:42,12,4740.56,38.6202,4759.025,0.4781,0.139,above +trigger,pump,0.2503,0.0211,0.2438,0.1807,45
2023-12-21,12:57,13:45,17,4698.35,40.8937,4715.795,0.4266,0.3641,above +trigger,pump,0.8049,-0.0803,0.776,0.6228,44
2023-12-26,12:27,13:21,19,4754.63,41.1841,4770.82,0.3931,0.1156,above +trigger,pump,0.3375,-0.0083,0.1,0.2797,52
2023-12-28,13:57,15:18,28,4781.58,38.6844,4789.185,0.1966,0.204,"trigger box [-.236,+.236]",flush,0.0668,0.2121,-0.1309,0.1101,13
2024-01-04,13:15,14:18,22,4704.81,37.9174,4707.76,0.0778,0.2073,"trigger box [-.236,+.236]",flush,-0.0145,0.5335,-0.4763,0.4299,33
2024-01-09,12:51,13:24,12,4763.54,40.1953,4760.17,-0.0838,0.2637,"trigger box [-.236,+.236]",flush,0.0642,0.3294,-0.107,0.1975,51
2024-01-10,13:06,13:51,16,4756.5,39.8327,4770.025,0.3395,0.2081,above +trigger,pump,0.5216,0.0112,0.3044,0.4175,42
2024-01-11,12:06,12:39,12,4783.45,39.459,4750.18,-0.8432,0.2032,.786 -> -1 ATR,pump,0.9088,-0.0988,0.7631,0.8072,66
2024-01-12,12:30,13:03,12,4780.24,40.849,4776.785,-0.0846,0.1873,"trigger box [-.236,+.236]",pump,0.3118,0.0648,0.1556,0.2181,58
2024-01-23,13:45,14:48,22,4850.43,41.6758,4855.605,0.1242,0.174,"trigger box [-.236,+.236]",pump,0.2609,-0.0244,0.2031,0.174,23
2024-01-29,12:45,13:24,14,4890.97,38.4206,4897.39,0.1671,0.1468,"trigger box [-.236,+.236]",pump,0.8308,0.0159,0.7993,0.7574,51
2024-02-05,13:24,14:24,21,4958.61,43.5162,4945.42,-0.3031,0.2018,put-trig -> .382,pump,0.2512,0.1032,-0.0738,0.1503,31
2024-02-06,12:33,13:39,23,4942.81,43.3021,4943.58,0.0178,0.2166,"trigger box [-.236,+.236]",pump,0.252,0.1829,0.2462,0.1436,46
2024-02-07,12:21,12:51,11,4954.23,41.8441,4986.705,0.7761,0.1833,above +trigger,pump,0.3151,0.0116,0.1968,0.2234,62
2024-02-08,13:57,14:54,20,4995.06,42.1167,4993.185,-0.0445,0.1622,"trigger box [-.236,+.236]",pump,0.1713,0.0075,0.1267,0.0902,21
2024-02-09,13:48,14:18,11,4997.91,40.0591,5021.45,0.5876,0.1228,above +trigger,pump,0.2149,0.015,0.1108,0.1535,33
2024-02-15,14:06,14:48,15,5000.62,43.8241,5026.04,0.58,0.2268,above +trigger,pump,0.1524,0.0787,0.0828,0.039,23
2024-02-16,12:09,13:00,18,5029.73,43.0709,5029.075,-0.0152,0.1948,"trigger box [-.236,+.236]",flush,0.2235,0.663,-0.5555,0.5656,59
2024-02-20,12:54,13:54,21,5005.57,42.793,4963.46,-0.984,0.2687,.786 -> -1 ATR,pump,0.3484,0.0437,0.2928,0.2141,41
2024-02-23,12:27,12:57,11,5087.03,47.886,5092.375,0.1116,0.1765,"trigger box [-.236,+.236]",pump,0.1695,0.1181,-0.064,0.0812,60
2024-02-27,13:15,14:00,16,5069.53,45.3063,5065.005,-0.0999,0.175,"trigger box [-.236,+.236]",pump,0.3462,-0.039,0.3195,0.2587,39
2024-02-29,13:48,14:15,10,5069.76,42.0336,5086.725,0.4036,0.1482,above +trigger,pump,0.4345,0.1517,0.2573,0.3604,34
2024-03-04,14:00,14:33,12,5137.08,42.3998,5136.87,-0.005,0.1401,"trigger box [-.236,+.236]",pump,0.3019,0.171,-0.1375,0.2318,28
2024-03-08,12:12,12:51,14,5157.36,44.9929,5145.315,-0.2677,0.4301,put-trig -> .382,flush,0.1159,0.6182,-0.4655,0.4032,62
2024-03-11,12:39,13:57,27,5123.69,46.9049,5115.005,-0.1852,0.2731,"trigger box [-.236,+.236]",pump,0.2058,0.0613,0.0737,0.0693,40
2024-03-13,13:48,15:03,26,5175.27,47.3375,5174.22,-0.0222,0.1935,"trigger box [-.236,+.236]",flush,-0.0319,0.4719,-0.1819,0.3752,18
2024-03-15,14:06,14:39,12,5150.48,46.4496,5118.35,-0.6917,0.2428,.618 -> .786,pump,0.1533,0.1076,-0.02,0.0319,26
2024-03-18,12:09,12:54,16,5117.09,46.4267,5160.705,0.9394,0.2053,above +trigger,flush,0.0802,0.3282,-0.2431,0.2255,61
2024-03-19,13:30,14:42,25,5149.42,47.2898,5170.44,0.4445,0.1687,above +trigger,flush,0.2087,0.1544,0.1601,0.07,25
2024-03-21,12:12,13:09,20,5224.62,47.9097,5257.0,0.6759,0.1712,above +trigger,flush,0.0088,0.3411,-0.3335,0.2555,56
2024-03-25,14:39,15:09,11,5234.18,44.888,5226.1,-0.18,0.1332,"trigger box [-.236,+.236]",flush,0.0134,0.2179,-0.1568,0.1513,16
2024-03-26,13:00,14:24,29,5218.19,42.9739,5227.55,0.2178,0.1163,"trigger box [-.236,+.236]",pump,0.0659,0.5615,-0.5438,0.0077,31
2024-03-27,13:18,14:18,21,5203.58,42.1715,5222.585,0.4507,0.1534,above +trigger,pump,0.6309,0.1132,0.6295,0.5542,33
2024-04-02,14:00,15:03,22,5243.77,40.3226,5199.645,-1.0943,0.2185,below -1 ATR,pump,0.2156,0.0544,0.1544,0.1064,18
2024-04-03,13:39,14:27,17,5205.81,41.7081,5223.53,0.4249,0.1463,above +trigger,flush,-0.0225,0.6112,-0.2482,0.538,30
2024-04-05,12:42,13:12,11,5147.21,46.1379,5214.24,1.4528,0.3442,above +trigger,flush,-0.0121,0.5497,-0.2046,0.3776,55
2024-04-08,13:27,14:12,16,5204.34,48.1973,5208.78,0.0921,0.1527,"trigger box [-.236,+.236]",pump,0.1216,0.1701,-0.1071,0.0452,35
2024-04-09,13:21,14:00,14,5202.39,46.3418,5186.605,-0.3406,0.2864,put-trig -> .382,flush,0.5307,0.2519,0.5061,0.1088,39
2024-04-10,12:30,13:00,11,5209.91,47.6053,5155.63,-1.1402,0.2336,below -1 ATR,flush,0.2502,0.3556,0.0882,0.2388,59
2024-04-16,12:21,14:15,39,5061.82,58.2885,5059.835,-0.0341,0.6864,"trigger box [-.236,+.236]",none,0.244,0.2837,-0.1586,0.0,34
2024-04-18,14:06,15:03,20,5022.21,57.9634,5010.48,-0.2024,0.2964,"trigger box [-.236,+.236]",pump,0.2219,0.0416,-0.005,0.0737,18
2024-04-23,13:03,13:42,14,5010.6,59.2387,5068.335,0.9746,0.2108,above +trigger,pump,0.1314,0.0474,0.0181,0.026,45
2024-04-26,12:06,12:36,11,5048.42,60.0706,5103.235,0.9125,0.1387,above +trigger,pump,0.1895,0.0757,-0.0757,0.1202,67
2024-04-29,12:54,13:24,11,5099.96,60.5085,5115.22,0.2522,0.1273,above +trigger,pump,0.0861,0.4391,0.0268,0.0225,51
2024-05-03,12:27,13:09,15,5064.2,61.8818,5123.92,0.9651,0.1425,above +trigger,pump,0.1729,0.0267,0.0622,0.1016,56
2024-05-08,12:00,13:48,37,5187.7,59.2088,5181.115,-0.1112,0.1515,"trigger box [-.236,+.236]",pump,0.1712,0.0016,0.1097,0.0954,43
2024-05-14,12:30,13:33,22,5221.42,51.5134,5220.755,-0.0129,0.1077,"trigger box [-.236,+.236]",pump,0.5749,-0.0449,0.4829,0.521,48
2024-05-15,12:00,12:39,14,5246.68,50.1474,5289.935,0.8626,0.1514,above +trigger,pump,0.4352,-0.0416,0.3736,0.3595,66
2024-05-16,12:54,13:24,11,5308.15,51.2141,5312.3,0.081,0.2554,"trigger box [-.236,+.236]",flush,-0.0006,0.3146,-0.2818,0.1869,51
2024-05-17,12:30,14:06,33,5297.1,49.6488,5295.31,-0.0361,0.1543,"trigger box [-.236,+.236]",flush,0.1728,0.2361,0.1728,0.1589,37
2024-05-21,12:30,13:36,23,5308.13,45.8964,5309.585,0.0317,0.1288,"trigger box [-.236,+.236]",pump,0.321,-0.0361,0.2698,0.2567,47
2024-05-22,12:57,13:27,11,5321.41,44.5074,5319.895,-0.034,0.0879,"trigger box [-.236,+.236]",flush,-0.0293,0.7613,-0.2989,0.7174,50
2024-05-24,13:24,13:57,12,5267.84,46.9095,5305.09,0.7941,0.1207,above +trigger,pump,0.1115,0.2541,-0.0083,0.0512,40
2024-05-31,14:09,14:39,11,5235.48,45.6161,5217.45,-0.3953,0.1403,.382 -> .618 (GG),pump,1.3785,0.0079,1.3714,1.3083,26
2024-06-03,14:24,15:00,13,5277.51,48.69,5263.875,-0.28,0.1929,put-trig -> .382,pump,0.3911,-0.0229,0.3891,0.2947,19
2024-06-05,12:09,12:36,10,5291.34,49.4197,5330.195,0.7862,0.1807,above +trigger,pump,0.4744,0.0029,0.4744,0.3841,67
2024-06-10,12:24,13:24,21,5346.99,48.3523,5352.84,0.121,0.1774,"trigger box [-.236,+.236]",flush,0.2678,0.0976,0.1617,0.0089,51
2024-06-11,12:33,13:06,12,5360.79,47.3464,5348.88,-0.2516,0.2104,put-trig -> .382,pump,0.5717,0.0659,0.5688,0.4666,57
2024-06-12,14:24,15:12,17,5375.32,47.4431,5429.775,1.1478,0.458,above +trigger,pump,0.3683,0.416,-0.182,0.1393,15
2024-06-14,13:39,14:09,11,5433.74,48.4942,5423.945,-0.202,0.2064,"trigger box [-.236,+.236]",flush,0.1741,0.1346,0.1733,0.0313,36
2024-06-17,14:51,15:21,11,5431.6,47.1724,5483.755,1.1056,0.18,above +trigger,flush,0.0857,0.2545,-0.2138,0.1645,12
2024-06-24,14:03,14:48,16,5464.62,45.3311,5460.84,-0.0834,0.2352,"trigger box [-.236,+.236]",pump,0.1493,0.2923,-0.2627,0.0318,23
2024-06-25,12:00,12:27,10,5447.87,45.1696,5460.71,0.2843,0.197,above +trigger,flush,0.2694,0.3133,0.2154,0.2147,70
2024-06-26,13:33,15:36,42,5469.3,43.8232,5467.325,-0.0451,0.2138,"trigger box [-.236,+.236]",pump,0.3609,-0.0031,0.2575,0.254,7
2024-06-27,12:57,13:57,21,5477.9,42.9265,5481.635,0.087,0.1829,"trigger box [-.236,+.236]",flush,0.0108,0.3284,0.0108,0.2369,40
2024-07-01,13:03,14:30,30,5460.48,43.7366,5471.675,0.256,0.2604,above +trigger,flush,0.1702,0.2765,0.0646,0.1463,29
2024-07-05,12:30,13:21,18,5537.02,42.7265,5555.125,0.4237,0.1837,above +trigger,pump,0.3559,-0.0771,0.2707,0.264,52
2024-07-08,12:57,13:33,13,5567.19,42.4389,5567.635,0.0105,0.1567,"trigger box [-.236,+.236]",pump,0.1754,0.1191,0.1059,0.0971,48
2024-07-12,14:54,15:21,10,5584.54,42.4152,5648.245,1.5019,0.1639,above +trigger,flush,-0.0157,0.9085,-0.7619,0.8266,12
2024-07-16,12:21,12:48,10,5631.22,45.0106,5645.41,0.3153,0.1853,above +trigger,pump,0.539,0.0322,0.4921,0.4463,63
2024-07-17,13:03,14:27,29,5667.2,44.542,5591.98,-1.6887,0.3219,below -1 ATR,pump,0.2083,0.106,-0.0851,0.0474,30
2024-07-22,13:57,14:33,13,5505.0,51.1073,5564.56,1.1654,0.1812,above +trigger,pump,0.1135,0.0851,-0.0117,0.0229,28
2024-07-23,13:21,14:00,14,5564.41,52.1254,5566.505,0.0402,0.1955,"trigger box [-.236,+.236]",pump,0.1277,0.2994,-0.1964,0.0299,39
2024-07-29,12:54,13:30,13,5459.1,62.1238,5476.925,0.2869,0.3118,above +trigger,flush,0.0036,0.2512,-0.2132,0.0953,49
2024-08-05,13:36,14:03,10,5346.56,77.9551,5208.855,-1.7665,0.3834,below -1 ATR,flush,-0.0099,0.5715,-0.2623,0.3798,38
2024-08-06,13:45,14:24,14,5186.33,88.6226,5294.12,1.2163,0.2042,above +trigger,pump,0.2056,0.641,-0.641,0.1035,31
2024-08-08,14:27,14:57,11,5199.5,94.4222,5317.57,1.2504,0.139,above +trigger,flush,0.0688,0.2118,0.0108,0.1423,20
2024-08-09,14:51,15:27,13,5319.31,96.8585,5338.575,0.1989,0.1529,"trigger box [-.236,+.236]",pump,0.0976,0.0288,0.0557,0.0212,10
2024-08-12,14:36,15:39,22,5344.16,94.0707,5340.695,-0.0368,0.1173,"trigger box [-.236,+.236]",flush,0.0519,0.0956,0.046,0.037,6
2024-08-13,13:39,14:06,10,5344.39,90.6964,5416.67,0.7969,0.1537,above +trigger,pump,0.2186,-0.012,0.1928,0.1418,37
2024-08-14,13:45,14:48,22,5434.43,90.7974,5446.065,0.1281,0.1065,"trigger box [-.236,+.236]",pump,0.1606,0.0438,0.0792,0.1074,23
2024-08-21,13:30,14:15,16,5597.12,78.9864,5616.37,0.2437,0.1524,above +trigger,pump,0.1489,0.1489,0.0513,0.0727,34
2024-08-23,14:15,15:15,21,5570.64,76.7087,5621.0,0.6565,0.1945,above +trigger,pump,0.2159,0.0242,0.1605,0.1186,14
2024-08-27,12:21,13:09,17,5616.84,74.3828,5616.295,-0.0073,0.1666,"trigger box [-.236,+.236]",pump,0.1978,-0.0705,0.1357,0.1145,56
2024-08-28,12:09,12:39,11,5625.8,71.7626,5586.675,-0.5452,0.1715,.382 -> .618 (GG),pump,0.2363,0.3585,0.0767,0.1505,66
2024-08-29,13:48,14:18,11,5592.18,71.3567,5633.19,0.5747,0.1603,above +trigger,flush,-0.039,0.6934,-0.5694,0.6133,33
2024-08-30,13:48,14:21,12,5591.96,70.7769,5601.925,0.1408,0.1604,"trigger box [-.236,+.236]",pump,0.6986,-0.0508,0.6363,0.6184,32
2024-09-03,13:18,13:48,11,5648.4,70.6914,5560.505,-1.2434,0.173,below -1 ATR,flush,-0.0452,0.7947,-0.4441,0.7081,43
2024-09-04,14:12,14:54,15,5528.93,75.9328,5517.495,-0.1506,0.2098,"trigger box [-.236,+.236]",flush,0.1391,0.1822,0.021,0.0773,21
2024-09-06,12:33,13:12,14,5503.41,73.4417,5413.455,-1.2248,0.2447,below -1 ATR,pump,0.1914,0.1475,-0.0518,0.069,55
2024-09-09,14:54,15:36,15,5408.42,76.7566,5460.04,0.6725,0.2006,above +trigger,pump,0.1582,0.0354,0.1434,0.0578,7
2024-09-12,12:00,12:42,15,5554.13,80.8104,5557.485,0.0415,0.1513,"trigger box [-.236,+.236]",pump,0.5349,-0.0557,0.4889,0.4592,65
2024-09-16,14:33,15:21,17,5626.02,76.8971,5628.11,0.0272,0.1027,"trigger box [-.236,+.236]",pump,0.1033,0.0385,0.0748,0.0519,12
2024-09-19,13:00,13:39,14,5618.26,72.6077,5723.37,1.4476,0.1333,above +trigger,pump,0.1405,0.202,-0.1399,0.0738,46
2024-09-20,13:21,14:00,14,5713.64,75.6578,5704.2,-0.1248,0.1319,"trigger box [-.236,+.236]",flush,0.1446,0.2621,-0.0223,0.1961,39
2024-09-23,13:09,13:45,13,5702.55,73.1573,5710.26,0.1054,0.1326,"trigger box [-.236,+.236]",pump,0.1472,-0.0189,0.1094,0.0809,44
2024-09-25,12:06,13:00,19,5732.93,67.1874,5722.28,-0.1585,0.2372,"trigger box [-.236,+.236]",flush,0.053,0.1521,0.01,0.0335,59
2024-09-26,13:03,13:33,11,5722.26,64.4576,5728.845,0.1022,0.2431,"trigger box [-.236,+.236]",pump,0.3132,-0.0843,0.2432,0.1916,48
2024-09-27,12:48,13:24,13,5745.37,63.1649,5744.405,-0.0153,0.1582,"trigger box [-.236,+.236]",flush,0.059,0.2702,-0.1131,0.1911,51
2024-10-01,14:57,15:36,14,5762.48,61.2813,5719.07,-0.7084,0.2715,.618 -> .786,flush,-0.0131,0.2058,-0.173,0.07,7
2024-10-02,14:42,15:09,10,5708.75,62.704,5711.025,0.0363,0.0773,"trigger box [-.236,+.236]",pump,0.071,0.0329,-0.0291,0.0324,16
2024-10-03,14:15,15:06,18,5709.54,61.4845,5689.155,-0.3315,0.1859,put-trig -> .382,flush,0.2304,0.1138,0.159,0.0208,17
2024-10-07,12:51,13:42,18,5751.07,59.5662,5726.215,-0.4173,0.1281,.382 -> .618 (GG),flush,-0.0244,0.6609,-0.502,0.5968,45
2024-10-10,15:00,15:42,15,5792.04,59.4356,5771.575,-0.3443,0.1227,put-trig -> .382,pump,0.209,-0.0573,0.1463,0.1477,5
2024-10-14,12:57,14:21,29,5815.03,56.6157,5857.03,0.7418,0.141,above +trigger,pump,0.254,-0.041,0.0652,0.1835,32
2024-10-16,13:21,14:00,14,5815.26,57.2618,5832.415,0.2996,0.1402,above +trigger,pump,0.2463,-0.0188,0.1732,0.1762,39
2024-10-17,12:24,14:00,33,5842.47,55.8988,5861.36,0.3379,0.1746,above +trigger,flush,-0.0016,0.3776,-0.3556,0.2903,39
2024-10-18,13:33,14:15,15,5841.47,54.6353,5863.99,0.4122,0.2211,above +trigger,pump,0.1497,0.0783,0.0097,0.0392,34
2024-10-21,13:51,14:27,13,5864.67,52.9257,5847.535,-0.3238,0.1702,put-trig -> .382,flush,0.1369,0.1307,0.1369,0.0455,30
2024-10-25,12:24,13:03,14,5809.86,52.5743,5841.635,0.6044,0.1706,above +trigger,flush,-0.065,0.7923,-0.6398,0.707,58
2024-10-28,12:30,13:33,22,5808.12,53.3076,5829.81,0.4069,0.1887,above +trigger,pump,0.1171,0.1262,-0.0985,0.0227,48
2024-10-29,12:27,12:57,11,5823.52,51.9856,5832.465,0.1721,0.2249,"trigger box [-.236,+.236]",pump,0.2833,0.017,0.0445,0.1708,60
2024-10-31,12:57,13:33,13,5813.67,50.6432,5730.755,-1.6372,0.2348,below -1 ATR,flush,0.1107,0.5425,-0.5425,0.4251,48
2024-11-04,14:09,15:09,21,5728.8,55.8072,5723.085,-0.1024,0.1597,"trigger box [-.236,+.236]",flush,0.0015,0.2538,-0.1689,0.174,16
2024-11-06,12:21,12:51,11,5782.76,56.1524,5905.995,2.1947,0.1975,above +trigger,pump,0.5368,-0.0501,0.3883,0.4381,62
2024-11-07,14:00,14:57,20,5929.04,63.0972,5967.415,0.6082,0.3105,above +trigger,pump,0.2603,-0.0424,0.0904,0.1051,20
2024-11-13,13:06,14:15,24,5983.99,58.0591,6003.525,0.3365,0.139,above +trigger,flush,-0.0526,0.3973,-0.2851,0.3278,34
2024-11-15,12:45,13:48,22,5949.17,56.5512,5864.015,-1.5058,0.2633,below -1 ATR,flush,0.2042,0.1946,0.1014,0.063,43
2024-11-18,12:48,13:33,16,5870.62,59.3804,5895.33,0.4161,0.1502,above +trigger,flush,0.0402,0.1927,-0.0182,0.1175,48
2024-11-19,12:06,12:51,16,5893.62,58.1511,5900.905,0.1253,0.242,"trigger box [-.236,+.236]",pump,0.3887,-0.015,0.257,0.2678,62
2024-11-21,13:39,14:57,27,5917.11,58.9588,5953.14,0.6111,0.192,above +trigger,pump,0.1727,0.0857,-0.079,0.0767,20
2024-11-25,13:57,14:33,13,5969.34,57.9203,5982.59,0.2288,0.1412,"trigger box [-.236,+.236]",pump,0.1145,0.0658,0.0787,0.0439,28
2024-11-26,13:27,14:15,17,5987.37,57.8431,6011.6,0.4189,0.1418,above +trigger,flush,0.2389,0.1338,0.158,0.0629,34
2024-11-27,14:03,15:21,27,6021.63,56.4294,5998.955,-0.4018,0.1271,.382 -> .618 (GG),flush,0.0384,0.1326,-0.0042,0.0691,12
2024-12-02,12:27,14:12,36,6032.38,54.3391,6045.53,0.242,0.1384,above +trigger,flush,0.1481,0.0791,0.0248,0.0099,35
2024-12-03,13:39,14:09,11,6047.15,51.972,6044.345,-0.054,0.081,"trigger box [-.236,+.236]",pump,0.1486,0.0165,0.1025,0.1081,36
2024-12-09,12:12,13:30,27,6090.27,45.3805,6063.795,-0.5834,0.2144,.382 -> .618 (GG),pump,0.1936,0.3342,-0.2031,0.0864,49
2024-12-11,12:27,13:24,20,6034.91,44.4274,6088.805,1.2131,0.1704,above +trigger,flush,0.0847,0.1496,-0.1037,0.0644,51
2024-12-16,12:45,13:12,10,6051.09,44.3662,6078.02,0.607,0.1388,above +trigger,pump,0.1616,0.2236,-0.0798,0.0922,55
2024-12-17,12:03,13:21,27,6074.08,43.6329,6051.235,-0.5236,0.223,.382 -> .618 (GG),flush,0.0588,0.3677,-0.0212,0.2562,52
2024-12-18,13:24,14:00,13,6050.61,43.2941,6053.195,0.0597,0.4862,"trigger box [-.236,+.236]",flush,-0.0301,4.2825,-4.2494,4.0394,39
2024-12-20,12:33,13:09,13,5867.08,55.7471,5969.775,1.8422,0.3051,above +trigger,flush,-0.0905,0.874,-0.6633,0.7215,56
2024-12-23,12:36,13:03,10,5930.85,62.4623,5949.395,0.2969,0.2144,above +trigger,pump,0.462,0.0254,0.3656,0.3548,58
2024-12-26,13:39,14:12,12,6040.04,63.5939,6036.945,-0.0487,0.119,"trigger box [-.236,+.236]",flush,0.1414,0.0649,0.0023,0.0053,35
2024-12-30,13:00,14:18,27,5970.84,65.1187,5931.315,-0.607,0.291,.382 -> .618 (GG),flush,0.0698,0.3918,-0.3668,0.2463,33
2024-12-31,12:00,12:27,10,5906.94,67.7302,5889.565,-0.2565,0.2204,put-trig -> .382,flush,0.1473,0.3057,-0.082,0.1955,70
2025-01-02,13:30,14:18,17,5881.63,67.2409,5841.375,-0.5987,0.3523,.382 -> .618 (GG),pump,0.5151,-0.0436,0.4085,0.3389,33
2025-01-03,12:24,13:24,21,5868.55,69.978,5928.775,0.8606,0.151,above +trigger,pump,0.2939,-0.0679,0.1873,0.2184,51
2025-01-13,13:54,14:36,15,5827.04,75.2819,5818.655,-0.1114,0.1925,"trigger box [-.236,+.236]",pump,0.2651,0.0152,0.2319,0.1688,27
2025-01-16,12:45,13:24,14,5949.91,77.1145,5952.255,0.0304,0.0956,"trigger box [-.236,+.236]",flush,0.0279,0.2793,-0.1929,0.2315,51
2025-01-17,13:06,13:48,15,5937.34,74.0328,6010.865,0.9931,0.1106,above +trigger,flush,-0.0329,0.2124,-0.1863,0.1571,43
2025-01-21,13:39,14:30,18,5996.66,74.289,6044.915,0.6496,0.1232,above +trigger,flush,0.0888,0.089,0.0581,0.0275,29
2025-01-22,12:21,13:00,14,6049.24,72.9005,6096.145,0.6434,0.08,above +trigger,flush,0.0227,0.1704,-0.1438,0.1305,59
2025-01-24,14:54,15:36,15,6118.71,69.4257,6094.655,-0.3465,0.1425,put-trig -> .382,flush,0.1124,0.0852,0.0888,0.014,7
2025-01-27,13:36,14:18,15,6101.24,67.2839,5991.54,-1.6304,0.2322,below -1 ATR,pump,0.3458,0.1318,0.3247,0.2298,33
2025-02-03,12:51,13:48,20,6040.53,72.0894,5993.95,-0.6461,0.3546,.618 -> .786,pump,0.3909,0.0111,0.0157,0.2136,43
2025-02-05,12:48,14:00,25,6037.88,73.5788,6047.785,0.1346,0.1466,"trigger box [-.236,+.236]",pump,0.2049,-0.0082,0.1917,0.1316,39
2025-02-06,12:00,12:48,17,6061.48,72.3089,6071.69,0.1412,0.1173,"trigger box [-.236,+.236]",pump,0.1707,0.3438,0.1545,0.112,63
2025-02-07,14:48,15:18,11,6083.57,69.8011,6027.64,-0.8013,0.2201,.786 -> -1 ATR,none,0.0511,0.0705,-0.0244,0.0,13
2025-02-13,12:21,13:24,22,6051.97,66.3938,6077.755,0.3884,0.2809,above +trigger,pump,0.5897,0.0853,0.5601,0.4493,51
2025-02-24,13:00,14:15,26,6013.13,62.5588,6024.165,0.1764,0.2083,"trigger box [-.236,+.236]",flush,-0.0621,0.7071,-0.6372,0.603,34
2025-02-28,12:06,12:36,11,5861.57,70.2101,5885.61,0.3424,0.2763,above +trigger,flush,1.051,0.683,0.9603,0.5448,67
2025-03-03,14:21,14:48,10,5954.5,73.8908,5906.105,-0.655,0.3111,.618 -> .786,flush,-0.0676,1.2883,-0.7413,1.1328,23
2025-03-04,12:42,13:21,14,5849.72,81.1257,5791.45,-0.7183,0.4931,.618 -> .786,pump,0.9076,0.3957,-0.1727,0.6611,52
2025-03-05,13:21,13:48,10,5778.15,84.7946,5803.41,0.2979,0.2769,above +trigger,pump,0.6743,-0.1122,0.4427,0.5359,43
2025-03-10,12:36,13:06,11,5770.2,92.1988,5638.4,-1.4295,0.2475,below -1 ATR,flush,-0.0042,0.8067,-0.2538,0.683,57
2025-03-13,12:24,13:09,16,5599.3,100.5382,5536.71,-0.6225,0.3083,.618 -> .786,flush,0.163,0.3189,-0.1507,0.1647,56
2025-03-14,14:12,14:39,10,5521.52,100.1176,5619.24,0.9761,0.191,above +trigger,pump,0.26,-0.0079,0.176,0.1645,26
2025-03-17,12:36,13:12,13,5638.94,101.8056,5649.69,0.1056,0.1546,"trigger box [-.236,+.236]",pump,0.5288,-0.0481,0.26,0.4514,55
2025-03-18,13:18,14:09,18,5675.12,99.7052,5611.35,-0.6396,0.2046,.618 -> .786,pump,0.1643,0.0747,0.0403,0.062,36
2025-03-21,14:45,15:12,10,5662.89,96.9012,5646.23,-0.1719,0.1783,"trigger box [-.236,+.236]",pump,0.254,0.0849,0.211,0.1648,15
2025-03-24,13:27,14:09,15,5667.56,94.8183,5749.985,0.8693,0.1292,above +trigger,flush,0.2653,0.0664,0.1599,0.0018,36
2025-03-25,15:12,15:42,11,5767.57,95.7298,5766.725,-0.0088,0.1167,"trigger box [-.236,+.236]",pump,0.1225,-0.0332,0.1056,0.0641,5
2025-03-28,15:09,15:36,10,5693.31,88.579,5580.37,-1.275,0.1795,below -1 ATR,none,0.0699,0.0876,-0.001,0.0,7
2025-04-07,12:27,13:18,18,5074.08,124.919,5009.665,-0.5157,0.6831,.382 -> .618 (GG),pump,0.8878,-0.0863,0.4018,0.5463,53
2025-04-08,13:51,14:48,20,5062.25,145.3912,5062.96,0.0049,0.4077,"trigger box [-.236,+.236]",flush,-0.031,1.0492,-0.5316,0.8453,23
2025-04-09,14:45,15:18,12,4982.77,160.5097,5362.935,2.3685,0.5911,above +trigger,pump,0.7377,-0.2828,0.5525,0.4422,13
2025-04-14,12:33,13:54,28,5363.36,195.4714,5391.88,0.1459,0.1997,"trigger box [-.236,+.236]",pump,0.2651,-0.0525,0.07,0.1652,41
2025-04-15,14:06,14:54,17,5405.97,188.7548,5397.765,-0.0435,0.12,"trigger box [-.236,+.236]",pump,0.0666,0.0415,-0.0056,0.0066,21
2025-04-16,12:45,13:30,16,5396.63,179.8416,5318.665,-0.4335,0.1727,.382 -> .618 (GG),flush,-0.046,0.5442,-0.2358,0.4579,49
2025-04-24,13:15,14:03,17,5375.86,171.8425,5467.165,0.5313,0.101,above +trigger,pump,0.1294,0.0351,0.0956,0.0789,38
2025-05-05,12:48,13:45,20,5686.67,141.5438,5671.625,-0.1063,0.0734,"trigger box [-.236,+.236]",pump,0.083,0.1649,-0.1443,0.0463,44
2025-05-07,12:15,12:42,10,5606.91,130.1027,5615.265,0.0642,0.1049,"trigger box [-.236,+.236]",pump,0.3033,0.2815,0.1113,0.2509,65
2025-05-09,13:03,13:42,14,5663.94,123.5715,5655.405,-0.0691,0.1522,"trigger box [-.236,+.236]",pump,0.1547,-0.0161,0.0303,0.0786,45
2025-05-12,14:03,15:33,31,5659.91,118.1407,5834.335,1.4764,0.1152,above +trigger,flush,0.0934,0.0848,0.0867,0.0272,8
2025-05-14,12:18,12:45,10,5886.55,118.6278,5894.64,0.0682,0.119,"trigger box [-.236,+.236]",flush,0.0231,0.1899,-0.0264,0.1304,64
2025-05-21,12:00,13:03,22,5940.46,98.9771,5930.17,-0.104,0.1657,"trigger box [-.236,+.236]",flush,-0.0119,1.0029,-0.8689,0.92,58
2025-05-22,14:30,15:03,12,5844.61,99.7323,5868.885,0.2434,0.1437,above +trigger,pump,0.0922,0.3034,-0.2796,0.0204,18
2025-05-23,12:15,12:45,11,5842.01,96.3414,5797.96,-0.4572,0.1366,.382 -> .618 (GG),pump,0.3275,0.0051,0.0644,0.2592,64
2025-05-28,14:45,15:18,12,5921.54,96.6971,5905.52,-0.1657,0.2759,"trigger box [-.236,+.236]",flush,0.0519,0.2445,-0.1657,0.1065,13
2025-05-29,13:12,13:54,15,5888.55,93.9359,5904.62,0.1711,0.158,"trigger box [-.236,+.236]",flush,0.14,0.1755,0.0803,0.0966,41
2025-06-02,13:45,14:15,11,5911.69,91.1999,5912.425,0.0081,0.1492,"trigger box [-.236,+.236]",pump,0.2738,-0.0594,0.2738,0.1992,34
2025-06-04,13:57,14:48,18,5970.37,87.4147,5984.58,0.1626,0.1151,"trigger box [-.236,+.236]",flush,-0.0224,0.1607,-0.1535,0.1032,23
2025-06-06,14:57,15:24,10,5939.3,82.5964,6005.675,0.8036,0.0982,above +trigger,flush,0.0226,0.075,-0.0728,0.0259,11
2025-06-09,14:18,15:15,20,6000.36,82.2374,6017.125,0.2039,0.1018,"trigger box [-.236,+.236]",flush,-0.0125,0.1572,-0.1572,0.1063,14
2025-06-12,12:06,12:39,12,6022.24,74.4261,6035.88,0.1833,0.162,"trigger box [-.236,+.236]",pump,0.1252,0.0386,0.1252,0.0442,66
2025-06-17,14:45,15:30,16,6033.11,72.8665,5984.195,-0.6713,0.1569,.618 -> .786,pump,0.0904,0.0543,-0.0293,0.0119,9
2025-06-18,12:00,12:33,12,5982.72,71.8267,6004.82,0.3077,0.1164,above +trigger,flush,0.1355,0.4585,-0.341,0.4003,68
2025-06-20,12:48,13:24,13,5980.87,70.0077,5973.985,-0.0983,0.213,"trigger box [-.236,+.236]",flush,0.0356,0.306,-0.0806,0.1995,51
2025-06-23,14:27,15:15,17,5967.84,69.6957,6010.75,0.6157,0.1851,above +trigger,pump,0.2586,0.0175,0.2009,0.166,14
2025-06-24,13:21,13:48,10,6025.17,70.8274,6091.395,0.935,0.1154,above +trigger,pump,0.1463,-0.0145,0.0266,0.0887,43
2025-06-25,14:30,15:03,12,6092.18,71.2391,6088.055,-0.0579,0.1049,"trigger box [-.236,+.236]",pump,0.1281,0.0064,0.0815,0.0757,18
2025-06-26,12:54,13:30,13,6092.16,68.1806,6133.915,0.6124,0.1055,above +trigger,pump,0.1849,-0.0134,0.1277,0.1321,49
2025-06-27,12:30,13:00,11,6141.02,67.1934,6183.765,0.6361,0.1165,above +trigger,flush,-0.0117,0.7652,-0.1755,0.7069,59
2025-06-30,13:57,14:54,20,6173.07,66.346,6181.69,0.1299,0.2026,"trigger box [-.236,+.236]",pump,0.5033,-0.1023,0.3415,0.402,21
2025-07-01,12:48,13:36,17,6204.95,64.6077,6199.23,-0.0885,0.1876,"trigger box [-.236,+.236]",pump,0.1788,0.1381,-0.0255,0.085,47
2025-07-02,13:03,14:36,32,6198.01,62.3364,6217.755,0.3167,0.1137,above +trigger,pump,0.1579,-0.0179,0.1526,0.1011,27
2025-07-03,12:27,13:00,12,6227.42,60.6917,6278.0,0.8334,0.2191,above +trigger,none,0.0222,-0.0222,0.0222,0.0,7
2025-07-07,13:18,14:15,20,6279.35,60.4444,6223.88,-0.9177,0.3663,.786 -> -1 ATR,flush,0.1138,0.3785,0.1138,0.1954,34
2025-07-08,13:30,14:00,11,6229.98,61.7234,6229.58,-0.0065,0.1633,"trigger box [-.236,+.236]",pump,0.0838,0.1273,-0.0664,0.0021,39
2025-07-09,12:12,14:06,39,6225.52,59.0967,6246.42,0.3537,0.2707,above +trigger,pump,0.2949,-0.056,0.2682,0.1596,37
2025-07-11,13:45,14:30,16,6280.46,56.6203,6263.995,-0.2908,0.1319,put-trig -> .382,pump,0.0962,0.1892,-0.0997,0.0302,29
2025-07-14,12:12,12:54,15,6259.75,55.6375,6262.14,0.043,0.142,"trigger box [-.236,+.236]",pump,0.2008,-0.0469,0.1073,0.1298,61
2025-07-15,12:00,12:30,11,6268.56,54.0984,6265.935,-0.0485,0.1636,"trigger box [-.236,+.236]",flush,0.0683,0.4341,-0.4221,0.3523,69
2025-07-16,13:48,14:36,17,6243.76,54.5456,6253.64,0.1811,0.1969,"trigger box [-.236,+.236]",pump,0.2655,-0.0708,0.1822,0.167,27
2025-07-17,13:09,13:36,10,6263.7,55.4016,6290.81,0.4893,0.1051,above +trigger,pump,0.2505,-0.0253,0.1482,0.198,47
2025-07-23,12:57,13:39,15,6309.62,50.5477,6340.315,0.6072,0.1569,above +trigger,pump,0.3877,0.0232,0.3877,0.3092,46
2025-07-29,14:45,15:24,14,6389.77,45.8372,6375.055,-0.321,0.1167,put-trig -> .382,flush,-0.0461,0.2429,-0.0747,0.1846,11
2025-07-30,13:06,13:39,12,6370.86,45.8017,6385.135,0.3117,0.1421,above +trigger,pump,0.249,1.0645,-0.4433,0.1779,46
2025-08-01,13:51,14:24,12,6339.39,50.5811,6222.855,-2.3039,0.4019,below -1 ATR,pump,0.573,-0.1063,0.2856,0.3721,31
2025-08-04,14:30,15:15,16,6238.01,56.0181,6321.4,1.4886,0.161,above +trigger,pump,0.1658,0.0575,0.1453,0.0853,14
2025-08-06,12:39,14:03,29,6299.19,58.4935,6342.035,0.7325,0.1438,above +trigger,pump,0.1846,-0.0196,0.0469,0.1127,38
2025-08-07,12:12,12:39,10,6345.06,58.1468,6337.405,-0.1316,0.2564,"trigger box [-.236,+.236]",flush,0.0632,0.4658,0.0632,0.3376,66
2025-08-08,14:36,15:33,20,6340.0,59.6642,6390.48,0.8461,0.1344,above +trigger,flush,0.0047,0.1857,-0.0049,0.1185,8
2025-08-12,13:21,13:51,11,6373.45,58.1887,6435.78,1.0712,0.1175,above +trigger,pump,0.1851,-0.0265,0.1636,0.1263,42
2025-08-13,14:51,15:24,12,6445.76,59.2538,6460.565,0.2499,0.1382,above +trigger,pump,0.1294,0.06,0.1051,0.0602,11
2025-08-14,14:33,15:00,10,6466.58,57.54,6462.0,-0.0796,0.162,"trigger box [-.236,+.236]",pump,0.2009,-0.0104,0.1008,0.1199,19
2025-08-15,14:21,15:03,15,6468.54,55.7764,6456.795,-0.2106,0.2089,"trigger box [-.236,+.236]",flush,0.0017,0.1666,-0.1197,0.0622,18
2025-08-19,15:00,15:33,12,6449.15,51.9729,6404.86,-0.8522,0.1786,.786 -> -1 ATR,pump,0.1657,0.0441,0.1335,0.0764,8
2025-08-20,13:06,13:36,11,6411.37,52.2791,6384.195,-0.5198,0.2286,.382 -> .618 (GG),pump,0.3999,0.314,0.2044,0.2856,47
2025-08-21,12:48,13:15,10,6395.78,53.367,6364.9,-0.5786,0.3185,.382 -> .618 (GG),flush,0.2648,0.2284,0.0989,0.0691,54
2025-08-22,14:48,15:30,15,6370.17,52.6315,6468.095,1.8606,0.1378,above +trigger,flush,0.01,0.2078,-0.0332,0.1389,9
2025-08-26,13:00,13:48,17,6439.32,54.653,6445.745,0.1176,0.1213,"trigger box [-.236,+.236]",flush,0.414,0.1359,0.3651,0.0752,43
2025-09-03,12:18,12:45,10,6415.54,54.9426,6435.525,0.3637,0.2561,above +trigger,flush,0.2236,0.3523,0.2236,0.2242,64
2025-09-04,12:12,13:12,21,6448.26,53.7417,6473.935,0.4777,0.171,above +trigger,pump,0.5323,-0.0064,0.5129,0.4468,55
2025-09-05,12:12,13:45,32,6502.08,53.943,6467.735,-0.6367,0.3887,.618 -> .786,pump,0.3062,0.1662,0.2674,0.1118,44
2025-09-08,13:06,13:48,15,6481.5,56.4235,6492.995,0.2037,0.1607,"trigger box [-.236,+.236]",flush,0.0681,0.172,0.0543,0.0916,43
2025-09-11,12:27,13:00,12,6532.04,52.2777,6582.36,0.9626,0.1473,above +trigger,pump,0.2014,0.0618,0.083,0.1278,59
2025-09-12,13:03,13:51,17,6587.47,52.89,6590.585,0.0589,0.1121,"trigger box [-.236,+.236]",pump,0.182,0.2098,-0.1251,0.1259,42
2025-09-16,13:45,14:48,22,6615.28,49.502,6611.035,-0.0858,0.1558,"trigger box [-.236,+.236]",pump,0.093,0.1146,-0.0888,0.0152,23
2025-09-18,14:21,15:00,14,6600.35,49.6971,6637.895,0.7555,0.2171,above +trigger,flush,0.0961,0.2007,-0.1353,0.0922,19
2025-09-19,13:03,14:57,39,6631.96,50.1795,6652.81,0.4155,0.1766,above +trigger,pump,0.3788,-0.0809,0.1999,0.2906,20
2025-09-22,13:24,14:42,27,6664.36,49.5602,6690.855,0.5346,0.1455,above +trigger,pump,0.1619,-0.0318,0.0586,0.0892,25
2025-09-23,14:30,15:18,17,6693.75,49.6495,6652.465,-0.8315,0.2604,.786 -> -1 ATR,pump,0.1838,0.0903,0.1133,0.0536,13
2025-09-26,13:48,14:21,12,6604.72,51.361,6637.97,0.6474,0.1647,above +trigger,pump,0.1739,0.0134,0.1084,0.0915,32
2025-09-29,12:09,12:57,17,6643.7,50.8738,6658.735,0.2955,0.1799,above +trigger,flush,0.088,0.28,0.0585,0.1901,60
2025-10-01,12:27,13:03,13,6688.46,49.6842,6694.36,0.1188,0.1731,"trigger box [-.236,+.236]",pump,0.4855,-0.0537,0.3333,0.3989,58
2025-10-02,12:39,13:27,17,6711.2,50.5839,6706.35,-0.0959,0.2151,"trigger box [-.236,+.236]",pump,0.3228,-0.0504,0.1868,0.2153,50
2025-10-06,12:21,13:24,22,6715.79,49.4118,6742.57,0.542,0.2048,above +trigger,pump,0.1407,0.0597,-0.0461,0.0382,51
2025-10-07,13:21,14:00,14,6740.28,48.2916,6710.25,-0.6218,0.251,.618 -> .786,flush,0.1512,0.1671,0.0835,0.0416,39
2025-10-08,13:54,14:42,17,6714.59,48.7372,6751.83,0.7641,0.1428,above +trigger,flush,0.0782,0.1286,0.0359,0.0572,25
2025-10-09,13:51,15:18,30,6753.72,48.1882,6723.215,-0.633,0.2335,.618 -> .786,pump,0.2747,-0.1076,0.2427,0.1579,13
2025-10-10,12:18,12:54,13,6735.11,48.204,6630.63,-2.1675,0.7539,below -1 ATR,flush,0.0058,1.6565,-1.6146,1.2796,61
2025-10-13,12:12,12:57,16,6552.51,59.8766,6658.49,1.77,0.2555,above +trigger,pump,0.1702,0.3043,-0.0765,0.0424,60
2025-10-14,13:33,15:33,41,6654.72,63.8975,6673.055,0.2869,0.2393,above +trigger,flush,-0.0979,0.73,-0.4561,0.6104,8
2025-10-20,14:03,14:36,12,6664.01,74.6055,6741.65,1.0407,0.0724,above +trigger,flush,0.0111,0.0985,-0.0922,0.0623,27
2025-10-23,13:06,13:36,11,6699.4,72.8269,6735.225,0.4919,0.2273,above +trigger,pump,0.1964,-0.0016,0.0404,0.0828,47
2025-10-24,12:09,12:57,17,6738.44,71.2057,6800.49,0.8714,0.1666,above +trigger,pump,0.093,0.1567,-0.1313,0.0097,60
2025-10-27,12:18,13:18,21,6791.69,71.0246,6858.52,0.9409,0.08,above +trigger,flush,0.2641,0.066,0.225,0.026,53
2025-10-28,13:30,14:06,13,6875.16,72.065,6895.99,0.289,0.1177,above +trigger,pump,0.2124,0.0708,-0.0708,0.1536,37
2025-10-29,14:00,14:33,12,6890.89,69.8153,6895.7,0.0689,0.4349,"trigger box [-.236,+.236]",flush,-0.0123,0.6272,-0.0506,0.4098,28
2025-11-03,13:27,14:09,15,6840.2,69.3852,6857.565,0.2503,0.167,above +trigger,flush,0.0047,0.172,-0.0798,0.0885,36
2025-11-05,13:21,13:51,11,6771.55,70.0094,6825.83,0.7753,0.1128,above +trigger,flush,0.0384,0.4412,-0.4268,0.3848,42
2025-11-06,12:09,12:45,13,6796.29,69.7709,6720.255,-1.0898,0.3653,below -1 ATR,pump,0.5357,0.1122,0.021,0.353,64
2025-11-12,13:27,14:27,21,6846.61,73.9591,6853.155,0.0885,0.2176,"trigger box [-.236,+.236]",flush,0.0901,0.1683,-0.0156,0.0595,30
2025-11-13,14:15,14:57,15,6850.92,71.5542,6739.94,-1.551,0.4229,below -1 ATR,flush,0.1276,0.2127,-0.0198,0.0013,20
2025-11-14,12:21,12:57,13,6737.49,75.4574,6761.65,0.3202,0.3244,above +trigger,flush,0.0924,0.4304,-0.3519,0.2682,60
2025-11-18,13:39,15:27,37,6672.41,81.7726,6649.175,-0.2841,0.4269,put-trig -> .382,flush,-0.0718,0.3942,-0.3942,0.1807,10
2025-11-19,12:42,13:09,10,6617.32,82.9381,6628.275,0.1321,0.2905,"trigger box [-.236,+.236]",pump,0.4222,0.229,0.1767,0.277,56
2025-11-20,14:33,15:36,22,6642.16,83.1747,6575.035,-0.807,0.5113,.786 -> -1 ATR,flush,-0.2201,0.4928,-0.4311,0.2371,7
2025-11-24,13:36,14:27,18,6602.99,97.2563,6707.795,1.0776,0.1023,above +trigger,flush,0.0818,0.1463,-0.0321,0.0951,30
2025-11-25,13:12,14:18,23,6705.12,98.3637,6750.155,0.4578,0.1672,above +trigger,flush,0.2668,0.1162,0.1621,0.0325,33
2025-11-26,12:15,13:33,27,6765.88,99.6535,6821.905,0.5622,0.1763,above +trigger,flush,0.0853,0.1102,-0.1018,0.0221,48
2025-12-01,12:21,13:42,28,6849.09,93.0062,6836.045,-0.1403,0.1324,"trigger box [-.236,+.236]",pump,0.0818,0.3121,-0.23,0.0156,45
2025-12-03,13:15,13:45,11,6829.37,86.6569,6853.155,0.2745,0.1125,above +trigger,pump,0.1069,0.0497,-0.0305,0.0507,44
2025-12-04,12:39,13:51,25,6849.72,84.1807,6854.24,0.0537,0.1461,"trigger box [-.236,+.236]",flush,0.0442,0.3222,0.0442,0.2491,42
2025-12-09,13:18,14:09,18,6846.51,76.0361,6850.535,0.0529,0.1382,"trigger box [-.236,+.236]",flush,0.0098,0.1724,-0.1343,0.1032,36
2025-12-10,12:09,12:57,17,6840.51,72.5685,6846.415,0.0814,0.1644,"trigger box [-.236,+.236]",flush,0.7476,0.1443,0.5586,0.0621,60
2025-12-11,13:12,13:39,10,6886.68,72.8122,6890.205,0.0484,0.1487,"trigger box [-.236,+.236]",pump,0.182,0.0119,0.1634,0.1077,46
2025-12-12,14:57,15:30,12,6901.0,72.612,6824.395,-1.055,0.291,below -1 ATR,flush,0.0571,0.1803,0.0481,0.0348,9
2025-12-15,12:27,13:54,30,6827.41,74.5119,6813.4,-0.188,0.2649,"trigger box [-.236,+.236]",pump,0.1773,-0.0034,0.0395,0.0448,41
2025-12-19,13:03,13:42,14,6774.76,75.3556,6835.745,0.8093,0.1135,above +trigger,flush,0.0417,0.1389,-0.0139,0.0821,45
2025-12-22,12:06,12:54,17,6834.5,74.6345,6877.745,0.5794,0.0958,above +trigger,pump,0.0574,0.0957,-0.0168,0.0095,61
2025-12-23,12:33,13:15,15,6878.49,72.6985,6899.62,0.2907,0.0839,above +trigger,pump,0.1549,-0.0326,0.1293,0.1129,54
2025-12-24,12:30,13:03,12,6909.79,70.5107,6933.8,0.3405,0.0998,above +trigger,none,-0.0248,0.0248,-0.0248,0.0,6
2025-12-30,13:15,15:06,38,6905.74,62.9955,6904.08,-0.0264,0.0889,"trigger box [-.236,+.236]",flush,0.0284,0.1413,-0.1211,0.0968,17
2025-12-31,12:12,13:27,26,6896.24,59.9086,6877.49,-0.313,0.1195,put-trig -> .382,pump,0.1973,0.5498,-0.5295,0.1375,50
2026-01-02,13:36,14:06,11,6845.5,59.6916,6832.88,-0.2114,0.2871,"trigger box [-.236,+.236]",pump,0.5414,-0.1251,0.4299,0.3979,37
2026-01-05,12:51,13:39,17,6858.47,60.4679,6908.645,0.8298,0.1794,above +trigger,pump,0.0922,0.1803,-0.0977,0.0025,46
2026-01-08,14:48,15:27,14,6920.93,58.6419,6916.68,-0.0725,0.176,"trigger box [-.236,+.236]",pump,0.1565,-0.0234,0.0754,0.0686,10
2026-01-12,13:54,14:27,12,6966.28,57.0199,6977.515,0.197,0.0952,"trigger box [-.236,+.236]",pump,0.1546,0.0197,-0.0139,0.107,30
2026-01-13,14:36,15:21,16,6977.27,56.6799,6951.545,-0.4539,0.1755,.382 -> .618 (GG),flush,0.2268,0.2254,0.2017,0.1376,12
2026-01-14,12:39,13:54,26,6963.74,55.9928,6895.14,-1.2252,0.3133,below -1 ATR,pump,0.5942,-0.0439,0.5942,0.4376,41
2026-01-15,13:09,13:36,10,6926.6,57.5647,6972.83,0.8031,0.1424,above +trigger,flush,0.0434,0.6063,-0.484,0.535,47
2026-01-16,12:03,13:18,26,6944.47,57.2201,6948.695,0.0738,0.2102,"trigger box [-.236,+.236]",pump,0.2063,0.1654,-0.1614,0.1012,53
2026-01-21,12:51,13:51,21,6796.86,62.9202,6823.895,0.4297,0.4363,above +trigger,pump,1.3747,0.023,0.8198,1.1565,42
2026-01-22,12:00,12:36,13,6875.62,66.5352,6925.225,0.7455,0.2142,above +trigger,pump,0.1432,0.3806,-0.1907,0.0361,67
2026-01-26,12:45,13:18,12,6915.61,63.9673,6955.82,0.6286,0.1047,above +trigger,pump,0.1382,0.0982,-0.0886,0.0858,53
2026-01-29,14:30,15:39,24,6978.03,59.5691,6942.25,-0.6006,0.3008,.382 -> .618 (GG),pump,0.4841,-0.0836,0.4032,0.3337,6
2026-02-02,12:54,13:33,14,6939.03,64.8526,6985.885,0.7225,0.1861,above +trigger,flush,0.0874,0.2035,-0.1489,0.1104,48
2026-02-04,13:24,14:30,23,6917.81,70.4238,6868.445,-0.701,0.4315,.618 -> .786,pump,0.5412,-0.1486,0.2033,0.3255,29
2026-02-06,13:24,15:27,42,6798.4,74.5033,6916.03,1.5789,0.2075,above +trigger,pump,0.3874,-0.0333,0.1911,0.2836,10
2026-02-09,13:18,14:15,20,6932.3,79.6452,6966.92,0.4347,0.218,above +trigger,pump,0.1655,0.0755,-0.0471,0.0565,34
2026-02-11,13:48,14:18,11,6941.81,77.1185,6948.495,0.0867,0.177,"trigger box [-.236,+.236]",pump,0.1504,0.1143,-0.1143,0.0619,33
2026-02-12,12:09,13:06,20,6941.47,77.4322,6859.81,-1.0546,0.4016,below -1 ATR,flush,0.2495,0.462,-0.3393,0.2611,57
2026-02-13,12:30,14:39,44,6832.76,82.557,6867.35,0.419,0.3539,above +trigger,flush,-0.0781,0.6023,-0.3909,0.4253,26
2026-02-17,12:00,12:45,16,6836.17,82.9037,6828.61,-0.0912,0.3493,"trigger box [-.236,+.236]",flush,0.4629,0.2285,0.2101,0.0538,64
2026-02-24,13:00,13:48,17,6837.75,81.046,6891.565,0.664,0.1396,above +trigger,flush,0.0938,0.1246,-0.0065,0.0548,43
2026-02-25,12:30,13:15,16,6890.07,81.2385,6939.29,0.6059,0.0995,above +trigger,pump,0.1627,0.0057,0.0936,0.113,54
2026-02-27,13:09,15:09,41,6908.86,80.4403,6855.44,-0.6641,0.2447,.618 -> .786,pump,0.3421,-0.0549,0.281,0.2198,16
2026-03-02,12:36,13:42,23,6878.88,80.2032,6881.36,0.0309,0.1913,"trigger box [-.236,+.236]",flush,0.245,0.2067,-0.0163,0.1111,45
2026-03-03,12:33,13:15,15,6881.62,81.9144,6789.66,-1.1226,0.3225,below -1 ATR,pump,0.6152,-0.121,0.3288,0.4539,54
2026-03-04,12:24,13:57,32,6816.63,88.2919,6872.38,0.6314,0.2494,above +trigger,pump,0.1536,0.0405,-0.0388,0.0289,40
2026-03-05,13:24,15:09,36,6869.5,87.2925,6787.575,-0.9385,0.3848,.786 -> -1 ATR,pump,0.5061,-0.1225,0.485,0.3137,16
2026-03-06,14:06,15:18,25,6830.71,88.1752,6759.785,-0.8044,0.2771,.786 -> -1 ATR,flush,-0.1095,0.3965,-0.2454,0.258,13
2026-03-10,15:09,15:39,11,6795.99,96.3885,6792.16,-0.0397,0.2959,"trigger box [-.236,+.236]",flush,-0.0184,0.1857,-0.1126,0.0378,6
2026-03-11,14:36,15:42,23,6781.48,95.5994,6764.43,-0.1783,0.187,"trigger box [-.236,+.236]",pump,0.1377,-0.013,0.1081,0.0441,5
2026-03-12,12:24,14:54,51,6775.8,93.4537,6700.255,-0.8084,0.3502,.786 -> -1 ATR,flush,-0.0375,0.3195,-0.3044,0.1443,21
2026-03-13,12:15,13:48,32,6672.62,94.307,6646.405,-0.278,0.3193,put-trig -> .382,flush,0.1162,0.2384,-0.154,0.0788,43
2026-03-16,13:39,14:12,12,6632.19,95.3836,6698.035,0.6903,0.1781,above +trigger,pump,0.3329,0.0467,0.019,0.2439,35
2026-03-17,12:21,14:24,42,6699.38,95.5419,6724.325,0.2611,0.1561,above +trigger,flush,0.0043,0.1104,-0.0747,0.0323,31
2026-03-18,13:48,14:33,16,6716.09,92.6404,6668.915,-0.5092,0.2985,.382 -> .618 (GG),flush,0.0028,0.5101,-0.4807,0.3609,28
2026-03-20,12:24,13:36,25,6606.49,91.7791,6548.32,-0.6338,0.3325,.618 -> .786,flush,-0.0601,0.815,-0.4358,0.6487,47
2026-03-23,13:06,13:33,10,6506.48,94.7213,6587.055,0.8507,0.3652,above +trigger,pump,0.3679,0.0712,-0.0559,0.1853,48
2026-03-25,13:12,14:51,34,6556.37,96.3453,6607.155,0.5271,0.2363,above +trigger,flush,-0.0877,0.2625,-0.1527,0.1444,22
2026-03-31,13:36,14:48,25,6343.72,99.2565,6499.175,1.5662,0.2455,above +trigger,pump,0.4017,-0.0631,0.297,0.279,23
2026-04-01,12:33,13:03,11,6528.52,106.1189,6601.87,0.6912,0.13,above +trigger,pump,0.0735,0.3816,-0.2525,0.0085,58
2026-04-02,12:39,13:12,12,6575.32,104.3354,6563.555,-0.1128,0.1659,"trigger box [-.236,+.236]",pump,0.1993,0.1223,0.1726,0.1164,55
2026-04-07,13:09,13:42,12,6611.83,101.1277,6592.715,-0.189,0.2691,"trigger box [-.236,+.236]",flush,0.2526,0.3444,0.2492,0.2098,45
2026-04-10,13:15,15:06,38,6824.66,103.1093,6814.77,-0.0959,0.1224,"trigger box [-.236,+.236]",pump,0.0839,0.0425,0.0304,0.0227,17
2026-04-13,13:42,14:33,18,6816.89,98.4093,6846.35,0.2994,0.0766,above +trigger,pump,0.4131,-0.0275,0.402,0.3748,28
2026-04-20,12:09,14:18,44,7126.06,91.907,7101.82,-0.2637,0.1671,put-trig -> .382,pump,0.0931,0.0227,0.0931,0.0096,33
2026-04-21,14:30,14:57,10,7109.14,88.3172,7082.49,-0.3018,0.1957,put-trig -> .382,pump,0.226,0.3656,-0.2058,0.1282,20
2026-04-24,12:39,15:06,50,7108.4,88.2549,7158.805,0.5711,0.1909,above +trigger,pump,0.1109,0.0048,0.0621,0.0154,17
2026-04-27,13:00,13:30,11,7165.08,86.2503,7167.97,0.0335,0.1227,"trigger box [-.236,+.236]",pump,0.1249,-0.0249,0.07,0.0635,49
2026-04-29,13:09,13:51,15,7138.8,80.6884,7124.025,-0.1831,0.157,"trigger box [-.236,+.236]",flush,0.1806,0.2003,0.1677,0.1218,42
