ticker,ep_id,start_ts_et,end_ts_et,n_comp_bars,spot_start,spot_end,datr14_prior,ema9_h,ema21_h,po,po_slope1,po_slope3,phase_zone,ema21_d,ema21_d_slope1,ema21_d_slope3
PLTR,PLTR-001,2024-07-16T05:00:00-04:00,2024-07-16T06:00:00-04:00,1,28.09,28.07,1.0553,28.6309,28.5466,-8.897,-36.386,-32.38,neutral,26.1118,0.2578,0.6782
PLTR,PLTR-002,2024-07-16T08:00:00-04:00,2024-07-17T06:00:00-04:00,14,28.1,27.75,1.0553,28.376,28.4374,-30.318,0.092,-21.42,neutral_down,26.1118,0.2578,0.6782
PLTR,PLTR-003,2024-07-17T08:00:00-04:00,2024-07-17T18:00:00-04:00,10,27.74,28.23,1.0778,28.0113,28.2152,-40.453,1.966,1.787,neutral_down,26.3446,0.2327,0.7122
PLTR,PLTR-004,2024-07-17T19:00:00-04:00,2024-07-18T10:00:00-04:00,7,28.23,29.6301,1.0778,28.1618,28.1975,0.38,2.641,6.424,neutral,26.3446,0.2327,0.7122
PLTR,PLTR-005,2024-07-18T11:00:00-04:00,2024-07-18T19:00:00-04:00,8,28.6597,28.8,1.0915,28.6796,28.471,39.887,-26.416,24.573,neutral_up,26.5151,0.1705,0.6611
PLTR,PLTR-006,2024-07-19T04:00:00-04:00,2024-07-22T14:00:00-04:00,26,28.59,28.425,1.1335,28.7321,28.6339,5.256,-8.931,-10.208,neutral,26.7055,0.1904,0.5937
PLTR,PLTR-007,2024-07-22T15:00:00-04:00,2024-07-23T04:00:00-04:00,5,28.44,28.17,1.1476,28.4669,28.5627,-12.798,1.428,7.149,neutral,26.875,0.1695,0.5304
PLTR,PLTR-008,2024-07-23T09:00:00-04:00,2024-07-23T11:00:00-04:00,2,28.715,29.05,1.157,28.3699,28.4266,3.352,29.443,26.845,neutral,27.0173,0.1423,0.5022
PLTR,PLTR-009,2024-07-23T14:00:00-04:00,2024-07-23T15:00:00-04:00,1,28.945,28.8,1.157,28.7663,28.6279,39.355,-3.142,-0.975,neutral_up,27.0173,0.1423,0.5022
PLTR,PLTR-010,2024-07-25T15:00:00-04:00,2024-07-25T17:00:00-04:00,2,26.64,26.5066,1.2146,26.6906,26.8365,-6.184,-8.768,-6.99,neutral,27.1258,-0.0536,0.2508
PLTR,PLTR-011,2024-07-25T18:00:00-04:00,2024-07-25T19:00:00-04:00,1,26.6,26.51,1.2146,26.625,26.7662,-16.441,1.93,-10.257,neutral,27.1258,-0.0536,0.2508
PLTR,PLTR-012,2024-07-26T13:00:00-04:00,2024-07-26T19:00:00-04:00,6,27.1495,27.22,1.2613,27.0336,26.9481,18.49,1.778,2.558,neutral,27.0816,-0.0442,0.0643
PLTR,PLTR-013,2024-07-29T08:00:00-04:00,2024-07-29T09:00:00-04:00,1,27.5,27.72,1.2212,27.4367,27.2511,44.382,-9.047,-13.51,neutral_up,27.0901,0.0085,-0.0892
PLTR,PLTR-014,2024-07-29T10:00:00-04:00,2024-07-29T17:00:00-04:00,7,27.0395,27.08,1.2212,27.4026,27.2706,11.909,-39.009,-41.52,neutral,27.0901,0.0085,-0.0892
PLTR,PLTR-015,2024-07-30T10:00:00-04:00,2024-07-30T11:00:00-04:00,1,26.8401,26.2537,1.2104,27.0653,27.116,-21.432,-17.537,-19.923,neutral,27.0905,0.0004,-0.0352
PLTR,PLTR-016,2024-08-01T06:00:00-04:00,2024-08-01T14:00:00-04:00,8,27.04,25.915,1.2186,27.055,26.9942,6.533,-0.464,-17.897,neutral,27.0136,-0.0124,-0.0765
PLTR,PLTR-017,2024-08-06T19:00:00-04:00,2024-08-07T12:00:00-04:00,9,26.03,27.84,1.4852,26.3786,26.1495,-0.74,-4.375,-15.294,neutral,26.4889,-0.2399,-0.5246
PLTR,PLTR-018,2024-08-07T13:00:00-04:00,2024-08-07T16:00:00-04:00,3,27.109,26.11,1.617,27.3582,26.9043,32.138,-22.211,-20.873,neutral_up,26.4981,0.0092,-0.4306
PLTR,PLTR-019,2024-08-08T09:00:00-04:00,2024-08-08T10:00:00-04:00,1,27.415,28.2436,1.6529,26.8765,26.7562,25.416,9.182,20.275,neutral_up,26.4828,-0.0153,-0.246
PLTR,PLTR-020,2024-08-09T15:00:00-04:00,2024-08-12T18:00:00-04:00,19,30.02,29.28,1.7523,29.8596,29.3382,55.026,-6.688,-1.014,neutral_up,26.7362,0.2534,0.2473
PLTR,PLTR-021,2024-08-14T10:00:00-04:00,2024-08-14T11:00:00-04:00,1,30.8599,31.34,1.7151,30.5419,30.3206,42.67,5.975,9.857,neutral_up,27.5301,0.284,0.7939
PLTR,PLTR-022,2024-08-14T12:00:00-04:00,2024-08-14T15:00:00-04:00,3,31.145,30.9999,1.7151,30.7902,30.4798,59.967,-1.984,23.271,neutral_up,27.5301,0.284,0.7939
PLTR,PLTR-023,2024-08-15T09:00:00-04:00,2024-08-16T11:00:00-04:00,18,31.2798,32.2,1.6668,31.1511,30.9354,43.312,-5.103,7.284,neutral_up,27.8456,0.3154,0.8108
PLTR,PLTR-024,2024-08-19T11:00:00-04:00,2024-08-21T05:00:00-04:00,26,31.88,32.1,1.6078,32.252,32.0732,3.988,-17.834,-51.528,neutral,28.508,0.3561,0.9778
PLTR,PLTR-025,2024-08-21T08:00:00-04:00,2024-08-22T06:00:00-04:00,14,32.21,32.65,1.5156,32.1867,32.215,-2.133,1.46,11.904,neutral,29.1828,0.3142,1.031
PLTR,PLTR-026,2024-08-22T08:00:00-04:00,2024-08-22T16:00:00-04:00,8,32.69,31.98,1.4573,32.5662,32.4497,36.914,1.116,7.859,neutral_up,29.4876,0.3047,0.9796
PLTR,PLTR-027,2024-08-23T13:00:00-04:00,2024-08-26T05:00:00-04:00,8,31.725,31.76,1.4443,31.9825,32.106,-37.301,-8.945,-26.88,neutral_down,29.7096,0.222,0.841
PLTR,PLTR-028,2024-08-27T11:00:00-04:00,2024-08-28T13:00:00-04:00,18,30.89,30.035,1.3762,30.7956,30.961,-13.042,5.161,53.449,neutral,29.9827,0.0867,0.4952
PLTR,PLTR-029,2024-08-28T15:00:00-04:00,2024-08-28T17:00:00-04:00,2,30.355,29.72,1.3308,30.3565,30.5351,-31.852,10.227,16.189,neutral_down,30.0616,0.0788,0.352
PLTR,PLTR-030,2024-08-29T08:00:00-04:00,2024-08-29T09:00:00-04:00,1,30.4995,31.5783,1.3143,30.3304,30.3687,10.688,2.13,13.176,neutral,30.0883,0.0267,0.1922
PLTR,PLTR-031,2024-08-30T12:00:00-04:00,2024-09-03T14:00:00-04:00,18,31.035,30.465,1.325,31.1886,31.1267,-6.314,-2.946,-32.014,neutral,30.1702,0.082,0.1875
PLTR,PLTR-032,2024-09-04T13:00:00-04:00,2024-09-06T17:00:00-04:00,36,30.635,32.65,1.2973,30.4445,30.5134,10.828,0.181,32.243,neutral,30.3094,0.0201,0.2211
PLTR,PLTR-033,2024-09-10T12:00:00-04:00,2024-09-11T18:00:00-04:00,22,33.9283,34.72,1.5107,34.2847,33.9251,13.342,-13.147,-46.842,neutral,30.7102,0.388,0.3753
PLTR,PLTR-034,2024-09-12T11:00:00-04:00,2024-09-13T15:00:00-04:00,20,35.135,35.58,1.4907,34.8653,34.6557,35.091,8.414,0.027,neutral_up,31.4175,0.3413,1.0953
PLTR,PLTR-035,2024-09-16T08:00:00-04:00,2024-09-16T12:00:00-04:00,4,35.77,36.49,1.423,35.658,35.4802,30.002,2.294,-14.786,neutral_up,32.0862,0.3494,1.01
PLTR,PLTR-036,2024-09-17T11:00:00-04:00,2024-09-18T06:00:00-04:00,11,36.5409,36.04,1.4185,36.5604,36.3788,13.429,-0.226,-54.188,neutral,32.4706,0.3844,1.0531
PLTR,PLTR-037,2024-09-18T10:00:00-04:00,2024-09-19T05:00:00-04:00,11,36.595,37.24,1.4015,36.2904,36.296,12.665,17.171,41.379,neutral,32.8342,0.3636,1.0974
PLTR,PLTR-038,2024-09-19T13:00:00-04:00,2024-09-19T18:00:00-04:00,5,36.865,36.2298,1.3899,36.9154,36.7795,11.293,-3.379,-12.648,neutral,33.1584,0.3242,1.0722
PLTR,PLTR-039,2024-09-20T12:00:00-04:00,2024-09-20T15:00:00-04:00,3,36.485,37.21,1.3727,36.247,36.3459,1.621,9.635,33.549,neutral,33.4921,0.3338,1.0215
PLTR,PLTR-040,2024-09-25T12:00:00-04:00,2024-09-26T05:00:00-04:00,9,36.74,37.52,1.4146,36.7018,36.8446,-17.946,6.581,11.31,neutral,34.4494,0.2471,0.9572
PLTR,PLTR-041,2024-09-26T10:00:00-04:00,2024-09-27T05:00:00-04:00,11,36.91,36.85,1.3705,37.122,37.0735,-7.456,-9.707,-51.8,neutral,34.6922,0.2428,0.862
PLTR,PLTR-042,2024-09-27T08:00:00-04:00,2024-09-30T07:00:00-04:00,15,36.98,36.29,1.3326,36.9643,37.0035,-7.292,4.023,11.857,neutral,34.9092,0.2171,0.7069
PLTR,PLTR-043,2024-09-30T08:00:00-04:00,2024-09-30T17:00:00-04:00,9,36.52,37.18,1.3003,36.6114,36.7641,-44.707,13.878,-3.222,neutral_down,35.0857,0.1764,0.6363
PLTR,PLTR-044,2024-10-01T12:00:00-04:00,2024-10-01T16:00:00-04:00,4,36.35,36.44,1.291,36.817,36.9117,-44.729,-11.706,-78.706,neutral_down,35.2779,0.1922,0.5857
PLTR,PLTR-045,2024-10-04T19:00:00-04:00,2024-10-07T14:00:00-04:00,11,39.9,38.7979,1.3656,39.9021,39.5707,42.998,-5.643,-9.732,neutral_up,35.9131,0.3334,0.6352
PLTR,PLTR-046,2024-10-10T13:00:00-04:00,2024-10-11T06:00:00-04:00,9,43.2312,43.58,1.4825,43.2383,42.8496,47.074,-18.008,6.093,neutral_up,37.5312,0.5589,1.2457
PLTR,PLTR-047,2024-10-11T07:00:00-04:00,2024-10-15T13:00:00-04:00,38,43.41,42.53,1.4815,43.476,43.2503,27.121,-9.597,-12.438,neutral_up,38.0747,0.5435,1.5502
PLTR,PLTR-048,2024-10-16T13:00:00-04:00,2024-10-16T15:00:00-04:00,2,41.87,41.9,1.5228,41.9218,42.2425,-33.583,5.675,36.919,neutral_down,39.3182,0.3112,1.2434
PLTR,PLTR-049,2024-10-17T08:00:00-04:00,2024-10-18T15:00:00-04:00,23,42.1,42.96,1.5662,41.9847,42.053,0.095,4.165,4.383,neutral,39.5529,0.2347,0.9854
PLTR,PLTR-050,2024-10-21T10:00:00-04:00,2024-10-23T05:00:00-04:00,27,42.8472,42.86,1.5185,42.8438,42.6917,20.925,-5.765,4.005,neutral,40.0648,0.2895,0.7467
PLTR,PLTR-051,2024-10-23T08:00:00-04:00,2024-10-24T17:00:00-04:00,25,42.76,43.54,1.4599,42.8182,42.7997,-3.871,-1.684,-11.671,neutral,40.5424,0.2398,0.767
PLTR,PLTR-052,2024-10-24T18:00:00-04:00,2024-10-25T07:00:00-04:00,5,43.53,43.72,1.4717,43.3598,43.194,33.873,0.062,8.122,neutral_up,40.7294,0.1871,0.6646
PLTR,PLTR-053,2024-10-25T08:00:00-04:00,2024-10-25T09:00:00-04:00,1,43.85,44.3471,1.4473,43.6307,43.4194,42.618,3.838,4.054,neutral_up,40.9863,0.2569,0.6837
PLTR,PLTR-054,2024-10-28T13:00:00-04:00,2024-10-28T19:00:00-04:00,6,45.015,44.95,1.4522,45.0599,44.839,17.091,-0.847,-10.083,neutral,41.3384,0.3522,0.7961
PLTR,PLTR-055,2024-10-29T04:00:00-04:00,2024-10-29T05:00:00-04:00,1,44.92,44.9,1.3813,44.9487,44.8785,5.693,-0.723,2.047,neutral,41.6699,0.3315,0.9405
PLTR,PLTR-056,2024-10-29T08:00:00-04:00,2024-10-30T14:00:00-04:00,22,44.84,43.97,1.3813,44.8935,44.872,-2.728,-1.259,-6.785,neutral,41.6699,0.3315,0.9405
PLTR,PLTR-057,2024-11-01T04:00:00-04:00,2024-11-04T16:00:00-05:00,28,41.86,46.8499,1.4597,41.6942,42.1105,-24.052,8.353,18.653,neutral_down,42.0758,-0.0516,0.4059
PLTR,PLTR-058,2024-11-07T09:00:00-05:00,2024-11-08T12:00:00-05:00,19,54.2499,57.63,2.2013,54.8481,53.9805,26.017,-18.137,-18.966,neutral_up,43.9892,1.1516,1.9267
PLTR,PLTR-059,2024-11-12T04:00:00-05:00,2024-11-12T05:00:00-05:00,1,58.22,57.68,2.4139,59.9661,59.6129,-10.176,-39.636,-42.495,neutral,47.5558,1.2719,3.5666
PLTR,PLTR-060,2024-11-12T08:00:00-05:00,2024-11-12T11:00:00-05:00,3,58.8,59.125,2.4139,59.1713,59.2807,-17.874,2.9,18.026,neutral,47.5558,1.2719,3.5666
PLTR,PLTR-061,2024-11-12T15:00:00-05:00,2024-11-12T17:00:00-05:00,2,59.87,59.99,2.4139,59.4249,59.3537,13.0,5.48,20.644,neutral,47.5558,1.2719,3.5666
PLTR,PLTR-062,2024-11-14T09:00:00-05:00,2024-11-14T10:00:00-05:00,1,60.08,58.63,2.4473,61.0871,60.9916,-11.752,-23.799,-35.793,neutral,49.7684,1.0932,3.4845
PLTR,PLTR-063,2024-11-14T16:00:00-05:00,2024-11-15T05:00:00-05:00,5,61.18,61.09,2.4473,60.102,60.3662,-4.985,31.265,33.738,neutral,49.7684,1.0932,3.4845
PLTR,PLTR-064,2024-11-19T13:00:00-05:00,2024-11-19T16:00:00-05:00,3,62.0079,62.84,3.0688,61.2557,61.486,10.382,4.935,32.702,neutral,52.8438,0.8411,3.0754
PLTR,PLTR-065,2024-11-20T11:00:00-05:00,2024-11-20T12:00:00-05:00,1,61.275,61.215,3.1171,61.7576,61.8909,-21.52,0.49,-36.791,neutral,53.7648,0.921,3.1399
PLTR,PLTR-066,2024-11-20T13:00:00-05:00,2024-11-22T12:00:00-05:00,31,61.42,63.837,3.1171,61.6033,61.7922,-17.569,4.022,4.442,neutral,53.7648,0.921,3.1399
PLTR,PLTR-067,2024-11-26T10:00:00-05:00,2024-11-27T05:00:00-05:00,11,64.9418,66.38,3.1265,64.7174,64.6864,2.72,6.305,9.432,neutral,56.7665,0.7873,2.243
PLTR,PLTR-068,2024-11-27T09:00:00-05:00,2024-11-29T13:00:00-05:00,20,66.8942,67.08,3.0432,66.3002,65.7975,43.645,3.586,4.185,neutral_up,57.585,0.8185,2.4409
PLTR,PLTR-069,2024-12-02T15:00:00-05:00,2024-12-03T11:00:00-05:00,12,66.38,69.94,2.9649,66.6807,66.6144,-6.337,-5.25,-5.037,neutral,59.1486,0.7931,2.3821
PLTR,PLTR-070,2024-12-10T13:00:00-05:00,2024-12-13T06:00:00-05:00,41,71.85,74.46,3.7202,73.1294,73.7716,-25.923,-12.737,-14.775,neutral_down,64.6103,0.788,2.9676
PLTR,PLTR-071,2024-12-13T08:00:00-05:00,2024-12-13T17:00:00-05:00,9,73.9,76.55,3.8517,73.9529,73.4363,25.346,-9.74,-20.623,neutral_up,66.5169,0.6683,1.9066
PLTR,PLTR-072,2024-12-16T09:00:00-05:00,2024-12-16T11:00:00-05:00,2,72.97,72.96,3.8373,75.2935,75.0264,-13.953,-30.5,-60.968,neutral,67.3863,0.8694,2.2033
PLTR,PLTR-073,2024-12-16T15:00:00-05:00,2024-12-16T17:00:00-05:00,2,75.76,75.0993,3.8373,74.6604,74.6769,9.456,14.98,34.114,neutral,67.3863,0.8694,2.2033
PLTR,PLTR-074,2024-12-17T09:00:00-05:00,2024-12-18T12:00:00-05:00,19,72.995,76.7782,4.0389,73.793,74.1995,-26.978,-4.816,-9.691,neutral_down,68.1475,0.7612,2.2989
PLTR,PLTR-075,2024-12-18T15:00:00-05:00,2024-12-18T16:00:00-05:00,1,71.44,71.91,4.0404,74.8794,74.7362,-20.422,-48.499,-72.735,neutral,68.715,0.5675,2.1981
PLTR,PLTR-076,2024-12-19T18:00:00-05:00,2024-12-19T19:00:00-05:00,1,74.6426,74.0,4.2754,74.6649,74.4573,5.805,-1.387,-0.519,neutral,68.9628,0.2477,1.5765
PLTR,PLTR-077,2024-12-20T04:00:00-05:00,2024-12-20T06:00:00-05:00,2,71.69,71.33,4.3378,73.9635,74.168,-29.751,-27.526,-36.942,neutral_down,69.4439,0.4811,1.2963
PLTR,PLTR-078,2024-12-20T07:00:00-05:00,2024-12-20T11:00:00-05:00,4,72.12,78.27,4.3378,72.885,73.5626,-42.544,7.547,-12.793,neutral_down,69.4439,0.4811,1.2963
PLTR,PLTR-079,2024-12-23T14:00:00-05:00,2024-12-24T12:00:00-05:00,14,80.61,82.38,4.6823,80.3169,79.387,24.578,1.229,0.665,neutral_up,70.4635,1.0196,1.7485
PLTR,PLTR-080,2024-12-26T14:00:00-05:00,2024-12-27T10:00:00-05:00,12,82.2368,79.35,4.6371,82.4465,82.1253,5.292,-1.845,-11.158,neutral,72.3912,0.9989,2.9473
PLTR,PLTR-081,2024-12-30T13:00:00-05:00,2024-12-30T17:00:00-05:00,4,78.64,76.6971,4.4436,78.1418,78.6716,-6.217,5.263,45.623,neutral,73.8087,0.5321,2.4164
PLTR,PLTR-082,2024-12-31T04:00:00-05:00,2024-12-31T05:00:00-05:00,1,77.76,77.95,4.3497,77.2502,77.8723,-27.732,23.923,15.089,neutral_down,74.1097,0.301,1.7185
PLTR,PLTR-083,2024-12-31T06:00:00-05:00,2024-12-31T19:00:00-05:00,13,78.07,75.22,4.3497,77.5261,77.8967,-3.036,9.558,48.619,neutral,74.1097,0.301,1.7185
PLTR,PLTR-084,2025-01-02T04:00:00-05:00,2025-01-02T05:00:00-05:00,1,76.6,76.64,4.3483,75.9526,76.552,-22.543,24.145,20.452,neutral,74.2497,0.14,0.9732
PLTR,PLTR-085,2025-01-02T08:00:00-05:00,2025-01-03T11:00:00-05:00,19,76.56,79.4412,4.3483,76.3655,76.5875,-0.641,-0.311,9.214,neutral,74.2497,0.14,0.9732
PLTR,PLTR-086,2025-01-08T15:00:00-05:00,2025-01-13T04:00:00-05:00,21,68.26,64.6,4.5672,68.3229,69.5298,-39.518,4.478,28.281,neutral_down,74.4913,-0.4486,0.1525
PLTR,PLTR-087,2025-01-14T08:00:00-05:00,2025-01-15T12:00:00-05:00,20,66.7,67.5045,4.3605,66.2025,65.9951,18.879,5.334,-18.583,neutral,72.559,-0.7589,-1.9323
PLTR,PLTR-088,2025-01-16T16:00:00-05:00,2025-01-16T19:00:00-05:00,3,69.14,69.45,4.1861,69.6071,69.0686,16.012,-13.268,-35.293,neutral,71.6069,-0.3477,-1.711
PLTR,PLTR-089,2025-01-17T04:00:00-05:00,2025-01-17T11:00:00-05:00,7,70.36,71.22,4.1228,69.6953,69.2712,30.154,16.564,16.288,neutral_up,71.3917,-0.2152,-1.1673
PLTR,PLTR-090,2025-01-21T12:00:00-05:00,2025-01-21T19:00:00-05:00,7,73.37,75.0997,4.0497,72.8531,72.1775,43.505,3.482,-8.363,neutral_up,71.427,0.0353,-0.5276
PLTR,PLTR-091,2025-01-22T10:00:00-05:00,2025-01-22T11:00:00-05:00,1,75.0905,76.33,3.9773,74.5766,73.9087,36.258,3.783,-8.355,neutral_up,71.5781,0.1511,-0.0288
PLTR,PLTR-092,2025-01-23T09:00:00-05:00,2025-01-23T10:00:00-05:00,1,77.815,78.1,3.984,76.352,75.8149,36.714,26.275,25.922,neutral_up,72.0565,0.4784,0.6647
PLTR,PLTR-093,2025-01-23T11:00:00-05:00,2025-01-23T12:00:00-05:00,1,77.3295,77.77,3.984,76.8272,76.1415,42.853,-7.415,32.415,neutral_up,72.0565,0.4784,0.6647
PLTR,PLTR-094,2025-01-23T14:00:00-05:00,2025-01-23T15:00:00-05:00,1,77.9199,78.9899,3.984,77.3717,76.5882,45.891,-2.09,3.038,neutral_up,72.0565,0.4784,0.6647
PLTR,PLTR-095,2025-01-28T08:00:00-05:00,2025-01-28T12:00:00-05:00,4,75.84,79.17,4.0875,75.8547,75.9323,0.105,-2.197,-10.773,neutral,73.4594,0.2001,1.4029
PLTR,PLTR-096,2025-01-29T13:00:00-05:00,2025-01-31T09:00:00-05:00,28,79.2,84.17,4.2741,79.1124,78.8536,4.451,5.61,1.834,neutral,74.0749,0.6155,1.3881
PLTR,PLTR-097,2025-02-03T15:00:00-05:00,2025-02-03T16:00:00-05:00,1,83.915,100.061,4.0807,82.6471,82.2308,31.589,3.124,23.362,neutral_up,75.8558,0.6624,1.7809
PLTR,PLTR-098,2025-02-05T04:00:00-05:00,2025-02-06T10:00:00-05:00,22,102.18,108.45,5.5444,102.6389,100.0202,38.595,-6.984,-11.778,neutral_up,79.065,2.4765,3.8716
PLTR,PLTR-099,2025-02-07T19:00:00-05:00,2025-02-10T05:00:00-05:00,2,110.29,112.1,5.8859,111.6497,111.1755,-12.153,-3.944,-18.609,neutral,83.8381,2.7472,7.2496
PLTR,PLTR-100,2025-02-10T09:00:00-05:00,2025-02-10T12:00:00-05:00,3,111.753,114.9899,5.8833,111.8809,111.5241,7.844,-3.496,-4.918,neutral,86.2901,2.452,7.2251
PLTR,PLTR-101,2025-02-11T12:00:00-05:00,2025-02-11T15:00:00-05:00,3,113.3908,112.6389,6.0373,115.0065,114.9142,-21.831,-7.624,-42.807,neutral,89.0546,2.7645,7.9637
PLTR,PLTR-102,2025-02-12T09:00:00-05:00,2025-02-12T14:00:00-05:00,5,115.05,117.11,6.0747,113.3716,113.7547,-10.514,34.949,-0.123,neutral,91.1986,2.144,7.3606
PLTR,PLTR-103,2025-02-13T13:00:00-05:00,2025-02-18T04:00:00-05:00,23,116.8999,119.74,6.1829,116.7899,116.4087,9.124,2.209,-14.119,neutral,93.5824,2.3838,7.2923
PLTR,PLTR-104,2025-02-18T10:00:00-05:00,2025-02-18T14:00:00-05:00,4,120.21,123.2265,5.8225,120.3738,119.4117,44.78,-26.851,-4.94,neutral_up,97.9164,2.1234,6.7178
PLTR,PLTR-105,2025-02-19T12:00:00-05:00,2025-02-19T15:00:00-05:00,3,123.2901,112.07,5.8759,123.625,122.9274,17.274,-8.88,-1.352,neutral,100.3436,2.4272,6.7612
PLTR,PLTR-106,2025-02-21T14:00:00-05:00,2025-02-21T18:00:00-05:00,4,101.83,101.23,7.3462,104.8055,106.1951,-43.233,-10.88,-34.071,neutral_down,101.851,0.4414,3.9346
PLTR,PLTR-107,2025-02-25T11:00:00-05:00,2025-02-27T17:00:00-05:00,38,87.1075,84.3,7.7951,89.056,91.6038,-45.342,-3.251,-20.506,neutral_down,100.7915,-1.0122,-0.6181
PLTR,PLTR-108,2025-02-28T17:00:00-05:00,2025-03-03T05:00:00-05:00,4,85.4,87.05,7.5854,83.9872,84.5567,6.515,6.841,29.751,neutral,97.4138,-1.2644,-3.3777
PLTR,PLTR-109,2025-03-03T15:00:00-05:00,2025-03-03T16:00:00-05:00,1,83.53,83.68,7.5093,86.2492,86.1434,-19.817,-21.111,-46.48,neutral,96.278,-1.1358,-3.337
PLTR,PLTR-110,2025-03-03T17:00:00-05:00,2025-03-03T19:00:00-05:00,2,83.1,82.96,7.5093,85.2083,85.6631,-35.724,-7.577,-37.018,neutral_down,96.278,-1.1358,-3.337
PLTR,PLTR-111,2025-03-04T15:00:00-05:00,2025-03-04T19:00:00-05:00,4,84.4,87.1,7.5407,83.6247,83.7488,14.921,-5.908,36.61,neutral,95.1191,-1.1589,-3.5591
PLTR,PLTR-112,2025-03-05T13:00:00-05:00,2025-03-05T18:00:00-05:00,5,88.5299,90.84,7.6593,86.7927,85.9816,29.344,8.654,24.262,neutral_up,94.1446,-0.9745,-3.2692
PLTR,PLTR-113,2025-03-06T04:00:00-05:00,2025-03-06T06:00:00-05:00,2,87.6,88.77,7.6693,89.0609,87.8288,23.017,-26.857,-26.364,neutral,93.7788,-0.3659,-2.4993
PLTR,PLTR-114,2025-03-06T08:00:00-05:00,2025-03-06T12:00:00-05:00,4,87.11,84.06,7.6693,88.3284,87.8482,-3.082,-8.633,-16.933,neutral,93.7788,-0.3659,-2.4993
PLTR,PLTR-115,2025-03-07T12:00:00-05:00,2025-03-07T19:00:00-05:00,7,80.9266,84.8201,7.8436,81.1657,82.3729,-25.461,4.361,4.232,neutral_down,92.5643,-1.2144,-2.5548
PLTR,PLTR-116,2025-03-10T04:00:00-04:00,2025-03-10T05:00:00-04:00,1,82.33,82.89,7.7127,83.635,83.3807,2.813,-21.166,-23.094,neutral,91.868,-0.6963,-2.2766
PLTR,PLTR-117,2025-03-10T08:00:00-04:00,2025-03-10T10:00:00-04:00,2,81.71,78.27,7.7127,82.7352,83.0004,-19.969,-2.522,-17.38,neutral,91.868,-0.6963,-2.2766
PLTR,PLTR-118,2025-03-11T11:00:00-04:00,2025-03-11T18:00:00-04:00,7,78.8599,79.27,7.9,77.5626,77.9341,6.628,5.006,16.914,neutral,90.4596,-1.4085,-3.3192
PLTR,PLTR-119,2025-03-12T08:00:00-04:00,2025-03-12T14:00:00-04:00,6,83.35,84.155,7.7082,80.6632,79.5436,48.258,12.069,21.365,neutral_up,89.3287,-1.1309,-3.2356
PLTR,PLTR-120,2025-03-13T06:00:00-04:00,2025-03-13T12:00:00-04:00,6,82.66,79.075,7.624,82.9833,82.1724,13.073,-3.292,-29.826,neutral,88.8152,-0.5135,-3.0528
PLTR,PLTR-121,2025-03-17T12:00:00-04:00,2025-03-18T10:00:00-04:00,14,85.0847,83.59,7.4797,86.5345,85.8343,0.414,-15.294,-64.54,neutral,87.8212,-0.158,-1.5075
PLTR,PLTR-122,2025-03-18T12:00:00-04:00,2025-03-18T14:00:00-04:00,2,85.3253,84.4402,7.254,85.2721,85.8323,-25.35,15.091,19.224,neutral_down,87.7793,-0.0419,-1.0359
PLTR,PLTR-123,2025-03-19T10:00:00-04:00,2025-03-19T18:00:00-04:00,8,83.865,86.83,7.133,84.2342,84.5953,-13.008,-6.303,-1.922,neutral,87.4239,-0.3554,-0.5553
PLTR,PLTR-124,2025-03-20T09:00:00-04:00,2025-03-21T15:00:00-04:00,22,86.305,91.04,6.9899,86.6187,86.1785,10.057,-6.612,-25.351,neutral,87.3022,-0.1217,-0.519
PLTR,PLTR-125,2025-03-25T10:00:00-04:00,2025-03-26T12:00:00-04:00,18,95.57,91.8098,6.7768,96.5163,95.4202,25.888,-22.682,-29.209,neutral_up,88.4752,0.8285,1.1731
PLTR,PLTR-126,2025-03-27T12:00:00-04:00,2025-03-27T19:00:00-04:00,7,91.67,89.16,6.511,91.8495,92.3875,-12.995,-3.916,15.875,neutral,89.4833,0.2767,1.8365
PLTR,PLTR-127,2025-04-01T12:00:00-04:00,2025-04-02T13:00:00-04:00,17,84.1572,87.2752,6.3592,84.3622,84.2975,1.911,-4.961,2.583,neutral,88.7616,-0.4372,-0.7216
PLTR,PLTR-128,2025-04-02T16:00:00-04:00,2025-04-02T19:00:00-04:00,3,83.45,80.5,6.1521,85.5928,85.0899,6.279,-32.114,-43.069,neutral,88.3879,-0.3738,-1.1478
PLTR,PLTR-129,2025-04-03T04:00:00-04:00,2025-04-03T05:00:00-04:00,1,84.33,83.51,6.1488,83.5852,84.1298,-21.736,24.775,-0.801,neutral,88.2999,-0.088,-0.8989
PLTR,PLTR-130,2025-04-03T09:00:00-04:00,2025-04-03T12:00:00-04:00,3,84.75,84.6865,6.1488,83.2967,83.7453,-6.184,20.882,6.568,neutral,88.2999,-0.088,-0.8989
PLTR,PLTR-131,2025-04-03T17:00:00-04:00,2025-04-04T10:00:00-04:00,9,83.88,74.58,6.1488,83.92,83.9301,-1.207,0.303,-13.008,neutral,88.2999,-0.088,-0.8989
PLTR,PLTR-132,2025-04-07T11:00:00-04:00,2025-04-07T16:00:00-04:00,5,75.0399,78.52,6.564,72.6053,74.0845,-0.688,9.524,68.809,neutral,86.6092,-1.2679,-1.7786
PLTR,PLTR-133,2025-04-08T16:00:00-04:00,2025-04-08T18:00:00-04:00,2,77.01,75.6983,7.2152,79.4574,79.1206,-18.845,-8.863,-41.262,neutral,85.8084,-0.8008,-2.4915
PLTR,PLTR-134,2025-04-09T04:00:00-04:00,2025-04-09T05:00:00-04:00,1,80.43,79.87,7.4779,78.2464,78.5278,-8.135,31.187,10.67,neutral,85.0367,-0.7717,-2.8404
PLTR,PLTR-135,2025-04-09T07:00:00-04:00,2025-04-09T13:00:00-04:00,6,76.03,89.81,7.4779,78.1731,78.4621,-11.835,-17.116,-3.7,neutral,85.0367,-0.7717,-2.8404
PLTR,PLTR-136,2025-04-10T16:00:00-04:00,2025-04-14T08:00:00-04:00,24,88.5,94.75,8.0909,88.3828,87.3136,14.738,-0.747,0.136,neutral,85.6634,0.6267,-0.9459
PLTR,PLTR-137,2025-04-15T08:00:00-04:00,2025-04-15T12:00:00-04:00,4,93.28,96.9,7.8585,93.0744,92.2966,22.871,-3.456,-7.089,neutral,86.7534,0.5877,1.09
PLTR,PLTR-138,2025-04-16T08:00:00-04:00,2025-04-16T13:00:00-04:00,5,96.811,90.275,7.7514,96.7203,95.8879,22.952,-3.983,6.258,neutral,87.8112,1.0579,1.88
PLTR,PLTR-139,2025-04-17T12:00:00-04:00,2025-04-17T17:00:00-04:00,5,93.3367,93.74,7.8242,93.5251,93.8153,-13.868,4.303,-21.791,neutral,88.2585,0.4473,2.0928
PLTR,PLTR-140,2025-04-17T18:00:00-04:00,2025-04-21T16:00:00-04:00,14,93.7481,90.7,7.8242,93.642,93.7481,-0.644,0.645,3.219,neutral,88.2585,0.4473,2.0928
PLTR,PLTR-141,2025-04-22T08:00:00-04:00,2025-04-22T10:00:00-04:00,2,93.16,94.16,7.4465,91.9498,91.9282,20.196,13.638,15.458,neutral,88.9454,0.1895,1.1341
PLTR,PLTR-142,2025-04-24T06:00:00-04:00,2025-04-24T11:00:00-04:00,5,100.79,105.0104,7.4841,100.2778,99.4592,16.787,11.704,-13.578,neutral,90.4328,1.0297,1.6769
PLTR,PLTR-143,2025-04-25T13:00:00-04:00,2025-04-25T14:00:00-04:00,1,110.13,111.47,7.4688,109.0335,107.3963,52.405,-0.65,15.851,neutral_up,92.0052,1.5725,3.0599
PLTR,PLTR-144,2025-04-28T14:00:00-04:00,2025-04-29T04:00:00-04:00,6,113.32,114.54,7.3874,112.1932,111.3875,25.863,13.015,21.114,neutral_up,93.8948,1.8895,4.4917
PLTR,PLTR-145,2025-04-29T06:00:00-04:00,2025-04-29T07:00:00-04:00,1,113.63,114.1,7.2876,113.8911,112.9359,30.955,-12.807,-16.87,neutral_up,95.7807,1.8859,5.3479
PLTR,PLTR-146,2025-04-29T08:00:00-04:00,2025-04-29T12:00:00-04:00,4,114.0101,113.9872,7.2876,113.9483,113.1297,26.048,-3.692,-17.715,neutral_up,95.7807,1.8859,5.3479
PLTR,PLTR-147,2025-04-29T16:00:00-04:00,2025-04-30T14:00:00-04:00,14,115.8,117.7479,7.2876,115.1262,114.2241,40.331,-2.124,11.82,neutral_up,95.7807,1.8859,5.3479
PLTR,PLTR-148,2025-05-01T15:00:00-04:00,2025-05-01T16:00:00-04:00,1,116.14,115.79,7.1369,118.2131,118.0255,-16.972,-22.434,-19.353,neutral,99.515,1.8935,5.6203
PLTR,PLTR-149,2025-05-05T12:00:00-04:00,2025-05-05T17:00:00-04:00,5,124.2398,113.56,7.0231,123.8277,122.882,27.918,2.275,-4.474,neutral_up,103.1404,2.114,5.5188
PLTR,PLTR-150,2025-05-07T11:00:00-04:00,2025-05-08T07:00:00-04:00,12,109.081,112.35,7.6461,109.4059,110.4072,-15.759,-5.032,19.715,neutral,105.38,0.346,4.3536
PLTR,PLTR-151,2025-05-09T13:00:00-04:00,2025-05-09T17:00:00-04:00,4,115.78,116.64,7.6217,117.3298,117.013,-16.885,-10.423,-33.11,neutral,107.0533,1.2097,2.0193
PLTR,PLTR-152,2025-05-14T13:00:00-04:00,2025-05-19T04:00:00-04:00,39,129.47,123.39,7.6252,129.1752,127.4882,36.758,-2.497,-20.158,neutral_up,110.6729,1.7377,3.6196
PLTR,PLTR-153,2025-05-20T05:00:00-04:00,2025-05-20T06:00:00-04:00,1,126.69,127.15,6.889,126.3179,126.3253,7.38,2.936,8.881,neutral,116.2879,1.0032,3.8453
PLTR,PLTR-154,2025-05-20T09:00:00-04:00,2025-05-21T15:00:00-04:00,22,125.68,120.54,6.889,126.655,126.5301,2.59,-22.598,-12.095,neutral,116.2879,1.0032,3.8453
PLTR,PLTR-155,2025-05-23T08:00:00-04:00,2025-05-23T11:00:00-04:00,3,120.07,122.3182,6.6586,122.5115,123.0375,-41.926,-16.838,-50.875,neutral_down,117.8878,0.4412,1.5998
PLTR,PLTR-156,2025-05-23T12:00:00-04:00,2025-05-27T04:00:00-04:00,8,123.345,127.41,6.6586,122.5814,122.8866,-2.768,11.8,28.135,neutral,117.8878,0.4412,1.5998
PLTR,PLTR-157,2025-05-28T12:00:00-04:00,2025-05-29T06:00:00-04:00,10,124.44,125.73,6.5637,123.9155,123.864,12.009,1.813,18.449,neutral,118.8346,0.4525,1.3881
PLTR,PLTR-158,2025-05-29T08:00:00-04:00,2025-05-29T16:00:00-04:00,8,125.0308,122.32,6.2906,125.2677,124.8268,14.013,-8.361,-21.958,neutral,119.2841,0.4495,1.3963
PLTR,PLTR-159,2025-05-30T09:00:00-04:00,2025-05-30T10:00:00-04:00,1,122.8,130.36,6.1941,122.8077,123.1197,-7.984,0.357,-7.234,neutral,119.5592,0.2751,1.1771
PLTR,PLTR-160,2025-06-02T18:00:00-04:00,2025-06-04T10:00:00-04:00,24,131.59,128.2675,6.4395,131.5272,130.2942,34.404,-4.846,-7.775,neutral_up,120.6765,1.1173,1.8419
PLTR,PLTR-161,2025-06-05T11:00:00-04:00,2025-06-05T13:00:00-04:00,2,130.482,121.5158,6.3834,130.2302,130.3494,9.453,-6.433,43.295,neutral,123.4005,0.657,2.7239
PLTR,PLTR-162,2025-06-10T14:00:00-04:00,2025-06-11T10:00:00-04:00,12,132.984,138.265,7.0442,131.803,130.8908,35.651,12.606,4.652,neutral_up,124.2737,0.7726,0.8732
PLTR,PLTR-163,2025-06-12T11:00:00-04:00,2025-06-13T06:00:00-04:00,11,135.66,133.2,6.8964,135.8135,135.3287,12.727,-4.719,-1.432,neutral,126.0806,1.0309,2.5796
PLTR,PLTR-164,2025-06-13T08:00:00-04:00,2025-06-13T11:00:00-04:00,3,133.1505,139.01,6.5803,133.8279,134.4393,-38.203,1.112,9.5,neutral_down,126.9115,0.8309,2.6378
PLTR,PLTR-165,2025-06-17T08:00:00-04:00,2025-06-17T13:00:00-04:00,5,142.13,136.78,6.6542,141.94,141.1474,26.733,-2.85,-7.811,neutral_up,129.0808,1.2249,3.0002
PLTR,PLTR-166,2025-06-18T12:00:00-04:00,2025-06-24T05:00:00-04:00,41,138.605,140.91,6.5796,138.9671,139.1574,-4.205,-8.78,8.227,neutral,129.9135,0.8327,3.002
PLTR,PLTR-167,2025-06-24T08:00:00-04:00,2025-06-24T15:00:00-04:00,7,141.2399,143.19,6.2516,140.7775,140.0768,35.76,-2.169,3.075,neutral_up,132.1866,0.7713,2.2731
PLTR,PLTR-168,2025-06-25T11:00:00-04:00,2025-06-26T05:00:00-04:00,10,142.545,143.77,6.2236,143.6617,142.8206,25.859,-32.703,-40.834,neutral_up,133.1869,1.0003,2.3601
PLTR,PLTR-169,2025-06-26T09:00:00-04:00,2025-06-27T09:00:00-04:00,16,146.36,138.44,6.2176,144.4591,143.6643,54.628,14.591,12.875,neutral_up,134.069,0.8821,2.6537
PLTR,PLTR-170,2025-07-01T04:00:00-04:00,2025-07-01T10:00:00-04:00,6,136.6,129.97,6.8443,136.7519,137.3367,-18.944,2.249,-0.147,neutral,134.7668,0.1574,0.6978
PLTR,PLTR-171,2025-07-02T12:00:00-04:00,2025-07-03T08:00:00-04:00,12,132.95,134.09,6.9148,131.516,132.0479,0.367,17.974,35.9,neutral,134.3944,-0.3724,-0.602
PLTR,PLTR-172,2025-07-03T13:00:00-04:00,2025-07-03T16:00:00-04:00,1,134.36,134.35,6.6644,134.0321,133.3658,31.864,-4.149,-7.31,neutral_up,134.1894,-0.2049,-0.42
PLTR,PLTR-173,2025-07-07T04:00:00-04:00,2025-07-07T12:00:00-04:00,8,132.47,138.0799,6.437,133.7705,133.3657,2.45,-26.75,-33.563,neutral,134.2049,0.0155,-0.5619
PLTR,PLTR-174,2025-07-08T13:00:00-04:00,2025-07-09T07:00:00-04:00,10,139.06,139.48,6.475,138.141,137.494,27.389,13.044,20.07,neutral_up,134.6518,0.4468,0.2574
PLTR,PLTR-175,2025-07-09T09:00:00-04:00,2025-07-09T14:00:00-04:00,5,138.6773,142.365,6.3029,139.2105,138.7416,17.309,-19.477,-11.568,neutral,135.1125,0.4607,0.9231
PLTR,PLTR-176,2025-07-10T14:00:00-04:00,2025-07-11T07:00:00-04:00,9,142.6193,140.89,6.2655,142.2166,141.7473,17.084,6.461,13.271,neutral,135.8382,0.7257,1.6333
PLTR,PLTR-177,2025-07-11T08:00:00-04:00,2025-07-11T18:00:00-04:00,10,141.1,141.92,6.2201,141.2886,141.5101,-20.545,6.841,4.926,neutral,136.4438,0.6056,1.7921
PLTR,PLTR-178,2025-07-15T13:00:00-04:00,2025-07-16T17:00:00-04:00,20,149.09,150.7507,6.0829,148.9066,147.8536,35.72,-2.506,-22.121,neutral_up,138.0682,1.1102,2.23
PLTR,PLTR-179,2025-07-18T11:00:00-04:00,2025-07-21T06:00:00-04:00,11,154.3803,154.37,5.6727,154.1307,153.5397,23.425,6.397,-33.943,neutral,141.3652,1.2675,3.297
PLTR,PLTR-180,2025-07-21T08:00:00-04:00,2025-07-21T17:00:00-04:00,9,153.93,151.49,5.4832,153.8877,153.6344,19.72,-6.865,-2.815,neutral,142.4729,1.1077,3.4554
PLTR,PLTR-181,2025-07-23T08:00:00-04:00,2025-07-23T12:00:00-04:00,4,150.34,151.5,5.479,150.0402,150.0699,12.204,-4.705,5.396,neutral,143.8399,0.52,2.4747
PLTR,PLTR-182,2025-07-24T15:00:00-04:00,2025-07-25T09:00:00-04:00,10,154.85,159.26,5.5672,154.4808,153.6522,39.937,-2.697,-1.232,neutral_up,144.8198,0.9799,2.3469
PLTR,PLTR-183,2025-07-28T13:00:00-04:00,2025-07-28T16:00:00-04:00,3,156.37,157.88,5.3986,158.5124,158.4111,-28.713,-17.28,-52.169,neutral_down,146.9233,1.1917,3.0834
PLTR,PLTR-184,2025-07-29T11:00:00-04:00,2025-07-29T19:00:00-04:00,8,156.87,156.1,5.5301,157.8241,158.0392,-21.81,-9.311,-25.303,neutral,147.9203,0.997,3.1005
PLTR,PLTR-185,2025-07-30T10:00:00-04:00,2025-07-30T13:00:00-04:00,3,158.5453,158.3575,5.5087,157.1838,157.1165,35.083,13.43,56.471,neutral_up,148.6803,0.76,2.9486
PLTR,PLTR-186,2025-07-30T14:00:00-04:00,2025-07-30T16:00:00-04:00,2,157.2203,159.23,5.5087,157.6289,157.3939,14.117,-19.774,-21.423,neutral,148.6803,0.76,2.9486
PLTR,PLTR-187,2025-07-31T12:00:00-04:00,2025-08-01T04:00:00-04:00,8,158.83,154.42,5.3366,159.3354,158.968,2.262,-6.481,-49.929,neutral,149.5911,0.9109,2.6678
PLTR,PLTR-188,2025-08-01T13:00:00-04:00,2025-08-01T16:00:00-04:00,3,155.58,154.26,5.2526,155.8243,156.552,-12.946,-3.294,33.859,neutral,150.3838,0.7926,2.4635
PLTR,PLTR-189,2025-08-01T17:00:00-04:00,2025-08-01T18:00:00-04:00,1,154.7,154.8091,5.2526,155.0215,155.8875,-25.944,3.469,-4.8,neutral_down,150.3838,0.7926,2.4635
PLTR,PLTR-190,2025-08-01T19:00:00-04:00,2025-08-04T05:00:00-04:00,2,155.15,157.55,5.2526,155.0132,155.7313,-17.45,5.292,11.963,neutral,150.3838,0.7926,2.4635
PLTR,PLTR-191,2025-08-04T08:00:00-04:00,2025-08-04T09:00:00-04:00,1,157.9199,159.32,5.3954,156.7791,156.449,28.045,2.177,7.643,neutral_up,150.7343,0.3506,2.0541
PLTR,PLTR-192,2025-08-06T05:00:00-04:00,2025-08-06T12:00:00-04:00,7,172.5,177.6917,6.2403,172.1822,170.1655,35.967,-1.842,-3.86,neutral_up,153.6131,1.9687,3.2293
PLTR,PLTR-193,2025-08-07T14:00:00-04:00,2025-08-08T06:00:00-04:00,8,180.005,184.13,6.4782,180.8133,179.3135,21.712,-10.266,-53.709,neutral,155.9746,2.3615,5.2403
PLTR,PLTR-194,2025-08-11T08:00:00-04:00,2025-08-11T16:00:00-04:00,8,186.01,182.73,6.4208,186.5491,185.6962,16.624,-9.309,-17.517,neutral,160.9592,2.6041,7.3461
PLTR,PLTR-195,2025-08-12T10:00:00-04:00,2025-08-12T13:00:00-04:00,3,184.145,187.6201,6.3379,183.42,183.8543,-6.566,12.864,34.712,neutral,162.9347,1.9755,6.9601
PLTR,PLTR-196,2025-08-13T14:00:00-04:00,2025-08-13T17:00:00-04:00,3,185.505,184.7,6.4494,186.2998,186.3499,-16.607,-0.72,-12.112,neutral,165.1116,2.1768,6.7565
PLTR,PLTR-197,2025-08-14T13:00:00-04:00,2025-08-14T14:00:00-04:00,1,181.4335,180.75,6.408,182.9178,184.1133,-54.212,1.861,-29.879,neutral_down,166.8578,1.7462,5.8986
PLTR,PLTR-198,2025-08-18T13:00:00-04:00,2025-08-18T14:00:00-04:00,1,172.5326,173.34,6.4755,173.8548,175.6733,-56.14,-0.646,-3.787,neutral_down,168.9596,0.817,3.848
PLTR,PLTR-199,2025-08-19T07:00:00-04:00,2025-08-19T09:00:00-04:00,2,172.64,164.57,6.4779,173.1689,174.1517,-36.688,-3.659,-0.053,neutral_down,169.4196,0.46,2.5618
PLTR,PLTR-200,2025-08-21T15:00:00-04:00,2025-08-22T13:00:00-04:00,14,156.15,159.987,7.8196,156.2466,156.4763,-1.817,-2.795,10.715,neutral,167.2336,-1.1225,-1.726
PLTR,PLTR-201,2025-08-25T16:00:00-04:00,2025-08-25T18:00:00-04:00,2,156.3,156.33,7.8348,156.8501,157.0341,-4.4,-8.462,-4.193,neutral,165.5454,-0.6805,-2.8106
PLTR,PLTR-202,2025-08-26T07:00:00-04:00,2025-08-26T11:00:00-04:00,4,155.86,160.7199,7.9444,156.0733,156.4693,-14.626,0.059,7.304,neutral,164.7795,-0.7659,-2.4541
PLTR,PLTR-203,2025-08-28T12:00:00-04:00,2025-09-02T07:00:00-04:00,27,155.78,151.95,7.8101,156.1515,156.9528,-20.183,-0.063,15.893,neutral,163.7195,-0.6991,-1.826
PLTR,PLTR-204,2025-09-02T09:00:00-04:00,2025-09-02T14:00:00-04:00,5,155.8201,157.07,7.4981,154.2046,155.1984,-33.094,43.541,22.203,neutral_down,162.6169,-0.5917,-1.8017
PLTR,PLTR-205,2025-09-03T12:00:00-04:00,2025-09-03T18:00:00-04:00,6,156.86,154.8,7.5418,158.1059,157.5268,9.921,-21.851,-8.008,neutral,162.1145,-0.5024,-1.605
PLTR,PLTR-206,2025-09-04T13:00:00-04:00,2025-09-04T14:00:00-04:00,1,154.4199,154.9,7.6059,154.8029,155.3419,-17.778,-0.052,-17.335,neutral,161.455,-0.6595,-1.7536
PLTR,PLTR-207,2025-09-04T15:00:00-04:00,2025-09-05T07:00:00-04:00,8,156.09,156.6,7.6059,155.0758,155.3734,0.657,13.547,18.383,neutral,161.455,-0.6595,-1.7536
PLTR,PLTR-208,2025-09-05T09:00:00-04:00,2025-09-05T10:00:00-04:00,1,154.13,149.365,7.3398,156.2866,156.0647,-1.626,-39.811,-34.272,neutral,160.9672,-0.4877,-1.6497
PLTR,PLTR-209,2025-09-05T11:00:00-04:00,2025-09-05T12:00:00-04:00,1,151.9999,153.61,7.3398,154.3218,155.1415,-53.147,1.636,-91.332,neutral_down,160.9672,-0.4877,-1.6497
PLTR,PLTR-210,2025-09-09T11:00:00-04:00,2025-09-09T12:00:00-04:00,1,160.79,161.47,7.4265,158.0013,156.9234,62.83,23.236,27.551,distribution,159.8702,-0.38,-1.5848
PLTR,PLTR-211,2025-09-11T04:00:00-04:00,2025-09-11T19:00:00-04:00,15,167.47,165.12,7.323,166.6686,165.3404,40.88,6.805,8.049,neutral_up,160.6935,0.5997,0.4433
PLTR,PLTR-212,2025-09-12T09:00:00-04:00,2025-09-12T13:00:00-04:00,4,165.3583,170.23,7.1026,165.1703,165.2731,-1.824,4.53,6.431,neutral,161.025,0.3315,1.1548
PLTR,PLTR-213,2025-09-15T14:00:00-04:00,2025-09-17T07:00:00-04:00,25,170.705,168.22,7.1324,169.9381,169.2595,29.365,3.881,21.512,neutral_up,161.9718,0.9468,1.878
PLTR,PLTR-214,2025-09-17T08:00:00-04:00,2025-09-17T10:00:00-04:00,2,168.7915,164.65,6.6089,169.0012,169.4665,-35.973,11.722,5.602,neutral_down,163.4799,0.671,2.4549
PLTR,PLTR-215,2025-09-22T13:00:00-04:00,2025-09-24T13:00:00-04:00,32,178.7901,178.53,7.0831,179.9938,179.8151,-8.731,-11.249,-13.251,neutral,166.6738,1.5686,3.1939
PLTR,PLTR-216,2025-09-24T15:00:00-04:00,2025-09-24T16:00:00-04:00,1,179.59,179.49,7.0016,179.8828,180.6595,-31.092,12.781,12.794,neutral_down,169.164,1.3396,4.0588
PLTR,PLTR-217,2025-09-25T12:00:00-04:00,2025-09-25T17:00:00-04:00,5,181.04,178.3095,7.0537,179.8127,179.5932,25.163,-6.681,66.735,neutral_up,170.1118,0.9478,3.438
PLTR,PLTR-218,2025-09-26T12:00:00-04:00,2025-09-26T14:00:00-04:00,2,177.085,178.185,7.2663,177.4867,178.1764,-20.87,5.079,-14.077,neutral,170.9298,0.818,3.1054
PLTR,PLTR-219,2025-09-26T15:00:00-04:00,2025-09-30T16:00:00-04:00,33,177.55,182.02,7.2663,177.6294,178.0791,-7.559,-0.896,13.31,neutral,170.9298,0.818,3.1054
PLTR,PLTR-220,2025-10-01T09:00:00-04:00,2025-10-01T10:00:00-04:00,1,182.4289,185.4643,6.7502,181.055,180.4648,25.623,12.809,26.38,neutral_up,173.1254,0.9285,2.1956
PLTR,PLTR-221,2025-10-01T13:00:00-04:00,2025-10-01T14:00:00-04:00,1,184.22,184.645,6.7502,183.1541,181.7988,50.636,-5.42,-3.597,neutral_up,173.1254,0.9285,2.1956
PLTR,PLTR-222,2025-10-02T12:00:00-04:00,2025-10-03T09:00:00-04:00,13,186.21,180.33,6.7523,185.8518,184.8651,29.431,-0.32,-3.826,neutral_up,174.1958,1.0704,2.6642
PLTR,PLTR-223,2025-10-07T05:00:00-04:00,2025-10-07T10:00:00-04:00,5,179.12,185.06,7.5152,179.1267,179.2754,-5.187,2.178,-1.465,neutral,175.5587,0.4046,1.3629
PLTR,PLTR-224,2025-10-07T11:00:00-04:00,2025-10-07T13:00:00-04:00,2,181.8501,183.78,7.5152,181.5117,180.4807,43.765,-22.767,33.895,neutral_up,175.5587,0.4046,1.3629
PLTR,PLTR-225,2025-10-08T10:00:00-04:00,2025-10-09T19:00:00-04:00,25,181.72,185.11,7.4612,182.7883,182.3464,0.335,-12.715,-29.438,neutral,176.1593,0.6006,0.7958
PLTR,PLTR-226,2025-10-10T11:00:00-04:00,2025-10-10T12:00:00-04:00,1,181.38,179.1246,7.1842,184.0749,183.9882,-18.795,-25.929,-49.682,neutral,177.614,0.7837,2.0552
PLTR,PLTR-227,2025-10-14T09:00:00-04:00,2025-10-14T14:00:00-04:00,5,172.95,181.364,7.5068,174.7722,176.1559,-40.747,-3.072,6.316,neutral_down,177.3933,-0.0203,0.563
PLTR,PLTR-228,2025-10-14T15:00:00-04:00,2025-10-14T16:00:00-04:00,1,179.729,179.61,7.5068,178.8342,177.9076,32.447,-9.423,3.124,neutral_up,177.3933,-0.0203,0.563
PLTR,PLTR-229,2025-10-15T13:00:00-04:00,2025-10-16T19:00:00-04:00,22,178.98,176.88,7.7934,180.4842,180.0028,-6.162,-9.859,-51.681,neutral,177.6056,0.2123,-0.0083
PLTR,PLTR-230,2025-10-17T11:00:00-04:00,2025-10-20T05:00:00-04:00,10,176.595,180.14,7.8702,176.8321,177.6462,-9.892,-2.468,20.109,neutral,177.8197,0.03,0.4264
PLTR,PLTR-231,2025-10-20T10:00:00-04:00,2025-10-20T12:00:00-04:00,2,182.266,182.095,7.8537,179.944,179.1184,37.143,18.445,13.034,neutral_up,177.8488,0.0291,0.2432
PLTR,PLTR-232,2025-10-21T07:00:00-04:00,2025-10-22T11:00:00-04:00,20,181.55,171.6717,7.6963,181.4017,180.8761,17.279,2.818,1.251,neutral,178.1862,0.3374,0.3965
PLTR,PLTR-233,2025-10-28T08:00:00-04:00,2025-10-29T09:00:00-04:00,17,190.62,196.6618,7.6095,189.6153,188.7082,37.741,9.896,16.287,neutral_up,179.911,0.9239,1.6943
PLTR,PLTR-234,2025-10-30T12:00:00-04:00,2025-10-31T17:00:00-04:00,21,198.2501,201.38,7.6251,198.042,196.9383,17.923,1.992,-15.376,neutral,182.4307,1.6389,3.4437
PLTR,PLTR-235,2025-11-03T16:00:00-05:00,2025-11-04T04:00:00-05:00,4,209.8,191.64,7.6313,206.3686,204.1785,61.323,0.816,5.26,neutral_up,185.0723,1.5408,4.2805
PLTR,PLTR-236,2025-11-05T08:00:00-05:00,2025-11-06T11:00:00-05:00,19,189.03,176.6351,8.6149,187.6926,190.3998,-26.087,13.097,29.921,neutral_down,187.442,0.3298,3.9104
PLTR,PLTR-237,2025-11-07T14:00:00-05:00,2025-11-07T17:00:00-05:00,3,177.7399,179.66,9.2431,174.1666,176.1442,-8.337,25.682,58.418,neutral,186.3534,-1.1283,-0.7587
PLTR,PLTR-238,2025-11-11T13:00:00-05:00,2025-11-12T10:00:00-05:00,13,190.9851,182.4288,9.8299,190.576,189.7392,9.438,9.228,2.739,neutral,186.3232,0.731,-1.1586
PLTR,PLTR-239,2025-11-17T12:00:00-05:00,2025-11-18T06:00:00-05:00,10,171.38,168.34,10.1365,172.8209,173.4439,-17.247,-6.97,-1.517,neutral,184.1911,-1.0131,-2.5553
PLTR,PLTR-240,2025-11-18T08:00:00-05:00,2025-11-20T06:00:00-05:00,30,167.44,170.93,9.881,168.936,170.4767,-42.635,1.456,-13.977,neutral_down,183.011,-1.1801,-3.5011
PLTR,PLTR-241,2025-11-20T10:00:00-05:00,2025-11-20T11:00:00-05:00,1,168.52,160.44,9.5189,170.7064,169.8267,9.802,-25.096,-20.671,neutral,180.1142,-1.4694,-4.0769
PLTR,PLTR-242,2025-11-21T14:00:00-05:00,2025-11-24T11:00:00-05:00,13,156.83,162.78,10.2801,155.3343,157.3396,-12.367,7.893,30.525,neutral,177.8993,-2.2149,-5.1117
PLTR,PLTR-243,2025-11-25T12:00:00-05:00,2025-11-26T04:00:00-05:00,8,161.9,164.71,10.2994,160.8993,160.6055,9.081,10.529,19.019,neutral,174.5679,-1.2378,-5.5463
PLTR,PLTR-244,2025-11-28T05:00:00-05:00,2025-12-02T09:00:00-05:00,31,167.41,175.2959,9.7588,166.4632,165.5592,41.097,10.723,14.515,neutral_up,172.8538,-0.7134,-2.9519
PLTR,PLTR-245,2025-12-03T10:00:00-05:00,2025-12-03T15:00:00-05:00,5,172.915,176.11,8.9898,171.7497,170.9541,37.917,7.739,6.857,neutral_up,171.8757,-0.1266,-0.9781
PLTR,PLTR-246,2025-12-04T14:00:00-05:00,2025-12-05T06:00:00-05:00,8,177.4776,178.68,8.9962,176.7586,175.5599,44.074,-1.372,-11.106,neutral_up,172.2606,0.3849,-0.1929
PLTR,PLTR-247,2025-12-05T08:00:00-05:00,2025-12-05T12:00:00-05:00,4,177.75,180.76,8.6401,178.0475,177.1429,35.009,-16.357,-16.21,neutral_up,172.776,0.5154,0.7738
PLTR,PLTR-248,2025-12-08T12:00:00-05:00,2025-12-10T05:00:00-05:00,25,181.9101,184.46,8.3796,181.6419,180.9012,25.673,0.868,-17.83,neutral_up,173.5937,0.8176,1.718
PLTR,PLTR-249,2025-12-10T10:00:00-05:00,2025-12-10T11:00:00-05:00,1,184.21,186.86,7.6895,183.7402,182.8251,37.596,-7.627,-18.126,neutral_up,174.994,0.6843,2.218
PLTR,PLTR-250,2025-12-11T10:00:00-05:00,2025-12-11T13:00:00-05:00,3,183.47,187.1,7.7512,184.6928,184.9807,-31.083,6.959,-42.842,neutral_down,176.1682,1.1742,2.5746
PLTR,PLTR-251,2025-12-11T17:00:00-05:00,2025-12-11T18:00:00-05:00,1,186.63,187.0,7.7512,186.5214,185.9067,22.147,-9.684,-0.838,neutral,176.1682,1.1742,2.5746
PLTR,PLTR-252,2025-12-11T19:00:00-05:00,2025-12-12T05:00:00-05:00,2,186.71,185.9,7.7512,186.6357,186.0701,15.98,-3.932,-15.85,neutral,176.1682,1.1742,2.5746
PLTR,PLTR-253,2025-12-12T08:00:00-05:00,2025-12-12T10:00:00-05:00,2,186.69,180.63,7.7575,186.254,186.049,5.438,7.548,3.79,neutral,177.1993,1.0311,2.8896
PLTR,PLTR-254,2025-12-12T14:00:00-05:00,2025-12-12T16:00:00-05:00,2,183.81,182.87,7.7575,183.877,184.6696,-18.591,5.636,41.79,neutral,177.1993,1.0311,2.8896
PLTR,PLTR-255,2025-12-15T09:00:00-05:00,2025-12-16T05:00:00-05:00,12,184.825,181.62,7.9065,183.9085,183.9966,10.577,4.807,14.003,neutral,177.7803,0.581,2.7862
PLTR,PLTR-256,2025-12-16T09:00:00-05:00,2025-12-16T14:00:00-05:00,5,185.73,187.0094,7.8953,182.8215,183.2031,6.105,35.824,39.493,neutral,178.2784,0.4982,2.1102
PLTR,PLTR-257,2025-12-22T17:00:00-05:00,2025-12-26T12:00:00-05:00,38,193.65,191.02,8.3139,193.6878,192.8534,19.18,-1.012,4.045,neutral,180.8325,1.2557,1.7003
PLTR,PLTR-258,2025-12-30T11:00:00-05:00,2025-12-30T13:00:00-05:00,2,183.81,182.75,7.3118,184.1951,185.1873,-44.864,2.417,1.831,neutral_down,184.5111,-0.0341,1.3909
PLTR,PLTR-259,2026-01-06T07:00:00-05:00,2026-01-06T12:00:00-05:00,5,175.5,179.9199,7.495,174.576,174.2815,24.789,7.712,29.996,neutral_up,181.4227,-0.7383,-2.7547
PLTR,PLTR-260,2026-01-09T13:00:00-05:00,2026-01-12T17:00:00-05:00,20,177.09,179.31,7.8242,177.3029,178.0777,-17.15,-1.363,16.651,neutral,180.8948,-0.4075,-0.5279
PLTR,PLTR-261,2026-01-13T09:00:00-05:00,2026-01-14T19:00:00-05:00,26,178.735,177.7072,7.4497,178.9345,178.6643,8.482,-6.891,0.987,neutral,180.4725,-0.1082,-0.8298
PLTR,PLTR-262,2026-01-15T15:00:00-05:00,2026-01-16T11:00:00-05:00,12,177.093,174.36,7.2987,178.5823,178.41,-10.264,-17.235,-32.669,neutral,180.1559,-0.1746,-0.4249
PLTR,PLTR-263,2026-01-21T08:00:00-05:00,2026-01-21T12:00:00-05:00,4,168.2201,162.7356,7.3275,168.2746,169.0856,-24.459,6.732,-7.167,neutral_down,178.1151,-0.9535,-2.0408
PLTR,PLTR-264,2026-01-21T14:00:00-05:00,2026-01-21T16:00:00-05:00,2,167.465,166.49,7.3275,166.1279,167.5327,-34.747,33.78,12.739,neutral_down,178.1151,-0.9535,-2.0408
PLTR,PLTR-265,2026-01-21T17:00:00-05:00,2026-01-21T18:00:00-05:00,1,166.2486,166.4,7.3275,166.1181,167.1703,-17.494,3.644,17.253,neutral,178.1151,-0.9535,-2.0408
PLTR,PLTR-266,2026-01-22T04:00:00-05:00,2026-01-22T05:00:00-05:00,1,168.79,168.76,7.4026,166.7697,167.2146,7.663,18.447,25.156,neutral,176.9601,-1.155,-2.9174
PLTR,PLTR-267,2026-01-22T09:00:00-05:00,2026-01-22T11:00:00-05:00,2,165.8944,165.765,7.4026,167.5309,167.5291,-1.996,-24.196,-17.964,neutral,176.9601,-1.155,-2.9174
PLTR,PLTR-268,2026-01-22T17:00:00-05:00,2026-01-22T19:00:00-05:00,2,165.64,165.78,7.4026,165.9716,166.5445,-20.693,1.365,2.878,neutral,176.9601,-1.155,-2.9174
PLTR,PLTR-269,2026-01-23T09:00:00-05:00,2026-01-23T10:00:00-05:00,1,168.19,169.875,7.1632,166.3831,166.3875,21.304,23.698,35.431,neutral,175.9537,-1.0064,-3.1149
PLTR,PLTR-270,2026-01-26T11:00:00-05:00,2026-01-27T16:00:00-05:00,21,169.505,165.42,7.0879,169.1327,168.685,21.696,-0.776,13.777,neutral,175.3788,-0.5749,-2.7363
PLTR,PLTR-271,2026-01-30T13:00:00-05:00,2026-01-30T16:00:00-05:00,3,147.72,147.1,7.0614,148.6882,150.7621,-55.079,1.646,4.243,neutral_down,170.4879,-1.8568,-4.1719
PLTR,PLTR-272,2026-02-02T07:00:00-05:00,2026-02-02T16:00:00-05:00,9,149.37,158.7789,7.0414,147.1847,148.3789,-17.632,36.69,36.083,neutral,168.3209,-2.1671,-5.5254
PLTR,PLTR-273,2026-02-09T08:00:00-05:00,2026-02-09T11:00:00-05:00,3,137.7,144.9,8.7627,137.0296,136.219,18.804,1.022,-1.809,neutral,158.051,-2.2171,-7.6244
PLTR,PLTR-274,2026-02-10T13:00:00-05:00,2026-02-10T14:00:00-05:00,1,139.07,138.92,8.9292,142.2135,142.1589,-31.61,-17.515,-52.076,neutral_down,156.6745,-1.3765,-6.6222
PLTR,PLTR-275,2026-02-12T08:00:00-05:00,2026-02-12T10:00:00-05:00,2,136.682,128.85,8.683,136.1303,136.6117,-0.129,1.713,25.831,neutral,153.3448,-1.7675,-4.7062
PLTR,PLTR-276,2026-02-13T13:00:00-05:00,2026-02-13T16:00:00-05:00,3,132.5,132.1,8.7292,130.7234,130.7847,23.804,5.115,33.754,neutral_up,151.1444,-2.2004,-5.5301
PLTR,PLTR-277,2026-02-17T08:00:00-05:00,2026-02-17T17:00:00-05:00,9,128.76,132.9,8.6291,129.6958,130.3171,-33.422,4.034,-8.947,neutral_down,149.3521,-1.7922,-5.7601
PLTR,PLTR-278,2026-02-19T15:00:00-05:00,2026-02-23T10:00:00-05:00,27,134.93,128.55,8.4711,134.4184,134.6628,-4.465,9.743,6.583,neutral,146.7319,-1.1392,-4.4125
PLTR,PLTR-279,2026-02-24T10:00:00-05:00,2026-02-25T10:00:00-05:00,16,128.0569,135.58,7.9946,128.8689,130.0914,-46.26,5.715,18.181,neutral_down,143.4284,-1.2833,-3.3034
PLTR,PLTR-280,2026-02-26T11:00:00-05:00,2026-03-02T05:00:00-05:00,26,133.98,142.5,7.6971,134.4901,133.6458,24.413,-17.771,-5.165,neutral_up,141.3763,-0.7186,-3.3355
PLTR,PLTR-281,2026-03-03T08:00:00-05:00,2026-03-03T14:00:00-05:00,6,141.86,146.04,7.4466,142.4445,142.2605,-9.313,3.78,10.413,neutral,140.9621,0.4148,-0.4142
PLTR,PLTR-282,2026-03-05T09:00:00-05:00,2026-03-06T13:00:00-05:00,20,156.115,159.865,7.5555,153.357,151.9193,40.768,25.317,3.066,neutral_up,142.5868,1.0513,2.0396
PLTR,PLTR-283,2026-03-09T13:00:00-04:00,2026-03-10T16:00:00-04:00,19,154.085,151.01,7.7608,154.7724,154.8107,-8.414,-3.175,-6.162,neutral,144.7459,1.2424,3.2104
PLTR,PLTR-284,2026-03-11T10:00:00-04:00,2026-03-12T18:00:00-04:00,24,152.14,152.35,7.5201,151.1413,151.7087,-1.546,10.594,42.754,neutral,146.2951,0.4875,2.7916
PLTR,PLTR-285,2026-03-13T08:00:00-04:00,2026-03-13T19:00:00-04:00,11,154.81,150.9604,7.0887,153.3949,152.8785,31.634,8.448,31.449,neutral_up,147.3806,0.6059,1.573
PLTR,PLTR-286,2026-03-16T09:00:00-04:00,2026-03-17T12:00:00-04:00,19,152.085,156.07,7.0095,151.5631,151.6027,7.788,3.052,12.096,neutral,147.706,0.3254,1.4109
PLTR,PLTR-287,2026-03-18T11:00:00-04:00,2026-03-18T16:00:00-04:00,5,154.221,152.08,6.567,155.0231,154.7055,-3.107,-9.071,-22.813,neutral,148.7926,0.6317,1.412
PLTR,PLTR-288,2026-03-19T11:00:00-04:00,2026-03-19T17:00:00-04:00,6,154.04,155.31,6.3894,152.799,153.0463,7.438,14.503,40.872,neutral,149.1542,0.3616,1.4482
PLTR,PLTR-289,2026-03-20T09:00:00-04:00,2026-03-20T14:00:00-04:00,5,150.54,149.87,6.3365,153.6286,153.8312,-34.4,-34.515,-40.817,neutral_down,149.7502,0.596,1.5893
PLTR,PLTR-290,2026-03-23T08:00:00-04:00,2026-03-23T10:00:00-04:00,2,153.11,158.28,6.4239,151.1124,151.7168,-3.799,23.915,49.37,neutral,149.8429,0.0927,1.0503
PLTR,PLTR-291,2026-03-25T12:00:00-04:00,2026-03-25T19:00:00-04:00,7,156.01,154.3,6.9914,157.0188,156.9264,-8.159,-7.279,-32.991,neutral,151.1981,0.3582,1.4479
PLTR,PLTR-292,2026-03-30T09:00:00-04:00,2026-03-30T14:00:00-04:00,5,140.895,137.73,6.8792,142.8321,143.9844,-36.387,-25.414,0.829,neutral_down,150.446,-0.7366,-0.7521
PLTR,PLTR-293,2026-04-01T16:00:00-04:00,2026-04-02T05:00:00-04:00,5,146.67,142.8,7.1874,146.8875,146.1162,12.717,0.157,-15.932,neutral,149.0006,-0.2721,-2.1819
PLTR,PLTR-294,2026-04-06T13:00:00-04:00,2026-04-07T07:00:00-04:00,10,147.3399,146.29,7.2027,148.3907,147.9462,-1.535,-12.805,-34.918,neutral,148.7414,-0.0291,-0.5313
PLTR,PLTR-295,2026-04-07T09:00:00-04:00,2026-04-07T17:00:00-04:00,8,145.9,150.5687,6.9725,146.7638,147.2449,-32.79,-3.128,-5.178,neutral_down,148.6695,-0.0719,-0.3312
PLTR,PLTR-296,2026-04-10T13:00:00-04:00,2026-04-13T05:00:00-04:00,8,127.2,131.6,7.9566,128.2981,130.8795,-59.922,1.393,24.763,neutral_down,146.4709,-1.5981,-2.1986
PLTR,PLTR-297,2026-04-14T08:00:00-04:00,2026-04-14T09:00:00-04:00,1,134.91,136.32,7.8306,133.7032,132.8046,45.612,9.683,11.598,neutral_up,143.6672,-1.1327,-4.4018
PLTR,PLTR-298,2026-04-15T06:00:00-04:00,2026-04-15T11:00:00-04:00,5,135.63,140.235,7.6806,135.702,135.0367,23.42,-5.93,-5.75,neutral,142.9393,-0.7279,-3.5316
PLTR,PLTR-299,2026-04-16T14:00:00-04:00,2026-04-17T10:00:00-04:00,12,142.03,148.2,7.6784,142.5169,141.6103,15.237,-6.41,-25.384,neutral,142.8675,-0.0718,-1.9324
PLTR,PLTR-300,2026-04-20T08:00:00-04:00,2026-04-21T07:00:00-04:00,15,145.5,147.22,7.4157,145.4824,145.248,-1.4,8.475,-0.249,neutral,143.1754,0.3195,0.2361
PLTR,PLTR-301,2026-04-21T09:00:00-04:00,2026-04-22T11:00:00-04:00,18,148.245,151.43,7.1267,146.9039,146.2689,43.272,13.214,3.332,neutral_up,143.4231,0.2477,0.5556
PLTR,PLTR-302,2026-04-24T13:00:00-04:00,2026-04-28T06:00:00-04:00,25,142.5305,142.77,7.4184,142.0278,143.1952,-26.348,12.342,32.963,neutral_down,144.2062,-0.2616,0.7831
PLTR,PLTR-303,2026-04-28T07:00:00-04:00,2026-04-29T06:00:00-04:00,15,141.53,141.08,6.9783,142.5326,142.6247,-16.745,-18.828,-19.374,neutral,144.01,-0.092,-0.4578
PLTR,PLTR-304,2026-04-30T10:00:00-04:00,2026-04-30T19:00:00-04:00,9,139.835,140.9398,6.7081,138.483,138.6609,7.068,17.876,7.885,neutral,143.2308,-0.5211,-0.8712
PLTR,PLTR-305,2026-05-04T12:00:00-04:00,2026-05-04T14:00:00-04:00,2,147.16,147.87,6.5481,146.5218,145.2097,39.89,0.391,-20.61,neutral_up,142.9617,0.1118,-0.7902
PLTR,PLTR-306,2026-05-04T15:00:00-04:00,2026-05-05T05:00:00-04:00,6,146.16,140.95,6.5481,146.871,145.7354,27.609,-18.961,-12.282,neutral_up,142.9617,0.1118,-0.7902
PLTR,PLTR-307,2026-05-06T13:00:00-04:00,2026-05-07T10:00:00-04:00,13,133.4799,139.91,6.832,134.196,135.9229,-44.357,2.987,-1.246,neutral_down,142.5849,-0.6675,-0.2649
PLTR,PLTR-308,2026-05-08T08:00:00-04:00,2026-05-13T10:00:00-04:00,50,136.73,130.05,6.7201,136.7862,136.5168,10.087,-4.82,-0.618,neutral,141.3579,-0.4248,-1.8945
PLTR,PLTR-309,2026-05-14T13:00:00-04:00,2026-05-14T14:00:00-04:00,1,133.8137,133.51,6.4357,132.1563,131.9792,38.22,8.43,44.599,neutral_up,139.3113,-0.9256,-1.7231
PLTR,PLTR-310,2026-05-15T09:00:00-04:00,2026-05-21T19:00:00-04:00,74,133.43,137.6906,6.3353,132.6877,132.5622,6.252,16.203,9.056,neutral,138.8048,-0.5065,-1.8528
PLTR,PLTR-311,2026-05-22T06:00:00-04:00,2026-05-22T08:00:00-04:00,2,137.09,138.1,5.5965,137.3415,136.9626,13.01,-8.333,-13.566,neutral,137.7251,-0.0315,-0.3469
PLTR,PLTR-312,2026-05-22T09:00:00-04:00,2026-05-27T07:00:00-04:00,30,137.2492,134.174,5.5965,137.4928,137.1395,15.999,-12.202,2.989,neutral,137.7251,-0.0315,-0.3469
PLTR,PLTR-313,2026-05-27T08:00:00-04:00,2026-05-27T09:00:00-04:00,1,134.5022,132.73,5.5229,135.1149,135.7032,-44.791,5.169,-7.157,neutral_down,137.5481,-0.0928,-0.2084
PLTR,PLTR-314,2026-05-27T10:00:00-04:00,2026-05-27T11:00:00-04:00,1,134.205,133.21,5.5229,134.5513,135.3212,-45.384,16.295,4.576,neutral_down,137.5481,-0.0928,-0.2084
PLTR,PLTR-315,2026-05-28T06:00:00-04:00,2026-05-28T10:00:00-04:00,4,133.58,138.16,5.4849,133.5507,133.9875,-9.847,-3.671,26.638,neutral,137.0919,-0.4562,-0.6331
PLTR,PLTR-316,2026-06-01T18:00:00-04:00,2026-06-02T05:00:00-04:00,3,157.5,155.29,6.5871,159.495,157.8861,9.786,-15.572,-41.799,neutral,139.3817,1.7208,1.8335
PLTR,PLTR-317,2026-06-04T13:00:00-04:00,2026-06-04T18:00:00-04:00,5,141.1,141.12,7.2539,142.6097,144.0422,-39.648,-3.221,-18.355,neutral_down,142.2944,-0.0059,2.9127
PLTR,PLTR-318,2026-06-05T04:00:00-04:00,2026-06-05T05:00:00-04:00,1,141.7,142.1,7.1713,141.6256,142.748,-28.434,8.248,5.374,neutral_down,142.2404,-0.054,0.927
PLTR,PLTR-319,2026-06-08T13:00:00-04:00,2026-06-09T11:00:00-04:00,14,135.54,129.845,7.2266,135.9167,136.6842,-23.655,-4.023,-15.259,neutral_down,141.633,-0.6073,-0.6673
PLTR,PLTR-320,2026-06-10T14:00:00-04:00,2026-06-10T18:00:00-04:00,4,131.01,128.75,7.0842,131.4842,131.926,-9.802,-9.186,-13.507,neutral,140.337,-0.8267,-1.9034
PLTR,PLTR-321,2026-06-11T04:00:00-04:00,2026-06-11T07:00:00-04:00,3,130.6,130.5501,6.8914,130.0587,130.8814,-27.054,20.848,11.603,neutral_down,139.4182,-0.9188,-2.2149
PLTR,PLTR-322,2026-06-11T08:00:00-04:00,2026-06-12T13:00:00-04:00,21,129.6,128.02,6.8914,130.2235,130.7319,-17.762,-9.941,-5.787,neutral,139.4182,-0.9188,-2.2149
PLTR,PLTR-323,2026-06-17T10:00:00-04:00,2026-06-17T12:00:00-04:00,2,134.32,134.91,6.4729,133.0754,132.7803,29.319,8.286,36.28,neutral_up,137.0286,-0.3829,-1.6243
PLTR,PLTR-324,2026-06-17T15:00:00-04:00,2026-06-18T04:00:00-04:00,5,130.65,131.04,6.4729,133.2532,133.0941,-13.54,-36.077,-52.084,neutral,137.0286,-0.3829,-1.6243
PLTR,PLTR-325,2026-06-23T14:00:00-04:00,2026-06-23T17:00:00-04:00,3,116.705,116.76,6.6797,118.6362,120.3462,-74.457,-12.443,-20.951,accumulation,134.2484,-1.4768,-2.7802
PLTR,PLTR-326,2026-06-30T07:00:00-04:00,2026-07-01T07:00:00-04:00,16,115.994,119.4,6.5264,116.2888,115.6025,18.38,-8.344,-8.427,neutral,126.2495,-1.0589,-4.6553
PLTR,PLTR-327,2026-07-01T08:00:00-04:00,2026-07-01T09:00:00-04:00,1,120.0,124.6251,6.3553,118.7092,117.6598,52.588,0.535,8.182,neutral_up,125.3722,-0.8772,-3.388
PLTR,PLTR-328,2026-07-06T07:00:00-04:00,2026-07-06T17:00:00-04:00,10,128.513,133.21,6.7661,129.5111,128.6949,10.812,-14.638,-15.648,neutral,125.7438,0.3426,-0.5057
AVGO,AVGO-001,2024-07-18T11:00:00-04:00,2024-07-18T19:00:00-04:00,8,155.22,162.15,6.3653,157.4636,159.1246,-40.476,-16.091,-8.264,neutral_down,164.8497,-0.889,0.0889
AVGO,AVGO-002,2024-07-19T11:00:00-04:00,2024-07-19T13:00:00-04:00,2,160.1,158.22,6.4542,161.1328,160.601,4.68,-11.829,-20.911,neutral,164.4561,-0.3936,-0.9164
AVGO,AVGO-003,2024-07-22T09:00:00-04:00,2024-07-23T14:00:00-04:00,21,161.01,164.025,6.481,159.6828,159.5025,21.151,5.992,12.922,neutral,163.8101,-0.646,-1.9286
AVGO,AVGO-004,2024-07-23T15:00:00-04:00,2024-07-23T16:00:00-04:00,1,163.84,164.45,6.421,162.9859,161.8665,40.906,-2.119,-0.018,neutral_up,163.5491,-0.2609,-1.3005
AVGO,AVGO-005,2024-07-23T18:00:00-04:00,2024-07-24T05:00:00-04:00,3,161.89,161.5,6.421,163.0284,162.1936,14.133,-20.055,-26.773,neutral,163.5491,-0.2609,-1.3005
AVGO,AVGO-006,2024-07-24T08:00:00-04:00,2024-07-24T10:00:00-04:00,2,159.81,156.83,6.3502,161.5823,161.7495,-25.292,-16.07,-18.59,neutral_down,163.5756,0.0264,-0.8805
AVGO,AVGO-007,2024-07-25T13:00:00-04:00,2024-07-30T12:00:00-04:00,47,152.91,144.285,6.8066,151.626,153.0706,-11.35,9.161,43.467,neutral,162.4414,-1.1341,-1.3686
AVGO,AVGO-008,2024-08-06T13:00:00-04:00,2024-08-07T14:00:00-04:00,17,148.51,138.11,8.7593,145.7894,144.1346,37.025,6.02,20.627,neutral_up,154.7689,-1.2589,-3.4845
AVGO,AVGO-009,2024-08-09T13:00:00-04:00,2024-08-12T07:00:00-04:00,10,149.24,149.0,9.2052,146.9623,145.5136,44.449,13.688,15.367,neutral_up,151.6021,-0.5862,-3.1668
AVGO,AVGO-010,2024-08-12T09:00:00-04:00,2024-08-13T11:00:00-04:00,18,146.93,153.68,8.9362,148.2886,147.5207,12.165,-25.28,-24.919,neutral,151.311,-0.2911,-2.4661
AVGO,AVGO-011,2024-08-14T14:00:00-04:00,2024-08-15T09:00:00-04:00,11,157.85,162.94,8.5767,157.3943,155.9092,40.134,-2.567,-35.897,neutral_up,151.5423,0.4778,-0.0598
AVGO,AVGO-012,2024-08-16T13:00:00-04:00,2024-08-19T16:00:00-04:00,19,165.3,167.701,8.4105,165.1971,164.3328,24.43,-1.845,13.085,neutral_up,153.3819,1.2898,2.3174
AVGO,AVGO-013,2024-08-20T16:00:00-04:00,2024-08-21T05:00:00-04:00,5,165.61,165.22,8.02,166.1726,166.1124,-5.436,-6.933,2.369,neutral,155.7191,1.2101,3.627
AVGO,AVGO-014,2024-08-21T07:00:00-04:00,2024-08-22T08:00:00-04:00,17,165.35,169.28,7.7486,165.4114,165.6684,-13.32,3.271,6.462,neutral,156.6465,0.9274,3.2645
AVGO,AVGO-015,2024-08-22T11:00:00-04:00,2024-08-22T17:00:00-04:00,6,165.71,163.29,7.4515,167.2924,166.593,15.888,-32.029,-44.709,neutral,157.4722,0.8258,2.9632
AVGO,AVGO-016,2024-08-23T13:00:00-04:00,2024-08-26T11:00:00-04:00,14,165.53,160.025,7.7,165.0648,165.0904,3.573,4.537,-1.838,neutral,157.9366,0.4643,2.2175
AVGO,AVGO-017,2024-08-27T13:00:00-04:00,2024-08-28T17:00:00-04:00,20,161.93,153.13,7.568,160.2214,160.8343,2.37,21.88,42.948,neutral,158.7957,0.0924,1.3234
AVGO,AVGO-018,2024-08-30T08:00:00-04:00,2024-08-30T17:00:00-04:00,9,161.01,162.6802,7.3976,159.8368,159.2241,26.539,5.422,11.294,neutral_up,158.7685,-0.1839,-0.0272
AVGO,AVGO-019,2024-09-03T04:00:00-04:00,2024-09-03T10:00:00-04:00,6,161.45,153.78,7.3199,161.8667,160.9739,24.849,-14.921,-12.973,neutral_up,159.1368,0.3683,0.1062
AVGO,AVGO-020,2024-09-04T13:00:00-04:00,2024-09-05T17:00:00-04:00,20,154.94,142.9685,7.6142,153.9166,154.4151,8.155,0.028,29.305,neutral,158.558,-0.5788,-0.3943
AVGO,AVGO-021,2024-09-09T04:00:00-04:00,2024-09-10T09:00:00-04:00,21,138.91,144.4,8.2127,137.7961,140.3641,-38.335,20.643,23.715,neutral_down,155.8038,-1.8804,-2.7543
AVGO,AVGO-022,2024-09-13T13:00:00-04:00,2024-09-16T12:00:00-04:00,15,166.995,163.52,8.6376,165.8933,164.0596,51.47,3.743,6.027,neutral_up,155.218,0.9432,0.7728
AVGO,AVGO-023,2024-09-17T08:00:00-04:00,2024-09-17T18:00:00-04:00,10,165.6695,162.1835,8.2321,164.8781,164.6918,21.287,2.402,14.112,neutral,157.0457,0.6984,2.7708
AVGO,AVGO-024,2024-09-18T11:00:00-04:00,2024-09-19T06:00:00-04:00,11,162.19,167.2,8.0241,162.7954,162.9397,-4.444,-15.29,1.622,neutral,157.5388,0.4931,2.3208
AVGO,AVGO-025,2024-09-20T08:00:00-04:00,2024-09-20T14:00:00-04:00,6,167.0,170.429,7.9162,166.7499,166.595,-0.935,10.675,6.096,neutral,158.7791,0.8611,1.7334
AVGO,AVGO-026,2024-09-23T11:00:00-04:00,2024-09-24T04:00:00-04:00,9,170.8,173.86,7.7471,170.5241,169.8744,14.809,5.473,-38.754,neutral,159.9155,1.1364,2.3767
AVGO,AVGO-027,2024-09-24T17:00:00-04:00,2024-09-25T19:00:00-04:00,18,174.8575,176.9855,7.5488,174.3609,173.3961,44.117,-1.965,-1.545,neutral_up,161.105,1.1895,3.187
AVGO,AVGO-028,2024-09-26T13:00:00-04:00,2024-09-26T14:00:00-04:00,1,176.92,178.35,7.0362,177.1021,176.5874,3.555,3.197,-19.537,neutral,163.5486,1.1931,3.6331
AVGO,AVGO-029,2024-09-26T16:00:00-04:00,2024-09-27T10:00:00-04:00,10,177.71,173.3,7.0362,177.5479,176.9493,18.981,-2.777,15.426,neutral,163.5486,1.1931,3.6331
AVGO,AVGO-030,2024-09-30T13:00:00-04:00,2024-10-01T10:00:00-04:00,13,171.685,167.42,6.8944,171.4844,172.3598,-17.733,2.327,21.895,neutral,165.5856,0.7114,3.2302
AVGO,AVGO-031,2024-10-03T10:00:00-04:00,2024-10-04T08:00:00-04:00,14,172.36,175.66,6.5801,171.2116,170.6168,33.179,1.507,25.662,neutral_up,166.7165,0.3923,1.1309
AVGO,AVGO-032,2024-10-04T09:00:00-04:00,2024-10-04T11:00:00-04:00,2,173.87,175.69,6.5208,173.0706,172.1515,48.7,-10.898,24.365,neutral_up,167.1932,0.4767,0.9826
AVGO,AVGO-033,2024-10-07T10:00:00-04:00,2024-10-08T11:00:00-04:00,17,177.6,179.24,6.4079,175.8246,175.0433,45.664,20.455,35.897,neutral_up,168.0556,0.8624,1.7315
AVGO,AVGO-034,2024-10-10T14:00:00-04:00,2024-10-11T09:00:00-04:00,10,185.1933,178.62,6.5639,184.9452,184.11,29.443,-2.951,-6.671,neutral_up,171.2692,1.4701,3.2136
AVGO,AVGO-035,2024-10-14T10:00:00-04:00,2024-10-15T10:00:00-04:00,16,180.965,175.2264,6.5004,182.4215,182.4578,0.989,-32.007,-9.631,neutral,173.3831,0.8057,3.584
AVGO,AVGO-036,2024-10-16T12:00:00-04:00,2024-10-17T05:00:00-04:00,9,177.51,181.09,6.5672,176.7912,177.3374,-6.625,10.505,18.162,neutral,174.3656,0.1664,1.7882
AVGO,AVGO-037,2024-10-18T08:00:00-04:00,2024-10-18T13:00:00-04:00,5,182.59,179.2698,6.5383,182.3304,181.7139,20.832,0.871,4.351,neutral,175.2247,0.6295,1.0255
AVGO,AVGO-038,2024-10-21T10:00:00-04:00,2024-10-23T13:00:00-04:00,35,179.28,172.95,6.3591,179.2544,179.7696,-11.806,1.056,45.876,neutral,175.6479,0.4232,1.2822
AVGO,AVGO-039,2024-10-28T08:00:00-04:00,2024-10-28T10:00:00-04:00,2,173.8,172.78,5.8882,174.0006,173.8687,3.112,-5.068,-27.357,neutral,175.4022,-0.2442,-0.9396
AVGO,AVGO-040,2024-10-29T10:00:00-04:00,2024-10-29T12:00:00-04:00,2,174.39,177.365,5.6553,172.8051,172.7793,26.834,26.641,36.816,neutral_up,175.0965,-0.3057,-0.9805
AVGO,AVGO-041,2024-10-30T14:00:00-04:00,2024-10-31T05:00:00-04:00,7,177.13,173.8,5.8957,177.685,177.1474,4.761,-5.166,-19.919,neutral,175.4777,0.3812,-0.1686
AVGO,AVGO-042,2024-11-01T12:00:00-04:00,2024-11-05T11:00:00-05:00,31,170.415,172.42,5.9883,169.8952,170.5302,-7.151,4.68,24.226,neutral,175.0567,-0.5267,-0.0398
AVGO,AVGO-043,2024-11-08T08:00:00-05:00,2024-11-11T09:00:00-05:00,17,181.9022,177.89,5.7344,182.4856,181.9991,0.626,-3.068,-9.932,neutral,175.3008,0.8509,1.3461
AVGO,AVGO-044,2024-11-13T13:00:00-05:00,2024-11-13T18:00:00-05:00,5,175.35,173.6,5.7028,174.6318,175.5655,-31.961,26.196,28.055,neutral_down,176.3175,-0.0098,1.0167
AVGO,AVGO-045,2024-11-14T05:00:00-05:00,2024-11-14T15:00:00-05:00,10,175.08,170.41,5.5541,174.3268,174.8368,-8.257,16.067,29.155,neutral,176.085,-0.2325,0.017
AVGO,AVGO-046,2024-11-18T11:00:00-05:00,2024-11-20T13:00:00-05:00,34,165.19,161.4154,5.6656,164.9634,165.9625,-23.835,8.597,12.6,neutral_down,174.5901,-0.979,-1.7274
AVGO,AVGO-047,2024-11-21T08:00:00-05:00,2024-11-27T10:00:00-05:00,66,165.45,158.7,5.2898,163.219,163.4331,15.031,27.783,49.012,neutral,172.1208,-0.8871,-2.4692
AVGO,AVGO-048,2024-12-03T12:00:00-05:00,2024-12-03T19:00:00-05:00,7,167.0,170.1,5.1076,167.226,166.4088,20.666,-4.445,-24.08,neutral,168.0208,-0.1531,-1.6688
AVGO,AVGO-049,2024-12-04T19:00:00-05:00,2024-12-05T05:00:00-05:00,2,170.5,170.43,5.0457,170.4245,169.9186,19.362,-4.333,5.563,neutral,168.0335,0.0127,-0.7498
AVGO,AVGO-050,2024-12-05T09:00:00-05:00,2024-12-06T10:00:00-05:00,17,169.815,174.6731,5.2017,170.3941,170.1338,3.489,-12.937,-9.454,neutral,168.2659,0.2324,0.092
AVGO,AVGO-051,2024-12-09T15:00:00-05:00,2024-12-10T10:00:00-05:00,11,178.93,174.17,5.508,177.9338,177.311,16.495,18.56,11.618,neutral,169.4761,1.0054,1.4426
AVGO,AVGO-052,2024-12-12T13:00:00-05:00,2024-12-12T17:00:00-05:00,4,179.97,205.04,6.2441,179.9314,179.7266,-5.83,10.205,9.208,neutral,171.6247,1.1515,2.1487
AVGO,AVGO-053,2024-12-18T12:00:00-05:00,2024-12-18T14:00:00-05:00,2,231.955,226.83,10.9378,235.7562,237.7542,-46.311,-3.719,-39.408,neutral_down,188.9631,5.1087,16.4943
AVGO,AVGO-054,2024-12-19T17:00:00-05:00,2024-12-20T04:00:00-05:00,3,218.9985,213.27,11.6444,220.5309,223.8574,-53.122,3.021,-1.206,neutral_down,192.0701,3.107,14.8302
AVGO,AVGO-055,2024-12-23T12:00:00-05:00,2024-12-23T13:00:00-05:00,1,231.39,233.0355,11.5898,228.4363,226.0049,46.287,-0.294,6.526,neutral_up,196.8522,2.3958,7.8891
AVGO,AVGO-056,2024-12-26T08:00:00-05:00,2024-12-26T11:00:00-05:00,3,239.06,246.835,11.3788,238.9161,236.8664,30.779,-4.745,-7.463,neutral_up,203.6934,3.5987,9.237
AVGO,AVGO-057,2024-12-31T08:00:00-05:00,2024-12-31T19:00:00-05:00,11,236.25,231.84,11.0662,236.3476,236.95,-6.007,-3.557,-3.608,neutral,212.8412,2.2409,9.1478
AVGO,AVGO-058,2025-01-02T04:00:00-05:00,2025-01-02T05:00:00-05:00,1,236.75,236.6,10.7151,233.6873,234.6184,-4.903,36.212,33.571,neutral,214.5629,1.7217,7.0926
AVGO,AVGO-059,2025-01-02T09:00:00-05:00,2025-01-02T17:00:00-05:00,8,236.83,231.9,10.7151,236.3092,235.7421,26.654,-12.37,-2.105,neutral_up,214.5629,1.7217,7.0926
AVGO,AVGO-060,2025-01-03T10:00:00-05:00,2025-01-06T17:00:00-05:00,23,232.085,237.2004,10.611,233.0897,233.5218,-8.392,-10.929,1.62,neutral,216.1399,1.577,5.5396
AVGO,AVGO-061,2025-01-07T06:00:00-05:00,2025-01-07T11:00:00-05:00,5,236.42,231.12,10.3046,236.6396,235.925,14.677,-6.463,-8.219,neutral,219.3345,1.7046,4.7716
AVGO,AVGO-062,2025-01-08T11:00:00-05:00,2025-01-10T12:00:00-05:00,17,229.8367,223.64,10.4185,229.3144,230.498,-16.297,8.112,25.441,neutral,220.165,0.8305,4.0251
AVGO,AVGO-063,2025-01-10T13:00:00-05:00,2025-01-10T14:00:00-05:00,1,225.65,225.28,10.1322,225.1395,226.8165,-35.124,19.156,21.308,neutral_down,220.9973,0.8323,3.3673
AVGO,AVGO-064,2025-01-14T11:00:00-05:00,2025-01-16T05:00:00-05:00,26,225.19,233.0,9.9681,226.339,225.9964,-5.167,-5.14,-25.227,neutral,221.6534,0.3687,1.4885
AVGO,AVGO-065,2025-01-16T16:00:00-05:00,2025-01-16T17:00:00-05:00,1,228.99,229.2,9.4613,231.2427,230.6431,-10.312,-11.568,-34.889,neutral,222.4854,0.5405,1.2006
AVGO,AVGO-066,2025-01-17T04:00:00-05:00,2025-01-17T12:00:00-05:00,8,232.3,236.99,9.5505,230.6596,230.4686,5.953,22.584,20.385,neutral,223.1095,0.6241,1.456
AVGO,AVGO-067,2025-01-21T15:00:00-05:00,2025-01-22T06:00:00-05:00,7,240.31,245.6,9.4933,240.7421,239.186,28.035,-10.983,-7.772,neutral_up,224.4022,1.2928,2.4573
AVGO,AVGO-068,2025-01-22T08:00:00-05:00,2025-01-22T13:00:00-05:00,5,246.07,246.15,9.2024,244.1564,242.0305,63.829,-2.035,2.821,distribution,225.8484,1.4462,3.363
AVGO,AVGO-069,2025-01-22T14:00:00-05:00,2025-01-22T16:00:00-05:00,2,244.0399,240.6201,9.2024,244.7232,243.2587,24.927,-14.165,-10.787,neutral_up,225.8484,1.4462,3.363
AVGO,AVGO-070,2025-01-23T18:00:00-05:00,2025-01-24T09:00:00-05:00,7,240.09,248.51,9.0222,239.3301,239.6704,6.312,2.575,19.859,neutral,227.224,1.3756,4.1145
AVGO,AVGO-071,2025-01-28T13:00:00-05:00,2025-01-29T07:00:00-05:00,10,203.805,209.95,11.585,204.7051,208.8854,-41.441,4.524,13.724,neutral_down,227.3518,-2.5142,0.1278
AVGO,AVGO-072,2025-01-29T08:00:00-05:00,2025-01-29T19:00:00-05:00,11,208.41,215.93,11.5475,209.1166,209.1199,3.303,-9.79,-16.209,neutral,225.5253,-1.8265,-2.8838
AVGO,AVGO-073,2025-01-31T04:00:00-05:00,2025-01-31T12:00:00-05:00,8,219.0,225.655,11.6439,216.6063,215.3324,26.333,14.568,19.386,neutral_up,223.0478,-0.7388,-4.304
AVGO,AVGO-074,2025-02-03T17:00:00-05:00,2025-02-03T19:00:00-05:00,2,220.977,220.97,11.6079,219.0344,218.6895,18.545,8.57,17.7,neutral,222.8808,-0.1671,-2.6445
AVGO,AVGO-075,2025-02-04T04:00:00-05:00,2025-02-04T05:00:00-05:00,1,218.55,218.39,11.3288,219.4732,219.0239,8.514,-14.662,-10.031,neutral,222.3998,-0.481,-1.3868
AVGO,AVGO-076,2025-02-04T08:00:00-05:00,2025-02-04T17:00:00-05:00,9,216.81,231.13,11.3288,218.4614,218.6444,-15.939,-9.936,-16.221,neutral,222.3998,-0.481,-1.3868
AVGO,AVGO-077,2025-02-06T04:00:00-05:00,2025-02-06T06:00:00-05:00,2,236.13,235.18,11.3888,234.2128,231.642,44.407,7.437,1.344,neutral_up,223.2897,0.888,0.4089
AVGO,AVGO-078,2025-02-06T09:00:00-05:00,2025-02-06T14:00:00-05:00,5,231.835,228.91,11.3888,234.1126,232.6381,10.856,-21.204,-29.077,neutral,223.2897,0.888,0.4089
AVGO,AVGO-079,2025-02-06T15:00:00-05:00,2025-02-06T16:00:00-05:00,1,231.24,230.73,11.3888,231.2744,231.5944,-16.372,11.758,0.638,neutral,223.2897,0.888,0.4089
AVGO,AVGO-080,2025-02-06T17:00:00-05:00,2025-02-06T19:00:00-05:00,2,231.36,232.5975,11.3888,231.2044,231.5017,-7.668,5.796,20.462,neutral,223.2897,0.888,0.4089
AVGO,AVGO-081,2025-02-07T09:00:00-05:00,2025-02-07T12:00:00-05:00,3,230.88,225.6828,11.021,232.0988,231.9691,-1.926,-15.693,-15.302,neutral,224.0124,0.7228,1.6126
AVGO,AVGO-082,2025-02-11T12:00:00-05:00,2025-02-12T05:00:00-05:00,9,234.2964,235.63,11.0503,233.4091,232.7654,20.294,8.246,20.591,neutral,225.0794,0.9891,1.7898
AVGO,AVGO-083,2025-02-12T08:00:00-05:00,2025-02-18T10:00:00-05:00,50,231.5,227.8,10.8265,234.7044,234.4243,-15.478,-40.91,-40.208,neutral,225.9931,0.9137,1.9807
AVGO,AVGO-084,2025-02-19T12:00:00-05:00,2025-02-21T12:00:00-05:00,32,226.25,219.765,9.8766,226.8255,227.9248,-26.347,-3.727,16.985,neutral_down,228.237,0.0283,1.3033
AVGO,AVGO-085,2025-02-25T19:00:00-05:00,2025-02-26T05:00:00-05:00,2,206.0,207.2,9.6502,204.5588,206.5145,-22.799,15.264,38.005,neutral,225.4934,-1.7653,-2.7857
AVGO,AVGO-086,2025-02-26T06:00:00-05:00,2025-02-26T07:00:00-05:00,1,206.85,207.0,9.5125,205.7982,206.6651,2.216,0.713,25.015,neutral,223.4104,-2.083,-4.7243
AVGO,AVGO-087,2025-02-26T08:00:00-05:00,2025-02-26T09:00:00-05:00,1,207.54,210.43,9.5125,206.3388,206.7724,8.025,4.445,6.522,neutral,223.4104,-2.083,-4.7243
AVGO,AVGO-088,2025-02-28T18:00:00-05:00,2025-03-03T06:00:00-05:00,4,200.39,203.31,10.4897,198.9338,200.2127,-3.379,5.617,23.585,neutral,220.2122,-2.2572,-5.2812
AVGO,AVGO-089,2025-03-03T09:00:00-05:00,2025-03-03T10:00:00-05:00,1,192.04,193.315,10.3147,200.3245,200.7562,-25.48,-58.756,-51.299,neutral_down,218.3366,-1.8757,-5.0738
AVGO,AVGO-090,2025-03-04T13:00:00-05:00,2025-03-05T07:00:00-05:00,10,189.8075,190.67,10.973,187.205,189.3232,-11.436,15.836,48.366,neutral,215.5232,-2.8133,-6.9462
AVGO,AVGO-091,2025-03-05T08:00:00-05:00,2025-03-06T06:00:00-05:00,14,189.41,184.73,11.1513,190.1922,190.0865,0.112,-8.141,-14.608,neutral,212.9939,-2.5294,-7.2184
AVGO,AVGO-092,2025-03-10T09:00:00-04:00,2025-03-10T10:00:00-04:00,1,186.6,182.91,11.4391,190.131,191.2645,-29.628,-5.991,-18.819,neutral_down,206.9769,-1.1877,-6.017
AVGO,AVGO-093,2025-03-10T11:00:00-04:00,2025-03-10T12:00:00-04:00,1,183.305,183.26,11.4391,187.6105,189.8504,-46.75,-3.134,-23.113,neutral_down,206.9769,-1.1877,-6.017
AVGO,AVGO-094,2025-03-11T08:00:00-04:00,2025-03-11T14:00:00-04:00,6,184.77,194.4241,11.6699,185.1416,186.0312,-4.843,-8.044,6.026,neutral,204.9408,-2.0361,-6.1072
AVGO,AVGO-095,2025-03-11T15:00:00-04:00,2025-03-11T16:00:00-04:00,1,189.96,189.45,11.6699,189.8498,188.4566,25.518,-12.796,-1.373,neutral_up,204.9408,-2.0361,-6.1072
AVGO,AVGO-096,2025-03-12T08:00:00-04:00,2025-03-12T09:00:00-04:00,1,198.18,198.41,11.6246,193.0481,190.9736,54.112,20.189,27.215,neutral_up,203.5789,-1.3619,-4.5857
AVGO,AVGO-097,2025-03-12T10:00:00-04:00,2025-03-12T19:00:00-04:00,9,194.955,195.61,11.6246,194.2874,191.9501,45.387,-15.954,11.465,neutral_up,203.5789,-1.3619,-4.5857
AVGO,AVGO-098,2025-03-13T04:00:00-04:00,2025-03-18T07:00:00-04:00,51,193.3,190.43,11.5099,194.4615,193.587,8.091,-11.656,-4.522,neutral,202.7217,-0.8572,-4.2551
AVGO,AVGO-099,2025-03-18T08:00:00-04:00,2025-03-18T09:00:00-04:00,1,190.135,189.07,10.7062,191.8369,192.988,-48.029,-0.423,-15.964,neutral_down,200.5202,-0.6,-2.2016
AVGO,AVGO-100,2025-03-19T07:00:00-04:00,2025-03-19T14:00:00-04:00,7,189.22,196.0872,10.4857,189.0111,189.8709,-18.783,4.372,9.419,neutral,199.4502,-1.07,-2.2351
AVGO,AVGO-101,2025-03-21T10:00:00-04:00,2025-03-24T05:00:00-04:00,11,190.105,194.75,10.2683,189.4083,190.31,-25.029,21.165,10.14,neutral_down,198.3077,-0.7888,-2.2124
AVGO,AVGO-102,2025-03-25T14:00:00-04:00,2025-03-25T18:00:00-04:00,4,188.98,188.25,9.5955,190.0417,190.7822,-38.153,-3.061,-23.567,neutral_down,197.0805,-0.6111,-2.016
AVGO,AVGO-103,2025-03-31T14:00:00-04:00,2025-03-31T16:00:00-04:00,2,164.94,166.98,9.0867,164.5775,166.3303,-30.562,9.367,25.687,neutral_down,190.5213,-2.1421,-5.7555
AVGO,AVGO-104,2025-04-01T04:00:00-04:00,2025-04-01T05:00:00-04:00,1,168.47,168.8,9.0434,166.5832,166.7263,15.717,14.526,12.283,neutral,188.4303,-2.091,-6.3005
AVGO,AVGO-105,2025-04-01T08:00:00-04:00,2025-04-01T11:00:00-04:00,3,167.77,167.5,9.0434,167.2284,167.0428,10.449,2.202,-14.145,neutral,188.4303,-2.091,-6.3005
AVGO,AVGO-106,2025-04-01T12:00:00-04:00,2025-04-02T19:00:00-04:00,23,167.03,161.25,9.0434,166.9588,166.9359,1.123,0.414,3.637,neutral,188.4303,-2.091,-6.3005
AVGO,AVGO-107,2025-04-07T08:00:00-04:00,2025-04-07T17:00:00-04:00,9,145.0,158.24,9.7914,142.9955,145.9005,-25.105,18.817,35.53,neutral_down,179.1565,-3.2906,-7.4583
AVGO,AVGO-108,2025-04-08T15:00:00-04:00,2025-04-09T13:00:00-04:00,14,156.29,178.46,10.687,160.3826,158.4286,-1.239,-13.442,-36.087,neutral,176.8877,-2.2688,-8.3971
AVGO,AVGO-109,2025-04-11T06:00:00-04:00,2025-04-11T16:00:00-04:00,10,173.8,181.5701,12.9662,172.7687,172.6602,3.778,5.094,14.067,neutral,175.566,-0.3496,-1.3217
AVGO,AVGO-110,2025-04-14T13:00:00-04:00,2025-04-14T14:00:00-04:00,1,178.51,179.31,12.7965,179.9779,179.6814,-15.837,3.876,-31.536,neutral,176.1455,0.5795,1.1303
AVGO,AVGO-111,2025-04-14T15:00:00-04:00,2025-04-14T16:00:00-04:00,1,178.2,177.78,12.7965,179.5155,179.5161,-12.031,-2.315,7.682,neutral,176.1455,0.5795,1.1303
AVGO,AVGO-112,2025-04-15T12:00:00-04:00,2025-04-15T19:00:00-04:00,7,179.115,172.9,12.6096,179.2427,179.0498,9.447,-8.503,1.277,neutral,176.3322,0.1868,0.4166
AVGO,AVGO-113,2025-04-16T04:00:00-04:00,2025-04-16T05:00:00-04:00,1,173.4,172.5,12.0078,175.5278,177.1456,-55.824,7.301,-18.801,neutral_down,176.5648,0.2325,0.9988
AVGO,AVGO-114,2025-04-16T18:00:00-04:00,2025-04-17T07:00:00-04:00,5,174.37,176.51,12.0078,173.3233,174.0425,0.142,3.922,24.113,neutral,176.5648,0.2325,0.9988
AVGO,AVGO-115,2025-04-17T09:00:00-04:00,2025-04-17T11:00:00-04:00,2,174.125,170.54,12.0051,175.3977,175.0242,4.963,-16.648,-23.456,neutral,176.3898,-0.175,0.2443
AVGO,AVGO-116,2025-04-17T12:00:00-04:00,2025-04-17T13:00:00-04:00,1,172.55,171.83,12.0051,173.4841,174.124,-27.283,7.235,-32.246,neutral_down,176.3898,-0.175,0.2443
AVGO,AVGO-117,2025-04-24T05:00:00-04:00,2025-04-24T10:00:00-04:00,5,174.5,184.54,10.9942,176.0359,175.4457,-8.748,-4.853,-24.146,neutral,174.7089,0.2001,-1.18
AVGO,AVGO-118,2025-04-25T13:00:00-04:00,2025-04-25T17:00:00-04:00,4,191.34,191.8,11.056,189.0532,186.6944,56.755,1.532,19.454,neutral_up,175.9272,1.2183,0.9145
AVGO,AVGO-119,2025-04-28T11:00:00-04:00,2025-04-30T09:00:00-04:00,30,189.0496,184.66,10.7292,190.1467,189.5575,1.1,-9.227,-17.671,neutral,177.4047,1.4775,2.8959
AVGO,AVGO-120,2025-04-30T10:00:00-04:00,2025-04-30T16:00:00-04:00,6,188.58,196.75,9.8357,188.6121,189.6611,-44.058,25.415,-36.133,neutral_down,179.8915,1.1309,3.9643
AVGO,AVGO-121,2025-05-01T18:00:00-04:00,2025-05-02T10:00:00-04:00,8,197.07,203.82,9.7888,197.6774,196.6668,7.222,-1.342,-21.648,neutral,181.0259,1.1344,3.6212
AVGO,AVGO-122,2025-05-05T11:00:00-04:00,2025-05-05T12:00:00-04:00,1,201.4,201.98,9.6393,201.6847,201.5059,1.523,-3.7,14.497,neutral,184.405,1.9015,4.5136
AVGO,AVGO-123,2025-05-05T19:00:00-04:00,2025-05-06T04:00:00-04:00,1,200.15,198.4,9.6393,201.0346,201.2934,-23.546,-5.466,-19.127,neutral,184.405,1.9015,4.5136
AVGO,AVGO-124,2025-05-06T16:00:00-04:00,2025-05-07T05:00:00-04:00,5,199.0,201.83,9.1951,199.4264,199.6815,-3.394,-9.242,-0.878,neutral,185.9118,1.5068,4.886
AVGO,AVGO-125,2025-05-07T12:00:00-04:00,2025-05-08T04:00:00-04:00,8,203.13,209.38,8.9647,201.7843,201.1554,23.7,11.059,10.996,neutral_up,187.1944,1.2826,4.6909
AVGO,AVGO-126,2025-05-09T07:00:00-04:00,2025-05-12T04:00:00-04:00,13,209.4,221.0,8.7809,208.6792,207.6531,32.842,1.061,12.072,neutral_up,190.5207,1.7249,4.6089
AVGO,AVGO-127,2025-05-13T08:00:00-04:00,2025-05-13T09:00:00-04:00,1,222.94,227.2,8.7773,221.1331,219.0729,55.388,6.107,22.666,neutral_up,194.7979,2.6781,6.0021
AVGO,AVGO-128,2025-05-14T13:00:00-04:00,2025-05-15T07:00:00-04:00,10,231.24,228.3,9.129,231.9597,230.3207,24.707,-10.961,-12.369,neutral_up,198.2081,3.4102,7.6873
AVGO,AVGO-129,2025-05-15T08:00:00-04:00,2025-05-15T13:00:00-04:00,5,228.4,233.985,8.8448,229.3246,229.8241,-28.922,3.383,-2.825,neutral_down,201.2901,3.082,9.1703
AVGO,AVGO-130,2025-05-15T16:00:00-04:00,2025-05-15T18:00:00-04:00,2,231.26,231.0,8.8448,231.7229,231.0722,17.067,-13.822,-30.656,neutral,201.2901,3.082,9.1703
AVGO,AVGO-131,2025-05-16T11:00:00-04:00,2025-05-16T13:00:00-04:00,2,229.559,228.2785,8.6691,230.4782,230.9054,-29.982,6.874,-45.098,neutral_down,204.1264,2.8364,9.3285
AVGO,AVGO-132,2025-05-20T13:00:00-04:00,2025-05-21T12:00:00-04:00,15,230.33,235.665,8.5787,229.6715,229.1314,20.452,1.115,10.559,neutral,208.55,2.206,7.26
AVGO,AVGO-133,2025-05-21T13:00:00-04:00,2025-05-21T18:00:00-04:00,5,230.6989,229.1255,8.3538,232.0352,231.0106,31.918,-36.668,-2.644,neutral_up,210.6537,2.1036,6.5272
AVGO,AVGO-134,2025-05-22T16:00:00-04:00,2025-05-23T07:00:00-04:00,7,231.0,225.23,8.3763,230.9561,230.6034,9.282,-2.355,-12.604,neutral,212.3915,1.7378,6.0475
AVGO,AVGO-135,2025-05-23T08:00:00-04:00,2025-05-23T17:00:00-04:00,9,224.3,227.5,8.2252,228.1145,229.2947,-63.983,-11.271,-51.948,accumulation,214.0405,1.649,5.4904
AVGO,AVGO-136,2025-05-23T19:00:00-04:00,2025-05-27T05:00:00-04:00,2,227.9658,234.0,8.2252,228.3061,228.807,-17.632,1.653,-7.576,neutral,214.0405,1.649,5.4904
AVGO,AVGO-137,2025-05-28T08:00:00-04:00,2025-05-28T14:00:00-04:00,6,238.0,240.115,7.9493,236.6827,235.0596,63.138,-1.654,28.481,distribution,217.2125,1.8457,4.821
AVGO,AVGO-138,2025-05-28T15:00:00-04:00,2025-05-28T16:00:00-04:00,1,239.39,245.25,7.9493,237.8934,236.3889,57.102,-3.478,32.858,neutral_up,217.2125,1.8457,4.821
AVGO,AVGO-139,2025-05-30T10:00:00-04:00,2025-06-02T09:00:00-04:00,15,241.495,246.53,7.909,240.6159,240.9441,-8.885,16.919,-5.847,neutral,221.2951,2.0665,5.9284
AVGO,AVGO-140,2025-06-05T08:00:00-04:00,2025-06-05T16:00:00-04:00,8,262.09,249.5,8.0734,262.3653,260.5068,46.126,-17.976,-27.316,neutral_up,231.3206,2.9799,8.1496
AVGO,AVGO-141,2025-06-09T04:00:00-04:00,2025-06-09T07:00:00-04:00,3,247.66,247.4,8.3347,248.2005,250.5924,-41.292,4.279,6.65,neutral_down,235.1051,1.1818,6.7644
AVGO,AVGO-142,2025-06-09T14:00:00-04:00,2025-06-10T07:00:00-04:00,9,244.88,244.08,8.3347,245.3862,247.4182,-42.903,6.734,10.324,neutral_down,235.1051,1.1818,6.7644
AVGO,AVGO-143,2025-06-10T08:00:00-04:00,2025-06-11T10:00:00-04:00,18,244.77,251.9905,8.2437,244.2947,245.3872,-20.779,9.207,15.915,neutral,235.9301,0.825,4.6095
AVGO,AVGO-144,2025-06-12T13:00:00-04:00,2025-06-12T15:00:00-04:00,2,255.17,256.13,8.2153,253.8298,251.9053,54.585,-2.238,-12.418,neutral_up,238.1975,1.4792,3.0924
AVGO,AVGO-145,2025-06-16T08:00:00-04:00,2025-06-20T19:00:00-04:00,59,251.69,249.62,8.1958,250.8591,251.0194,10.996,1.641,20.887,neutral,240.6343,0.8066,3.916
AVGO,AVGO-146,2025-06-23T04:00:00-04:00,2025-06-23T05:00:00-04:00,1,249.33,249.25,7.9255,249.3491,249.5232,-1.684,-2.06,-4.506,neutral,243.8015,0.6198,2.1249
AVGO,AVGO-147,2025-06-23T06:00:00-04:00,2025-06-23T17:00:00-04:00,11,248.55,253.3,7.9255,249.1734,249.4121,-10.472,-7.12,-10.848,neutral,243.8015,0.6198,2.1249
AVGO,AVGO-148,2025-06-25T11:00:00-04:00,2025-06-26T14:00:00-04:00,19,264.27,270.86,8.2084,265.4474,263.1941,43.929,-27.0,-41.915,neutral_up,246.4339,1.7216,3.2522
AVGO,AVGO-149,2025-06-27T13:00:00-04:00,2025-06-30T07:00:00-04:00,10,269.975,274.5,8.0438,270.3898,269.6732,9.818,-3.508,-14.47,neutral,250.1008,2.0099,5.3884
AVGO,AVGO-150,2025-06-30T09:00:00-04:00,2025-06-30T10:00:00-04:00,1,274.3,274.37,7.8242,273.1874,271.7645,47.034,-4.785,-8.488,neutral_up,251.8507,1.7499,5.4168
AVGO,AVGO-151,2025-07-01T05:00:00-04:00,2025-07-01T10:00:00-04:00,5,273.3,265.935,7.8621,274.7051,273.9299,6.912,-19.011,-24.176,neutral,254.0252,2.1745,5.9343
AVGO,AVGO-152,2025-07-07T16:00:00-04:00,2025-07-08T08:00:00-04:00,8,273.27,276.6,8.1388,274.443,273.7085,3.817,-12.261,-35.756,neutral,258.068,1.7112,4.0428
AVGO,AVGO-153,2025-07-08T09:00:00-04:00,2025-07-08T17:00:00-04:00,8,274.9,271.71,7.9075,275.5526,274.7987,22.639,-20.372,-20.844,neutral,259.5327,1.4647,4.5303
AVGO,AVGO-154,2025-07-10T13:00:00-04:00,2025-07-10T14:00:00-04:00,1,274.895,275.49,7.7089,275.8418,276.1004,-23.896,4.079,-5.054,neutral_down,262.2181,1.5702,4.1501
AVGO,AVGO-155,2025-07-11T12:00:00-04:00,2025-07-15T04:00:00-04:00,24,275.5,279.61,7.764,274.4526,274.8264,1.071,12.428,31.19,neutral,263.4137,1.1956,3.881
AVGO,AVGO-156,2025-07-16T06:00:00-04:00,2025-07-17T06:00:00-04:00,16,279.36,282.63,7.6361,279.6898,279.1451,4.963,-0.208,-15.128,neutral,266.7865,1.3704,3.3728
AVGO,AVGO-157,2025-07-18T11:00:00-04:00,2025-07-18T13:00:00-04:00,2,283.395,283.6,7.5694,285.1574,284.987,-25.206,-7.085,-65.206,neutral_down,269.7397,1.681,4.3235
AVGO,AVGO-158,2025-07-23T12:00:00-04:00,2025-07-23T16:00:00-04:00,4,280.32,293.47,7.7816,278.9324,280.004,-5.578,9.343,45.56,neutral,273.0919,0.5508,3.3522
AVGO,AVGO-159,2025-07-25T04:00:00-04:00,2025-07-28T18:00:00-04:00,30,288.4,295.25,7.9892,288.7707,287.9187,13.088,-5.364,-7.103,neutral,275.3956,1.3284,2.8545
AVGO,AVGO-160,2025-07-29T17:00:00-04:00,2025-07-30T19:00:00-04:00,18,296.73,302.31,7.6104,297.1027,296.1772,11.946,-2.486,-14.684,neutral,278.331,1.5814,4.2639
AVGO,AVGO-161,2025-07-31T10:00:00-04:00,2025-07-31T12:00:00-04:00,2,299.5,296.89,7.6281,303.0132,301.7985,2.938,-29.704,-52.392,neutral,282.1257,2.0584,5.3761
AVGO,AVGO-162,2025-08-01T16:00:00-04:00,2025-08-04T06:00:00-04:00,6,288.0,292.5,8.2778,288.4967,290.5362,-21.491,-0.766,0.951,neutral,283.1697,1.044,4.8387
AVGO,AVGO-163,2025-08-04T08:00:00-04:00,2025-08-04T09:00:00-04:00,1,292.48,296.14,8.5437,290.8804,290.7294,18.678,2.171,8.8,neutral,283.6543,0.4846,3.587
AVGO,AVGO-164,2025-08-05T10:00:00-04:00,2025-08-05T18:00:00-04:00,8,294.045,293.4108,8.6463,297.6929,296.6164,6.926,-42.896,-48.283,neutral,284.9348,1.2805,2.8091
AVGO,AVGO-165,2025-08-06T04:00:00-04:00,2025-08-06T05:00:00-04:00,1,294.4,294.21,8.7251,293.8619,294.7068,-18.72,14.972,3.958,neutral,285.6544,0.7196,2.4846
AVGO,AVGO-166,2025-08-06T09:00:00-04:00,2025-08-06T13:00:00-04:00,4,294.36,299.6,8.7251,294.0002,294.4581,-5.135,3.835,8.02,neutral,285.6544,0.7196,2.4846
AVGO,AVGO-167,2025-08-07T14:00:00-04:00,2025-08-08T04:00:00-04:00,6,301.92,306.09,8.8809,303.5025,302.0801,6.838,-8.627,-40.724,neutral,287.1103,1.4559,3.456
AVGO,AVGO-168,2025-08-08T06:00:00-04:00,2025-08-12T13:00:00-04:00,39,306.23,310.78,8.9936,305.207,303.7948,37.62,-0.069,13.486,neutral_up,288.633,1.5227,3.6981
AVGO,AVGO-169,2025-08-14T12:00:00-04:00,2025-08-15T07:00:00-04:00,11,310.455,311.23,8.9537,309.8752,309.6814,13.427,-2.788,13.241,neutral,294.7627,1.4327,4.6509
AVGO,AVGO-170,2025-08-15T08:00:00-04:00,2025-08-15T11:00:00-04:00,3,310.8,304.745,8.8259,311.1515,310.756,6.688,-5.819,-9.08,neutral,296.2534,1.4907,4.8854
AVGO,AVGO-171,2025-08-18T11:00:00-04:00,2025-08-19T11:00:00-04:00,15,301.835,298.085,9.0341,303.7244,305.2959,-43.29,-2.621,-18.743,neutral_down,297.1576,0.9042,3.8276
AVGO,AVGO-172,2025-08-21T12:00:00-04:00,2025-08-22T11:00:00-04:00,15,287.01,297.044,9.5416,289.2311,290.4942,-35.323,-10.082,-7.145,neutral_down,297.0661,-0.6056,-0.0915
AVGO,AVGO-173,2025-08-25T14:00:00-04:00,2025-08-26T04:00:00-04:00,6,296.815,293.77,9.4308,295.7292,294.6678,37.944,-1.005,1.912,neutral_up,296.1679,-0.2168,-1.5039
AVGO,AVGO-174,2025-08-26T11:00:00-04:00,2025-08-26T12:00:00-04:00,1,297.32,297.87,9.2352,295.7997,295.0817,41.986,2.357,53.105,neutral_up,295.9808,-0.1871,-1.0853
AVGO,AVGO-175,2025-08-26T13:00:00-04:00,2025-08-26T14:00:00-04:00,1,296.91,297.68,9.2352,296.353,295.4783,37.124,-9.504,-2.505,neutral_up,295.9808,-0.1871,-1.0853
AVGO,AVGO-176,2025-08-26T15:00:00-04:00,2025-08-26T16:00:00-04:00,1,298.0,298.1,9.2352,296.8947,295.8895,38.32,0.336,-8.308,neutral_up,295.9808,-0.1871,-1.0853
AVGO,AVGO-177,2025-08-27T10:00:00-04:00,2025-08-28T09:00:00-04:00,15,297.685,305.3,9.0226,297.7554,297.2951,1.88,5.841,-32.916,neutral,296.1644,0.1836,-0.2203
AVGO,AVGO-178,2025-09-02T13:00:00-04:00,2025-09-03T05:00:00-04:00,8,296.465,298.23,9.462,294.9598,296.2828,-5.775,7.948,32.649,neutral,297.6187,-0.0149,1.4543
AVGO,AVGO-179,2025-09-03T09:00:00-04:00,2025-09-03T10:00:00-04:00,1,297.655,303.65,9.6105,298.0065,297.3287,20.03,-16.342,-0.227,neutral,297.6779,0.0592,1.143
AVGO,AVGO-180,2025-09-03T13:00:00-04:00,2025-09-03T16:00:00-04:00,3,301.43,303.26,9.6105,300.478,298.9056,32.44,-5.521,-7.275,neutral_up,297.6779,0.0592,1.143
AVGO,AVGO-181,2025-09-04T09:00:00-04:00,2025-09-04T18:00:00-04:00,9,303.54,318.33,9.499,303.5403,302.0675,26.685,-7.34,-22.538,neutral_up,298.1062,0.4284,0.4727
AVGO,AVGO-182,2025-09-08T08:00:00-04:00,2025-09-08T09:00:00-04:00,1,340.6,349.325,12.225,337.2359,332.9547,51.138,2.674,13.813,neutral_up,302.0978,3.2812,4.4199
AVGO,AVGO-183,2025-09-09T10:00:00-04:00,2025-09-09T13:00:00-04:00,3,341.0,338.13,12.7272,345.9533,344.2041,-4.381,-23.464,-61.712,neutral,306.0716,3.9738,7.9654
AVGO,AVGO-184,2025-09-11T13:00:00-04:00,2025-09-11T15:00:00-04:00,2,360.485,359.62,14.5724,364.4374,362.9942,-8.079,-11.209,-29.547,neutral,314.3722,5.5198,12.2744
AVGO,AVGO-185,2025-09-12T11:00:00-04:00,2025-09-15T17:00:00-04:00,22,359.19,364.6481,14.6365,360.1101,360.7171,-12.811,-2.948,-12.27,neutral,318.4856,4.1134,12.414
AVGO,AVGO-186,2025-09-18T13:00:00-04:00,2025-09-18T15:00:00-04:00,2,346.0801,345.16,13.7525,347.7667,349.9047,-40.25,0.239,11.38,neutral_down,330.6678,1.5222,8.4227
AVGO,AVGO-187,2025-09-19T09:00:00-04:00,2025-09-22T19:00:00-04:00,26,342.615,339.3601,13.2638,345.4822,346.938,-38.461,-14.297,-20.445,neutral_down,331.9853,1.3175,5.9161
AVGO,AVGO-188,2025-09-23T04:00:00-04:00,2025-09-25T09:00:00-04:00,37,341.14,329.295,12.7129,340.5064,341.8105,-20.551,11.562,13.224,neutral,333.6593,0.5081,2.9914
AVGO,AVGO-189,2025-09-25T10:00:00-04:00,2025-09-25T17:00:00-04:00,7,332.57,335.69,11.9529,335.0035,336.9428,-63.879,12.092,-30.025,accumulation,334.6092,0.4681,1.458
AVGO,AVGO-190,2025-09-26T04:00:00-04:00,2025-09-26T05:00:00-04:00,1,334.0,334.46,11.9555,335.1025,335.9387,-20.27,-5.273,-11.909,neutral,334.7457,0.1364,1.0864
AVGO,AVGO-191,2025-09-26T07:00:00-04:00,2025-09-29T14:00:00-04:00,23,334.75,328.9,11.9555,334.6453,335.4932,-18.523,7.909,1.747,neutral,334.7457,0.1364,1.0864
AVGO,AVGO-192,2025-09-30T15:00:00-04:00,2025-10-01T12:00:00-04:00,13,329.74,337.6,11.8367,327.9996,329.2883,-14.739,21.37,34.407,neutral,334.0801,-0.625,-0.5291
AVGO,AVGO-193,2025-10-02T15:00:00-04:00,2025-10-02T16:00:00-04:00,1,338.2,338.8,11.5939,339.4006,337.4971,18.213,-11.091,-22.771,neutral,333.6505,-0.0351,-1.0546
AVGO,AVGO-194,2025-10-03T07:00:00-04:00,2025-10-03T19:00:00-04:00,12,341.68,337.75,11.788,341.2598,339.5109,35.989,-7.559,-7.295,neutral_up,334.0641,0.4136,-0.016
AVGO,AVGO-195,2025-10-06T04:00:00-04:00,2025-10-06T05:00:00-04:00,1,339.8,340.69,11.5645,338.5893,338.8792,-1.751,15.342,16.891,neutral,334.4556,0.3914,0.77
AVGO,AVGO-196,2025-10-06T06:00:00-04:00,2025-10-08T05:00:00-04:00,31,333.0,335.83,11.5645,337.8076,338.4944,-28.692,-40.49,-11.598,neutral_down,334.4556,0.3914,0.77
AVGO,AVGO-197,2025-10-08T10:00:00-04:00,2025-10-08T11:00:00-04:00,1,339.59,342.1,11.4298,337.8766,336.7599,34.372,-5.168,30.061,neutral_up,334.7179,0.1692,0.6538
AVGO,AVGO-198,2025-10-09T11:00:00-04:00,2025-10-10T13:00:00-04:00,18,345.6291,330.21,11.6076,344.5207,342.7545,34.526,-2.066,4.557,neutral_up,335.6972,0.9793,1.2416
AVGO,AVGO-199,2025-10-14T13:00:00-04:00,2025-10-14T14:00:00-04:00,1,346.407,347.305,13.9739,347.2766,347.4571,-5.665,-0.54,15.201,neutral,337.3773,1.9303,1.6801
AVGO,AVGO-200,2025-10-15T04:00:00-04:00,2025-10-15T19:00:00-04:00,15,351.37,352.8,14.1919,347.221,347.1397,12.352,17.85,22.292,neutral,337.9912,0.6139,1.4465
AVGO,AVGO-201,2025-10-16T04:00:00-04:00,2025-10-17T06:00:00-04:00,18,356.79,345.75,14.2689,353.6916,352.2665,24.032,13.827,14.596,neutral_up,339.2092,1.2181,3.7622
AVGO,AVGO-202,2025-10-17T08:00:00-04:00,2025-10-21T11:00:00-04:00,35,350.451,344.26,14.2322,349.6859,351.3858,-19.402,12.731,26.747,neutral,340.5665,1.3573,3.1892
AVGO,AVGO-203,2025-10-22T10:00:00-04:00,2025-10-22T14:00:00-04:00,4,340.8767,338.36,13.4975,344.8922,345.7239,-27.54,-24.654,-28.02,neutral_down,342.1386,0.0591,1.5721
AVGO,AVGO-204,2025-10-23T13:00:00-04:00,2025-10-23T14:00:00-04:00,1,344.75,345.47,13.4263,343.501,342.8487,25.09,-2.076,-3.082,neutral_up,341.9923,-0.1462,0.621
AVGO,AVGO-205,2025-10-28T08:00:00-04:00,2025-10-28T12:00:00-04:00,4,363.09,368.04,12.6722,362.9268,361.1185,33.149,-3.08,-24.572,neutral_up,344.9862,1.6974,2.9938
AVGO,AVGO-206,2025-10-31T11:00:00-04:00,2025-10-31T16:00:00-04:00,5,371.57,369.98,12.9525,375.231,376.7318,-31.259,-10.684,-27.63,neutral_down,353.3499,2.31,8.3637
AVGO,AVGO-207,2025-11-03T10:00:00-05:00,2025-11-03T11:00:00-05:00,1,367.07,366.769,13.0074,370.0149,371.6302,-36.666,-7.432,-36.98,neutral_down,354.8199,1.47,7.287
AVGO,AVGO-208,2025-11-03T12:00:00-05:00,2025-11-03T14:00:00-05:00,2,365.275,363.275,13.0074,368.5475,370.6507,-46.953,-6.848,-17.719,neutral_down,354.8199,1.47,7.287
AVGO,AVGO-209,2025-11-06T10:00:00-05:00,2025-11-07T10:00:00-05:00,16,353.0,342.07,13.4532,358.4613,358.7559,-23.987,-25.228,-36.909,neutral_down,355.5611,0.3269,0.7412
AVGO,AVGO-210,2025-11-11T06:00:00-05:00,2025-11-13T11:00:00-05:00,37,356.66,335.52,13.4159,357.5022,356.6088,3.385,-2.692,-35.075,neutral,355.3164,0.2944,-0.2448
AVGO,AVGO-211,2025-11-14T12:00:00-05:00,2025-11-14T19:00:00-05:00,7,342.68,343.42,13.4857,339.4346,340.8894,5.269,6.799,46.626,neutral,353.6892,-1.3629,-1.6272
AVGO,AVGO-212,2025-11-17T09:00:00-05:00,2025-11-19T10:00:00-05:00,33,350.39,352.805,13.6425,344.2515,343.1082,26.711,27.519,9.688,neutral_up,352.6856,-1.0036,-2.3347
AVGO,AVGO-213,2025-11-21T15:00:00-05:00,2025-11-24T10:00:00-05:00,11,340.045,371.8,15.4087,343.3324,346.6917,-27.214,-5.426,3.439,neutral_down,350.721,-0.3651,-1.0559
AVGO,AVGO-214,2025-11-25T14:00:00-05:00,2025-11-26T07:00:00-05:00,9,386.05,387.57,17.3971,382.6841,377.5942,35.632,6.957,18.357,neutral_up,352.2914,2.5409,1.2052
AVGO,AVGO-215,2025-11-26T08:00:00-05:00,2025-11-26T12:00:00-05:00,4,380.78,395.605,17.3245,385.5599,382.9203,10.42,-24.7,-32.567,neutral,355.274,2.9826,4.5529
AVGO,AVGO-216,2025-11-28T13:00:00-05:00,2025-12-01T12:00:00-05:00,10,402.96,390.775,17.2734,400.3047,396.9617,57.047,3.967,11.676,neutral_up,359.09,3.816,9.3395
AVGO,AVGO-217,2025-12-02T11:00:00-05:00,2025-12-02T15:00:00-05:00,4,384.295,381.47,16.557,387.9292,389.9034,-38.929,-11.041,-15.34,neutral_down,365.1683,2.0902,9.8944
AVGO,AVGO-218,2025-12-03T14:00:00-05:00,2025-12-03T17:00:00-05:00,3,379.61,379.34,16.3536,378.7823,381.2686,-33.148,15.604,39.387,neutral_down,366.6503,1.482,7.5603
AVGO,AVGO-219,2025-12-04T09:00:00-05:00,2025-12-05T09:00:00-05:00,16,380.25,391.77,16.0177,380.1735,380.6046,-5.721,1.369,-8.505,neutral,367.9203,1.27,4.8421
AVGO,AVGO-220,2025-12-05T10:00:00-05:00,2025-12-05T11:00:00-05:00,1,386.415,388.55,15.3993,385.4344,383.5496,50.376,-18.949,5.938,neutral_up,369.1275,1.2072,3.9592
AVGO,AVGO-221,2025-12-09T07:00:00-05:00,2025-12-09T18:00:00-05:00,11,400.46,405.72,15.319,400.7861,398.6871,27.045,-5.234,-11.859,neutral_up,373.7796,2.74,5.8593
AVGO,AVGO-222,2025-12-10T11:00:00-05:00,2025-12-10T16:00:00-05:00,5,402.425,411.59,15.0405,403.7782,403.421,-13.773,1.174,-44.111,neutral,376.7387,2.9591,7.6112
AVGO,AVGO-223,2025-12-11T17:00:00-05:00,2025-12-11T18:00:00-05:00,1,388.08,385.75,15.0411,403.644,404.5845,-12.791,-59.586,-16.851,neutral,380.0197,3.281,8.9802
AVGO,AVGO-224,2025-12-16T13:00:00-05:00,2025-12-17T10:00:00-05:00,13,340.22,322.93,18.3778,340.0976,343.7491,-29.815,4.14,6.601,neutral_down,376.7307,-3.6881,-3.289
AVGO,AVGO-225,2025-12-18T13:00:00-05:00,2025-12-19T16:00:00-05:00,19,329.7699,340.43,18.4705,329.2368,330.5493,-10.493,4.198,11.56,neutral,369.181,-4.3051,-11.2378
AVGO,AVGO-226,2025-12-22T15:00:00-05:00,2025-12-23T13:00:00-05:00,14,341.38,349.0199,17.7304,341.8197,340.3636,17.42,-6.669,3.412,neutral,363.3112,-2.2806,-10.1749
AVGO,AVGO-227,2025-12-24T16:00:00-05:00,2025-12-29T07:00:00-05:00,20,350.4,348.55,16.7126,350.2716,348.7998,29.088,-0.882,-13.248,neutral_up,360.2204,-1.097,-5.3714
AVGO,AVGO-228,2025-12-29T08:00:00-05:00,2025-12-31T13:00:00-05:00,37,348.31,348.61,15.1826,349.4957,350.0563,-35.088,2.206,-4.976,neutral_down,358.663,-0.6483,-2.6545
AVGO,AVGO-229,2025-12-31T14:00:00-05:00,2025-12-31T16:00:00-05:00,2,347.965,345.52,13.8319,348.1208,348.6057,-12.358,-0.692,17.121,neutral,357.0915,-0.7171,-2.2198
AVGO,AVGO-230,2026-01-02T04:00:00-05:00,2026-01-02T05:00:00-05:00,1,351.8,351.5,13.1653,347.5725,347.9081,15.074,59.097,60.967,neutral,356.0913,-1.0001,-2.5716
AVGO,AVGO-231,2026-01-05T09:00:00-05:00,2026-01-05T11:00:00-05:00,2,341.63,340.2071,13.3035,349.0757,349.1492,-12.675,-57.901,-49.784,neutral,355.3185,-0.7728,-2.4901
AVGO,AVGO-232,2026-01-06T12:00:00-05:00,2026-01-08T04:00:00-05:00,24,347.1,340.71,13.6768,344.8521,344.785,18.877,7.568,25.472,neutral,354.2314,-1.0871,-2.8601
AVGO,AVGO-233,2026-01-13T13:00:00-05:00,2026-01-13T14:00:00-05:00,1,355.95,356.84,13.5501,354.8129,351.9317,59.504,-10.809,-15.716,neutral_up,350.2532,0.1977,-2.1273
AVGO,AVGO-234,2026-01-13T15:00:00-05:00,2026-01-13T16:00:00-05:00,1,354.545,354.21,13.5501,355.0836,352.5749,40.983,-16.615,-29.33,neutral_up,350.2532,0.1977,-2.1273
AVGO,AVGO-235,2026-01-16T08:00:00-05:00,2026-01-16T17:00:00-05:00,9,345.98,352.41,13.4115,345.7886,345.3491,13.809,-6.019,-3.295,neutral,349.0652,-0.6005,-1.1879
AVGO,AVGO-236,2026-01-20T04:00:00-05:00,2026-01-20T06:00:00-05:00,2,340.4,343.4,13.2714,348.2953,347.6297,-12.253,-55.917,-56.369,neutral,349.3075,0.2423,-1.3359
AVGO,AVGO-237,2026-01-20T08:00:00-05:00,2026-01-20T10:00:00-05:00,2,342.68,340.99,13.2714,345.2178,346.1823,-29.212,-0.072,0.431,neutral_down,349.3075,0.2423,-1.3359
AVGO,AVGO-238,2026-01-21T14:00:00-05:00,2026-01-21T18:00:00-05:00,4,332.2145,330.31,13.747,330.6372,333.8243,-41.569,27.231,26.552,neutral_down,347.7886,-1.5189,-1.8771
AVGO,AVGO-239,2026-01-22T04:00:00-05:00,2026-01-22T05:00:00-05:00,1,334.59,335.14,13.5936,331.1504,332.5713,-0.001,19.986,32.142,neutral,346.0615,-1.7271,-3.0038
AVGO,AVGO-240,2026-01-22T09:00:00-05:00,2026-01-22T12:00:00-05:00,3,331.29,329.23,13.5936,332.8411,333.0566,-0.374,-16.584,-11.471,neutral,346.0615,-1.7271,-3.0038
AVGO,AVGO-241,2026-01-26T07:00:00-05:00,2026-01-26T12:00:00-05:00,5,318.14,327.1,13.3365,318.3681,320.3406,-35.547,6.721,4.077,neutral_down,341.9958,-2.1956,-5.7929
AVGO,AVGO-242,2026-01-27T13:00:00-05:00,2026-01-27T14:00:00-05:00,1,333.4213,332.0435,13.1753,330.7625,328.1875,63.354,2.704,8.764,distribution,340.438,-1.5578,-5.6235
AVGO,AVGO-243,2026-01-29T12:00:00-05:00,2026-01-29T19:00:00-05:00,7,327.97,329.28,12.9662,328.3869,330.1033,-34.914,15.638,-27.449,neutral_down,339.1534,-0.5902,-2.8424
AVGO,AVGO-244,2026-01-30T05:00:00-05:00,2026-02-03T06:00:00-05:00,33,329.0,333.0,13.1594,328.2634,329.2236,-16.781,14.766,-9.28,neutral,338.3894,-0.7639,-2.0485
AVGO,AVGO-245,2026-02-03T09:00:00-05:00,2026-02-03T11:00:00-05:00,2,323.4,315.6402,12.7373,331.1768,331.3295,-24.214,-44.949,-37.731,neutral_down,337.1517,-0.6042,-2.0017
AVGO,AVGO-246,2026-02-06T08:00:00-05:00,2026-02-06T10:00:00-05:00,2,322.09,326.01,15.1398,317.6088,316.4685,26.926,2.125,15.372,neutral_up,331.0374,-2.0627,-6.1143
AVGO,AVGO-247,2026-02-09T09:00:00-05:00,2026-02-09T10:00:00-05:00,1,336.8,342.29,15.8148,331.3349,328.4564,36.499,19.652,18.652,neutral_up,331.2086,0.1711,-4.4166
AVGO,AVGO-248,2026-02-10T13:00:00-05:00,2026-02-11T05:00:00-05:00,8,342.95,339.55,16.2345,344.1017,342.4356,6.594,-2.042,-17.171,neutral,332.3523,1.1438,-0.7478
AVGO,AVGO-249,2026-02-11T08:00:00-05:00,2026-02-12T12:00:00-05:00,20,345.43,334.03,15.6585,341.8208,341.6643,17.257,24.16,36.434,neutral,333.0848,0.7325,2.0474
AVGO,AVGO-250,2026-02-13T13:00:00-05:00,2026-02-17T04:00:00-05:00,7,327.74,321.66,15.589,329.2111,331.7536,-36.763,-2.138,7.662,neutral_down,333.6846,-0.2635,1.3323
AVGO,AVGO-251,2026-02-17T10:00:00-05:00,2026-02-17T11:00:00-05:00,1,327.15,331.9294,15.1634,322.3338,325.0878,-28.078,44.49,47.228,neutral_down,332.9051,-0.7795,-0.1798
AVGO,AVGO-252,2026-02-18T14:00:00-05:00,2026-02-23T07:00:00-05:00,41,331.48,329.06,15.4689,333.222,331.5445,18.136,-18.73,-21.558,neutral,332.881,-0.0241,-1.0671
AVGO,AVGO-253,2026-02-23T08:00:00-05:00,2026-02-24T18:00:00-05:00,26,330.759,325.48,14.3743,330.8931,332.091,-28.457,11.918,0.96,neutral_down,332.9889,-0.0319,0.1079
AVGO,AVGO-254,2026-02-25T08:00:00-05:00,2026-02-25T09:00:00-05:00,1,329.1606,335.27,14.4012,327.2752,327.2033,19.569,4.45,26.365,neutral,332.0858,-0.6596,-0.935
AVGO,AVGO-255,2026-02-25T10:00:00-05:00,2026-02-25T11:00:00-05:00,1,331.29,331.07,14.4012,329.3573,328.2415,40.919,-9.216,25.8,neutral_up,332.0858,-0.6596,-0.935
AVGO,AVGO-256,2026-02-26T08:00:00-05:00,2026-02-26T09:00:00-05:00,1,327.85,316.4,14.1169,330.6204,330.439,-11.868,-17.931,-19.028,neutral,332.1057,0.0199,-0.8832
AVGO,AVGO-257,2026-02-27T12:00:00-05:00,2026-03-02T06:00:00-05:00,10,318.6,309.41,14.8496,317.3912,318.8493,-7.084,5.073,21.953,neutral,331.1597,-0.946,-1.5856
AVGO,AVGO-258,2026-03-02T08:00:00-05:00,2026-03-02T17:00:00-05:00,9,309.48,317.98,14.6246,312.2547,315.0517,-54.175,6.398,2.284,neutral_down,330.1107,-1.0491,-1.9751
AVGO,AVGO-259,2026-03-03T04:00:00-05:00,2026-03-03T05:00:00-05:00,1,309.23,308.9,14.4971,315.152,315.5111,-22.747,-34.06,-39.402,neutral,329.0688,-1.0419,-3.0369
AVGO,AVGO-260,2026-03-03T09:00:00-05:00,2026-03-03T17:00:00-05:00,8,312.6958,313.3,14.4971,312.1419,313.5997,-23.079,14.995,20.551,neutral,329.0688,-1.0419,-3.0369
AVGO,AVGO-261,2026-03-03T19:00:00-05:00,2026-03-04T14:00:00-05:00,11,314.5,320.235,14.4971,313.4198,313.4891,4.549,6.107,4.748,neutral,329.0688,-1.0419,-3.0369
AVGO,AVGO-262,2026-03-04T15:00:00-05:00,2026-03-04T18:00:00-05:00,3,317.44,332.11,14.2652,318.8277,317.2107,17.522,-15.397,-17.976,neutral,327.6753,-1.3935,-3.4845
AVGO,AVGO-263,2026-03-05T18:00:00-05:00,2026-03-09T06:00:00-04:00,20,332.08,325.13,14.0248,331.2823,329.5314,13.12,0.619,4.574,neutral,326.7448,-0.9305,-3.3659
AVGO,AVGO-264,2026-03-09T09:00:00-04:00,2026-03-09T11:00:00-04:00,2,331.77,342.94,14.4822,328.899,330.1393,-8.934,19.142,25.49,neutral,327.5649,0.2855,-0.1104
AVGO,AVGO-265,2026-03-10T13:00:00-04:00,2026-03-12T10:00:00-04:00,29,345.725,333.35,15.2249,346.7798,344.0028,22.769,-9.001,-25.591,neutral,329.2181,1.6532,2.4733
AVGO,AVGO-266,2026-03-12T11:00:00-04:00,2026-03-13T11:00:00-04:00,16,336.1,323.1748,14.4882,337.0124,339.048,-45.135,13.896,-20.475,neutral_down,331.4387,1.0041,3.8739
AVGO,AVGO-267,2026-03-16T14:00:00-04:00,2026-03-17T14:00:00-04:00,16,326.607,320.12,14.3143,326.3044,326.919,1.648,-5.271,7.58,neutral,330.9698,-0.88,0.5352
AVGO,AVGO-268,2026-03-17T18:00:00-04:00,2026-03-18T17:00:00-04:00,15,320.526,315.75,13.9448,321.3244,322.6472,-28.782,-2.353,2.884,neutral_down,330.4189,-0.5509,-1.0198
AVGO,AVGO-269,2026-03-19T14:00:00-04:00,2026-03-19T16:00:00-04:00,2,320.805,320.64,13.4061,317.4461,317.2656,32.063,11.505,33.581,neutral_up,328.3391,-1.2499,-2.6307
AVGO,AVGO-270,2026-03-20T12:00:00-04:00,2026-03-20T15:00:00-04:00,3,317.44,310.79,13.5028,317.5267,317.8218,-9.382,4.665,-0.972,neutral,327.5601,-0.779,-2.8588
AVGO,AVGO-271,2026-03-23T08:00:00-04:00,2026-03-23T09:00:00-04:00,1,318.36,324.135,13.3662,312.612,313.7874,2.064,32.004,78.456,neutral,326.0355,-1.5246,-3.5535
AVGO,AVGO-272,2026-03-24T11:00:00-04:00,2026-03-26T06:00:00-04:00,27,318.62,315.29,13.5322,319.5144,319.5066,-11.591,3.958,-13.841,neutral,325.7077,-0.3278,-2.6313
AVGO,AVGO-273,2026-03-26T11:00:00-04:00,2026-03-26T13:00:00-04:00,2,314.995,310.56,12.8436,315.2521,316.8909,-32.584,9.891,14.014,neutral_down,324.4669,-0.5677,-1.5686
AVGO,AVGO-274,2026-03-30T09:00:00-04:00,2026-03-30T12:00:00-04:00,3,294.55,293.84,12.466,300.2154,302.689,-51.477,-31.98,-14.421,neutral_down,321.0655,-2.0335,-3.9691
AVGO,AVGO-275,2026-04-01T16:00:00-04:00,2026-04-02T06:00:00-04:00,6,312.3,305.49,12.9403,312.7436,310.4627,27.791,-6.567,-18.747,neutral_up,317.7187,-0.8299,-5.3803
AVGO,AVGO-276,2026-04-06T13:00:00-04:00,2026-04-06T18:00:00-04:00,5,311.98,322.25,12.5046,313.573,313.2626,-10.219,-5.724,-11.212,neutral,317.0796,-0.252,-1.469
AVGO,AVGO-277,2026-04-09T06:00:00-04:00,2026-04-09T12:00:00-04:00,6,347.4,357.745,13.1553,348.1429,345.4005,28.405,-5.373,-13.281,neutral_up,321.307,2.9333,4.2274
AVGO,AVGO-278,2026-04-13T13:00:00-04:00,2026-04-13T14:00:00-04:00,1,376.21,378.39,13.4234,373.2043,369.7979,61.788,-3.026,10.564,neutral_up,328.6567,4.2948,10.2829
AVGO,AVGO-279,2026-04-14T12:00:00-04:00,2026-04-14T17:00:00-04:00,5,379.34,394.45,13.2774,378.6074,376.6003,27.081,-2.689,11.143,neutral_up,333.2933,4.6367,11.9863
AVGO,AVGO-280,2026-04-16T05:00:00-04:00,2026-04-17T04:00:00-04:00,15,394.2,399.17,13.0065,394.2102,391.6183,33.239,-5.642,-12.148,neutral_up,342.9756,5.3634,14.3189
AVGO,AVGO-281,2026-04-17T13:00:00-04:00,2026-04-17T14:00:00-04:00,1,403.3167,403.58,12.6011,401.8081,399.5252,51.32,-1.667,-7.827,neutral_up,348.0105,5.0349,14.7172
AVGO,AVGO-282,2026-04-20T09:00:00-04:00,2026-04-20T11:00:00-04:00,2,402.13,397.0799,12.2985,401.9461,401.623,-2.171,8.185,11.503,neutral,353.3232,5.3127,15.7111
AVGO,AVGO-283,2026-04-21T07:00:00-04:00,2026-04-22T04:00:00-04:00,13,399.8218,406.49,12.1736,399.4311,399.7814,-5.209,5.883,3.881,neutral,357.552,4.2288,14.5764
AVGO,AVGO-284,2026-04-23T15:00:00-04:00,2026-04-24T08:00:00-04:00,9,419.98,426.67,12.592,422.1336,419.6224,15.648,-12.292,-67.553,neutral,367.1595,5.544,13.8363
AVGO,AVGO-285,2026-04-24T09:00:00-04:00,2026-04-27T17:00:00-04:00,24,414.09,417.59,12.5147,421.5538,420.9212,-5.381,-47.144,-15.554,neutral,371.9614,4.8019,14.4094
AVGO,AVGO-286,2026-04-29T08:00:00-04:00,2026-04-29T19:00:00-04:00,11,401.87,414.5,13.2433,401.2027,403.1689,-14.15,1.188,14.718,neutral,382.142,1.7688,10.1806
AVGO,AVGO-287,2026-04-30T18:00:00-04:00,2026-05-01T13:00:00-04:00,11,414.0,421.9,12.9302,413.9705,411.6472,22.25,-3.543,-21.618,neutral,384.2736,2.1316,7.6951
AVGO,AVGO-288,2026-05-01T15:00:00-04:00,2026-05-01T16:00:00-04:00,1,421.23,419.81,13.0173,419.8572,416.9197,48.063,-6.588,-0.936,neutral_up,387.2924,3.0188,6.9192
AVGO,AVGO-289,2026-05-04T09:00:00-04:00,2026-05-04T13:00:00-04:00,4,420.86,412.47,12.794,419.885,418.7628,16.633,6.605,5.17,neutral,390.3776,3.0852,8.2356
AVGO,AVGO-290,2026-05-07T12:00:00-04:00,2026-05-07T16:00:00-04:00,4,417.8369,412.57,13.6679,421.3486,423.2728,-37.317,-7.393,3.468,neutral_down,398.5889,2.6801,8.2113
AVGO,AVGO-291,2026-05-11T10:00:00-04:00,2026-05-12T08:00:00-04:00,14,430.29,421.2352,14.7264,427.6179,425.8893,30.948,6.733,19.893,neutral_up,402.5908,2.7309,6.682
AVGO,AVGO-292,2026-05-12T09:00:00-04:00,2026-05-12T11:00:00-04:00,2,424.92,412.45,14.2885,424.7595,425.6964,-23.988,16.389,1.98,neutral_down,404.9444,2.3536,6.3555
AVGO,AVGO-293,2026-05-13T14:00:00-04:00,2026-05-13T15:00:00-04:00,1,416.04,416.7,14.7629,416.2594,417.8321,-16.348,1.848,15.977,neutral,406.2676,1.3232,6.4077
AVGO,AVGO-294,2026-05-13T17:00:00-04:00,2026-05-13T19:00:00-04:00,2,416.61,417.72,14.7629,416.5364,417.5837,-8.535,-0.282,7.812,neutral,406.2676,1.3232,6.4077
AVGO,AVGO-295,2026-05-14T09:00:00-04:00,2026-05-14T10:00:00-04:00,1,427.26,434.62,14.7584,418.508,417.9648,28.351,43.861,37.938,neutral_up,407.216,0.9484,4.6252
AVGO,AVGO-296,2026-05-18T07:00:00-04:00,2026-05-19T16:00:00-04:00,25,421.97,410.24,15.9216,424.1889,425.882,-27.214,-3.073,-12.434,neutral_down,411.5256,1.3574,5.258
AVGO,AVGO-297,2026-05-20T04:00:00-04:00,2026-05-20T13:00:00-04:00,9,415.61,418.06,15.4843,412.4953,414.2708,-7.981,19.699,27.343,neutral,412.2288,-0.1109,2.0606
AVGO,AVGO-298,2026-05-20T16:00:00-04:00,2026-05-20T17:00:00-04:00,1,417.5,416.62,15.4843,417.5803,416.7905,8.786,-2.228,-9.84,neutral,412.2288,-0.1109,2.0606
AVGO,AVGO-299,2026-05-20T18:00:00-04:00,2026-05-20T19:00:00-04:00,1,415.9189,416.5,15.4843,417.0944,416.6972,-1.889,-5.545,-12.903,neutral,412.2288,-0.1109,2.0606
AVGO,AVGO-300,2026-05-21T04:00:00-04:00,2026-05-26T09:00:00-04:00,37,419.0521,428.04,15.3104,417.3908,416.895,9.367,11.214,5.711,neutral,412.7107,0.4819,1.1851
AVGO,AVGO-301,2026-05-27T09:00:00-04:00,2026-05-28T07:00:00-04:00,14,428.06,415.81,15.1429,425.9845,423.256,48.094,-10.883,14.05,neutral_up,413.8029,0.8077,1.0921
AVGO,AVGO-302,2026-05-28T08:00:00-04:00,2026-05-28T17:00:00-04:00,9,418.5,430.3,15.2263,419.3574,420.5748,-25.465,8.351,-15.294,neutral_down,414.5426,0.7397,1.6619
AVGO,AVGO-303,2026-06-03T04:00:00-04:00,2026-06-03T06:00:00-04:00,2,496.25,493.76,17.2309,488.2314,480.9577,58.151,3.444,26.417,neutral_up,427.668,5.3872,12.0311
AVGO,AVGO-304,2026-06-03T07:00:00-04:00,2026-06-03T17:00:00-04:00,10,492.05,419.6,17.2309,490.3634,483.8545,41.708,-6.056,-16.443,neutral_up,427.668,5.3872,12.0311
AVGO,AVGO-305,2026-06-05T04:00:00-04:00,2026-06-05T13:00:00-04:00,9,410.7,394.565,21.781,415.2049,424.4265,-37.913,-4.137,-9.031,neutral_down,431.1399,-1.211,8.8591
AVGO,AVGO-306,2026-06-08T13:00:00-04:00,2026-06-08T18:00:00-04:00,5,394.63,396.35,22.6138,395.0403,397.3692,-11.422,-3.91,-1.342,neutral,427.0127,-4.1273,-0.6554
AVGO,AVGO-307,2026-06-09T04:00:00-04:00,2026-06-09T05:00:00-04:00,1,401.55,402.2901,22.2198,397.1283,397.3644,11.858,17.575,14.202,neutral,424.2552,-2.7575,-8.0958
AVGO,AVGO-308,2026-06-09T07:00:00-04:00,2026-06-09T12:00:00-04:00,5,401.06,374.675,22.2198,399.1916,398.3692,21.811,-0.388,9.954,neutral,424.2552,-2.7575,-8.0958
AVGO,AVGO-309,2026-06-11T09:00:00-04:00,2026-06-11T17:00:00-04:00,8,379.34,384.172,23.1899,375.5194,377.3137,-2.565,14.201,10.706,neutral,416.9092,-4.4809,-10.1035
AVGO,AVGO-310,2026-06-12T09:00:00-04:00,2026-06-15T05:00:00-04:00,12,379.97,395.33,22.887,383.9679,382.5342,0.652,-18.333,-33.584,neutral,414.0093,-2.8999,-10.2459
AVGO,AVGO-311,2026-06-16T08:00:00-04:00,2026-06-16T10:00:00-04:00,2,392.0,382.655,21.2776,393.5359,392.1308,11.393,-13.047,-17.27,neutral,409.5537,-1.5484,-7.3555
AVGO,AVGO-312,2026-06-22T08:00:00-04:00,2026-06-22T11:00:00-04:00,3,409.9194,396.74,21.1287,408.1181,405.9692,26.469,12.044,11.76,neutral_up,405.8155,0.4975,-3.7382
AVGO,AVGO-313,2026-06-24T08:00:00-04:00,2026-06-25T16:00:00-04:00,24,381.15,379.56,20.824,381.7742,383.6927,-21.394,-2.672,-1.028,neutral,402.3629,-2.2003,-2.9552
AVGO,AVGO-314,2026-06-29T06:00:00-04:00,2026-06-29T18:00:00-04:00,12,370.72,371.98,19.573,368.876,370.7195,-4.586,4.59,33.08,neutral,395.4443,-3.1504,-6.9186
AVGO,AVGO-315,2026-06-30T04:00:00-04:00,2026-07-01T13:00:00-04:00,25,373.0,369.3924,19.2999,372.4829,372.0395,8.947,0.428,3.093,neutral,393.353,-2.0913,-7.1687
AVGO,AVGO-316,2026-07-02T09:00:00-04:00,2026-07-02T13:00:00-04:00,4,371.17,358.64,17.8826,369.1909,370.2687,-3.917,13.502,43.237,neutral,389.8252,-2.0475,-5.6191
AVGO,AVGO-317,2026-07-07T19:00:00-04:00,,-1,367.8,,18.2145,368.9095,369.0752,-4.884,-6.518,-15.139,neutral,385.9407,-1.2041,-5.9321
NFLX,NFLX-001,2024-07-15T09:00:00-04:00,2024-07-15T10:00:00-04:00,1,66.034,66.177,1.4503,65.0085,65.1671,3.955,60.858,41.554,neutral,66.8286,-0.2067,-0.3287
NFLX,NFLX-002,2024-07-16T15:00:00-04:00,2024-07-17T07:00:00-04:00,8,65.616,65.221,1.4961,65.5693,65.5841,-3.907,6.737,10.108,neutral,66.7217,-0.1069,-0.4895
NFLX,NFLX-003,2024-07-18T09:00:00-04:00,2024-07-22T13:00:00-04:00,35,65.0795,65.39,1.5056,64.926,64.9782,2.563,6.875,26.579,neutral,66.4539,-0.1673,-0.3747
NFLX,NFLX-004,2024-07-23T11:00:00-04:00,2024-07-26T16:00:00-04:00,47,64.578,63.137,1.8154,64.585,64.5251,-0.948,4.264,-8.671,neutral,65.8812,-0.1096,-0.5727
NFLX,NFLX-005,2024-07-29T04:00:00-04:00,2024-07-29T17:00:00-04:00,11,63.3,62.7499,1.8329,63.2756,63.4492,-20.73,7.133,9.243,neutral,65.144,-0.1991,-0.5887
NFLX,NFLX-006,2024-07-30T04:00:00-04:00,2024-07-30T12:00:00-04:00,7,62.963,61.888,1.7782,62.8383,63.0297,-19.966,13.366,17.282,neutral,64.9184,-0.2256,-0.6194
NFLX,NFLX-007,2024-07-30T15:00:00-04:00,2024-07-30T17:00:00-04:00,2,62.236,61.993,1.7782,62.4324,62.7039,-42.174,6.316,8.8,neutral_down,64.9184,-0.2256,-0.6194
NFLX,NFLX-008,2024-07-31T14:00:00-04:00,2024-07-31T15:00:00-04:00,1,62.771,62.8,1.7776,62.6274,62.6161,4.317,7.77,-22.631,neutral,64.6745,-0.2439,-0.6686
NFLX,NFLX-009,2024-07-31T16:00:00-04:00,2024-08-01T07:00:00-04:00,4,62.835,62.65,1.7776,62.6966,62.6512,11.76,3.038,15.212,neutral,64.6745,-0.2439,-0.6686
NFLX,NFLX-010,2024-08-01T12:00:00-04:00,2024-08-01T14:00:00-04:00,2,62.67,61.9825,1.7309,63.0758,62.9123,10.411,-26.052,-50.404,neutral,64.5041,-0.1704,-0.6399
NFLX,NFLX-011,2024-08-06T09:00:00-04:00,2024-08-06T14:00:00-04:00,5,60.4,61.696,1.8645,60.2533,60.2933,4.566,1.578,3.894,neutral,63.6621,-0.3829,-0.842
NFLX,NFLX-012,2024-08-06T15:00:00-04:00,2024-08-06T16:00:00-04:00,1,60.932,60.957,1.8645,60.9099,60.6476,30.776,-15.905,9.358,neutral_up,63.6621,-0.3829,-0.842
NFLX,NFLX-013,2024-08-06T17:00:00-04:00,2024-08-07T06:00:00-04:00,3,60.5,61.562,1.8645,60.8355,60.6597,7.167,-15.845,-39.513,neutral,63.6621,-0.3829,-0.842
NFLX,NFLX-014,2024-08-09T13:00:00-04:00,2024-08-13T11:00:00-04:00,22,63.4585,64.645,1.942,63.0976,62.7656,38.383,5.978,11.544,neutral_up,63.1938,-0.0121,-0.4683
NFLX,NFLX-015,2024-08-15T15:00:00-04:00,2024-08-16T10:00:00-04:00,8,66.3,67.4436,1.8226,66.3872,66.0738,29.299,-9.123,-9.078,neutral_up,63.6202,0.251,0.406
NFLX,NFLX-016,2024-08-21T12:00:00-04:00,2024-08-22T16:00:00-04:00,18,69.9427,68.905,1.8083,69.7313,69.5055,27.655,7.725,-0.285,neutral_up,65.0865,0.4746,1.2227
NFLX,NFLX-017,2024-08-23T10:00:00-04:00,2024-08-23T14:00:00-04:00,4,68.3455,68.2495,1.732,68.9892,69.1402,-28.139,-30.337,-16.148,neutral_down,65.8181,0.3113,1.2062
NFLX,NFLX-018,2024-08-23T15:00:00-04:00,2024-08-23T16:00:00-04:00,1,68.674,68.675,1.732,68.614,68.8654,-28.635,15.106,12.406,neutral_down,65.8181,0.3113,1.2062
NFLX,NFLX-019,2024-08-23T17:00:00-04:00,2024-08-26T06:00:00-04:00,4,68.675,68.795,1.732,68.636,68.8323,-16.802,4.036,26.939,neutral,65.8181,0.3113,1.2062
NFLX,NFLX-020,2024-08-26T10:00:00-04:00,2024-08-27T10:00:00-04:00,16,68.653,70.4705,1.7329,68.6816,68.7609,-11.842,0.585,-6.422,neutral,66.0777,0.2596,0.9912
NFLX,NFLX-021,2024-08-30T10:00:00-04:00,2024-08-30T18:00:00-04:00,8,69.133,70.024,1.7141,69.5856,69.3993,16.753,-37.511,-31.957,neutral,67.0122,0.2274,0.6795
NFLX,NFLX-022,2024-09-03T09:00:00-04:00,2024-09-03T10:00:00-04:00,1,69.45,67.824,1.6895,69.8495,69.7212,2.338,-27.05,-35.507,neutral,67.2968,0.2846,0.6696
NFLX,NFLX-023,2024-09-04T16:00:00-04:00,2024-09-04T18:00:00-04:00,2,67.7777,67.968,1.8035,67.9408,68.1043,-20.668,-8.784,-16.305,neutral,67.3211,0.0243,0.5363
NFLX,NFLX-024,2024-09-05T09:00:00-04:00,2024-09-06T10:00:00-04:00,17,68.077,66.634,1.7575,67.8581,67.9746,-12.881,23.116,9.755,neutral,67.3785,0.0574,0.3664
NFLX,NFLX-025,2024-09-10T11:00:00-04:00,2024-09-11T16:00:00-04:00,16,66.653,68.147,1.7704,67.3233,67.3771,-32.775,-28.24,-48.202,neutral_down,67.4059,0.0156,0.0274
NFLX,NFLX-026,2024-09-12T17:00:00-04:00,2024-09-13T13:00:00-04:00,7,68.4901,69.95,1.783,68.5437,68.2951,25.706,-9.431,-8.675,neutral_up,67.4681,0.0692,0.0778
NFLX,NFLX-027,2024-09-16T14:00:00-04:00,2024-09-17T14:00:00-04:00,16,69.5745,70.4024,1.7657,69.5484,69.4027,12.427,1.213,12.27,neutral,67.7713,0.1929,0.3723
NFLX,NFLX-028,2024-09-20T11:00:00-04:00,2024-09-20T16:00:00-04:00,5,70.266,70.103,1.7741,70.29,70.256,-6.89,7.729,-30.975,neutral,68.4633,0.1952,0.5212
NFLX,NFLX-029,2024-09-20T17:00:00-04:00,2024-09-23T17:00:00-04:00,12,70.103,70.6,1.7741,70.174,70.2062,-10.034,-0.361,-4.142,neutral,68.4633,0.1952,0.5212
NFLX,NFLX-030,2024-09-23T19:00:00-04:00,2024-09-24T04:00:00-04:00,1,70.5476,70.67,1.7214,70.5669,70.4813,9.069,-1.391,-4.004,neutral,68.613,0.1497,0.4215
NFLX,NFLX-031,2024-09-24T09:00:00-04:00,2024-09-24T10:00:00-04:00,1,70.897,71.6332,1.692,70.6406,70.544,24.387,16.127,9.492,neutral_up,68.7877,0.1747,0.5196
NFLX,NFLX-032,2024-09-25T16:00:00-04:00,2024-09-26T10:00:00-04:00,8,72.156,70.811,1.6996,72.1587,71.942,24.706,-1.981,-10.128,neutral_up,69.1017,0.314,0.6385
NFLX,NFLX-033,2024-09-27T17:00:00-04:00,2024-09-30T07:00:00-04:00,3,70.6282,70.537,1.6927,70.7598,70.988,-32.237,-4.27,-7.47,neutral_down,69.5375,0.1581,0.7498
NFLX,NFLX-034,2024-09-30T09:00:00-04:00,2024-10-03T17:00:00-04:00,42,70.536,70.683,1.6428,70.6342,70.8343,-34.584,2.845,-1.813,neutral_down,69.6437,0.1061,0.5419
NFLX,NFLX-035,2024-10-04T09:00:00-04:00,2024-10-04T11:00:00-04:00,2,71.1765,71.471,1.5418,70.9167,70.827,36.249,-3.225,38.576,neutral_up,70.0239,0.0701,0.2635
NFLX,NFLX-036,2024-10-07T09:00:00-04:00,2024-10-07T14:00:00-04:00,5,70.4025,70.0995,1.53,71.3156,71.3129,-26.241,-38.245,-34.308,neutral_down,70.1973,0.1735,0.3574
NFLX,NFLX-037,2024-10-09T16:00:00-04:00,2024-10-09T18:00:00-04:00,2,72.743,72.6782,1.6361,72.4934,72.1401,67.42,1.187,10.347,distribution,70.3763,0.1791,0.3524
NFLX,NFLX-038,2024-10-10T08:00:00-04:00,2024-10-10T13:00:00-04:00,5,72.4,73.33,1.5886,72.5668,72.3224,33.21,-23.414,-28.828,neutral_up,70.5901,0.2138,0.3927
NFLX,NFLX-039,2024-10-10T15:00:00-04:00,2024-10-10T19:00:00-04:00,3,73.026,73.029,1.5886,72.9967,72.6919,46.363,-14.461,-9.507,neutral_up,70.5901,0.2138,0.3927
NFLX,NFLX-040,2024-10-11T08:00:00-04:00,2024-10-11T14:00:00-04:00,6,73.075,72.2462,1.5562,73.0154,72.8164,29.081,1.681,-1.255,neutral_up,70.8115,0.2214,0.6143
NFLX,NFLX-041,2024-10-16T15:00:00-04:00,2024-10-16T18:00:00-04:00,3,70.2041,70.2,1.5358,70.3385,70.6038,-42.768,0.074,0.314,neutral_down,70.9418,-0.0335,0.1303
NFLX,NFLX-042,2024-10-17T05:00:00-04:00,2024-10-17T09:00:00-04:00,3,70.53,69.0055,1.4851,70.305,70.4774,-16.732,23.375,23.781,neutral,70.8748,-0.0671,-0.0693
NFLX,NFLX-043,2024-10-17T16:00:00-04:00,2024-10-17T17:00:00-04:00,1,71.185,72.148,1.4851,69.7681,69.9782,-12.389,62.782,38.815,neutral,70.8748,-0.0671,-0.0693
NFLX,NFLX-044,2024-10-21T13:00:00-04:00,2024-10-23T07:00:00-04:00,21,76.9863,76.325,1.9675,76.5589,75.785,64.901,1.43,8.945,distribution,71.203,0.5206,0.2612
NFLX,NFLX-045,2024-10-24T15:00:00-04:00,2024-10-25T09:00:00-04:00,6,75.454,76.27,1.8898,75.246,75.3383,3.595,7.075,15.723,neutral,72.4223,0.2508,1.2193
NFLX,NFLX-046,2024-10-28T09:00:00-04:00,2024-10-28T10:00:00-04:00,1,75.307,75.3,1.7999,75.6249,75.6156,-5.029,-23.545,6.773,neutral,72.9513,0.2534,0.7797
NFLX,NFLX-047,2024-10-29T10:00:00-04:00,2024-10-29T12:00:00-04:00,2,75.56,75.897,1.7485,75.1962,75.2822,4.227,24.664,42.985,neutral,73.1339,0.1826,0.7116
NFLX,NFLX-048,2024-10-30T15:00:00-04:00,2024-10-30T17:00:00-04:00,2,75.373,75.302,1.737,75.651,75.6802,-21.39,-11.59,-21.637,neutral,73.3879,0.254,0.69
NFLX,NFLX-049,2024-10-31T10:00:00-04:00,2024-11-05T12:00:00-05:00,44,75.565,76.5,1.6665,75.4808,75.5539,-8.746,9.963,17.923,neutral,73.5684,0.1805,0.6171
NFLX,NFLX-050,2024-11-06T14:00:00-05:00,2024-11-06T15:00:00-05:00,1,77.807,77.98,1.5572,77.1551,76.8236,50.113,19.088,26.955,neutral_up,74.2808,0.2107,0.5284
NFLX,NFLX-051,2024-11-08T18:00:00-05:00,2024-11-11T11:00:00-05:00,8,79.5388,80.523,1.6342,79.4187,79.1803,33.605,3.633,4.155,neutral_up,75.0763,0.4593,1.0063
NFLX,NFLX-052,2024-11-14T14:00:00-05:00,2024-11-15T09:00:00-05:00,10,83.7026,82.413,1.5811,83.5157,83.1636,44.753,3.332,-11.102,neutral_up,77.0826,0.5964,1.6038
NFLX,NFLX-053,2024-11-18T10:00:00-05:00,2024-11-18T11:00:00-05:00,1,83.818,84.2795,1.5858,82.3067,82.4127,13.778,60.48,86.308,neutral,78.1149,0.4267,1.6287
NFLX,NFLX-054,2024-11-20T18:00:00-05:00,2024-11-21T05:00:00-05:00,2,88.57,88.637,1.8791,88.168,87.4963,73.552,1.055,13.648,distribution,79.4803,0.768,1.7921
NFLX,NFLX-055,2024-11-21T09:00:00-05:00,2024-11-21T10:00:00-05:00,1,88.307,89.4426,1.9035,88.4658,87.965,47.208,-23.277,-19.175,neutral_up,80.2901,0.8098,2.1752
NFLX,NFLX-056,2024-11-22T16:00:00-05:00,2024-11-25T10:00:00-05:00,8,89.779,87.204,1.9872,89.8915,89.6088,17.645,-4.954,-15.545,neutral,81.1499,0.8598,2.4376
NFLX,NFLX-057,2024-12-03T11:00:00-05:00,2024-12-04T07:00:00-05:00,10,89.341,90.577,2.0291,89.5461,89.3673,4.687,-6.823,-37.537,neutral,84.2949,0.55,1.4931
NFLX,NFLX-058,2024-12-04T09:00:00-05:00,2024-12-04T10:00:00-05:00,1,90.1935,91.428,1.9889,90.2182,89.9519,38.566,-15.501,-2.027,neutral_up,84.8312,0.5363,1.5799
NFLX,NFLX-059,2024-12-06T13:00:00-05:00,2024-12-06T15:00:00-05:00,2,92.8031,93.484,1.9474,92.2469,91.9343,57.53,15.356,33.659,neutral_up,85.9832,0.5813,1.6883
NFLX,NFLX-060,2024-12-10T17:00:00-05:00,2024-12-11T09:00:00-05:00,6,91.65,93.286,2.0591,91.6108,91.735,-9.65,3.476,11.116,neutral,87.0935,0.4284,1.6916
NFLX,NFLX-061,2024-12-16T09:00:00-05:00,2024-12-16T13:00:00-05:00,4,92.3575,92.345,1.9869,91.8925,92.0011,8.189,18.681,53.936,neutral,88.7642,0.311,1.2827
NFLX,NFLX-062,2024-12-16T15:00:00-05:00,2024-12-16T16:00:00-05:00,1,92.112,92.108,1.9869,92.12,92.0859,9.437,-7.351,-0.498,neutral,88.7642,0.311,1.2827
NFLX,NFLX-063,2024-12-16T18:00:00-05:00,2024-12-16T19:00:00-05:00,1,92.15,92.2,1.9869,92.1241,92.0935,5.278,-0.277,-11.509,neutral,88.7642,0.311,1.2827
NFLX,NFLX-064,2024-12-17T08:00:00-05:00,2024-12-18T15:00:00-05:00,19,92.0,88.936,1.9178,92.1227,92.1027,-0.746,-9.275,-6.024,neutral,89.0685,0.3043,1.0257
NFLX,NFLX-065,2024-12-20T09:00:00-05:00,2024-12-20T12:00:00-05:00,3,89.519,91.798,2.0137,89.7463,90.0809,-33.256,3.006,14.309,neutral_down,89.3746,0.0827,0.3061
NFLX,NFLX-066,2024-12-23T14:00:00-05:00,2024-12-24T11:00:00-05:00,9,91.09,93.317,2.0801,90.9895,90.8797,15.673,-2.654,18.616,neutral,89.5137,0.1391,0.1863
NFLX,NFLX-067,2024-12-30T15:00:00-05:00,2024-12-30T18:00:00-05:00,3,90.01,90.0,2.1103,90.2611,90.5243,-18.451,-11.457,-2.409,neutral,90.2559,0.0501,0.5932
NFLX,NFLX-068,2024-12-31T09:00:00-05:00,2024-12-31T18:00:00-05:00,9,89.861,89.223,2.0918,90.091,90.2701,-18.668,-11.09,2.831,neutral,90.2335,-0.0224,0.2482
NFLX,NFLX-069,2025-01-02T04:00:00-05:00,2025-01-02T18:00:00-05:00,13,89.678,88.673,2.0368,89.4539,89.7082,-20.03,17.745,14.518,neutral,90.1326,-0.101,-0.0732
NFLX,NFLX-070,2025-01-03T10:00:00-05:00,2025-01-06T14:00:00-05:00,18,88.3455,87.35,2.0454,88.7637,88.9549,-20.915,-16.816,-4.161,neutral,89.9982,-0.1343,-0.2576
NFLX,NFLX-071,2025-01-06T15:00:00-05:00,2025-01-06T18:00:00-05:00,3,88.179,88.1172,2.0346,87.8885,88.1717,-26.06,26.516,11.632,neutral_down,89.8202,-0.178,-0.4133
NFLX,NFLX-072,2025-01-07T04:00:00-05:00,2025-01-10T09:00:00-05:00,27,87.934,84.864,2.0403,88.005,88.1346,-10.937,-5.823,-2.418,neutral,89.671,-0.1492,-0.4615
NFLX,NFLX-073,2025-01-13T15:00:00-05:00,2025-01-13T16:00:00-05:00,1,84.029,83.8678,2.1276,83.676,84.0873,-17.254,14.168,11.463,neutral,88.8227,-0.5058,-0.8483
NFLX,NFLX-074,2025-01-13T18:00:00-05:00,2025-01-13T19:00:00-05:00,1,84.5,84.45,2.1276,83.9183,84.1017,7.339,15.98,24.592,neutral,88.8227,-0.5058,-0.8483
NFLX,NFLX-075,2025-01-21T11:00:00-05:00,2025-01-21T16:00:00-05:00,5,86.798,98.457,2.1665,86.4578,86.0902,37.248,4.037,-17.345,neutral_up,87.1606,-0.1339,-0.7206
NFLX,NFLX-076,2025-01-24T13:00:00-05:00,2025-01-24T19:00:00-05:00,6,97.275,97.401,2.9172,97.7113,97.5438,-9.047,-4.229,-26.495,neutral,88.8674,0.959,1.7067
NFLX,NFLX-077,2025-01-27T12:00:00-05:00,2025-01-31T07:00:00-05:00,55,96.909,97.743,2.8417,96.8614,97.0108,-4.554,0.026,18.642,neutral,89.6745,0.8071,2.5127
NFLX,NFLX-078,2025-01-31T09:00:00-05:00,2025-01-31T10:00:00-05:00,1,98.235,98.6,2.6699,97.6738,97.6446,17.315,20.0,26.389,neutral,92.1218,0.5267,1.7645
NFLX,NFLX-079,2025-01-31T15:00:00-05:00,2025-01-31T17:00:00-05:00,2,97.625,97.5,2.6699,98.0662,97.9253,1.689,-19.063,-51.688,neutral,92.1218,0.5267,1.7645
NFLX,NFLX-080,2025-02-04T11:00:00-05:00,2025-02-04T19:00:00-05:00,8,98.885,99.5838,2.5774,98.7637,98.3372,34.396,-13.376,5.222,neutral_up,93.0994,0.4773,1.5043
NFLX,NFLX-081,2025-02-05T04:00:00-05:00,2025-02-05T05:00:00-05:00,1,98.7,98.801,2.604,99.1218,98.8085,13.938,-19.07,-17.29,neutral,93.6795,0.5801,1.5577
NFLX,NFLX-082,2025-02-05T09:00:00-05:00,2025-02-05T15:00:00-05:00,6,99.414,101.074,2.604,99.2207,98.9702,22.835,1.119,11.679,neutral,93.6795,0.5801,1.5577
NFLX,NFLX-083,2025-02-06T15:00:00-05:00,2025-02-07T07:00:00-05:00,8,101.564,101.653,2.5976,100.9403,100.6487,28.253,21.574,7.642,neutral_up,94.3518,0.6722,1.7296
NFLX,NFLX-084,2025-02-07T09:00:00-05:00,2025-02-10T11:00:00-05:00,18,101.7262,103.0005,2.5102,101.5778,101.2608,37.462,-1.218,-6.093,neutral_up,95.0074,0.6557,1.908
NFLX,NFLX-085,2025-02-12T12:00:00-05:00,2025-02-12T14:00:00-05:00,2,102.131,102.274,2.4479,101.0887,101.1057,34.269,29.422,78.757,neutral_up,96.6509,0.4118,1.6435
NFLX,NFLX-086,2025-02-19T15:00:00-05:00,2025-02-20T10:00:00-05:00,6,104.286,101.832,2.5412,103.9637,104.0109,15.268,1.155,24.371,neutral,99.0369,0.4524,1.835
NFLX,NFLX-087,2025-02-27T10:00:00-05:00,2025-02-27T15:00:00-05:00,5,97.846,96.285,2.6966,98.7257,98.7575,-25.91,-14.828,-69.448,neutral_down,99.4949,-0.0521,-0.3267
NFLX,NFLX-088,2025-02-28T16:00:00-05:00,2025-02-28T17:00:00-05:00,1,98.02,98.04,2.7819,97.4492,97.4887,16.88,5.798,37.142,neutral,99.2031,-0.2918,-0.5278
NFLX,NFLX-089,2025-03-03T13:00:00-05:00,2025-03-04T09:00:00-05:00,11,98.452,96.106,2.7553,98.3913,98.1138,18.478,-5.809,8.409,neutral,99.0987,-0.1044,-0.4483
NFLX,NFLX-090,2025-03-04T13:00:00-05:00,2025-03-05T13:00:00-05:00,14,98.101,99.069,2.7736,97.1187,97.3533,-0.191,28.095,56.352,neutral,98.9399,-0.1588,-0.555
NFLX,NFLX-091,2025-03-05T18:00:00-05:00,2025-03-06T06:00:00-05:00,3,98.706,98.2,2.8477,98.6333,98.2141,30.175,-8.805,-11.29,neutral_up,98.7845,-0.1554,-0.4186
NFLX,NFLX-092,2025-03-06T08:00:00-05:00,2025-03-06T09:00:00-05:00,1,97.6,95.631,2.8309,98.3143,98.2179,-14.082,-18.072,-31.747,neutral,98.8045,0.02,-0.2943
NFLX,NFLX-093,2025-03-11T10:00:00-04:00,2025-03-11T11:00:00-04:00,1,88.537,89.3365,3.4103,87.4015,87.4024,28.812,7.854,40.145,neutral_up,96.2855,-0.9642,-2.519
NFLX,NFLX-094,2025-03-13T09:00:00-04:00,2025-03-13T15:00:00-04:00,6,90.1885,88.959,3.4682,91.3468,91.0413,-4.444,-30.078,-28.7,neutral,95.3282,-0.3385,-1.9215
NFLX,NFLX-095,2025-03-20T12:00:00-04:00,2025-03-21T05:00:00-04:00,9,95.163,94.817,3.5962,95.554,95.341,1.124,-7.871,-11.355,neutral,94.5336,0.1448,0.0582
NFLX,NFLX-096,2025-03-21T08:00:00-04:00,2025-03-24T04:00:00-04:00,12,94.0,97.007,3.4929,94.8722,95.058,-31.746,-23.916,-18.783,neutral_down,94.5815,0.0479,0.0582
NFLX,NFLX-097,2025-03-24T11:00:00-04:00,2025-03-24T12:00:00-04:00,1,96.387,96.669,3.4056,96.4601,96.1778,9.007,-0.358,-46.974,neutral,94.7049,0.1234,0.3162
NFLX,NFLX-098,2025-03-24T13:00:00-04:00,2025-03-24T18:00:00-04:00,5,96.913,97.04,3.4056,96.5841,96.2853,20.94,6.968,11.575,neutral,94.7049,0.1234,0.3162
NFLX,NFLX-099,2025-03-24T19:00:00-04:00,2025-03-25T04:00:00-04:00,1,96.95,96.904,3.4056,96.9101,96.6091,23.503,-3.599,-7.646,neutral,94.7049,0.1234,0.3162
NFLX,NFLX-100,2025-03-25T05:00:00-04:00,2025-03-25T09:00:00-04:00,4,97.05,98.8435,3.3441,96.9371,96.6735,22.462,2.334,-4.639,neutral,94.9206,0.2156,0.387
NFLX,NFLX-101,2025-03-27T13:00:00-04:00,2025-03-27T14:00:00-04:00,1,98.162,98.296,3.2933,97.7075,97.641,22.568,4.302,-4.935,neutral,95.5168,0.1548,0.8119
NFLX,NFLX-102,2025-03-27T15:00:00-04:00,2025-03-27T16:00:00-04:00,1,97.649,97.5,3.2933,97.79,97.6959,12.342,-14.714,-5.924,neutral,95.5168,0.1548,0.8119
NFLX,NFLX-103,2025-03-28T09:00:00-04:00,2025-03-28T10:00:00-04:00,1,97.236,94.36,3.2197,97.4819,97.5647,-17.096,-3.465,-9.292,neutral,95.7106,0.1938,0.7901
NFLX,NFLX-104,2025-03-31T14:00:00-04:00,2025-03-31T17:00:00-04:00,3,92.7073,92.951,3.3273,92.2974,93.0986,-29.052,13.335,44.977,neutral_down,95.4967,-0.214,0.1347
NFLX,NFLX-105,2025-04-01T07:00:00-04:00,2025-04-02T19:00:00-04:00,24,92.47,90.6,3.3317,92.6896,92.9767,-19.031,-7.551,-13.794,neutral,95.2909,-0.2058,-0.2259
NFLX,NFLX-106,2025-04-03T15:00:00-04:00,2025-04-03T16:00:00-04:00,1,91.679,91.4,3.2497,92.2815,92.2592,-0.792,-14.122,-24.633,neutral,94.9204,-0.1437,-0.5762
NFLX,NFLX-107,2025-04-03T17:00:00-04:00,2025-04-03T19:00:00-04:00,2,91.612,91.6,3.2497,92.0065,92.1293,-12.869,-1.934,-26.198,neutral,94.9204,-0.1437,-0.5762
NFLX,NFLX-108,2025-04-04T04:00:00-04:00,2025-04-04T06:00:00-04:00,1,90.776,89.834,3.3471,91.6179,91.9078,-25.86,-10.891,-12.991,neutral_down,94.6257,-0.2947,-0.6651
NFLX,NFLX-109,2025-04-04T08:00:00-04:00,2025-04-04T09:00:00-04:00,1,90.0071,89.274,3.3471,90.7125,91.372,-45.576,8.58,-19.716,neutral_down,94.6257,-0.2947,-0.6651
NFLX,NFLX-110,2025-04-07T11:00:00-04:00,2025-04-07T19:00:00-04:00,7,86.493,87.98,3.5574,85.4251,86.2441,-1.334,5.145,53.545,neutral,93.8011,-0.8246,-1.263
NFLX,NFLX-111,2025-04-08T13:00:00-04:00,2025-04-08T19:00:00-04:00,6,89.1445,85.6,3.915,89.2592,88.4449,18.553,-5.09,-29.627,neutral,93.1674,-0.6338,-1.7531
NFLX,NFLX-112,2025-04-09T04:00:00-04:00,2025-04-09T05:00:00-04:00,1,86.93,86.17,4.0977,87.1802,87.61,-25.254,10.864,-5.95,neutral_down,92.6135,-0.5539,-2.0122
NFLX,NFLX-113,2025-04-10T17:00:00-04:00,2025-04-14T18:00:00-04:00,31,91.8,94.32,4.4981,92.1177,91.7503,4.617,-3.51,-6.322,neutral,92.7765,0.163,-1.0246
NFLX,NFLX-114,2025-04-16T10:00:00-04:00,2025-04-16T18:00:00-04:00,8,97.578,96.4,4.5168,97.4722,96.9928,12.656,6.4,-32.502,neutral,93.1295,0.4494,0.4082
NFLX,NFLX-115,2025-04-17T09:00:00-04:00,2025-04-17T18:00:00-04:00,9,97.265,100.1,4.423,97.1097,96.9335,18.008,-4.975,-2.091,neutral,93.407,0.2775,0.7718
NFLX,NFLX-116,2025-04-21T10:00:00-04:00,2025-04-22T09:00:00-04:00,14,99.742,105.3345,4.3121,99.4538,98.855,17.908,3.123,-14.97,neutral,93.7711,0.3641,1.091
NFLX,NFLX-117,2025-04-23T13:00:00-04:00,2025-04-24T11:00:00-04:00,13,105.001,108.602,4.5747,104.9718,104.2188,24.9,-2.147,-17.966,neutral_up,95.1099,0.8842,1.7029
NFLX,NFLX-118,2025-04-25T13:00:00-04:00,2025-04-28T19:00:00-04:00,22,109.8,110.9,4.5241,109.5827,108.8286,46.062,-4.052,-1.845,neutral_up,97.2473,1.2405,3.0216
NFLX,NFLX-119,2025-04-29T11:00:00-04:00,2025-04-29T12:00:00-04:00,1,111.055,111.197,4.2298,110.8081,110.4831,26.675,-0.665,4.864,neutral_up,99.567,1.1471,3.5602
NFLX,NFLX-120,2025-04-30T12:00:00-04:00,2025-05-01T04:00:00-04:00,8,112.215,112.85,4.1586,111.7852,111.5884,15.296,10.976,36.7,neutral,100.7464,1.1794,3.4991
NFLX,NFLX-121,2025-05-01T09:00:00-04:00,2025-05-01T11:00:00-04:00,2,111.9,113.327,4.0908,112.4519,112.2676,-3.398,-13.747,-35.089,neutral,101.8652,1.1189,3.4453
NFLX,NFLX-122,2025-05-01T15:00:00-04:00,2025-05-02T07:00:00-04:00,7,113.329,113.7,4.0908,113.3132,112.8639,31.875,-11.679,-1.365,neutral_up,101.8652,1.1189,3.4453
NFLX,NFLX-123,2025-05-02T09:00:00-04:00,2025-05-02T10:00:00-04:00,1,114.1695,114.928,4.0171,113.6677,113.3056,38.668,6.5,17.629,neutral_up,102.9074,1.0422,3.3404
NFLX,NFLX-124,2025-05-06T13:00:00-04:00,2025-05-07T04:00:00-04:00,7,113.9068,114.252,3.9881,113.5923,113.3684,24.616,-3.623,3.889,neutral_up,104.9073,0.8447,3.0421
NFLX,NFLX-125,2025-05-07T09:00:00-04:00,2025-05-07T11:00:00-04:00,2,114.3155,115.374,3.8551,114.0379,113.8142,16.55,8.284,-9.627,neutral,105.7111,0.8038,2.8037
NFLX,NFLX-126,2025-05-07T13:00:00-04:00,2025-05-07T16:00:00-04:00,3,115.369,115.59,3.8551,114.9226,114.362,51.193,-7.311,7.417,neutral_up,105.7111,0.8038,2.8037
NFLX,NFLX-127,2025-05-08T13:00:00-04:00,2025-05-08T16:00:00-04:00,3,114.959,114.355,3.7691,115.2524,115.1929,-10.318,-0.125,4.056,neutral,106.6109,0.8998,2.5483
NFLX,NFLX-128,2025-05-09T11:00:00-04:00,2025-05-12T09:00:00-04:00,14,114.5189,111.699,3.6648,114.529,114.6914,-15.073,5.355,-2.505,neutral,107.3229,0.712,2.4156
NFLX,NFLX-129,2025-05-14T14:00:00-04:00,2025-05-14T17:00:00-04:00,3,114.497,115.05,3.5851,114.5312,113.9786,42.842,-18.912,-22.129,neutral_up,108.7154,0.5085,1.3925
NFLX,NFLX-130,2025-05-16T17:00:00-04:00,2025-05-16T19:00:00-04:00,2,118.9,118.1,3.5405,118.8714,118.212,44.189,-4.456,-21.923,neutral_up,110.0534,0.7626,1.8464
NFLX,NFLX-131,2025-05-20T13:00:00-04:00,2025-05-21T11:00:00-04:00,12,118.7191,120.554,3.3259,118.6572,118.5352,9.904,0.68,11.835,neutral,111.631,0.7504,2.3402
NFLX,NFLX-132,2025-05-22T13:00:00-04:00,2025-05-22T16:00:00-04:00,3,119.598,118.94,3.137,119.3379,119.3064,6.176,10.342,12.835,neutral,112.9672,0.6452,2.0866
NFLX,NFLX-133,2025-05-22T17:00:00-04:00,2025-05-23T08:00:00-04:00,6,119.05,117.625,3.137,119.161,119.2262,-11.838,1.42,-20.681,neutral,112.9672,0.6452,2.0866
NFLX,NFLX-134,2025-05-23T09:00:00-04:00,2025-05-23T19:00:00-04:00,9,118.133,118.425,2.9954,118.3397,118.7295,-48.589,16.747,-7.957,neutral_down,113.493,0.5258,1.862
NFLX,NFLX-135,2025-05-27T07:00:00-04:00,2025-05-27T09:00:00-04:00,2,119.486,120.694,2.8672,118.7248,118.7352,14.524,28.894,20.749,neutral,113.9517,0.4587,1.6297
NFLX,NFLX-136,2025-05-28T17:00:00-04:00,2025-05-29T11:00:00-04:00,10,120.75,118.42,2.8509,120.9331,120.6506,16.453,-9.127,-22.942,neutral,114.606,0.6543,1.6388
NFLX,NFLX-137,2025-05-30T12:00:00-04:00,2025-05-30T16:00:00-04:00,4,118.688,120.6013,2.7574,118.9471,119.1,-8.009,-11.146,-7.805,neutral,115.4712,0.2971,1.5195
NFLX,NFLX-138,2025-06-03T14:00:00-04:00,2025-06-04T12:00:00-04:00,10,121.9535,123.485,2.7478,121.8961,121.5275,33.599,-7.021,4.118,neutral_up,116.4893,0.5409,1.3152
NFLX,NFLX-139,2025-06-06T10:00:00-04:00,2025-06-06T12:00:00-04:00,2,124.2465,123.7935,2.6602,125.0332,124.6587,9.988,-30.019,-48.103,neutral,118.2844,0.6799,1.795
NFLX,NFLX-140,2025-06-06T13:00:00-04:00,2025-06-06T14:00:00-04:00,1,124.2505,124.3708,2.6602,124.5585,124.5079,-17.115,4.549,-27.103,neutral,118.2844,0.6799,1.795
NFLX,NFLX-141,2025-06-12T14:00:00-04:00,2025-06-13T09:00:00-04:00,7,121.852,120.575,2.7832,121.9102,121.7623,7.953,-2.982,-13.164,neutral,119.5042,0.2495,0.685
NFLX,NFLX-142,2025-06-13T10:00:00-04:00,2025-06-16T14:00:00-04:00,17,121.0985,122.419,2.7132,121.1236,121.3723,-32.182,16.813,0.284,neutral_down,119.6864,0.1822,0.5376
NFLX,NFLX-143,2025-06-17T12:00:00-04:00,2025-06-23T15:00:00-04:00,43,122.6085,125.336,2.564,122.4288,122.159,30.613,-3.681,-1.488,neutral_up,120.0738,0.2479,0.5696
NFLX,NFLX-144,2025-06-25T18:00:00-04:00,2025-06-25T19:00:00-04:00,1,127.69,127.74,2.6143,127.8667,127.5829,5.968,1.467,-21.052,neutral,121.7237,0.6196,1.2865
NFLX,NFLX-145,2025-06-26T08:00:00-04:00,2025-06-26T09:00:00-04:00,1,128.116,129.29,2.6003,127.9377,127.6859,26.123,4.905,20.155,neutral_up,122.2517,0.528,1.5708
NFLX,NFLX-146,2025-07-02T16:00:00-04:00,2025-07-02T17:00:00-04:00,1,128.449,128.4,2.8438,128.5932,129.398,-48.809,6.36,24.589,neutral_down,125.1894,0.4132,2.1715
NFLX,NFLX-147,2025-07-03T10:00:00-04:00,2025-07-03T11:00:00-04:00,1,129.446,129.839,2.8432,128.8018,129.0941,-0.805,17.363,31.965,neutral,125.4892,0.2998,1.6291
NFLX,NFLX-148,2025-07-03T12:00:00-04:00,2025-07-03T13:00:00-04:00,1,129.718,129.718,2.8432,129.151,129.2124,19.198,3.768,37.366,neutral,125.4892,0.2998,1.6291
NFLX,NFLX-149,2025-07-07T08:00:00-04:00,2025-07-08T10:00:00-04:00,14,129.157,126.491,2.8009,129.2844,129.2738,1.492,-7.761,-19.349,neutral,125.8736,0.3844,1.0974
NFLX,NFLX-150,2025-07-11T15:00:00-04:00,2025-07-14T06:00:00-04:00,6,124.466,124.493,2.8658,124.4381,125.1266,-39.599,11.02,29.649,neutral_down,126.3663,-0.1388,0.2169
NFLX,NFLX-151,2025-07-14T08:00:00-04:00,2025-07-14T10:00:00-04:00,2,125.0,126.461,2.8732,124.5437,124.8016,-4.78,16.272,21.546,neutral,126.1935,-0.1728,-0.0796
NFLX,NFLX-152,2025-07-15T11:00:00-04:00,2025-07-17T15:00:00-04:00,35,126.065,127.562,2.8858,126.1831,125.9995,8.296,-5.006,-16.159,neutral,126.1886,-0.0049,-0.3164
NFLX,NFLX-153,2025-07-17T16:00:00-04:00,2025-07-18T09:00:00-04:00,9,126.206,121.05,2.8251,126.4444,126.1152,31.384,-28.74,-2.994,neutral_up,126.0656,-0.1042,-0.1279
NFLX,NFLX-154,2025-07-21T15:00:00-04:00,2025-07-21T16:00:00-04:00,1,123.263,123.2,3.1857,122.396,122.3693,28.293,4.625,29.219,neutral_up,125.7189,-0.4828,-0.4509
NFLX,NFLX-155,2025-07-24T16:00:00-04:00,2025-07-24T18:00:00-04:00,2,118.076,118.076,3.2267,117.5362,117.8536,1.212,10.719,63.772,neutral,124.2398,-0.664,-1.479
NFLX,NFLX-156,2025-07-25T17:00:00-04:00,2025-07-28T18:00:00-04:00,16,118.0559,117.43,3.145,118.1793,118.1482,-3.333,-3.728,-13.01,neutral,123.6817,-0.5582,-1.8139
NFLX,NFLX-157,2025-07-29T15:00:00-04:00,2025-07-30T05:00:00-04:00,6,116.949,116.754,3.0066,117.2213,117.4562,-27.297,-6.086,-0.648,neutral_down,122.6552,-0.5141,-1.5846
NFLX,NFLX-158,2025-07-30T09:00:00-04:00,2025-07-30T15:00:00-04:00,6,117.619,118.461,2.9083,117.0464,117.144,11.491,31.383,42.065,neutral,122.1365,-0.5187,-1.5452
NFLX,NFLX-159,2025-07-30T17:00:00-04:00,2025-07-30T18:00:00-04:00,1,117.405,117.7,2.9083,117.6233,117.4539,18.606,-21.924,-7.883,neutral,122.1365,-0.5187,-1.5452
NFLX,NFLX-160,2025-07-31T09:00:00-04:00,2025-07-31T16:00:00-04:00,7,117.926,115.945,2.8345,117.9323,117.7193,24.536,-11.071,-5.179,neutral_up,121.8023,-0.3341,-1.367
NFLX,NFLX-161,2025-08-01T15:00:00-04:00,2025-08-04T16:00:00-04:00,15,115.861,117.325,2.8625,116.0155,116.3607,-30.608,5.0,-7.209,neutral_down,121.2603,-0.542,-1.3949
NFLX,NFLX-162,2025-08-07T14:00:00-04:00,2025-08-08T11:00:00-04:00,11,117.209,119.8745,2.8066,117.6661,117.4496,-2.121,-10.019,-28.236,neutral,119.7361,-0.186,-1.0334
NFLX,NFLX-163,2025-08-12T07:00:00-04:00,2025-08-12T17:00:00-04:00,10,121.9,122.3759,2.7663,121.7909,121.1981,54.206,-4.818,-3.996,neutral_up,119.9218,0.1981,0.1857
NFLX,NFLX-164,2025-08-13T04:00:00-04:00,2025-08-13T07:00:00-04:00,1,122.798,122.8,2.7507,122.4089,121.9895,40.122,9.807,0.715,neutral_up,120.1587,0.2369,0.5808
NFLX,NFLX-165,2025-08-13T09:00:00-04:00,2025-08-13T15:00:00-04:00,6,122.917,120.481,2.7507,122.6527,122.217,45.711,-4.034,5.589,neutral_up,120.1587,0.2369,0.5808
NFLX,NFLX-166,2025-08-15T14:00:00-04:00,2025-08-19T09:00:00-04:00,22,123.6633,121.376,2.8787,123.6083,123.2222,27.023,-6.984,-0.307,neutral_up,120.4463,0.2583,0.5245
NFLX,NFLX-167,2025-08-20T15:00:00-04:00,2025-08-25T10:00:00-04:00,33,121.3481,122.8945,2.9013,120.835,121.2679,-12.199,15.754,41.616,neutral,121.1293,0.0275,0.683
NFLX,NFLX-168,2025-08-26T15:00:00-04:00,2025-08-28T17:00:00-04:00,27,122.609,123.143,2.8238,122.3772,122.0572,37.696,-1.435,5.942,neutral_up,121.1139,0.0693,-0.0353
NFLX,NFLX-169,2025-08-29T07:00:00-04:00,2025-08-29T08:00:00-04:00,1,122.8,122.7,2.656,122.8859,122.6356,21.762,-11.058,-16.936,neutral,121.5079,0.1612,0.3941
NFLX,NFLX-170,2025-09-02T13:00:00-04:00,2025-09-03T17:00:00-04:00,17,121.308,122.11,2.681,120.6341,120.9066,-3.245,21.214,27.354,neutral,121.4378,-0.0701,0.1881
NFLX,NFLX-171,2025-09-03T19:00:00-04:00,2025-09-04T07:00:00-04:00,1,122.35,122.5,2.7223,121.9922,121.6316,38.534,2.997,-1.64,neutral_up,121.4313,-0.0065,0.0846
NFLX,NFLX-172,2025-09-08T11:00:00-04:00,2025-09-09T14:00:00-04:00,15,125.02,126.361,2.7538,124.6505,124.5248,14.776,11.129,-0.238,neutral,122.147,0.227,0.7157
NFLX,NFLX-173,2025-09-10T10:00:00-04:00,2025-09-10T18:00:00-04:00,8,125.778,124.7,2.6592,125.6615,125.5132,2.777,11.577,-20.424,neutral,122.7169,0.3609,0.7969
NFLX,NFLX-174,2025-09-16T17:00:00-04:00,2025-09-17T12:00:00-04:00,8,120.05,122.528,2.9115,120.1397,120.0936,-0.836,-1.921,-5.386,neutral,122.1262,-0.1926,-0.7774
NFLX,NFLX-175,2025-09-18T10:00:00-04:00,2025-09-18T17:00:00-04:00,7,122.9045,120.965,2.8272,122.6294,122.1732,32.155,4.059,-17.216,neutral_up,122.0212,0.0841,-0.2976
NFLX,NFLX-176,2025-09-22T11:00:00-04:00,2025-09-24T08:00:00-04:00,20,122.2355,121.83,2.7771,122.1381,122.0863,2.306,7.096,-2.149,neutral,121.9785,0.0685,0.0414
NFLX,NFLX-177,2025-09-24T09:00:00-04:00,2025-09-24T10:00:00-04:00,1,121.463,120.675,2.6355,121.7243,121.8757,-18.113,-9.013,-2.434,neutral,122.0297,-0.018,0.1197
NFLX,NFLX-178,2025-09-25T16:00:00-04:00,2025-09-26T07:00:00-04:00,5,120.7,120.676,2.6422,120.6431,120.7288,-0.69,-1.001,8.483,neutral,121.8811,-0.1486,-0.0974
NFLX,NFLX-179,2025-09-26T08:00:00-04:00,2025-09-30T09:00:00-04:00,25,120.824,118.5745,2.6344,120.701,120.7211,3.347,5.348,5.432,neutral,121.7789,-0.1022,-0.2688
NFLX,NFLX-180,2025-10-03T14:00:00-04:00,2025-10-03T19:00:00-04:00,5,115.704,115.4,2.7933,115.7611,116.0136,-18.375,3.105,19.815,neutral,120.623,-0.4393,-0.9923
NFLX,NFLX-181,2025-10-06T09:00:00-04:00,2025-10-07T04:00:00-04:00,11,115.6015,117.0,2.7708,115.5851,115.7232,-5.89,-1.671,13.614,neutral,120.142,-0.481,-1.3176
NFLX,NFLX-182,2025-10-13T18:00:00-04:00,2025-10-14T05:00:00-04:00,3,121.7,121.2,2.7571,121.8964,122.0919,-23.054,1.072,-7.454,neutral,120.3524,0.1656,0.6174
NFLX,NFLX-183,2025-10-14T10:00:00-04:00,2025-10-16T07:00:00-04:00,19,121.7879,120.578,2.7338,121.3482,121.6302,-19.749,28.424,15.265,neutral,120.4899,0.1375,0.6013
NFLX,NFLX-184,2025-10-16T09:00:00-04:00,2025-10-16T12:00:00-04:00,3,120.935,118.876,2.6264,120.8054,121.0506,-14.848,8.027,25.223,neutral,120.5648,-0.0236,0.2124
NFLX,NFLX-185,2025-10-21T13:00:00-04:00,2025-10-21T16:00:00-04:00,3,124.3,117.8,2.8596,124.184,123.581,41.385,-2.223,4.1,neutral_up,120.6474,0.3251,0.0827
NFLX,NFLX-186,2025-10-23T12:00:00-04:00,2025-10-24T15:00:00-04:00,18,111.3,109.468,3.5007,111.4671,112.7717,-67.137,17.425,1.17,accumulation,120.1192,-0.8492,-0.2032
NFLX,NFLX-187,2025-10-27T11:00:00-04:00,2025-10-28T17:00:00-04:00,21,109.7295,110.25,3.3484,109.8185,110.1835,-26.081,3.866,-2.006,neutral_down,118.4237,-0.8956,-2.5447
NFLX,NFLX-188,2025-10-29T09:00:00-04:00,2025-10-30T17:00:00-04:00,23,110.321,112.45,3.1577,110.129,110.1291,2.067,11.937,12.965,neutral,116.9374,-0.6686,-2.3818
NFLX,NFLX-189,2025-11-03T04:00:00-05:00,2025-11-03T06:00:00-05:00,2,113.582,113.391,3.0535,112.3781,111.9212,41.186,25.55,25.624,neutral_up,115.2951,-0.3409,-1.6423
NFLX,NFLX-190,2025-11-03T08:00:00-05:00,2025-11-03T10:00:00-05:00,2,113.209,109.537,3.0535,112.9298,112.3702,39.545,-5.18,-14.891,neutral_up,115.2951,-0.3409,-1.6423
NFLX,NFLX-191,2025-11-04T13:00:00-05:00,2025-11-10T04:00:00-05:00,55,109.191,110.999,3.2521,109.447,109.8841,-25.146,-3.644,2.0,neutral_down,114.8134,-0.4817,-1.4969
NFLX,NFLX-192,2025-11-11T09:00:00-05:00,2025-11-11T15:00:00-05:00,6,113.14,113.66,2.9258,112.1834,111.7426,57.019,26.215,15.338,neutral_up,113.1266,-0.1125,-0.7805
NFLX,NFLX-193,2025-11-13T13:00:00-05:00,2025-11-14T09:00:00-05:00,12,115.081,111.956,2.9557,115.3943,115.1895,-4.262,-0.47,-27.067,neutral,113.4094,0.2344,0.1704
NFLX,NFLX-194,2025-11-17T11:00:00-05:00,2025-11-18T13:00:00-05:00,18,111.31,114.1,3.0305,111.151,111.8887,-33.794,15.173,20.269,neutral_down,113.3835,-0.2123,0.2084
NFLX,NFLX-195,2025-11-21T14:00:00-05:00,2025-11-24T18:00:00-05:00,20,105.165,106.52,3.5259,105.397,106.2578,-34.744,1.169,5.734,neutral_down,112.2436,-0.6574,-0.8659
NFLX,NFLX-196,2025-11-28T09:00:00-05:00,2025-12-01T06:00:00-05:00,8,106.5,106.71,3.4698,106.2809,106.0346,19.057,4.259,-3.445,neutral,110.0999,-0.399,-1.4256
NFLX,NFLX-197,2025-12-01T07:00:00-05:00,2025-12-01T10:00:00-05:00,3,106.6,108.5203,3.3527,106.842,106.6232,3.414,-4.659,-20.169,neutral,109.8699,-0.23,-1.2479
NFLX,NFLX-198,2025-12-02T13:00:00-05:00,2025-12-03T06:00:00-05:00,9,109.36,107.68,3.3293,108.8274,108.6032,13.633,19.841,9.659,neutral,109.8099,-0.06,-0.689
NFLX,NFLX-199,2025-12-03T08:00:00-05:00,2025-12-03T09:00:00-05:00,1,107.1704,103.105,3.2493,108.1069,108.4285,-46.585,-5.197,-18.06,neutral_down,109.7667,-0.0432,-0.3331
NFLX,NFLX-200,2025-12-04T13:00:00-05:00,2025-12-05T05:00:00-05:00,8,103.025,102.09,3.539,103.1662,104.0686,-54.07,14.069,8.281,neutral_down,109.2397,-0.527,-0.6301
NFLX,NFLX-201,2025-12-05T07:00:00-05:00,2025-12-05T16:00:00-05:00,9,100.77,100.3499,3.4434,102.2894,103.063,-70.291,-15.906,-34.092,accumulation,108.6916,-0.5482,-1.1183
NFLX,NFLX-202,2025-12-08T04:00:00-05:00,2025-12-08T10:00:00-05:00,6,101.15,96.525,3.701,100.7237,101.3195,-13.212,8.949,13.519,neutral,107.9223,-0.7692,-1.8444
NFLX,NFLX-203,2025-12-09T12:00:00-05:00,2025-12-10T12:00:00-05:00,16,95.5001,94.25,3.7888,96.4437,97.2213,-47.678,-9.771,-23.887,neutral_down,106.9149,-1.0075,-2.3249
NFLX,NFLX-204,2025-12-11T13:00:00-05:00,2025-12-15T13:00:00-05:00,32,94.2099,93.97,3.7156,94.0548,94.3134,-4.406,0.303,12.482,neutral,104.7792,-1.2079,-3.1431
NFLX,NFLX-205,2025-12-16T13:00:00-05:00,2025-12-16T18:00:00-05:00,5,94.46,95.6,3.4944,94.0561,94.0992,12.153,7.4,11.066,neutral,102.185,-0.8425,-2.5942
NFLX,NFLX-206,2025-12-17T14:00:00-05:00,2025-12-17T16:00:00-05:00,2,95.065,94.65,3.3598,95.6354,95.3967,-3.296,-10.326,-31.077,neutral,101.4905,-0.6945,-2.3193
NFLX,NFLX-207,2025-12-17T17:00:00-05:00,2025-12-17T18:00:00-05:00,1,94.6,94.48,3.3598,95.1586,95.2147,-23.623,-3.684,-20.327,neutral_down,101.4905,-0.6945,-2.3193
NFLX,NFLX-208,2025-12-17T19:00:00-05:00,2025-12-18T05:00:00-05:00,2,94.6496,95.18,3.3598,94.9482,95.1026,-24.855,2.739,-4.916,neutral_down,101.4905,-0.6945,-2.3193
NFLX,NFLX-209,2025-12-18T09:00:00-05:00,2025-12-19T06:00:00-05:00,13,95.275,94.25,3.3248,95.1073,95.131,2.315,4.725,1.909,neutral,100.8786,-0.6119,-2.1489
NFLX,NFLX-210,2025-12-19T08:00:00-05:00,2025-12-22T12:00:00-05:00,20,94.25,93.47,3.2459,94.2454,94.4365,-14.684,3.054,-2.394,neutral,100.2514,-0.6271,-1.9335
NFLX,NFLX-211,2025-12-23T10:00:00-05:00,2025-12-26T12:00:00-05:00,29,93.46,94.2164,3.0659,93.3409,93.5752,-19.333,12.784,8.675,neutral,99.1286,-0.5919,-1.75
NFLX,NFLX-212,2025-12-29T09:00:00-05:00,2026-01-02T07:00:00-05:00,46,94.4399,94.11,2.7759,94.2549,94.1279,14.714,12.353,-0.264,neutral,97.8262,-0.3366,-1.3024
NFLX,NFLX-213,2026-01-02T08:00:00-05:00,2026-01-02T09:00:00-05:00,1,94.1,92.255,2.4374,93.9876,93.8697,25.002,-3.856,-3.824,neutral_up,96.8468,-0.3087,-0.9793
NFLX,NFLX-214,2026-01-05T13:00:00-05:00,2026-01-06T11:00:00-05:00,14,91.505,90.005,2.5004,91.5137,91.7004,-4.578,-5.748,10.832,neutral,96.313,-0.5338,-1.178
NFLX,NFLX-215,2026-01-07T10:00:00-05:00,2026-01-09T11:00:00-05:00,33,90.165,89.01,2.4104,90.7388,90.8554,-16.841,-26.372,-9.4,neutral,95.393,-0.4788,-1.4538
NFLX,NFLX-216,2026-01-12T11:00:00-05:00,2026-01-13T19:00:00-05:00,24,89.8,91.0506,2.3431,89.6296,89.63,14.639,-3.414,40.998,neutral,94.0972,-0.4662,-1.2958
NFLX,NFLX-217,2026-01-15T13:00:00-05:00,2026-01-20T16:00:00-05:00,35,88.985,83.2401,2.3351,88.9473,89.0837,-8.815,2.758,-4.962,neutral,92.9259,-0.4407,-1.1713
NFLX,NFLX-218,2026-01-22T13:00:00-05:00,2026-01-22T14:00:00-05:00,1,83.15,83.4,2.4705,84.1888,84.5431,-40.41,-8.696,-26.834,neutral_down,91.068,-0.5688,-1.4155
NFLX,NFLX-219,2026-01-26T13:00:00-05:00,2026-01-26T19:00:00-05:00,6,85.8623,85.77,2.505,86.05,85.828,2.271,-0.542,-12.011,neutral,89.9916,-0.3912,-1.6452
NFLX,NFLX-220,2026-01-28T08:00:00-05:00,2026-01-28T19:00:00-05:00,11,85.43,84.11,2.3958,85.3412,85.3448,2.591,3.072,5.853,neutral,89.2372,-0.3647,-1.1456
NFLX,NFLX-221,2026-01-30T11:00:00-05:00,2026-02-03T04:00:00-05:00,25,83.345,82.645,2.3729,83.1224,83.2933,-0.852,4.017,40.567,neutral,88.2994,-0.5189,-1.3025
NFLX,NFLX-222,2026-02-04T13:00:00-05:00,2026-02-05T06:00:00-05:00,9,81.15,81.42,2.3704,80.6182,80.7913,6.689,11.84,19.52,neutral,86.7212,-0.6761,-1.5782
NFLX,NFLX-223,2026-02-05T07:00:00-05:00,2026-02-09T17:00:00-05:00,42,81.09,81.42,2.3589,81.0845,80.9318,18.435,-10.699,-8.919,neutral,86.127,-0.5942,-1.7361
NFLX,NFLX-224,2026-02-10T08:00:00-05:00,2026-02-10T09:00:00-05:00,1,81.68,84.16,2.369,81.4538,81.4116,9.902,6.417,10.976,neutral,84.9712,-0.3571,-1.1559
NFLX,NFLX-225,2026-02-13T13:00:00-05:00,2026-02-18T05:00:00-05:00,24,76.785,77.52,2.611,76.5102,76.8729,-6.113,1.489,30.831,neutral,83.4917,-0.7627,-1.4795
NFLX,NFLX-226,2026-02-18T09:00:00-05:00,2026-02-18T11:00:00-05:00,2,77.055,77.86,2.5443,77.2301,77.0974,5.449,-7.921,-22.36,neutral,82.3566,-0.5322,-1.8977
NFLX,NFLX-227,2026-02-18T14:00:00-05:00,2026-02-20T04:00:00-05:00,22,77.4575,77.1,2.5443,77.612,77.3693,20.696,-15.547,-6.391,neutral,82.3566,-0.5322,-1.8977
NFLX,NFLX-228,2026-02-20T09:00:00-05:00,2026-02-20T11:00:00-05:00,2,77.06,78.075,2.4799,77.0625,77.2445,-19.941,7.167,6.427,neutral,81.5088,-0.4509,-1.38
NFLX,NFLX-229,2026-02-24T12:00:00-05:00,2026-02-24T15:00:00-05:00,3,77.425,78.04,2.5629,76.6725,76.6851,22.89,16.739,47.592,neutral,80.7787,-0.4729,-1.1809
NFLX,NFLX-230,2026-02-26T13:00:00-05:00,2026-02-26T14:00:00-05:00,1,85.0,85.3325,2.7655,84.1186,82.9622,63.599,1.349,6.068,distribution,80.728,0.1982,-0.5236
NFLX,NFLX-231,2026-02-26T15:00:00-05:00,2026-02-26T17:00:00-05:00,2,84.615,93.0,2.7655,84.4121,83.3084,55.297,-12.171,-6.953,neutral_up,80.728,0.1982,-0.5236
NFLX,NFLX-232,2026-03-02T09:00:00-05:00,2026-03-03T05:00:00-05:00,12,97.08,94.45,3.5027,95.0735,93.566,45.097,16.112,14.616,neutral_up,82.4648,1.3835,1.9351
NFLX,NFLX-233,2026-03-03T08:00:00-05:00,2026-03-03T18:00:00-05:00,10,94.87,97.2,3.4575,95.373,95.2589,-8.563,-0.565,3.953,neutral,83.7917,1.3268,3.0637
NFLX,NFLX-234,2026-03-04T09:00:00-05:00,2026-03-10T17:00:00-04:00,72,98.81,96.82,3.4341,97.5435,96.9637,37.704,16.113,21.238,neutral_up,85.057,1.2653,3.9756
NFLX,NFLX-235,2026-03-11T10:00:00-04:00,2026-03-11T14:00:00-04:00,4,95.995,95.115,3.1093,96.6656,96.9932,-33.962,-16.607,-11.025,neutral_down,90.085,0.6855,2.6276
NFLX,NFLX-236,2026-03-12T14:00:00-04:00,2026-03-17T19:00:00-04:00,53,94.73,94.3363,3.124,94.5793,94.9249,-15.631,5.693,19.197,neutral,90.5209,0.4359,2.0115
NFLX,NFLX-237,2026-03-18T04:00:00-04:00,2026-03-18T07:00:00-04:00,3,95.32,94.79,2.7806,94.7255,94.8576,-2.725,33.225,32.851,neutral,91.88,0.251,1.0138
NFLX,NFLX-238,2026-03-18T08:00:00-04:00,2026-03-19T12:00:00-04:00,20,94.5628,91.365,2.7806,94.7506,94.8357,-8.158,-6.956,-8.663,neutral,91.88,0.251,1.0138
NFLX,NFLX-239,2026-03-20T14:00:00-04:00,2026-03-23T15:00:00-04:00,17,91.635,93.39,2.8673,91.5076,91.9543,-24.144,7.245,18.639,neutral_down,92.1077,-0.0328,0.4787
NFLX,NFLX-240,2026-03-24T10:00:00-04:00,2026-03-24T14:00:00-04:00,4,92.245,91.145,2.7027,92.9777,92.9112,-15.255,-14.776,-29.925,neutral,92.2055,0.1185,0.065
NFLX,NFLX-241,2026-03-25T11:00:00-04:00,2026-03-26T19:00:00-04:00,24,91.685,93.999,2.7185,91.6929,91.8482,-2.029,-5.418,18.735,neutral,92.0904,-0.115,-0.0173
NFLX,NFLX-242,2026-03-27T04:00:00-04:00,2026-03-27T05:00:00-04:00,1,93.29,93.09,2.7953,93.4545,93.0142,26.367,-14.538,-12.674,neutral_up,92.2215,0.1138,0.016
NFLX,NFLX-243,2026-03-27T08:00:00-04:00,2026-03-31T12:00:00-04:00,36,94.381,96.025,2.7953,93.5388,93.1775,29.561,18.962,14.875,neutral_up,92.2215,0.1138,0.016
NFLX,NFLX-244,2026-04-01T13:00:00-04:00,2026-04-02T05:00:00-04:00,8,95.74,94.67,2.7985,95.6516,95.3724,12.664,4.137,4.849,neutral,92.7313,0.3419,0.5098
NFLX,NFLX-245,2026-04-02T09:00:00-04:00,2026-04-02T10:00:00-04:00,1,95.77,97.525,2.8083,95.0983,95.1831,-0.785,30.019,24.668,neutral,92.9903,0.259,0.6589
NFLX,NFLX-246,2026-04-07T10:00:00-04:00,2026-04-08T05:00:00-04:00,11,98.67,100.35,2.9931,98.8273,98.7099,7.762,-9.482,9.058,neutral,94.0075,0.4973,1.2762
NFLX,NFLX-247,2026-04-08T09:00:00-04:00,2026-04-08T14:00:00-04:00,5,98.75,98.865,2.8953,99.8124,99.499,7.331,-37.252,-42.016,neutral,94.4477,0.4402,1.4575
NFLX,NFLX-248,2026-04-08T15:00:00-04:00,2026-04-08T16:00:00-04:00,1,99.47,99.27,2.8953,99.3715,99.3754,-5.482,9.522,-2.133,neutral,94.4477,0.4402,1.4575
NFLX,NFLX-249,2026-04-08T19:00:00-04:00,2026-04-09T04:00:00-04:00,1,99.18,99.27,2.8953,99.2952,99.3346,-6.098,-2.088,-1.22,neutral,94.4477,0.4402,1.4575
NFLX,NFLX-250,2026-04-09T06:00:00-04:00,2026-04-09T13:00:00-04:00,7,99.6,101.82,2.9,99.3793,99.3643,6.83,5.798,12.928,neutral,94.9043,0.4566,1.394
NFLX,NFLX-251,2026-04-10T15:00:00-04:00,2026-04-10T19:00:00-04:00,4,103.03,103.2113,2.9257,102.3142,101.801,60.106,11.769,24.843,neutral_up,95.5585,0.6542,1.551
NFLX,NFLX-252,2026-04-13T04:00:00-04:00,2026-04-13T05:00:00-04:00,1,102.6,102.58,2.8324,102.7258,102.2354,44.137,-20.334,-18.493,neutral_up,96.2377,0.6792,1.79
NFLX,NFLX-253,2026-04-13T09:00:00-04:00,2026-04-13T13:00:00-04:00,4,102.91,103.435,2.8324,102.9441,102.5371,35.974,-14.877,-0.388,neutral_up,96.2377,0.6792,1.79
NFLX,NFLX-254,2026-04-13T14:00:00-04:00,2026-04-14T11:00:00-04:00,13,103.43,105.585,2.8324,103.1924,102.8196,37.179,0.191,11.035,neutral_up,96.2377,0.6792,1.79
NFLX,NFLX-255,2026-04-15T13:00:00-04:00,2026-04-15T17:00:00-04:00,4,106.74,107.919,2.8008,106.3022,105.7884,45.015,7.772,8.679,neutral_up,97.7177,0.8507,2.1593
NFLX,NFLX-256,2026-04-16T15:00:00-04:00,2026-04-16T16:00:00-04:00,1,107.65,99.01,2.8015,107.8929,107.4893,20.642,-13.272,-24.515,neutral,98.6225,0.9048,2.3848
NFLX,NFLX-257,2026-04-20T04:00:00-04:00,2026-04-20T12:00:00-04:00,8,97.18,94.065,3.4662,97.3739,98.727,-39.991,0.467,4.241,neutral_down,99.2465,-0.1967,1.5288
NFLX,NFLX-258,2026-04-22T12:00:00-04:00,2026-04-23T08:00:00-04:00,12,93.175,94.43,3.4323,93.1653,93.4873,-24.045,3.766,-4.561,neutral_down,98.2747,-0.5685,-1.1684
NFLX,NFLX-259,2026-04-23T09:00:00-04:00,2026-04-23T12:00:00-04:00,3,93.375,92.52,3.2771,93.6214,93.4915,22.168,-29.008,-1.722,neutral,97.8143,-0.4604,-1.4322
NFLX,NFLX-260,2026-04-23T13:00:00-04:00,2026-04-23T14:00:00-04:00,1,92.755,93.075,3.2771,93.1964,93.3184,-29.372,-2.334,-43.497,neutral_down,97.8143,-0.4604,-1.4322
NFLX,NFLX-261,2026-04-24T12:00:00-04:00,2026-04-27T18:00:00-04:00,22,92.225,91.47,3.2264,92.4985,92.7513,-32.274,0.703,-29.406,neutral_down,97.3612,-0.4531,-1.482
NFLX,NFLX-262,2026-04-28T09:00:00-04:00,2026-04-28T10:00:00-04:00,1,90.565,90.885,2.9901,91.503,91.7709,-40.51,-34.909,-18.239,neutral_down,96.4058,-0.5016,-1.4084
NFLX,NFLX-263,2026-04-28T16:00:00-04:00,2026-04-28T17:00:00-04:00,1,91.8,91.89,2.9901,91.515,91.5822,15.152,-2.506,61.436,neutral,96.4058,-0.5016,-1.4084
NFLX,NFLX-264,2026-04-29T16:00:00-04:00,2026-04-30T11:00:00-04:00,11,91.6,93.145,2.9422,92.0124,91.9181,-1.251,-18.283,-24.244,neutral,96.033,-0.3728,-1.3281
NFLX,NFLX-265,2026-05-01T13:00:00-04:00,2026-05-01T15:00:00-04:00,2,92.59,92.1,2.9157,93.4512,93.3066,-16.572,-25.756,-64.412,neutral,95.4935,-0.1884,-0.9123
NFLX,NFLX-266,2026-05-06T13:00:00-04:00,2026-05-08T11:00:00-04:00,30,88.0527,87.635,2.8678,87.911,88.3645,-23.757,5.539,22.28,neutral_down,94.1802,-0.628,-1.3133
NFLX,NFLX-267,2026-05-08T15:00:00-04:00,2026-05-08T17:00:00-04:00,2,87.45,87.4356,2.6851,87.6613,87.9184,-34.893,-0.248,-1.149,neutral_down,93.1486,-0.4889,-1.6596
NFLX,NFLX-268,2026-05-08T19:00:00-04:00,2026-05-11T04:00:00-04:00,1,87.42,87.3,2.6851,87.5249,87.7643,-30.97,1.032,2.349,neutral_down,93.1486,-0.4889,-1.6596
NFLX,NFLX-269,2026-05-11T09:00:00-04:00,2026-05-11T10:00:00-04:00,1,87.06,86.8399,2.5683,87.1216,87.4323,-47.605,16.137,-5.874,neutral_down,92.6305,-0.5181,-1.5497
NFLX,NFLX-270,2026-05-13T15:00:00-04:00,2026-05-14T18:00:00-04:00,19,87.57,86.94,2.6347,87.6179,87.3998,27.114,-17.014,9.956,neutral_up,91.5896,-0.39,-1.559
NFLX,NFLX-271,2026-05-15T09:00:00-04:00,2026-05-18T10:00:00-04:00,17,88.13,89.5499,2.5591,87.2385,87.2658,17.262,33.622,42.828,neutral,90.8347,-0.3895,-1.1448
NFLX,NFLX-272,2026-05-19T13:00:00-04:00,2026-05-19T17:00:00-04:00,4,88.925,89.185,2.6415,89.6744,89.3488,-2.111,-21.28,-85.383,neutral,90.4165,-0.0737,-0.8076
NFLX,NFLX-273,2026-05-20T15:00:00-04:00,2026-05-20T17:00:00-04:00,2,88.115,87.97,2.6521,88.3342,88.646,-34.924,-0.383,12.878,neutral_down,90.3196,-0.097,-0.5151
NFLX,NFLX-274,2026-05-21T08:00:00-04:00,2026-05-21T13:00:00-04:00,5,88.26,90.03,2.5948,88.0588,88.2653,-12.758,12.311,24.125,neutral,90.1192,-0.2004,-0.371
NFLX,NFLX-275,2026-05-26T12:00:00-04:00,2026-05-26T18:00:00-04:00,6,88.105,87.5,2.555,88.0777,88.3519,-29.794,13.05,6.647,neutral_down,89.9146,-0.1315,-0.405
NFLX,NFLX-276,2026-05-27T09:00:00-04:00,2026-05-28T11:00:00-04:00,18,87.35,86.08,2.4782,87.3144,87.6424,-42.267,20.566,2.412,neutral_down,89.7115,-0.2031,-0.4077
NFLX,NFLX-277,2026-05-29T11:00:00-04:00,2026-06-02T06:00:00-04:00,27,86.23,85.65,2.3725,86.2234,86.4512,-28.336,11.052,-16.378,neutral_down,89.2072,-0.2877,-0.7074
NFLX,NFLX-278,2026-06-04T10:00:00-04:00,2026-06-04T17:00:00-04:00,7,82.31,81.413,2.2756,82.521,82.584,3.585,-17.881,0.998,neutral,87.55,-0.602,-1.3674
NFLX,NFLX-279,2026-06-05T10:00:00-04:00,2026-06-05T11:00:00-04:00,1,81.545,81.165,2.2794,81.8566,81.959,-6.159,-19.838,9.502,neutral,87.0082,-0.5418,-1.629
NFLX,NFLX-280,2026-06-05T12:00:00-04:00,2026-06-09T17:00:00-04:00,37,81.4699,81.56,2.2794,81.6686,81.8489,-24.288,0.964,-37.967,neutral_down,87.0082,-0.5418,-1.629
NFLX,NFLX-281,2026-06-09T19:00:00-04:00,2026-06-10T05:00:00-04:00,2,81.9,81.63,2.206,81.7975,81.9488,-12.885,9.01,19.358,neutral,86.2137,-0.3579,-1.3363
NFLX,NFLX-282,2026-06-10T06:00:00-04:00,2026-06-11T11:00:00-04:00,21,81.69,80.84,2.141,81.7124,81.866,-17.977,3.382,-5.092,neutral,85.7765,-0.4372,-1.2317
NFLX,NFLX-283,2026-06-11T16:00:00-04:00,2026-06-11T19:00:00-04:00,3,81.4988,81.62,2.1147,81.3405,81.5245,-10.751,9.16,16.437,neutral,85.4287,-0.3479,-1.1429
NFLX,NFLX-284,2026-06-15T13:00:00-04:00,2026-06-15T15:00:00-04:00,2,81.19,81.67,2.151,81.0882,80.9633,23.877,-9.052,-3.837,neutral_up,84.6198,-0.429,-1.1567
NFLX,NFLX-285,2026-06-17T14:00:00-04:00,2026-06-17T15:00:00-04:00,1,77.17,76.96,2.2476,77.9128,78.5647,-77.216,-12.217,-16.718,accumulation,83.8415,-0.5102,-1.2073
NFLX,NFLX-286,2026-06-18T11:00:00-04:00,2026-06-22T10:00:00-04:00,15,77.425,74.23,2.2285,77.2356,77.5793,-24.416,13.976,27.414,neutral_down,83.2159,-0.6256,-1.4039
NFLX,NFLX-287,2026-06-23T14:00:00-04:00,2026-06-24T18:00:00-04:00,20,73.165,71.65,2.4561,73.2668,73.781,-36.493,1.599,11.274,neutral_down,81.7898,-0.891,-2.0517
NFLX,NFLX-288,2026-06-25T09:00:00-04:00,2026-06-26T10:00:00-04:00,17,72.465,74.435,2.3364,71.8142,72.0914,-11.464,35.658,27.478,neutral,80.139,-0.8299,-2.5418
NFLX,NFLX-289,2026-06-29T13:00:00-04:00,2026-06-29T17:00:00-04:00,4,74.325,74.04,2.4596,74.5702,74.063,25.57,-13.28,-43.195,neutral_up,78.7838,-0.5154,-2.1852
MU,MU-001,2024-07-15T11:00:00-04:00,2024-07-15T14:00:00-04:00,3,132.4,130.615,5.3597,133.6525,133.3758,-2.971,-25.353,-29.619,neutral,134.2482,-0.0698,-0.3124
MU,MU-002,2024-07-18T08:00:00-04:00,2024-07-18T12:00:00-04:00,4,121.51,116.7495,5.4549,120.7921,121.9431,-24.554,14.858,15.476,neutral_down,132.0953,-1.2575,-2.1529
MU,MU-003,2024-07-19T13:00:00-04:00,2024-07-19T16:00:00-04:00,3,114.425,114.4,5.6046,115.7875,117.0392,-52.108,-5.477,-15.894,neutral_down,130.7593,-1.3359,-3.1817
MU,MU-004,2024-07-22T08:00:00-04:00,2024-07-24T06:00:00-04:00,30,115.08,112.28,5.4578,115.0322,115.6057,-15.03,-1.092,6.591,neutral,129.2539,-1.5054,-4.0989
MU,MU-005,2024-07-26T04:00:00-04:00,2024-07-26T05:00:00-04:00,1,109.5,109.86,5.0091,108.3337,108.8387,-3.066,17.903,26.422,neutral,123.6141,-1.6234,-4.3686
MU,MU-006,2024-07-26T09:00:00-04:00,2024-07-29T16:00:00-04:00,23,109.18,107.77,5.0091,109.2624,109.187,8.995,-9.151,-6.516,neutral,123.6141,-1.6234,-4.3686
MU,MU-007,2024-08-01T08:00:00-04:00,2024-08-01T10:00:00-04:00,2,110.11,103.86,5.2477,110.0382,109.3421,17.419,0.033,-5.149,neutral,118.464,-0.8664,-3.8634
MU,MU-008,2024-08-06T08:00:00-04:00,2024-08-07T15:00:00-04:00,23,90.0,86.8,6.0531,90.6734,91.1114,-11.876,-5.319,-1.723,neutral,112.5105,-2.2051,-5.9534
MU,MU-009,2024-08-09T12:00:00-04:00,2024-08-13T12:00:00-04:00,32,93.185,97.275,5.9714,92.8003,91.9457,28.066,-0.483,12.687,neutral_up,106.7575,-1.4677,-5.7531
MU,MU-010,2024-08-16T13:00:00-04:00,2024-08-19T19:00:00-04:00,22,107.85,108.42,5.5466,107.6063,106.5327,36.894,-2.553,-4.835,neutral_up,103.8749,0.3085,-0.6543
MU,MU-011,2024-08-20T11:00:00-04:00,2024-08-20T12:00:00-04:00,1,107.8867,107.03,5.3387,108.13,107.878,0.262,0.017,-35.219,neutral,104.6515,0.3998,1.0852
MU,MU-012,2024-08-20T14:00:00-04:00,2024-08-22T07:00:00-04:00,25,108.315,108.8,5.3387,107.9526,107.8369,3.864,12.013,3.602,neutral,104.6515,0.3998,1.0852
MU,MU-013,2024-08-22T09:00:00-04:00,2024-08-22T13:00:00-04:00,4,108.45,105.43,4.9607,108.4094,108.0911,25.457,-11.496,0.726,neutral_up,105.2626,0.3057,1.0109
MU,MU-014,2024-08-27T12:00:00-04:00,2024-08-27T19:00:00-04:00,7,97.22,97.21,5.0509,97.9312,98.9713,-61.105,-0.325,4.211,neutral_down,104.4125,-0.5503,-0.85
MU,MU-015,2024-08-28T04:00:00-04:00,2024-08-28T10:00:00-04:00,6,98.1,93.43,4.8502,97.6762,98.2478,-25.613,19.109,10.625,neutral_down,103.816,-0.5966,-1.3591
MU,MU-016,2024-08-30T10:00:00-04:00,2024-09-03T06:00:00-04:00,12,96.04,94.79,4.7522,96.8536,96.4525,12.007,-23.352,-20.535,neutral,102.3205,-0.674,-2.0921
MU,MU-017,2024-09-04T14:00:00-04:00,2024-09-04T19:00:00-04:00,5,89.11,89.2692,4.8889,89.3508,89.9005,-14.935,-9.686,0.923,neutral,100.5709,-1.1941,-2.4236
MU,MU-018,2024-09-05T05:00:00-04:00,2024-09-05T06:00:00-04:00,1,89.16,89.48,4.7483,89.3705,89.6514,-14.799,-5.113,-5.029,neutral,99.5453,-1.0255,-2.7751
MU,MU-019,2024-09-05T08:00:00-04:00,2024-09-06T10:00:00-04:00,18,88.61,85.775,4.7483,89.2211,89.5148,-24.376,-12.379,-9.577,neutral_down,99.5453,-1.0255,-2.7751
MU,MU-020,2024-09-09T12:00:00-04:00,2024-09-10T06:00:00-04:00,10,86.461,86.01,4.6028,86.5261,86.9032,-21.928,7.647,-14.188,neutral,97.5109,-1.1131,-3.06
MU,MU-021,2024-09-10T08:00:00-04:00,2024-09-11T14:00:00-04:00,22,87.1,89.57,4.4847,86.5329,86.6028,7.503,14.357,20.016,neutral,96.489,-1.0219,-3.0564
MU,MU-022,2024-09-13T07:00:00-04:00,2024-09-13T10:00:00-04:00,3,88.54,91.14,4.5172,87.8821,87.7293,23.143,2.057,27.484,neutral,94.4413,-0.7221,-2.0477
MU,MU-023,2024-09-17T09:00:00-04:00,2024-09-17T19:00:00-04:00,10,88.04,88.6,4.5547,87.9523,88.0482,4.834,-5.168,0.403,neutral,93.5132,-0.6343,-1.6502
MU,MU-024,2024-09-18T04:00:00-04:00,2024-09-19T06:00:00-04:00,18,88.39,89.7,4.4008,88.4762,88.3648,6.157,-4.938,-5.281,neutral,93.0766,-0.4367,-1.3647
MU,MU-025,2024-09-19T08:00:00-04:00,2024-09-19T13:00:00-04:00,5,89.55,90.33,4.2643,88.9895,88.5736,43.486,-6.699,3.513,neutral_up,92.5587,-0.5179,-1.5889
MU,MU-026,2024-09-20T04:00:00-04:00,2024-09-20T17:00:00-04:00,13,88.85,90.895,4.1747,89.2378,89.0695,0.77,-9.897,-8.533,neutral,92.2561,-0.3026,-1.2571
MU,MU-027,2024-09-24T11:00:00-04:00,2024-09-25T16:00:00-04:00,21,94.26,108.2235,4.0533,94.317,93.7001,20.813,0.041,-47.901,neutral,92.2635,0.1307,-0.2952
MU,MU-028,2024-09-27T04:00:00-04:00,2024-09-27T19:00:00-04:00,15,109.31,107.1,4.8872,109.3593,107.668,37.007,-1.545,-11.416,neutral_up,94.2917,1.5588,2.0282
MU,MU-029,2024-10-01T08:00:00-04:00,2024-10-01T10:00:00-04:00,2,103.76,100.3894,4.8488,103.8285,104.4901,-21.57,1.101,4.937,neutral,96.2378,0.7462,3.5049
MU,MU-030,2024-10-02T11:00:00-04:00,2024-10-03T17:00:00-04:00,22,100.7,101.6396,4.8782,100.444,100.9831,-10.346,2.482,18.086,neutral,96.6061,0.3684,2.3145
MU,MU-031,2024-10-04T12:00:00-04:00,2024-10-07T05:00:00-04:00,9,102.4599,101.16,4.6148,102.738,102.1903,24.031,-14.151,-30.749,neutral_up,97.3517,0.4488,1.1139
MU,MU-032,2024-10-07T08:00:00-04:00,2024-10-07T13:00:00-04:00,5,101.85,104.54,4.488,101.7946,101.9135,-11.549,8.553,14.686,neutral,97.797,0.4453,1.1908
MU,MU-033,2024-10-07T14:00:00-04:00,2024-10-07T17:00:00-04:00,3,102.23,103.0,4.488,102.6867,102.3456,28.028,-31.848,8.473,neutral_up,97.797,0.4453,1.1908
MU,MU-034,2024-10-07T19:00:00-04:00,2024-10-08T04:00:00-04:00,1,102.28,102.18,4.488,102.7074,102.5035,2.709,-11.223,-17.625,neutral,97.797,0.4453,1.1908
MU,MU-035,2024-10-08T09:00:00-04:00,2024-10-09T19:00:00-04:00,26,101.948,101.6,4.4377,102.5955,102.5363,-5.391,-16.528,-9.612,neutral,98.2691,0.4721,1.3662
MU,MU-036,2024-10-10T04:00:00-04:00,2024-10-10T06:00:00-04:00,2,101.37,101.67,4.1003,101.4771,101.6704,-12.175,-3.395,1.084,neutral,98.9339,0.2756,1.1369
MU,MU-037,2024-10-10T07:00:00-04:00,2024-10-10T11:00:00-04:00,4,101.84,105.924,4.1003,101.6219,101.6956,3.131,4.935,15.306,neutral,98.9339,0.2756,1.1369
MU,MU-038,2024-10-11T14:00:00-04:00,2024-10-14T06:00:00-04:00,8,106.4802,107.65,4.217,106.3197,105.5742,39.281,-3.106,-13.451,neutral_up,99.5467,0.6128,1.2776
MU,MU-039,2024-10-14T10:00:00-04:00,2024-10-14T16:00:00-04:00,6,107.51,108.34,4.1057,107.5455,106.8765,49.388,-20.699,-14.524,neutral_up,100.2143,0.6676,1.556
MU,MU-040,2024-10-15T04:00:00-04:00,2024-10-15T12:00:00-04:00,8,107.42,104.592,3.9489,108.0123,107.5944,18.754,-27.483,-32.19,neutral,100.953,0.7387,2.0191
MU,MU-041,2024-10-18T07:00:00-04:00,2024-10-18T13:00:00-04:00,6,112.75,110.375,4.2801,112.423,111.7143,37.483,5.6,-7.5,neutral_up,102.903,0.9167,1.95
MU,MU-042,2024-10-23T05:00:00-04:00,2024-10-23T13:00:00-04:00,8,108.38,103.85,4.0393,107.7471,108.013,-2.543,19.61,25.723,neutral,104.4825,0.3338,1.5795
MU,MU-043,2024-10-24T12:00:00-04:00,2024-10-24T14:00:00-04:00,2,106.26,106.515,4.0565,106.3668,106.3812,1.63,-5.993,-1.625,neutral,104.5332,0.0507,0.8796
MU,MU-044,2024-10-24T19:00:00-04:00,2024-10-25T05:00:00-04:00,2,107.2,108.01,4.0565,106.8885,106.6629,23.907,0.208,11.637,neutral_up,104.5332,0.0507,0.8796
MU,MU-045,2024-10-25T07:00:00-04:00,2024-10-25T09:00:00-04:00,2,108.1,109.07,3.9446,107.5511,107.0868,47.522,2.076,11.754,neutral_up,104.7429,0.2097,0.5941
MU,MU-046,2024-10-28T04:00:00-04:00,2024-10-28T14:00:00-04:00,10,108.39,106.74,3.88,108.0683,107.9073,5.844,16.257,2.096,neutral,105.0317,0.2888,0.5492
MU,MU-047,2024-10-29T11:00:00-04:00,2024-10-30T12:00:00-04:00,17,106.4301,104.62,3.7357,106.4281,106.7423,-23.392,7.126,11.395,neutral,105.1534,0.1217,0.6202
MU,MU-048,2024-11-01T11:00:00-04:00,2024-11-04T10:00:00-05:00,15,100.3,103.33,3.8379,100.3126,100.8225,-26.237,3.848,2.185,neutral_down,104.7823,-0.5162,-0.371
MU,MU-049,2024-11-05T10:00:00-05:00,2024-11-05T11:00:00-05:00,1,103.06,104.125,3.6812,102.4608,102.0341,40.033,7.202,5.435,neutral_up,104.0882,-0.2348,-1.2104
MU,MU-050,2024-11-07T15:00:00-05:00,2024-11-11T06:00:00-05:00,23,113.41,110.3,3.9201,113.0506,111.7784,61.298,-3.326,-17.258,neutral_up,104.9107,0.6959,0.5876
MU,MU-051,2024-11-11T07:00:00-05:00,2024-11-11T09:00:00-05:00,2,111.17,107.63,3.812,111.1982,111.5925,-35.65,16.892,-8.022,neutral_down,106.2521,0.5688,2.0374
MU,MU-052,2024-11-14T13:00:00-05:00,2024-11-14T17:00:00-05:00,4,99.17,98.77,4.1119,100.2337,100.9766,-57.418,-10.897,-31.284,neutral_down,105.6761,-0.5776,-0.576
MU,MU-053,2024-11-18T11:00:00-05:00,2024-11-21T11:00:00-05:00,48,97.35,101.4,4.0474,96.8069,97.1303,-3.634,12.359,28.543,neutral,104.2931,-0.7943,-1.9607
MU,MU-054,2024-11-22T14:00:00-05:00,2024-11-25T14:00:00-05:00,16,103.05,105.08,3.763,102.8151,102.1196,38.799,-1.219,0.632,neutral_up,102.7087,0.0051,-0.9677
MU,MU-055,2024-11-26T05:00:00-05:00,2024-11-26T10:00:00-05:00,5,103.72,101.24,3.6506,104.0897,103.8881,-3.397,-3.515,-15.046,neutral,102.8641,0.1626,0.1606
MU,MU-056,2024-11-29T13:00:00-05:00,2024-12-03T05:00:00-05:00,19,97.95,99.47,3.812,97.8003,98.3511,-20.691,5.286,22.97,neutral,102.3555,-0.4155,-0.3461
MU,MU-057,2024-12-04T09:00:00-05:00,2024-12-04T15:00:00-05:00,6,100.1099,103.23,3.7176,100.7671,100.4324,13.855,-25.801,-15.894,neutral,101.484,-0.1614,-0.8714
MU,MU-058,2024-12-06T13:00:00-05:00,2024-12-09T11:00:00-05:00,14,101.288,103.42,3.7049,101.3586,101.469,-2.544,-5.191,7.094,neutral,101.5725,-0.0703,-0.0729
MU,MU-059,2024-12-10T10:00:00-05:00,2024-12-10T11:00:00-05:00,1,100.42,99.39,3.6328,102.8181,102.6775,-17.474,-34.334,-73.274,neutral,101.6552,0.1175,0.0125
MU,MU-060,2024-12-13T11:00:00-05:00,2024-12-13T13:00:00-05:00,2,100.69,101.51,3.9909,100.5969,100.3614,15.223,-6.978,-2.945,neutral,101.1117,-0.2872,-0.5435
MU,MU-061,2024-12-17T10:00:00-05:00,2024-12-18T15:00:00-05:00,21,109.17,103.62,4.3844,109.0477,108.025,32.153,-4.683,-11.868,neutral_up,101.8773,0.6367,0.4785
MU,MU-062,2024-12-20T04:00:00-05:00,2024-12-20T06:00:00-05:00,2,84.67,84.58,5.6588,86.7506,90.1268,-69.149,-9.305,-10.331,accumulation,101.1847,-1.41,-0.6926
MU,MU-063,2024-12-20T11:00:00-05:00,2024-12-20T17:00:00-05:00,6,87.76,90.3,5.6588,86.2347,88.046,-22.328,17.592,34.366,neutral,101.1847,-1.41,-0.6926
MU,MU-064,2024-12-23T14:00:00-05:00,2024-12-27T05:00:00-05:00,34,89.755,89.44,5.7339,89.5351,89.4307,2.369,6.142,9.18,neutral,100.1788,-1.0059,-2.3133
MU,MU-065,2024-12-27T09:00:00-05:00,2024-12-27T11:00:00-05:00,2,88.4899,88.42,5.0473,89.2603,89.367,-28.854,-19.879,-26.544,neutral_down,97.5626,-0.7743,-2.6162
MU,MU-066,2024-12-27T13:00:00-05:00,2024-12-27T15:00:00-05:00,2,88.9,88.63,5.0473,88.8369,89.0995,-26.487,16.124,9.034,neutral_down,97.5626,-0.7743,-2.6162
MU,MU-067,2024-12-27T19:00:00-05:00,2024-12-30T05:00:00-05:00,2,88.65,88.26,5.0473,88.7534,88.9445,-18.136,-1.097,-0.649,neutral,97.5626,-0.7743,-2.6162
MU,MU-068,2024-12-30T08:00:00-05:00,2024-12-30T09:00:00-05:00,1,86.94,85.016,4.8468,88.0614,88.5186,-68.029,-15.799,-37.918,accumulation,96.7505,-0.8121,-2.492
MU,MU-069,2024-12-31T12:00:00-05:00,2024-12-31T14:00:00-05:00,2,84.81,84.57,4.7899,85.29,85.8833,-50.77,-0.894,-18.703,neutral_down,95.7114,-1.0391,-2.6255
MU,MU-070,2025-01-08T06:00:00-05:00,2025-01-08T12:00:00-05:00,6,103.36,99.39,5.1098,103.1215,102.1452,35.077,-5.065,12.062,neutral_up,94.8425,0.7067,0.8469
MU,MU-071,2025-01-10T10:00:00-05:00,2025-01-13T06:00:00-05:00,12,99.11,96.445,5.1145,98.9563,99.6687,-26.387,13.944,4.101,neutral_down,95.2587,0.4161,1.6363
MU,MU-072,2025-01-13T08:00:00-05:00,2025-01-13T09:00:00-05:00,1,96.72,94.35,5.0285,97.5294,98.4187,-53.343,6.597,-0.296,neutral_down,95.6324,0.3738,1.4966
MU,MU-073,2025-01-14T08:00:00-05:00,2025-01-15T08:00:00-05:00,16,97.0,99.9395,5.1329,96.3976,96.5397,6.292,8.722,-1.286,neutral,95.5822,-0.0502,0.7397
MU,MU-074,2025-01-16T12:00:00-05:00,2025-01-17T07:00:00-05:00,11,103.905,103.59,5.0475,103.7453,102.7805,29.816,-0.008,-6.045,neutral_up,96.4178,0.6712,0.7853
MU,MU-075,2025-01-17T08:00:00-05:00,2025-01-17T16:00:00-05:00,8,104.63,105.55,4.8962,103.5289,103.1335,34.643,14.232,16.912,neutral_up,96.9789,0.5611,1.3967
MU,MU-076,2025-01-22T13:00:00-05:00,2025-01-22T19:00:00-05:00,6,109.79,105.8,4.8038,109.666,109.0939,17.585,2.115,1.414,neutral,98.8285,1.0531,2.4107
MU,MU-077,2025-01-24T05:00:00-05:00,2025-01-24T14:00:00-05:00,9,105.07,102.986,4.7557,105.0682,105.6789,-25.527,1.819,19.42,neutral_down,100.2364,0.4614,2.461
MU,MU-078,2025-01-29T10:00:00-05:00,2025-01-30T11:00:00-05:00,17,88.397,92.575,5.3625,89.519,90.2046,-29.279,-12.922,-19.347,neutral_down,98.617,-1.0347,-1.6194
MU,MU-079,2025-01-31T04:00:00-05:00,2025-01-31T19:00:00-05:00,15,91.86,90.45,5.0987,91.7809,91.3553,11.87,2.748,-24.119,neutral,97.2742,-0.4694,-2.3775
MU,MU-080,2025-02-03T19:00:00-05:00,2025-02-04T05:00:00-05:00,2,91.12,90.21,4.958,90.6235,90.5917,15.097,4.071,14.785,neutral,96.7316,-0.5427,-1.8854
MU,MU-081,2025-02-04T08:00:00-05:00,2025-02-05T13:00:00-05:00,21,89.88,92.7799,4.8454,90.3082,90.4282,-13.054,-8.591,-6.469,neutral,96.1114,-0.6201,-1.6322
MU,MU-082,2025-02-06T19:00:00-05:00,2025-02-07T04:00:00-05:00,1,94.38,94.62,4.5987,94.4586,93.974,25.068,-6.166,-4.086,neutral_up,95.432,-0.1822,-1.2996
MU,MU-083,2025-02-07T05:00:00-05:00,2025-02-07T12:00:00-05:00,7,94.57,92.75,4.4865,94.5067,94.0816,25.633,-1.002,-5.601,neutral_up,95.3491,-0.0829,-0.7623
MU,MU-084,2025-02-11T12:00:00-05:00,2025-02-11T14:00:00-05:00,2,93.7902,94.13,4.4399,94.7555,94.7499,-20.188,-21.81,-21.301,neutral,95.1473,0.0763,-0.2847
MU,MU-085,2025-02-12T07:00:00-05:00,2025-02-12T08:00:00-05:00,1,94.64,90.37,4.2906,94.2939,94.3991,0.043,14.5,21.23,neutral,95.053,-0.0943,-0.2961
MU,MU-086,2025-02-20T12:00:00-05:00,2025-02-21T11:00:00-05:00,15,103.79,100.8358,4.6916,103.6018,103.9175,-15.487,10.624,15.702,neutral,97.0368,0.7323,2.2073
MU,MU-087,2025-02-25T19:00:00-05:00,2025-02-26T09:00:00-05:00,6,93.99,97.58,4.6901,94.0768,94.8916,-28.487,-0.621,34.837,neutral_down,97.4984,-0.2098,0.4616
MU,MU-088,2025-02-27T09:00:00-05:00,2025-02-27T11:00:00-05:00,2,94.7384,95.16,4.7167,98.0974,97.598,-4.605,-55.471,-55.786,neutral,97.1683,0.0562,-0.5399
MU,MU-089,2025-02-28T13:00:00-05:00,2025-03-03T05:00:00-05:00,8,92.68,94.87,4.9795,92.7813,93.4666,-15.869,-2.095,10.326,neutral,96.6758,-0.4926,-0.8226
MU,MU-090,2025-03-03T10:00:00-05:00,2025-03-03T16:00:00-05:00,6,94.28,90.8497,4.9516,94.4317,94.1575,6.974,-3.993,-37.411,neutral,96.398,-0.2778,-0.7142
MU,MU-091,2025-03-04T15:00:00-05:00,2025-03-04T19:00:00-05:00,4,91.26,92.52,5.0844,90.8838,91.1799,8.362,-6.635,34.971,neutral,95.8672,-0.5307,-1.3011
MU,MU-092,2025-03-05T15:00:00-05:00,2025-03-06T13:00:00-05:00,14,94.34,89.96,5.2062,93.3286,92.6398,42.781,0.915,22.436,neutral_up,95.4484,-0.4188,-1.2274
MU,MU-093,2025-03-07T08:00:00-05:00,2025-03-07T18:00:00-05:00,10,90.0,92.84,5.1747,90.3457,90.8094,-23.149,-2.439,-8.219,neutral,94.7951,-0.5525,-1.0721
MU,MU-094,2025-03-10T04:00:00-04:00,2025-03-10T05:00:00-04:00,1,90.45,90.4,5.0958,91.907,91.6265,-0.369,-30.449,-30.644,neutral,94.6292,-0.1659,-0.8192
MU,MU-095,2025-03-10T08:00:00-04:00,2025-03-10T10:00:00-04:00,2,90.11,88.0695,5.0958,90.949,91.2031,-27.133,-3.386,-11.773,neutral_down,94.6292,-0.1659,-0.8192
MU,MU-096,2025-03-11T10:00:00-04:00,2025-03-12T05:00:00-04:00,11,86.92,90.75,5.2468,87.9368,88.4228,-16.869,-17.043,-8.537,neutral,93.9447,-0.6845,-1.4029
MU,MU-097,2025-03-13T11:00:00-04:00,2025-03-14T09:00:00-04:00,14,96.05,100.69,5.4305,95.6886,94.6648,33.254,-4.031,8.633,neutral_up,93.6886,0.1961,-0.9406
MU,MU-098,2025-03-17T11:00:00-04:00,2025-03-17T14:00:00-04:00,3,102.71,104.2597,5.5186,101.4025,100.2556,60.173,7.029,7.412,neutral_up,94.4334,0.6347,0.9409
MU,MU-099,2025-03-18T11:00:00-04:00,2025-03-20T17:00:00-04:00,38,101.67,106.6779,5.3865,102.1878,102.0487,-12.184,-0.037,-27.587,neutral,95.2204,0.787,1.5317
MU,MU-100,2025-03-21T04:00:00-04:00,2025-03-21T05:00:00-04:00,1,100.9,100.59,4.9436,103.6592,103.2872,-9.737,-36.744,-73.431,neutral,96.9694,0.5911,1.749
MU,MU-101,2025-03-24T11:00:00-04:00,2025-03-24T18:00:00-04:00,7,96.08,96.6801,5.2462,96.0089,96.6357,-8.957,-3.935,18.167,neutral,96.7667,-0.2027,0.9546
MU,MU-102,2025-03-25T04:00:00-04:00,2025-03-25T12:00:00-04:00,8,96.15,94.4594,5.1342,96.5253,96.6448,-7.691,-9.138,-9.284,neutral,96.7725,0.0058,0.3941
MU,MU-103,2025-03-27T14:00:00-04:00,2025-03-28T10:00:00-04:00,12,91.15,88.51,5.0694,91.2048,91.9315,-35.319,10.101,-1.7,neutral_down,96.1407,-0.3961,-0.626
MU,MU-104,2025-04-01T18:00:00-04:00,2025-04-01T19:00:00-04:00,1,88.9,88.88,4.7629,88.4221,87.9632,31.491,0.887,10.024,neutral_up,94.2869,-0.7397,-1.8538
MU,MU-105,2025-04-02T04:00:00-04:00,2025-04-02T17:00:00-04:00,13,88.4,84.83,4.6116,88.491,88.0787,21.451,-9.527,-9.153,neutral,93.7827,-0.5043,-1.9016
MU,MU-106,2025-04-07T11:00:00-04:00,2025-04-07T17:00:00-04:00,6,66.2199,68.8,5.5926,65.0886,66.5014,-3.742,0.523,51.825,neutral,89.1429,-2.4423,-4.6398
MU,MU-107,2025-04-08T12:00:00-04:00,2025-04-08T16:00:00-04:00,4,68.06,65.7799,5.9731,69.9151,69.1463,5.679,-23.233,-43.784,neutral,87.2535,-1.8894,-6.0562
MU,MU-108,2025-04-11T11:00:00-04:00,2025-04-14T07:00:00-04:00,12,68.21,73.3,7.0879,69.2269,70.0826,-33.879,1.262,-20.669,neutral_down,83.2802,-1.323,-3.9734
MU,MU-109,2025-04-15T08:00:00-04:00,2025-04-15T19:00:00-04:00,11,70.89,68.65,6.7087,71.0901,71.0699,-2.132,-2.849,-10.346,neutral,81.0275,-1.0017,-3.5757
MU,MU-110,2025-04-16T16:00:00-04:00,2025-04-17T17:00:00-04:00,17,69.0072,68.99,6.3903,68.969,69.3325,-10.769,2.006,2.644,neutral,80.1177,-0.9098,-3.1624
MU,MU-111,2025-04-24T04:00:00-04:00,2025-04-24T11:00:00-04:00,7,71.69,76.0872,5.6202,72.861,72.3929,-0.678,-22.958,-31.431,neutral,76.1938,-0.3344,-2.0051
MU,MU-112,2025-04-25T13:00:00-04:00,2025-04-25T14:00:00-04:00,1,79.25,79.85,5.5573,78.3731,77.2922,59.35,-0.778,16.338,neutral_up,76.3016,0.1078,-0.8574
MU,MU-113,2025-04-25T15:00:00-04:00,2025-04-25T16:00:00-04:00,1,79.79,79.82,5.5573,78.8928,77.7307,64.283,-0.443,4.155,distribution,76.3016,0.1078,-0.8574
MU,MU-114,2025-04-28T11:00:00-04:00,2025-04-28T12:00:00-04:00,1,77.42,77.24,5.4032,78.668,78.5542,-22.17,-17.604,-49.028,neutral,76.6187,0.3171,0.0906
MU,MU-115,2025-04-28T13:00:00-04:00,2025-04-28T14:00:00-04:00,1,77.4898,78.0294,5.4032,78.2039,78.3488,-32.102,0.317,-27.536,neutral_down,76.6187,0.3171,0.0906
MU,MU-116,2025-04-28T15:00:00-04:00,2025-04-28T16:00:00-04:00,1,78.559,78.1699,5.4032,78.247,78.3415,-6.668,14.795,25.752,neutral,76.6187,0.3171,0.0906
MU,MU-117,2025-04-29T08:00:00-04:00,2025-04-29T12:00:00-04:00,4,78.01,76.62,5.2223,78.2928,78.3299,-7.984,-7.711,-17.632,neutral,76.7951,0.1764,0.6014
MU,MU-118,2025-04-29T13:00:00-04:00,2025-04-29T16:00:00-04:00,3,77.54,75.0,5.2223,77.4868,77.8597,-32.323,18.746,-0.243,neutral_down,76.7951,0.1764,0.6014
MU,MU-119,2025-05-02T04:00:00-04:00,2025-05-02T05:00:00-04:00,1,78.29,78.1,4.7642,77.811,77.82,-2.667,21.564,22.583,neutral,76.8963,0.0854,0.1012
MU,MU-120,2025-05-02T08:00:00-04:00,2025-05-02T10:00:00-04:00,2,79.34,80.0162,4.7642,78.3368,78.0805,36.286,17.635,32.262,neutral_up,76.8963,0.0854,0.1012
MU,MU-121,2025-05-05T12:00:00-04:00,2025-05-05T16:00:00-04:00,4,80.305,80.3,4.7039,80.0034,79.8459,12.019,10.118,10.456,neutral,77.2421,0.3458,0.4411
MU,MU-122,2025-05-05T17:00:00-04:00,2025-05-06T19:00:00-04:00,18,80.26,81.5,4.7039,80.2892,80.0785,14.587,-4.591,-17.291,neutral,77.2421,0.3458,0.4411
MU,MU-123,2025-05-07T14:00:00-04:00,2025-05-07T19:00:00-04:00,5,81.3,82.4993,4.3863,81.2425,80.9351,15.526,-1.192,-4.877,neutral,77.8004,0.269,0.9041
MU,MU-124,2025-05-09T09:00:00-04:00,2025-05-12T04:00:00-04:00,11,85.465,91.45,4.2141,85.5407,84.8919,38.53,-12.379,-19.905,neutral_up,78.8685,0.6281,1.3371
MU,MU-125,2025-05-13T08:00:00-04:00,2025-05-13T11:00:00-04:00,3,93.25,96.92,4.3337,92.3789,91.4755,49.344,13.097,18.498,neutral_up,80.6686,1.1631,2.4282
MU,MU-126,2025-05-14T12:00:00-04:00,2025-05-14T18:00:00-04:00,6,96.41,95.08,4.3892,96.5301,95.8779,18.067,-2.908,-2.367,neutral,82.146,1.4774,3.2775
MU,MU-127,2025-05-20T13:00:00-04:00,2025-05-21T16:00:00-04:00,19,97.82,95.75,4.0817,98.0594,97.8564,6.413,-8.253,-7.534,neutral,86.8702,1.179,3.5216
MU,MU-128,2025-05-22T15:00:00-04:00,2025-05-23T06:00:00-04:00,7,94.85,95.12,3.8858,96.0161,96.299,-27.445,-26.006,-26.213,neutral_down,88.6154,0.7225,2.9241
MU,MU-129,2025-05-28T08:00:00-04:00,2025-05-28T19:00:00-04:00,11,96.69,99.35,3.7839,96.448,95.9755,39.191,-0.89,11.168,neutral_up,90.1826,0.6187,1.5671
MU,MU-130,2025-06-02T09:00:00-04:00,2025-06-02T11:00:00-04:00,2,94.875,96.53,3.6901,94.1652,94.5857,-9.95,20.576,31.879,neutral,91.5696,0.288,1.387
MU,MU-131,2025-06-04T14:00:00-04:00,2025-06-05T05:00:00-04:00,7,102.81,104.58,3.9292,102.7094,101.874,42.851,-3.701,-17.802,neutral_up,93.0823,0.9118,1.8008
MU,MU-132,2025-06-09T11:00:00-04:00,2025-06-09T14:00:00-04:00,3,110.74,111.2359,4.0088,110.0489,109.1462,57.088,-7.807,8.855,neutral_up,96.341,1.2219,3.2587
MU,MU-133,2025-06-10T07:00:00-04:00,2025-06-10T11:00:00-04:00,4,111.45,114.12,4.006,110.9611,110.4182,32.493,7.813,-0.646,neutral_up,97.6609,1.3199,3.6579
MU,MU-134,2025-06-11T14:00:00-04:00,2025-06-11T16:00:00-04:00,2,115.28,116.25,4.0101,115.7713,114.8652,28.428,-15.819,-38.467,neutral_up,99.1654,1.5045,4.0463
MU,MU-135,2025-06-11T18:00:00-04:00,2025-06-13T06:00:00-04:00,20,116.09,113.65,4.0101,116.0041,115.2775,31.595,-3.166,0.945,neutral_up,99.1654,1.5045,4.0463
MU,MU-136,2025-06-13T09:00:00-04:00,2025-06-13T11:00:00-04:00,2,115.71,116.765,3.8714,114.5816,114.9334,-15.962,39.473,32.74,neutral,102.112,1.4108,4.4511
MU,MU-137,2025-06-13T14:00:00-04:00,2025-06-13T15:00:00-04:00,1,115.57,115.61,3.8714,115.6279,115.407,16.282,-11.49,-9.288,neutral,102.112,1.4108,4.4511
MU,MU-138,2025-06-17T12:00:00-04:00,2025-06-17T14:00:00-04:00,2,120.77,120.504,3.9485,120.808,119.8111,47.276,-19.814,-28.558,neutral_up,104.8365,1.4974,4.1352
MU,MU-139,2025-06-18T10:00:00-04:00,2025-06-18T12:00:00-04:00,2,121.7,122.54,3.9636,121.2101,120.6981,33.063,1.217,-0.142,neutral_up,106.2468,1.4103,4.1348
MU,MU-140,2025-06-18T13:00:00-04:00,2025-06-20T18:00:00-04:00,21,121.78,123.7999,3.9636,121.6431,121.0495,35.555,-10.381,2.492,neutral_up,106.2468,1.4103,4.1348
MU,MU-141,2025-06-23T09:00:00-04:00,2025-06-24T05:00:00-04:00,12,123.1,125.48,3.8733,123.5047,123.0835,15.785,-15.235,-12.352,neutral,109.1106,1.4498,4.2741
MU,MU-142,2025-06-25T15:00:00-04:00,2025-06-26T13:00:00-04:00,14,127.4899,124.27,4.0814,126.9425,126.8232,5.908,15.868,17.582,neutral,111.8878,1.5982,4.2271
MU,MU-143,2025-06-27T11:00:00-04:00,2025-06-30T18:00:00-04:00,23,125.17,123.0,4.1012,125.6477,126.1319,-22.774,-0.926,-4.907,neutral,114.462,1.1558,4.1724
MU,MU-144,2025-07-01T13:00:00-04:00,2025-07-01T14:00:00-04:00,1,121.28,120.85,4.0423,121.4394,122.3821,-45.319,14.235,8.971,neutral_down,116.1057,0.7084,2.7995
MU,MU-145,2025-07-02T06:00:00-04:00,2025-07-03T05:00:00-04:00,15,120.76,122.23,4.1042,121.0093,121.5406,-24.441,-5.068,6.068,neutral_down,116.5397,0.434,2.0777
MU,MU-146,2025-07-03T12:00:00-04:00,2025-07-07T10:00:00-04:00,9,122.25,119.2642,4.1639,122.4757,122.1531,21.459,-17.62,-7.681,neutral,117.0116,0.4718,1.6143
MU,MU-147,2025-07-08T08:00:00-04:00,2025-07-08T09:00:00-04:00,1,121.75,122.7945,3.9577,121.0544,120.9022,30.331,2.484,14.209,neutral_up,117.7131,0.2217,1.1734
MU,MU-148,2025-07-10T12:00:00-04:00,2025-07-11T16:00:00-04:00,20,123.1853,124.41,4.1265,123.0168,123.003,6.912,0.437,6.425,neutral,118.671,0.3509,1.1796
MU,MU-149,2025-07-15T10:00:00-04:00,2025-07-16T10:00:00-04:00,16,119.3756,116.28,4.2206,119.8643,120.1941,-14.172,-10.501,-12.521,neutral,119.4815,-0.0882,0.8105
MU,MU-150,2025-07-18T07:00:00-04:00,2025-07-21T19:00:00-04:00,28,113.53,113.05,4.2886,113.2617,113.7447,-15.632,7.104,6.402,neutral,118.7039,-0.5454,-0.7776
MU,MU-151,2025-07-23T13:00:00-04:00,2025-07-24T07:00:00-04:00,10,109.29,110.95,4.1072,109.426,109.8542,-20.176,-3.183,3.679,neutral,117.0574,-0.7887,-1.6465
MU,MU-152,2025-07-24T08:00:00-04:00,2025-07-24T10:00:00-04:00,2,110.7461,112.29,3.9148,110.4609,110.2384,28.651,-3.221,5.162,neutral_up,116.4012,-0.6561,-1.9095
MU,MU-153,2025-07-25T07:00:00-04:00,2025-07-29T07:00:00-04:00,32,111.46,112.35,3.8416,111.6602,111.3911,9.208,-5.822,-13.693,neutral,115.9766,-0.4247,-1.8695
MU,MU-154,2025-07-29T08:00:00-04:00,2025-07-30T13:00:00-04:00,21,112.24,114.23,3.6576,111.8243,111.5776,38.045,-2.833,13.146,neutral_up,115.1544,-0.3934,-1.2469
MU,MU-155,2025-07-30T14:00:00-04:00,2025-07-30T15:00:00-04:00,1,113.48,114.759,3.6013,113.3658,112.8235,44.055,-15.742,-5.649,neutral_up,114.8649,-0.2895,-1.1117
MU,MU-156,2025-08-04T07:00:00-04:00,2025-08-04T11:00:00-04:00,4,106.15,107.75,3.9947,105.7509,106.2658,-2.928,-0.981,21.308,neutral,113.475,-0.8625,-1.3899
MU,MU-157,2025-08-05T10:00:00-04:00,2025-08-06T18:00:00-04:00,24,107.98,113.01,3.9258,108.3977,107.8602,28.66,-24.606,-30.593,neutral_up,112.9564,-0.5186,-1.8989
MU,MU-158,2025-08-08T05:00:00-04:00,2025-08-08T11:00:00-04:00,6,112.5,118.5,3.9956,112.2288,111.7864,23.051,2.216,5.021,neutral,112.2236,-0.0354,-0.7327
MU,MU-159,2025-08-12T10:00:00-04:00,2025-08-12T11:00:00-04:00,1,125.62,127.7235,4.5519,123.9109,122.6161,62.03,11.35,24.148,distribution,113.8214,0.9909,1.5624
MU,MU-160,2025-08-12T12:00:00-04:00,2025-08-12T13:00:00-04:00,1,126.78,127.8834,4.5519,125.0947,123.4167,80.754,-3.241,30.075,distribution,113.8214,0.9909,1.5624
MU,MU-161,2025-08-14T12:00:00-04:00,2025-08-15T06:00:00-04:00,10,124.36,125.3,4.6651,123.9691,124.3182,-6.352,7.654,40.954,neutral,115.9205,0.8319,3.09
MU,MU-162,2025-08-15T08:00:00-04:00,2025-08-15T09:00:00-04:00,1,123.75,120.06,4.6419,124.8261,124.7736,-11.663,-25.066,-30.637,neutral,116.7696,0.849,2.9481
MU,MU-163,2025-08-18T12:00:00-04:00,2025-08-18T14:00:00-04:00,2,122.54,123.0798,4.726,121.7764,121.8524,18.382,4.011,25.139,neutral,117.1396,0.37,2.051
MU,MU-164,2025-08-19T11:00:00-04:00,2025-08-20T04:00:00-04:00,9,123.21,120.12,4.6042,123.0515,122.8723,4.889,7.723,-11.116,neutral,117.7205,0.5809,1.8
MU,MU-165,2025-08-21T09:00:00-04:00,2025-08-21T12:00:00-04:00,3,116.66,115.9401,4.7807,116.935,117.4985,-22.333,0.836,-13.932,neutral,118.0343,-0.0834,0.8947
MU,MU-166,2025-08-21T13:00:00-04:00,2025-08-22T14:00:00-04:00,17,116.5367,118.335,4.7807,116.5895,117.138,-23.012,6.275,-3.94,neutral,118.0343,-0.0834,0.8947
MU,MU-167,2025-08-25T08:00:00-04:00,2025-08-27T06:00:00-04:00,30,117.3,117.18,4.6135,117.3987,117.4392,-9.791,4.5,-0.857,neutral,117.8157,-0.0146,-0.302
MU,MU-168,2025-08-27T08:00:00-04:00,2025-08-28T10:00:00-04:00,18,117.07,121.63,4.2914,117.0437,117.0007,9.703,-5.914,16.833,neutral,117.5757,-0.1086,-0.2546
MU,MU-169,2025-08-29T10:00:00-04:00,2025-08-29T13:00:00-04:00,3,119.33,118.47,4.1972,120.6323,120.3583,-5.188,-21.341,-16.863,neutral,117.9915,0.4008,0.3072
MU,MU-170,2025-09-03T14:00:00-04:00,2025-09-04T12:00:00-04:00,14,117.905,121.12,4.2728,118.2241,118.2927,-14.173,0.424,-13.74,neutral,118.1227,0.0367,0.532
MU,MU-171,2025-09-08T13:00:00-04:00,2025-09-08T14:00:00-04:00,1,131.15,132.175,4.4588,130.7454,129.5036,42.373,-2.377,-0.114,neutral_up,119.8752,1.1515,1.7525
MU,MU-172,2025-09-08T15:00:00-04:00,2025-09-09T11:00:00-04:00,12,131.48,134.335,4.4588,131.1211,129.9041,45.25,-5.685,0.5,neutral_up,119.8752,1.1515,1.7525
MU,MU-173,2025-09-15T08:00:00-04:00,2025-09-16T06:00:00-04:00,14,158.03,159.96,5.7161,157.1304,155.5313,45.681,-1.722,18.065,neutral_up,129.0869,2.8113,6.8558
MU,MU-174,2025-09-16T08:00:00-04:00,2025-09-17T19:00:00-04:00,27,158.6,162.1,5.5786,158.8494,157.8928,31.789,-15.574,-23.901,neutral_up,131.6926,2.6057,7.8435
MU,MU-175,2025-09-22T09:00:00-04:00,2025-09-22T13:00:00-04:00,4,163.855,166.48,5.9861,163.063,163.411,-0.737,9.658,14.279,neutral,141.5594,2.1121,7.4024
MU,MU-176,2025-09-22T15:00:00-04:00,2025-09-22T16:00:00-04:00,1,164.58,165.3,5.9861,165.0652,164.4706,20.578,-18.293,-22.803,neutral,141.5594,2.1121,7.4024
MU,MU-177,2025-09-23T12:00:00-04:00,2025-09-24T12:00:00-04:00,16,168.23,159.2707,5.9635,167.2859,166.2981,47.01,0.166,6.472,neutral_up,143.6521,2.0928,7.1481
MU,MU-178,2025-09-26T07:00:00-04:00,2025-09-29T09:00:00-04:00,18,158.0,164.73,6.0919,157.1357,158.0189,-11.087,10.667,29.225,neutral,148.0525,0.8737,4.4004
MU,MU-179,2025-09-30T13:00:00-04:00,2025-09-30T16:00:00-04:00,3,165.7251,166.93,6.1093,165.4822,164.1419,45.313,-7.863,-29.01,neutral_up,150.2567,1.3653,3.0779
MU,MU-180,2025-10-01T04:00:00-04:00,2025-10-01T10:00:00-04:00,6,164.89,176.63,6.0329,166.1718,165.256,18.398,-27.045,-30.542,neutral,151.8161,1.5594,3.7636
MU,MU-181,2025-10-02T15:00:00-04:00,2025-10-03T11:00:00-04:00,12,183.74,190.5885,6.8084,183.3084,180.7431,56.583,-4.428,-22.61,neutral_up,154.5701,2.754,5.6787
MU,MU-182,2025-10-07T08:00:00-04:00,2025-10-07T11:00:00-04:00,3,195.8,185.634,7.2359,194.7205,193.3048,40.064,-5.063,8.734,neutral_up,162.8186,2.8141,8.2485
MU,MU-183,2025-10-09T12:00:00-04:00,2025-10-09T16:00:00-04:00,4,191.2325,192.36,7.8462,193.9503,193.7216,-17.647,-17.952,-38.81,neutral,167.7747,2.8805,7.7702
MU,MU-184,2025-10-10T08:00:00-04:00,2025-10-10T11:00:00-04:00,3,192.531,184.46,7.7943,192.3641,192.6662,-5.628,3.101,13.224,neutral,170.0061,2.2314,7.1875
MU,MU-185,2025-10-14T08:00:00-04:00,2025-10-14T13:00:00-04:00,5,187.15,191.3,8.4872,187.7953,188.6006,-26.716,12.465,5.76,neutral_down,173.0208,1.9689,5.2461
MU,MU-186,2025-10-14T15:00:00-04:00,2025-10-14T16:00:00-04:00,1,187.04,188.0,8.4872,189.3394,189.1873,-1.501,-21.452,-18.152,neutral,173.0208,1.9689,5.2461
MU,MU-187,2025-10-15T10:00:00-04:00,2025-10-16T05:00:00-04:00,11,189.81,197.87,8.3424,190.2616,189.843,3.737,-4.181,-25.957,neutral,174.2953,1.2745,4.2892
MU,MU-188,2025-10-17T08:00:00-04:00,2025-10-17T19:00:00-04:00,11,199.3,202.8851,8.6062,199.0772,198.6028,0.863,5.816,16.724,neutral,178.3227,2.4197,5.3019
MU,MU-189,2025-10-21T06:00:00-04:00,2025-10-21T11:00:00-04:00,5,205.68,203.58,8.8221,206.5902,206.0691,-3.191,-3.04,-30.023,neutral,182.8995,2.387,6.9965
MU,MU-190,2025-10-21T13:00:00-04:00,2025-10-21T14:00:00-04:00,1,203.63,203.1711,8.8221,204.2658,204.9272,-21.141,1.518,13.76,neutral,182.8995,2.387,6.9965
MU,MU-191,2025-10-21T16:00:00-04:00,2025-10-21T17:00:00-04:00,1,203.0,202.8893,8.8221,203.5548,204.4013,-26.659,3.206,-5.519,neutral_down,182.8995,2.387,6.9965
MU,MU-192,2025-10-22T07:00:00-04:00,2025-10-22T13:00:00-04:00,6,201.75,193.68,8.6155,203.0745,203.7051,-21.714,-15.364,-4.174,neutral,184.6614,1.7619,6.3387
MU,MU-193,2025-10-23T09:00:00-04:00,2025-10-23T12:00:00-04:00,3,204.62,205.045,8.9413,197.9826,198.8352,1.864,44.006,36.144,neutral,185.9194,1.2581,5.407
MU,MU-194,2025-10-28T12:00:00-04:00,2025-10-28T17:00:00-04:00,5,221.49,222.24,9.541,218.7105,218.5772,19.048,16.817,38.603,neutral,193.3126,2.6727,7.3932
MU,MU-195,2025-10-30T05:00:00-04:00,2025-10-31T19:00:00-04:00,30,226.32,223.5,9.3302,227.4337,226.6623,5.097,-9.271,-0.104,neutral,198.7103,2.798,8.0705
MU,MU-196,2025-11-06T12:00:00-05:00,2025-11-07T14:00:00-05:00,18,240.19,235.29,11.073,238.2028,235.7596,29.107,7.977,-26.88,neutral_up,209.8038,2.7596,6.7239
MU,MU-197,2025-11-11T08:00:00-05:00,2025-11-11T10:00:00-05:00,2,249.4,241.2,12.017,251.0389,249.8454,-0.257,-4.734,-20.808,neutral,218.2143,3.4956,8.4105
MU,MU-198,2025-11-12T09:00:00-05:00,2025-11-13T14:00:00-05:00,21,242.5456,233.34,12.1858,244.8617,245.4647,-12.822,-17.307,-13.057,neutral,220.2994,2.0851,7.8978
MU,MU-199,2025-11-13T15:00:00-05:00,2025-11-13T16:00:00-05:00,1,237.01,236.08,11.9118,237.1845,240.0954,-38.017,15.908,8.628,neutral_down,222.5358,2.2364,7.817
MU,MU-200,2025-11-14T08:00:00-05:00,2025-11-14T10:00:00-05:00,2,232.91,253.6,12.4424,235.2586,237.3569,-33.321,-2.743,-18.455,neutral_down,223.8516,1.3158,5.6373
MU,MU-201,2025-11-17T12:00:00-05:00,2025-11-17T16:00:00-05:00,4,245.89,241.75,13.2636,250.1973,248.6193,1.015,-19.107,-44.078,neutral,225.9415,2.0899,5.6421
MU,MU-202,2025-11-19T09:00:00-05:00,2025-11-20T06:00:00-05:00,13,229.9999,230.68,14.0145,230.2772,232.6409,-28.998,7.643,-10.201,neutral_down,227.4994,0.0981,3.6478
MU,MU-203,2025-11-20T08:00:00-05:00,2025-11-20T11:00:00-05:00,3,230.71,207.685,14.2984,231.2158,231.0238,1.614,-3.979,-9.042,neutral,227.3531,-0.1463,1.4116
MU,MU-204,2025-11-21T14:00:00-05:00,2025-11-24T04:00:00-05:00,6,209.27,211.2,15.4913,204.6995,207.0979,2.984,8.93,35.949,neutral,224.9883,-2.3648,-2.4131
MU,MU-205,2025-11-25T11:00:00-05:00,2025-11-26T12:00:00-05:00,17,221.715,230.9,15.9854,221.5665,220.2355,8.495,2.988,1.06,neutral,223.4208,0.0369,-3.9323
MU,MU-206,2025-11-26T15:00:00-05:00,2025-11-26T16:00:00-05:00,1,230.24,230.89,15.5714,229.7047,227.2609,41.595,-10.025,-7.065,neutral_up,223.5226,0.1017,-1.4657
MU,MU-207,2025-12-01T08:00:00-05:00,2025-12-01T16:00:00-05:00,8,231.7,240.6181,14.604,233.4132,233.2212,-19.832,1.3,-30.876,neutral,225.2575,1.1243,1.8367
MU,MU-208,2025-12-02T11:00:00-05:00,2025-12-03T13:00:00-05:00,18,237.6693,232.37,14.3365,239.3904,238.6423,-1.309,-7.907,-20.78,neutral,226.6377,1.3802,3.1152
MU,MU-209,2025-12-03T14:00:00-05:00,2025-12-03T15:00:00-05:00,1,233.5,234.19,14.0296,234.6731,236.3683,-36.5,4.344,3.165,neutral_down,227.807,1.1693,3.6738
MU,MU-210,2025-12-04T09:00:00-05:00,2025-12-04T10:00:00-05:00,1,225.575,225.51,13.8425,230.8493,233.1098,-67.273,-16.634,-40.539,accumulation,228.3873,0.5803,3.1298
MU,MU-211,2025-12-04T11:00:00-05:00,2025-12-04T13:00:00-05:00,2,228.65,226.91,13.8425,229.5552,232.0763,-53.592,17.515,-2.953,neutral_down,228.3873,0.5803,3.1298
MU,MU-212,2025-12-05T09:00:00-05:00,2025-12-05T11:00:00-05:00,2,233.4815,236.21,13.6295,229.4424,229.632,16.287,31.708,14.559,neutral,228.2284,-0.1588,1.5907
MU,MU-213,2025-12-09T08:00:00-05:00,2025-12-09T11:00:00-05:00,3,244.2505,252.845,13.5387,245.6186,243.9735,15.002,-11.209,-27.979,neutral,230.6677,1.6282,2.2804
MU,MU-214,2025-12-10T13:00:00-05:00,2025-12-10T14:00:00-05:00,1,258.8188,262.455,13.4772,255.8277,253.2018,69.252,5.485,32.877,distribution,232.6434,1.9757,4.4149
MU,MU-215,2025-12-11T12:00:00-05:00,2025-12-12T10:00:00-05:00,14,258.245,242.33,13.5267,258.2536,257.7594,-1.827,6.528,8.62,neutral,235.474,2.8306,6.4345
MU,MU-216,2025-12-15T12:00:00-05:00,2025-12-15T19:00:00-05:00,7,243.22,235.87,13.8416,244.1653,245.7987,-20.542,-1.557,-7.168,neutral,237.8833,0.3197,5.2399
MU,MU-217,2025-12-16T13:00:00-05:00,2025-12-16T14:00:00-05:00,1,233.155,231.52,13.8608,234.9884,237.6664,-43.918,3.544,-9.953,neutral_down,237.8484,-0.0348,2.3745
MU,MU-218,2025-12-16T15:00:00-05:00,2025-12-17T07:00:00-05:00,8,232.59,238.25,13.8608,233.9538,236.697,-42.853,4.665,4.609,neutral_down,237.8484,-0.0348,2.3745
MU,MU-219,2025-12-17T08:00:00-05:00,2025-12-17T11:00:00-05:00,3,236.7,226.89,13.5008,236.8246,236.7201,11.101,-11.31,-12.236,neutral,237.3704,-0.478,-0.1932
MU,MU-220,2025-12-19T04:00:00-05:00,2025-12-19T12:00:00-05:00,8,254.0,265.7,15.4013,251.2727,248.5525,26.227,8.512,13.825,neutral_up,237.4159,1.1119,-0.4325
MU,MU-221,2025-12-23T05:00:00-05:00,2025-12-24T10:00:00-05:00,21,276.05,285.935,15.5995,276.1375,273.0473,41.8,-8.498,-11.138,neutral_up,243.3373,3.3283,7.0333
MU,MU-222,2025-12-29T12:00:00-05:00,2025-12-29T14:00:00-05:00,2,289.62,292.545,14.4731,285.1373,284.5348,37.745,21.089,49.569,neutral_up,253.1628,3.1627,9.8255
MU,MU-223,2025-12-30T16:00:00-05:00,2025-12-31T05:00:00-05:00,5,293.1601,291.28,14.5822,294.097,293.1318,3.642,-3.231,-20.23,neutral,256.908,3.7452,10.5759
MU,MU-224,2025-12-31T09:00:00-05:00,2025-12-31T10:00:00-05:00,1,287.23,287.625,14.0277,291.5007,292.151,-36.844,-35.963,-19.186,neutral_down,260.1554,3.2475,10.1554
MU,MU-225,2026-01-07T13:00:00-05:00,2026-01-08T11:00:00-05:00,14,339.427,323.9747,16.1753,339.937,336.4864,28.35,-6.467,-17.596,neutral_up,277.888,6.5462,15.4348
MU,MU-226,2026-01-12T12:00:00-05:00,2026-01-13T04:00:00-05:00,8,344.49,344.94,16.3923,343.3066,341.1071,34.773,-4.833,8.905,neutral_up,292.6069,5.2363,14.719
MU,MU-227,2026-01-13T08:00:00-05:00,2026-01-13T16:00:00-05:00,8,347.52,338.89,15.875,345.3766,344.0069,31.597,12.083,14.506,neutral_up,297.4445,4.8376,14.0318
MU,MU-228,2026-01-14T10:00:00-05:00,2026-01-14T12:00:00-05:00,2,333.28,330.98,15.8847,336.1423,338.2273,-38.922,-5.73,5.068,neutral_down,301.1478,3.7033,13.7772
MU,MU-229,2026-01-14T13:00:00-05:00,2026-01-14T18:00:00-05:00,5,332.83,331.65,15.8847,334.1928,336.7104,-41.982,6.773,-3.06,neutral_down,301.1478,3.7033,13.7772
MU,MU-230,2026-01-15T04:00:00-05:00,2026-01-15T05:00:00-05:00,1,344.2,344.96,15.5286,334.6561,335.3803,19.443,54.299,52.426,neutral,304.0744,2.9266,11.4674
MU,MU-231,2026-01-20T08:00:00-05:00,2026-01-21T04:00:00-05:00,12,362.3108,373.0,16.4316,359.4937,356.292,29.889,3.411,10.304,neutral_up,312.1046,5.0715,10.9568
MU,MU-232,2026-01-22T12:00:00-05:00,2026-01-27T05:00:00-05:00,41,393.355,409.44,17.5942,391.3827,388.2609,14.736,10.265,-5.191,neutral,323.4603,6.547,16.4272
MU,MU-233,2026-01-29T09:00:00-05:00,2026-01-30T06:00:00-05:00,13,437.32,449.85,19.3038,439.7632,434.781,22.303,-10.781,-27.513,neutral,355.5245,7.9665,19.0138
MU,MU-234,2026-01-30T08:00:00-05:00,2026-01-30T11:00:00-05:00,3,451.95,432.9075,19.8542,448.3158,443.0468,35.952,-2.889,2.365,neutral_up,362.8214,7.2969,21.5316
MU,MU-235,2026-02-05T12:00:00-05:00,2026-02-06T07:00:00-05:00,11,380.68,394.96,25.8156,379.8388,386.5606,-19.856,4.061,21.546,neutral,378.2157,0.1254,10.6754
MU,MU-236,2026-02-06T08:00:00-05:00,2026-02-06T16:00:00-05:00,8,384.01,394.7,25.7524,386.4302,385.1789,13.31,-16.557,-8.527,neutral,378.6407,0.4249,4.7103
MU,MU-237,2026-02-09T08:00:00-05:00,2026-02-11T09:00:00-05:00,33,380.22,397.26,25.6113,385.4847,386.9143,-23.616,-3.675,-8.441,neutral_down,380.0806,1.4399,1.9903
MU,MU-238,2026-02-12T15:00:00-05:00,2026-02-17T06:00:00-05:00,23,413.88,402.0,26.0419,419.1331,413.9647,13.839,-14.172,-16.371,neutral,382.498,2.7882,2.4174
MU,MU-239,2026-02-17T07:00:00-05:00,2026-02-18T11:00:00-05:00,20,402.71,426.2254,26.3496,406.2438,408.941,-37.316,1.114,-18.039,neutral_down,387.7508,2.3999,8.041
MU,MU-240,2026-02-19T12:00:00-05:00,2026-02-20T16:00:00-05:00,20,412.03,426.89,26.3126,416.6511,416.2872,-15.571,-8.117,-17.556,neutral,391.7801,2.918,6.4292
MU,MU-241,2026-02-23T08:00:00-05:00,2026-02-25T15:00:00-05:00,39,422.28,428.82,24.6662,423.3252,422.7163,-6.199,2.794,-16.579,neutral,397.1522,3.1048,8.29
MU,MU-242,2026-02-25T17:00:00-05:00,2026-02-26T12:00:00-05:00,11,421.99,412.28,24.1407,426.5152,425.2695,4.182,-23.451,-19.012,neutral,401.0495,1.7121,7.0021
MU,MU-243,2026-02-27T12:00:00-05:00,2026-03-02T06:00:00-05:00,10,412.0795,399.11,24.3454,411.8876,414.1877,-11.852,0.09,21.937,neutral,404.6782,1.1042,5.3408
MU,MU-244,2026-03-02T08:00:00-05:00,2026-03-02T18:00:00-05:00,10,400.6,410.75,23.8049,402.873,407.1327,-48.405,11.608,14.22,neutral_down,405.3666,0.6883,4.3171
MU,MU-245,2026-03-04T08:00:00-05:00,2026-03-04T11:00:00-05:00,3,390.75,405.93,24.6119,386.4384,388.2478,4.092,6.24,11.973,neutral,403.6414,-2.3846,-1.0368
MU,MU-246,2026-03-05T10:00:00-05:00,2026-03-05T13:00:00-05:00,3,401.525,384.825,24.8599,401.1302,399.4195,8.532,3.038,-10.486,neutral,403.3695,-0.2719,-1.9971
MU,MU-247,2026-03-05T15:00:00-05:00,2026-03-05T16:00:00-05:00,1,397.02,394.72,24.8599,393.2239,395.4531,-20.238,27.64,22.447,neutral,403.3695,-0.2719,-1.9971
MU,MU-248,2026-03-06T09:00:00-05:00,2026-03-06T15:00:00-05:00,6,388.47,370.375,24.8149,390.3581,392.692,-25.127,4.164,-6.282,neutral_down,402.7922,-0.5772,-3.2337
MU,MU-249,2026-03-11T13:00:00-04:00,2026-03-11T14:00:00-04:00,1,421.11,420.5646,25.6909,414.7483,408.3761,65.642,1.14,3.346,distribution,399.2832,0.3957,-3.5091
MU,MU-250,2026-03-17T07:00:00-04:00,2026-03-17T16:00:00-04:00,9,450.1,464.31,25.2142,446.1908,442.1643,36.609,10.526,12.876,neutral_up,407.1395,3.464,6.0985
MU,MU-251,2026-03-18T14:00:00-04:00,2026-03-18T18:00:00-04:00,4,468.145,441.5,24.9096,466.6752,463.0173,25.999,3.396,-4.758,neutral_up,412.0978,4.9582,10.6677
MU,MU-252,2026-03-19T18:00:00-04:00,2026-03-20T14:00:00-04:00,12,447.9,420.7575,24.0618,445.1542,446.624,0.701,4.204,8.441,neutral,416.6198,4.522,12.9443
MU,MU-253,2026-03-23T08:00:00-04:00,2026-03-23T12:00:00-04:00,4,429.0945,403.57,25.8586,419.7165,425.6571,-20.784,30.822,58.001,neutral,419.4825,0.3518,7.3847
MU,MU-254,2026-03-23T13:00:00-04:00,2026-03-23T15:00:00-04:00,2,406.11,404.23,25.8586,412.2906,419.5888,-41.52,1.087,-25.325,neutral_down,419.4825,0.3518,7.3847
MU,MU-255,2026-03-24T08:00:00-04:00,2026-03-24T10:00:00-04:00,2,399.8,394.08,26.0509,404.4501,409.533,-36.14,-6.574,-7.491,neutral_down,418.0959,-1.3866,1.4761
MU,MU-256,2026-03-24T13:00:00-04:00,2026-03-25T11:00:00-04:00,14,391.4,380.26,26.0509,396.9931,403.5303,-52.849,-1.865,-6.355,neutral_down,418.0959,-1.3866,1.4761
MU,MU-257,2026-03-27T08:00:00-04:00,2026-03-30T10:00:00-04:00,18,353.7,340.39,25.75,354.558,361.0559,-49.139,18.442,11.893,neutral_down,407.7376,-5.2308,-10.3582
MU,MU-258,2026-03-31T13:00:00-04:00,2026-03-31T18:00:00-04:00,5,324.69,341.35,26.346,323.2894,328.0007,-17.409,3.118,19.375,neutral,395.76,-7.396,-17.2084
MU,MU-259,2026-04-07T06:00:00-04:00,2026-04-07T18:00:00-04:00,12,373.8,397.6,26.7575,378.0361,375.6919,10.119,-23.698,-20.825,neutral,385.5894,-0.7969,-4.8848
MU,MU-260,2026-04-09T07:00:00-04:00,2026-04-09T08:00:00-04:00,1,405.48,407.4,26.8121,402.9421,400.7293,17.718,10.779,20.064,neutral,386.871,1.9989,0.4847
MU,MU-261,2026-04-09T09:00:00-04:00,2026-04-09T16:00:00-04:00,7,409.585,421.2,26.8121,404.9839,402.0857,35.839,8.339,28.9,neutral_up,386.871,1.9989,0.4847
MU,MU-262,2026-04-10T13:00:00-04:00,2026-04-13T18:00:00-04:00,21,422.85,429.8501,26.7183,419.8039,416.5882,26.449,10.069,-16.366,neutral_up,390.0141,3.1431,4.4248
MU,MU-263,2026-04-15T15:00:00-04:00,2026-04-20T11:00:00-04:00,44,456.24,438.265,26.3847,451.3402,449.3113,16.528,15.751,28.215,neutral,402.1894,6.3233,12.1753
MU,MU-264,2026-04-20T13:00:00-04:00,2026-04-20T16:00:00-04:00,3,447.81,447.54,25.248,447.8703,450.9727,-29.66,12.765,7.742,neutral_down,415.6168,3.9403,13.4274
MU,MU-265,2026-04-20T19:00:00-04:00,2026-04-21T05:00:00-04:00,2,447.8,453.25,25.248,447.6481,449.5239,-15.112,2.937,1.369,neutral,415.6168,3.9403,13.4274
MU,MU-266,2026-04-21T09:00:00-04:00,2026-04-22T08:00:00-04:00,15,451.05,457.2,25.4918,451.0565,450.8063,6.519,-4.674,-13.218,neutral,418.5907,2.9739,11.4876
MU,MU-267,2026-04-22T09:00:00-04:00,2026-04-22T10:00:00-04:00,1,461.7009,474.995,24.8509,456.3484,453.8006,47.96,12.28,17.186,neutral_up,421.4025,2.8118,9.726
MU,MU-268,2026-04-23T13:00:00-04:00,2026-04-24T11:00:00-04:00,14,479.06,498.615,26.1087,483.1715,478.9915,25.613,-25.296,-2.893,neutral_up,427.3959,5.9934,11.7791
MU,MU-269,2026-04-28T09:00:00-04:00,2026-04-28T11:00:00-04:00,2,512.99,494.84,26.4311,512.9286,512.6536,-12.983,14.354,-10.612,neutral,446.014,7.8686,18.6181
MU,MU-270,2026-04-29T16:00:00-04:00,2026-05-01T05:00:00-04:00,21,514.01,508.0,27.1482,517.2684,516.5789,-3.539,-6.271,5.199,neutral,451.3073,5.2933,18.9473
MU,MU-271,2026-05-06T17:00:00-04:00,2026-05-06T19:00:00-04:00,2,654.75,658.9999,32.9756,658.9675,651.9907,16.098,-9.543,-1.279,neutral,494.3793,14.6121,31.4966
MU,MU-272,2026-05-07T04:00:00-04:00,2026-05-08T09:00:00-04:00,21,659.65,708.89,33.4838,658.9981,653.7253,15.12,0.035,-0.978,neutral,510.0348,15.6555,39.9269
MU,MU-273,2026-05-12T07:00:00-04:00,2026-05-12T11:00:00-04:00,4,771.5,719.7599,41.5353,783.1552,774.7891,1.978,-8.989,-31.37,neutral,565.8334,22.9677,55.7986
MU,MU-274,2026-05-14T07:00:00-04:00,2026-05-15T05:00:00-04:00,14,796.71,740.8,45.2238,794.3566,791.4729,4.875,6.519,0.201,neutral,603.9346,19.9255,61.0688
MU,MU-275,2026-05-18T08:00:00-04:00,2026-05-18T12:00:00-04:00,4,752.1,689.22,45.4713,737.7246,742.7497,2.684,18.583,18.969,neutral,629.0725,9.5038,45.0634
MU,MU-276,2026-05-19T13:00:00-04:00,2026-05-19T18:00:00-04:00,5,718.45,703.0,48.9198,693.7576,695.5758,26.846,15.017,61.978,neutral_up,633.8568,4.7843,29.9222
MU,MU-277,2026-05-20T14:00:00-04:00,2026-05-21T18:00:00-04:00,20,726.37,762.17,50.6927,722.8497,715.5651,25.809,-2.08,-0.244,neutral_up,639.7516,5.8948,20.1829
MU,MU-278,2026-05-22T06:00:00-04:00,2026-05-26T05:00:00-04:00,15,751.4538,795.22,48.5115,754.0506,747.6488,15.902,-4.91,-25.908,neutral,658.4879,10.3492,24.6312
MU,MU-279,2026-05-27T16:00:00-04:00,2026-05-27T18:00:00-04:00,2,931.5,915.05,55.8754,922.1336,905.4489,33.68,4.244,15.616,neutral_up,687.7064,20.8274,39.5677
MU,MU-280,2026-05-28T04:00:00-04:00,2026-05-29T07:00:00-04:00,19,920.1,947.58,56.7422,917.9538,908.5241,12.315,4.507,-15.262,neutral,709.5976,21.8912,51.1097
MU,MU-281,2026-05-29T08:00:00-04:00,2026-05-29T09:00:00-04:00,1,949.29,976.97,55.8828,944.4546,934.8559,32.034,-2.178,-6.931,neutral_up,729.0297,19.432,62.1506
MU,MU-282,2026-05-29T10:00:00-04:00,2026-05-29T18:00:00-04:00,8,963.94,962.0,55.8828,953.5541,940.9804,47.255,-5.19,13.043,neutral_up,729.0297,19.432,62.1506
MU,MU-283,2026-06-02T08:00:00-04:00,2026-06-03T05:00:00-04:00,13,1043.4,1081.11,57.3933,1036.1501,1023.1002,44.812,3.401,8.538,neutral_up,776.8752,25.7955,67.2775
MU,MU-284,2026-06-03T09:00:00-04:00,2026-06-04T06:00:00-04:00,13,1042.81,1008.3,57.5337,1065.1464,1055.6659,11.859,-36.491,-46.034,neutral,802.9847,26.1095,73.955
MU,MU-285,2026-06-10T12:00:00-04:00,2026-06-11T15:00:00-04:00,19,900.595,995.65,72.978,909.3522,917.4694,-13.787,-5.138,2.558,neutral,862.1944,7.3696,18.699
MU,MU-286,2026-06-12T16:00:00-04:00,2026-06-15T05:00:00-04:00,5,983.7767,1054.1,75.3676,986.187,974.705,17.326,-3.204,-19.146,neutral,876.7487,11.8901,21.9238
MU,MU-287,2026-06-17T12:00:00-04:00,2026-06-18T07:00:00-04:00,11,1056.7075,1092.48,77.774,1047.6816,1050.4632,2.632,7.164,25.981,neutral,915.1,10.573,38.3513
MU,MU-288,2026-06-24T08:00:00-04:00,2026-06-24T14:00:00-04:00,6,1088.4101,1012.4999,86.7682,1086.124,1096.9828,-7.661,-3.176,8.853,neutral,976.8877,7.4532,50.305
MU,MU-289,2026-06-24T15:00:00-04:00,2026-06-24T16:00:00-04:00,1,1048.5,1200.45,86.7682,1044.6874,1066.7318,-42.34,21.74,5.208,neutral_down,976.8877,7.4532,50.305
MU,MU-290,2026-06-26T04:00:00-04:00,2026-06-26T06:00:00-04:00,2,1160.73,1148.9519,95.682,1191.1278,1181.6678,-6.191,-13.611,-27.873,neutral,1004.4154,21.0175,34.9809
MU,MU-291,2026-06-26T12:00:00-04:00,2026-06-26T15:00:00-04:00,3,1177.96,1122.92,95.682,1167.9762,1170.416,0.08,7.646,14.075,neutral,1004.4154,21.0175,34.9809
MU,MU-292,2026-06-29T04:00:00-04:00,2026-06-29T10:00:00-04:00,6,1148.84,1062.89,95.5069,1142.0514,1152.4689,-15.996,11.637,14.858,neutral,1015.1885,10.7731,38.3008
MU,MU-293,2026-06-29T14:00:00-04:00,2026-06-30T05:00:00-04:00,7,1129.545,1142.5,95.5069,1114.1865,1126.7656,-9.765,12.91,43.893,neutral,1015.1885,10.7731,38.3008
MU,MU-294,2026-06-30T15:00:00-04:00,2026-07-01T09:00:00-04:00,10,1151.01,1080.0,97.6235,1149.4455,1143.5278,16.502,-5.015,4.53,neutral,1026.9896,11.801,43.5916
MU,MU-295,2026-07-02T12:00:00-04:00,2026-07-02T13:00:00-04:00,1,973.405,955.78,95.5815,1010.9711,1037.0303,-62.475,-11.604,-45.747,accumulation,1037.812,-0.4522,22.6234
MU,MU-296,2026-07-06T13:00:00-04:00,,-1,983.93,,96.9228,998.9637,1004.2238,-16.663,-14.589,-16.577,neutral,1032.1718,-5.6402,5.1822
COIN,COIN-001,2024-07-16T12:00:00-04:00,2024-07-16T17:00:00-04:00,5,246.38,249.75,13.1182,243.2976,240.0976,38.681,5.594,19.258,neutral_up,226.8777,1.6282,-0.2327
COIN,COIN-002,2024-07-17T09:00:00-04:00,2024-07-18T13:00:00-04:00,20,254.55,236.32,13.4612,249.1075,246.6621,36.661,25.665,10.29,neutral_up,229.1116,2.2338,3.1421
COIN,COIN-003,2024-07-22T15:00:00-04:00,2024-07-22T16:00:00-04:00,1,265.15,265.38,15.1239,261.7251,257.4267,63.537,0.18,14.814,distribution,233.5632,2.4357,4.4516
COIN,COIN-004,2024-07-23T08:00:00-04:00,2024-07-23T19:00:00-04:00,11,262.2,255.3,14.9835,263.5028,261.2053,20.139,-11.321,-18.666,neutral,236.4347,2.8715,5.5115
COIN,COIN-005,2024-07-24T04:00:00-04:00,2024-07-24T05:00:00-04:00,1,262.0,261.3,15.0032,259.2888,260.1974,-11.298,26.778,13.116,neutral,238.3425,1.9078,7.215
COIN,COIN-006,2024-07-24T09:00:00-04:00,2024-07-24T12:00:00-04:00,3,251.9201,251.58,15.0032,258.1212,259.423,-35.516,-25.568,-39.361,neutral_down,238.3425,1.9078,7.215
COIN,COIN-007,2024-07-26T08:00:00-04:00,2024-07-26T09:00:00-04:00,1,242.43,248.615,15.6905,240.2058,240.6107,17.184,-0.834,13.935,neutral,238.2828,-0.6763,1.8481
COIN,COIN-008,2024-07-26T10:00:00-04:00,2024-07-26T11:00:00-04:00,1,241.474,241.21,15.6905,241.8049,241.3507,19.704,-18.809,1.686,neutral,238.2828,-0.6763,1.8481
COIN,COIN-009,2024-07-26T12:00:00-04:00,2024-07-26T13:00:00-04:00,1,241.4201,242.055,15.6905,241.6327,241.3454,4.963,-4.414,-33.55,neutral,238.2828,-0.6763,1.8481
COIN,COIN-010,2024-07-31T13:00:00-04:00,2024-08-01T10:00:00-04:00,13,230.7,217.47,16.2106,230.504,230.6647,5.845,-5.467,-4.98,neutral,237.0517,-1.2432,-1.2311
COIN,COIN-011,2024-08-02T13:00:00-04:00,2024-08-02T14:00:00-04:00,1,204.44,202.565,16.0225,209.7152,214.1805,-50.835,-4.903,2.752,neutral_down,233.7926,-2.1153,-4.5022
COIN,COIN-012,2024-08-06T11:00:00-04:00,2024-08-07T14:00:00-04:00,19,191.78,179.3465,18.2237,191.6252,192.5828,-6.562,2.674,-7.022,neutral,227.3309,-3.7851,-8.577
COIN,COIN-013,2024-08-09T12:00:00-04:00,2024-08-13T13:00:00-04:00,33,196.705,199.404,18.1463,194.6696,193.2529,18.896,10.763,15.846,neutral,217.6678,-2.5068,-9.6631
COIN,COIN-014,2024-08-14T10:00:00-04:00,2024-08-14T17:00:00-04:00,7,196.505,195.51,16.3948,197.9949,197.2243,0.294,-8.48,-56.643,neutral,212.1038,-1.4394,-5.564
COIN,COIN-015,2024-08-16T11:00:00-04:00,2024-08-16T13:00:00-04:00,2,202.72,203.16,15.4196,201.0068,199.7656,34.239,1.731,33.543,neutral_up,209.4108,-1.2281,-4.1323
COIN,COIN-016,2024-08-19T09:00:00-04:00,2024-08-20T06:00:00-04:00,13,202.03,209.12,14.9482,203.16,202.5416,6.178,-13.596,3.397,neutral,209.0425,-0.3683,-3.0612
COIN,COIN-017,2024-08-21T14:00:00-04:00,2024-08-21T15:00:00-04:00,1,203.06,206.2298,14.6905,199.1912,198.8725,30.642,22.47,25.647,neutral_up,207.5945,-1.0314,-1.8163
COIN,COIN-018,2024-08-23T10:00:00-04:00,2024-08-23T13:00:00-04:00,3,203.853,210.093,14.1461,201.94,201.7302,18.619,10.643,21.609,neutral,206.6422,-0.8282,-1.9837
COIN,COIN-019,2024-08-28T11:00:00-04:00,2024-08-28T13:00:00-04:00,2,191.53,188.11,13.4402,193.7119,196.1425,-54.247,-1.088,-11.644,neutral_down,206.02,-0.767,-0.6222
COIN,COIN-020,2024-08-29T05:00:00-04:00,2024-08-29T17:00:00-04:00,12,193.61,188.61,13.2388,190.9614,192.558,-8.699,22.149,44.437,neutral,204.5818,-1.4382,-2.4829
COIN,COIN-021,2024-09-05T13:00:00-04:00,2024-09-05T14:00:00-04:00,1,162.07,160.79,12.578,162.1227,164.0337,-37.639,8.758,4.508,neutral_down,195.1834,-3.1963,-7.9183
COIN,COIN-022,2024-09-05T15:00:00-04:00,2024-09-06T11:00:00-04:00,12,159.63,151.8641,12.578,161.4109,163.3653,-47.758,-7.021,-1.361,neutral_down,195.1834,-3.1963,-7.9183
COIN,COIN-023,2024-09-10T08:00:00-04:00,2024-09-10T18:00:00-04:00,10,155.95,158.0,12.5025,155.2606,154.6205,21.77,2.439,5.038,neutral,184.9008,-2.9831,-10.2826
COIN,COIN-024,2024-09-11T04:00:00-04:00,2024-09-11T05:00:00-04:00,1,154.0,154.35,12.2973,156.3678,155.6386,5.099,-30.969,-35.523,neutral,182.5144,-2.3864,-9.4369
COIN,COIN-025,2024-09-11T14:00:00-04:00,2024-09-11T15:00:00-04:00,1,155.915,157.15,12.2973,155.0128,154.9669,12.13,1.744,35.585,neutral,182.5144,-2.3864,-9.4369
COIN,COIN-026,2024-09-11T16:00:00-04:00,2024-09-11T18:00:00-04:00,2,157.45,157.05,12.2973,155.8422,155.3731,26.058,5.395,15.671,neutral_up,182.5144,-2.3864,-9.4369
COIN,COIN-027,2024-09-13T13:00:00-04:00,2024-09-16T07:00:00-04:00,10,165.8,160.0,11.8594,165.1279,163.3166,44.689,-9.072,-4.164,neutral_up,178.6259,-1.5826,-6.2749
COIN,COIN-028,2024-09-16T17:00:00-04:00,2024-09-16T19:00:00-04:00,2,160.99,161.62,11.5373,161.2982,161.8314,-14.209,0.003,-2.436,neutral,177.2108,-1.4151,-5.3035
COIN,COIN-029,2024-09-17T04:00:00-04:00,2024-09-17T05:00:00-04:00,1,163.79,164.3,11.2332,161.8739,161.9671,13.524,19.947,27.733,neutral,175.7871,-1.4237,-4.4214
COIN,COIN-030,2024-09-17T08:00:00-04:00,2024-09-17T11:00:00-04:00,3,164.78,166.92,11.2332,163.5239,162.8171,39.188,-1.196,11.952,neutral_up,175.7871,-1.4237,-4.4214
COIN,COIN-031,2024-09-17T12:00:00-04:00,2024-09-19T05:00:00-04:00,25,162.29,169.32,11.2332,163.8521,163.2214,12.711,-25.707,-5.919,neutral,175.7871,-1.4237,-4.4214
COIN,COIN-032,2024-09-20T07:00:00-04:00,2024-09-25T18:00:00-04:00,59,169.5,168.17,10.9046,169.3078,168.6162,17.461,-1.143,5.623,neutral,173.0094,-0.4769,-2.7778
COIN,COIN-033,2024-09-26T04:00:00-04:00,2024-09-26T11:00:00-04:00,7,169.7,179.71,9.9278,168.7188,169.2266,-6.914,15.564,16.456,neutral,171.9476,-0.4878,-0.7964
COIN,COIN-034,2024-10-01T08:00:00-04:00,2024-10-01T09:00:00-04:00,1,179.44,171.98,10.7115,179.8995,180.7714,-15.041,-5.18,-0.406,neutral,174.7018,0.3458,2.7543
COIN,COIN-035,2024-10-02T13:00:00-04:00,2024-10-04T13:00:00-04:00,32,166.36,167.94,11.2964,165.3634,166.9951,-9.69,2.294,37.698,neutral,173.8289,-0.8729,1.1593
COIN,COIN-036,2024-10-07T09:00:00-04:00,2024-10-08T05:00:00-04:00,12,173.3101,167.44,10.435,171.1408,169.467,41.496,9.164,2.816,neutral_up,171.9897,-0.104,-1.8392
COIN,COIN-037,2024-10-08T09:00:00-04:00,2024-10-08T13:00:00-04:00,4,168.66,166.0447,10.3508,167.9198,168.4585,-10.193,13.248,12.038,neutral,171.7143,-0.2754,-1.2657
COIN,COIN-038,2024-10-08T14:00:00-04:00,2024-10-10T15:00:00-04:00,33,165.53,164.21,10.3508,166.8405,167.6917,-28.118,-5.27,-10.756,neutral_down,171.7143,-0.2754,-1.2657
COIN,COIN-039,2024-10-10T16:00:00-04:00,2024-10-11T05:00:00-04:00,5,164.32,165.65,9.7378,164.7845,165.7565,-28.904,3.014,13.279,neutral_down,170.9492,-0.3979,-1.0406
COIN,COIN-040,2024-10-11T06:00:00-04:00,2024-10-11T07:00:00-04:00,1,166.3,166.95,9.4308,165.3084,165.5965,5.924,10.296,20.958,neutral,170.3365,-0.6127,-1.3778
COIN,COIN-041,2024-10-11T08:00:00-04:00,2024-10-11T10:00:00-04:00,2,166.25,171.29,9.4308,165.7594,165.7678,14.369,-3.223,18.741,neutral,170.3365,-0.6127,-1.3778
COIN,COIN-042,2024-10-15T13:00:00-04:00,2024-10-16T11:00:00-04:00,14,196.25,209.14,10.6489,196.821,193.7243,26.959,-9.54,-11.634,neutral_up,173.2011,2.3179,2.2519
COIN,COIN-043,2024-10-17T11:00:00-04:00,2024-10-18T10:00:00-04:00,15,208.2,215.65,11.4366,207.4329,206.2364,7.076,11.694,-34.944,neutral,178.4949,3.1975,7.6117
COIN,COIN-044,2024-10-21T11:00:00-04:00,2024-10-21T18:00:00-04:00,7,213.3,213.84,11.6335,215.1986,214.7539,-12.52,-0.007,-35.232,neutral,184.4049,3.5805,9.1076
COIN,COIN-045,2024-10-22T09:00:00-04:00,2024-10-23T06:00:00-04:00,13,210.75,204.99,11.6654,210.7301,212.0861,-26.278,11.912,13.615,neutral_down,187.0608,2.6559,8.566
COIN,COIN-046,2024-10-23T09:00:00-04:00,2024-10-23T11:00:00-04:00,2,209.15,202.85,11.45,207.5211,209.1016,-25.82,26.414,32.7,neutral_down,189.2117,2.1508,8.3873
COIN,COIN-047,2024-10-25T09:00:00-04:00,2024-10-28T10:00:00-04:00,17,210.63,213.7801,11.7719,208.7956,207.3161,37.468,2.347,15.823,neutral_up,191.8274,1.7323,4.7666
COIN,COIN-048,2024-10-29T18:00:00-04:00,2024-10-30T17:00:00-04:00,15,220.6,201.0,11.7628,220.4905,219.1279,14.819,1.329,-4.727,neutral,195.1148,2.0935,5.0196
COIN,COIN-049,2024-11-01T14:00:00-04:00,2024-11-05T07:00:00-05:00,25,180.28,184.83,12.9833,182.8355,186.3158,-39.884,-8.252,-13.715,neutral_down,196.8858,-1.7716,1.771
COIN,COIN-050,2024-11-07T15:00:00-05:00,2024-11-07T19:00:00-05:00,4,255.59,255.13,16.2933,253.7805,245.8402,69.607,-10.774,-21.068,distribution,200.1348,5.4165,4.5132
COIN,COIN-051,2024-11-12T08:00:00-05:00,2024-11-13T16:00:00-05:00,24,315.18,284.02,19.881,320.3582,313.9765,9.233,-6.336,-20.766,neutral,221.4349,10.2975,21.3001
COIN,COIN-052,2024-11-14T17:00:00-05:00,2024-11-14T19:00:00-05:00,2,275.85,277.23,22.0778,282.4279,288.9658,-47.314,-6.746,-16.816,neutral_down,235.2339,4.9176,24.0965
COIN,COIN-053,2024-11-15T04:00:00-05:00,2024-11-15T05:00:00-05:00,1,283.0,283.95,21.8055,280.5922,286.3059,-31.307,16.617,16.007,neutral_down,239.1908,3.9569,17.7559
COIN,COIN-054,2024-11-15T08:00:00-05:00,2024-11-15T15:00:00-05:00,7,285.7,306.37,21.8055,283.6974,286.1489,-3.129,1.084,17.518,neutral,239.1908,3.9569,17.7559
COIN,COIN-055,2024-11-19T13:00:00-05:00,2024-11-21T10:00:00-05:00,29,324.24,297.43,23.7553,321.683,317.9286,25.176,4.083,0.991,neutral_up,252.5837,7.2856,17.3497
COIN,COIN-056,2024-11-21T13:00:00-05:00,2024-11-21T14:00:00-05:00,1,308.28,298.165,23.9721,312.5338,316.8915,-36.358,5.207,12.395,neutral_down,264.6567,5.5343,19.3587
COIN,COIN-057,2024-11-22T12:00:00-05:00,2024-11-25T05:00:00-05:00,9,305.4,311.51,25.2562,300.469,303.0994,1.089,8.435,42.808,neutral,267.4411,2.7844,14.8575
COIN,COIN-058,2024-11-25T09:00:00-05:00,2024-11-26T07:00:00-05:00,14,293.11,298.0,24.9215,305.2154,305.2408,-16.86,-42.645,-38.493,neutral,270.8238,3.3826,11.7013
COIN,COIN-059,2024-11-26T08:00:00-05:00,2024-11-27T16:00:00-05:00,24,299.77,309.5,25.0171,301.3542,303.9146,-28.13,7.736,3.76,neutral_down,274.608,3.7842,9.9512
COIN,COIN-060,2024-11-29T11:00:00-05:00,2024-11-29T13:00:00-05:00,2,305.11,296.2,24.6187,309.9998,308.255,2.182,-23.217,-35.715,neutral,279.4449,3.1395,8.6212
COIN,COIN-061,2024-12-03T07:00:00-05:00,2024-12-03T19:00:00-05:00,12,303.26,310.0,23.6771,303.7542,303.6142,1.994,-5.246,-7.879,neutral,282.9119,1.9438,6.6065
COIN,COIN-062,2024-12-04T13:00:00-05:00,2024-12-04T14:00:00-05:00,1,321.425,327.7616,23.2558,317.1944,313.4376,50.555,2.81,-1.114,neutral_up,285.3058,2.3939,5.8609
COIN,COIN-063,2024-12-10T14:00:00-05:00,2024-12-10T15:00:00-05:00,1,304.03,302.46,25.0979,308.3025,314.3311,-65.286,5.675,-4.309,accumulation,298.1435,1.2076,8.6673
COIN,COIN-064,2024-12-12T07:00:00-05:00,2024-12-16T07:00:00-05:00,32,315.43,314.9,24.2988,315.37,314.4406,9.249,-0.886,-6.206,neutral,299.9063,1.3704,2.9704
COIN,COIN-065,2024-12-16T08:00:00-05:00,2024-12-16T11:00:00-05:00,3,316.74,319.895,22.8483,315.2529,314.3785,20.102,1.089,-14.126,neutral,301.9684,0.8682,3.4325
COIN,COIN-066,2024-12-16T15:00:00-05:00,2024-12-16T16:00:00-05:00,1,315.49,316.0,22.8483,318.9178,317.2569,8.196,-21.069,-37.054,neutral,301.9684,0.8682,3.4325
COIN,COIN-067,2024-12-17T06:00:00-05:00,2024-12-18T05:00:00-05:00,15,317.35,307.44,22.3291,317.4094,317.084,1.673,1.057,0.577,neutral,303.1977,1.2292,3.2914
COIN,COIN-068,2024-12-18T11:00:00-05:00,2024-12-18T14:00:00-05:00,3,307.56,293.4001,22.1318,308.5159,310.8333,-34.032,6.166,-1.808,neutral_down,303.957,0.7593,2.8567
COIN,COIN-069,2024-12-23T12:00:00-05:00,2024-12-23T13:00:00-05:00,1,268.035,264.68,23.1413,271.3919,273.9688,-38.218,0.75,-7.653,neutral_down,297.3593,-1.8559,-6.5976
COIN,COIN-070,2024-12-24T09:00:00-05:00,2024-12-24T11:00:00-05:00,2,274.88,283.31,22.6119,270.5813,270.8384,19.873,13.457,42.892,neutral,294.7048,-2.6545,-7.0469
COIN,COIN-071,2024-12-26T15:00:00-05:00,2024-12-26T19:00:00-05:00,4,274.3,273.5,22.1282,274.4058,274.1275,3.31,-1.798,5.19,neutral,293.3335,-1.3713,-5.8818
COIN,COIN-072,2024-12-27T04:00:00-05:00,2024-12-27T12:00:00-05:00,8,274.88,265.5586,21.1355,274.1359,274.0569,2.599,6.614,3.318,neutral,291.6032,-1.7303,-5.7562
COIN,COIN-073,2024-12-31T10:00:00-05:00,2024-12-31T13:00:00-05:00,3,252.5,248.1927,20.2595,256.7146,257.6803,-16.792,-24.187,-30.706,neutral,286.1877,-3.0698,-7.1458
COIN,COIN-074,2025-01-02T13:00:00-05:00,2025-01-02T14:00:00-05:00,1,254.48,255.865,20.0474,256.0579,255.4856,0.656,-7.377,-15.036,neutral,282.746,-3.4417,-8.8572
COIN,COIN-075,2025-01-03T06:00:00-05:00,2025-01-03T12:00:00-05:00,6,258.68,267.835,19.6141,257.923,256.9929,12.327,2.64,-6.082,neutral,280.4291,-2.3169,-8.8284
COIN,COIN-076,2025-01-08T13:00:00-05:00,2025-01-13T05:00:00-05:00,24,260.69,248.6,20.0857,261.1066,265.2771,-41.72,11.38,8.803,neutral_down,278.8507,-1.4391,-1.5784
COIN,COIN-077,2025-01-14T16:00:00-05:00,2025-01-15T09:00:00-05:00,9,255.279,271.3125,19.1541,255.6747,255.2941,0.776,-0.892,-7.767,neutral,273.2754,-2.2018,-5.5753
COIN,COIN-078,2025-01-16T12:00:00-05:00,2025-01-16T18:00:00-05:00,6,281.7,280.5,18.9321,276.487,272.8084,59.661,12.584,40.703,neutral_up,271.9839,0.3126,-3.4933
COIN,COIN-079,2025-01-21T08:00:00-05:00,2025-01-22T07:00:00-05:00,15,297.31,291.31,18.7801,295.4189,292.5647,40.35,1.045,14.387,neutral_up,274.9188,2.0571,3.2476
COIN,COIN-080,2025-01-22T09:00:00-05:00,2025-01-24T04:00:00-05:00,27,293.05,302.0,19.5444,292.1493,292.7029,-10.614,13.035,1.002,neutral,276.6707,1.7519,4.6869
COIN,COIN-081,2025-01-24T12:00:00-05:00,2025-01-24T18:00:00-05:00,6,305.91,297.2395,18.801,303.7393,300.4673,45.158,-5.618,7.998,neutral_up,279.9809,1.5829,5.062
COIN,COIN-082,2025-01-28T18:00:00-05:00,2025-01-30T04:00:00-05:00,18,280.0,293.86,19.53,280.6752,281.1882,-5.484,-4.336,-6.51,neutral,281.2824,-0.3292,2.8845
COIN,COIN-083,2025-01-31T10:00:00-05:00,2025-01-31T16:00:00-05:00,6,302.925,291.8,18.4048,301.2306,298.9658,33.681,4.017,-2.11,neutral_up,283.9374,1.7263,2.6549
COIN,COIN-084,2025-02-04T11:00:00-05:00,2025-02-05T04:00:00-05:00,9,286.88,279.29,18.6045,284.2149,284.7684,3.282,11.325,17.702,neutral,284.5868,-0.0227,2.3757
COIN,COIN-085,2025-02-05T06:00:00-05:00,2025-02-06T14:00:00-05:00,24,280.31,269.2,18.0442,280.0058,281.6325,-17.704,5.384,13.395,neutral,284.1989,-0.3879,0.2616
COIN,COIN-086,2025-02-07T10:00:00-05:00,2025-02-11T12:00:00-05:00,34,276.935,267.49,17.4035,274.7444,274.7748,19.976,0.198,36.056,neutral,282.182,-1.1907,-2.4049
COIN,COIN-087,2025-02-12T13:00:00-05:00,2025-02-12T17:00:00-05:00,4,271.5698,282.7,16.4507,270.6495,271.3315,3.097,-0.614,30.792,neutral,280.0403,-1.304,-2.1416
COIN,COIN-088,2025-02-14T08:00:00-05:00,2025-02-14T10:00:00-05:00,2,292.8,278.595,17.1029,293.5197,290.5683,15.808,-2.896,-14.846,neutral,281.2705,1.7029,-0.0738
COIN,COIN-089,2025-02-21T10:00:00-05:00,2025-02-21T12:00:00-05:00,2,256.205,245.7599,16.7223,259.678,259.2524,7.804,-33.132,-3.475,neutral,275.4396,-1.878,-5.1881
COIN,COIN-090,2025-02-26T05:00:00-05:00,2025-02-27T07:00:00-05:00,18,217.01,220.0,18.0863,214.8801,217.3822,-10.693,7.371,18.327,neutral,262.719,-5.0139,-12.7206
COIN,COIN-091,2025-02-27T08:00:00-05:00,2025-02-27T17:00:00-05:00,9,219.0,209.6,17.5501,217.4378,216.3621,31.699,-5.788,5.602,neutral_up,258.2,-4.519,-13.5997
COIN,COIN-092,2025-03-05T15:00:00-05:00,2025-03-05T19:00:00-05:00,4,222.61,221.85,18.6149,217.1279,214.7905,42.348,13.054,30.902,neutral_up,243.0733,-3.0883,-10.5912
COIN,COIN-093,2025-03-06T04:00:00-05:00,2025-03-10T06:00:00-04:00,34,217.93,204.8,18.3674,219.5138,217.1029,25.391,-18.379,-19.354,neutral_up,241.213,-1.8603,-8.9838
COIN,COIN-094,2025-03-11T14:00:00-04:00,2025-03-11T15:00:00-04:00,1,194.075,191.54,19.4371,188.5723,190.0526,5.369,18.922,15.518,neutral,231.5654,-5.2285,-9.6476
COIN,COIN-095,2025-03-11T16:00:00-04:00,2025-03-11T17:00:00-04:00,1,191.22,190.7,19.4371,189.5767,190.2816,6.477,-0.376,20.03,neutral,231.5654,-5.2285,-9.6476
COIN,COIN-096,2025-03-12T08:00:00-04:00,2025-03-13T12:00:00-04:00,20,197.7495,180.898,19.2208,193.1765,191.9366,32.302,14.004,18.74,neutral_up,227.9268,-3.6387,-10.8296
COIN,COIN-097,2025-03-14T12:00:00-04:00,2025-03-17T14:00:00-04:00,18,182.77,192.03,18.6471,182.7976,183.3145,-0.385,-5.217,6.845,neutral,220.3614,-4.2811,-11.2041
COIN,COIN-098,2025-03-19T09:00:00-04:00,2025-03-19T14:00:00-04:00,5,186.19,190.98,17.0494,183.8898,183.5995,26.739,9.289,24.603,neutral_up,211.3905,-3.0251,-8.9708
COIN,COIN-099,2025-03-20T09:00:00-04:00,2025-03-24T04:00:00-04:00,27,190.3,198.0,16.7343,189.6016,188.3648,13.893,5.927,-5.042,neutral,209.4278,-1.9628,-7.5344
COIN,COIN-100,2025-03-25T08:00:00-04:00,2025-03-26T12:00:00-04:00,20,202.1809,193.75,15.3033,201.496,199.4632,46.485,-3.258,5.466,neutral_up,205.8213,-0.2661,-3.6065
COIN,COIN-101,2025-03-27T13:00:00-04:00,2025-03-27T17:00:00-04:00,4,188.14,189.35,14.7442,191.4226,193.7898,-59.244,-5.496,-41.331,neutral_down,204.6126,-1.0613,-1.4748
COIN,COIN-102,2025-03-31T16:00:00-04:00,2025-04-01T05:00:00-04:00,5,171.0177,176.61,14.3151,170.835,172.9613,-20.72,-1.332,25.455,neutral,200.4886,-2.653,-5.1853
COIN,COIN-103,2025-04-01T08:00:00-04:00,2025-04-02T12:00:00-04:00,20,173.66,182.18,14.0383,173.3662,173.3516,7.568,-3.764,-18.498,neutral,197.9378,-2.5508,-6.6748
COIN,COIN-104,2025-04-02T14:00:00-04:00,2025-04-02T15:00:00-04:00,1,178.465,182.855,13.5716,177.7591,175.8952,40.566,-13.223,-7.169,neutral_up,195.8071,-2.1307,-7.3345
COIN,COIN-105,2025-04-02T16:00:00-04:00,2025-04-02T19:00:00-04:00,3,174.55,169.0,13.5716,177.9326,176.3481,18.775,-34.132,-35.014,neutral,195.8071,-2.1307,-7.3345
COIN,COIN-106,2025-04-03T04:00:00-04:00,2025-04-03T05:00:00-04:00,1,175.44,173.7,13.5851,174.5731,174.9989,-15.939,19.475,-10.269,neutral,194.6297,-1.1775,-5.859
COIN,COIN-107,2025-04-04T04:00:00-04:00,2025-04-04T10:00:00-04:00,6,172.56,152.44,13.9151,171.1233,171.5712,3.761,6.998,9.539,neutral,192.462,-2.1677,-5.4759
COIN,COIN-108,2025-04-07T10:00:00-04:00,2025-04-07T19:00:00-04:00,9,158.38,161.5,14.6079,152.8111,156.4717,-16.107,25.0,51.811,neutral,189.4877,-2.9743,-6.3194
COIN,COIN-109,2025-04-08T12:00:00-04:00,2025-04-08T18:00:00-04:00,6,155.38,150.0,15.3374,160.264,159.4759,-4.746,-23.669,-35.076,neutral,186.5588,-2.9289,-8.0708
COIN,COIN-110,2025-04-09T10:00:00-04:00,2025-04-09T13:00:00-04:00,3,152.99,176.16,15.7025,152.7925,154.1059,-5.92,-1.096,27.442,neutral,183.3762,-3.1826,-9.0858
COIN,COIN-111,2025-04-10T17:00:00-04:00,2025-04-14T06:00:00-04:00,21,169.25,178.72,16.9966,169.0689,168.0305,8.662,-0.657,-1.109,neutral,182.8084,-0.5678,-6.6793
COIN,COIN-112,2025-04-14T09:00:00-04:00,2025-04-16T06:00:00-04:00,29,176.38,172.0,16.636,177.7184,175.4717,31.622,-22.917,-10.786,neutral_up,181.0555,-0.5576,-2.3207
COIN,COIN-113,2025-04-16T09:00:00-04:00,2025-04-21T05:00:00-04:00,28,171.21,177.74,15.5665,172.4978,173.6191,-29.967,-3.188,0.877,neutral_down,180.1869,-0.4617,-1.4261
COIN,COIN-114,2025-04-21T07:00:00-04:00,2025-04-21T19:00:00-04:00,12,175.41,174.25,14.334,176.1362,175.1374,26.518,-21.672,-11.104,neutral_up,179.0653,-0.4046,-1.5833
COIN,COIN-115,2025-04-22T04:00:00-04:00,2025-04-22T05:00:00-04:00,1,176.35,176.61,13.7796,174.6662,174.4997,16.79,15.533,14.271,neutral,178.693,-0.3723,-1.4939
COIN,COIN-116,2025-04-23T15:00:00-04:00,2025-04-23T17:00:00-04:00,2,194.39,195.44,14.1182,195.7656,193.1839,24.815,-11.482,-27.33,neutral_up,179.7136,1.0206,0.2437
COIN,COIN-117,2025-04-23T18:00:00-04:00,2025-04-23T19:00:00-04:00,1,194.8668,195.25,14.1182,195.5026,193.699,18.536,-4.447,-6.279,neutral,179.7136,1.0206,0.2437
COIN,COIN-118,2025-04-24T04:00:00-04:00,2025-04-24T07:00:00-04:00,3,189.87,192.73,13.8869,194.3357,193.4791,-12.057,-30.205,-35.04,neutral,181.0479,1.3342,1.9825
COIN,COIN-119,2025-04-24T08:00:00-04:00,2025-04-24T11:00:00-04:00,3,194.0,202.1541,13.8869,193.5224,193.2753,0.405,8.928,18.452,neutral,181.0479,1.3342,1.9825
COIN,COIN-120,2025-04-25T13:00:00-04:00,2025-04-28T04:00:00-04:00,7,207.36,209.22,13.6885,206.7186,204.1316,47.861,-12.046,-4.428,neutral_up,183.1081,2.0602,4.415
COIN,COIN-121,2025-04-28T06:00:00-04:00,2025-04-28T12:00:00-04:00,6,207.15,199.75,13.2758,208.4785,206.8549,23.095,-18.679,-17.375,neutral,185.52,2.412,5.8064
COIN,COIN-122,2025-04-29T12:00:00-04:00,2025-04-29T14:00:00-04:00,2,204.77,206.42,13.2004,205.283,205.3152,-6.022,-1.187,-9.684,neutral,187.3173,1.7973,6.2695
COIN,COIN-123,2025-04-29T17:00:00-04:00,2025-04-30T09:00:00-04:00,8,205.01,195.8,13.2004,205.6084,205.5251,-1.94,-6.032,-10.291,neutral,187.3173,1.7973,6.2695
COIN,COIN-124,2025-05-02T13:00:00-04:00,2025-05-02T14:00:00-04:00,1,206.5177,206.11,12.0821,205.3404,204.5303,29.402,-3.803,4.343,neutral_up,191.3071,0.9983,3.9898
COIN,COIN-125,2025-05-02T15:00:00-04:00,2025-05-02T16:00:00-04:00,1,204.96,204.8,12.0821,205.3874,204.6999,13.787,-10.387,-19.418,neutral,191.3071,0.9983,3.9898
COIN,COIN-126,2025-05-06T08:00:00-04:00,2025-05-06T09:00:00-04:00,1,196.49,193.945,11.3799,198.3285,199.9245,-59.653,-0.495,-16.993,neutral_down,193.1848,0.6365,2.876
COIN,COIN-127,2025-05-06T10:00:00-04:00,2025-05-06T11:00:00-04:00,1,195.8299,195.96,11.3799,197.1274,199.0581,-61.39,12.335,-2.232,neutral_down,193.1848,0.6365,2.876
COIN,COIN-128,2025-05-06T19:00:00-04:00,2025-05-07T04:00:00-04:00,1,200.0,201.0,11.3799,197.5406,197.9745,14.764,17.381,38.652,neutral,193.1848,0.6365,2.876
COIN,COIN-129,2025-05-07T15:00:00-04:00,2025-05-07T16:00:00-04:00,1,196.61,197.23,11.0106,197.4269,198.016,-26.655,4.003,-12.482,neutral_down,193.5216,0.3368,2.2145
COIN,COIN-130,2025-05-07T17:00:00-04:00,2025-05-07T19:00:00-04:00,2,197.65,197.5,11.0106,197.44,197.9177,-11.855,7.358,18.804,neutral,193.5216,0.3368,2.2145
COIN,COIN-131,2025-05-09T08:00:00-04:00,2025-05-09T16:00:00-04:00,8,205.12,199.4999,10.9264,203.7571,203.3153,13.103,7.398,12.558,neutral,194.9567,1.1543,1.7719
COIN,COIN-132,2025-05-12T04:00:00-04:00,2025-05-12T05:00:00-04:00,1,208.6,209.21,11.2431,202.212,202.559,11.821,40.472,37.702,neutral,195.3579,0.4012,1.8363
COIN,COIN-133,2025-05-14T13:00:00-04:00,2025-05-15T14:00:00-04:00,17,259.18,245.75,14.4516,257.7916,251.5314,56.122,-6.044,-8.526,neutral_up,201.918,5.4989,6.9613
COIN,COIN-134,2025-05-16T09:00:00-04:00,2025-05-16T10:00:00-04:00,1,257.85,260.58,14.86,249.6151,249.6856,26.01,27.829,35.912,neutral_up,210.8699,3.36,14.4508
COIN,COIN-135,2025-05-19T12:00:00-04:00,2025-05-20T06:00:00-04:00,10,265.9096,267.16,15.6543,262.8876,260.4613,34.983,3.127,19.522,neutral_up,215.9272,5.0573,14.0092
COIN,COIN-136,2025-05-20T08:00:00-04:00,2025-05-21T06:00:00-04:00,14,266.9,260.8,15.1004,266.2383,264.1472,36.937,-10.016,2.834,neutral_up,220.292,4.3648,12.7821
COIN,COIN-137,2025-05-21T08:00:00-04:00,2025-05-22T13:00:00-04:00,21,261.55,269.0,14.6012,261.6724,262.1973,-8.013,0.648,7.802,neutral,224.0237,3.7316,13.1537
COIN,COIN-138,2025-05-23T08:00:00-04:00,2025-05-23T11:00:00-04:00,3,262.499,261.23,14.7225,268.2271,267.8814,-24.952,-16.283,-64.599,neutral_down,231.2613,4.0689,10.9693
COIN,COIN-139,2025-05-27T11:00:00-04:00,2025-05-27T12:00:00-04:00,1,267.15,267.145,14.5002,267.0474,266.4911,8.87,-1.955,-14.334,neutral,234.1603,2.899,10.1366
COIN,COIN-140,2025-05-27T14:00:00-04:00,2025-05-27T17:00:00-04:00,3,265.2588,265.9,14.5002,266.8498,266.5505,-1.498,-12.418,-10.367,neutral,234.1603,2.899,10.1366
COIN,COIN-141,2025-05-28T06:00:00-04:00,2025-05-28T10:00:00-04:00,4,265.1,254.85,13.9609,265.8042,266.094,-12.354,-2.573,-9.935,neutral,237.0866,2.9263,9.8942
COIN,COIN-142,2025-05-30T13:00:00-04:00,2025-06-03T10:00:00-04:00,29,245.64,259.0,13.7401,246.8724,249.1625,-44.361,0.368,9.853,neutral_down,239.586,0.9314,5.4258
COIN,COIN-143,2025-06-04T13:00:00-04:00,2025-06-04T18:00:00-04:00,5,256.3,255.9998,12.981,257.5117,256.7347,-4.202,-1.299,-21.285,neutral,242.4445,1.6365,2.8585
COIN,COIN-144,2025-06-05T09:00:00-04:00,2025-06-05T15:00:00-04:00,6,254.99,244.23,12.5702,256.6132,256.5403,-0.405,-18.969,-3.341,neutral,243.6568,1.2123,3.4441
COIN,COIN-145,2025-06-09T09:00:00-04:00,2025-06-09T18:00:00-04:00,9,254.26,258.5,13.3875,254.9419,253.3527,31.157,-21.016,-11.036,neutral_up,244.3854,0.6765,1.9409
COIN,COIN-146,2025-06-10T08:00:00-04:00,2025-06-11T17:00:00-04:00,25,259.08,250.86,12.9384,257.8908,256.4173,43.064,-0.057,13.175,neutral_up,245.4967,1.1113,1.8399
COIN,COIN-147,2025-06-13T15:00:00-04:00,2025-06-13T18:00:00-04:00,3,242.73,243.11,12.5596,239.9529,240.9406,5.875,15.247,35.833,neutral,246.2412,-0.5181,0.7444
COIN,COIN-148,2025-06-18T05:00:00-04:00,2025-06-18T11:00:00-04:00,6,255.49,278.38,12.8409,254.0447,253.9598,11.762,7.837,28.619,neutral,247.9517,0.5908,1.7105
COIN,COIN-149,2025-06-23T04:00:00-04:00,2025-06-24T05:00:00-04:00,17,304.4,317.11,15.3264,305.1855,299.361,39.312,-8.105,-16.653,neutral_up,257.3724,5.1218,10.0115
COIN,COIN-150,2025-06-25T14:00:00-04:00,2025-06-26T12:00:00-04:00,14,349.0752,376.49,17.4846,349.9786,344.0686,27.954,-3.884,-19.501,neutral_up,269.4342,7.5066,17.1836
COIN,COIN-151,2025-06-30T13:00:00-04:00,2025-07-01T05:00:00-04:00,8,351.18,344.65,19.4237,353.6289,355.969,-30.848,-1.948,-11.291,neutral_down,292.2375,6.1152,22.8033
COIN,COIN-152,2025-07-01T09:00:00-04:00,2025-07-01T11:00:00-04:00,2,351.69,336.52,18.9327,346.7101,349.6971,-29.651,42.822,30.449,neutral_down,297.5368,5.2993,20.2993
COIN,COIN-153,2025-07-02T09:00:00-04:00,2025-07-02T11:00:00-04:00,2,342.23,348.19,18.9658,340.5366,341.7121,-4.318,8.259,-9.102,neutral,300.9644,3.4276,14.8421
COIN,COIN-154,2025-07-03T13:00:00-04:00,2025-07-09T05:00:00-04:00,35,355.8,357.0,19.1768,354.8645,352.7381,23.804,1.62,1.108,neutral_up,305.8285,4.8641,13.591
COIN,COIN-155,2025-07-09T08:00:00-04:00,2025-07-09T13:00:00-04:00,5,358.0,363.995,18.2783,356.1033,355.7311,18.572,7.624,10.363,neutral,318.274,3.6546,12.4455
COIN,COIN-156,2025-07-14T10:00:00-04:00,2025-07-14T14:00:00-04:00,4,394.25,394.01,18.4709,392.0152,389.6234,33.386,-2.915,0.66,neutral_up,334.5446,5.2515,16.2706
COIN,COIN-157,2025-07-14T15:00:00-04:00,2025-07-14T18:00:00-04:00,3,394.05,393.0473,18.4709,393.3897,391.2877,21.255,-2.147,-6.816,neutral,334.5446,5.2515,16.2706
COIN,COIN-158,2025-07-15T04:00:00-04:00,2025-07-16T13:00:00-04:00,25,387.8,403.755,17.9687,392.4064,391.6569,-7.88,-23.119,-25.409,neutral,339.9542,5.4096,16.6287
COIN,COIN-159,2025-07-17T09:00:00-04:00,2025-07-17T16:00:00-04:00,7,404.36,413.0,18.6155,400.4332,398.0613,35.872,11.581,7.493,neutral_up,349.2174,4.8918,14.6728
COIN,COIN-160,2025-07-21T04:00:00-04:00,2025-07-21T05:00:00-04:00,1,427.79,426.49,20.2139,420.7363,418.009,28.349,18.843,13.069,neutral_up,360.6935,5.9077,16.3678
COIN,COIN-161,2025-07-21T14:00:00-04:00,2025-07-21T16:00:00-04:00,2,421.0901,416.5,20.2139,426.021,423.6779,3.583,-16.282,-34.704,neutral,360.6935,5.9077,16.3678
COIN,COIN-162,2025-07-21T18:00:00-04:00,2025-07-21T19:00:00-04:00,1,416.5,415.0001,20.2139,420.0665,421.1839,-25.625,0.036,-5.264,neutral_down,360.6935,5.9077,16.3678
COIN,COIN-163,2025-07-24T09:00:00-04:00,2025-07-28T06:00:00-04:00,29,395.36,398.6,20.5975,398.1237,399.5315,-14.665,-14.215,6.925,neutral,371.6397,2.609,10.9462
COIN,COIN-164,2025-07-28T07:00:00-04:00,2025-07-28T10:00:00-04:00,3,395.0,376.415,19.4353,395.563,394.9221,17.682,-16.94,-1.039,neutral,375.5137,1.6076,6.483
COIN,COIN-165,2025-07-30T16:00:00-04:00,2025-07-30T17:00:00-04:00,1,380.27,381.65,19.4531,378.491,377.5015,13.877,6.143,-28.912,neutral,375.4522,-0.4012,1.5461
COIN,COIN-166,2025-07-31T11:00:00-04:00,2025-07-31T16:00:00-04:00,5,383.01,354.0,19.145,383.7177,382.0774,7.966,-0.916,-40.911,neutral,375.6283,0.1762,0.1146
COIN,COIN-167,2025-08-04T12:00:00-04:00,2025-08-05T11:00:00-04:00,15,318.7065,300.67,21.981,318.8071,324.1693,-33.781,3.368,14.342,neutral_down,370.2617,-5.5462,-5.1905
COIN,COIN-168,2025-08-06T11:00:00-04:00,2025-08-07T05:00:00-04:00,10,295.85,308.5,21.3167,298.4597,302.3747,-54.817,0.175,-3.754,neutral_down,359.391,-6.1396,-16.4168
COIN,COIN-169,2025-08-08T07:00:00-04:00,2025-08-08T12:00:00-04:00,5,313.75,303.7,20.1646,313.045,311.1822,27.909,-0.241,-0.428,neutral_up,350.3837,-3.9354,-15.1469
COIN,COIN-170,2025-08-12T08:00:00-04:00,2025-08-13T09:00:00-04:00,17,326.32,338.1599,19.8689,322.1758,320.7127,28.191,19.175,19.01,neutral_up,344.2928,-2.4643,-10.0264
COIN,COIN-171,2025-08-13T10:00:00-04:00,2025-08-15T05:00:00-04:00,27,327.98,325.56,19.5712,327.7082,324.937,44.999,-24.459,7.85,neutral_up,342.3152,-1.9775,-8.0685
COIN,COIN-172,2025-08-15T07:00:00-04:00,2025-08-15T17:00:00-04:00,10,325.2,317.75,19.2185,324.8528,324.6363,9.039,-3.956,1.259,neutral,339.4628,-1.4693,-4.83
COIN,COIN-173,2025-08-18T12:00:00-04:00,2025-08-18T13:00:00-04:00,1,322.6926,323.8599,18.575,316.906,317.455,23.018,17.485,91.089,neutral,337.4616,-2.0012,-4.8536
COIN,COIN-174,2025-08-20T14:00:00-04:00,2025-08-20T19:00:00-04:00,5,300.93,304.5045,18.6657,301.5749,304.3454,-24.164,-2.442,28.914,neutral_down,332.8569,-3.0837,-6.6058
COIN,COIN-175,2025-08-21T09:00:00-04:00,2025-08-22T10:00:00-04:00,17,301.785,319.8869,18.4032,302.2584,303.3749,-23.235,7.094,-11.507,neutral,330.2709,-2.5861,-7.1907
COIN,COIN-176,2025-08-26T08:00:00-04:00,2025-08-26T09:00:00-04:00,1,307.55,302.005,17.8937,307.4451,308.6708,-19.776,6.371,4.668,neutral,324.9372,-1.9076,-5.3336
COIN,COIN-177,2025-08-26T15:00:00-04:00,2025-08-27T07:00:00-04:00,8,308.66,308.1,17.8937,305.7567,306.7905,-0.153,20.751,34.314,neutral,324.9372,-1.9076,-5.3336
COIN,COIN-178,2025-08-27T08:00:00-04:00,2025-08-27T10:00:00-04:00,2,307.4,310.2,17.2463,307.5932,307.4825,3.17,-4.396,0.962,neutral,323.4575,-1.4797,-4.0878
COIN,COIN-179,2025-08-27T11:00:00-04:00,2025-08-27T12:00:00-04:00,1,308.67,309.72,17.2463,308.494,307.9809,16.266,-7.342,13.096,neutral,323.4575,-1.4797,-4.0878
COIN,COIN-180,2025-08-27T14:00:00-04:00,2025-08-29T05:00:00-04:00,23,310.8,303.6,17.2463,309.4811,308.6008,27.022,2.148,10.756,neutral_up,323.4575,-1.4797,-4.0878
COIN,COIN-181,2025-08-29T13:00:00-04:00,2025-09-04T07:00:00-04:00,42,306.17,301.57,15.9606,305.4763,306.5551,-10.199,6.017,32.375,neutral,320.8908,-1.2496,-4.0464
COIN,COIN-182,2025-09-04T09:00:00-04:00,2025-09-04T18:00:00-04:00,9,303.63,308.0,14.715,302.6122,303.2203,-8.659,15.553,13.022,neutral,316.5514,-1.4241,-4.3394
COIN,COIN-183,2025-09-08T16:00:00-04:00,2025-09-08T17:00:00-04:00,1,302.8,302.75,14.8584,303.0463,302.6137,5.83,-3.558,-18.738,neutral,314.157,-1.5097,-3.8185
COIN,COIN-184,2025-09-09T07:00:00-04:00,2025-09-09T11:00:00-04:00,4,303.3,314.08,14.472,303.9123,303.3214,12.751,-13.096,-7.605,neutral,313.0655,-1.0915,-3.4859
COIN,COIN-185,2025-09-10T14:00:00-04:00,2025-09-10T19:00:00-04:00,5,314.4749,316.0,14.6698,318.5474,316.7962,-1.775,-20.191,-51.264,neutral,313.5832,0.5177,-2.0836
COIN,COIN-186,2025-09-11T09:00:00-04:00,2025-09-11T10:00:00-04:00,1,320.1,325.615,14.7747,318.2064,317.3876,25.099,8.546,12.955,neutral_up,313.7429,0.1597,-0.4142
COIN,COIN-187,2025-09-11T11:00:00-04:00,2025-09-11T17:00:00-04:00,6,320.35,323.51,14.7747,319.8205,318.3368,36.767,-16.663,20.214,neutral_up,313.7429,0.1597,-0.4142
COIN,COIN-188,2025-09-12T12:00:00-04:00,2025-09-15T06:00:00-04:00,10,323.0,321.25,14.4808,324.3817,323.3473,-0.516,-3.354,-46.598,neutral,314.6754,0.9325,1.6099
COIN,COIN-189,2025-09-15T08:00:00-04:00,2025-09-15T18:00:00-04:00,10,321.72,327.73,14.1386,322.3923,322.7969,-15.364,-0.158,-0.833,neutral,315.424,0.7486,1.8408
COIN,COIN-190,2025-09-16T09:00:00-04:00,2025-09-17T17:00:00-04:00,24,326.11,320.24,13.6626,327.4195,326.4771,13.672,-18.182,-16.53,neutral,316.4745,1.0505,2.7316
COIN,COIN-191,2025-09-18T04:00:00-04:00,2025-09-18T05:00:00-04:00,1,327.01,327.3,13.8242,322.5731,323.2605,11.233,25.853,43.088,neutral,317.7904,0.27,2.3665
COIN,COIN-192,2025-09-18T08:00:00-04:00,2025-09-18T10:00:00-04:00,2,325.94,341.13,13.8242,324.8279,324.2747,21.613,-4.097,-3.103,neutral,317.7904,0.27,2.3665
COIN,COIN-193,2025-09-19T13:00:00-04:00,2025-09-22T05:00:00-04:00,8,340.075,330.4,15.0796,342.111,340.1652,12.922,-13.631,-19.429,neutral,320.0767,2.2863,3.6022
COIN,COIN-194,2025-09-23T08:00:00-04:00,2025-09-23T14:00:00-04:00,6,334.0,318.955,14.8109,333.6643,334.1955,-0.466,-1.928,4.338,neutral,322.9852,0.8855,5.1948
COIN,COIN-195,2025-09-24T15:00:00-04:00,2025-09-25T06:00:00-04:00,7,321.77,316.84,15.037,323.3407,324.6675,-22.368,-9.045,-4.302,neutral,322.7275,-0.2577,2.6507
COIN,COIN-196,2025-09-26T11:00:00-04:00,2025-09-26T14:00:00-04:00,3,307.115,313.15,14.6846,307.5148,309.8557,-28.943,2.802,-5.417,neutral_down,321.1895,-1.4509,-1.7957
COIN,COIN-197,2025-09-26T15:00:00-04:00,2025-09-26T18:00:00-04:00,3,312.68,312.0,14.6846,310.4658,310.6738,17.898,1.737,27.68,neutral,321.1895,-1.4509,-1.7957
COIN,COIN-198,2025-09-30T13:00:00-04:00,2025-10-01T05:00:00-04:00,8,333.05,343.52,14.9305,332.1381,329.5332,34.998,-0.864,-18.647,neutral_up,321.6499,1.234,-0.9905
COIN,COIN-199,2025-10-03T14:00:00-04:00,2025-10-06T04:00:00-04:00,6,378.17,388.88,15.4385,375.8741,370.8446,46.143,-2.167,-23.441,neutral_up,329.4367,4.2533,7.7868
COIN,COIN-200,2025-10-06T18:00:00-04:00,2025-10-07T06:00:00-04:00,4,385.26,381.3,15.2979,385.2851,383.1602,18.647,-0.582,-5.166,neutral,334.0434,4.6067,10.9616
COIN,COIN-201,2025-10-07T07:00:00-04:00,2025-10-07T13:00:00-04:00,6,384.0,373.59,15.1152,383.0317,382.6574,-0.223,12.35,9.643,neutral,338.7719,4.7285,13.5885
COIN,COIN-202,2025-10-07T14:00:00-04:00,2025-10-07T15:00:00-04:00,1,377.52,375.66,15.1152,377.086,379.4438,-26.527,15.192,20.628,neutral_down,338.7719,4.7285,13.5885
COIN,COIN-203,2025-10-08T08:00:00-04:00,2025-10-08T11:00:00-04:00,3,376.99,382.18,15.8205,377.28,377.895,-1.04,-5.986,3.669,neutral,342.1254,3.3535,12.6886
COIN,COIN-204,2025-10-09T08:00:00-04:00,2025-10-10T09:00:00-04:00,17,386.9992,401.66,15.7516,384.3085,383.1196,19.719,14.34,22.208,neutral,346.224,4.0986,12.1806
COIN,COIN-205,2025-10-10T10:00:00-04:00,2025-10-10T12:00:00-04:00,2,378.38,360.72,15.3661,387.7178,386.835,8.163,-57.625,-4.544,neutral,349.9345,3.7105,11.1626
COIN,COIN-206,2025-10-13T15:00:00-04:00,2025-10-13T18:00:00-04:00,3,356.88,358.2,17.8778,356.2132,360.9475,-24.724,6.537,19.724,neutral_down,350.5796,0.645,8.4542
COIN,COIN-207,2025-10-14T04:00:00-04:00,2025-10-14T05:00:00-04:00,1,344.5,342.9,18.2476,354.5483,358.4904,-41.34,-27.954,-24.555,neutral_down,351.1523,0.5728,4.9284
COIN,COIN-208,2025-10-14T12:00:00-04:00,2025-10-14T17:00:00-04:00,5,348.765,343.3,18.2476,347.6174,351.6227,-20.96,6.87,24.824,neutral,351.1523,0.5728,4.9284
COIN,COIN-209,2025-10-15T06:00:00-04:00,2025-10-15T17:00:00-04:00,11,346.2,336.5,18.5235,345.9541,347.9983,-12.744,0.232,18.003,neutral,350.2667,-0.8857,0.3321
COIN,COIN-210,2025-10-15T18:00:00-04:00,2025-10-16T04:00:00-04:00,2,337.4,339.75,18.5235,338.927,342.2425,-42.194,4.07,3.972,neutral_down,350.2667,-0.8857,0.3321
COIN,COIN-211,2025-10-16T09:00:00-04:00,2025-10-16T19:00:00-04:00,10,339.2695,328.0001,18.2524,339.5202,340.9418,-11.813,-2.933,7.137,neutral,348.9888,-1.2779,-1.5908
COIN,COIN-212,2025-10-21T08:00:00-04:00,2025-10-21T09:00:00-04:00,1,341.64,337.6091,17.9888,342.358,342.3583,-9.35,2.978,12.55,neutral,346.0347,-0.2245,-2.9541
COIN,COIN-213,2025-10-21T10:00:00-04:00,2025-10-21T12:00:00-04:00,2,341.985,341.12,17.9888,341.5236,341.9319,-10.992,11.406,1.336,neutral,346.0347,-0.2245,-2.9541
COIN,COIN-214,2025-10-21T15:00:00-04:00,2025-10-21T18:00:00-04:00,3,338.71,335.2835,17.9888,340.396,341.2459,-19.35,-2.267,-15.476,neutral,346.0347,-0.2245,-2.9541
COIN,COIN-215,2025-10-21T19:00:00-04:00,2025-10-22T04:00:00-04:00,1,334.0,334.4,17.9888,337.597,339.5348,-44.964,-8.569,-19.218,neutral_down,346.0347,-0.2245,-2.9541
COIN,COIN-216,2025-10-23T18:00:00-04:00,2025-10-24T05:00:00-04:00,3,323.8,331.69,18.1434,323.5742,323.828,-2.846,2.585,-7.752,neutral,343.1021,-2.2667,-3.1571
COIN,COIN-217,2025-10-28T09:00:00-04:00,2025-10-28T12:00:00-04:00,3,364.605,359.58,18.7417,361.6837,359.7856,32.832,14.342,15.651,neutral_up,344.1832,1.7307,1.0811
COIN,COIN-218,2025-10-28T19:00:00-04:00,2025-10-29T05:00:00-04:00,2,355.1,356.35,18.7417,356.4394,357.6795,-27.777,0.301,11.133,neutral_down,344.1832,1.7307,1.0811
COIN,COIN-219,2025-10-29T09:00:00-04:00,2025-10-29T10:00:00-04:00,1,351.635,349.2232,18.407,355.2355,356.5435,-32.344,-18.184,-14.179,neutral_down,345.1847,1.0015,3.9365
COIN,COIN-220,2025-10-29T13:00:00-04:00,2025-10-30T05:00:00-04:00,8,352.49,349.0,18.407,352.9069,354.8034,-27.714,7.54,21.714,neutral_down,345.1847,1.0015,3.9365
COIN,COIN-221,2025-10-30T06:00:00-04:00,2025-10-30T09:00:00-04:00,3,351.03,337.4,18.1486,349.6286,351.4655,-15.761,11.711,29.48,neutral,345.4916,0.3068,3.0391
COIN,COIN-222,2025-10-31T09:00:00-04:00,2025-10-31T10:00:00-04:00,1,348.2185,358.66,18.3059,342.4346,342.611,13.593,19.002,11.022,neutral,344.0042,-1.4874,-0.179
COIN,COIN-223,2025-11-05T11:00:00-05:00,2025-11-05T16:00:00-05:00,5,317.06,317.59,19.4979,314.6528,315.7894,6.757,1.892,13.409,neutral,339.5167,-3.2127,-4.4874
COIN,COIN-224,2025-11-06T08:00:00-05:00,2025-11-06T10:00:00-05:00,2,317.7882,301.14,19.3016,318.0045,317.5701,2.654,-0.521,-11.461,neutral,337.6706,-1.8461,-6.2927
COIN,COIN-225,2025-11-07T13:00:00-05:00,2025-11-07T15:00:00-05:00,2,305.195,309.22,19.6722,296.5089,298.8915,9.477,28.689,76.006,neutral,333.8197,-3.851,-8.9097
COIN,COIN-226,2025-11-11T04:00:00-05:00,2025-11-11T15:00:00-05:00,11,314.27,303.96,19.8845,317.3166,315.0524,11.424,-17.659,-16.86,neutral,330.3367,-1.2467,-7.334
COIN,COIN-227,2025-11-12T08:00:00-05:00,2025-11-13T11:00:00-05:00,19,310.35,291.019,19.4842,308.8121,309.8765,-4.279,8.422,3.396,neutral,327.9388,-2.3979,-5.8809
COIN,COIN-228,2025-11-18T13:00:00-05:00,2025-11-19T11:00:00-05:00,14,265.45,250.99,20.0291,265.0475,267.0726,-6.266,-4.542,22.368,neutral,313.506,-4.9486,-12.2538
COIN,COIN-229,2025-11-21T13:00:00-05:00,2025-11-24T06:00:00-05:00,9,241.31,245.99,19.6739,239.5221,242.105,-7.566,3.328,32.773,neutral,298.1216,-5.9972,-15.3844
COIN,COIN-230,2025-11-24T09:00:00-05:00,2025-11-24T10:00:00-05:00,1,251.4,250.5,19.3372,245.6369,244.0866,35.378,17.348,15.602,neutral_up,292.8706,-5.2511,-15.9231
COIN,COIN-231,2025-11-24T11:00:00-05:00,2025-11-24T12:00:00-05:00,1,250.88,254.899,19.3372,247.4636,245.2342,40.108,1.616,22.078,neutral_up,292.8706,-5.2511,-15.9231
COIN,COIN-232,2025-12-02T08:00:00-05:00,2025-12-02T09:00:00-05:00,1,265.74,269.71,18.3989,263.1551,262.9352,20.922,8.429,16.102,neutral,281.1837,-2.1214,-5.1082
COIN,COIN-233,2025-12-03T04:00:00-05:00,2025-12-03T06:00:00-05:00,2,270.09,269.45,17.9833,266.5646,265.6971,19.989,22.388,17.507,neutral,279.5497,-1.634,-4.8038
COIN,COIN-234,2025-12-03T08:00:00-05:00,2025-12-03T14:00:00-05:00,6,270.26,276.19,17.9833,268.3594,266.9192,32.979,3.868,7.254,neutral_up,279.5497,-1.634,-4.8038
COIN,COIN-235,2025-12-04T09:00:00-05:00,2025-12-08T07:00:00-05:00,30,272.41,275.33,17.7261,275.075,273.8681,-1.912,-13.693,-39.457,neutral,279.3107,-0.2391,-3.9944
COIN,COIN-236,2025-12-08T09:00:00-05:00,2025-12-09T16:00:00-05:00,23,272.68,276.8,16.7916,273.5283,272.9505,11.554,-14.668,-21.721,neutral,278.013,-0.8203,-1.5367
COIN,COIN-237,2025-12-10T11:00:00-05:00,2025-12-10T12:00:00-05:00,1,272.88,273.06,16.2293,274.6669,275.3529,-24.284,-2.102,-14.814,neutral_down,277.6361,-0.0266,-1.1972
COIN,COIN-238,2025-12-10T13:00:00-05:00,2025-12-11T12:00:00-05:00,15,272.225,265.29,16.2293,273.9214,274.8791,-26.288,-2.718,-4.105,neutral_down,277.6361,-0.0266,-1.1972
COIN,COIN-239,2025-12-11T13:00:00-05:00,2025-12-11T14:00:00-05:00,1,266.69,267.54,15.6903,267.107,269.69,-37.567,10.554,18.766,neutral_down,277.3928,-0.2433,-0.6202
COIN,COIN-240,2025-12-11T15:00:00-05:00,2025-12-15T09:00:00-05:00,26,269.135,253.7101,15.6903,267.5819,269.4618,-15.36,12.385,32.761,neutral,277.3928,-0.2433,-0.6202
COIN,COIN-241,2025-12-16T13:00:00-05:00,2025-12-17T16:00:00-05:00,19,253.38,245.25,16.1162,253.1439,254.7608,-16.268,4.086,-13.793,neutral,273.5161,-2.3086,-3.8768
COIN,COIN-242,2025-12-17T17:00:00-05:00,2025-12-17T18:00:00-05:00,1,247.9375,247.3,15.4422,248.3702,250.6235,-40.251,15.047,3.263,neutral_down,271.6164,-1.8996,-5.0257
COIN,COIN-243,2025-12-18T09:00:00-05:00,2025-12-18T16:00:00-05:00,7,249.85,241.0,15.4713,250.2168,250.4706,4.596,-10.07,3.343,neutral,269.1231,-2.4933,-6.7016
COIN,COIN-244,2025-12-19T14:00:00-05:00,2025-12-19T19:00:00-05:00,5,244.58,246.21,15.5312,243.5839,244.5895,-11.362,11.258,10.539,neutral,266.4028,-2.7203,-7.1132
COIN,COIN-245,2025-12-24T12:00:00-05:00,2025-12-26T11:00:00-05:00,10,239.9,236.06,14.2187,240.0404,241.3093,-32.928,6.3,19.274,neutral_down,261.0991,-1.8709,-5.3037
COIN,COIN-246,2025-12-29T09:00:00-05:00,2025-12-29T19:00:00-05:00,10,236.44,232.5,13.1571,235.9424,236.9847,-28.361,20.079,2.889,neutral_down,257.1387,-2.0178,-5.8313
COIN,COIN-247,2025-12-30T04:00:00-05:00,2025-12-30T19:00:00-05:00,15,234.57,231.0128,12.7251,233.7058,234.7414,-23.176,19.736,11.808,neutral,255.0102,-2.1285,-6.0889
COIN,COIN-248,2026-01-08T07:00:00-05:00,2026-01-09T12:00:00-05:00,21,247.4,240.39,12.4184,246.1584,246.9571,-2.584,8.045,35.401,neutral,249.4313,-0.3471,0.2468
COIN,COIN-249,2026-01-12T12:00:00-05:00,2026-01-13T05:00:00-05:00,9,244.098,244.4,11.9434,242.7958,242.5486,25.352,-5.828,31.929,neutral_up,248.3311,-0.7501,-1.4474
COIN,COIN-250,2026-01-13T09:00:00-05:00,2026-01-13T11:00:00-05:00,2,245.99,251.5321,11.8017,244.4924,243.7564,26.959,4.364,11.726,neutral_up,247.8501,-0.481,-1.5812
COIN,COIN-251,2026-01-14T13:00:00-05:00,2026-01-15T06:00:00-05:00,9,253.674,252.17,11.8495,255.8098,253.6886,18.266,-18.411,-50.839,neutral,248.2878,0.4377,-0.7934
COIN,COIN-252,2026-01-15T08:00:00-05:00,2026-01-15T09:00:00-05:00,1,252.72,246.26,11.7463,252.6573,252.8449,-4.33,2.766,3.366,neutral,248.9762,0.6884,0.6451
COIN,COIN-253,2026-01-16T14:00:00-05:00,2026-01-20T05:00:00-05:00,7,241.56,230.5,12.2237,241.0897,242.8138,-19.291,4.068,25.818,neutral,248.0938,-0.8824,0.2437
COIN,COIN-254,2026-01-21T08:00:00-05:00,2026-01-22T16:00:00-05:00,24,227.85,223.65,12.0931,227.641,229.8851,-38.114,9.041,5.809,neutral_down,245.6831,-1.7803,-3.293
COIN,COIN-255,2026-01-26T18:00:00-05:00,2026-01-27T12:00:00-05:00,10,214.5,209.48,11.2832,213.8855,215.0446,-18.948,8.977,13.206,neutral,239.8044,-2.2804,-5.8788
COIN,COIN-256,2026-01-28T10:00:00-05:00,2026-01-28T19:00:00-05:00,9,209.42,208.8141,10.5474,211.4571,211.9826,-27.802,-16.395,-38.112,neutral_down,235.0035,-2.4114,-7.0814
COIN,COIN-257,2026-01-30T13:00:00-05:00,2026-01-30T18:00:00-05:00,5,194.16,194.4,10.6864,195.403,197.8384,-51.819,4.519,-8.897,neutral_down,229.6413,-3.0391,-7.7736
COIN,COIN-258,2026-02-03T06:00:00-05:00,2026-02-03T11:00:00-05:00,5,189.94,180.609,10.4642,189.2689,190.0549,-6.728,5.021,9.999,neutral,222.9683,-3.5128,-9.7121
COIN,COIN-259,2026-02-09T12:00:00-05:00,2026-02-10T18:00:00-05:00,22,166.04,159.96,12.5012,164.3647,162.6809,33.41,1.184,19.567,neutral_up,204.317,-3.9197,-14.7215
COIN,COIN-260,2026-02-17T12:00:00-05:00,2026-02-18T06:00:00-05:00,10,167.685,166.72,13.1031,164.8938,162.0198,46.33,1.845,34.671,neutral_up,186.4591,-2.1989,-10.9959
COIN,COIN-261,2026-02-18T08:00:00-05:00,2026-02-18T10:00:00-05:00,2,166.223,172.765,13.0343,166.6726,165.3211,17.294,-6.413,-12.181,neutral,184.6033,-1.8558,-8.8285
COIN,COIN-262,2026-02-18T11:00:00-05:00,2026-02-18T19:00:00-05:00,8,168.89,164.2,13.0343,168.7101,166.7257,37.384,-15.241,20.09,neutral_up,184.6033,-1.8558,-8.8285
COIN,COIN-263,2026-02-19T10:00:00-05:00,2026-02-19T12:00:00-05:00,2,163.51,163.52,12.8697,164.3928,164.9218,-11.668,-6.02,7.438,neutral,182.733,-1.8703,-5.925
COIN,COIN-264,2026-02-19T14:00:00-05:00,2026-02-20T10:00:00-05:00,12,163.32,173.77,12.8697,164.116,164.6181,-11.745,-5.106,-3.469,neutral,182.733,-1.8703,-5.925
COIN,COIN-265,2026-02-20T12:00:00-05:00,2026-02-20T14:00:00-05:00,2,169.925,171.045,12.4119,169.1832,167.5616,39.461,-12.182,15.485,neutral_up,181.2036,-1.5294,-5.2555
COIN,COIN-266,2026-02-23T06:00:00-05:00,2026-02-23T11:00:00-05:00,5,167.5,163.22,12.3414,169.3887,168.9828,-12.238,-9.987,-39.868,neutral,180.3078,-0.8958,-4.2954
COIN,COIN-267,2026-02-24T14:00:00-05:00,2026-02-24T19:00:00-05:00,5,159.655,161.95,12.3663,159.0991,160.277,-7.466,-1.35,32.393,neutral,178.4844,-1.8234,-4.2486
COIN,COIN-268,2026-02-26T13:00:00-05:00,2026-02-27T19:00:00-05:00,22,177.984,175.8009,12.9975,180.8019,179.2804,-3.508,-9.062,-51.596,neutral,177.625,0.6365,-2.6828
COIN,COIN-269,2026-03-02T04:00:00-05:00,2026-03-02T05:00:00-05:00,1,171.6,171.9,12.5071,174.8323,176.1178,-32.48,-20.512,-16.504,neutral_down,177.7539,-0.1834,0.7654
COIN,COIN-270,2026-03-02T08:00:00-05:00,2026-03-02T11:00:00-05:00,3,170.22,182.916,12.5071,172.8291,174.6693,-46.601,-5.265,-6.751,neutral_down,177.7539,-0.1834,0.7654
COIN,COIN-271,2026-03-03T13:00:00-05:00,2026-03-03T14:00:00-05:00,1,184.88,185.58,12.623,180.7181,179.9721,26.365,15.385,39.57,neutral_up,178.4267,0.6728,0.8017
COIN,COIN-272,2026-03-03T15:00:00-05:00,2026-03-03T16:00:00-05:00,1,182.22,182.0,12.623,181.7964,180.64,24.715,-10.948,13.735,neutral_up,178.4267,0.6728,0.8017
COIN,COIN-273,2026-03-03T17:00:00-05:00,2026-03-03T18:00:00-05:00,1,182.5,183.04,12.623,181.9697,180.9215,16.016,-1.975,-19.648,neutral,178.4267,0.6728,0.8017
COIN,COIN-274,2026-03-05T12:00:00-05:00,2026-03-06T04:00:00-05:00,8,202.13,204.92,13.9616,207.4697,205.1561,-0.927,-21.379,-56.347,neutral,181.5078,2.7362,3.7539
COIN,COIN-275,2026-03-09T08:00:00-04:00,2026-03-10T05:00:00-04:00,13,196.19,206.64,13.6271,195.751,197.5692,-24.411,10.365,12.882,neutral_down,184.9269,1.2143,6.1553
COIN,COIN-276,2026-03-10T09:00:00-04:00,2026-03-10T15:00:00-04:00,6,198.6,196.47,13.4295,201.7927,200.3241,12.656,-26.767,-42.956,neutral,186.2717,1.3448,4.7639
COIN,COIN-277,2026-03-11T11:00:00-04:00,2026-03-13T18:00:00-04:00,39,194.76,194.48,13.2746,195.7585,196.7596,-15.57,-4.689,15.245,neutral,187.1988,0.9271,3.4863
COIN,COIN-278,2026-03-16T04:00:00-04:00,2026-03-16T05:00:00-04:00,1,200.34,200.9,12.6725,196.4494,196.3759,13.406,31.613,28.708,neutral,189.3131,0.6242,2.1143
COIN,COIN-279,2026-03-16T09:00:00-04:00,2026-03-16T10:00:00-04:00,1,200.86,204.3,12.6725,200.0654,198.4441,40.295,-14.434,-4.966,neutral_up,189.3131,0.6242,2.1143
COIN,COIN-280,2026-03-16T11:00:00-04:00,2026-03-16T12:00:00-04:00,1,201.42,200.61,12.6725,201.0138,199.1986,34.321,-12.562,-20.407,neutral_up,189.3131,0.6242,2.1143
COIN,COIN-281,2026-03-17T07:00:00-04:00,2026-03-17T15:00:00-04:00,8,204.56,210.2,12.5448,203.7944,202.3834,23.166,4.658,-13.738,neutral,190.5719,1.2588,2.3421
COIN,COIN-282,2026-03-18T09:00:00-04:00,2026-03-18T11:00:00-04:00,2,206.71,203.21,12.4588,208.9655,208.145,-8.109,-5.457,-65.291,neutral,192.3563,1.7844,3.6674
COIN,COIN-283,2026-03-18T13:00:00-04:00,2026-03-18T14:00:00-04:00,1,207.37,205.315,12.4588,206.1116,206.7943,-16.723,21.955,11.887,neutral,192.3563,1.7844,3.6674
COIN,COIN-284,2026-03-19T11:00:00-04:00,2026-03-23T05:00:00-04:00,26,198.14,192.22,12.216,199.2412,201.5337,-32.048,2.749,27.332,neutral_down,193.2594,0.9031,3.9462
COIN,COIN-285,2026-03-23T07:00:00-04:00,2026-03-24T05:00:00-04:00,14,197.5,202.02,12.0454,196.1445,197.9397,-30.184,26.194,6.767,neutral_down,194.4461,0.3094,2.0898
COIN,COIN-286,2026-03-24T09:00:00-04:00,2026-03-24T10:00:00-04:00,1,195.6301,184.635,11.745,199.5382,199.7049,-17.978,-20.631,-29.084,neutral,195.0055,0.5594,1.7462
COIN,COIN-287,2026-03-25T14:00:00-04:00,2026-03-26T05:00:00-04:00,7,180.58,177.44,12.6321,183.4963,185.849,-46.872,-6.096,-20.235,neutral_down,193.7241,-1.2814,-0.4126
COIN,COIN-288,2026-03-30T11:00:00-04:00,2026-03-30T19:00:00-04:00,8,163.5,160.6944,12.3383,163.6573,164.8537,-18.578,1.08,-20.277,neutral,188.1242,-2.6974,-5.5999
COIN,COIN-289,2026-03-31T04:00:00-04:00,2026-03-31T05:00:00-04:00,1,162.46,161.48,12.0313,161.446,162.6215,-17.701,15.223,17.365,neutral,185.6466,-2.4777,-6.9263
COIN,COIN-290,2026-03-31T07:00:00-04:00,2026-03-31T12:00:00-04:00,5,162.04,171.94,12.0313,161.4706,162.3348,-12.755,8.035,4.947,neutral,185.6466,-2.4777,-6.9263
COIN,COIN-291,2026-04-01T16:00:00-04:00,2026-04-02T04:00:00-04:00,4,173.1775,168.0,12.2412,174.517,173.5595,-2.046,-3.018,-30.631,neutral,184.6396,-1.007,-6.182
COIN,COIN-292,2026-04-07T15:00:00-04:00,2026-04-07T17:00:00-04:00,2,175.19,177.63,11.3544,172.3173,172.6237,11.104,22.923,36.281,neutral,181.7805,-0.6992,-2.8591
COIN,COIN-293,2026-04-09T14:00:00-04:00,2026-04-09T15:00:00-04:00,1,168.6901,169.07,11.5873,172.3752,174.1965,-44.844,-16.902,-10.117,neutral_down,180.6313,-0.5501,-1.8484
COIN,COIN-294,2026-04-09T18:00:00-04:00,2026-04-09T19:00:00-04:00,1,169.8,169.0,11.5873,170.7884,172.759,-40.174,2.894,8.846,neutral_down,180.6313,-0.5501,-1.8484
COIN,COIN-295,2026-04-10T10:00:00-04:00,2026-04-13T06:00:00-04:00,12,167.7,164.0,11.5265,168.5227,170.3339,-35.887,7.091,-1.557,neutral_down,179.5802,-1.051,-2.2003
COIN,COIN-296,2026-04-13T09:00:00-04:00,2026-04-13T10:00:00-04:00,1,172.81,174.75,11.2282,166.6784,167.4401,11.963,59.221,67.389,neutral,178.5148,-1.0655,-2.6666
COIN,COIN-297,2026-04-15T12:00:00-04:00,2026-04-15T15:00:00-04:00,3,188.66,195.97,11.2927,187.6863,185.0025,56.802,-12.539,0.675,neutral_up,178.7189,0.5691,-0.8613
COIN,COIN-298,2026-04-16T17:00:00-04:00,2026-04-17T06:00:00-04:00,5,198.81,200.02,11.4104,197.5538,195.2642,43.848,-1.6,4.723,neutral_up,180.2872,1.5683,1.7724
COIN,COIN-299,2026-04-23T07:00:00-04:00,2026-04-23T15:00:00-04:00,8,203.65,197.95,12.4854,203.8133,204.3108,-15.838,7.328,1.781,neutral,189.2958,1.6964,5.0228
COIN,COIN-300,2026-04-24T04:00:00-04:00,2026-04-24T05:00:00-04:00,1,199.3,198.57,12.4758,199.7015,200.9681,-18.486,-2.539,13.524,neutral,190.0826,0.7867,3.3162
COIN,COIN-301,2026-04-24T06:00:00-04:00,2026-04-28T06:00:00-04:00,32,199.3528,193.46,12.4758,199.4508,200.6231,-20.443,3.166,-4.496,neutral,190.0826,0.7867,3.3162
COIN,COIN-302,2026-04-28T13:00:00-04:00,2026-04-28T17:00:00-04:00,4,192.7,191.35,11.8158,193.0464,194.8323,-35.472,6.962,12.103,neutral_down,191.4825,0.5247,2.1867
COIN,COIN-303,2026-04-29T04:00:00-04:00,2026-04-29T09:00:00-04:00,5,192.17,180.455,11.5418,192.2874,193.5801,-25.047,5.445,7.664,neutral_down,191.7196,0.237,1.637
COIN,COIN-304,2026-05-06T13:00:00-04:00,2026-05-07T06:00:00-04:00,9,195.29,196.3153,11.8736,196.7592,198.1166,-30.934,1.013,-2.86,neutral_down,192.2524,0.5408,1.7201
COIN,COIN-305,2026-05-07T09:00:00-04:00,2026-05-07T17:00:00-04:00,8,195.735,182.87,11.4005,196.6027,197.1845,-15.094,-5.119,-2.484,neutral,192.7676,0.5152,2.1728
COIN,COIN-306,2026-05-14T10:00:00-04:00,2026-05-14T11:00:00-04:00,1,206.15,214.12,12.8284,201.7862,202.721,-8.186,40.082,10.896,neutral,197.1878,0.4512,3.6432
COIN,COIN-307,2026-05-19T08:00:00-04:00,2026-05-19T16:00:00-04:00,8,188.5,193.72,14.0606,189.0976,190.6464,-27.339,-2.291,-3.108,neutral_down,197.455,-0.7955,0.2672
COIN,COIN-308,2026-05-19T18:00:00-04:00,2026-05-20T04:00:00-04:00,2,192.28,196.14,14.0606,192.4907,191.9091,14.219,-8.934,-9.586,neutral,197.455,-0.7955,0.2672
COIN,COIN-309,2026-05-20T11:00:00-04:00,2026-05-21T07:00:00-04:00,12,195.24,190.35,13.7706,194.1794,193.4595,11.959,11.073,-32.338,neutral,197.0955,-0.3595,-1.4371
COIN,COIN-310,2026-05-21T10:00:00-04:00,2026-05-22T06:00:00-04:00,12,190.16,192.67,13.2791,190.8838,191.816,-28.745,4.577,-0.832,neutral_down,196.5763,-0.5191,-1.6742
COIN,COIN-311,2026-05-22T09:00:00-04:00,2026-05-22T11:00:00-04:00,2,192.7,188.39,12.9042,193.4313,193.1065,5.771,-12.854,3.575,neutral,196.3057,-0.2707,-1.1493
COIN,COIN-312,2026-06-04T13:00:00-04:00,2026-06-05T09:00:00-04:00,12,164.31,153.3,12.0863,163.5789,165.102,-18.752,8.286,9.884,neutral,186.422,-2.3162,-4.5524
COIN,COIN-313,2026-06-09T09:00:00-04:00,2026-06-09T12:00:00-04:00,3,164.59,151.675,11.8827,161.79,160.7106,31.139,24.58,7.432,neutral_up,179.7365,-1.7627,-6.6855
COIN,COIN-314,2026-06-10T14:00:00-04:00,2026-06-10T18:00:00-04:00,4,154.81,152.09,12.1111,156.206,156.3723,-6.572,-11.681,-30.865,neutral,177.535,-2.2015,-6.8641
COIN,COIN-315,2026-06-11T04:00:00-04:00,2026-06-11T05:00:00-04:00,1,158.5,158.1,11.926,154.7663,155.3137,2.663,36.909,35.552,neutral,175.3927,-2.1423,-6.1064
COIN,COIN-316,2026-06-11T13:00:00-04:00,2026-06-11T15:00:00-04:00,2,159.47,160.441,11.926,156.2078,156.0711,7.518,30.322,7.969,neutral,175.3927,-2.1423,-6.1064
COIN,COIN-317,2026-06-12T09:00:00-04:00,2026-06-15T05:00:00-04:00,12,157.61,167.33,11.7428,159.6303,158.812,1.546,-17.216,-33.698,neutral,174.0335,-1.3592,-5.703
COIN,COIN-318,2026-06-16T08:00:00-04:00,2026-06-18T06:00:00-04:00,30,169.28,167.6,11.8416,169.9603,168.6524,22.864,-11.324,-17.203,neutral,172.4536,-0.2824,-2.9392
COIN,COIN-319,2026-06-18T08:00:00-04:00,2026-06-18T12:00:00-04:00,4,168.61,163.64,11.3429,167.795,168.2746,-6.248,10.809,3.005,neutral,171.5043,-0.6589,-1.2316
COIN,COIN-320,2026-06-18T19:00:00-04:00,2026-06-22T04:00:00-04:00,1,163.2,163.79,11.3429,163.7823,165.2649,-29.89,1.049,4.981,neutral_down,171.5043,-0.6589,-1.2316
COIN,COIN-321,2026-06-22T10:00:00-04:00,2026-06-22T11:00:00-04:00,1,166.3399,166.245,11.1947,166.5982,166.0048,32.132,-28.782,39.607,neutral_up,170.7521,-0.7522,-1.7015
COIN,COIN-322,2026-06-22T13:00:00-04:00,2026-06-22T14:00:00-04:00,1,164.95,163.19,11.1947,165.9559,165.8379,-3.034,-6.443,-35.165,neutral,170.7521,-0.7522,-1.7015
COIN,COIN-323,2026-06-22T15:00:00-04:00,2026-06-22T16:00:00-04:00,1,164.85,164.7,11.1947,165.2922,165.5292,-10.977,3.477,-14.386,neutral,170.7521,-0.7522,-1.7015
COIN,COIN-324,2026-06-24T07:00:00-04:00,2026-06-24T11:00:00-04:00,4,159.9,152.76,11.1533,159.2401,159.9629,-7.778,6.724,5.983,neutral,169.1196,-1.096,-2.3847
COIN,COIN-325,2026-06-29T12:00:00-04:00,2026-06-30T10:00:00-04:00,14,148.56,142.9976,11.027,148.6931,148.2278,4.069,0.719,-17.346,neutral,163.6826,-1.4483,-5.437
COIN,COIN-326,2026-07-02T15:00:00-04:00,2026-07-02T16:00:00-04:00,1,165.485,165.77,11.2007,165.0871,162.189,41.381,-4.376,-14.172,neutral_up,160.9371,-0.1617,-2.7456
COIN,COIN-327,2026-07-06T08:00:00-04:00,2026-07-06T19:00:00-04:00,11,164.41,169.6157,11.3842,166.5111,164.8094,17.517,-22.667,-36.63,neutral,161.3505,0.4134,-1.2391
SMCI,SMCI-001,2024-07-15T11:00:00-04:00,2024-07-15T16:00:00-04:00,5,90.4276,89.768,5.6983,91.9402,91.418,0.999,-21.744,-75.135,neutral,86.4119,0.4564,1.1801
SMCI,SMCI-002,2024-07-16T14:00:00-04:00,2024-07-16T18:00:00-04:00,4,88.3925,87.869,5.8719,88.7017,89.4234,-35.715,6.958,2.01,neutral_down,86.7217,0.3098,1.0564
SMCI,SMCI-003,2024-07-18T09:00:00-04:00,2024-07-18T11:00:00-04:00,2,81.2,78.555,5.7571,82.5274,83.3866,-37.182,-21.744,6.388,neutral_down,86.3386,-0.4694,-0.0732
SMCI,SMCI-004,2024-07-19T12:00:00-04:00,2024-07-22T10:00:00-04:00,14,81.1946,77.224,5.7807,80.6693,80.8184,10.858,-0.812,28.072,neutral,85.7769,-0.5618,-0.9449
SMCI,SMCI-005,2024-07-23T12:00:00-04:00,2024-07-24T06:00:00-04:00,10,79.1726,77.277,5.5833,78.6855,78.7741,12.474,0.676,44.294,neutral,84.6279,-0.5964,-1.7107
SMCI,SMCI-006,2024-07-25T14:00:00-04:00,2024-07-26T19:00:00-04:00,21,70.116,71.23,5.6597,70.5695,71.5031,-21.847,-8.57,15.296,neutral,82.8848,-1.1705,-2.3395
SMCI,SMCI-007,2024-07-29T04:00:00-04:00,2024-07-29T16:00:00-04:00,11,71.7,69.773,5.4605,71.3462,71.2547,8.971,8.156,7.988,neutral,80.7284,-0.9508,-3.3269
SMCI,SMCI-008,2024-08-01T05:00:00-04:00,2024-08-01T12:00:00-04:00,7,71.2,67.5,5.3307,71.1085,70.4389,24.609,-4.643,-31.967,neutral_up,77.77,-0.767,-2.9584
SMCI,SMCI-009,2024-08-06T12:00:00-04:00,2024-08-06T19:00:00-04:00,7,61.766,53.5,5.9644,61.3345,61.2154,4.98,5.035,5.559,neutral,74.1916,-1.3194,-3.5784
SMCI,SMCI-010,2024-08-08T12:00:00-04:00,2024-08-08T18:00:00-04:00,6,51.8245,51.545,6.3218,50.1175,50.8135,7.813,11.44,46.812,neutral,70.889,-2.1655,-4.6219
SMCI,SMCI-011,2024-08-09T10:00:00-04:00,2024-08-12T11:00:00-04:00,16,50.029,54.923,6.2279,50.7412,50.9544,-23.945,-1.928,-31.296,neutral_down,69.0738,-1.8152,-5.1177
SMCI,SMCI-012,2024-08-14T09:00:00-04:00,2024-08-15T09:00:00-04:00,15,55.283,59.778,5.7997,56.9317,56.3996,12.853,-48.822,-32.631,neutral,65.3493,-0.86,-3.7246
SMCI,SMCI-013,2024-08-16T14:00:00-04:00,2024-08-20T15:00:00-04:00,33,62.731,61.075,5.7131,62.5056,61.9453,20.606,5.504,3.94,neutral,64.4771,-0.1777,-1.7322
SMCI,SMCI-014,2024-08-21T11:00:00-04:00,2024-08-21T15:00:00-04:00,4,61.655,62.361,5.2029,61.0674,61.2276,0.737,17.933,13.118,neutral,63.8723,-0.2797,-0.6048
SMCI,SMCI-015,2024-08-23T12:00:00-04:00,2024-08-26T10:00:00-04:00,14,61.48,57.52,4.8692,61.2454,61.2429,11.083,0.822,12.771,neutral,63.4398,-0.2951,-0.7122
SMCI,SMCI-016,2024-08-27T14:00:00-04:00,2024-08-27T16:00:00-04:00,2,54.671,54.55,4.8012,55.1606,56.2682,-53.819,1.389,12.484,neutral_down,62.6093,-0.6359,-1.1255
SMCI,SMCI-017,2024-08-30T10:00:00-04:00,2024-08-30T11:00:00-04:00,1,42.308,42.964,5.4411,44.6254,44.9779,-38.571,-33.719,-51.257,neutral_down,58.8901,-1.4036,-3.7193
SMCI,SMCI-018,2024-08-30T12:00:00-04:00,2024-08-30T15:00:00-04:00,3,43.093,43.751,5.4411,44.0531,44.6401,-43.25,0.818,-38.398,neutral_down,58.8901,-1.4036,-3.7193
SMCI,SMCI-019,2024-08-30T16:00:00-04:00,2024-08-30T18:00:00-04:00,2,44.706,44.5501,5.4411,44.0449,44.4317,-8.278,16.101,26.562,neutral,58.8901,-1.4036,-3.7193
SMCI,SMCI-020,2024-09-03T09:00:00-04:00,2024-09-04T08:00:00-04:00,15,44.6965,42.575,5.3364,43.7532,44.0357,-6.267,25.256,18.4,neutral,57.5138,-1.3763,-4.3802
SMCI,SMCI-021,2024-09-04T09:00:00-04:00,2024-09-04T13:00:00-04:00,4,42.501,42.5025,5.2101,43.1006,43.5608,-40.636,1.502,-6.252,neutral_down,56.301,-1.2128,-3.9927
SMCI,SMCI-022,2024-09-04T15:00:00-04:00,2024-09-04T16:00:00-04:00,1,42.331,42.3,5.2101,42.5391,43.0442,-31.589,5.254,-3.918,neutral_down,56.301,-1.2128,-3.9927
SMCI,SMCI-023,2024-09-04T17:00:00-04:00,2024-09-04T18:00:00-04:00,1,42.4664,42.407,5.2101,42.4863,42.9302,-24.06,4.921,12.783,neutral_down,56.301,-1.2128,-3.9927
SMCI,SMCI-024,2024-09-05T04:00:00-04:00,2024-09-05T05:00:00-04:00,1,42.11,41.766,5.076,42.3575,42.7572,-28.581,-3.225,-4.521,neutral_down,55.031,-1.27,-3.8591
SMCI,SMCI-025,2024-09-05T06:00:00-04:00,2024-09-06T05:00:00-04:00,15,41.789,40.65,5.076,42.1492,42.5873,-40.398,-3.159,-15.043,neutral_down,55.031,-1.27,-3.8591
SMCI,SMCI-026,2024-09-06T07:00:00-04:00,2024-09-06T09:00:00-04:00,2,40.615,39.573,4.8312,40.8532,41.3391,-54.36,8.167,-6.528,neutral_down,53.797,-1.234,-3.7168
SMCI,SMCI-027,2024-09-10T13:00:00-04:00,2024-09-11T12:00:00-04:00,13,40.8224,43.021,4.6013,40.7771,40.6674,-0.462,8.702,-18.745,neutral,51.3771,-1.0409,-3.6539
SMCI,SMCI-028,2024-09-12T15:00:00-04:00,2024-09-13T10:00:00-04:00,11,44.23,46.781,4.3363,44.3118,43.8836,24.978,-5.778,-15.957,neutral_up,49.92,-0.5381,-2.498
SMCI,SMCI-029,2024-09-16T11:00:00-04:00,2024-09-17T14:00:00-04:00,18,45.25,43.8335,4.075,45.1798,45.1511,-3.427,9.2,15.763,neutral,49.0691,-0.3336,-1.389
SMCI,SMCI-030,2024-09-18T14:00:00-04:00,2024-09-18T19:00:00-04:00,5,44.733,44.14,3.8325,44.6229,44.5783,7.632,1.034,-3.755,neutral,48.259,-0.4308,-1.1437
SMCI,SMCI-031,2024-09-19T04:00:00-04:00,2024-09-19T05:00:00-04:00,1,44.96,45.25,3.7359,44.3533,44.4039,8.117,25.744,32.789,neutral,47.8432,-0.4158,-1.2259
SMCI,SMCI-032,2024-09-19T10:00:00-04:00,2024-09-19T11:00:00-04:00,1,44.44,43.929,3.7359,44.8591,44.7107,6.106,-20.677,-45.169,neutral,47.8432,-0.4158,-1.2259
SMCI,SMCI-033,2024-09-19T14:00:00-04:00,2024-09-19T15:00:00-04:00,1,44.1195,43.71,3.7359,44.3549,44.4831,-23.534,3.181,-7.853,neutral,47.8432,-0.4158,-1.2259
SMCI,SMCI-034,2024-09-24T12:00:00-04:00,2024-09-26T06:00:00-04:00,25,46.8,46.8,3.5199,46.6292,46.377,15.782,4.912,-7.402,neutral,47.2468,-0.0651,-0.5964
SMCI,SMCI-035,2024-09-30T11:00:00-04:00,2024-10-01T16:00:00-04:00,21,41.741,40.55,3.7647,41.869,41.8106,5.341,-8.253,16.44,neutral,46.0176,-0.4054,-1.1462
SMCI,SMCI-036,2024-10-02T12:00:00-04:00,2024-10-02T15:00:00-04:00,3,41.29,42.01,3.6108,40.787,40.8387,18.168,5.035,46.208,neutral,45.1628,-0.4583,-1.2601
SMCI,SMCI-037,2024-10-03T14:00:00-04:00,2024-10-03T18:00:00-04:00,4,41.7,41.7601,3.5111,42.1734,41.9259,2.848,-14.589,-53.132,neutral,44.8762,-0.2866,-1.1414
SMCI,SMCI-038,2024-10-04T09:00:00-04:00,2024-10-04T12:00:00-04:00,3,41.84,41.13,3.4724,41.9764,41.9065,9.936,-14.068,9.953,neutral,44.5729,-0.3033,-1.0482
SMCI,SMCI-039,2024-10-04T14:00:00-04:00,2024-10-07T05:00:00-04:00,7,41.27,41.15,3.4724,41.4686,41.6495,-24.542,3.152,-1.72,neutral_down,44.5729,-0.3033,-1.0482
SMCI,SMCI-040,2024-10-07T08:00:00-04:00,2024-10-07T10:00:00-04:00,2,41.17,47.56,3.3958,41.1781,41.3436,-17.901,4.104,3.414,neutral,44.269,-0.3039,-0.8938
SMCI,SMCI-041,2024-10-10T10:00:00-04:00,2024-10-11T18:00:00-04:00,24,46.02,47.45,3.8541,46.4335,46.5724,-25.347,5.741,-36.45,neutral_down,44.8903,0.236,0.6213
SMCI,SMCI-042,2024-10-14T10:00:00-04:00,2024-10-15T05:00:00-04:00,11,47.365,46.71,3.6836,47.9096,47.5657,15.5,-23.909,-38.824,neutral,45.2837,0.2516,0.6294
SMCI,SMCI-043,2024-10-15T08:00:00-04:00,2024-10-16T14:00:00-04:00,22,47.12,49.73,3.6362,47.1289,47.2295,-7.956,1.944,14.24,neutral,45.477,0.1933,0.5867
SMCI,SMCI-044,2024-10-16T15:00:00-04:00,2024-10-17T04:00:00-04:00,5,48.75,50.34,3.5822,48.8078,48.2754,36.966,-19.092,-6.766,neutral_up,45.6864,0.2094,0.6543
SMCI,SMCI-045,2024-10-17T10:00:00-04:00,2024-10-17T11:00:00-04:00,1,47.7858,48.19,3.5468,49.2806,49.027,-11.743,-31.617,-76.413,neutral,45.9649,0.2785,0.6812
SMCI,SMCI-046,2024-10-18T12:00:00-04:00,2024-10-22T11:00:00-04:00,31,47.52,45.2199,3.5406,47.9567,48.1347,-19.256,-10.64,-10.898,neutral,46.1126,0.1477,0.6356
SMCI,SMCI-047,2024-10-23T13:00:00-04:00,2024-10-24T11:00:00-04:00,14,44.7955,46.644,3.3262,45.5132,45.9205,-45.045,-20.04,-5.382,neutral_down,46.3277,-0.0358,0.2151
SMCI,SMCI-048,2024-10-24T12:00:00-04:00,2024-10-24T15:00:00-04:00,3,45.745,46.221,3.1977,46.0689,45.9436,14.68,-26.689,-18.481,neutral,46.2406,-0.0871,0.0228
SMCI,SMCI-049,2024-10-24T19:00:00-04:00,2024-10-25T05:00:00-04:00,2,46.27,46.65,3.1977,46.1877,46.0676,16.0,0.416,1.435,neutral,46.2406,-0.0871,0.0228
SMCI,SMCI-050,2024-10-28T08:00:00-04:00,2024-10-29T12:00:00-04:00,20,47.82,49.1325,3.0369,47.6441,47.3271,36.81,-1.545,-4.107,neutral_up,46.3335,0.0946,0.0058
SMCI,SMCI-051,2024-11-01T12:00:00-04:00,2024-11-01T15:00:00-04:00,3,26.6,26.03,4.0612,27.7567,29.1221,-66.909,-9.55,-5.881,accumulation,43.9748,-1.4865,-2.4847
SMCI,SMCI-052,2024-11-04T09:00:00-05:00,2024-11-05T19:00:00-05:00,26,27.34,23.3,4.014,26.3046,27.032,-28.271,38.368,15.984,neutral_down,42.3435,-1.6313,-4.358
SMCI,SMCI-053,2024-11-07T04:00:00-05:00,2024-11-07T11:00:00-05:00,7,22.54,25.1196,4.1904,22.3597,22.8438,-11.577,1.55,8.298,neutral,38.1166,-1.5427,-4.2269
SMCI,SMCI-054,2024-11-08T13:00:00-05:00,2024-11-08T16:00:00-05:00,3,24.695,24.38,4.1533,25.1254,25.0088,-10.153,-0.038,-12.726,neutral,36.9664,-1.1501,-3.8917
SMCI,SMCI-055,2024-11-12T08:00:00-05:00,2024-11-12T17:00:00-05:00,9,22.46,21.65,3.9777,22.6404,23.0062,-27.222,1.0,2.661,neutral_down,34.688,-1.1488,-3.4286
SMCI,SMCI-056,2024-11-13T08:00:00-05:00,2024-11-13T16:00:00-05:00,8,20.94,19.77,3.8093,21.34,21.817,-54.54,2.24,-15.265,neutral_down,33.5068,-1.1812,-3.4596
SMCI,SMCI-057,2024-11-15T05:00:00-05:00,2024-11-15T17:00:00-05:00,12,18.07,21.85,3.5971,17.9639,18.492,-37.361,11.573,13.492,neutral_down,31.01,-1.298,-3.678
SMCI,SMCI-058,2024-11-20T05:00:00-05:00,2024-11-21T13:00:00-05:00,24,27.36,29.73,3.8977,27.8953,27.0973,11.647,-5.964,-17.596,neutral,29.043,-0.0753,-1.967
SMCI,SMCI-059,2024-11-26T08:00:00-05:00,2024-11-26T15:00:00-05:00,7,38.09,34.4,4.1291,37.6822,36.667,45.508,-2.347,4.819,neutral_up,30.0636,0.8356,1.3154
SMCI,SMCI-060,2024-11-27T10:00:00-05:00,2024-11-29T12:00:00-05:00,18,34.865,32.6518,4.1477,35.2589,35.4121,-4.147,-11.384,2.693,neutral,30.4578,0.3942,1.6231
SMCI,SMCI-061,2024-12-03T14:00:00-05:00,2024-12-03T17:00:00-05:00,3,40.95,39.7108,4.5731,41.9763,41.267,-0.852,-4.671,-15.296,neutral,32.0306,0.9949,1.5728
SMCI,SMCI-062,2024-12-04T12:00:00-05:00,2024-12-06T13:00:00-05:00,33,41.2589,44.05,4.7586,40.8036,40.7056,11.907,1.211,11.325,neutral,32.7724,0.7418,1.8971
SMCI,SMCI-063,2024-12-12T06:00:00-05:00,2024-12-13T10:00:00-05:00,20,39.19,35.655,4.3785,38.2879,38.8032,-7.284,20.556,25.675,neutral,36.5654,0.1725,1.4063
SMCI,SMCI-064,2024-12-17T04:00:00-05:00,2024-12-18T18:00:00-05:00,30,33.07,32.4501,4.1804,33.2307,33.7778,-25.297,1.313,0.198,neutral_down,36.3737,-0.2944,-0.1917
SMCI,SMCI-065,2024-12-19T10:00:00-05:00,2024-12-19T12:00:00-05:00,2,31.62,31.66,3.9328,32.413,32.8555,-39.217,-10.854,-17.599,neutral_down,35.7844,-0.3544,-0.8837
SMCI,SMCI-066,2024-12-19T13:00:00-05:00,2024-12-19T14:00:00-05:00,1,31.97,31.51,3.9328,32.157,32.6154,-32.866,5.439,6.351,neutral_down,35.7844,-0.3544,-0.8837
SMCI,SMCI-067,2024-12-19T18:00:00-05:00,2024-12-19T19:00:00-05:00,1,31.0999,30.85,3.9328,31.5231,32.0917,-49.232,-1.702,-4.941,neutral_down,35.7844,-0.3544,-0.8837
SMCI,SMCI-068,2024-12-20T13:00:00-05:00,2024-12-20T14:00:00-05:00,1,32.05,32.145,3.8411,31.7108,31.6652,21.128,-5.214,10.941,neutral,35.3712,-0.4131,-1.0024
SMCI,SMCI-069,2024-12-23T11:00:00-05:00,2024-12-24T10:00:00-05:00,15,31.81,35.375,3.7782,31.9936,31.9201,-0.501,-5.367,-18.698,neutral,35.0166,-0.3547,-1.1222
SMCI,SMCI-070,2024-12-26T19:00:00-05:00,2024-12-27T05:00:00-05:00,2,33.52,33.35,3.5684,33.7636,33.7532,-11.913,-2.271,-3.973,neutral,34.7388,-0.0409,-0.6325
SMCI,SMCI-071,2024-12-30T13:00:00-05:00,2024-12-30T15:00:00-05:00,2,31.16,30.68,3.3885,31.291,31.7559,-39.092,2.921,22.425,neutral_down,34.408,-0.2418,-0.3717
SMCI,SMCI-072,2024-12-31T08:00:00-05:00,2025-01-03T04:00:00-05:00,28,31.01,30.27,3.28,30.9375,31.1606,-11.314,0.002,16.651,neutral,34.0691,-0.3389,-0.6697
SMCI,SMCI-073,2025-01-03T09:00:00-05:00,2025-01-03T10:00:00-05:00,1,30.535,31.94,3.0301,30.2692,30.3522,-2.606,18.328,10.182,neutral,33.4115,-0.3331,-0.9965
SMCI,SMCI-074,2025-01-07T10:00:00-05:00,2025-01-07T16:00:00-05:00,6,35.67,34.42,3.2062,36.1987,35.7827,6.495,-10.845,-30.646,neutral,33.6829,0.2797,-0.0617
SMCI,SMCI-075,2025-01-10T10:00:00-05:00,2025-01-13T05:00:00-05:00,11,33.0,31.32,3.1219,32.7687,33.0646,-9.699,6.958,20.3,neutral,33.6472,-0.1017,0.2441
SMCI,SMCI-076,2025-01-14T07:00:00-05:00,2025-01-15T05:00:00-05:00,14,31.48,30.59,3.103,31.4269,31.5211,-0.239,-2.226,-7.424,neutral,33.3244,-0.2249,-0.4246
SMCI,SMCI-077,2025-01-15T08:00:00-05:00,2025-01-16T05:00:00-05:00,13,31.4699,31.93,3.0231,30.8537,30.9644,5.982,30.502,34.088,neutral,33.0703,-0.254,-0.5769
SMCI,SMCI-078,2025-01-16T08:00:00-05:00,2025-01-21T12:00:00-05:00,36,31.72,32.8,2.895,31.5998,31.3565,29.003,-4.702,-20.365,neutral_up,32.883,-0.1873,-0.6663
SMCI,SMCI-079,2025-01-22T15:00:00-05:00,2025-01-22T16:00:00-05:00,1,33.85,33.95,2.6976,33.6775,33.2104,34.152,-1.633,0.667,neutral_up,32.5405,-0.011,-0.3426
SMCI,SMCI-080,2025-01-22T19:00:00-05:00,2025-01-27T04:00:00-05:00,33,33.5805,30.2,2.6976,33.7139,33.3842,19.374,-7.27,-15.77,neutral,32.5405,-0.011,-0.3426
SMCI,SMCI-081,2025-01-28T09:00:00-05:00,2025-01-28T11:00:00-05:00,2,28.01,28.0338,2.6715,29.2337,29.8859,-59.452,-22.629,-28.482,neutral_down,32.4448,-0.333,-0.2147
SMCI,SMCI-082,2025-01-28T14:00:00-05:00,2025-01-28T16:00:00-05:00,2,28.34,28.15,2.6715,28.5513,29.2585,-50.543,9.102,8.592,neutral_down,32.4448,-0.333,-0.2147
SMCI,SMCI-083,2025-01-29T09:00:00-05:00,2025-01-31T06:00:00-05:00,29,27.84,29.13,2.6582,28.3645,28.6877,-35.399,-12.972,-25.981,neutral_down,32.0585,-0.3863,-0.6711
SMCI,SMCI-084,2025-01-31T07:00:00-05:00,2025-01-31T10:00:00-05:00,3,28.79,30.425,2.4228,28.8198,28.6102,30.611,-14.853,-6.189,neutral_up,31.3961,-0.2761,-1.0487
SMCI,SMCI-085,2025-01-31T15:00:00-05:00,2025-01-31T16:00:00-05:00,1,28.51,28.65,2.4228,29.1069,28.9525,-7.04,-18.053,-60.729,neutral,31.3961,-0.2761,-1.0487
SMCI,SMCI-086,2025-02-04T17:00:00-05:00,2025-02-05T11:00:00-05:00,10,28.7685,31.53,2.4495,28.7918,28.5876,12.733,-4.271,-5.98,neutral,30.7457,-0.3881,-0.9266
SMCI,SMCI-087,2025-02-06T14:00:00-05:00,2025-02-06T15:00:00-05:00,1,32.9904,33.82,2.5661,33.0163,32.1796,47.153,-15.135,-21.176,neutral_up,30.6849,0.0825,-0.4488
SMCI,SMCI-088,2025-02-06T16:00:00-05:00,2025-02-06T17:00:00-05:00,1,33.66,33.75,2.5661,33.2736,32.4498,47.716,-4.706,-14.571,neutral_up,30.6849,0.0825,-0.4488
SMCI,SMCI-089,2025-02-07T04:00:00-05:00,2025-02-07T07:00:00-05:00,3,33.69,34.26,2.5928,33.5415,32.8557,38.607,-3.657,-7.087,neutral_up,30.9699,0.285,0.2243
SMCI,SMCI-090,2025-02-07T08:00:00-05:00,2025-02-07T09:00:00-05:00,1,34.59,36.0102,2.5928,33.9027,33.2497,49.535,7.131,15.592,neutral_up,30.9699,0.285,0.2243
SMCI,SMCI-091,2025-02-07T12:00:00-05:00,2025-02-07T14:00:00-05:00,2,35.6938,35.5064,2.5928,34.8711,33.9829,58.6,2.775,-11.633,neutral_up,30.9699,0.285,0.2243
SMCI,SMCI-092,2025-02-11T12:00:00-05:00,2025-02-13T05:00:00-05:00,25,39.9381,38.4,2.9146,40.7482,40.2954,-1.312,-6.946,-36.119,neutral,32.4742,1.0206,1.7892
SMCI,SMCI-093,2025-02-13T10:00:00-05:00,2025-02-13T13:00:00-05:00,3,40.93,43.145,3.1663,39.4358,39.7082,4.252,22.873,29.823,neutral,33.6447,0.6045,2.1911
SMCI,SMCI-094,2025-02-20T11:00:00-05:00,2025-02-20T14:00:00-05:00,3,59.99,59.78,4.3712,58.4855,58.4373,-0.869,19.929,-3.022,neutral,39.5667,2.0703,5.1388
SMCI,SMCI-095,2025-02-20T18:00:00-05:00,2025-02-21T18:00:00-05:00,16,59.3,55.97,4.3712,59.2588,58.9985,3.798,0.73,-5.03,neutral,39.5667,2.0703,5.1388
SMCI,SMCI-096,2025-02-25T08:00:00-05:00,2025-02-25T10:00:00-05:00,2,51.54,47.16,4.919,52.0681,53.096,-14.794,-7.526,58.981,neutral,43.5005,0.807,3.9338
SMCI,SMCI-097,2025-02-25T11:00:00-05:00,2025-02-25T12:00:00-05:00,1,48.2495,47.7643,4.919,49.9832,51.773,-49.015,3.754,-34.221,neutral_down,43.5005,0.807,3.9338
SMCI,SMCI-098,2025-02-25T16:00:00-05:00,2025-02-25T18:00:00-05:00,2,51.81,56.73,4.919,48.6543,50.2562,-20.882,37.79,33.697,neutral,43.5005,0.807,3.9338
SMCI,SMCI-099,2025-02-28T13:00:00-05:00,2025-02-28T14:00:00-05:00,1,40.605,41.215,5.7214,41.7164,43.3751,-46.009,-5.615,-2.463,neutral_down,44.2293,-0.1279,0.7288
SMCI,SMCI-100,2025-02-28T15:00:00-05:00,2025-03-03T13:00:00-05:00,14,41.46,37.83,5.7214,41.5849,43.0225,-36.535,5.331,3.858,neutral_down,44.2293,-0.1279,0.7288
SMCI,SMCI-101,2025-03-05T13:00:00-05:00,2025-03-06T05:00:00-05:00,8,38.8201,37.52,5.7495,39.3617,39.2159,-5.141,-5.543,-9.479,neutral,42.8816,-0.3772,-1.3478
SMCI,SMCI-102,2025-03-06T09:00:00-05:00,2025-03-11T15:00:00-04:00,54,37.27,40.84,5.5295,37.7286,38.3022,-40.455,7.844,-4.122,neutral_down,42.5223,-0.3592,-1.4553
SMCI,SMCI-103,2025-03-12T18:00:00-04:00,2025-03-13T12:00:00-04:00,10,42.44,39.605,5.109,42.503,41.7491,22.181,-1.575,-13.813,neutral,41.2111,-0.0371,-0.8132
SMCI,SMCI-104,2025-03-14T13:00:00-04:00,2025-03-14T14:00:00-04:00,1,40.7399,41.6049,4.9711,40.7661,40.6455,12.095,-8.298,-17.714,neutral,41.1212,-0.2016,-0.127
SMCI,SMCI-105,2025-03-17T10:00:00-04:00,2025-03-18T09:00:00-04:00,15,41.2,39.1299,4.8414,41.9955,41.6806,5.256,-25.472,-38.703,neutral,41.2166,0.0953,0.0054
SMCI,SMCI-106,2025-03-18T10:00:00-04:00,2025-03-18T11:00:00-04:00,1,40.31,39.8822,4.6577,41.0627,41.4415,-54.735,8.621,-51.284,neutral_down,41.2823,0.0658,-0.0405
SMCI,SMCI-107,2025-03-18T13:00:00-04:00,2025-03-18T14:00:00-04:00,1,39.93,39.09,4.6577,40.6682,41.1469,-40.0,-5.704,14.735,neutral_down,41.2823,0.0658,-0.0405
SMCI,SMCI-108,2025-03-19T15:00:00-04:00,2025-03-19T16:00:00-04:00,1,40.12,40.09,4.6172,39.3929,39.4344,19.219,6.657,29.874,neutral,40.9762,-0.3061,-0.145
SMCI,SMCI-109,2025-03-19T17:00:00-04:00,2025-03-19T18:00:00-04:00,1,40.1,40.41,4.6172,39.6459,39.5491,22.235,0.872,9.674,neutral,40.9762,-0.3061,-0.145
SMCI,SMCI-110,2025-03-20T08:00:00-04:00,2025-03-20T19:00:00-04:00,11,39.61,38.84,4.5299,39.8864,39.7888,-2.787,-5.107,-26.631,neutral,40.8984,-0.0778,-0.3182
SMCI,SMCI-111,2025-03-21T05:00:00-04:00,2025-03-21T06:00:00-04:00,1,39.36,39.65,4.3599,39.1201,39.315,-11.56,13.843,6.85,neutral,40.7349,-0.1635,-0.5474
SMCI,SMCI-112,2025-03-21T07:00:00-04:00,2025-03-21T12:00:00-04:00,5,39.53,42.4001,4.3599,39.2868,39.3623,5.644,3.457,31.047,neutral,40.7349,-0.1635,-0.5474
SMCI,SMCI-113,2025-03-24T11:00:00-04:00,2025-03-26T05:00:00-04:00,26,40.43,40.3,4.3142,41.4529,41.2892,-7.797,-16.539,-23.977,neutral,40.8617,0.1268,-0.1145
SMCI,SMCI-114,2025-03-28T11:00:00-04:00,2025-03-28T19:00:00-04:00,8,34.4856,34.26,4.0304,35.0182,35.6049,-49.669,0.637,-12.421,neutral_down,40.0298,-0.53,-0.9081
SMCI,SMCI-115,2025-04-01T12:00:00-04:00,2025-04-03T05:00:00-04:00,25,35.15,33.2,3.7947,34.8327,34.5014,39.746,-8.131,28.792,neutral_up,39.0284,-0.4768,-1.5313
SMCI,SMCI-116,2025-04-04T04:00:00-04:00,2025-04-04T06:00:00-04:00,2,32.21,30.2,3.5637,32.3496,32.7528,-25.714,-2.199,-0.105,neutral_down,37.7924,-0.5481,-1.236
SMCI,SMCI-117,2025-04-04T08:00:00-04:00,2025-04-04T10:00:00-04:00,2,30.64,28.48,3.5637,31.4078,32.1348,-65.726,8.242,-34.434,accumulation,37.7924,-0.5481,-1.236
SMCI,SMCI-118,2025-04-07T09:00:00-04:00,2025-04-07T12:00:00-04:00,3,30.745,31.82,3.6421,28.9393,29.5274,-5.194,35.304,47.96,neutral,37.0676,-0.7248,-1.6009
SMCI,SMCI-119,2025-04-08T13:00:00-04:00,2025-04-08T18:00:00-04:00,5,33.41,31.03,3.8495,33.9006,33.2243,12.49,-7.229,-35.754,neutral,36.6984,-0.3693,-1.6421
SMCI,SMCI-120,2025-04-09T13:00:00-04:00,2025-04-09T14:00:00-04:00,1,36.19,35.375,3.9009,32.8645,32.5868,38.48,42.261,47.852,neutral_up,36.2467,-0.4517,-1.5457
SMCI,SMCI-121,2025-04-11T07:00:00-04:00,2025-04-14T07:00:00-04:00,16,34.04,34.83,4.0584,33.9885,34.0808,-0.86,-0.699,14.346,neutral,36.0502,-0.235,-0.6482
SMCI,SMCI-122,2025-04-14T09:00:00-04:00,2025-04-14T10:00:00-04:00,1,34.535,34.37,3.8947,34.388,34.0628,32.182,-11.683,-8.427,neutral_up,35.7865,-0.2637,-0.4602
SMCI,SMCI-123,2025-04-14T11:00:00-04:00,2025-04-14T13:00:00-04:00,2,33.335,33.4823,3.8947,34.1745,34.022,-3.081,-25.227,-46.945,neutral,35.7865,-0.2637,-0.4602
SMCI,SMCI-124,2025-04-14T15:00:00-04:00,2025-04-14T16:00:00-04:00,1,33.11,32.97,3.8947,33.6993,33.8231,-23.227,-6.964,-14.077,neutral,35.7865,-0.2637,-0.4602
SMCI,SMCI-125,2025-04-15T11:00:00-04:00,2025-04-16T05:00:00-04:00,10,33.61,32.15,3.77,33.5209,33.5357,7.306,-3.495,25.522,neutral,35.5432,-0.2433,-0.742
SMCI,SMCI-126,2025-04-16T13:00:00-04:00,2025-04-16T17:00:00-04:00,4,32.39,31.89,3.6093,32.6338,32.7723,-5.018,-13.012,4.967,neutral,35.3564,-0.1867,-0.6937
SMCI,SMCI-127,2025-04-16T19:00:00-04:00,2025-04-17T11:00:00-04:00,8,32.03,30.5175,3.6093,32.0748,32.3638,-21.153,3.36,9.721,neutral,35.3564,-0.1867,-0.6937
SMCI,SMCI-128,2025-04-24T07:00:00-04:00,2025-04-24T12:00:00-04:00,5,33.44,34.935,3.3167,33.1142,32.7851,26.497,7.633,19.158,neutral_up,33.8231,-0.0935,-0.8985
SMCI,SMCI-129,2025-04-25T13:00:00-04:00,2025-04-29T16:00:00-04:00,35,36.0326,29.97,3.3364,35.9597,35.5244,27.906,-4.671,10.963,neutral_up,34.0033,0.1802,-0.2455
SMCI,SMCI-130,2025-05-01T04:00:00-04:00,2025-05-01T05:00:00-04:00,1,32.26,32.64,3.2764,31.6472,31.8773,8.298,5.535,11.754,neutral,34.3858,-0.2536,0.1583
SMCI,SMCI-131,2025-05-01T17:00:00-04:00,2025-05-02T18:00:00-04:00,17,32.31,33.63,3.2764,32.6449,32.4757,0.372,-7.783,-38.358,neutral,34.3858,-0.2536,0.1583
SMCI,SMCI-132,2025-05-05T06:00:00-04:00,2025-05-05T15:00:00-04:00,9,33.15,32.185,3.1023,33.3507,33.2149,0.361,-4.991,-27.251,neutral,34.1845,-0.0494,-0.4549
SMCI,SMCI-133,2025-05-06T12:00:00-04:00,2025-05-07T06:00:00-04:00,10,32.39,31.23,2.9929,32.1841,32.3306,0.315,4.079,46.139,neutral,34.0027,-0.1818,-0.3831
SMCI,SMCI-134,2025-05-07T09:00:00-04:00,2025-05-07T10:00:00-04:00,1,31.5908,31.31,2.9088,31.3821,31.7102,-23.705,17.874,7.084,neutral_down,33.902,-0.1007,-0.3319
SMCI,SMCI-135,2025-05-07T15:00:00-04:00,2025-05-07T17:00:00-04:00,2,32.48,31.97,2.9088,31.4504,31.5706,10.777,30.175,37.407,neutral,33.902,-0.1007,-0.3319
SMCI,SMCI-136,2025-05-07T19:00:00-04:00,2025-05-08T05:00:00-04:00,2,32.15,32.77,2.9088,31.8099,31.7216,20.404,2.486,7.543,neutral,33.902,-0.1007,-0.3319
SMCI,SMCI-137,2025-05-08T18:00:00-04:00,2025-05-12T05:00:00-04:00,19,32.11,33.97,2.8746,32.2494,32.2145,-6.223,-1.253,-6.842,neutral,33.7727,-0.1293,-0.4118
SMCI,SMCI-138,2025-05-13T08:00:00-04:00,2025-05-13T09:00:00-04:00,1,34.1999,36.0489,2.7074,33.7118,33.4608,36.092,14.438,22.276,neutral_up,33.4742,0.0036,-0.2985
SMCI,SMCI-139,2025-05-15T09:00:00-04:00,2025-05-16T18:00:00-04:00,25,43.74,44.33,3.2542,44.1094,43.4903,14.025,-7.03,-0.017,neutral,34.9679,1.0022,1.4972
SMCI,SMCI-140,2025-05-19T06:00:00-04:00,2025-05-20T13:00:00-04:00,23,44.35,43.18,3.3428,44.6655,44.7613,-18.063,2.705,-7.829,neutral,36.7284,0.9422,2.7628
SMCI,SMCI-141,2025-05-21T12:00:00-04:00,2025-05-21T17:00:00-04:00,5,43.532,41.23,3.2064,43.321,43.4422,6.159,-1.877,7.317,neutral,37.9456,0.4829,2.1593
SMCI,SMCI-142,2025-05-22T15:00:00-04:00,2025-05-23T08:00:00-04:00,9,41.31,39.4515,3.1988,41.7071,42.0084,-26.362,-7.126,-6.243,neutral_down,38.2815,0.3359,1.553
SMCI,SMCI-143,2025-05-28T08:00:00-04:00,2025-05-28T10:00:00-04:00,2,42.3,41.215,2.9986,42.1952,41.9175,28.737,-2.857,4.856,neutral_up,38.9578,0.2612,0.6764
SMCI,SMCI-144,2025-05-28T11:00:00-04:00,2025-05-28T12:00:00-04:00,1,41.5401,41.6946,2.9986,41.7563,41.7573,-17.546,4.801,-46.284,neutral,38.9578,0.2612,0.6764
SMCI,SMCI-145,2025-05-28T13:00:00-04:00,2025-05-28T14:00:00-04:00,1,41.898,42.43,2.9986,41.7747,41.7649,-1.06,9.458,21.288,neutral,38.9578,0.2612,0.6764
SMCI,SMCI-146,2025-05-28T15:00:00-04:00,2025-05-28T19:00:00-04:00,4,41.951,43.39,2.9986,41.9148,41.8368,12.575,-5.841,23.093,neutral,38.9578,0.2612,0.6764
SMCI,SMCI-147,2025-06-02T11:00:00-04:00,2025-06-02T14:00:00-04:00,3,40.51,40.76,2.8682,39.9037,40.0613,9.835,18.453,51.747,neutral,39.4605,0.0551,0.5026
SMCI,SMCI-148,2025-06-04T13:00:00-04:00,2025-06-05T12:00:00-04:00,15,43.855,41.64,2.7857,43.6262,43.1563,42.064,2.571,-9.333,neutral_up,39.9393,0.3226,0.5339
SMCI,SMCI-149,2025-06-06T14:00:00-04:00,2025-06-09T13:00:00-04:00,15,41.45,42.795,2.7983,41.6967,41.9344,-23.771,-5.654,-16.716,neutral_down,40.3595,0.041,0.7428
SMCI,SMCI-150,2025-06-10T10:00:00-04:00,2025-06-12T07:00:00-04:00,29,42.6,42.3,2.6526,42.966,42.7854,5.151,-18.874,-45.754,neutral,40.7071,0.2403,0.3886
SMCI,SMCI-151,2025-06-12T08:00:00-04:00,2025-06-12T19:00:00-04:00,11,42.73,43.2,2.5005,42.8129,42.9666,-28.297,11.012,-6.237,neutral_down,41.1196,0.2091,0.6528
SMCI,SMCI-152,2025-06-16T08:00:00-04:00,2025-06-16T10:00:00-04:00,2,42.2279,43.28,2.4592,41.9599,42.0499,9.355,5.704,19.316,neutral,41.3471,0.0243,0.4366
SMCI,SMCI-153,2025-06-17T11:00:00-04:00,2025-06-18T12:00:00-04:00,17,43.6176,45.0434,2.4857,43.3989,43.1911,23.651,6.068,-1.171,neutral_up,41.5592,0.2121,0.4396
SMCI,SMCI-154,2025-06-20T11:00:00-04:00,2025-06-23T10:00:00-04:00,15,45.2,43.22,2.4359,44.946,44.5302,38.536,-3.359,-22.647,neutral_up,41.9493,0.2491,0.6021
SMCI,SMCI-155,2025-06-24T11:00:00-04:00,2025-06-24T16:00:00-04:00,5,42.48,42.77,2.5624,42.0663,42.396,-5.657,9.146,40.306,neutral,42.1345,-0.1239,0.4343
SMCI,SMCI-156,2025-06-27T14:00:00-04:00,2025-06-27T15:00:00-04:00,1,47.11,47.57,2.7089,48.4729,48.4714,-38.632,-22.143,-45.502,neutral_down,43.2017,0.6038,1.0673
SMCI,SMCI-157,2025-07-01T08:00:00-04:00,2025-07-01T09:00:00-04:00,1,48.3344,47.53,2.7548,48.7097,48.7802,-22.013,-5.531,-12.958,neutral,44.0899,0.491,1.492
SMCI,SMCI-158,2025-07-02T08:00:00-04:00,2025-07-02T17:00:00-04:00,9,47.03,48.6798,2.7459,47.4362,47.7541,-33.966,-7.906,-15.802,neutral_down,44.3726,0.2827,1.1709
SMCI,SMCI-159,2025-07-03T16:00:00-04:00,2025-07-07T06:00:00-04:00,3,48.59,47.78,2.679,48.7854,48.6577,-1.688,-3.305,-31.066,neutral,44.7687,0.3961,1.1699
SMCI,SMCI-160,2025-07-08T08:00:00-04:00,2025-07-08T10:00:00-04:00,2,47.45,48.53,2.5574,47.295,47.4429,-4.944,5.523,6.679,neutral,45.2949,0.1815,0.9223
SMCI,SMCI-161,2025-07-09T11:00:00-04:00,2025-07-09T18:00:00-04:00,7,48.9558,49.8798,2.5279,48.8332,48.6464,12.273,4.962,5.917,neutral,45.6408,0.3459,0.8721
SMCI,SMCI-162,2025-07-10T13:00:00-04:00,2025-07-11T18:00:00-04:00,21,50.55,49.26,2.4781,50.3172,49.923,36.98,-1.314,5.144,neutral_up,46.0389,0.3981,0.9255
SMCI,SMCI-163,2025-07-14T09:00:00-04:00,2025-07-14T14:00:00-04:00,5,49.5907,50.03,2.3621,49.2335,49.4292,-14.159,27.746,34.897,neutral,46.6857,0.2539,1.0449
SMCI,SMCI-164,2025-07-14T15:00:00-04:00,2025-07-14T17:00:00-04:00,2,49.74,49.75,2.3621,49.7076,49.6116,21.904,-12.676,-2.231,neutral,46.6857,0.2539,1.0449
SMCI,SMCI-165,2025-07-16T09:00:00-04:00,2025-07-18T07:00:00-04:00,30,52.37,52.99,2.48,52.8997,52.4957,17.751,-24.547,-20.898,neutral,47.5258,0.5624,1.094
SMCI,SMCI-166,2025-07-18T09:00:00-04:00,2025-07-18T13:00:00-04:00,4,53.48,51.4496,2.3723,53.0747,53.0509,13.955,18.809,13.127,neutral,48.47,0.427,1.5066
SMCI,SMCI-167,2025-07-21T15:00:00-04:00,2025-07-21T17:00:00-04:00,2,51.505,51.9,2.3886,52.2283,52.3477,-30.772,-18.075,-45.39,neutral_down,48.77,0.3,1.2442
SMCI,SMCI-168,2025-07-24T12:00:00-04:00,2025-07-25T15:00:00-04:00,19,52.635,54.46,2.4345,52.1777,51.8542,38.518,11.372,12.223,neutral_up,49.3323,0.2363,0.5623
SMCI,SMCI-169,2025-07-29T14:00:00-04:00,2025-07-29T18:00:00-04:00,4,59.18,58.72,2.6671,59.8162,59.1992,11.941,-12.66,-31.586,neutral,50.9671,0.9073,1.6348
SMCI,SMCI-170,2025-07-30T09:00:00-04:00,2025-07-30T10:00:00-04:00,1,61.7852,61.37,2.7144,59.9159,59.4687,58.218,32.411,49.539,neutral_up,51.6637,0.6966,2.0439
SMCI,SMCI-171,2025-07-31T11:00:00-04:00,2025-07-31T15:00:00-04:00,4,60.4904,58.97,2.7813,61.4084,61.1589,-7.76,-18.215,-55.548,neutral,52.4879,0.8242,2.4281
SMCI,SMCI-172,2025-08-04T04:00:00-04:00,2025-08-04T10:00:00-04:00,6,57.8,58.945,2.9352,56.843,57.3152,-6.345,22.622,18.226,neutral,53.4011,0.3239,1.7374
SMCI,SMCI-173,2025-08-05T08:00:00-04:00,2025-08-05T16:00:00-04:00,8,59.0991,49.8,2.9077,58.932,58.5958,29.81,-2.827,-1.105,neutral_up,53.8392,0.4381,1.3512
SMCI,SMCI-174,2025-08-07T04:00:00-04:00,2025-08-08T12:00:00-04:00,24,47.51,44.83,3.5716,46.8201,48.3301,-40.192,16.255,27.026,neutral_down,53.4865,-0.6681,0.0854
SMCI,SMCI-175,2025-08-11T12:00:00-04:00,2025-08-11T17:00:00-04:00,5,46.0046,45.26,3.4317,45.5045,45.5661,18.421,5.714,23.203,neutral,52.1135,-0.7533,-2.0412
SMCI,SMCI-176,2025-08-12T08:00:00-04:00,2025-08-12T16:00:00-04:00,8,46.0901,46.35,3.3223,45.5947,45.5649,17.55,19.635,21.768,neutral,51.4831,-0.6303,-2.0033
SMCI,SMCI-177,2025-08-13T09:00:00-04:00,2025-08-14T09:00:00-04:00,16,45.965,45.05,3.2136,46.3116,46.1421,10.279,-23.02,-15.801,neutral,51.0219,-0.4612,-1.8449
SMCI,SMCI-178,2025-08-15T10:00:00-04:00,2025-08-18T10:00:00-04:00,16,44.735,46.565,2.9404,45.238,45.4029,-38.511,-23.287,-29.414,neutral_down,50.1064,-0.4626,-1.3767
SMCI,SMCI-179,2025-08-21T10:00:00-04:00,2025-08-21T12:00:00-04:00,2,42.7499,42.22,2.69,42.6234,42.8043,-19.897,16.082,-13.976,neutral,48.2169,-0.5617,-1.4607
SMCI,SMCI-180,2025-08-21T13:00:00-04:00,2025-08-22T06:00:00-04:00,9,42.095,41.68,2.69,42.4227,42.66,-34.597,-5.276,-14.7,neutral_down,48.2169,-0.5617,-1.4607
SMCI,SMCI-181,2025-08-22T09:00:00-04:00,2025-08-22T12:00:00-04:00,3,42.13,43.7457,2.5789,41.9792,42.2034,-23.53,17.886,24.769,neutral,47.6799,-0.537,-1.6515
SMCI,SMCI-182,2025-08-25T14:00:00-04:00,2025-08-26T05:00:00-04:00,7,44.5758,44.04,2.5711,44.3367,43.9125,62.75,-6.083,-2.431,distribution,47.3345,-0.3454,-1.4441
SMCI,SMCI-183,2025-08-26T08:00:00-04:00,2025-08-27T07:00:00-04:00,15,44.15,44.58,2.5053,44.1593,44.0395,16.15,-4.126,8.754,neutral,47.0377,-0.2968,-1.1792
SMCI,SMCI-184,2025-08-27T08:00:00-04:00,2025-08-29T05:00:00-04:00,29,44.53,43.3,2.3803,44.4108,44.2662,34.652,-2.052,8.779,neutral_up,46.7938,-0.2439,-0.8861
SMCI,SMCI-185,2025-09-04T10:00:00-04:00,2025-09-05T19:00:00-04:00,25,40.545,40.2411,2.1583,40.3542,40.4299,-2.069,12.707,7.295,neutral,44.9775,-0.4857,-1.3906
SMCI,SMCI-186,2025-09-08T04:00:00-04:00,2025-09-08T05:00:00-04:00,1,40.73,40.76,2.0335,40.3792,40.4022,9.985,21.804,21.396,neutral,44.2101,-0.3785,-1.2531
SMCI,SMCI-187,2025-09-08T09:00:00-04:00,2025-09-08T19:00:00-04:00,10,40.4408,40.03,2.0335,40.5644,40.5049,9.919,-16.225,-17.309,neutral,44.2101,-0.3785,-1.2531
SMCI,SMCI-188,2025-09-09T04:00:00-04:00,2025-09-09T05:00:00-04:00,1,40.28,40.28,1.9761,40.1813,40.2817,-13.14,12.948,14.24,neutral,43.8301,-0.38,-1.1474
SMCI,SMCI-189,2025-09-09T09:00:00-04:00,2025-09-09T11:00:00-04:00,2,40.5701,41.935,1.9761,40.3006,40.3044,14.951,16.73,17.79,neutral,43.8301,-0.38,-1.1474
SMCI,SMCI-190,2025-09-11T09:00:00-04:00,2025-09-11T17:00:00-04:00,8,44.31,45.74,2.0873,44.1324,43.8235,36.882,-2.555,3.383,neutral_up,43.7664,0.0154,-0.4437
SMCI,SMCI-191,2025-09-15T11:00:00-04:00,2025-09-16T17:00:00-04:00,22,45.3245,44.9,2.0862,45.0932,45.1159,1.359,10.807,-1.256,neutral,43.894,0.1096,0.143
SMCI,SMCI-192,2025-09-17T09:00:00-04:00,2025-09-18T06:00:00-04:00,13,45.13,45.57,1.9972,44.8082,44.9119,-6.581,26.916,24.693,neutral,44.1068,0.0783,0.3224
SMCI,SMCI-193,2025-09-18T09:00:00-04:00,2025-09-18T14:00:00-04:00,5,44.94,45.9699,1.9767,45.2414,45.0987,10.009,-21.16,-37.236,neutral,44.1789,0.0721,0.2849
SMCI,SMCI-194,2025-09-18T19:00:00-04:00,2025-09-22T12:00:00-04:00,25,45.85,48.25,1.9767,45.7571,45.5148,28.455,-2.231,-3.465,neutral_up,44.1789,0.0721,0.2849
SMCI,SMCI-195,2025-09-23T13:00:00-04:00,2025-09-25T05:00:00-04:00,24,46.5456,45.98,2.0042,47.0593,46.8552,6.145,-23.149,-29.379,neutral,44.6892,0.2191,0.5103
SMCI,SMCI-196,2025-09-25T16:00:00-04:00,2025-09-26T18:00:00-04:00,18,45.81,45.65,1.9916,45.8821,46.0635,-5.744,-6.435,22.055,neutral,45.0149,0.1175,0.5448
SMCI,SMCI-197,2025-09-26T19:00:00-04:00,2025-09-29T05:00:00-04:00,2,45.59,46.25,2.0608,45.5517,45.5925,1.289,-1.461,-2.55,neutral,45.1245,0.1096,0.4353
SMCI,SMCI-198,2025-09-29T16:00:00-04:00,2025-09-30T13:00:00-04:00,13,46.32,47.6,2.0436,46.3449,46.1496,15.894,-5.012,3.315,neutral,45.1859,0.0614,0.2885
SMCI,SMCI-199,2025-10-02T18:00:00-04:00,2025-10-06T09:00:00-04:00,23,52.25,55.21,2.2321,52.2766,51.7195,36.089,-4.738,-11.372,neutral_up,46.158,0.6222,0.9721
SMCI,SMCI-200,2025-10-07T11:00:00-04:00,2025-10-08T07:00:00-04:00,12,53.99,55.43,2.3787,55.2061,54.6928,12.342,-37.262,-56.898,neutral,47.8831,0.6727,1.7251
SMCI,SMCI-201,2025-10-08T08:00:00-04:00,2025-10-08T11:00:00-04:00,3,55.15,57.765,2.486,55.2392,55.0215,14.397,-7.943,-9.245,neutral,48.5369,0.6538,1.8015
SMCI,SMCI-202,2025-10-09T13:00:00-04:00,2025-10-10T12:00:00-04:00,15,58.3818,53.86,2.602,58.1787,57.7327,26.08,2.367,2.317,neutral_up,49.459,0.9221,2.2486
SMCI,SMCI-203,2025-10-14T08:00:00-04:00,2025-10-17T05:00:00-04:00,45,53.2686,51.7,2.7717,53.7357,54.2572,-41.89,6.809,-2.824,neutral_down,50.8593,0.3891,1.4003
SMCI,SMCI-204,2025-10-17T17:00:00-04:00,2025-10-17T19:00:00-04:00,2,52.26,52.4,2.7141,52.3948,52.8148,-23.255,1.17,3.732,neutral,51.5518,0.2268,0.6925
SMCI,SMCI-205,2025-10-20T04:00:00-04:00,2025-10-20T08:00:00-04:00,4,53.07,55.07,2.6774,52.5237,52.768,-2.47,15.449,20.785,neutral,51.6089,0.0571,0.5449
SMCI,SMCI-206,2025-10-21T10:00:00-04:00,2025-10-22T10:00:00-04:00,16,55.03,52.005,2.8019,55.1041,54.8622,6.615,1.175,-15.245,neutral,51.9181,0.3092,0.5931
SMCI,SMCI-207,2025-10-24T13:00:00-04:00,2025-10-27T09:00:00-04:00,12,49.115,51.3764,3.0123,48.8589,49.2952,-16.466,8.492,14.789,neutral,51.8167,-0.3902,-0.1014
SMCI,SMCI-208,2025-10-28T19:00:00-04:00,2025-10-29T04:00:00-04:00,1,52.85,53.65,2.9514,52.7368,52.2382,30.57,-0.305,0.69,neutral_up,51.4994,0.0051,-0.7075
SMCI,SMCI-209,2025-10-29T11:00:00-04:00,2025-10-30T12:00:00-04:00,17,53.2618,51.56,2.9306,53.4097,52.9509,25.582,-11.002,-23.162,neutral_up,51.5758,0.0764,-0.2409
SMCI,SMCI-210,2025-10-30T13:00:00-04:00,2025-10-30T17:00:00-04:00,4,51.9,51.0999,2.9013,51.8784,52.2303,-24.793,10.533,15.084,neutral_down,51.6762,0.1004,0.1819
SMCI,SMCI-211,2025-10-31T09:00:00-04:00,2025-11-03T05:00:00-05:00,12,51.72,52.26,2.8616,51.3459,51.5561,-3.493,11.5,22.903,neutral,51.5602,-0.116,0.0608
SMCI,SMCI-212,2025-11-03T08:00:00-05:00,2025-11-03T18:00:00-05:00,10,52.65,50.65,2.8422,52.3351,52.0579,32.228,0.436,6.205,neutral_up,51.5956,0.0354,0.0198
SMCI,SMCI-213,2025-11-06T04:00:00-05:00,2025-11-06T11:00:00-05:00,7,42.75,41.08,3.0766,42.7524,43.8034,-47.763,7.432,13.506,neutral_down,50.3236,-0.8299,-1.272
SMCI,SMCI-214,2025-11-12T08:00:00-05:00,2025-11-12T14:00:00-05:00,6,39.49,37.6335,2.8036,39.2743,39.4348,-3.451,7.329,14.285,neutral,46.9667,-0.8142,-2.4488
SMCI,SMCI-215,2025-11-18T12:00:00-05:00,2025-11-18T18:00:00-05:00,6,35.115,34.95,2.8278,34.3019,34.5173,8.707,18.365,49.818,neutral,43.4184,-0.9303,-2.7241
SMCI,SMCI-216,2025-11-19T16:00:00-05:00,2025-11-19T18:00:00-05:00,2,35.3399,35.53,2.7851,34.2981,34.4732,-0.988,43.377,51.766,neutral,42.6449,-0.7735,-2.4937
SMCI,SMCI-217,2025-11-21T14:00:00-05:00,2025-11-24T07:00:00-05:00,9,32.337,32.79,2.8111,32.0683,32.3885,-6.57,4.381,15.534,neutral,40.9032,-0.9313,-2.5153
SMCI,SMCI-218,2025-11-24T09:00:00-05:00,2025-11-24T19:00:00-05:00,10,32.42,33.32,2.7203,32.539,32.4979,3.434,-8.122,-11.744,neutral,40.1124,-0.7907,-2.5325
SMCI,SMCI-219,2025-11-25T04:00:00-05:00,2025-11-25T13:00:00-05:00,9,32.72,32.24,2.6374,33.119,32.9424,7.392,-23.581,-32.437,neutral,39.4958,-0.6166,-2.3386
SMCI,SMCI-220,2025-11-26T05:00:00-05:00,2025-11-28T13:00:00-05:00,24,32.76,33.85,2.6033,32.6156,32.6049,8.262,3.162,-2.119,neutral,38.8594,-0.6364,-2.0438
SMCI,SMCI-221,2025-12-01T08:00:00-05:00,2025-12-02T18:00:00-05:00,26,33.3764,33.13,2.3847,33.4122,33.2813,5.795,2.658,-27.03,neutral,37.9032,-0.4053,-1.5926
SMCI,SMCI-222,2025-12-03T13:00:00-05:00,2025-12-04T04:00:00-05:00,7,33.0651,33.83,2.2506,33.1019,33.1969,-13.415,0.685,3.672,neutral,37.0762,-0.4176,-1.2323
SMCI,SMCI-223,2025-12-04T10:00:00-05:00,2025-12-04T11:00:00-05:00,1,33.735,34.355,2.1638,33.5712,33.4954,8.306,15.744,-25.119,neutral,36.7661,-0.3101,-1.1371
SMCI,SMCI-224,2025-12-04T16:00:00-05:00,2025-12-05T04:00:00-05:00,4,33.9,34.49,2.1638,33.9802,33.7776,28.084,-16.767,-16.384,neutral_up,36.7661,-0.3101,-1.1371
SMCI,SMCI-225,2025-12-05T09:00:00-05:00,2025-12-08T06:00:00-05:00,13,34.0,34.91,2.1042,34.2179,34.0614,10.389,-15.837,-39.799,neutral,36.5374,-0.2287,-0.9565
SMCI,SMCI-226,2025-12-08T08:00:00-05:00,2025-12-08T09:00:00-05:00,1,35.26,35.235,2.0496,34.9309,34.6483,60.763,0.849,15.315,neutral_up,36.3699,-0.1675,-0.7063
SMCI,SMCI-227,2025-12-08T10:00:00-05:00,2025-12-08T11:00:00-05:00,1,34.9818,34.9499,2.0496,34.9897,34.7271,39.213,-16.401,-20.701,neutral_up,36.3699,-0.1675,-0.7063
SMCI,SMCI-228,2025-12-08T12:00:00-05:00,2025-12-08T19:00:00-05:00,7,35.2555,35.642,2.0496,35.0365,34.7936,34.323,5.572,-21.291,neutral_up,36.3699,-0.1675,-0.7063
SMCI,SMCI-229,2025-12-09T05:00:00-05:00,2025-12-11T09:00:00-05:00,36,35.4,33.22,1.9879,35.4338,35.1883,29.011,-9.177,-17.488,neutral_up,36.2799,-0.09,-0.4862
SMCI,SMCI-230,2025-12-12T10:00:00-05:00,2025-12-12T11:00:00-05:00,1,32.8599,32.72,1.8552,33.5949,33.7943,-34.452,-30.804,-15.481,neutral_down,35.8693,-0.1849,-0.4106
SMCI,SMCI-231,2025-12-12T12:00:00-05:00,2025-12-12T15:00:00-05:00,3,33.035,32.33,1.8552,33.343,33.6365,-46.791,4.75,-43.142,neutral_down,35.8693,-0.1849,-0.4106
SMCI,SMCI-232,2025-12-16T12:00:00-05:00,2025-12-17T07:00:00-05:00,11,31.025,32.01,1.8726,31.3338,31.6027,-36.421,-12.096,-5.449,neutral_down,35.1678,-0.3798,-0.8865
SMCI,SMCI-233,2025-12-17T08:00:00-05:00,2025-12-17T10:00:00-05:00,2,31.99,30.08,1.8074,31.8313,31.7346,29.355,-1.92,4.493,neutral_up,34.8484,-0.3193,-1.0209
SMCI,SMCI-234,2025-12-18T13:00:00-05:00,2025-12-18T17:00:00-05:00,4,29.8,29.36,1.8265,30.0772,30.3398,-41.388,-5.921,-15.432,neutral_down,34.3949,-0.4535,-1.1526
SMCI,SMCI-235,2025-12-23T12:00:00-05:00,2025-12-23T14:00:00-05:00,2,30.6492,30.575,1.7561,30.7889,30.9174,-36.928,4.002,2.197,neutral_down,33.4469,-0.2377,-0.948
SMCI,SMCI-236,2025-12-23T16:00:00-05:00,2025-12-23T18:00:00-05:00,2,30.7,30.74,1.7561,30.7273,30.8421,-20.77,2.36,12.472,neutral,33.4469,-0.2377,-0.948
SMCI,SMCI-237,2025-12-24T06:00:00-05:00,2025-12-29T19:00:00-05:00,40,30.75,30.02,1.691,30.7668,30.8157,-7.469,-3.302,2.875,neutral,33.2034,-0.2434,-0.7356
SMCI,SMCI-238,2025-12-30T04:00:00-05:00,2025-12-30T15:00:00-05:00,11,30.45,29.64,1.5147,30.2313,30.3212,-11.598,28.798,24.334,neutral,32.5066,-0.2427,-0.6968
SMCI,SMCI-239,2026-01-06T14:00:00-05:00,2026-01-06T17:00:00-05:00,3,29.9797,30.51,1.5094,29.9618,30.2052,-41.849,21.299,4.169,neutral_down,31.7181,-0.1643,-0.5279
SMCI,SMCI-240,2026-01-07T18:00:00-05:00,2026-01-07T19:00:00-05:00,1,30.03,30.0498,1.4895,30.0653,30.1564,-17.797,1.557,4.741,neutral,31.611,-0.1071,-0.3627
SMCI,SMCI-241,2026-01-08T06:00:00-05:00,2026-01-08T07:00:00-05:00,1,29.98,29.93,1.4438,30.0035,30.0946,-20.296,3.136,-4.791,neutral,31.4664,-0.1446,-0.416
SMCI,SMCI-242,2026-01-08T08:00:00-05:00,2026-01-08T09:00:00-05:00,1,29.98,29.43,1.4438,29.987,30.0705,-17.583,4.113,5.85,neutral,31.4664,-0.1446,-0.416
SMCI,SMCI-243,2026-01-08T13:00:00-05:00,2026-01-09T05:00:00-05:00,8,29.62,30.1,1.4438,29.6762,29.8579,-38.24,8.678,24.765,neutral_down,31.4664,-0.1446,-0.416
SMCI,SMCI-244,2026-01-09T08:00:00-05:00,2026-01-09T12:00:00-05:00,4,30.05,30.575,1.4014,29.9671,29.9311,17.278,1.184,-3.641,neutral,31.3217,-0.1447,-0.3964
SMCI,SMCI-245,2026-01-09T15:00:00-05:00,2026-01-12T06:00:00-05:00,7,30.135,29.89,1.4014,30.2715,30.1298,21.695,-21.175,-23.618,neutral,31.3217,-0.1447,-0.3964
SMCI,SMCI-246,2026-01-12T07:00:00-05:00,2026-01-13T09:00:00-05:00,18,30.08,28.682,1.4066,30.0627,30.0854,-12.263,11.611,0.976,neutral,31.2138,-0.1079,-0.3972
SMCI,SMCI-247,2026-01-14T13:00:00-05:00,2026-01-15T10:00:00-05:00,13,28.165,29.24,1.4304,28.354,28.6236,-42.373,-2.044,-0.107,neutral_down,30.8875,-0.2278,-0.4342
SMCI,SMCI-248,2026-01-21T07:00:00-05:00,2026-01-21T19:00:00-05:00,12,31.27,32.55,1.6286,31.366,31.3571,-2.974,-3.89,-6.703,neutral,30.7937,0.0626,0.1437
SMCI,SMCI-249,2026-01-22T16:00:00-05:00,2026-01-23T15:00:00-05:00,15,32.8,31.69,1.6351,32.689,32.5193,11.051,6.728,0.646,neutral,30.927,0.1333,0.3888
SMCI,SMCI-250,2026-01-26T13:00:00-05:00,2026-01-26T17:00:00-05:00,4,31.225,30.77,1.6561,31.3206,31.611,-34.508,1.906,15.733,neutral_down,31.1231,0.0567,0.3294
SMCI,SMCI-251,2026-01-27T05:00:00-05:00,2026-01-28T04:00:00-05:00,15,31.15,31.84,1.6114,31.0208,31.2457,-20.494,10.275,31.432,neutral,31.0919,-0.0312,0.1649
SMCI,SMCI-252,2026-01-28T14:00:00-05:00,2026-01-29T06:00:00-05:00,8,31.135,31.21,1.5956,31.5108,31.4689,-13.051,-17.457,-27.888,neutral,31.1017,0.0098,0.0353
SMCI,SMCI-253,2026-01-30T11:00:00-05:00,2026-01-30T19:00:00-05:00,8,29.805,29.15,1.6139,29.9027,30.0913,-14.3,-7.304,10.612,neutral,31.0219,-0.0897,-0.07
SMCI,SMCI-254,2026-02-03T16:00:00-05:00,2026-02-03T19:00:00-05:00,3,31.71,31.73,1.6433,29.9376,29.8552,31.297,50.381,82.107,neutral_up,30.7484,-0.1023,-0.3631
SMCI,SMCI-255,2026-02-05T04:00:00-05:00,2026-02-05T05:00:00-05:00,1,33.93,33.7,1.8877,33.4283,32.7562,37.265,6.553,2.795,neutral_up,30.9405,0.281,0.0897
SMCI,SMCI-256,2026-02-05T06:00:00-05:00,2026-02-05T10:00:00-05:00,4,33.51,30.145,1.8877,33.4881,32.9027,30.139,-5.221,-0.574,neutral_up,30.9405,0.281,0.0897
SMCI,SMCI-257,2026-02-09T12:00:00-05:00,2026-02-11T12:00:00-05:00,32,33.54,32.055,2.1936,33.619,33.405,7.144,-0.366,4.492,neutral,31.2421,0.3103,0.5826
SMCI,SMCI-258,2026-02-13T13:00:00-05:00,2026-02-18T17:00:00-05:00,36,30.795,29.75,2.0994,30.7374,30.9261,-10.434,-0.14,14.794,neutral,31.5497,-0.111,0.0988
SMCI,SMCI-259,2026-02-20T12:00:00-05:00,2026-02-23T11:00:00-05:00,15,31.905,31.095,1.9356,32.1006,31.7428,29.775,-19.644,4.262,neutral_up,31.2799,0.089,-0.1799
SMCI,SMCI-260,2026-02-24T12:00:00-05:00,2026-02-25T09:00:00-05:00,13,30.905,32.3353,1.8995,30.9342,31.0918,-17.768,0.989,13.213,neutral,31.323,-0.0592,0.1321
SMCI,SMCI-261,2026-02-27T11:00:00-05:00,2026-03-02T05:00:00-05:00,10,32.37,30.88,1.9406,32.2566,32.2521,9.829,-2.006,36.318,neutral,31.5825,0.0707,0.2595
SMCI,SMCI-262,2026-03-03T08:00:00-05:00,2026-03-03T09:00:00-05:00,1,30.79,30.4855,1.9148,31.0275,31.3141,-39.787,4.099,9.138,neutral_down,31.6727,0.0167,0.1609
SMCI,SMCI-263,2026-03-04T06:00:00-05:00,2026-03-04T11:00:00-05:00,5,30.99,32.575,1.9323,30.8045,30.8877,2.811,5.335,23.304,neutral,31.5815,-0.0912,-0.001
SMCI,SMCI-264,2026-03-05T13:00:00-05:00,2026-03-05T19:00:00-05:00,6,31.845,32.18,1.9579,32.3973,32.2648,-9.109,-17.499,-67.947,neutral,31.6777,0.0962,0.0218
SMCI,SMCI-265,2026-03-06T12:00:00-05:00,2026-03-06T13:00:00-05:00,1,31.735,31.71,1.9637,31.8663,31.9812,-11.049,-5.35,25.554,neutral,31.7307,0.0529,0.058
SMCI,SMCI-266,2026-03-06T14:00:00-05:00,2026-03-09T04:00:00-04:00,6,31.695,30.62,1.9637,31.807,31.9328,-14.969,-1.256,-9.27,neutral,31.7307,0.0529,0.058
SMCI,SMCI-267,2026-03-09T10:00:00-04:00,2026-03-09T17:00:00-04:00,7,30.53,31.9,1.916,30.8196,31.202,-49.384,4.591,-0.002,neutral_down,31.6924,-0.0382,0.1109
SMCI,SMCI-268,2026-03-10T15:00:00-04:00,2026-03-12T13:00:00-04:00,30,31.785,30.975,1.9441,31.9688,31.8384,5.647,-9.585,-18.156,neutral,31.7195,0.0271,0.0417
SMCI,SMCI-269,2026-03-12T15:00:00-04:00,2026-03-12T16:00:00-04:00,1,30.9099,30.92,1.8396,31.1288,31.3942,-45.906,1.879,-7.524,neutral_down,31.7313,0.0059,0.0389
SMCI,SMCI-270,2026-03-13T08:00:00-04:00,2026-03-16T07:00:00-04:00,15,31.2188,31.29,1.7803,31.0656,31.1798,-3.805,8.178,28.982,neutral,31.6566,-0.0747,-0.0628
SMCI,SMCI-271,2026-03-16T09:00:00-04:00,2026-03-16T11:00:00-04:00,2,31.42,31.7135,1.7249,31.1096,31.0002,38.718,2.828,16.454,neutral_up,31.5756,-0.0811,-0.1499
SMCI,SMCI-272,2026-03-17T11:00:00-04:00,2026-03-17T19:00:00-04:00,8,31.865,31.55,1.7207,32.0298,31.787,35.645,-28.633,7.279,neutral_up,31.6005,0.0249,-0.1308
SMCI,SMCI-273,2026-03-18T04:00:00-04:00,2026-03-18T05:00:00-04:00,1,31.97,31.93,1.6928,31.7198,31.716,5.554,23.415,23.363,neutral,31.5923,-0.0082,-0.0643
SMCI,SMCI-274,2026-03-19T13:00:00-04:00,2026-03-19T19:00:00-04:00,6,30.045,27.14,1.6683,30.182,30.4932,-41.891,8.311,5.736,neutral_down,31.4798,-0.1125,-0.0958
SMCI,SMCI-275,2026-03-23T13:00:00-04:00,2026-03-23T14:00:00-04:00,1,21.93,21.9587,2.2993,21.1711,21.8517,-6.593,9.384,34.682,neutral,30.4314,-0.9861,-1.1609
SMCI,SMCI-276,2026-03-23T15:00:00-04:00,2026-03-23T16:00:00-04:00,1,21.5799,21.65,2.2993,21.3789,21.8358,-5.701,-4.231,10.277,neutral,30.4314,-0.9861,-1.1609
SMCI,SMCI-277,2026-03-24T11:00:00-04:00,2026-03-25T06:00:00-04:00,11,21.5949,22.7,2.3251,21.6225,21.7148,-7.685,0.969,-3.841,neutral,29.6267,-0.8047,-1.8531
SMCI,SMCI-278,2026-03-26T10:00:00-04:00,2026-03-26T11:00:00-04:00,1,22.595,22.3864,2.2464,23.2899,23.267,-19.01,-24.206,-16.669,neutral,28.5136,-0.4439,-1.9178
SMCI,SMCI-279,2026-03-27T12:00:00-04:00,2026-03-30T16:00:00-04:00,20,21.86,21.03,2.2442,21.9578,22.2404,-27.64,1.104,19.997,neutral_down,27.9415,-0.5721,-1.6853
SMCI,SMCI-280,2026-04-01T16:00:00-04:00,2026-04-02T04:00:00-04:00,4,22.5,21.89,2.0854,22.7047,22.5861,-3.886,-5.446,-35.121,neutral,26.4502,-0.367,-1.4913
SMCI,SMCI-281,2026-04-07T13:00:00-04:00,2026-04-07T18:00:00-04:00,5,22.375,23.43,1.9315,22.1878,22.2943,-1.423,10.772,40.385,neutral,25.4878,-0.3418,-0.9624
SMCI,SMCI-282,2026-04-09T06:00:00-04:00,2026-04-09T08:00:00-04:00,2,23.21,23.23,1.8337,23.2711,23.2281,-2.061,-0.069,-9.003,neutral,25.0606,-0.1701,-0.7689
SMCI,SMCI-283,2026-04-09T09:00:00-04:00,2026-04-10T09:00:00-04:00,16,23.47,24.95,1.8337,23.3027,23.2526,11.217,10.996,13.278,neutral,25.0606,-0.1701,-0.7689
SMCI,SMCI-284,2026-04-13T13:00:00-04:00,2026-04-13T15:00:00-04:00,2,25.71,25.979,1.8049,25.4137,25.0384,62.447,-2.883,17.851,distribution,24.9258,0.0334,-0.3049
SMCI,SMCI-285,2026-04-15T11:00:00-04:00,2026-04-16T14:00:00-04:00,19,27.445,28.54,1.7881,27.5363,27.2391,29.276,-10.68,-37.097,neutral_up,25.2214,0.1999,0.329
SMCI,SMCI-286,2026-04-17T14:00:00-04:00,2026-04-20T07:00:00-04:00,9,28.345,27.9699,1.7532,28.5271,28.3658,6.247,-8.292,-25.694,neutral,25.6799,0.27,0.6584
SMCI,SMCI-287,2026-04-20T10:00:00-04:00,2026-04-20T17:00:00-04:00,7,28.18,28.84,1.6959,28.1732,28.2583,-20.141,11.691,13.94,neutral,25.9413,0.2614,0.7199
SMCI,SMCI-288,2026-04-21T16:00:00-04:00,2026-04-23T05:00:00-04:00,21,28.87,27.62,1.6583,29.0078,28.9343,-8.875,3.114,-35.873,neutral,26.203,0.2617,0.7931
SMCI,SMCI-289,2026-04-24T09:00:00-04:00,2026-04-24T10:00:00-04:00,1,28.225,29.09,1.7172,27.5886,27.5739,24.651,15.721,25.892,neutral_up,26.6636,0.0066,0.4606
SMCI,SMCI-290,2026-04-27T13:00:00-04:00,2026-04-27T14:00:00-04:00,1,28.065,27.945,1.7914,28.3509,28.4459,-30.708,4.164,-16.979,neutral_down,26.8814,0.2179,0.4778
SMCI,SMCI-291,2026-04-29T07:00:00-04:00,2026-04-29T10:00:00-04:00,3,27.32,25.7,1.7757,27.3089,27.4223,-12.328,0.375,7.496,neutral,26.9967,0.0263,0.3331
SMCI,SMCI-292,2026-05-01T14:00:00-04:00,2026-05-04T14:00:00-04:00,16,27.22,28.065,1.7369,27.5338,27.3793,6.719,-24.059,-50.011,neutral,26.9753,0.0415,0.0049
SMCI,SMCI-293,2026-05-05T09:00:00-04:00,2026-05-05T16:00:00-04:00,7,27.61,32.6052,1.6936,28.0838,27.9473,6.437,-40.571,-35.171,neutral,27.0689,0.0841,0.1351
SMCI,SMCI-294,2026-05-07T15:00:00-04:00,2026-05-08T08:00:00-04:00,9,33.64,33.48,2.0055,33.9051,33.549,3.652,-0.224,-20.285,neutral,27.8256,0.6824,0.8407
SMCI,SMCI-295,2026-05-08T09:00:00-04:00,2026-05-08T13:00:00-04:00,4,33.51,34.92,2.0522,33.6104,33.5412,0.88,-2.301,-12.918,neutral,28.3542,0.5286,1.2852
SMCI,SMCI-296,2026-05-11T10:00:00-04:00,2026-05-11T19:00:00-04:00,9,35.67,34.18,2.1442,35.2679,34.9164,28.171,7.679,-1.816,neutral_up,28.9938,0.6396,1.8507
SMCI,SMCI-297,2026-05-13T12:00:00-04:00,2026-05-13T13:00:00-04:00,1,32.29,32.305,2.206,32.4511,32.7356,-34.393,8.556,-9.514,neutral_down,29.7143,0.3091,1.3602
SMCI,SMCI-298,2026-05-13T16:00:00-04:00,2026-05-13T19:00:00-04:00,3,32.0512,32.17,2.206,32.252,32.5432,-31.915,0.586,-2.877,neutral_down,29.7143,0.3091,1.3602
SMCI,SMCI-299,2026-05-14T09:00:00-04:00,2026-05-14T19:00:00-04:00,10,31.915,33.0794,2.1367,32.1212,32.2983,-23.035,-7.163,-1.66,neutral,29.9207,0.2064,0.927
SMCI,SMCI-300,2026-05-15T04:00:00-04:00,2026-05-15T05:00:00-04:00,1,31.88,31.85,2.1476,32.6792,32.6295,-11.42,-35.815,-32.12,neutral,30.2041,0.2833,0.7988
SMCI,SMCI-301,2026-05-18T08:00:00-04:00,2026-05-19T07:00:00-04:00,15,31.17,30.2,2.1655,31.0555,31.3308,-24.179,11.771,11.644,neutral_down,30.2792,0.0751,0.5648
SMCI,SMCI-302,2026-05-19T09:00:00-04:00,2026-05-20T07:00:00-04:00,14,30.27,31.25,2.1379,30.4247,30.621,-28.856,2.688,-6.457,neutral_down,30.3315,0.0523,0.4108
SMCI,SMCI-303,2026-05-21T13:00:00-04:00,2026-05-22T09:00:00-04:00,12,33.01,35.03,2.2099,32.8936,32.7372,3.792,13.237,-11.773,neutral,30.636,0.2824,0.3569
SMCI,SMCI-304,2026-05-27T13:00:00-04:00,2026-05-28T10:00:00-04:00,13,37.4893,40.952,2.2058,37.6771,37.2707,21.528,-11.094,-6.051,neutral,31.8432,0.5252,1.2072
SMCI,SMCI-305,2026-06-01T04:00:00-04:00,2026-06-01T19:00:00-04:00,15,47.17,49.234,2.7888,46.1394,45.1211,50.003,14.009,12.444,neutral_up,34.3994,1.1711,2.5562
SMCI,SMCI-306,2026-06-02T14:00:00-04:00,2026-06-03T11:00:00-04:00,13,49.79,46.52,2.7628,49.5392,48.7437,31.965,-2.139,-10.926,neutral_up,35.5345,1.1351,3.1143
SMCI,SMCI-307,2026-06-09T09:00:00-04:00,2026-06-09T10:00:00-04:00,1,43.026,41.5897,3.1771,44.2017,44.008,-2.783,-39.042,-40.336,neutral,39.38,0.459,1.5554
SMCI,SMCI-308,2026-06-12T11:00:00-04:00,2026-06-12T12:00:00-04:00,1,30.03,30.44,3.9765,30.9671,31.2536,-22.736,-14.563,-9.602,neutral,37.961,-0.6001,-1.419
SMCI,SMCI-309,2026-06-12T13:00:00-04:00,2026-06-15T06:00:00-04:00,9,30.43,31.7969,3.9765,30.7753,31.1115,-22.516,0.315,-14.343,neutral,37.961,-0.6001,-1.419
SMCI,SMCI-310,2026-06-15T09:00:00-04:00,2026-06-15T13:00:00-04:00,4,31.09,31.11,3.8717,31.3936,31.2472,9.206,-16.519,-20.039,neutral,37.2782,-0.6828,-2.2145
SMCI,SMCI-311,2026-06-15T16:00:00-04:00,2026-06-15T17:00:00-04:00,1,30.9,30.92,3.8717,31.0584,31.1264,-12.835,0.125,-7.299,neutral,37.2782,-0.6828,-2.2145
SMCI,SMCI-312,2026-06-15T19:00:00-04:00,2026-06-16T07:00:00-04:00,4,30.924,30.9872,3.8717,30.9884,31.0738,-10.975,0.985,1.859,neutral,37.2782,-0.6828,-2.2145
SMCI,SMCI-313,2026-06-16T09:00:00-04:00,2026-06-16T11:00:00-04:00,2,30.28,29.565,3.7109,30.8527,30.9825,-30.88,-20.933,-30.794,neutral_down,36.6947,-0.5835,-1.8664
SMCI,SMCI-314,2026-06-17T12:00:00-04:00,2026-06-17T15:00:00-04:00,3,29.115,27.79,3.5701,29.365,29.69,-45.889,-1.073,-11.089,neutral_down,36.0156,-0.6791,-1.9454
SMCI,SMCI-315,2026-06-24T07:00:00-04:00,2026-06-25T05:00:00-04:00,14,33.9,33.29,3.5651,33.8127,33.7541,9.054,-2.004,3.701,neutral,34.7614,-0.1431,-0.5065
SMCI,SMCI-316,2026-06-25T09:00:00-04:00,2026-06-25T10:00:00-04:00,1,31.6346,31.97,3.4955,32.9721,33.1492,-33.02,-34.937,-39.282,neutral_down,34.5517,-0.2097,-0.2973
SMCI,SMCI-317,2026-06-25T12:00:00-04:00,2026-06-25T13:00:00-04:00,1,32.1305,31.915,3.4955,32.5023,32.8639,-38.18,5.335,-5.159,neutral_down,34.5517,-0.2097,-0.2973
SMCI,SMCI-318,2026-06-26T13:00:00-04:00,2026-06-29T14:00:00-04:00,17,30.765,28.3,3.4115,30.9639,31.4108,-36.525,0.17,3.014,neutral_down,34.2929,-0.2588,-0.6116
SMCI,SMCI-319,2026-06-30T17:00:00-04:00,2026-06-30T18:00:00-04:00,1,29.3999,29.3172,3.2843,29.3442,29.3818,3.212,-2.04,-7.896,neutral,33.4308,-0.5301,-1.1209
SMCI,SMCI-320,2026-07-01T04:00:00-04:00,2026-07-01T05:00:00-04:00,1,29.04,29.01,3.1768,29.2831,29.3444,-11.362,-10.758,-14.574,neutral,33.058,-0.3728,-1.235
SMCI,SMCI-321,2026-07-01T06:00:00-04:00,2026-07-01T10:00:00-04:00,4,29.17,27.6371,3.1768,29.2168,29.3009,-13.612,3.663,-13.008,neutral,33.058,-0.3728,-1.235
SMCI,SMCI-322,2026-07-02T09:00:00-04:00,2026-07-02T16:00:00-04:00,7,29.06,27.2813,3.0821,28.1884,28.2827,19.584,30.779,58.344,neutral,32.5663,-0.4916,-1.3945
SMCI,SMCI-323,2026-07-06T14:00:00-04:00,,-1,26.8499,,3.0419,27.198,27.4216,-40.982,-3.565,-24.813,neutral_down,32.0803,-0.486,-1.3505
HOOD,HOOD-001,2024-07-16T13:00:00-04:00,2024-07-16T15:00:00-04:00,2,24.405,24.62,1.0461,24.2446,23.9186,53.29,-6.615,20.526,neutral_up,22.3398,0.161,0.1567
HOOD,HOOD-002,2024-07-17T07:00:00-04:00,2024-07-18T13:00:00-04:00,22,24.1,23.18,1.0757,24.4763,24.3058,5.312,-28.508,-40.301,neutral,22.5471,0.2073,0.3779
HOOD,HOOD-003,2024-07-19T15:00:00-04:00,2024-07-19T16:00:00-04:00,1,23.408,23.49,1.1423,23.4081,23.4048,10.001,-9.667,-16.295,neutral,22.7078,0.0122,0.368
HOOD,HOOD-004,2024-07-22T09:00:00-04:00,2024-07-23T17:00:00-04:00,24,23.31,22.8774,1.1371,23.3186,23.3666,-16.468,10.928,-14.103,neutral,22.7714,0.0637,0.2243
HOOD,HOOD-005,2024-07-25T16:00:00-04:00,2024-07-26T06:00:00-04:00,6,21.23,21.86,1.1176,21.3382,21.5252,-29.302,-1.843,-24.409,neutral_down,22.7028,-0.1303,-0.0686
HOOD,HOOD-006,2024-07-26T10:00:00-04:00,2024-07-26T17:00:00-04:00,7,21.43,21.1981,1.1203,21.6285,21.5959,4.802,-21.62,-29.23,neutral,22.5648,-0.138,-0.2656
HOOD,HOOD-007,2024-07-29T10:00:00-04:00,2024-07-30T11:00:00-04:00,17,21.1,20.7,1.1017,21.3778,21.407,-11.609,-27.308,-22.743,neutral,22.4403,-0.1245,-0.3928
HOOD,HOOD-008,2024-07-31T15:00:00-04:00,2024-07-31T17:00:00-04:00,2,20.56,20.6999,1.0847,20.7982,20.8068,-6.327,-25.706,-17.827,neutral,22.1498,-0.175,-0.415
HOOD,HOOD-009,2024-07-31T19:00:00-04:00,2024-08-01T14:00:00-04:00,11,20.7395,19.875,1.0847,20.7389,20.7704,-8.308,3.711,6.902,neutral,22.1498,-0.175,-0.415
HOOD,HOOD-010,2024-08-06T14:00:00-04:00,2024-08-12T15:00:00-04:00,65,17.37,18.57,1.3909,17.1663,17.1026,12.628,4.663,9.625,neutral,21.0235,-0.4609,-0.9818
HOOD,HOOD-011,2024-08-13T08:00:00-04:00,2024-08-15T05:00:00-04:00,29,18.8277,19.09,1.2703,18.6071,18.4398,43.997,12.921,4.227,neutral_up,19.7932,-0.1223,-0.5604
HOOD,HOOD-012,2024-08-16T10:00:00-04:00,2024-08-16T19:00:00-04:00,9,19.65,20.0,1.1911,19.6846,19.5554,18.982,-6.242,-23.289,neutral,19.5736,-0.0014,-0.2196
HOOD,HOOD-013,2024-08-19T04:00:00-04:00,2024-08-20T04:00:00-04:00,16,19.88,20.38,1.1518,19.9111,19.7845,26.888,-11.837,-10.428,neutral_up,19.6101,0.0365,-0.0574
HOOD,HOOD-014,2024-08-21T12:00:00-04:00,2024-08-21T18:00:00-04:00,6,19.9097,20.19,1.0791,19.8707,19.9016,-2.072,3.473,1.412,neutral,19.6866,0.0138,0.1131
HOOD,HOOD-015,2024-08-22T11:00:00-04:00,2024-08-23T07:00:00-04:00,12,19.985,19.98,1.051,20.1496,20.102,0.914,-22.576,-29.326,neutral,19.7315,0.0449,0.1214
HOOD,HOOD-016,2024-08-23T08:00:00-04:00,2024-08-23T10:00:00-04:00,2,20.1,20.535,1.0131,20.0291,20.0362,5.167,11.466,7.697,neutral,19.7477,0.0162,0.0749
HOOD,HOOD-017,2024-08-26T14:00:00-04:00,2024-08-27T07:00:00-04:00,9,20.975,20.84,1.0335,20.9946,20.9069,6.438,4.921,-12.857,neutral,19.8715,0.1238,0.1849
HOOD,HOOD-018,2024-08-27T08:00:00-04:00,2024-08-27T15:00:00-04:00,7,20.7,21.35,0.9862,20.8447,20.8732,-23.179,-11.275,-13.968,neutral,19.971,0.0994,0.2395
HOOD,HOOD-019,2024-08-27T18:00:00-04:00,2024-08-27T19:00:00-04:00,1,21.0,21.13,0.9862,21.1502,21.0531,17.934,-26.21,-37.197,neutral,19.971,0.0994,0.2395
HOOD,HOOD-020,2024-08-29T13:00:00-04:00,2024-08-30T05:00:00-04:00,8,20.51,20.34,1.0097,20.4992,20.5213,1.538,-3.163,-1.232,neutral,20.1153,0.019,0.2437
HOOD,HOOD-021,2024-08-30T06:00:00-04:00,2024-08-30T12:00:00-04:00,6,20.4,20.015,0.978,20.3258,20.381,-4.34,7.771,25.344,neutral,20.1194,0.0041,0.1484
HOOD,HOOD-022,2024-08-30T15:00:00-04:00,2024-09-03T07:00:00-04:00,8,20.12,19.99,0.978,20.1301,20.2278,-23.834,5.494,17.188,neutral_down,20.1194,0.0041,0.1484
HOOD,HOOD-023,2024-09-03T09:00:00-04:00,2024-09-03T13:00:00-04:00,4,19.815,19.42,0.9485,19.9759,20.0825,-44.956,-7.479,-10.421,neutral_down,20.1194,0.0001,0.0231
HOOD,HOOD-024,2024-09-04T13:00:00-04:00,2024-09-05T16:00:00-04:00,19,19.34,19.64,0.9457,19.3522,19.4452,-9.147,-6.223,8.839,neutral,20.0504,-0.069,-0.0649
HOOD,HOOD-025,2024-09-16T10:00:00-04:00,2024-09-17T06:00:00-04:00,12,22.025,22.44,0.9788,22.0173,21.941,7.431,6.7,-19.823,neutral,20.2349,0.1815,0.4154
HOOD,HOOD-026,2024-09-17T14:00:00-04:00,2024-09-17T16:00:00-04:00,2,22.635,22.64,0.9828,22.6185,22.453,39.145,-11.768,-29.012,neutral_up,20.4144,0.1796,0.5212
HOOD,HOOD-027,2024-09-18T05:00:00-04:00,2024-09-18T06:00:00-04:00,1,22.68,22.66,0.964,22.6419,22.5457,23.874,1.327,0.977,neutral_up,20.6158,0.2014,0.5625
HOOD,HOOD-028,2024-09-18T07:00:00-04:00,2024-09-19T04:00:00-04:00,13,22.68,23.69,0.964,22.6524,22.5673,22.944,0.598,0.397,neutral,20.6158,0.2014,0.5625
HOOD,HOOD-029,2024-09-20T15:00:00-04:00,2024-09-23T13:00:00-04:00,14,22.72,23.01,1.0021,22.7022,22.8069,-15.363,2.81,23.569,neutral,21.0052,0.179,0.5908
HOOD,HOOD-030,2024-09-23T14:00:00-04:00,2024-09-24T07:00:00-04:00,9,22.855,22.75,0.9766,22.9539,22.9024,7.815,-15.669,-24.15,neutral,21.1611,0.1559,0.5453
HOOD,HOOD-031,2024-09-24T08:00:00-04:00,2024-09-24T09:00:00-04:00,1,22.78,22.47,0.957,22.7827,22.8097,-7.864,1.654,-0.7,neutral,21.2992,0.1381,0.473
HOOD,HOOD-032,2024-09-24T15:00:00-04:00,2024-09-25T18:00:00-04:00,19,22.77,22.41,0.957,22.6823,22.7203,1.395,7.401,41.302,neutral,21.2992,0.1381,0.473
HOOD,HOOD-033,2024-09-25T19:00:00-04:00,2024-09-26T06:00:00-04:00,3,22.46,22.76,0.9313,22.4796,22.5613,-33.153,8.935,9.853,neutral_down,21.4329,0.1337,0.4277
HOOD,HOOD-034,2024-09-26T08:00:00-04:00,2024-09-27T11:00:00-04:00,19,22.84,23.355,0.8994,22.6767,22.6387,39.039,7.314,23.874,neutral_up,21.5208,0.0879,0.3597
HOOD,HOOD-035,2024-09-30T14:00:00-04:00,2024-10-01T11:00:00-04:00,13,23.385,22.735,0.9334,23.4465,23.3912,2.668,-3.385,14.547,neutral,21.8097,0.208,0.3768
HOOD,HOOD-036,2024-10-02T14:00:00-04:00,2024-10-02T15:00:00-04:00,1,22.74,22.61,0.9588,22.6364,22.6557,11.068,-0.055,-2.306,neutral,21.9901,0.034,0.3884
HOOD,HOOD-037,2024-10-03T10:00:00-04:00,2024-10-04T12:00:00-04:00,18,22.25,22.985,0.951,22.5121,22.5829,-33.665,-14.524,-32.376,neutral_down,22.0464,0.0564,0.2367
HOOD,HOOD-038,2024-10-04T13:00:00-04:00,2024-10-04T14:00:00-04:00,1,22.74,22.96,0.9302,22.7854,22.6811,22.093,-14.311,-17.0,neutral,22.0795,0.0331,0.1234
HOOD,HOOD-039,2024-10-07T05:00:00-04:00,2024-10-07T17:00:00-04:00,12,22.65,23.5,0.9337,22.8238,22.7699,1.522,-21.704,-15.168,neutral,22.1522,0.0728,0.1622
HOOD,HOOD-040,2024-10-09T13:00:00-04:00,2024-10-11T17:00:00-04:00,36,25.45,26.06,1.029,25.2203,24.9837,30.858,8.753,18.317,neutral_up,22.5631,0.3047,0.4836
HOOD,HOOD-041,2024-10-14T10:00:00-04:00,2024-10-14T15:00:00-04:00,5,26.8098,27.01,1.0787,26.5858,26.3063,44.816,-1.619,-17.348,neutral_up,23.3728,0.2907,0.8097
HOOD,HOOD-042,2024-10-15T07:00:00-04:00,2024-10-17T05:00:00-04:00,29,26.85,27.73,1.0716,26.9103,26.7479,18.698,-5.552,-21.152,neutral,23.7035,0.3307,0.8607
HOOD,HOOD-043,2024-10-17T07:00:00-04:00,2024-10-17T10:00:00-04:00,3,26.9,26.2,1.0619,27.3332,27.1607,11.693,-33.277,-35.926,neutral,24.2531,0.2677,0.8803
HOOD,HOOD-044,2024-10-17T11:00:00-04:00,2024-10-17T12:00:00-04:00,1,26.635,26.48,1.0619,26.8861,26.9835,-31.327,7.39,-39.879,neutral_down,24.2531,0.2677,0.8803
HOOD,HOOD-045,2024-10-18T11:00:00-04:00,2024-10-22T13:00:00-04:00,34,26.905,27.515,1.057,26.7093,26.696,19.732,4.356,33.807,neutral,24.4415,0.1884,0.738
HOOD,HOOD-046,2024-10-22T14:00:00-04:00,2024-10-22T16:00:00-04:00,2,27.345,27.43,1.0249,27.1425,26.99,48.555,-3.206,21.805,neutral_up,24.8678,0.2092,0.6147
HOOD,HOOD-047,2024-10-23T10:00:00-04:00,2024-10-23T14:00:00-04:00,4,27.15,26.615,1.0074,27.2464,27.1945,0.223,-5.79,-15.37,neutral,25.0971,0.2293,0.6556
HOOD,HOOD-048,2024-10-24T11:00:00-04:00,2024-10-24T16:00:00-04:00,5,26.8201,27.25,1.0148,26.9598,26.9587,1.225,-19.997,-2.254,neutral,25.2419,0.1448,0.5833
HOOD,HOOD-049,2024-10-24T18:00:00-04:00,2024-10-24T19:00:00-04:00,1,27.23,27.28,1.0148,27.1093,27.0367,28.142,2.089,9.091,neutral_up,25.2419,0.1448,0.5833
HOOD,HOOD-050,2024-10-25T09:00:00-04:00,2024-10-25T10:00:00-04:00,1,27.39,27.6499,0.988,27.3187,27.1927,40.883,-10.111,12.248,neutral_up,25.4222,0.1803,0.5544
HOOD,HOOD-051,2024-10-25T11:00:00-04:00,2024-10-28T07:00:00-04:00,12,27.315,27.72,0.988,27.371,27.2416,30.411,-20.35,-20.583,neutral_up,25.4222,0.1803,0.5544
HOOD,HOOD-052,2024-10-28T08:00:00-04:00,2024-10-28T09:00:00-04:00,1,27.84,28.0299,0.9767,27.4458,27.3146,60.033,10.271,50.079,neutral_up,25.5711,0.1489,0.474
HOOD,HOOD-053,2024-10-29T09:00:00-04:00,2024-10-30T18:00:00-04:00,25,28.2,25.19,0.9905,28.1946,27.9822,37.857,-11.93,-26.001,neutral_up,25.781,0.2099,0.5391
HOOD,HOOD-054,2024-11-01T12:00:00-04:00,2024-11-05T04:00:00-05:00,24,23.6899,24.45,1.2611,23.7256,24.15,-32.781,4.146,15.907,neutral_down,25.9424,-0.2462,0.1614
HOOD,HOOD-055,2024-11-07T14:00:00-05:00,2024-11-08T14:00:00-05:00,16,29.63,30.295,1.4899,29.6364,29.1029,41.912,-8.902,-16.347,neutral_up,25.9636,0.3886,0.1986
HOOD,HOOD-056,2024-11-12T08:00:00-05:00,2024-11-13T19:00:00-05:00,27,31.88,32.0,1.6422,32.6067,32.5554,-19.156,-3.662,-22.421,neutral,27.2169,0.5583,1.2533
HOOD,HOOD-057,2024-11-14T09:00:00-05:00,2024-11-14T10:00:00-05:00,1,32.35,31.66,1.7311,32.426,32.4939,-1.515,-6.406,-0.779,neutral,28.1215,0.3789,1.4629
HOOD,HOOD-058,2024-11-14T11:00:00-05:00,2024-11-14T12:00:00-05:00,1,32.29,31.939,1.7311,32.2762,32.4065,-13.7,7.537,-18.592,neutral,28.1215,0.3789,1.4629
HOOD,HOOD-059,2024-11-14T13:00:00-05:00,2024-11-18T05:00:00-05:00,24,32.22,32.77,1.7311,32.211,32.3509,-12.635,5.549,8.602,neutral,28.1215,0.3789,1.4629
HOOD,HOOD-060,2024-11-18T08:00:00-05:00,2024-11-18T09:00:00-05:00,1,32.5806,34.19,1.6643,32.6075,32.4038,27.173,-14.149,-14.487,neutral_up,28.8427,0.3477,1.1001
HOOD,HOOD-061,2024-11-19T13:00:00-05:00,2024-11-20T08:00:00-05:00,11,35.9505,37.09,1.7808,35.4279,34.8649,54.601,2.744,17.6,neutral_up,29.4015,0.5588,1.2801
HOOD,HOOD-062,2024-11-20T09:00:00-05:00,2024-11-21T07:00:00-05:00,14,36.9604,37.17,1.8193,36.2957,35.7181,66.566,-4.032,15.752,distribution,29.9323,0.5308,1.4373
HOOD,HOOD-063,2024-11-21T08:00:00-05:00,2024-11-21T15:00:00-05:00,7,37.43,35.07,1.8943,36.9093,36.4744,51.895,2.551,7.456,neutral_up,30.4894,0.5571,1.6467
HOOD,HOOD-064,2024-11-22T13:00:00-05:00,2024-11-22T15:00:00-05:00,2,36.44,36.68,1.9372,35.8281,35.7632,30.669,7.107,49.433,neutral_up,30.9058,0.4164,1.5043
HOOD,HOOD-065,2024-11-26T07:00:00-05:00,2024-11-27T13:00:00-05:00,22,37.12,38.1267,2.0657,37.3419,37.3606,-15.459,1.796,-13.153,neutral,32.0152,0.5845,1.5258
HOOD,HOOD-066,2024-11-29T12:00:00-05:00,2024-11-29T13:00:00-05:00,1,37.51,37.54,2.0314,38.1432,37.9947,-11.492,-19.691,-69.748,neutral,32.8924,0.4768,1.4617
HOOD,HOOD-067,2024-12-02T16:00:00-05:00,2024-12-03T17:00:00-05:00,17,37.73,38.79,2.0031,37.8435,37.8691,-9.782,-0.701,-11.32,neutral,33.3149,0.4225,1.2997
HOOD,HOOD-068,2024-12-06T13:00:00-05:00,2024-12-06T14:00:00-05:00,1,41.0,41.015,2.1595,40.1761,39.9461,38.8,7.486,36.342,neutral_up,35.0726,0.3847,1.3663
HOOD,HOOD-069,2024-12-09T14:00:00-05:00,2024-12-09T15:00:00-05:00,1,40.0,39.52,2.2046,40.5276,40.6572,-24.61,-4.178,-6.274,neutral_down,35.6733,0.6007,1.5166
HOOD,HOOD-070,2024-12-11T14:00:00-05:00,2024-12-12T15:00:00-05:00,17,38.1588,39.34,2.3263,38.1865,38.3926,-15.071,1.435,-7.971,neutral,36.1454,0.1225,1.0728
HOOD,HOOD-071,2024-12-13T13:00:00-05:00,2024-12-16T05:00:00-05:00,8,39.59,41.45,2.4106,39.5901,39.38,14.581,-1.91,2.288,neutral,36.5771,0.2763,0.5542
HOOD,HOOD-072,2024-12-23T13:00:00-05:00,2024-12-24T05:00:00-05:00,8,37.3186,37.52,2.7573,37.7429,37.7619,-17.128,-8.422,-9.48,neutral,37.7618,0.0598,-0.0904
HOOD,HOOD-073,2024-12-24T07:00:00-05:00,2024-12-24T11:00:00-05:00,4,37.45,39.19,2.6618,37.5551,37.6248,-11.28,-3.362,-2.823,neutral,37.7362,-0.0256,-0.044
HOOD,HOOD-074,2024-12-31T08:00:00-05:00,2024-12-31T16:00:00-05:00,8,39.1,37.2602,2.4619,38.5592,38.5402,25.073,12.703,28.828,neutral_up,38.2152,0.0065,0.3113
HOOD,HOOD-075,2025-01-03T10:00:00-05:00,2025-01-03T13:00:00-05:00,3,39.51,40.55,2.4351,39.5087,39.2082,28.734,-7.222,-12.912,neutral_up,38.2467,0.1193,0.0381
HOOD,HOOD-076,2025-01-07T07:00:00-05:00,2025-01-07T11:00:00-05:00,4,42.64,40.605,2.3816,42.6391,42.2624,32.681,-4.305,-18.238,neutral_up,38.9107,0.3809,0.7833
HOOD,HOOD-077,2025-01-08T12:00:00-05:00,2025-01-13T04:00:00-05:00,24,39.61,38.82,2.4488,40.0951,40.5429,-37.476,-7.775,10.364,neutral_down,39.0579,0.1472,0.8112
HOOD,HOOD-078,2025-01-13T11:00:00-05:00,2025-01-13T13:00:00-05:00,2,38.72,39.0,2.3646,39.0913,39.4618,-28.666,-7.928,27.256,neutral_down,39.2946,0.0765,0.3839
HOOD,HOOD-079,2025-01-13T15:00:00-05:00,2025-01-13T16:00:00-05:00,1,39.58,39.4205,2.3646,39.1453,39.3634,-4.846,16.028,20.753,neutral,39.2946,0.0765,0.3839
HOOD,HOOD-080,2025-01-13T18:00:00-05:00,2025-01-14T04:00:00-05:00,2,39.8399,40.17,2.3646,39.3746,39.4214,13.015,10.527,17.861,neutral,39.2946,0.0765,0.3839
HOOD,HOOD-081,2025-01-16T12:00:00-05:00,2025-01-17T06:00:00-05:00,10,46.3801,47.4,2.5907,45.9992,45.3039,62.518,-0.169,16.634,distribution,40.0894,0.5471,0.7948
HOOD,HOOD-082,2025-01-21T11:00:00-05:00,2025-01-21T12:00:00-05:00,1,49.66,50.133,2.5685,49.3383,48.6888,35.407,1.59,-44.707,neutral_up,41.3137,0.6806,1.7714
HOOD,HOOD-083,2025-01-21T14:00:00-05:00,2025-01-21T16:00:00-05:00,2,50.025,50.35,2.5685,49.7392,49.056,43.721,-4.883,8.314,neutral_up,41.3137,0.6806,1.7714
HOOD,HOOD-084,2025-01-22T07:00:00-05:00,2025-01-23T05:00:00-05:00,14,50.4,48.76,2.5651,50.3171,49.8193,36.719,-3.987,-5.101,neutral_up,42.1047,0.791,2.0153
HOOD,HOOD-085,2025-01-24T12:00:00-05:00,2025-01-27T04:00:00-05:00,8,51.68,47.95,2.4204,51.2606,50.856,45.813,3.994,1.733,neutral_up,43.5188,0.6836,2.2051
HOOD,HOOD-086,2025-01-28T08:00:00-05:00,2025-01-28T16:00:00-05:00,8,47.924,48.9101,2.5176,48.0521,48.4001,-19.772,0.824,-17.446,neutral,44.5277,0.3192,1.6925
HOOD,HOOD-087,2025-01-28T18:00:00-05:00,2025-01-29T05:00:00-05:00,3,49.11,49.59,2.5176,48.9606,48.7868,13.863,0.277,-12.738,neutral,44.5277,0.3192,1.6925
HOOD,HOOD-088,2025-01-29T08:00:00-05:00,2025-01-29T16:00:00-05:00,8,48.91,51.4799,2.537,49.2625,49.0549,10.084,-17.616,-18.02,neutral,44.9707,0.4429,1.4518
HOOD,HOOD-089,2025-01-31T11:00:00-05:00,2025-01-31T17:00:00-05:00,6,53.045,51.75,2.5683,53.2465,52.8494,18.37,-6.145,-46.659,neutral,46.2104,0.6771,1.6827
HOOD,HOOD-090,2025-02-04T13:00:00-05:00,2025-02-05T13:00:00-05:00,16,52.64,54.07,2.6404,52.6241,52.3363,18.085,-5.32,0.958,neutral,47.201,0.4697,1.6677
HOOD,HOOD-091,2025-02-11T06:00:00-05:00,2025-02-11T11:00:00-05:00,5,56.76,54.4373,2.5135,56.5632,56.3202,21.421,5.799,-2.753,neutral,50.0075,0.6272,1.7265
HOOD,HOOD-092,2025-02-12T10:00:00-05:00,2025-02-12T16:00:00-05:00,6,55.25,62.19,2.5483,54.7685,54.9633,-2.704,13.174,13.703,neutral,50.3114,0.3039,1.5841
HOOD,HOOD-093,2025-02-14T04:00:00-05:00,2025-02-18T13:00:00-05:00,25,63.59,60.505,3.2506,63.1702,62.1302,31.024,2.642,-0.795,neutral_up,52.0054,1.1805,1.9978
HOOD,HOOD-094,2025-02-19T13:00:00-05:00,2025-02-19T17:00:00-05:00,4,59.4403,58.28,3.4974,60.381,61.1648,-48.967,-7.474,-11.011,neutral_down,53.8692,0.6561,3.0442
HOOD,HOOD-095,2025-02-26T05:00:00-05:00,2025-02-26T10:00:00-05:00,5,47.74,50.121,3.9935,47.0121,47.5259,-1.073,7.931,25.894,neutral,53.1268,-0.7217,-1.3819
HOOD,HOOD-096,2025-02-27T10:00:00-05:00,2025-02-28T05:00:00-05:00,11,51.3948,47.34,4.0375,50.4737,49.7087,31.576,7.203,-35.786,neutral_up,52.7353,-0.3915,-1.5081
HOOD,HOOD-097,2025-02-28T15:00:00-05:00,2025-02-28T16:00:00-05:00,1,50.1,50.48,4.0713,49.52,49.3554,16.789,2.155,4.581,neutral,52.3749,-0.3604,-1.4736
HOOD,HOOD-098,2025-03-05T16:00:00-05:00,2025-03-06T17:00:00-05:00,17,48.0,45.63,4.4703,47.2622,47.0356,24.195,2.673,26.707,neutral_up,51.1866,-0.5017,-1.1883
HOOD,HOOD-099,2025-03-07T09:00:00-05:00,2025-03-07T10:00:00-05:00,1,44.375,42.87,4.373,44.7401,45.3981,-32.651,4.393,-5.715,neutral_down,50.3545,-0.5524,-1.3338
HOOD,HOOD-100,2025-03-07T15:00:00-05:00,2025-03-10T05:00:00-04:00,6,44.415,41.82,4.373,43.8184,44.4798,-11.2,9.634,47.47,neutral,50.3545,-0.5524,-1.3338
HOOD,HOOD-101,2025-03-11T13:00:00-04:00,2025-03-12T17:00:00-04:00,20,36.36,38.9,4.7199,36.711,37.4768,-21.52,-5.826,4.197,neutral,48.5241,-1.2904,-2.3828
HOOD,HOOD-102,2025-03-13T04:00:00-04:00,2025-03-13T13:00:00-04:00,9,38.44,36.1565,4.4916,38.7701,38.3354,19.745,-16.175,-6.025,neutral,46.6436,-0.7734,-3.171
HOOD,HOOD-103,2025-03-20T12:00:00-04:00,2025-03-24T04:00:00-04:00,24,43.0691,45.84,4.1808,43.1246,42.6373,24.854,-9.905,6.025,neutral_up,44.2396,-0.142,-0.8513
HOOD,HOOD-104,2025-03-25T10:00:00-04:00,2025-03-26T11:00:00-04:00,17,48.1308,44.875,4.0346,48.1786,47.5568,32.235,-10.623,-15.428,neutral_up,44.5809,0.3749,0.3413
HOOD,HOOD-105,2025-03-27T12:00:00-04:00,2025-03-28T04:00:00-04:00,8,44.1265,43.25,3.968,44.8257,45.2651,-26.401,-8.445,-10.031,neutral_down,44.8893,-0.0169,0.6834
HOOD,HOOD-106,2025-04-01T12:00:00-04:00,2025-04-02T19:00:00-04:00,23,42.47,38.09,3.7715,42.1042,41.8298,24.83,-1.705,24.714,neutral_up,44.2786,-0.2664,-0.6107
HOOD,HOOD-107,2025-04-03T04:00:00-04:00,2025-04-03T05:00:00-04:00,1,39.8,39.18,3.6528,40.2323,41.0345,-45.386,16.765,-10.485,neutral_down,43.9574,-0.1277,-0.5876
HOOD,HOOD-108,2025-04-04T04:00:00-04:00,2025-04-04T10:00:00-04:00,6,37.77,32.89,3.7662,38.302,38.8867,-28.043,-8.571,-6.324,neutral_down,43.4394,-0.5179,-0.8392
HOOD,HOOD-109,2025-04-07T10:00:00-04:00,2025-04-07T17:00:00-04:00,7,35.02,35.7,3.9736,32.9498,33.9481,-10.747,28.922,56.418,neutral,42.6267,-0.8127,-1.4584
HOOD,HOOD-110,2025-04-08T13:00:00-04:00,2025-04-08T19:00:00-04:00,6,35.37,32.7445,4.2217,35.9619,35.6758,-2.851,-4.689,-28.81,neutral,41.9748,-0.652,-1.9826
HOOD,HOOD-111,2025-04-09T04:00:00-04:00,2025-04-09T05:00:00-04:00,1,34.78,34.63,4.2605,34.3488,34.8332,-24.02,22.681,3.152,neutral_down,41.2648,-0.71,-2.1746
HOOD,HOOD-112,2025-04-09T08:00:00-04:00,2025-04-09T13:00:00-04:00,5,33.2,40.81,4.2605,33.8202,34.422,-30.436,2.828,-16.007,neutral_down,41.2648,-0.71,-2.1746
HOOD,HOOD-113,2025-04-10T17:00:00-04:00,2025-04-11T16:00:00-04:00,15,40.44,43.6013,4.6084,40.4495,39.8758,14.478,-1.793,-4.002,neutral,41.3507,0.0859,-1.276
HOOD,HOOD-114,2025-04-14T15:00:00-04:00,2025-04-16T05:00:00-04:00,22,44.11,41.79,4.5324,43.8801,43.3951,21.616,1.92,15.581,neutral,41.4916,0.2186,0.2268
HOOD,HOOD-115,2025-04-17T08:00:00-04:00,2025-04-21T13:00:00-04:00,21,41.1072,39.345,4.2006,41.0441,41.4063,-17.315,2.612,-1.514,neutral,41.8327,-0.1133,0.3412
HOOD,HOOD-116,2025-04-24T04:00:00-04:00,2025-04-24T10:00:00-04:00,6,43.8,47.71,3.9601,44.7363,44.4628,-6.204,-19.591,-26.137,neutral,41.9166,0.2733,0.1441
HOOD,HOOD-117,2025-04-25T13:00:00-04:00,2025-04-28T07:00:00-04:00,10,48.84,50.4,3.9365,48.9062,48.1885,39.746,-14.705,-7.559,neutral_up,42.4815,0.5649,0.8829
HOOD,HOOD-118,2025-04-28T08:00:00-04:00,2025-04-28T17:00:00-04:00,9,50.5199,48.8,3.7882,49.9932,49.3341,56.345,-0.858,2.251,neutral_up,43.1141,0.6326,1.4708
HOOD,HOOD-119,2025-04-29T09:00:00-04:00,2025-04-30T09:00:00-04:00,16,48.8,46.37,3.7555,49.0713,49.0517,0.245,-12.621,-5.548,neutral,43.641,0.5269,1.7243
HOOD,HOOD-120,2025-04-30T16:00:00-04:00,2025-05-01T04:00:00-04:00,4,48.64,50.54,3.5886,48.1646,48.347,3.677,5.07,41.666,neutral,44.16,0.519,1.6785
HOOD,HOOD-121,2025-05-05T10:00:00-04:00,2025-05-05T13:00:00-04:00,3,47.59,47.84,3.6659,47.5748,47.8151,-20.528,11.829,4.871,neutral,45.136,0.3434,0.976
HOOD,HOOD-122,2025-05-05T15:00:00-04:00,2025-05-06T18:00:00-04:00,19,48.01,49.5,3.6659,47.7386,47.8016,4.794,4.148,15.073,neutral,45.136,0.3434,0.976
HOOD,HOOD-123,2025-05-07T17:00:00-04:00,2025-05-08T04:00:00-04:00,3,49.68,51.7,3.5788,49.4032,48.9612,37.168,-3.595,18.986,neutral_up,45.6957,0.2984,0.9031
HOOD,HOOD-124,2025-05-09T13:00:00-04:00,2025-05-12T04:00:00-04:00,7,54.3415,58.34,3.5767,54.744,54.1156,15.762,-7.02,-53.528,neutral,46.8127,0.7257,1.4154
HOOD,HOOD-125,2025-05-13T08:00:00-04:00,2025-05-13T09:00:00-04:00,1,58.46,60.61,3.589,57.8488,57.3099,40.582,3.499,20.341,neutral_up,48.4266,0.9013,2.3395
HOOD,HOOD-126,2025-05-14T13:00:00-04:00,2025-05-14T19:00:00-04:00,6,61.7808,60.35,3.7594,62.3776,61.7738,13.02,-12.774,-40.123,neutral,49.7087,1.2821,2.896
HOOD,HOOD-127,2025-05-15T16:00:00-04:00,2025-05-15T19:00:00-04:00,3,60.76,60.67,3.683,60.1691,60.3463,7.611,6.737,25.936,neutral,50.7652,1.0565,3.24
HOOD,HOOD-128,2025-05-16T04:00:00-04:00,2025-05-16T05:00:00-04:00,1,61.41,61.59,3.6807,60.6181,60.5195,22.895,12.874,13.279,neutral,51.6674,0.9023,3.2409
HOOD,HOOD-129,2025-05-16T15:00:00-04:00,2025-05-19T04:00:00-04:00,5,61.74,58.54,3.6807,61.4411,61.1544,21.211,4.411,-0.396,neutral,51.6674,0.9023,3.2409
HOOD,HOOD-130,2025-05-20T13:00:00-04:00,2025-05-21T18:00:00-04:00,21,64.945,63.0591,3.6193,64.3679,63.655,46.446,5.598,3.675,neutral_up,53.6456,1.0624,2.8804
HOOD,HOOD-131,2025-05-22T04:00:00-04:00,2025-05-22T05:00:00-04:00,1,64.58,64.79,3.5038,63.9758,64.1788,-9.694,22.962,24.77,neutral,55.5015,0.8328,2.9184
HOOD,HOOD-132,2025-05-22T08:00:00-04:00,2025-05-22T11:00:00-04:00,3,65.0,64.58,3.5038,64.342,64.3098,11.253,12.535,6.455,neutral,55.5015,0.8328,2.9184
HOOD,HOOD-133,2025-05-22T15:00:00-04:00,2025-05-23T16:00:00-04:00,17,64.81,62.95,3.5038,64.8462,64.6167,15.355,-8.824,9.12,neutral,55.5015,0.8328,2.9184
HOOD,HOOD-134,2025-05-27T04:00:00-04:00,2025-05-27T05:00:00-04:00,1,64.7,64.85,3.3176,63.4406,63.6561,4.174,34.184,30.77,neutral,56.9662,0.6184,2.2975
HOOD,HOOD-135,2025-05-28T09:00:00-04:00,2025-05-29T14:00:00-04:00,21,65.755,63.85,3.3649,66.0697,65.6892,20.581,-17.285,-12.901,neutral,57.7901,0.824,2.2886
HOOD,HOOD-136,2025-05-30T13:00:00-04:00,2025-05-30T16:00:00-04:00,3,63.96,66.02,3.2283,63.7571,64.0331,-6.74,3.936,15.196,neutral,58.9563,0.4994,1.9902
HOOD,HOOD-137,2025-06-04T12:00:00-04:00,2025-06-06T07:00:00-04:00,27,71.63,73.76,3.3288,72.1794,71.4945,18.049,-13.389,-42.983,neutral,61.4015,1.0318,2.4452
HOOD,HOOD-138,2025-06-06T08:00:00-04:00,2025-06-06T10:00:00-04:00,2,74.27,74.29,3.3907,73.463,73.0633,26.719,4.173,3.19,neutral_up,63.3123,0.9218,2.9426
HOOD,HOOD-139,2025-06-06T17:00:00-04:00,2025-06-09T04:00:00-04:00,3,75.45,70.9,3.3907,75.2055,74.4291,20.929,-4.431,-45.556,neutral,63.3123,0.9218,2.9426
HOOD,HOOD-140,2025-06-10T10:00:00-04:00,2025-06-10T13:00:00-04:00,3,71.66,71.9128,3.726,73.1714,72.9973,-5.541,-24.021,-25.432,neutral,65.1879,0.8222,2.7974
HOOD,HOOD-141,2025-06-10T14:00:00-04:00,2025-06-11T13:00:00-04:00,15,72.685,73.825,3.726,72.5436,72.7006,-9.853,9.486,3.901,neutral,65.1879,0.8222,2.7974
HOOD,HOOD-142,2025-06-12T08:00:00-04:00,2025-06-13T05:00:00-04:00,13,73.63,71.27,3.69,73.8204,73.741,-8.286,4.077,-14.982,neutral,66.6725,0.8208,2.3068
HOOD,HOOD-143,2025-06-13T15:00:00-04:00,2025-06-13T16:00:00-04:00,1,72.6,72.23,3.595,73.0103,73.144,-9.499,-7.218,-26.302,neutral,67.3268,0.6543,2.1389
HOOD,HOOD-144,2025-06-16T04:00:00-04:00,2025-06-16T05:00:00-04:00,1,74.09,73.97,3.5618,72.866,72.9704,8.45,30.719,30.467,neutral,67.8062,0.4794,1.9545
HOOD,HOOD-145,2025-06-17T11:00:00-04:00,2025-06-17T15:00:00-04:00,4,75.085,74.94,3.6131,75.6505,75.4263,-3.796,-10.18,-32.187,neutral,68.6193,0.8131,1.9468
HOOD,HOOD-146,2025-06-17T17:00:00-04:00,2025-06-17T18:00:00-04:00,1,74.56,74.2,3.6131,74.7245,74.9544,-17.647,4.049,12.637,neutral,68.6193,0.8131,1.9468
HOOD,HOOD-147,2025-06-18T06:00:00-04:00,2025-06-18T12:00:00-04:00,6,74.8,77.26,3.6543,74.7957,74.8895,0.624,-4.195,23.431,neutral,69.1939,0.5746,1.8671
HOOD,HOOD-148,2025-06-20T12:00:00-04:00,2025-06-24T05:00:00-04:00,25,78.1012,78.58,3.6933,77.4936,77.1747,12.321,14.595,0.966,neutral,70.0272,0.8333,2.221
HOOD,HOOD-149,2025-06-24T06:00:00-04:00,2025-06-24T10:00:00-04:00,4,77.6,81.22,3.7551,77.6919,77.5369,16.848,-14.637,5.384,neutral,71.3037,0.5026,2.1098
HOOD,HOOD-150,2025-06-26T10:00:00-04:00,2025-06-27T17:00:00-04:00,23,83.35,83.0,3.8925,83.4728,83.0881,18.327,-9.042,-11.781,neutral,73.2274,0.9523,2.4264
HOOD,HOOD-151,2025-07-07T09:00:00-04:00,2025-07-08T19:00:00-04:00,26,93.465,91.5876,5.0669,93.65,94.2999,-23.672,6.283,7.134,neutral_down,81.2735,1.3126,4.5295
HOOD,HOOD-152,2025-07-09T09:00:00-04:00,2025-07-09T16:00:00-04:00,7,92.94,94.4985,5.1883,92.3761,92.5177,7.828,5.4,23.133,neutral,83.192,0.8088,3.2311
HOOD,HOOD-153,2025-07-10T10:00:00-04:00,2025-07-10T13:00:00-04:00,3,95.16,97.6145,5.0585,94.713,94.1957,25.775,4.425,-17.814,neutral_up,84.2246,1.0325,2.951
HOOD,HOOD-154,2025-07-11T15:00:00-04:00,2025-07-11T16:00:00-04:00,1,98.345,98.14,5.0699,99.0326,98.0972,22.548,-16.574,-45.131,neutral,85.5441,1.3196,3.1609
HOOD,HOOD-155,2025-07-14T11:00:00-04:00,2025-07-14T16:00:00-04:00,5,99.85,99.86,5.0056,100.0284,99.3112,24.002,-10.647,-35.185,neutral_up,86.7079,1.1637,3.5158
HOOD,HOOD-156,2025-07-14T17:00:00-04:00,2025-07-15T05:00:00-04:00,4,99.2,99.11,5.0056,99.654,99.4047,2.368,-7.928,0.956,neutral,86.7079,1.1637,3.5158
HOOD,HOOD-157,2025-07-15T06:00:00-04:00,2025-07-16T12:00:00-04:00,22,98.94,103.105,4.9013,99.2854,99.2997,-9.17,-3.14,-7.115,neutral,87.9108,1.2029,3.6862
HOOD,HOOD-158,2025-07-17T13:00:00-04:00,2025-07-17T15:00:00-04:00,2,105.2896,105.445,4.8609,104.7281,103.6174,53.566,-4.55,-13.636,neutral_up,90.2663,1.2984,3.5585
HOOD,HOOD-159,2025-07-17T16:00:00-04:00,2025-07-17T17:00:00-04:00,1,105.5,106.2,4.8609,105.151,104.1133,45.448,-4.859,-8.117,neutral_up,90.2663,1.2984,3.5585
HOOD,HOOD-160,2025-07-21T07:00:00-04:00,2025-07-21T15:00:00-04:00,8,109.8,104.34,5.0223,109.5074,108.6933,26.179,-1.874,1.086,neutral_up,93.2929,1.6467,4.325
HOOD,HOOD-161,2025-07-23T07:00:00-04:00,2025-07-25T06:00:00-04:00,31,103.59,101.0,5.2406,103.048,103.4399,1.938,1.881,16.821,neutral,94.9847,0.6875,3.3385
HOOD,HOOD-162,2025-07-25T08:00:00-04:00,2025-07-25T10:00:00-04:00,2,101.37,105.1997,4.8549,101.3998,101.7659,-22.459,5.896,18.051,neutral,96.2041,0.5716,1.9069
HOOD,HOOD-163,2025-07-28T14:00:00-04:00,2025-07-28T17:00:00-04:00,3,105.965,106.5,4.8895,106.1964,105.5616,22.145,-10.04,2.41,neutral,96.9905,0.7864,2.0058
HOOD,HOOD-164,2025-07-28T19:00:00-04:00,2025-07-29T05:00:00-04:00,2,106.74,107.08,4.8895,106.4879,105.9667,26.231,2.486,-1.217,neutral_up,96.9905,0.7864,2.0058
HOOD,HOOD-165,2025-07-29T06:00:00-04:00,2025-07-29T16:00:00-04:00,10,106.86,103.3,4.7167,106.7226,106.2175,30.889,-3.473,4.658,neutral_up,97.8796,0.889,2.2471
HOOD,HOOD-166,2025-07-30T14:00:00-04:00,2025-07-31T18:00:00-04:00,20,104.96,101.47,4.6955,105.5089,105.248,15.477,-23.81,-22.118,neutral,98.3732,0.4937,2.1692
HOOD,HOOD-167,2025-08-05T14:00:00-04:00,2025-08-07T06:00:00-04:00,24,103.92,106.83,5.6536,104.9162,104.7272,-11.985,-5.978,-17.545,neutral,100.1145,0.6295,1.0316
HOOD,HOOD-168,2025-08-11T13:00:00-04:00,2025-08-11T17:00:00-04:00,4,116.24,113.4601,5.6269,116.3328,115.2719,34.869,-9.918,-9.574,neutral_up,103.127,1.1463,2.5274
HOOD,HOOD-169,2025-08-12T15:00:00-04:00,2025-08-13T07:00:00-04:00,8,114.09,115.37,5.5164,114.3455,114.3796,-3.612,-4.171,-15.463,neutral,104.0818,0.9548,3.024
HOOD,HOOD-170,2025-08-13T08:00:00-04:00,2025-08-13T10:00:00-04:00,2,115.5001,109.335,5.4452,115.0186,114.7336,27.545,2.509,10.02,neutral_up,104.9917,0.9098,3.0109
HOOD,HOOD-171,2025-08-14T13:00:00-04:00,2025-08-15T12:00:00-04:00,15,109.54,112.8186,5.7077,109.1155,109.8491,-17.213,9.92,14.899,neutral,105.3252,0.3335,2.1981
HOOD,HOOD-172,2025-08-15T13:00:00-04:00,2025-08-15T14:00:00-04:00,1,112.5728,112.4529,5.6679,111.5984,110.921,41.658,1.126,5.094,neutral_up,105.8165,0.4913,1.7347
HOOD,HOOD-173,2025-08-18T10:00:00-04:00,2025-08-18T17:00:00-04:00,7,112.5801,114.8,5.6738,112.4532,112.2622,-7.045,15.215,-26.497,neutral,106.5759,0.7594,1.5842
HOOD,HOOD-174,2025-08-19T09:00:00-04:00,2025-08-19T11:00:00-04:00,2,113.3951,110.2515,5.6478,114.572,114.0578,16.007,-32.107,-22.693,neutral,107.3445,0.7686,2.0193
HOOD,HOOD-175,2025-08-21T09:00:00-04:00,2025-08-22T11:00:00-04:00,18,105.2977,110.05,6.2381,105.0268,105.6331,-19.034,12.092,-7.131,neutral,107.1742,-0.1844,0.5983
HOOD,HOOD-176,2025-08-25T14:00:00-04:00,2025-08-27T05:00:00-04:00,23,108.665,108.56,6.2121,108.3349,108.1859,6.961,5.922,3.592,neutral,107.296,0.2004,-0.0626
HOOD,HOOD-177,2025-08-27T09:00:00-04:00,2025-08-27T11:00:00-04:00,2,107.0,105.66,5.9179,108.2244,108.1389,-13.244,-31.231,-32.811,neutral,107.4835,0.1317,0.3879
HOOD,HOOD-178,2025-08-28T14:00:00-04:00,2025-09-02T11:00:00-04:00,29,103.0699,99.065,5.9566,103.6094,104.3069,-32.462,-4.184,-8.866,neutral_down,107.0714,-0.4121,-0.2247
HOOD,HOOD-179,2025-09-03T08:00:00-04:00,2025-09-04T13:00:00-04:00,21,101.55,104.49,5.5328,101.3641,101.5258,1.85,-1.022,7.983,neutral,105.9946,-0.5175,-1.0768
HOOD,HOOD-180,2025-09-09T13:00:00-04:00,2025-09-09T17:00:00-04:00,4,115.645,118.39,6.3908,115.6638,114.5989,23.45,3.438,-9.447,neutral,106.04,1.122,0.5177
HOOD,HOOD-181,2025-09-10T18:00:00-04:00,2025-09-10T19:00:00-04:00,1,117.3891,117.69,6.2872,118.0782,118.0249,-16.417,0.283,-9.185,neutral,107.1719,1.1319,1.8871
HOOD,HOOD-182,2025-09-11T15:00:00-04:00,2025-09-12T05:00:00-04:00,6,117.729,118.39,6.3203,119.1159,118.7633,-0.644,-23.985,-57.431,neutral,108.1064,0.9345,3.1884
HOOD,HOOD-183,2025-09-12T10:00:00-04:00,2025-09-12T11:00:00-04:00,1,116.83,115.24,6.1774,117.6355,118.0623,-32.271,2.676,-29.388,neutral_down,108.9812,0.8748,2.9411
HOOD,HOOD-184,2025-09-15T11:00:00-04:00,2025-09-16T14:00:00-04:00,19,114.625,117.715,6.059,114.8725,115.6306,-40.995,12.535,-16.25,neutral_down,109.5302,0.549,2.3582
HOOD,HOOD-185,2025-09-16T15:00:00-04:00,2025-09-16T16:00:00-04:00,1,117.33,117.39,5.9195,116.6266,115.9906,42.776,-4.244,8.809,neutral_up,110.0074,0.4773,1.901
HOOD,HOOD-186,2025-09-17T10:00:00-04:00,2025-09-18T04:00:00-04:00,10,116.555,120.99,5.8066,116.9217,116.6326,12.254,-14.769,8.936,neutral,110.6731,0.6657,1.6919
HOOD,HOOD-187,2025-09-19T09:00:00-04:00,2025-09-19T14:00:00-04:00,5,123.09,123.41,5.7001,121.7325,121.1877,39.982,24.799,26.256,neutral_up,112.254,0.8611,2.2465
HOOD,HOOD-188,2025-09-22T09:00:00-04:00,2025-09-25T07:00:00-04:00,46,124.125,123.63,5.6011,123.7564,123.2044,24.985,2.168,4.157,neutral_up,113.3809,1.1269,2.7078
HOOD,HOOD-189,2025-09-26T09:00:00-04:00,2025-09-29T09:00:00-04:00,16,123.1814,128.971,5.4244,122.7644,123.3181,-6.624,3.384,35.051,neutral,117.079,0.5581,2.6537
HOOD,HOOD-190,2025-10-01T13:00:00-04:00,2025-10-01T14:00:00-04:00,1,138.695,138.805,6.2002,140.0765,139.5761,-11.246,-7.206,-34.346,neutral,121.4274,2.1753,4.3484
HOOD,HOOD-191,2025-10-01T15:00:00-04:00,2025-10-01T16:00:00-04:00,1,139.12,139.26,6.2002,139.6818,139.4709,-10.306,2.837,-6.266,neutral,121.4274,2.1753,4.3484
HOOD,HOOD-192,2025-10-02T08:00:00-04:00,2025-10-02T13:00:00-04:00,5,141.4009,144.14,6.1431,140.7537,140.184,34.203,-0.32,5.936,neutral_up,123.0359,1.6084,5.5295
HOOD,HOOD-193,2025-10-06T13:00:00-04:00,2025-10-06T15:00:00-04:00,2,147.645,144.21,6.1553,148.7746,148.4542,-7.006,-7.872,-8.297,neutral,127.241,2.1429,5.8135
HOOD,HOOD-194,2025-10-07T12:00:00-04:00,2025-10-08T13:00:00-04:00,17,144.3375,149.46,6.4114,145.0157,145.908,-31.219,4.801,-11.526,neutral_down,128.7836,1.5426,5.7477
HOOD,HOOD-195,2025-10-09T13:00:00-04:00,2025-10-10T05:00:00-04:00,8,150.78,151.71,6.4026,149.7048,149.1117,18.932,14.318,7.421,neutral,132.1302,1.876,4.8892
HOOD,HOOD-196,2025-10-10T09:00:00-04:00,2025-10-10T12:00:00-04:00,3,152.04,142.1075,6.3581,151.7865,151.0418,24.027,-0.759,-0.076,neutral_up,133.9756,1.8454,5.192
HOOD,HOOD-197,2025-10-13T15:00:00-04:00,2025-10-13T17:00:00-04:00,2,140.7,140.95,6.9482,140.6658,142.256,-23.482,5.292,15.559,neutral,134.4269,0.4513,4.1727
HOOD,HOOD-198,2025-10-14T11:00:00-04:00,2025-10-14T17:00:00-04:00,6,140.12,135.7,7.1691,137.7388,139.1677,-13.189,24.093,32.117,neutral,134.9972,0.5703,2.867
HOOD,HOOD-199,2025-10-15T04:00:00-04:00,2025-10-15T05:00:00-04:00,1,138.99,138.75,7.2398,137.0157,137.9089,-7.611,22.803,25.241,neutral,134.9938,-0.0034,1.0182
HOOD,HOOD-200,2025-10-15T07:00:00-04:00,2025-10-16T06:00:00-04:00,15,138.72,136.59,7.2398,137.8496,138.112,7.977,1.928,15.587,neutral,134.9938,-0.0034,1.0182
HOOD,HOOD-201,2025-10-16T08:00:00-04:00,2025-10-16T17:00:00-04:00,9,135.9,130.89,7.1595,135.8379,136.2911,-7.586,-0.182,6.333,neutral,134.9189,-0.0749,0.492
HOOD,HOOD-202,2025-10-17T16:00:00-04:00,2025-10-20T05:00:00-04:00,5,130.25,134.59,7.1417,129.5304,130.2536,-3.097,3.043,14.171,neutral,134.6022,-0.3167,-0.395
HOOD,HOOD-203,2025-10-21T08:00:00-04:00,2025-10-21T12:00:00-04:00,4,136.2,133.43,7.2776,136.2866,135.5798,14.19,-0.735,-0.513,neutral,134.3267,0.1483,-0.5922
HOOD,HOOD-204,2025-10-28T08:00:00-04:00,2025-10-30T13:00:00-04:00,37,146.4,141.0648,7.6234,145.8828,144.8283,32.81,5.081,8.54,neutral_up,135.1869,1.0653,1.7117
HOOD,HOOD-205,2025-11-03T12:00:00-05:00,2025-11-04T05:00:00-05:00,9,146.815,141.66,7.5029,146.3487,146.026,0.086,13.402,-21.472,neutral,137.9525,0.8798,1.758
HOOD,HOOD-206,2025-11-05T09:00:00-05:00,2025-11-05T12:00:00-05:00,3,139.44,140.4636,7.6764,138.3732,139.432,-2.294,2.391,44.024,neutral,138.6045,-0.1805,1.5318
HOOD,HOOD-207,2025-11-05T16:00:00-05:00,2025-11-06T06:00:00-05:00,6,140.94,141.59,7.6764,140.989,140.4666,17.731,-12.531,-1.053,neutral,138.6045,-0.1805,1.5318
HOOD,HOOD-208,2025-11-06T07:00:00-05:00,2025-11-06T10:00:00-05:00,3,141.92,129.845,7.7895,140.9529,140.606,12.739,4.694,14.456,neutral,138.9823,0.3778,1.0298
HOOD,HOOD-209,2025-11-07T13:00:00-05:00,2025-11-07T17:00:00-05:00,4,127.91,131.36,8.4195,125.7498,128.3057,-24.976,20.806,42.855,neutral_down,137.8985,-1.0838,-0.8865
HOOD,HOOD-210,2025-11-11T04:00:00-05:00,2025-11-11T16:00:00-05:00,12,134.01,131.86,8.6381,135.192,134.2347,11.957,-15.925,-17.413,neutral,137.0919,-0.1222,-1.8904
HOOD,HOOD-211,2025-11-12T05:00:00-05:00,2025-11-13T09:00:00-05:00,20,133.4,126.465,8.3761,132.7602,132.9942,4.721,4.677,26.328,neutral,136.6208,-0.4711,-1.2777
HOOD,HOOD-212,2025-11-18T12:00:00-05:00,2025-11-19T17:00:00-05:00,21,116.45,121.6,8.9198,114.9194,116.1218,-8.757,13.127,39.393,neutral,132.1881,-1.6228,-4.0972
HOOD,HOOD-213,2025-11-21T14:00:00-05:00,2025-11-24T12:00:00-05:00,14,108.58,113.81,9.0435,107.1128,108.4197,-4.466,6.065,19.133,neutral,127.3196,-2.115,-4.8685
HOOD,HOOD-214,2025-11-25T10:00:00-05:00,2025-11-26T05:00:00-05:00,11,112.59,117.48,8.9225,113.3478,112.8001,0.745,-4.075,-18.288,neutral,124.5433,-0.9563,-4.8912
HOOD,HOOD-215,2025-11-28T16:00:00-05:00,2025-12-01T05:00:00-05:00,2,128.6,124.5,9.1481,128.5468,126.9662,41.544,-0.643,-6.905,neutral_up,124.1374,0.4063,-1.3622
HOOD,HOOD-216,2025-12-02T08:00:00-05:00,2025-12-02T11:00:00-05:00,3,125.2999,126.605,8.7614,124.3058,124.2948,16.176,8.023,14.738,neutral,124.4156,-0.1176,0.6844
HOOD,HOOD-217,2025-12-03T09:00:00-05:00,2025-12-03T12:00:00-05:00,3,128.44,132.75,8.5599,127.5544,126.7712,34.909,2.319,2.747,neutral_up,124.555,0.1395,0.4176
HOOD,HOOD-218,2025-12-09T09:00:00-05:00,2025-12-09T10:00:00-05:00,1,137.11,138.76,8.1266,135.5548,135.2543,13.054,30.276,8.873,neutral,127.8103,0.862,2.4284
HOOD,HOOD-219,2025-12-09T15:00:00-05:00,2025-12-09T16:00:00-05:00,1,135.69,135.9,8.1266,137.0924,136.3776,14.905,-30.006,-37.425,neutral,127.8103,0.862,2.4284
HOOD,HOOD-220,2025-12-10T13:00:00-05:00,2025-12-11T09:00:00-05:00,12,135.398,125.695,7.9876,135.356,135.6367,-11.327,5.415,9.881,neutral,128.5266,0.7163,2.0795
HOOD,HOOD-221,2025-12-12T13:00:00-05:00,2025-12-12T14:00:00-05:00,1,121.125,120.38,8.0931,122.2033,124.531,-73.785,12.273,5.277,accumulation,128.6509,-0.5251,0.8406
HOOD,HOOD-222,2025-12-15T13:00:00-05:00,2025-12-15T15:00:00-05:00,2,117.25,115.26,8.0732,118.3476,119.9824,-53.581,1.004,10.14,neutral_down,127.8208,-0.8301,-0.7058
HOOD,HOOD-223,2025-12-17T11:00:00-05:00,2025-12-17T17:00:00-05:00,6,120.8203,116.89,7.7847,120.623,119.8458,18.695,-2.075,-28.543,neutral,126.0163,-0.6626,-2.6346
HOOD,HOOD-224,2025-12-18T12:00:00-05:00,2025-12-18T15:00:00-05:00,3,119.24,117.19,7.8794,119.6919,119.3027,8.87,-9.909,-30.291,neutral,125.0876,-0.9288,-2.7333
HOOD,HOOD-225,2025-12-19T08:00:00-05:00,2025-12-19T12:00:00-05:00,4,119.92,121.33,7.9202,119.4573,119.1631,18.846,-0.989,-1.626,neutral,124.3696,-0.718,-2.3093
HOOD,HOOD-226,2025-12-22T13:00:00-05:00,2025-12-23T06:00:00-05:00,9,122.12,121.84,7.7666,122.608,122.1206,4.547,-4.563,-23.349,neutral,124.0924,-0.2772,-1.924
HOOD,HOOD-227,2025-12-24T10:00:00-05:00,2025-12-26T16:00:00-05:00,17,119.995,118.0,7.3289,119.8639,120.2161,-20.076,12.117,-4.469,neutral,123.6007,-0.3351,-0.7689
HOOD,HOOD-228,2025-12-29T17:00:00-05:00,2025-12-30T18:00:00-05:00,17,117.0004,115.41,6.6945,117.1253,117.6163,-20.073,-2.163,5.527,neutral,122.8413,-0.4721,-1.0945
HOOD,HOOD-229,2026-01-02T11:00:00-05:00,2026-01-02T14:00:00-05:00,3,113.295,115.1,5.9697,113.7863,114.2476,-29.74,6.316,-44.392,neutral_down,120.9324,-0.7842,-1.9088
HOOD,HOOD-230,2026-01-08T16:00:00-05:00,2026-01-09T04:00:00-05:00,4,115.25,115.56,6.0511,115.8301,116.7248,-40.408,-2.437,-11.047,neutral_down,120.4239,-0.3424,0.0108
HOOD,HOOD-231,2026-01-09T05:00:00-05:00,2026-01-12T06:00:00-05:00,17,115.65,113.25,5.8653,115.6145,116.2571,-26.846,4.342,10.401,neutral_down,119.9626,-0.4613,-0.7093
HOOD,HOOD-232,2026-01-12T08:00:00-05:00,2026-01-12T10:00:00-05:00,2,113.99,118.5488,5.6855,114.348,115.0092,-39.842,5.978,18.143,neutral_down,119.5378,-0.4248,-1.2284
HOOD,HOOD-233,2026-01-13T11:00:00-05:00,2026-01-13T17:00:00-05:00,6,118.55,121.3,5.6483,117.8053,117.2564,32.527,1.439,5.089,neutral_up,119.3562,-0.1816,-1.0677
HOOD,HOOD-234,2026-01-14T10:00:00-05:00,2026-01-15T05:00:00-05:00,11,118.27,119.62,5.5613,119.1218,118.9361,-13.025,-2.049,-37.232,neutral,119.4366,0.0803,-0.5261
HOOD,HOOD-235,2026-01-15T06:00:00-05:00,2026-01-15T12:00:00-05:00,6,119.11,115.5,5.4691,119.0015,118.8777,11.033,-4.234,16.141,neutral,119.456,0.0194,-0.0819
HOOD,HOOD-236,2026-01-21T08:00:00-05:00,2026-01-23T17:00:00-05:00,41,105.338,106.36,5.577,105.4931,106.2382,-27.967,5.259,-9.284,neutral_down,116.6435,-1.0884,-2.8124
HOOD,HOOD-237,2026-01-26T18:00:00-05:00,2026-01-27T04:00:00-05:00,2,107.1,107.71,5.2501,107.1506,107.0604,0.995,0.433,-5.132,neutral,114.1078,-0.7108,-2.5357
HOOD,HOOD-238,2026-01-27T09:00:00-05:00,2026-01-27T15:00:00-05:00,6,107.52,105.29,5.1366,107.3986,107.2701,5.417,3.838,-14.971,neutral,113.4626,-0.6453,-2.2079
HOOD,HOOD-239,2026-01-28T10:00:00-05:00,2026-01-29T04:00:00-05:00,10,104.18,103.73,5.0832,105.5522,105.8823,-24.813,-29.116,-10.248,neutral_down,112.7196,-0.743,-2.099
HOOD,HOOD-240,2026-01-30T09:00:00-05:00,2026-01-30T16:00:00-05:00,7,102.99,99.5,4.9948,102.2391,102.5158,-4.315,14.794,8.315,neutral,110.9067,-0.9657,-2.5559
HOOD,HOOD-241,2026-02-10T05:00:00-05:00,2026-02-10T06:00:00-05:00,1,86.55,86.21,6.3261,86.6336,85.547,23.607,-1.367,-6.914,neutral_up,98.1767,-1.1597,-5.6437
HOOD,HOOD-242,2026-02-10T07:00:00-05:00,2026-02-10T17:00:00-05:00,10,85.71,79.8,6.3261,86.3811,85.6166,10.538,-8.3,-14.436,neutral,98.1767,-1.1597,-5.6437
HOOD,HOOD-243,2026-02-17T11:00:00-05:00,2026-02-19T07:00:00-05:00,28,75.44,75.1,6.5817,74.8911,74.8639,2.006,12.78,4.037,neutral,91.5514,-1.5581,-5.4956
HOOD,HOOD-244,2026-02-19T08:00:00-05:00,2026-02-20T06:00:00-05:00,14,74.4687,76.4,6.2308,75.1157,75.3463,-23.84,-10.761,-10.839,neutral_down,88.7324,-1.3552,-4.3772
HOOD,HOOD-245,2026-02-20T08:00:00-05:00,2026-02-23T07:00:00-05:00,15,75.8281,74.57,5.9721,76.1061,75.7713,18.147,-16.118,-32.227,neutral,87.5422,-1.1902,-4.0092
HOOD,HOOD-246,2026-02-24T12:00:00-05:00,2026-02-24T16:00:00-05:00,4,73.055,73.0,5.683,71.9106,72.3418,4.35,22.332,65.746,neutral,85.1696,-1.337,-3.5628
HOOD,HOOD-247,2026-02-26T10:00:00-05:00,2026-02-26T19:00:00-05:00,9,78.4,78.53,5.548,77.4204,76.6345,49.336,7.948,15.413,neutral_up,83.4999,-0.597,-3.0066
HOOD,HOOD-248,2026-02-27T06:00:00-05:00,2026-02-27T12:00:00-05:00,6,77.9,75.37,5.3745,78.4146,77.9032,14.318,-14.435,-21.054,neutral,83.1313,-0.3686,-2.0383
HOOD,HOOD-249,2026-03-02T10:00:00-05:00,2026-03-02T11:00:00-05:00,1,78.75,78.9,5.3209,75.3482,75.5919,22.513,49.891,92.374,neutral,82.4693,-0.6619,-1.6276
HOOD,HOOD-250,2026-03-05T11:00:00-05:00,2026-03-05T12:00:00-05:00,1,79.55,78.715,5.6512,82.0677,81.6898,-23.231,-18.638,-68.226,neutral,81.6399,0.058,-0.8295
HOOD,HOOD-251,2026-03-06T14:00:00-05:00,2026-03-06T15:00:00-05:00,1,78.1,77.07,5.6904,78.4521,79.2688,-31.777,1.791,2.17,neutral_down,81.5399,-0.1,-0.5932
HOOD,HOOD-252,2026-03-09T09:00:00-04:00,2026-03-09T17:00:00-04:00,8,76.78,79.58,5.5811,76.5018,77.3832,-30.795,15.319,19.641,neutral_down,81.1335,-0.4064,-0.4483
HOOD,HOOD-253,2026-03-10T14:00:00-04:00,2026-03-10T16:00:00-04:00,2,78.625,78.63,5.4753,79.4644,79.1692,0.592,-14.693,-13.291,neutral,80.9732,-0.1603,-0.6667
HOOD,HOOD-254,2026-03-10T18:00:00-04:00,2026-03-11T05:00:00-04:00,3,78.45,77.9,5.4753,78.9037,78.9637,-14.145,-1.688,-6.635,neutral,80.9732,-0.1603,-0.6667
HOOD,HOOD-255,2026-03-11T09:00:00-04:00,2026-03-12T14:00:00-04:00,21,78.32,75.64,5.3049,78.3175,78.5828,-16.64,7.929,0.659,neutral,80.7502,-0.223,-0.7897
HOOD,HOOD-256,2026-03-13T09:00:00-04:00,2026-03-13T13:00:00-04:00,4,75.33,73.32,5.0333,76.2185,76.5174,-16.832,-22.162,-14.532,neutral,80.1577,-0.4043,-0.8155
HOOD,HOOD-257,2026-03-16T13:00:00-04:00,2026-03-16T15:00:00-04:00,2,74.9701,75.29,5.0191,74.7301,74.7739,3.407,3.775,0.655,neutral,79.5411,-0.6166,-1.2091
HOOD,HOOD-258,2026-03-17T06:00:00-04:00,2026-03-17T13:00:00-04:00,7,75.25,77.4799,4.8342,75.2702,75.1144,10.007,-3.04,-12.011,neutral,79.1546,-0.3865,-1.4073
HOOD,HOOD-259,2026-03-18T10:00:00-04:00,2026-03-18T12:00:00-04:00,2,75.609,75.02,4.661,76.8102,76.71,-17.645,-18.965,-53.823,neutral,78.9901,-0.1645,-1.1676
HOOD,HOOD-260,2026-03-18T13:00:00-04:00,2026-03-18T14:00:00-04:00,1,76.0986,75.44,4.661,76.2189,76.4269,-24.657,13.648,-7.012,neutral_down,78.9901,-0.1645,-1.1676
HOOD,HOOD-261,2026-03-19T14:00:00-04:00,2026-03-20T12:00:00-04:00,14,73.62,71.32,4.5077,73.6403,74.3248,-33.341,8.83,6.173,neutral_down,78.6165,-0.3736,-0.9246
HOOD,HOOD-262,2026-03-23T09:00:00-04:00,2026-03-23T15:00:00-04:00,6,72.22,72.45,4.422,70.9691,71.5197,-2.768,18.6,84.508,neutral,77.5502,-0.663,-1.44
HOOD,HOOD-263,2026-03-24T11:00:00-04:00,2026-03-24T12:00:00-04:00,1,69.945,69.99,4.2975,71.1859,71.6926,-49.95,-1.583,-47.542,neutral_down,77.0865,-0.4637,-1.53
HOOD,HOOD-264,2026-03-26T08:00:00-04:00,2026-03-26T12:00:00-04:00,4,71.49,70.13,4.3568,71.8352,71.9476,-21.5,3.747,-10.514,neutral,76.0088,-0.3489,-1.5413
HOOD,HOOD-265,2026-03-30T10:00:00-04:00,2026-03-30T14:00:00-04:00,4,66.93,64.2,4.3116,66.8826,67.363,-20.242,5.305,-8.384,neutral,74.6335,-0.8614,-1.7242
HOOD,HOOD-266,2026-03-30T15:00:00-04:00,2026-03-30T16:00:00-04:00,1,65.15,65.03,4.3116,65.6608,66.5251,-56.034,12.621,-19.094,neutral_down,74.6335,-0.8614,-1.7242
HOOD,HOOD-267,2026-03-31T10:00:00-04:00,2026-03-31T14:00:00-04:00,4,65.68,68.94,4.3162,65.7866,65.9542,1.882,-10.502,14.211,neutral,73.7714,-0.8621,-2.2375
HOOD,HOOD-268,2026-04-01T16:00:00-04:00,2026-04-02T05:00:00-04:00,5,70.1,67.74,4.3123,70.1828,69.5916,17.219,-0.765,-16.642,neutral,73.3603,-0.411,-2.1345
HOOD,HOOD-269,2026-04-06T13:00:00-04:00,2026-04-07T09:00:00-04:00,12,69.65,67.19,4.2054,69.7465,69.4949,12.666,-6.713,4.064,neutral,72.6899,-0.375,-1.0815
HOOD,HOOD-270,2026-04-07T15:00:00-04:00,2026-04-07T16:00:00-04:00,1,69.63,69.75,4.0557,68.648,68.8818,1.285,26.181,35.201,neutral,72.4253,-0.2645,-0.935
HOOD,HOOD-271,2026-04-09T13:00:00-04:00,2026-04-10T05:00:00-04:00,8,71.61,69.92,4.2952,71.3069,71.5781,-8.557,9.552,42.339,neutral,72.1411,-0.0301,-0.5488
HOOD,HOOD-272,2026-04-10T08:00:00-04:00,2026-04-10T15:00:00-04:00,7,70.5108,69.215,4.2512,70.2604,70.6502,-15.068,9.555,20.133,neutral,71.9583,-0.1828,-0.4671
HOOD,HOOD-273,2026-04-10T16:00:00-04:00,2026-04-13T05:00:00-04:00,5,69.15,67.7,4.2512,69.3111,69.8416,-28.795,2.026,10.778,neutral_down,71.9583,-0.1828,-0.4671
HOOD,HOOD-274,2026-04-20T11:00:00-04:00,2026-04-21T05:00:00-04:00,10,90.22,92.43,4.8458,89.8224,89.5872,7.295,5.933,8.36,neutral,76.373,1.4422,3.9959
HOOD,HOOD-275,2026-04-22T13:00:00-04:00,2026-04-23T05:00:00-04:00,8,87.91,86.8,4.8305,88.523,88.8724,-26.805,-1.367,-28.084,neutral_down,78.5194,0.7921,3.5885
HOOD,HOOD-276,2026-04-24T13:00:00-04:00,2026-04-28T07:00:00-04:00,26,84.785,81.75,4.8891,84.4914,84.9162,-11.628,7.331,21.122,neutral,79.7983,0.3762,2.071
HOOD,HOOD-277,2026-04-28T09:00:00-04:00,2026-04-28T10:00:00-04:00,1,82.24,81.71,4.5488,82.8776,83.4932,-50.797,4.817,-9.264,neutral_down,80.5799,0.336,1.1578
HOOD,HOOD-278,2026-04-28T15:00:00-04:00,2026-04-28T16:00:00-04:00,1,82.03,76.92,4.5488,82.3586,82.9027,-27.473,-4.713,16.131,neutral_down,80.5799,0.336,1.1578
HOOD,HOOD-279,2026-04-30T09:00:00-04:00,2026-04-30T16:00:00-04:00,7,72.9099,72.91,4.9934,71.6864,72.6375,-16.563,24.9,38.996,neutral,79.848,-0.8638,-0.396
HOOD,HOOD-280,2026-05-01T12:00:00-04:00,2026-05-01T16:00:00-04:00,4,74.94,73.59,4.8592,74.1809,73.6449,48.892,2.627,12.745,neutral_up,79.2154,-0.6325,-1.3645
HOOD,HOOD-281,2026-05-01T17:00:00-04:00,2026-05-01T19:00:00-04:00,2,73.5,73.37,4.8592,73.9476,73.747,-3.922,-6.914,-35.11,neutral,79.2154,-0.6325,-1.3645
HOOD,HOOD-282,2026-05-04T04:00:00-04:00,2026-05-04T05:00:00-04:00,1,76.0,76.2,4.6829,74.2207,73.9093,36.299,47.003,40.221,neutral_up,78.7131,-0.5023,-1.9986
HOOD,HOOD-283,2026-05-04T06:00:00-04:00,2026-05-04T10:00:00-04:00,4,74.6,77.28,4.6829,74.6132,74.1614,38.157,-22.446,48.86,neutral_up,78.7131,-0.5023,-1.9986
HOOD,HOOD-284,2026-05-05T11:00:00-04:00,2026-05-07T13:00:00-04:00,34,77.65,76.39,4.6769,77.7076,77.0303,27.374,-6.824,-34.54,neutral_up,78.5192,-0.1939,-1.3288
HOOD,HOOD-285,2026-05-08T13:00:00-04:00,2026-05-11T04:00:00-04:00,7,76.0176,76.61,4.372,75.7241,76.1858,-22.2,15.843,13.775,neutral,78.25,-0.196,-0.2692
HOOD,HOOD-286,2026-05-11T08:00:00-04:00,2026-05-11T11:00:00-04:00,3,76.1669,79.05,4.2608,76.5259,76.5059,-7.16,-9.131,-20.832,neutral,78.1416,-0.1084,-0.244
HOOD,HOOD-287,2026-05-13T08:00:00-04:00,2026-05-13T09:00:00-04:00,1,77.2,75.74,4.4,78.1738,78.263,-14.771,-25.7,-28.931,neutral,78.3687,-0.0109,0.1187
HOOD,HOOD-288,2026-05-13T10:00:00-04:00,2026-05-13T15:00:00-04:00,5,76.93,76.75,4.4,77.5356,77.9333,-39.623,7.056,-50.552,neutral_down,78.3687,-0.0109,0.1187
HOOD,HOOD-289,2026-05-14T10:00:00-04:00,2026-05-14T12:00:00-04:00,2,77.58,81.1383,4.2943,76.6072,76.899,-11.679,37.086,13.203,neutral,78.2216,-0.1472,0.08
HOOD,HOOD-290,2026-05-18T08:00:00-04:00,2026-05-19T08:00:00-04:00,16,77.143,76.5,4.4637,76.6503,77.1733,-23.6,22.436,25.126,neutral,78.3287,-0.1209,-0.04
HOOD,HOOD-291,2026-05-19T09:00:00-04:00,2026-05-19T10:00:00-04:00,1,74.91,73.55,4.4627,76.3996,76.7471,-37.019,-24.766,-34.813,neutral_down,78.2225,-0.1062,0.0009
HOOD,HOOD-292,2026-05-20T11:00:00-04:00,2026-05-22T12:00:00-04:00,33,75.555,74.625,4.4282,75.0254,75.1687,4.826,10.68,11.55,neutral,77.8568,-0.3657,-0.5928
HOOD,HOOD-293,2026-05-26T13:00:00-04:00,2026-05-27T15:00:00-04:00,18,73.88,76.22,4.1205,74.2472,74.463,-20.804,-5.652,-21.669,neutral,77.1541,-0.3524,-0.7028
HOOD,HOOD-294,2026-06-02T12:00:00-04:00,2026-06-02T14:00:00-04:00,2,88.6822,87.58,5.1676,88.4158,89.0805,-24.893,16.218,8.337,neutral_down,80.1287,1.0561,3.3144
HOOD,HOOD-295,2026-06-02T18:00:00-04:00,2026-06-03T10:00:00-04:00,8,87.5,84.2701,5.1676,88.027,88.5671,-21.69,-6.422,-0.979,neutral,80.1287,1.0561,3.3144
HOOD,HOOD-296,2026-06-09T08:00:00-04:00,2026-06-09T12:00:00-04:00,4,85.37,80.09,5.3079,85.3328,84.8942,24.716,-7.065,-3.985,neutral_up,82.0634,0.2977,1.0315
HOOD,HOOD-297,2026-06-09T14:00:00-04:00,2026-06-09T15:00:00-04:00,1,83.96,83.77,5.3079,83.5819,84.1267,-25.606,22.259,5.297,neutral_down,82.0634,0.2977,1.0315
HOOD,HOOD-298,2026-06-11T12:00:00-04:00,2026-06-11T15:00:00-04:00,3,88.475,92.23,5.7329,87.9617,87.1911,22.217,-0.802,3.19,neutral,82.5923,0.3738,0.8266
HOOD,HOOD-299,2026-06-12T14:00:00-04:00,2026-06-15T06:00:00-04:00,8,93.2899,96.8,5.8891,92.7806,91.7127,25.67,1.837,-10.324,neutral_up,83.4685,0.8762,1.4051
HOOD,HOOD-300,2026-06-16T08:00:00-04:00,2026-06-16T17:00:00-04:00,9,99.75,96.58,6.0186,98.9088,97.8117,45.457,0.698,19.408,neutral_up,85.6041,1.2546,3.0118
HOOD,HOOD-301,2026-06-18T13:00:00-04:00,2026-06-22T19:00:00-04:00,22,106.5671,104.76,6.7435,106.6669,105.3547,22.989,-5.267,-17.662,neutral,88.2998,1.6865,3.9503
HOOD,HOOD-302,2026-06-23T18:00:00-04:00,2026-06-23T19:00:00-04:00,1,102.8,103.5493,6.7034,103.2737,103.7694,-11.941,-3.845,0.125,neutral,91.5239,1.4186,4.9106
HOOD,HOOD-303,2026-06-24T09:00:00-04:00,2026-06-24T12:00:00-04:00,3,98.77,98.595,6.5788,102.4552,103.181,-39.026,-33.46,-28.711,neutral_down,92.5835,1.0596,4.2837
HOOD,HOOD-304,2026-06-30T08:00:00-04:00,2026-07-01T10:00:00-04:00,18,100.2,105.38,6.5055,101.5007,100.8146,9.231,-27.697,-30.254,neutral,94.3137,0.7516,1.3096
HOOD,HOOD-305,2026-07-06T09:00:00-04:00,2026-07-06T10:00:00-04:00,1,114.365,115.22,6.8465,113.4884,112.2855,34.375,4.594,-11.859,neutral_up,97.6202,1.511,3.3065
INTC,INTC-001,2024-07-15T13:00:00-04:00,2024-07-16T14:00:00-04:00,17,34.455,34.19,1.0081,34.6686,34.5661,4.898,-16.189,-12.646,neutral,32.2345,0.2265,0.676
INTC,INTC-002,2024-07-16T15:00:00-04:00,2024-07-17T08:00:00-04:00,9,34.345,35.94,1.0015,34.2643,34.373,-20.048,16.422,26.772,neutral,32.4387,0.2041,0.5809
INTC,INTC-003,2024-07-18T09:00:00-04:00,2024-07-18T10:00:00-04:00,1,35.6803,36.11,1.1074,35.093,34.9354,29.755,17.33,17.905,neutral_up,32.78,0.168,0.5454
INTC,INTC-004,2024-07-18T11:00:00-04:00,2024-07-18T12:00:00-04:00,1,35.745,35.8599,1.1074,35.3861,35.106,43.401,-4.454,30.975,neutral_up,32.78,0.168,0.5454
INTC,INTC-005,2024-07-18T13:00:00-04:00,2024-07-19T09:00:00-04:00,12,35.21,33.445,1.1074,35.4267,35.1778,22.456,-20.496,-25.398,neutral,32.78,0.168,0.5454
INTC,INTC-006,2024-07-22T12:00:00-04:00,2024-07-24T09:00:00-04:00,29,32.99,32.165,1.2233,33.0911,33.3706,-30.736,-0.505,3.833,neutral_down,32.9761,0.0034,0.3641
INTC,INTC-007,2024-07-25T13:00:00-04:00,2024-07-25T19:00:00-04:00,6,31.775,31.23,1.1489,31.6494,31.8376,-15.013,8.339,42.537,neutral,32.8874,-0.1207,-0.0887
INTC,INTC-008,2024-07-26T04:00:00-04:00,2024-07-29T16:00:00-04:00,28,31.67,30.8,1.1407,31.38,31.5681,-17.671,29.426,36.041,neutral,32.7258,-0.1616,-0.2861
INTC,INTC-009,2024-07-30T18:00:00-04:00,2024-07-30T19:00:00-04:00,1,30.59,30.48,1.068,30.4378,30.6254,-23.988,20.004,56.826,neutral_down,32.4427,-0.1603,-0.4446
INTC,INTC-010,2024-07-31T04:00:00-04:00,2024-07-31T05:00:00-04:00,1,30.7,30.71,1.0563,30.497,30.6201,-5.234,14.42,38.758,neutral,32.2311,-0.2116,-0.4947
INTC,INTC-011,2024-07-31T09:00:00-04:00,2024-08-01T12:00:00-04:00,19,30.5403,29.36,1.0563,30.6424,30.6598,0.656,-15.405,-10.829,neutral,32.2311,-0.2116,-0.4947
INTC,INTC-012,2024-08-05T08:00:00-04:00,2024-08-05T09:00:00-04:00,1,20.11,19.685,1.6353,20.782,22.0125,-76.852,3.086,1.893,accumulation,30.8834,-0.9403,-1.3477
INTC,INTC-013,2024-08-05T10:00:00-04:00,2024-08-05T15:00:00-04:00,5,19.955,20.105,1.6353,20.4411,21.6331,-71.276,7.379,8.663,accumulation,30.8834,-0.9403,-1.3477
INTC,INTC-014,2024-08-06T06:00:00-04:00,2024-08-07T15:00:00-04:00,25,20.49,18.99,1.6747,20.3503,20.7206,-20.456,5.492,8.683,neutral,29.9035,-0.9799,-2.1916
INTC,INTC-015,2024-08-12T09:00:00-04:00,2024-08-13T05:00:00-04:00,12,19.5697,19.47,1.5603,19.7743,19.8309,-16.788,-15.585,-8.78,neutral,26.6877,-0.6988,-2.2959
INTC,INTC-016,2024-08-13T08:00:00-04:00,2024-08-13T11:00:00-04:00,3,19.53,20.155,1.5182,19.4393,19.5178,-9.824,11.847,6.919,neutral,26.0234,-0.6643,-2.0518
INTC,INTC-017,2024-08-14T13:00:00-04:00,2024-08-14T14:00:00-04:00,1,20.066,20.035,1.4883,20.1906,20.161,-12.554,-1.92,-6.227,neutral,25.5185,-0.5049,-1.868
INTC,INTC-018,2024-08-16T12:00:00-04:00,2024-08-19T12:00:00-04:00,16,20.835,21.3399,1.4121,20.6922,20.5953,27.406,13.603,13.34,neutral_up,24.616,-0.3936,-1.4074
INTC,INTC-019,2024-08-21T12:00:00-04:00,2024-08-21T15:00:00-04:00,3,21.26,21.41,1.2781,21.1357,21.1192,24.207,4.936,22.555,neutral_up,23.7491,-0.2754,-0.8669
INTC,INTC-020,2024-08-23T14:00:00-04:00,2024-08-23T18:00:00-04:00,4,20.465,20.705,1.2294,20.4805,20.5497,-9.83,-4.521,-12.548,neutral,23.2259,-0.3106,-0.7986
INTC,INTC-021,2024-08-26T07:00:00-04:00,2024-08-26T11:00:00-04:00,4,20.6,20.0501,1.1995,20.6384,20.6133,7.236,-9.956,-14.838,neutral,22.9812,-0.2446,-0.7679
INTC,INTC-022,2024-08-27T11:00:00-04:00,2024-08-28T11:00:00-04:00,16,20.085,19.6304,1.1574,20.1149,20.2074,-29.306,3.893,5.38,neutral_down,22.7229,-0.2583,-0.8135
INTC,INTC-023,2024-09-04T14:00:00-04:00,2024-09-04T15:00:00-04:00,1,19.385,19.42,1.1955,19.7447,20.0945,-62.614,-9.416,-4.011,accumulation,21.8601,-0.174,-0.3606
INTC,INTC-024,2024-09-05T09:00:00-04:00,2024-09-06T11:00:00-04:00,18,19.655,18.675,1.1701,19.4404,19.6536,-26.959,27.127,33.023,neutral_down,21.6383,-0.2218,-0.3933
INTC,INTC-025,2024-09-09T13:00:00-04:00,2024-09-10T11:00:00-04:00,14,19.115,18.535,1.1134,19.1362,19.1237,9.602,-11.025,-6.64,neutral,21.206,-0.2306,-0.6541
INTC,INTC-026,2024-09-11T09:00:00-04:00,2024-09-11T14:00:00-04:00,5,18.805,19.35,1.0453,18.9053,18.9283,-11.248,-16.432,-4.056,neutral,20.8283,-0.1853,-0.6083
INTC,INTC-027,2024-09-12T16:00:00-04:00,2024-09-13T13:00:00-04:00,13,19.36,19.6676,1.0542,19.3989,19.3541,3.842,-2.82,-16.271,neutral,20.7194,-0.1089,-0.4866
INTC,INTC-028,2024-09-13T14:00:00-04:00,2024-09-13T18:00:00-04:00,4,19.5872,19.7615,1.0211,19.5893,19.506,26.405,-9.387,-22.459,neutral_up,20.5953,-0.124,-0.4183
INTC,INTC-029,2024-09-16T08:00:00-04:00,2024-09-16T09:00:00-04:00,1,20.14,20.4595,0.9799,19.9638,19.7885,39.218,3.039,-38.513,neutral_up,20.5094,-0.0859,-0.3189
INTC,INTC-030,2024-09-18T12:00:00-04:00,2024-09-19T19:00:00-04:00,23,21.08,21.16,1.0577,21.2362,21.3398,-28.115,1.004,-23.067,neutral_down,20.6316,0.0848,0.0362
INTC,INTC-031,2024-09-20T04:00:00-04:00,2024-09-20T10:00:00-04:00,6,21.03,20.6497,1.0457,21.1805,21.2094,-18.457,-8.655,-10.069,neutral,20.6901,0.046,0.1434
INTC,INTC-032,2024-09-20T15:00:00-04:00,2024-09-20T16:00:00-04:00,1,21.87,22.0499,1.0457,20.9358,20.9934,2.53,74.212,59.832,neutral,20.6901,0.046,0.1434
INTC,INTC-033,2024-09-23T19:00:00-04:00,2024-09-25T10:00:00-04:00,23,22.4695,23.8789,1.1703,22.4773,22.243,24.441,-2.499,-7.601,neutral_up,20.7974,0.1073,0.1658
INTC,INTC-034,2024-09-26T13:00:00-04:00,2024-09-26T15:00:00-04:00,2,23.67,23.93,1.1445,23.7707,23.675,-3.745,3.209,-18.72,neutral,21.3502,0.2215,0.5528
INTC,INTC-035,2024-09-27T10:00:00-04:00,2024-09-30T12:00:00-04:00,18,24.08,23.515,1.1463,24.011,23.8746,37.295,-14.966,21.492,neutral_up,21.5847,0.2345,0.6261
INTC,INTC-036,2024-09-30T14:00:00-04:00,2024-10-01T12:00:00-04:00,14,23.306,22.448,1.1328,23.4998,23.6231,-28.387,-8.83,-2.59,neutral_down,21.7947,0.21,0.666
INTC,INTC-037,2024-10-02T12:00:00-04:00,2024-10-03T06:00:00-04:00,10,22.7,22.3,1.1384,22.7261,22.8002,-2.788,-11.013,20.683,neutral,22.0132,0.0662,0.4285
INTC,INTC-038,2024-10-03T09:00:00-04:00,2024-10-03T13:00:00-04:00,4,22.495,22.1924,1.1083,22.3851,22.5063,-25.136,23.565,21.511,neutral_down,22.0465,0.0333,0.2518
INTC,INTC-039,2024-10-03T15:00:00-04:00,2024-10-08T13:00:00-04:00,46,22.27,23.025,1.1083,22.2473,22.3704,-22.581,8.694,13.041,neutral,22.0465,0.0333,0.2518
INTC,INTC-040,2024-10-09T16:00:00-04:00,2024-10-11T12:00:00-04:00,28,23.3799,23.6761,1.0651,23.3248,23.175,39.302,-1.83,-4.178,neutral_up,22.2467,0.1063,0.1798
INTC,INTC-041,2024-10-14T12:00:00-04:00,2024-10-15T11:00:00-04:00,15,23.415,22.805,0.9765,23.4783,23.4741,-12.167,-0.08,-30.399,neutral,22.5379,0.1032,0.2911
INTC,INTC-042,2024-10-16T14:00:00-04:00,2024-10-16T15:00:00-04:00,1,22.41,22.32,0.9644,22.3615,22.5455,-17.561,3.003,28.336,neutral,22.6253,0.0055,0.1907
INTC,INTC-043,2024-10-17T04:00:00-04:00,2024-10-17T05:00:00-04:00,1,22.58,22.55,0.9627,22.3709,22.4632,-2.924,18.764,21.025,neutral,22.5976,-0.0278,0.0597
INTC,INTC-044,2024-10-17T08:00:00-04:00,2024-10-17T13:00:00-04:00,5,22.62,22.6,0.9627,22.4871,22.4954,12.559,5.684,8.4,neutral,22.5976,-0.0278,0.0597
INTC,INTC-045,2024-10-17T14:00:00-04:00,2024-10-21T19:00:00-04:00,37,22.555,22.8,0.9627,22.5634,22.5357,8.468,-5.424,-2.986,neutral,22.5976,-0.0278,0.0597
INTC,INTC-046,2024-10-22T04:00:00-04:00,2024-10-22T06:00:00-04:00,2,22.69,22.65,0.8714,22.7232,22.676,17.727,-14.288,-15.187,neutral,22.6247,0.024,0.0271
INTC,INTC-047,2024-10-22T08:00:00-04:00,2024-10-22T11:00:00-04:00,3,22.66,22.3,0.8714,22.6852,22.6703,-1.312,-1.297,-7.321,neutral,22.6247,0.024,0.0271
INTC,INTC-048,2024-10-23T11:00:00-04:00,2024-10-23T13:00:00-04:00,2,22.235,21.705,0.8588,22.2814,22.363,-37.939,4.255,-16.255,neutral_down,22.6033,-0.0213,0.0196
INTC,INTC-049,2024-10-24T10:00:00-04:00,2024-10-25T09:00:00-04:00,15,22.086,22.945,0.8582,22.0917,22.1228,-1.946,-5.212,-2.457,neutral,22.5467,-0.0567,-0.054
INTC,INTC-050,2024-10-28T13:00:00-04:00,2024-10-28T14:00:00-04:00,1,23.14,23.03,0.8376,23.02,22.8646,51.52,-1.217,3.674,neutral_up,22.5408,0.0129,-0.0625
INTC,INTC-051,2024-10-28T15:00:00-04:00,2024-10-28T18:00:00-04:00,3,22.94,22.95,0.8376,23.0056,22.8852,24.976,-14.748,-27.762,neutral_up,22.5408,0.0129,-0.0625
INTC,INTC-052,2024-10-29T04:00:00-04:00,2024-10-30T16:00:00-04:00,28,22.99,22.27,0.8285,22.9745,22.9109,15.718,1.64,4.182,neutral,22.5771,0.0363,0.0304
INTC,INTC-053,2024-10-31T16:00:00-04:00,2024-10-31T17:00:00-04:00,1,23.45,23.26,0.8106,22.0933,22.1657,2.953,83.483,85.249,neutral,22.5793,-0.0299,0.0384
INTC,INTC-054,2024-11-01T19:00:00-04:00,2024-11-05T11:00:00-05:00,24,22.7701,23.58,0.8106,22.9136,22.8135,0.853,-4.125,-25.408,neutral,22.4839,-0.0954,-0.0932
INTC,INTC-055,2024-11-08T11:00:00-05:00,2024-11-11T12:00:00-05:00,17,26.185,25.0186,1.022,26.1347,25.8997,34.544,-5.832,6.229,neutral_up,23.1522,0.3088,0.6033
INTC,INTC-056,2024-11-13T09:00:00-05:00,2024-11-13T13:00:00-05:00,4,24.18,25.0446,1.0361,24.0779,24.2831,-30.677,16.736,35.058,neutral_down,23.6346,0.0545,0.4824
INTC,INTC-057,2024-11-14T14:00:00-05:00,2024-11-15T10:00:00-05:00,12,25.15,24.3413,1.0421,25.1403,24.9992,20.197,0.972,-33.338,neutral,23.7515,0.1169,0.3204
INTC,INTC-058,2024-11-18T08:00:00-05:00,2024-11-18T18:00:00-05:00,10,24.3802,24.8001,1.0029,24.4215,24.5233,-19.66,-2.818,11.591,neutral,23.9132,0.0437,0.2786
INTC,INTC-059,2024-11-19T04:00:00-05:00,2024-11-19T05:00:00-05:00,1,24.71,24.73,0.9927,24.741,24.6622,17.438,-10.565,-16.03,neutral,23.9993,0.0861,0.2478
INTC,INTC-060,2024-11-19T08:00:00-05:00,2024-11-19T10:00:00-05:00,2,24.46,24.205,0.9927,24.6821,24.66,-9.751,-20.25,-23.103,neutral,23.9993,0.0861,0.2478
INTC,INTC-061,2024-11-20T10:00:00-05:00,2024-11-21T05:00:00-05:00,11,24.055,23.81,0.9764,24.1368,24.2476,-37.673,3.419,-4.669,neutral_down,24.0175,0.0182,0.148
INTC,INTC-062,2024-11-21T06:00:00-05:00,2024-11-21T12:00:00-05:00,6,23.93,24.7025,0.9538,23.8893,23.9878,-20.32,10.357,1.824,neutral,24.0178,0.0002,0.1045
INTC,INTC-063,2024-11-22T12:00:00-05:00,2024-11-25T11:00:00-05:00,15,24.5001,25.31,0.9528,24.472,24.383,26.722,-7.958,5.71,neutral_up,24.0571,0.0393,0.0578
INTC,INTC-064,2024-11-25T12:00:00-05:00,2024-11-25T14:00:00-05:00,2,24.915,25.12,0.9233,24.861,24.6718,48.899,-22.173,5.451,neutral_up,24.0973,0.0403,0.0798
INTC,INTC-065,2024-11-25T15:00:00-05:00,2024-11-25T16:00:00-05:00,1,24.86,24.86,0.9233,24.9322,24.7577,27.665,-16.415,-21.234,neutral_up,24.0973,0.0403,0.0798
INTC,INTC-066,2024-11-26T05:00:00-05:00,2024-11-26T12:00:00-05:00,7,24.9,24.095,0.9335,24.8112,24.7663,-0.399,15.256,-14.609,neutral,24.1667,0.0693,0.1489
INTC,INTC-067,2024-12-06T13:00:00-05:00,2024-12-10T10:00:00-05:00,29,20.835,20.305,1.0604,20.8993,21.0833,-41.14,0.14,4.647,neutral_down,23.4926,-0.2683,-0.5959
INTC,INTC-068,2024-12-11T13:00:00-05:00,2024-12-12T10:00:00-05:00,13,20.15,20.715,0.9592,20.1144,20.245,-36.094,17.453,24.37,neutral_down,22.7756,-0.2606,-0.717
INTC,INTC-069,2024-12-12T11:00:00-05:00,2024-12-12T12:00:00-05:00,1,20.4084,20.665,0.9178,20.2713,20.221,41.965,-8.454,65.69,neutral_up,22.5319,-0.2437,-0.7259
INTC,INTC-070,2024-12-16T12:00:00-05:00,2024-12-16T15:00:00-05:00,3,20.495,20.81,0.8957,20.4117,20.4149,13.391,2.659,34.994,neutral,22.1879,-0.1848,-0.5877
INTC,INTC-071,2024-12-17T13:00:00-05:00,2024-12-17T14:00:00-05:00,1,20.395,20.335,0.9103,20.5387,20.5669,-23.878,-8.835,-15.641,neutral_down,22.0626,-0.1253,-0.4693
INTC,INTC-072,2024-12-18T06:00:00-05:00,2024-12-18T15:00:00-05:00,9,20.57,19.28,0.8822,20.476,20.4978,5.996,12.062,32.122,neutral,21.9142,-0.1484,-0.4585
INTC,INTC-073,2024-12-24T13:00:00-05:00,2024-12-26T15:00:00-05:00,13,20.4,20.45,0.8827,20.2829,20.142,53.183,4.587,18.379,neutral_up,21.1682,-0.0953,-0.5065
INTC,INTC-074,2024-12-26T19:00:00-05:00,2024-12-27T05:00:00-05:00,2,20.4002,20.38,0.851,20.4228,20.3656,10.561,-1.643,-10.108,neutral,21.0984,-0.0698,-0.3395
INTC,INTC-075,2024-12-27T09:00:00-05:00,2024-12-30T09:00:00-05:00,16,20.405,19.8133,0.832,20.3868,20.3684,3.802,5.522,2.577,neutral,21.0395,-0.0589,-0.2241
INTC,INTC-076,2024-12-31T09:00:00-05:00,2025-01-02T05:00:00-05:00,12,20.205,20.23,0.7937,19.9562,19.9778,19.516,31.298,39.047,neutral,20.8682,-0.1058,-0.2302
INTC,INTC-077,2025-01-02T08:00:00-05:00,2025-01-02T09:00:00-05:00,1,20.2399,20.402,0.7792,20.1785,20.1052,38.262,-6.178,5.213,neutral_up,20.7947,-0.0735,-0.2447
INTC,INTC-078,2025-01-02T10:00:00-05:00,2025-01-03T16:00:00-05:00,22,20.25,20.5101,0.7792,20.2286,20.1429,35.362,-13.617,-9.078,neutral_up,20.7947,-0.0735,-0.2447
INTC,INTC-079,2025-01-07T14:00:00-05:00,2025-01-10T10:00:00-05:00,28,20.1627,19.04,0.7762,20.0785,20.1287,-5.898,12.061,3.568,neutral,20.6463,-0.0796,-0.1485
INTC,INTC-080,2025-01-13T13:00:00-05:00,2025-01-13T17:00:00-05:00,4,19.05,19.25,0.7485,18.9556,19.1028,-26.295,16.016,39.798,neutral_down,20.3977,-0.1268,-0.2486
INTC,INTC-081,2025-01-14T15:00:00-05:00,2025-01-15T06:00:00-05:00,7,19.22,19.24,0.7321,19.1038,19.1335,-2.734,19.44,32.55,neutral,20.2888,-0.1089,-0.2996
INTC,INTC-082,2025-01-15T08:00:00-05:00,2025-01-15T14:00:00-05:00,6,19.5,19.615,0.7298,19.2616,19.2092,36.824,25.715,23.015,neutral_up,20.1917,-0.0972,-0.3328
INTC,INTC-083,2025-01-16T12:00:00-05:00,2025-01-17T08:00:00-05:00,12,19.8073,21.19,0.7204,19.6961,19.6014,31.004,6.65,18.915,neutral_up,20.1497,-0.042,-0.248
INTC,INTC-084,2025-01-21T16:00:00-05:00,2025-01-23T13:00:00-05:00,29,21.94,21.4801,0.798,21.9506,21.7118,21.07,0.693,-16.803,neutral,20.2288,0.1241,0.0372
INTC,INTC-085,2025-01-23T16:00:00-05:00,2025-01-23T17:00:00-05:00,1,21.53,21.5299,0.8015,21.5427,21.6378,-21.529,3.24,17.176,neutral,20.5027,0.1337,0.398
INTC,INTC-086,2025-01-23T18:00:00-05:00,2025-01-24T09:00:00-05:00,7,21.54,20.995,0.8015,21.5401,21.62,-17.239,2.283,7.53,neutral,20.5027,0.1337,0.398
INTC,INTC-087,2025-01-27T08:00:00-05:00,2025-01-27T15:00:00-05:00,7,20.98,20.31,0.7822,20.823,20.9717,-14.508,15.295,101.567,neutral,20.6197,0.02,0.2508
INTC,INTC-088,2025-01-28T06:00:00-05:00,2025-01-28T07:00:00-05:00,1,20.57,20.47,0.792,20.5115,20.5967,-3.33,0.062,17.851,neutral,20.5916,-0.0282,0.0889
INTC,INTC-089,2025-01-28T08:00:00-05:00,2025-01-28T09:00:00-05:00,1,20.44,19.905,0.792,20.4906,20.572,-12.74,-3.805,-9.348,neutral,20.5916,-0.0282,0.0889
INTC,INTC-090,2025-01-29T11:00:00-05:00,2025-01-30T18:00:00-05:00,23,19.88,20.69,0.7784,19.937,20.0266,-20.885,-4.557,5.292,neutral,20.5178,-0.0738,-0.0819
INTC,INTC-091,2025-01-31T10:00:00-05:00,2025-01-31T11:00:00-05:00,1,20.11,20.0,0.7469,20.2023,20.1457,-3.863,0.596,-21.791,neutral,20.4154,-0.0335,-0.1762
INTC,INTC-092,2025-02-03T17:00:00-05:00,2025-02-03T18:00:00-05:00,1,19.49,19.49,0.7614,19.4304,19.4796,-1.657,3.126,-3.203,neutral,20.3258,-0.0896,-0.192
INTC,INTC-093,2025-02-04T10:00:00-05:00,2025-02-05T14:00:00-05:00,20,19.3201,19.615,0.7763,19.3598,19.4137,-16.402,1.565,-4.736,neutral,20.2398,-0.086,-0.2091
INTC,INTC-094,2025-02-06T10:00:00-05:00,2025-02-06T17:00:00-05:00,7,19.375,19.2998,0.7646,19.5312,19.5084,-6.674,-19.982,-21.42,neutral,20.1076,-0.0468,-0.2182
INTC,INTC-095,2025-02-07T08:00:00-05:00,2025-02-07T16:00:00-05:00,8,19.37,19.1098,0.7443,19.3538,19.3849,-9.216,5.459,5.77,neutral,20.0433,-0.0643,-0.1965
INTC,INTC-096,2025-02-12T13:00:00-05:00,2025-02-12T14:00:00-05:00,1,22.25,22.28,0.8348,21.7973,21.3487,57.99,7.346,10.753,neutral_up,20.0354,0.0955,-0.0078
INTC,INTC-097,2025-02-14T12:00:00-05:00,2025-02-14T17:00:00-05:00,5,23.3916,23.68,0.9951,23.8778,23.8298,-21.829,-2.462,-44.291,neutral,20.6087,0.3501,0.6687
INTC,INTC-098,2025-02-20T11:00:00-05:00,2025-02-20T17:00:00-05:00,6,24.72,25.9702,1.3423,25.1465,25.4501,-42.473,-4.615,-27.749,neutral_down,21.8622,0.3853,1.2534
INTC,INTC-099,2025-02-24T14:00:00-05:00,2025-02-24T17:00:00-05:00,3,24.495,24.36,1.3697,24.5628,24.8415,-30.796,1.951,29.449,neutral_down,22.4849,0.2375,1.0081
INTC,INTC-100,2025-02-26T12:00:00-05:00,2025-02-27T19:00:00-05:00,23,23.645,23.1801,1.3711,23.4507,23.5022,12.288,4.383,23.716,neutral,22.6784,0.0322,0.431
INTC,INTC-101,2025-02-28T10:00:00-05:00,2025-02-28T11:00:00-05:00,1,24.02,23.865,1.3316,23.4399,23.4632,16.363,29.259,45.328,neutral,22.7853,0.0295,0.139
INTC,INTC-102,2025-02-28T12:00:00-05:00,2025-02-28T14:00:00-05:00,2,23.44,23.69,1.3316,23.5079,23.4943,9.417,-13.747,22.313,neutral,22.7853,0.0295,0.139
INTC,INTC-103,2025-02-28T17:00:00-05:00,2025-02-28T19:00:00-05:00,2,23.8099,23.8,1.3316,23.6571,23.5758,19.542,2.155,11.477,neutral,22.7853,0.0295,0.139
INTC,INTC-104,2025-03-03T13:00:00-05:00,2025-03-03T15:00:00-05:00,2,23.96,22.77,1.3651,24.2845,24.1025,3.429,-12.209,-31.459,neutral,22.8767,0.0913,0.1982
INTC,INTC-105,2025-03-06T10:00:00-05:00,2025-03-10T13:00:00-04:00,35,20.9224,19.82,1.4658,20.6071,20.8127,-17.053,26.633,22.411,neutral,22.5532,-0.1763,-0.3235
INTC,INTC-106,2025-03-10T15:00:00-04:00,2025-03-10T16:00:00-04:00,1,19.955,20.06,1.4167,20.0302,20.2303,-45.761,13.123,-6.934,neutral_down,22.2302,-0.16,-0.4994
INTC,INTC-107,2025-03-11T05:00:00-04:00,2025-03-12T04:00:00-04:00,15,20.28,21.4,1.3855,20.0571,20.1484,0.901,15.241,33.805,neutral,22.0233,-0.2068,-0.5299
INTC,INTC-108,2025-03-14T09:00:00-04:00,2025-03-17T10:00:00-04:00,17,23.69,25.575,1.5243,23.8763,23.5108,29.16,-14.654,-26.835,neutral_up,21.8967,0.1813,-0.1266
INTC,INTC-109,2025-03-18T12:00:00-04:00,2025-03-19T09:00:00-04:00,13,26.11,24.475,1.521,25.895,25.5899,38.006,4.494,10.427,neutral_up,22.4196,0.328,0.7042
INTC,INTC-110,2025-03-20T11:00:00-04:00,2025-03-21T14:00:00-04:00,19,23.99,24.665,1.5156,24.0368,24.3204,-36.246,4.555,26.425,neutral_down,22.8651,0.1255,0.7736
INTC,INTC-111,2025-03-21T15:00:00-04:00,2025-03-21T16:00:00-04:00,1,24.25,24.4858,1.4487,24.2277,24.1275,34.258,-20.103,6.533,neutral_up,22.9637,0.0986,0.5442
INTC,INTC-112,2025-03-24T13:00:00-04:00,2025-03-25T04:00:00-04:00,7,24.235,24.03,1.4317,24.3865,24.3526,-8.557,-6.932,-29.56,neutral,23.0807,0.1169,0.3411
INTC,INTC-113,2025-03-25T09:00:00-04:00,2025-03-26T10:00:00-04:00,17,24.38,23.385,1.3909,24.2138,24.2399,3.592,17.815,25.108,neutral,23.1816,0.1009,0.3165
INTC,INTC-114,2025-03-27T13:00:00-04:00,2025-03-27T19:00:00-04:00,6,23.475,23.54,1.3252,23.238,23.4063,-25.288,34.676,28.803,neutral_down,23.2897,0.0155,0.2091
INTC,INTC-115,2025-03-28T09:00:00-04:00,2025-03-28T10:00:00-04:00,1,23.35,22.725,1.2952,23.4533,23.4699,-13.539,-5.748,-23.876,neutral,23.3207,0.0309,0.139
INTC,INTC-116,2025-03-31T13:00:00-04:00,2025-04-01T16:00:00-04:00,19,22.3,22.0301,1.2791,22.3089,22.5375,-32.711,6.587,14.936,neutral_down,23.2661,-0.0546,-0.0081
INTC,INTC-117,2025-04-02T10:00:00-04:00,2025-04-02T19:00:00-04:00,9,21.875,21.05,1.2439,21.8899,22.0389,-32.222,8.781,8.239,neutral_down,23.1105,-0.105,-0.2102
INTC,INTC-118,2025-04-03T05:00:00-04:00,2025-04-03T06:00:00-04:00,1,21.67,21.48,1.2036,21.5432,21.738,-29.735,22.277,29.679,neutral_down,23.0072,-0.1032,-0.2588
INTC,INTC-119,2025-04-03T09:00:00-04:00,2025-04-03T17:00:00-04:00,8,21.685,22.5397,1.2036,21.4775,21.6374,-18.767,23.551,9.186,neutral,23.0072,-0.1032,-0.2588
INTC,INTC-120,2025-04-04T09:00:00-04:00,2025-04-04T10:00:00-04:00,1,20.9165,20.35,1.3348,21.6668,21.8009,-31.889,-8.519,-25.117,neutral_down,22.9552,-0.052,-0.2603
INTC,INTC-121,2025-04-07T10:00:00-04:00,2025-04-08T15:00:00-04:00,21,19.62,18.15,1.4348,19.5109,19.9984,-28.07,11.017,32.184,neutral_down,22.6738,-0.2814,-0.4366
INTC,INTC-122,2025-04-11T08:00:00-04:00,2025-04-11T10:00:00-04:00,2,19.47,18.595,1.7707,19.7905,19.8891,-19.127,-12.084,-10.773,neutral,21.769,-0.1894,-0.6218
INTC,INTC-123,2025-04-11T12:00:00-04:00,2025-04-11T17:00:00-04:00,5,19.14,19.64,1.7707,19.2734,19.5725,-39.271,10.456,3.317,neutral_down,21.769,-0.1894,-0.6218
INTC,INTC-124,2025-04-14T04:00:00-04:00,2025-04-14T05:00:00-04:00,1,20.03,20.56,1.7657,19.625,19.6117,19.724,14.777,15.437,neutral,21.583,-0.186,-0.4222
INTC,INTC-125,2025-04-14T19:00:00-04:00,2025-04-15T19:00:00-04:00,16,20.08,19.45,1.7657,20.2252,20.1347,1.601,-6.562,-11.189,neutral,21.583,-0.186,-0.4222
INTC,INTC-126,2025-04-17T04:00:00-04:00,2025-04-21T18:00:00-04:00,30,18.84,18.85,1.6185,19.1061,19.2971,-46.225,-16.747,-14.323,neutral_down,21.13,-0.1885,-0.4531
INTC,INTC-127,2025-04-24T07:00:00-04:00,2025-04-24T13:00:00-04:00,6,20.93,21.5115,1.456,20.6731,20.4463,50.998,6.349,35.801,neutral_up,20.6215,-0.0062,-0.3084
INTC,INTC-128,2025-04-24T16:00:00-04:00,2025-04-24T18:00:00-04:00,2,20.25,20.37,1.456,21.0346,20.8475,5.79,-53.555,-60.522,neutral,20.6215,-0.0062,-0.3084
INTC,INTC-129,2025-04-28T04:00:00-04:00,2025-04-28T17:00:00-04:00,13,19.94,20.4898,1.4743,19.9992,20.1351,-21.588,-2.959,-1.011,neutral,20.6409,-0.0591,0.0132
INTC,INTC-130,2025-04-29T09:00:00-04:00,2025-04-30T08:00:00-04:00,15,20.565,19.78,1.4426,20.4767,20.3987,19.076,6.015,-1.885,neutral,20.6286,-0.0124,0.007
INTC,INTC-131,2025-05-01T14:00:00-04:00,2025-05-02T11:00:00-04:00,13,20.1635,20.5923,1.3414,20.2022,20.1811,1.464,-4.469,-14.056,neutral,20.5545,-0.0474,-0.0865
INTC,INTC-132,2025-05-05T13:00:00-04:00,2025-05-05T15:00:00-04:00,2,20.35,20.26,1.2623,20.398,20.3976,-9.176,-2.72,-12.223,neutral,20.5081,0.0077,-0.0938
INTC,INTC-133,2025-05-06T08:00:00-04:00,2025-05-06T09:00:00-04:00,1,20.0799,19.855,1.1971,20.172,20.2597,-53.081,3.063,-8.462,neutral_down,20.4855,-0.0226,-0.0689
INTC,INTC-134,2025-05-07T07:00:00-04:00,2025-05-08T04:00:00-04:00,13,20.08,21.08,1.1466,20.0632,20.0808,2.858,-3.072,-5.408,neutral,20.4337,-0.0519,-0.0667
INTC,INTC-135,2025-05-09T08:00:00-04:00,2025-05-12T04:00:00-04:00,12,21.2003,22.25,1.0917,21.1164,20.9487,46.446,-0.569,-0.085,neutral_up,20.4743,0.0521,-0.0112
INTC,INTC-136,2025-05-13T08:00:00-04:00,2025-05-13T13:00:00-04:00,5,22.3,22.4888,1.0717,22.1719,22.0343,35.941,5.433,15.223,neutral_up,20.7066,0.1463,0.2844
INTC,INTC-137,2025-05-14T09:00:00-04:00,2025-05-14T10:00:00-04:00,1,21.7893,21.575,1.0459,22.3429,22.3487,-34.181,-51.592,-48.861,neutral_down,20.8728,0.1662,0.3985
INTC,INTC-138,2025-05-15T13:00:00-04:00,2025-05-16T04:00:00-04:00,7,21.44,21.62,1.048,21.4336,21.5619,-18.326,-3.055,27.622,neutral,20.9344,0.0616,0.3741
INTC,INTC-139,2025-05-16T09:00:00-04:00,2025-05-21T15:00:00-04:00,54,21.58,20.695,1.0049,21.5856,21.5788,4.004,-3.747,-13.263,neutral,20.9899,0.0555,0.2833
INTC,INTC-140,2025-05-22T17:00:00-04:00,2025-05-23T09:00:00-04:00,8,20.63,20.115,0.9018,20.6706,20.7861,-39.258,5.989,-10.575,neutral_down,21.0647,-0.037,0.0136
INTC,INTC-141,2025-05-27T11:00:00-04:00,2025-05-27T12:00:00-04:00,1,20.47,20.52,0.8474,20.3759,20.3553,16.37,4.393,-4.513,neutral,20.9313,-0.0871,-0.1704
INTC,INTC-142,2025-05-28T07:00:00-04:00,2025-05-29T13:00:00-04:00,22,20.53,20.16,0.8304,20.5219,20.4795,13.894,-0.706,-2.054,neutral,20.8962,-0.0351,-0.1686
INTC,INTC-143,2025-05-30T08:00:00-04:00,2025-05-30T11:00:00-04:00,3,20.3,19.7167,0.7719,20.3126,20.3266,5.466,-9.46,38.885,neutral,20.7943,-0.0549,-0.137
INTC,INTC-144,2025-06-02T13:00:00-04:00,2025-06-03T11:00:00-04:00,14,19.67,20.275,0.7847,19.5971,19.6775,-10.121,8.549,15.453,neutral,20.6789,-0.1154,-0.2172
INTC,INTC-145,2025-06-04T14:00:00-04:00,2025-06-05T18:00:00-04:00,20,20.345,19.96,0.7783,20.2968,20.2249,23.183,4.526,9.401,neutral,20.5659,-0.0286,-0.2284
INTC,INTC-146,2025-06-06T16:00:00-04:00,2025-06-06T18:00:00-04:00,2,20.09,20.1,0.7536,20.1485,20.1569,-13.878,-1.399,-31.789,neutral,20.4874,-0.0497,-0.107
INTC,INTC-147,2025-06-09T04:00:00-04:00,2025-06-09T10:00:00-04:00,6,20.18,20.805,0.7319,20.1422,20.1494,0.244,7.391,13.456,neutral,20.4463,-0.0411,-0.1196
INTC,INTC-148,2025-06-10T10:00:00-04:00,2025-06-10T12:00:00-04:00,2,20.7823,21.1183,0.7457,20.5502,20.4801,31.124,25.354,7.483,neutral_up,20.4471,0.0008,-0.0901
INTC,INTC-149,2025-06-12T13:00:00-04:00,2025-06-13T06:00:00-04:00,9,20.84,20.26,0.9098,20.689,20.7853,-1.372,10.261,40.308,neutral,20.6071,0.0088,0.1608
INTC,INTC-150,2025-06-16T07:00:00-04:00,2025-06-16T10:00:00-04:00,3,20.38,20.845,0.8694,20.3256,20.3763,-1.826,2.676,16.808,neutral,20.5781,-0.0428,-0.0201
INTC,INTC-151,2025-06-17T09:00:00-04:00,2025-06-17T19:00:00-04:00,10,20.915,20.74,0.863,20.6999,20.6411,29.048,23.355,24.507,neutral_up,20.5919,0.0138,-0.0151
INTC,INTC-152,2025-06-18T04:00:00-04:00,2025-06-18T05:00:00-04:00,1,20.92,20.88,0.8628,20.8257,20.7823,11.429,15.508,6.703,neutral,20.61,0.018,-0.011
INTC,INTC-153,2025-06-18T08:00:00-04:00,2025-06-18T11:00:00-04:00,3,20.8501,21.4301,0.8628,20.8374,20.8022,10.372,-0.388,-4.373,neutral,20.61,0.018,-0.011
INTC,INTC-154,2025-06-20T11:00:00-04:00,2025-06-20T18:00:00-04:00,7,21.14,21.12,0.8683,21.3567,21.2965,-6.53,-13.013,-57.129,neutral,20.6886,0.0786,0.1105
INTC,INTC-155,2025-06-23T10:00:00-04:00,2025-06-24T06:00:00-04:00,12,21.265,21.41,0.8781,21.1767,21.1806,11.831,0.144,35.768,neutral,20.7233,0.0347,0.1313
INTC,INTC-156,2025-06-25T14:00:00-04:00,2025-06-25T17:00:00-04:00,3,22.255,22.25,0.9221,22.3854,22.3075,-5.687,-3.301,-28.805,neutral,20.9263,0.1624,0.2377
INTC,INTC-157,2025-06-26T09:00:00-04:00,2025-06-27T04:00:00-04:00,11,22.32,22.79,0.9023,22.3351,22.3139,6.491,-5.199,-5.339,neutral,21.0425,0.1162,0.3192
INTC,INTC-158,2025-06-27T15:00:00-04:00,2025-06-27T16:00:00-04:00,1,22.7,22.6199,0.8675,22.6857,22.6383,-1.074,11.355,-25.851,neutral,21.1768,0.1343,0.4129
INTC,INTC-159,2025-06-27T19:00:00-04:00,2025-06-30T06:00:00-04:00,3,22.58,23.07,0.8675,22.6406,22.6298,-5.749,-4.147,-3.768,neutral,21.1768,0.1343,0.4129
INTC,INTC-160,2025-06-30T08:00:00-04:00,2025-06-30T12:00:00-04:00,4,22.99,22.43,0.8741,22.9012,22.7837,35.3,-5.535,-8.061,neutral_up,21.3153,0.1385,0.389
INTC,INTC-161,2025-07-01T12:00:00-04:00,2025-07-01T14:00:00-04:00,2,22.79,22.965,0.862,22.5717,22.5228,40.114,-2.228,65.152,neutral_up,21.413,0.0977,0.3705
INTC,INTC-162,2025-07-07T12:00:00-04:00,2025-07-07T14:00:00-04:00,2,22.0262,21.945,0.886,22.1664,22.2039,-24.665,-5.998,-19.889,neutral_down,21.657,0.0833,0.2441
INTC,INTC-163,2025-07-08T08:00:00-04:00,2025-07-08T09:00:00-04:00,1,22.15,22.855,0.8677,22.0944,22.1073,7.712,2.648,12.664,neutral,21.6873,0.0303,0.1437
INTC,INTC-164,2025-07-09T14:00:00-04:00,2025-07-10T12:00:00-04:00,14,23.4077,23.6878,0.934,23.3494,23.2327,26.192,5.328,17.495,neutral_up,21.8603,0.173,0.2865
INTC,INTC-165,2025-07-11T04:00:00-04:00,2025-07-11T10:00:00-04:00,6,23.64,23.325,0.8772,23.742,23.6478,18.431,-20.182,-21.278,neutral,22.1697,0.164,0.4824
INTC,INTC-166,2025-07-14T13:00:00-04:00,2025-07-14T14:00:00-04:00,1,23.2985,23.345,0.861,23.2255,23.3204,-24.358,19.541,35.34,neutral_down,22.2834,0.1137,0.4231
INTC,INTC-167,2025-07-14T19:00:00-04:00,2025-07-15T05:00:00-04:00,2,23.28,23.51,0.861,23.2826,23.3145,-6.978,-2.2,-4.623,neutral,22.2834,0.1137,0.4231
INTC,INTC-168,2025-07-15T13:00:00-04:00,2025-07-15T15:00:00-04:00,2,23.285,22.91,0.8381,23.3687,23.3747,-16.548,-2.724,-26.479,neutral,22.3763,0.0929,0.3706
INTC,INTC-169,2025-07-16T18:00:00-04:00,2025-07-17T17:00:00-04:00,15,22.64,22.81,0.8411,22.6489,22.7774,-29.476,1.588,11.045,neutral_down,22.4248,0.0485,0.2551
INTC,INTC-170,2025-07-18T09:00:00-04:00,2025-07-18T10:00:00-04:00,1,23.1,23.345,0.8161,22.972,22.8869,45.235,-4.249,18.453,neutral_up,22.4792,0.0321,0.1029
INTC,INTC-171,2025-07-18T15:00:00-04:00,2025-07-18T16:00:00-04:00,1,23.1,23.15,0.8161,23.1447,23.0344,22.766,-11.106,-28.083,neutral,22.4792,0.0321,0.1029
INTC,INTC-172,2025-07-21T09:00:00-04:00,2025-07-24T10:00:00-04:00,49,23.5401,22.925,0.8142,23.3138,23.1968,52.969,16.221,13.679,neutral_up,22.5356,0.0564,0.1108
INTC,INTC-173,2025-07-28T09:00:00-04:00,2025-07-29T17:00:00-04:00,24,20.89,20.4,0.8954,20.7762,20.9837,-23.754,11.917,10.284,neutral_down,22.5404,-0.184,-0.1201
INTC,INTC-174,2025-07-30T10:00:00-04:00,2025-07-31T10:00:00-04:00,16,20.3844,19.8634,0.8506,20.4471,20.5082,-26.066,-7.935,-9.769,neutral_down,22.1912,-0.1791,-0.5332
INTC,INTC-175,2025-08-04T08:00:00-04:00,2025-08-04T13:00:00-04:00,5,19.52,19.465,0.8204,19.4692,19.4995,6.256,-1.378,4.452,neutral,21.5938,-0.2289,-0.5974
INTC,INTC-176,2025-08-04T14:00:00-04:00,2025-08-05T06:00:00-04:00,8,19.485,19.9,0.8204,19.494,19.502,-2.386,-1.664,-8.956,neutral,21.5938,-0.2289,-0.5974
INTC,INTC-177,2025-08-05T07:00:00-04:00,2025-08-05T09:00:00-04:00,2,19.62,20.38,0.7822,19.6538,19.587,34.183,-26.911,5.363,neutral_up,21.4016,-0.1922,-0.6213
INTC,INTC-178,2025-08-06T10:00:00-04:00,2025-08-07T04:00:00-04:00,10,20.22,20.8,0.8017,20.1764,20.0926,13.35,6.323,-16.256,neutral,21.2915,-0.1101,-0.5312
INTC,INTC-179,2025-08-07T08:00:00-04:00,2025-08-07T11:00:00-04:00,3,19.8101,19.825,0.788,20.2641,20.2981,-34.288,-5.272,-83.795,neutral_down,21.2122,-0.0792,-0.3815
INTC,INTC-180,2025-08-08T11:00:00-04:00,2025-08-11T06:00:00-04:00,11,19.725,20.37,0.7917,19.8601,19.9335,-25.891,-6.354,-22.597,neutral_down,21.0839,-0.1284,-0.3178
INTC,INTC-181,2025-08-12T13:00:00-04:00,2025-08-12T14:00:00-04:00,1,21.5,21.675,0.8277,21.2957,21.0578,48.602,5.294,12.257,neutral_up,20.9525,-0.0283,-0.2597
INTC,INTC-182,2025-08-13T09:00:00-04:00,2025-08-13T11:00:00-04:00,2,21.52,22.07,0.8536,21.6045,21.464,19.511,-10.566,-21.491,neutral,21.0305,0.078,-0.0534
INTC,INTC-183,2025-08-14T11:00:00-04:00,2025-08-14T15:00:00-04:00,4,22.45,23.86,0.8597,22.1746,22.0392,35.854,21.373,12.44,neutral_up,21.1373,0.1068,0.1565
INTC,INTC-184,2025-08-15T19:00:00-04:00,2025-08-18T07:00:00-04:00,4,24.49,24.35,0.9626,24.6113,24.3358,13.078,-0.861,-12.606,neutral,21.3848,0.2475,0.4322
INTC,INTC-185,2025-08-18T08:00:00-04:00,2025-08-18T10:00:00-04:00,2,24.06,24.0047,1.0214,24.3673,24.308,-9.857,-11.056,-10.757,neutral,21.6743,0.2896,0.6439
INTC,INTC-186,2025-08-18T11:00:00-04:00,2025-08-18T13:00:00-04:00,2,24.355,23.77,1.0214,24.2573,24.2625,-5.547,12.699,4.31,neutral,21.6743,0.2896,0.6439
INTC,INTC-187,2025-08-18T18:00:00-04:00,2025-08-19T04:00:00-04:00,2,23.5499,25.2,1.0214,23.7688,23.962,-30.709,-3.372,-3.871,neutral_down,21.6743,0.2896,0.6439
INTC,INTC-188,2025-08-20T07:00:00-04:00,2025-08-20T10:00:00-04:00,3,24.97,23.43,1.1995,25.0371,24.9706,-0.106,0.054,-1.401,neutral,22.1678,0.3152,0.783
INTC,INTC-189,2025-08-21T13:00:00-04:00,2025-08-22T10:00:00-04:00,13,23.335,24.47,1.256,23.3425,23.6153,-38.414,9.208,21.919,neutral_down,22.2916,0.1238,0.6173
INTC,INTC-190,2025-08-25T13:00:00-04:00,2025-08-25T18:00:00-04:00,5,24.8079,24.5,1.2596,25.0567,24.8377,9.137,-11.277,-26.315,neutral,22.62,0.219,0.4522
INTC,INTC-191,2025-08-26T15:00:00-04:00,2025-08-27T15:00:00-04:00,16,24.36,24.83,1.2725,24.338,24.4497,-19.745,8.838,4.535,neutral,22.7937,0.1736,0.502
INTC,INTC-192,2025-08-28T10:00:00-04:00,2025-08-29T15:00:00-04:00,21,24.887,24.38,1.2065,24.8833,24.7779,22.636,-5.302,-13.365,neutral,23.1082,0.1722,0.4882
INTC,INTC-193,2025-09-03T08:00:00-04:00,2025-09-04T05:00:00-04:00,13,24.17,23.93,1.0944,24.1407,24.1576,-0.317,3.084,2.078,neutral,23.4511,0.0779,0.3428
INTC,INTC-194,2025-09-04T07:00:00-04:00,2025-09-04T13:00:00-04:00,6,23.94,24.4899,1.0526,23.9431,23.9895,-16.68,2.222,3.822,neutral,23.5001,0.049,0.2276
INTC,INTC-195,2025-09-05T13:00:00-04:00,2025-09-11T05:00:00-04:00,56,24.295,24.71,1.041,24.4003,24.3738,-7.558,-5.787,-15.262,neutral,23.601,0.1009,0.2278
INTC,INTC-196,2025-09-11T09:00:00-04:00,2025-09-12T11:00:00-04:00,18,24.81,24.34,0.9203,24.7099,24.6294,34.934,3.957,5.451,neutral_up,23.9044,0.0856,0.2226
INTC,INTC-197,2025-09-16T12:00:00-04:00,2025-09-16T18:00:00-04:00,6,25.0299,25.2509,0.8979,24.98,24.8578,29.365,-2.995,-2.183,neutral_up,24.0496,0.074,0.1452
INTC,INTC-198,2025-09-17T06:00:00-04:00,2025-09-18T07:00:00-04:00,17,25.13,32.45,0.8802,25.1631,25.0629,21.429,-7.139,-22.895,neutral,24.1587,0.1091,0.1911
INTC,INTC-199,2025-09-19T11:00:00-04:00,2025-09-23T10:00:00-04:00,31,30.16,29.9678,1.3474,30.1347,29.682,17.44,0.516,-10.442,neutral,24.802,0.5768,0.7524
INTC,INTC-200,2025-09-24T09:00:00-04:00,2025-09-24T10:00:00-04:00,1,30.47,30.793,1.3533,29.8101,29.6126,46.999,26.642,16.634,neutral_up,25.8988,0.3451,1.0968
INTC,INTC-201,2025-09-26T18:00:00-04:00,2025-09-30T04:00:00-04:00,18,35.38,33.78,1.5479,35.4376,34.8676,27.701,-3.048,-12.738,neutral_up,27.0728,0.6902,1.5191
INTC,INTC-202,2025-09-30T08:00:00-04:00,2025-09-30T13:00:00-04:00,5,33.9,33.5217,1.6135,34.0196,34.2858,-31.226,3.167,9.597,neutral_down,28.4397,0.603,2.0571
INTC,INTC-203,2025-09-30T15:00:00-04:00,2025-09-30T17:00:00-04:00,2,33.55,33.3504,1.6135,33.5984,33.8996,-33.017,6.969,7.452,neutral_down,28.4397,0.603,2.0571
INTC,INTC-204,2025-09-30T19:00:00-04:00,2025-10-01T13:00:00-04:00,10,33.32,35.15,1.6135,33.4563,33.7287,-35.357,-1.058,-0.999,neutral_down,28.4397,0.603,2.0571
INTC,INTC-205,2025-10-03T13:00:00-04:00,2025-10-07T05:00:00-04:00,24,36.97,36.87,1.7031,37.313,37.0172,15.351,-18.391,-20.827,neutral,30.2485,0.7051,1.8089
INTC,INTC-206,2025-10-07T09:00:00-04:00,2025-10-07T10:00:00-04:00,1,37.7027,37.475,1.7373,36.9577,36.9226,22.917,32.205,28.644,neutral,31.3645,0.519,1.8211
INTC,INTC-207,2025-10-07T11:00:00-04:00,2025-10-10T07:00:00-04:00,44,36.7601,38.5,1.7373,37.0009,36.9535,8.334,-20.408,17.623,neutral,31.3645,0.519,1.8211
INTC,INTC-208,2025-10-10T11:00:00-04:00,2025-10-10T16:00:00-04:00,5,37.46,35.8,1.7087,38.1642,37.934,9.973,-35.169,-39.283,neutral,32.8865,0.4913,1.522
INTC,INTC-209,2025-10-13T14:00:00-04:00,2025-10-13T17:00:00-04:00,3,37.08,37.1903,1.826,37.012,37.0344,3.394,-1.492,-0.344,neutral,33.1996,0.313,1.3059
INTC,INTC-210,2025-10-14T04:00:00-04:00,2025-10-14T05:00:00-04:00,1,36.21,35.96,1.7834,36.9626,37.0208,-16.572,-24.375,-21.735,neutral,33.5641,0.3646,1.169
INTC,INTC-211,2025-10-14T06:00:00-04:00,2025-10-14T10:00:00-04:00,4,35.77,35.13,1.7834,36.5636,36.8194,-43.963,-10.787,-51.766,neutral_down,33.5641,0.3646,1.169
INTC,INTC-212,2025-10-15T07:00:00-04:00,2025-10-15T18:00:00-04:00,11,36.24,37.08,1.836,36.1023,36.1476,6.915,-0.71,12.252,neutral,33.7538,0.1896,0.8673
INTC,INTC-213,2025-10-16T08:00:00-04:00,2025-10-17T05:00:00-04:00,13,37.17,35.49,1.8367,37.0431,36.8146,27.792,0.235,-2.098,neutral_up,34.0625,0.3087,0.863
INTC,INTC-214,2025-10-17T08:00:00-04:00,2025-10-17T17:00:00-04:00,9,36.3425,37.04,1.8205,36.2435,36.4893,-21.556,13.454,41.806,neutral,34.3146,0.252,0.7504
INTC,INTC-215,2025-10-20T11:00:00-04:00,2025-10-20T14:00:00-04:00,3,37.9,38.195,1.8547,37.6754,37.3515,43.87,-5.203,7.863,neutral_up,34.5587,0.2441,0.8049
INTC,INTC-216,2025-10-21T08:00:00-04:00,2025-10-22T11:00:00-04:00,19,38.3509,36.65,1.8308,38.1785,37.947,37.729,4.033,8.312,neutral_up,34.8797,0.321,0.8172
INTC,INTC-217,2025-10-23T13:00:00-04:00,2025-10-23T14:00:00-04:00,1,37.535,37.7475,1.7716,37.1652,37.1155,29.453,5.543,25.755,neutral_up,35.3326,0.1592,0.7739
INTC,INTC-218,2025-10-27T13:00:00-04:00,2025-10-27T14:00:00-04:00,1,39.3546,39.375,1.8932,39.3144,39.068,22.342,-8.642,-21.402,neutral,35.8324,0.2428,0.659
INTC,INTC-219,2025-10-29T13:00:00-04:00,2025-10-31T14:00:00-04:00,33,41.64,39.995,2.0064,41.6228,41.3508,17.265,1.731,-15.83,neutral,36.6516,0.4848,1.0619
INTC,INTC-220,2025-11-03T09:00:00-05:00,2025-11-03T18:00:00-05:00,9,40.13,39.21,1.837,40.1597,40.2747,-11.949,-3.012,7.308,neutral,37.5931,0.2387,0.9415
INTC,INTC-221,2025-11-06T12:00:00-05:00,2025-11-06T14:00:00-05:00,2,37.36,37.645,1.8638,37.7021,37.8417,-42.318,7.657,-58.181,neutral_down,37.7577,0.0572,0.1646
INTC,INTC-222,2025-11-06T17:00:00-05:00,2025-11-06T18:00:00-05:00,1,37.9591,37.98,1.8638,37.5861,37.7129,-7.399,22.693,16.723,neutral,37.7577,0.0572,0.1646
INTC,INTC-223,2025-11-06T19:00:00-05:00,2025-11-07T05:00:00-05:00,2,38.21,37.87,1.8638,37.7739,37.7802,16.079,11.965,46.172,neutral,37.7577,0.0572,0.1646
INTC,INTC-224,2025-11-07T06:00:00-05:00,2025-11-10T05:00:00-05:00,15,37.75,38.85,1.8525,37.8057,37.7969,2.779,-5.94,-13.3,neutral,37.7106,-0.0471,-0.0549
INTC,INTC-225,2025-11-10T18:00:00-05:00,2025-11-11T05:00:00-05:00,3,38.37,38.15,1.813,38.3808,38.3208,3.134,0.996,-0.689,neutral,37.7515,0.0409,0.051
INTC,INTC-226,2025-11-11T09:00:00-05:00,2025-11-11T11:00:00-05:00,2,37.8749,37.895,1.7949,38.1265,38.2069,-23.258,-6.934,-12.078,neutral,37.8136,0.0621,0.0559
INTC,INTC-227,2025-11-11T12:00:00-05:00,2025-11-13T09:00:00-05:00,29,37.87,36.66,1.7949,38.0207,38.1342,-24.102,-1.32,-0.844,neutral_down,37.8136,0.0621,0.0559
INTC,INTC-228,2025-11-14T13:00:00-05:00,2025-11-14T18:00:00-05:00,5,35.7148,35.55,1.7258,35.606,35.8955,-9.329,-1.194,29.087,neutral,37.6561,-0.1716,-0.1575
INTC,INTC-229,2025-11-17T08:00:00-05:00,2025-11-17T16:00:00-05:00,8,35.43,34.7823,1.7082,35.591,35.7013,-13.558,-7.786,-3.447,neutral,37.4628,-0.1933,-0.3587
INTC,INTC-230,2025-11-18T15:00:00-05:00,2025-11-19T16:00:00-05:00,17,34.32,35.6793,1.6933,34.404,34.5953,-14.975,-7.686,11.085,neutral,37.2135,-0.2493,-0.6142
INTC,INTC-231,2025-11-20T11:00:00-05:00,2025-11-20T14:00:00-05:00,3,34.795,34.375,1.6461,35.6264,35.3916,7.124,-42.312,-40.278,neutral,36.7822,-0.1682,-0.6806
INTC,INTC-232,2025-11-21T15:00:00-05:00,2025-11-21T17:00:00-05:00,2,34.495,34.51,1.7571,34.1486,34.1413,18.986,-0.496,21.549,neutral,36.4956,-0.2866,-0.7178
INTC,INTC-233,2025-11-25T09:00:00-05:00,2025-11-26T12:00:00-05:00,19,35.48,37.005,1.7723,35.7726,35.5355,11.26,-14.24,-38.109,neutral,36.2607,-0.0531,-0.5215
INTC,INTC-234,2025-12-01T19:00:00-05:00,2025-12-02T10:00:00-05:00,7,40.0505,43.167,1.8763,40.0018,39.6295,38.365,-0.542,-2.176,neutral_up,36.6594,0.3901,0.3987
INTC,INTC-235,2025-12-03T13:00:00-05:00,2025-12-04T10:00:00-05:00,13,43.465,41.7682,1.9422,43.3121,42.8302,42.389,-1.035,-6.921,neutral_up,37.5576,0.5917,1.2882
INTC,INTC-236,2025-12-09T12:00:00-05:00,2025-12-11T12:00:00-05:00,32,40.3102,39.22,2.079,40.4286,40.6103,-21.99,-0.325,-2.463,neutral,38.7735,0.1557,0.6525
INTC,INTC-237,2025-12-12T09:00:00-05:00,2025-12-12T11:00:00-05:00,2,39.8101,38.35,2.0015,39.4298,39.5864,-8.234,27.808,28.901,neutral,39.1358,0.0364,0.3623
INTC,INTC-238,2025-12-15T14:00:00-05:00,2025-12-17T12:00:00-05:00,30,37.8329,36.46,2.0307,37.797,38.1122,-37.938,13.926,11.928,neutral_down,39.0162,-0.1196,0.0849
INTC,INTC-239,2025-12-18T12:00:00-05:00,2025-12-19T11:00:00-05:00,15,36.395,37.3899,1.9003,36.4844,36.6321,-17.373,-0.658,-9.43,neutral,38.4925,-0.2418,-0.5237
INTC,INTC-240,2025-12-22T09:00:00-05:00,2025-12-22T14:00:00-05:00,5,37.235,36.565,1.8535,37.3158,37.1482,23.724,-15.361,-13.849,neutral_up,38.1583,-0.1308,-0.576
INTC,INTC-241,2025-12-23T13:00:00-05:00,2025-12-24T06:00:00-05:00,9,36.245,34.95,1.8361,36.3136,36.4798,-32.092,1.112,14.034,neutral_down,37.9964,-0.1619,-0.4961
INTC,INTC-242,2025-12-24T08:00:00-05:00,2025-12-24T13:00:00-05:00,5,35.21,36.147,1.76,35.8232,36.1317,-66.352,3.067,-69.348,accumulation,37.8458,-0.1506,-0.4433
INTC,INTC-243,2025-12-26T17:00:00-05:00,2025-12-30T04:00:00-05:00,19,36.1502,36.9,1.7335,36.2042,36.1715,1.404,-3.983,-15.495,neutral,37.6914,-0.1544,-0.4669
INTC,INTC-244,2025-12-31T10:00:00-05:00,2025-12-31T16:00:00-05:00,6,37.215,36.82,1.6063,37.532,37.3883,5.708,-23.368,-51.988,neutral,37.4606,-0.0146,-0.2308
INTC,INTC-245,2026-01-06T12:00:00-05:00,2026-01-07T09:00:00-05:00,13,39.495,42.724,1.7277,39.5702,39.5826,-6.694,0.888,-12.188,neutral,37.7506,0.1609,0.2899
INTC,INTC-246,2026-01-12T13:00:00-05:00,2026-01-12T18:00:00-05:00,5,44.2533,44.07,2.1485,44.5944,44.3529,5.386,-10.244,-20.1,neutral,39.2546,0.6255,1.2986
INTC,INTC-247,2026-01-13T04:00:00-05:00,2026-01-13T06:00:00-05:00,2,45.67,45.46,2.1108,44.5216,44.3798,28.91,40.24,36.561,neutral_up,39.6905,0.4359,1.3106
INTC,INTC-248,2026-01-13T08:00:00-05:00,2026-01-13T09:00:00-05:00,1,45.9386,46.65,2.1108,45.2036,44.7814,54.983,1.983,14.781,neutral_up,39.6905,0.4359,1.3106
INTC,INTC-249,2026-01-14T11:00:00-05:00,2026-01-16T15:00:00-05:00,36,47.7766,46.94,2.2593,48.0117,47.415,25.107,-11.425,-32.882,neutral_up,40.3809,0.6904,1.7519
INTC,INTC-250,2026-01-22T13:00:00-05:00,2026-01-22T17:00:00-05:00,4,54.355,47.72,2.6463,54.2301,53.5217,35.758,-0.3,2.645,neutral_up,43.8754,1.0385,2.0827
INTC,INTC-251,2026-01-29T11:00:00-05:00,2026-01-30T17:00:00-05:00,22,47.82,46.11,3.1612,47.9993,47.7024,2.795,1.523,-19.42,neutral,44.9518,0.3803,0.1038
INTC,INTC-252,2026-02-03T13:00:00-05:00,2026-02-04T07:00:00-05:00,10,48.54,49.61,3.1906,49.526,49.1908,-5.65,-18.648,-46.063,neutral,45.7073,0.3093,0.7555
INTC,INTC-253,2026-02-04T08:00:00-05:00,2026-02-04T11:00:00-05:00,3,49.31,47.715,3.1813,49.4132,49.2929,8.068,-7.242,-3.256,neutral,46.0285,0.3212,0.7386
INTC,INTC-254,2026-02-04T14:00:00-05:00,2026-02-05T04:00:00-05:00,6,49.446,48.59,3.1813,48.5713,48.822,-9.483,33.043,33.096,neutral,46.0285,0.3212,0.7386
INTC,INTC-255,2026-02-05T08:00:00-05:00,2026-02-06T11:00:00-05:00,19,47.59,50.775,3.1467,48.2688,48.5638,-35.436,-3.36,-31.106,neutral_down,46.2604,0.232,0.8624
INTC,INTC-256,2026-02-09T08:00:00-05:00,2026-02-10T11:00:00-05:00,19,50.085,47.735,3.2,50.2817,49.9881,12.527,-8.31,-0.486,neutral,46.8183,0.3752,0.7898
INTC,INTC-257,2026-02-11T13:00:00-05:00,2026-02-11T18:00:00-05:00,5,47.745,48.1085,3.2695,47.8504,48.0544,-11.83,-4.102,-16.699,neutral,47.1287,0.0011,0.6856
INTC,INTC-258,2026-02-12T09:00:00-05:00,2026-02-12T13:00:00-05:00,4,47.77,46.6399,3.2281,48.268,48.2117,-1.852,-23.481,-21.722,neutral,47.2279,0.0992,0.4096
INTC,INTC-259,2026-02-13T13:00:00-05:00,2026-02-13T19:00:00-05:00,6,47.085,46.6215,3.1947,46.8102,46.8679,14.087,-2.109,21.309,neutral,47.1599,-0.068,0.0324
INTC,INTC-260,2026-02-17T04:00:00-05:00,2026-02-17T05:00:00-05:00,1,46.35,46.23,3.1608,46.6766,46.7744,-18.907,-10.515,-15.911,neutral,47.1253,-0.0345,-0.0033
INTC,INTC-261,2026-02-17T08:00:00-05:00,2026-02-19T04:00:00-05:00,28,45.4499,45.27,3.1608,46.1747,46.4891,-54.253,-8.767,-27.144,neutral_down,47.1253,-0.0345,-0.0033
INTC,INTC-262,2026-02-20T08:00:00-05:00,2026-02-20T09:00:00-05:00,1,44.22,43.303,2.85,44.514,44.7694,-42.112,-7.101,-21.978,neutral_down,46.69,-0.207,-0.4354
INTC,INTC-263,2026-02-20T10:00:00-05:00,2026-02-20T11:00:00-05:00,1,43.685,43.565,2.85,44.1545,44.5496,-67.237,5.943,-32.226,accumulation,46.69,-0.207,-0.4354
INTC,INTC-264,2026-02-20T12:00:00-05:00,2026-02-20T16:00:00-05:00,4,43.6583,44.09,2.85,43.9609,44.3872,-57.913,6.867,15.267,neutral_down,46.69,-0.207,-0.4354
INTC,INTC-265,2026-02-23T04:00:00-05:00,2026-02-23T05:00:00-05:00,1,43.84,43.72,2.7707,44.014,44.2121,-25.3,-4.849,-7.344,neutral_down,46.4563,-0.2336,-0.5853
INTC,INTC-266,2026-02-23T09:00:00-05:00,2026-02-24T10:00:00-05:00,17,44.14,45.71,2.7707,43.8161,44.0149,-16.917,26.36,24.558,neutral,46.4563,-0.2336,-0.5853
INTC,INTC-267,2026-02-25T14:00:00-05:00,2026-02-26T10:00:00-05:00,12,46.885,45.33,2.6985,46.4089,45.9746,58.637,5.52,41.014,neutral_up,46.1943,-0.0069,-0.4957
INTC,INTC-268,2026-02-27T12:00:00-05:00,2026-03-02T07:00:00-05:00,11,45.35,44.22,2.635,45.2802,45.3979,-2.246,-0.665,14.97,neutral,46.1877,-0.0708,-0.0135
INTC,INTC-269,2026-03-02T09:00:00-05:00,2026-03-02T18:00:00-05:00,9,44.93,45.33,2.601,44.6848,44.9608,-28.462,26.665,23.022,neutral_down,46.1324,-0.0552,-0.0619
INTC,INTC-270,2026-03-03T04:00:00-05:00,2026-03-03T05:00:00-05:00,1,43.67,43.32,2.5481,44.8908,44.9933,-35.107,-43.399,-53.593,neutral_down,46.074,-0.0584,-0.1844
INTC,INTC-271,2026-03-04T07:00:00-05:00,2026-03-04T12:00:00-05:00,5,43.59,45.725,2.6054,43.4311,43.6185,-3.172,1.486,19.081,neutral,45.8055,-0.2685,-0.3822
INTC,INTC-272,2026-03-05T12:00:00-05:00,2026-03-06T14:00:00-05:00,18,44.88,44.3,2.6339,45.4924,45.2317,9.554,-26.136,-20.357,neutral,45.7823,-0.0232,-0.3502
INTC,INTC-273,2026-03-13T12:00:00-04:00,2026-03-16T06:00:00-04:00,10,45.56,47.06,2.6492,45.6767,45.8858,-15.685,-4.763,-8.727,neutral,45.8417,-0.0582,0.2575
INTC,INTC-274,2026-03-18T13:00:00-04:00,2026-03-19T15:00:00-04:00,18,45.09,46.19,2.5925,44.731,44.8206,10.261,6.665,27.71,neutral,45.6664,-0.1626,-0.1753
INTC,INTC-275,2026-03-20T12:00:00-04:00,2026-03-20T14:00:00-04:00,2,44.68,43.8142,2.5451,45.543,45.5838,-27.678,-18.509,-42.703,neutral_down,45.6601,0.053,-0.1689
INTC,INTC-276,2026-03-23T11:00:00-04:00,2026-03-25T06:00:00-04:00,27,43.875,45.5,2.6425,44.3287,44.5191,-7.183,-16.666,5.026,neutral,45.5047,-0.1555,-0.1617
INTC,INTC-277,2026-03-27T13:00:00-04:00,2026-03-27T15:00:00-04:00,2,43.105,43.14,2.6163,43.6397,44.1979,-53.862,-6.857,6.164,neutral_down,45.307,-0.1202,-0.0609
INTC,INTC-278,2026-03-30T07:00:00-04:00,2026-03-30T11:00:00-04:00,4,43.6984,41.6909,2.5202,43.441,43.6697,-6.784,9.029,21.709,neutral,45.11,-0.197,-0.1399
INTC,INTC-279,2026-04-06T13:00:00-04:00,2026-04-07T13:00:00-04:00,16,50.4114,52.29,2.8793,50.6076,50.0188,20.387,-3.087,-35.398,neutral,45.484,0.4866,0.7313
INTC,INTC-280,2026-04-10T13:00:00-04:00,2026-04-10T14:00:00-04:00,1,62.8,62.7501,3.1162,62.3451,61.3834,54.259,1.049,-18.323,neutral_up,48.991,1.2689,3.027
INTC,INTC-281,2026-04-10T15:00:00-04:00,2026-04-13T12:00:00-04:00,13,62.37,65.6099,3.1162,62.4149,61.586,42.219,-10.365,-10.991,neutral_up,48.991,1.2689,3.027
INTC,INTC-282,2026-04-15T12:00:00-04:00,2026-04-15T14:00:00-04:00,2,64.075,64.505,3.1085,64.3297,64.1371,17.85,-20.143,12.095,neutral,52.6805,1.113,3.6895
INTC,INTC-283,2026-04-15T17:00:00-04:00,2026-04-16T05:00:00-04:00,4,64.65,65.63,3.1085,64.5585,64.3326,17.357,-2.75,4.799,neutral,52.6805,1.113,3.6895
INTC,INTC-284,2026-04-16T06:00:00-04:00,2026-04-16T07:00:00-04:00,1,65.29,65.11,3.0983,65.0557,64.6823,36.218,-6.948,19.591,neutral_up,53.7945,1.114,3.5872
INTC,INTC-285,2026-04-16T08:00:00-04:00,2026-04-16T10:00:00-04:00,2,64.74,67.1,3.0983,65.0013,64.7229,14.309,-13.444,-28.856,neutral,53.7945,1.114,3.5872
INTC,INTC-286,2026-04-17T14:00:00-04:00,2026-04-20T10:00:00-04:00,12,67.945,65.8,3.1868,68.7292,68.1973,10.191,-20.337,-45.246,neutral,55.1296,1.335,3.562
INTC,INTC-287,2026-04-21T10:00:00-04:00,2026-04-22T15:00:00-04:00,21,66.2901,65.24,3.2578,66.5101,66.6198,-1.917,-12.764,-9.389,neutral,57.1965,0.8519,3.4019
INTC,INTC-288,2026-04-22T18:00:00-04:00,2026-04-22T19:00:00-04:00,1,67.37,67.3174,3.1701,66.0305,66.2067,5.032,40.319,48.366,neutral,58.0241,0.8276,2.8945
INTC,INTC-289,2026-04-23T04:00:00-04:00,2026-04-23T06:00:00-04:00,2,65.9867,66.25,3.2144,66.2277,66.2785,6.199,-16.584,41.485,neutral,58.6801,0.656,2.3354
INTC,INTC-290,2026-04-23T08:00:00-04:00,2026-04-23T16:00:00-04:00,8,65.7779,77.12,3.2144,66.15,66.2253,-7.291,-9.535,-6.64,neutral,58.6801,0.656,2.3354
INTC,INTC-291,2026-04-27T05:00:00-04:00,2026-04-27T06:00:00-04:00,1,84.93,84.62,4.2854,83.0753,80.748,70.827,7.267,17.672,distribution,61.5262,2.1034,3.5021
INTC,INTC-292,2026-04-27T07:00:00-04:00,2026-04-28T18:00:00-04:00,27,83.825,85.32,4.2854,83.4724,81.3477,59.556,-10.293,-4.003,neutral_up,61.5262,2.1034,3.5021
INTC,INTC-293,2026-04-30T15:00:00-04:00,2026-04-30T16:00:00-04:00,1,94.5,94.21,4.7325,94.1787,93.4446,10.507,8.014,4.615,neutral,68.2145,2.6566,6.6883
INTC,INTC-294,2026-05-01T09:00:00-04:00,2026-05-01T10:00:00-04:00,1,98.35,99.225,4.6938,94.1725,93.711,36.023,48.094,45.622,neutral_up,70.6041,2.3896,6.9444
INTC,INTC-295,2026-05-04T12:00:00-04:00,2026-05-04T16:00:00-04:00,4,96.74,95.47,4.9185,98.4886,98.0977,-10.303,-16.67,-32.234,neutral,73.2464,2.6424,7.6885
INTC,INTC-296,2026-05-06T16:00:00-04:00,2026-05-08T10:00:00-04:00,26,112.0986,116.81,5.5719,111.8724,110.3647,29.774,-4.11,10.723,neutral_up,78.2787,2.9851,7.6746
INTC,INTC-297,2026-05-11T15:00:00-04:00,2026-05-12T07:00:00-04:00,8,129.41,123.84,6.7404,127.7468,125.4519,32.567,8.442,8.392,neutral_up,87.7163,3.7194,9.4376
INTC,INTC-298,2026-05-12T08:00:00-04:00,2026-05-12T10:00:00-04:00,2,124.5,118.79,6.8897,126.0283,125.9614,-17.756,0.854,-19.389,neutral,91.5066,3.7903,10.0705
INTC,INTC-299,2026-05-13T09:00:00-04:00,2026-05-14T05:00:00-04:00,12,118.435,116.17,7.4268,121.7879,122.089,-11.045,-25.184,-28.228,neutral,94.151,2.6444,10.1541
INTC,INTC-300,2026-05-14T12:00:00-04:00,2026-05-15T05:00:00-04:00,9,116.82,110.1,7.5099,116.6255,118.1433,-24.916,9.073,17.224,neutral_down,96.5245,2.3735,8.8083
INTC,INTC-301,2026-05-15T08:00:00-04:00,2026-05-15T09:00:00-04:00,1,109.9825,106.99,7.4799,112.0978,114.3787,-57.154,2.169,7.291,neutral_down,98.2878,1.7632,6.7812
INTC,INTC-302,2026-05-18T06:00:00-04:00,2026-05-19T19:00:00-04:00,29,108.08,111.8527,7.7242,108.6362,109.9892,-23.72,-5.206,26.181,neutral_down,99.2325,0.9447,5.0815
INTC,INTC-303,2026-05-21T05:00:00-04:00,2026-05-26T18:00:00-04:00,45,116.3,122.8,8.41,117.0277,115.7755,14.328,-6.802,-17.636,neutral,102.649,1.6331,3.4165
INTC,INTC-304,2026-05-27T04:00:00-04:00,2026-05-27T05:00:00-04:00,1,122.56,123.0288,8.0196,122.7625,122.0127,15.906,-5.858,-13.143,neutral,107.1545,1.6355,4.5056
INTC,INTC-305,2026-05-27T06:00:00-04:00,2026-05-27T16:00:00-04:00,10,122.89,121.58,8.0196,122.8306,122.1765,15.543,-1.224,-6.221,neutral,107.1545,1.6355,4.5056
INTC,INTC-306,2026-05-28T09:00:00-04:00,2026-05-29T16:00:00-04:00,23,117.76,115.74,8.0375,119.1429,119.9646,-26.029,-8.717,11.869,neutral_down,108.4878,1.3332,4.3969
INTC,INTC-307,2026-06-02T07:00:00-04:00,2026-06-03T06:00:00-04:00,15,107.4213,114.85,8.3147,108.1587,110.0141,-45.518,4.312,5.442,neutral_down,109.9966,-0.0697,1.5088
INTC,INTC-308,2026-06-04T07:00:00-04:00,2026-06-05T10:00:00-04:00,19,108.3,105.29,8.2538,109.843,110.4772,-27.914,-0.661,-12.879,neutral_down,110.0657,0.2624,-0.0006
INTC,INTC-309,2026-06-10T12:00:00-04:00,2026-06-11T07:00:00-04:00,11,105.56,112.17,9.2289,106.4941,106.8414,-5.369,-9.376,-2.464,neutral,109.1772,-0.1107,-1.0453
INTC,INTC-310,2026-06-15T14:00:00-04:00,2026-06-16T11:00:00-04:00,13,127.59,119.7299,9.4933,127.8886,125.7982,31.258,-6.073,-17.947,neutral_up,111.0589,1.3481,1.8817
INTC,INTC-311,2026-06-17T12:00:00-04:00,2026-06-18T04:00:00-04:00,8,121.83,132.05,9.628,120.656,121.1749,0.573,8.081,24.431,neutral,112.9882,0.4092,3.2774
INTC,INTC-312,2026-06-24T06:00:00-04:00,2026-06-25T04:00:00-04:00,14,134.82,139.03,9.9145,133.9056,134.1579,5.371,3.065,21.867,neutral,119.161,1.3119,5.4372
INTC,INTC-313,2026-06-26T13:00:00-04:00,2026-06-26T19:00:00-04:00,6,128.305,127.62,10.1816,129.0401,130.2943,-22.31,-3.088,3.714,neutral,121.4603,1.154,3.6112
INTC,INTC-314,2026-06-29T04:00:00-04:00,2026-06-29T15:00:00-04:00,11,129.7,131.69,9.99,128.2839,129.1456,-8.493,17.076,21.139,neutral,122.0285,0.5682,2.8675
INTC,INTC-315,2026-07-02T12:00:00-04:00,2026-07-02T13:00:00-04:00,1,120.16,118.86,10.4671,125.4038,127.8858,-59.565,-19.124,-51.916,neutral_down,124.6521,0.2368,2.6236
INTC,INTC-316,2026-07-06T14:00:00-04:00,2026-07-06T16:00:00-04:00,2,122.46,122.5,10.6559,123.7075,124.2324,-18.79,-6.517,-24.319,neutral,124.2651,-0.387,1.3583
INTC,INTC-317,2026-07-06T18:00:00-04:00,,-1,121.38,,10.6559,122.7739,123.5789,-27.531,-7.728,-5.001,neutral_down,124.2651,-0.387,1.3583
UBER,UBER-001,2024-07-15T09:00:00-04:00,2024-07-15T10:00:00-04:00,1,71.718,70.8296,2.1198,73.147,72.9529,-8.706,-50.948,-84.255,neutral,70.6766,0.1773,0.3813
UBER,UBER-002,2024-07-19T13:00:00-04:00,2024-07-22T07:00:00-04:00,8,67.18,67.88,2.5413,66.8508,67.172,-7.309,7.742,18.426,neutral,70.4895,-0.4215,-0.3356
UBER,UBER-003,2024-07-22T09:00:00-04:00,2024-07-24T11:00:00-04:00,34,67.49,66.515,2.4555,67.466,67.3761,13.774,-6.997,-1.502,neutral,70.2032,-0.2863,-0.9369
UBER,UBER-004,2024-07-25T13:00:00-04:00,2024-07-26T07:00:00-04:00,9,67.13,66.87,2.3347,66.4796,66.4722,25.67,-0.934,82.418,neutral_up,69.4239,-0.3284,-0.7793
UBER,UBER-005,2024-07-26T09:00:00-04:00,2024-07-26T12:00:00-04:00,3,65.86,65.43,2.5229,66.3421,66.3255,1.467,-19.512,-2.389,neutral,69.0908,-0.3331,-0.8857
UBER,UBER-006,2024-07-29T15:00:00-04:00,2024-07-30T08:00:00-04:00,6,63.78,64.06,2.4913,64.4052,64.8046,-48.51,-9.248,-30.605,neutral_down,68.6644,-0.4264,-1.0879
UBER,UBER-007,2024-07-30T09:00:00-04:00,2024-07-30T12:00:00-04:00,3,64.12,62.705,2.423,64.0514,64.3758,-24.441,7.458,24.572,neutral_down,68.2204,-0.444,-1.2036
UBER,UBER-008,2024-07-31T08:00:00-04:00,2024-07-31T10:00:00-04:00,2,64.0114,64.87,2.4042,63.7664,63.7699,20.149,-4.487,14.514,neutral,67.7531,-0.4673,-1.3378
UBER,UBER-009,2024-08-01T08:00:00-04:00,2024-08-01T10:00:00-04:00,2,64.82,62.5299,2.3826,64.6997,64.4889,22.954,1.465,-0.766,neutral,67.4564,-0.2966,-1.208
UBER,UBER-010,2024-08-09T16:00:00-04:00,2024-08-09T19:00:00-04:00,3,68.54,68.5,3.1366,68.528,68.2752,16.429,-1.048,-2.212,neutral,65.7431,0.3257,0.2867
UBER,UBER-011,2024-08-12T04:00:00-04:00,2024-08-12T05:00:00-04:00,1,68.83,68.78,3.029,68.5833,68.3801,22.115,9.124,7.066,neutral,65.9974,0.2543,0.5952
UBER,UBER-012,2024-08-12T08:00:00-04:00,2024-08-13T04:00:00-04:00,12,68.6,69.75,3.029,68.6273,68.4549,15.969,-4.958,-6.146,neutral,65.9974,0.2543,0.5952
UBER,UBER-013,2024-08-14T16:00:00-04:00,2024-08-14T18:00:00-04:00,2,72.0,71.96,2.8351,71.5789,71.1143,60.08,5.053,11.61,neutral_up,66.7261,0.4321,0.983
UBER,UBER-014,2024-08-16T09:00:00-04:00,2024-08-16T15:00:00-04:00,6,72.2693,72.035,2.6468,72.5742,72.4711,-8.403,-7.866,-38.595,neutral,67.6978,0.5032,1.4039
UBER,UBER-015,2024-08-16T16:00:00-04:00,2024-08-16T17:00:00-04:00,1,72.07,71.7,2.6468,72.1874,72.2836,-18.268,1.893,-1.629,neutral,67.6978,0.5032,1.4039
UBER,UBER-016,2024-08-19T09:00:00-04:00,2024-08-19T13:00:00-04:00,4,72.34,73.745,2.5717,72.0942,72.1286,10.566,9.2,25.586,neutral,68.0921,0.3943,1.366
UBER,UBER-017,2024-08-20T15:00:00-04:00,2024-08-20T16:00:00-04:00,1,73.32,73.3594,2.5612,73.6898,73.5521,-4.419,-15.356,-25.072,neutral,68.6474,0.5553,1.4528
UBER,UBER-018,2024-08-20T17:00:00-04:00,2024-08-20T19:00:00-04:00,2,73.28,73.35,2.5612,73.555,73.5115,-16.096,-5.958,-27.034,neutral,68.6474,0.5553,1.4528
UBER,UBER-019,2024-08-21T09:00:00-04:00,2024-08-23T06:00:00-04:00,26,73.91,72.81,2.464,73.5348,73.4992,18.888,21.705,35.158,neutral,69.0722,0.4248,1.3743
UBER,UBER-020,2024-08-23T09:00:00-04:00,2024-08-23T12:00:00-04:00,3,72.82,74.0,2.3097,72.5876,72.8102,-8.731,9.195,6.301,neutral,69.8248,0.3555,1.1774
UBER,UBER-021,2024-08-27T13:00:00-04:00,2024-08-28T11:00:00-04:00,12,72.765,71.76,2.2876,72.6595,72.7843,-6.531,4.974,4.463,neutral,70.4498,0.22,0.9806
UBER,UBER-022,2024-08-30T11:00:00-04:00,2024-09-03T17:00:00-04:00,20,72.56,71.79,2.1162,72.6871,72.5227,17.909,-15.257,-3.301,neutral,70.892,0.1358,0.4422
UBER,UBER-023,2024-09-04T16:00:00-04:00,2024-09-05T05:00:00-04:00,5,71.56,71.73,2.0863,71.8234,71.9811,-24.084,-2.888,-29.689,neutral_down,71.1647,0.0765,0.4085
UBER,UBER-024,2024-09-05T08:00:00-04:00,2024-09-06T06:00:00-04:00,13,71.49,70.62,2.0365,71.6932,71.8238,-20.666,-6.387,-8.432,neutral,71.1997,0.035,0.3077
UBER,UBER-025,2024-09-06T09:00:00-04:00,2024-09-06T10:00:00-04:00,1,70.67,69.18,2.0125,70.9922,71.235,-28.798,-11.348,22.871,neutral_down,71.207,0.0073,0.1189
UBER,UBER-026,2024-09-09T18:00:00-04:00,2024-09-10T04:00:00-04:00,2,70.0,70.0,2.1038,70.0753,70.1208,-7.426,-1.08,2.147,neutral,71.06,-0.147,-0.1047
UBER,UBER-027,2024-09-10T07:00:00-04:00,2024-09-10T10:00:00-04:00,3,70.0,67.88,2.0678,70.0496,70.0953,-7.539,-0.484,-6.365,neutral,70.9455,-0.1145,-0.2543
UBER,UBER-028,2024-09-10T11:00:00-04:00,2024-09-10T12:00:00-04:00,1,68.53,68.49,2.0678,69.3626,69.7434,-63.247,2.579,-62.922,accumulation,70.9455,-0.1145,-0.2543
UBER,UBER-029,2024-09-11T12:00:00-04:00,2024-09-11T16:00:00-04:00,4,68.42,70.11,2.1215,68.3929,68.7643,-33.769,15.478,-8.331,neutral_down,70.765,-0.1805,-0.442
UBER,UBER-030,2024-09-16T13:00:00-04:00,2024-09-16T16:00:00-04:00,3,71.785,71.45,2.3993,71.9335,71.6256,8.905,0.942,-11.439,neutral,70.6475,0.1833,-0.1175
UBER,UBER-031,2024-09-17T10:00:00-04:00,2024-09-17T11:00:00-04:00,1,73.18,73.49,2.3322,72.0716,71.8384,49.4,38.597,31.198,neutral_up,70.7259,0.0784,0.0222
UBER,UBER-032,2024-09-18T10:00:00-04:00,2024-09-18T17:00:00-04:00,7,72.79,73.72,2.3385,72.8215,72.6133,19.89,-6.756,-7.219,neutral,70.914,0.1881,0.4498
UBER,UBER-033,2024-09-20T08:00:00-04:00,2024-09-20T12:00:00-04:00,4,75.33,74.2,2.3946,75.1709,74.9594,24.614,10.25,6.01,neutral_up,71.5225,0.3707,0.7967
UBER,UBER-034,2024-09-23T09:00:00-04:00,2024-09-23T18:00:00-04:00,9,74.66,74.91,2.3506,74.369,74.3832,16.945,1.801,36.244,neutral,71.7396,0.217,0.8256
UBER,UBER-035,2024-09-25T12:00:00-04:00,2024-09-26T10:00:00-04:00,14,78.045,75.21,2.3271,77.62,77.1521,48.353,9.03,-1.969,neutral_up,72.5044,0.4966,0.9818
UBER,UBER-036,2024-09-27T13:00:00-04:00,2024-09-27T18:00:00-04:00,5,76.255,75.78,2.3233,76.3903,76.5926,-28.029,4.698,-8.685,neutral_down,73.2666,0.3408,1.2588
UBER,UBER-037,2024-09-30T15:00:00-04:00,2024-09-30T16:00:00-04:00,1,75.19,75.16,2.2559,75.1816,75.5102,-32.556,10.405,11.789,neutral_down,73.4942,0.2276,0.9898
UBER,UBER-038,2024-09-30T17:00:00-04:00,2024-10-01T04:00:00-04:00,3,74.97,75.15,2.2559,75.1358,75.4322,-30.626,-3.116,12.335,neutral_down,73.4942,0.2276,0.9898
UBER,UBER-039,2024-10-01T07:00:00-04:00,2024-10-01T19:00:00-04:00,12,75.29,74.113,2.203,75.1445,75.3185,-12.0,9.258,15.017,neutral,73.6484,0.1542,0.7226
UBER,UBER-040,2024-10-02T12:00:00-04:00,2024-10-02T15:00:00-04:00,3,73.385,72.86,2.1835,73.8475,74.197,-49.04,-10.093,0.262,neutral_down,73.7058,0.0574,0.4392
UBER,UBER-041,2024-10-03T14:00:00-04:00,2024-10-04T06:00:00-04:00,7,72.96,73.55,2.1361,72.6946,72.9553,-12.227,12.567,30.419,neutral,73.6289,-0.0769,0.1347
UBER,UBER-042,2024-10-07T09:00:00-04:00,2024-10-07T10:00:00-04:00,1,74.58,75.42,2.0273,74.1764,73.9545,33.677,16.879,19.27,neutral_up,73.6284,0.0622,-0.0774
UBER,UBER-043,2024-10-07T12:00:00-04:00,2024-10-07T13:00:00-04:00,1,74.77,74.75,2.0273,74.5973,74.2309,50.666,-13.016,16.989,neutral_up,73.6284,0.0622,-0.0774
UBER,UBER-044,2024-10-07T14:00:00-04:00,2024-10-08T06:00:00-04:00,8,73.84,75.05,2.0273,74.4702,74.2383,7.907,-34.484,-55.775,neutral,73.6284,0.0622,-0.0774
UBER,UBER-045,2024-10-10T14:00:00-04:00,2024-10-11T04:00:00-04:00,6,77.825,81.0,2.0507,77.8015,77.5004,28.587,-5.43,-1.379,neutral_up,74.2953,0.3565,0.6669
UBER,UBER-046,2024-10-14T13:00:00-04:00,2024-10-15T11:00:00-04:00,14,84.82,83.34,2.5085,85.2082,84.5829,18.37,-8.974,-5.261,neutral,75.6829,1.0617,1.7441
UBER,UBER-047,2024-10-16T13:00:00-04:00,2024-10-16T15:00:00-04:00,2,82.37,81.9,2.4678,82.6708,83.1306,-47.253,-0.351,23.604,neutral_down,77.1358,0.6104,2.5146
UBER,UBER-048,2024-10-18T06:00:00-04:00,2024-10-18T14:00:00-04:00,8,80.66,78.955,2.4291,80.1795,80.4809,-10.105,19.172,20.541,neutral,77.7817,0.2128,1.2564
UBER,UBER-049,2024-10-21T11:00:00-04:00,2024-10-21T12:00:00-04:00,1,80.04,80.1108,2.3806,79.6112,79.5762,24.101,2.42,51.039,neutral_up,77.9079,0.1262,0.7721
UBER,UBER-050,2024-10-21T13:00:00-04:00,2024-10-21T14:00:00-04:00,1,80.4352,80.0586,2.3806,79.8559,79.6985,35.942,9.35,14.26,neutral_up,77.9079,0.1262,0.7721
UBER,UBER-051,2024-10-22T08:00:00-04:00,2024-10-22T10:00:00-04:00,2,80.15,81.175,2.3105,80.1012,80.0364,-4.18,10.516,-27.719,neutral,78.1427,0.2347,0.5738
UBER,UBER-052,2024-10-22T11:00:00-04:00,2024-10-23T06:00:00-04:00,11,80.47,80.53,2.3105,80.3991,80.2055,21.991,-8.498,26.17,neutral,78.1427,0.2347,0.5738
UBER,UBER-053,2024-10-23T08:00:00-04:00,2024-10-23T17:00:00-04:00,9,80.72,78.25,2.2362,80.5473,80.428,22.316,2.021,18.533,neutral,78.3479,0.2052,0.5661
UBER,UBER-054,2024-10-25T05:00:00-04:00,2024-10-25T16:00:00-04:00,11,78.97,77.45,2.19,78.4321,78.505,13.869,17.131,22.615,neutral,78.4755,-0.008,0.3328
UBER,UBER-055,2024-10-28T12:00:00-04:00,2024-10-28T16:00:00-04:00,4,77.72,77.69,2.1679,77.9278,78.0091,-15.843,-4.761,-13.818,neutral,78.3968,-0.0787,0.0489
UBER,UBER-056,2024-10-28T18:00:00-04:00,2024-10-28T19:00:00-04:00,1,77.83,77.8499,2.1679,77.8229,77.9087,-8.937,1.856,8.945,neutral,78.3968,-0.0787,0.0489
UBER,UBER-057,2024-10-29T05:00:00-04:00,2024-10-29T06:00:00-04:00,1,77.82,77.9,2.078,77.8269,77.8897,-7.068,-0.204,1.869,neutral,78.3335,-0.0633,-0.1501
UBER,UBER-058,2024-10-29T07:00:00-04:00,2024-10-29T10:00:00-04:00,3,77.7,79.43,2.078,77.8132,77.8733,-11.299,-8.283,-4.435,neutral,78.3335,-0.0633,-0.1501
UBER,UBER-059,2024-10-30T13:00:00-04:00,2024-10-31T06:00:00-04:00,9,79.43,74.99,2.0932,79.5702,79.3378,19.083,-11.67,-11.478,neutral,78.4168,0.0833,-0.0587
UBER,UBER-060,2024-10-31T08:00:00-04:00,2024-10-31T09:00:00-04:00,1,74.2495,72.4,2.0333,77.4227,78.4748,-74.772,-1.259,-113.991,accumulation,78.5098,0.093,0.113
UBER,UBER-061,2024-11-01T17:00:00-04:00,2024-11-06T19:00:00-05:00,50,73.2619,75.63,2.5716,73.3406,73.5925,-12.438,-0.341,-5.769,neutral,77.9217,-0.5881,-0.4117
UBER,UBER-062,2024-11-08T13:00:00-05:00,2024-11-08T16:00:00-05:00,3,72.12,71.85,2.563,72.6582,73.1562,-49.108,-5.023,-4.659,neutral_down,76.3023,-0.3182,-0.8132
UBER,UBER-063,2024-11-11T09:00:00-05:00,2024-11-12T06:00:00-05:00,13,72.57,71.39,2.5231,72.2623,72.4629,-1.611,8.87,33.398,neutral,75.9139,-0.3884,-0.9347
UBER,UBER-064,2024-11-12T09:00:00-05:00,2024-11-14T18:00:00-05:00,41,71.945,71.35,2.4615,71.6848,71.8471,-4.08,11.956,41.725,neutral,75.5281,-0.3858,-1.0924
UBER,UBER-065,2024-11-14T19:00:00-05:00,2024-11-15T06:00:00-05:00,3,71.16,72.15,2.3299,71.4796,71.5065,-20.227,-8.994,-19.18,neutral,74.789,-0.3629,-1.1249
UBER,UBER-066,2024-11-15T08:00:00-05:00,2024-11-15T11:00:00-05:00,3,71.96,73.0,2.3056,71.751,71.6364,26.677,-2.365,28.536,neutral_up,74.485,-0.304,-1.0431
UBER,UBER-067,2024-11-18T08:00:00-05:00,2024-11-18T09:00:00-05:00,1,72.0,68.66,2.297,72.2517,72.3337,-27.023,12.665,-22.533,neutral_down,74.3728,-0.1123,-0.7792
UBER,UBER-068,2024-11-19T13:00:00-05:00,2024-11-22T12:00:00-05:00,47,69.1799,70.85,2.5222,68.945,69.3679,-16.302,7.845,20.552,neutral,73.9161,-0.4566,-0.8729
UBER,UBER-069,2024-11-26T09:00:00-05:00,2024-11-26T10:00:00-05:00,1,72.15,72.0896,2.3137,73.0896,72.7782,8.023,-48.509,-48.173,neutral,72.7587,0.0661,-0.3713
UBER,UBER-070,2024-11-27T14:00:00-05:00,2024-12-02T14:00:00-05:00,27,71.54,72.98,2.3027,71.9681,72.0528,-20.684,-17.789,-32.917,neutral,72.6479,-0.1108,-0.1639
UBER,UBER-071,2024-12-04T13:00:00-05:00,2024-12-05T07:00:00-05:00,9,71.955,72.3,2.1388,71.6509,71.81,-5.967,16.714,30.131,neutral,72.438,-0.1168,-0.1174
UBER,UBER-072,2024-12-05T09:00:00-05:00,2024-12-05T10:00:00-05:00,1,71.05,68.8,2.111,71.92,71.9457,-26.45,-50.737,-46.685,neutral_down,72.4145,-0.0235,-0.0867
UBER,UBER-073,2024-12-06T15:00:00-05:00,2024-12-10T12:00:00-05:00,29,66.16,64.76,2.5245,66.0378,66.7151,-35.051,7.546,18.366,neutral_down,71.7632,-0.6513,-0.7916
UBER,UBER-074,2024-12-10T16:00:00-05:00,2024-12-10T17:00:00-05:00,1,64.39,64.4,2.3821,64.9784,65.3751,-54.542,-4.183,1.2,neutral_down,70.7548,-0.499,-1.6597
UBER,UBER-075,2024-12-12T13:00:00-05:00,2024-12-12T14:00:00-05:00,1,62.04,61.825,2.4678,62.5649,62.9057,-27.192,-7.074,-6.702,neutral_down,69.4085,-0.8214,-1.8453
UBER,UBER-076,2024-12-13T09:00:00-05:00,2024-12-13T10:00:00-05:00,1,61.22,60.41,2.4591,61.8872,62.1457,-22.121,-23.709,-14.164,neutral,68.6823,-0.7262,-2.0726
UBER,UBER-077,2024-12-13T12:00:00-05:00,2024-12-13T13:00:00-05:00,1,61.2,60.7,2.4591,61.3747,61.8119,-40.221,12.034,-18.1,neutral_down,68.6823,-0.7262,-2.0726
UBER,UBER-078,2024-12-13T14:00:00-05:00,2024-12-13T15:00:00-05:00,1,60.585,59.94,2.4591,61.1088,61.6085,-46.202,-2.64,6.052,neutral_down,68.6823,-0.7262,-2.0726
UBER,UBER-079,2024-12-16T11:00:00-05:00,2024-12-18T04:00:00-05:00,25,60.655,61.74,2.4634,60.7367,60.9207,-12.594,-0.773,-16.224,neutral,67.8875,-0.7948,-2.3423
UBER,UBER-080,2024-12-19T08:00:00-05:00,2024-12-19T10:00:00-05:00,2,62.32,60.51,2.3902,62.1973,61.9959,17.389,-0.388,4.989,neutral,66.1409,-0.4921,-1.7466
UBER,UBER-081,2024-12-20T13:00:00-05:00,2024-12-20T16:00:00-05:00,3,60.705,60.72,2.3859,60.484,60.5412,14.999,-6.235,23.629,neutral,65.6072,-0.5337,-1.5851
UBER,UBER-082,2024-12-23T11:00:00-05:00,2024-12-23T16:00:00-05:00,5,61.81,61.92,2.3326,61.2473,61.0093,34.104,13.319,19.56,neutral_up,65.1629,-0.4443,-1.4701
UBER,UBER-083,2024-12-24T10:00:00-05:00,2024-12-27T11:00:00-05:00,28,61.625,60.435,2.2732,61.7685,61.6582,-3.751,1.212,-39.605,neutral,64.8645,-0.2984,-1.2765
UBER,UBER-084,2024-12-30T10:00:00-05:00,2025-01-02T06:00:00-05:00,28,60.68,61.15,2.0515,60.7344,60.9381,-36.351,14.543,-1.901,neutral_down,64.0167,-0.2867,-0.8478
UBER,UBER-085,2025-01-02T08:00:00-05:00,2025-01-02T09:00:00-05:00,1,61.75,62.47,1.9182,61.0295,60.847,60.846,12.17,47.447,neutral_up,63.4141,-0.3074,-0.8892
UBER,UBER-086,2025-01-07T09:00:00-05:00,2025-01-07T14:00:00-05:00,5,67.672,66.425,2.0539,67.7042,66.9624,41.801,-15.979,-29.603,neutral_up,63.7623,0.2578,0.3481
UBER,UBER-087,2025-01-10T10:00:00-05:00,2025-01-10T14:00:00-05:00,4,65.94,66.265,2.1455,65.1481,65.2793,9.789,21.586,33.794,neutral,64.0656,0.0844,0.5611
UBER,UBER-088,2025-01-13T10:00:00-05:00,2025-01-13T11:00:00-05:00,1,65.8765,65.92,2.1809,65.708,65.6225,19.126,-8.062,46.346,neutral,64.2387,0.1731,0.4765
UBER,UBER-089,2025-01-13T13:00:00-05:00,2025-01-13T15:00:00-05:00,2,66.445,65.69,2.1809,65.9861,65.7801,27.502,4.765,8.376,neutral_up,64.2387,0.1731,0.4765
UBER,UBER-090,2025-01-14T10:00:00-05:00,2025-01-14T12:00:00-05:00,2,65.17,65.08,2.1804,65.9193,65.9284,-20.426,-23.815,-34.169,neutral,64.3706,0.1319,0.3895
UBER,UBER-091,2025-01-14T13:00:00-05:00,2025-01-14T15:00:00-05:00,2,65.4,64.85,2.1804,65.5515,65.7334,-29.99,9.65,-9.563,neutral_down,64.3706,0.1319,0.3895
UBER,UBER-092,2025-01-21T13:00:00-05:00,2025-01-24T04:00:00-05:00,39,68.0101,68.3,2.1935,67.7713,67.8138,7.514,7.723,36.18,neutral,65.2187,0.2111,0.8045
UBER,UBER-093,2025-01-28T12:00:00-05:00,2025-01-29T04:00:00-05:00,8,68.59,68.27,1.9211,68.8868,68.7707,3.282,-14.14,0.303,neutral,66.3848,0.2395,0.7218
UBER,UBER-094,2025-01-30T13:00:00-05:00,2025-01-30T18:00:00-05:00,5,66.43,66.44,1.9845,65.9592,66.2697,-5.035,10.87,6.632,neutral,66.56,0.021,0.4146
UBER,UBER-095,2025-01-31T13:00:00-05:00,2025-02-03T05:00:00-05:00,8,67.13,65.4,2.1143,67.1752,66.9105,22.234,-9.183,-16.848,neutral,66.5604,0.0005,0.1756
UBER,UBER-096,2025-02-05T07:00:00-05:00,2025-02-05T09:00:00-05:00,2,66.5,65.1807,2.2343,68.9968,68.9386,-28.192,-33.282,-92.267,neutral_down,66.937,0.2813,0.3766
UBER,UBER-097,2025-02-06T10:00:00-05:00,2025-02-06T12:00:00-05:00,2,67.15,68.58,2.5211,65.7723,65.9294,21.843,15.861,48.104,neutral,66.7145,-0.2225,0.1278
UBER,UBER-098,2025-02-11T10:00:00-05:00,2025-02-11T17:00:00-05:00,7,77.8336,75.22,3.1245,78.0603,77.424,27.429,-10.424,-11.385,neutral_up,68.6942,0.9921,1.9797
UBER,UBER-099,2025-02-13T14:00:00-05:00,2025-02-14T18:00:00-05:00,20,79.825,79.31,3.2916,79.5018,79.0645,29.147,5.502,7.886,neutral_up,70.342,0.9018,2.6399
UBER,UBER-100,2025-02-18T04:00:00-05:00,2025-02-18T05:00:00-05:00,1,79.65,79.65,3.0778,79.4472,79.5268,-4.554,12.715,12.413,neutral,71.9885,0.7421,2.5483
UBER,UBER-101,2025-02-18T08:00:00-05:00,2025-02-18T10:00:00-05:00,2,80.03,80.77,3.0778,79.6493,79.6037,19.869,12.456,18.181,neutral,71.9885,0.7421,2.5483
UBER,UBER-102,2025-02-19T11:00:00-05:00,2025-02-19T18:00:00-05:00,7,80.43,80.99,3.008,80.6878,80.6891,-17.363,2.997,-39.308,neutral,72.8532,0.8647,2.5112
UBER,UBER-103,2025-02-20T08:00:00-05:00,2025-02-21T13:00:00-05:00,21,81.25,78.9816,2.9817,80.9509,80.8741,16.358,12.009,20.323,neutral,73.6102,0.757,2.3638
UBER,UBER-104,2025-02-25T13:00:00-05:00,2025-02-25T14:00:00-05:00,1,74.87,74.785,3.035,75.102,75.9301,-50.586,7.381,16.926,neutral_down,74.8782,0.1532,1.268
UBER,UBER-105,2025-02-25T18:00:00-05:00,2025-02-27T05:00:00-05:00,19,75.4,76.27,3.035,75.0529,75.5765,-22.517,14.059,18.341,neutral,74.8782,0.1532,1.268
UBER,UBER-106,2025-02-27T09:00:00-05:00,2025-02-27T17:00:00-05:00,8,75.765,74.2,2.9187,76.1735,75.9944,8.019,-20.666,-23.935,neutral,74.9753,0.0915,0.2503
UBER,UBER-107,2025-03-05T15:00:00-05:00,2025-03-10T11:00:00-04:00,44,76.48,73.435,3.1855,75.9934,75.664,27.676,2.202,21.895,neutral_up,74.986,0.0304,0.0803
UBER,UBER-108,2025-03-11T10:00:00-04:00,2025-03-12T06:00:00-04:00,12,71.5907,71.22,3.1388,72.399,72.9497,-22.636,-11.752,-3.365,neutral,75.0167,-0.1967,-0.1051
UBER,UBER-109,2025-03-12T08:00:00-04:00,2025-03-14T05:00:00-04:00,29,72.2999,70.49,3.2489,71.4555,71.6891,5.888,14.278,20.503,neutral,74.6197,-0.397,-0.4865
UBER,UBER-110,2025-03-14T08:00:00-04:00,2025-03-14T12:00:00-04:00,4,70.72,71.5,3.1802,70.3895,70.5127,4.782,6.123,16.021,neutral,73.8696,-0.4375,-1.1471
UBER,UBER-111,2025-03-19T09:00:00-04:00,2025-03-19T16:00:00-04:00,7,71.745,72.9107,2.9996,71.6262,71.7764,-11.546,9.634,1.675,neutral,73.3905,-0.183,-0.4791
UBER,UBER-112,2025-03-21T12:00:00-04:00,2025-03-21T14:00:00-04:00,2,75.4,75.67,3.009,74.4625,74.0984,48.342,17.938,44.7,neutral_up,73.448,0.0912,-0.1255
UBER,UBER-113,2025-03-24T15:00:00-04:00,2025-03-25T12:00:00-04:00,13,76.455,75.29,3.0248,76.2376,75.9213,19.521,8.043,4.318,neutral,73.6645,0.2165,0.2741
UBER,UBER-114,2025-03-27T13:00:00-04:00,2025-03-27T16:00:00-04:00,3,74.4002,74.8642,2.8365,74.4726,74.5075,1.801,-7.781,-25.526,neutral,74.077,0.0073,0.4125
UBER,UBER-115,2025-03-28T09:00:00-04:00,2025-03-28T11:00:00-04:00,2,74.38,73.21,2.7831,74.6041,74.6191,-10.812,-6.895,-10.688,neutral,74.1482,0.0712,0.23
UBER,UBER-116,2025-04-01T11:00:00-04:00,2025-04-02T12:00:00-04:00,17,72.37,74.95,2.7682,72.3746,72.4368,-13.559,10.206,-15.069,neutral,73.9159,-0.1016,-0.1612
UBER,UBER-117,2025-04-02T16:00:00-04:00,2025-04-02T17:00:00-04:00,1,72.41,71.4878,2.7304,73.6048,73.2647,8.844,-37.653,-50.47,neutral,73.8335,-0.0824,-0.3147
UBER,UBER-118,2025-04-04T04:00:00-04:00,2025-04-04T06:00:00-04:00,2,69.45,66.42,2.9179,69.9582,70.6632,-41.994,-2.52,-2.169,neutral_down,73.5256,-0.3676,-0.3902
UBER,UBER-119,2025-04-07T10:00:00-04:00,2025-04-08T04:00:00-04:00,10,64.835,66.7,3.1316,63.7223,64.8787,-20.923,20.163,38.791,neutral,72.7133,-0.8123,-1.1202
UBER,UBER-120,2025-04-08T14:00:00-04:00,2025-04-08T19:00:00-04:00,5,65.3,63.33,3.4048,66.8362,66.5947,-13.214,-14.001,-42.87,neutral,72.0685,-0.6448,-1.8247
UBER,UBER-121,2025-04-09T09:00:00-04:00,2025-04-09T13:00:00-04:00,4,66.24,71.78,3.6309,65.2252,65.5232,-1.761,15.363,10.261,neutral,71.4286,-0.6399,-2.097
UBER,UBER-122,2025-04-10T16:00:00-04:00,2025-04-14T05:00:00-04:00,21,70.51,73.1,3.9751,70.7641,70.2716,9.457,-4.435,-2.033,neutral,71.5405,0.1119,-1.1728
UBER,UBER-123,2025-04-14T15:00:00-04:00,2025-04-17T11:00:00-04:00,44,73.12,74.94,3.9473,72.981,72.5134,26.686,-2.592,10.493,neutral_up,71.5521,0.0698,0.1235
UBER,UBER-124,2025-04-21T09:00:00-04:00,2025-04-21T11:00:00-04:00,2,74.23,72.86,3.5037,74.4247,74.4422,-15.958,5.645,-5.529,neutral,72.3009,0.2919,0.6063
UBER,UBER-125,2025-04-23T11:00:00-04:00,2025-04-23T14:00:00-04:00,3,73.8,74.0365,3.4868,75.165,74.8984,-8.561,-27.172,-70.572,neutral,72.5476,0.1912,0.5385
UBER,UBER-126,2025-04-25T13:00:00-04:00,2025-04-30T07:00:00-04:00,41,77.7,78.95,3.6257,78.2683,77.6274,23.346,-20.808,-27.608,neutral,73.1508,0.4939,0.7945
UBER,UBER-127,2025-04-30T08:00:00-04:00,2025-04-30T15:00:00-04:00,7,77.62,80.97,3.3296,78.7771,78.7214,-22.99,-38.844,-51.086,neutral,74.4935,0.4926,1.3427
UBER,UBER-128,2025-05-01T16:00:00-04:00,2025-05-02T10:00:00-04:00,10,80.9997,83.71,3.3717,81.1468,80.887,7.654,-2.031,-11.952,neutral,75.0823,0.5888,1.5168
UBER,UBER-129,2025-05-06T10:00:00-04:00,2025-05-07T05:00:00-04:00,11,85.375,86.45,3.3036,84.7375,84.6503,7.53,18.046,27.143,neutral,77.2138,0.8196,2.1315
UBER,UBER-130,2025-05-07T06:00:00-04:00,2025-05-07T17:00:00-04:00,11,80.45,83.7099,3.3126,84.8587,85.0418,-34.708,-69.617,-73.037,neutral_down,77.9989,0.7851,2.3923
UBER,UBER-131,2025-05-08T08:00:00-04:00,2025-05-09T06:00:00-04:00,14,84.002,82.62,3.4853,84.0242,84.0961,-0.171,-2.361,0.93,neutral,78.5118,0.5128,2.1175
UBER,UBER-132,2025-05-09T09:00:00-04:00,2025-05-12T04:00:00-04:00,11,83.4,86.41,3.3792,82.7396,82.9489,0.788,17.275,19.43,neutral,78.8589,0.3471,1.645
UBER,UBER-133,2025-05-14T13:00:00-04:00,2025-05-15T04:00:00-04:00,7,90.02,88.4,3.5948,90.5904,90.2699,1.869,-10.964,-8.957,neutral,81.0858,1.0604,2.2269
UBER,UBER-134,2025-05-15T08:00:00-04:00,2025-05-16T05:00:00-04:00,13,89.1332,90.85,3.4816,89.5146,89.8099,-27.921,-0.538,9.2,neutral_down,81.9312,0.8454,2.7168
UBER,UBER-135,2025-05-16T09:00:00-04:00,2025-05-16T12:00:00-04:00,3,90.71,92.505,3.3665,90.6251,90.3972,14.694,-0.157,-24.239,neutral,82.6811,0.7499,2.6557
UBER,UBER-136,2025-05-16T13:00:00-04:00,2025-05-16T14:00:00-04:00,1,91.87,91.925,3.3665,91.4495,90.9037,50.579,-9.668,27.301,neutral_up,82.6811,0.7499,2.6557
UBER,UBER-137,2025-05-16T17:00:00-04:00,2025-05-16T19:00:00-04:00,2,90.45,89.9,3.3665,91.3241,91.0345,0.271,-25.35,-45.553,neutral,82.6811,0.7499,2.6557
UBER,UBER-138,2025-05-20T13:00:00-04:00,2025-05-20T19:00:00-04:00,6,92.93,91.5853,3.2562,92.9922,92.5475,21.336,-4.359,-13.622,neutral,84.3225,0.8147,2.3914
UBER,UBER-139,2025-05-22T12:00:00-04:00,2025-05-27T05:00:00-04:00,25,88.2584,89.6,3.2838,88.5817,89.1223,-35.229,-3.768,-3.778,neutral_down,85.3409,0.3304,1.8331
UBER,UBER-140,2025-05-27T15:00:00-04:00,2025-05-27T16:00:00-04:00,1,89.035,89.1,3.0508,88.9544,88.7001,13.382,1.256,-14.072,neutral,85.7763,0.1964,0.7658
UBER,UBER-141,2025-05-28T07:00:00-04:00,2025-05-29T09:00:00-04:00,18,89.21,84.53,2.974,89.0123,88.8688,15.322,7.148,6.876,neutral,86.0725,0.2962,0.7316
UBER,UBER-142,2025-05-30T13:00:00-04:00,2025-06-03T16:00:00-04:00,35,83.61,82.51,3.0603,83.6877,84.4439,-42.917,8.3,12.837,neutral_down,86.0948,-0.1775,0.3185
UBER,UBER-143,2025-06-04T10:00:00-04:00,2025-06-04T12:00:00-04:00,2,83.37,83.76,2.8587,83.1632,83.1219,23.504,-9.884,34.72,neutral,85.4173,-0.2877,-0.6775
UBER,UBER-144,2025-06-04T13:00:00-04:00,2025-06-04T14:00:00-04:00,1,83.665,83.7,2.8587,83.4137,83.2592,25.315,-1.756,1.811,neutral_up,85.4173,-0.2877,-0.6775
UBER,UBER-145,2025-06-05T09:00:00-04:00,2025-06-06T11:00:00-04:00,18,83.425,85.645,2.8095,83.7835,83.5974,15.303,-25.404,-17.714,neutral,85.2362,-0.1811,-0.6764
UBER,UBER-146,2025-06-06T17:00:00-04:00,2025-06-06T18:00:00-04:00,1,85.6453,85.65,2.7995,85.4964,85.0942,29.231,0.311,-9.005,neutral_up,85.182,-0.0542,-0.5231
UBER,UBER-147,2025-06-09T08:00:00-04:00,2025-06-09T09:00:00-04:00,1,86.0,87.175,2.746,85.8346,85.4869,36.226,-1.051,-5.832,neutral_up,85.22,0.038,-0.1973
UBER,UBER-148,2025-06-10T11:00:00-04:00,2025-06-10T18:00:00-04:00,7,86.7197,86.55,2.7113,87.1778,87.0229,-10.973,-3.331,-67.055,neutral,85.3932,0.1732,0.157
UBER,UBER-149,2025-06-11T04:00:00-04:00,2025-06-11T05:00:00-04:00,1,86.91,86.73,2.7162,86.6979,86.8006,-7.618,13.194,7.366,neutral,85.4847,0.0915,0.3027
UBER,UBER-150,2025-06-11T09:00:00-04:00,2025-06-12T06:00:00-04:00,13,87.185,85.4,2.7162,86.8077,86.8118,8.423,10.129,12.326,neutral,85.4847,0.0915,0.3027
UBER,UBER-151,2025-06-12T09:00:00-04:00,2025-06-12T10:00:00-04:00,1,86.13,85.94,2.6407,85.932,86.2184,-21.065,15.872,34.657,neutral,85.5834,0.0987,0.3634
UBER,UBER-152,2025-06-12T15:00:00-04:00,2025-06-13T04:00:00-04:00,5,85.68,83.96,2.6407,85.6915,85.9468,-18.912,2.618,18.115,neutral,85.5834,0.0987,0.3634
UBER,UBER-153,2025-06-13T13:00:00-04:00,2025-06-13T16:00:00-04:00,3,84.38,83.65,2.5893,84.7087,85.025,-20.899,-9.736,12.592,neutral,85.5922,0.0088,0.199
UBER,UBER-154,2025-06-16T07:00:00-04:00,2025-06-16T11:00:00-04:00,4,85.3,85.62,2.569,84.6051,84.641,26.5,11.275,44.336,neutral_up,85.4383,-0.1538,-0.0464
UBER,UBER-155,2025-06-17T08:00:00-04:00,2025-06-18T14:00:00-04:00,22,84.6505,83.39,2.5369,84.776,84.8648,-17.388,0.335,-0.255,neutral,85.4117,-0.0267,-0.1717
UBER,UBER-156,2025-06-20T16:00:00-04:00,2025-06-20T17:00:00-04:00,1,83.78,83.65,2.5675,84.0443,84.0768,-10.505,-6.519,-28.087,neutral,85.1769,-0.1737,-0.2614
UBER,UBER-157,2025-06-23T04:00:00-04:00,2025-06-23T05:00:00-04:00,1,83.3,83.4,2.522,83.7953,83.939,-26.29,-13.865,-9.437,neutral_down,85.0454,-0.1315,-0.3663
UBER,UBER-158,2025-06-23T09:00:00-04:00,2025-06-23T16:00:00-04:00,7,83.68,85.6,2.522,83.5672,83.7508,-17.893,13.493,10.743,neutral,85.0454,-0.1315,-0.3663
UBER,UBER-159,2025-06-25T13:00:00-04:00,2025-06-26T12:00:00-04:00,15,90.8548,93.2,2.8786,91.3412,90.715,15.895,-9.481,-37.511,neutral,85.6558,0.5964,0.4789
UBER,UBER-160,2025-07-01T10:00:00-04:00,2025-07-01T11:00:00-04:00,1,91.391,91.0,2.8295,92.7728,92.7214,-26.177,-45.755,-58.74,neutral_down,87.7465,0.5524,1.6166
UBER,UBER-161,2025-07-02T11:00:00-04:00,2025-07-03T12:00:00-04:00,17,92.175,93.51,2.8389,92.5202,92.4203,12.866,-23.263,21.061,neutral,88.1495,0.403,1.386
UBER,UBER-162,2025-07-08T12:00:00-04:00,2025-07-09T05:00:00-04:00,9,96.51,97.63,2.8223,96.3974,95.9784,15.793,5.698,-19.621,neutral,89.6701,0.7,1.5206
UBER,UBER-163,2025-07-09T15:00:00-04:00,2025-07-09T17:00:00-04:00,2,96.59,96.747,2.7986,96.7737,96.8477,-20.887,6.533,-12.643,neutral,90.3801,0.71,1.876
UBER,UBER-164,2025-07-10T10:00:00-04:00,2025-07-11T06:00:00-04:00,12,96.23,95.35,2.7141,96.3285,96.5582,-31.898,13.289,-7.377,neutral_down,90.9446,0.5645,1.9745
UBER,UBER-165,2025-07-11T08:00:00-04:00,2025-07-11T16:00:00-04:00,8,95.75,95.2,2.6866,95.931,96.2183,-36.301,7.26,4.417,neutral_down,91.4387,0.4941,1.7687
UBER,UBER-166,2025-07-11T18:00:00-04:00,2025-07-11T19:00:00-04:00,1,95.39,95.389,2.6866,95.6439,95.923,-36.952,1.435,-8.382,neutral_down,91.4387,0.4941,1.7687
UBER,UBER-167,2025-07-14T08:00:00-04:00,2025-07-14T10:00:00-04:00,2,95.1001,94.295,2.6065,95.3529,95.6563,-37.692,-1.703,7.125,neutral_down,91.7934,0.3547,1.4133
UBER,UBER-168,2025-07-15T09:00:00-04:00,2025-07-15T10:00:00-04:00,1,92.26,92.3721,2.5575,94.0158,94.3765,-43.137,-53.978,-38.466,neutral_down,91.984,0.1906,1.0394
UBER,UBER-169,2025-07-17T11:00:00-04:00,2025-07-18T07:00:00-04:00,12,90.695,91.12,2.6347,90.7343,91.0583,-29.959,10.54,-33.458,neutral_down,91.8841,-0.1159,0.0907
UBER,UBER-170,2025-07-18T08:00:00-04:00,2025-07-21T06:00:00-04:00,14,91.12,91.14,2.5537,90.9731,90.9385,14.248,-0.021,-0.229,neutral,91.7619,-0.1222,-0.2221
UBER,UBER-171,2025-07-21T09:00:00-04:00,2025-07-23T04:00:00-04:00,27,91.625,92.65,2.4973,91.0054,90.8487,41.218,21.152,12.403,neutral_up,91.6522,-0.1097,-0.3478
UBER,UBER-172,2025-07-25T14:00:00-04:00,2025-07-28T15:00:00-04:00,17,90.705,90.58,2.5328,90.7521,90.917,-14.277,2.418,7.212,neutral,91.4219,-0.0512,-0.191
UBER,UBER-173,2025-07-30T11:00:00-04:00,2025-08-01T05:00:00-04:00,26,87.265,86.4,2.5851,87.119,87.6142,-35.676,15.545,19.349,neutral_down,90.9551,-0.3835,-0.4668
UBER,UBER-174,2025-08-01T17:00:00-04:00,2025-08-04T06:00:00-04:00,5,86.98,88.0,2.4765,86.7532,86.9137,0.065,3.425,24.318,neutral,90.3897,-0.264,-0.9488
UBER,UBER-175,2025-08-06T06:00:00-04:00,2025-08-06T19:00:00-04:00,13,85.91,89.01,2.4153,89.6946,89.5433,-6.802,-81.697,-51.68,neutral,89.8863,-0.0411,-0.5034
UBER,UBER-176,2025-08-07T10:00:00-04:00,2025-08-07T17:00:00-04:00,7,89.7,92.29,2.5757,89.5631,89.3855,8.83,-0.495,-5.897,neutral,89.8312,-0.0551,-0.244
UBER,UBER-177,2025-08-11T14:00:00-04:00,2025-08-11T18:00:00-04:00,4,91.08,90.742,2.844,90.6244,90.4752,24.053,4.089,-1.545,neutral_up,90.0465,-0.0437,0.1602
UBER,UBER-178,2025-08-12T09:00:00-04:00,2025-08-12T10:00:00-04:00,1,91.75,92.015,2.8202,90.9185,90.7066,37.901,19.969,34.482,neutral_up,90.0959,0.0494,0.2647
UBER,UBER-179,2025-08-13T13:00:00-04:00,2025-08-13T14:00:00-04:00,1,90.95,90.24,2.7591,91.194,91.3281,-25.942,4.466,9.531,neutral_down,90.2463,0.1504,0.1561
UBER,UBER-180,2025-08-14T11:00:00-04:00,2025-08-15T08:00:00-04:00,12,92.03,91.55,2.7256,90.9771,90.9723,23.835,30.37,60.585,neutral_up,90.2994,0.0531,0.2528
UBER,UBER-181,2025-08-15T09:00:00-04:00,2025-08-15T10:00:00-04:00,1,92.12,93.19,2.6891,91.5139,91.3315,29.027,13.639,20.451,neutral_up,90.3994,0.1001,0.3035
UBER,UBER-182,2025-08-18T10:00:00-04:00,2025-08-18T15:00:00-04:00,5,93.02,93.97,2.7142,92.5921,92.4024,16.658,20.426,-0.652,neutral,90.6013,0.2019,0.355
UBER,UBER-183,2025-08-20T09:00:00-04:00,2025-08-20T10:00:00-04:00,1,92.86,91.7001,2.7028,94.7354,94.6364,-20.006,-54.636,-50.699,neutral,91.3114,0.4039,0.912
UBER,UBER-184,2025-08-21T13:00:00-04:00,2025-08-22T06:00:00-04:00,9,93.85,94.6,2.7891,93.3775,93.5049,-0.827,17.381,7.112,neutral,91.5322,0.2208,0.9309
UBER,UBER-185,2025-08-22T09:00:00-04:00,2025-08-22T10:00:00-04:00,1,95.58,96.87,2.7463,94.4606,94.1406,39.492,30.564,1.53,neutral_up,91.7783,0.2462,0.8708
UBER,UBER-186,2025-08-25T13:00:00-04:00,2025-08-25T16:00:00-04:00,3,95.45,95.28,2.7858,96.2438,96.1166,-14.956,-18.633,-41.669,neutral,92.234,0.4556,0.9226
UBER,UBER-187,2025-08-27T12:00:00-04:00,2025-08-27T15:00:00-04:00,3,96.215,95.33,2.7353,96.4101,96.2969,-2.06,-3.884,-26.592,neutral,92.8665,0.3684,1.0881
UBER,UBER-188,2025-08-28T18:00:00-04:00,2025-08-29T05:00:00-04:00,3,95.7521,95.29,2.6556,95.5986,95.5955,13.459,-1.256,0.534,neutral,93.0904,0.224,0.8565
UBER,UBER-189,2025-09-02T13:00:00-04:00,2025-09-04T15:00:00-04:00,32,93.025,91.99,2.7487,92.9045,93.2738,-19.908,8.122,4.688,neutral,93.3948,0.0435,0.5283
UBER,UBER-190,2025-09-04T16:00:00-04:00,2025-09-04T19:00:00-04:00,3,92.14,92.0009,2.6814,92.3417,92.5817,-22.69,-1.164,-7.476,neutral,93.3025,-0.0387,-0.0489
UBER,UBER-191,2025-09-05T09:00:00-04:00,2025-09-05T10:00:00-04:00,1,91.97,90.13,2.6467,92.2211,92.3629,-15.712,-10.21,-2.107,neutral,93.1831,-0.1193,-0.2117
UBER,UBER-192,2025-09-09T14:00:00-04:00,2025-09-10T06:00:00-04:00,7,94.66,95.2,2.7811,94.2861,93.8275,36.325,4.245,19.205,neutral_up,93.1097,0.125,-0.1928
UBER,UBER-193,2025-09-10T09:00:00-04:00,2025-09-10T14:00:00-04:00,5,94.9,94.07,2.776,95.1009,94.6723,31.608,-19.623,-15.83,neutral_up,93.3216,0.2118,0.1384
UBER,UBER-194,2025-09-10T15:00:00-04:00,2025-09-10T18:00:00-04:00,3,94.22,94.1,2.776,94.4477,94.4782,-15.951,2.073,-6.861,neutral,93.3216,0.2118,0.1384
UBER,UBER-195,2025-09-11T09:00:00-04:00,2025-09-11T10:00:00-04:00,1,96.025,95.74,2.7484,94.707,94.5471,42.861,41.283,39.336,neutral_up,93.4032,0.0817,0.4186
UBER,UBER-196,2025-09-11T13:00:00-04:00,2025-09-11T17:00:00-04:00,4,94.8,94.6,2.7484,95.1081,94.8313,21.509,-23.043,-30.06,neutral,93.4032,0.0817,0.4186
UBER,UBER-197,2025-09-12T09:00:00-04:00,2025-09-12T11:00:00-04:00,2,94.055,96.03,2.7178,94.6153,94.6901,-17.611,-20.171,-10.532,neutral,93.5184,0.1152,0.4087
UBER,UBER-198,2025-09-12T13:00:00-04:00,2025-09-12T14:00:00-04:00,1,95.385,95.82,2.7178,95.269,95.0262,29.078,-10.954,11.554,neutral_up,93.5184,0.1152,0.4087
UBER,UBER-199,2025-09-12T15:00:00-04:00,2025-09-12T16:00:00-04:00,1,95.88,95.6,2.7178,95.4793,95.1694,34.659,1.829,-5.373,neutral_up,93.5184,0.1152,0.4087
UBER,UBER-200,2025-09-18T12:00:00-04:00,2025-09-19T09:00:00-04:00,13,94.79,97.42,2.9608,94.2742,94.5296,-2.0,12.428,9.299,neutral,94.3904,-0.142,0.6573
UBER,UBER-201,2025-09-24T12:00:00-04:00,2025-09-29T04:00:00-04:00,40,97.49,99.2,2.9878,97.7854,98.1476,-34.047,2.362,-8.651,neutral_down,95.441,0.2349,1.0234
UBER,UBER-202,2025-09-30T07:00:00-04:00,2025-09-30T10:00:00-04:00,3,99.65,97.06,2.7397,99.6587,99.3785,29.392,-6.48,-4.088,neutral_up,96.3836,0.3181,0.7308
UBER,UBER-203,2025-10-01T13:00:00-04:00,2025-10-02T10:00:00-04:00,13,97.105,95.23,2.7654,97.3669,97.727,-31.539,-1.432,4.216,neutral_down,96.5251,0.1415,0.6971
UBER,UBER-204,2025-10-03T19:00:00-04:00,2025-10-06T04:00:00-04:00,1,96.68,97.05,2.7263,96.7527,96.8286,-14.679,5.187,1.96,neutral,96.5405,0.005,0.1569
UBER,UBER-205,2025-10-06T08:00:00-04:00,2025-10-06T09:00:00-04:00,1,96.59,99.18,2.663,96.7796,96.8273,-10.537,-6.317,-18.096,neutral,96.5436,0.0031,0.0185
UBER,UBER-206,2025-10-13T14:00:00-04:00,2025-10-13T16:00:00-04:00,2,94.46,94.05,2.9592,94.3768,94.6297,-9.667,2.421,9.261,neutral,96.7271,-0.3327,-0.2248
UBER,UBER-207,2025-10-14T08:00:00-04:00,2025-10-14T19:00:00-04:00,11,93.1998,94.31,2.88,93.5041,93.9569,-47.109,6.686,-2.742,neutral_down,96.4864,-0.2406,-0.6793
UBER,UBER-208,2025-10-15T05:00:00-04:00,2025-10-16T11:00:00-04:00,21,94.68,92.37,2.8686,94.6281,94.4302,19.597,-10.197,4.898,neutral,96.2813,-0.2051,-0.7785
UBER,UBER-209,2025-10-17T12:00:00-04:00,2025-10-20T10:00:00-04:00,14,91.64,93.96,2.9914,91.9607,92.4503,-26.647,-3.938,-2.075,neutral_down,95.7933,-0.3283,-0.6931
UBER,UBER-210,2025-10-21T09:00:00-04:00,2025-10-22T14:00:00-04:00,20,93.37,92.17,2.8273,93.6812,93.5025,8.714,-18.046,-18.773,neutral,95.3161,-0.1596,-0.8055
UBER,UBER-211,2025-10-23T04:00:00-04:00,2025-10-23T06:00:00-04:00,1,92.7,92.58,2.6851,92.4047,92.6783,-13.798,15.069,17.32,neutral,94.843,-0.2653,-0.6327
UBER,UBER-212,2025-10-23T08:00:00-04:00,2025-10-23T12:00:00-04:00,4,92.36,93.62,2.6851,92.4511,92.6363,-12.285,-5.699,1.513,neutral,94.843,-0.2653,-0.6327
UBER,UBER-213,2025-10-24T13:00:00-04:00,2025-10-24T14:00:00-04:00,1,94.855,94.995,2.744,94.7596,94.4192,21.409,1.683,-9.408,neutral,94.8218,-0.0212,-0.4943
UBER,UBER-214,2025-10-24T15:00:00-04:00,2025-10-27T13:00:00-04:00,14,94.075,95.82,2.744,94.6604,94.4355,3.093,-22.069,-16.632,neutral,94.8218,-0.0212,-0.4943
UBER,UBER-215,2025-10-28T13:00:00-04:00,2025-10-29T06:00:00-04:00,9,97.38,95.71,2.6408,96.6494,96.2795,36.917,20.399,-3.66,neutral_up,94.9058,0.1519,0.0628
UBER,UBER-216,2025-10-29T08:00:00-04:00,2025-10-30T18:00:00-04:00,26,96.9,96.65,2.6179,96.0909,96.0645,16.036,26.983,23.008,neutral,94.9553,0.0495,0.1335
UBER,UBER-217,2025-10-31T11:00:00-04:00,2025-11-03T12:00:00-05:00,17,96.965,98.75,2.6324,97.1316,96.7939,26.684,-18.629,4.336,neutral_up,95.1626,0.1337,0.2568
UBER,UBER-218,2025-11-05T08:00:00-05:00,2025-11-05T19:00:00-05:00,11,94.9618,92.4499,3.1956,94.4875,94.9342,-5.465,6.194,14.962,neutral,95.6092,-0.0879,0.4466
UBER,UBER-219,2025-11-06T12:00:00-05:00,2025-11-10T05:00:00-05:00,25,91.7484,93.24,3.1759,92.0478,92.6609,-35.619,3.811,-8.05,neutral_down,95.3493,-0.2599,0.0614
UBER,UBER-220,2025-11-11T13:00:00-05:00,2025-11-13T15:00:00-05:00,34,93.69,91.79,3.0177,93.5589,93.4482,4.065,12.157,0.125,neutral,94.7201,-0.062,-0.6292
UBER,UBER-221,2025-11-14T15:00:00-05:00,2025-11-19T14:00:00-05:00,47,91.62,89.34,2.8435,91.7313,91.9492,-8.908,-4.925,-7.284,neutral,94.2769,-0.2487,-0.4432
UBER,UBER-222,2025-11-21T15:00:00-05:00,2025-11-26T08:00:00-05:00,41,83.85,84.77,3.137,83.4105,84.2479,-25.845,12.368,21.913,neutral_down,92.3217,-0.8952,-1.5391
UBER,UBER-223,2025-11-26T09:00:00-05:00,2025-11-26T10:00:00-05:00,1,84.9664,85.99,2.8978,84.4471,84.1164,48.817,-0.482,1.691,neutral_up,90.1825,-0.6508,-2.1392
UBER,UBER-224,2025-12-01T10:00:00-05:00,2025-12-02T04:00:00-05:00,10,86.13,86.89,2.8144,86.8294,86.5903,4.715,-29.157,-21.37,neutral,89.5727,-0.2033,-1.2606
UBER,UBER-225,2025-12-02T06:00:00-05:00,2025-12-02T14:00:00-05:00,8,86.97,88.37,2.7659,86.7717,86.6722,20.733,4.967,20.428,neutral,89.307,-0.2657,-0.8756
UBER,UBER-226,2025-12-02T15:00:00-05:00,2025-12-02T17:00:00-05:00,2,87.58,87.94,2.7659,87.444,87.1029,46.13,-17.13,12.89,neutral_up,89.307,-0.2657,-0.8756
UBER,UBER-227,2025-12-04T10:00:00-05:00,2025-12-05T10:00:00-05:00,16,90.16,92.595,2.8427,90.3746,90.0804,3.644,0.55,-40.092,neutral,89.2886,0.1386,-0.2841
UBER,UBER-228,2025-12-05T17:00:00-05:00,2025-12-05T18:00:00-05:00,1,91.48,91.4785,2.7504,91.5403,91.288,11.063,0.625,-23.288,neutral,89.4419,0.1533,0.135
UBER,UBER-229,2025-12-05T19:00:00-05:00,2025-12-08T04:00:00-05:00,1,91.45,91.45,2.7504,91.5124,91.3184,10.157,-1.05,-0.281,neutral,89.4419,0.1533,0.135
UBER,UBER-230,2025-12-08T08:00:00-05:00,2025-12-08T18:00:00-05:00,10,91.5,92.52,2.7175,91.5378,91.4038,13.862,-5.833,2.832,neutral,89.6099,0.168,0.46
UBER,UBER-231,2025-12-09T08:00:00-05:00,2025-12-09T11:00:00-05:00,3,91.899,90.47,2.6669,92.3148,92.1381,3.537,-20.967,-26.826,neutral,89.879,0.2691,0.5904
UBER,UBER-232,2025-12-11T13:00:00-05:00,2025-12-11T16:00:00-05:00,3,85.085,85.4552,2.9959,84.5053,85.1176,-18.954,17.426,41.764,neutral,89.2909,-0.5141,-0.319
UBER,UBER-233,2025-12-11T17:00:00-05:00,2025-12-11T19:00:00-05:00,2,85.1,85.3804,2.9959,84.9875,85.187,2.48,-7.091,6.843,neutral,89.2909,-0.5141,-0.319
UBER,UBER-234,2025-12-12T10:00:00-05:00,2025-12-15T07:00:00-05:00,13,84.79,84.07,2.9537,85.3024,85.3242,-13.781,-15.182,-36.896,neutral,88.9445,-0.3464,-0.9345
UBER,UBER-235,2025-12-15T08:00:00-05:00,2025-12-15T09:00:00-05:00,1,83.9,81.87,2.8807,84.5309,84.8866,-51.763,0.793,-19.05,neutral_down,88.5973,-0.3472,-1.2078
UBER,UBER-236,2025-12-16T13:00:00-05:00,2025-12-16T14:00:00-05:00,1,80.675,80.57,2.9577,81.2189,81.9548,-66.955,4.604,-23.35,accumulation,87.9825,-0.6148,-1.3084
UBER,UBER-237,2025-12-18T12:00:00-05:00,2025-12-19T12:00:00-05:00,16,79.7,78.665,2.849,79.7301,79.8841,-7.138,-5.058,3.253,neutral,86.5919,-0.7467,-2.0053
UBER,UBER-238,2025-12-23T09:00:00-05:00,2025-12-23T11:00:00-05:00,2,80.815,80.57,2.7009,81.1411,80.948,2.855,-13.001,-38.26,neutral,84.9868,-0.3727,-1.6052
UBER,UBER-239,2025-12-23T12:00:00-05:00,2025-12-23T19:00:00-05:00,7,80.525,80.85,2.7009,80.8534,80.8499,-21.849,-4.005,-24.704,neutral,84.9868,-0.3727,-1.6052
UBER,UBER-240,2025-12-24T08:00:00-05:00,2025-12-30T06:00:00-05:00,39,80.99,81.82,2.5844,80.8857,80.8531,11.276,2.418,10.75,neutral,84.6212,-0.3656,-1.3442
UBER,UBER-241,2025-12-31T09:00:00-05:00,2026-01-02T06:00:00-05:00,13,82.1765,82.38,2.1825,82.1046,81.9917,25.124,-1.176,8.427,neutral_up,83.6487,-0.1529,-0.6569
UBER,UBER-242,2026-01-05T06:00:00-05:00,2026-01-05T15:00:00-05:00,9,81.95,80.75,2.1129,82.6925,82.5935,-5.88,-37.276,-27.037,neutral,83.4134,-0.0568,-0.3882
UBER,UBER-243,2026-01-06T08:00:00-05:00,2026-01-06T09:00:00-05:00,1,81.48,84.95,2.1956,81.4919,81.6248,-3.144,-3.004,-3.747,neutral,83.1713,-0.2421,-0.4775
UBER,UBER-244,2026-01-07T13:00:00-05:00,2026-01-08T05:00:00-05:00,8,86.72,86.03,2.3887,86.4848,85.5263,58.5,-13.145,-8.407,neutral_up,83.3857,0.2144,-0.0845
UBER,UBER-245,2026-01-08T06:00:00-05:00,2026-01-08T07:00:00-05:00,1,86.08,85.97,2.376,86.1685,85.8775,11.435,-0.46,-9.525,neutral,83.6406,0.2549,0.2272
UBER,UBER-246,2026-01-08T08:00:00-05:00,2026-01-08T15:00:00-05:00,7,86.0,87.565,2.376,86.1031,85.8962,6.925,-1.182,-4.97,neutral,83.6406,0.2549,0.2272
UBER,UBER-247,2026-01-12T13:00:00-05:00,2026-01-13T17:00:00-05:00,20,85.3,85.3,2.4319,85.1222,85.3819,-9.58,3.26,40.841,neutral,84.1267,0.1293,0.741
UBER,UBER-248,2026-01-14T06:00:00-05:00,2026-01-14T07:00:00-05:00,1,85.61,85.38,2.3703,85.3643,85.2497,15.453,9.767,1.14,neutral,84.2856,0.1104,0.2882
UBER,UBER-249,2026-01-14T08:00:00-05:00,2026-01-20T05:00:00-05:00,41,85.31,83.15,2.3703,85.3559,85.266,7.455,-4.576,1.769,neutral,84.2856,0.1104,0.2882
UBER,UBER-250,2026-01-21T07:00:00-05:00,2026-01-21T11:00:00-05:00,4,83.34,85.25,2.4374,83.4898,83.5847,-10.089,-5.907,-11.432,neutral,84.3143,-0.0594,-0.0081
UBER,UBER-251,2026-01-21T12:00:00-05:00,2026-01-22T04:00:00-05:00,8,83.895,84.79,2.4374,84.1376,83.9026,28.227,-28.585,21.187,neutral_up,84.3143,-0.0594,-0.0081
UBER,UBER-252,2026-01-22T09:00:00-05:00,2026-01-22T14:00:00-05:00,5,85.03,82.23,2.4533,84.7126,84.4573,25.639,2.15,5.563,neutral_up,84.3084,-0.0058,-0.0196
UBER,UBER-253,2026-01-23T14:00:00-05:00,2026-01-27T09:00:00-05:00,25,81.64,80.045,2.558,82.3829,82.7828,-47.252,-13.786,-30.183,neutral_down,84.149,-0.1594,-0.2247
UBER,UBER-254,2026-01-29T11:00:00-05:00,2026-01-29T13:00:00-05:00,2,81.27,81.555,2.4072,80.4296,80.4601,21.378,21.076,56.971,neutral,83.2223,-0.3442,-0.7596
UBER,UBER-255,2026-01-29T14:00:00-05:00,2026-01-29T15:00:00-05:00,1,81.4,81.72,2.4072,80.928,80.7066,36.918,-2.454,15.539,neutral_up,83.2223,-0.3442,-0.7596
UBER,UBER-256,2026-01-30T09:00:00-05:00,2026-01-30T12:00:00-05:00,3,80.94,79.9,2.3996,81.2148,81.1054,-0.203,-8.239,-10.291,neutral,83.0857,-0.1366,-0.7142
UBER,UBER-257,2026-02-02T10:00:00-05:00,2026-02-02T12:00:00-05:00,2,81.31,81.8501,2.4196,80.2472,80.2764,25.533,29.189,51.293,neutral_up,82.8097,-0.276,-0.7568
UBER,UBER-258,2026-02-04T10:00:00-05:00,2026-02-04T14:00:00-05:00,4,75.7,74.225,2.5193,75.7763,77.126,-35.255,17.103,67.072,neutral_down,82.1991,-0.4329,-0.8866
UBER,UBER-259,2026-02-05T11:00:00-05:00,2026-02-05T12:00:00-05:00,1,75.68,76.775,2.7672,74.4432,74.824,4.279,14.438,36.999,neutral,81.4447,-0.7545,-1.3651
UBER,UBER-260,2026-02-05T13:00:00-05:00,2026-02-09T06:00:00-05:00,25,76.075,74.75,2.7672,75.1426,75.099,21.006,-0.112,31.165,neutral,81.4447,-0.7545,-1.3651
UBER,UBER-261,2026-02-09T09:00:00-05:00,2026-02-10T18:00:00-05:00,25,73.6371,73.005,2.8792,74.4578,74.5944,-21.898,-21.853,-23.635,neutral,80.3148,-0.5585,-1.8843
UBER,UBER-262,2026-02-12T14:00:00-05:00,2026-02-12T19:00:00-05:00,5,70.6,71.2,2.7358,70.6537,71.2262,-44.836,12.261,28.681,neutral_down,78.4202,-0.744,-1.8946
UBER,UBER-263,2026-02-13T10:00:00-05:00,2026-02-13T11:00:00-05:00,1,69.64,70.06,2.7675,70.7646,71.031,-48.331,-27.139,-46.984,neutral_down,77.7611,-0.6591,-1.9706
UBER,UBER-264,2026-02-17T11:00:00-05:00,2026-02-18T06:00:00-05:00,11,70.635,71.21,2.7413,70.1119,70.2125,7.218,18.29,26.298,neutral,77.0537,-0.7074,-2.1105
UBER,UBER-265,2026-02-19T12:00:00-05:00,2026-02-20T12:00:00-05:00,16,72.5202,74.2565,2.6739,72.8105,72.4517,19.873,-16.203,-23.953,neutral,76.1281,-0.3353,-1.633
UBER,UBER-266,2026-02-24T13:00:00-05:00,2026-02-25T06:00:00-05:00,9,71.61,72.38,2.6853,71.0928,71.2996,1.682,17.318,48.735,neutral,75.2114,-0.4471,-0.9167
UBER,UBER-267,2026-02-26T07:00:00-05:00,2026-02-26T08:00:00-05:00,1,72.88,73.53,2.5864,72.8457,72.57,32.554,-4.228,-1.039,neutral_up,74.679,-0.1859,-0.9795
UBER,UBER-268,2026-02-27T13:00:00-05:00,2026-03-02T05:00:00-05:00,8,75.085,73.49,2.6359,75.0606,74.6494,37.253,-14.583,1.426,neutral_up,74.6913,0.0124,-0.52
UBER,UBER-269,2026-03-02T08:00:00-05:00,2026-03-02T13:00:00-05:00,5,73.36,75.94,2.5992,74.0337,74.3502,-44.487,2.728,-10.436,neutral_down,74.7521,0.0608,-0.1127
UBER,UBER-270,2026-03-03T11:00:00-05:00,2026-03-03T14:00:00-05:00,3,75.478,77.26,2.6525,74.8422,74.8677,5.155,16.527,24.399,neutral,74.8615,0.1094,0.1825
UBER,UBER-271,2026-03-03T15:00:00-05:00,2026-03-03T16:00:00-05:00,1,76.39,76.4,2.6525,75.8535,75.393,44.919,-9.26,26.432,neutral_up,74.8615,0.1094,0.1825
UBER,UBER-272,2026-03-04T14:00:00-05:00,2026-03-06T05:00:00-05:00,21,76.55,75.38,2.6977,76.5077,76.2039,19.077,-4.42,4.384,neutral,75.0004,0.139,0.3091
UBER,UBER-273,2026-03-06T10:00:00-05:00,2026-03-06T12:00:00-05:00,2,75.44,74.64,2.683,75.1876,75.5168,-22.558,18.924,7.522,neutral,75.1754,0.025,0.3139
UBER,UBER-274,2026-03-06T14:00:00-05:00,2026-03-09T11:00:00-04:00,12,75.3434,73.185,2.683,75.0478,75.3302,-15.263,15.93,7.638,neutral,75.1754,0.025,0.3139
UBER,UBER-275,2026-03-09T16:00:00-04:00,2026-03-09T18:00:00-04:00,2,73.5,73.66,2.5899,73.6015,74.0491,-23.872,1.937,13.658,neutral_down,75.1694,-0.0059,0.169
UBER,UBER-276,2026-03-10T04:00:00-04:00,2026-03-10T18:00:00-04:00,14,74.15,72.47,2.6314,73.7913,74.0051,-2.267,8.524,10.563,neutral,75.0486,-0.1209,-0.1018
UBER,UBER-277,2026-03-11T09:00:00-04:00,2026-03-11T10:00:00-04:00,1,75.14,74.86,2.582,73.3587,73.2256,45.773,29.072,80.402,neutral_up,74.8069,-0.2417,-0.3685
UBER,UBER-278,2026-03-12T12:00:00-04:00,2026-03-12T15:00:00-04:00,3,72.9609,72.945,2.6268,74.0009,74.0569,-30.713,-17.669,-55.936,neutral_down,74.8217,0.0148,-0.3477
UBER,UBER-279,2026-03-13T12:00:00-04:00,2026-03-16T10:00:00-04:00,13,73.08,75.075,2.6721,73.5238,73.5642,-6.156,-18.106,-25.455,neutral,74.6511,-0.1706,-0.3975
UBER,UBER-280,2026-03-18T11:00:00-04:00,2026-03-18T12:00:00-04:00,1,77.15,77.075,2.7344,77.5247,77.4698,-17.127,1.826,-20.87,neutral,74.8408,0.2959,0.1897
UBER,UBER-281,2026-03-19T09:00:00-04:00,2026-03-19T17:00:00-04:00,8,76.965,75.552,2.6333,76.6863,76.8787,-10.138,14.601,22.385,neutral,75.0062,0.1654,0.4738
UBER,UBER-282,2026-03-19T18:00:00-04:00,2026-03-20T04:00:00-04:00,2,75.78,75.7,2.6333,75.7526,76.1511,-29.247,8.777,17.584,neutral_down,75.0062,0.1654,0.4738
UBER,UBER-283,2026-03-20T08:00:00-04:00,2026-03-20T09:00:00-04:00,1,75.2992,73.13,2.6256,75.448,75.8117,-37.212,4.922,-4.807,neutral_down,75.0374,0.0313,0.4926
UBER,UBER-284,2026-03-23T08:00:00-04:00,2026-03-23T16:00:00-04:00,8,75.34,75.0265,2.603,74.212,74.4446,5.097,25.518,63.572,neutral,74.9345,-0.1029,0.0937
UBER,UBER-285,2026-03-25T12:00:00-04:00,2026-03-26T12:00:00-04:00,16,73.1512,71.025,2.5854,73.063,73.2966,-14.343,6.022,5.747,neutral,74.7161,-0.2371,-0.3214
UBER,UBER-286,2026-03-30T10:00:00-04:00,2026-03-31T07:00:00-04:00,12,69.89,70.8,2.5143,69.5818,69.7405,-0.533,9.072,9.096,neutral,73.7474,-0.4577,-0.9687
UBER,UBER-287,2026-03-31T09:00:00-04:00,2026-03-31T13:00:00-04:00,4,71.04,71.57,2.4533,70.5122,70.1881,48.375,1.368,10.66,neutral_up,73.3985,-0.3489,-1.1711
UBER,UBER-288,2026-04-01T15:00:00-04:00,2026-04-02T05:00:00-04:00,6,71.7,70.7,2.4309,72.0761,71.8621,0.05,-9.616,-33.246,neutral,73.265,-0.1335,-0.9401
UBER,UBER-289,2026-04-02T18:00:00-04:00,2026-04-02T19:00:00-04:00,1,71.8,71.7,2.3923,71.576,71.4962,16.789,2.281,0.372,neutral,73.1227,-0.1423,-0.6246
UBER,UBER-290,2026-04-06T10:00:00-04:00,2026-04-07T19:00:00-04:00,25,71.87,73.95,2.3778,71.8918,71.7252,19.832,-11.469,6.83,neutral,73.0052,-0.1175,-0.3933
UBER,UBER-291,2026-04-14T14:00:00-04:00,2026-04-15T09:00:00-04:00,11,72.365,75.83,2.4289,72.6837,72.3845,23.648,-24.994,-9.228,neutral_up,72.4799,-0.0145,-0.3024
UBER,UBER-292,2026-04-16T14:00:00-04:00,2026-04-16T15:00:00-04:00,1,76.7352,76.45,2.5656,77.0991,76.7597,2.755,-4.165,-33.481,neutral,72.9526,0.4327,0.4583
UBER,UBER-293,2026-04-17T13:00:00-04:00,2026-04-17T14:00:00-04:00,1,77.15,77.0,2.5027,77.432,77.1862,12.406,-14.527,-41.121,neutral,73.2706,0.3179,0.7907
UBER,UBER-294,2026-04-20T14:00:00-04:00,2026-04-20T17:00:00-04:00,3,77.01,77.48,2.4861,76.7,76.7735,6.45,8.511,32.201,neutral,73.6196,0.349,1.0997
UBER,UBER-295,2026-04-21T15:00:00-04:00,2026-04-22T10:00:00-04:00,11,77.24,75.89,2.4517,77.5524,77.4713,-4.809,-9.427,-10.068,neutral,73.9733,0.3537,1.0207
UBER,UBER-296,2026-04-23T13:00:00-04:00,2026-04-23T17:00:00-04:00,4,74.005,74.66,2.4332,75.1694,75.6398,-63.608,-25.368,-43.591,accumulation,74.3902,0.12,0.7706
UBER,UBER-297,2026-04-24T13:00:00-04:00,2026-04-27T10:00:00-04:00,13,73.835,76.54,2.5042,74.3256,74.6906,-41.648,-7.694,8.366,neutral_down,74.4175,0.0273,0.4442
UBER,UBER-298,2026-04-29T14:00:00-04:00,2026-05-01T08:00:00-04:00,26,74.42,74.7557,2.4201,74.0566,74.3706,-16.188,19.303,32.848,neutral,74.5575,-0.0448,0.14
UBER,UBER-299,2026-05-01T09:00:00-04:00,2026-05-01T10:00:00-04:00,1,75.109,75.18,2.3575,74.7614,74.5815,26.928,9.188,10.66,neutral_up,74.5575,0.0061,-0.0448
UBER,UBER-300,2026-05-01T14:00:00-04:00,2026-05-04T16:00:00-04:00,18,75.125,74.03,2.3575,74.995,74.7821,25.0,-0.63,-6.931,neutral_up,74.5575,0.0061,-0.0448
UBER,UBER-301,2026-05-05T10:00:00-04:00,2026-05-05T19:00:00-04:00,9,74.49,73.29,2.233,74.4084,74.4546,1.771,0.716,5.697,neutral,74.5496,-0.06,-0.0018
UBER,UBER-302,2026-05-06T04:00:00-04:00,2026-05-06T06:00:00-04:00,2,74.2,79.14,2.2256,73.7046,73.9496,-13.742,29.022,28.061,neutral,74.4078,-0.1418,-0.1497
UBER,UBER-303,2026-05-07T10:00:00-04:00,2026-05-07T11:00:00-04:00,1,76.315,76.68,2.5752,78.6142,78.1987,-17.373,-41.572,-79.001,neutral,74.8325,0.4247,0.223
UBER,UBER-304,2026-05-11T11:00:00-04:00,2026-05-13T10:00:00-04:00,31,76.52,74.815,2.7101,75.9611,75.9949,18.936,7.893,29.031,neutral,75.0468,0.0408,0.639
UBER,UBER-305,2026-05-14T13:00:00-04:00,2026-05-14T16:00:00-04:00,3,74.68,74.6213,2.6184,74.3524,74.7334,-25.216,22.058,57.63,neutral_down,75.2136,-0.0499,0.1668
UBER,UBER-306,2026-05-15T09:00:00-04:00,2026-05-18T07:00:00-04:00,14,73.78,75.28,2.6038,74.219,74.4598,-36.695,-8.152,-13.271,neutral_down,75.1669,-0.0467,0.0171
UBER,UBER-307,2026-05-18T09:00:00-04:00,2026-05-20T04:00:00-04:00,27,75.755,74.22,2.5561,75.1928,74.9653,37.537,11.591,23.432,neutral_up,75.1626,-0.0043,-0.1008
UBER,UBER-308,2026-05-20T09:00:00-04:00,2026-05-21T11:00:00-04:00,18,73.545,73.49,2.4658,74.1094,74.3561,-35.677,-17.44,-17.923,neutral_down,75.0592,-0.0959,-0.1077
UBER,UBER-309,2026-05-21T13:00:00-04:00,2026-05-21T15:00:00-04:00,2,74.39,73.63,2.4585,73.9154,74.148,-21.05,35.082,32.046,neutral,75.0184,-0.0408,-0.1443
UBER,UBER-310,2026-05-22T09:00:00-04:00,2026-05-22T14:00:00-04:00,5,73.86,71.935,2.405,73.7705,73.8732,-5.132,4.205,7.344,neutral,74.8921,-0.1262,-0.263
UBER,UBER-311,2026-05-27T12:00:00-04:00,2026-05-28T06:00:00-04:00,10,70.72,70.8911,2.4537,70.3631,70.6406,-11.082,17.072,37.985,neutral,74.208,-0.4058,-0.8104
UBER,UBER-312,2026-05-28T09:00:00-04:00,2026-05-29T07:00:00-04:00,14,70.33,71.2909,2.3741,70.7664,70.7595,-6.227,-27.495,-18.15,neutral,73.8936,-0.3144,-0.9985
UBER,UBER-313,2026-05-29T09:00:00-04:00,2026-05-29T11:00:00-04:00,2,71.0,71.89,2.316,71.1296,70.9826,17.086,-15.711,-19.823,neutral,73.6215,-0.2721,-0.9923
UBER,UBER-314,2026-05-29T15:00:00-04:00,2026-06-01T08:00:00-04:00,9,70.47,71.4,2.316,71.2975,71.1775,-5.877,-36.398,-49.517,neutral,73.6215,-0.2721,-0.9923
UBER,UBER-315,2026-06-01T09:00:00-04:00,2026-06-01T10:00:00-04:00,1,72.68,72.45,2.3134,71.5484,71.3059,48.85,29.774,33.463,neutral_up,73.335,-0.2865,-0.873
UBER,UBER-316,2026-06-03T14:00:00-04:00,2026-06-04T06:00:00-04:00,8,71.105,71.97,2.4439,71.0352,71.4518,-40.587,16.984,26.812,neutral_down,73.222,-0.1562,-0.3995
UBER,UBER-317,2026-06-05T09:00:00-04:00,2026-06-05T10:00:00-04:00,1,71.62,71.18,2.3402,72.0661,72.0834,-17.417,-16.558,-25.443,neutral,73.0034,-0.0793,-0.3748
UBER,UBER-318,2026-06-08T12:00:00-04:00,2026-06-10T16:00:00-04:00,36,70.62,68.5483,2.3316,70.6882,70.9094,-23.357,2.173,9.36,neutral,72.7958,-0.2076,-0.4262
UBER,UBER-319,2026-06-11T13:00:00-04:00,2026-06-11T19:00:00-04:00,6,68.985,69.57,2.182,68.5217,68.8824,-22.116,27.382,41.37,neutral,72.0147,-0.3395,-0.7811
UBER,UBER-320,2026-06-16T13:00:00-04:00,2026-06-17T04:00:00-04:00,7,73.59,73.27,2.411,73.4592,72.6974,70.56,-19.689,-3.053,distribution,71.6448,0.1205,-0.37
UBER,UBER-321,2026-06-17T09:00:00-04:00,2026-06-17T10:00:00-04:00,1,73.15,72.065,2.347,73.2704,73.0884,10.432,-6.198,-9.768,neutral,71.7911,0.1464,0.0005
UBER,UBER-322,2026-06-17T11:00:00-04:00,2026-06-17T14:00:00-04:00,3,72.98,71.86,2.347,73.0195,72.9939,-12.258,11.44,-28.888,neutral,71.7911,0.1464,0.0005
UBER,UBER-323,2026-06-18T13:00:00-04:00,2026-06-23T11:00:00-04:00,30,71.81,70.28,2.3494,71.8825,71.9978,-2.607,-7.988,12.414,neutral,71.7165,-0.0746,0.1923
UBER,UBER-324,2026-06-25T14:00:00-04:00,2026-06-25T15:00:00-04:00,1,72.775,72.275,2.5082,73.1034,73.0248,-14.041,1.458,-9.441,neutral,71.7172,0.2133,0.0067
UBER,UBER-325,2026-06-29T14:00:00-04:00,2026-06-29T19:00:00-04:00,5,74.84,75.1511,2.6185,75.5139,75.3373,-16.829,-3.893,-46.541,neutral,72.1572,0.3893,0.6533
UBER,UBER-326,2026-07-01T14:00:00-04:00,2026-07-02T17:00:00-04:00,19,73.14,74.1251,2.7532,72.9964,73.1428,0.631,-0.801,1.622,neutral,72.425,-0.0315,0.6571
BAC,BAC-001,2024-07-15T09:00:00-04:00,2024-07-15T11:00:00-04:00,2,41.8,42.115,0.7525,41.7388,41.7138,12.745,2.53,-6.886,neutral,40.4242,0.1186,0.4265
BAC,BAC-002,2024-07-15T14:00:00-04:00,2024-07-15T17:00:00-04:00,3,42.01,41.93,0.7525,41.9266,41.8295,31.95,-2.821,-9.307,neutral_up,40.4242,0.1186,0.4265
BAC,BAC-003,2024-07-16T08:00:00-04:00,2024-07-16T09:00:00-04:00,1,42.25,43.49,0.7431,42.233,42.054,49.797,-27.764,26.638,neutral_up,40.5592,0.1351,0.4041
BAC,BAC-004,2024-07-17T13:00:00-04:00,2024-07-18T14:00:00-04:00,16,44.17,43.18,0.8678,44.108,43.8319,36.82,-3.329,-0.488,neutral_up,40.8838,0.3246,0.5783
BAC,BAC-005,2024-07-19T15:00:00-04:00,2024-07-22T04:00:00-04:00,5,42.94,42.16,0.8943,43.1163,43.2111,-20.88,-12.205,-16.171,neutral,41.3312,0.1659,0.772
BAC,BAC-006,2024-07-22T19:00:00-04:00,2024-07-23T14:00:00-04:00,11,42.23,42.695,0.8925,42.287,42.4601,-31.916,1.0,0.588,neutral_down,41.4774,0.1463,0.5936
BAC,BAC-007,2024-07-23T15:00:00-04:00,2024-07-23T18:00:00-04:00,3,42.41,42.33,0.8991,42.5123,42.4745,11.727,-21.591,-15.594,neutral,41.5522,0.0748,0.3869
BAC,BAC-008,2024-07-24T09:00:00-04:00,2024-07-25T15:00:00-04:00,22,42.475,41.685,0.8799,42.313,42.3612,-7.735,27.326,21.053,neutral,41.6302,0.078,0.299
BAC,BAC-009,2024-07-26T10:00:00-04:00,2024-07-29T12:00:00-04:00,17,41.875,41.115,0.8492,41.8932,41.9821,-19.407,2.424,-4.804,neutral,41.681,0.0004,0.1288
BAC,BAC-010,2024-07-30T12:00:00-04:00,2024-07-30T19:00:00-04:00,7,41.14,41.28,0.8327,41.271,41.3006,-1.117,-21.515,-15.296,neutral,41.6268,-0.0532,-0.0538
BAC,BAC-011,2024-07-31T09:00:00-04:00,2024-07-31T11:00:00-04:00,2,41.025,40.945,0.8504,41.2704,41.2756,-11.031,-27.912,-26.712,neutral,41.5953,-0.0315,-0.0857
BAC,BAC-012,2024-08-06T13:00:00-04:00,2024-08-07T07:00:00-04:00,10,37.185,37.88,1.1166,37.052,36.9913,16.199,0.816,6.229,neutral,40.5677,-0.3913,-0.9099
BAC,BAC-013,2024-08-09T12:00:00-04:00,2024-08-13T19:00:00-04:00,37,38.105,38.47,1.1315,38.1987,38.0977,8.425,-7.34,-15.26,neutral,39.8084,-0.1608,-0.7593
BAC,BAC-014,2024-08-14T10:00:00-04:00,2024-08-14T13:00:00-04:00,3,38.495,38.795,1.0129,38.5086,38.4297,22.802,-8.508,-26.021,neutral,39.4342,-0.0964,-0.3742
BAC,BAC-015,2024-08-16T15:00:00-04:00,2024-08-16T16:00:00-04:00,1,39.34,39.39,0.9699,39.2566,39.1719,37.261,-1.791,14.037,neutral_up,39.3452,-0.0295,-0.1854
BAC,BAC-016,2024-08-21T12:00:00-04:00,2024-08-22T14:00:00-04:00,17,38.625,39.2171,0.9256,38.6495,38.7995,-42.194,9.993,-2.401,neutral_down,39.3138,-0.0614,-0.0314
BAC,BAC-017,2024-08-26T12:00:00-04:00,2024-08-27T18:00:00-04:00,21,39.905,39.64,0.8921,39.8393,39.7279,26.755,8.818,-21.014,neutral_up,39.3069,0.0463,-0.0069
BAC,BAC-018,2024-08-28T09:00:00-04:00,2024-08-28T11:00:00-04:00,2,39.84,40.1494,0.8418,39.6353,39.6913,-13.926,42.036,27.15,neutral,39.3906,0.0279,0.13
BAC,BAC-019,2024-08-28T12:00:00-04:00,2024-08-28T18:00:00-04:00,6,39.885,39.76,0.8418,39.8238,39.7756,32.292,-13.698,46.219,neutral_up,39.3906,0.0279,0.13
BAC,BAC-020,2024-08-29T10:00:00-04:00,2024-08-29T16:00:00-04:00,6,39.875,40.2,0.8488,39.9438,39.8934,5.286,-8.092,-35.729,neutral,39.4415,0.0509,0.1345
BAC,BAC-021,2024-08-30T08:00:00-04:00,2024-08-30T10:00:00-04:00,2,40.25,40.42,0.846,40.2352,40.145,29.767,-4.929,-3.665,neutral_up,39.5095,0.068,0.1468
BAC,BAC-022,2024-08-30T11:00:00-04:00,2024-08-30T12:00:00-04:00,1,40.34,40.46,0.846,40.2946,40.1975,36.141,-6.003,6.374,neutral_up,39.5095,0.068,0.1468
BAC,BAC-023,2024-08-30T14:00:00-04:00,2024-08-30T16:00:00-04:00,2,40.62,40.7,0.846,40.4249,40.2864,62.698,7.859,26.558,distribution,39.5095,0.068,0.1468
BAC,BAC-024,2024-09-03T09:00:00-04:00,2024-09-05T06:00:00-04:00,29,40.6603,40.57,0.8378,40.6094,40.517,21.336,4.322,-5.586,neutral,39.6214,0.1119,0.2308
BAC,BAC-025,2024-09-05T08:00:00-04:00,2024-09-05T12:00:00-04:00,4,40.68,40.095,0.8146,40.5745,40.5712,14.284,10.044,19.476,neutral,39.7899,0.07,0.2804
BAC,BAC-026,2024-09-05T13:00:00-04:00,2024-09-05T18:00:00-04:00,5,40.32,40.15,0.8146,40.3544,40.4521,-36.253,15.205,-19.582,neutral_down,39.7899,0.07,0.2804
BAC,BAC-027,2024-09-12T15:00:00-04:00,2024-09-16T12:00:00-04:00,28,38.78,39.025,0.9498,38.9525,38.9653,-13.325,-11.374,-22.295,neutral,39.6036,-0.0634,-0.1235
BAC,BAC-028,2024-09-18T11:00:00-04:00,2024-09-19T05:00:00-04:00,10,39.575,40.35,0.8767,39.5725,39.4844,21.92,-1.043,-29.12,neutral,39.4353,0.0155,-0.0934
BAC,BAC-029,2024-09-20T13:00:00-04:00,2024-09-20T14:00:00-04:00,1,40.39,40.305,0.9037,40.5464,40.5289,-19.854,-3.536,-27.897,neutral,39.5836,0.1306,0.1638
BAC,BAC-030,2024-09-25T14:00:00-04:00,2024-09-27T05:00:00-04:00,23,39.285,39.56,0.8615,39.2727,39.4023,-37.487,10.939,40.562,neutral_down,39.6493,-0.0179,0.0657
BAC,BAC-031,2024-09-27T08:00:00-04:00,2024-09-30T06:00:00-04:00,14,39.7,39.39,0.8212,39.5717,39.5068,41.298,14.8,17.334,neutral_up,39.6049,-0.0095,-0.0624
BAC,BAC-032,2024-09-30T09:00:00-04:00,2024-09-30T19:00:00-04:00,10,39.3,39.6535,0.8017,39.3615,39.4247,-32.475,3.848,-9.666,neutral_down,39.5853,-0.0195,-0.064
BAC,BAC-033,2024-10-01T11:00:00-04:00,2024-10-01T17:00:00-04:00,6,39.425,39.27,0.7994,39.4669,39.5083,-28.709,12.681,-38.932,neutral_down,39.5953,0.01,-0.0191
BAC,BAC-034,2024-10-02T10:00:00-04:00,2024-10-04T04:00:00-04:00,26,39.22,39.26,0.7963,39.2243,39.2904,-10.27,-2.749,39.304,neutral,39.5621,-0.0332,-0.0428
BAC,BAC-035,2024-10-07T12:00:00-04:00,2024-10-11T07:00:00-04:00,55,40.075,40.65,0.776,40.076,39.9373,33.897,-9.064,-19.286,neutral_up,39.5617,0.0558,-0.0004
BAC,BAC-036,2024-10-11T08:00:00-04:00,2024-10-11T09:00:00-04:00,1,40.39,42.06,0.7123,40.1811,40.0838,54.116,-9.806,66.121,neutral_up,39.7059,0.0264,0.108
BAC,BAC-037,2024-10-14T13:00:00-04:00,2024-10-15T18:00:00-04:00,21,42.005,42.15,0.8186,41.9979,41.7466,46.611,-6.627,-7.287,neutral_up,39.9099,0.204,0.28
BAC,BAC-038,2024-10-16T09:00:00-04:00,2024-10-16T11:00:00-04:00,2,42.83,42.705,0.8393,42.3505,42.3022,22.034,27.837,30.345,neutral,40.2787,0.1861,0.5729
BAC,BAC-039,2024-10-16T12:00:00-04:00,2024-10-16T14:00:00-04:00,2,42.94,42.92,0.8393,42.5743,42.426,41.093,10.043,19.059,neutral_up,40.2787,0.1861,0.5729
BAC,BAC-040,2024-10-17T04:00:00-04:00,2024-10-17T06:00:00-04:00,2,42.49,42.66,0.8479,42.7002,42.6037,5.497,-16.936,-17.259,neutral,40.5088,0.2301,0.599
BAC,BAC-041,2024-10-17T07:00:00-04:00,2024-10-18T16:00:00-04:00,24,42.82,42.32,0.8479,42.7074,42.6292,13.1,8.591,7.603,neutral,40.5088,0.2301,0.599
BAC,BAC-042,2024-10-18T19:00:00-04:00,2024-10-21T05:00:00-04:00,2,42.33,42.26,0.8256,42.3908,42.4769,-27.262,-2.545,3.989,neutral_down,40.6999,0.191,0.6073
BAC,BAC-043,2024-10-21T11:00:00-04:00,2024-10-21T13:00:00-04:00,2,42.015,41.92,0.8048,42.2084,42.3248,-50.761,-13.33,-12.639,neutral_down,40.8481,0.1482,0.5693
BAC,BAC-044,2024-10-23T15:00:00-04:00,2024-10-25T04:00:00-04:00,21,42.34,42.66,0.798,42.2845,42.2142,22.521,3.745,-19.831,neutral,41.0545,0.1235,0.3546
BAC,BAC-045,2024-10-29T12:00:00-04:00,2024-10-30T06:00:00-04:00,10,42.6201,41.28,0.8026,42.5805,42.5107,19.443,2.088,-6.297,neutral,41.4729,0.1157,0.3015
BAC,BAC-046,2024-10-30T09:00:00-04:00,2024-10-30T12:00:00-04:00,3,42.695,42.61,0.7695,42.1427,42.2555,-8.641,45.423,61.194,neutral,41.5699,0.097,0.265
BAC,BAC-047,2024-10-31T12:00:00-04:00,2024-10-31T15:00:00-04:00,3,42.01,41.82,0.8046,42.1639,42.2421,-26.882,-2.054,-35.847,neutral_down,41.639,0.0691,0.2818
BAC,BAC-048,2024-10-31T17:00:00-04:00,2024-10-31T19:00:00-04:00,2,41.97,41.86,0.8046,41.9856,42.1116,-29.602,9.976,0.616,neutral_down,41.639,0.0691,0.2818
BAC,BAC-049,2024-11-01T09:00:00-04:00,2024-11-04T06:00:00-05:00,13,42.19,41.65,0.8007,42.0323,42.0651,9.788,9.262,28.195,neutral,41.6554,0.0165,0.1826
BAC,BAC-050,2024-11-04T09:00:00-05:00,2024-11-04T10:00:00-05:00,1,41.56,41.4699,0.7921,41.6909,41.8137,-41.069,-1.369,1.489,neutral_down,41.6659,0.0104,0.096
BAC,BAC-051,2024-11-05T09:00:00-05:00,2024-11-05T10:00:00-05:00,1,41.845,41.84,0.8005,41.4892,41.5199,23.683,33.244,57.923,neutral_up,41.6353,-0.0305,-0.0037
BAC,BAC-052,2024-11-07T08:00:00-05:00,2024-11-08T04:00:00-05:00,12,45.22,44.84,0.9975,45.3465,44.839,44.781,-15.844,-12.979,neutral_up,41.9969,0.3393,0.331
BAC,BAC-053,2024-11-08T05:00:00-05:00,2024-11-08T07:00:00-05:00,2,45.22,45.2,0.9894,44.9641,44.8901,18.683,18.113,14.723,neutral,42.2499,0.253,0.6146
BAC,BAC-054,2024-11-08T08:00:00-05:00,2024-11-11T06:00:00-05:00,14,45.39,45.7,0.9894,45.13,44.992,35.87,6.452,17.187,neutral_up,42.2499,0.253,0.6146
BAC,BAC-055,2024-11-11T08:00:00-05:00,2024-11-11T09:00:00-05:00,1,45.65,46.2298,0.9702,45.5001,45.3213,52.165,-8.466,9.569,neutral_up,42.5126,0.2627,0.8551
BAC,BAC-056,2024-11-12T10:00:00-05:00,2024-11-13T05:00:00-05:00,11,46.22,45.87,0.9993,46.1151,45.9842,34.534,-1.278,27.407,neutral_up,42.8388,0.3261,0.8419
BAC,BAC-057,2024-11-13T08:00:00-05:00,2024-11-14T05:00:00-05:00,13,46.12,46.14,0.9715,45.9235,45.9346,6.553,29.039,19.444,neutral,43.1152,0.2765,0.8653
BAC,BAC-058,2024-11-14T07:00:00-05:00,2024-11-15T06:00:00-05:00,15,46.0,45.71,0.9485,46.0141,45.9959,12.207,-11.301,15.733,neutral,43.3657,0.2504,0.853
BAC,BAC-059,2024-11-15T08:00:00-05:00,2024-11-15T12:00:00-05:00,4,45.74,46.375,0.9115,45.7695,45.8407,-20.99,0.734,22.446,neutral,43.597,0.2313,0.7582
BAC,BAC-060,2024-11-18T14:00:00-05:00,2024-11-19T05:00:00-05:00,7,46.765,46.32,0.9335,46.7918,46.6359,28.241,-8.054,-24.54,neutral_up,43.8836,0.2866,0.7684
BAC,BAC-061,2024-11-19T17:00:00-05:00,2024-11-19T18:00:00-05:00,1,46.38,46.4,0.905,46.4168,46.462,-12.214,-1.135,-3.733,neutral,44.1415,0.2579,0.7758
BAC,BAC-062,2024-11-19T19:00:00-05:00,2024-11-20T15:00:00-05:00,12,46.46,46.05,0.905,46.4228,46.4567,-5.194,5.781,5.886,neutral,44.1415,0.2579,0.7758
BAC,BAC-063,2024-11-26T05:00:00-05:00,2024-11-26T19:00:00-05:00,14,47.44,47.78,0.8837,47.4392,47.339,16.358,2.509,-15.51,neutral,45.128,0.2382,0.6264
BAC,BAC-064,2024-11-27T04:00:00-05:00,2024-11-27T05:00:00-05:00,1,47.61,47.83,0.8655,47.6924,47.5921,23.237,-19.352,-23.214,neutral,45.365,0.237,0.6862
BAC,BAC-065,2024-11-27T09:00:00-05:00,2024-11-29T16:00:00-05:00,20,47.875,47.55,0.8655,47.8285,47.7057,43.738,-9.816,-0.882,neutral_up,45.365,0.237,0.6862
BAC,BAC-066,2024-12-03T12:00:00-05:00,2024-12-03T16:00:00-05:00,4,46.985,46.78,0.8211,47.0074,47.1442,-45.484,17.904,-25.606,neutral_down,45.8736,0.1156,0.5086
BAC,BAC-067,2024-12-06T13:00:00-05:00,2024-12-06T14:00:00-05:00,1,46.595,46.54,0.815,46.7386,46.7956,-35.361,-0.814,-19.396,neutral_down,46.0857,0.0904,0.2121
BAC,BAC-068,2024-12-09T08:00:00-05:00,2024-12-09T10:00:00-05:00,2,46.65,46.16,0.8039,46.6045,46.6721,-13.943,10.0,32.222,neutral,46.1443,0.0586,0.1865
BAC,BAC-069,2024-12-09T11:00:00-05:00,2024-12-09T12:00:00-05:00,1,46.3,46.19,0.8039,46.4783,46.5943,-42.318,-2.134,-28.375,neutral_down,46.1443,0.0586,0.1865
BAC,BAC-070,2024-12-09T13:00:00-05:00,2024-12-09T14:00:00-05:00,1,46.265,46.1058,0.8039,46.3895,46.5309,-46.048,3.519,-5.864,neutral_down,46.1443,0.0586,0.1865
BAC,BAC-071,2024-12-10T12:00:00-05:00,2024-12-12T11:00:00-05:00,28,45.9359,46.31,0.8072,46.0137,46.1281,-25.948,-3.901,2.858,neutral_down,46.1243,-0.0199,0.1291
BAC,BAC-072,2024-12-12T17:00:00-05:00,2024-12-13T10:00:00-05:00,9,46.1,45.56,0.792,46.1452,46.0943,2.861,-1.844,-26.712,neutral,46.0892,-0.0029,-0.0551
BAC,BAC-073,2024-12-16T13:00:00-05:00,2024-12-16T18:00:00-05:00,5,45.46,45.46,0.7708,45.5149,45.6466,-48.388,9.789,3.157,neutral_down,46.0503,-0.038,-0.0418
BAC,BAC-074,2024-12-18T12:00:00-05:00,2024-12-18T14:00:00-05:00,2,45.1702,44.24,0.7613,45.197,45.1916,9.1,-13.219,-2.293,neutral,45.914,-0.0854,-0.1744
BAC,BAC-075,2024-12-19T18:00:00-05:00,2024-12-19T19:00:00-05:00,1,43.42,43.25,0.8555,43.5679,43.8654,-52.173,0.883,5.633,neutral_down,45.6909,-0.2231,-0.3594
BAC,BAC-076,2024-12-23T12:00:00-05:00,2024-12-23T17:00:00-05:00,5,43.635,43.88,0.9075,43.8744,43.9204,-25.811,-5.49,-16.966,neutral_down,45.3624,-0.1202,-0.5516
BAC,BAC-077,2024-12-24T09:00:00-05:00,2024-12-24T12:00:00-05:00,3,44.055,44.41,0.9413,43.883,43.8755,14.969,13.185,24.79,neutral,45.2272,-0.1352,-0.4637
BAC,BAC-078,2024-12-26T19:00:00-05:00,2024-12-30T07:00:00-05:00,16,44.47,43.96,0.9126,44.4495,44.3312,39.564,-5.801,-10.102,neutral_up,45.1502,-0.077,-0.3325
BAC,BAC-079,2024-12-31T10:00:00-05:00,2025-01-02T07:00:00-05:00,11,43.915,44.32,0.8656,44.0069,44.0336,-5.201,-18.609,-3.598,neutral,44.9254,-0.1025,-0.2248
BAC,BAC-080,2025-01-02T11:00:00-05:00,2025-01-02T17:00:00-05:00,6,44.3299,44.3398,0.8412,44.2742,44.1608,40.342,-12.316,-5.906,neutral_up,44.8385,-0.0869,-0.2562
BAC,BAC-081,2025-01-03T07:00:00-05:00,2025-01-03T17:00:00-05:00,10,44.41,44.81,0.8374,44.3432,44.2572,31.537,-2.222,11.202,neutral_up,44.7896,-0.049,-0.2383
BAC,BAC-082,2025-01-08T07:00:00-05:00,2025-01-10T09:00:00-05:00,17,45.95,45.33,0.8912,46.1246,45.9993,12.122,-19.399,-30.285,neutral,44.9594,0.1121,0.1699
BAC,BAC-083,2025-01-13T12:00:00-05:00,2025-01-14T13:00:00-05:00,16,44.92,45.9,0.9095,44.9189,45.1044,-34.317,8.632,2.184,neutral_down,45.074,0.0036,0.2266
BAC,BAC-084,2025-01-16T08:00:00-05:00,2025-01-16T17:00:00-05:00,9,47.01,46.6,0.9459,47.2753,47.0006,19.086,-18.518,-37.787,neutral,45.313,0.1767,0.239
BAC,BAC-085,2025-01-17T10:00:00-05:00,2025-01-22T10:00:00-05:00,32,46.7,46.175,0.999,46.7256,46.726,1.121,-3.337,-4.938,neutral,45.4354,0.1225,0.3645
BAC,BAC-086,2025-01-24T14:00:00-05:00,2025-01-27T18:00:00-05:00,20,46.535,47.03,0.9698,46.5759,46.472,24.428,-14.169,-23.49,neutral_up,45.7196,0.067,0.186
BAC,BAC-087,2025-01-28T11:00:00-05:00,2025-01-31T11:00:00-05:00,46,46.745,46.48,0.9376,46.9868,46.8973,8.152,-28.197,-21.712,neutral,45.9126,0.1202,0.26
BAC,BAC-088,2025-01-31T13:00:00-05:00,2025-01-31T16:00:00-05:00,3,46.465,46.2109,0.8998,46.6046,46.6992,-40.8,-3.028,-7.637,neutral_down,46.1249,0.0595,0.2124
BAC,BAC-089,2025-02-05T11:00:00-05:00,2025-02-05T18:00:00-05:00,7,46.795,47.1,0.9175,46.7779,46.6822,22.614,-3.07,-18.686,neutral,46.1981,0.0517,0.0731
BAC,BAC-090,2025-02-07T11:00:00-05:00,2025-02-07T18:00:00-05:00,7,47.665,47.45,0.8855,47.7405,47.6369,9.236,-4.892,-44.076,neutral,46.4136,0.1326,0.2672
BAC,BAC-091,2025-02-11T13:00:00-05:00,2025-02-12T11:00:00-05:00,14,46.765,46.075,0.8851,46.7087,46.8063,-10.965,2.817,41.069,neutral,46.5202,0.0155,0.2392
BAC,BAC-092,2025-02-13T13:00:00-05:00,2025-02-14T05:00:00-05:00,8,46.075,46.44,0.8684,46.1419,46.2619,-38.873,3.762,-4.698,neutral_down,46.5151,-0.0305,0.0104
BAC,BAC-093,2025-02-20T10:00:00-05:00,2025-02-20T11:00:00-05:00,1,45.21,45.295,0.8594,45.7517,45.9226,-61.864,-33.989,-31.736,accumulation,46.4924,-0.0472,-0.0058
BAC,BAC-094,2025-02-21T12:00:00-05:00,2025-02-21T13:00:00-05:00,1,45.035,44.805,0.8802,45.3254,45.4355,-35.809,-28.081,-15.513,neutral_down,46.3831,-0.1093,-0.1565
BAC,BAC-095,2025-02-21T14:00:00-05:00,2025-02-21T15:00:00-05:00,1,44.68,44.815,0.8802,45.113,45.3147,-79.036,-16.793,-71.308,accumulation,46.3831,-0.1093,-0.1565
BAC,BAC-096,2025-02-24T13:00:00-05:00,2025-02-24T19:00:00-05:00,6,44.92,44.5012,0.8869,44.914,45.0062,-17.404,4.535,8.595,neutral,46.2406,-0.1426,-0.2991
BAC,BAC-097,2025-02-26T13:00:00-05:00,2025-02-28T10:00:00-05:00,28,43.965,45.43,0.9342,44.1658,44.1943,-13.566,-21.865,-38.205,neutral,45.8877,-0.1928,-0.4954
BAC,BAC-098,2025-03-07T08:00:00-05:00,2025-03-10T06:00:00-04:00,14,41.17,40.83,1.2184,41.381,41.582,-37.917,-9.093,-16.15,neutral_down,44.7439,-0.3284,-0.8742
BAC,BAC-099,2025-03-11T10:00:00-04:00,2025-03-14T09:00:00-04:00,47,39.34,40.55,1.2813,39.9043,40.1157,-30.27,-29.388,-14.499,neutral_down,44.0193,-0.4179,-1.053
BAC,BAC-100,2025-03-18T12:00:00-04:00,2025-03-19T14:00:00-04:00,16,41.51,42.505,1.2585,41.4431,41.308,30.243,1.051,6.204,neutral_up,42.6417,-0.1192,-0.6352
BAC,BAC-101,2025-03-20T15:00:00-04:00,2025-03-20T19:00:00-04:00,4,42.495,42.53,1.2208,42.4036,42.2406,32.92,-1.131,-6.417,neutral_up,42.5218,-0.0307,-0.2391
BAC,BAC-102,2025-03-21T08:00:00-04:00,2025-03-24T05:00:00-04:00,13,42.07,42.93,1.2101,42.3606,42.329,-15.276,-26.19,-31.162,neutral,42.5193,-0.0024,-0.1224
BAC,BAC-103,2025-03-25T08:00:00-04:00,2025-03-26T14:00:00-04:00,22,43.23,42.74,1.1437,43.0945,42.9596,54.841,1.833,17.217,neutral_up,42.5609,0.0469,0.0391
BAC,BAC-104,2025-03-27T14:00:00-04:00,2025-03-28T06:00:00-04:00,8,42.635,42.57,1.0901,42.7319,42.8328,-32.954,1.876,-22.947,neutral_down,42.6438,0.0176,0.1299
BAC,BAC-105,2025-04-01T14:00:00-04:00,2025-04-02T18:00:00-04:00,20,41.32,40.4,1.1088,41.4376,41.4616,-13.089,-4.945,-14.475,neutral,42.4415,-0.0686,-0.2024
BAC,BAC-106,2025-04-07T09:00:00-04:00,2025-04-07T17:00:00-04:00,8,34.61,35.73,1.5125,34.0086,34.6908,-23.065,20.098,51.153,neutral,41.162,-0.6807,-1.1921
BAC,BAC-107,2025-04-08T13:00:00-04:00,2025-04-08T16:00:00-04:00,3,35.79,34.96,1.6252,36.1447,35.9178,-1.158,-4.683,-34.174,neutral,40.6545,-0.5075,-1.6519
BAC,BAC-108,2025-04-10T17:00:00-04:00,2025-04-10T18:00:00-04:00,1,35.7805,35.8699,1.9421,35.8129,35.8527,-3.101,0.009,4.364,neutral,39.8721,-0.2702,-1.2899
BAC,BAC-109,2025-04-11T06:00:00-04:00,2025-04-14T10:00:00-04:00,20,36.74,36.825,1.9848,36.0325,35.94,21.991,18.594,22.902,neutral,39.5037,-0.3684,-1.1508
BAC,BAC-110,2025-04-14T11:00:00-04:00,2025-04-14T12:00:00-04:00,1,36.365,36.498,1.9441,36.416,36.2021,24.836,-13.561,-2.125,neutral_up,39.1797,-0.324,-0.9626
BAC,BAC-111,2025-04-14T16:00:00-04:00,2025-04-14T18:00:00-04:00,2,36.889,36.8,1.9441,36.6637,36.4175,33.454,3.403,2.39,neutral_up,39.1797,-0.324,-0.9626
BAC,BAC-112,2025-04-14T19:00:00-04:00,2025-04-15T04:00:00-04:00,1,36.85,36.98,1.9441,36.7389,36.5164,30.026,0.758,-3.428,neutral_up,39.1797,-0.324,-0.9626
BAC,BAC-113,2025-04-15T06:00:00-04:00,2025-04-15T09:00:00-04:00,3,37.36,38.15,1.8802,36.9326,36.6662,51.475,14.284,21.449,neutral_up,38.9552,-0.2245,-0.9169
BAC,BAC-114,2025-04-16T10:00:00-04:00,2025-04-16T18:00:00-04:00,8,37.475,37.2801,1.8916,37.7673,37.6778,-5.456,-15.014,-24.855,neutral,38.8693,-0.0859,-0.6344
BAC,BAC-115,2025-04-17T04:00:00-04:00,2025-04-21T06:00:00-04:00,18,37.79,36.86,1.8412,37.4698,37.5217,1.616,26.452,24.424,neutral,38.7312,-0.1381,-0.4486
BAC,BAC-116,2025-04-25T13:00:00-04:00,2025-04-30T09:00:00-04:00,44,39.5034,38.85,1.6527,39.5085,39.3991,21.514,-7.58,-0.044,neutral,38.5729,0.1007,0.1143
BAC,BAC-117,2025-05-01T19:00:00-04:00,2025-05-02T04:00:00-04:00,1,40.09,40.53,1.4225,40.1023,40.0013,18.444,-3.377,-12.744,neutral,38.9711,0.0889,0.2994
BAC,BAC-118,2025-05-05T09:00:00-04:00,2025-05-05T11:00:00-04:00,2,41.01,41.34,1.36,40.8492,40.7682,16.369,22.603,11.352,neutral,39.2588,0.1796,0.3766
BAC,BAC-119,2025-05-06T15:00:00-04:00,2025-05-08T07:00:00-04:00,24,40.81,41.45,1.325,40.9266,40.9387,-6.656,-12.518,-13.383,neutral,39.428,0.1692,0.4569
BAC,BAC-120,2025-05-08T08:00:00-04:00,2025-05-08T09:00:00-04:00,1,41.38,41.57,1.2278,41.3124,41.2012,41.059,-11.058,2.833,neutral_up,39.6783,0.1247,0.4195
BAC,BAC-121,2025-05-08T10:00:00-04:00,2025-05-08T11:00:00-04:00,1,41.48,41.94,1.2278,41.3872,41.257,40.151,-6.696,-11.965,neutral_up,39.6783,0.1247,0.4195
BAC,BAC-122,2025-05-09T08:00:00-04:00,2025-05-12T04:00:00-04:00,11,41.7107,43.22,1.2276,41.6704,41.5844,21.894,0.43,9.776,neutral,39.8562,0.1779,0.4282
BAC,BAC-123,2025-05-13T08:00:00-04:00,2025-05-13T11:00:00-04:00,3,43.4395,44.255,1.236,43.3304,43.1284,40.629,5.81,8.53,neutral_up,40.3355,0.3035,0.6571
BAC,BAC-124,2025-05-16T10:00:00-04:00,2025-05-19T04:00:00-04:00,10,44.105,43.96,1.18,44.2661,44.3379,-35.471,0.685,-47.5,neutral_down,41.3647,0.305,1.0292
BAC,BAC-125,2025-05-20T12:00:00-04:00,2025-05-21T11:00:00-04:00,15,44.805,43.66,1.1663,44.7411,44.6644,25.148,-0.939,20.083,neutral_up,41.9469,0.2808,0.8872
BAC,BAC-126,2025-05-22T15:00:00-04:00,2025-05-23T07:00:00-04:00,7,43.3,42.39,1.1491,43.3366,43.4589,-14.649,-9.6,14.188,neutral,42.2893,0.0931,0.6233
BAC,BAC-127,2025-05-23T09:00:00-04:00,2025-05-23T10:00:00-04:00,1,43.04,43.005,1.1106,42.9716,43.1946,-55.71,40.466,-31.124,neutral_down,42.3812,0.0919,0.4343
BAC,BAC-128,2025-05-28T14:00:00-04:00,2025-05-29T05:00:00-04:00,7,44.175,44.69,1.1025,44.1216,44.0388,21.034,5.973,9.039,neutral,42.6152,0.16,0.3258
BAC,BAC-129,2025-05-29T08:00:00-04:00,2025-05-29T18:00:00-04:00,10,44.2,44.2,1.0579,44.3594,44.2419,15.312,-20.29,-55.126,neutral,42.7456,0.1304,0.3644
BAC,BAC-130,2025-05-30T10:00:00-04:00,2025-06-02T18:00:00-04:00,24,44.065,44.08,1.0223,44.0837,44.135,-21.146,10.41,-20.715,neutral,42.8842,0.1386,0.429
BAC,BAC-131,2025-06-03T04:00:00-04:00,2025-06-03T05:00:00-04:00,1,43.9,43.89,0.9764,44.0069,43.9919,-1.28,-17.686,-20.875,neutral,43.0959,0.0994,0.3503
BAC,BAC-132,2025-06-04T14:00:00-04:00,2025-06-04T16:00:00-04:00,2,44.415,44.37,0.9631,44.5452,44.522,-13.717,-7.785,-18.662,neutral,43.239,0.1431,0.3548
BAC,BAC-133,2025-06-05T10:00:00-04:00,2025-06-06T10:00:00-04:00,15,44.415,44.905,0.9479,44.346,44.4026,-20.705,22.846,-8.515,neutral,43.3391,0.1001,0.3426
BAC,BAC-134,2025-06-09T13:00:00-04:00,2025-06-11T16:00:00-04:00,35,45.1601,44.73,0.9116,45.1028,44.9698,34.293,2.349,-28.878,neutral_up,43.5726,0.1397,0.3335
BAC,BAC-135,2025-06-12T14:00:00-04:00,2025-06-13T05:00:00-04:00,7,44.615,44.0,0.859,44.5222,44.6178,-11.02,10.55,28.067,neutral,43.904,0.0831,0.3314
BAC,BAC-136,2025-06-17T16:00:00-04:00,2025-06-18T10:00:00-04:00,10,44.2001,44.8599,0.8516,44.2732,44.3068,-15.718,-4.672,-6.962,neutral,44.021,0.0409,0.117
BAC,BAC-137,2025-06-23T10:00:00-04:00,2025-06-23T15:00:00-04:00,5,45.49,46.29,0.8279,45.5355,45.4102,32.915,-19.645,11.931,neutral_up,44.2576,0.1262,0.2366
BAC,BAC-138,2025-06-25T06:00:00-04:00,2025-06-26T06:00:00-04:00,16,46.65,46.97,0.8621,46.6703,46.5393,27.549,-4.24,-4.514,neutral_up,44.6449,0.2025,0.5135
BAC,BAC-139,2025-06-27T11:00:00-04:00,2025-06-30T07:00:00-04:00,12,47.34,47.76,0.8274,47.367,47.3051,10.094,-3.739,-1.889,neutral,45.09,0.2415,0.6477
BAC,BAC-140,2025-06-30T08:00:00-04:00,2025-06-30T12:00:00-04:00,4,47.57,47.245,0.8226,47.5811,47.4761,24.2,-10.688,-1.949,neutral_up,45.2737,0.1836,0.6288
BAC,BAC-141,2025-07-01T10:00:00-04:00,2025-07-01T11:00:00-04:00,1,47.53,47.8664,0.806,47.3272,47.3351,16.758,17.646,41.666,neutral,45.4561,0.1824,0.6075
BAC,BAC-142,2025-07-07T07:00:00-04:00,2025-07-07T16:00:00-04:00,9,48.91,47.79,0.8248,48.877,48.7752,25.85,4.028,7.072,neutral_up,46.243,0.2687,0.787
BAC,BAC-143,2025-07-09T08:00:00-04:00,2025-07-10T05:00:00-04:00,13,47.37,46.78,0.9019,47.2745,47.4314,-13.971,7.78,22.878,neutral,46.5236,0.0621,0.5492
BAC,BAC-144,2025-07-10T10:00:00-04:00,2025-07-11T07:00:00-04:00,13,47.135,46.73,0.8903,46.9404,46.9937,10.778,13.002,42.094,neutral,46.5514,0.0279,0.3084
BAC,BAC-145,2025-07-14T07:00:00-04:00,2025-07-14T16:00:00-04:00,9,46.69,47.14,0.8469,46.6971,46.7156,-2.954,-3.41,3.713,neutral,46.5988,0.0111,0.0752
BAC,BAC-146,2025-07-15T08:00:00-04:00,2025-07-15T10:00:00-04:00,2,46.82,46.515,0.8235,47.0047,46.9436,-0.393,-20.226,-69.782,neutral,46.6389,0.0401,0.0875
BAC,BAC-147,2025-07-16T08:00:00-04:00,2025-07-16T15:00:00-04:00,7,46.32,46.0,0.8426,46.4087,46.475,0.969,-13.059,56.217,neutral,46.5908,-0.0481,0.0032
BAC,BAC-148,2025-07-17T12:00:00-04:00,2025-07-17T13:00:00-04:00,1,46.575,46.865,0.8931,46.2064,46.1415,32.888,12.792,38.725,neutral_up,46.5371,-0.0537,-0.0617
BAC,BAC-149,2025-07-18T16:00:00-04:00,2025-07-21T06:00:00-04:00,6,47.29,47.38,0.9564,47.2125,47.0137,49.137,-3.921,-5.622,neutral_up,46.5842,0.0471,-0.0547
BAC,BAC-150,2025-07-21T08:00:00-04:00,2025-07-21T10:00:00-04:00,2,47.27,47.815,0.9224,47.326,47.1953,30.864,-13.702,-22.47,neutral_up,46.6493,0.0651,0.0584
BAC,BAC-151,2025-07-23T12:00:00-04:00,2025-07-23T17:00:00-04:00,5,48.0599,48.59,0.9018,47.997,47.8898,36.012,-1.206,-9.905,neutral_up,46.8191,0.0921,0.235
BAC,BAC-152,2025-07-25T17:00:00-04:00,2025-07-28T07:00:00-04:00,6,48.41,48.47,0.875,48.3833,48.3722,10.553,-3.056,2.105,neutral,47.0746,0.1335,0.3475
BAC,BAC-153,2025-07-28T08:00:00-04:00,2025-07-28T17:00:00-04:00,9,48.5,48.2004,0.8565,48.4703,48.4308,15.69,-0.498,-8.087,neutral,47.2014,0.1269,0.3823
BAC,BAC-154,2025-07-29T10:00:00-04:00,2025-07-29T17:00:00-04:00,7,48.155,47.93,0.8281,48.2672,48.2931,-12.765,-22.424,-4.31,neutral,47.2954,0.094,0.3544
BAC,BAC-155,2025-07-30T11:00:00-04:00,2025-07-30T12:00:00-04:00,1,48.285,48.355,0.8133,48.1438,48.134,27.699,3.955,49.913,neutral_up,47.3567,0.0613,0.2821
BAC,BAC-156,2025-07-30T14:00:00-04:00,2025-07-30T18:00:00-04:00,4,47.867,47.74,0.8133,48.1532,48.1467,-5.074,-44.48,-32.774,neutral,47.3567,0.0613,0.2821
BAC,BAC-157,2025-07-31T18:00:00-04:00,2025-07-31T19:00:00-04:00,1,47.3598,47.19,0.8094,47.4456,47.6222,-47.548,8.259,-1.975,neutral_down,47.4143,0.0576,0.2129
BAC,BAC-158,2025-08-04T12:00:00-04:00,2025-08-05T11:00:00-04:00,15,45.8882,45.27,0.8937,45.8502,46.025,-29.755,10.472,-3.857,neutral_down,47.2419,-0.1602,-0.1148
BAC,BAC-159,2025-08-05T14:00:00-04:00,2025-08-05T15:00:00-04:00,1,45.655,45.555,0.8634,45.5849,45.7158,-21.322,12.927,48.033,neutral,47.1144,-0.1274,-0.2998
BAC,BAC-160,2025-08-06T09:00:00-04:00,2025-08-06T16:00:00-04:00,7,45.865,45.44,0.891,45.704,45.7022,15.572,8.048,16.299,neutral,46.9727,-0.1418,-0.4294
BAC,BAC-161,2025-08-06T17:00:00-04:00,2025-08-07T10:00:00-04:00,9,45.42,45.0401,0.891,45.5326,45.6102,-30.193,-1.717,-9.473,neutral_down,46.9727,-0.1418,-0.4294
BAC,BAC-162,2025-08-11T14:00:00-04:00,2025-08-12T10:00:00-04:00,11,46.165,47.385,0.9104,46.1901,46.0363,33.439,-11.324,-28.865,neutral_up,46.6023,-0.0572,-0.3704
BAC,BAC-163,2025-08-13T14:00:00-04:00,2025-08-13T16:00:00-04:00,2,47.225,47.31,0.9371,47.3561,47.2779,-10.679,2.317,-56.203,neutral,46.6484,0.0837,-0.011
BAC,BAC-164,2025-08-14T11:00:00-04:00,2025-08-14T16:00:00-04:00,5,47.46,47.63,0.9252,47.3012,47.2794,15.337,11.403,43.283,neutral,46.7022,0.0538,0.1
BAC,BAC-165,2025-08-19T14:00:00-04:00,2025-08-19T19:00:00-04:00,5,47.9401,48.19,0.9428,47.8456,47.7393,38.962,4.851,17.237,neutral_up,46.9072,0.1013,0.2049
BAC,BAC-166,2025-08-20T04:00:00-04:00,2025-08-20T05:00:00-04:00,1,47.97,48.07,0.9101,48.0465,47.9066,42.044,-28.256,-21.143,neutral_up,47.0161,0.1089,0.2236
BAC,BAC-167,2025-08-20T09:00:00-04:00,2025-08-20T12:00:00-04:00,3,48.05,48.225,0.9101,48.0763,47.9772,25.085,-11.126,-14.827,neutral_up,47.0161,0.1089,0.2236
BAC,BAC-168,2025-08-20T14:00:00-04:00,2025-08-21T08:00:00-04:00,8,48.335,48.15,0.9101,48.214,48.0857,45.725,-2.007,17.15,neutral_up,47.0161,0.1089,0.2236
BAC,BAC-169,2025-08-21T09:00:00-04:00,2025-08-22T10:00:00-04:00,16,48.16,49.325,0.8901,48.2343,48.1901,-3.251,-2.594,-28.969,neutral,47.1387,0.1226,0.3328
BAC,BAC-170,2025-08-25T14:00:00-04:00,2025-08-26T12:00:00-04:00,14,49.565,49.93,0.9125,49.4283,49.2868,46.936,11.495,13.896,neutral_up,47.4451,0.2045,0.4291
BAC,BAC-171,2025-08-27T15:00:00-04:00,2025-08-28T06:00:00-04:00,7,50.38,50.55,0.8888,50.2904,50.1362,49.346,-1.557,-0.617,neutral_up,47.8689,0.2361,0.6283
BAC,BAC-172,2025-08-28T10:00:00-04:00,2025-08-29T12:00:00-04:00,18,50.385,50.8,0.8711,50.471,50.3628,25.687,-20.854,-28.793,neutral_up,48.0972,0.2283,0.6521
BAC,BAC-173,2025-09-03T08:00:00-04:00,2025-09-03T14:00:00-04:00,6,50.27,49.94,0.8245,50.3292,50.3718,-17.789,-5.277,-13.883,neutral,48.7084,0.1697,0.6111
BAC,BAC-174,2025-09-03T15:00:00-04:00,2025-09-03T16:00:00-04:00,1,50.09,50.06,0.8245,50.0779,50.2081,-38.158,19.155,16.832,neutral_down,48.7084,0.1697,0.6111
BAC,BAC-175,2025-09-05T09:00:00-04:00,2025-09-05T10:00:00-04:00,1,50.25,49.405,0.8215,50.4022,50.4085,-23.982,-1.24,-30.672,neutral_down,49.0,0.166,0.4613
BAC,BAC-176,2025-09-08T13:00:00-04:00,2025-09-09T07:00:00-04:00,10,49.58,49.47,0.8742,49.6493,49.7834,-28.572,0.283,11.466,neutral_down,49.0691,0.0691,0.3607
BAC,BAC-177,2025-09-09T09:00:00-04:00,2025-09-09T10:00:00-04:00,1,49.845,50.22,0.8853,49.5655,49.6104,10.288,31.285,31.488,neutral,49.1064,0.0374,0.2725
BAC,BAC-178,2025-09-10T12:00:00-04:00,2025-09-11T11:00:00-04:00,15,50.2603,50.725,0.9007,50.225,50.133,17.397,0.185,-25.13,neutral,49.2131,0.1067,0.2131
BAC,BAC-179,2025-09-11T16:00:00-04:00,2025-09-11T17:00:00-04:00,1,50.76,50.73,0.8835,50.6205,50.4477,39.791,-8.472,-17.292,neutral_up,49.2983,0.0852,0.2292
BAC,BAC-180,2025-09-12T09:00:00-04:00,2025-09-16T06:00:00-04:00,29,50.81,50.66,0.8897,50.6708,50.5757,24.614,8.621,17.137,neutral_up,49.4284,0.1302,0.322
BAC,BAC-181,2025-09-16T08:00:00-04:00,2025-09-16T10:00:00-04:00,2,50.55,50.325,0.8436,50.6211,50.6378,-13.048,-9.764,-11.488,neutral,49.6284,0.0962,0.3301
BAC,BAC-182,2025-09-16T12:00:00-04:00,2025-09-17T09:00:00-04:00,13,50.715,51.37,0.8436,50.5525,50.5898,-4.955,28.151,24.378,neutral,49.6284,0.0962,0.3301
BAC,BAC-183,2025-09-19T15:00:00-04:00,2025-09-22T07:00:00-04:00,8,52.25,51.93,0.842,52.3359,52.152,40.851,-26.067,-12.265,neutral_up,50.0824,0.2053,0.4541
BAC,BAC-184,2025-09-22T08:00:00-04:00,2025-09-22T12:00:00-04:00,4,51.9,52.19,0.8461,52.0525,52.0874,-29.838,-3.213,-15.754,neutral_down,50.2795,0.1971,0.5546
BAC,BAC-185,2025-09-22T19:00:00-04:00,2025-09-23T06:00:00-04:00,3,51.92,51.95,0.8461,51.9505,52.016,-22.954,4.108,2.347,neutral,50.2795,0.1971,0.5546
BAC,BAC-186,2025-09-23T08:00:00-04:00,2025-09-23T09:00:00-04:00,1,51.98,52.84,0.8282,51.9666,52.0014,-8.267,3.411,0.026,neutral,50.4295,0.15,0.5524
BAC,BAC-187,2025-09-24T15:00:00-04:00,2025-09-25T18:00:00-04:00,18,51.68,51.89,0.8665,51.7169,51.8028,-25.087,7.05,-5.412,neutral_down,50.5455,0.116,0.4631
BAC,BAC-188,2025-09-26T04:00:00-04:00,2025-09-26T05:00:00-04:00,1,52.08,52.01,0.8635,51.8936,51.8429,24.436,16.71,16.658,neutral_up,50.7565,0.1079,0.3269
BAC,BAC-189,2025-09-26T13:00:00-04:00,2025-09-26T14:00:00-04:00,1,52.355,52.245,0.8635,52.178,52.0381,43.512,2.718,6.893,neutral_up,50.7565,0.1079,0.3269
BAC,BAC-190,2025-09-29T12:00:00-04:00,2025-09-30T10:00:00-04:00,14,52.265,51.395,0.8579,52.3016,52.2467,1.954,1.232,-20.095,neutral,50.8868,0.1303,0.3413
BAC,BAC-191,2025-10-02T13:00:00-04:00,2025-10-02T17:00:00-04:00,4,50.45,50.45,0.8968,50.4973,50.7177,-52.771,12.026,17.213,neutral_down,51.0381,-0.0383,0.1513
BAC,BAC-192,2025-10-03T05:00:00-04:00,2025-10-03T06:00:00-04:00,1,50.81,50.82,0.8881,50.5478,50.6293,4.24,29.935,38.685,neutral,50.9856,-0.0526,-0.0415
BAC,BAC-193,2025-10-03T10:00:00-04:00,2025-10-03T12:00:00-04:00,2,50.88,50.85,0.8881,50.7487,50.7085,29.329,-2.267,6.25,neutral_up,50.9856,-0.0526,-0.0415
BAC,BAC-194,2025-10-03T15:00:00-04:00,2025-10-06T17:00:00-04:00,18,50.66,50.34,0.8881,50.7505,50.728,-0.296,-10.073,-19.642,neutral,50.9856,-0.0526,-0.0415
BAC,BAC-195,2025-10-07T10:00:00-04:00,2025-10-08T16:00:00-04:00,22,50.545,49.88,0.9123,50.5069,50.517,10.831,-5.941,22.448,neutral,50.9036,-0.0524,-0.1345
BAC,BAC-196,2025-10-09T15:00:00-04:00,2025-10-10T13:00:00-04:00,14,49.795,49.075,0.8908,49.8156,49.9225,-25.679,3.148,14.787,neutral_down,50.7549,-0.092,-0.201
BAC,BAC-197,2025-10-14T06:00:00-04:00,2025-10-14T11:00:00-04:00,5,48.8,50.175,0.9099,48.8925,49.0014,-25.571,-0.354,-10.291,neutral_down,50.3339,-0.1504,-0.4211
BAC,BAC-198,2025-10-16T10:00:00-04:00,2025-10-16T14:00:00-04:00,4,52.135,50.785,1.1152,52.2121,51.9335,17.675,-2.425,-30.337,neutral,50.4891,0.1811,0.0049
BAC,BAC-199,2025-10-21T11:00:00-04:00,2025-10-21T17:00:00-04:00,6,51.92,51.51,1.2281,52.0485,51.9174,16.845,-16.494,-17.219,neutral,50.6909,0.1329,0.2017
BAC,BAC-200,2025-10-27T13:00:00-04:00,2025-10-27T16:00:00-04:00,3,52.935,53.02,1.1571,52.815,52.6148,44.069,4.892,-1.443,neutral_up,51.0414,0.1569,0.2769
BAC,BAC-201,2025-10-28T08:00:00-04:00,2025-10-28T18:00:00-04:00,10,53.02,52.74,1.1127,53.0042,52.8642,39.045,-6.248,-2.059,neutral_up,51.2212,0.1799,0.4263
BAC,BAC-202,2025-10-29T09:00:00-04:00,2025-10-30T11:00:00-04:00,18,52.875,53.25,1.1,52.7427,52.7544,4.348,16.57,14.495,neutral,51.3702,0.149,0.4857
BAC,BAC-203,2025-10-31T13:00:00-04:00,2025-10-31T16:00:00-04:00,3,53.045,53.45,1.0567,52.9299,52.8924,16.63,6.731,1.854,neutral,51.6244,0.1406,0.4032
BAC,BAC-204,2025-11-03T17:00:00-05:00,2025-11-03T19:00:00-05:00,2,53.5307,53.5299,1.0434,53.4149,53.3314,30.632,1.816,24.676,neutral_up,51.7922,0.1678,0.422
BAC,BAC-205,2025-11-04T08:00:00-05:00,2025-11-04T18:00:00-05:00,10,53.21,53.57,1.0353,53.2215,53.2596,-14.407,7.366,15.251,neutral,51.9547,0.1625,0.4709
BAC,BAC-206,2025-11-04T19:00:00-05:00,2025-11-05T04:00:00-05:00,1,53.5,53.52,1.0353,53.5134,53.4491,11.126,-4.391,-3.499,neutral,51.9547,0.1625,0.4709
BAC,BAC-207,2025-11-05T06:00:00-05:00,2025-11-05T09:00:00-05:00,3,52.98,52.0,1.0524,53.4198,53.4234,-21.123,-35.296,-32.249,neutral,52.1011,0.1464,0.4767
BAC,BAC-208,2025-11-06T16:00:00-05:00,2025-11-11T19:00:00-05:00,49,53.55,53.6888,1.108,53.3493,53.2588,18.4,5.547,9.172,neutral,52.1324,0.0313,0.3402
BAC,BAC-209,2025-11-14T15:00:00-05:00,2025-11-17T14:00:00-05:00,15,52.595,51.6,1.0798,52.7373,52.9657,-30.259,-7.061,7.962,neutral_down,52.7005,0.019,0.2724
BAC,BAC-210,2025-11-18T17:00:00-05:00,2025-11-18T18:00:00-05:00,1,51.61,51.72,1.0748,51.679,51.7504,-12.378,-4.952,-25.457,neutral,52.5817,-0.1092,-0.0998
BAC,BAC-211,2025-11-19T13:00:00-05:00,2025-11-20T09:00:00-05:00,11,52.06,52.685,1.0719,52.0393,51.9218,26.777,-10.576,-10.841,neutral_up,52.497,-0.0847,-0.2035
BAC,BAC-212,2025-11-20T10:00:00-05:00,2025-11-20T14:00:00-05:00,4,52.695,51.54,1.055,52.3831,52.1879,55.188,4.305,33.771,neutral_up,52.4523,-0.0447,-0.2386
BAC,BAC-213,2025-11-21T14:00:00-05:00,2025-11-25T12:00:00-05:00,30,51.61,52.69,1.1211,51.4527,51.4995,4.649,3.781,11.52,neutral,52.3212,-0.1311,-0.2605
BAC,BAC-214,2025-12-01T17:00:00-05:00,2025-12-01T19:00:00-05:00,2,53.3,53.2808,1.0642,53.4143,53.3894,-8.872,-4.697,-11.789,neutral,52.4315,0.1218,0.2094
BAC,BAC-215,2025-12-02T09:00:00-05:00,2025-12-03T12:00:00-05:00,19,53.245,54.0,1.0375,53.3475,53.3608,-10.005,-10.009,-11.991,neutral,52.5068,0.0753,0.2622
BAC,BAC-216,2025-12-04T17:00:00-05:00,2025-12-05T05:00:00-05:00,4,54.11,53.89,1.0158,54.242,54.1347,4.164,-8.182,-34.868,neutral,52.7043,0.1376,0.2727
BAC,BAC-217,2025-12-05T10:00:00-05:00,2025-12-05T11:00:00-05:00,1,54.225,54.2005,0.9925,54.123,54.0994,15.873,-0.138,45.416,neutral,52.8361,0.1319,0.3293
BAC,BAC-218,2025-12-05T14:00:00-05:00,2025-12-08T07:00:00-05:00,8,54.035,54.05,0.9925,54.1405,54.1193,0.326,-11.755,-13.47,neutral,52.8361,0.1319,0.3293
BAC,BAC-219,2025-12-08T08:00:00-05:00,2025-12-09T17:00:00-05:00,22,53.98,53.55,0.9991,54.0216,54.0494,-8.591,-3.948,1.149,neutral,52.9329,0.0967,0.3662
BAC,BAC-220,2025-12-11T11:00:00-05:00,2025-12-11T15:00:00-05:00,4,54.135,54.57,0.9983,54.0563,53.9966,15.385,4.824,5.906,neutral,53.1634,0.0937,0.2305
BAC,BAC-221,2025-12-15T15:00:00-05:00,2025-12-16T16:00:00-05:00,17,55.365,54.81,0.988,55.4025,55.261,23.607,-8.528,0.904,neutral_up,53.4611,0.1699,0.3914
BAC,BAC-222,2025-12-17T10:00:00-05:00,2025-12-17T17:00:00-05:00,7,54.905,54.55,0.9668,55.0369,55.0501,4.257,-23.777,12.406,neutral,53.7384,0.1042,0.4471
BAC,BAC-223,2025-12-18T10:00:00-05:00,2025-12-18T12:00:00-05:00,2,54.635,54.15,0.9767,54.7532,54.7969,-1.764,-19.69,23.493,neutral,53.8103,0.072,0.3492
BAC,BAC-224,2025-12-18T16:00:00-05:00,2025-12-18T17:00:00-05:00,1,54.2,54.26,0.9767,54.3775,54.5597,-43.366,-0.351,-3.673,neutral_down,53.8103,0.072,0.3492
BAC,BAC-225,2025-12-23T13:00:00-05:00,2025-12-26T08:00:00-05:00,18,56.125,56.3499,1.0011,56.006,55.848,44.245,6.874,-14.692,neutral_up,54.1451,0.1705,0.3347
BAC,BAC-226,2025-12-26T09:00:00-05:00,2025-12-29T10:00:00-05:00,17,56.265,55.6,0.934,56.2604,56.158,31.702,-9.322,-3.534,neutral_up,54.4856,0.1764,0.511
BAC,BAC-227,2025-12-30T17:00:00-05:00,2025-12-31T18:00:00-05:00,15,55.2413,55.02,0.9095,55.2828,55.4225,-43.519,-0.227,14.123,neutral_down,54.7046,0.0645,0.3955
BAC,BAC-228,2026-01-02T04:00:00-05:00,2026-01-02T12:00:00-05:00,8,55.26,55.5,0.8503,55.1,55.1698,-7.966,31.399,34.982,neutral,54.779,0.0221,0.1389
BAC,BAC-229,2026-01-06T13:00:00-05:00,2026-01-06T18:00:00-05:00,5,57.216,57.33,0.9204,57.0126,56.8145,56.564,7.353,17.445,neutral_up,55.0694,0.1831,0.3125
BAC,BAC-230,2026-01-07T04:00:00-05:00,2026-01-07T05:00:00-05:00,1,57.01,56.9,0.9018,57.184,57.0236,29.412,-31.826,-30.834,neutral_up,55.269,0.1996,0.49
BAC,BAC-231,2026-01-07T07:00:00-05:00,2026-01-07T09:00:00-05:00,2,56.95,56.21,0.9018,57.0714,57.0057,-4.482,-5.793,-33.895,neutral,55.269,0.1996,0.49
BAC,BAC-232,2026-01-09T12:00:00-05:00,2026-01-09T19:00:00-05:00,7,56.09,55.89,0.9779,56.2044,56.1932,-6.355,-9.984,-20.087,neutral,55.3785,0.0766,0.3091
BAC,BAC-233,2026-01-13T08:00:00-05:00,2026-01-13T16:00:00-05:00,8,55.17,54.54,0.9747,55.2376,55.2753,-4.522,-6.673,-6.241,neutral,55.3952,-0.0225,0.0934
BAC,BAC-234,2026-01-14T07:00:00-05:00,2026-01-14T09:00:00-05:00,2,54.38,52.23,0.9922,54.6326,54.7713,-17.121,-16.784,15.345,neutral,55.3038,-0.0914,-0.0747
BAC,BAC-235,2026-01-15T13:00:00-05:00,2026-01-16T18:00:00-05:00,21,52.815,52.98,1.1164,52.7198,52.8812,-9.327,3.25,4.331,neutral,55.0508,-0.2531,-0.367
BAC,BAC-236,2026-01-21T09:00:00-05:00,2026-01-21T10:00:00-05:00,1,52.585,52.67,1.1271,52.1964,52.3064,-2.132,27.981,24.991,neutral,54.4248,-0.2325,-0.6259
BAC,BAC-237,2026-01-21T11:00:00-05:00,2026-01-21T12:00:00-05:00,1,52.345,52.545,1.1271,52.3019,52.3399,7.365,-6.901,37.478,neutral,54.4248,-0.2325,-0.6259
BAC,BAC-238,2026-01-21T14:00:00-05:00,2026-01-22T12:00:00-05:00,14,52.425,53.04,1.1271,52.3709,52.3668,6.284,-0.946,-1.08,neutral,54.4248,-0.2325,-0.6259
BAC,BAC-239,2026-01-22T13:00:00-05:00,2026-01-22T16:00:00-05:00,3,52.675,52.44,1.1048,52.646,52.4972,36.788,-17.06,5.742,neutral_up,54.2135,-0.2113,-0.6136
BAC,BAC-240,2026-01-26T12:00:00-05:00,2026-01-26T14:00:00-05:00,2,52.055,52.095,1.096,51.8743,51.88,19.816,8.699,18.074,neutral,53.839,-0.2124,-0.5859
BAC,BAC-241,2026-01-27T10:00:00-05:00,2026-01-28T12:00:00-05:00,17,52.015,51.525,1.0609,52.0426,52.0083,3.729,-2.456,-25.195,neutral,53.6745,-0.1645,-0.539
BAC,BAC-242,2026-01-30T13:00:00-05:00,2026-02-02T05:00:00-05:00,8,52.93,53.21,1.0253,52.9231,52.7528,27.576,-3.876,-31.701,neutral_up,53.3482,-0.0298,-0.3263
BAC,BAC-243,2026-02-02T08:00:00-05:00,2026-02-02T11:00:00-05:00,3,53.25,53.77,0.9978,53.1846,53.0308,38.234,-4.503,-1.769,neutral_up,53.3384,-0.0098,-0.1985
BAC,BAC-244,2026-02-03T14:00:00-05:00,2026-02-03T16:00:00-05:00,2,54.12,54.35,1.008,54.1769,54.0001,13.849,-2.593,-67.115,neutral,53.399,0.0606,0.0209
BAC,BAC-245,2026-02-05T11:00:00-05:00,2026-02-06T09:00:00-05:00,14,54.815,56.14,1.0792,55.0392,55.0448,-21.933,1.644,-39.607,neutral,53.6683,0.1747,0.3299
BAC,BAC-246,2026-02-09T13:00:00-05:00,2026-02-10T13:00:00-05:00,15,56.625,54.385,1.1478,56.5007,56.3052,38.91,3.881,-10.336,neutral_up,54.032,0.2508,0.5384
BAC,BAC-247,2026-02-13T13:00:00-05:00,2026-02-18T14:00:00-05:00,33,52.46,53.365,1.3862,52.4808,52.7444,-26.969,0.932,25.309,neutral_down,54.1385,-0.1634,-0.1064
BAC,BAC-248,2026-02-19T09:00:00-05:00,2026-02-19T12:00:00-05:00,3,52.425,52.42,1.3252,52.8412,52.95,-47.721,1.151,-56.716,neutral_down,53.8301,-0.048,-0.3085
BAC,BAC-249,2026-02-20T09:00:00-05:00,2026-02-23T10:00:00-05:00,16,52.22,51.29,1.3391,52.591,52.6923,-32.543,-17.191,-28.283,neutral_down,53.7337,-0.0964,-0.2577
BAC,BAC-250,2026-02-26T14:00:00-05:00,2026-02-27T06:00:00-05:00,8,52.3109,51.32,1.4247,52.0622,51.7816,54.511,4.157,-1.936,neutral_up,53.0301,-0.133,-0.6442
BAC,BAC-251,2026-02-27T08:00:00-05:00,2026-02-27T09:00:00-05:00,1,51.0,49.945,1.3922,51.4751,51.6084,-44.467,-8.539,-36.545,neutral_down,52.9632,-0.0668,-0.4756
BAC,BAC-252,2026-03-04T13:00:00-05:00,2026-03-06T05:00:00-05:00,24,50.1334,49.54,1.5635,49.995,49.8955,15.352,4.742,7.847,neutral,52.1924,-0.2222,-0.7708
BAC,BAC-253,2026-03-10T09:00:00-04:00,2026-03-10T10:00:00-04:00,1,47.735,48.64,1.5742,47.8113,47.8547,-5.956,-3.186,-18.771,neutral,51.1929,-0.3313,-0.8252
BAC,BAC-254,2026-03-11T07:00:00-04:00,2026-03-12T10:00:00-04:00,19,48.41,47.29,1.5728,48.4626,48.3527,8.97,-3.774,-7.667,neutral,50.954,-0.2389,-0.8611
BAC,BAC-255,2026-03-13T09:00:00-04:00,2026-03-16T05:00:00-04:00,12,47.37,46.6,1.5353,47.2695,47.3852,-4.648,3.124,21.698,neutral,50.4,-0.33,-0.7929
BAC,BAC-256,2026-03-16T06:00:00-04:00,2026-03-16T07:00:00-04:00,1,47.02,47.01,1.5088,46.8751,47.0324,-19.542,18.184,22.543,neutral,50.0673,-0.3327,-0.8867
BAC,BAC-257,2026-03-16T08:00:00-04:00,2026-03-16T19:00:00-04:00,11,47.1,46.9994,1.5088,46.9417,47.0367,-2.127,8.808,35.599,neutral,50.0673,-0.3327,-0.8867
BAC,BAC-258,2026-03-17T06:00:00-04:00,2026-03-17T09:00:00-04:00,3,46.95,47.895,1.4682,46.9875,47.043,-16.399,3.356,-7.593,neutral,49.7943,-0.2729,-0.9357
BAC,BAC-259,2026-03-17T10:00:00-04:00,2026-03-17T12:00:00-04:00,2,47.595,47.39,1.4682,47.2926,47.1788,46.898,-0.558,53.974,neutral_up,49.7943,-0.2729,-0.9357
BAC,BAC-260,2026-03-17T14:00:00-04:00,2026-03-17T16:00:00-04:00,2,47.385,47.28,1.4682,47.357,47.2498,20.681,-4.16,-15.017,neutral,49.7943,-0.2729,-0.9357
BAC,BAC-261,2026-03-18T09:00:00-04:00,2026-03-18T17:00:00-04:00,8,47.745,46.81,1.4358,47.4565,47.3758,16.431,23.646,-21.95,neutral,49.5662,-0.2281,-0.8338
BAC,BAC-262,2026-03-19T15:00:00-04:00,2026-03-20T04:00:00-04:00,5,47.0,47.11,1.4183,46.7495,46.8203,7.535,12.244,31.439,neutral,49.3156,-0.2506,-0.7516
BAC,BAC-263,2026-03-20T08:00:00-04:00,2026-03-23T17:00:00-04:00,25,46.9,47.5147,1.3937,46.9142,46.9058,-2.451,1.746,-19.538,neutral,49.1051,-0.2105,-0.6892
BAC,BAC-264,2026-03-24T10:00:00-04:00,2026-03-24T15:00:00-04:00,5,48.0934,48.165,1.3403,47.5835,47.531,19.626,25.651,31.79,neutral,48.8011,-0.1281,-0.5145
BAC,BAC-265,2026-03-25T13:00:00-04:00,2026-03-27T12:00:00-04:00,30,48.62,47.495,1.3474,48.5826,48.3927,25.399,-1.1,-9.096,neutral_up,48.7433,-0.0578,-0.3619
BAC,BAC-266,2026-03-30T12:00:00-04:00,2026-03-31T09:00:00-04:00,13,47.325,48.16,1.2938,47.2831,47.3963,-7.079,-0.469,21.476,neutral,48.541,-0.1591,-0.2022
BAC,BAC-267,2026-03-31T10:00:00-04:00,2026-03-31T12:00:00-04:00,2,47.565,48.395,1.2674,47.6306,47.5156,27.798,-22.608,-4.303,neutral_up,48.4209,-0.1201,-0.3252
BAC,BAC-268,2026-04-01T16:00:00-04:00,2026-04-02T07:00:00-04:00,7,49.23,48.3,1.2876,49.2025,48.9238,31.514,-1.767,-11.21,neutral_up,48.4509,0.0299,-0.2493
BAC,BAC-269,2026-04-02T10:00:00-04:00,2026-04-02T11:00:00-04:00,1,49.155,49.175,1.2885,48.79,48.8242,0.681,28.393,43.928,neutral,48.5253,0.0745,-0.0157
BAC,BAC-270,2026-04-02T13:00:00-04:00,2026-04-02T14:00:00-04:00,1,49.385,49.315,1.2885,49.0207,48.931,30.941,10.117,30.259,neutral_up,48.5253,0.0745,-0.0157
BAC,BAC-271,2026-04-06T14:00:00-04:00,2026-04-06T15:00:00-04:00,1,50.015,50.065,1.2968,49.7821,49.5363,51.894,4.29,0.554,neutral_up,48.6012,0.0759,0.1803
BAC,BAC-272,2026-04-07T09:00:00-04:00,2026-04-07T18:00:00-04:00,9,49.89,51.35,1.266,49.8517,49.7674,10.157,8.072,-1.539,neutral,48.7343,0.1331,0.2834
BAC,BAC-273,2026-04-09T06:00:00-04:00,2026-04-09T12:00:00-04:00,6,51.53,52.625,1.289,51.7078,51.4862,20.514,-14.805,-35.151,neutral,49.151,0.2744,0.5498
BAC,BAC-274,2026-04-10T13:00:00-04:00,2026-04-13T07:00:00-04:00,9,52.655,51.82,1.2833,52.5348,52.3944,29.761,7.695,0.148,neutral_up,49.4737,0.3226,0.7394
BAC,BAC-275,2026-04-14T15:00:00-04:00,2026-04-15T14:00:00-04:00,15,53.35,54.435,1.2619,53.3332,53.1564,30.517,-6.799,-8.354,neutral_up,50.0794,0.3251,0.9284
BAC,BAC-276,2026-04-16T08:00:00-04:00,2026-04-16T16:00:00-04:00,8,54.21,53.5416,1.2859,54.2121,54.0729,16.473,-1.098,2.588,neutral,50.7352,0.3585,0.9809
BAC,BAC-277,2026-04-20T17:00:00-04:00,2026-04-20T18:00:00-04:00,1,53.9978,54.0552,1.2574,53.8248,53.7983,22.226,5.094,18.953,neutral,51.2497,0.2645,0.873
BAC,BAC-278,2026-04-21T15:00:00-04:00,2026-04-21T18:00:00-04:00,3,53.47,53.6992,1.2229,53.7537,53.8395,-39.651,-6.11,-24.601,neutral_down,51.4943,0.2446,0.7591
BAC,BAC-279,2026-04-22T09:00:00-04:00,2026-04-22T11:00:00-04:00,2,53.795,53.195,1.2384,53.7241,53.7625,-1.987,6.328,9.911,neutral,51.6739,0.1796,0.6887
BAC,BAC-280,2026-04-23T12:00:00-04:00,2026-04-23T15:00:00-04:00,3,52.975,52.44,1.207,53.1229,53.2124,-17.594,-17.169,6.103,neutral,51.8031,0.1292,0.5534
BAC,BAC-281,2026-04-24T16:00:00-04:00,2026-04-27T05:00:00-04:00,5,52.0713,51.96,1.2119,52.1547,52.3671,-51.169,5.171,4.984,neutral_down,51.861,0.0579,0.3667
BAC,BAC-282,2026-04-27T09:00:00-04:00,2026-04-27T10:00:00-04:00,1,52.7175,52.66,1.1668,52.1332,52.2077,9.666,61.47,70.238,neutral,51.8773,0.0163,0.2034
BAC,BAC-283,2026-04-28T14:00:00-04:00,2026-04-30T11:00:00-04:00,29,52.7,53.47,1.162,52.7952,52.6891,14.892,-13.19,-17.622,neutral,51.9466,0.0693,0.1435
BAC,BAC-284,2026-05-01T12:00:00-04:00,2026-05-01T19:00:00-04:00,7,53.18,53.17,1.1665,53.5202,53.3784,11.366,-35.597,-56.619,neutral,52.2182,0.1252,0.2716
BAC,BAC-285,2026-05-07T07:00:00-04:00,2026-05-07T14:00:00-04:00,7,53.42,52.6,1.1475,53.5754,53.5087,5.7,-20.839,-12.053,neutral,52.4876,0.1077,0.1779
BAC,BAC-286,2026-05-12T12:00:00-04:00,2026-05-13T05:00:00-04:00,9,50.885,50.5,1.2181,50.5893,50.7608,-13.923,28.21,46.686,neutral,52.2313,-0.1691,-0.2563
BAC,BAC-287,2026-05-13T09:00:00-04:00,2026-05-13T13:00:00-04:00,4,50.565,50.435,1.2197,50.6119,50.703,-26.999,8.65,-0.972,neutral_down,52.1007,-0.1306,-0.4107
BAC,BAC-288,2026-05-14T12:00:00-04:00,2026-05-15T07:00:00-04:00,11,49.715,49.74,1.2037,50.1051,50.2046,-26.355,-32.911,-21.498,neutral_down,51.8943,-0.2064,-0.5061
BAC,BAC-289,2026-05-15T09:00:00-04:00,2026-05-15T11:00:00-04:00,2,49.79,49.54,1.1877,49.7974,49.9241,-29.635,9.854,6.84,neutral_down,51.7084,-0.1858,-0.5228
BAC,BAC-290,2026-05-15T12:00:00-04:00,2026-05-15T13:00:00-04:00,1,49.625,49.465,1.1877,49.6958,49.8405,-34.515,5.376,-4.88,neutral_down,51.7084,-0.1858,-0.5228
BAC,BAC-291,2026-05-15T14:00:00-04:00,2026-05-18T10:00:00-04:00,12,49.43,50.63,1.1877,49.6057,49.7721,-43.618,-3.304,-3.726,neutral_down,51.7084,-0.1858,-0.5228
BAC,BAC-292,2026-05-19T12:00:00-04:00,2026-05-20T13:00:00-04:00,17,51.105,51.18,1.1556,50.7981,50.5893,51.783,9.537,24.767,neutral_up,51.4579,-0.0743,-0.4364
BAC,BAC-293,2026-05-21T09:00:00-04:00,2026-05-22T09:00:00-04:00,16,51.165,52.035,1.1336,51.1749,51.104,10.668,-0.378,-7.929,neutral,51.3689,-0.0224,-0.1633
BAC,BAC-294,2026-05-26T04:00:00-04:00,2026-05-26T06:00:00-04:00,2,51.99,52.035,1.0754,51.8106,51.6909,27.259,16.656,9.152,neutral_up,51.4155,0.0374,0.0242
BAC,BAC-295,2026-05-26T09:00:00-04:00,2026-05-26T19:00:00-04:00,10,52.03,52.2488,1.0754,51.9668,51.8247,37.53,-5.989,-4.659,neutral_up,51.4155,0.0374,0.0242
BAC,BAC-296,2026-05-27T06:00:00-04:00,2026-05-27T12:00:00-04:00,6,52.34,50.96,1.0493,52.2488,52.1106,45.263,-2.501,12.017,neutral_up,51.4896,0.074,0.1207
BAC,BAC-297,2026-05-28T13:00:00-04:00,2026-05-28T14:00:00-04:00,1,50.795,50.73,1.0979,51.0063,51.2241,-45.557,-5.055,-16.71,neutral_down,51.4542,-0.0354,0.0761
BAC,BAC-298,2026-05-28T15:00:00-04:00,2026-05-29T14:00:00-04:00,15,50.83,51.41,1.0979,50.9268,51.1474,-44.544,5.733,-4.043,neutral_down,51.4542,-0.0354,0.0761
BAC,BAC-299,2026-06-01T10:00:00-04:00,2026-06-02T10:00:00-04:00,16,51.215,52.365,1.0891,51.4176,51.3392,6.417,-21.223,-20.072,neutral,51.4163,0.0189,-0.0733
BAC,BAC-300,2026-06-05T12:00:00-04:00,2026-06-09T16:00:00-04:00,34,53.535,54.34,1.1797,53.8502,53.7148,-3.029,-16.529,-44.259,neutral,51.8319,0.2278,0.4071
BAC,BAC-301,2026-06-10T18:00:00-04:00,2026-06-10T19:00:00-04:00,1,54.4,54.45,1.1276,54.5825,54.4691,1.395,-9.021,-24.723,neutral,52.3616,0.2033,0.5297
BAC,BAC-302,2026-06-11T04:00:00-04:00,2026-06-11T05:00:00-04:00,1,54.74,54.99,1.1242,54.5928,54.4922,13.456,13.778,3.039,neutral,52.5592,0.1976,0.5456
BAC,BAC-303,2026-06-11T10:00:00-04:00,2026-06-11T18:00:00-04:00,8,54.645,55.175,1.1242,54.6937,54.6106,4.061,-0.575,-32.197,neutral,52.5592,0.1976,0.5456
BAC,BAC-304,2026-06-15T14:00:00-04:00,2026-06-15T16:00:00-04:00,2,56.02,55.925,1.1276,56.1829,56.0347,9.021,-10.754,-23.467,neutral,53.0836,0.2911,0.722
BAC,BAC-305,2026-06-15T17:00:00-04:00,2026-06-15T18:00:00-04:00,1,55.87,55.89,1.1276,56.0428,56.0005,-11.524,-4.944,-20.545,neutral,53.0836,0.2911,0.722
BAC,BAC-306,2026-06-16T09:00:00-04:00,2026-06-16T10:00:00-04:00,1,56.445,56.765,1.1371,56.0456,56.0028,27.535,30.157,44.376,neutral_up,53.3396,0.256,0.7804
BAC,BAC-307,2026-06-23T13:00:00-04:00,2026-06-23T16:00:00-04:00,3,57.82,57.8778,1.2148,57.592,57.3621,56.078,3.576,3.093,neutral_up,54.4156,0.2939,0.7569
BAC,BAC-308,2026-06-24T11:00:00-04:00,2026-06-25T10:00:00-04:00,14,57.615,59.01,1.1859,57.7485,57.6759,-2.751,-5.96,-56.506,neutral,54.7342,0.3186,0.8153
BAC,BAC-309,2026-06-26T09:00:00-04:00,2026-06-29T06:00:00-04:00,13,57.7475,57.6408,1.1884,58.1582,58.1392,-15.475,-23.864,-35.453,neutral,55.2981,0.2897,0.8824
BAC,BAC-310,2026-06-29T07:00:00-04:00,2026-06-30T08:00:00-04:00,17,57.9678,57.29,1.1885,57.8235,57.9083,-10.791,17.824,12.359,neutral,55.5255,0.2274,0.7913
BAC,BAC-311,2026-06-30T09:00:00-04:00,2026-06-30T10:00:00-04:00,1,57.34,57.285,1.1554,57.6158,57.7789,-52.041,2.173,-25.805,neutral_down,55.7391,0.2136,0.7307
BAC,BAC-312,2026-07-01T10:00:00-04:00,2026-07-01T11:00:00-04:00,1,58.05,58.275,1.1468,57.3029,57.3083,40.677,43.37,78.201,neutral_up,55.8501,0.111,0.552
BAC,BAC-313,2026-07-02T13:00:00-04:00,2026-07-06T09:00:00-04:00,11,58.35,59.67,1.1817,58.4994,58.301,23.038,-18.143,-7.453,neutral,56.0801,0.23,0.5546
BAC,BAC-314,2026-07-07T15:00:00-04:00,2026-07-07T18:00:00-04:00,3,59.85,59.83,1.1785,60.0665,59.9099,7.034,-14.499,-22.882,neutral,56.6426,0.3252,0.7925
JPM,JPM-001,2024-07-15T04:00:00-04:00,2024-07-15T05:00:00-04:00,1,206.0,206.1,3.5412,205.3432,205.7988,-8.203,13.043,13.602,neutral,202.9148,0.2155,1.2273
JPM,JPM-002,2024-07-15T09:00:00-04:00,2024-07-15T11:00:00-04:00,2,206.95,210.575,3.5412,205.9318,205.9394,12.334,12.113,10.442,neutral,202.9148,0.2155,1.2273
JPM,JPM-003,2024-07-16T15:00:00-04:00,2024-07-16T16:00:00-04:00,1,213.62,213.57,3.7554,211.9354,210.6245,75.081,11.226,13.328,distribution,203.5734,0.6587,1.3403
JPM,JPM-004,2024-07-19T15:00:00-04:00,2024-07-25T07:00:00-04:00,45,209.86,208.6,4.1853,210.3961,211.1573,-39.649,-0.885,-6.674,neutral_down,206.0059,0.3934,2.4325
JPM,JPM-005,2024-07-25T08:00:00-04:00,2024-07-26T11:00:00-04:00,13,208.8,212.775,3.8829,208.9799,209.4699,-33.165,6.5,1.547,neutral_down,207.1883,0.1502,0.8321
JPM,JPM-006,2024-07-29T17:00:00-04:00,2024-07-29T19:00:00-04:00,1,210.74,210.38,3.8143,211.1697,211.216,-16.632,-3.091,-11.386,neutral,207.7796,0.452,0.7414
JPM,JPM-007,2024-07-31T15:00:00-04:00,2024-07-31T17:00:00-04:00,2,212.82,213.01,3.845,214.554,214.3393,-16.948,-27.206,-33.304,neutral,208.7025,0.6438,1.3749
JPM,JPM-008,2024-08-06T08:00:00-04:00,2024-08-06T10:00:00-04:00,2,195.68,199.66,4.8403,195.6485,196.1541,-8.178,-2.057,5.44,neutral,206.8694,-1.1959,-2.2074
JPM,JPM-009,2024-08-09T18:00:00-04:00,2024-08-12T04:00:00-04:00,1,205.75,205.0,5.0932,205.4503,204.4929,44.463,-2.949,-8.835,neutral_up,205.5855,-0.1506,-1.2838
JPM,JPM-010,2024-08-12T07:00:00-04:00,2024-08-12T08:00:00-04:00,1,205.8,206.0,4.9844,205.4482,204.6536,34.545,4.559,-12.867,neutral_up,205.6059,0.0204,-0.6608
JPM,JPM-011,2024-08-12T09:00:00-04:00,2024-08-13T17:00:00-04:00,19,204.28,207.84,4.9844,205.3028,204.7309,12.88,-26.457,-17.106,neutral,205.6059,0.0204,-0.6608
JPM,JPM-012,2024-08-20T09:00:00-04:00,2024-08-22T15:00:00-04:00,27,214.735,216.73,4.2402,214.7116,214.3568,11.82,7.24,-15.712,neutral,208.1184,0.7202,1.8645
JPM,JPM-013,2024-08-26T10:00:00-04:00,2024-08-27T07:00:00-04:00,10,218.715,219.4,3.7738,218.4654,217.7399,46.491,-6.823,-12.552,neutral_up,210.6658,0.7544,1.9663
JPM,JPM-014,2024-08-27T08:00:00-04:00,2024-08-27T17:00:00-04:00,9,219.12,220.1381,3.6207,219.0455,218.5913,33.98,-5.245,-0.594,neutral_up,211.4407,0.7749,2.2112
JPM,JPM-015,2024-08-28T08:00:00-04:00,2024-08-28T10:00:00-04:00,2,219.43,221.9826,3.4499,219.8991,219.5368,17.766,-24.139,-25.382,neutral,212.2443,0.8036,2.3329
JPM,JPM-016,2024-08-28T12:00:00-04:00,2024-08-29T05:00:00-04:00,9,220.25,221.59,3.4499,220.6045,220.0552,33.756,-25.895,-17.159,neutral_up,212.2443,0.8036,2.3329
JPM,JPM-017,2024-08-29T09:00:00-04:00,2024-08-29T13:00:00-04:00,4,219.8,222.64,3.4192,221.114,220.7669,11.945,-46.399,-24.813,neutral,213.0721,0.8278,2.4063
JPM,JPM-018,2024-08-29T14:00:00-04:00,2024-08-29T16:00:00-04:00,2,221.99,222.21,3.4192,221.7308,221.2213,34.235,-8.198,13.367,neutral_up,213.0721,0.8278,2.4063
JPM,JPM-019,2024-08-30T11:00:00-04:00,2024-08-30T12:00:00-04:00,1,222.7572,223.1,3.4636,222.6597,222.144,36.508,-11.66,3.861,neutral_up,213.9055,0.8334,2.4648
JPM,JPM-020,2024-09-03T10:00:00-04:00,2024-09-03T13:00:00-04:00,3,221.73,221.59,3.4697,223.1772,223.1498,-26.024,-20.459,-36.033,neutral_down,214.8941,0.9886,2.6498
JPM,JPM-021,2024-09-05T09:00:00-04:00,2024-09-05T11:00:00-04:00,2,219.71,216.54,3.7064,219.4133,220.0419,-19.253,8.935,22.81,neutral,215.7257,0.3474,1.8202
JPM,JPM-022,2024-09-06T09:00:00-04:00,2024-09-06T10:00:00-04:00,1,217.8996,215.16,3.7823,217.7213,218.3103,-23.591,9.621,6.93,neutral,215.8961,0.1704,1.002
JPM,JPM-023,2024-09-11T14:00:00-04:00,2024-09-11T19:00:00-04:00,5,206.46,207.25,5.1568,205.3045,206.6641,-20.133,15.714,45.566,neutral,214.785,-0.922,-1.1112
JPM,JPM-024,2024-09-12T14:00:00-04:00,2024-09-13T13:00:00-04:00,15,206.54,204.345,5.2077,206.7438,206.8676,-7.029,-2.107,2.47,neutral,214.09,-0.695,-1.5047
JPM,JPM-025,2024-09-17T14:00:00-04:00,2024-09-18T08:00:00-04:00,7,208.26,209.844,5.0029,208.3359,207.7559,27.247,-9.127,-24.834,neutral_up,212.175,-0.4215,-1.915
JPM,JPM-026,2024-09-18T09:00:00-04:00,2024-09-19T06:00:00-04:00,13,207.455,210.26,4.8077,208.8853,208.4773,5.983,-46.588,-36.885,neutral,211.9273,-0.2477,-1.4909
JPM,JPM-027,2024-09-19T08:00:00-04:00,2024-09-19T13:00:00-04:00,5,209.88,211.0372,4.7955,209.4543,208.9212,38.146,-9.25,-3.49,neutral_up,211.5321,-0.3952,-1.0644
JPM,JPM-028,2024-09-20T09:00:00-04:00,2024-09-25T12:00:00-04:00,44,210.42,209.52,4.7794,210.5505,210.1104,19.179,-8.708,-3.628,neutral,211.4464,-0.0856,-0.7286
JPM,JPM-029,2024-09-26T10:00:00-04:00,2024-09-30T06:00:00-04:00,25,211.09,209.0,4.2047,210.5539,210.6072,1.027,18.925,-8.823,neutral,211.3313,-0.1081,-0.0827
JPM,JPM-030,2024-09-30T15:00:00-04:00,2024-09-30T16:00:00-04:00,1,210.79,210.86,4.026,209.4904,209.6143,12.377,23.755,27.533,neutral,211.1163,-0.0776,-0.3232
JPM,JPM-031,2024-10-02T16:00:00-04:00,2024-10-03T12:00:00-04:00,10,207.46,204.67,4.1781,207.3875,207.7883,-15.365,3.685,7.098,neutral,210.7151,-0.3715,-0.4788
JPM,JPM-032,2024-10-07T16:00:00-04:00,2024-10-09T11:00:00-04:00,23,211.11,213.8,4.2033,210.8955,210.3175,22.933,6.225,-7.219,neutral,210.0424,0.1178,-0.6727
JPM,JPM-033,2024-10-10T14:00:00-04:00,2024-10-11T06:00:00-04:00,7,211.74,217.91,4.1324,212.5388,212.5092,-18.108,-10.439,-20.34,neutral,210.4706,0.2939,0.4282
JPM,JPM-034,2024-10-11T08:00:00-04:00,2024-10-11T09:00:00-04:00,1,213.25,223.405,4.0758,213.8822,213.2706,34.195,-34.598,37.408,neutral_up,210.6869,0.2163,0.5666
JPM,JPM-035,2024-10-14T13:00:00-04:00,2024-10-15T11:00:00-04:00,14,220.93,224.25,4.6261,221.2538,220.6087,9.464,-1.923,6.005,neutral,211.7381,1.0512,1.5614
JPM,JPM-036,2024-10-15T15:00:00-04:00,2024-10-15T17:00:00-04:00,2,222.445,222.3,4.6399,223.0546,222.4003,19.007,-17.802,-43.481,neutral,212.6274,0.8893,2.1568
JPM,JPM-037,2024-10-16T07:00:00-04:00,2024-10-17T12:00:00-04:00,18,223.34,225.06,4.5892,222.8583,222.4857,15.642,12.375,6.272,neutral,213.5199,0.8925,2.833
JPM,JPM-038,2024-10-18T08:00:00-04:00,2024-10-21T13:00:00-04:00,19,223.97,223.7,4.3135,224.4483,224.1504,7.638,-14.748,-6.129,neutral,215.3467,0.9113,2.7193
JPM,JPM-039,2024-10-22T11:00:00-04:00,2024-10-25T07:00:00-04:00,33,224.39,225.45,4.1064,223.227,223.528,2.633,23.588,86.356,neutral,216.8959,0.6334,2.4605
JPM,JPM-040,2024-10-25T09:00:00-04:00,2024-10-25T12:00:00-04:00,3,224.69,222.41,3.9386,224.6705,224.2973,22.143,-7.033,-17.135,neutral,218.7175,0.6263,1.8216
JPM,JPM-041,2024-10-29T11:00:00-04:00,2024-10-29T12:00:00-04:00,1,224.05,223.87,3.9501,224.6538,224.4951,-11.308,-4.532,-36.172,neutral,219.6357,0.5934,1.5445
JPM,JPM-042,2024-10-29T13:00:00-04:00,2024-10-29T16:00:00-04:00,3,223.58,222.75,3.9501,224.3136,224.3603,-21.755,-5.866,-14.979,neutral,219.6357,0.5934,1.5445
JPM,JPM-043,2024-11-01T16:00:00-04:00,2024-11-01T17:00:00-04:00,1,222.94,222.94,3.9955,223.6895,223.5926,-7.562,-11.975,-37.594,neutral,220.4985,0.1394,0.8629
JPM,JPM-044,2024-11-05T14:00:00-05:00,2024-11-05T19:00:00-05:00,4,220.45,224.13,4.0553,220.7426,221.0785,-15.629,-6.66,-3.068,neutral,220.635,-0.0855,0.2758
JPM,JPM-045,2024-11-08T14:00:00-05:00,2024-11-11T07:00:00-05:00,9,238.36,240.25,5.9806,237.9075,238.1562,1.743,2.697,17.709,neutral,224.315,1.1995,3.68
JPM,JPM-046,2024-11-12T08:00:00-05:00,2024-11-13T10:00:00-05:00,17,239.0,242.9,5.755,239.0672,239.1687,-13.096,6.584,6.987,neutral,226.7335,1.2626,3.6181
JPM,JPM-047,2024-11-14T13:00:00-05:00,2024-11-15T10:00:00-05:00,11,241.56,245.23,5.4577,242.0674,241.6681,9.366,-12.867,-43.286,neutral,229.127,1.2183,3.6561
JPM,JPM-048,2024-11-18T13:00:00-05:00,2024-11-20T06:00:00-05:00,21,244.72,241.67,5.2751,245.0805,244.6364,12.303,-10.036,3.284,neutral,231.6676,1.3722,3.759
JPM,JPM-049,2024-11-20T09:00:00-05:00,2024-11-20T10:00:00-05:00,1,240.77,240.3,5.1559,242.4244,243.1778,-48.502,-10.33,-14.506,neutral_down,233.8191,0.9231,3.5237
JPM,JPM-050,2024-11-25T13:00:00-05:00,2024-12-02T10:00:00-05:00,43,250.54,245.5,5.2444,250.1329,249.0183,41.27,3.202,-13.073,neutral_up,236.6011,1.1949,2.782
JPM,JPM-051,2024-12-03T15:00:00-05:00,2024-12-03T17:00:00-05:00,2,244.85,244.74,4.7546,245.9326,246.7168,-54.373,-10.751,-15.358,neutral_down,241.3085,0.4976,2.3696
JPM,JPM-052,2024-12-06T11:00:00-05:00,2024-12-06T18:00:00-05:00,7,246.38,247.13,4.5532,246.0677,245.6907,28.05,-0.35,-15.155,neutral_up,242.1296,0.336,0.8211
JPM,JPM-053,2024-12-09T10:00:00-05:00,2024-12-09T14:00:00-05:00,4,245.0612,245.095,4.4351,246.7795,246.581,-15.743,-47.823,-66.284,neutral,242.6029,0.4732,0.9724
JPM,JPM-054,2024-12-11T07:00:00-05:00,2024-12-12T15:00:00-05:00,20,243.24,241.55,4.5067,243.484,244.1335,-30.142,1.041,0.428,neutral_down,242.7767,0.0413,0.647
JPM,JPM-055,2024-12-16T16:00:00-05:00,2024-12-17T11:00:00-05:00,10,239.5211,238.005,4.1951,239.6673,240.106,-19.913,-2.866,7.269,neutral,242.4812,-0.2511,-0.2954
JPM,JPM-056,2024-12-17T15:00:00-05:00,2024-12-17T16:00:00-05:00,1,238.36,238.36,4.1205,237.9512,238.5951,-32.895,24.083,20.589,neutral_down,242.2402,-0.241,-0.6104
JPM,JPM-057,2024-12-18T05:00:00-05:00,2024-12-18T14:00:00-05:00,9,238.0,233.995,4.0547,238.1195,238.4562,-17.356,-3.021,-0.981,neutral,241.8875,-0.3527,-0.8449
JPM,JPM-058,2024-12-19T19:00:00-05:00,2024-12-20T05:00:00-05:00,1,232.86,231.58,4.4465,233.4782,233.9593,-18.079,-8.413,2.731,neutral,240.8368,-1.0507,-1.6444
JPM,JPM-059,2024-12-20T07:00:00-05:00,2024-12-20T11:00:00-05:00,4,231.74,238.4625,4.5596,232.5887,233.3847,-43.508,-0.634,-25.43,neutral_down,240.1307,-0.7061,-2.1095
JPM,JPM-060,2024-12-23T13:00:00-05:00,2024-12-24T11:00:00-05:00,10,237.51,241.09,4.7784,237.0971,236.672,15.093,3.004,25.864,neutral,239.9097,-0.221,-1.9777
JPM,JPM-061,2024-12-27T09:00:00-05:00,2024-12-27T13:00:00-05:00,4,243.0,240.965,4.5127,242.745,241.9059,43.553,-1.225,-15.567,neutral_up,240.2749,0.2825,0.3652
JPM,JPM-062,2024-12-27T14:00:00-05:00,2024-12-27T16:00:00-05:00,2,241.8,241.17,4.5127,241.6346,241.5816,-8.484,15.998,6.496,neutral,240.2749,0.2825,0.3652
JPM,JPM-063,2024-12-31T06:00:00-05:00,2024-12-31T07:00:00-05:00,1,239.78,239.76,4.4132,239.5395,240.0239,-24.27,16.372,-0.858,neutral_down,240.2809,-0.0881,0.2885
JPM,JPM-064,2024-12-31T10:00:00-05:00,2025-01-03T18:00:00-05:00,37,239.98,243.2,4.4132,239.9226,240.0688,3.625,-6.462,19.83,neutral,240.2809,-0.0881,0.2885
JPM,JPM-065,2025-01-06T08:00:00-05:00,2025-01-06T18:00:00-05:00,10,244.0,241.3399,4.2849,243.304,242.56,47.58,0.36,9.692,neutral_up,240.5047,0.2775,0.2237
JPM,JPM-066,2025-01-07T09:00:00-05:00,2025-01-07T11:00:00-05:00,2,241.92,244.55,4.3438,241.8232,242.0181,-3.97,1.117,14.174,neutral,240.5479,0.0432,0.297
JPM,JPM-067,2025-01-08T09:00:00-05:00,2025-01-10T16:00:00-05:00,19,240.985,239.89,4.345,242.6215,242.7531,-25.08,-21.445,-26.436,neutral_down,240.7917,0.2438,0.5646
JPM,JPM-068,2025-01-14T13:00:00-05:00,2025-01-15T04:00:00-05:00,7,246.21,247.99,4.4418,244.8483,244.0172,32.752,15.043,0.565,neutral_up,241.1948,0.2965,0.4031
JPM,JPM-069,2025-01-15T08:00:00-05:00,2025-01-15T11:00:00-05:00,3,251.7,252.115,4.5195,249.4842,247.3924,61.252,-9.677,-10.041,neutral_up,241.7425,0.5477,0.7464
JPM,JPM-070,2025-01-16T06:00:00-05:00,2025-01-17T06:00:00-05:00,15,252.69,255.0,4.9103,252.0493,250.7915,31.79,1.978,6.451,neutral_up,242.6996,0.957,1.8013
JPM,JPM-071,2025-01-17T09:00:00-05:00,2025-01-17T15:00:00-05:00,6,254.19,259.41,4.8999,254.4201,253.5459,25.876,-11.72,-10.2,neutral_up,243.7542,1.0546,2.5594
JPM,JPM-072,2025-01-22T09:00:00-05:00,2025-01-23T11:00:00-05:00,16,261.25,264.5,5.1331,262.3596,261.5502,15.894,-24.975,-34.358,neutral,246.8149,1.6375,4.1153
JPM,JPM-073,2025-01-24T09:00:00-05:00,2025-01-29T07:00:00-05:00,43,266.03,267.04,4.9228,265.1248,264.4961,25.122,12.454,-3.315,neutral_up,249.8718,1.6028,4.6944
JPM,JPM-074,2025-01-30T10:00:00-05:00,2025-01-30T12:00:00-05:00,2,267.42,268.54,4.6503,267.5156,267.2445,11.432,-5.219,-23.024,neutral,255.0447,1.1545,3.8158
JPM,JPM-075,2025-01-30T15:00:00-05:00,2025-01-31T07:00:00-05:00,5,268.27,268.51,4.6503,268.3604,267.8353,27.114,-14.042,-5.553,neutral_up,255.0447,1.1545,3.8158
JPM,JPM-076,2025-01-31T08:00:00-05:00,2025-01-31T19:00:00-05:00,11,268.67,266.34,4.5403,268.4004,268.0725,19.404,3.829,6.664,neutral,256.247,1.2023,3.6798
JPM,JPM-077,2025-02-04T16:00:00-05:00,2025-02-05T16:00:00-05:00,15,267.6,270.8,4.6326,267.5732,267.2757,10.724,-2.525,3.79,neutral,258.1348,0.8825,3.0901
JPM,JPM-078,2025-02-10T07:00:00-05:00,2025-02-10T10:00:00-05:00,3,277.16,271.685,4.4913,276.3207,275.9218,18.306,20.326,14.342,neutral,262.8829,1.2987,3.863
JPM,JPM-079,2025-02-12T19:00:00-05:00,2025-02-14T07:00:00-05:00,15,275.5125,276.39,4.7783,275.4516,274.8619,19.616,-1.08,-13.745,neutral,264.6663,1.0474,3.0822
JPM,JPM-080,2025-02-18T04:00:00-05:00,2025-02-18T14:00:00-05:00,9,277.42,279.3405,4.442,277.1146,276.8138,16.274,7.939,10.775,neutral,267.5152,0.9025,2.8488
JPM,JPM-081,2025-02-19T14:00:00-05:00,2025-02-20T09:00:00-05:00,9,279.955,275.67,4.4068,279.4796,279.0752,24.26,3.985,9.491,neutral_up,268.6433,1.1282,2.9994
JPM,JPM-082,2025-02-21T15:00:00-05:00,2025-02-21T16:00:00-05:00,1,264.19,264.15,4.9704,265.949,268.1418,-90.765,3.426,-32.822,accumulation,269.3628,-0.2503,1.8476
JPM,JPM-083,2025-02-26T12:00:00-05:00,2025-02-28T05:00:00-05:00,22,259.43,259.41,5.6167,259.0268,259.1431,8.438,-1.573,9.842,neutral,267.2253,-0.9815,-2.1375
JPM,JPM-084,2025-02-28T06:00:00-05:00,2025-02-28T16:00:00-05:00,10,260.34,264.07,5.5199,259.7698,259.7655,3.861,12.252,15.776,neutral,265.8048,-0.6655,-2.402
JPM,JPM-085,2025-03-05T13:00:00-05:00,2025-03-06T07:00:00-05:00,9,251.4,248.5,6.4581,251.0962,252.5551,-29.096,9.863,22.783,neutral_down,263.8718,-1.3622,-1.933
JPM,JPM-086,2025-03-06T10:00:00-05:00,2025-03-06T11:00:00-05:00,1,247.79,245.585,6.3697,248.7018,250.2745,-56.572,14.923,-4.694,neutral_down,262.7443,-1.1274,-2.95
JPM,JPM-087,2025-03-07T09:00:00-05:00,2025-03-07T11:00:00-05:00,2,243.235,240.01,6.459,246.2257,247.3386,-48.866,-26.248,-48.239,neutral_down,261.2639,-1.4804,-3.97
JPM,JPM-088,2025-03-12T11:00:00-04:00,2025-03-13T06:00:00-04:00,11,230.09,228.05,6.9771,230.3637,230.9753,-14.74,0.998,-31.747,neutral,254.4933,-2.5373,-6.7707
JPM,JPM-089,2025-03-13T09:00:00-04:00,2025-03-13T11:00:00-04:00,2,225.43,225.58,6.983,227.7591,228.7875,-39.763,-22.202,-6.253,neutral_down,252.0757,-2.4176,-7.437
JPM,JPM-090,2025-03-13T13:00:00-04:00,2025-03-13T15:00:00-04:00,2,224.67,225.17,6.983,226.4369,227.7977,-49.061,-4.712,-21.343,neutral_down,252.0757,-2.4176,-7.437
JPM,JPM-091,2025-03-13T18:00:00-04:00,2025-03-14T06:00:00-04:00,3,226.05,227.23,6.983,225.8725,226.9579,-26.893,8.948,12.374,neutral_down,252.0757,-2.4176,-7.437
JPM,JPM-092,2025-03-14T08:00:00-04:00,2025-03-14T10:00:00-04:00,2,227.4899,231.0,6.8606,226.7072,226.9915,7.002,5.172,16.758,neutral,249.6297,-2.446,-7.4009
JPM,JPM-093,2025-03-17T12:00:00-04:00,2025-03-18T04:00:00-04:00,8,233.44,233.8,6.9401,232.4685,231.5426,41.317,6.428,7.813,neutral_up,248.0607,-1.5691,-6.4326
JPM,JPM-094,2025-03-18T09:00:00-04:00,2025-03-19T10:00:00-04:00,17,234.66,237.45,6.8168,233.957,233.2269,29.992,9.724,-1.2,neutral_up,246.7879,-1.2728,-5.2878
JPM,JPM-095,2025-03-20T11:00:00-04:00,2025-03-21T16:00:00-04:00,18,240.37,241.8,6.585,239.3803,238.4915,37.859,3.0,34.593,neutral_up,245.1292,-0.5889,-2.9315
JPM,JPM-096,2025-03-26T16:00:00-04:00,2025-03-26T17:00:00-04:00,1,250.43,250.21,6.3388,251.0984,250.5939,1.329,-5.649,-25.31,neutral,245.2275,0.5932,0.6619
JPM,JPM-097,2025-03-27T10:00:00-04:00,2025-03-27T11:00:00-04:00,1,249.98,248.4109,6.2353,250.2721,250.3289,-8.934,0.484,-20.076,neutral,245.745,0.5175,1.4463
JPM,JPM-098,2025-03-27T16:00:00-04:00,2025-03-27T18:00:00-04:00,2,248.6,248.12,6.2353,248.8902,249.4831,-26.945,5.329,7.295,neutral_down,245.745,0.5175,1.4463
JPM,JPM-099,2025-04-01T15:00:00-04:00,2025-04-02T18:00:00-04:00,16,243.63,238.55,6.3864,243.7089,243.7541,-8.623,5.887,-16.909,neutral,245.6386,-0.0369,-0.1065
JPM,JPM-100,2025-04-07T10:00:00-04:00,2025-04-07T17:00:00-04:00,7,214.84,215.35,8.0184,208.3864,211.808,-11.631,30.251,64.644,neutral,240.8946,-3.0665,-4.5614
JPM,JPM-101,2025-04-08T16:00:00-04:00,2025-04-08T18:00:00-04:00,2,216.87,214.24,8.8666,219.4167,218.4761,-7.076,-6.267,-33.377,neutral,238.4833,-2.4113,-7.0049
JPM,JPM-102,2025-04-10T17:00:00-04:00,2025-04-10T18:00:00-04:00,1,227.0,227.79,10.5042,226.9929,226.5491,1.821,2.011,2.047,neutral,236.3182,-0.2038,-4.5764
JPM,JPM-103,2025-04-11T05:00:00-04:00,2025-04-11T15:00:00-04:00,10,231.82,236.13,10.7667,228.1393,227.239,23.969,18.67,17.986,neutral_up,235.4602,-0.858,-3.023
JPM,JPM-104,2025-04-14T10:00:00-04:00,2025-04-14T11:00:00-04:00,1,235.085,234.49,10.9673,236.7029,235.0982,15.165,-15.318,-23.527,neutral,235.5211,0.0609,-1.001
JPM,JPM-105,2025-04-14T12:00:00-04:00,2025-04-16T06:00:00-04:00,25,234.72,233.13,10.9673,235.9522,235.0135,0.344,-3.929,-30.139,neutral,235.5211,0.0609,-1.001
JPM,JPM-106,2025-04-17T04:00:00-04:00,2025-04-17T05:00:00-04:00,1,231.88,231.76,9.9501,230.4147,231.4282,-19.462,28.647,26.87,neutral,234.7166,-0.5057,-0.8044
JPM,JPM-107,2025-04-17T08:00:00-04:00,2025-04-17T14:00:00-04:00,6,231.1,233.21,9.9501,230.8933,231.3757,-7.351,0.789,-0.88,neutral,234.7166,-0.5057,-0.8044
JPM,JPM-108,2025-04-17T15:00:00-04:00,2025-04-17T16:00:00-04:00,1,231.96,231.96,9.9501,232.3243,232.0024,13.904,-14.821,-11.471,neutral,234.7166,-0.5057,-0.8044
JPM,JPM-109,2025-04-21T08:00:00-04:00,2025-04-21T10:00:00-04:00,2,229.68,228.24,9.5736,230.8777,231.383,-41.351,-2.621,-25.08,neutral_down,234.466,-0.2506,-0.9695
JPM,JPM-110,2025-04-24T09:00:00-04:00,2025-04-24T13:00:00-04:00,4,240.82,244.27,9.2832,240.7143,239.9236,12.669,3.706,5.961,neutral,234.7123,0.6058,0.2462
JPM,JPM-111,2025-04-25T13:00:00-04:00,2025-04-29T17:00:00-04:00,33,242.14,244.62,9.1837,243.1485,242.9425,-8.962,-9.166,-21.47,neutral,235.613,0.9007,1.6538
JPM,JPM-112,2025-04-30T08:00:00-04:00,2025-04-30T09:00:00-04:00,1,241.81,238.57,8.2438,243.7377,243.6079,-16.163,-30.378,-40.864,neutral,237.6442,0.7026,2.0312
JPM,JPM-113,2025-04-30T10:00:00-04:00,2025-04-30T13:00:00-04:00,3,241.6,242.28,8.2438,242.4833,243.009,-43.268,14.96,-57.483,neutral_down,237.6442,0.7026,2.0312
JPM,JPM-114,2025-04-30T14:00:00-04:00,2025-04-30T17:00:00-04:00,3,241.4,244.39,8.2438,242.1492,242.6743,-21.346,-4.49,8.606,neutral,237.6442,0.7026,2.0312
JPM,JPM-115,2025-05-02T05:00:00-04:00,2025-05-02T06:00:00-04:00,1,248.26,248.5,8.0071,246.7784,245.8107,40.875,15.327,14.285,neutral_up,239.0483,0.7772,2.1066
JPM,JPM-116,2025-05-07T07:00:00-04:00,2025-05-08T07:00:00-04:00,14,250.8,252.4,7.3956,250.4172,250.7082,-2.173,4.778,21.778,neutral,242.1014,0.7059,3.0531
JPM,JPM-117,2025-05-08T08:00:00-04:00,2025-05-08T12:00:00-04:00,4,251.7,255.5499,7.1259,251.4456,251.1359,22.202,-7.645,10.453,neutral,242.7594,0.6581,2.4924
JPM,JPM-118,2025-05-09T08:00:00-04:00,2025-05-12T04:00:00-04:00,12,253.9,259.74,7.0841,253.5654,253.1585,15.264,6.556,1.919,neutral,243.754,0.9946,2.3585
JPM,JPM-119,2025-05-13T10:00:00-04:00,2025-05-13T15:00:00-04:00,5,262.465,262.96,7.0785,260.5889,259.4674,48.675,14.273,26.386,neutral_up,245.9972,1.4063,3.2378
JPM,JPM-120,2025-05-15T11:00:00-04:00,2025-05-15T19:00:00-04:00,8,266.085,267.4466,6.6535,265.7136,264.8409,35.014,-2.293,-22.28,neutral_up,249.1812,1.6419,4.5902
JPM,JPM-121,2025-05-16T09:00:00-04:00,2025-05-19T04:00:00-04:00,11,266.221,264.25,6.5183,267.1608,266.4617,19.391,-25.904,-18.379,neutral,250.8711,1.6899,4.8738
JPM,JPM-122,2025-05-19T06:00:00-04:00,2025-05-21T14:00:00-04:00,35,265.57,261.45,6.3205,265.6047,266.0566,-28.411,17.979,3.869,neutral_down,252.3919,1.5208,4.8526
JPM,JPM-123,2025-05-22T19:00:00-04:00,2025-05-23T07:00:00-04:00,2,260.81,255.34,6.1064,260.9885,261.5879,-24.236,0.188,-15.439,neutral_down,255.2246,0.5775,2.8327
JPM,JPM-124,2025-05-23T08:00:00-04:00,2025-05-23T14:00:00-04:00,6,256.0,261.19,5.9153,259.0668,260.5066,-81.778,-2.312,-57.542,accumulation,255.7142,0.4896,2.1834
JPM,JPM-125,2025-05-28T12:00:00-04:00,2025-05-29T04:00:00-04:00,8,264.145,267.57,5.8206,264.4438,264.0091,3.611,0.577,-35.63,neutral,257.0007,0.8259,1.776
JPM,JPM-126,2025-05-29T09:00:00-04:00,2025-05-29T10:00:00-04:00,1,263.955,263.1,5.6777,264.6943,264.5156,-7.929,-6.969,-44.338,neutral,257.5924,0.5918,1.8782
JPM,JPM-127,2025-05-30T13:00:00-04:00,2025-06-03T12:00:00-04:00,26,263.915,266.1,5.4779,263.7513,263.8865,-3.023,3.867,7.958,neutral,258.204,0.6116,2.0293
JPM,JPM-128,2025-06-04T15:00:00-04:00,2025-06-04T16:00:00-04:00,1,264.24,264.22,5.0182,265.1147,265.3139,-33.565,-6.929,-16.439,neutral_down,259.9076,0.6372,1.7036
JPM,JPM-129,2025-06-09T15:00:00-04:00,2025-06-10T14:00:00-04:00,11,266.72,268.54,4.827,266.4856,265.7883,39.863,-8.899,9.159,neutral_up,260.9328,0.4797,1.0253
JPM,JPM-130,2025-06-11T09:00:00-04:00,2025-06-12T07:00:00-04:00,12,268.85,266.15,4.6817,268.4521,267.7212,42.847,-8.016,-7.243,neutral_up,262.1154,0.6565,1.6623
JPM,JPM-131,2025-06-12T09:00:00-04:00,2025-06-13T04:00:00-04:00,10,267.07,264.0,4.6212,267.1032,267.4362,-22.593,11.362,22.939,neutral,262.6722,0.5568,1.7393
JPM,JPM-132,2025-06-17T13:00:00-04:00,2025-06-18T09:00:00-04:00,9,269.06,274.07,4.7388,269.5741,269.2587,7.763,-13.938,-22.577,neutral,263.9876,0.6452,1.3154
JPM,JPM-133,2025-06-20T14:00:00-04:00,2025-06-23T17:00:00-04:00,17,274.08,278.13,4.8639,274.6728,273.9276,16.907,-12.791,-33.561,neutral,265.3513,0.8699,2.009
JPM,JPM-134,2025-06-25T08:00:00-04:00,2025-06-25T16:00:00-04:00,8,281.0049,284.0,4.8557,281.1662,280.3263,29.479,-7.477,-23.504,neutral_up,268.5893,1.2656,3.238
JPM,JPM-135,2025-06-27T12:00:00-04:00,2025-06-30T11:00:00-04:00,14,287.57,291.87,4.7818,287.4029,287.0545,7.735,5.869,2.619,neutral,271.7358,1.7264,4.412
JPM,JPM-136,2025-07-01T08:00:00-04:00,2025-07-02T05:00:00-04:00,13,289.25,292.51,4.7857,289.7691,289.3865,2.554,-6.119,-13.811,neutral,274.6409,1.5129,4.6315
JPM,JPM-137,2025-07-02T16:00:00-04:00,2025-07-03T11:00:00-04:00,9,292.0,295.61,4.7682,291.7421,291.3258,16.131,2.634,2.532,neutral,276.069,1.4281,4.3332
JPM,JPM-138,2025-07-09T14:00:00-04:00,2025-07-10T05:00:00-04:00,7,283.005,282.25,5.2706,283.6937,284.7236,-35.147,-2.99,-8.693,neutral_down,280.5693,0.2161,3.0575
JPM,JPM-139,2025-07-10T09:00:00-04:00,2025-07-10T10:00:00-04:00,1,284.98,286.66,5.2309,283.3167,283.6985,5.552,33.541,45.935,neutral,280.7948,0.2255,1.6023
JPM,JPM-140,2025-07-11T13:00:00-04:00,2025-07-11T18:00:00-04:00,5,287.05,286.95,5.2366,286.4546,286.2401,13.792,10.589,18.705,neutral,281.4585,0.6637,1.1052
JPM,JPM-141,2025-07-14T04:00:00-04:00,2025-07-14T18:00:00-04:00,13,286.71,289.77,5.1797,286.7858,286.5543,10.965,-5.174,-3.222,neutral,281.9186,0.4601,1.3493
JPM,JPM-142,2025-07-14T19:00:00-04:00,2025-07-15T04:00:00-04:00,1,288.08,289.5,5.1797,288.5484,287.8956,31.41,-25.364,-16.315,neutral_up,281.9186,0.4601,1.3493
JPM,JPM-143,2025-07-15T06:00:00-04:00,2025-07-17T16:00:00-04:00,38,289.89,289.88,5.0986,289.2684,288.4218,42.002,-12.425,10.592,neutral_up,282.5242,0.6056,1.7294
JPM,JPM-144,2025-07-21T06:00:00-04:00,2025-07-21T07:00:00-04:00,1,291.45,291.12,5.3959,291.318,290.4693,39.826,-4.626,2.769,neutral_up,284.4071,0.6713,1.5533
JPM,JPM-145,2025-07-21T08:00:00-04:00,2025-07-23T11:00:00-04:00,29,290.69,294.735,5.3959,291.1607,290.5432,18.121,-12.804,-26.331,neutral,284.4071,0.6713,1.5533
JPM,JPM-146,2025-07-25T10:00:00-04:00,2025-07-25T12:00:00-04:00,2,298.025,297.64,5.1148,297.3537,296.7957,27.212,10.605,6.806,neutral_up,287.5142,0.9246,2.4996
JPM,JPM-147,2025-07-25T15:00:00-04:00,2025-07-28T07:00:00-04:00,5,298.58,298.54,5.1148,297.8074,297.2343,35.53,7.506,14.154,neutral_up,287.5142,0.9246,2.4996
JPM,JPM-148,2025-07-28T08:00:00-04:00,2025-07-29T18:00:00-04:00,23,298.1,296.66,4.9598,298.2797,297.7725,25.279,-11.486,-12.448,neutral_up,288.5202,1.006,2.9396
JPM,JPM-149,2025-07-30T19:00:00-04:00,2025-07-31T06:00:00-04:00,1,298.0,297.92,4.8135,298.545,298.3792,-5.748,-4.891,-40.243,neutral,290.0963,0.6944,2.5822
JPM,JPM-150,2025-07-31T09:00:00-04:00,2025-08-01T06:00:00-04:00,11,298.17,293.03,4.7247,298.2171,298.2525,-6.922,4.702,2.226,neutral,290.9839,0.8876,2.4638
JPM,JPM-151,2025-08-06T16:00:00-04:00,2025-08-07T12:00:00-04:00,10,291.6,287.79,5.5235,291.4348,291.6061,-5.058,4.897,11.408,neutral,291.5013,-0.0151,0.0386
JPM,JPM-152,2025-08-08T18:00:00-04:00,2025-08-12T12:00:00-04:00,18,289.1272,292.905,5.4738,288.9033,289.2111,-6.395,4.238,4.895,neutral,291.1029,-0.3883,-0.4135
JPM,JPM-153,2025-08-18T15:00:00-04:00,2025-08-22T12:00:00-04:00,46,291.48,296.335,5.4166,291.0072,291.1608,6.352,4.074,9.528,neutral,291.1403,-0.065,0.1706
JPM,JPM-154,2025-08-25T15:00:00-04:00,2025-08-26T15:00:00-04:00,11,294.8,298.53,5.1873,295.3811,295.0304,1.672,-8.236,-11.524,neutral,291.6885,0.4551,0.5628
JPM,JPM-155,2025-08-27T19:00:00-04:00,2025-09-02T08:00:00-04:00,33,299.56,298.171,5.0597,299.3921,298.576,36.447,-3.789,-10.188,neutral_up,292.5676,0.5962,1.3343
JPM,JPM-156,2025-09-02T09:00:00-04:00,2025-09-02T10:00:00-04:00,1,297.994,297.2791,4.6978,299.8732,300.4071,-60.634,-0.749,-47.718,neutral_down,294.5621,0.6928,1.9944
JPM,JPM-157,2025-09-03T10:00:00-04:00,2025-09-04T10:00:00-04:00,12,299.415,302.49,4.8615,299.1762,299.383,-4.822,5.644,-2.946,neutral,295.0237,0.4616,1.8395
JPM,JPM-158,2025-09-08T15:00:00-04:00,2025-09-08T16:00:00-04:00,1,292.99,292.91,5.3326,293.3398,294.9058,-52.73,6.714,18.452,neutral_down,296.0358,-0.1536,1.0121
JPM,JPM-159,2025-09-08T18:00:00-04:00,2025-09-09T06:00:00-04:00,1,292.89,293.32,5.3326,293.1549,294.4225,-44.743,0.302,7.987,neutral_down,296.0358,-0.1536,1.0121
JPM,JPM-160,2025-09-09T08:00:00-04:00,2025-09-09T11:00:00-04:00,3,293.0,297.195,5.3103,293.1503,294.2021,-36.686,0.898,8.359,neutral_down,295.7589,-0.2769,0.3346
JPM,JPM-161,2025-09-10T13:00:00-04:00,2025-09-10T14:00:00-04:00,1,300.555,300.685,5.4089,299.0969,297.825,64.67,-2.618,20.014,distribution,295.9408,0.1819,-0.2485
JPM,JPM-162,2025-09-12T15:00:00-04:00,2025-09-12T17:00:00-04:00,2,306.91,306.9,5.436,306.1634,304.9339,60.784,-3.416,11.337,neutral_up,297.1956,0.8294,1.4367
JPM,JPM-163,2025-09-16T08:00:00-04:00,2025-09-17T10:00:00-04:00,14,308.46,312.045,5.16,308.7083,308.0344,23.042,-7.564,-17.674,neutral,299.0834,1.0047,2.7172
JPM,JPM-164,2025-09-17T14:00:00-04:00,2025-09-17T16:00:00-04:00,2,310.97,311.75,5.0604,310.7525,309.9919,28.105,-4.718,-40.252,neutral_up,300.0085,0.9251,2.8129
JPM,JPM-165,2025-09-18T08:00:00-04:00,2025-09-22T06:00:00-04:00,27,311.9,309.49,4.9945,312.3752,311.5564,24.98,-16.103,-17.526,neutral_up,301.0759,1.0674,2.9972
JPM,JPM-166,2025-09-22T09:00:00-04:00,2025-09-22T11:00:00-04:00,2,312.37,312.99,5.0376,310.7673,311.3156,-6.604,24.378,28.205,neutral,303.3186,1.1441,3.3101
JPM,JPM-167,2025-09-23T14:00:00-04:00,2025-09-24T10:00:00-04:00,7,311.545,316.27,5.0496,312.8333,312.6699,-13.897,-10.446,-51.862,neutral,304.1488,0.8301,3.0728
JPM,JPM-168,2025-09-24T11:00:00-04:00,2025-09-24T15:00:00-04:00,4,313.275,313.42,5.0985,313.8736,313.3172,25.099,-25.975,19.197,neutral_up,304.9307,0.7819,2.7562
JPM,JPM-169,2025-09-25T05:00:00-04:00,2025-09-26T13:00:00-04:00,20,314.0,317.4,5.0852,313.5861,313.3804,11.869,5.739,5.147,neutral,305.7024,0.7718,2.3838
JPM,JPM-170,2025-09-30T13:00:00-04:00,2025-10-01T12:00:00-04:00,11,313.01,311.1204,4.9065,313.9491,314.6696,-38.957,0.532,5.97,neutral_down,308.0507,0.7639,2.3483
JPM,JPM-171,2025-10-06T09:00:00-04:00,2025-10-08T04:00:00-04:00,24,308.16,308.25,5.1525,309.7405,309.745,-17.405,-29.883,-31.133,neutral,308.8902,0.115,0.1727
JPM,JPM-172,2025-10-08T10:00:00-04:00,2025-10-08T15:00:00-04:00,5,307.2775,304.06,5.2609,307.3716,307.8337,-27.531,14.645,-29.151,neutral_down,308.8055,-0.111,0.0303
JPM,JPM-173,2025-10-09T14:00:00-04:00,2025-10-10T16:00:00-04:00,16,305.33,299.66,5.2589,304.7918,305.2963,-8.133,9.046,19.623,neutral,308.3741,-0.4314,-0.5161
JPM,JPM-174,2025-10-14T08:00:00-04:00,2025-10-14T09:00:00-04:00,1,304.65,294.95,5.7421,307.5689,307.1719,-10.602,-18.014,-46.368,neutral,307.5114,0.0429,-0.8626
JPM,JPM-175,2025-10-14T10:00:00-04:00,2025-10-14T13:00:00-04:00,3,303.06,305.84,5.7421,304.6481,305.788,-39.124,17.031,-46.536,neutral_down,307.5114,0.0429,-0.8626
JPM,JPM-176,2025-10-15T14:00:00-04:00,2025-10-15T15:00:00-04:00,1,307.725,305.96,6.3127,307.5393,306.3074,24.903,-8.689,-16.825,neutral_up,307.0095,-0.5019,-1.1069
JPM,JPM-177,2025-10-16T10:00:00-04:00,2025-10-16T14:00:00-04:00,4,307.14,299.815,6.5853,306.3207,306.2133,0.158,13.462,-11.134,neutral,306.9141,-0.0954,-0.5545
JPM,JPM-178,2025-10-17T16:00:00-04:00,2025-10-20T12:00:00-04:00,11,297.97,301.905,6.9442,297.4894,298.7651,-15.385,4.296,14.695,neutral,306.1564,-0.7576,-1.355
JPM,JPM-179,2025-10-23T14:00:00-04:00,2025-10-24T10:00:00-04:00,9,294.67,299.91,6.847,294.7476,295.1235,-8.117,-2.85,4.987,neutral,303.44,-0.936,-1.9404
JPM,JPM-180,2025-10-28T11:00:00-04:00,2025-10-28T13:00:00-04:00,2,304.235,305.2,6.5488,304.8829,303.6292,45.413,-30.402,-21.571,neutral_up,302.5864,0.1574,-0.8536
JPM,JPM-181,2025-10-28T15:00:00-04:00,2025-10-30T10:00:00-04:00,25,305.39,312.21,6.5488,305.0512,304.099,34.702,-1.048,5.97,neutral_up,302.5864,0.1574,-0.8536
JPM,JPM-182,2025-10-31T12:00:00-04:00,2025-10-31T18:00:00-04:00,6,309.49,311.21,6.4231,309.4254,308.7208,20.957,-7.638,-6.824,neutral,303.6624,0.5758,1.076
JPM,JPM-183,2025-11-03T09:00:00-05:00,2025-11-04T05:00:00-05:00,12,309.04,305.54,6.3657,310.536,310.1407,-3.17,-17.608,-36.159,neutral,304.3394,0.6771,1.4982
JPM,JPM-184,2025-11-04T09:00:00-05:00,2025-11-05T05:00:00-05:00,12,309.475,308.7,6.3475,308.1083,308.6948,-7.794,22.046,44.015,neutral,304.8231,0.4837,1.7365
JPM,JPM-185,2025-11-05T09:00:00-05:00,2025-11-05T18:00:00-05:00,9,308.425,311.95,6.4027,309.0156,309.0302,-1.698,-11.414,4.219,neutral,305.2256,0.4024,1.5632
JPM,JPM-186,2025-11-06T09:00:00-05:00,2025-11-07T19:00:00-05:00,25,310.73,314.086,6.4789,311.3638,310.92,8.057,-12.346,-11.397,neutral,305.8178,0.5922,1.4784
JPM,JPM-187,2025-11-11T09:00:00-05:00,2025-11-12T09:00:00-05:00,16,317.09,321.91,6.3015,316.935,316.1854,27.57,-3.271,-4.504,neutral_up,308.1108,0.8859,2.293
JPM,JPM-188,2025-11-17T11:00:00-05:00,2025-11-17T14:00:00-05:00,3,303.47,298.085,6.6569,304.1399,305.8206,-44.134,0.784,20.535,neutral_down,309.2784,-0.5508,0.4758
JPM,JPM-189,2025-11-18T12:00:00-05:00,2025-11-19T12:00:00-05:00,15,302.38,302.675,6.747,299.9328,300.9612,-6.604,30.281,43.671,neutral,308.4749,-0.8035,-1.3892
JPM,JPM-190,2025-11-19T13:00:00-05:00,2025-11-19T14:00:00-05:00,1,302.4801,301.97,6.6883,301.7109,301.151,30.025,-2.552,0.623,neutral_up,307.6626,-0.8123,-2.1666
JPM,JPM-191,2025-11-19T15:00:00-05:00,2025-11-19T18:00:00-05:00,3,303.34,304.4,6.6883,302.0781,301.4177,30.56,7.912,-2.017,neutral_up,307.6626,-0.8123,-2.1666
JPM,JPM-192,2025-11-21T15:00:00-05:00,2025-11-25T14:00:00-05:00,31,297.985,303.395,6.9508,298.2952,299.4097,-19.524,0.661,12.844,neutral,306.4815,-0.7881,-1.9934
JPM,JPM-193,2025-12-02T11:00:00-05:00,2025-12-02T12:00:00-05:00,1,308.72,307.905,6.8202,309.3965,309.611,-15.073,-8.211,-10.985,neutral,306.1067,0.2933,1.2803
JPM,JPM-194,2025-12-02T13:00:00-05:00,2025-12-03T13:00:00-05:00,14,308.2,311.265,6.8202,308.9185,309.3417,-28.39,-1.043,-21.527,neutral_down,306.1067,0.2933,1.2803
JPM,JPM-195,2025-12-05T14:00:00-05:00,2025-12-09T11:00:00-05:00,28,315.76,317.59,6.4868,316.0478,315.3675,17.962,-6.897,-17.841,neutral,307.6524,0.8468,1.5457
JPM,JPM-196,2025-12-12T14:00:00-05:00,2025-12-16T11:00:00-05:00,29,317.6312,314.965,7.4851,318.0016,316.5799,35.462,-11.178,-23.904,neutral_up,309.1894,0.8231,0.2312
JPM,JPM-197,2025-12-17T13:00:00-05:00,2025-12-18T18:00:00-05:00,20,315.35,312.78,6.9211,316.391,316.8688,-23.998,-9.45,-13.394,neutral_down,311.3712,0.4159,2.1819
JPM,JPM-198,2025-12-29T08:00:00-05:00,2025-12-29T10:00:00-05:00,2,327.15,325.42,6.1479,327.7382,327.6597,-4.31,-17.213,-17.303,neutral,316.876,1.1064,3.5945
JPM,JPM-199,2025-12-30T16:00:00-05:00,2026-01-02T17:00:00-05:00,30,323.42,325.6,6.0237,323.6016,324.3211,-41.524,1.688,12.566,neutral_down,317.5018,0.6258,3.0723
JPM,JPM-200,2026-01-05T08:00:00-05:00,2026-01-05T09:00:00-05:00,1,324.2239,334.5,5.5183,324.6426,324.3803,1.25,-5.881,-16.479,neutral,319.0709,0.6379,1.5692
JPM,JPM-201,2026-01-06T14:00:00-05:00,2026-01-06T16:00:00-05:00,2,335.21,334.8,5.9856,334.0212,332.6848,53.225,1.936,23.378,neutral_up,320.4345,1.3636,2.3902
JPM,JPM-202,2026-01-06T18:00:00-05:00,2026-01-07T07:00:00-05:00,5,334.8,333.26,5.9856,334.4575,333.3413,39.852,-1.308,-7.13,neutral_up,320.4345,1.3636,2.3902
JPM,JPM-203,2026-01-07T08:00:00-05:00,2026-01-07T09:00:00-05:00,1,333.27,327.65,5.9309,333.6729,333.3918,-2.787,-0.704,-5.676,neutral,321.7295,1.295,3.2965
JPM,JPM-204,2026-01-09T11:00:00-05:00,2026-01-12T04:00:00-05:00,9,331.16,321.02,6.1932,330.5314,330.0336,25.954,0.939,1.53,neutral_up,322.894,0.6826,2.4595
JPM,JPM-205,2026-01-13T08:00:00-05:00,2026-01-13T11:00:00-05:00,3,324.52,314.81,6.1603,325.2183,325.1906,2.325,-10.144,-20.065,neutral,323.5544,0.0826,1.343
JPM,JPM-206,2026-01-14T14:00:00-05:00,2026-01-14T17:00:00-05:00,3,308.516,307.85,6.8837,309.3538,311.9949,-54.472,2.313,34.652,neutral_down,322.3922,-1.1622,-0.5018
JPM,JPM-207,2026-01-15T08:00:00-05:00,2026-01-16T12:00:00-05:00,20,308.53,316.16,6.7949,308.5016,309.7235,-27.273,2.16,6.156,neutral_down,321.0802,-1.312,-2.3917
JPM,JPM-208,2026-01-21T15:00:00-05:00,2026-01-23T06:00:00-05:00,23,302.08,302.71,7.0323,303.1327,304.2066,-30.347,-10.123,11.485,neutral_down,317.8257,-1.5036,-3.2544
JPM,JPM-209,2026-01-23T08:00:00-05:00,2026-01-23T09:00:00-05:00,1,302.5,299.92,6.7826,302.998,303.4471,-27.313,0.721,-6.157,neutral_down,315.2339,-1.1604,-4.0954
JPM,JPM-210,2026-01-27T12:00:00-05:00,2026-01-27T19:00:00-05:00,7,298.99,300.03,6.6295,300.0462,300.151,-28.927,-7.185,-32.929,neutral_down,312.4927,-1.1463,-3.9016
JPM,JPM-211,2026-01-28T09:00:00-05:00,2026-01-29T11:00:00-05:00,18,299.64,304.15,6.4288,299.7059,299.8614,-12.307,4.541,-4.39,neutral,311.3843,-1.1084,-3.8496
JPM,JPM-212,2026-01-29T12:00:00-05:00,2026-01-29T13:00:00-05:00,1,303.83,304.545,6.246,302.7998,301.779,49.097,-4.591,-3.498,neutral_up,310.4166,-0.9677,-3.2224
JPM,JPM-213,2026-01-30T10:00:00-05:00,2026-02-03T04:00:00-05:00,26,305.05,308.69,6.2349,305.316,304.4413,27.6,-15.271,-0.98,neutral_up,310.026,-0.3906,-2.4667
JPM,JPM-214,2026-02-04T19:00:00-05:00,2026-02-05T10:00:00-05:00,7,317.23,307.555,6.4261,316.9586,315.6024,32.918,-1.18,-6.747,neutral_up,309.9992,0.4821,-0.0268
JPM,JPM-215,2026-02-09T13:00:00-05:00,2026-02-10T07:00:00-05:00,7,323.3,321.0,7.2403,323.2165,321.4893,41.966,-8.582,-40.702,neutral_up,311.6708,1.0679,1.6716
JPM,JPM-216,2026-02-10T08:00:00-05:00,2026-02-10T13:00:00-05:00,5,321.2157,315.7375,7.1721,321.8867,321.6137,-6.986,-2.494,-14.711,neutral,312.6171,0.9463,1.9569
JPM,JPM-217,2026-02-13T14:00:00-05:00,2026-02-17T14:00:00-05:00,16,302.0,307.16,8.4889,302.5134,304.0289,-31.157,-3.194,5.351,neutral_down,311.965,-0.9375,-0.6521
JPM,JPM-218,2026-02-18T15:00:00-05:00,2026-02-18T16:00:00-05:00,1,308.82,309.25,8.2449,309.4255,308.2133,26.41,-14.522,-38.89,neutral_up,310.7403,-0.366,-2.1622
JPM,JPM-219,2026-02-19T08:00:00-05:00,2026-02-23T06:00:00-05:00,29,306.6,309.0,8.0274,308.189,308.2185,-23.564,-17.804,-22.343,neutral,310.5657,-0.1746,-1.3992
JPM,JPM-220,2026-02-23T08:00:00-05:00,2026-02-23T09:00:00-05:00,1,309.15,303.54,7.5708,309.1899,309.0175,-2.293,6.233,-9.697,neutral,310.3817,0.0428,-0.3586
JPM,JPM-221,2026-02-24T14:00:00-05:00,2026-02-25T04:00:00-05:00,6,297.125,297.92,8.1658,297.0283,298.5523,-22.491,-1.37,44.84,neutral,309.2388,-1.1429,-1.3269
JPM,JPM-222,2026-02-25T09:00:00-05:00,2026-02-25T10:00:00-05:00,1,299.655,300.74,8.1804,298.4334,298.3945,20.341,4.455,29.013,neutral,308.1607,-1.0781,-2.1781
JPM,JPM-223,2026-02-26T14:00:00-05:00,2026-02-27T06:00:00-05:00,8,306.54,301.72,8.0711,305.209,303.6809,52.202,3.025,-3.133,neutral_up,307.7243,-0.4364,-2.6574
JPM,JPM-224,2026-02-27T08:00:00-05:00,2026-02-27T10:00:00-05:00,2,300.0,297.35,7.8981,302.6104,303.142,-34.116,-7.97,-24.593,neutral_down,307.583,-0.1413,-1.6558
JPM,JPM-225,2026-03-02T09:00:00-05:00,2026-03-03T04:00:00-05:00,11,296.42,291.74,8.1711,296.3225,297.9582,-31.749,13.988,12.481,neutral_down,306.9027,-0.6803,-1.258
JPM,JPM-226,2026-03-03T10:00:00-05:00,2026-03-03T12:00:00-05:00,2,295.47,299.27,8.0796,293.8326,295.2743,-21.729,24.092,30.985,neutral,306.0507,-0.8521,-1.6736
JPM,JPM-227,2026-03-04T13:00:00-05:00,2026-03-05T14:00:00-05:00,16,298.56,292.79,8.4232,298.9768,298.7623,-4.36,1.321,-7.428,neutral,305.5242,-0.5264,-2.0588
JPM,JPM-228,2026-03-09T12:00:00-04:00,2026-03-09T13:00:00-04:00,1,284.99,285.37,8.3403,284.5758,286.6794,-39.114,15.848,31.084,neutral_down,302.5869,-1.3217,-2.9374
JPM,JPM-229,2026-03-09T15:00:00-04:00,2026-03-09T16:00:00-04:00,1,289.89,289.76,8.3403,285.6722,286.6639,5.31,35.024,44.424,neutral,302.5869,-1.3217,-2.9374
JPM,JPM-230,2026-03-10T15:00:00-04:00,2026-03-12T09:00:00-04:00,26,288.7,280.565,8.5053,289.808,289.239,4.027,-11.105,-15.306,neutral,301.4326,-1.1543,-3.5258
JPM,JPM-231,2026-03-13T06:00:00-04:00,2026-03-16T17:00:00-04:00,27,283.0,285.65,8.1236,282.6532,283.332,-12.813,5.378,5.558,neutral,297.6354,-1.4755,-3.7972
JPM,JPM-232,2026-03-17T08:00:00-04:00,2026-03-17T09:00:00-04:00,1,287.5,290.3299,7.7069,286.0148,285.5542,27.024,17.598,28.808,neutral_up,295.4154,-0.9295,-3.6956
JPM,JPM-233,2026-03-17T10:00:00-04:00,2026-03-18T05:00:00-04:00,11,288.16,289.2,7.7069,287.1342,286.1858,47.247,-9.656,37.822,neutral_up,295.4154,-0.9295,-3.6956
JPM,JPM-234,2026-03-18T08:00:00-04:00,2026-03-23T14:00:00-04:00,53,285.2,292.29,7.5714,287.3578,287.0636,-6.29,-36.126,-47.842,neutral,294.6404,-0.775,-2.9951
JPM,JPM-235,2026-03-24T10:00:00-04:00,2026-03-24T17:00:00-04:00,7,293.12,294.32,7.1795,289.8888,289.6552,16.308,30.941,28.928,neutral,292.5882,-0.2658,-1.4258
JPM,JPM-236,2026-03-25T13:00:00-04:00,2026-03-26T18:00:00-04:00,21,295.02,292.55,7.3888,294.9437,293.9568,21.005,-2.482,-14.197,neutral,292.5756,-0.0126,-0.8898
JPM,JPM-237,2026-03-27T04:00:00-04:00,2026-03-27T10:00:00-04:00,6,291.92,285.47,7.0595,292.4643,292.8917,-15.013,-8.472,-0.644,neutral,292.7328,-0.1123,0.1446
JPM,JPM-238,2026-03-30T14:00:00-04:00,2026-03-31T05:00:00-04:00,7,284.17,287.0,7.2595,285.0188,285.7033,-19.09,-11.015,-18.977,neutral,291.8108,-0.9221,-0.7649
JPM,JPM-239,2026-03-31T09:00:00-04:00,2026-03-31T10:00:00-04:00,1,290.34,288.56,7.0924,287.0652,286.2224,53.214,19.919,28.337,neutral_up,291.0871,-0.7237,-1.7581
JPM,JPM-240,2026-04-01T16:00:00-04:00,2026-04-02T06:00:00-04:00,6,295.6338,291.25,7.3874,295.5971,294.3774,21.97,1.719,-14.103,neutral,291.3719,0.2848,-1.361
JPM,JPM-241,2026-04-06T13:00:00-04:00,2026-04-07T18:00:00-04:00,21,295.37,303.3,7.2479,295.2834,294.7129,25.823,-10.224,-1.115,neutral_up,291.9987,0.2761,0.9117
JPM,JPM-242,2026-04-09T07:00:00-04:00,2026-04-09T13:00:00-04:00,6,306.0,311.16,7.3799,306.4673,305.217,23.216,-4.337,-17.235,neutral,294.1743,1.3836,2.1756
JPM,JPM-243,2026-04-10T11:00:00-04:00,2026-04-13T08:00:00-04:00,13,308.9329,304.9067,7.2206,309.1409,308.6788,9.683,-3.811,-7.899,neutral,295.6435,1.4692,3.3146
JPM,JPM-244,2026-04-13T10:00:00-04:00,2026-04-13T11:00:00-04:00,1,309.49,309.0,6.9641,307.8614,308.2983,-7.717,33.412,54.434,neutral,296.9441,1.3006,4.1533
JPM,JPM-245,2026-04-13T12:00:00-04:00,2026-04-13T13:00:00-04:00,1,311.11,310.73,6.9641,308.6933,308.6119,27.621,24.418,68.75,neutral_up,296.9441,1.3006,4.1533
JPM,JPM-246,2026-04-14T09:00:00-04:00,2026-04-15T12:00:00-04:00,19,312.65,304.745,7.0583,311.9829,311.2275,12.713,4.145,-9.373,neutral,298.4292,1.4851,4.2548
JPM,JPM-247,2026-04-16T13:00:00-04:00,2026-04-16T15:00:00-04:00,2,308.18,309.88,7.1603,307.5849,307.5852,12.923,-0.701,1.055,neutral,300.1643,0.5696,3.2202
JPM,JPM-248,2026-04-20T06:00:00-04:00,2026-04-20T07:00:00-04:00,1,309.0,308.76,6.8456,310.159,310.3521,-26.869,-1.442,-26.33,neutral_down,301.8864,0.8389,2.2917
JPM,JPM-249,2026-04-20T09:00:00-04:00,2026-04-20T10:00:00-04:00,1,314.65,313.61,6.8456,310.7407,310.5362,25.625,49.184,52.494,neutral_up,301.8864,0.8389,2.2917
JPM,JPM-250,2026-04-21T13:00:00-04:00,2026-04-21T14:00:00-04:00,1,314.5,314.39,6.8463,315.9167,315.5149,-15.005,-9.209,-46.927,neutral,303.2685,1.3821,3.1043
JPM,JPM-251,2026-04-21T15:00:00-04:00,2026-04-21T16:00:00-04:00,1,313.01,314.31,6.8463,315.0911,315.1942,-34.422,-14.808,-28.625,neutral_down,303.2685,1.3821,3.1043
JPM,JPM-252,2026-04-22T11:00:00-04:00,2026-04-22T19:00:00-04:00,8,312.815,312.98,6.8919,314.1984,314.642,-34.233,-11.48,-26.125,neutral_down,304.1541,0.8856,3.1066
JPM,JPM-253,2026-04-23T09:00:00-04:00,2026-04-24T06:00:00-04:00,12,313.05,310.6,6.6288,312.7044,313.164,-15.194,11.519,24.905,neutral,304.9601,0.806,3.0737
JPM,JPM-254,2026-04-24T07:00:00-04:00,2026-04-24T08:00:00-04:00,1,311.02,310.48,6.591,311.3243,312.0,-34.393,5.704,-12.391,neutral_down,305.5701,0.61,2.3016
JPM,JPM-255,2026-04-24T09:00:00-04:00,2026-04-24T10:00:00-04:00,1,310.14,309.445,6.591,310.9523,311.7053,-38.769,-1.512,1.328,neutral_down,305.5701,0.61,2.3016
JPM,JPM-256,2026-04-27T09:00:00-04:00,2026-04-27T11:00:00-04:00,2,309.33,310.66,6.3902,308.3046,309.0319,-20.749,29.174,35.466,neutral,305.8151,0.245,1.661
JPM,JPM-257,2026-04-28T13:00:00-04:00,2026-04-29T08:00:00-04:00,11,312.42,310.42,6.3409,312.5172,311.8143,25.035,-7.118,-26.508,neutral_up,306.3474,0.5323,1.3872
JPM,JPM-258,2026-04-29T09:00:00-04:00,2026-04-29T11:00:00-04:00,2,309.63,307.73,6.1937,310.6721,311.0991,-33.565,-6.26,-6.665,neutral_down,306.8112,0.4639,1.2411
JPM,JPM-259,2026-04-30T07:00:00-04:00,2026-04-30T11:00:00-04:00,4,308.28,313.72,6.0909,308.4283,309.1286,-27.648,3.714,13.027,neutral_down,307.0302,0.219,1.2151
JPM,JPM-260,2026-05-01T14:00:00-04:00,2026-05-04T05:00:00-04:00,7,313.33,311.02,6.1937,313.5772,312.9341,15.959,-6.457,-21.485,neutral,307.5984,0.5682,1.251
JPM,JPM-261,2026-05-05T12:00:00-04:00,2026-05-06T05:00:00-04:00,9,309.385,312.42,6.0474,309.2222,309.3002,6.065,-3.796,10.823,neutral,308.0076,-0.0328,0.9774
JPM,JPM-262,2026-05-07T09:00:00-04:00,2026-05-07T10:00:00-04:00,1,311.56,310.13,5.9759,313.7985,313.5403,-19.835,-29.462,-55.941,neutral,308.7532,0.6127,0.7129
JPM,JPM-263,2026-05-11T14:00:00-04:00,2026-05-11T18:00:00-04:00,4,300.18,299.99,6.433,300.9249,302.2842,-52.125,0.92,12.953,neutral_down,307.952,-0.5782,-0.1885
JPM,JPM-264,2026-05-12T09:00:00-04:00,2026-05-12T13:00:00-04:00,4,297.085,305.37,6.2813,299.6173,300.5877,-54.958,-36.524,-12.235,neutral_down,307.22,-0.732,-1.5332
JPM,JPM-265,2026-05-14T09:00:00-04:00,2026-05-14T19:00:00-04:00,10,303.255,299.81,6.4604,301.7952,301.7802,26.514,21.584,36.246,neutral_up,306.4026,-0.6093,-1.5494
JPM,JPM-266,2026-05-15T16:00:00-04:00,2026-05-15T17:00:00-04:00,1,297.8,297.8,6.3518,298.2018,299.0775,-37.67,3.033,4.903,neutral_down,305.8223,-0.5802,-1.3977
JPM,JPM-267,2026-05-18T08:00:00-04:00,2026-05-18T10:00:00-04:00,2,298.7999,300.265,6.2081,297.5365,298.133,-8.524,28.703,46.702,neutral,305.0948,-0.7275,-1.917
JPM,JPM-268,2026-05-18T11:00:00-04:00,2026-05-18T12:00:00-04:00,1,299.87,299.73,6.2081,298.8396,298.657,31.777,-2.028,40.301,neutral_up,305.0948,-0.7275,-1.917
JPM,JPM-269,2026-05-18T14:00:00-04:00,2026-05-18T15:00:00-04:00,1,299.36,300.72,6.2081,299.2929,298.9381,20.908,-10.673,-10.869,neutral,305.0948,-0.7275,-1.917
JPM,JPM-270,2026-05-19T10:00:00-04:00,2026-05-19T15:00:00-04:00,5,298.76,295.86,6.0532,299.9528,299.7871,-9.062,-20.066,-24.162,neutral,304.6971,-0.3977,-1.7054
JPM,JPM-271,2026-05-21T14:00:00-04:00,2026-05-22T08:00:00-04:00,9,302.62,304.34,6.3136,302.016,301.2633,30.957,-1.323,13.003,neutral_up,303.7189,-0.1749,-1.376
JPM,JPM-272,2026-05-26T11:00:00-04:00,2026-05-27T09:00:00-04:00,14,306.97,297.97,6.0132,307.4577,306.4475,37.819,-23.504,-28.026,neutral_up,303.8984,0.2472,0.0046
JPM,JPM-273,2026-05-28T13:00:00-04:00,2026-05-28T18:00:00-04:00,5,296.4812,296.55,6.2727,298.1521,299.6238,-55.45,-8.98,-18.498,neutral_down,303.7119,-0.4512,0.0607
JPM,JPM-274,2026-05-29T09:00:00-04:00,2026-06-01T18:00:00-04:00,25,296.47,296.74,6.2046,296.9869,297.7536,-34.204,-5.155,-10.553,neutral_down,303.0717,-0.6402,-0.8267
JPM,JPM-275,2026-06-02T04:00:00-04:00,2026-06-02T05:00:00-04:00,1,296.9,296.3,5.9663,296.7874,297.1264,-10.896,4.096,8.419,neutral,302.1907,-0.5491,-1.5212
JPM,JPM-276,2026-06-02T07:00:00-04:00,2026-06-02T08:00:00-04:00,1,296.0,295.5,5.9663,296.4448,296.8705,-26.603,-2.72,-15.707,neutral_down,302.1907,-0.5491,-1.5212
JPM,JPM-277,2026-06-02T09:00:00-04:00,2026-06-02T13:00:00-04:00,4,297.97,300.79,5.9663,296.5987,296.8572,-2.609,32.093,21.274,neutral,302.1907,-0.5491,-1.5212
JPM,JPM-278,2026-06-03T12:00:00-04:00,2026-06-04T04:00:00-04:00,8,300.05,302.41,6.0259,298.9863,298.94,3.736,19.448,8.142,neutral,302.082,-0.1087,-0.9897
JPM,JPM-279,2026-06-05T14:00:00-04:00,2026-06-11T17:00:00-04:00,65,311.86,313.52,6.4147,311.882,310.2346,40.689,-10.845,-10.142,neutral_up,302.7817,0.8108,0.591
JPM,JPM-280,2026-06-15T14:00:00-04:00,2026-06-15T19:00:00-04:00,5,320.67,319.5,6.3966,321.3622,320.3873,12.143,-5.908,-25.204,neutral,307.5031,1.3217,2.4179
JPM,JPM-281,2026-06-18T10:00:00-04:00,2026-06-18T11:00:00-04:00,1,332.215,330.7,6.8389,334.3743,333.5853,2.641,-24.064,-24.103,neutral,312.7247,2.0755,5.2216
JPM,JPM-282,2026-06-23T12:00:00-04:00,2026-06-23T17:00:00-04:00,5,333.99,335.0,7.36,332.4964,331.4371,45.682,1.397,40.67,neutral_up,315.4888,1.6281,4.8396
JPM,JPM-283,2026-06-24T10:00:00-04:00,2026-06-25T10:00:00-04:00,16,332.655,341.61,7.4172,333.2887,333.0327,-9.511,2.259,-38.487,neutral,317.1843,1.6956,4.4596
JPM,JPM-284,2026-06-26T04:00:00-04:00,2026-06-26T07:00:00-04:00,2,337.51,336.0,7.4139,336.8524,336.2019,19.472,5.802,2.506,neutral,320.1824,1.5048,4.6936
JPM,JPM-285,2026-06-26T09:00:00-04:00,2026-06-26T10:00:00-04:00,1,332.07,331.45,7.4139,335.5466,335.7701,-32.493,-31.739,-39.307,neutral_down,320.1824,1.5048,4.6936
JPM,JPM-286,2026-06-29T13:00:00-04:00,2026-06-30T08:00:00-04:00,11,331.34,329.62,7.52,330.6524,330.9237,10.683,-2.371,17.242,neutral,320.9003,0.718,3.716
JPM,JPM-287,2026-06-30T09:00:00-04:00,2026-07-01T04:00:00-04:00,11,329.46,326.47,7.3536,329.734,330.0997,-15.797,-0.629,-4.594,neutral,321.6767,0.7763,2.9991
JPM,JPM-288,2026-07-01T09:00:00-04:00,2026-07-01T11:00:00-04:00,2,329.47,334.51,7.0967,327.6815,328.2919,-7.365,33.666,40.045,neutral,322.1861,0.5094,2.0037
JPM,JPM-289,2026-07-02T13:00:00-04:00,2026-07-06T15:00:00-04:00,18,332.645,337.86,7.3491,334.03,333.3923,1.994,-14.515,-19.002,neutral,323.2646,1.0785,2.3643
DIS,DIS-001,2024-07-15T09:00:00-04:00,2024-07-16T11:00:00-04:00,18,97.04,98.366,1.5204,97.2226,97.1729,-3.33,-12.401,-31.777,neutral,99.3616,-0.2192,-0.8132
DIS,DIS-002,2024-07-18T10:00:00-04:00,2024-07-19T05:00:00-04:00,11,97.83,96.52,1.5653,97.502,97.533,8.974,14.013,22.406,neutral,98.9165,-0.1607,-0.4451
DIS,DIS-003,2024-07-19T09:00:00-04:00,2024-07-19T10:00:00-04:00,1,96.26,96.29,1.5524,96.7277,96.9627,-41.585,-18.174,-2.614,neutral_down,98.7232,-0.1933,-0.4137
DIS,DIS-004,2024-07-24T13:00:00-04:00,2024-07-24T15:00:00-04:00,2,89.985,89.84,1.7857,90.2748,90.956,-72.642,3.137,7.741,accumulation,97.4153,-0.6455,-1.3079
DIS,DIS-005,2024-07-25T10:00:00-04:00,2024-07-26T19:00:00-04:00,25,90.045,89.81,1.7571,89.7997,90.1452,-31.168,22.878,33.224,neutral_down,96.7266,-0.6887,-1.7263
DIS,DIS-006,2024-07-29T04:00:00-04:00,2024-07-29T05:00:00-04:00,1,90.78,90.71,1.6938,90.0684,89.9585,33.889,36.671,28.338,neutral_up,95.4946,-0.5515,-1.9207
DIS,DIS-007,2024-07-29T08:00:00-04:00,2024-07-29T10:00:00-04:00,2,90.13,91.57,1.6938,90.3306,90.1443,25.541,-26.544,-21.623,neutral_up,95.4946,-0.5515,-1.9207
DIS,DIS-008,2024-07-30T13:00:00-04:00,2024-07-30T16:00:00-04:00,3,93.085,93.57,1.7564,92.5649,92.0991,50.191,7.904,2.162,neutral_up,95.1896,-0.305,-1.537
DIS,DIS-009,2024-07-31T17:00:00-04:00,2024-08-01T11:00:00-04:00,7,93.74,92.935,1.8002,94.0298,93.7646,5.046,-6.731,-55.809,neutral,95.0624,-0.1272,-0.9836
DIS,DIS-010,2024-08-05T15:00:00-04:00,2024-08-05T16:00:00-04:00,1,87.79,88.1,1.8931,88.352,88.9132,-20.21,-11.023,-13.128,neutral,94.2919,-0.4732,-0.7705
DIS,DIS-011,2024-08-06T08:00:00-04:00,2024-08-06T12:00:00-04:00,4,88.06,89.89,1.9822,88.3532,88.5809,-11.211,-8.589,-0.116,neutral,93.7008,-0.5911,-1.2368
DIS,DIS-012,2024-08-06T13:00:00-04:00,2024-08-06T16:00:00-04:00,3,90.55,90.1,1.9822,89.3906,89.0546,40.071,11.399,20.752,neutral_up,93.7008,-0.5911,-1.2368
DIS,DIS-013,2024-08-07T06:00:00-04:00,2024-08-07T14:00:00-04:00,8,87.0,86.92,2.1349,89.7926,89.6189,-5.512,-59.608,-39.018,neutral,93.3617,-0.3392,-1.4034
DIS,DIS-014,2024-08-08T14:00:00-04:00,2024-08-12T05:00:00-04:00,23,86.01,86.6,2.2838,85.5217,86.1313,-14.677,10.873,21.317,neutral,92.6906,-0.6711,-1.6013
DIS,DIS-015,2024-08-12T15:00:00-04:00,2024-08-14T18:00:00-04:00,34,85.96,86.27,2.2397,85.9911,86.0069,-7.958,4.747,-13.472,neutral,91.546,-0.5336,-1.8156
DIS,DIS-016,2024-08-16T15:00:00-04:00,2024-08-16T16:00:00-04:00,1,89.29,89.255,2.0442,89.2159,88.7074,54.658,-10.008,-18.19,neutral_up,90.0323,-0.1202,-1.0059
DIS,DIS-017,2024-08-16T18:00:00-04:00,2024-08-16T19:00:00-04:00,1,89.25,89.3,2.0442,89.2367,88.8445,39.962,-3.489,-14.696,neutral_up,90.0323,-0.1202,-1.0059
DIS,DIS-018,2024-08-19T04:00:00-04:00,2024-08-19T05:00:00-04:00,1,89.09,89.37,1.9932,89.2175,88.9045,28.878,-10.751,-14.574,neutral_up,89.9649,-0.0675,-0.579
DIS,DIS-019,2024-08-19T08:00:00-04:00,2024-08-19T09:00:00-04:00,1,89.25,90.435,1.9932,89.2938,89.0462,32.27,-9.721,-3.067,neutral_up,89.9649,-0.0675,-0.579
DIS,DIS-020,2024-08-21T14:00:00-04:00,2024-08-21T17:00:00-04:00,3,90.28,90.6,1.9352,89.9148,89.9146,19.375,15.595,41.226,neutral,90.0126,-0.0282,-0.0197
DIS,DIS-021,2024-08-23T10:00:00-04:00,2024-08-26T04:00:00-04:00,10,90.05,90.9,1.8782,90.0932,90.1472,-12.502,2.747,-17.054,neutral,90.0612,-0.0121,0.0204
DIS,DIS-022,2024-08-27T13:00:00-04:00,2024-08-27T16:00:00-04:00,3,90.985,90.98,1.779,91.1769,91.1958,-23.511,3.097,-29.03,neutral,90.2587,0.1521,0.1854
DIS,DIS-023,2024-08-29T18:00:00-04:00,2024-08-30T06:00:00-04:00,4,89.9985,90.12,1.7558,89.9557,89.9654,-1.521,4.496,1.457,neutral,90.2435,-0.0744,0.137
DIS,DIS-024,2024-08-30T07:00:00-04:00,2024-09-03T17:00:00-04:00,26,90.23,88.8915,1.7161,90.0645,90.0176,15.979,6.771,7.931,neutral,90.2041,-0.0394,-0.0545
DIS,DIS-025,2024-09-04T15:00:00-04:00,2024-09-04T16:00:00-04:00,1,89.22,89.25,1.6888,89.2538,89.354,-17.097,6.557,-35.244,neutral,90.1193,-0.0989,-0.1242
DIS,DIS-026,2024-09-04T17:00:00-04:00,2024-09-04T18:00:00-04:00,1,89.2,89.18,1.6888,89.2424,89.3314,-11.796,0.707,11.859,neutral,90.1193,-0.0989,-0.1242
DIS,DIS-027,2024-09-05T18:00:00-04:00,2024-09-06T07:00:00-04:00,2,88.6499,88.51,1.6539,88.7448,88.9357,-33.39,1.642,0.993,neutral_down,90.0376,-0.0818,-0.1665
DIS,DIS-028,2024-09-06T08:00:00-04:00,2024-09-06T12:00:00-04:00,4,88.8,87.88,1.6304,88.6895,88.857,-23.749,17.285,9.64,neutral_down,89.9114,-0.1261,-0.3068
DIS,DIS-029,2024-09-09T09:00:00-04:00,2024-09-11T10:00:00-04:00,30,88.71,86.74,1.6118,88.2525,88.3036,14.977,17.718,17.79,neutral,89.7359,-0.1756,-0.3835
DIS,DIS-030,2024-09-18T10:00:00-04:00,2024-09-19T04:00:00-04:00,10,93.41,94.35,1.5232,93.0556,92.7166,61.481,4.619,-1.997,neutral_up,89.9913,0.2904,0.6128
DIS,DIS-031,2024-09-20T15:00:00-04:00,2024-09-23T13:00:00-04:00,14,93.69,93.1297,1.5456,93.4022,93.4738,1.656,14.352,15.06,neutral,90.6085,0.2882,0.9075
DIS,DIS-032,2024-09-24T10:00:00-04:00,2024-09-26T06:00:00-04:00,28,93.27,94.35,1.5216,93.115,93.1614,-4.376,13.47,-10.621,neutral,91.076,0.1874,0.7557
DIS,DIS-033,2024-09-30T14:00:00-04:00,2024-09-30T16:00:00-04:00,2,95.83,96.12,1.5168,96.1312,96.0783,-9.396,-8.11,0.299,neutral,92.2652,0.3765,0.9479
DIS,DIS-034,2024-10-02T13:00:00-04:00,2024-10-04T13:00:00-04:00,31,93.946,94.42,1.6527,94.0081,94.2598,-23.221,0.569,-2.62,neutral,92.7493,0.1291,0.8605
DIS,DIS-035,2024-10-08T14:00:00-04:00,2024-10-08T19:00:00-04:00,4,92.74,92.507,1.7037,92.7802,92.8991,-4.824,-6.308,-15.231,neutral,93.0754,-0.0685,0.1997
DIS,DIS-036,2024-10-09T04:00:00-04:00,2024-10-09T06:00:00-04:00,1,92.42,92.56,1.7284,92.5497,92.7245,-24.581,-0.894,-1.663,neutral_down,93.024,-0.0514,0.0807
DIS,DIS-037,2024-10-09T09:00:00-04:00,2024-10-09T13:00:00-04:00,4,92.02,93.54,1.7284,92.3105,92.5491,-42.121,-1.08,-23.272,neutral_down,93.024,-0.0514,0.0807
DIS,DIS-038,2024-10-10T14:00:00-04:00,2024-10-11T04:00:00-04:00,6,92.9775,93.0,1.7871,93.2173,93.2112,-13.303,-6.446,-9.279,neutral,93.0773,0.0533,-0.0667
DIS,DIS-039,2024-10-11T09:00:00-04:00,2024-10-11T10:00:00-04:00,1,93.87,94.14,1.7445,93.1731,93.1479,28.612,48.413,45.613,neutral_up,93.0707,-0.0066,-0.0047
DIS,DIS-040,2024-10-15T12:00:00-04:00,2024-10-15T14:00:00-04:00,2,94.375,93.95,1.7235,94.6436,94.5737,-12.303,-7.094,-54.052,neutral,93.3336,0.1656,0.2563
DIS,DIS-041,2024-10-15T15:00:00-04:00,2024-10-15T16:00:00-04:00,1,94.27,94.0206,1.7235,94.38,94.4541,-28.756,11.686,-16.453,neutral_down,93.3336,0.1656,0.2563
DIS,DIS-042,2024-10-17T15:00:00-04:00,2024-10-18T17:00:00-04:00,18,96.539,97.29,1.8425,96.4771,96.2196,20.954,3.548,-7.676,neutral,93.7215,0.3028,0.5536
DIS,DIS-043,2024-10-21T08:00:00-04:00,2024-10-21T12:00:00-04:00,4,97.221,96.305,1.8092,97.1204,96.9874,14.28,10.807,-24.641,neutral,94.277,0.2993,0.8583
DIS,DIS-044,2024-10-22T11:00:00-04:00,2024-10-22T12:00:00-04:00,1,96.77,96.9658,1.7871,96.655,96.648,17.7,-6.466,63.327,neutral,94.4927,0.2157,0.7712
DIS,DIS-045,2024-10-22T14:00:00-04:00,2024-10-22T17:00:00-04:00,3,96.69,96.74,1.7871,96.7425,96.6974,10.143,-10.838,-7.556,neutral,94.4927,0.2157,0.7712
DIS,DIS-046,2024-10-23T04:00:00-04:00,2024-10-23T05:00:00-04:00,1,96.64,96.62,1.7348,96.7233,96.7091,-2.568,-5.894,-7.089,neutral,94.7006,0.2079,0.723
DIS,DIS-047,2024-10-23T09:00:00-04:00,2024-10-23T19:00:00-04:00,10,96.65,96.29,1.7348,96.7045,96.7007,1.721,-7.9,11.387,neutral,94.7006,0.2079,0.723
DIS,DIS-048,2024-10-24T09:00:00-04:00,2024-10-24T10:00:00-04:00,1,95.915,96.08,1.6932,96.3033,96.439,-37.958,-19.748,-18.131,neutral_down,94.8406,0.1399,0.5636
DIS,DIS-049,2024-10-25T12:00:00-04:00,2024-10-25T15:00:00-04:00,3,95.66,95.03,1.6829,95.8603,95.8705,1.267,-21.331,-20.281,neutral,94.8933,0.0527,0.4006
DIS,DIS-050,2024-10-29T09:00:00-04:00,2024-10-29T10:00:00-04:00,1,96.2526,96.565,1.6915,96.118,95.9799,25.405,3.65,9.335,neutral_up,95.0279,0.1222,0.1873
DIS,DIS-051,2024-10-29T11:00:00-04:00,2024-10-30T16:00:00-04:00,21,96.2099,95.03,1.6915,96.2079,96.0492,28.439,-11.922,6.684,neutral_up,95.0279,0.1222,0.1873
DIS,DIS-052,2024-11-01T11:00:00-04:00,2024-11-05T12:00:00-05:00,31,96.005,96.5499,1.6464,96.0787,96.0118,1.729,-2.199,-31.022,neutral,95.2247,0.0985,0.1968
DIS,DIS-053,2024-11-07T09:00:00-05:00,2024-11-11T08:00:00-05:00,29,98.79,99.44,1.674,98.8742,98.471,41.838,-15.941,-16.945,neutral_up,95.7532,0.3087,0.478
DIS,DIS-054,2024-11-12T11:00:00-05:00,2024-11-12T18:00:00-05:00,7,99.75,100.91,1.6711,100.3483,100.2225,-8.289,-24.102,-34.733,neutral,96.7304,0.415,0.9772
DIS,DIS-055,2024-11-15T10:00:00-05:00,2024-11-15T11:00:00-05:00,1,112.83,112.87,2.5037,110.3023,108.8912,67.708,11.181,42.675,distribution,98.6706,1.0439,1.9401
DIS,DIS-056,2024-11-18T13:00:00-05:00,2024-11-19T09:00:00-05:00,12,113.605,111.33,2.7591,113.9476,113.2788,16.855,-6.742,-15.132,neutral,100.1614,1.4909,3.0401
DIS,DIS-057,2024-11-20T08:00:00-05:00,2024-11-20T14:00:00-05:00,6,112.16,113.56,2.7428,112.2675,112.404,-9.795,-5.702,-0.066,neutral,102.3814,1.0029,3.7109
DIS,DIS-058,2024-11-25T12:00:00-05:00,2024-11-27T07:00:00-05:00,25,115.09,115.4,2.7306,115.7108,115.5224,-2.658,-24.735,-52.849,neutral,105.5028,1.0162,3.1213
DIS,DIS-059,2024-11-27T08:00:00-05:00,2024-11-27T10:00:00-05:00,2,115.36,116.69,2.5338,115.422,115.5439,-20.367,2.192,5.517,neutral,107.2704,0.817,2.7838
DIS,DIS-060,2024-11-29T13:00:00-05:00,2024-12-02T18:00:00-05:00,16,117.47,117.34,2.5499,117.3899,117.1833,19.576,2.695,18.092,neutral,108.2104,0.94,2.7076
DIS,DIS-061,2024-12-03T04:00:00-05:00,2024-12-03T07:00:00-05:00,1,117.08,117.14,2.4142,117.2139,117.252,-6.559,-8.626,-3.4,neutral,109.7892,0.7371,2.5188
DIS,DIS-062,2024-12-04T09:00:00-05:00,2024-12-05T07:00:00-05:00,13,116.44,117.0,2.3689,116.2549,116.4634,-23.429,21.712,9.597,neutral,110.3957,0.6064,2.1853
DIS,DIS-063,2024-12-05T09:00:00-05:00,2024-12-09T11:00:00-05:00,32,116.71,114.87,2.3033,116.7816,116.693,7.406,-6.126,-1.418,neutral,110.9983,0.6027,1.9462
DIS,DIS-064,2024-12-10T15:00:00-05:00,2024-12-13T12:00:00-05:00,43,114.75,113.71,2.2212,114.3644,114.6799,-18.939,23.982,31.129,neutral,112.2149,0.2425,1.2165
DIS,DIS-065,2024-12-17T10:00:00-05:00,2024-12-17T11:00:00-05:00,1,113.02,113.7,1.9367,112.0881,112.3092,4.666,40.931,74.973,neutral,112.8259,-0.0686,0.1829
DIS,DIS-066,2024-12-19T18:00:00-05:00,2024-12-20T06:00:00-05:00,4,111.4,110.28,2.2332,111.7042,112.0398,-32.251,-1.365,-4.81,neutral_down,112.7068,-0.1367,-0.1876
DIS,DIS-067,2024-12-23T18:00:00-05:00,2024-12-23T19:00:00-05:00,1,111.33,111.16,2.2171,111.2832,111.3933,-7.449,3.029,0.69,neutral,112.5258,-0.0586,-0.3177
DIS,DIS-068,2024-12-24T04:00:00-05:00,2024-12-24T07:00:00-05:00,1,111.5,111.34,2.1752,111.3068,111.3837,-1.407,10.082,9.07,neutral,112.4244,-0.1014,-0.2825
DIS,DIS-069,2024-12-24T08:00:00-05:00,2024-12-24T10:00:00-05:00,2,111.38,112.1124,2.1752,111.3268,111.3797,-1.117,1.138,10.372,neutral,112.4244,-0.1014,-0.2825
DIS,DIS-070,2024-12-27T05:00:00-05:00,2024-12-27T06:00:00-05:00,1,112.01,112.03,2.0825,112.4433,112.3411,-9.976,-22.742,-33.136,neutral,112.4461,0.0094,-0.0797
DIS,DIS-071,2024-12-30T15:00:00-05:00,2024-12-30T16:00:00-05:00,1,110.81,110.6,2.0537,110.9615,111.1319,-6.95,-14.561,12.542,neutral,112.3674,-0.0787,-0.057
DIS,DIS-072,2024-12-31T09:00:00-05:00,2024-12-31T10:00:00-05:00,1,111.4,111.1441,2.032,110.958,110.9687,17.342,18.299,17.152,neutral,112.2258,-0.1416,-0.2109
DIS,DIS-073,2024-12-31T13:00:00-05:00,2024-12-31T17:00:00-05:00,4,110.93,111.4167,2.032,110.9973,110.9898,0.932,-5.948,-14.308,neutral,112.2258,-0.1416,-0.2109
DIS,DIS-074,2025-01-02T09:00:00-05:00,2025-01-02T17:00:00-05:00,8,112.04,110.82,1.9526,111.6235,111.372,57.065,0.816,34.014,neutral_up,112.1498,-0.076,-0.2963
DIS,DIS-075,2025-01-03T12:00:00-05:00,2025-01-06T10:00:00-05:00,14,111.22,112.6689,1.9581,110.9568,110.9782,8.453,10.715,38.475,neutral,112.0316,-0.1182,-0.3357
DIS,DIS-076,2025-01-07T10:00:00-05:00,2025-01-07T12:00:00-05:00,2,112.33,111.6499,1.92,112.0828,111.7823,41.928,-11.985,-0.538,neutral_up,111.8704,-0.081,-0.2794
DIS,DIS-077,2025-01-07T14:00:00-05:00,2025-01-07T17:00:00-05:00,3,111.83,111.56,1.92,111.8945,111.7756,2.889,0.24,-19.259,neutral,111.8704,-0.081,-0.2794
DIS,DIS-078,2025-01-07T19:00:00-05:00,2025-01-08T04:00:00-05:00,1,111.69,111.71,1.92,111.6568,111.6812,-6.074,6.678,5.723,neutral,111.8704,-0.081,-0.2794
DIS,DIS-079,2025-01-08T05:00:00-05:00,2025-01-08T06:00:00-05:00,1,111.25,111.0,1.9742,111.584,111.6443,-15.49,-13.414,-2.737,neutral,111.8286,-0.0419,-0.2031
DIS,DIS-080,2025-01-10T09:00:00-05:00,2025-01-10T10:00:00-05:00,1,109.2175,108.145,2.0311,110.0174,110.3473,-40.811,-11.378,-25.309,neutral_down,111.6387,-0.1899,-0.3128
DIS,DIS-081,2025-01-13T14:00:00-05:00,2025-01-13T15:00:00-05:00,1,107.8,108.06,2.0946,107.7948,108.283,-35.064,9.299,23.192,neutral_down,111.3661,-0.2726,-0.5043
DIS,DIS-082,2025-01-13T18:00:00-05:00,2025-01-14T06:00:00-05:00,3,108.18,108.24,2.0946,107.9936,108.2329,-7.1,3.651,15.951,neutral,111.3661,-0.2726,-0.5043
DIS,DIS-083,2025-01-14T08:00:00-05:00,2025-01-15T16:00:00-05:00,23,108.16,108.1978,2.0821,108.1379,108.2261,-3.425,-1.724,-1.608,neutral,111.0656,-0.3006,-0.763
DIS,DIS-084,2025-01-21T08:00:00-05:00,2025-01-21T11:00:00-05:00,3,107.35,109.17,1.9769,107.318,107.2864,3.595,2.029,-19.526,neutral,109.9005,-0.2866,-0.8981
DIS,DIS-085,2025-01-22T14:00:00-05:00,2025-01-22T16:00:00-05:00,2,108.89,108.81,2.025,109.1324,108.9956,-2.95,-3.534,-4.013,neutral,109.7923,-0.1082,-0.7665
DIS,DIS-086,2025-01-23T10:00:00-05:00,2025-01-23T12:00:00-05:00,2,109.535,110.335,1.9746,109.0421,108.9688,24.651,18.69,23.792,neutral_up,109.7003,-0.092,-0.4868
DIS,DIS-087,2025-01-27T09:00:00-05:00,2025-01-27T10:00:00-05:00,1,113.24,113.21,2.0709,112.0595,111.7611,34.646,32.854,33.032,neutral_up,110.0338,0.2126,0.2415
DIS,DIS-088,2025-01-27T13:00:00-05:00,2025-01-27T14:00:00-05:00,1,113.35,113.63,2.0709,112.7445,112.2218,52.061,2.921,4.228,neutral_up,110.0338,0.2126,0.2415
DIS,DIS-089,2025-01-28T13:00:00-05:00,2025-01-28T14:00:00-05:00,1,112.34,112.4368,2.1101,112.6256,112.7046,-18.295,-1.532,15.129,neutral,110.3325,0.2987,0.6323
DIS,DIS-090,2025-01-30T10:00:00-05:00,2025-01-31T17:00:00-05:00,23,113.934,112.92,2.0979,113.9047,113.5821,33.445,-11.709,-9.328,neutral_up,110.7391,0.2441,0.7053
DIS,DIS-091,2025-01-31T18:00:00-05:00,2025-01-31T19:00:00-05:00,1,112.94,112.85,2.0952,113.1378,113.355,-29.418,0.22,-5.52,neutral_down,110.9847,0.2455,0.6521
DIS,DIS-092,2025-02-04T14:00:00-05:00,2025-02-05T17:00:00-05:00,19,113.23,110.2988,2.1566,113.3943,113.4813,-20.208,7.245,-6.682,neutral,111.4332,0.2617,0.6941
DIS,DIS-093,2025-02-06T12:00:00-05:00,2025-02-07T04:00:00-05:00,8,111.01,111.9,2.5989,110.4376,110.9968,-12.323,12.697,26.378,neutral,111.5056,-0.0946,0.3341
DIS,DIS-094,2025-02-07T14:00:00-05:00,2025-02-07T19:00:00-05:00,5,111.095,110.87,2.6654,111.3938,111.4785,-19.604,1.102,-13.937,neutral,111.5606,0.0549,0.1274
DIS,DIS-095,2025-02-11T14:00:00-05:00,2025-02-14T11:00:00-05:00,42,108.79,110.38,2.6058,108.6792,109.1015,-30.147,9.696,48.566,neutral_down,111.2952,-0.2035,-0.2104
DIS,DIS-096,2025-02-25T14:00:00-05:00,2025-02-26T10:00:00-05:00,11,110.65,112.74,2.4085,110.5823,110.5409,-1.937,7.626,15.683,neutral,110.5788,0.0651,-0.132
DIS,DIS-097,2025-02-27T13:00:00-05:00,2025-02-28T07:00:00-05:00,9,112.86,111.34,2.4926,112.2728,111.9089,38.518,7.307,18.524,neutral_up,110.695,0.1175,0.1814
DIS,DIS-098,2025-02-28T08:00:00-05:00,2025-02-28T10:00:00-05:00,2,111.8,113.33,2.4617,111.4829,111.5884,-4.681,16.013,27.391,neutral,110.7514,0.0564,0.1726
DIS,DIS-099,2025-02-28T12:00:00-05:00,2025-02-28T13:00:00-05:00,1,112.585,112.42,2.4617,112.372,112.0366,39.804,-15.475,17.372,neutral_up,110.7514,0.0564,0.1726
DIS,DIS-100,2025-03-03T13:00:00-05:00,2025-03-03T16:00:00-05:00,3,113.87,112.821,2.4995,114.0598,113.6193,23.899,-11.431,-33.871,neutral_up,111.0276,0.2762,0.4501
DIS,DIS-101,2025-03-05T12:00:00-05:00,2025-03-06T13:00:00-05:00,17,109.355,106.1428,2.7135,109.324,109.8469,-31.405,10.255,4.606,neutral_down,110.9871,-0.2007,0.2357
DIS,DIS-102,2025-03-07T15:00:00-05:00,2025-03-10T09:00:00-04:00,9,105.49,103.35,2.8249,105.1742,105.7675,-22.074,10.877,54.762,neutral,110.3413,-0.4911,-0.8466
DIS,DIS-103,2025-03-12T13:00:00-04:00,2025-03-13T12:00:00-04:00,13,98.18,96.465,3.041,98.0236,98.7416,-34.027,13.545,24.78,neutral_down,108.2518,-1.0302,-2.0894
DIS,DIS-104,2025-03-17T11:00:00-04:00,2025-03-17T17:00:00-04:00,6,99.25,99.39,2.9701,98.9704,98.6149,41.431,-5.141,23.824,neutral_up,105.7218,-0.7102,-2.53
DIS,DIS-105,2025-03-17T19:00:00-04:00,2025-03-18T05:00:00-04:00,1,99.34,99.59,2.9701,99.4172,99.1007,26.747,-10.449,-5.763,neutral_up,105.7218,-0.7102,-2.53
DIS,DIS-106,2025-03-18T09:00:00-04:00,2025-03-19T10:00:00-04:00,11,98.7368,100.6,2.8651,99.2562,99.1469,-8.962,-21.713,-28.193,neutral,105.1444,-0.5774,-2.2418
DIS,DIS-107,2025-03-20T10:00:00-04:00,2025-03-20T13:00:00-04:00,3,99.89,99.0879,2.6669,99.9222,99.927,-19.188,16.577,-24.017,neutral,104.2277,-0.3918,-1.4942
DIS,DIS-108,2025-03-21T12:00:00-04:00,2025-03-21T18:00:00-04:00,6,99.715,99.5,2.5957,98.982,99.1168,7.077,30.303,60.896,neutral,103.7388,-0.4889,-1.4056
DIS,DIS-109,2025-03-24T04:00:00-04:00,2025-03-24T05:00:00-04:00,1,99.81,99.73,2.5631,99.4648,99.3489,22.823,11.109,6.805,neutral,103.3516,-0.3872,-1.2678
DIS,DIS-110,2025-03-24T11:00:00-04:00,2025-03-25T09:00:00-04:00,14,99.425,100.925,2.5631,99.6315,99.534,-0.954,-6.137,-43.476,neutral,103.3516,-0.3872,-1.2678
DIS,DIS-111,2025-03-26T13:00:00-04:00,2025-03-26T14:00:00-04:00,1,100.798,100.63,2.4299,101.1106,101.078,-25.772,0.251,-55.984,neutral_down,102.9269,-0.1337,-0.8119
DIS,DIS-112,2025-03-27T13:00:00-04:00,2025-03-28T10:00:00-04:00,12,100.51,98.47,2.3999,100.4782,100.6375,-17.894,9.252,-13.952,neutral,102.7299,-0.197,-0.6217
DIS,DIS-113,2025-04-01T17:00:00-04:00,2025-04-01T18:00:00-04:00,1,97.66,97.76,2.4135,97.6995,97.8843,-20.503,4.265,19.736,neutral,101.7998,-0.311,-0.9301
DIS,DIS-114,2025-04-02T10:00:00-04:00,2025-04-02T18:00:00-04:00,8,97.72,95.16,2.3733,97.4974,97.6617,-13.631,17.968,19.574,neutral,101.4226,-0.3773,-1.0973
DIS,DIS-115,2025-04-07T11:00:00-04:00,2025-04-08T07:00:00-04:00,12,82.645,85.51,3.0364,82.8081,84.1758,-28.694,0.421,46.311,neutral_down,98.4826,-1.4973,-2.9399
DIS,DIS-116,2025-04-08T10:00:00-04:00,2025-04-08T16:00:00-04:00,6,85.29,81.7,3.286,84.9621,84.5137,28.629,-9.41,4.904,neutral_up,97.1015,-1.3811,-3.9954
DIS,DIS-117,2025-04-11T13:00:00-04:00,2025-04-15T08:00:00-04:00,26,85.08,84.45,4.3345,84.7778,85.2813,-16.645,11.496,13.846,neutral,94.3937,-0.9199,-2.7078
DIS,DIS-118,2025-04-15T09:00:00-04:00,2025-04-16T10:00:00-04:00,17,84.985,83.55,4.0638,84.8018,84.9326,-7.133,9.742,-4.364,neutral,92.725,-0.802,-2.5886
DIS,DIS-119,2025-04-24T09:00:00-04:00,2025-04-24T10:00:00-04:00,1,88.9,89.955,3.5893,87.7085,87.4435,37.267,28.636,42.91,neutral_up,89.4239,-0.2144,-1.1742
DIS,DIS-120,2025-04-25T13:00:00-04:00,2025-04-29T14:00:00-04:00,32,89.53,91.38,3.5807,89.7516,89.5195,6.019,-5.396,-10.617,neutral,89.4762,0.0524,-0.5188
DIS,DIS-121,2025-05-01T16:00:00-04:00,2025-05-02T11:00:00-04:00,9,90.534,92.48,3.1546,90.7951,90.8098,-9.665,-6.53,-0.312,neutral,89.8497,0.105,0.3022
DIS,DIS-122,2025-05-06T13:00:00-04:00,2025-05-07T06:00:00-04:00,9,91.675,97.68,3.0097,91.968,91.9565,-3.718,-10.305,-13.857,neutral,90.3479,0.1822,0.4982
DIS,DIS-123,2025-05-09T12:00:00-04:00,2025-05-12T04:00:00-04:00,8,104.87,108.41,3.5596,105.1214,104.5064,26.676,-10.58,-20.439,neutral_up,92.7957,1.2434,2.4478
DIS,DIS-124,2025-05-13T11:00:00-04:00,2025-05-13T19:00:00-04:00,8,111.13,111.43,3.5237,110.7208,109.9175,68.811,-8.119,23.657,distribution,95.4909,1.5039,3.9386
DIS,DIS-125,2025-05-14T09:00:00-04:00,2025-05-14T17:00:00-04:00,8,111.26,112.81,3.4184,111.126,110.8324,24.713,3.531,5.078,neutral_up,96.9299,1.439,4.1342
DIS,DIS-126,2025-05-15T12:00:00-04:00,2025-05-16T14:00:00-04:00,17,111.94,113.06,3.3586,112.037,111.9377,-3.595,3.731,-17.969,neutral,98.3854,1.4555,4.3984
DIS,DIS-127,2025-05-16T18:00:00-04:00,2025-05-19T05:00:00-04:00,3,112.2,111.7,3.2158,112.6482,112.4672,1.327,-19.181,-56.602,neutral,99.644,1.2586,4.1531
DIS,DIS-128,2025-05-19T09:00:00-04:00,2025-05-19T10:00:00-04:00,1,112.8,112.52,3.1304,112.2448,112.2732,7.62,24.372,40.681,neutral,100.8936,1.2496,3.9637
DIS,DIS-129,2025-05-20T06:00:00-04:00,2025-05-21T06:00:00-04:00,15,112.01,111.64,3.0132,112.462,112.443,-11.264,-20.267,-20.426,neutral,101.9624,1.0688,3.577
DIS,DIS-130,2025-05-21T11:00:00-04:00,2025-05-21T12:00:00-04:00,1,112.165,111.87,2.9116,111.9349,112.1012,-11.147,15.973,33.14,neutral,102.9049,0.9425,3.2609
DIS,DIS-131,2025-05-21T13:00:00-04:00,2025-05-21T14:00:00-04:00,1,111.21,110.4466,2.9116,111.7795,112.0011,-33.714,-20.125,-6.594,neutral_down,102.9049,0.9425,3.2609
DIS,DIS-132,2025-05-22T16:00:00-04:00,2025-05-23T04:00:00-04:00,3,111.18,111.43,2.8718,111.0812,111.058,11.842,-4.243,-6.26,neutral,103.5872,0.6823,2.6936
DIS,DIS-133,2025-05-23T06:00:00-04:00,2025-05-23T07:00:00-04:00,1,110.76,109.5,2.7968,111.1092,111.0888,-3.253,-17.826,-18.605,neutral,104.2711,0.6839,2.3087
DIS,DIS-134,2025-05-23T08:00:00-04:00,2025-05-23T09:00:00-04:00,1,109.6,109.235,2.7968,110.5499,110.8222,-51.085,-7.432,-65.658,neutral_down,104.2711,0.6839,2.3087
DIS,DIS-135,2025-05-28T14:00:00-04:00,2025-05-28T15:00:00-04:00,1,111.5,111.55,2.7939,111.7038,111.7389,-20.821,2.093,-7.242,neutral,105.4569,0.6923,1.8697
DIS,DIS-136,2025-05-28T18:00:00-04:00,2025-05-30T14:00:00-04:00,26,111.56,112.53,2.7939,111.5504,111.6444,-15.071,8.437,2.179,neutral,105.4569,0.6923,1.8697
DIS,DIS-137,2025-06-02T05:00:00-04:00,2025-06-02T06:00:00-04:00,1,112.5,112.35,2.5739,112.5818,112.3807,9.96,-1.226,-28.256,neutral,107.1433,0.5862,1.6864
DIS,DIS-138,2025-06-02T09:00:00-04:00,2025-06-03T11:00:00-04:00,16,113.0,114.555,2.5739,112.6559,112.4748,24.361,11.139,20.455,neutral_up,107.1433,0.5862,1.6864
DIS,DIS-139,2025-06-04T11:00:00-04:00,2025-06-04T12:00:00-04:00,1,113.57,113.82,2.4638,113.6034,113.4628,11.297,-3.993,4.636,neutral,108.2136,0.5406,1.6565
DIS,DIS-140,2025-06-04T13:00:00-04:00,2025-06-05T17:00:00-04:00,17,113.78,112.2,2.4638,113.6734,113.5212,17.678,0.781,2.387,neutral,108.2136,0.5406,1.6565
DIS,DIS-141,2025-06-09T11:00:00-04:00,2025-06-09T14:00:00-04:00,3,114.55,115.53,2.3258,114.2449,113.9413,50.863,-0.874,20.516,neutral_up,109.4831,0.4407,1.2695
DIS,DIS-142,2025-06-11T14:00:00-04:00,2025-06-12T18:00:00-04:00,20,119.1404,118.4,2.508,118.9745,118.3537,41.976,-3.214,-6.204,neutral_up,110.8333,0.7887,1.7909
DIS,DIS-143,2025-06-18T11:00:00-04:00,2025-06-23T19:00:00-04:00,40,117.63,118.57,2.3143,118.0091,118.1899,-20.586,-13.008,8.126,neutral,113.815,0.4305,1.5576
DIS,DIS-144,2025-06-25T09:00:00-04:00,2025-06-26T04:00:00-04:00,11,119.27,119.59,2.2542,118.7847,118.5007,46.56,16.713,25.859,neutral_up,115.1437,0.3531,0.9637
DIS,DIS-145,2025-06-26T09:00:00-04:00,2025-06-26T10:00:00-04:00,1,119.895,120.3,2.1711,119.5505,119.2509,44.518,6.524,-14.338,neutral_up,115.5407,0.3969,1.047
DIS,DIS-146,2025-07-01T12:00:00-04:00,2025-07-03T16:00:00-04:00,30,122.95,124.0,2.1371,123.2336,123.3132,-26.665,4.237,-23.444,neutral_down,117.313,0.6627,1.7723
DIS,DIS-147,2025-07-07T04:00:00-04:00,2025-07-07T19:00:00-04:00,14,123.23,122.93,1.9762,123.5216,123.3445,20.371,-28.818,-17.48,neutral,118.8539,0.5146,1.5409
DIS,DIS-148,2025-07-08T10:00:00-04:00,2025-07-08T12:00:00-04:00,2,122.25,122.175,1.9801,122.9232,123.0991,-36.269,-25.595,-26.456,neutral_down,119.2481,0.3942,1.3759
DIS,DIS-149,2025-07-10T13:00:00-04:00,2025-07-10T18:00:00-04:00,5,121.34,121.5505,1.9571,121.2365,121.2726,7.791,-2.478,-4.199,neutral,119.587,0.1033,0.7331
DIS,DIS-150,2025-07-11T04:00:00-04:00,2025-07-11T05:00:00-04:00,1,121.08,121.06,1.9123,121.31,121.304,-2.62,-15.54,-16.244,neutral,119.7637,0.1766,0.5156
DIS,DIS-151,2025-07-11T06:00:00-04:00,2025-07-11T11:00:00-04:00,5,120.68,119.935,1.9123,121.144,121.2271,-29.244,-18.287,-42.164,neutral_down,119.7637,0.1766,0.5156
DIS,DIS-152,2025-07-14T15:00:00-04:00,2025-07-14T16:00:00-04:00,1,120.0,119.95,1.9043,120.0626,120.115,1.58,-11.041,-2.983,neutral,119.7715,0.0078,0.2878
DIS,DIS-153,2025-07-15T09:00:00-04:00,2025-07-15T10:00:00-04:00,1,119.44,119.06,1.8324,119.9146,120.0101,-22.872,-24.114,-13.516,neutral,119.7923,0.0208,0.2052
DIS,DIS-154,2025-07-15T14:00:00-04:00,2025-07-15T15:00:00-04:00,1,119.34,118.9,1.8324,119.4997,119.7367,-35.224,4.251,6.919,neutral_down,119.7923,0.0208,0.2052
DIS,DIS-155,2025-07-16T11:00:00-04:00,2025-07-16T18:00:00-04:00,7,119.51,119.55,1.7979,119.3747,119.4027,13.396,-6.83,28.265,neutral,119.7112,-0.0811,-0.0525
DIS,DIS-156,2025-07-17T09:00:00-04:00,2025-07-17T10:00:00-04:00,1,120.925,121.31,1.7906,120.0316,119.8003,43.725,27.346,21.735,neutral_up,119.7193,0.0081,-0.0523
DIS,DIS-157,2025-07-18T14:00:00-04:00,2025-07-18T17:00:00-04:00,3,121.2405,121.42,1.8513,121.4362,121.3261,-2.173,-3.741,2.82,neutral,119.9457,0.2264,0.1534
DIS,DIS-158,2025-07-21T09:00:00-04:00,2025-07-23T10:00:00-04:00,29,121.185,122.49,1.8562,121.3277,121.3324,-10.249,-0.595,-18.296,neutral,120.0779,0.1322,0.3667
DIS,DIS-159,2025-07-24T11:00:00-04:00,2025-07-24T17:00:00-04:00,6,122.365,122.0,1.7679,122.8799,122.6355,3.789,-19.168,-40.933,neutral,120.4809,0.2469,0.403
DIS,DIS-160,2025-07-28T06:00:00-04:00,2025-07-28T07:00:00-04:00,1,121.4,121.28,1.7426,121.6572,121.7943,-14.967,-16.676,9.323,neutral,120.6966,0.0803,0.4626
DIS,DIS-161,2025-07-28T08:00:00-04:00,2025-07-28T10:00:00-04:00,2,121.6,120.21,1.7426,121.5854,121.7342,-18.666,8.265,-20.375,neutral,120.6966,0.0803,0.4626
DIS,DIS-162,2025-07-29T12:00:00-04:00,2025-07-30T06:00:00-04:00,9,119.98,119.75,1.7332,120.0976,120.444,-46.79,12.197,-2.975,neutral_down,120.6651,-0.0315,0.1842
DIS,DIS-163,2025-07-30T08:00:00-04:00,2025-08-01T06:00:00-04:00,29,119.75,117.86,1.7127,119.8308,120.0352,-27.233,0.195,4.443,neutral_down,120.5992,-0.0659,-0.0171
DIS,DIS-164,2025-08-05T12:00:00-04:00,2025-08-05T18:00:00-04:00,6,119.0484,118.58,1.8786,118.9716,118.8773,-5.679,14.096,-24.898,neutral,119.9734,-0.0573,-0.5313
DIS,DIS-165,2025-08-06T04:00:00-04:00,2025-08-06T05:00:00-04:00,1,120.8,121.57,1.9044,119.189,118.9907,37.253,39.131,42.996,neutral_up,119.8313,-0.1421,-0.5475
DIS,DIS-166,2025-08-06T06:00:00-04:00,2025-08-06T11:00:00-04:00,5,116.78,115.4066,1.9044,119.0881,119.0029,7.801,-59.832,9.679,neutral,119.8313,-0.1421,-0.5475
DIS,DIS-167,2025-08-07T10:00:00-04:00,2025-08-07T13:00:00-04:00,3,113.7291,112.32,2.2119,115.0128,115.6988,-38.081,-16.338,-13.713,neutral_down,119.4084,-0.4228,-0.6223
DIS,DIS-168,2025-08-08T14:00:00-04:00,2025-08-12T12:00:00-04:00,28,112.595,113.985,2.3811,112.8591,113.3339,-33.626,-1.347,-2.039,neutral_down,118.8195,-0.5889,-1.1539
DIS,DIS-169,2025-08-14T16:00:00-04:00,2025-08-14T19:00:00-04:00,3,116.31,116.29,2.3753,116.1754,115.919,27.405,-0.547,-3.838,neutral_up,117.2958,-0.0626,-0.9364
DIS,DIS-170,2025-08-15T10:00:00-04:00,2025-08-15T12:00:00-04:00,2,116.395,116.49,2.3549,116.5094,116.2786,22.504,-14.092,-16.318,neutral,117.2044,-0.0914,-0.5159
DIS,DIS-171,2025-08-15T13:00:00-04:00,2025-08-15T17:00:00-04:00,4,115.9,115.39,2.3549,116.3921,116.2835,-5.438,-21.939,-27.942,neutral,117.2044,-0.0914,-0.5159
DIS,DIS-172,2025-08-19T13:00:00-04:00,2025-08-21T19:00:00-04:00,33,116.335,116.21,2.2718,116.2929,116.294,-3.128,6.22,0.04,neutral,116.996,-0.0416,-0.2998
DIS,DIS-173,2025-08-25T14:00:00-04:00,2025-08-25T15:00:00-04:00,1,117.89,117.74,2.23,118.3039,118.2074,-10.179,-12.46,-26.507,neutral,117.0552,0.1785,0.1238
DIS,DIS-174,2025-08-25T16:00:00-04:00,2025-08-25T17:00:00-04:00,1,117.97,117.7227,2.23,118.1469,118.1472,-16.706,3.623,-18.988,neutral,117.0552,0.1785,0.1238
DIS,DIS-175,2025-08-26T10:00:00-04:00,2025-08-29T13:00:00-04:00,43,118.115,118.365,2.1671,117.9084,117.9852,-3.346,13.999,23.042,neutral,117.1174,0.0623,0.1771
DIS,DIS-176,2025-09-05T12:00:00-04:00,2025-09-05T18:00:00-04:00,6,118.1,117.9,2.0849,118.3726,118.3417,-13.133,-0.184,-44.145,neutral,117.5808,0.1239,0.1914
DIS,DIS-177,2025-09-08T06:00:00-04:00,2025-09-08T07:00:00-04:00,1,118.01,117.95,2.0846,118.0618,118.1578,-11.05,0.141,5.001,neutral,117.6143,0.0336,0.1458
DIS,DIS-178,2025-09-08T08:00:00-04:00,2025-09-09T06:00:00-04:00,14,117.77,118.86,2.0846,117.9856,118.1053,-18.374,-5.416,-7.183,neutral,117.6143,0.0336,0.1458
DIS,DIS-179,2025-09-09T09:00:00-04:00,2025-09-09T15:00:00-04:00,6,118.3507,117.38,2.0885,118.6189,118.5031,2.673,-14.073,-23.741,neutral,117.7258,0.1114,0.2689
DIS,DIS-180,2025-09-11T14:00:00-04:00,2025-09-11T15:00:00-04:00,1,116.72,117.06,2.1376,116.01,116.1864,9.323,16.87,58.316,neutral,117.523,-0.1713,-0.0913
DIS,DIS-181,2025-09-11T16:00:00-04:00,2025-09-11T17:00:00-04:00,1,117.0,116.8225,2.1376,116.376,116.3325,27.792,3.569,35.339,neutral_up,117.523,-0.1713,-0.0913
DIS,DIS-182,2025-09-12T15:00:00-04:00,2025-09-12T18:00:00-04:00,3,115.97,116.08,2.1659,116.0605,116.2349,-20.089,4.531,10.058,neutral,117.4809,-0.0421,-0.2448
DIS,DIS-183,2025-09-15T08:00:00-04:00,2025-09-16T10:00:00-04:00,16,116.34,115.02,2.1512,116.1105,116.163,3.398,10.063,14.274,neutral,117.3436,-0.1374,-0.3508
DIS,DIS-184,2025-09-16T15:00:00-04:00,2025-09-17T18:00:00-04:00,16,115.27,116.12,2.1226,115.2261,115.4419,-21.324,7.833,23.686,neutral,117.1878,-0.1558,-0.3352
DIS,DIS-185,2025-09-18T08:00:00-04:00,2025-09-18T16:00:00-04:00,8,115.75,114.87,2.0086,116.0226,115.8997,-0.226,-9.934,-38.158,neutral,116.9313,-0.0821,-0.4123
DIS,DIS-186,2025-09-22T09:00:00-04:00,2025-09-24T10:00:00-04:00,33,113.475,113.97,2.0775,112.9339,113.3599,-23.516,28.371,20.108,neutral,116.4678,-0.2748,-0.5457
DIS,DIS-187,2025-09-25T11:00:00-04:00,2025-09-29T14:00:00-04:00,31,113.535,114.73,2.0721,113.4394,113.2673,21.485,-2.8,22.98,neutral,115.5489,-0.2109,-0.9189
DIS,DIS-188,2025-09-30T13:00:00-04:00,2025-10-01T17:00:00-04:00,15,113.47,112.9112,1.919,113.96,114.0613,-30.559,-9.52,-6.648,neutral_down,115.1186,-0.0324,-0.4304
DIS,DIS-189,2025-10-03T10:00:00-04:00,2025-10-03T12:00:00-04:00,2,112.9,113.19,2.0195,112.4287,112.5117,10.447,15.38,32.09,neutral,114.6223,-0.2462,-0.4962
DIS,DIS-190,2025-10-03T16:00:00-04:00,2025-10-08T17:00:00-04:00,42,112.6893,111.8899,2.0195,112.7558,112.6897,3.434,-3.463,-29.491,neutral,114.6223,-0.2462,-0.4962
DIS,DIS-191,2025-10-09T10:00:00-04:00,2025-10-09T18:00:00-04:00,8,112.08,111.04,1.9352,112.0209,112.1435,-9.77,4.774,22.136,neutral,113.917,-0.2027,-0.5115
DIS,DIS-192,2025-10-10T10:00:00-04:00,2025-10-10T13:00:00-04:00,3,111.7,110.42,1.9487,111.4894,111.5796,6.58,2.395,37.681,neutral,113.6519,-0.2652,-0.6259
DIS,DIS-193,2025-10-13T15:00:00-04:00,2025-10-13T16:00:00-04:00,1,110.28,110.02,2.0645,110.2525,110.32,-4.246,2.623,-13.593,neutral,113.2471,-0.4047,-0.8726
DIS,DIS-194,2025-10-14T07:00:00-04:00,2025-10-14T16:00:00-04:00,9,109.79,111.17,2.0428,109.93,110.115,-22.166,5.122,-15.835,neutral,112.9774,-0.2697,-0.9396
DIS,DIS-195,2025-10-15T15:00:00-04:00,2025-10-16T14:00:00-04:00,12,111.74,109.03,2.0854,111.7804,111.434,25.775,-8.061,-15.305,neutral_up,112.8122,-0.1652,-0.8397
DIS,DIS-196,2025-10-17T13:00:00-04:00,2025-10-17T16:00:00-04:00,3,110.515,110.67,2.1553,110.3494,110.344,12.106,-4.793,2.83,neutral,112.4579,-0.2568,-0.5195
DIS,DIS-197,2025-10-20T11:00:00-04:00,2025-10-20T16:00:00-04:00,5,111.53,112.1,2.1457,111.1734,110.8876,33.08,2.333,5.31,neutral_up,112.2936,-0.1644,-0.5186
DIS,DIS-198,2025-10-22T13:00:00-04:00,2025-10-23T07:00:00-04:00,10,113.235,113.2,2.1416,113.7131,113.5028,0.462,-16.954,-27.166,neutral,112.4509,0.1849,-0.007
DIS,DIS-199,2025-10-23T09:00:00-04:00,2025-10-24T13:00:00-04:00,19,113.49,111.95,2.0829,113.2848,113.3232,-2.005,13.741,3.186,neutral,112.5108,0.0599,0.2172
DIS,DIS-200,2025-10-27T13:00:00-04:00,2025-10-29T05:00:00-04:00,22,112.22,111.33,2.0711,112.0868,112.1671,-1.742,6.195,-1.923,neutral,112.4769,-0.0802,0.026
DIS,DIS-201,2025-10-29T12:00:00-04:00,2025-10-29T13:00:00-04:00,1,111.05,110.9,1.9441,111.2038,111.4744,-32.473,1.878,39.397,neutral_down,112.3897,-0.073,-0.1674
DIS,DIS-202,2025-10-30T09:00:00-04:00,2025-10-30T10:00:00-04:00,1,111.77,112.96,1.9231,110.6554,110.8442,5.413,45.08,56.097,neutral,112.197,-0.1927,-0.2799
DIS,DIS-203,2025-11-03T10:00:00-05:00,2025-11-04T06:00:00-05:00,12,111.94,111.43,2.109,112.2371,112.1312,-5.411,-4.901,-32.742,neutral,112.205,0.0405,-0.1847
DIS,DIS-204,2025-11-04T07:00:00-05:00,2025-11-06T10:00:00-05:00,32,111.72,109.46,2.0855,111.6878,111.8568,-21.635,11.575,6.315,neutral,112.1987,-0.0064,0.0017
DIS,DIS-205,2025-11-07T11:00:00-05:00,2025-11-10T09:00:00-05:00,13,110.19,112.235,2.0335,110.4982,110.6094,-10.018,-11.903,8.421,neutral,111.9173,-0.1427,-0.2814
DIS,DIS-206,2025-11-10T10:00:00-05:00,2025-11-10T11:00:00-05:00,1,111.24,111.58,1.9871,111.2645,111.022,32.519,-19.742,12.816,neutral_up,111.8093,-0.1079,-0.3222
DIS,DIS-207,2025-11-10T12:00:00-05:00,2025-11-10T13:00:00-05:00,1,112.04,112.45,1.9871,111.4701,111.1607,41.731,10.446,-10.53,neutral_up,111.8093,-0.1079,-0.3222
DIS,DIS-208,2025-11-14T12:00:00-05:00,2025-11-18T07:00:00-05:00,26,105.79,105.12,2.7874,106.7013,108.0791,-61.55,-1.535,-11.84,neutral_down,112.0869,-0.4507,0.2406
DIS,DIS-209,2025-11-18T09:00:00-05:00,2025-11-19T16:00:00-05:00,22,106.82,104.6,2.8133,105.7247,105.9384,2.736,39.621,34.006,neutral,110.9857,-0.5296,-1.5518
DIS,DIS-210,2025-11-21T15:00:00-05:00,2025-11-21T17:00:00-05:00,2,104.27,104.2,2.8491,103.8808,103.7877,25.871,-0.932,5.171,neutral_up,109.3544,-0.6664,-1.6313
DIS,DIS-211,2025-11-24T09:00:00-05:00,2025-11-24T10:00:00-05:00,1,102.865,102.87,2.7949,103.9717,103.9686,-21.89,-39.029,-41.367,neutral,108.8922,-0.4622,-1.6657
DIS,DIS-212,2025-11-26T15:00:00-05:00,2025-11-28T13:00:00-05:00,14,103.41,104.47,2.7138,103.6383,103.4346,14.879,-16.865,-28.982,neutral,107.8066,-0.4527,-1.5478
DIS,DIS-213,2025-12-03T12:00:00-05:00,2025-12-04T08:00:00-05:00,10,104.955,105.67,2.4828,105.0552,105.2198,-17.143,-1.011,-11.08,neutral,106.9004,-0.204,-0.5065
DIS,DIS-214,2025-12-04T09:00:00-05:00,2025-12-08T12:00:00-05:00,35,105.06,107.31,2.404,105.488,105.4392,-4.952,-24.204,-26.959,neutral,106.794,-0.1064,-0.3459
DIS,DIS-215,2025-12-09T15:00:00-05:00,2025-12-09T18:00:00-05:00,3,107.05,106.95,2.3662,107.1466,107.021,5.235,-3.343,16.308,neutral,106.6498,0.102,-0.1442
DIS,DIS-216,2025-12-10T05:00:00-05:00,2025-12-10T07:00:00-05:00,1,106.9,106.97,2.2826,107.0118,106.9947,-5.322,-1.869,-5.209,neutral,106.6862,0.0364,0.0066
DIS,DIS-217,2025-12-10T08:00:00-05:00,2025-12-10T13:00:00-05:00,5,107.09,108.42,2.2826,107.0207,107.0014,1.137,4.702,4.59,neutral,106.6862,0.0364,0.0066
DIS,DIS-218,2025-12-12T16:00:00-05:00,2025-12-15T11:00:00-05:00,10,111.56,110.88,2.3663,111.7372,111.3535,15.382,-3.191,-22.392,neutral,107.3013,0.4184,0.6515
DIS,DIS-219,2025-12-15T12:00:00-05:00,2025-12-16T18:00:00-05:00,22,110.76,111.6201,2.3537,110.9875,111.129,-19.343,2.062,10.043,neutral,107.6893,0.3881,1.0031
DIS,DIS-220,2025-12-17T04:00:00-05:00,2025-12-17T07:00:00-05:00,2,111.63,111.8,2.3977,111.6659,111.4906,12.593,-4.901,-0.76,neutral,108.279,0.3341,0.9777
DIS,DIS-221,2025-12-17T08:00:00-05:00,2025-12-17T18:00:00-05:00,10,111.34,110.39,2.3977,111.6381,111.525,1.892,-13.253,-10.701,neutral,108.279,0.3341,0.9777
DIS,DIS-222,2025-12-18T09:00:00-05:00,2025-12-18T10:00:00-05:00,1,111.63,112.22,2.346,110.9339,110.9926,14.913,27.511,31.683,neutral,108.4913,0.2124,0.802
DIS,DIS-223,2025-12-19T14:00:00-05:00,2025-12-19T18:00:00-05:00,4,111.63,111.38,2.3485,112.1876,111.9474,8.887,-26.367,-37.745,neutral,108.7994,0.3081,0.8545
DIS,DIS-224,2025-12-23T14:00:00-05:00,2025-12-24T06:00:00-05:00,5,112.805,113.11,2.3125,112.5279,112.2962,38.755,1.664,21.592,neutral_up,109.3221,0.3008,0.8307
DIS,DIS-225,2025-12-24T08:00:00-05:00,2025-12-24T10:00:00-05:00,2,112.7,114.39,2.238,112.9084,112.6529,26.948,-22.756,-19.745,neutral_up,109.6728,0.3507,0.8734
DIS,DIS-226,2025-12-29T11:00:00-05:00,2025-12-29T14:00:00-05:00,3,114.12,114.4488,2.1495,113.7903,113.6872,34.805,5.303,40.58,neutral_up,110.4244,0.3146,1.1023
DIS,DIS-227,2025-12-29T15:00:00-05:00,2025-12-29T16:00:00-05:00,1,114.18,114.13,2.1495,114.0511,113.8575,39.219,-9.108,5.797,neutral_up,110.4244,0.3146,1.1023
DIS,DIS-228,2026-01-07T04:00:00-05:00,2026-01-07T15:00:00-05:00,9,114.55,112.94,2.1337,114.4187,114.1571,31.776,0.946,3.107,neutral_up,111.9249,0.2635,0.5526
DIS,DIS-229,2026-01-12T10:00:00-05:00,2026-01-12T11:00:00-05:00,1,114.045,113.48,2.1706,114.6595,114.7145,-30.435,-2.334,-45.861,neutral_down,112.5428,0.3317,0.6179
DIS,DIS-230,2026-01-13T14:00:00-05:00,2026-01-16T12:00:00-05:00,40,112.47,111.445,2.252,112.4642,112.9176,-35.309,7.197,39.08,neutral_down,112.568,0.0252,0.5508
DIS,DIS-231,2026-01-20T18:00:00-05:00,2026-01-21T14:00:00-05:00,11,110.08,112.6924,2.1719,110.2472,110.647,-27.001,-1.215,4.52,neutral_down,112.6173,-0.1397,0.0128
DIS,DIS-232,2026-01-22T16:00:00-05:00,2026-01-23T11:00:00-05:00,9,113.14,111.495,2.2404,113.1018,112.782,16.709,1.296,-12.029,neutral,112.4847,0.0735,-0.2723
DIS,DIS-233,2026-01-26T15:00:00-05:00,2026-01-27T06:00:00-05:00,7,111.32,111.4,2.2642,111.3954,111.4773,-0.615,-9.982,0.068,neutral,112.4095,-0.1434,-0.0017
DIS,DIS-234,2026-01-27T08:00:00-05:00,2026-01-27T16:00:00-05:00,8,111.16,110.53,2.2049,111.3297,111.3946,-12.578,-8.259,-7.064,neutral,112.3104,-0.099,-0.1743
DIS,DIS-235,2026-01-27T19:00:00-05:00,2026-01-28T04:00:00-05:00,1,110.63,110.72,2.2049,110.5643,110.8237,-27.117,13.442,5.356,neutral_down,112.3104,-0.099,-0.1743
DIS,DIS-236,2026-01-28T09:00:00-05:00,2026-01-28T19:00:00-05:00,10,110.855,109.7,2.1739,110.5643,110.7046,-6.152,17.2,18.017,neutral,112.154,-0.1564,-0.3989
DIS,DIS-237,2026-01-29T08:00:00-05:00,2026-01-29T15:00:00-05:00,7,109.72,111.55,2.1922,109.77,110.0098,-21.552,-0.099,10.752,neutral,111.9218,-0.2322,-0.4876
DIS,DIS-238,2026-02-02T06:00:00-05:00,2026-02-02T12:00:00-05:00,6,117.0,104.99,2.2228,113.502,112.5435,78.44,36.491,14.485,distribution,111.9764,0.0884,-0.1776
DIS,DIS-239,2026-02-03T13:00:00-05:00,2026-02-04T10:00:00-05:00,12,103.79,108.22,2.7148,104.2438,105.5457,-37.517,-0.718,24.056,neutral_down,111.3031,-0.6733,-0.6188
DIS,DIS-240,2026-02-05T13:00:00-05:00,2026-02-05T14:00:00-05:00,1,105.3,105.51,2.8716,105.9886,106.2032,-30.041,-3.493,-21.858,neutral_down,110.3345,-0.3265,-1.6419
DIS,DIS-241,2026-02-09T14:00:00-05:00,2026-02-09T15:00:00-05:00,1,107.21,107.06,2.9934,107.6637,107.619,-21.937,-2.716,-26.736,neutral,109.7425,-0.1053,-0.9185
DIS,DIS-242,2026-02-17T14:00:00-05:00,2026-02-18T10:00:00-05:00,12,105.59,107.59,3.3287,105.3818,105.0967,23.173,0.56,0.684,neutral,108.4663,-0.3026,-1.0757
DIS,DIS-243,2026-02-20T09:00:00-05:00,2026-02-23T10:00:00-05:00,15,105.51,103.66,3.1606,105.9236,106.0696,-20.855,-11.864,-18.434,neutral,107.9049,-0.1905,-0.5613
DIS,DIS-244,2026-02-26T09:00:00-05:00,2026-02-26T10:00:00-05:00,1,105.972,106.55,2.9743,105.333,105.3206,16.267,24.933,26.32,neutral,107.0789,-0.1999,-0.6165
DIS,DIS-245,2026-02-26T11:00:00-05:00,2026-03-02T12:00:00-05:00,30,105.865,103.81,2.9743,105.6341,105.4717,32.183,-9.703,40.849,neutral_up,107.0789,-0.1999,-0.6165
DIS,DIS-246,2026-03-03T12:00:00-05:00,2026-03-03T17:00:00-05:00,5,103.645,103.29,2.8728,103.2587,103.6457,-15.271,15.238,34.776,neutral,106.63,-0.231,-0.4489
DIS,DIS-247,2026-03-04T05:00:00-05:00,2026-03-06T09:00:00-05:00,34,103.47,100.1,2.8226,103.3691,103.5181,-8.252,5.264,10.393,neutral,106.3273,-0.3027,-0.6153
DIS,DIS-248,2026-03-09T15:00:00-04:00,2026-03-09T16:00:00-04:00,1,101.685,101.35,2.7041,100.3799,100.673,4.064,39.883,49.057,neutral,105.318,-0.3788,-1.0092
DIS,DIS-249,2026-03-10T17:00:00-04:00,2026-03-12T06:00:00-04:00,20,101.42,100.48,2.7554,101.4733,101.3552,4.797,-1.589,-6.773,neutral,104.9878,-0.3303,-1.0398
DIS,DIS-250,2026-03-12T09:00:00-04:00,2026-03-12T13:00:00-04:00,4,100.4,99.72,2.6149,100.4717,100.7235,-30.535,7.558,-1.144,neutral_down,104.3121,-0.3422,-1.0059
DIS,DIS-251,2026-03-12T15:00:00-04:00,2026-03-12T16:00:00-04:00,1,99.42,99.5,2.6149,99.8923,100.3028,-53.623,-2.385,-10.597,neutral_down,104.3121,-0.3422,-1.0059
DIS,DIS-252,2026-03-13T09:00:00-04:00,2026-03-16T16:00:00-04:00,20,100.57,98.7,2.5367,99.8584,99.9864,12.827,27.892,57.546,neutral,103.8674,-0.4447,-1.1204
DIS,DIS-253,2026-03-16T17:00:00-04:00,2026-03-16T18:00:00-04:00,1,98.7,98.6,2.4705,98.9389,99.2506,-36.696,0.45,-4.873,neutral_down,103.4522,-0.4152,-1.2022
DIS,DIS-254,2026-03-18T14:00:00-04:00,2026-03-19T06:00:00-04:00,7,99.53,99.35,2.358,99.9359,99.9159,-13.82,-8.299,-25.731,neutral,102.775,-0.2415,-1.0924
DIS,DIS-255,2026-03-19T09:00:00-04:00,2026-03-23T17:00:00-04:00,37,100.225,98.15,2.3339,99.4863,99.5883,2.124,33.049,23.173,neutral,102.4691,-0.3059,-0.9831
DIS,DIS-256,2026-03-25T09:00:00-04:00,2026-03-26T05:00:00-04:00,11,95.74,95.54,2.28,96.708,97.1189,-49.673,-30.016,-24.309,neutral_down,101.0985,-0.4704,-1.0752
DIS,DIS-257,2026-03-26T10:00:00-04:00,2026-03-26T15:00:00-04:00,5,95.8,94.74,2.2689,95.8311,96.118,-18.161,-1.441,36.163,neutral,100.6318,-0.4667,-1.2979
DIS,DIS-258,2026-03-26T16:00:00-04:00,2026-03-26T17:00:00-04:00,1,95.0,94.9,2.2689,95.1544,95.6007,-45.994,9.943,8.184,neutral_down,100.6318,-0.4667,-1.2979
DIS,DIS-259,2026-03-31T12:00:00-04:00,2026-03-31T14:00:00-04:00,2,95.69,95.965,2.2968,94.9233,94.5586,44.204,19.31,-11.226,neutral_up,98.9355,-0.4611,-1.6963
DIS,DIS-260,2026-04-02T16:00:00-04:00,2026-04-02T17:00:00-04:00,1,96.5284,96.65,2.3013,96.4426,96.3491,13.284,-3.746,-1.501,neutral,98.5112,-0.1911,-0.8854
DIS,DIS-261,2026-04-06T11:00:00-04:00,2026-04-08T04:00:00-04:00,23,96.29,97.56,2.2855,96.575,96.5187,-2.603,-14.582,-6.64,neutral,98.3401,-0.171,-0.5954
DIS,DIS-262,2026-04-09T10:00:00-04:00,2026-04-09T18:00:00-04:00,8,98.465,99.6763,2.2336,98.6048,98.3221,8.508,0.383,-29.4,neutral,98.0502,0.113,-0.2899
DIS,DIS-263,2026-04-10T15:00:00-04:00,2026-04-10T19:00:00-04:00,4,99.16,99.2,2.2562,99.2739,99.2498,-9.558,2.149,-0.57,neutral,98.2084,0.1582,0.0564
DIS,DIS-264,2026-04-15T14:00:00-04:00,2026-04-16T14:00:00-04:00,16,103.25,103.87,2.2281,102.7437,102.3255,57.534,9.333,34.259,neutral_up,98.9218,0.3673,0.7134
DIS,DIS-265,2026-04-16T15:00:00-04:00,2026-04-16T17:00:00-04:00,2,103.91,103.89,2.1821,103.55,103.1715,53.18,0.837,7.064,neutral_up,99.2971,0.3753,1.0022
DIS,DIS-266,2026-04-17T04:00:00-04:00,2026-04-17T06:00:00-04:00,2,103.1,103.79,2.1513,103.5864,103.3212,16.032,-32.902,-28.483,neutral,99.7164,0.4194,1.162
DIS,DIS-267,2026-04-17T07:00:00-04:00,2026-04-17T08:00:00-04:00,1,103.95,104.72,2.1513,103.7165,103.4516,30.12,4.763,14.089,neutral_up,99.7164,0.4194,1.162
DIS,DIS-268,2026-04-20T14:00:00-04:00,2026-04-20T17:00:00-04:00,3,106.69,106.15,2.1705,106.3962,105.8749,62.103,-4.151,7.515,distribution,100.3131,0.5967,1.3913
DIS,DIS-269,2026-04-21T09:00:00-04:00,2026-04-21T10:00:00-04:00,1,106.42,105.06,2.1011,106.3358,106.1443,22.397,0.555,2.901,neutral,100.8583,0.5452,1.5612
DIS,DIS-270,2026-04-22T15:00:00-04:00,2026-04-23T13:00:00-04:00,12,104.82,103.16,2.1589,104.7646,104.9631,-20.826,11.551,1.644,neutral,101.1716,0.3133,1.4552
DIS,DIS-271,2026-04-27T11:00:00-04:00,2026-04-27T18:00:00-04:00,7,103.32,102.1974,2.1509,102.9031,102.9318,24.276,4.571,57.355,neutral_up,101.7804,0.0815,0.6087
DIS,DIS-272,2026-04-27T19:00:00-04:00,2026-04-28T12:00:00-04:00,9,102.7,101.79,2.1509,102.5115,102.6729,-16.563,18.742,12.759,neutral,101.7804,0.0815,0.6087
DIS,DIS-273,2026-04-28T16:00:00-04:00,2026-04-28T18:00:00-04:00,2,101.41,101.3,2.1223,101.7219,102.0749,-39.804,-0.912,-5.079,neutral_down,101.8331,0.0527,0.3298
DIS,DIS-274,2026-04-29T13:00:00-04:00,2026-04-30T11:00:00-04:00,13,100.91,102.78,2.1621,101.0424,101.3874,-41.186,3.776,3.445,neutral_down,101.801,-0.0321,0.1021
DIS,DIS-275,2026-05-01T15:00:00-04:00,2026-05-04T05:00:00-04:00,5,103.09,103.28,2.1869,103.4804,103.2825,-4.303,-8.654,-34.465,neutral,101.9358,0.1804,0.1028
DIS,DIS-276,2026-05-04T10:00:00-04:00,2026-05-04T11:00:00-04:00,1,102.615,101.99,2.1638,102.8734,103.0293,-29.586,2.342,-3.992,neutral_down,102.0408,0.1049,0.2398
DIS,DIS-277,2026-05-05T15:00:00-04:00,2026-05-05T16:00:00-04:00,1,100.51,100.49,2.1392,100.9698,101.4441,-54.728,-2.236,5.651,neutral_down,101.9771,-0.0637,0.2216
DIS,DIS-278,2026-05-06T06:00:00-04:00,2026-05-06T07:00:00-04:00,1,104.6,104.95,2.1057,101.571,101.4483,38.041,58.718,72.144,neutral_up,101.8437,-0.1334,-0.0921
DIS,DIS-279,2026-05-07T13:00:00-04:00,2026-05-07T16:00:00-04:00,3,107.825,108.426,2.5717,108.7543,107.6438,40.073,-34.44,-49.089,neutral_up,102.4015,0.5578,0.3608
DIS,DIS-280,2026-05-07T17:00:00-04:00,2026-05-07T18:00:00-04:00,1,108.44,108.4,2.5717,108.5711,107.8953,21.53,-2.613,-5.584,neutral,102.4015,0.5578,0.3608
DIS,DIS-281,2026-05-08T09:00:00-04:00,2026-05-08T12:00:00-04:00,3,108.22,108.355,2.6302,108.7245,108.3857,6.114,-12.862,-26.461,neutral,102.9759,0.5744,0.9989
DIS,DIS-282,2026-05-08T14:00:00-04:00,2026-05-11T06:00:00-04:00,8,107.7499,107.98,2.6302,108.3543,108.3237,-15.168,-11.066,-21.055,neutral,102.9759,0.5744,0.9989
DIS,DIS-283,2026-05-11T09:00:00-04:00,2026-05-11T11:00:00-04:00,2,107.39,104.89,2.5616,107.7756,107.9636,-23.642,-6.672,-14.464,neutral_down,103.4318,0.4558,1.5881
DIS,DIS-284,2026-05-12T15:00:00-04:00,2026-05-12T17:00:00-04:00,2,106.17,106.15,2.665,105.486,105.5678,20.448,12.622,21.831,neutral,103.548,0.1162,1.1464
DIS,DIS-285,2026-05-14T10:00:00-04:00,2026-05-14T11:00:00-04:00,1,105.73,105.8901,2.5992,105.3554,105.2632,23.513,3.536,14.673,neutral,103.8876,0.1012,0.4558
DIS,DIS-286,2026-05-14T12:00:00-04:00,2026-05-14T14:00:00-04:00,2,105.4,105.75,2.5992,105.4499,105.3274,16.338,-12.176,-3.639,neutral,103.8876,0.1012,0.4558
DIS,DIS-287,2026-05-14T15:00:00-04:00,2026-05-15T11:00:00-04:00,12,105.445,103.265,2.5992,105.5149,105.3928,10.674,-7.606,-5.664,neutral,103.8876,0.1012,0.4558
DIS,DIS-288,2026-05-21T14:00:00-04:00,2026-05-27T16:00:00-04:00,48,103.89,104.18,2.5466,103.8088,103.6588,17.003,-4.162,11.202,neutral,103.7974,0.0283,-0.1162
DIS,DIS-289,2026-05-28T09:00:00-04:00,2026-05-29T13:00:00-04:00,19,103.75,102.55,2.3419,103.8938,103.7766,6.459,-8.623,-7.85,neutral,103.7161,0.0454,-0.0624
DIS,DIS-290,2026-06-01T13:00:00-04:00,2026-06-01T14:00:00-04:00,1,102.38,102.88,2.2433,101.8414,102.1282,-6.233,21.865,57.014,neutral,103.5491,-0.1709,-0.1215
DIS,DIS-291,2026-06-01T15:00:00-04:00,2026-06-01T16:00:00-04:00,1,102.85,102.62,2.2433,102.2093,102.256,27.362,9.605,55.46,neutral_up,103.5491,-0.1709,-0.1215
DIS,DIS-292,2026-06-04T12:00:00-04:00,2026-06-04T13:00:00-04:00,1,99.235,99.31,2.2994,100.1386,100.2635,-25.236,-36.073,-63.049,neutral_down,102.9482,-0.3478,-0.601
DIS,DIS-293,2026-06-04T15:00:00-04:00,2026-06-04T16:00:00-04:00,1,99.33,99.25,2.2994,99.7254,100.0216,-44.637,1.891,-19.4,neutral_down,102.9482,-0.3478,-0.601
DIS,DIS-294,2026-06-05T15:00:00-04:00,2026-06-11T15:00:00-04:00,63,99.74,100.34,2.3109,99.4371,99.5658,-7.047,18.545,8.914,neutral,102.6192,-0.3289,-0.8663
DIS,DIS-295,2026-06-12T16:00:00-04:00,2026-06-15T11:00:00-04:00,11,100.0,102.18,2.1414,100.1993,100.0914,-1.65,-3.615,-18.312,neutral,101.3994,-0.1059,-0.642
DIS,DIS-296,2026-06-16T10:00:00-04:00,2026-06-18T11:00:00-04:00,31,100.305,102.88,2.1642,101.3362,101.2891,-26.006,-31.136,-50.377,neutral_down,101.314,0.0396,-0.1913
DIS,DIS-297,2026-06-23T11:00:00-04:00,2026-06-23T12:00:00-04:00,1,103.38,103.47,2.2616,102.822,102.7215,27.865,4.606,56.252,neutral_up,101.5919,0.0818,0.2764
DIS,DIS-298,2026-06-23T15:00:00-04:00,2026-06-23T16:00:00-04:00,1,103.53,104.0,2.2616,103.2187,102.9636,32.028,-1.35,0.634,neutral_up,101.5919,0.0818,0.2764
DIS,DIS-299,2026-06-24T04:00:00-04:00,2026-06-24T05:00:00-04:00,1,103.19,103.59,2.2601,103.409,103.1783,13.715,-13.116,-12.678,neutral,101.7681,0.1762,0.494
DIS,DIS-300,2026-06-24T09:00:00-04:00,2026-06-24T15:00:00-04:00,6,103.46,101.14,2.2601,103.4841,103.2934,12.895,-4.45,-3.59,neutral,101.7681,0.1762,0.494
DIS,DIS-301,2026-06-26T16:00:00-04:00,2026-06-30T09:00:00-04:00,25,99.0797,96.775,2.4366,98.8124,99.1299,-13.779,10.908,9.207,neutral,101.38,-0.331,-0.2119
DIS,DIS-302,2026-07-01T13:00:00-04:00,2026-07-01T17:00:00-04:00,4,96.505,95.992,2.336,96.7894,96.9879,-23.873,-10.356,-38.726,neutral_down,100.4846,-0.4255,-0.8954
