ticker,ep_id,start_ts_et,end_ts_et,n_comp_bars,spot_start,spot_end,datr14_prior,ema9_h,ema21_h,po,po_slope1,po_slope3,phase_zone,ema21_d,ema21_d_slope1,ema21_d_slope3
ORCL,ORCL-001,2024-07-16T18:00:00-04:00,2024-07-17T07:00:00-04:00,3,142.49,141.0,3.2324,142.6944,142.9874,-22.982,-2.525,-0.663,neutral,139.9635,0.3116,1.1865
ORCL,ORCL-002,2024-07-25T13:00:00-04:00,2024-07-25T19:00:00-04:00,6,140.26,137.82,3.1404,139.9777,140.1763,3.491,-0.822,32.217,neutral,140.0043,-0.1204,0.2089
ORCL,ORCL-003,2024-07-26T05:00:00-04:00,2024-07-26T06:00:00-04:00,1,139.7,139.23,3.1568,138.7452,139.2902,-17.878,30.752,28.29,neutral,139.8093,-0.1949,-0.0228
ORCL,ORCL-004,2024-07-26T09:00:00-04:00,2024-07-26T14:00:00-04:00,5,138.7,138.905,3.1568,138.903,139.2411,-10.565,-7.392,7.314,neutral,139.8093,-0.1949,-0.0228
ORCL,ORCL-005,2024-07-29T07:00:00-04:00,2024-07-30T12:00:00-04:00,17,139.47,135.21,3.0813,139.0994,139.1586,3.837,10.32,9.371,neutral,139.743,-0.0663,-0.3817
ORCL,ORCL-006,2024-08-01T13:00:00-04:00,2024-08-01T14:00:00-04:00,1,137.0,136.38,3.3129,138.7005,138.7872,-34.765,-19.618,-49.284,neutral_down,139.2724,0.0148,-0.4706
ORCL,ORCL-007,2024-08-06T09:00:00-04:00,2024-08-07T14:00:00-04:00,20,130.24,126.09,3.7855,129.1566,129.6223,-0.329,15.112,11.065,neutral,137.6067,-0.9717,-1.6657
ORCL,ORCL-008,2024-08-12T16:00:00-04:00,2024-08-13T12:00:00-04:00,8,132.58,134.35,3.8198,132.3144,131.7094,41.416,-0.68,4.852,neutral_up,134.8708,-0.2801,-1.8789
ORCL,ORCL-009,2024-08-16T14:00:00-04:00,2024-08-16T16:00:00-04:00,2,137.58,137.47,3.2916,137.2163,136.7556,42.55,3.926,-6.251,neutral_up,134.9167,0.2023,0.2459
ORCL,ORCL-010,2024-08-19T09:00:00-04:00,2024-08-19T16:00:00-04:00,7,136.81,137.97,3.1586,137.2499,136.9958,8.168,-20.0,-28.517,neutral,135.147,0.2303,0.5172
ORCL,ORCL-011,2024-08-19T17:00:00-04:00,2024-08-20T10:00:00-04:00,6,137.92,139.0,3.1586,137.6678,137.3592,40.869,0.021,10.459,neutral_up,135.147,0.2303,0.5172
ORCL,ORCL-012,2024-08-21T15:00:00-04:00,2024-08-21T18:00:00-04:00,3,140.18,140.15,2.9634,139.7555,139.2321,55.684,-0.728,1.282,neutral_up,135.7439,0.3476,0.8273
ORCL,ORCL-013,2024-08-22T11:00:00-04:00,2024-08-22T13:00:00-04:00,2,139.33,138.36,2.8767,140.0216,139.6659,17.788,-36.093,-28.922,neutral,136.1472,0.4033,1.0002
ORCL,ORCL-014,2024-08-23T18:00:00-04:00,2024-08-26T04:00:00-04:00,2,139.0,139.4,2.9162,138.8128,138.861,7.484,-0.668,17.384,neutral,136.3248,0.1775,0.9284
ORCL,ORCL-015,2024-08-26T08:00:00-04:00,2024-08-27T08:00:00-04:00,16,138.61,137.88,2.8886,138.9781,138.9469,0.151,-18.818,-14.38,neutral,136.5816,0.2568,0.8376
ORCL,ORCL-016,2024-08-27T09:00:00-04:00,2024-08-28T16:00:00-04:00,18,138.6625,136.47,2.7687,138.3155,138.4824,-10.228,20.687,24.823,neutral,136.7942,0.2126,0.6469
ORCL,ORCL-017,2024-08-30T17:00:00-04:00,2024-08-30T19:00:00-04:00,1,141.15,141.25,2.6926,140.7538,140.1706,55.318,-2.345,17.17,neutral_up,137.2521,0.2188,0.4579
ORCL,ORCL-018,2024-09-03T09:00:00-04:00,2024-09-03T17:00:00-04:00,8,141.71,139.0253,2.6632,140.9058,140.4953,40.953,22.473,15.475,neutral_up,137.6201,0.368,0.6745
ORCL,ORCL-019,2024-09-06T09:00:00-04:00,2024-09-06T12:00:00-04:00,3,142.47,140.03,2.7613,142.5388,142.0647,28.193,-12.033,2.441,neutral_up,138.4698,0.416,0.8497
ORCL,ORCL-020,2024-09-06T14:00:00-04:00,2024-09-06T16:00:00-04:00,2,141.305,141.31,2.7613,141.1683,141.4487,-23.633,19.006,7.303,neutral_down,138.4698,0.416,0.8497
ORCL,ORCL-021,2024-09-09T13:00:00-04:00,2024-09-09T16:00:00-04:00,3,142.81,152.3491,2.8884,142.228,142.0176,17.99,9.647,21.183,neutral,138.778,0.3082,0.9888
ORCL,ORCL-022,2024-09-11T10:00:00-04:00,2024-09-12T09:00:00-04:00,14,156.26,161.77,4.2154,155.9554,154.4326,47.17,-13.603,13.847,neutral_up,140.4228,1.5437,1.953
ORCL,ORCL-023,2024-09-19T12:00:00-04:00,2024-09-19T14:00:00-04:00,2,166.9,167.81,5.2219,166.4346,166.3902,5.999,8.178,-0.305,neutral,150.815,1.3685,5.4498
ORCL,ORCL-024,2024-09-20T07:00:00-04:00,2024-09-23T11:00:00-04:00,19,167.15,164.81,5.1103,167.3085,167.0503,9.989,-5.955,-8.892,neutral,152.3372,1.5223,4.6971
ORCL,ORCL-025,2024-09-24T12:00:00-04:00,2024-09-25T10:00:00-04:00,12,165.295,168.6,4.8186,165.4956,165.8722,-25.949,1.135,22.069,neutral_down,154.865,1.1075,4.05
ORCL,ORCL-026,2024-09-26T11:00:00-04:00,2024-09-26T12:00:00-04:00,1,167.685,167.475,4.5201,167.5816,167.1858,19.763,-1.487,-17.133,neutral,156.8004,0.945,3.0429
ORCL,ORCL-027,2024-09-26T15:00:00-04:00,2024-09-26T16:00:00-04:00,1,168.11,168.1,4.5201,167.673,167.3486,22.506,8.368,7.598,neutral,156.8004,0.945,3.0429
ORCL,ORCL-028,2024-09-27T08:00:00-04:00,2024-09-30T17:00:00-04:00,25,168.1,170.2755,4.3479,168.0953,167.7869,24.944,-7.133,-4.028,neutral_up,157.8286,1.0281,2.9636
ORCL,ORCL-029,2024-10-02T15:00:00-04:00,2024-10-02T19:00:00-04:00,4,167.7122,168.29,4.2356,167.9486,167.9175,3.567,-11.851,-17.23,neutral,160.5263,0.6614,2.6977
ORCL,ORCL-030,2024-10-03T04:00:00-04:00,2024-10-03T07:00:00-04:00,1,167.39,167.71,4.0787,167.8817,167.8998,-7.38,-16.05,-4.827,neutral,161.1796,0.6533,2.3681
ORCL,ORCL-031,2024-10-03T08:00:00-04:00,2024-10-03T16:00:00-04:00,8,167.1398,166.86,4.0787,167.7058,167.815,-20.049,-12.23,-28.72,neutral,161.1796,0.6533,2.3681
ORCL,ORCL-032,2024-10-04T07:00:00-04:00,2024-10-04T09:00:00-04:00,2,167.62,169.48,3.9031,167.0167,167.2148,-4.485,26.69,18.003,neutral,161.7014,0.5219,1.8365
ORCL,ORCL-033,2024-10-07T14:00:00-04:00,2024-10-08T11:00:00-04:00,11,169.9,172.85,3.9086,170.8479,170.3044,14.515,-31.224,-58.361,neutral,162.5231,0.8217,1.9968
ORCL,ORCL-034,2024-10-11T11:00:00-04:00,2024-10-15T14:00:00-04:00,32,175.6412,174.83,3.9664,175.9029,175.991,-8.351,-5.722,-4.447,neutral,166.3987,0.9101,3.2004
ORCL,ORCL-035,2024-10-18T09:00:00-04:00,2024-10-18T16:00:00-04:00,7,175.7152,174.69,3.6806,176.0654,175.9463,-1.46,-7.327,-24.875,neutral,169.7606,0.5879,1.6953
ORCL,ORCL-036,2024-10-18T19:00:00-04:00,2024-10-21T07:00:00-04:00,2,174.75,174.2,3.6806,175.0342,175.3617,-28.619,-0.892,2.751,neutral_down,169.7606,0.5879,1.6953
ORCL,ORCL-037,2024-10-21T14:00:00-04:00,2024-10-23T17:00:00-04:00,29,173.555,173.43,3.5884,174.1653,174.6544,-47.587,-7.649,-8.027,neutral_down,170.2142,0.4536,1.6003
ORCL,ORCL-038,2024-10-24T09:00:00-04:00,2024-10-24T11:00:00-04:00,2,174.265,174.23,3.3515,173.8053,174.1026,-7.634,13.976,37.79,neutral,171.1613,0.1929,0.9472
ORCL,ORCL-039,2024-10-24T12:00:00-04:00,2024-10-25T08:00:00-04:00,9,174.38,175.3019,3.3515,174.0426,174.1479,5.258,3.941,12.892,neutral,171.1613,0.1929,0.9472
ORCL,ORCL-040,2024-10-25T11:00:00-04:00,2024-10-25T18:00:00-04:00,6,174.85,173.44,3.2581,175.0416,174.7198,21.43,-16.014,-11.829,neutral,171.4494,0.2881,0.9111
ORCL,ORCL-041,2024-10-29T13:00:00-04:00,2024-10-29T18:00:00-04:00,5,173.45,174.2,3.1662,173.1186,173.0912,22.609,-2.503,26.161,neutral,171.7176,0.0772,0.5563
ORCL,ORCL-042,2024-10-30T17:00:00-04:00,2024-10-30T19:00:00-04:00,2,174.0,173.5,3.0639,174.7832,174.4169,7.901,-25.077,-56.887,neutral,171.8787,0.1611,0.4293
ORCL,ORCL-043,2024-11-04T10:00:00-05:00,2024-11-05T15:00:00-05:00,16,169.55,171.8,3.4549,170.1479,170.2001,-11.124,-12.806,-16.913,neutral,171.5755,-0.1575,-0.3033
ORCL,ORCL-044,2024-11-11T13:00:00-05:00,2024-11-11T14:00:00-05:00,1,188.81,188.505,3.931,189.9414,189.2212,6.648,-18.633,-35.61,neutral,175.0139,1.4266,3.5838
ORCL,ORCL-045,2024-11-11T15:00:00-05:00,2024-11-11T16:00:00-05:00,1,189.21,189.26,3.931,189.5653,189.161,-2.425,3.891,-27.706,neutral,175.0139,1.4266,3.5838
ORCL,ORCL-046,2024-11-12T13:00:00-05:00,2024-11-13T13:00:00-05:00,15,190.195,191.3,3.9116,189.0052,188.9489,15.776,23.021,21.48,neutral,176.3045,1.2906,3.9834
ORCL,ORCL-047,2024-11-13T14:00:00-05:00,2024-11-14T14:00:00-05:00,14,189.86,187.5775,3.8758,190.1427,189.7249,29.055,-24.238,0.351,neutral_up,177.5131,1.2087,3.9258
ORCL,ORCL-048,2024-11-18T10:00:00-05:00,2024-11-18T16:00:00-05:00,6,185.41,185.67,3.8204,184.3436,184.6974,-1.635,28.243,22.128,neutral,179.7792,0.3941,2.2661
ORCL,ORCL-049,2024-11-19T10:00:00-05:00,2024-11-19T12:00:00-05:00,2,186.035,188.52,3.7832,185.4099,185.2755,9.291,22.163,-8.241,neutral,180.3211,0.5419,1.7064
ORCL,ORCL-050,2024-11-20T16:00:00-05:00,2024-11-20T17:00:00-05:00,1,190.95,191.1,3.8702,189.6938,188.8714,66.01,11.044,47.363,distribution,181.1028,0.7817,1.7177
ORCL,ORCL-051,2024-11-22T11:00:00-05:00,2024-11-25T06:00:00-05:00,11,193.6525,194.61,3.9231,193.5933,193.0294,20.316,-2.951,1.038,neutral,182.9325,0.9517,2.6114
ORCL,ORCL-052,2024-11-25T09:00:00-05:00,2024-11-25T10:00:00-05:00,1,191.94,191.28,3.8672,193.3947,193.175,-0.053,-40.124,-43.02,neutral,183.7814,0.8489,2.6785
ORCL,ORCL-053,2024-12-03T13:00:00-05:00,2024-12-03T18:00:00-05:00,5,182.0,184.25,4.2892,181.7644,182.1885,-15.605,8.349,17.828,neutral,184.289,-0.2904,-0.4457
ORCL,ORCL-054,2024-12-05T09:00:00-05:00,2024-12-05T15:00:00-05:00,6,187.38,186.27,4.4547,188.5526,187.7903,20.226,-33.442,-33.033,neutral,184.531,0.3729,-0.0483
ORCL,ORCL-055,2024-12-11T04:00:00-05:00,2024-12-12T13:00:00-05:00,25,177.44,175.495,5.9042,177.2284,178.7047,-18.165,-0.147,4.161,neutral,185.0728,-0.7333,0.3837
ORCL,ORCL-056,2024-12-16T13:00:00-05:00,2024-12-16T16:00:00-05:00,3,171.945,170.85,5.7028,172.3004,173.0573,-51.091,10.963,-18.514,neutral_down,182.7158,-0.9346,-2.357
ORCL,ORCL-057,2024-12-17T13:00:00-05:00,2024-12-17T16:00:00-05:00,3,169.8,169.7038,5.534,170.8258,171.315,-35.828,-16.554,-39.988,neutral_down,181.6726,-1.0433,-2.8109
ORCL,ORCL-058,2024-12-18T14:00:00-05:00,2024-12-18T15:00:00-05:00,1,168.97,165.37,5.4045,170.1631,170.3553,-17.789,-31.912,-14.848,neutral,180.5896,-1.083,-3.0608
ORCL,ORCL-059,2024-12-23T14:00:00-05:00,2024-12-23T16:00:00-05:00,2,167.9801,169.14,5.4642,168.5492,168.829,-28.133,-3.214,-1.365,neutral_down,177.4879,-0.7718,-3.1017
ORCL,ORCL-060,2024-12-23T17:00:00-05:00,2024-12-23T18:00:00-05:00,1,168.67,169.0,5.4642,168.7422,168.8628,-3.598,-3.752,24.535,neutral,177.4879,-0.7718,-3.1017
ORCL,ORCL-061,2024-12-31T12:00:00-05:00,2024-12-31T14:00:00-05:00,2,166.8203,166.2,4.8083,166.9102,167.2702,-26.142,6.887,-8.665,neutral_down,174.4516,-0.7572,-1.7931
ORCL,ORCL-062,2024-12-31T15:00:00-05:00,2025-01-02T06:00:00-05:00,7,166.69,167.85,4.8083,166.654,167.0441,-25.762,10.766,0.38,neutral_down,174.4516,-0.7572,-1.7931
ORCL,ORCL-063,2025-01-02T09:00:00-05:00,2025-01-02T14:00:00-05:00,5,168.1,165.515,4.5692,167.6349,167.3698,35.995,-3.594,3.527,neutral_up,173.746,-0.7056,-2.0846
ORCL,ORCL-064,2025-01-03T14:00:00-05:00,2025-01-06T06:00:00-05:00,8,166.4,168.26,4.5135,166.3036,166.424,-4.565,3.523,7.539,neutral,173.05,-0.696,-2.1588
ORCL,ORCL-065,2025-01-06T09:00:00-05:00,2025-01-06T12:00:00-05:00,3,166.58,166.0512,4.329,167.304,166.9722,20.075,-36.355,-38.436,neutral,172.4354,-0.6145,-2.0161
ORCL,ORCL-066,2025-01-08T13:00:00-05:00,2025-01-10T09:00:00-05:00,12,163.24,157.26,4.2681,162.5735,162.9435,-2.614,13.43,34.158,neutral,170.9359,-0.8936,-2.1141
ORCL,ORCL-067,2025-01-13T14:00:00-05:00,2025-01-14T04:00:00-05:00,6,153.38,156.5,4.5028,153.49,154.7841,-49.108,4.749,21.859,neutral_down,168.7862,-1.4346,-3.0433
ORCL,ORCL-068,2025-01-15T04:00:00-05:00,2025-01-15T09:00:00-05:00,5,155.7,158.65,4.2558,156.034,155.7151,14.149,-14.683,-18.415,neutral,166.4226,-1.0103,-3.7982
ORCL,ORCL-069,2025-01-16T12:00:00-05:00,2025-01-16T13:00:00-05:00,1,160.27,159.985,4.1539,160.1098,159.2551,39.289,-8.048,8.148,neutral_up,165.6833,-0.7393,-3.1029
ORCL,ORCL-070,2025-01-16T15:00:00-05:00,2025-01-17T11:00:00-05:00,10,159.58,162.055,4.1539,159.9607,159.3961,15.101,-8.999,-24.188,neutral,165.6833,-0.7393,-3.1029
ORCL,ORCL-071,2025-01-23T09:00:00-05:00,2025-01-23T17:00:00-05:00,8,186.43,186.899,5.6943,182.8331,181.6218,33.671,30.277,27.778,neutral_up,167.1718,1.7008,2.0433
ORCL,ORCL-072,2025-01-24T12:00:00-05:00,2025-01-24T14:00:00-05:00,2,184.38,182.0903,5.6497,185.5091,185.2031,-12.429,-3.894,-27.29,neutral,168.9253,1.7535,4.1712
ORCL,ORCL-073,2025-01-28T15:00:00-05:00,2025-01-28T16:00:00-05:00,1,163.99,162.9512,7.5688,163.4418,164.4486,-2.027,-3.161,15.907,neutral,169.1794,-1.0899,2.0076
ORCL,ORCL-074,2025-01-28T19:00:00-05:00,2025-01-30T05:00:00-05:00,18,163.33,163.58,7.5688,163.2154,164.0022,-12.034,2.389,-2.968,neutral,169.1794,-1.0899,2.0076
ORCL,ORCL-075,2025-01-30T08:00:00-05:00,2025-01-30T10:00:00-05:00,2,163.25,169.145,7.4149,163.2104,163.1472,5.571,-3.521,-4.304,neutral,168.1015,-0.6061,-2.1678
ORCL,ORCL-076,2025-01-31T13:00:00-05:00,2025-02-03T04:00:00-05:00,7,169.975,165.28,7.5602,171.0487,169.9318,21.057,-20.13,-27.422,neutral,168.3077,0.2062,-0.8717
ORCL,ORCL-077,2025-02-04T12:00:00-05:00,2025-02-04T18:00:00-05:00,6,167.175,167.04,7.2626,168.28,168.5063,-18.813,-8.898,-7.586,neutral,168.4785,0.0151,0.377
ORCL,ORCL-078,2025-02-05T04:00:00-05:00,2025-02-05T05:00:00-05:00,1,167.88,167.37,7.0332,167.5642,167.9314,-12.473,11.102,8.906,neutral,168.4277,-0.0508,0.12
ORCL,ORCL-079,2025-02-05T06:00:00-05:00,2025-02-05T13:00:00-05:00,7,167.25,171.09,7.0332,167.4703,167.823,-15.195,-1.848,8.38,neutral,168.4277,-0.0508,0.12
ORCL,ORCL-080,2025-02-06T13:00:00-05:00,2025-02-07T18:00:00-05:00,21,172.63,174.1114,6.8144,172.9594,171.9428,34.135,-16.103,-20.678,neutral_up,168.7198,0.292,0.2564
ORCL,ORCL-081,2025-02-07T19:00:00-05:00,2025-02-10T04:00:00-05:00,1,174.1,177.17,6.6191,174.204,173.7862,11.9,-2.348,-8.679,neutral,169.0616,0.3418,0.5831
ORCL,ORCL-082,2025-02-11T08:00:00-05:00,2025-02-11T17:00:00-05:00,9,177.55,177.4,6.4229,178.2178,177.7391,3.874,-10.32,-17.196,neutral,170.4143,0.8556,1.6945
ORCL,ORCL-083,2025-02-11T19:00:00-05:00,2025-02-12T05:00:00-05:00,2,177.2896,176.53,6.4229,177.3761,177.4607,-6.287,-0.975,5.323,neutral,170.4143,0.8556,1.6945
ORCL,ORCL-084,2025-02-12T06:00:00-05:00,2025-02-12T08:00:00-05:00,2,176.42,174.4,6.1548,176.9233,177.2087,-29.655,-3.737,-23.369,neutral_down,171.033,0.6187,1.9714
ORCL,ORCL-085,2025-02-13T12:00:00-05:00,2025-02-18T08:00:00-05:00,27,173.2,175.81,6.1802,172.6944,173.1962,-8.384,8.513,19.266,neutral,171.1418,0.1088,1.5831
ORCL,ORCL-086,2025-02-19T14:00:00-05:00,2025-02-19T16:00:00-05:00,2,179.935,181.52,5.8147,178.7664,178.3223,28.393,18.206,39.614,neutral_up,172.3849,0.7435,1.2431
ORCL,ORCL-087,2025-02-24T16:00:00-05:00,2025-02-25T05:00:00-05:00,5,169.8002,168.27,6.1622,169.7965,170.5949,-13.928,0.251,4.57,neutral,172.9601,-0.51,0.5752
ORCL,ORCL-088,2025-02-25T08:00:00-05:00,2025-02-25T10:00:00-05:00,2,169.38,166.41,6.4013,169.0851,169.6915,-12.309,5.813,14.815,neutral,172.6965,-0.2636,-0.5217
ORCL,ORCL-089,2025-02-25T11:00:00-05:00,2025-02-26T09:00:00-05:00,14,167.48,172.7,6.4013,168.0634,169.0137,-32.441,6.089,-20.131,neutral_down,172.6965,-0.2636,-0.5217
ORCL,ORCL-090,2025-02-27T09:00:00-05:00,2025-02-27T14:00:00-05:00,5,169.305,167.51,6.3101,172.7113,172.194,-6.314,-51.337,-59.527,neutral,172.3343,0.0176,-0.6258
ORCL,ORCL-091,2025-02-28T18:00:00-05:00,2025-03-03T04:00:00-05:00,2,165.75,166.3,6.5937,164.7199,165.4009,2.647,4.661,26.709,neutral,171.6512,-0.6831,-1.0452
ORCL,ORCL-092,2025-03-05T16:00:00-05:00,2025-03-06T09:00:00-05:00,9,160.0,154.925,6.6212,160.1245,159.7574,20.343,-15.366,2.556,neutral,169.1477,-1.1718,-2.5035
ORCL,ORCL-093,2025-03-07T13:00:00-05:00,2025-03-07T17:00:00-05:00,4,153.3,155.31,6.9183,151.4034,152.5676,-16.919,29.565,26.11,neutral,166.8695,-1.593,-3.45
ORCL,ORCL-094,2025-03-10T16:00:00-04:00,2025-03-10T18:00:00-04:00,2,154.0,143.57,6.9941,150.1186,151.0816,-10.338,40.355,59.255,neutral,165.7914,-1.0781,-3.3563
ORCL,ORCL-095,2025-03-11T07:00:00-04:00,2025-03-11T17:00:00-04:00,10,149.02,144.0,7.0809,147.5605,148.894,-10.804,12.046,26.049,neutral,164.254,-1.5374,-4.2085
ORCL,ORCL-096,2025-03-12T05:00:00-04:00,2025-03-12T13:00:00-04:00,8,145.04,150.13,7.3737,144.4907,145.332,-6.311,2.49,8.545,neutral,162.4173,-1.8367,-4.4523
ORCL,ORCL-097,2025-03-13T09:00:00-04:00,2025-03-17T10:00:00-04:00,33,147.78,152.9,7.4313,149.6824,149.093,-1.353,-18.426,-28.438,neutral,161.3666,-1.0507,-4.4248
ORCL,ORCL-098,2025-03-20T09:00:00-04:00,2025-03-24T05:00:00-04:00,28,151.125,155.56,6.6894,152.1889,152.001,-4.228,-18.577,-9.502,neutral,157.3463,-0.4866,-1.7848
ORCL,ORCL-099,2025-03-25T07:00:00-04:00,2025-03-26T09:00:00-04:00,18,154.89,150.85,6.139,154.5566,154.3461,14.379,9.208,16.164,neutral,156.3488,-0.1529,-0.9975
ORCL,ORCL-100,2025-03-27T16:00:00-04:00,2025-03-27T19:00:00-04:00,3,145.1,145.6,5.9846,145.9164,147.2062,-60.485,-3.962,17.431,neutral_down,155.3658,-0.7576,-1.1358
ORCL,ORCL-101,2025-03-28T05:00:00-04:00,2025-03-28T08:00:00-04:00,3,145.47,142.35,5.7621,145.6179,146.5607,-45.857,5.534,-2.32,neutral_down,154.4935,-0.8723,-1.8553
ORCL,ORCL-102,2025-03-28T09:00:00-04:00,2025-03-28T10:00:00-04:00,1,142.83,141.43,5.7621,144.595,145.7744,-75.606,-3.442,-41.269,accumulation,154.4935,-0.8723,-1.8553
ORCL,ORCL-103,2025-03-31T14:00:00-04:00,2025-03-31T18:00:00-04:00,4,138.91,139.49,5.8262,138.3694,139.5874,-29.094,12.542,27.597,neutral_down,153.2523,-1.2412,-2.8712
ORCL,ORCL-104,2025-03-31T19:00:00-04:00,2025-04-01T05:00:00-04:00,2,138.8,140.7,5.8262,139.0343,139.5218,-11.361,-8.378,-5.11,neutral,153.2523,-1.2412,-2.8712
ORCL,ORCL-105,2025-04-01T06:00:00-04:00,2025-04-01T07:00:00-04:00,1,139.64,139.53,5.7015,139.6249,139.7124,7.763,-9.79,19.125,neutral,152.028,-1.2243,-3.3379
ORCL,ORCL-106,2025-04-01T08:00:00-04:00,2025-04-01T11:00:00-04:00,3,139.56,143.12,5.7015,139.5968,139.6835,-1.117,-2.518,-18.671,neutral,152.028,-1.2243,-3.3379
ORCL,ORCL-107,2025-04-01T14:00:00-04:00,2025-04-01T16:00:00-04:00,2,140.84,142.71,5.7015,140.8086,140.3529,20.731,-8.705,-21.315,neutral,152.028,-1.2243,-3.3379
ORCL,ORCL-108,2025-04-01T17:00:00-04:00,2025-04-01T19:00:00-04:00,2,141.08,142.5,5.7015,141.3157,140.7353,22.845,-14.858,2.114,neutral,152.028,-1.2243,-3.3379
ORCL,ORCL-109,2025-04-02T04:00:00-04:00,2025-04-02T05:00:00-04:00,1,141.4,141.5,5.615,141.6737,141.0742,20.415,-12.462,-2.43,neutral,151.1136,-0.9144,-3.3799
ORCL,ORCL-110,2025-04-02T06:00:00-04:00,2025-04-02T07:00:00-04:00,1,140.34,140.45,5.615,141.3791,141.0426,-1.609,-16.876,-34.486,neutral,151.1136,-0.9144,-3.3799
ORCL,ORCL-111,2025-04-02T08:00:00-04:00,2025-04-02T11:00:00-04:00,3,139.86,145.64,5.615,140.9267,140.8861,-16.806,-8.669,-32.073,neutral,151.1136,-0.9144,-3.3799
ORCL,ORCL-112,2025-04-02T17:00:00-04:00,2025-04-02T18:00:00-04:00,1,140.15,139.35,5.615,143.2912,142.8018,-11.612,-24.784,-63.253,neutral,151.1136,-0.9144,-3.3799
ORCL,ORCL-113,2025-04-07T10:00:00-04:00,2025-04-08T07:00:00-04:00,13,127.87,131.16,6.3328,125.7649,128.2216,-27.273,24.119,40.931,neutral_down,147.4984,-1.9148,-3.6152
ORCL,ORCL-114,2025-04-08T10:00:00-04:00,2025-04-08T11:00:00-04:00,1,130.34,129.665,6.9697,129.9832,129.1604,22.559,-7.135,-2.654,neutral,145.6485,-1.8499,-4.982
ORCL,ORCL-115,2025-04-08T12:00:00-04:00,2025-04-08T18:00:00-04:00,6,126.6,123.11,6.9697,129.2556,128.9693,-8.223,-22.551,-37.917,neutral,145.6485,-1.8499,-4.982
ORCL,ORCL-116,2025-04-09T12:00:00-04:00,2025-04-09T13:00:00-04:00,1,127.525,138.07,7.2787,125.9563,126.1937,8.478,8.162,12.924,neutral,143.7259,-1.9226,-5.6873
ORCL,ORCL-117,2025-04-11T06:00:00-04:00,2025-04-14T07:00:00-04:00,17,134.58,134.23,8.1586,133.4357,133.3847,6.39,10.526,19.1,neutral,142.4367,-0.9187,-3.2118
ORCL,ORCL-118,2025-04-14T09:00:00-04:00,2025-04-14T10:00:00-04:00,1,134.64,135.89,7.8909,133.9583,133.3342,31.0,-3.911,1.657,neutral_up,141.5134,-0.9233,-2.2126
ORCL,ORCL-119,2025-04-14T11:00:00-04:00,2025-04-14T12:00:00-04:00,1,133.47,133.4996,7.8909,134.1697,133.5578,18.812,-20.538,-16.099,neutral,141.5134,-0.9233,-2.2126
ORCL,ORCL-120,2025-04-14T15:00:00-04:00,2025-04-15T19:00:00-04:00,18,134.61,131.1,7.8909,134.5617,133.9503,20.027,-6.68,11.147,neutral,141.5134,-0.9233,-2.2126
ORCL,ORCL-121,2025-04-17T07:00:00-04:00,2025-04-21T07:00:00-04:00,14,130.5,126.7,7.2116,130.6756,131.1313,-11.262,-8.416,6.193,neutral,139.2916,-0.9592,-2.2218
ORCL,ORCL-122,2025-04-25T13:00:00-04:00,2025-04-29T04:00:00-04:00,22,137.88,141.0,6.9238,137.7556,136.8032,36.374,-6.314,1.512,neutral_up,135.7558,0.1754,-1.1269
ORCL,ORCL-123,2025-04-29T10:00:00-04:00,2025-04-30T09:00:00-04:00,13,140.76,135.97,6.3039,140.3391,139.7686,31.994,5.14,-13.825,neutral_up,136.3743,0.3746,0.794
ORCL,ORCL-124,2025-05-02T04:00:00-04:00,2025-05-02T09:00:00-04:00,3,146.58,152.235,6.1054,145.5326,144.8743,21.081,19.081,7.652,neutral,137.8749,0.7635,1.5005
ORCL,ORCL-125,2025-05-05T12:00:00-04:00,2025-05-06T07:00:00-04:00,9,150.2,147.5,6.2086,149.903,149.4223,20.84,2.712,8.268,neutral,139.039,1.1641,2.2705
ORCL,ORCL-126,2025-05-06T10:00:00-04:00,2025-05-06T11:00:00-04:00,1,147.7,148.25,5.9294,147.9849,148.5967,-42.585,15.324,1.272,neutral_down,139.9732,0.9342,2.8618
ORCL,ORCL-127,2025-05-07T04:00:00-04:00,2025-05-08T04:00:00-04:00,15,148.59,151.72,5.7627,148.3603,148.3816,13.408,-6.501,42.582,neutral,140.6701,0.697,2.7953
ORCL,ORCL-128,2025-05-08T16:00:00-04:00,2025-05-08T17:00:00-04:00,1,150.8035,150.64,5.541,150.7287,150.2771,17.066,-0.825,-12.011,neutral,141.4538,0.7836,2.4148
ORCL,ORCL-129,2025-05-08T19:00:00-04:00,2025-05-09T06:00:00-04:00,2,150.35,150.94,5.541,150.6388,150.3137,7.532,-6.304,-10.358,neutral,141.4538,0.7836,2.4148
ORCL,ORCL-130,2025-05-09T07:00:00-04:00,2025-05-12T04:00:00-04:00,13,150.45,156.83,5.3738,150.6558,150.4061,8.35,-6.652,0.818,neutral,142.2616,0.8078,2.2884
ORCL,ORCL-131,2025-05-14T13:00:00-04:00,2025-05-15T11:00:00-04:00,14,162.2,160.9,5.3248,162.27,161.3778,30.678,-3.839,-15.42,neutral_up,145.9269,1.6373,3.6653
ORCL,ORCL-132,2025-05-16T09:00:00-04:00,2025-05-16T11:00:00-04:00,2,160.01,159.085,5.0352,159.7965,160.216,-17.375,9.58,21.936,neutral,148.5469,1.0733,4.2573
ORCL,ORCL-133,2025-05-16T12:00:00-04:00,2025-05-19T05:00:00-04:00,9,159.86,157.25,5.0352,159.628,160.0191,-18.105,12.096,-0.73,neutral,148.5469,1.0733,4.2573
ORCL,ORCL-134,2025-05-19T09:00:00-04:00,2025-05-19T10:00:00-04:00,1,160.34,160.9098,4.8412,158.8363,159.1119,12.019,23.465,78.241,neutral,149.6317,1.0848,3.7048
ORCL,ORCL-135,2025-05-20T14:00:00-04:00,2025-05-21T16:00:00-04:00,15,159.57,157.2,4.7912,159.6289,159.6532,1.306,-3.891,9.517,neutral,150.5424,0.9108,3.0689
ORCL,ORCL-136,2025-05-23T05:00:00-04:00,2025-05-23T07:00:00-04:00,1,157.0,154.41,4.4743,157.665,158.0013,-32.42,-8.736,-16.779,neutral_down,152.4423,0.4958,1.8999
ORCL,ORCL-137,2025-05-28T12:00:00-04:00,2025-05-28T16:00:00-04:00,4,161.765,166.79,4.5171,161.6759,161.1042,28.178,1.569,-13.643,neutral_up,153.6077,0.8337,1.6611
ORCL,ORCL-138,2025-05-30T15:00:00-04:00,2025-05-30T17:00:00-04:00,2,165.28,165.32,4.37,163.7263,163.4617,36.208,13.251,44.72,neutral_up,155.2999,0.762,2.526
ORCL,ORCL-139,2025-06-04T13:00:00-04:00,2025-06-04T18:00:00-04:00,5,169.005,168.0,4.2465,169.1752,168.6479,16.718,-2.146,-36.387,neutral,158.2416,1.0923,2.9417
ORCL,ORCL-140,2025-06-05T09:00:00-04:00,2025-06-05T10:00:00-04:00,1,169.5,171.175,4.1511,168.5596,168.4572,22.348,23.706,23.459,neutral,159.1333,0.8917,2.9261
ORCL,ORCL-141,2025-06-10T13:00:00-04:00,2025-06-10T19:00:00-04:00,6,176.05,177.7899,4.1731,176.3492,176.3714,-13.933,3.112,9.328,neutral,162.9105,1.4239,3.7773
ORCL,ORCL-142,2025-06-11T08:00:00-04:00,2025-06-11T10:00:00-04:00,2,177.9,179.255,4.13,177.2918,177.0347,18.2,14.808,8.842,neutral,164.2396,1.329,4.0093
ORCL,ORCL-143,2025-06-11T15:00:00-04:00,2025-06-11T17:00:00-04:00,2,176.4999,188.38,4.13,177.6544,177.4789,-11.119,-19.763,-52.361,neutral,164.2396,1.329,4.0093
ORCL,ORCL-144,2025-06-16T14:00:00-04:00,2025-06-16T17:00:00-04:00,3,210.46,211.07,6.4333,212.2147,210.9421,2.169,-9.486,-25.885,neutral,172.7492,4.2591,8.5096
ORCL,ORCL-145,2025-06-17T10:00:00-04:00,2025-06-17T16:00:00-04:00,6,212.685,208.0,6.3569,211.3831,210.9417,29.706,0.115,48.051,neutral_up,176.2338,3.4846,10.8797
ORCL,ORCL-146,2025-06-18T14:00:00-04:00,2025-06-18T16:00:00-04:00,2,210.145,211.0,6.5028,210.8857,210.5503,2.026,-9.343,-28.105,neutral,179.1317,2.8978,10.6415
ORCL,ORCL-147,2025-06-20T07:00:00-04:00,2025-06-20T13:00:00-04:00,6,211.0,207.35,6.5105,210.6616,210.6006,3.039,8.161,4.228,neutral,182.0033,2.8717,9.2541
ORCL,ORCL-148,2025-06-23T14:00:00-04:00,2025-06-23T19:00:00-04:00,5,205.72,209.76,6.6997,205.1476,206.0329,-18.917,11.877,25.77,neutral,184.1039,2.1006,7.8701
ORCL,ORCL-149,2025-06-26T13:00:00-04:00,2025-06-26T18:00:00-04:00,5,212.84,213.35,6.7578,212.1706,212.111,17.16,2.226,29.218,neutral,190.8153,1.9955,6.7113
ORCL,ORCL-150,2025-06-27T10:00:00-04:00,2025-06-27T16:00:00-04:00,6,214.01,210.1512,6.5652,213.4706,213.0963,18.518,10.179,-21.776,neutral,192.8157,2.0004,6.6339
ORCL,ORCL-151,2025-07-01T10:00:00-04:00,2025-07-02T12:00:00-04:00,17,218.27,225.46,7.2562,219.2702,218.3299,21.19,-22.091,-3.158,neutral,196.5952,2.1955,5.7799
ORCL,ORCL-152,2025-07-08T08:00:00-04:00,2025-07-08T18:00:00-04:00,10,236.4,234.61,7.8139,234.6344,233.7245,42.685,5.605,19.042,neutral_up,207.2535,2.5116,8.6161
ORCL,ORCL-153,2025-07-09T04:00:00-04:00,2025-07-10T06:00:00-04:00,18,235.58,240.34,7.9035,235.1754,234.8514,7.78,6.067,5.624,neutral,209.7314,2.4779,8.2473
ORCL,ORCL-154,2025-07-10T16:00:00-04:00,2025-07-10T17:00:00-04:00,1,235.3249,235.45,7.6611,236.3537,236.4746,-17.645,-4.062,-15.463,neutral,212.1094,2.3781,7.3676
ORCL,ORCL-155,2025-07-14T16:00:00-04:00,2025-07-15T05:00:00-04:00,5,229.3,232.99,7.4127,229.3397,230.184,-20.306,1.397,-6.355,neutral,215.6733,1.4757,5.942
ORCL,ORCL-156,2025-07-16T10:00:00-04:00,2025-07-16T12:00:00-04:00,2,234.72,237.378,7.2148,234.8007,233.9583,21.704,-4.381,-28.17,neutral,218.5478,1.6402,4.3501
ORCL,ORCL-157,2025-07-18T13:00:00-04:00,2025-07-18T15:00:00-04:00,2,246.155,245.32,7.5044,247.3231,246.9101,-13.957,-0.758,-23.715,neutral,223.1856,2.5794,6.278
ORCL,ORCL-158,2025-07-21T11:00:00-04:00,2025-07-21T17:00:00-04:00,6,245.79,237.61,7.3027,246.3058,246.405,-8.812,-6.046,-10.689,neutral,225.1978,2.0122,6.65
ORCL,ORCL-159,2025-07-23T05:00:00-04:00,2025-07-23T06:00:00-04:00,1,238.75,239.03,7.1214,238.455,239.339,-11.652,1.207,14.543,neutral,227.8857,1.0104,4.7001
ORCL,ORCL-160,2025-07-23T09:00:00-04:00,2025-07-23T11:00:00-04:00,2,239.85,242.11,7.1214,238.9851,239.329,2.975,7.073,11.453,neutral,227.8857,1.0104,4.7001
ORCL,ORCL-161,2025-07-23T13:00:00-04:00,2025-07-23T14:00:00-04:00,1,241.64,242.09,7.1214,240.757,240.1587,34.964,-8.206,20.603,neutral_up,227.8857,1.0104,4.7001
ORCL,ORCL-162,2025-07-24T10:00:00-04:00,2025-07-25T14:00:00-04:00,19,241.805,244.81,7.0006,242.6278,242.0121,11.948,-16.445,-27.399,neutral,229.1616,1.2758,3.9637
ORCL,ORCL-163,2025-07-28T13:00:00-04:00,2025-07-28T16:00:00-04:00,3,246.16,247.64,6.5582,245.2945,244.9517,12.805,20.389,3.68,neutral,231.7214,1.3409,3.8357
ORCL,ORCL-164,2025-07-29T17:00:00-04:00,2025-07-30T04:00:00-04:00,3,249.6,250.03,6.4012,249.2626,248.3995,30.656,-2.109,8.147,neutral_up,233.1685,1.4471,4.007
ORCL,ORCL-165,2025-07-30T09:00:00-04:00,2025-07-30T18:00:00-04:00,9,249.6,256.9,6.4068,250.0381,249.3656,21.773,-15.126,-16.366,neutral,234.6996,1.531,4.3191
ORCL,ORCL-166,2025-08-04T08:00:00-04:00,2025-08-04T12:00:00-04:00,4,245.9975,251.295,6.9951,245.5805,246.7298,-16.188,3.999,8.573,neutral,238.363,0.6057,3.6635
ORCL,ORCL-167,2025-08-05T13:00:00-04:00,2025-08-07T05:00:00-04:00,24,256.435,258.41,7.1019,254.8496,253.5679,22.175,14.655,-7.695,neutral,239.6573,1.2943,3.5122
ORCL,ORCL-168,2025-08-08T15:00:00-04:00,2025-08-11T13:00:00-04:00,14,250.09,253.79,7.2669,249.7099,250.6761,-21.137,8.701,32.374,neutral,243.1454,0.6445,3.4881
ORCL,ORCL-169,2025-08-12T10:00:00-04:00,2025-08-13T12:00:00-04:00,18,251.81,246.385,7.1192,252.5671,252.2094,7.306,-15.308,2.515,neutral,244.617,0.8403,2.1161
ORCL,ORCL-170,2025-08-14T15:00:00-04:00,2025-08-15T17:00:00-04:00,18,244.94,248.15,7.6628,245.1511,246.2587,-26.824,4.495,-9.8,neutral_down,245.3398,-0.112,1.5631
ORCL,ORCL-171,2025-08-18T08:00:00-04:00,2025-08-19T05:00:00-04:00,13,247.5577,248.72,7.5787,247.4648,247.1544,4.271,3.427,-5.096,neutral,245.5777,0.2742,0.1259
ORCL,ORCL-172,2025-08-19T08:00:00-04:00,2025-08-19T10:00:00-04:00,2,248.3537,241.1,7.4331,248.335,247.8269,16.533,-4.34,-14.4,neutral,245.8779,0.3002,0.5381
ORCL,ORCL-173,2025-08-20T16:00:00-04:00,2025-08-21T04:00:00-04:00,4,235.0,236.05,8.1179,233.6658,235.1689,-11.007,8.194,41.944,neutral,244.8354,-1.0425,-0.4681
ORCL,ORCL-174,2025-08-21T10:00:00-04:00,2025-08-21T11:00:00-04:00,1,234.685,233.59,8.0827,234.356,234.864,-14.568,11.252,-16.147,neutral,243.9467,-0.8887,-1.631
ORCL,ORCL-175,2025-08-21T15:00:00-04:00,2025-08-22T13:00:00-04:00,12,233.16,236.97,8.0827,233.7315,234.3252,-21.466,-2.991,0.523,neutral,243.9467,-0.8887,-1.631
ORCL,ORCL-176,2025-08-25T12:00:00-04:00,2025-08-26T17:00:00-04:00,19,237.58,234.2566,7.7036,236.7971,236.1532,35.179,-2.601,24.554,neutral_up,242.3501,-0.616,-2.4853
ORCL,ORCL-177,2025-08-26T18:00:00-04:00,2025-08-28T10:00:00-04:00,21,234.69,240.14,7.4219,234.6708,235.1049,-18.185,6.669,8.201,neutral,241.7119,-0.6382,-2.2348
ORCL,ORCL-178,2025-09-02T13:00:00-04:00,2025-09-03T04:00:00-04:00,7,223.89,226.17,7.668,223.9301,226.1048,-41.835,5.968,21.869,neutral_down,239.2142,-1.3034,-1.8202
ORCL,ORCL-179,2025-09-03T09:00:00-04:00,2025-09-03T18:00:00-04:00,9,224.41,222.91,7.6481,225.5393,225.8159,-13.81,-16.894,-22.901,neutral,237.9493,-1.2649,-2.6011
ORCL,ORCL-180,2025-09-04T10:00:00-04:00,2025-09-05T05:00:00-04:00,11,221.84,227.0,7.3983,223.0954,223.7676,-39.634,-4.264,-43.904,neutral_down,236.6321,-1.3172,-3.8856
ORCL,ORCL-181,2025-09-09T08:00:00-04:00,2025-09-09T16:00:00-04:00,8,241.5965,296.17,7.6307,240.7587,238.8028,50.153,-0.332,-9.396,neutral_up,235.462,0.3078,-1.1701
ORCL,ORCL-182,2025-09-18T09:00:00-04:00,2025-09-18T19:00:00-04:00,10,296.023,297.7499,15.4882,301.1927,302.3699,-32.794,-23.835,-44.321,neutral_down,266.2697,3.514,12.2723
ORCL,ORCL-183,2025-09-19T09:00:00-04:00,2025-09-19T14:00:00-04:00,5,301.71,306.32,15.2262,298.9482,299.4212,8.015,20.151,28.079,neutral,269.0261,2.7564,10.6549
ORCL,ORCL-184,2025-09-26T08:00:00-04:00,2025-09-26T13:00:00-04:00,5,293.8,284.715,16.0459,291.8544,294.998,-24.244,15.866,33.909,neutral_down,284.2075,0.7122,6.5147
ORCL,ORCL-185,2025-09-29T13:00:00-04:00,2025-09-30T05:00:00-04:00,8,282.23,281.43,15.6854,283.3109,285.3768,-36.196,2.28,6.208,neutral_down,284.1396,-0.068,3.1298
ORCL,ORCL-186,2025-09-30T09:00:00-04:00,2025-10-01T11:00:00-04:00,18,278.35,289.18,15.0201,281.049,282.5738,-44.722,-16.993,-10.105,neutral_down,284.0223,-0.1172,0.5271
ORCL,ORCL-187,2025-10-02T14:00:00-04:00,2025-10-03T18:00:00-04:00,20,289.165,285.75,14.3532,289.1021,287.9858,16.341,-0.203,6.93,neutral,284.2517,0.4968,0.1121
ORCL,ORCL-188,2025-10-07T08:00:00-04:00,2025-10-07T11:00:00-04:00,3,292.9995,275.7,13.4971,291.983,291.261,27.16,3.454,20.938,neutral_up,285.4306,0.6169,1.1789
ORCL,ORCL-189,2025-10-08T16:00:00-04:00,2025-10-08T18:00:00-04:00,2,289.0,289.39,14.1201,288.1063,287.2491,21.541,-2.388,-6.279,neutral,285.3532,-0.0773,0.6763
ORCL,ORCL-190,2025-10-09T08:00:00-04:00,2025-10-09T10:00:00-04:00,2,292.58,297.545,13.678,289.5084,288.4601,36.227,18.1,29.398,neutral_up,285.6539,0.3006,0.8402
ORCL,ORCL-191,2025-10-10T11:00:00-04:00,2025-10-10T17:00:00-04:00,6,296.53,288.6,13.6803,300.0986,297.5843,30.947,-39.741,-43.948,neutral_up,286.6917,1.0378,1.2611
ORCL,ORCL-192,2025-10-14T09:00:00-04:00,2025-10-14T10:00:00-04:00,1,294.806,294.9785,14.1042,302.4636,302.8612,-30.649,-26.517,-23.052,neutral_down,289.1531,1.8907,3.4993
ORCL,ORCL-193,2025-10-14T12:00:00-04:00,2025-10-14T14:00:00-04:00,2,302.48,301.335,14.1042,301.1569,302.0196,-11.665,14.878,18.984,neutral,289.1531,1.8907,3.4993
ORCL,ORCL-194,2025-10-15T08:00:00-04:00,2025-10-15T10:00:00-04:00,2,304.0,307.5139,14.2453,302.6176,302.1165,17.289,2.39,1.866,neutral,290.051,0.8979,3.3593
ORCL,ORCL-195,2025-10-15T11:00:00-04:00,2025-10-15T12:00:00-04:00,1,304.2,302.365,14.2453,304.5863,303.2995,24.226,-16.135,6.937,neutral_up,290.051,0.8979,3.3593
ORCL,ORCL-196,2025-10-15T13:00:00-04:00,2025-10-16T15:00:00-04:00,18,304.315,313.03,14.2453,304.1766,303.3146,8.521,0.274,-31.841,neutral,290.051,0.8979,3.3593
ORCL,ORCL-197,2025-10-16T16:00:00-04:00,2025-10-17T06:00:00-04:00,6,305.9999,301.16,14.0913,310.3839,308.2713,15.947,-30.538,-40.921,neutral,291.2791,1.2281,4.0167
ORCL,ORCL-198,2025-10-17T07:00:00-04:00,2025-10-17T09:00:00-04:00,2,305.0,294.54,14.4755,304.833,305.9839,-19.707,12.855,4.855,neutral,293.2565,1.9774,4.1033
ORCL,ORCL-199,2025-10-21T13:00:00-04:00,2025-10-22T05:00:00-04:00,8,276.92,275.1,15.3176,277.97,280.1876,-35.109,-4.957,2.247,neutral_down,291.6332,-1.4463,0.3541
ORCL,ORCL-200,2025-10-22T09:00:00-04:00,2025-10-23T11:00:00-04:00,18,275.34,281.2682,14.7978,275.1054,276.5209,-28.347,8.357,5.362,neutral_down,290.1347,-1.4985,-3.1217
ORCL,ORCL-201,2025-10-24T13:00:00-04:00,2025-10-27T14:00:00-04:00,17,284.6298,281.54,14.052,284.2766,282.2696,42.26,-6.786,-3.731,neutral_up,287.7789,-0.7709,-3.8543
ORCL,ORCL-202,2025-10-28T11:00:00-04:00,2025-10-29T09:00:00-04:00,14,284.92,272.9046,13.1021,282.4269,282.3364,24.069,19.231,43.33,neutral_up,286.8256,-0.5516,-1.7242
ORCL,ORCL-203,2025-10-31T12:00:00-04:00,2025-11-03T14:00:00-05:00,18,259.935,258.105,12.8366,261.6234,263.6663,-35.096,-6.139,2.215,neutral_down,282.7031,-2.5813,-4.1225
ORCL,ORCL-204,2025-11-05T10:00:00-05:00,2025-11-05T12:00:00-05:00,2,250.0,250.495,12.4319,248.1432,249.4915,-3.897,9.922,37.546,neutral,275.9983,-2.7848,-6.7048
ORCL,ORCL-205,2025-11-05T14:00:00-05:00,2025-11-06T05:00:00-05:00,7,251.095,250.35,12.4319,249.8487,249.9663,14.894,-0.266,11.223,neutral,275.9983,-2.7848,-6.7048
ORCL,ORCL-206,2025-11-06T08:00:00-05:00,2025-11-06T10:00:00-05:00,2,250.61,240.55,11.9275,250.0245,249.8953,11.075,0.757,8.369,neutral,273.6648,-2.3335,-7.2116
ORCL,ORCL-207,2025-11-12T08:00:00-05:00,2025-11-12T10:00:00-05:00,2,237.67,228.72,11.7304,237.1692,237.2906,6.615,-0.732,1.445,neutral,262.9129,-2.6783,-8.0423
ORCL,ORCL-208,2025-11-17T13:00:00-05:00,2025-11-18T06:00:00-05:00,9,217.28,216.84,11.9908,220.547,221.2585,-28.344,-14.382,-11.925,neutral_down,252.8134,-3.0013,-10.0995
ORCL,ORCL-209,2025-11-18T08:00:00-05:00,2025-11-19T16:00:00-05:00,24,216.5,230.75,11.6515,217.5998,218.9384,-33.57,2.881,-12.403,neutral_down,249.8149,-2.9985,-9.8323
ORCL,ORCL-210,2025-11-24T11:00:00-05:00,2025-11-26T08:00:00-05:00,29,199.57,208.4,12.651,199.6558,201.6507,-16.937,-3.297,33.016,neutral,238.1352,-3.9365,-9.0329
ORCL,ORCL-211,2025-11-26T09:00:00-05:00,2025-11-26T10:00:00-05:00,1,202.7901,205.6621,12.5926,201.3224,199.4806,46.603,-18.297,17.478,neutral_up,231.2736,-3.4284,-10.7981
ORCL,ORCL-212,2025-11-28T08:00:00-05:00,2025-11-28T10:00:00-05:00,2,198.62,200.63,12.6224,201.0087,201.2156,-17.471,-13.094,-16.571,neutral,228.8851,-2.3885,-9.2501
ORCL,ORCL-213,2025-11-28T13:00:00-05:00,2025-11-28T16:00:00-05:00,1,201.95,201.43,12.6224,201.2674,201.2394,6.129,3.502,15.97,neutral,228.8851,-2.3885,-9.2501
ORCL,ORCL-214,2025-12-01T04:00:00-05:00,2025-12-02T09:00:00-05:00,21,199.56,208.3888,12.2486,200.952,201.1025,-9.076,-13.385,-11.703,neutral,226.4365,-2.4486,-8.2655
ORCL,ORCL-215,2025-12-02T10:00:00-05:00,2025-12-02T17:00:00-05:00,7,204.6339,201.68,11.8595,203.9291,202.6029,46.653,-19.364,10.891,neutral_up,224.1304,-2.306,-7.1432
ORCL,ORCL-216,2025-12-03T09:00:00-05:00,2025-12-03T13:00:00-05:00,4,201.87,205.775,11.7052,203.3893,202.9444,6.115,-23.234,-30.123,neutral,222.0359,-2.0946,-6.8493
ORCL,ORCL-217,2025-12-03T14:00:00-05:00,2025-12-03T15:00:00-05:00,1,207.51,207.7,11.7052,204.9194,203.8776,44.056,14.389,36.024,neutral_up,222.0359,-2.0946,-6.8493
ORCL,ORCL-218,2025-12-05T14:00:00-05:00,2025-12-08T05:00:00-05:00,7,216.28,221.13,11.3075,216.1766,214.9006,17.937,2.031,-2.949,neutral,220.1524,-0.5802,-3.9781
ORCL,ORCL-219,2025-12-08T13:00:00-05:00,2025-12-10T17:00:00-05:00,36,217.58,199.07,10.9198,219.3334,218.4638,4.358,-17.38,-23.675,neutral,219.914,-0.2384,-2.1219
ORCL,ORCL-220,2025-12-12T04:00:00-05:00,2025-12-12T11:00:00-05:00,7,196.77,187.65,11.9933,197.0718,199.997,-29.511,0.494,0.19,neutral_down,218.4479,-1.9608,-1.5229
ORCL,ORCL-221,2025-12-15T13:00:00-05:00,2025-12-15T15:00:00-05:00,2,187.245,184.85,12.0552,186.5488,188.9359,-34.919,14.694,40.742,neutral_down,215.8427,-2.6053,-4.2799
ORCL,ORCL-222,2025-12-16T09:00:00-05:00,2025-12-16T16:00:00-05:00,7,186.85,188.1,11.7934,184.8528,185.8927,-4.784,18.15,32.582,neutral,213.0252,-2.8175,-7.3836
ORCL,ORCL-223,2025-12-17T09:00:00-05:00,2025-12-17T10:00:00-05:00,1,181.5,177.83,11.3303,187.491,187.6492,-34.287,-45.481,-77.245,neutral_down,210.8056,-2.2196,-7.6423
ORCL,ORCL-224,2025-12-18T12:00:00-05:00,2025-12-18T18:00:00-05:00,6,179.74,190.7107,11.3453,180.872,181.5172,-13.153,-13.142,-16.151,neutral,207.8651,-2.9405,-7.9776
ORCL,ORCL-225,2025-12-22T11:00:00-05:00,2025-12-22T16:00:00-05:00,5,197.137,198.39,11.2831,195.6501,193.5022,42.582,4.467,-25.362,neutral_up,204.1457,-1.1826,-6.6599
ORCL,ORCL-226,2025-12-23T07:00:00-05:00,2025-12-23T13:00:00-05:00,6,197.42,194.0961,10.94,197.8801,196.6761,23.917,-7.514,-17.221,neutral_up,203.6206,-0.5251,-4.2445
ORCL,ORCL-227,2025-12-24T09:00:00-05:00,2025-12-24T13:00:00-05:00,4,196.72,197.49,10.6,195.2415,195.3168,12.636,24.708,29.606,neutral,202.8633,-0.7573,-2.465
ORCL,ORCL-228,2025-12-26T10:00:00-05:00,2025-12-26T11:00:00-05:00,1,198.2,198.47,10.1186,197.3057,196.7244,30.763,7.148,6.299,neutral_up,202.3748,-0.4885,-1.7709
ORCL,ORCL-229,2025-12-26T15:00:00-05:00,2025-12-29T05:00:00-05:00,6,198.02,194.5,10.1186,197.9104,197.307,21.596,-2.52,-21.68,neutral,202.3748,-0.4885,-1.7709
ORCL,ORCL-230,2025-12-29T09:00:00-05:00,2025-12-29T10:00:00-05:00,1,195.58,195.325,9.7001,195.341,196.0779,-34.77,24.482,27.784,neutral_down,201.9789,-0.3959,-1.6417
ORCL,ORCL-231,2025-12-29T19:00:00-05:00,2025-12-30T12:00:00-05:00,9,194.13,197.73,9.7001,194.9331,195.3975,-23.808,-9.707,-11.307,neutral_down,201.9789,-0.3959,-1.6417
ORCL,ORCL-232,2025-12-31T09:00:00-05:00,2025-12-31T17:00:00-05:00,8,196.08,194.0101,8.9675,196.5402,196.4683,0.214,-13.094,3.902,neutral,200.9955,-0.3835,-1.3793
ORCL,ORCL-233,2026-01-02T13:00:00-05:00,2026-01-02T15:00:00-05:00,2,194.72,195.72,8.5034,196.024,196.1301,-16.711,-13.794,-11.958,neutral,200.445,-0.5505,-1.5339
ORCL,ORCL-234,2026-01-05T09:00:00-05:00,2026-01-05T14:00:00-05:00,5,196.455,192.62,8.2089,197.4058,196.8194,26.401,-33.478,-11.165,neutral_up,200.0154,-0.4295,-1.3636
ORCL,ORCL-235,2026-01-06T13:00:00-05:00,2026-01-08T09:00:00-05:00,28,193.65,187.18,8.2911,193.0724,193.6652,-14.594,14.224,13.777,neutral,199.3449,-0.6705,-1.6505
ORCL,ORCL-236,2026-01-09T09:00:00-05:00,2026-01-09T10:00:00-05:00,1,190.29,195.1905,7.6174,190.0126,190.3947,-5.849,3.174,15.859,neutral,197.5072,-0.7857,-1.8377
ORCL,ORCL-237,2026-01-13T12:00:00-05:00,2026-01-14T10:00:00-05:00,14,201.02,194.21,8.0092,202.8602,202.0982,2.034,-16.74,-34.238,neutral,198.2522,0.6438,-0.0408
ORCL,ORCL-238,2026-01-15T13:00:00-05:00,2026-01-15T16:00:00-05:00,3,192.73,189.92,8.1955,193.472,194.7018,-39.566,0.982,-7.145,neutral_down,198.1616,-0.4522,0.5532
ORCL,ORCL-239,2026-01-16T15:00:00-05:00,2026-01-16T16:00:00-05:00,1,191.115,191.1128,8.0115,190.5124,191.1354,-3.219,2.764,36.663,neutral,197.4106,-0.7511,-0.8416
ORCL,ORCL-240,2026-01-16T18:00:00-05:00,2026-01-16T19:00:00-05:00,1,191.11,190.85,8.0115,190.7948,191.1243,-1.126,0.747,2.092,neutral,197.4106,-0.7511,-0.8416
ORCL,ORCL-241,2026-01-23T04:00:00-05:00,2026-01-26T06:00:00-05:00,18,179.38,176.1,8.0982,178.4605,178.2708,15.076,9.505,16.337,neutral,191.9742,-1.3794,-4.864
ORCL,ORCL-242,2026-01-26T08:00:00-05:00,2026-01-26T09:00:00-05:00,1,178.2758,183.745,8.0662,176.8278,177.068,3.623,22.596,24.846,neutral,190.6266,-1.3477,-4.6754
ORCL,ORCL-243,2026-01-28T11:00:00-05:00,2026-01-29T04:00:00-05:00,9,172.2411,171.82,8.1213,175.8355,176.8684,-36.906,-26.369,-10.209,neutral_down,188.5168,-1.3647,-3.4575
ORCL,ORCL-244,2026-01-30T10:00:00-05:00,2026-02-02T05:00:00-05:00,11,167.28,159.0,8.4596,166.9734,167.9393,-17.312,7.934,1.02,neutral,185.4445,-1.6435,-4.4369
ORCL,ORCL-245,2026-02-02T06:00:00-05:00,2026-02-02T07:00:00-05:00,1,164.67,175.3,8.2674,163.1914,164.8486,-38.047,35.746,-0.753,neutral_down,183.5486,-1.8959,-4.9681
ORCL,ORCL-246,2026-02-02T08:00:00-05:00,2026-02-02T17:00:00-05:00,9,172.1013,159.19,8.2674,166.9107,166.3716,36.52,6.144,110.313,neutral_up,183.5486,-1.8959,-4.9681
ORCL,ORCL-247,2026-02-10T13:00:00-05:00,2026-02-10T17:00:00-05:00,4,162.3268,159.35,9.2318,160.7131,157.4456,69.282,-3.715,-15.492,distribution,168.548,-1.1958,-7.4922
ORCL,ORCL-248,2026-02-11T04:00:00-05:00,2026-02-11T13:00:00-05:00,9,159.27,156.2147,9.201,159.9081,158.5892,16.373,-4.734,-8.637,neutral,167.7573,-0.7907,-4.6829
ORCL,ORCL-249,2026-02-12T12:00:00-05:00,2026-02-13T15:00:00-05:00,19,157.1,160.1,9.2338,156.709,157.258,-20.147,17.655,-10.992,neutral,166.7921,-0.9652,-2.9517
ORCL,ORCL-250,2026-02-18T09:00:00-05:00,2026-02-20T10:00:00-05:00,33,155.15,152.85,8.7765,154.7503,155.3306,-12.034,8.403,-1.005,neutral,164.3004,-1.031,-2.4916
ORCL,ORCL-251,2026-02-26T09:00:00-05:00,2026-02-27T12:00:00-05:00,19,151.61,144.45,8.3008,148.8882,148.2541,38.937,26.972,35.982,neutral_up,157.5308,-0.9631,-4.0455
ORCL,ORCL-252,2026-03-02T09:00:00-05:00,2026-03-02T10:00:00-05:00,1,145.59,148.905,8.2291,142.7774,143.9247,-18.62,43.629,40.49,neutral,155.8242,-1.0474,-2.6697
ORCL,ORCL-253,2026-03-03T13:00:00-05:00,2026-03-03T14:00:00-05:00,1,150.72,149.77,8.2834,147.4509,146.7238,42.033,18.547,56.029,neutral_up,155.2211,-0.6031,-2.3097
ORCL,ORCL-254,2026-03-04T15:00:00-05:00,2026-03-04T16:00:00-05:00,1,152.37,152.58,8.2546,152.1003,150.6334,42.56,-9.943,-4.628,neutral_up,154.6592,-0.5619,-2.2124
ORCL,ORCL-255,2026-03-05T08:00:00-05:00,2026-03-05T19:00:00-05:00,11,151.95,156.6,7.9914,152.7333,151.9522,14.076,-14.127,-20.879,neutral,154.4511,-0.2081,-1.3731
ORCL,ORCL-256,2026-03-06T04:00:00-05:00,2026-03-06T05:00:00-05:00,1,156.0,156.23,7.9792,155.5534,154.29,36.39,-7.485,-4.728,neutral_up,154.4828,0.0317,-0.7383
ORCL,ORCL-257,2026-03-06T08:00:00-05:00,2026-03-06T11:00:00-05:00,3,153.6,158.7753,7.9792,155.1606,154.5181,1.72,-17.25,-32.006,neutral,154.4828,0.0317,-0.7383
ORCL,ORCL-258,2026-03-06T12:00:00-05:00,2026-03-06T14:00:00-05:00,2,157.21,158.885,7.9792,156.4403,155.3645,33.11,-5.96,39.584,neutral_up,154.4828,0.0317,-0.7383
ORCL,ORCL-259,2026-03-06T15:00:00-05:00,2026-03-06T18:00:00-05:00,3,152.94,152.78,7.9792,156.2184,155.5669,1.767,-35.651,-31.343,neutral,154.4828,0.0317,-0.7383
ORCL,ORCL-260,2026-03-09T19:00:00-04:00,2026-03-10T07:00:00-04:00,4,150.8,153.38,7.95,150.7358,151.3664,-6.44,-2.523,2.174,neutral,154.3425,-0.1403,-0.3166
ORCL,ORCL-261,2026-03-10T08:00:00-04:00,2026-03-10T16:00:00-04:00,8,153.0,161.3188,7.8468,152.7425,152.2976,17.851,-7.112,-11.605,neutral,154.0896,-0.253,-0.3615
ORCL,ORCL-262,2026-03-12T04:00:00-04:00,2026-03-13T04:00:00-04:00,16,162.13,158.48,8.7339,162.2118,161.3479,4.192,5.754,-13.904,neutral,154.5277,0.8562,0.1851
ORCL,ORCL-263,2026-03-13T07:00:00-04:00,2026-03-13T11:00:00-04:00,4,160.39,155.06,8.7687,159.366,160.0063,-7.524,14.585,24.907,neutral,154.9461,0.4184,0.8565
ORCL,ORCL-264,2026-03-13T14:00:00-04:00,2026-03-13T15:00:00-04:00,1,155.21,155.11,8.7687,157.1133,158.4403,-43.149,-7.992,5.766,neutral_down,154.9461,0.4184,0.8565
ORCL,ORCL-265,2026-03-16T11:00:00-04:00,2026-03-18T18:00:00-04:00,39,156.48,152.0501,8.6152,156.4256,156.8228,-6.902,0.495,-6.562,neutral,154.961,0.0149,1.2895
ORCL,ORCL-266,2026-03-19T09:00:00-04:00,2026-03-19T15:00:00-04:00,6,154.695,155.53,7.7267,152.4161,153.0058,-8.244,45.062,38.307,neutral,154.8252,-0.1935,-0.1358
ORCL,ORCL-267,2026-03-23T09:00:00-04:00,2026-03-23T10:00:00-04:00,1,154.115,154.74,7.7364,150.6618,151.0056,18.196,26.593,96.789,neutral,154.4148,-0.4745,-0.6039
ORCL,ORCL-268,2026-03-23T11:00:00-04:00,2026-03-23T14:00:00-04:00,3,152.55,154.355,7.7364,151.692,151.4546,24.72,-9.223,33.116,neutral_up,154.4148,-0.4745,-0.6039
ORCL,ORCL-269,2026-03-25T13:00:00-04:00,2026-03-25T18:00:00-04:00,5,146.8616,145.9,7.603,147.5806,148.6256,-43.845,4.842,-19.219,neutral_down,153.7373,-0.6607,-1.152
ORCL,ORCL-270,2026-03-26T14:00:00-04:00,2026-03-26T16:00:00-04:00,2,143.66,143.02,7.4342,144.062,145.1858,-43.591,7.121,-6.577,neutral_down,153.0321,-0.7052,-1.3827
ORCL,ORCL-271,2026-03-26T18:00:00-04:00,2026-03-26T19:00:00-04:00,1,142.81,143.0255,7.4342,143.3801,144.4642,-43.252,-0.252,4.442,neutral_down,153.0321,-0.7052,-1.3827
ORCL,ORCL-272,2026-03-27T08:00:00-04:00,2026-03-27T09:00:00-04:00,1,140.15,138.65,7.1839,141.6974,143.0827,-69.726,0.711,-15.594,accumulation,152.1028,-0.9293,-2.2952
ORCL,ORCL-273,2026-03-30T07:00:00-04:00,2026-03-31T12:00:00-04:00,21,140.53,144.82,6.9928,140.0234,140.6075,-8.93,6.816,17.393,neutral,150.9707,-1.1321,-2.7666
ORCL,ORCL-274,2026-04-06T13:00:00-04:00,2026-04-07T06:00:00-04:00,9,144.58,144.2,6.7408,145.4929,145.6249,-21.469,-4.338,-14.235,neutral,148.9636,-0.2564,-0.8998
ORCL,ORCL-275,2026-04-10T12:00:00-04:00,2026-04-13T09:00:00-04:00,13,139.23,145.12,6.7437,138.0612,138.7996,-1.102,9.826,62.182,neutral,146.8518,-0.8982,-1.8006
ORCL,ORCL-276,2026-04-15T05:00:00-04:00,2026-04-15T10:00:00-04:00,5,163.7166,172.19,7.9068,163.5736,160.8585,56.477,-13.499,-7.178,neutral_up,148.3938,1.4646,1.542
ORCL,ORCL-277,2026-04-17T11:00:00-04:00,2026-04-17T13:00:00-04:00,2,177.5151,175.3752,8.1976,180.4219,178.5589,13.596,-26.327,-72.828,neutral,152.8854,2.5465,5.9562
ORCL,ORCL-278,2026-04-20T14:00:00-04:00,2026-04-20T18:00:00-04:00,4,176.7,178.1,8.4077,175.231,175.4715,9.217,12.483,22.384,neutral,154.9012,2.0159,6.5074
ORCL,ORCL-279,2026-04-22T13:00:00-04:00,2026-04-23T06:00:00-04:00,9,187.2764,182.66,8.1977,186.2859,184.4116,47.456,-3.159,4.633,neutral_up,159.1628,2.2007,6.2774
ORCL,ORCL-280,2026-04-24T08:00:00-04:00,2026-04-24T10:00:00-04:00,2,179.4,172.385,8.5583,179.0467,179.6898,-3.167,-1.17,12.359,neutral,163.0608,1.3219,6.0988
ORCL,ORCL-281,2026-04-27T12:00:00-04:00,2026-04-28T05:00:00-04:00,9,171.3901,165.39,8.7977,171.3307,172.7794,-27.216,5.445,31.185,neutral_down,163.9907,0.9299,4.828
ORCL,ORCL-282,2026-04-29T08:00:00-04:00,2026-05-01T10:00:00-04:00,34,164.76,170.125,8.7416,165.147,166.3451,-35.14,6.311,-3.225,neutral_down,164.9167,0.1083,1.8559
ORCL,ORCL-283,2026-05-05T11:00:00-04:00,2026-05-05T19:00:00-04:00,8,183.25,186.25,8.7921,182.8893,180.8307,41.275,-4.464,-26.316,neutral_up,166.5543,1.3796,1.7355
ORCL,ORCL-284,2026-05-06T04:00:00-04:00,2026-05-06T12:00:00-04:00,8,186.37,191.635,8.7012,184.991,183.265,51.208,1.15,9.552,neutral_up,168.2712,1.7169,3.765
ORCL,ORCL-285,2026-05-07T15:00:00-04:00,2026-05-07T18:00:00-04:00,3,194.58,187.91,8.9097,194.8773,193.5424,11.013,1.577,-13.365,neutral,170.6093,2.3381,5.4345
ORCL,ORCL-286,2026-05-08T12:00:00-04:00,2026-05-08T16:00:00-04:00,4,195.125,195.4,8.9412,193.8171,193.1081,26.42,-2.836,26.565,neutral_up,172.7884,2.1792,6.2341
ORCL,ORCL-287,2026-05-11T08:00:00-04:00,2026-05-12T10:00:00-04:00,18,191.95,185.3201,8.8589,193.3579,193.5992,-23.687,-5.566,-15.43,neutral_down,174.8931,2.1047,6.6219
ORCL,ORCL-288,2026-05-13T13:00:00-04:00,2026-05-13T15:00:00-04:00,2,188.01,189.77,8.9185,188.0752,188.2406,-0.376,-2.845,-7.302,neutral,177.5397,0.925,4.7513
ORCL,ORCL-289,2026-05-13T17:00:00-04:00,2026-05-14T11:00:00-04:00,10,190.5,198.0,8.9185,189.3707,188.8819,21.466,3.322,6.768,neutral,177.5397,0.925,4.7513
ORCL,ORCL-290,2026-05-15T14:00:00-04:00,2026-05-15T18:00:00-04:00,4,194.715,192.01,9.2116,193.5957,193.1253,20.488,0.168,24.353,neutral,180.1987,1.5471,3.584
ORCL,ORCL-291,2026-05-18T04:00:00-04:00,2026-05-18T11:00:00-04:00,7,192.73,185.67,9.0915,192.5897,192.7512,-8.101,7.769,-2.772,neutral,181.3606,1.1619,3.8209
ORCL,ORCL-292,2026-05-19T10:00:00-04:00,2026-05-19T17:00:00-04:00,7,182.71,180.95,9.1357,185.271,186.6975,-36.966,-16.327,-0.034,neutral_down,181.8342,0.4736,3.1827
ORCL,ORCL-293,2026-05-20T09:00:00-04:00,2026-05-20T15:00:00-04:00,6,180.8,188.08,9.0399,181.7067,182.9216,-37.186,-3.489,-7.173,neutral_down,181.8002,-0.034,1.6015
ORCL,ORCL-294,2026-05-21T18:00:00-04:00,2026-05-22T04:00:00-04:00,2,190.39,190.76,9.0671,189.8999,188.7521,26.316,3.588,-4.315,neutral_up,182.3711,0.5709,1.0105
ORCL,ORCL-295,2026-05-22T05:00:00-04:00,2026-05-26T08:00:00-04:00,19,190.3,193.21,8.8208,190.2494,189.2224,26.876,-5.418,0.56,neutral_up,183.0364,0.6654,1.2022
ORCL,ORCL-296,2026-05-26T09:00:00-04:00,2026-05-28T06:00:00-04:00,29,193.75,194.58,8.7129,192.9673,192.1599,33.0,2.081,0.104,neutral_up,183.8567,0.8203,2.0566
ORCL,ORCL-297,2026-06-02T10:00:00-04:00,2026-06-02T12:00:00-04:00,2,240.5714,244.495,10.7466,240.1347,237.6513,23.114,-4.883,11.302,neutral,195.6928,5.2437,10.4519
ORCL,ORCL-298,2026-06-02T13:00:00-04:00,2026-06-03T11:00:00-04:00,14,243.9449,230.795,10.7466,241.9996,239.2134,32.63,-0.21,9.515,neutral_up,195.6928,5.2437,10.4519
ORCL,ORCL-299,2026-06-08T13:00:00-04:00,2026-06-09T12:00:00-04:00,15,212.78,200.94,12.5292,213.6162,216.4692,-34.656,1.514,-0.086,neutral_down,206.642,0.7028,6.504
ORCL,ORCL-300,2026-06-10T14:00:00-04:00,2026-06-10T18:00:00-04:00,4,204.105,181.6,13.0707,204.7179,205.8289,-10.357,-3.893,-10.07,neutral,206.9882,-0.1236,1.049
ORCL,ORCL-301,2026-06-12T04:00:00-04:00,2026-06-15T06:00:00-04:00,18,184.3,189.97,14.2543,183.2382,185.7016,-12.585,2.003,9.627,neutral,204.6332,-2.0633,-2.4786
ORCL,ORCL-302,2026-06-16T08:00:00-04:00,2026-06-16T18:00:00-04:00,10,190.6,187.3,13.5293,192.0246,191.0314,6.496,-13.688,-29.379,neutral,201.8442,-0.9214,-4.8523
ORCL,ORCL-303,2026-06-17T11:00:00-04:00,2026-06-22T08:00:00-04:00,29,188.69,182.06,13.11,187.4739,188.18,-5.665,13.272,27.099,neutral,200.6193,-1.2249,-4.0139
ORCL,ORCL-304,2026-06-22T09:00:00-04:00,2026-06-22T11:00:00-04:00,2,183.33,177.015,12.5438,182.8176,183.6695,-19.447,13.525,18.439,neutral,197.722,-1.3392,-4.1222
ORCL,ORCL-305,2026-06-26T12:00:00-04:00,2026-06-29T06:00:00-04:00,10,150.215,153.46,11.7785,150.7226,152.3499,-34.467,-3.386,26.83,neutral_down,186.3401,-3.369,-9.3489
ORCL,ORCL-306,2026-06-29T09:00:00-04:00,2026-06-29T11:00:00-04:00,2,149.3499,148.925,11.3329,151.7018,151.6292,-0.264,-38.915,-35.996,neutral,182.9092,-3.4309,-10.0108
ORCL,ORCL-307,2026-06-30T12:00:00-04:00,2026-06-30T19:00:00-04:00,7,147.02,146.88,11.1877,147.4023,148.4453,-38.573,12.761,-18.43,neutral_down,179.7147,-3.1945,-9.9944
ORCL,ORCL-308,2026-07-01T04:00:00-04:00,2026-07-01T05:00:00-04:00,1,148.34,149.15,10.7779,147.1662,147.6693,-2.061,17.767,24.424,neutral,176.7107,-3.0041,-9.6295
ORCL,ORCL-309,2026-07-01T08:00:00-04:00,2026-07-01T15:00:00-04:00,7,145.0,142.72,10.7779,147.4374,147.7251,-17.9,-38.049,-32.916,neutral,176.7107,-3.0041,-9.6295
ORCL,ORCL-310,2026-07-02T10:00:00-04:00,2026-07-02T15:00:00-04:00,5,142.46,140.3,10.3652,144.1158,144.7039,-17.215,-21.582,-2.638,neutral,173.6206,-3.0901,-9.2886
ORCL,ORCL-311,2026-07-07T04:00:00-04:00,2026-07-07T05:00:00-04:00,1,145.14,145.2,9.8635,143.8865,143.5258,21.284,12.562,11.381,neutral,168.155,-2.4365,-8.5557
ORCL,ORCL-312,2026-07-07T06:00:00-04:00,2026-07-07T12:00:00-04:00,6,145.03,140.63,9.8635,144.3254,143.8009,27.026,-0.152,18.304,neutral_up,168.155,-2.4365,-8.5557
QCOM,QCOM-001,2024-07-16T13:00:00-04:00,2024-07-17T05:00:00-04:00,8,208.02,203.22,6.0209,208.4021,207.5755,24.545,-14.147,-1.042,neutral_up,204.9368,0.3253,-0.3918
QCOM,QCOM-002,2024-07-18T12:00:00-04:00,2024-07-19T14:00:00-04:00,18,189.885,187.1,6.8501,191.4067,194.0309,-61.03,6.692,-13.879,neutral_down,204.1122,-1.2512,-0.4993
QCOM,QCOM-003,2024-07-23T12:00:00-04:00,2024-07-24T05:00:00-04:00,9,193.46,191.43,7.0623,194.0984,193.3301,6.637,-4.39,-26.1,neutral,200.851,-0.5881,-3.2612
QCOM,QCOM-004,2024-07-25T13:00:00-04:00,2024-07-26T19:00:00-04:00,22,178.94,180.4,7.2621,179.3234,181.5753,-41.392,4.258,27.225,neutral_down,198.4286,-1.7369,-3.0105
QCOM,QCOM-005,2024-07-29T04:00:00-04:00,2024-07-29T18:00:00-04:00,14,181.42,178.76,7.2041,180.2427,179.9338,22.37,10.73,15.863,neutral,194.8479,-1.4818,-5.3176
QCOM,QCOM-006,2024-08-02T13:00:00-04:00,2024-08-05T05:00:00-04:00,8,158.91,152.14,8.7341,161.3834,164.2342,-49.349,-6.459,-2.42,neutral_down,187.6774,-2.3647,-5.697
QCOM,QCOM-007,2024-08-06T12:00:00-04:00,2024-08-07T14:00:00-04:00,18,162.665,156.65,8.7937,160.6973,160.0574,19.136,11.431,16.711,neutral,182.687,-2.4207,-7.3552
QCOM,QCOM-008,2024-08-09T13:00:00-04:00,2024-08-12T07:00:00-04:00,10,165.06,161.98,8.7541,164.38,163.6869,13.905,10.341,5.229,neutral,177.0512,-1.2111,-5.6358
QCOM,QCOM-009,2024-08-12T11:00:00-04:00,2024-08-12T13:00:00-04:00,2,163.09,162.35,8.4081,162.3705,163.0214,-22.476,23.751,8.884,neutral,175.9174,-1.1337,-4.5771
QCOM,QCOM-010,2024-08-13T09:00:00-04:00,2024-08-13T10:00:00-04:00,1,165.27,164.65,8.319,163.9089,163.394,36.882,1.457,25.702,neutral_up,174.7404,-1.177,-3.5219
QCOM,QCOM-011,2024-08-14T13:00:00-04:00,2024-08-14T19:00:00-04:00,6,166.2584,166.7,8.1955,167.5521,167.2555,-12.829,-6.296,-22.973,neutral,174.2667,-0.4737,-2.7845
QCOM,QCOM-012,2024-08-16T12:00:00-04:00,2024-08-19T06:00:00-04:00,10,172.68,170.79,8.0349,172.3147,171.9063,8.02,10.754,5.601,neutral,173.5934,-0.0263,-1.147
QCOM,QCOM-013,2024-08-19T07:00:00-04:00,2024-08-19T16:00:00-04:00,9,171.49,174.05,7.6574,171.484,171.693,-18.352,11.473,-2.664,neutral,173.4649,-0.1285,-0.8018
QCOM,QCOM-014,2024-08-20T17:00:00-04:00,2024-08-20T18:00:00-04:00,1,171.77,171.8,7.509,172.3917,172.6656,-23.096,-1.075,-17.686,neutral,173.5417,0.0768,-0.078
QCOM,QCOM-015,2024-08-21T10:00:00-04:00,2024-08-21T19:00:00-04:00,8,172.66,174.22,7.2784,172.2839,172.3447,8.522,-0.215,22.387,neutral,173.407,-0.1347,-0.1864
QCOM,QCOM-016,2024-08-22T10:00:00-04:00,2024-08-22T12:00:00-04:00,2,172.765,170.2164,6.9592,173.9052,173.5891,-0.35,-26.107,-40.495,neutral,173.4791,0.0721,0.0142
QCOM,QCOM-017,2024-08-26T10:00:00-04:00,2024-08-26T11:00:00-04:00,1,170.35,169.3,6.8121,172.1859,172.3447,-41.386,-17.001,-59.027,neutral_down,173.1143,0.0406,-0.2927
QCOM,QCOM-018,2024-08-28T14:00:00-04:00,2024-08-28T17:00:00-04:00,3,172.34,169.25,6.6457,172.0789,172.296,-20.576,21.602,-3.966,neutral,172.8923,0.1048,-0.1814
QCOM,QCOM-019,2024-08-29T14:00:00-04:00,2024-08-29T15:00:00-04:00,1,170.2836,169.43,6.606,172.8222,172.5242,-6.483,-32.607,-43.263,neutral,172.793,-0.0993,-0.3213
QCOM,QCOM-020,2024-09-05T12:00:00-04:00,2024-09-05T14:00:00-04:00,2,163.17,163.47,6.9971,163.9033,164.6623,-35.057,3.3,-10.44,neutral_down,171.2936,-0.5974,-1.1937
QCOM,QCOM-021,2024-09-05T15:00:00-04:00,2024-09-06T06:00:00-04:00,7,163.7,161.51,6.9971,163.7462,164.3916,-20.013,4.995,15.044,neutral,171.2936,-0.5974,-1.1937
QCOM,QCOM-022,2024-09-06T08:00:00-04:00,2024-09-06T11:00:00-04:00,3,163.9,157.55,6.7795,162.8848,163.4964,-17.147,27.446,25.998,neutral,170.6033,-0.6903,-2.1488
QCOM,QCOM-023,2024-09-09T15:00:00-04:00,2024-09-09T16:00:00-04:00,1,160.8,160.9,6.7645,160.1872,160.2253,5.141,7.48,-4.658,neutral,169.4757,-1.1276,-2.4153
QCOM,QCOM-024,2024-09-10T08:00:00-04:00,2024-09-11T14:00:00-04:00,20,161.5,164.78,6.5792,160.6917,160.5277,15.88,15.506,18.157,neutral,168.687,-0.7887,-2.6066
QCOM,QCOM-025,2024-09-12T16:00:00-04:00,2024-09-13T13:00:00-04:00,12,165.446,167.95,6.5098,165.247,164.8185,12.124,2.772,-4.866,neutral,167.9193,-0.1289,-1.5564
QCOM,QCOM-026,2024-09-16T09:00:00-04:00,2024-09-16T11:00:00-04:00,2,166.005,164.74,6.0976,166.3175,166.3745,-24.859,12.376,-23.614,neutral_down,167.6592,0.0071,-0.389
QCOM,QCOM-027,2024-09-16T13:00:00-04:00,2024-09-16T15:00:00-04:00,2,166.03,166.59,6.0976,165.6667,165.9887,-17.756,18.936,14.176,neutral,167.6592,0.0071,-0.389
QCOM,QCOM-028,2024-09-17T13:00:00-04:00,2024-09-17T14:00:00-04:00,1,167.245,167.47,5.9435,167.4016,167.0683,8.946,-3.677,-30.307,neutral,167.562,-0.0972,-0.3573
QCOM,QCOM-029,2024-09-17T15:00:00-04:00,2024-09-17T19:00:00-04:00,4,168.65,168.8,5.9435,167.6622,167.2453,25.764,15.767,13.141,neutral_up,167.562,-0.0972,-0.3573
QCOM,QCOM-030,2024-09-18T04:00:00-04:00,2024-09-18T07:00:00-04:00,2,168.1,169.0,5.7632,168.2687,167.7592,26.359,-13.256,-12.913,neutral_up,167.6609,0.0989,0.0088
QCOM,QCOM-031,2024-09-18T09:00:00-04:00,2024-09-19T05:00:00-04:00,12,168.9,172.75,5.7632,168.6664,168.1331,34.283,-4.873,2.661,neutral_up,167.6609,0.0989,0.0088
QCOM,QCOM-032,2024-09-23T09:00:00-04:00,2024-09-23T12:00:00-04:00,3,168.405,165.55,6.1555,168.5745,169.5615,-31.146,9.121,9.726,neutral_down,168.3337,0.0536,0.6728
QCOM,QCOM-033,2024-09-23T13:00:00-04:00,2024-09-23T14:00:00-04:00,1,166.6599,166.08,6.1555,167.2346,168.5358,-46.662,8.705,-10.741,neutral_down,168.3337,0.0536,0.6728
QCOM,QCOM-034,2024-09-24T08:00:00-04:00,2024-09-25T18:00:00-04:00,26,167.0161,169.9996,6.0465,166.8345,167.2994,-10.833,2.072,-3.893,neutral,168.1215,-0.2122,0.4035
QCOM,QCOM-035,2024-09-27T10:00:00-04:00,2024-09-27T11:00:00-04:00,1,172.03,171.2,5.8775,172.4518,171.8007,16.002,-10.614,-19.287,neutral,168.4543,0.4196,0.3328
QCOM,QCOM-036,2024-09-27T13:00:00-04:00,2024-09-27T18:00:00-04:00,5,171.531,170.0,5.8775,171.9367,171.6967,-3.731,-0.406,-19.733,neutral,168.4543,0.4196,0.3328
QCOM,QCOM-037,2024-09-30T13:00:00-04:00,2024-10-01T12:00:00-04:00,14,169.1288,165.815,5.7162,169.3642,169.8744,-18.547,-1.508,-2.032,neutral,168.6048,0.1505,0.5916
QCOM,QCOM-038,2024-10-02T12:00:00-04:00,2024-10-02T13:00:00-04:00,1,168.44,169.23,5.6695,167.2324,167.0768,34.651,0.408,44.005,neutral_up,168.4701,-0.267,0.0158
QCOM,QCOM-039,2024-10-03T10:00:00-04:00,2024-10-04T08:00:00-04:00,13,166.97,172.2089,5.5931,167.7238,167.7407,-9.906,-10.208,-8.301,neutral,168.4555,-0.0146,-0.1493
QCOM,QCOM-040,2024-10-04T09:00:00-04:00,2024-10-04T19:00:00-04:00,10,169.35,168.65,5.47,169.5419,168.8272,42.138,-29.156,14.701,neutral_up,168.4978,0.0422,-0.2393
QCOM,QCOM-041,2024-10-07T14:00:00-04:00,2024-10-08T04:00:00-04:00,6,166.2346,164.23,5.5307,167.5893,167.9526,-31.725,-21.871,-19.861,neutral_down,168.5343,0.0366,0.0642
QCOM,QCOM-042,2024-10-08T19:00:00-04:00,2024-10-09T04:00:00-04:00,1,166.2,165.94,5.3618,166.0604,166.2572,-4.45,2.414,1.917,neutral,168.3876,-0.1468,-0.068
QCOM,QCOM-043,2024-10-09T09:00:00-04:00,2024-10-09T10:00:00-04:00,1,166.9725,168.13,5.2688,166.0518,166.1384,7.156,24.384,19.632,neutral,168.2005,-0.1871,-0.2972
QCOM,QCOM-044,2024-10-10T15:00:00-04:00,2024-10-10T17:00:00-04:00,2,168.48,168.6899,5.295,168.2634,168.2311,-0.76,7.944,11.716,neutral,168.3787,0.1781,-0.1557
QCOM,QCOM-045,2024-10-11T10:00:00-04:00,2024-10-11T11:00:00-04:00,1,169.17,170.05,5.2618,168.4155,168.334,11.3,17.21,14.349,neutral,168.3879,0.0092,0.0003
QCOM,QCOM-046,2024-10-15T15:00:00-04:00,2024-10-15T18:00:00-04:00,3,174.18,174.01,5.4074,175.7737,175.6124,-18.03,-10.416,-22.45,neutral,169.4013,0.8679,1.0226
QCOM,QCOM-047,2024-10-16T10:00:00-04:00,2024-10-16T11:00:00-04:00,1,172.65,171.77,5.5265,173.352,174.1586,-30.097,5.212,-2.985,neutral_down,169.8357,0.4344,1.4479
QCOM,QCOM-048,2024-10-16T14:00:00-04:00,2024-10-16T17:00:00-04:00,3,171.525,171.5,5.5265,172.3776,173.3859,-34.931,-0.857,-1.498,neutral_down,169.8357,0.4344,1.4479
QCOM,QCOM-049,2024-10-17T04:00:00-04:00,2024-10-17T05:00:00-04:00,1,174.9,174.38,5.4496,172.4466,172.8938,8.673,37.338,41.445,neutral,169.9843,0.1486,1.4509
QCOM,QCOM-050,2024-10-17T09:00:00-04:00,2024-10-17T13:00:00-04:00,4,172.745,174.36,5.4496,173.9811,173.6167,18.663,-33.944,-12.11,neutral,169.9843,0.1486,1.4509
QCOM,QCOM-051,2024-10-17T14:00:00-04:00,2024-10-17T15:00:00-04:00,1,172.93,171.06,5.4496,173.8878,173.7195,-1.927,-13.014,-13.339,neutral,169.9843,0.1486,1.4509
QCOM,QCOM-052,2024-10-18T19:00:00-04:00,2024-10-21T05:00:00-04:00,2,170.88,170.24,5.3886,170.8254,171.3931,-18.285,2.015,12.453,neutral,170.0821,0.0978,0.6808
QCOM,QCOM-053,2024-10-22T10:00:00-04:00,2024-10-22T11:00:00-04:00,1,170.52,170.97,5.2031,168.9639,169.0939,18.359,24.876,53.86,neutral,170.0583,-0.1008,0.074
QCOM,QCOM-054,2024-10-24T08:00:00-04:00,2024-10-25T09:00:00-04:00,17,167.44,172.14,5.4682,167.1144,167.5436,-5.804,3.13,11.15,neutral,169.9938,-0.3474,-0.1653
QCOM,QCOM-055,2024-10-28T12:00:00-04:00,2024-10-28T14:00:00-04:00,2,172.595,172.35,5.3018,172.0283,171.2821,41.339,-0.4,14.791,neutral_up,169.8631,0.0387,-0.4781
QCOM,QCOM-056,2024-10-28T16:00:00-04:00,2024-10-28T17:00:00-04:00,1,172.5988,172.22,5.3018,172.2323,171.6226,29.574,2.318,-4.443,neutral_up,169.8631,0.0387,-0.4781
QCOM,QCOM-057,2024-10-29T04:00:00-04:00,2024-10-29T12:00:00-04:00,8,172.17,174.63,5.1931,172.1911,171.7932,15.901,-2.032,-8.175,neutral,170.0774,0.2143,0.0835
QCOM,QCOM-058,2024-10-29T17:00:00-04:00,2024-10-29T19:00:00-04:00,2,170.99,172.0,5.1931,173.3984,173.0732,-10.436,-35.271,-84.712,neutral,170.0774,0.2143,0.0835
QCOM,QCOM-059,2024-11-01T13:00:00-04:00,2024-11-01T15:00:00-04:00,2,164.75,165.27,5.4558,164.6081,164.7417,8.635,-8.4,3.96,neutral,169.6645,-0.6814,-0.4129
QCOM,QCOM-060,2024-11-04T09:00:00-05:00,2024-11-06T05:00:00-05:00,27,164.83,169.0,5.3029,165.279,165.172,-2.021,-10.202,-23.293,neutral,169.265,-0.3995,-1.3535
QCOM,QCOM-061,2024-11-06T08:00:00-05:00,2024-11-06T10:00:00-05:00,2,168.44,170.13,5.0677,167.6943,166.8761,43.779,-3.541,-15.849,neutral_up,168.6257,-0.2716,-1.0388
QCOM,QCOM-062,2024-11-08T13:00:00-05:00,2024-11-11T11:00:00-05:00,14,172.06,167.15,5.6341,171.3177,172.545,-22.642,14.54,26.952,neutral,169.3966,0.3523,0.4993
QCOM,QCOM-063,2024-11-15T09:00:00-05:00,2024-11-15T11:00:00-05:00,2,163.77,161.05,5.3804,162.9168,162.8831,4.765,29.144,27.755,neutral,167.7301,-0.374,-1.6951
QCOM,QCOM-064,2024-11-18T09:00:00-05:00,2024-11-18T10:00:00-05:00,1,162.625,164.62,5.3336,161.7737,161.7716,20.965,8.7,32.353,neutral,167.0756,-0.6546,-1.801
QCOM,QCOM-065,2024-11-19T09:00:00-05:00,2024-11-20T09:00:00-05:00,14,163.16,156.77,5.2819,163.7296,163.4993,-2.466,-7.386,-30.672,neutral,166.8387,-0.2369,-1.2654
QCOM,QCOM-066,2024-11-22T10:00:00-05:00,2024-11-25T05:00:00-05:00,11,155.315,158.56,5.4694,155.431,155.586,-5.445,-3.323,1.172,neutral,164.6079,-0.9158,-2.2308
QCOM,QCOM-067,2024-11-25T18:00:00-05:00,2024-11-26T15:00:00-05:00,13,158.0,156.93,5.3037,158.4196,157.8666,21.023,-16.576,-12.569,neutral,163.8972,-0.7107,-2.7489
QCOM,QCOM-068,2024-11-27T15:00:00-05:00,2024-11-29T07:00:00-05:00,7,156.41,157.42,5.1471,156.1751,156.571,-7.708,2.296,44.421,neutral,162.845,-0.5915,-1.7629
QCOM,QCOM-069,2024-12-03T13:00:00-05:00,2024-12-05T14:00:00-05:00,33,162.135,160.18,5.0129,162.6842,162.1448,11.23,-11.585,-42.823,neutral,162.0236,0.1026,-0.8215
QCOM,QCOM-070,2024-12-06T17:00:00-05:00,2024-12-06T19:00:00-05:00,2,159.3,159.1,4.676,159.4361,160.1085,-38.325,3.675,14.926,neutral_down,162.0287,-0.1639,0.0051
QCOM,QCOM-071,2024-12-13T07:00:00-05:00,2024-12-16T17:00:00-05:00,26,157.5,157.5214,4.512,157.7315,157.9629,-20.376,-3.929,-4.022,neutral,160.8331,-0.2603,-0.8713
QCOM,QCOM-072,2024-12-16T18:00:00-05:00,2024-12-18T10:00:00-05:00,23,157.35,160.36,4.4083,157.3661,157.4316,2.075,-4.826,-0.554,neutral,160.6246,-0.2085,-0.6021
QCOM,QCOM-073,2024-12-18T14:00:00-05:00,2024-12-18T15:00:00-05:00,1,156.54,153.0,4.3614,159.0429,158.6145,1.228,-60.909,-59.841,neutral,160.1506,-0.2236,-0.6824
QCOM,QCOM-074,2024-12-20T16:00:00-05:00,2024-12-20T17:00:00-05:00,1,155.35,156.05,4.733,152.9682,152.3621,36.932,10.654,4.06,neutral_up,158.6805,-0.8201,-1.6937
QCOM,QCOM-075,2024-12-23T14:00:00-05:00,2024-12-23T16:00:00-05:00,2,157.475,158.4319,4.7621,156.8325,155.6738,34.637,-0.89,11.501,neutral_up,158.1582,-0.5223,-1.9924
QCOM,QCOM-076,2024-12-23T19:00:00-05:00,2024-12-24T13:00:00-05:00,10,158.3465,159.36,4.7621,157.8378,156.6796,40.46,-1.006,-2.623,neutral_up,158.1582,-0.5223,-1.9924
QCOM,QCOM-077,2024-12-26T04:00:00-05:00,2024-12-27T10:00:00-05:00,22,157.98,156.41,4.6207,158.5629,157.9131,22.46,-20.489,-8.185,neutral,158.2816,0.1078,-0.3989
QCOM,QCOM-078,2024-12-31T12:00:00-05:00,2024-12-31T19:00:00-05:00,7,154.57,153.52,4.2694,154.7297,155.2358,-28.248,3.909,-0.596,neutral_down,157.8663,-0.3266,-0.4153
QCOM,QCOM-079,2025-01-02T04:00:00-05:00,2025-01-02T16:00:00-05:00,11,155.1,153.64,4.1523,154.1187,154.5279,-8.907,33.0,30.636,neutral,157.4803,-0.386,-0.814
QCOM,QCOM-080,2025-01-07T11:00:00-05:00,2025-01-07T12:00:00-05:00,1,161.24,161.355,4.5004,161.4414,160.8203,25.756,-15.002,2.049,neutral_up,157.4261,0.2404,-0.0541
QCOM,QCOM-081,2025-01-07T15:00:00-05:00,2025-01-08T14:00:00-05:00,14,160.46,158.25,4.5004,161.3017,160.9558,3.707,-16.283,-15.612,neutral,157.4261,0.2404,-0.0541
QCOM,QCOM-082,2025-01-08T15:00:00-05:00,2025-01-08T18:00:00-05:00,3,159.08,158.82,4.4789,159.0916,159.7365,-25.62,9.964,6.923,neutral_down,157.702,0.2758,0.5726
QCOM,QCOM-083,2025-01-10T04:00:00-05:00,2025-01-10T05:00:00-05:00,1,158.47,158.59,4.4104,158.7918,159.3335,-23.289,-1.317,-3.115,neutral,157.8272,0.1253,0.6415
QCOM,QCOM-084,2025-01-10T07:00:00-05:00,2025-01-13T04:00:00-05:00,12,158.76,153.5,4.4104,158.7945,159.1987,-14.177,0.363,9.112,neutral,157.8272,0.1253,0.6415
QCOM,QCOM-085,2025-01-13T13:00:00-05:00,2025-01-13T14:00:00-05:00,1,156.5755,156.99,4.3475,155.9709,156.3562,0.799,5.054,15.649,neutral,157.7466,-0.0807,0.3204
QCOM,QCOM-086,2025-01-14T13:00:00-05:00,2025-01-14T19:00:00-05:00,6,158.67,159.54,4.2206,158.0211,157.664,14.266,14.17,-24.04,neutral,157.6914,-0.0551,-0.0105
QCOM,QCOM-087,2025-01-16T12:00:00-05:00,2025-01-16T16:00:00-05:00,4,163.35,161.43,4.3537,164.2015,163.7014,0.305,-9.317,-25.549,neutral,158.4556,0.5924,0.709
QCOM,QCOM-088,2025-01-22T08:00:00-05:00,2025-01-22T10:00:00-05:00,2,168.47,169.63,4.3474,167.8777,167.1521,46.282,2.591,6.872,neutral_up,159.9826,0.7377,1.527
QCOM,QCOM-089,2025-01-23T09:00:00-05:00,2025-01-23T12:00:00-05:00,3,170.48,172.9107,4.3747,170.1522,169.6872,19.919,5.516,12.601,neutral,160.9178,0.9352,2.2055
QCOM,QCOM-090,2025-01-24T14:00:00-05:00,2025-01-24T17:00:00-05:00,3,172.475,171.9,4.4194,173.1847,172.9537,-11.627,-4.81,-40.653,neutral,162.1398,1.222,2.895
QCOM,QCOM-091,2025-01-27T08:00:00-05:00,2025-01-28T06:00:00-05:00,14,172.88,171.02,4.3364,171.8979,172.1036,5.314,5.286,95.48,neutral,163.0462,0.9064,3.0636
QCOM,QCOM-092,2025-01-28T08:00:00-05:00,2025-01-31T11:00:00-05:00,51,170.48,176.265,4.3781,171.1236,171.1998,-7.021,-6.468,-16.078,neutral,163.7875,0.7413,2.8697
QCOM,QCOM-093,2025-01-31T15:00:00-05:00,2025-01-31T16:00:00-05:00,1,172.85,172.4867,4.1325,174.37,174.0651,-10.856,-17.131,-65.658,neutral,165.7691,0.6181,1.9816
QCOM,QCOM-094,2025-02-03T19:00:00-05:00,2025-02-04T14:00:00-05:00,10,171.1,173.02,4.183,171.0018,171.2913,-3.943,-0.202,7.916,neutral,166.4128,0.6437,1.9187
QCOM,QCOM-095,2025-02-05T09:00:00-05:00,2025-02-06T05:00:00-05:00,12,171.15,167.04,4.3023,172.3339,172.2328,-7.121,-16.53,-0.153,neutral,167.3403,0.576,1.5713
QCOM,QCOM-096,2025-02-06T19:00:00-05:00,2025-02-10T10:00:00-05:00,23,168.55,170.195,4.4698,168.3117,168.809,-5.181,1.066,3.335,neutral,168.1285,0.7882,1.7157
QCOM,QCOM-097,2025-02-11T09:00:00-05:00,2025-02-11T18:00:00-05:00,9,171.12,172.08,4.8562,170.4296,170.0942,18.849,17.208,6.281,neutral,168.4972,0.2883,0.3687
QCOM,QCOM-098,2025-02-12T08:00:00-05:00,2025-02-12T10:00:00-05:00,2,169.62,168.44,4.7658,171.2414,171.1563,-17.295,-35.684,-26.588,neutral,168.8183,0.3212,0.5816
QCOM,QCOM-099,2025-02-13T13:00:00-05:00,2025-02-13T15:00:00-05:00,2,170.154,172.15,4.6961,170.7804,170.651,3.984,-21.868,-29.068,neutral,168.953,0.1347,0.7441
QCOM,QCOM-100,2025-02-13T17:00:00-05:00,2025-02-13T18:00:00-05:00,1,172.1808,172.15,4.6961,171.4136,171.0187,33.904,6.772,25.022,neutral_up,168.953,0.1347,0.7441
QCOM,QCOM-101,2025-02-14T09:00:00-05:00,2025-02-19T12:00:00-05:00,34,171.93,175.14,4.5671,171.7036,171.4148,19.816,0.717,8.558,neutral,169.2437,0.2906,0.7465
QCOM,QCOM-102,2025-02-20T08:00:00-05:00,2025-02-20T15:00:00-05:00,7,175.59,173.63,4.1561,175.0986,174.6689,30.338,7.388,10.184,neutral_up,170.3657,0.4844,1.1221
QCOM,QCOM-103,2025-02-21T09:00:00-05:00,2025-02-21T10:00:00-05:00,1,173.235,169.175,4.1085,173.5754,173.7678,-12.931,-8.195,3.848,neutral,170.6625,0.2968,1.15
QCOM,QCOM-104,2025-02-25T15:00:00-05:00,2025-02-27T11:00:00-05:00,27,161.24,158.7,4.6204,161.2584,162.1706,-28.308,3.251,10.072,neutral_down,169.3573,-0.8267,-1.0084
QCOM,QCOM-105,2025-02-28T16:00:00-05:00,2025-03-03T05:00:00-05:00,4,157.17,157.82,4.8054,156.0095,156.5482,3.316,11.06,54.242,neutral,166.7903,-1.24,-2.567
QCOM,QCOM-106,2025-03-04T15:00:00-05:00,2025-03-05T07:00:00-05:00,7,154.46,155.51,4.9428,154.3812,154.7551,0.726,-6.325,23.901,neutral,164.8099,-1.115,-3.2205
QCOM,QCOM-107,2025-03-05T09:00:00-05:00,2025-03-05T16:00:00-05:00,7,154.2,158.4,5.0076,155.2611,155.2268,-10.6,-14.851,-27.319,neutral,163.869,-0.9409,-2.9214
QCOM,QCOM-108,2025-03-06T11:00:00-05:00,2025-03-07T15:00:00-05:00,20,155.795,161.19,5.087,156.1384,156.1314,-4.198,-3.329,17.328,neutral,163.3809,-0.4881,-2.544
QCOM,QCOM-109,2025-03-10T16:00:00-04:00,2025-03-10T17:00:00-04:00,1,155.6,154.86,5.1502,156.1767,157.1859,-41.71,20.128,15.029,neutral_down,162.5725,-0.1383,-1.2964
QCOM,QCOM-110,2025-03-11T09:00:00-04:00,2025-03-11T11:00:00-04:00,2,154.12,152.04,5.3952,155.3323,156.0479,-21.914,-10.246,-10.844,neutral,161.8896,-0.683,-1.4913
QCOM,QCOM-111,2025-03-11T13:00:00-04:00,2025-03-12T06:00:00-04:00,9,152.101,154.18,5.3952,153.3525,154.7552,-46.656,2.62,-5.521,neutral_down,161.8896,-0.683,-1.4913
QCOM,QCOM-112,2025-03-12T08:00:00-04:00,2025-03-14T11:00:00-04:00,35,155.03,156.17,5.3932,154.0139,154.2211,6.735,10.886,13.873,neutral,161.0796,-0.81,-1.6312
QCOM,QCOM-113,2025-03-17T10:00:00-04:00,2025-03-17T17:00:00-04:00,7,156.125,158.051,5.2635,156.0652,155.576,25.878,-5.742,5.227,neutral_up,159.287,-0.2767,-1.7926
QCOM,QCOM-114,2025-03-18T13:00:00-04:00,2025-03-18T18:00:00-04:00,4,157.64,156.55,5.1218,157.9688,157.469,18.257,-12.122,-39.106,neutral,159.1564,-0.1306,-1.1687
QCOM,QCOM-115,2025-03-19T14:00:00-04:00,2025-03-19T18:00:00-04:00,4,158.565,159.5,5.0278,157.1215,157.011,25.767,31.293,26.08,neutral_up,158.9004,-0.256,-0.6634
QCOM,QCOM-116,2025-03-20T05:00:00-04:00,2025-03-20T07:00:00-04:00,2,158.2,157.31,5.0584,158.0668,157.5769,36.722,-15.311,3.579,neutral_up,158.8394,-0.0609,-0.4476
QCOM,QCOM-117,2025-03-20T09:00:00-04:00,2025-03-21T08:00:00-04:00,13,157.24,156.44,5.0584,157.5042,157.4255,-7.058,0.725,-13.658,neutral,158.8394,-0.0609,-0.4476
QCOM,QCOM-118,2025-03-21T11:00:00-04:00,2025-03-21T16:00:00-04:00,5,154.7692,156.94,4.8828,156.2461,156.8584,-57.042,-11.327,-28.402,neutral_down,158.7567,-0.0827,-0.3997
QCOM,QCOM-119,2025-03-21T17:00:00-04:00,2025-03-24T04:00:00-04:00,2,157.1143,158.38,4.8828,156.8154,156.9278,3.016,3.551,4.513,neutral,158.7567,-0.0827,-0.3997
QCOM,QCOM-120,2025-03-25T11:00:00-04:00,2025-03-26T13:00:00-04:00,14,161.011,157.06,4.7986,160.3237,159.7014,49.028,7.183,16.907,neutral_up,158.7097,0.129,-0.1297
QCOM,QCOM-121,2025-03-27T13:00:00-04:00,2025-03-28T10:00:00-04:00,11,157.22,154.0,4.5564,157.7025,158.2059,-28.704,-0.637,-24.262,neutral_down,158.8014,-0.0401,0.2207
QCOM,QCOM-122,2025-03-31T16:00:00-04:00,2025-03-31T17:00:00-04:00,1,153.05,153.01,4.6201,151.7858,152.3139,12.174,6.675,69.864,neutral,158.1788,-0.5489,-0.6628
QCOM,QCOM-123,2025-04-01T15:00:00-04:00,2025-04-02T19:00:00-04:00,20,153.04,148.53,4.7165,152.4361,152.5049,-2.369,17.702,-3.265,neutral,157.758,-0.4208,-1.0434
QCOM,QCOM-124,2025-04-07T10:00:00-04:00,2025-04-08T04:00:00-04:00,10,130.285,131.0,5.9502,126.826,129.3609,-18.153,26.381,67.629,neutral,152.892,-2.5442,-4.4371
QCOM,QCOM-125,2025-04-08T11:00:00-04:00,2025-04-08T18:00:00-04:00,7,132.825,123.57,6.6965,132.1019,131.0855,25.4,-4.533,8.704,neutral_up,150.7963,-2.0956,-6.2364
QCOM,QCOM-126,2025-04-11T08:00:00-04:00,2025-04-11T18:00:00-04:00,10,134.87,139.0,8.5792,134.9381,135.0273,0.173,-2.258,7.42,neutral,146.7536,-1.2274,-4.0428
QCOM,QCOM-127,2025-04-14T14:00:00-04:00,2025-04-16T06:00:00-04:00,21,139.8466,135.35,8.6479,139.5304,139.0289,5.237,8.379,3.003,neutral,146.0705,-0.6831,-2.3625
QCOM,QCOM-128,2025-04-16T17:00:00-04:00,2025-04-17T17:00:00-04:00,14,136.0,137.2,8.0735,135.3515,136.1092,-12.414,10.122,45.22,neutral,144.8131,-0.6283,-1.9405
QCOM,QCOM-129,2025-04-21T04:00:00-04:00,2025-04-21T11:00:00-04:00,5,135.15,133.39,7.5826,136.5387,136.5702,-14.299,-21.744,-17.447,neutral,143.322,-0.6672,-2.1194
QCOM,QCOM-130,2025-04-23T18:00:00-04:00,2025-04-24T10:00:00-04:00,7,140.03,145.455,6.9699,141.129,140.7468,-5.174,-10.532,-13.985,neutral,142.3094,-0.3569,-1.6798
QCOM,QCOM-131,2025-04-25T12:00:00-04:00,2025-04-25T19:00:00-04:00,7,147.98,148.6,6.8771,146.952,145.991,41.83,8.387,24.751,neutral_up,142.5967,0.4563,-0.0696
QCOM,QCOM-132,2025-04-28T04:00:00-04:00,2025-04-28T06:00:00-04:00,2,147.26,147.84,6.6087,148.0789,147.2531,23.925,-23.713,-28.32,neutral_up,143.1379,0.5412,0.8285
QCOM,QCOM-133,2025-04-28T09:00:00-04:00,2025-04-28T19:00:00-04:00,9,148.17,147.5,6.6087,148.137,147.6016,19.64,-1.701,-1.973,neutral,143.1379,0.5412,0.8285
QCOM,QCOM-134,2025-04-29T06:00:00-04:00,2025-04-30T09:00:00-04:00,19,148.3,144.11,6.4124,147.5751,147.3951,21.394,8.435,18.359,neutral,143.5481,0.4102,1.4077
QCOM,QCOM-135,2025-04-30T10:00:00-04:00,2025-04-30T16:00:00-04:00,6,145.685,139.6,6.1501,146.393,146.9036,-45.146,12.105,-52.085,neutral_down,143.8474,0.2993,1.2507
QCOM,QCOM-136,2025-05-05T13:00:00-04:00,2025-05-06T05:00:00-04:00,8,140.04,137.97,6.5488,139.5165,139.2046,28.783,2.053,9.948,neutral_up,143.0774,-0.3267,-0.7699
QCOM,QCOM-137,2025-05-06T10:00:00-04:00,2025-05-06T19:00:00-04:00,9,138.99,141.17,6.2581,138.4566,138.7348,-13.032,23.153,33.264,neutral,142.7504,-0.327,-1.4772
QCOM,QCOM-138,2025-05-08T19:00:00-04:00,2025-05-09T05:00:00-04:00,2,144.0425,145.65,5.9619,145.1365,144.7164,-3.863,-16.333,-23.552,neutral,142.6559,0.1664,-0.4216
QCOM,QCOM-139,2025-05-09T06:00:00-04:00,2025-05-12T04:00:00-04:00,13,146.01,152.5,5.7939,145.4527,144.9776,25.081,8.309,28.944,neutral_up,142.8735,0.2176,0.1231
QCOM,QCOM-140,2025-05-13T11:00:00-04:00,2025-05-16T07:00:00-04:00,43,152.78,153.0,5.8095,152.1574,151.4337,36.539,2.676,5.064,neutral_up,143.9029,0.8197,1.247
QCOM,QCOM-141,2025-05-16T08:00:00-04:00,2025-05-19T04:00:00-04:00,12,152.55,149.9,5.2126,152.6938,152.4478,15.277,-10.602,-9.513,neutral,145.9988,0.6611,2.0959
QCOM,QCOM-142,2025-05-19T10:00:00-04:00,2025-05-19T12:00:00-04:00,2,152.13,152.9699,4.9656,151.3962,151.59,3.678,13.691,25.496,neutral,146.5862,0.5874,2.0117
QCOM,QCOM-143,2025-05-20T12:00:00-04:00,2025-05-21T12:00:00-04:00,16,153.18,155.47,4.8759,152.942,152.8084,9.139,8.271,13.061,neutral,147.2274,0.6413,1.8898
QCOM,QCOM-144,2025-05-21T13:00:00-04:00,2025-05-21T16:00:00-04:00,3,152.66,151.31,4.668,153.7125,153.398,20.353,-44.226,1.319,neutral,147.8277,0.6002,1.8289
QCOM,QCOM-145,2025-05-28T08:00:00-04:00,2025-05-29T07:00:00-04:00,15,148.8,149.79,4.7007,148.6461,148.263,25.933,-1.896,16.375,neutral_up,147.9011,0.0729,-0.2477
QCOM,QCOM-146,2025-05-29T08:00:00-04:00,2025-05-29T16:00:00-04:00,8,149.175,148.07,4.517,149.4594,149.0116,21.346,-15.586,-28.186,neutral,147.8737,-0.0274,-0.2043
QCOM,QCOM-147,2025-06-02T12:00:00-04:00,2025-06-02T16:00:00-04:00,4,146.08,146.63,4.4582,145.559,145.8101,4.186,5.548,24.223,neutral,147.6583,-0.2578,-0.2428
QCOM,QCOM-148,2025-06-02T17:00:00-04:00,2025-06-02T18:00:00-04:00,1,146.8,146.57,4.4582,146.3089,146.1283,24.511,1.972,1.618,neutral_up,147.6583,-0.2578,-0.2428
QCOM,QCOM-149,2025-06-04T13:00:00-04:00,2025-06-05T07:00:00-04:00,10,149.46,148.32,4.3294,149.325,148.8711,24.752,0.2,-3.406,neutral_up,147.6886,0.1201,-0.2275
QCOM,QCOM-150,2025-06-05T08:00:00-04:00,2025-06-06T11:00:00-04:00,18,149.0,150.27,4.2107,148.7797,148.8204,-7.846,18.961,4.533,neutral,147.8096,0.121,0.1513
QCOM,QCOM-151,2025-06-11T13:00:00-04:00,2025-06-12T06:00:00-04:00,9,158.9,158.45,4.2713,159.6198,158.8167,21.389,-18.964,-63.015,neutral,149.5551,0.9635,1.77
QCOM,QCOM-152,2025-06-12T09:00:00-04:00,2025-06-12T10:00:00-04:00,1,158.665,158.5,4.2833,158.7902,158.8411,-10.128,3.765,2.705,neutral,150.4656,0.9104,2.5528
QCOM,QCOM-153,2025-06-12T12:00:00-04:00,2025-06-12T13:00:00-04:00,1,158.64,158.76,4.2833,158.6726,158.7669,-7.715,3.094,2.413,neutral,150.4656,0.9104,2.5528
QCOM,QCOM-154,2025-06-12T14:00:00-04:00,2025-06-13T05:00:00-04:00,7,158.88,155.33,4.2833,158.7281,158.7766,0.022,3.998,10.831,neutral,150.4656,0.9104,2.5528
QCOM,QCOM-155,2025-06-16T06:00:00-04:00,2025-06-17T17:00:00-04:00,26,155.5,154.29,4.1077,155.4512,155.9402,-15.46,0.954,25.397,neutral,151.532,0.3178,1.9768
QCOM,QCOM-156,2025-06-18T10:00:00-04:00,2025-06-18T11:00:00-04:00,1,155.165,155.11,4.0177,155.018,155.2771,-7.32,2.932,16.2,neutral,152.2419,0.2228,1.0277
QCOM,QCOM-157,2025-06-18T13:00:00-04:00,2025-06-20T06:00:00-04:00,8,155.07,153.65,4.0177,155.0437,155.2262,-6.929,0.556,0.391,neutral,152.2419,0.2228,1.0277
QCOM,QCOM-158,2025-06-20T07:00:00-04:00,2025-06-20T10:00:00-04:00,3,153.91,151.02,3.9414,153.8415,154.3106,-28.627,9.644,15.538,neutral_down,152.3717,0.1298,0.8397
QCOM,QCOM-159,2025-06-23T12:00:00-04:00,2025-06-23T19:00:00-04:00,7,150.2801,154.55,3.9806,151.2976,151.8935,-42.724,-15.555,-14.815,neutral_down,152.2735,-0.0982,0.2544
QCOM,QCOM-160,2025-06-25T05:00:00-04:00,2025-06-26T10:00:00-04:00,21,156.13,157.765,3.9125,155.6675,155.0785,44.194,5.772,13.381,neutral_up,152.6565,0.3044,0.2848
QCOM,QCOM-161,2025-06-27T15:00:00-04:00,2025-06-30T05:00:00-04:00,5,158.55,159.64,3.6816,158.823,158.5107,-1.945,3.472,-47.376,neutral,153.4309,0.4759,1.0788
QCOM,QCOM-162,2025-06-30T08:00:00-04:00,2025-07-02T05:00:00-04:00,28,159.22,159.72,3.6708,159.2743,158.9301,23.271,-9.791,-9.42,neutral,153.8963,0.4654,1.2398
QCOM,QCOM-163,2025-07-02T08:00:00-04:00,2025-07-02T12:00:00-04:00,4,158.98,161.49,3.5639,159.4661,159.3863,-6.444,-12.447,-22.606,neutral,154.8339,0.4536,1.403
QCOM,QCOM-164,2025-07-03T16:00:00-04:00,2025-07-07T07:00:00-04:00,4,162.17,161.7,3.5943,162.5849,162.1692,6.335,-6.3,-37.16,neutral,155.5121,0.6783,1.6159
QCOM,QCOM-165,2025-07-08T15:00:00-04:00,2025-07-08T17:00:00-04:00,2,159.41,159.2,3.5545,159.6091,159.616,4.691,-11.956,-17.897,neutral,156.3,0.179,1.4662
QCOM,QCOM-166,2025-07-09T09:00:00-04:00,2025-07-11T06:00:00-04:00,28,160.48,158.02,3.5677,160.0397,159.8501,19.755,5.564,2.39,neutral,156.5828,0.2827,1.0706
QCOM,QCOM-167,2025-07-11T09:00:00-04:00,2025-07-11T10:00:00-04:00,1,158.205,157.47,3.4693,158.4328,158.7899,-36.762,6.017,16.664,neutral_down,157.0404,0.207,0.7403
QCOM,QCOM-168,2025-07-11T11:00:00-04:00,2025-07-11T12:00:00-04:00,1,157.91,158.39,3.4693,158.1742,158.6008,-40.495,7.786,2.284,neutral_down,157.0404,0.207,0.7403
QCOM,QCOM-169,2025-07-15T12:00:00-04:00,2025-07-16T05:00:00-04:00,9,154.3799,153.62,3.4068,154.9182,155.2469,-30.214,-7.554,-32.081,neutral_down,156.8226,-0.2523,-0.0108
QCOM,QCOM-170,2025-07-16T11:00:00-04:00,2025-07-17T18:00:00-04:00,23,153.125,152.87,3.3485,153.6302,154.1265,-41.776,-0.369,-2.456,neutral_down,156.5888,-0.2339,-0.4516
QCOM,QCOM-171,2025-07-18T10:00:00-04:00,2025-07-18T15:00:00-04:00,5,154.35,154.8,3.2471,153.2992,153.305,23.38,26.586,45.494,neutral,156.0105,-0.3511,-0.8121
QCOM,QCOM-172,2025-07-22T13:00:00-04:00,2025-07-23T06:00:00-04:00,9,157.4,159.13,3.3606,158.0311,157.812,-3.374,-12.184,-6.125,neutral,156.1804,0.28,-0.1811
QCOM,QCOM-173,2025-07-23T07:00:00-04:00,2025-07-23T17:00:00-04:00,10,158.64,160.17,3.3255,158.7876,158.4121,22.251,-12.356,-16.815,neutral,156.3459,0.1654,0.3353
QCOM,QCOM-174,2025-07-24T09:00:00-04:00,2025-07-24T11:00:00-04:00,2,157.75,158.14,3.3101,159.2663,159.1797,-23.588,-37.1,-45.948,neutral,156.6681,0.3222,0.7676
QCOM,QCOM-175,2025-07-25T10:00:00-04:00,2025-07-28T07:00:00-04:00,13,158.24,159.6,3.2952,158.4171,158.6115,-20.516,3.639,-7.925,neutral,156.8682,0.2002,0.6878
QCOM,QCOM-176,2025-07-29T13:00:00-04:00,2025-07-30T13:00:00-04:00,16,162.8,161.16,3.2143,162.2055,161.5226,61.564,3.218,-3.872,neutral_up,157.3777,0.3702,0.7097
QCOM,QCOM-177,2025-08-01T14:00:00-04:00,2025-08-04T05:00:00-04:00,7,147.72,149.41,3.9778,147.338,148.1433,-13.046,4.076,-1.806,neutral,156.8932,-1.0143,-0.4845
QCOM,QCOM-178,2025-08-04T10:00:00-04:00,2025-08-05T05:00:00-04:00,11,147.65,147.55,3.9347,148.641,148.5301,-0.563,-23.143,-22.448,neutral,156.103,-0.7903,-1.7059
QCOM,QCOM-179,2025-08-05T09:00:00-04:00,2025-08-06T09:00:00-04:00,15,147.425,144.48,3.919,147.8065,147.9501,-11.629,-11.825,-5.711,neutral,155.3227,-0.7803,-2.5849
QCOM,QCOM-180,2025-08-07T04:00:00-04:00,2025-08-07T05:00:00-04:00,1,146.81,147.17,3.7632,145.9383,146.2184,-3.374,26.505,22.647,neutral,153.7497,-0.791,-2.3533
QCOM,QCOM-181,2025-08-07T10:00:00-04:00,2025-08-07T17:00:00-04:00,7,144.9,146.15,3.7632,146.5562,146.5227,-8.624,-43.972,-44.188,neutral,153.7497,-0.791,-2.3533
QCOM,QCOM-182,2025-08-08T09:00:00-04:00,2025-08-08T10:00:00-04:00,1,147.7095,147.53,3.7452,146.7119,146.5048,31.214,19.923,10.501,neutral_up,153.0379,-0.7118,-2.2848
QCOM,QCOM-183,2025-08-11T13:00:00-04:00,2025-08-11T14:00:00-04:00,1,148.49,148.47,3.6441,148.6312,148.0984,31.772,-15.233,-30.153,neutral_up,152.5435,-0.4944,-1.9971
QCOM,QCOM-184,2025-08-11T15:00:00-04:00,2025-08-11T16:00:00-04:00,1,148.01,148.006,3.6441,148.4811,148.121,9.228,-14.044,-37.777,neutral,152.5435,-0.4944,-1.9971
QCOM,QCOM-185,2025-08-14T15:00:00-04:00,2025-08-14T17:00:00-04:00,2,158.04,157.6,3.77,157.4398,156.5254,56.947,-0.658,-17.264,neutral_up,152.6715,0.3939,0.128
QCOM,QCOM-186,2025-08-15T12:00:00-04:00,2025-08-18T14:00:00-04:00,18,157.455,159.17,3.7686,157.681,157.3795,6.232,-3.313,-21.414,neutral,153.1595,0.488,1.0281
QCOM,QCOM-187,2025-08-21T10:00:00-04:00,2025-08-21T17:00:00-04:00,7,154.3,154.22,3.5546,154.5121,155.0216,-43.361,12.034,-9.689,neutral_down,154.3735,0.1086,0.7885
QCOM,QCOM-188,2025-08-22T08:00:00-04:00,2025-08-22T09:00:00-04:00,1,154.65,156.6,3.4729,154.3728,154.4864,4.532,5.191,12.023,neutral,154.3496,-0.024,0.2832
QCOM,QCOM-189,2025-08-26T08:00:00-04:00,2025-08-26T10:00:00-04:00,2,157.09,159.33,3.5671,157.0226,156.8474,18.015,-6.246,-5.275,neutral,154.8386,0.1571,0.465
QCOM,QCOM-190,2025-08-27T13:00:00-04:00,2025-09-02T09:00:00-04:00,40,159.8,156.8459,3.5659,159.3532,158.954,36.976,5.294,27.344,neutral_up,155.2296,0.391,0.88
QCOM,QCOM-191,2025-09-03T11:00:00-04:00,2025-09-03T12:00:00-04:00,1,156.73,156.975,3.5007,157.9731,158.2636,-30.61,-18.243,-39.092,neutral_down,156.741,0.2049,1.0986
QCOM,QCOM-192,2025-09-05T16:00:00-04:00,2025-09-08T06:00:00-04:00,6,159.76,160.0,3.6363,159.9746,159.6027,8.968,-3.622,-4.186,neutral,157.0547,0.2665,0.5186
QCOM,QCOM-193,2025-09-08T09:00:00-04:00,2025-09-11T11:00:00-04:00,45,158.655,161.36,3.6865,159.8057,159.718,-6.955,-35.124,-18.568,neutral,157.307,0.2523,0.566
QCOM,QCOM-194,2025-09-12T11:00:00-04:00,2025-09-15T05:00:00-04:00,10,161.1474,161.85,3.5857,160.73,160.4985,10.478,13.482,6.463,neutral,158.1327,0.3367,0.5555
QCOM,QCOM-195,2025-09-15T09:00:00-04:00,2025-09-16T10:00:00-04:00,16,162.36,164.795,3.526,161.8269,161.4757,30.647,11.794,-0.844,neutral_up,158.4662,0.3335,0.7896
QCOM,QCOM-196,2025-09-17T12:00:00-04:00,2025-09-18T06:00:00-04:00,10,164.7185,166.3,3.4741,164.5324,163.9666,41.613,-7.727,-8.25,neutral_up,159.2068,0.4903,1.0742
QCOM,QCOM-197,2025-09-18T10:00:00-04:00,2025-09-18T11:00:00-04:00,1,167.175,167.86,3.4502,166.4977,165.6666,51.84,-3.361,-6.549,neutral_up,159.7518,0.5449,1.2856
QCOM,QCOM-198,2025-09-19T09:00:00-04:00,2025-09-22T05:00:00-04:00,12,167.865,166.02,3.4651,168.0262,167.4658,28.584,-12.02,-10.614,neutral_up,160.5134,0.7617,1.7969
QCOM,QCOM-199,2025-09-22T10:00:00-04:00,2025-09-22T11:00:00-04:00,1,167.98,168.5496,3.4526,166.8697,166.917,20.839,20.06,69.714,neutral,161.0876,0.5742,1.8808
QCOM,QCOM-200,2025-09-23T13:00:00-04:00,2025-09-24T11:00:00-04:00,13,168.54,172.43,3.5131,169.4884,169.1315,1.179,-23.861,-44.709,neutral,161.8669,0.7793,2.1152
QCOM,QCOM-201,2025-09-26T08:00:00-04:00,2025-09-29T11:00:00-04:00,19,169.5,165.88,3.7542,169.4404,169.9641,-23.479,8.406,9.124,neutral,164.1231,0.5557,2.2561
QCOM,QCOM-202,2025-09-30T13:00:00-04:00,2025-10-02T07:00:00-04:00,25,165.88,167.95,3.7854,165.9399,166.3598,-17.822,-2.266,2.52,neutral,164.6539,0.0706,1.0865
QCOM,QCOM-203,2025-10-03T10:00:00-04:00,2025-10-03T12:00:00-04:00,2,169.54,170.395,3.5204,169.2309,168.5977,45.866,-11.523,16.329,neutral_up,165.3171,0.3528,0.6632
QCOM,QCOM-204,2025-10-03T13:00:00-04:00,2025-10-07T13:00:00-04:00,31,169.55,165.5273,3.5204,169.6581,168.9844,37.175,-17.273,-8.691,neutral_up,165.3171,0.3528,0.6632
QCOM,QCOM-205,2025-10-08T14:00:00-04:00,2025-10-08T19:00:00-04:00,5,166.68,168.2,3.7022,166.5792,166.8035,-4.622,0.827,-12.237,neutral,165.8909,-0.0431,0.5739
QCOM,QCOM-206,2025-10-09T04:00:00-04:00,2025-10-09T05:00:00-04:00,1,167.14,167.65,3.7709,167.3979,167.1968,13.902,-15.906,-3.546,neutral,166.059,0.1681,0.3926
QCOM,QCOM-207,2025-10-09T08:00:00-04:00,2025-10-09T10:00:00-04:00,2,167.5,164.575,3.7709,167.4825,167.3066,10.029,-2.204,-4.43,neutral,166.059,0.1681,0.3926
QCOM,QCOM-208,2025-10-10T08:00:00-04:00,2025-10-10T11:00:00-04:00,3,163.296,158.15,3.8237,163.7462,164.7577,-38.638,13.934,24.064,neutral_down,166.0223,-0.0367,0.0883
QCOM,QCOM-209,2025-10-15T12:00:00-04:00,2025-10-20T12:00:00-04:00,47,161.78,166.795,4.7648,162.2197,162.044,-6.993,0.71,-20.133,neutral,164.342,-0.2632,-1.6803
QCOM,QCOM-210,2025-10-21T15:00:00-04:00,2025-10-21T19:00:00-04:00,4,168.81,168.47,4.5105,168.089,167.0676,62.85,-0.726,-2.456,distribution,164.4034,0.2657,0.1843
QCOM,QCOM-211,2025-10-22T09:00:00-04:00,2025-10-23T12:00:00-04:00,18,166.33,170.87,4.4055,167.8277,167.5264,-10.861,-33.858,-52.181,neutral,164.804,0.4006,0.5966
QCOM,QCOM-212,2025-10-23T15:00:00-04:00,2025-10-23T16:00:00-04:00,1,170.0,169.55,4.3594,170.0019,169.3845,27.414,-7.974,-18.793,neutral_up,165.2109,0.4069,1.0732
QCOM,QCOM-213,2025-10-23T18:00:00-04:00,2025-10-27T08:00:00-04:00,20,169.7,170.8,4.3594,169.8834,169.4765,12.561,-4.665,-14.853,neutral,165.2109,0.4069,1.0732
QCOM,QCOM-214,2025-10-27T09:00:00-04:00,2025-10-27T10:00:00-04:00,1,170.49,192.895,4.2645,170.2163,169.9919,23.267,-5.87,4.004,neutral,165.9467,0.3004,1.1427
QCOM,QCOM-215,2025-10-29T10:00:00-04:00,2025-10-29T19:00:00-04:00,9,182.34,178.01,6.7326,181.9641,182.0629,2.321,2.48,7.378,neutral,169.1183,1.1932,3.4721
QCOM,QCOM-216,2025-10-30T13:00:00-04:00,2025-10-31T14:00:00-04:00,17,179.43,181.47,6.6296,178.896,179.3473,-2.688,4.532,21.598,neutral,169.9835,0.8652,4.0368
QCOM,QCOM-217,2025-11-03T11:00:00-05:00,2025-11-03T19:00:00-05:00,8,179.81,180.3999,6.2747,181.2276,180.9126,-10.35,-16.383,-61.64,neutral,171.5746,0.9305,2.4563
QCOM,QCOM-218,2025-11-06T09:00:00-05:00,2025-11-06T11:00:00-05:00,2,176.68,170.1761,6.61,176.383,176.3086,5.6,-1.074,13.328,neutral,173.0493,0.6031,1.4747
QCOM,QCOM-219,2025-11-06T19:00:00-05:00,2025-11-07T07:00:00-05:00,4,173.8,171.6,6.61,173.6013,174.3384,-12.099,4.292,5.443,neutral,173.0493,0.6031,1.4747
QCOM,QCOM-220,2025-11-07T08:00:00-05:00,2025-11-07T10:00:00-05:00,2,172.01,170.54,6.7821,172.6057,173.5263,-28.418,2.745,-10.507,neutral_down,173.0639,0.0146,0.6561
QCOM,QCOM-221,2025-11-07T13:00:00-05:00,2025-11-07T18:00:00-05:00,5,169.34,171.25,6.7821,170.6987,172.1671,-49.355,2.065,-17.129,neutral_down,173.0639,0.0146,0.6561
QCOM,QCOM-222,2025-11-10T04:00:00-05:00,2025-11-10T05:00:00-05:00,1,174.0,173.55,6.7262,171.5705,171.866,16.106,26.577,31.838,neutral,172.869,-0.1949,0.4228
QCOM,QCOM-223,2025-11-10T10:00:00-05:00,2025-11-10T11:00:00-05:00,1,170.245,170.6,6.7262,172.1587,172.1929,-14.24,-25.579,-44.642,neutral,172.869,-0.1949,0.4228
QCOM,QCOM-224,2025-11-10T18:00:00-05:00,2025-11-11T04:00:00-05:00,2,171.6,170.06,6.7262,171.4919,171.699,-4.552,1.914,6.536,neutral,172.869,-0.1949,0.4228
QCOM,QCOM-225,2025-11-11T10:00:00-05:00,2025-11-11T11:00:00-05:00,1,174.19,173.7375,6.6242,171.9807,171.7439,36.565,21.517,59.54,neutral_up,172.7482,-0.1208,-0.3011
QCOM,QCOM-226,2025-11-12T14:00:00-05:00,2025-11-12T15:00:00-05:00,1,176.0,176.719,6.5067,176.1571,175.0983,43.258,-18.598,-26.816,neutral_up,172.8611,0.1129,-0.2028
QCOM,QCOM-227,2025-11-13T07:00:00-05:00,2025-11-14T05:00:00-05:00,14,175.79,173.19,6.287,175.9782,175.5719,11.695,-3.759,-3.265,neutral,173.2118,0.3507,0.3428
QCOM,QCOM-228,2025-11-14T09:00:00-05:00,2025-11-17T05:00:00-05:00,12,173.21,174.63,6.2522,173.0106,173.8525,-35.449,21.05,14.084,neutral_down,173.3325,0.1207,0.5844
QCOM,QCOM-229,2025-11-17T08:00:00-05:00,2025-11-17T10:00:00-05:00,2,173.28,170.135,6.112,174.1318,174.2068,-14.015,-14.172,-23.818,neutral,173.3959,0.0634,0.5349
QCOM,QCOM-230,2025-11-18T18:00:00-05:00,2025-11-18T19:00:00-05:00,1,164.96,164.7,6.3662,164.9762,166.0397,-27.73,3.078,-3.564,neutral_down,172.7972,-0.5987,-0.4146
QCOM,QCOM-231,2025-11-19T07:00:00-05:00,2025-11-20T07:00:00-05:00,16,165.35,167.9,6.2986,165.2792,165.791,-9.035,-3.38,13.399,neutral,172.0947,-0.7025,-1.2378
QCOM,QCOM-232,2025-11-20T08:00:00-05:00,2025-11-20T12:00:00-05:00,4,168.4094,162.38,6.0915,167.6365,167.019,35.458,5.125,5.429,neutral_up,171.5443,-0.5504,-1.8516
QCOM,QCOM-233,2025-11-24T16:00:00-05:00,2025-11-24T19:00:00-05:00,3,165.06,164.3616,6.3584,165.2199,164.4558,22.121,-6.361,-26.769,neutral,169.8088,-0.6488,-2.286
QCOM,QCOM-234,2025-11-25T17:00:00-05:00,2025-11-26T14:00:00-05:00,13,163.15,165.7792,6.1627,163.379,163.5832,-10.629,-2.725,-7.902,neutral,169.3716,-0.4372,-2.1727
QCOM,QCOM-235,2025-11-26T15:00:00-05:00,2025-11-26T18:00:00-05:00,3,165.13,165.5,5.9458,164.9387,164.4226,35.543,-9.954,-1.884,neutral_up,168.8201,-0.5515,-1.6375
QCOM,QCOM-236,2025-11-28T08:00:00-05:00,2025-11-28T12:00:00-05:00,4,165.7495,168.08,5.7425,165.2018,164.8569,27.715,11.545,9.757,neutral_up,168.4846,-0.3355,-1.3241
QCOM,QCOM-237,2025-12-01T10:00:00-05:00,2025-12-01T11:00:00-05:00,1,167.81,168.26,5.6224,166.7857,166.2711,33.01,13.494,25.081,neutral_up,168.4433,-0.0413,-0.9283
QCOM,QCOM-238,2025-12-02T11:00:00-05:00,2025-12-02T16:00:00-05:00,5,169.285,171.35,5.4729,168.8233,168.2005,40.484,-4.711,7.969,neutral_up,168.4094,-0.0339,-0.4107
QCOM,QCOM-239,2025-12-04T14:00:00-05:00,2025-12-05T14:00:00-05:00,14,173.62,176.76,5.2917,174.0767,173.5378,20.053,-16.891,-20.363,neutral,169.2001,0.587,0.7567
QCOM,QCOM-240,2025-12-05T15:00:00-05:00,2025-12-05T16:00:00-05:00,1,174.8,174.87,5.0451,175.5069,174.8699,28.246,-30.492,-18.903,neutral_up,169.6682,0.4682,1.2589
QCOM,QCOM-241,2025-12-08T10:00:00-05:00,2025-12-08T11:00:00-05:00,1,174.685,174.33,4.8919,174.8676,174.8634,-10.447,2.763,-17.056,neutral,170.1348,0.4665,1.5217
QCOM,QCOM-242,2025-12-08T12:00:00-05:00,2025-12-09T17:00:00-05:00,20,174.97,176.0,4.8919,174.8021,174.829,-4.946,10.811,8.264,neutral,170.1348,0.4665,1.5217
QCOM,QCOM-243,2025-12-11T15:00:00-05:00,2025-12-11T16:00:00-05:00,1,181.3,181.97,4.8784,179.6782,179.3791,23.416,27.24,39.913,neutral,172.105,1.0085,1.9702
QCOM,QCOM-244,2025-12-12T04:00:00-05:00,2025-12-12T05:00:00-05:00,1,180.58,180.51,4.8228,180.6435,180.0671,24.454,-9.929,-19.656,neutral_up,172.9409,0.8359,2.3348
QCOM,QCOM-245,2025-12-12T08:00:00-05:00,2025-12-12T17:00:00-05:00,9,180.5,178.2,4.8228,180.5171,180.1458,10.222,0.58,-14.232,neutral,172.9409,0.8359,2.3348
QCOM,QCOM-246,2025-12-15T08:00:00-05:00,2025-12-16T14:00:00-05:00,22,179.9,175.05,4.8526,179.323,179.4658,6.441,6.637,22.748,neutral,173.4272,0.4863,2.3307
QCOM,QCOM-247,2025-12-18T14:00:00-05:00,2025-12-18T15:00:00-05:00,1,174.15,174.18,4.8097,174.9162,174.9098,-4.466,-16.595,-22.946,neutral,173.9846,-0.1695,0.5574
QCOM,QCOM-248,2025-12-19T09:00:00-05:00,2025-12-19T19:00:00-05:00,10,176.34,175.75,4.8083,174.8769,174.7907,19.178,28.805,15.138,neutral,174.0023,0.0178,0.0449
QCOM,QCOM-249,2025-12-22T09:00:00-05:00,2025-12-23T04:00:00-05:00,10,176.195,174.12,4.6798,175.997,175.6898,22.204,-3.228,-0.817,neutral,174.1158,0.1134,-0.0383
QCOM,QCOM-250,2025-12-23T09:00:00-05:00,2025-12-23T11:00:00-05:00,2,174.405,174.92,4.6616,174.4905,174.8707,-27.257,9.176,-4.297,neutral_down,174.1262,0.0104,0.1416
QCOM,QCOM-251,2025-12-23T13:00:00-05:00,2025-12-29T06:00:00-05:00,29,174.95,173.67,4.6616,174.6508,174.8323,-2.569,7.202,16.447,neutral,174.1262,0.0104,0.1416
QCOM,QCOM-252,2025-12-29T09:00:00-05:00,2025-12-29T11:00:00-05:00,2,174.24,173.59,3.9942,174.0373,174.3486,-33.802,27.348,26.596,neutral_down,174.2864,0.0494,0.1603
QCOM,QCOM-253,2025-12-29T16:00:00-05:00,2025-12-31T12:00:00-05:00,25,174.02,172.32,3.9942,173.6836,173.9636,-13.382,16.224,31.151,neutral,174.2864,0.0494,0.1603
QCOM,QCOM-254,2026-01-02T12:00:00-05:00,2026-01-02T13:00:00-05:00,1,172.36,172.74,3.6136,172.9637,172.8907,1.244,-19.55,-34.905,neutral,173.8684,-0.2848,-0.418
QCOM,QCOM-255,2026-01-02T15:00:00-05:00,2026-01-02T16:00:00-05:00,1,172.94,172.7,3.6136,173.0065,172.9292,4.191,-3.82,2.947,neutral,173.8684,-0.2848,-0.418
QCOM,QCOM-256,2026-01-05T09:00:00-05:00,2026-01-05T10:00:00-05:00,1,176.8,177.9,3.6169,174.4934,173.7599,74.937,24.614,26.27,distribution,173.784,-0.0844,-0.4246
QCOM,QCOM-257,2026-01-08T10:00:00-05:00,2026-01-08T12:00:00-05:00,2,180.42,183.505,4.2969,179.1728,179.4462,-9.73,30.848,8.014,neutral,175.2696,0.4935,1.4856
QCOM,QCOM-258,2026-01-14T18:00:00-05:00,2026-01-15T05:00:00-05:00,2,164.75,166.08,4.965,164.1917,164.9743,-17.779,10.147,26.453,neutral,174.4978,-0.9268,-1.3691
QCOM,QCOM-259,2026-01-15T09:00:00-05:00,2026-01-15T10:00:00-05:00,1,162.845,163.6525,4.8161,165.1199,165.2598,-12.59,-51.296,-32.829,neutral,173.5925,-0.9053,-2.447
QCOM,QCOM-260,2026-01-21T09:00:00-05:00,2026-01-21T17:00:00-05:00,8,155.88,156.73,4.7988,154.7032,155.5591,-25.311,34.996,28.08,neutral_down,169.7342,-1.5614,-3.8583
QCOM,QCOM-261,2026-01-22T13:00:00-05:00,2026-01-22T15:00:00-05:00,2,157.64,157.8,4.6992,157.9098,157.4022,16.405,-9.129,-11.112,neutral,168.5166,-1.2177,-3.9666
QCOM,QCOM-262,2026-01-22T16:00:00-05:00,2026-01-23T16:00:00-05:00,15,157.63,155.32,4.6992,157.7121,157.421,6.874,-0.147,-9.531,neutral,168.5166,-1.2177,-3.9666
QCOM,QCOM-263,2026-01-26T15:00:00-05:00,2026-01-27T16:00:00-05:00,17,154.53,151.79,4.4803,154.8572,155.3724,-33.766,-1.406,2.628,neutral_down,166.4767,-1.0657,-3.2576
QCOM,QCOM-264,2026-01-28T16:00:00-05:00,2026-01-30T05:00:00-05:00,21,152.95,150.09,4.2806,152.7937,153.0392,-6.558,3.68,-11.117,neutral,164.2669,-1.1237,-3.2754
QCOM,QCOM-265,2026-01-30T07:00:00-05:00,2026-02-02T05:00:00-05:00,14,151.0,149.91,4.1797,150.9865,151.5082,-29.41,10.86,9.287,neutral_down,162.2173,-1.0007,-3.1733
QCOM,QCOM-266,2026-02-02T08:00:00-05:00,2026-02-02T11:00:00-05:00,3,150.65,153.55,4.1122,150.7293,151.1165,-25.118,8.383,17.771,neutral_down,161.2512,-0.9661,-3.0157
QCOM,QCOM-267,2026-02-06T04:00:00-05:00,2026-02-06T06:00:00-05:00,2,137.48,137.19,5.3,136.2047,137.5926,-16.939,15.389,15.611,neutral,156.3154,-1.999,-4.1548
QCOM,QCOM-268,2026-02-06T09:00:00-05:00,2026-02-09T17:00:00-05:00,24,135.885,139.0,5.3,136.5911,137.3136,-14.781,-8.717,-6.889,neutral,156.3154,-1.999,-4.1548
QCOM,QCOM-269,2026-02-10T04:00:00-05:00,2026-02-10T05:00:00-05:00,1,137.01,136.81,5.0724,138.3599,138.1611,-8.921,-25.648,-35.07,neutral,153.1588,-1.4289,-5.1557
QCOM,QCOM-270,2026-02-10T09:00:00-05:00,2026-02-10T13:00:00-05:00,4,139.305,140.07,5.0724,137.7958,137.8658,2.825,34.944,33.417,neutral,153.1588,-1.4289,-5.1557
QCOM,QCOM-271,2026-02-11T14:00:00-05:00,2026-02-12T05:00:00-05:00,6,141.69,141.95,4.9687,141.0401,140.2591,49.011,-1.845,4.23,neutral_up,151.977,-1.1817,-4.3383
QCOM,QCOM-272,2026-02-12T09:00:00-05:00,2026-02-12T11:00:00-05:00,2,138.88,137.54,4.8481,140.974,140.7803,-15.745,-47.988,-55.915,neutral,150.981,-0.9961,-3.6067
QCOM,QCOM-273,2026-02-17T10:00:00-05:00,2026-02-17T13:00:00-05:00,3,140.73,143.01,4.8345,140.1865,139.9172,22.609,3.095,31.765,neutral,149.0187,-0.8249,-2.9583
QCOM,QCOM-274,2026-02-17T14:00:00-05:00,2026-02-17T15:00:00-05:00,1,143.09,142.64,4.8345,141.6072,140.7437,62.988,6.478,21.715,distribution,149.0187,-0.8249,-2.9583
QCOM,QCOM-275,2026-02-18T17:00:00-05:00,2026-02-19T11:00:00-05:00,10,143.1042,140.53,4.7385,143.2885,142.735,17.633,-5.732,-5.729,neutral,148.4388,-0.5799,-2.5421
QCOM,QCOM-276,2026-02-20T09:00:00-05:00,2026-02-20T10:00:00-05:00,1,142.23,143.815,4.5701,141.2783,141.5021,-3.666,31.741,7.189,neutral,147.3542,-0.6074,-1.6645
QCOM,QCOM-277,2026-02-23T10:00:00-05:00,2026-02-23T11:00:00-05:00,1,141.84,140.63,4.5272,142.1903,142.202,-3.419,-10.35,21.074,neutral,146.9475,-0.4067,-1.4913
QCOM,QCOM-278,2026-02-25T09:00:00-05:00,2026-02-27T09:00:00-05:00,29,144.805,141.73,4.6203,145.0831,144.4584,28.777,-15.673,-8.855,neutral_up,146.2117,-0.1442,-1.1425
QCOM,QCOM-279,2026-03-03T08:00:00-05:00,2026-03-03T09:00:00-05:00,1,137.7669,137.31,4.3681,139.003,139.9442,-54.206,-7.871,0.124,neutral_down,145.3473,-0.432,-0.8307
QCOM,QCOM-280,2026-03-04T06:00:00-05:00,2026-03-04T19:00:00-05:00,13,136.54,139.96,4.3937,137.9071,138.4904,-33.432,-22.211,-10.504,neutral_down,144.6921,-0.6552,-1.4342
QCOM,QCOM-281,2026-03-05T04:00:00-05:00,2026-03-05T07:00:00-05:00,2,138.5,138.35,4.2563,139.2151,138.9618,7.036,-22.455,-21.941,neutral,144.2146,-0.4775,-1.5647
QCOM,QCOM-282,2026-03-05T08:00:00-05:00,2026-03-05T14:00:00-05:00,6,138.25,136.495,4.2563,138.8446,138.8426,-14.589,-6.115,-21.626,neutral,144.2146,-0.4775,-1.5647
QCOM,QCOM-283,2026-03-06T13:00:00-05:00,2026-03-09T04:00:00-04:00,7,136.19,133.76,4.228,136.2385,136.7326,-16.922,-0.191,23.679,neutral,143.5596,-0.655,-1.7876
QCOM,QCOM-284,2026-03-09T09:00:00-04:00,2026-03-09T16:00:00-04:00,7,133.275,137.95,4.1946,134.2929,135.1947,-55.806,-0.87,1.833,neutral_down,142.8442,-0.7154,-1.8478
QCOM,QCOM-285,2026-03-10T10:00:00-04:00,2026-03-10T17:00:00-04:00,7,135.865,135.4,4.3321,135.7663,136.0317,-19.665,16.559,-6.542,neutral,142.4139,-0.4303,-1.8007
QCOM,QCOM-286,2026-03-11T09:00:00-04:00,2026-03-12T13:00:00-04:00,20,136.27,131.04,4.4478,135.3935,135.534,2.289,16.578,13.964,neutral,141.7581,-0.6558,-1.8015
QCOM,QCOM-287,2026-03-13T12:00:00-04:00,2026-03-13T17:00:00-04:00,5,130.82,129.7,4.4206,131.6769,132.0601,-24.743,-16.816,-29.773,neutral_down,140.1608,-0.9011,-2.2531
QCOM,QCOM-288,2026-03-16T06:00:00-04:00,2026-03-16T07:00:00-04:00,1,130.3,130.4,4.4044,130.3044,130.8861,-23.533,5.045,28.001,neutral,139.2244,-0.9364,-2.5337
QCOM,QCOM-289,2026-03-16T08:00:00-04:00,2026-03-17T12:00:00-04:00,19,130.22,131.722,4.4044,130.3028,130.7854,-17.579,1.445,10.999,neutral,139.2244,-0.9364,-2.5337
QCOM,QCOM-290,2026-03-18T11:00:00-04:00,2026-03-18T18:00:00-04:00,7,130.95,130.0,4.3254,131.5419,131.4018,-8.987,-6.748,-20.306,neutral,137.7122,-0.6172,-2.4486
QCOM,QCOM-291,2026-03-19T09:00:00-04:00,2026-03-23T05:00:00-04:00,28,131.03,128.56,4.2168,130.4266,130.6343,-5.997,20.0,5.975,neutral,137.0511,-0.6611,-2.1733
QCOM,QCOM-292,2026-03-23T07:00:00-04:00,2026-03-23T16:00:00-04:00,9,131.6,128.3,4.0991,129.9253,130.259,-5.64,44.556,36.687,neutral,135.9318,-0.5942,-1.7804
QCOM,QCOM-293,2026-03-24T13:00:00-04:00,2026-03-25T10:00:00-04:00,13,128.67,131.64,4.2749,128.3115,128.6838,-9.985,9.547,19.733,neutral,135.2408,-0.6911,-1.8104
QCOM,QCOM-294,2026-03-30T11:00:00-04:00,2026-04-01T04:00:00-04:00,23,128.2489,129.5,4.029,127.7516,128.111,-7.827,12.603,13.871,neutral,133.297,-0.6177,-1.3464
QCOM,QCOM-295,2026-04-06T09:00:00-04:00,2026-04-06T19:00:00-04:00,10,126.21,125.73,3.7906,126.8002,126.805,-6.683,-15.868,-28.53,neutral,131.4484,-0.4628,-1.2853
QCOM,QCOM-296,2026-04-09T06:00:00-04:00,2026-04-10T10:00:00-04:00,20,127.5,129.645,3.8589,127.1505,126.7973,25.219,6.482,3.59,neutral_up,130.0476,-0.2538,-1.4008
QCOM,QCOM-297,2026-04-13T10:00:00-04:00,2026-04-13T11:00:00-04:00,1,127.86,128.19,3.651,127.8325,127.9579,-11.123,6.872,16.736,neutral,129.6708,-0.1671,-0.6306
QCOM,QCOM-298,2026-04-14T19:00:00-04:00,2026-04-15T05:00:00-04:00,2,133.3,133.2,3.7363,132.624,131.8241,73.572,5.765,9.161,distribution,129.808,0.1372,-0.2397
QCOM,QCOM-299,2026-04-15T14:00:00-04:00,2026-04-16T08:00:00-04:00,10,133.28,130.51,3.6041,133.2235,132.7577,26.539,-1.745,-33.554,neutral_up,130.0836,0.2756,0.2458
QCOM,QCOM-300,2026-04-16T09:00:00-04:00,2026-04-16T12:00:00-04:00,3,133.4,134.78,3.4938,132.4268,132.6135,-17.913,42.159,7.303,neutral,130.3533,0.2697,0.6825
QCOM,QCOM-301,2026-04-17T13:00:00-04:00,2026-04-17T17:00:00-04:00,4,136.1,136.35,3.5236,135.8377,135.0908,41.387,-6.852,-5.303,neutral_up,130.7275,0.3742,0.9196
QCOM,QCOM-302,2026-04-20T04:00:00-04:00,2026-04-20T11:00:00-04:00,7,135.6,138.37,3.4544,136.082,135.6187,16.648,-17.418,-19.1,neutral,131.2259,0.4984,1.1423
QCOM,QCOM-303,2026-04-20T12:00:00-04:00,2026-04-20T15:00:00-04:00,3,137.2,137.51,3.4544,137.0561,136.3981,52.642,-20.091,11.386,neutral_up,131.2259,0.4984,1.1423
QCOM,QCOM-304,2026-04-21T11:00:00-04:00,2026-04-21T13:00:00-04:00,2,136.77,136.53,3.3805,137.63,137.4685,-17.499,-14.214,-70.161,neutral,131.7972,0.5713,1.4439
QCOM,QCOM-305,2026-04-22T12:00:00-04:00,2026-04-23T13:00:00-04:00,17,136.25,133.21,3.3687,136.1515,136.3356,-4.235,0.826,7.544,neutral,132.1402,0.343,1.4127
QCOM,QCOM-306,2026-04-24T04:00:00-04:00,2026-04-24T07:00:00-04:00,3,135.1,138.3,3.3862,134.9035,135.0837,6.897,-6.409,27.911,neutral,132.6261,0.1314,0.8289
QCOM,QCOM-307,2026-04-28T13:00:00-04:00,2026-04-28T19:00:00-04:00,6,150.41,149.9345,5.0835,148.3848,148.8191,6.83,13.155,25.099,neutral,135.5824,1.4678,3.0877
QCOM,QCOM-308,2026-04-29T06:00:00-04:00,2026-04-29T07:00:00-04:00,1,149.29,149.5283,5.2561,149.4976,149.402,-0.789,-1.047,-9.986,neutral,136.894,1.3116,4.2679
QCOM,QCOM-309,2026-04-29T08:00:00-04:00,2026-04-29T09:00:00-04:00,1,149.38,153.39,5.2561,149.479,149.4104,0.023,-0.549,-0.235,neutral,136.894,1.3116,4.2679
QCOM,QCOM-310,2026-05-01T04:00:00-04:00,2026-05-01T08:00:00-04:00,4,178.02,177.5805,7.2135,177.648,173.9361,37.747,-1.474,-4.589,neutral_up,142.3672,3.7263,6.7848
QCOM,QCOM-311,2026-05-01T09:00:00-04:00,2026-05-04T11:00:00-04:00,18,173.27,168.8,7.2135,176.9789,175.0906,5.78,-23.594,-34.552,neutral,142.3672,3.7263,6.7848
QCOM,QCOM-312,2026-05-06T19:00:00-04:00,2026-05-07T12:00:00-04:00,9,191.5,208.01,8.8281,191.8632,190.1991,8.865,3.809,-17.427,neutral,151.1332,3.5357,8.766
QCOM,QCOM-313,2026-05-13T17:00:00-04:00,2026-05-14T05:00:00-04:00,4,213.1436,206.0,14.7524,213.7647,215.2711,-16.579,0.613,0.15,neutral,174.8584,3.5452,15.615
QCOM,QCOM-314,2026-05-15T06:00:00-04:00,2026-05-19T17:00:00-04:00,43,202.5,196.0,14.5043,202.6126,204.8213,-24.441,6.489,-15.9,neutral_down,180.3001,1.958,8.9869
QCOM,QCOM-315,2026-05-20T07:00:00-04:00,2026-05-21T15:00:00-04:00,24,201.104,213.46,14.1694,199.4067,199.1109,21.977,0.749,20.977,neutral,185.2202,1.041,4.92
QCOM,QCOM-316,2026-05-26T13:00:00-04:00,2026-05-26T17:00:00-04:00,4,246.69,248.2789,15.1339,244.9296,238.8882,53.998,-5.826,-29.114,neutral_up,193.6758,4.4504,8.4557
QCOM,QCOM-317,2026-05-27T04:00:00-04:00,2026-05-27T10:00:00-04:00,6,250.28,226.8801,15.6386,247.8238,243.4963,48.497,3.076,0.264,neutral_up,198.688,5.0122,11.8861
QCOM,QCOM-318,2026-05-29T14:00:00-04:00,2026-05-29T17:00:00-04:00,3,253.28,250.42,16.3993,251.9836,248.4486,33.357,-0.876,-3.201,neutral_up,205.606,3.7614,11.9301
QCOM,QCOM-319,2026-05-29T19:00:00-04:00,2026-06-01T05:00:00-04:00,2,250.9,233.0,16.3993,251.1074,249.3016,12.647,0.828,-7.014,neutral,205.606,3.7614,11.9301
QCOM,QCOM-320,2026-06-02T08:00:00-04:00,2026-06-02T14:00:00-04:00,6,230.48,243.0643,16.9785,230.8587,233.2413,-21.033,-0.616,-0.316,neutral,211.4921,1.7558,9.6476
QCOM,QCOM-321,2026-06-03T09:00:00-04:00,2026-06-03T11:00:00-04:00,2,243.0,252.61,17.1327,238.4441,237.6441,17.647,21.608,20.934,neutral,214.1547,2.6625,8.5487
QCOM,QCOM-322,2026-06-04T12:00:00-04:00,2026-06-04T14:00:00-04:00,2,241.095,241.435,17.4853,241.0194,241.8106,-10.128,5.328,11.703,neutral,217.407,3.2523,7.6706
QCOM,QCOM-323,2026-06-04T15:00:00-04:00,2026-06-05T11:00:00-04:00,12,242.54,224.87,17.4853,241.6595,241.9446,1.062,3.112,11.19,neutral,217.407,3.2523,7.6706
QCOM,QCOM-324,2026-06-08T14:00:00-04:00,2026-06-09T06:00:00-04:00,8,219.06,223.85,18.0128,218.5355,220.7268,-14.431,1.055,7.946,neutral,219.3125,-0.3793,5.1579
QCOM,QCOM-325,2026-06-09T07:00:00-04:00,2026-06-09T10:00:00-04:00,3,222.92,205.0,17.2476,223.314,222.7109,5.877,-4.431,-8.446,neutral,219.1641,-0.1484,1.7572
QCOM,QCOM-326,2026-06-10T13:00:00-04:00,2026-06-10T15:00:00-04:00,2,193.6599,190.87,17.9421,196.7703,201.8759,-61.918,4.415,-7.505,accumulation,217.9142,-1.2499,-1.7776
QCOM,QCOM-327,2026-06-11T09:00:00-04:00,2026-06-11T16:00:00-04:00,7,196.895,201.827,17.7544,193.3016,195.399,-7.674,19.361,23.708,neutral,215.4556,-2.4586,-3.8569
QCOM,QCOM-328,2026-06-16T10:00:00-04:00,2026-06-16T12:00:00-04:00,2,222.855,220.1,17.0749,226.4814,223.189,31.304,-33.87,-54.627,neutral_up,214.6772,0.6093,-0.7784
QCOM,QCOM-329,2026-06-17T14:00:00-04:00,2026-06-18T14:00:00-04:00,16,217.935,228.49,17.0974,217.8292,218.3675,-3.084,-1.023,8.26,neutral,214.5993,-0.0779,0.2805
QCOM,QCOM-330,2026-06-22T07:00:00-04:00,2026-06-23T04:00:00-04:00,13,224.98,209.99,16.4895,224.8339,223.6112,8.445,4.09,-14.162,neutral,215.5083,1.0562,0.831
QCOM,QCOM-331,2026-06-24T08:00:00-04:00,2026-06-24T11:00:00-04:00,3,206.0,196.26,17.0882,206.3836,208.1498,-16.023,-3.82,-5.22,neutral,215.0144,-1.0804,0.5623
QCOM,QCOM-332,2026-06-24T16:00:00-04:00,2026-06-24T17:00:00-04:00,1,220.0,223.1,17.0882,202.7011,203.9824,15.454,66.346,84.032,neutral,215.0144,-1.0804,0.5623
QCOM,QCOM-333,2026-06-26T12:00:00-04:00,2026-06-26T14:00:00-04:00,2,198.43,194.48,17.1826,202.1536,204.4658,-30.93,-9.96,-18.481,neutral_down,212.6282,-0.7848,-3.4666
QCOM,QCOM-334,2026-06-29T15:00:00-04:00,2026-06-30T19:00:00-04:00,20,188.69,185.9697,17.5753,190.5029,193.0063,-35.879,-4.901,-1.367,neutral_down,210.4911,-2.1371,-4.5232
QCOM,QCOM-335,2026-07-01T10:00:00-04:00,2026-07-02T12:00:00-04:00,18,184.58,172.645,16.5987,184.4862,185.9687,-26.516,8.273,17.443,neutral_down,206.352,-2.1572,-6.2762
QCOM,QCOM-336,2026-07-07T13:00:00-04:00,2026-07-07T14:00:00-04:00,1,183.86,181.54,15.6626,182.6549,182.6949,5.03,9.967,23.075,neutral,200.2308,-1.3671,-6.1212
QCOM,QCOM-337,2026-07-07T15:00:00-04:00,,-1,182.95,,15.6626,182.5355,182.6227,-0.144,4.123,4.793,neutral,200.2308,-1.3671,-6.1212
MRVL,MRVL-001,2024-07-15T10:00:00-04:00,2024-07-16T16:00:00-04:00,18,73.9,75.52,2.7039,73.904,73.7758,3.942,1.954,-16.908,neutral,71.9978,0.1612,0.4959
MRVL,MRVL-002,2024-07-18T15:00:00-04:00,2024-07-18T18:00:00-04:00,3,68.2,68.7399,3.0131,67.7351,68.8065,-45.029,26.987,23.86,neutral_down,72.0442,-0.4134,0.0464
MRVL,MRVL-003,2024-07-22T10:00:00-04:00,2024-07-22T16:00:00-04:00,6,67.31,69.01,3.0366,67.2464,67.4222,-4.545,-0.092,-4.752,neutral,71.2279,-0.4668,-1.2297
MRVL,MRVL-004,2024-07-23T10:00:00-04:00,2024-07-24T09:00:00-04:00,13,69.12,66.7495,3.0211,68.8168,68.4337,30.168,-1.517,7.832,neutral_up,71.0372,-0.1907,-1.007
MRVL,MRVL-005,2024-07-25T14:00:00-04:00,2024-07-26T06:00:00-04:00,7,65.1898,65.35,3.026,65.1456,65.3381,7.042,-12.077,22.7,neutral,70.2122,-0.5852,-1.0157
MRVL,MRVL-006,2024-07-26T13:00:00-04:00,2024-07-26T17:00:00-04:00,4,65.35,65.75,3.1306,65.4241,65.2805,11.014,-8.311,-6.101,neutral,69.6466,-0.5657,-1.3906
MRVL,MRVL-007,2024-07-29T09:00:00-04:00,2024-07-29T16:00:00-04:00,7,65.875,64.33,3.0716,66.0556,65.7505,25.021,-18.654,-7.437,neutral_up,69.2905,-0.3561,-1.5069
MRVL,MRVL-008,2024-07-30T16:00:00-04:00,2024-07-30T17:00:00-04:00,1,63.4926,63.35,3.0422,63.5227,64.0738,-36.429,13.522,26.036,neutral_down,68.8532,-0.4373,-1.359
MRVL,MRVL-009,2024-07-30T18:00:00-04:00,2024-07-31T05:00:00-04:00,3,64.35,64.9,3.0422,63.6605,64.0391,-9.556,21.799,40.396,neutral,68.8532,-0.4373,-1.359
MRVL,MRVL-010,2024-08-01T10:00:00-04:00,2024-08-01T12:00:00-04:00,2,65.68,64.37,3.1626,66.6299,66.294,-1.471,-20.748,-38.025,neutral,68.1845,-0.1175,-1.106
MRVL,MRVL-011,2024-08-06T13:00:00-04:00,2024-08-07T15:00:00-04:00,18,59.75,56.16,3.6064,58.8595,58.5037,26.102,6.697,22.303,neutral_up,66.111,-0.8431,-2.0736
MRVL,MRVL-012,2024-08-09T14:00:00-04:00,2024-08-13T11:00:00-04:00,20,60.89,63.155,3.8016,60.7233,60.3548,15.703,3.546,14.853,neutral,64.252,-0.3022,-1.859
MRVL,MRVL-013,2024-08-14T15:00:00-04:00,2024-08-15T08:00:00-04:00,7,63.8,66.61,3.542,63.7851,63.4142,15.551,2.485,-9.142,neutral,63.6582,0.0462,-0.5938
MRVL,MRVL-014,2024-08-16T14:00:00-04:00,2024-08-19T17:00:00-04:00,17,69.25,70.9,3.6262,69.2056,68.4952,34.558,-2.444,-22.107,neutral_up,64.1882,0.5172,0.5763
MRVL,MRVL-015,2024-08-22T12:00:00-04:00,2024-08-22T14:00:00-04:00,2,70.325,69.61,3.3487,70.9595,70.8293,-12.337,-10.627,-41.92,neutral,66.1409,0.5229,1.4861
MRVL,MRVL-016,2024-08-27T16:00:00-04:00,2024-08-27T18:00:00-04:00,2,69.71,69.63,3.3835,69.5179,69.5692,7.242,0.366,-6.851,neutral,67.0474,0.1793,0.9065
MRVL,MRVL-017,2024-08-27T19:00:00-04:00,2024-08-28T05:00:00-04:00,2,69.01,69.83,3.3835,69.4665,69.5385,-13.09,-18.696,-20.332,neutral,67.0474,0.1793,0.9065
MRVL,MRVL-018,2024-08-28T09:00:00-04:00,2024-08-28T13:00:00-04:00,4,69.51,67.68,3.3668,69.6912,69.644,4.923,-12.555,-7.991,neutral,67.2876,0.2402,0.9177
MRVL,MRVL-019,2024-08-28T14:00:00-04:00,2024-08-28T15:00:00-04:00,1,68.75,68.39,3.3668,68.7958,69.1595,-39.108,20.105,-6.514,neutral_down,67.2876,0.2402,0.9177
MRVL,MRVL-020,2024-08-28T16:00:00-04:00,2024-08-28T17:00:00-04:00,1,67.4101,66.01,3.3668,68.4538,68.9368,-48.104,-12.416,11.11,neutral_down,67.2876,0.2402,0.9177
MRVL,MRVL-021,2024-09-03T04:00:00-04:00,2024-09-03T09:00:00-04:00,5,75.28,72.77,3.7169,75.8436,75.0765,17.721,-11.885,-14.373,neutral,68.4033,0.7917,1.1157
MRVL,MRVL-022,2024-09-04T13:00:00-04:00,2024-09-04T19:00:00-04:00,6,71.53,70.87,3.9357,70.9263,71.2025,7.575,3.405,14.458,neutral,68.5539,0.1506,1.1661
MRVL,MRVL-023,2024-09-05T09:00:00-04:00,2024-09-06T04:00:00-04:00,11,70.88,68.21,3.9117,70.8002,70.9512,-12.226,9.081,-4.609,neutral,68.7654,0.2115,1.1537
MRVL,MRVL-024,2024-09-12T15:00:00-04:00,2024-09-16T18:00:00-04:00,33,74.34,73.0,3.7909,74.7401,74.1696,21.408,-14.293,-31.72,neutral,69.4725,0.5407,0.8424
MRVL,MRVL-025,2024-09-17T08:00:00-04:00,2024-09-19T06:00:00-04:00,27,74.0,74.31,3.4962,72.9504,73.2051,-1.353,34.901,33.813,neutral,70.6093,0.2811,1.1367
MRVL,MRVL-026,2024-09-20T11:00:00-04:00,2024-09-20T12:00:00-04:00,1,72.895,72.97,3.4346,73.934,74.0096,-35.786,-14.415,-41.721,neutral_down,71.2349,0.3625,0.6256
MRVL,MRVL-027,2024-09-24T13:00:00-04:00,2024-09-24T14:00:00-04:00,1,71.505,71.17,3.4109,71.8758,72.1416,-29.467,-3.76,-7.871,neutral_down,71.5045,0.0305,0.6322
MRVL,MRVL-028,2024-09-24T15:00:00-04:00,2024-09-24T18:00:00-04:00,3,71.2,71.25,3.4109,71.6277,71.9757,-39.773,-1.573,-14.066,neutral_down,71.5045,0.0305,0.6322
MRVL,MRVL-029,2024-09-25T13:00:00-04:00,2024-09-25T19:00:00-04:00,6,71.0,72.35,3.2966,71.0199,71.3491,-29.461,9.613,-5.908,neutral_down,71.4769,-0.0277,0.242
MRVL,MRVL-030,2024-09-27T04:00:00-04:00,2024-09-27T10:00:00-04:00,5,73.0,70.57,3.2135,73.1451,72.8729,13.33,-6.817,-8.325,neutral,71.6334,0.1827,0.1289
MRVL,MRVL-031,2024-09-30T13:00:00-04:00,2024-09-30T19:00:00-04:00,5,71.565,71.8135,3.2268,71.0318,71.1491,12.607,8.04,26.682,neutral,71.5722,-0.0612,0.0954
MRVL,MRVL-032,2024-10-01T14:00:00-04:00,2024-10-01T16:00:00-04:00,2,71.06,70.32,3.1356,71.1489,71.3176,-20.172,8.408,7.458,neutral,71.6229,0.0507,0.1721
MRVL,MRVL-033,2024-10-03T13:00:00-04:00,2024-10-04T14:00:00-04:00,14,71.7,73.2001,3.1002,72.0281,71.86,0.43,-6.621,-21.032,neutral,71.5523,0.0488,-0.0199
MRVL,MRVL-034,2024-10-07T07:00:00-04:00,2024-10-11T13:00:00-04:00,63,72.78,74.015,3.0136,73.0092,72.9097,-4.989,-1.72,-18.784,neutral,71.7825,0.1667,0.2789
MRVL,MRVL-035,2024-10-16T10:00:00-04:00,2024-10-16T13:00:00-04:00,3,80.96,81.8971,2.985,79.9298,79.3397,36.977,16.306,-1.563,neutral_up,73.4247,0.6025,1.2557
MRVL,MRVL-036,2024-10-17T14:00:00-04:00,2024-10-17T15:00:00-04:00,1,80.99,79.89,3.0686,81.7993,81.6595,-12.3,-8.432,-14.025,neutral,74.1743,0.7496,1.8379
MRVL,MRVL-037,2024-10-18T13:00:00-04:00,2024-10-21T10:00:00-04:00,13,80.035,81.91,3.1566,80.2523,80.5492,-23.438,-2.663,-0.876,neutral,74.6939,0.5196,1.8717
MRVL,MRVL-038,2024-10-22T14:00:00-04:00,2024-10-22T15:00:00-04:00,1,83.08,83.34,3.0438,82.3333,81.7713,61.899,1.74,34.097,distribution,75.7704,0.606,1.5961
MRVL,MRVL-039,2024-10-24T11:00:00-04:00,2024-10-24T12:00:00-04:00,1,81.66,81.43,3.0413,82.0638,82.094,-9.046,-11.215,-29.61,neutral,76.9468,0.4882,1.7823
MRVL,MRVL-040,2024-10-24T13:00:00-04:00,2024-10-24T17:00:00-04:00,4,81.51,81.7952,3.0413,81.8517,81.986,-21.161,-2.196,-23.331,neutral,76.9468,0.4882,1.7823
MRVL,MRVL-041,2024-10-24T19:00:00-04:00,2024-10-25T18:00:00-04:00,12,81.99,81.5533,3.0413,81.8855,81.9445,-1.411,4.252,3.365,neutral,76.9468,0.4882,1.7823
MRVL,MRVL-042,2024-10-28T04:00:00-04:00,2024-10-28T05:00:00-04:00,1,82.75,82.85,2.8631,82.0278,82.0726,5.962,34.591,30.27,neutral,77.7816,0.3818,1.3231
MRVL,MRVL-043,2024-10-28T09:00:00-04:00,2024-10-28T11:00:00-04:00,2,82.825,83.04,2.8631,82.6667,82.4195,31.173,-10.18,-12.391,neutral_up,77.7816,0.3818,1.3231
MRVL,MRVL-044,2024-10-29T09:00:00-04:00,2024-10-30T14:00:00-04:00,21,84.065,82.77,2.8239,83.7503,83.3921,36.352,5.096,-7.835,neutral_up,78.2906,0.5089,1.3438
MRVL,MRVL-045,2024-11-04T10:00:00-05:00,2024-11-05T16:00:00-05:00,21,85.36,87.22,3.1376,84.8982,84.4385,20.943,8.211,-0.976,neutral,79.8174,0.4963,0.9259
MRVL,MRVL-046,2024-11-08T10:00:00-05:00,2024-11-11T10:00:00-05:00,15,94.38,91.4362,3.2553,93.77,93.0562,44.095,4.726,15.098,neutral_up,82.8656,1.1064,2.6316
MRVL,MRVL-047,2024-11-12T11:00:00-05:00,2024-11-12T18:00:00-05:00,7,91.97,92.7,3.2266,92.1117,92.1717,4.786,-12.309,26.181,neutral,84.6232,0.7637,2.8641
MRVL,MRVL-048,2024-11-13T08:00:00-05:00,2024-11-13T13:00:00-05:00,5,92.5,90.98,3.1569,92.232,92.2639,-5.187,16.704,-0.57,neutral,85.3647,0.7415,2.4992
MRVL,MRVL-049,2024-11-13T14:00:00-05:00,2024-11-13T15:00:00-05:00,1,90.42,90.06,3.1569,91.2116,91.6871,-46.512,-5.379,-5.976,neutral_down,85.3647,0.7415,2.4992
MRVL,MRVL-050,2024-11-14T10:00:00-05:00,2024-11-15T08:00:00-05:00,14,91.175,89.44,3.1528,90.8904,91.1038,-3.167,6.076,7.33,neutral,85.7916,0.4268,1.932
MRVL,MRVL-051,2024-11-18T10:00:00-05:00,2024-11-20T07:00:00-05:00,22,88.735,89.7,3.1042,88.2756,88.6144,-15.309,20.451,3.498,neutral,86.3855,0.1504,1.0208
MRVL,MRVL-052,2024-11-20T09:00:00-05:00,2024-11-21T11:00:00-05:00,18,88.67,92.205,2.9864,89.3067,89.0791,10.489,-30.505,-19.244,neutral,86.8436,0.2476,0.6085
MRVL,MRVL-053,2024-11-22T10:00:00-05:00,2024-11-26T05:00:00-05:00,27,92.75,92.2,2.9821,92.8035,92.2868,25.286,-6.189,-13.195,neutral_up,87.6478,0.5282,1.0519
MRVL,MRVL-054,2024-11-26T07:00:00-05:00,2024-11-27T10:00:00-05:00,18,93.0,89.215,2.9354,92.5087,92.6426,-2.404,19.765,27.514,neutral,88.468,0.3782,1.3484
MRVL,MRVL-055,2024-12-03T12:00:00-05:00,2024-12-03T14:00:00-05:00,2,96.6054,96.31,3.2974,97.5822,96.9015,7.665,-16.03,-37.583,neutral,90.0215,0.6818,1.1269
MRVL,MRVL-056,2024-12-03T15:00:00-05:00,2024-12-03T16:00:00-05:00,1,96.0,105.6,3.2974,96.9098,96.7324,-14.304,-6.13,-21.969,neutral,90.0215,0.6818,1.1269
MRVL,MRVL-057,2024-12-06T12:00:00-05:00,2024-12-09T10:00:00-05:00,14,114.25,107.71,4.9092,113.9294,113.9722,1.726,5.275,12.024,neutral,94.9153,1.8435,4.8938
MRVL,MRVL-058,2024-12-10T14:00:00-05:00,2024-12-11T10:00:00-05:00,12,106.34,109.99,4.9513,106.752,107.7472,-43.303,2.019,-3.448,neutral_down,97.5517,0.9478,4.4799
MRVL,MRVL-059,2024-12-12T10:00:00-05:00,2024-12-12T14:00:00-05:00,4,109.525,109.02,4.8938,110.6684,110.4197,-12.452,-13.684,-46.167,neutral,99.5532,1.1717,2.9493
MRVL,MRVL-060,2024-12-12T17:00:00-05:00,2024-12-12T18:00:00-05:00,1,113.75,113.1201,4.8938,110.2928,110.1525,30.007,57.095,59.802,neutral_up,99.5532,1.1717,2.9493
MRVL,MRVL-061,2024-12-17T08:00:00-05:00,2024-12-17T09:00:00-05:00,1,123.7,114.865,5.4777,124.8064,123.696,16.169,-16.085,-45.043,neutral,104.3139,2.0386,4.7607
MRVL,MRVL-062,2024-12-18T13:00:00-05:00,2024-12-18T15:00:00-05:00,2,111.88,105.26,6.0007,112.2717,113.9796,-54.678,5.28,4.422,neutral_down,105.0336,0.7196,4.6197
MRVL,MRVL-063,2024-12-19T18:00:00-05:00,2024-12-19T19:00:00-05:00,1,109.4,108.7001,6.2242,109.225,109.441,-0.89,-0.023,2.333,neutral,105.0542,0.0206,2.7788
MRVL,MRVL-064,2024-12-20T04:00:00-05:00,2024-12-20T06:00:00-05:00,2,106.42,106.26,6.1453,108.58,109.1051,-33.382,-25.139,-32.515,neutral_down,105.4265,0.3723,1.1126
MRVL,MRVL-065,2024-12-20T08:00:00-05:00,2024-12-20T12:00:00-05:00,4,108.99,112.1269,6.1453,107.8689,108.515,-17.658,27.94,24.735,neutral,105.4265,0.3723,1.1126
MRVL,MRVL-066,2024-12-23T12:00:00-05:00,2024-12-24T16:00:00-05:00,18,113.28,115.9405,6.2063,112.9011,112.0983,28.239,0.292,-12.285,neutral_up,106.0459,0.6194,1.0123
MRVL,MRVL-067,2024-12-26T04:00:00-05:00,2024-12-27T11:00:00-05:00,23,114.56,113.135,5.7429,115.105,114.4264,28.884,-24.279,-16.718,neutral_up,107.583,0.8367,2.1565
MRVL,MRVL-068,2024-12-31T08:00:00-05:00,2024-12-31T19:00:00-05:00,11,111.36,110.25,5.3069,111.8763,112.1982,-17.804,-12.877,-12.615,neutral,109.0581,0.2542,1.4751
MRVL,MRVL-069,2025-01-02T04:00:00-05:00,2025-01-02T07:00:00-05:00,3,112.13,111.91,5.1029,110.9255,111.2726,-3.986,34.305,31.114,neutral,109.1846,0.1265,0.8673
MRVL,MRVL-070,2025-01-02T09:00:00-05:00,2025-01-02T11:00:00-05:00,2,114.575,114.42,5.1029,112.2063,111.8106,50.934,30.143,28.158,neutral_up,109.1846,0.1265,0.8673
MRVL,MRVL-071,2025-01-02T12:00:00-05:00,2025-01-02T13:00:00-05:00,1,112.77,112.16,5.1029,112.8267,112.2333,32.778,-19.611,-18.156,neutral_up,109.1846,0.1265,0.8673
MRVL,MRVL-072,2025-01-07T10:00:00-05:00,2025-01-07T11:00:00-05:00,1,118.71,117.37,5.0966,119.1775,119.1833,-12.389,0.875,-16.461,neutral,111.1461,0.7854,1.9615
MRVL,MRVL-073,2025-01-07T14:00:00-05:00,2025-01-07T16:00:00-05:00,2,116.79,116.23,5.0966,117.9376,118.5252,-40.891,-4.675,-15.137,neutral_down,111.1461,0.7854,1.9615
MRVL,MRVL-074,2025-01-08T10:00:00-05:00,2025-01-10T06:00:00-05:00,12,116.843,118.02,5.1218,116.4133,117.0213,-14.184,10.317,48.689,neutral,111.6083,0.4622,2.0305
MRVL,MRVL-075,2025-01-10T08:00:00-05:00,2025-01-10T11:00:00-05:00,3,115.7799,114.61,5.0124,117.2667,117.301,-15.141,-23.929,-26.829,neutral,112.2112,0.6029,1.8504
MRVL,MRVL-076,2025-01-10T12:00:00-05:00,2025-01-10T14:00:00-05:00,2,114.7921,115.305,5.0124,115.8078,116.5106,-42.937,1.057,-9.51,neutral_down,112.2112,0.6029,1.8504
MRVL,MRVL-077,2025-01-14T12:00:00-05:00,2025-01-15T10:00:00-05:00,13,114.915,117.905,4.8973,115.239,115.1954,-10.7,3.475,-15.569,neutral,112.6509,0.2489,1.0426
MRVL,MRVL-078,2025-01-15T11:00:00-05:00,2025-01-15T12:00:00-05:00,1,116.48,116.22,4.8203,116.7101,116.0853,31.706,-21.389,-17.738,neutral_up,112.8854,0.2345,0.6742
MRVL,MRVL-079,2025-01-15T15:00:00-05:00,2025-01-15T16:00:00-05:00,1,115.99,116.01,4.8203,116.3517,116.0967,0.379,-3.46,-17.119,neutral,112.8854,0.2345,0.6742
MRVL,MRVL-080,2025-01-15T17:00:00-05:00,2025-01-15T18:00:00-05:00,1,116.4,116.3922,4.8203,116.3067,116.1171,3.951,4.943,0.111,neutral,112.8854,0.2345,0.6742
MRVL,MRVL-081,2025-01-16T04:00:00-05:00,2025-01-16T05:00:00-05:00,1,117.77,118.32,4.7517,116.6331,116.3155,26.335,18.361,22.384,neutral_up,113.1676,0.2822,0.7656
MRVL,MRVL-082,2025-01-16T08:00:00-05:00,2025-01-16T14:00:00-05:00,6,118.4,118.97,4.7517,117.5612,116.9159,39.866,0.238,-1.071,neutral_up,113.1676,0.2822,0.7656
MRVL,MRVL-083,2025-01-16T15:00:00-05:00,2025-01-16T16:00:00-05:00,1,117.55,117.58,4.7517,118.4502,117.8074,12.619,-18.584,-31.122,neutral,113.1676,0.2822,0.7656
MRVL,MRVL-084,2025-01-17T04:00:00-05:00,2025-01-17T05:00:00-05:00,1,119.36,119.6,4.7609,118.3464,117.9544,21.124,18.034,19.04,neutral,113.566,0.3984,0.9151
MRVL,MRVL-085,2025-01-17T07:00:00-05:00,2025-01-17T10:00:00-05:00,3,119.37,121.6399,4.7609,118.8721,118.3221,33.716,0.283,12.592,neutral_up,113.566,0.3984,0.9151
MRVL,MRVL-086,2025-01-21T16:00:00-05:00,2025-01-22T05:00:00-05:00,5,123.95,127.2,4.9794,124.5873,124.1608,-0.892,-4.543,-23.783,neutral,114.5818,1.0158,1.6965
MRVL,MRVL-087,2025-01-22T09:00:00-05:00,2025-01-22T18:00:00-05:00,9,125.6701,124.8,4.9102,125.7257,125.1502,15.089,-2.776,-37.735,neutral,115.4089,0.8271,2.2413
MRVL,MRVL-088,2025-01-23T04:00:00-05:00,2025-01-23T05:00:00-05:00,1,124.0,123.85,4.7573,124.8457,124.9934,-22.333,-9.775,-21.501,neutral,116.2981,0.8892,2.7321
MRVL,MRVL-089,2025-01-23T09:00:00-05:00,2025-01-23T17:00:00-05:00,8,124.4498,125.7199,4.7573,124.2288,124.5741,-17.929,14.243,17.214,neutral,116.2981,0.8892,2.7321
MRVL,MRVL-090,2025-01-24T11:00:00-05:00,2025-01-24T17:00:00-05:00,6,126.0101,124.01,4.8282,126.1182,125.8454,12.499,-6.481,-1.177,neutral,117.1847,0.8865,2.6028
MRVL,MRVL-091,2025-01-28T09:00:00-05:00,2025-01-29T19:00:00-05:00,26,102.82,109.25,6.1465,103.3626,106.0823,-37.653,0.276,1.37,neutral_down,116.2051,-1.6,-0.093
MRVL,MRVL-092,2025-01-30T17:00:00-05:00,2025-01-31T11:00:00-05:00,10,110.3,114.48,5.9279,110.219,109.3972,17.767,-0.669,-4.683,neutral,114.3324,-0.7522,-3.4727
MRVL,MRVL-093,2025-02-05T10:00:00-05:00,2025-02-05T11:00:00-05:00,1,114.5556,116.49,6.065,112.1653,111.7929,39.144,20.582,48.3,neutral_up,113.4582,-0.3768,-0.5095
MRVL,MRVL-094,2025-02-06T14:00:00-05:00,2025-02-06T17:00:00-05:00,3,116.75,122.78,6.1432,117.0097,116.2631,23.076,-9.152,-3.567,neutral,113.732,0.2738,-0.1295
MRVL,MRVL-095,2025-02-10T14:00:00-05:00,2025-02-11T14:00:00-05:00,16,112.84,109.54,6.3741,112.5407,113.1137,-7.966,0.608,10.402,neutral,113.9039,-0.3334,0.4457
MRVL,MRVL-096,2025-02-13T10:00:00-05:00,2025-02-13T17:00:00-05:00,7,106.18,103.4184,5.839,106.0167,106.7438,-29.699,10.985,21.429,neutral_down,112.6582,-0.7198,-1.2457
MRVL,MRVL-097,2025-02-14T10:00:00-05:00,2025-02-14T12:00:00-05:00,2,104.73,105.91,5.6791,103.6605,104.3383,-23.036,34.711,32.006,neutral,111.8229,-0.8353,-1.9779
MRVL,MRVL-098,2025-02-18T14:00:00-05:00,2025-02-19T10:00:00-05:00,12,107.815,111.56,5.7593,107.3355,106.7228,33.927,1.306,9.059,neutral_up,111.3381,-0.4848,-2.0399
MRVL,MRVL-099,2025-02-26T13:00:00-05:00,2025-02-26T15:00:00-05:00,2,94.235,94.895,5.7312,95.0663,95.4524,-21.521,-11.607,-27.628,neutral,107.5542,-1.4524,-3.197
MRVL,MRVL-100,2025-02-26T16:00:00-05:00,2025-02-27T11:00:00-05:00,11,95.89,92.39,5.7312,95.1292,95.3735,-1.978,15.519,19.542,neutral,107.5542,-1.4524,-3.197
MRVL,MRVL-101,2025-03-03T13:00:00-05:00,2025-03-03T14:00:00-05:00,1,88.91,87.28,5.9516,90.4993,90.9103,-31.434,-9.351,-6.649,neutral_down,103.5179,-1.1688,-4.0363
MRVL,MRVL-102,2025-03-04T16:00:00-05:00,2025-03-04T17:00:00-05:00,1,89.749,89.96,6.0987,88.3983,88.1057,26.578,2.106,7.341,neutral_up,101.9099,-1.608,-4.4934
MRVL,MRVL-103,2025-03-05T14:00:00-05:00,2025-03-05T16:00:00-05:00,2,89.19,79.1093,6.2759,88.5649,88.5927,3.59,8.906,25.809,neutral,100.6781,-1.2318,-4.0086
MRVL,MRVL-104,2025-03-07T04:00:00-05:00,2025-03-07T11:00:00-05:00,7,73.35,67.7409,7.108,73.5739,75.9619,-51.005,5.735,5.064,neutral_down,97.2293,-2.4999,-4.6807
MRVL,MRVL-105,2025-03-11T11:00:00-04:00,2025-03-12T04:00:00-04:00,9,66.89,68.17,6.9759,66.2627,66.6485,-0.284,5.51,26.49,neutral,92.1822,-2.6462,-7.547
MRVL,MRVL-106,2025-03-12T08:00:00-04:00,2025-03-12T10:00:00-04:00,2,70.23,68.835,6.7391,68.319,67.6994,47.554,22.592,26.21,neutral_up,89.9047,-2.2775,-7.3245
MRVL,MRVL-107,2025-03-12T13:00:00-04:00,2025-03-12T14:00:00-04:00,1,68.665,69.98,6.7391,69.0155,68.3376,24.874,-16.388,-9.238,neutral_up,89.9047,-2.2775,-7.3245
MRVL,MRVL-108,2025-03-12T15:00:00-04:00,2025-03-12T16:00:00-04:00,1,69.84,69.65,6.7391,69.3347,68.6099,31.749,0.235,-9.512,neutral_up,89.9047,-2.2775,-7.3245
MRVL,MRVL-109,2025-03-12T17:00:00-04:00,2025-03-12T19:00:00-04:00,2,69.81,70.25,6.7391,69.4802,68.805,28.84,0.079,-2.675,neutral_up,89.9047,-2.2775,-7.3245
MRVL,MRVL-110,2025-03-13T04:00:00-04:00,2025-03-17T05:00:00-04:00,33,69.3,68.39,6.5577,69.6122,69.0464,20.924,-13.125,-7.916,neutral,88.0807,-1.8241,-6.7478
MRVL,MRVL-111,2025-03-17T08:00:00-04:00,2025-03-17T17:00:00-04:00,9,69.26,70.39,6.1136,68.8991,69.0021,1.793,11.155,27.191,neutral,84.7281,-1.5998,-5.1767
MRVL,MRVL-112,2025-03-19T10:00:00-04:00,2025-03-19T18:00:00-04:00,8,68.6,70.19,5.596,68.5579,68.7438,-9.121,1.875,8.311,neutral,82.0478,-1.3768,-4.28
MRVL,MRVL-113,2025-03-20T08:00:00-04:00,2025-03-24T05:00:00-04:00,29,69.35,71.7,5.4377,69.6514,69.5089,-2.935,-4.071,-36.396,neutral,80.928,-1.1198,-3.8
MRVL,MRVL-114,2025-03-25T08:00:00-04:00,2025-03-25T17:00:00-04:00,9,72.8,71.7,4.8332,72.607,72.1911,38.893,0.296,5.982,neutral_up,78.52,-0.583,-2.408
MRVL,MRVL-115,2025-04-01T12:00:00-04:00,2025-04-02T19:00:00-04:00,23,61.89,59.38,4.4002,61.7512,61.6099,12.981,-1.795,3.04,neutral,73.3614,-1.1791,-3.5233
MRVL,MRVL-116,2025-04-07T10:00:00-04:00,2025-04-07T18:00:00-04:00,8,51.78,52.69,4.6963,49.2132,50.2859,-2.792,25.663,66.951,neutral,68.2272,-1.8817,-4.1614
MRVL,MRVL-117,2025-04-08T13:00:00-04:00,2025-04-08T18:00:00-04:00,5,52.3275,49.25,4.9276,53.2454,52.5984,5.927,-11.048,-37.863,neutral,66.6702,-1.557,-4.8821
MRVL,MRVL-118,2025-04-11T12:00:00-04:00,2025-04-14T08:00:00-04:00,12,52.56,55.85,5.8583,52.6632,53.4005,-25.981,6.355,-3.057,neutral_down,63.6932,-1.0833,-2.977
MRVL,MRVL-119,2025-04-14T09:00:00-04:00,2025-04-14T13:00:00-04:00,4,53.2,52.32,5.5754,54.1522,53.8549,13.978,-31.583,-14.533,neutral,62.7511,-0.9421,-2.4091
MRVL,MRVL-120,2025-04-14T15:00:00-04:00,2025-04-14T16:00:00-04:00,1,52.22,52.15,5.5754,52.7832,53.1802,-26.085,-1.525,11.054,neutral_down,62.7511,-0.9421,-2.4091
MRVL,MRVL-121,2025-04-15T13:00:00-04:00,2025-04-16T06:00:00-04:00,9,52.75,51.4,5.5123,52.8661,52.8485,3.254,-6.908,-9.344,neutral,61.7937,-0.9574,-2.9828
MRVL,MRVL-122,2025-04-16T08:00:00-04:00,2025-04-16T10:00:00-04:00,2,50.99,51.395,5.2557,51.653,52.1197,-39.806,-6.312,-5.403,neutral_down,61.0243,-0.7694,-2.6689
MRVL,MRVL-123,2025-04-16T11:00:00-04:00,2025-04-16T12:00:00-04:00,1,52.11,51.525,5.2557,51.6202,51.9752,-12.497,17.397,27.309,neutral,61.0243,-0.7694,-2.6689
MRVL,MRVL-124,2025-04-16T15:00:00-04:00,2025-04-17T17:00:00-04:00,18,51.92,51.82,5.2557,51.2694,51.6655,-17.533,25.737,-3.803,neutral,61.0243,-0.7694,-2.6689
MRVL,MRVL-125,2025-04-17T18:00:00-04:00,2025-04-21T06:00:00-04:00,4,51.85,50.69,5.1395,51.6829,51.7291,2.614,3.064,13.35,neutral,60.1966,-0.8277,-2.5545
MRVL,MRVL-126,2025-04-24T07:00:00-04:00,2025-04-24T10:00:00-04:00,3,54.14,56.97,4.6581,53.8591,53.462,21.713,5.403,16.307,neutral,57.4274,-0.3667,-1.9959
MRVL,MRVL-127,2025-04-25T12:00:00-04:00,2025-04-25T18:00:00-04:00,6,58.6256,58.85,4.6257,57.6421,57.0144,42.857,19.261,19.015,neutral_up,57.4186,-0.0089,-1.0935
MRVL,MRVL-128,2025-04-28T04:00:00-04:00,2025-04-28T05:00:00-04:00,1,58.5,58.75,4.4739,58.5821,57.9528,37.976,-12.821,-15.13,neutral_up,57.5551,0.1365,-0.2391
MRVL,MRVL-129,2025-04-28T06:00:00-04:00,2025-04-28T07:00:00-04:00,1,58.04,58.6,4.4739,58.5005,58.0266,18.517,-17.875,-32.28,neutral,57.5551,0.1365,-0.2391
MRVL,MRVL-130,2025-04-28T08:00:00-04:00,2025-04-30T09:00:00-04:00,33,58.58,56.045,4.4739,58.5323,58.1243,21.474,-0.458,-14.918,neutral,57.5551,0.1365,-0.2391
MRVL,MRVL-131,2025-05-02T04:00:00-04:00,2025-05-02T11:00:00-04:00,7,61.03,62.69,3.995,60.8543,60.3447,28.245,1.791,-8.829,neutral_up,58.0886,0.2871,0.433
MRVL,MRVL-132,2025-05-05T09:00:00-04:00,2025-05-06T05:00:00-04:00,12,62.09,61.0,3.8861,61.8235,61.7895,-3.619,18.153,12.113,neutral,58.4714,0.3829,0.7219
MRVL,MRVL-133,2025-05-06T08:00:00-04:00,2025-05-06T09:00:00-04:00,1,60.67,60.445,3.7421,61.275,61.567,-45.647,-7.202,-8.362,neutral_down,58.7877,0.3162,0.9862
MRVL,MRVL-134,2025-05-06T10:00:00-04:00,2025-05-06T11:00:00-04:00,1,61.26,61.275,3.7421,61.1392,61.4464,-30.33,20.51,8.115,neutral_down,58.7877,0.3162,0.9862
MRVL,MRVL-135,2025-05-06T12:00:00-04:00,2025-05-06T13:00:00-04:00,1,60.935,60.935,3.7421,61.1201,61.3857,-21.489,-2.106,29.351,neutral,58.7877,0.3162,0.9862
MRVL,MRVL-136,2025-05-06T14:00:00-04:00,2025-05-06T16:00:00-04:00,2,61.62,57.42,3.7421,61.1905,61.3698,-4.203,17.578,15.18,neutral,58.7877,0.3162,0.9862
MRVL,MRVL-137,2025-05-09T13:00:00-04:00,2025-05-12T04:00:00-04:00,7,59.77,64.9,3.8038,59.632,59.0816,27.679,-1.351,-19.701,neutral_up,58.6595,-0.1019,-0.1282
MRVL,MRVL-138,2025-05-13T08:00:00-04:00,2025-05-13T11:00:00-04:00,3,65.2559,66.87,3.8858,64.5682,63.8257,53.12,8.724,20.316,neutral_up,59.2697,0.522,0.5083
MRVL,MRVL-139,2025-05-14T09:00:00-04:00,2025-05-15T07:00:00-04:00,14,65.265,64.86,3.7968,65.9509,65.5567,15.154,-27.965,-28.219,neutral,59.8316,0.5618,1.1721
MRVL,MRVL-140,2025-05-15T08:00:00-04:00,2025-05-15T09:00:00-04:00,1,64.86,64.29,3.6663,65.1382,65.3599,-29.081,3.556,1.007,neutral_down,60.3832,0.5517,1.6355
MRVL,MRVL-141,2025-05-15T11:00:00-04:00,2025-05-16T15:00:00-04:00,20,65.065,63.78,3.6663,64.9065,65.1783,-20.99,15.618,8.09,neutral,60.3832,0.5517,1.6355
MRVL,MRVL-142,2025-05-19T19:00:00-04:00,2025-05-20T10:00:00-04:00,7,62.53,60.505,3.4159,62.4631,62.7454,-17.861,5.091,2.198,neutral,61.0893,0.2691,1.2577
MRVL,MRVL-143,2025-05-21T10:00:00-04:00,2025-05-21T18:00:00-04:00,8,61.49,59.99,3.3514,61.0768,61.2467,1.821,10.905,31.939,neutral,61.2407,0.0169,0.4205
MRVL,MRVL-144,2025-05-22T09:00:00-04:00,2025-05-22T10:00:00-04:00,1,61.76,61.345,3.3096,60.3838,60.5803,4.852,41.233,46.425,neutral,61.1325,-0.1082,0.0432
MRVL,MRVL-145,2025-05-28T12:00:00-04:00,2025-05-28T18:00:00-04:00,6,65.143,66.5,3.3363,64.9134,64.3112,37.164,-0.255,-20.196,neutral_up,61.3924,0.2418,0.2599
MRVL,MRVL-146,2025-06-02T09:00:00-04:00,2025-06-02T13:00:00-04:00,4,60.09,61.67,3.4518,59.6662,60.3111,-23.735,15.044,27.382,neutral_down,61.7141,-0.1604,0.3217
MRVL,MRVL-147,2025-06-03T14:00:00-04:00,2025-06-03T17:00:00-04:00,3,62.5375,62.16,3.4031,62.4937,61.9616,37.681,-11.059,-17.24,neutral_up,61.691,-0.0231,0.007
MRVL,MRVL-148,2025-06-04T04:00:00-04:00,2025-06-04T05:00:00-04:00,1,62.96,63.27,3.3286,62.4687,62.1591,28.328,14.966,15.829,neutral_up,61.7528,0.0617,-0.1218
MRVL,MRVL-149,2025-06-04T09:00:00-04:00,2025-06-04T11:00:00-04:00,2,62.32,64.89,3.3286,62.8549,62.5144,20.08,-29.933,-27.546,neutral,61.7528,0.0617,-0.1218
MRVL,MRVL-150,2025-06-05T14:00:00-04:00,2025-06-05T17:00:00-04:00,3,65.795,63.38,3.4601,66.4318,65.9392,8.415,-13.535,-40.558,neutral,62.1652,0.4125,0.4511
MRVL,MRVL-151,2025-06-09T13:00:00-04:00,2025-06-11T19:00:00-04:00,38,69.48,68.15,3.5,69.5085,68.8412,32.845,-5.908,-33.892,neutral_up,62.9698,0.535,1.217
MRVL,MRVL-152,2025-06-16T07:00:00-04:00,2025-06-16T10:00:00-04:00,3,68.92,71.045,3.2178,68.1425,68.1014,26.831,14.577,28.61,neutral_up,65.0839,0.2116,1.0747
MRVL,MRVL-153,2025-06-17T10:00:00-04:00,2025-06-18T09:00:00-04:00,15,69.84,76.555,3.2794,70.3055,69.9654,18.375,-23.581,-6.665,neutral,65.57,0.486,1.1743
MRVL,MRVL-154,2025-06-20T11:00:00-04:00,2025-06-23T04:00:00-04:00,9,74.33,73.05,3.6126,74.7977,74.2815,6.018,-4.643,-45.018,neutral,66.7871,0.8153,1.7031
MRVL,MRVL-155,2025-06-25T14:00:00-04:00,2025-06-26T05:00:00-04:00,7,75.825,77.42,3.7583,75.5488,75.1118,25.211,6.901,7.126,neutral_up,68.3861,0.6804,1.5991
MRVL,MRVL-156,2025-06-30T13:00:00-04:00,2025-07-02T11:00:00-04:00,30,77.21,78.74,3.7255,77.3734,77.6679,-20.687,0.266,-0.541,neutral,70.7111,0.6449,2.325
MRVL,MRVL-157,2025-07-02T12:00:00-04:00,2025-07-02T15:00:00-04:00,3,76.33,74.26,3.5228,77.1294,76.9478,18.331,-38.696,17.499,neutral,71.7628,0.4472,1.6966
MRVL,MRVL-158,2025-07-07T05:00:00-04:00,2025-07-07T11:00:00-04:00,6,75.0,72.5698,3.4765,75.0001,75.1843,-10.418,0.616,-4.518,neutral,72.2798,0.29,0.9643
MRVL,MRVL-159,2025-07-08T13:00:00-04:00,2025-07-10T19:00:00-04:00,38,72.6827,73.59,3.4946,72.5927,72.798,-7.244,1.152,-5.148,neutral,72.2135,-0.0663,0.4507
MRVL,MRVL-160,2025-07-11T04:00:00-04:00,2025-07-14T18:00:00-04:00,30,73.01,72.46,3.2183,73.1812,72.9313,21.036,-16.042,-7.792,neutral,72.302,0.1049,0.0885
MRVL,MRVL-161,2025-07-18T09:00:00-04:00,2025-07-18T12:00:00-04:00,3,72.295,74.16,3.0506,72.2299,71.9877,21.145,-4.084,-1.169,neutral,72.205,-0.0165,-0.1493
MRVL,MRVL-162,2025-07-22T11:00:00-04:00,2025-07-23T18:00:00-04:00,23,72.23,73.8826,3.0769,72.3473,72.7658,-35.388,12.086,-10.087,neutral_down,72.4812,0.0549,0.2597
MRVL,MRVL-163,2025-07-24T09:00:00-04:00,2025-07-28T06:00:00-04:00,29,73.22,75.29,2.9639,73.578,73.357,5.27,-12.785,-25.413,neutral,72.5168,0.0793,0.0904
MRVL,MRVL-164,2025-07-29T17:00:00-04:00,2025-07-30T05:00:00-04:00,4,76.3013,80.5,2.745,76.7017,76.4359,1.187,-8.019,-40.343,neutral,73.0801,0.283,0.5633
MRVL,MRVL-165,2025-07-31T08:00:00-04:00,2025-07-31T17:00:00-04:00,9,82.75,79.16,3.1927,82.8956,81.9023,28.707,-7.232,-11.937,neutral_up,74.1403,0.763,1.3432
MRVL,MRVL-166,2025-08-04T10:00:00-04:00,2025-08-04T14:00:00-04:00,4,75.98,76.6799,3.4908,75.4642,75.9245,-2.477,4.148,19.816,neutral,74.6857,-0.0219,1.3083
MRVL,MRVL-167,2025-08-05T10:00:00-04:00,2025-08-06T06:00:00-04:00,12,75.71,75.97,3.4146,76.8988,76.7193,-1.906,-37.349,-40.355,neutral,74.8533,0.1677,0.713
MRVL,MRVL-168,2025-08-06T08:00:00-04:00,2025-08-07T09:00:00-04:00,17,75.95,77.11,3.3878,75.9936,76.1564,-8.378,-0.275,-0.402,neutral,75.0167,0.1633,0.3091
MRVL,MRVL-169,2025-08-07T10:00:00-04:00,2025-08-08T05:00:00-04:00,11,75.4,76.3,3.3365,76.0247,75.8396,10.572,-27.001,-18.465,neutral,75.0452,0.0285,0.3595
MRVL,MRVL-170,2025-08-08T08:00:00-04:00,2025-08-08T11:00:00-04:00,3,76.0101,77.08,3.3168,76.071,75.9316,11.914,-7.228,-7.483,neutral,75.1183,0.0732,0.265
MRVL,MRVL-171,2025-08-11T15:00:00-04:00,2025-08-11T16:00:00-04:00,1,77.28,77.2004,3.2074,78.0481,77.7229,2.913,-24.162,-53.728,neutral,75.3221,0.2038,0.3054
MRVL,MRVL-172,2025-08-12T15:00:00-04:00,2025-08-12T18:00:00-04:00,3,77.8,77.81,3.1797,77.2926,77.2696,15.633,5.988,16.733,neutral,75.5001,0.178,0.4549
MRVL,MRVL-173,2025-08-13T16:00:00-04:00,2025-08-13T17:00:00-04:00,1,79.3,79.41,3.1761,79.1012,78.624,32.724,-1.956,-3.459,neutral_up,75.7092,0.2091,0.5909
MRVL,MRVL-174,2025-08-14T07:00:00-04:00,2025-08-15T04:00:00-04:00,13,79.89,79.22,3.1107,79.6614,79.1879,40.915,-0.714,1.051,neutral_up,76.0384,0.3292,0.7162
MRVL,MRVL-175,2025-08-15T08:00:00-04:00,2025-08-15T10:00:00-04:00,2,78.9,76.965,3.0519,79.024,78.9805,1.721,-6.081,-7.149,neutral,76.3103,0.272,0.8102
MRVL,MRVL-176,2025-08-18T13:00:00-04:00,2025-08-19T11:00:00-04:00,14,76.19,74.41,3.0661,76.1589,76.6079,-30.388,7.643,1.675,neutral_down,76.2976,-0.0128,0.5884
MRVL,MRVL-177,2025-08-21T13:00:00-04:00,2025-08-22T11:00:00-04:00,14,71.055,73.57,3.1439,70.9861,71.2161,-9.793,2.731,7.598,neutral,75.5205,-0.4281,-0.7771
MRVL,MRVL-178,2025-08-25T13:00:00-04:00,2025-08-26T13:00:00-04:00,16,73.355,74.575,3.1294,73.2926,72.9936,24.293,-4.623,4.511,neutral_up,74.9367,-0.1947,-1.0119
MRVL,MRVL-179,2025-08-27T12:00:00-04:00,2025-08-28T07:00:00-04:00,11,74.85,76.25,2.9642,74.6445,74.3376,32.632,-1.388,7.719,neutral_up,74.7122,-0.0412,-0.4192
MRVL,MRVL-180,2025-08-28T08:00:00-04:00,2025-08-28T12:00:00-04:00,4,76.49,76.475,2.8387,75.4645,74.951,66.716,4.729,28.845,distribution,74.7192,0.0071,-0.2175
MRVL,MRVL-181,2025-08-28T16:00:00-04:00,2025-08-28T17:00:00-04:00,1,71.1773,67.4,2.8387,75.4359,75.3499,-18.861,-80.559,-69.32,neutral,74.7192,0.0071,-0.2175
MRVL,MRVL-182,2025-09-02T12:00:00-04:00,2025-09-02T18:00:00-04:00,6,63.0001,64.43,3.7133,62.6904,63.9609,-36.254,8.92,29.854,neutral_down,73.8537,-1.0984,-0.8585
MRVL,MRVL-183,2025-09-05T14:00:00-04:00,2025-09-05T16:00:00-04:00,2,63.1945,63.26,3.5604,63.4804,63.6008,-30.492,7.885,-19.723,neutral_down,71.3181,-0.7218,-2.5356
MRVL,MRVL-184,2025-09-10T11:00:00-04:00,2025-09-12T19:00:00-04:00,40,67.42,67.1983,3.3446,67.2663,66.8913,30.909,0.632,-33.952,neutral_up,69.872,-0.3043,-1.4461
MRVL,MRVL-185,2025-09-15T04:00:00-04:00,2025-09-15T06:00:00-04:00,2,67.09,66.92,3.0279,67.1682,67.1736,-2.363,-2.672,-3.33,neutral,69.1564,-0.1846,-0.7156
MRVL,MRVL-186,2025-09-15T08:00:00-04:00,2025-09-16T15:00:00-04:00,23,67.29,68.83,3.0279,67.0753,67.1166,-2.535,13.609,5.304,neutral,69.1564,-0.1846,-0.7156
MRVL,MRVL-187,2025-09-17T07:00:00-04:00,2025-09-17T10:00:00-04:00,3,68.31,71.58,2.8586,68.3284,68.1741,4.379,5.373,-15.599,neutral,68.9841,-0.0154,-0.357
MRVL,MRVL-188,2025-09-19T10:00:00-04:00,2025-09-22T13:00:00-04:00,19,74.32,75.31,3.0205,74.234,73.6729,41.404,-8.749,5.537,neutral_up,69.6242,0.4586,0.6247
MRVL,MRVL-189,2025-09-23T12:00:00-04:00,2025-09-24T09:00:00-04:00,13,75.855,78.18,2.925,75.5644,75.1933,33.46,0.462,9.764,neutral_up,70.5362,0.4924,1.3706
MRVL,MRVL-190,2025-09-24T11:00:00-04:00,2025-09-24T13:00:00-04:00,2,76.045,81.48,2.8825,75.9166,75.4715,40.56,-19.771,40.433,neutral_up,70.9083,0.3722,1.2842
MRVL,MRVL-191,2025-09-26T14:00:00-04:00,2025-09-30T05:00:00-04:00,23,83.52,82.15,3.5371,82.9353,82.1978,29.62,2.478,17.222,neutral_up,72.8384,1.0972,2.3022
MRVL,MRVL-192,2025-09-30T09:00:00-04:00,2025-10-01T19:00:00-04:00,26,84.06,83.59,3.4026,82.6256,82.6765,16.047,37.597,36.786,neutral,74.5562,0.7804,2.815
MRVL,MRVL-193,2025-10-03T10:00:00-04:00,2025-10-06T09:00:00-04:00,15,87.05,89.215,3.3419,86.3017,85.8323,28.191,21.651,-11.099,neutral_up,77.0962,0.9114,2.54
MRVL,MRVL-194,2025-10-07T09:00:00-04:00,2025-10-07T14:00:00-04:00,5,89.32,86.85,3.316,89.3477,88.7339,36.885,-15.859,-5.018,neutral_up,78.9166,0.9928,2.7318
MRVL,MRVL-195,2025-10-09T14:00:00-04:00,2025-10-10T14:00:00-04:00,16,91.41,87.2076,3.5894,91.585,91.2213,8.033,-0.807,-16.195,neutral,80.818,1.1702,2.8943
MRVL,MRVL-196,2025-10-14T06:00:00-04:00,2025-10-17T05:00:00-04:00,47,86.24,86.0,3.9441,88.0536,88.5027,-43.261,-16.548,-55.36,neutral_down,82.7142,0.6666,1.8962
MRVL,MRVL-197,2025-10-17T09:00:00-04:00,2025-10-20T19:00:00-04:00,26,87.555,86.0016,3.924,87.2219,87.7273,-14.047,9.823,40.668,neutral,83.9858,0.4254,1.2716
MRVL,MRVL-198,2025-10-21T08:00:00-04:00,2025-10-21T09:00:00-04:00,1,85.75,83.56,3.8319,85.7999,86.2514,-31.514,6.569,7.91,neutral_down,84.4828,0.1357,0.9224
MRVL,MRVL-199,2025-10-23T05:00:00-04:00,2025-10-23T13:00:00-04:00,8,81.14,83.38,3.8639,81.0935,81.7285,-18.321,0.603,11.46,neutral,84.1568,-0.3067,-0.1903
MRVL,MRVL-200,2025-10-23T16:00:00-04:00,2025-10-24T05:00:00-04:00,5,80.9,82.97,3.8639,82.1532,82.0386,-4.5,-28.664,-38.313,neutral,84.1568,-0.3067,-0.1903
MRVL,MRVL-201,2025-10-24T08:00:00-04:00,2025-10-24T10:00:00-04:00,2,83.61,84.605,3.7964,82.8435,82.4654,32.799,5.981,13.241,neutral_up,84.0289,-0.1279,-0.4539
MRVL,MRVL-202,2025-10-28T12:00:00-04:00,2025-10-31T04:00:00-04:00,40,88.485,91.85,3.8563,88.5345,87.9633,28.975,-6.713,-15.524,neutral_up,84.4582,0.4237,0.3013
MRVL,MRVL-203,2025-11-03T04:00:00-05:00,2025-11-03T05:00:00-05:00,1,95.11,95.13,3.9628,93.8393,93.0048,36.04,13.301,9.487,neutral_up,86.3353,0.7365,1.5133
MRVL,MRVL-204,2025-11-03T09:00:00-05:00,2025-11-03T16:00:00-05:00,7,93.605,90.6,3.9628,94.4995,93.7248,22.458,-24.496,-22.537,neutral,86.3353,0.7365,1.5133
MRVL,MRVL-205,2025-11-10T19:00:00-05:00,2025-11-11T11:00:00-05:00,8,93.3,89.875,4.6456,93.295,92.9563,11.416,-0.737,-5.728,neutral,88.1612,0.2819,1.3805
MRVL,MRVL-206,2025-11-12T09:00:00-05:00,2025-11-13T07:00:00-05:00,14,90.81,88.8,4.5707,90.4621,90.7553,-4.216,5.971,18.026,neutral,88.6867,0.0683,0.8074
MRVL,MRVL-207,2025-11-13T08:00:00-05:00,2025-11-13T10:00:00-05:00,2,88.0125,86.82,4.5299,89.0111,89.6218,-41.794,-10.924,-13.695,neutral_down,88.7443,0.0576,0.5831
MRVL,MRVL-208,2025-11-14T05:00:00-05:00,2025-11-14T07:00:00-05:00,2,86.93,84.4,4.5356,87.0061,87.7046,-32.014,8.882,-6.429,neutral_down,88.6403,-0.104,0.0219
MRVL,MRVL-209,2025-11-14T08:00:00-05:00,2025-11-17T06:00:00-05:00,14,84.1524,86.91,4.5356,85.8,86.9279,-63.435,-1.679,-31.422,accumulation,88.6403,-0.104,0.0219
MRVL,MRVL-210,2025-11-17T08:00:00-05:00,2025-11-17T13:00:00-05:00,5,85.92,83.21,4.6166,86.586,86.8138,-16.421,-8.407,-15.263,neutral,88.443,-0.1973,-0.2438
MRVL,MRVL-211,2025-11-19T10:00:00-05:00,2025-11-19T16:00:00-05:00,6,80.355,83.79,4.6687,79.6277,80.1434,1.062,5.131,40.922,neutral,87.1528,-0.8463,-1.4875
MRVL,MRVL-212,2025-11-21T15:00:00-05:00,2025-11-24T10:00:00-05:00,11,77.43,81.04,4.835,77.3471,77.8344,-4.237,-3.64,10.537,neutral,85.7172,-0.9017,-2.2819
MRVL,MRVL-213,2025-11-25T13:00:00-05:00,2025-11-26T10:00:00-05:00,13,82.25,87.09,5.031,82.4541,81.9932,10.199,-2.968,-3.255,neutral,84.8553,-0.1085,-1.7636
MRVL,MRVL-214,2025-11-28T12:00:00-05:00,2025-12-01T11:00:00-05:00,10,89.39,91.505,4.9777,88.1654,87.2371,51.98,6.456,32.868,neutral_up,84.9945,0.2715,0.0307
MRVL,MRVL-215,2025-12-02T12:00:00-05:00,2025-12-02T17:00:00-05:00,5,92.26,104.1,4.9414,92.6013,91.79,22.668,-9.534,-40.439,neutral,85.9137,0.5186,1.1907
MRVL,MRVL-216,2025-12-04T09:00:00-05:00,2025-12-08T04:00:00-05:00,27,99.88,95.55,5.1023,99.3749,98.8489,13.448,5.689,0.332,neutral,87.789,1.2411,2.394
MRVL,MRVL-217,2025-12-09T08:00:00-05:00,2025-12-09T17:00:00-05:00,9,91.34,89.15,5.4923,91.8196,92.5993,-17.936,-9.234,5.647,neutral,89.8663,0.2114,2.0773
MRVL,MRVL-218,2025-12-09T18:00:00-05:00,2025-12-09T19:00:00-05:00,1,90.7,90.3274,5.4923,89.793,90.6897,-20.424,20.675,27.36,neutral,89.8663,0.2114,2.0773
MRVL,MRVL-219,2025-12-10T04:00:00-05:00,2025-12-10T05:00:00-05:00,1,90.39,90.3,5.3814,89.9979,90.6325,-10.437,4.004,30.661,neutral,89.7739,-0.0924,1.0385
MRVL,MRVL-220,2025-12-10T08:00:00-05:00,2025-12-11T12:00:00-05:00,20,91.05,88.22,5.3814,90.3682,90.6205,2.599,9.311,12.025,neutral,89.7739,-0.0924,1.0385
MRVL,MRVL-221,2025-12-15T13:00:00-05:00,2025-12-16T04:00:00-05:00,7,84.545,82.89,5.2763,84.6806,85.4577,-41.243,9.984,3.691,neutral_down,89.458,-0.5033,-0.316
MRVL,MRVL-222,2025-12-16T09:00:00-05:00,2025-12-17T05:00:00-05:00,12,84.14,87.06,5.0552,83.8444,84.3417,-21.136,12.922,30.563,neutral,88.989,-0.4689,-1.0263
MRVL,MRVL-223,2025-12-18T13:00:00-05:00,2025-12-18T17:00:00-05:00,4,84.51,84.38,4.9346,84.0186,83.8338,18.658,1.224,8.6,neutral,87.9183,-0.6208,-1.5396
MRVL,MRVL-224,2025-12-19T04:00:00-05:00,2025-12-19T05:00:00-05:00,1,85.46,85.21,4.8193,84.4954,84.167,30.907,15.858,19.123,neutral_up,87.5976,-0.3208,-1.3915
MRVL,MRVL-225,2025-12-19T07:00:00-05:00,2025-12-23T11:00:00-05:00,36,84.45,87.42,4.8193,84.6697,84.3457,17.797,-13.617,-13.11,neutral,87.5976,-0.3208,-1.3915
MRVL,MRVL-226,2025-12-26T09:00:00-05:00,2025-12-26T11:00:00-05:00,2,86.4,86.56,4.2968,86.757,86.7739,-8.014,-13.24,-4.616,neutral,87.0541,-0.0564,-0.2236
MRVL,MRVL-227,2025-12-26T14:00:00-05:00,2025-12-29T06:00:00-05:00,8,86.24,85.34,4.2968,86.5049,86.633,-21.424,-3.896,-10.749,neutral,87.0541,-0.0564,-0.2236
MRVL,MRVL-228,2025-12-29T14:00:00-05:00,2025-12-30T09:00:00-05:00,11,85.665,87.75,4.0778,85.3606,85.6789,-16.781,15.987,29.433,neutral,86.9874,-0.0667,-0.0642
MRVL,MRVL-229,2025-12-31T09:00:00-05:00,2025-12-31T10:00:00-05:00,1,85.85,85.5026,3.8266,86.424,86.3951,-7.598,-22.81,2.634,neutral,86.8669,-0.0117,-0.1873
MRVL,MRVL-230,2026-01-06T04:00:00-05:00,2026-01-06T06:00:00-05:00,2,91.26,91.58,3.9416,90.9369,90.5701,13.584,7.848,-0.186,neutral,87.2313,0.2929,0.3645
MRVL,MRVL-231,2026-01-06T07:00:00-05:00,2026-01-06T16:00:00-05:00,9,91.97,88.2888,3.9416,91.3044,90.8424,31.954,7.82,18.37,neutral_up,87.2313,0.2929,0.3645
MRVL,MRVL-232,2026-01-08T12:00:00-05:00,2026-01-12T05:00:00-05:00,25,83.515,81.97,4.2205,83.9728,84.8701,-56.369,5.15,-7.132,neutral_down,87.0756,-0.2436,0.1371
MRVL,MRVL-233,2026-01-13T09:00:00-05:00,2026-01-14T09:00:00-05:00,16,83.6601,80.6,3.7738,83.1917,83.1171,26.522,8.299,29.211,neutral_up,86.0991,-0.3219,-0.9765
MRVL,MRVL-234,2026-01-15T19:00:00-05:00,2026-01-16T04:00:00-05:00,1,81.23,81.52,3.613,81.3058,81.5824,-20.386,7.221,10.813,neutral,85.4069,-0.4177,-1.0141
MRVL,MRVL-235,2026-01-16T08:00:00-05:00,2026-01-20T04:00:00-05:00,12,81.49,77.71,3.5649,81.5208,81.604,-2.044,-2.342,-2.2,neutral,84.949,-0.4579,-1.1501
MRVL,MRVL-236,2026-01-21T13:00:00-05:00,2026-01-21T14:00:00-05:00,1,81.585,83.0545,3.5371,81.5349,81.0524,24.72,-9.124,-35.468,neutral_up,84.1109,-0.4301,-1.296
MRVL,MRVL-237,2026-01-21T15:00:00-05:00,2026-01-21T16:00:00-05:00,1,82.52,82.89,3.5371,81.9751,81.3513,35.007,-2.412,1.163,neutral_up,84.1109,-0.4301,-1.296
MRVL,MRVL-238,2026-01-22T13:00:00-05:00,2026-01-23T10:00:00-05:00,13,83.77,81.0525,3.6045,83.777,83.1661,25.736,-5.302,-7.01,neutral_up,83.9663,-0.1446,-0.9827
MRVL,MRVL-239,2026-01-26T11:00:00-05:00,2026-01-26T16:00:00-05:00,5,81.08,81.76,3.5414,80.4483,80.7271,2.045,10.59,47.334,neutral,83.5623,-0.3307,-0.5487
MRVL,MRVL-240,2026-01-27T17:00:00-05:00,2026-01-28T04:00:00-05:00,3,82.84,84.17,3.5659,82.9117,82.5262,19.394,-3.677,-20.698,neutral,83.4011,-0.1611,-0.5651
MRVL,MRVL-241,2026-01-28T09:00:00-05:00,2026-01-29T09:00:00-05:00,16,83.7903,81.265,3.4855,83.9125,83.3448,41.546,-20.955,-29.369,neutral_up,83.3574,-0.0437,-0.5356
MRVL,MRVL-242,2026-01-30T11:00:00-05:00,2026-01-30T18:00:00-05:00,7,80.26,79.05,3.5691,80.4672,80.866,-13.28,-7.104,21.657,neutral,83.1966,-0.1847,-0.2045
MRVL,MRVL-243,2026-02-02T15:00:00-05:00,2026-02-03T06:00:00-05:00,7,78.64,79.22,3.5656,78.3733,78.7166,-9.338,6.712,1.169,neutral,82.8106,-0.3861,-0.5468
MRVL,MRVL-244,2026-02-04T13:00:00-05:00,2026-02-06T06:00:00-05:00,25,72.655,77.35,3.6657,73.8943,74.9036,-61.21,-1.833,-24.476,neutral_down,81.8058,-0.6256,-1.3908
MRVL,MRVL-245,2026-02-06T08:00:00-05:00,2026-02-06T09:00:00-05:00,1,76.84,78.35,3.7375,75.8727,74.9968,36.654,-3.466,-6.042,neutral_up,80.4497,-0.622,-1.9817
MRVL,MRVL-246,2026-02-09T09:00:00-05:00,2026-02-09T17:00:00-05:00,8,80.2,82.54,3.9362,79.8184,78.9496,26.729,3.9,2.689,neutral_up,80.4378,-0.0119,-1.368
MRVL,MRVL-247,2026-02-10T13:00:00-05:00,2026-02-12T11:00:00-05:00,28,82.7,78.4,3.9687,82.7092,82.0742,31.26,-6.352,-8.236,neutral_up,80.6053,0.1675,-0.4664
MRVL,MRVL-248,2026-02-13T13:00:00-05:00,2026-02-17T17:00:00-05:00,20,79.16,78.87,3.9379,78.9737,79.1133,5.983,-4.26,9.228,neutral,80.5514,-0.2321,-0.0539
MRVL,MRVL-249,2026-02-18T13:00:00-05:00,2026-02-23T12:00:00-05:00,47,80.25,76.815,3.8063,79.6245,79.3116,30.889,10.685,12.868,neutral_up,80.256,-0.1216,-0.5275
MRVL,MRVL-250,2026-02-24T18:00:00-05:00,2026-02-25T13:00:00-05:00,11,78.4001,80.67,3.4851,78.4383,78.4145,-3.662,2.981,-7.175,neutral,79.8429,-0.2033,-0.3072
MRVL,MRVL-251,2026-02-27T12:00:00-05:00,2026-02-27T15:00:00-05:00,3,80.25,81.71,3.4528,79.4579,79.3321,24.735,7.97,27.863,neutral_up,79.777,-0.0457,-0.0659
MRVL,MRVL-252,2026-03-02T08:00:00-05:00,2026-03-02T18:00:00-05:00,10,79.49,80.87,3.4655,79.7576,79.8353,-17.499,7.046,-4.343,neutral,79.9527,0.1757,0.2438
MRVL,MRVL-253,2026-03-04T06:00:00-05:00,2026-03-05T14:00:00-05:00,24,78.26,76.04,3.5156,78.1173,78.4433,-6.635,0.404,19.544,neutral,79.8065,-0.2287,0.0296
MRVL,MRVL-254,2026-03-09T13:00:00-04:00,2026-03-09T14:00:00-04:00,1,90.06,90.4522,4.55,88.4044,87.4504,37.466,4.635,40.026,neutral_up,80.2209,0.9279,0.4144
MRVL,MRVL-255,2026-03-10T15:00:00-04:00,2026-03-11T15:00:00-04:00,16,93.29,90.41,4.8482,93.4033,92.1887,31.391,-6.404,-27.808,neutral_up,81.3527,1.1317,1.7003
MRVL,MRVL-256,2026-03-12T15:00:00-04:00,2026-03-12T16:00:00-04:00,1,87.66,87.66,4.7529,88.6229,89.6127,-55.228,-4.589,-14.578,neutral_down,83.1626,0.7247,2.9417
MRVL,MRVL-257,2026-03-13T08:00:00-04:00,2026-03-16T09:00:00-04:00,17,88.8,91.28,4.6305,88.1659,88.6489,-6.362,11.78,39.775,neutral,83.5715,0.4089,2.2188
MRVL,MRVL-258,2026-03-17T10:00:00-04:00,2026-03-18T12:00:00-04:00,18,91.81,87.82,4.5702,91.6926,91.0963,32.901,-7.626,5.524,neutral_up,84.6504,0.69,1.4878
MRVL,MRVL-259,2026-03-19T13:00:00-04:00,2026-03-19T18:00:00-04:00,5,87.84,89.7,4.492,87.387,87.9701,-15.282,11.116,22.911,neutral,85.4225,0.2167,1.4621
MRVL,MRVL-260,2026-03-20T12:00:00-04:00,2026-03-23T05:00:00-04:00,9,89.4,85.99,4.5004,89.2595,88.9824,15.58,-3.09,8.914,neutral,85.7923,0.3698,1.1419
MRVL,MRVL-261,2026-03-23T07:00:00-04:00,2026-03-23T14:00:00-04:00,7,89.26,90.685,4.4518,87.7458,88.1319,-11.557,40.495,23.352,neutral,85.9921,0.1998,0.7863
MRVL,MRVL-262,2026-03-24T10:00:00-04:00,2026-03-24T14:00:00-04:00,4,92.1,92.71,4.3903,90.2125,89.7413,38.64,24.189,36.235,neutral_up,86.3674,0.3753,0.9448
MRVL,MRVL-263,2026-03-26T11:00:00-04:00,2026-03-27T13:00:00-04:00,18,98.21,93.57,4.5361,97.9344,97.0167,38.58,-8.508,27.375,neutral_up,87.9583,1.0462,1.9662
MRVL,MRVL-264,2026-04-02T11:00:00-04:00,2026-04-02T14:00:00-04:00,3,106.647,106.28,5.6836,104.5497,103.6042,34.273,12.633,52.476,neutral_up,91.6511,1.5079,2.2583
MRVL,MRVL-265,2026-04-06T13:00:00-04:00,2026-04-07T18:00:00-04:00,21,109.63,113.97,5.7155,108.6751,107.519,36.066,4.371,9.485,neutral_up,93.0564,1.4054,3.8039
MRVL,MRVL-266,2026-04-09T06:00:00-04:00,2026-04-09T09:00:00-04:00,3,116.2,119.07,5.6589,115.1825,114.044,45.456,0.34,27.844,neutral_up,97.5856,1.6854,4.5292
MRVL,MRVL-267,2026-04-13T13:00:00-04:00,2026-04-15T18:00:00-04:00,37,129.51,134.81,6.0874,130.6888,129.0274,22.028,-14.985,-22.038,neutral,102.2327,2.6167,6.3326
MRVL,MRVL-268,2026-04-16T08:00:00-04:00,2026-04-17T11:00:00-04:00,19,132.9,137.96,6.0225,134.3413,133.9588,-2.414,-18.349,-35.598,neutral,109.9649,2.4635,7.7321
MRVL,MRVL-269,2026-04-21T15:00:00-04:00,2026-04-22T14:00:00-04:00,15,151.33,157.59,6.3594,151.442,149.9799,23.794,-4.71,-8.706,neutral_up,117.6255,3.0204,7.6607
MRVL,MRVL-270,2026-04-29T09:00:00-04:00,2026-04-30T11:00:00-04:00,18,155.06,164.09,7.8779,155.2924,155.0679,7.389,-7.5,-8.79,neutral,135.3564,1.7864,7.5629
MRVL,MRVL-271,2026-05-01T05:00:00-04:00,2026-05-05T07:00:00-04:00,34,163.97,166.1395,7.8454,163.5695,161.9455,31.928,-0.93,-3.34,neutral_up,139.8182,2.5342,6.2481
MRVL,MRVL-272,2026-05-05T09:00:00-04:00,2026-05-05T12:00:00-04:00,3,167.25,171.92,7.5633,165.8123,165.1376,40.881,-1.642,26.706,neutral_up,144.0563,1.9534,6.7723
MRVL,MRVL-273,2026-05-06T10:00:00-04:00,2026-05-07T13:00:00-04:00,19,167.6,161.66,7.6938,170.8738,169.9175,-1.315,-27.466,-55.612,neutral,146.3021,2.2458,6.4839
MRVL,MRVL-274,2026-05-11T10:00:00-04:00,2026-05-11T11:00:00-04:00,1,170.77,172.465,8.4866,166.8773,166.586,14.286,38.113,28.176,neutral,151.5399,1.86,5.2378
MRVL,MRVL-275,2026-05-11T12:00:00-04:00,2026-05-11T14:00:00-04:00,2,170.67,169.84,8.4866,168.5299,167.4432,39.304,-0.192,63.131,neutral_up,151.5399,1.86,5.2378
MRVL,MRVL-276,2026-05-14T13:00:00-04:00,2026-05-15T06:00:00-04:00,9,182.1053,175.18,9.6413,183.6568,180.7293,23.359,-12.673,-27.477,neutral,156.4628,2.1497,4.9229
MRVL,MRVL-277,2026-05-15T15:00:00-04:00,2026-05-15T17:00:00-04:00,2,176.92,176.0,10.0112,178.0391,178.3843,-0.54,-10.444,3.645,neutral,158.8216,2.3588,5.5263
MRVL,MRVL-278,2026-05-18T04:00:00-04:00,2026-05-18T05:00:00-04:00,1,180.0,180.08,9.944,177.2815,177.7505,-0.038,19.158,11.93,neutral,160.4669,1.6453,6.1539
MRVL,MRVL-279,2026-05-18T06:00:00-04:00,2026-05-18T13:00:00-04:00,7,179.0,167.005,9.944,178.073,178.0566,8.97,-0.408,28.166,neutral,160.4669,1.6453,6.1539
MRVL,MRVL-280,2026-05-19T13:00:00-04:00,2026-05-19T14:00:00-04:00,1,180.365,177.28,10.4916,172.9535,171.887,51.833,17.899,68.674,neutral_up,161.2299,0.763,4.7672
MRVL,MRVL-281,2026-05-21T06:00:00-04:00,2026-05-22T16:00:00-04:00,26,187.99,196.47,11.5103,188.706,185.7298,37.476,-17.31,-9.936,neutral_up,164.7984,2.2012,4.3314
MRVL,MRVL-282,2026-05-22T18:00:00-04:00,2026-05-26T04:00:00-04:00,2,195.55,205.68,11.2431,195.9613,194.4985,20.691,-6.601,-9.002,neutral,167.1503,2.352,5.9204
MRVL,MRVL-283,2026-05-28T11:00:00-04:00,2026-06-01T13:00:00-04:00,34,200.25,224.3,12.448,199.7689,201.4902,-7.93,2.518,-6.884,neutral,175.6142,2.3136,8.4639
MRVL,MRVL-284,2026-06-04T12:00:00-04:00,2026-06-04T14:00:00-04:00,2,309.83,316.675,18.8204,296.3,294.2857,31.533,11.726,49.991,neutral_up,203.7092,9.8191,23.0272
MRVL,MRVL-285,2026-06-09T09:00:00-04:00,2026-06-09T10:00:00-04:00,1,282.355,267.825,24.3821,293.8828,292.5314,-5.858,-35.268,-35.779,neutral,224.7928,6.3437,21.0836
MRVL,MRVL-286,2026-06-10T13:00:00-04:00,2026-06-10T19:00:00-04:00,6,261.83,245.274,26.8119,260.0886,264.8915,-20.244,8.692,8.272,neutral,228.6189,3.8261,14.6719
MRVL,MRVL-287,2026-06-11T04:00:00-04:00,2026-06-11T14:00:00-04:00,10,260.95,275.615,26.3404,252.8234,257.9468,-22.173,34.355,27.583,neutral,230.7972,2.1783,12.3481
MRVL,MRVL-288,2026-06-12T11:00:00-04:00,2026-06-12T12:00:00-04:00,1,279.3,285.01,26.5832,277.7091,273.5927,30.684,-6.264,14.432,neutral_up,235.3447,4.5475,10.5519
MRVL,MRVL-289,2026-06-12T15:00:00-04:00,2026-06-15T06:00:00-04:00,7,279.6,293.0,26.5832,281.0939,276.8146,27.045,-13.922,-10.744,neutral_up,235.3447,4.5475,10.5519
MRVL,MRVL-290,2026-06-16T10:00:00-04:00,2026-06-16T15:00:00-04:00,5,301.05,278.23,26.6765,304.2121,300.5117,21.427,-18.782,-20.777,neutral,245.6845,6.3166,14.8873
MRVL,MRVL-291,2026-06-17T14:00:00-04:00,2026-06-18T05:00:00-04:00,7,300.38,305.31,27.5474,293.1047,291.8795,32.376,8.243,28.705,neutral_up,248.6432,2.9587,13.2984
MRVL,MRVL-292,2026-06-22T09:00:00-04:00,2026-06-22T11:00:00-04:00,2,307.6,299.285,28.5768,312.5053,311.0168,-2.742,-14.012,-20.834,neutral,257.6667,5.3183,11.9822
MRVL,MRVL-293,2026-06-22T18:00:00-04:00,2026-06-23T04:00:00-04:00,2,303.2,283.24,28.5768,306.1051,307.5705,-17.95,-6.918,-7.092,neutral,257.6667,5.3183,11.9822
MRVL,MRVL-294,2026-06-24T08:00:00-04:00,2026-06-24T14:00:00-04:00,6,284.82,266.75,27.9595,283.3946,285.8057,-9.939,3.482,6.845,neutral,263.7578,1.5272,11.4095
MRVL,MRVL-295,2026-06-24T15:00:00-04:00,2026-06-24T18:00:00-04:00,3,276.7,290.45,27.9595,273.7706,278.6594,-36.766,26.955,19.543,neutral_down,263.7578,1.5272,11.4095
MRVL,MRVL-296,2026-06-26T13:00:00-04:00,2026-06-26T14:00:00-04:00,1,266.59,263.5499,27.3775,269.0438,272.8471,-36.088,0.44,3.387,neutral_down,266.4658,1.5314,4.2352
MRVL,MRVL-297,2026-06-29T04:00:00-04:00,2026-06-29T16:00:00-04:00,12,272.0,274.924,26.8348,267.3429,269.7053,-7.972,23.236,25.978,neutral,266.4426,-0.0233,2.6847
MRVL,MRVL-298,2026-07-06T15:00:00-04:00,2026-07-06T16:00:00-04:00,1,249.29,248.51,27.4975,252.3297,254.668,-28.145,-6.575,-17.968,neutral_down,268.0991,-2.2859,0.6267
MRVL,MRVL-299,2026-07-06T18:00:00-04:00,2026-07-07T04:00:00-04:00,2,246.88,238.3,27.4975,250.1987,253.0189,-39.162,-5.74,-11.017,neutral_down,268.0991,-2.2859,0.6267
CRM,CRM-001,2024-07-15T13:00:00-04:00,2024-07-16T16:00:00-04:00,15,252.825,256.26,6.6844,254.3723,253.9117,0.425,-23.371,-35.229,neutral,251.6959,0.2484,0.3365
CRM,CRM-002,2024-07-17T09:00:00-04:00,2024-07-17T10:00:00-04:00,1,253.83,251.69,6.3404,253.9145,254.1595,-19.298,11.438,-2.638,neutral,252.2016,0.3908,0.7542
CRM,CRM-003,2024-07-19T16:00:00-04:00,2024-07-22T10:00:00-04:00,5,247.75,254.79,6.3788,247.3312,248.0439,-11.675,5.245,18.736,neutral,251.667,-0.4427,-0.1438
CRM,CRM-004,2024-07-23T15:00:00-04:00,2024-07-24T12:00:00-04:00,10,256.07,250.63,6.322,255.6832,254.4253,38.663,-3.101,0.461,neutral_up,251.5528,0.2537,-0.5569
CRM,CRM-005,2024-07-25T09:00:00-04:00,2024-07-25T12:00:00-04:00,3,254.25,262.555,6.2006,253.475,253.4096,10.111,5.53,17.628,neutral,251.7731,-0.1903,0.4741
CRM,CRM-006,2024-07-29T12:00:00-04:00,2024-07-29T19:00:00-04:00,5,260.62,258.0,6.8475,261.9253,261.2101,-0.914,-8.163,-32.912,neutral,253.1666,0.9483,1.2032
CRM,CRM-007,2024-07-31T07:00:00-04:00,2024-07-31T14:00:00-04:00,7,255.5,260.69,6.8075,255.7964,257.0102,-22.717,-0.569,26.592,neutral,254.0526,0.3847,1.8343
CRM,CRM-008,2024-07-31T15:00:00-04:00,2024-07-31T16:00:00-04:00,1,258.79,258.8,6.8075,258.5328,258.0574,18.46,-8.05,-0.59,neutral,254.0526,0.3847,1.8343
CRM,CRM-009,2024-08-01T12:00:00-04:00,2024-08-01T13:00:00-04:00,1,254.64,252.46,6.7841,258.0132,258.2887,-32.587,-19.953,-73.202,neutral_down,254.4833,0.4307,1.3166
CRM,CRM-010,2024-08-06T15:00:00-04:00,2024-08-07T10:00:00-04:00,9,238.25,245.57,7.902,240.7532,240.7393,-10.804,-22.71,-27.484,neutral,252.0945,-1.3145,-2.3887
CRM,CRM-011,2024-08-12T09:00:00-04:00,2024-08-13T12:00:00-04:00,16,249.94,254.92,7.6593,251.8217,250.3436,30.262,-37.713,-31.355,neutral_up,250.0527,0.2517,-0.7832
CRM,CRM-012,2024-08-14T16:00:00-04:00,2024-08-15T10:00:00-04:00,6,255.83,261.48,7.2483,255.5552,254.6464,27.727,0.735,-15.105,neutral_up,250.5869,0.4053,0.7859
CRM,CRM-013,2024-08-16T14:00:00-04:00,2024-08-20T08:00:00-04:00,19,262.69,265.2,7.0523,262.4782,261.3423,39.733,-4.348,-3.447,neutral_up,252.0882,1.0792,1.9066
CRM,CRM-014,2024-08-20T09:00:00-04:00,2024-08-20T14:00:00-04:00,5,264.65,261.76,6.6094,264.6994,263.9595,31.332,-9.741,-12.089,neutral_up,254.1883,1.1182,3.1793
CRM,CRM-015,2024-08-22T08:00:00-04:00,2024-08-22T19:00:00-04:00,11,261.2201,262.16,6.2068,261.1549,261.5668,-15.294,2.672,6.033,neutral,255.4511,0.5699,2.3809
CRM,CRM-016,2024-08-26T09:00:00-04:00,2024-08-26T10:00:00-04:00,1,265.49,266.685,6.2427,264.4142,263.4817,48.161,7.59,5.404,neutral_up,256.4905,0.745,1.6093
CRM,CRM-017,2024-08-26T15:00:00-04:00,2024-08-26T17:00:00-04:00,2,265.38,265.3,6.2427,265.336,264.4725,29.355,-5.111,-27.533,neutral_up,256.4905,0.745,1.6093
CRM,CRM-018,2024-08-26T19:00:00-04:00,2024-08-28T15:00:00-04:00,25,265.1,258.99,6.2427,265.2727,264.7153,17.313,-4.145,-7.784,neutral,256.4905,0.745,1.6093
CRM,CRM-019,2024-08-28T16:00:00-04:00,2024-08-29T04:00:00-04:00,4,268.4,271.37,6.0791,262.2229,262.6052,5.645,59.096,65.26,neutral,257.9315,0.6329,2.1859
CRM,CRM-020,2024-08-30T13:00:00-04:00,2024-08-30T14:00:00-04:00,1,252.345,252.24,6.8797,254.9777,257.5793,-64.154,-3.916,-16.335,accumulation,257.937,-0.0907,0.6384
CRM,CRM-021,2024-09-03T13:00:00-04:00,2024-09-03T17:00:00-04:00,4,249.18,248.39,6.969,250.9009,252.7116,-57.023,-6.662,-16.884,neutral_down,257.48,-0.457,-0.4515
CRM,CRM-022,2024-09-04T17:00:00-04:00,2024-09-06T05:00:00-04:00,16,247.67,244.56,6.9748,247.8683,248.7638,-25.393,0.163,-1.881,neutral_down,256.6355,-0.8445,-1.3922
CRM,CRM-023,2024-09-06T08:00:00-04:00,2024-09-06T12:00:00-04:00,4,246.5,241.8,6.5505,245.8343,246.6496,-26.021,22.461,3.075,neutral_down,254.9395,-0.8809,-2.5405
CRM,CRM-024,2024-09-06T15:00:00-04:00,2024-09-06T16:00:00-04:00,1,243.92,242.9301,6.5505,243.5918,244.8911,-35.078,16.972,24.555,neutral_down,254.9395,-0.8809,-2.5405
CRM,CRM-025,2024-09-09T05:00:00-04:00,2024-09-09T07:00:00-04:00,1,247.18,246.02,6.694,244.1301,244.7956,4.883,37.357,39.962,neutral,253.9377,-1.0018,-2.6978
CRM,CRM-026,2024-09-09T09:00:00-04:00,2024-09-09T11:00:00-04:00,2,248.0,246.21,6.694,245.4292,245.2701,31.522,16.615,26.639,neutral_up,253.9377,-1.0018,-2.6978
CRM,CRM-027,2024-09-09T13:00:00-04:00,2024-09-09T14:00:00-04:00,1,245.93,245.365,6.694,246.0968,245.6727,16.767,-12.446,-3.474,neutral,253.9377,-1.0018,-2.6978
CRM,CRM-028,2024-09-09T16:00:00-04:00,2024-09-09T17:00:00-04:00,1,245.76,246.74,6.694,245.8931,245.6705,2.992,-1.462,-13.776,neutral,253.9377,-1.0018,-2.6978
CRM,CRM-029,2024-09-10T10:00:00-04:00,2024-09-11T16:00:00-04:00,20,244.9,251.6738,6.6044,246.0376,245.8779,-3.423,-14.578,-14.713,neutral,253.2006,-0.7371,-2.6198
CRM,CRM-030,2024-09-13T08:00:00-04:00,2024-09-13T12:00:00-04:00,4,252.82,255.77,6.3985,252.55,251.4032,40.444,-4.911,2.749,neutral_up,252.3881,0.1082,-0.8126
CRM,CRM-031,2024-09-16T11:00:00-04:00,2024-09-16T13:00:00-04:00,2,256.89,257.445,6.2546,255.7257,254.6346,45.065,3.733,16.731,neutral_up,252.5882,0.2002,0.0304
CRM,CRM-032,2024-09-16T14:00:00-04:00,2024-09-16T19:00:00-04:00,5,257.19,256.91,6.2546,256.4715,255.2855,46.779,-3.23,1.714,neutral_up,252.5882,0.2002,0.0304
CRM,CRM-033,2024-09-17T12:00:00-04:00,2024-09-18T07:00:00-04:00,11,256.25,257.85,6.0393,257.3802,256.7605,8.555,-21.871,-51.539,neutral,252.9729,0.3847,0.6931
CRM,CRM-034,2024-09-18T08:00:00-04:00,2024-09-18T10:00:00-04:00,2,257.6,252.815,5.9372,257.0435,256.7679,25.987,-1.132,23.932,neutral_up,253.1854,0.2125,0.7973
CRM,CRM-035,2024-09-20T15:00:00-04:00,2024-09-23T14:00:00-04:00,13,266.64,264.005,6.6901,265.2899,263.8253,37.492,7.482,6.944,neutral_up,254.2805,1.172,1.3076
CRM,CRM-036,2024-09-26T15:00:00-04:00,2024-09-30T10:00:00-04:00,20,275.68,271.81,6.9392,275.2927,274.3091,21.827,1.65,1.713,neutral,259.0188,1.5131,3.6147
CRM,CRM-037,2024-10-01T13:00:00-04:00,2024-10-02T12:00:00-04:00,11,271.98,279.02,6.6333,272.1588,272.9059,-26.455,8.025,-2.208,neutral_down,263.0534,1.0657,4.0345
CRM,CRM-038,2024-10-03T13:00:00-04:00,2024-10-04T07:00:00-04:00,7,279.72,282.79,6.8482,278.961,278.0071,30.685,2.512,12.052,neutral_up,265.2021,1.4318,3.2144
CRM,CRM-039,2024-10-07T14:00:00-04:00,2024-10-07T15:00:00-04:00,1,283.5,284.4,6.6346,285.7306,285.1096,-5.497,-29.626,-41.05,neutral,268.5217,1.8998,4.7514
CRM,CRM-040,2024-10-07T16:00:00-04:00,2024-10-07T19:00:00-04:00,3,285.0,284.0,6.6346,285.3716,285.041,-5.36,4.425,-29.489,neutral,268.5217,1.8998,4.7514
CRM,CRM-041,2024-10-08T09:00:00-04:00,2024-10-08T13:00:00-04:00,4,286.52,288.8672,6.5029,285.4847,285.1811,24.59,9.88,31.831,neutral_up,269.9652,1.4435,4.7631
CRM,CRM-042,2024-10-10T12:00:00-04:00,2024-10-11T07:00:00-04:00,7,287.49,290.0,6.4955,287.5232,287.7213,-7.544,2.435,12.18,neutral,273.3846,1.4525,4.8628
CRM,CRM-043,2024-10-11T09:00:00-04:00,2024-10-11T11:00:00-04:00,2,288.7,288.26,6.4322,289.2279,288.7072,15.31,-15.494,-28.147,neutral,274.9105,1.5259,4.9453
CRM,CRM-044,2024-10-11T12:00:00-04:00,2024-10-11T13:00:00-04:00,1,287.5148,288.095,6.4322,288.6411,288.5485,-13.518,-11.446,-28.828,neutral,274.9105,1.5259,4.9453
CRM,CRM-045,2024-10-14T04:00:00-04:00,2024-10-14T05:00:00-04:00,1,289.01,289.26,6.2542,288.1187,288.2536,-1.651,21.813,14.119,neutral,276.1005,1.19,4.1684
CRM,CRM-046,2024-10-14T08:00:00-04:00,2024-10-14T15:00:00-04:00,7,289.1,291.62,6.2542,288.594,288.4637,16.673,2.543,18.324,neutral,276.1005,1.19,4.1684
CRM,CRM-047,2024-10-15T10:00:00-04:00,2024-10-15T16:00:00-04:00,6,289.27,288.75,6.1253,290.8981,290.4498,-1.708,-25.94,-37.052,neutral,277.5113,1.4109,4.1268
CRM,CRM-048,2024-10-18T04:00:00-04:00,2024-10-18T19:00:00-04:00,13,292.25,293.2,5.9231,291.3763,290.9337,26.83,15.039,15.332,neutral_up,280.66,1.04,3.1486
CRM,CRM-049,2024-10-21T05:00:00-04:00,2024-10-21T07:00:00-04:00,1,290.94,288.0,5.8257,292.5123,292.1609,-3.204,-32.383,-33.911,neutral,281.7872,1.1273,3.2833
CRM,CRM-050,2024-10-21T09:00:00-04:00,2024-10-21T11:00:00-04:00,2,291.95,290.625,5.8257,291.2123,291.5431,-26.107,34.738,-22.903,neutral_down,281.7872,1.1273,3.2833
CRM,CRM-051,2024-10-21T16:00:00-04:00,2024-10-21T17:00:00-04:00,1,291.8,291.29,5.8257,291.1846,291.3325,1.758,8.305,10.753,neutral,281.7872,1.1273,3.2833
CRM,CRM-052,2024-10-22T08:00:00-04:00,2024-10-22T15:00:00-04:00,7,290.25,288.25,5.7682,290.9354,291.1765,-19.588,-4.716,-11.315,neutral,282.6502,0.863,3.0303
CRM,CRM-053,2024-10-24T11:00:00-04:00,2024-10-24T18:00:00-04:00,6,286.325,286.91,5.6644,286.0184,286.4428,1.657,-3.885,12.146,neutral,283.263,0.1037,1.4758
CRM,CRM-054,2024-10-30T15:00:00-04:00,2024-10-30T18:00:00-04:00,3,296.66,296.0,5.8746,297.9337,297.5576,-8.278,-14.624,-29.477,neutral,286.3359,1.2594,2.7559
CRM,CRM-055,2024-11-01T12:00:00-04:00,2024-11-01T16:00:00-04:00,4,294.269,294.72,5.7848,293.7046,293.7203,14.262,-3.755,22.559,neutral,287.6404,0.366,2.5639
CRM,CRM-056,2024-11-01T17:00:00-04:00,2024-11-01T18:00:00-04:00,1,294.0,294.72,5.7848,294.1746,293.9849,7.452,-7.122,-4.955,neutral,287.6404,0.366,2.5639
CRM,CRM-057,2024-11-04T10:00:00-05:00,2024-11-04T14:00:00-05:00,4,293.75,299.79,5.8709,295.5666,295.1134,-3.105,-21.904,-54.439,neutral,288.2786,0.6381,1.9427
CRM,CRM-058,2024-11-04T15:00:00-05:00,2024-11-04T16:00:00-05:00,1,298.03,298.01,5.8709,297.4346,296.2727,39.388,-10.772,17.624,neutral_up,288.2786,0.6381,1.9427
CRM,CRM-059,2024-11-05T10:00:00-05:00,2024-11-05T14:00:00-05:00,4,295.88,296.77,5.9701,297.348,296.8114,-2.033,-13.568,-34.307,neutral,289.1651,0.8865,1.8906
CRM,CRM-060,2024-11-12T13:00:00-05:00,2024-11-13T04:00:00-05:00,7,343.44,340.06,7.8731,342.5038,338.6432,50.212,-6.433,-25.216,neutral_up,299.9934,4.1747,8.5274
CRM,CRM-061,2024-11-13T09:00:00-05:00,2024-11-14T10:00:00-05:00,15,343.7925,334.0,8.05,341.5194,340.2144,28.315,13.437,20.49,neutral_up,303.7167,3.7233,10.5131
CRM,CRM-062,2024-11-18T07:00:00-05:00,2024-11-18T12:00:00-05:00,5,327.3,322.07,8.5588,326.662,328.1208,-21.297,6.466,11.685,neutral,310.8363,1.4494,7.1196
CRM,CRM-063,2024-11-19T11:00:00-05:00,2024-11-20T08:00:00-05:00,11,323.105,327.3,8.4328,321.6426,322.9156,-19.005,21.574,35.142,neutral,311.8585,1.0222,4.6878
CRM,CRM-064,2024-11-20T09:00:00-05:00,2024-11-21T08:00:00-05:00,15,322.46,331.24,8.4519,324.2299,323.7961,12.237,-34.051,-5.233,neutral,312.905,1.0465,3.518
CRM,CRM-065,2024-11-22T14:00:00-05:00,2024-11-22T15:00:00-05:00,1,340.62,342.01,8.8708,339.3376,337.1295,56.046,-5.088,13.815,neutral_up,316.0451,1.9815,4.1866
CRM,CRM-066,2024-11-26T15:00:00-05:00,2024-11-27T04:00:00-05:00,5,343.18,338.09,8.7979,341.6637,341.111,29.097,7.122,7.408,neutral_up,320.2987,1.8931,6.2351
CRM,CRM-067,2024-11-29T13:00:00-05:00,2024-12-03T16:00:00-05:00,28,329.99,353.58,8.9171,330.9978,332.3671,-36.446,-3.348,-5.872,neutral_down,323.0844,0.7056,4.6788
CRM,CRM-068,2024-12-05T11:00:00-05:00,2024-12-05T18:00:00-05:00,7,362.3565,361.0,10.4453,363.5855,362.2503,-1.345,2.141,-22.604,neutral,328.9511,3.9059,5.239
CRM,CRM-069,2024-12-06T04:00:00-05:00,2024-12-06T05:00:00-05:00,1,362.0,361.67,10.5092,361.3691,361.4971,-1.954,7.345,6.092,neutral,331.8983,2.9472,7.5245
CRM,CRM-070,2024-12-06T08:00:00-05:00,2024-12-09T10:00:00-05:00,18,361.8554,352.92,10.5092,361.6104,361.5853,2.428,1.0,2.505,neutral,331.8983,2.9472,7.5245
CRM,CRM-071,2024-12-10T13:00:00-05:00,2024-12-10T19:00:00-05:00,6,349.59,349.01,10.2591,351.8976,353.541,-47.145,-12.638,-29.978,neutral_down,336.1786,1.5501,7.2275
CRM,CRM-072,2024-12-16T15:00:00-05:00,2024-12-17T15:00:00-05:00,15,357.31,350.8,10.1367,355.5208,355.7852,9.336,11.419,31.941,neutral,341.9125,1.2448,4.5837
CRM,CRM-073,2024-12-18T09:00:00-05:00,2024-12-18T15:00:00-05:00,6,350.13,336.94,9.8241,352.3617,352.8357,-13.689,-27.192,-20.908,neutral,343.9929,0.6807,3.3252
CRM,CRM-074,2024-12-19T19:00:00-05:00,2024-12-20T05:00:00-05:00,2,335.44,331.1,10.5174,337.4777,339.9678,-50.029,-5.659,-13.36,neutral_down,343.3518,-0.6412,1.4393
CRM,CRM-075,2024-12-20T10:00:00-05:00,2024-12-20T11:00:00-05:00,1,343.84,345.15,10.3447,336.3583,337.5701,14.168,43.882,82.825,neutral,342.7089,-0.6429,-0.6034
CRM,CRM-076,2024-12-23T13:00:00-05:00,2024-12-24T07:00:00-05:00,6,342.5373,343.7,10.6994,341.7957,341.756,0.504,8.647,26.849,neutral,342.7863,0.0774,-1.2067
CRM,CRM-077,2024-12-24T08:00:00-05:00,2024-12-27T11:00:00-05:00,22,342.0,336.47,10.447,342.3853,342.1219,6.994,-8.769,5.135,neutral,342.7839,-0.0024,-0.5679
CRM,CRM-078,2024-12-31T10:00:00-05:00,2024-12-31T13:00:00-05:00,3,334.925,333.61,9.2082,335.9513,336.7031,-19.223,-9.46,17.74,neutral,341.8605,-0.595,-1.073
CRM,CRM-079,2024-12-31T14:00:00-05:00,2025-01-02T06:00:00-05:00,8,333.88,337.95,9.2082,334.9673,335.9636,-33.007,-1.174,-13.428,neutral_down,341.8605,-0.595,-1.073
CRM,CRM-080,2025-01-02T08:00:00-05:00,2025-01-02T13:00:00-05:00,5,338.24,329.35,8.8891,337.0907,336.4851,38.193,-6.647,13.149,neutral_up,341.1905,-0.67,-1.6437
CRM,CRM-081,2025-01-03T14:00:00-05:00,2025-01-06T04:00:00-05:00,6,333.11,336.0,9.0477,331.8002,332.1642,3.552,14.58,17.437,neutral,340.2404,-0.95,-2.2151
CRM,CRM-082,2025-01-06T05:00:00-05:00,2025-01-06T16:00:00-05:00,11,329.37,330.48,8.6993,332.7453,332.6336,-3.655,-52.6,-24.611,neutral,339.5822,-0.6582,-2.2783
CRM,CRM-083,2025-01-07T10:00:00-05:00,2025-01-07T11:00:00-05:00,1,327.73,325.91,8.7436,329.6154,330.4054,-24.455,-14.977,-2.246,neutral_down,338.7556,-0.8266,-2.4348
CRM,CRM-084,2025-01-07T16:00:00-05:00,2025-01-07T17:00:00-05:00,1,325.31,324.0,8.7436,326.6562,328.3603,-51.815,3.233,-8.328,neutral_down,338.7556,-0.8266,-2.4348
CRM,CRM-085,2025-01-08T11:00:00-05:00,2025-01-10T10:00:00-05:00,14,325.62,317.215,8.7327,325.1857,326.3264,-16.261,6.204,27.295,neutral,337.4933,-1.2623,-2.7471
CRM,CRM-086,2025-01-15T09:00:00-05:00,2025-01-15T16:00:00-05:00,7,322.945,320.9755,8.7125,325.3349,323.8493,34.929,-45.744,2.781,neutral_up,332.4905,-0.897,-4.0325
CRM,CRM-087,2025-01-16T15:00:00-05:00,2025-01-17T05:00:00-05:00,5,319.99,326.82,8.858,322.3673,322.6681,-22.001,-18.66,-41.57,neutral,331.4268,-1.0637,-3.4005
CRM,CRM-088,2025-01-17T09:00:00-05:00,2025-01-17T11:00:00-05:00,2,323.9475,326.69,8.8089,324.8377,323.8965,25.418,-24.748,-25.724,neutral_up,330.3871,-1.0397,-3.0004
CRM,CRM-089,2025-01-21T07:00:00-05:00,2025-01-22T06:00:00-05:00,15,327.0,331.5,8.864,326.4035,325.6327,26.367,-0.999,5.655,neutral_up,329.8364,-0.5506,-2.654
CRM,CRM-090,2025-01-22T09:00:00-05:00,2025-01-22T13:00:00-05:00,4,329.68,331.655,8.7358,330.3161,328.8352,38.084,-26.188,-16.939,neutral_up,329.5713,-0.2651,-1.8555
CRM,CRM-091,2025-01-22T14:00:00-05:00,2025-01-22T17:00:00-05:00,3,331.97,332.81,8.7358,331.3811,329.9739,27.834,-2.023,-7.014,neutral_up,329.5713,-0.2651,-1.8555
CRM,CRM-092,2025-01-22T19:00:00-05:00,2025-01-24T04:00:00-05:00,17,331.56,336.6,8.7358,332.0393,330.9008,21.022,-9.993,-9.188,neutral,329.5713,-0.2651,-1.8555
CRM,CRM-093,2025-01-24T13:00:00-05:00,2025-01-24T19:00:00-05:00,6,332.88,333.9,8.5021,335.0903,334.6205,-9.243,-28.31,-42.786,neutral,330.288,0.4432,0.4516
CRM,CRM-094,2025-01-27T09:00:00-05:00,2025-01-27T10:00:00-05:00,1,336.09,346.52,8.3852,332.1444,332.7582,1.364,34.518,73.066,neutral,330.6091,0.3211,1.0378
CRM,CRM-095,2025-01-30T16:00:00-05:00,2025-01-31T19:00:00-05:00,17,343.57,340.0,10.0482,344.4794,346.5131,-23.723,-0.62,-2.759,neutral_down,336.3972,1.7573,5.7881
CRM,CRM-096,2025-02-03T17:00:00-05:00,2025-02-03T18:00:00-05:00,1,342.49,342.5,10.262,339.7403,339.9743,17.207,9.133,16.456,neutral,337.4531,0.4047,2.8131
CRM,CRM-097,2025-02-04T14:00:00-05:00,2025-02-06T10:00:00-05:00,25,341.73,332.17,10.2604,341.8184,341.659,-1.815,2.698,3.889,neutral,337.6064,0.1534,1.2092
CRM,CRM-098,2025-02-10T16:00:00-05:00,2025-02-10T17:00:00-05:00,1,327.0,327.3824,10.6382,328.2329,328.8513,-25.224,-7.171,-30.09,neutral_down,337.2011,-1.1361,-0.9975
CRM,CRM-099,2025-02-12T10:00:00-05:00,2025-02-12T16:00:00-05:00,6,322.57,326.12,9.9854,322.9279,324.1915,-43.44,17.991,-18.965,neutral_down,335.2085,-1.0788,-3.1287
CRM,CRM-100,2025-02-13T15:00:00-05:00,2025-02-13T19:00:00-05:00,4,329.86,330.4,9.9886,327.2767,326.3882,42.333,14.558,35.658,neutral_up,334.3868,-0.8217,-2.8143
CRM,CRM-101,2025-02-18T12:00:00-05:00,2025-02-19T05:00:00-05:00,9,327.43,330.59,9.6025,327.1479,327.2184,-1.036,5.024,6.237,neutral,333.2866,-0.6887,-1.9219
CRM,CRM-102,2025-02-19T09:00:00-05:00,2025-02-19T10:00:00-05:00,1,325.78,323.73,9.3566,329.0183,328.6008,-7.715,-45.905,-52.79,neutral,332.8951,-0.3915,-1.4917
CRM,CRM-103,2025-02-24T14:00:00-05:00,2025-02-25T04:00:00-05:00,6,309.55,308.36,9.1941,309.689,311.41,-26.936,2.133,28.576,neutral_down,328.9637,-1.9184,-3.9314
CRM,CRM-104,2025-02-25T11:00:00-05:00,2025-02-25T18:00:00-05:00,7,304.4358,312.6,9.1949,306.3668,308.1583,-57.846,4.808,-43.972,neutral_down,327.0852,-1.8785,-5.0431
CRM,CRM-105,2025-02-26T16:00:00-05:00,2025-02-26T17:00:00-05:00,1,301.0,295.07,9.0952,307.5609,309.0384,-45.18,-11.474,-10.977,neutral_down,325.1656,-1.9196,-5.7164
CRM,CRM-106,2025-02-28T04:00:00-05:00,2025-02-28T06:00:00-05:00,1,294.0,294.5,9.4022,295.7881,298.1435,-35.271,-1.425,-0.553,neutral_down,320.9511,-2.5931,-6.1341
CRM,CRM-107,2025-02-28T09:00:00-05:00,2025-03-04T05:00:00-05:00,27,298.14,292.56,9.4022,295.5476,297.203,-12.277,20.915,20.994,neutral,320.9511,-2.5931,-6.1341
CRM,CRM-108,2025-03-05T12:00:00-05:00,2025-03-05T16:00:00-05:00,4,288.96,291.95,9.7093,288.2611,289.3028,-15.698,11.141,17.651,neutral,313.8471,-2.6517,-7.104
CRM,CRM-109,2025-03-05T19:00:00-05:00,2025-03-06T17:00:00-05:00,12,291.2,287.45,9.7093,290.7264,290.2589,19.55,-4.378,-3.216,neutral,313.8471,-2.6517,-7.104
CRM,CRM-110,2025-03-11T10:00:00-04:00,2025-03-11T18:00:00-04:00,7,276.225,277.45,10.1683,274.6259,275.5306,1.884,6.56,27.5,neutral,303.9489,-3.1119,-7.8903
CRM,CRM-111,2025-03-17T13:00:00-04:00,2025-03-17T14:00:00-04:00,1,281.1201,282.07,10.1585,279.2115,278.3029,34.494,13.989,20.398,neutral_up,295.7393,-1.6529,-5.7579
CRM,CRM-112,2025-03-17T15:00:00-04:00,2025-03-18T19:00:00-04:00,15,280.62,279.0,10.1585,279.9506,278.8248,39.253,-8.079,18.748,neutral_up,295.7393,-1.6529,-5.7579
CRM,CRM-113,2025-03-19T09:00:00-04:00,2025-03-24T06:00:00-04:00,35,279.57,284.9,9.5346,279.2285,278.9795,16.606,-3.691,12.858,neutral,292.9489,-1.4159,-4.4433
CRM,CRM-114,2025-03-25T11:00:00-04:00,2025-03-25T13:00:00-04:00,2,287.5,287.43,8.6571,286.8833,285.3296,57.022,-13.271,14.007,neutral_up,289.3271,-0.3387,-2.3674
CRM,CRM-115,2025-03-28T09:00:00-04:00,2025-03-28T10:00:00-04:00,1,275.01,271.68,8.2061,277.5153,279.3113,-69.787,-16.462,-18.798,accumulation,287.5155,-0.9806,-1.8115
CRM,CRM-116,2025-04-01T09:00:00-04:00,2025-04-01T13:00:00-04:00,4,267.655,268.44,8.4093,267.2619,268.0955,-12.335,5.18,-5.315,neutral,284.3133,-1.6053,-4.1828
CRM,CRM-117,2025-04-02T07:00:00-04:00,2025-04-02T19:00:00-04:00,12,268.0,261.36,8.1658,269.1512,268.8744,4.877,-19.483,-12.479,neutral,283.0403,-1.273,-4.4752
CRM,CRM-118,2025-04-07T10:00:00-04:00,2025-04-07T17:00:00-04:00,7,244.68,245.62,9.272,238.0026,241.1515,-8.339,29.626,70.436,neutral,276.0143,-3.5394,-7.026
CRM,CRM-119,2025-04-08T15:00:00-04:00,2025-04-08T16:00:00-04:00,1,244.13,244.0,10.249,247.8296,246.9327,-8.964,-12.718,-33.739,neutral,273.1284,-2.8858,-8.8636
CRM,CRM-120,2025-04-08T18:00:00-04:00,2025-04-08T19:00:00-04:00,1,242.58,242.0,10.249,245.664,246.0677,-24.63,-6.467,-15.665,neutral_down,273.1284,-2.8858,-8.8636
CRM,CRM-121,2025-04-09T05:00:00-04:00,2025-04-09T06:00:00-04:00,1,244.62,244.4,10.7397,244.8689,245.5999,-18.858,9.993,-0.696,neutral,270.4922,-2.6362,-9.0615
CRM,CRM-122,2025-04-11T08:00:00-04:00,2025-04-16T15:00:00-04:00,44,257.7346,249.78,12.284,255.4837,255.1462,13.531,8.208,28.573,neutral,268.6433,-1.3623,-4.4851
CRM,CRM-123,2025-04-17T08:00:00-04:00,2025-04-17T14:00:00-04:00,6,248.7,248.39,10.957,250.254,251.606,-37.298,-4.774,-2.543,neutral_down,263.7803,-1.4,-3.6063
CRM,CRM-124,2025-04-17T16:00:00-04:00,2025-04-17T17:00:00-04:00,1,249.45,247.8,10.957,248.8507,250.0007,-21.656,13.661,3.161,neutral,263.7803,-1.4,-3.6063
CRM,CRM-125,2025-04-21T04:00:00-04:00,2025-04-21T07:00:00-04:00,3,247.26,242.39,10.5144,248.1676,249.3721,-32.611,-2.785,-10.954,neutral_down,262.2576,-1.5228,-3.9548
CRM,CRM-126,2025-04-25T13:00:00-04:00,2025-04-28T04:00:00-04:00,7,266.695,267.94,11.1645,266.2078,264.0532,52.699,-11.194,4.703,neutral_up,258.2841,0.6246,-1.6074
CRM,CRM-127,2025-04-28T08:00:00-04:00,2025-04-28T18:00:00-04:00,9,268.2687,265.59,10.712,267.8473,266.5295,32.94,2.016,-10.305,neutral_up,259.1619,0.8778,0.7715
CRM,CRM-128,2025-04-29T09:00:00-04:00,2025-04-30T16:00:00-04:00,18,265.78,274.08,10.3876,265.5705,265.7577,-6.449,6.94,5.973,neutral,259.7399,0.578,2.0804
CRM,CRM-129,2025-05-05T13:00:00-04:00,2025-05-05T19:00:00-04:00,5,274.595,272.26,9.2308,274.3594,273.7229,21.015,-3.606,-2.263,neutral,263.0606,1.1889,2.5998
CRM,CRM-130,2025-05-06T10:00:00-04:00,2025-05-06T17:00:00-04:00,7,273.485,272.6653,8.8468,271.964,272.5501,-14.872,31.306,28.706,neutral,263.916,0.8554,2.7762
CRM,CRM-131,2025-05-06T18:00:00-04:00,2025-05-07T11:00:00-04:00,6,273.8,276.67,8.8468,272.9676,272.8408,10.879,6.477,3.888,neutral,263.916,0.8554,2.7762
CRM,CRM-132,2025-05-09T09:00:00-04:00,2025-05-09T12:00:00-04:00,3,280.645,275.39,8.1898,280.3913,279.8691,15.719,1.374,2.822,neutral,267.232,1.2558,3.316
CRM,CRM-133,2025-05-13T16:00:00-04:00,2025-05-15T07:00:00-04:00,21,289.1533,289.06,8.6006,289.9381,288.6729,15.338,-6.024,-34.452,neutral,269.8777,1.9022,3.9015
CRM,CRM-134,2025-05-15T09:00:00-04:00,2025-05-16T19:00:00-04:00,23,291.09,288.0,8.1627,289.9435,290.11,-1.766,22.172,24.427,neutral,273.3615,1.7309,5.386
CRM,CRM-135,2025-05-20T06:00:00-04:00,2025-05-21T15:00:00-04:00,24,287.21,282.17,7.2463,287.8078,288.3348,-28.695,-8.37,5.013,neutral_down,277.4234,1.0097,4.062
CRM,CRM-136,2025-05-23T04:00:00-04:00,2025-05-23T06:00:00-04:00,1,282.59,282.89,6.8363,283.6405,284.0299,-26.962,-10.844,-21.033,neutral_down,279.1385,0.4111,1.7151
CRM,CRM-137,2025-05-28T08:00:00-04:00,2025-05-29T10:00:00-04:00,18,278.0,258.975,7.2561,277.4185,277.4414,5.109,6.268,13.65,neutral,278.4702,-0.123,-0.2572
CRM,CRM-138,2025-05-30T13:00:00-04:00,2025-06-02T18:00:00-04:00,19,260.8001,261.603,8.1649,263.4566,265.5559,-46.698,-7.158,-14.255,neutral_down,277.2467,-1.0317,-1.3465
CRM,CRM-139,2025-06-03T08:00:00-04:00,2025-06-03T18:00:00-04:00,10,262.0,264.4315,8.0897,261.6321,262.236,-9.811,4.813,30.6,neutral,274.8312,-1.3421,-3.4471
CRM,CRM-140,2025-06-04T10:00:00-04:00,2025-06-05T07:00:00-04:00,12,263.81,262.97,7.754,264.2507,263.9027,0.462,-2.911,-39.1,neutral,273.8929,-0.9383,-3.3538
CRM,CRM-141,2025-06-05T08:00:00-04:00,2025-06-05T10:00:00-04:00,2,263.4,267.275,7.4773,263.1468,263.2982,-2.917,6.02,14.866,neutral,272.9209,-0.9721,-3.2525
CRM,CRM-142,2025-06-09T14:00:00-04:00,2025-06-09T16:00:00-04:00,2,273.462,272.25,7.3811,273.5283,272.7667,22.181,-4.109,9.307,neutral,272.5889,0.2081,-1.3041
CRM,CRM-143,2025-06-10T10:00:00-04:00,2025-06-10T13:00:00-04:00,3,273.0814,269.19,7.2115,272.5452,272.5546,-4.105,17.853,-2.972,neutral,272.5581,-0.0308,-0.3628
CRM,CRM-144,2025-06-11T15:00:00-04:00,2025-06-11T19:00:00-04:00,4,266.0,265.55,7.1897,267.4167,268.5001,-60.884,-5.89,-38.749,neutral_down,272.1701,-0.388,-0.2107
CRM,CRM-145,2025-06-12T15:00:00-04:00,2025-06-12T19:00:00-04:00,4,266.83,266.79,6.969,266.4611,266.5953,6.607,-1.167,2.442,neutral,271.6092,-0.5609,-0.9797
CRM,CRM-146,2025-06-13T04:00:00-04:00,2025-06-13T05:00:00-04:00,1,263.0,262.5,6.8727,265.8828,266.2943,-36.674,-40.359,-40.182,neutral_down,271.1747,-0.4345,-1.3834
CRM,CRM-147,2025-06-17T11:00:00-04:00,2025-06-17T18:00:00-04:00,7,264.71,262.1,6.9037,264.1812,263.3119,42.427,-14.362,45.278,neutral_up,269.4523,-0.5692,-2.1569
CRM,CRM-148,2025-06-18T09:00:00-04:00,2025-06-18T11:00:00-04:00,2,261.5,260.46,7.0106,262.8886,262.9908,-15.917,-22.345,-21.165,neutral,268.8321,-0.6202,-2.3426
CRM,CRM-149,2025-06-20T13:00:00-04:00,2025-06-23T18:00:00-04:00,19,259.77,264.98,7.0531,260.1304,260.3912,-5.407,-8.651,-4.139,neutral,267.9819,-0.8502,-2.0396
CRM,CRM-150,2025-06-26T13:00:00-04:00,2025-06-26T17:00:00-04:00,4,269.61,270.74,6.9864,268.7785,268.6824,16.04,6.885,27.897,neutral,267.3992,0.0521,0.0884
CRM,CRM-151,2025-06-27T14:00:00-04:00,2025-06-30T05:00:00-04:00,6,269.69,275.21,6.9053,271.6848,271.1264,-0.874,-34.445,-51.754,neutral,267.7038,0.3046,0.754
CRM,CRM-152,2025-06-30T11:00:00-04:00,2025-06-30T12:00:00-04:00,1,272.35,272.275,6.7509,273.7709,273.0198,8.198,-22.944,-50.885,neutral,268.2135,0.5097,0.8663
CRM,CRM-153,2025-06-30T14:00:00-04:00,2025-06-30T16:00:00-04:00,2,271.7283,272.15,6.7509,272.9244,272.7812,-16.609,-7.205,-24.807,neutral,268.2135,0.5097,0.8663
CRM,CRM-154,2025-07-01T11:00:00-04:00,2025-07-02T10:00:00-04:00,12,272.275,267.12,6.6959,272.2263,272.3653,-3.011,0.809,9.745,neutral,268.615,0.4015,1.2158
CRM,CRM-155,2025-07-14T13:00:00-04:00,2025-07-14T17:00:00-04:00,4,261.223,259.77,6.5263,260.1261,260.4379,11.466,7.186,11.989,neutral,268.2349,-1.0195,-1.4397
CRM,CRM-156,2025-07-15T10:00:00-04:00,2025-07-15T16:00:00-04:00,6,258.4,257.3799,6.398,259.818,260.0541,-20.483,-25.579,-19.902,neutral,267.4372,-0.7977,-2.3506
CRM,CRM-157,2025-07-16T14:00:00-04:00,2025-07-17T07:00:00-04:00,9,257.625,258.0,6.2682,257.1637,257.7643,-18.514,14.796,17.485,neutral,266.5129,-0.9243,-2.7415
CRM,CRM-158,2025-07-17T09:00:00-04:00,2025-07-17T19:00:00-04:00,10,257.32,259.88,6.139,257.9485,257.93,-2.464,-18.294,-22.808,neutral,265.7199,-0.793,-2.515
CRM,CRM-159,2025-07-18T10:00:00-04:00,2025-07-18T15:00:00-04:00,5,259.94,262.36,5.9537,259.7576,259.228,30.692,-5.222,-7.406,neutral_up,265.1872,-0.5327,-2.25
CRM,CRM-160,2025-07-21T17:00:00-04:00,2025-07-23T10:00:00-04:00,23,262.28,267.0921,5.8042,262.6116,262.1479,7.796,-3.66,-24.692,neutral,264.9302,-0.257,-1.5827
CRM,CRM-161,2025-07-24T13:00:00-04:00,2025-07-25T13:00:00-04:00,14,266.44,269.475,5.4969,266.9539,266.7543,-10.301,2.025,-24.081,neutral,264.8276,0.2592,-0.1025
CRM,CRM-162,2025-07-28T09:00:00-04:00,2025-07-29T16:00:00-04:00,20,268.68,267.59,5.2745,269.3917,268.9466,14.148,-22.807,-25.173,neutral,265.4558,0.3734,0.8874
CRM,CRM-163,2025-07-30T16:00:00-04:00,2025-07-30T17:00:00-04:00,1,265.0,264.35,5.2748,266.0835,267.154,-58.23,6.017,-23.848,neutral_down,266.0414,0.1489,0.959
CRM,CRM-164,2025-08-04T14:00:00-04:00,2025-08-05T07:00:00-04:00,6,252.44,253.57,5.5637,252.3065,253.0936,-23.455,5.466,0.041,neutral,263.9247,-1.3335,-2.1167
CRM,CRM-165,2025-08-05T08:00:00-04:00,2025-08-05T14:00:00-04:00,6,253.6,249.13,5.3741,253.0257,253.0964,13.746,2.683,21.622,neutral,262.877,-1.0477,-3.067
CRM,CRM-166,2025-08-06T18:00:00-04:00,2025-08-06T19:00:00-04:00,1,249.75,249.17,5.4388,248.9789,249.295,7.597,5.884,24.856,neutral,261.475,-1.402,-3.7832
CRM,CRM-167,2025-08-07T04:00:00-04:00,2025-08-07T05:00:00-04:00,1,249.05,252.09,5.2818,249.0237,249.2624,-2.332,-4.387,-4.044,neutral,260.3491,-1.1259,-3.5756
CRM,CRM-168,2025-08-07T10:00:00-04:00,2025-08-07T11:00:00-04:00,1,245.72,241.34,5.2818,249.4332,249.5741,-29.773,-53.362,-68.038,neutral_down,260.3491,-1.1259,-3.5756
CRM,CRM-169,2025-08-08T16:00:00-04:00,2025-08-11T13:00:00-04:00,12,240.0,235.625,6.0497,240.3374,241.7608,-38.544,1.495,9.55,neutral_down,258.5792,-1.7699,-4.2978
CRM,CRM-170,2025-08-12T17:00:00-04:00,2025-08-13T06:00:00-04:00,4,232.0,233.24,6.2916,232.0171,233.2596,-30.47,4.644,5.434,neutral_down,254.7159,-2.2106,-5.6332
CRM,CRM-171,2025-08-13T09:00:00-04:00,2025-08-13T12:00:00-04:00,3,231.87,236.0,6.3557,232.4823,232.9379,-12.77,-12.278,-8.816,neutral,252.6181,-2.0978,-5.9611
CRM,CRM-172,2025-08-18T12:00:00-04:00,2025-08-18T18:00:00-04:00,6,242.245,244.9999,6.6515,241.6902,240.8454,25.981,2.065,16.704,neutral_up,248.9263,-0.6416,-3.6919
CRM,CRM-173,2025-08-19T16:00:00-04:00,2025-08-21T15:00:00-04:00,29,246.1,245.83,6.5357,245.2444,244.2889,39.289,2.504,12.604,neutral_up,248.482,-0.4442,-2.7226
CRM,CRM-174,2025-08-21T16:00:00-04:00,2025-08-21T18:00:00-04:00,2,244.261,245.2,6.1935,244.9937,245.2433,-8.602,-12.108,5.223,neutral,248.1049,-0.1515,-0.8213
CRM,CRM-175,2025-08-22T08:00:00-04:00,2025-08-22T13:00:00-04:00,5,245.15,248.08,6.2204,245.0081,245.096,2.301,-0.892,20.246,neutral,247.8981,-0.2068,-0.5839
CRM,CRM-176,2025-08-22T14:00:00-04:00,2025-08-22T15:00:00-04:00,1,248.38,248.13,6.2204,246.9713,246.1687,43.774,5.662,10.218,neutral_up,247.8981,-0.2068,-0.5839
CRM,CRM-177,2025-08-25T12:00:00-04:00,2025-08-26T11:00:00-04:00,13,247.22,243.42,6.1632,247.4988,247.2275,0.011,-0.238,-14.791,neutral,247.9192,0.0211,-0.3372
CRM,CRM-178,2025-08-29T13:00:00-04:00,2025-09-02T11:00:00-04:00,14,255.04,248.95,5.9445,254.6257,253.7576,28.367,3.661,5.253,neutral_up,248.3691,0.6221,0.4644
CRM,CRM-179,2025-09-03T16:00:00-04:00,2025-09-03T17:00:00-04:00,1,245.11,241.95,5.9863,252.6046,253.1547,-30.904,-68.624,-45.027,neutral_down,249.4459,0.3494,1.6989
CRM,CRM-180,2025-09-08T12:00:00-04:00,2025-09-10T10:00:00-04:00,29,251.005,247.31,7.2045,250.8404,249.7197,30.649,-5.726,-1.908,neutral_up,249.6401,0.111,0.1942
CRM,CRM-181,2025-09-12T09:00:00-04:00,2025-09-12T14:00:00-04:00,5,245.855,242.405,7.0754,246.4372,246.4439,-7.716,-9.048,-24.256,neutral,249.1074,-0.2887,-0.7763
CRM,CRM-182,2025-09-15T11:00:00-04:00,2025-09-16T10:00:00-04:00,13,242.5,239.58,7.0228,243.0471,243.6954,-28.25,-0.006,-10.515,neutral_down,248.5322,-0.5752,-1.5476
CRM,CRM-183,2025-09-17T10:00:00-04:00,2025-09-17T19:00:00-04:00,9,241.0495,243.2357,6.7006,240.4244,240.6265,7.717,2.85,27.095,neutral,247.1943,-0.7904,-1.9131
CRM,CRM-184,2025-09-19T07:00:00-04:00,2025-09-19T18:00:00-04:00,11,244.63,247.0,6.3894,244.5007,244.0192,17.729,1.09,-3.579,neutral,246.5232,-0.2143,-1.4615
CRM,CRM-185,2025-09-22T09:00:00-04:00,2025-09-22T11:00:00-04:00,2,244.595,248.91,6.208,245.767,245.49,-7.54,-19.257,-30.496,neutral,246.5711,0.0479,-0.6232
CRM,CRM-186,2025-09-24T14:00:00-04:00,2025-09-25T11:00:00-04:00,12,244.91,242.01,6.3547,245.2073,245.7442,-21.977,1.862,-4.202,neutral,246.6434,-0.2103,0.1202
CRM,CRM-187,2025-09-29T12:00:00-04:00,2025-09-30T10:00:00-04:00,13,244.38,237.49,6.1678,243.9101,243.5543,16.681,7.908,-18.623,neutral,245.831,-0.2301,-0.8123
CRM,CRM-188,2025-10-01T15:00:00-04:00,2025-10-01T16:00:00-04:00,1,235.69,235.69,6.1853,235.7636,237.2651,-45.359,12.837,15.839,neutral_down,244.9679,-0.8003,-1.0932
CRM,CRM-189,2025-10-01T17:00:00-04:00,2025-10-01T18:00:00-04:00,1,235.7,235.7,6.1853,235.7391,236.9926,-33.299,4.487,24.896,neutral_down,244.9679,-0.8003,-1.0932
CRM,CRM-190,2025-10-03T17:00:00-04:00,2025-10-03T19:00:00-04:00,2,240.35,240.31,6.3418,240.3205,239.673,20.322,-0.792,-1.105,neutral,243.6404,-0.484,-2.1278
CRM,CRM-191,2025-10-06T04:00:00-04:00,2025-10-06T05:00:00-04:00,1,240.06,240.01,6.1967,240.2641,239.808,13.307,-4.829,-7.015,neutral,243.3404,-0.3,-1.6275
CRM,CRM-192,2025-10-06T06:00:00-04:00,2025-10-06T11:00:00-04:00,5,239.85,238.1,6.1967,240.1406,239.8285,5.384,-4.581,-12.751,neutral,243.3404,-0.3,-1.6275
CRM,CRM-193,2025-10-08T13:00:00-04:00,2025-10-09T12:00:00-04:00,13,239.69,244.795,7.0426,239.9782,240.3904,-10.093,-5.329,11.198,neutral,243.2183,-0.3448,-0.4222
CRM,CRM-194,2025-10-14T09:00:00-04:00,2025-10-14T16:00:00-04:00,7,243.76,240.8,7.2008,246.4138,245.8555,-0.179,-22.647,-2.267,neutral,243.5648,0.5215,0.6046
CRM,CRM-195,2025-10-15T09:00:00-04:00,2025-10-15T11:00:00-04:00,2,240.95,237.83,7.3457,242.0748,243.0088,-23.924,-4.686,-10.983,neutral_down,243.2199,-0.345,0.0442
CRM,CRM-196,2025-10-15T13:00:00-04:00,2025-10-15T14:00:00-04:00,1,238.2,237.39,7.3457,239.8688,241.5483,-49.61,1.981,-17.29,neutral_down,243.2199,-0.345,0.0442
CRM,CRM-197,2025-10-15T17:00:00-04:00,2025-10-15T19:00:00-04:00,2,247.1,245.0,7.3457,240.1912,241.0258,7.846,63.179,60.58,neutral,243.2199,-0.345,0.0442
CRM,CRM-198,2025-10-17T05:00:00-04:00,2025-10-17T07:00:00-04:00,2,242.77,245.41,8.1267,244.5166,245.1345,-23.957,1.15,-17.09,neutral_down,242.9313,0.3069,-0.6336
CRM,CRM-199,2025-10-17T08:00:00-04:00,2025-10-20T11:00:00-04:00,19,244.31,253.21,8.1267,244.5214,244.979,-6.878,0.362,17.079,neutral,242.9313,0.3069,-0.6336
CRM,CRM-200,2025-10-23T14:00:00-04:00,2025-10-23T15:00:00-04:00,1,255.08,255.03,8.6588,256.0025,257.0718,-37.758,-0.366,-11.887,neutral_down,246.7315,0.9958,3.7904
CRM,CRM-201,2025-10-23T16:00:00-04:00,2025-10-28T17:00:00-04:00,46,255.25,254.25,8.6588,255.6964,256.7375,-34.138,3.227,3.255,neutral_down,246.7315,0.9958,3.7904
CRM,CRM-202,2025-10-29T18:00:00-04:00,2025-10-30T06:00:00-04:00,3,251.4,249.65,7.5179,252.1321,253.0571,-34.733,-2.657,0.684,neutral_down,249.3189,0.4961,1.833
CRM,CRM-203,2025-10-30T08:00:00-04:00,2025-10-30T10:00:00-04:00,2,249.95,258.0851,7.3552,250.746,251.9471,-52.653,4.991,-6.443,neutral_down,249.5254,0.2065,1.3673
CRM,CRM-204,2025-10-31T14:00:00-04:00,2025-10-31T18:00:00-04:00,4,259.6075,260.6,7.4927,257.212,256.3266,43.314,20.463,26.743,neutral_up,250.1731,0.6477,1.3503
CRM,CRM-205,2025-11-03T15:00:00-05:00,2025-11-03T16:00:00-05:00,1,261.3,261.33,7.614,259.6376,259.0005,28.262,15.771,25.101,neutral_up,251.1074,0.9343,1.7884
CRM,CRM-206,2025-11-03T17:00:00-05:00,2025-11-04T06:00:00-05:00,5,260.5639,258.9,7.614,260.0936,259.3351,30.186,-4.892,17.695,neutral_up,251.1074,0.9343,1.7884
CRM,CRM-207,2025-11-04T08:00:00-05:00,2025-11-04T12:00:00-05:00,4,258.87,254.55,7.5315,259.3046,259.2858,-9.505,0.768,-1.149,neutral,252.034,0.9266,2.5086
CRM,CRM-208,2025-11-05T14:00:00-05:00,2025-11-06T06:00:00-05:00,7,253.025,251.24,7.5538,253.7837,254.6835,-32.246,-4.704,-10.338,neutral_down,252.2563,0.2224,2.0832
CRM,CRM-209,2025-11-07T14:00:00-05:00,2025-11-10T07:00:00-05:00,9,240.83,240.8,8.1351,238.7522,240.5409,-21.556,26.131,38.845,neutral,251.1187,-1.1789,-0.9153
CRM,CRM-210,2025-11-10T08:00:00-05:00,2025-11-10T10:00:00-05:00,2,240.69,235.72,7.924,240.6037,240.6581,4.427,-3.775,-10.059,neutral,250.097,-1.0217,-2.1593
CRM,CRM-211,2025-11-10T11:00:00-05:00,2025-11-10T15:00:00-05:00,4,238.17,241.68,7.924,238.9588,239.7986,-38.758,10.746,-43.186,neutral_down,250.097,-1.0217,-2.1593
CRM,CRM-212,2025-11-12T15:00:00-05:00,2025-11-13T13:00:00-05:00,12,246.04,240.725,7.6097,245.799,244.7983,35.779,-4.655,-7.98,neutral_up,248.8962,-0.4356,-2.2225
CRM,CRM-213,2025-11-20T14:00:00-05:00,2025-11-20T15:00:00-05:00,1,226.55,225.45,7.4725,226.7696,228.396,-55.41,23.66,1.532,neutral_down,243.7629,-1.5893,-3.7451
CRM,CRM-214,2025-11-21T12:00:00-05:00,2025-11-24T05:00:00-05:00,8,226.26,227.3,7.4937,225.3972,226.0238,-5.421,9.667,21.136,neutral,242.098,-1.6648,-4.4583
CRM,CRM-215,2025-11-24T09:00:00-05:00,2025-11-25T06:00:00-05:00,13,228.345,225.0,7.4387,227.7836,227.2491,26.339,-0.636,8.012,neutral_up,240.7355,-1.3625,-4.6166
CRM,CRM-216,2025-11-25T09:00:00-05:00,2025-11-25T10:00:00-05:00,1,229.01,231.4,7.1788,226.4603,226.5777,14.627,44.86,53.591,neutral,239.465,-1.2705,-4.2979
CRM,CRM-217,2025-12-02T15:00:00-05:00,2025-12-03T16:00:00-05:00,17,234.81,251.7,6.993,234.6984,233.7796,29.059,-6.984,-0.705,neutral_up,236.9021,-0.4032,-2.0669
CRM,CRM-218,2025-12-03T17:00:00-05:00,2025-12-03T18:00:00-05:00,1,243.26,243.19,6.8528,240.6641,238.0669,61.525,-20.628,30.198,neutral_up,236.712,-0.1902,-1.2699
CRM,CRM-219,2025-12-04T09:00:00-05:00,2025-12-04T11:00:00-05:00,2,239.47,246.32,6.799,241.6545,240.2629,6.056,-12.352,-24.726,neutral,236.89,0.178,-0.4154
CRM,CRM-220,2025-12-08T13:00:00-05:00,2025-12-11T06:00:00-05:00,38,257.23,262.5,7.6373,259.0592,257.9241,0.72,-10.532,-33.843,neutral,239.9288,2.0661,3.2169
CRM,CRM-221,2025-12-11T09:00:00-05:00,2025-12-15T10:00:00-05:00,29,263.85,254.1,7.3039,262.8625,262.2674,22.859,11.464,4.002,neutral,245.3469,1.8823,5.4181
CRM,CRM-222,2025-12-16T14:00:00-05:00,2025-12-17T09:00:00-05:00,9,254.69,259.24,7.1811,254.0101,255.0395,-17.557,10.51,16.995,neutral,248.8615,0.5719,3.5146
CRM,CRM-223,2025-12-18T10:00:00-05:00,2025-12-22T06:00:00-05:00,26,258.34,260.0,6.9384,258.6691,258.2557,7.422,-5.641,-7.671,neutral,250.215,0.7955,1.9254
CRM,CRM-224,2025-12-22T09:00:00-05:00,2025-12-22T10:00:00-05:00,1,260.815,262.6,6.7091,260.0127,259.3299,36.613,3.437,5.751,neutral_up,251.7006,0.7969,2.2811
CRM,CRM-225,2025-12-23T15:00:00-05:00,2025-12-24T11:00:00-05:00,8,263.42,266.02,6.6745,262.8808,262.4658,19.561,7.603,22.227,neutral,252.856,1.1554,2.641
CRM,CRM-226,2025-12-26T19:00:00-05:00,2026-01-02T09:00:00-05:00,43,265.01,259.93,6.2809,265.7192,265.2346,11.191,-19.078,-20.571,neutral,254.8567,1.0403,3.1561
CRM,CRM-227,2026-01-05T14:00:00-05:00,2026-01-05T15:00:00-05:00,1,256.945,256.27,5.9694,256.5396,256.9301,7.237,-6.958,1.149,neutral,257.8889,-0.4269,1.0689
CRM,CRM-228,2026-01-12T04:00:00-05:00,2026-01-12T05:00:00-05:00,1,258.26,258.3,6.0122,259.6372,260.4033,-39.016,-17.999,-19.567,neutral_down,259.1304,0.081,0.9416
CRM,CRM-229,2026-01-12T07:00:00-05:00,2026-01-13T09:00:00-05:00,17,259.06,253.9375,6.0122,259.3078,260.1074,-38.241,8.589,-17.224,neutral_down,259.1304,0.081,0.9416
CRM,CRM-230,2026-01-14T16:00:00-05:00,2026-01-15T07:00:00-05:00,6,239.29,238.77,7.0362,239.4156,242.1988,-55.852,8.595,38.559,neutral_down,257.5065,-1.6466,-1.543
CRM,CRM-231,2026-01-15T08:00:00-05:00,2026-01-15T10:00:00-05:00,2,240.35,235.9,6.9465,239.3563,240.7837,-27.041,17.732,17.767,neutral_down,255.8804,-1.626,-3.25
CRM,CRM-232,2026-01-21T15:00:00-05:00,2026-01-22T05:00:00-05:00,6,221.6,223.3,7.1362,221.4233,222.0771,-4.709,-3.511,19.147,neutral,248.5678,-2.8498,-7.3126
CRM,CRM-233,2026-01-22T06:00:00-05:00,2026-01-22T13:00:00-05:00,7,222.48,226.7547,6.9426,222.6774,222.518,9.622,-10.448,-2.754,neutral,246.1162,-2.4516,-7.7342
CRM,CRM-234,2026-01-23T15:00:00-05:00,2026-01-26T19:00:00-05:00,19,228.04,232.6,6.9903,228.3154,227.3731,17.752,-4.994,-20.799,neutral,244.4784,-1.6378,-6.9392
CRM,CRM-235,2026-01-27T11:00:00-05:00,2026-01-27T12:00:00-05:00,1,229.1174,228.13,6.5462,231.202,230.8327,-15.525,-6.929,-90.545,neutral,241.7463,-1.2376,-4.3699
CRM,CRM-236,2026-01-28T14:00:00-05:00,2026-01-28T18:00:00-05:00,4,229.41,223.9793,6.755,229.5223,229.4574,5.475,-6.352,4.635,neutral,240.5449,-1.2015,-3.9335
CRM,CRM-237,2026-01-30T12:00:00-05:00,2026-02-02T19:00:00-05:00,23,212.415,211.25,7.4788,212.9984,214.5951,-35.512,-2.389,3.29,neutral_down,237.1009,-2.3081,-4.6455
CRM,CRM-238,2026-02-04T13:00:00-05:00,2026-02-04T18:00:00-05:00,5,197.01,199.2224,7.9995,195.3529,197.3381,-19.516,15.965,36.273,neutral,229.3618,-3.2992,-7.7391
CRM,CRM-239,2026-02-06T13:00:00-05:00,2026-02-10T07:00:00-05:00,26,189.0,187.41,8.5552,189.972,191.3738,-31.755,0.565,-3.337,neutral_down,223.2984,-3.3368,-9.3625
CRM,CRM-240,2026-02-10T08:00:00-05:00,2026-02-10T11:00:00-05:00,3,188.6,195.36,8.5492,190.3097,191.3485,-45.198,8.689,-16.261,neutral_down,217.9876,-2.4028,-8.6476
CRM,CRM-241,2026-02-12T13:00:00-05:00,2026-02-12T19:00:00-05:00,6,181.5244,184.155,8.7721,183.2935,185.1963,-57.392,1.022,-18.117,neutral_down,212.9503,-2.802,-7.44
CRM,CRM-242,2026-02-17T09:00:00-05:00,2026-02-17T10:00:00-05:00,1,184.895,184.455,8.7532,188.0833,188.1124,-22.787,-30.266,-22.396,neutral,208.5648,-1.8855,-7.1875
CRM,CRM-243,2026-02-18T09:00:00-05:00,2026-02-18T17:00:00-05:00,8,185.5,188.2,8.8301,185.0138,185.5189,-11.582,11.22,-5.576,neutral,206.3589,-2.2059,-6.5914
CRM,CRM-244,2026-02-19T09:00:00-05:00,2026-02-19T10:00:00-05:00,1,184.795,185.13,8.6476,187.0304,186.927,-18.793,-30.329,-42.039,neutral,204.6681,-1.6908,-5.7822
CRM,CRM-245,2026-02-19T12:00:00-05:00,2026-02-19T15:00:00-05:00,3,185.165,185.3,8.6476,186.1484,186.5031,-30.145,-1.258,-11.352,neutral_down,204.6681,-1.6908,-5.7822
CRM,CRM-246,2026-02-20T09:00:00-05:00,2026-02-23T05:00:00-05:00,12,189.05,183.67,8.3535,186.0371,186.0287,17.39,49.729,24.001,neutral,202.9074,-1.7607,-5.6574
CRM,CRM-247,2026-02-27T12:00:00-05:00,2026-03-03T13:00:00-05:00,33,194.605,198.15,8.9423,193.643,193.0712,8.141,8.677,12.359,neutral,197.5885,0.1851,-1.6102
CRM,CRM-248,2026-03-04T13:00:00-05:00,2026-03-05T07:00:00-05:00,10,195.35,193.63,8.7443,195.6612,195.1949,4.448,-2.033,-3.007,neutral,196.8581,-0.0788,-0.7304
CRM,CRM-249,2026-03-05T09:00:00-05:00,2026-03-05T10:00:00-05:00,1,201.59,201.055,8.4318,195.2739,194.8533,40.867,68.091,55.289,neutral_up,196.5119,-0.3462,-0.8227
CRM,CRM-250,2026-03-06T12:00:00-05:00,2026-03-10T19:00:00-04:00,39,199.965,195.0,8.6417,200.6004,199.9719,8.888,-8.975,22.308,neutral,196.9535,0.4416,0.0167
CRM,CRM-251,2026-03-11T08:00:00-04:00,2026-03-12T10:00:00-04:00,18,194.0,202.885,8.4214,194.5358,195.4848,-24.971,-1.151,7.742,neutral_down,197.2962,-0.2396,0.3427
CRM,CRM-252,2026-03-17T10:00:00-04:00,2026-03-17T17:00:00-04:00,7,197.75,195.5,8.4836,198.4604,197.5699,28.079,-24.631,-6.317,neutral_up,196.9342,0.1286,-0.0705
CRM,CRM-253,2026-03-18T14:00:00-04:00,2026-03-24T09:00:00-04:00,58,194.4999,186.79,8.4441,194.6754,195.3134,-19.275,1.073,17.115,neutral,196.7847,-0.1495,-0.4205
CRM,CRM-254,2026-03-25T13:00:00-04:00,2026-03-25T19:00:00-04:00,6,181.685,181.15,8.0814,182.7801,184.8196,-61.106,7.287,-18.991,neutral_down,195.0131,-1.1993,-1.4046
CRM,CRM-255,2026-03-31T13:00:00-04:00,2026-04-02T05:00:00-04:00,24,186.36,184.4,7.8835,186.0998,185.0528,29.703,-5.305,0.047,neutral_up,191.1926,-0.6193,-2.6293
CRM,CRM-256,2026-04-02T10:00:00-04:00,2026-04-06T05:00:00-04:00,10,186.375,187.78,7.6345,184.9621,185.4302,-11.05,30.249,32.857,neutral,190.3627,-0.4143,-1.4492
CRM,CRM-257,2026-04-06T09:00:00-04:00,2026-04-07T07:00:00-04:00,13,186.87,184.33,7.5181,186.9355,186.5325,14.67,-6.078,-13.093,neutral,190.0724,-0.2902,-1.1202
CRM,CRM-258,2026-04-07T09:00:00-04:00,2026-04-08T05:00:00-04:00,12,184.73,187.5,7.3054,184.7609,185.2589,-23.682,9.861,3.539,neutral_down,189.6122,-0.4602,-1.1647
CRM,CRM-259,2026-04-14T13:00:00-04:00,2026-04-15T10:00:00-04:00,13,172.665,176.17,7.5983,173.0887,172.1464,25.872,-12.318,-20.776,neutral_up,183.3205,-1.0481,-4.5378
CRM,CRM-260,2026-04-21T13:00:00-04:00,2026-04-21T14:00:00-04:00,1,188.81,188.465,7.4723,188.9669,187.5408,34.695,-11.132,-36.968,neutral_up,182.2056,0.4084,0.3969
CRM,CRM-261,2026-04-21T15:00:00-04:00,2026-04-21T18:00:00-04:00,3,187.2,189.2,7.4723,188.5332,187.5862,9.057,-16.217,-36.77,neutral,182.2056,0.4084,0.3969
CRM,CRM-262,2026-04-21T19:00:00-04:00,2026-04-22T19:00:00-04:00,16,189.129,182.29,7.4723,188.7463,187.9875,22.039,2.03,10.134,neutral,182.2056,0.4084,0.3969
CRM,CRM-263,2026-04-24T11:00:00-04:00,2026-04-24T17:00:00-04:00,6,175.5463,178.0,8.2036,174.9829,176.1929,-17.622,7.067,24.849,neutral,182.3901,-0.915,0.1845
CRM,CRM-264,2026-04-28T12:00:00-04:00,2026-04-29T12:00:00-04:00,16,182.82,180.1401,7.9034,182.1146,181.1968,36.478,3.63,-15.951,neutral_up,181.8468,-0.1597,-1.4583
CRM,CRM-265,2026-04-29T13:00:00-04:00,2026-04-30T09:00:00-04:00,12,180.42,173.2,7.6367,180.4163,180.7652,-15.957,6.152,11.801,neutral,181.8016,-0.0452,-0.5885
CRM,CRM-266,2026-04-30T10:00:00-04:00,2026-04-30T11:00:00-04:00,1,176.615,176.82,7.4079,177.9514,179.1765,-61.62,14.109,-39.092,neutral_down,181.7497,-0.052,-0.2568
CRM,CRM-267,2026-05-04T04:00:00-04:00,2026-05-04T07:00:00-04:00,2,183.21,183.63,7.6129,183.1429,182.0373,33.661,-7.289,-7.675,neutral_up,181.5006,0.2259,-0.301
CRM,CRM-268,2026-05-04T18:00:00-04:00,2026-05-04T19:00:00-04:00,1,184.41,184.92,7.6129,185.2157,184.4441,8.512,-9.243,-24.453,neutral,181.5006,0.2259,-0.301
CRM,CRM-269,2026-05-05T04:00:00-04:00,2026-05-05T05:00:00-04:00,1,186.54,186.55,7.537,185.4333,184.674,24.636,15.611,6.881,neutral_up,181.8733,0.3727,0.1236
CRM,CRM-270,2026-05-05T09:00:00-04:00,2026-05-06T13:00:00-04:00,20,182.17,181.49,7.537,185.2985,184.9802,-11.143,-45.035,-46.373,neutral,181.8733,0.3727,0.1236
CRM,CRM-271,2026-05-11T09:00:00-04:00,2026-05-11T12:00:00-04:00,3,180.14,176.94,7.5898,180.8287,181.2891,-24.535,-2.143,-17.314,neutral_down,182.522,-0.0752,0.1799
CRM,CRM-272,2026-05-14T12:00:00-04:00,2026-05-15T10:00:00-04:00,14,167.645,173.795,7.3913,167.4531,167.9329,-2.608,-4.334,40.718,neutral,179.7018,-1.3852,-2.8202
CRM,CRM-273,2026-05-19T15:00:00-04:00,2026-05-19T16:00:00-04:00,1,179.43,179.51,7.423,180.9216,180.0217,0.715,-9.269,-22.567,neutral,178.2612,0.1189,-1.4406
CRM,CRM-274,2026-05-20T14:00:00-04:00,2026-05-22T06:00:00-04:00,24,178.01,178.7,7.5092,177.9398,178.4476,-10.103,2.006,14.735,neutral,178.3674,0.1063,-0.2351
CRM,CRM-275,2026-05-22T10:00:00-04:00,2026-05-22T11:00:00-04:00,1,178.0317,178.925,7.5171,178.8054,178.1587,16.868,-19.016,-5.978,neutral,178.3235,-0.2023,0.0623
CRM,CRM-276,2026-05-22T14:00:00-04:00,2026-05-22T15:00:00-04:00,1,180.52,180.06,7.5171,179.5425,178.7367,29.441,3.782,15.006,neutral_up,178.3235,-0.2023,0.0623
CRM,CRM-277,2026-05-22T16:00:00-04:00,2026-05-29T09:00:00-04:00,57,179.99,185.7,7.5171,179.7148,178.96,23.313,-2.822,-2.346,neutral,178.3235,-0.2023,0.0623
CRM,CRM-278,2026-06-03T08:00:00-04:00,2026-06-03T11:00:00-04:00,3,199.3549,191.65,9.4585,199.212,199.7771,-6.133,0.706,21.842,neutral,183.8662,1.6994,5.6156
CRM,CRM-279,2026-06-04T11:00:00-04:00,2026-06-04T19:00:00-04:00,8,189.495,188.8,9.5779,191.9545,192.9149,-18.215,-15.725,-22.816,neutral,184.4866,0.6203,5.066
CRM,CRM-280,2026-06-05T04:00:00-04:00,2026-06-05T07:00:00-04:00,3,190.3599,191.0,9.7495,189.6405,190.7863,-16.262,10.815,13.293,neutral,184.8778,0.3912,2.7109
CRM,CRM-281,2026-06-05T08:00:00-04:00,2026-06-05T17:00:00-04:00,9,189.41,185.0,9.7495,190.099,190.6972,-9.842,-8.882,-5.256,neutral,184.8778,0.3912,2.7109
CRM,CRM-282,2026-06-08T13:00:00-04:00,2026-06-08T17:00:00-04:00,4,182.61,182.75,9.6016,183.4256,184.9456,-46.99,3.149,-13.739,neutral_down,184.9489,0.0711,1.0827
CRM,CRM-283,2026-06-08T18:00:00-04:00,2026-06-09T08:00:00-04:00,6,182.14,180.61,9.6016,182.8463,184.0649,-40.077,-3.707,-1.847,neutral_down,184.9489,0.0711,1.0827
CRM,CRM-284,2026-06-09T09:00:00-04:00,2026-06-09T10:00:00-04:00,1,181.08,177.26,9.198,181.5332,182.7051,-44.285,8.867,-0.107,neutral_down,184.7326,-0.2163,0.2461
CRM,CRM-285,2026-06-10T14:00:00-04:00,2026-06-10T16:00:00-04:00,2,171.83,170.31,9.3274,173.3248,174.7331,-37.438,-11.35,-19.363,neutral_down,183.8851,-0.8475,-0.9927
CRM,CRM-286,2026-06-12T09:00:00-04:00,2026-06-15T05:00:00-04:00,12,163.595,170.15,8.9559,165.9718,167.2813,-55.106,-14.549,-18.176,neutral_down,181.2371,-1.4757,-3.4955
CRM,CRM-287,2026-06-22T09:00:00-04:00,2026-06-22T14:00:00-04:00,5,152.89,149.0751,8.0154,151.722,152.9006,-30.673,30.431,22.416,neutral_down,172.8549,-2.1055,-5.6191
CRM,CRM-288,2026-06-22T15:00:00-04:00,2026-06-22T16:00:00-04:00,1,150.125,150.113,8.0154,149.8597,151.2679,-38.14,15.54,25.599,neutral_down,172.8549,-2.1055,-5.6191
CRM,CRM-289,2026-06-22T18:00:00-04:00,2026-06-22T19:00:00-04:00,1,150.37,150.4,8.0154,150.0326,151.003,-19.928,5.614,18.213,neutral,172.8549,-2.1055,-5.6191
CRM,CRM-290,2026-06-23T04:00:00-04:00,2026-06-23T11:00:00-04:00,7,151.5,153.38,7.9822,150.3849,150.9984,-2.776,13.811,22.766,neutral,170.7886,-2.0664,-6.1624
CRM,CRM-291,2026-06-24T06:00:00-04:00,2026-06-25T07:00:00-04:00,17,152.94,150.61,7.7731,153.1875,152.8256,5.536,-2.334,-17.316,neutral,169.2078,-1.5808,-5.7526
CRM,CRM-292,2026-06-25T09:00:00-04:00,2026-06-25T13:00:00-04:00,4,151.61,150.225,7.6936,151.3859,152.0489,-27.824,17.77,2.664,neutral_down,167.7153,-1.4925,-5.1397
CRM,CRM-293,2026-06-25T14:00:00-04:00,2026-06-26T11:00:00-04:00,13,150.21,157.23,7.6936,150.8332,151.5143,-26.475,-0.828,-9.965,neutral_down,167.7153,-1.4925,-5.1397
CRM,CRM-294,2026-06-29T13:00:00-04:00,2026-06-30T08:00:00-04:00,11,157.98,156.5,7.5685,158.7806,157.5985,21.506,-13.049,-53.643,neutral,165.4162,-0.7086,-3.7916
CRM,CRM-295,2026-06-30T09:00:00-04:00,2026-06-30T10:00:00-04:00,1,156.17,154.8,7.3179,157.4695,157.6387,-33.186,-9.678,-38.55,neutral_down,164.7374,-0.6787,-2.9778
CRM,CRM-296,2026-06-30T16:00:00-04:00,2026-06-30T17:00:00-04:00,1,156.95,156.66,7.3179,156.5415,156.9,-6.428,7.786,28.733,neutral,164.7374,-0.6787,-2.9778
CRM,CRM-297,2026-07-01T04:00:00-04:00,2026-07-01T05:00:00-04:00,1,157.96,161.62,7.0724,156.9022,156.9606,12.339,17.108,18.678,neutral,164.0031,-0.7343,-2.1217
CRM,CRM-298,2026-07-02T09:00:00-04:00,2026-07-02T17:00:00-04:00,8,165.25,166.15,7.2208,163.7857,162.7247,42.151,12.367,-6.784,neutral_up,163.9374,-0.0657,-1.4788
CRM,CRM-299,2026-07-06T08:00:00-04:00,2026-07-07T07:00:00-04:00,15,164.04,169.53,7.0771,165.5219,165.0684,-6.762,-21.648,-43.844,neutral,164.134,0.1966,-0.6034
WMT,WMT-001,2024-07-15T12:00:00-04:00,2024-07-15T14:00:00-04:00,2,69.645,69.935,0.9979,69.5795,69.5836,13.805,-6.133,19.819,neutral,68.2917,0.0988,0.4952
WMT,WMT-002,2024-07-15T15:00:00-04:00,2024-07-15T18:00:00-04:00,3,69.63,69.63,0.9979,69.6593,69.6241,13.37,-12.644,-0.435,neutral,68.2917,0.0988,0.4952
WMT,WMT-003,2024-07-16T08:00:00-04:00,2024-07-17T11:00:00-04:00,19,69.71,70.565,0.9763,69.6883,69.6562,10.06,-1.205,7.357,neutral,68.4133,0.1217,0.3802
WMT,WMT-004,2024-07-18T12:00:00-04:00,2024-07-22T18:00:00-04:00,37,70.7999,70.46,0.9677,70.8721,70.7604,4.931,-0.681,-17.881,neutral,68.7827,0.2242,0.491
WMT,WMT-005,2024-07-23T13:00:00-04:00,2024-07-25T14:00:00-04:00,28,70.435,70.01,0.9403,70.3912,70.4872,-24.54,15.69,11.688,neutral_down,69.2407,0.1149,0.458
WMT,WMT-006,2024-07-29T14:00:00-04:00,2024-07-31T17:00:00-04:00,32,69.52,68.7,0.9183,69.5701,69.7127,-25.813,2.807,9.245,neutral_down,69.5544,0.0246,0.1846
WMT,WMT-007,2024-08-01T10:00:00-04:00,2024-08-01T11:00:00-04:00,1,69.045,69.33,0.9086,68.8661,68.9338,5.508,7.696,31.135,neutral,69.4445,-0.0804,-0.1099
WMT,WMT-008,2024-08-01T12:00:00-04:00,2024-08-01T14:00:00-04:00,2,69.18,69.425,0.9086,69.0031,68.9889,22.462,-0.89,24.65,neutral,69.4445,-0.0804,-0.1099
WMT,WMT-009,2024-08-02T10:00:00-04:00,2024-08-02T11:00:00-04:00,1,68.255,68.035,0.9352,69.3426,69.3178,-17.08,-62.427,-42.403,neutral,69.475,0.0305,-0.0844
WMT,WMT-010,2024-08-05T10:00:00-04:00,2024-08-05T11:00:00-04:00,1,67.31,67.32,1.0466,67.5708,68.0724,-34.551,6.926,9.919,neutral_down,69.3809,-0.0941,-0.144
WMT,WMT-011,2024-08-05T12:00:00-04:00,2024-08-06T12:00:00-04:00,15,67.4633,68.48,1.0466,67.5092,67.9549,-24.785,5.424,16.691,neutral_down,69.3809,-0.0941,-0.144
WMT,WMT-012,2024-08-06T14:00:00-04:00,2024-08-06T18:00:00-04:00,4,68.33,67.8382,1.0911,68.1998,68.0238,25.409,-4.221,-2.417,neutral_up,69.2163,-0.1646,-0.2282
WMT,WMT-013,2024-08-06T19:00:00-04:00,2024-08-07T14:00:00-04:00,11,67.8,66.8775,1.0911,67.9147,67.9268,-9.831,-0.391,-2.858,neutral,69.2163,-0.1646,-0.2282
WMT,WMT-014,2024-08-09T09:00:00-04:00,2024-08-12T06:00:00-04:00,13,67.995,68.59,1.1078,67.7025,67.5912,31.691,10.475,31.26,neutral_up,68.7686,-0.1129,-0.4477
WMT,WMT-015,2024-08-13T08:00:00-04:00,2024-08-13T09:00:00-04:00,1,68.68,67.635,1.1053,68.7732,68.6452,10.227,-5.891,-38.706,neutral,68.6983,0.0042,-0.1831
WMT,WMT-016,2024-08-14T15:00:00-04:00,2024-08-15T04:00:00-04:00,5,68.61,69.25,1.1406,68.4699,68.3775,25.092,1.16,10.771,neutral_up,68.6476,-0.0508,-0.121
WMT,WMT-017,2024-08-16T11:00:00-04:00,2024-08-20T10:00:00-04:00,29,73.461,74.675,1.4623,73.0836,72.4869,43.295,2.334,21.274,neutral_up,69.0561,0.4119,0.3577
WMT,WMT-018,2024-08-21T13:00:00-04:00,2024-08-21T15:00:00-04:00,2,74.97,75.21,1.3543,74.9571,74.7048,25.992,-2.27,-26.395,neutral_up,70.2712,0.4289,1.2151
WMT,WMT-019,2024-08-22T09:00:00-04:00,2024-08-22T11:00:00-04:00,2,76.0155,75.575,1.3304,75.44,75.1745,70.394,26.857,22.274,distribution,70.7202,0.449,1.2646
WMT,WMT-020,2024-08-22T12:00:00-04:00,2024-08-26T07:00:00-04:00,26,75.265,75.8,1.3304,75.456,75.253,24.758,-23.476,-45.636,neutral_up,70.7202,0.449,1.2646
WMT,WMT-021,2024-08-26T09:00:00-04:00,2024-08-26T11:00:00-04:00,2,75.675,75.855,1.2754,75.7037,75.6075,23.848,-13.564,-11.85,neutral_up,71.5752,0.4115,1.3041
WMT,WMT-022,2024-08-26T13:00:00-04:00,2024-08-26T14:00:00-04:00,1,75.8501,75.86,1.2754,75.8323,75.7065,31.251,-12.182,2.512,neutral_up,71.5752,0.4115,1.3041
WMT,WMT-023,2024-08-26T16:00:00-04:00,2024-08-30T13:00:00-04:00,57,75.8801,76.8361,1.2754,75.8786,75.7613,23.509,-8.191,-7.742,neutral,71.5752,0.4115,1.3041
WMT,WMT-024,2024-09-03T15:00:00-04:00,2024-09-04T07:00:00-04:00,8,77.16,76.92,1.1343,77.3388,77.1872,8.083,-11.0,-37.554,neutral,73.4162,0.3804,1.0579
WMT,WMT-025,2024-09-04T08:00:00-04:00,2024-09-06T04:00:00-04:00,28,77.02,76.81,1.1258,77.0505,77.0908,-15.2,5.799,-4.943,neutral,73.7566,0.3403,1.0581
WMT,WMT-026,2024-09-06T08:00:00-04:00,2024-09-09T12:00:00-04:00,19,76.99,77.37,1.0962,76.8771,76.9328,-6.084,15.464,22.378,neutral,74.3324,0.2628,0.9161
WMT,WMT-027,2024-09-16T12:00:00-04:00,2024-09-17T10:00:00-04:00,14,80.4275,79.71,1.1373,80.5102,80.3628,9.285,-1.327,-48.575,neutral,76.305,0.4295,1.1407
WMT,WMT-028,2024-09-18T14:00:00-04:00,2024-09-19T04:00:00-04:00,6,78.89,79.37,1.2061,78.8457,79.0085,-6.985,-5.409,38.121,neutral,76.8713,0.1759,0.9958
WMT,WMT-029,2024-09-25T08:00:00-04:00,2024-09-25T14:00:00-04:00,6,80.75,81.55,1.2188,80.7866,80.6517,20.711,-7.099,-16.969,neutral,77.8931,0.2812,0.7354
WMT,WMT-030,2024-09-26T08:00:00-04:00,2024-09-26T11:00:00-04:00,3,81.1,79.765,1.1975,81.2581,81.1515,7.009,-13.589,-19.764,neutral,78.2151,0.322,0.8754
WMT,WMT-031,2024-09-27T13:00:00-04:00,2024-09-30T13:00:00-04:00,15,79.9,80.41,1.2673,79.917,80.0902,-26.598,7.572,-10.632,neutral_down,78.3692,0.1541,0.7573
WMT,WMT-032,2024-10-01T11:00:00-04:00,2024-10-01T14:00:00-04:00,3,80.885,81.51,1.2219,80.725,80.5577,31.022,5.022,5.898,neutral_up,78.7023,0.2058,0.4872
WMT,WMT-033,2024-10-02T10:00:00-04:00,2024-10-02T12:00:00-04:00,2,80.61,80.27,1.2128,80.9654,80.9475,-26.154,-13.901,-51.724,neutral_down,78.9357,0.2334,0.5665
WMT,WMT-034,2024-10-03T12:00:00-04:00,2024-10-04T07:00:00-04:00,11,80.28,80.82,1.2083,80.3621,80.4831,-21.253,-3.62,33.017,neutral,79.0734,0.1377,0.5769
WMT,WMT-035,2024-10-04T08:00:00-04:00,2024-10-04T16:00:00-04:00,8,80.3,80.94,1.1738,80.5885,80.5527,0.4,-33.437,-32.219,neutral,79.1949,0.1215,0.4926
WMT,WMT-036,2024-10-04T19:00:00-04:00,2024-10-07T11:00:00-04:00,8,80.84,80.1038,1.1738,80.8371,80.7452,15.216,-1.999,-11.956,neutral,79.1949,0.1215,0.4926
WMT,WMT-037,2024-10-08T15:00:00-04:00,2024-10-09T10:00:00-04:00,10,79.7,80.17,1.236,79.3965,79.5601,-12.311,27.956,27.754,neutral,79.3302,-0.021,0.2569
WMT,WMT-038,2024-10-11T13:00:00-04:00,2024-10-11T18:00:00-04:00,5,79.83,80.0,1.156,79.7549,79.778,5.43,2.067,14.938,neutral,79.4719,0.0138,0.1416
WMT,WMT-039,2024-10-14T13:00:00-04:00,2024-10-14T14:00:00-04:00,1,80.045,80.42,1.1277,80.0692,79.9911,19.738,-10.332,-2.377,neutral,79.5281,0.0562,0.1642
WMT,WMT-040,2024-10-14T15:00:00-04:00,2024-10-15T07:00:00-04:00,5,80.3,80.7,1.1277,80.1715,80.0546,40.215,-1.031,10.146,neutral_up,79.5281,0.0562,0.1642
WMT,WMT-041,2024-10-17T12:00:00-04:00,2024-10-18T17:00:00-04:00,20,80.87,81.3101,1.1271,81.0291,81.1201,-30.983,-5.064,-9.414,neutral_down,79.9203,0.131,0.3922
WMT,WMT-042,2024-10-21T14:00:00-04:00,2024-10-21T15:00:00-04:00,1,80.91,80.83,1.1021,81.0429,81.1143,-34.897,1.652,-8.649,neutral_down,80.1276,0.1182,0.3383
WMT,WMT-043,2024-10-21T16:00:00-04:00,2024-10-21T17:00:00-04:00,1,80.96,80.9145,1.1021,80.9923,81.0767,-27.241,10.16,9.308,neutral_down,80.1276,0.1182,0.3383
WMT,WMT-044,2024-10-22T09:00:00-04:00,2024-10-22T12:00:00-04:00,3,81.17,81.935,1.0826,80.9605,80.9926,5.788,14.761,44.861,neutral,80.1914,0.0639,0.2712
WMT,WMT-045,2024-10-24T14:00:00-04:00,2024-10-25T06:00:00-04:00,8,83.065,83.16,1.1364,83.1677,83.0115,13.05,-6.632,-7.602,neutral,80.6224,0.2648,0.4948
WMT,WMT-046,2024-10-25T09:00:00-04:00,2024-10-25T17:00:00-04:00,8,82.93,82.49,1.1077,83.089,83.0632,-5.49,-15.166,-20.811,neutral,80.844,0.2216,0.6526
WMT,WMT-047,2024-10-28T11:00:00-04:00,2024-10-29T06:00:00-04:00,10,82.76,82.96,1.0904,82.6833,82.7282,4.188,0.185,23.145,neutral,80.9955,0.1515,0.6378
WMT,WMT-048,2024-10-29T07:00:00-04:00,2024-10-29T14:00:00-04:00,7,82.82,82.215,1.056,82.8434,82.8155,8.064,-7.258,6.479,neutral,81.1586,0.1631,0.5362
WMT,WMT-049,2024-10-30T18:00:00-04:00,2024-10-31T08:00:00-04:00,6,81.6,81.2,1.066,81.5626,81.771,-47.891,19.835,12.876,neutral_down,81.2097,0.051,0.3656
WMT,WMT-050,2024-10-31T09:00:00-04:00,2024-10-31T12:00:00-04:00,3,81.915,82.33,1.0277,81.5668,81.667,-9.413,46.096,23.188,neutral,81.2315,0.0218,0.236
WMT,WMT-051,2024-10-31T13:00:00-04:00,2024-10-31T14:00:00-04:00,1,81.955,82.095,1.0277,81.8697,81.7966,35.916,-16.022,27.787,neutral_up,81.2315,0.0218,0.236
WMT,WMT-052,2024-10-31T15:00:00-04:00,2024-10-31T16:00:00-04:00,1,81.96,81.95,1.0277,81.9238,81.8362,24.255,-10.23,-27.683,neutral_up,81.2315,0.0218,0.236
WMT,WMT-053,2024-11-01T10:00:00-04:00,2024-11-05T10:00:00-05:00,31,82.1975,83.565,1.0414,82.1251,82.0261,14.14,3.838,-24.623,neutral,81.2977,0.0662,0.1391
WMT,WMT-054,2024-11-06T13:00:00-05:00,2024-11-06T14:00:00-05:00,1,82.49,83.075,1.0505,83.5707,83.5892,-35.273,-21.39,-53.779,neutral_down,81.6752,0.2016,0.3775
WMT,WMT-055,2024-11-06T16:00:00-05:00,2024-11-06T17:00:00-05:00,1,83.25,83.43,1.0505,83.4238,83.5082,-14.818,2.143,20.455,neutral,81.6752,0.2016,0.3775
WMT,WMT-056,2024-11-07T13:00:00-05:00,2024-11-07T16:00:00-05:00,3,83.975,83.9501,1.2241,83.9305,83.7507,23.146,-8.78,-6.621,neutral,81.8365,0.1613,0.4586
WMT,WMT-057,2024-11-07T18:00:00-05:00,2024-11-08T10:00:00-05:00,8,83.9,85.18,1.2241,83.9566,83.8382,8.264,-3.634,-6.512,neutral,81.8365,0.1613,0.4586
WMT,WMT-058,2024-11-11T12:00:00-05:00,2024-11-11T15:00:00-05:00,3,84.455,84.23,1.2326,84.8252,84.7803,-17.785,-14.107,-61.888,neutral,82.277,0.2583,0.6018
WMT,WMT-059,2024-11-11T16:00:00-05:00,2024-11-11T17:00:00-05:00,1,84.2701,84.37,1.2326,84.5267,84.6365,-32.665,1.571,-2.525,neutral_down,82.277,0.2583,0.6018
WMT,WMT-060,2024-11-12T11:00:00-05:00,2024-11-12T13:00:00-05:00,2,85.01,85.315,1.2367,84.7145,84.6341,32.527,4.047,35.221,neutral_up,82.4545,0.1775,0.618
WMT,WMT-061,2024-11-13T10:00:00-05:00,2024-11-14T04:00:00-05:00,10,85.3,85.71,1.2413,85.1931,85.0635,21.214,6.315,-12.929,neutral,82.6882,0.2337,0.6695
WMT,WMT-062,2024-11-14T08:00:00-05:00,2024-11-14T15:00:00-05:00,7,85.6,84.48,1.2255,85.6734,85.5148,27.286,-14.544,-16.361,neutral_up,82.9475,0.2593,0.6705
WMT,WMT-063,2024-11-15T16:00:00-05:00,2024-11-19T05:00:00-05:00,21,84.34,85.3,1.2393,84.4359,84.6316,-35.728,1.99,-10.008,neutral_down,83.0868,0.1393,0.6323
WMT,WMT-064,2024-11-19T06:00:00-05:00,2024-11-19T11:00:00-05:00,5,85.4,87.14,1.2092,84.9998,84.7486,43.879,-1.368,-2.58,neutral_up,83.2758,0.0814,0.3283
WMT,WMT-065,2024-11-20T07:00:00-05:00,2024-11-21T07:00:00-05:00,16,86.07,87.39,1.4228,86.287,86.138,-0.779,-2.17,-6.59,neutral,83.5775,0.3017,0.4907
WMT,WMT-066,2024-11-21T08:00:00-05:00,2024-11-21T09:00:00-05:00,1,87.39,87.8287,1.4133,87.1721,86.8947,32.405,1.13,8.716,neutral_up,83.9059,0.3284,0.7116
WMT,WMT-067,2024-11-27T14:00:00-05:00,2024-12-02T05:00:00-05:00,18,91.82,92.85,1.6039,91.8429,91.4958,37.145,-9.226,-6.538,neutral_up,85.8314,0.5469,1.5196
WMT,WMT-068,2024-12-02T10:00:00-05:00,2024-12-02T19:00:00-05:00,9,92.23,92.71,1.5046,92.616,92.4143,15.282,-34.032,-45.436,neutral,86.9367,0.5563,1.6522
WMT,WMT-069,2024-12-03T04:00:00-05:00,2024-12-03T06:00:00-05:00,2,92.8,92.86,1.4713,92.6533,92.5317,26.828,4.696,8.891,neutral_up,87.4542,0.5176,1.6229
WMT,WMT-070,2024-12-03T09:00:00-05:00,2024-12-03T14:00:00-05:00,5,92.9,93.5329,1.4713,92.7764,92.6454,29.612,2.172,-2.3,neutral_up,87.4542,0.5176,1.6229
WMT,WMT-071,2024-12-04T10:00:00-05:00,2024-12-04T11:00:00-05:00,1,93.76,93.845,1.4612,93.4651,93.2913,25.465,18.324,-15.105,neutral_up,88.0029,0.5487,1.6226
WMT,WMT-072,2024-12-06T14:00:00-05:00,2024-12-06T17:00:00-05:00,3,95.7623,95.72,1.4471,95.7404,95.4597,47.52,-11.472,-20.136,neutral_up,89.2001,0.612,1.7459
WMT,WMT-073,2024-12-09T08:00:00-05:00,2024-12-09T10:00:00-05:00,2,95.95,94.38,1.4051,95.9523,95.7558,36.622,-11.72,-16.496,neutral_up,89.7883,0.5882,1.7853
WMT,WMT-074,2024-12-10T14:00:00-05:00,2024-12-10T15:00:00-05:00,1,94.325,94.575,1.4718,94.3762,94.4548,-7.894,-3.648,-20.248,neutral,90.1584,0.3702,1.5703
WMT,WMT-075,2024-12-12T10:00:00-05:00,2024-12-12T16:00:00-05:00,6,94.97,94.25,1.4515,95.0824,95.0219,4.206,-9.245,-8.125,neutral,90.9609,0.4009,1.1726
WMT,WMT-076,2024-12-13T16:00:00-05:00,2024-12-16T12:00:00-05:00,12,94.1642,95.64,1.4632,94.273,94.3939,-17.741,-3.858,-11.56,neutral,91.249,0.2881,1.0905
WMT,WMT-077,2024-12-17T11:00:00-05:00,2024-12-18T05:00:00-05:00,10,94.91,95.5,1.4847,94.8164,94.7805,2.274,8.886,-0.564,neutral,91.8289,0.3071,0.868
WMT,WMT-078,2024-12-18T12:00:00-05:00,2024-12-18T15:00:00-05:00,3,95.415,93.54,1.4622,95.4632,95.3095,21.906,-10.592,-4.107,neutral,92.1535,0.3246,0.9046
WMT,WMT-079,2024-12-19T18:00:00-05:00,2024-12-20T06:00:00-05:00,4,93.5,92.38,1.5553,93.6222,93.8935,-31.59,1.391,-3.888,neutral_down,92.2796,0.126,0.7578
WMT,WMT-080,2024-12-20T10:00:00-05:00,2024-12-20T13:00:00-05:00,3,93.08,92.995,1.5302,92.8096,93.2393,-39.412,30.601,27.429,neutral_down,92.3842,0.1046,0.5553
WMT,WMT-081,2024-12-20T15:00:00-05:00,2024-12-20T16:00:00-05:00,1,92.25,92.14,1.5302,92.8374,93.1204,-31.188,-16.245,-26.273,neutral_down,92.3842,0.1046,0.5553
WMT,WMT-082,2024-12-23T08:00:00-05:00,2024-12-23T09:00:00-05:00,1,91.69,89.53,1.5723,92.1816,92.5518,-50.92,-8.021,-19.169,neutral_down,92.372,-0.0122,0.2184
WMT,WMT-083,2024-12-26T19:00:00-05:00,2024-12-27T10:00:00-05:00,7,92.77,91.42,1.7436,92.6235,92.3006,47.912,0.416,-3.8,neutral_up,92.2333,0.0447,-0.1508
WMT,WMT-084,2024-12-31T09:00:00-05:00,2025-01-03T05:00:00-05:00,27,90.56,90.2,1.6684,90.7202,90.8991,-27.647,-7.509,-16.317,neutral_down,92.08,-0.151,-0.1534
WMT,WMT-085,2025-01-03T09:00:00-05:00,2025-01-03T10:00:00-05:00,1,90.51,91.155,1.5744,90.1534,90.1788,16.074,19.253,24.515,neutral,91.7523,-0.1722,-0.4787
WMT,WMT-086,2025-01-08T09:00:00-05:00,2025-01-08T18:00:00-05:00,9,91.3,91.87,1.5646,90.9989,91.0602,2.617,20.793,21.273,neutral,91.5658,-0.0766,-0.1864
WMT,WMT-087,2025-01-14T13:00:00-05:00,2025-01-14T18:00:00-05:00,5,91.37,90.8,1.5704,91.3598,91.5879,-32.463,12.728,-5.702,neutral_down,91.6958,-0.0146,0.1299
WMT,WMT-088,2025-01-15T09:00:00-05:00,2025-01-15T19:00:00-05:00,10,91.35,91.45,1.5593,91.0499,91.1603,4.069,15.029,39.968,neutral,91.6139,-0.0819,0.0295
WMT,WMT-089,2025-01-16T08:00:00-05:00,2025-01-16T17:00:00-05:00,9,91.207,91.15,1.5143,91.456,91.3724,6.978,-25.761,-15.674,neutral,91.5876,-0.0263,-0.1227
WMT,WMT-090,2025-01-17T09:00:00-05:00,2025-01-17T11:00:00-05:00,2,91.1,92.12,1.5204,91.251,91.2455,-1.421,-12.686,-12.547,neutral,91.5624,-0.0252,-0.1334
WMT,WMT-091,2025-01-22T13:00:00-05:00,2025-01-22T14:00:00-05:00,1,92.73,92.7845,1.557,92.9476,92.8841,-7.678,-5.078,-28.171,neutral,91.729,0.1341,0.1414
WMT,WMT-092,2025-01-22T15:00:00-05:00,2025-01-23T13:00:00-05:00,14,93.2,92.6,1.557,92.972,92.9046,8.583,16.316,11.183,neutral,91.729,0.1341,0.1414
WMT,WMT-093,2025-01-23T14:00:00-05:00,2025-01-23T15:00:00-05:00,1,92.92,93.8,1.5515,92.7752,92.8617,-13.576,19.958,25.612,neutral,91.8627,0.1337,0.3003
WMT,WMT-094,2025-01-27T09:00:00-05:00,2025-01-27T13:00:00-05:00,4,95.2,96.84,1.5476,95.1928,94.7328,48.195,-21.791,-38.0,neutral_up,92.2917,0.2528,0.5627
WMT,WMT-095,2025-01-28T15:00:00-05:00,2025-01-30T11:00:00-05:00,28,97.26,98.48,1.6257,97.2374,96.8978,22.723,0.981,-31.189,neutral,92.7552,0.4635,0.8924
WMT,WMT-096,2025-01-31T11:00:00-05:00,2025-01-31T16:00:00-05:00,5,98.28,98.0316,1.5411,98.4792,98.4169,-14.6,2.066,-59.878,neutral,94.0199,0.462,1.2647
WMT,WMT-097,2025-02-04T15:00:00-05:00,2025-02-04T16:00:00-05:00,1,100.75,100.72,1.6522,100.3157,99.7477,67.801,-1.753,-5.368,distribution,94.8598,0.468,1.3019
WMT,WMT-098,2025-02-06T14:00:00-05:00,2025-02-07T07:00:00-05:00,9,102.47,102.84,1.6638,102.449,102.2238,16.176,2.522,6.274,neutral,96.0384,0.6432,1.6467
WMT,WMT-099,2025-02-07T09:00:00-05:00,2025-02-07T15:00:00-05:00,6,102.805,101.17,1.6221,102.7753,102.5802,30.187,-8.67,0.088,neutral_up,96.654,0.6156,1.7942
WMT,WMT-100,2025-02-10T14:00:00-05:00,2025-02-10T15:00:00-05:00,1,102.5572,102.91,1.6491,102.0617,101.9542,36.482,10.797,25.303,neutral_up,97.0645,0.4105,1.6693
WMT,WMT-101,2025-02-11T15:00:00-05:00,2025-02-11T16:00:00-05:00,1,102.48,102.4,1.657,102.4344,102.4612,-11.904,13.404,1.521,neutral,97.5959,0.5314,1.5576
WMT,WMT-102,2025-02-12T09:00:00-05:00,2025-02-12T10:00:00-05:00,1,103.26,103.51,1.6144,102.4809,102.4442,18.435,40.469,17.589,neutral,98.04,0.444,1.386
WMT,WMT-103,2025-02-13T13:00:00-05:00,2025-02-13T15:00:00-05:00,2,104.505,105.05,1.6319,103.9921,103.6953,48.023,20.418,14.54,neutral_up,98.5463,0.5064,1.4818
WMT,WMT-104,2025-02-19T10:00:00-05:00,2025-02-20T06:00:00-05:00,12,103.845,95.87,1.6318,103.9209,103.9173,-0.633,-4.252,-20.891,neutral,99.9632,0.3827,1.4169
WMT,WMT-105,2025-02-21T10:00:00-05:00,2025-02-21T12:00:00-05:00,2,95.75,94.3616,2.0386,96.8269,97.9337,-65.336,-4.223,-28.383,accumulation,100.0466,-0.2827,0.4661
WMT,WMT-106,2025-02-24T15:00:00-05:00,2025-02-24T16:00:00-05:00,1,93.7,93.54,2.1147,93.9543,94.658,-41.826,-0.563,17.227,neutral_down,99.5683,-0.4783,-0.3949
WMT,WMT-107,2025-02-26T13:00:00-05:00,2025-02-26T17:00:00-05:00,4,96.26,96.3492,2.3009,97.1286,96.8401,-5.035,-25.004,-58.873,neutral,98.9153,-0.1195,-1.1313
WMT,WMT-108,2025-02-27T15:00:00-05:00,2025-02-27T17:00:00-05:00,2,96.83,96.8,2.3262,96.9935,96.8231,11.549,-11.174,-23.404,neutral,98.6693,-0.2459,-0.8989
WMT,WMT-109,2025-02-28T12:00:00-05:00,2025-02-28T16:00:00-05:00,4,97.345,98.41,2.3194,97.3826,97.1416,24.662,-12.619,-17.912,neutral_up,98.5021,-0.1672,-0.5327
WMT,WMT-110,2025-03-03T11:00:00-05:00,2025-03-03T17:00:00-05:00,6,98.015,97.4243,2.2987,98.38,98.1119,13.399,-19.066,-21.666,neutral,98.5124,0.0103,-0.4029
WMT,WMT-111,2025-03-05T08:00:00-05:00,2025-03-06T07:00:00-05:00,15,94.01,94.91,2.3849,94.9853,95.619,-60.564,-13.13,-20.518,neutral_down,98.117,-0.3147,-0.3851
WMT,WMT-112,2025-03-06T08:00:00-05:00,2025-03-06T19:00:00-05:00,11,94.81,94.6,2.3317,95.1418,95.3957,-34.26,0.699,-0.924,neutral_down,97.9227,-0.1943,-0.5896
WMT,WMT-113,2025-03-07T08:00:00-05:00,2025-03-07T09:00:00-05:00,1,94.17,92.87,2.3085,94.5131,94.8201,-40.846,-5.871,-7.314,neutral_down,97.6225,-0.3002,-0.8092
WMT,WMT-114,2025-03-11T13:00:00-04:00,2025-03-12T11:00:00-04:00,14,87.75,85.335,2.6072,87.9956,88.4088,-17.173,-10.794,0.114,neutral,96.2377,-0.8428,-1.6851
WMT,WMT-115,2025-03-13T14:00:00-04:00,2025-03-17T09:00:00-04:00,27,84.85,87.02,2.6957,84.6608,85.2398,-37.634,18.633,23.944,neutral_down,94.5028,-0.9333,-2.5777
WMT,WMT-116,2025-03-19T12:00:00-04:00,2025-03-21T05:00:00-04:00,24,85.9899,85.58,2.5299,85.9708,86.0706,-3.929,-2.633,7.509,neutral,91.7403,-0.613,-1.8522
WMT,WMT-117,2025-03-21T09:00:00-04:00,2025-03-24T06:00:00-04:00,13,85.6,86.63,2.3711,85.6716,85.8636,-30.445,8.41,8.02,neutral_down,90.7559,-0.4926,-1.5975
WMT,WMT-118,2025-03-25T09:00:00-04:00,2025-03-25T10:00:00-04:00,1,86.19,85.75,2.2631,87.0847,87.0072,-27.551,-32.028,-87.019,neutral_down,90.0551,-0.2625,-1.1934
WMT,WMT-119,2025-03-26T13:00:00-04:00,2025-03-27T16:00:00-04:00,19,84.755,85.58,2.3022,84.9435,85.2552,-39.145,-3.369,-12.791,neutral_down,89.5737,-0.4814,-1.1821
WMT,WMT-120,2025-03-28T09:00:00-04:00,2025-03-28T17:00:00-04:00,8,85.41,85.0,2.1461,85.582,85.5049,2.232,-11.521,-20.416,neutral,88.8486,-0.3239,-1.2065
WMT,WMT-121,2025-04-02T13:00:00-04:00,2025-04-02T14:00:00-04:00,1,89.685,89.45,2.1662,89.2342,88.7268,64.766,-5.074,-0.548,distribution,88.4792,0.0321,-0.3694
WMT,WMT-122,2025-04-02T16:00:00-04:00,2025-04-02T18:00:00-04:00,2,86.67,84.2502,2.1662,88.8283,88.6771,-17.984,-71.067,-82.75,neutral,88.4792,0.0321,-0.3694
WMT,WMT-123,2025-04-04T11:00:00-04:00,2025-04-04T12:00:00-04:00,1,85.79,84.6386,2.2594,86.012,86.4474,-17.419,1.052,28.707,neutral,88.4672,-0.1257,0.0201
WMT,WMT-124,2025-04-07T11:00:00-04:00,2025-04-07T12:00:00-04:00,1,83.8,82.61,2.4366,82.7231,83.3667,0.25,7.469,55.88,neutral,87.9793,-0.4879,-0.4999
WMT,WMT-125,2025-04-07T13:00:00-04:00,2025-04-08T04:00:00-04:00,7,84.56,84.39,2.4366,83.0724,83.4126,7.316,13.45,14.535,neutral,87.9793,-0.4879,-0.4999
WMT,WMT-126,2025-04-08T12:00:00-04:00,2025-04-08T16:00:00-04:00,4,84.27,81.83,2.7233,85.0541,84.5813,10.213,-18.012,-32.997,neutral,87.5966,-0.3827,-0.9963
WMT,WMT-127,2025-04-10T15:00:00-04:00,2025-04-11T08:00:00-04:00,9,90.58,91.2685,3.3853,89.8217,88.6148,43.783,-0.721,10.164,neutral_up,87.2998,0.231,-0.6795
WMT,WMT-128,2025-04-11T09:00:00-04:00,2025-04-11T15:00:00-04:00,6,91.53,92.76,3.4083,90.8657,89.9991,44.605,2.135,5.904,neutral_up,87.598,0.2982,0.0014
WMT,WMT-129,2025-04-15T11:00:00-04:00,2025-04-15T18:00:00-04:00,7,95.2,93.35,3.3517,95.0289,94.4416,48.871,-11.815,14.566,neutral_up,88.682,0.6148,1.3823
WMT,WMT-130,2025-04-21T12:00:00-04:00,2025-04-21T14:00:00-04:00,2,91.96,91.43,3.2528,92.4375,92.5477,-27.694,-5.258,-42.167,neutral_down,89.7016,0.3528,1.0195
WMT,WMT-131,2025-04-21T15:00:00-04:00,2025-04-21T16:00:00-04:00,1,92.36,92.33,3.2528,92.1369,92.3573,-23.519,23.666,4.175,neutral,89.7016,0.3528,1.0195
WMT,WMT-132,2025-04-21T19:00:00-04:00,2025-04-22T05:00:00-04:00,2,92.45,92.98,3.2528,92.2311,92.3375,-2.754,9.716,9.701,neutral,89.7016,0.3528,1.0195
WMT,WMT-133,2025-04-24T13:00:00-04:00,2025-04-24T15:00:00-04:00,2,95.845,95.87,3.1416,95.1919,95.0,41.182,8.896,36.416,neutral_up,90.8052,0.415,1.1036
WMT,WMT-134,2025-04-25T10:00:00-04:00,2025-04-25T19:00:00-04:00,9,95.23,95.01,3.0997,95.5326,95.4424,-0.929,-11.856,-7.729,neutral,91.2656,0.4604,1.3224
WMT,WMT-135,2025-04-28T06:00:00-04:00,2025-04-29T18:00:00-04:00,26,94.67,95.9,3.029,94.977,95.1062,-21.104,-11.584,-12.089,neutral,91.6106,0.3449,1.2204
WMT,WMT-136,2025-04-30T08:00:00-04:00,2025-04-30T12:00:00-04:00,4,95.35,96.8283,2.8476,95.7226,95.5874,2.901,-23.172,-33.897,neutral,92.3029,0.3697,1.0373
WMT,WMT-137,2025-05-01T14:00:00-04:00,2025-05-02T11:00:00-04:00,13,97.5,98.38,2.8477,97.2768,97.0105,24.949,6.804,-1.798,neutral_up,92.749,0.4461,1.1385
WMT,WMT-138,2025-05-05T13:00:00-04:00,2025-05-05T14:00:00-04:00,1,99.52,99.5701,2.6738,99.1738,98.74,64.804,-3.395,0.751,distribution,93.6746,0.5045,1.3716
WMT,WMT-139,2025-05-06T10:00:00-04:00,2025-05-08T16:00:00-04:00,37,99.22,97.56,2.5692,99.0799,99.0165,1.612,16.562,-2.094,neutral,94.1887,0.5141,1.4397
WMT,WMT-140,2025-05-13T13:00:00-04:00,2025-05-13T19:00:00-04:00,6,95.83,95.88,2.2511,96.2507,96.5938,-46.246,3.298,-27.719,neutral_down,95.4616,0.1318,0.4965
WMT,WMT-141,2025-05-14T08:00:00-04:00,2025-05-14T15:00:00-04:00,7,95.7207,96.78,2.2399,95.8238,96.0868,-28.892,2.347,1.078,neutral_down,95.4978,0.0362,0.3041
WMT,WMT-142,2025-05-15T07:00:00-04:00,2025-05-16T04:00:00-04:00,13,98.35,96.13,2.1871,97.254,96.9007,39.757,24.071,-2.205,neutral_up,95.6143,0.1166,0.2846
WMT,WMT-143,2025-05-16T09:00:00-04:00,2025-05-16T10:00:00-04:00,1,97.54,98.8,2.3801,96.4715,96.3664,19.31,19.69,26.199,neutral,95.6885,0.0742,0.2269
WMT,WMT-144,2025-05-19T10:00:00-04:00,2025-05-19T12:00:00-04:00,2,97.07,98.165,2.4387,96.9278,96.98,-1.787,5.419,22.219,neutral,95.9214,0.2329,0.4236
WMT,WMT-145,2025-05-19T15:00:00-04:00,2025-05-19T16:00:00-04:00,1,98.13,98.0811,2.4387,97.6763,97.3772,34.169,1.949,5.946,neutral_up,95.9214,0.2329,0.4236
WMT,WMT-146,2025-05-20T11:00:00-04:00,2025-05-21T16:00:00-04:00,20,97.32,96.36,2.4409,97.8734,97.7646,-4.178,-22.193,-26.486,neutral,96.1221,0.2008,0.5078
WMT,WMT-147,2025-05-22T10:00:00-04:00,2025-05-27T04:00:00-04:00,26,96.08,97.15,2.391,96.3255,96.612,-30.779,-7.025,16.08,neutral_down,96.2888,0.0096,0.3675
WMT,WMT-148,2025-05-28T09:00:00-04:00,2025-05-29T18:00:00-04:00,25,97.76,96.91,2.1874,97.5212,97.2884,39.31,7.399,12.854,neutral_up,96.3934,0.1267,0.1045
WMT,WMT-149,2025-05-30T09:00:00-04:00,2025-05-30T15:00:00-04:00,6,98.02,98.65,2.03,97.2804,97.3403,8.156,36.494,38.419,neutral,96.5298,0.0585,0.2631
WMT,WMT-150,2025-06-02T12:00:00-04:00,2025-06-02T15:00:00-04:00,3,98.81,99.81,2.0514,98.4984,98.2546,33.217,5.883,16.574,neutral_up,96.7225,0.1927,0.3291
WMT,WMT-151,2025-06-03T14:00:00-04:00,2025-06-05T04:00:00-04:00,22,99.655,99.35,2.0374,99.4264,99.2214,23.798,7.005,12.584,neutral_up,97.0032,0.2807,0.5319
WMT,WMT-152,2025-06-06T14:00:00-04:00,2025-06-06T19:00:00-04:00,5,97.625,97.51,1.9696,97.6628,98.0131,-50.05,17.093,3.814,neutral_down,97.5075,0.0432,0.5043
WMT,WMT-153,2025-06-09T08:00:00-04:00,2025-06-10T19:00:00-04:00,27,97.87,97.3099,1.9425,97.7309,97.8076,6.62,-1.134,46.44,neutral,97.5014,-0.0061,0.2267
WMT,WMT-154,2025-06-11T05:00:00-04:00,2025-06-11T06:00:00-04:00,1,97.46,97.34,1.8615,97.2683,97.2842,12.437,8.301,15.602,neutral,97.4827,-0.0123,-0.0249
WMT,WMT-155,2025-06-11T08:00:00-04:00,2025-06-11T12:00:00-04:00,4,97.43,96.435,1.8615,97.2957,97.2931,7.216,8.811,-5.221,neutral,97.4827,-0.0123,-0.0249
WMT,WMT-156,2025-06-13T09:00:00-04:00,2025-06-16T18:00:00-04:00,25,94.92,94.26,1.9098,94.5726,94.8701,-19.606,22.937,33.608,neutral,97.1045,-0.2279,-0.3905
WMT,WMT-157,2025-06-17T14:00:00-04:00,2025-06-18T12:00:00-04:00,13,94.395,95.245,1.8543,94.3654,94.4185,-2.203,0.147,-4.188,neutral,96.6262,-0.2306,-0.7062
WMT,WMT-158,2025-06-18T15:00:00-04:00,2025-06-18T16:00:00-04:00,1,95.13,95.16,1.8076,94.9529,94.7322,34.519,-1.469,-15.992,neutral_up,96.4092,-0.2169,-0.6952
WMT,WMT-159,2025-06-20T08:00:00-04:00,2025-06-20T13:00:00-04:00,5,95.14,95.965,1.7785,94.9992,94.8925,18.293,7.661,18.303,neutral,96.2929,-0.1163,-0.5638
WMT,WMT-160,2025-06-23T10:00:00-04:00,2025-06-23T14:00:00-04:00,4,96.2492,97.365,1.7357,96.015,95.7984,31.195,6.406,5.728,neutral_up,96.2763,-0.0166,-0.3499
WMT,WMT-161,2025-06-30T13:00:00-04:00,2025-06-30T17:00:00-04:00,4,96.8,97.59,1.7243,96.8741,96.9362,-20.029,6.992,-4.642,neutral,96.6371,0.0548,0.0745
WMT,WMT-162,2025-07-02T10:00:00-04:00,2025-07-02T11:00:00-04:00,1,97.655,97.355,1.7343,98.1263,98.0696,-16.295,-25.408,-42.255,neutral,96.8748,0.1355,0.2924
WMT,WMT-163,2025-07-02T15:00:00-04:00,2025-07-02T16:00:00-04:00,1,97.6,97.5,1.7343,97.7614,97.8802,-27.177,0.594,14.053,neutral_down,96.8748,0.1355,0.2924
WMT,WMT-164,2025-07-03T11:00:00-04:00,2025-07-03T13:00:00-04:00,2,98.04,98.36,1.7052,97.7996,97.7987,16.892,10.919,34.646,neutral,96.9407,0.0659,0.3035
WMT,WMT-165,2025-07-07T04:00:00-04:00,2025-07-07T05:00:00-04:00,1,97.69,97.85,1.6591,97.9732,97.9031,8.682,-32.412,-25.601,neutral,97.0697,0.129,0.3305
WMT,WMT-166,2025-07-07T07:00:00-04:00,2025-07-07T14:00:00-04:00,7,98.2,99.09,1.6591,97.9988,97.9257,16.351,14.788,-24.743,neutral,97.0697,0.129,0.3305
WMT,WMT-167,2025-07-09T15:00:00-04:00,2025-07-10T06:00:00-04:00,6,96.82,96.97,1.7474,97.0024,97.3442,-51.805,1.442,0.525,neutral_down,97.2592,-0.0169,0.3185
WMT,WMT-168,2025-07-10T08:00:00-04:00,2025-07-10T09:00:00-04:00,1,96.85,96.08,1.6876,96.9725,97.1498,-31.619,-6.485,-5.445,neutral_down,97.2193,-0.0399,0.1495
WMT,WMT-169,2025-07-11T16:00:00-04:00,2025-07-11T19:00:00-04:00,3,94.3998,94.4387,1.716,94.6593,95.0761,-64.238,2.448,-5.112,accumulation,97.0057,-0.2136,-0.2704
WMT,WMT-170,2025-07-14T09:00:00-04:00,2025-07-14T11:00:00-04:00,2,95.125,95.4419,1.6866,94.5619,94.7443,-4.611,44.612,42.726,neutral,96.7652,-0.2405,-0.494
WMT,WMT-171,2025-07-15T13:00:00-04:00,2025-07-21T10:00:00-04:00,57,95.6944,96.315,1.6718,95.4424,95.375,14.324,21.065,24.131,neutral,96.6738,-0.0914,-0.5455
WMT,WMT-172,2025-07-22T13:00:00-04:00,2025-07-24T06:00:00-04:00,23,96.035,95.54,1.4982,95.9245,95.7851,26.968,0.101,0.969,neutral_up,96.1501,-0.044,-0.2748
WMT,WMT-173,2025-07-24T09:00:00-04:00,2025-07-24T11:00:00-04:00,2,96.27,96.59,1.427,95.7571,95.7375,27.667,41.342,45.899,neutral_up,96.0792,-0.0399,-0.1148
WMT,WMT-174,2025-07-28T12:00:00-04:00,2025-07-29T12:00:00-04:00,15,97.545,98.53,1.4168,97.6355,97.4087,38.256,-23.339,0.754,neutral_up,96.2538,0.1236,0.1347
WMT,WMT-175,2025-07-30T10:00:00-04:00,2025-07-30T16:00:00-04:00,6,97.94,97.06,1.3899,98.1817,98.0828,5.209,-21.254,-22.542,neutral,96.5561,0.1804,0.4259
WMT,WMT-176,2025-08-01T12:00:00-04:00,2025-08-01T18:00:00-04:00,6,98.25,98.45,1.3982,98.0738,97.9279,34.057,-8.48,26.941,neutral_up,96.7743,0.1206,0.3986
WMT,WMT-177,2025-08-05T13:00:00-04:00,2025-08-06T10:00:00-04:00,11,99.465,102.15,1.4046,99.5421,99.3629,15.858,-6.252,-18.788,neutral,97.1701,0.243,0.5163
WMT,WMT-178,2025-08-07T14:00:00-04:00,2025-08-08T10:00:00-04:00,11,102.945,104.225,1.6289,102.82,102.4438,34.034,2.9,10.118,neutral_up,97.9085,0.5461,0.9814
WMT,WMT-179,2025-08-11T10:00:00-04:00,2025-08-13T10:00:00-04:00,28,103.535,101.77,1.6353,103.7598,103.6385,5.014,-13.298,-27.731,neutral,98.8727,0.4877,1.5104
WMT,WMT-180,2025-08-14T16:00:00-04:00,2025-08-15T11:00:00-04:00,9,100.9,99.69,1.6461,100.9903,101.3898,-47.032,4.09,-2.144,neutral_down,99.8416,0.1158,0.9688
WMT,WMT-181,2025-08-18T10:00:00-04:00,2025-08-18T19:00:00-04:00,9,100.39,100.8896,1.56,100.2484,100.3502,-3.348,6.973,11.833,neutral,99.9412,0.0089,0.2155
WMT,WMT-182,2025-08-20T06:00:00-04:00,2025-08-20T07:00:00-04:00,1,100.4,100.8,1.5337,101.2509,101.2055,-17.609,-44.296,-39.669,neutral,100.1276,0.1192,0.1953
WMT,WMT-183,2025-08-20T08:00:00-04:00,2025-08-20T13:00:00-04:00,5,100.7,102.31,1.5337,101.0686,101.1261,-26.022,-2.973,-52.709,neutral_down,100.1276,0.1192,0.1953
WMT,WMT-184,2025-08-21T06:00:00-04:00,2025-08-21T10:00:00-04:00,4,100.64,98.0735,1.547,101.6891,101.7273,-31.452,-17.323,-72.861,neutral_down,100.3497,0.222,0.4084
WMT,WMT-185,2025-08-22T10:00:00-04:00,2025-08-25T04:00:00-04:00,10,98.065,96.96,1.838,98.0047,98.5401,-23.745,4.671,21.853,neutral_down,100.132,-0.2177,0.1236
WMT,WMT-186,2025-08-25T10:00:00-04:00,2025-08-25T12:00:00-04:00,2,96.565,96.525,1.8703,96.9675,97.3206,-37.366,-13.502,-0.568,neutral_down,99.8327,-0.2993,-0.2949
WMT,WMT-187,2025-08-25T14:00:00-04:00,2025-08-25T17:00:00-04:00,3,96.185,96.0907,1.8703,96.6404,97.0404,-55.097,-9.035,-15.079,neutral_down,99.8327,-0.2993,-0.2949
WMT,WMT-188,2025-08-26T14:00:00-04:00,2025-08-29T15:00:00-04:00,49,96.0,97.01,1.8445,95.8692,96.1661,-44.702,26.769,19.489,neutral_down,99.4934,-0.3393,-0.8563
WMT,WMT-189,2025-09-05T16:00:00-04:00,2025-09-05T17:00:00-04:00,1,100.4899,100.45,1.6455,100.3084,100.2492,13.773,5.286,36.21,neutral,98.7447,0.2175,0.2492
WMT,WMT-190,2025-09-09T14:00:00-04:00,2025-09-10T11:00:00-04:00,13,102.105,101.165,1.6854,102.169,101.8895,36.478,-15.292,-5.162,neutral_up,99.2174,0.3123,0.6903
WMT,WMT-191,2025-09-15T13:00:00-04:00,2025-09-16T06:00:00-04:00,9,103.785,104.08,1.7145,103.6279,103.3436,44.973,1.135,-7.169,neutral_up,100.1858,0.3264,0.6872
WMT,WMT-192,2025-09-16T07:00:00-04:00,2025-09-17T05:00:00-04:00,14,103.7,103.24,1.6331,103.852,103.6463,32.409,-26.115,-16.88,neutral_up,100.5044,0.3186,0.922
WMT,WMT-193,2025-09-18T12:00:00-04:00,2025-09-18T14:00:00-04:00,2,104.0599,103.8,1.6712,104.3028,104.3388,-11.165,-2.659,2.096,neutral,101.088,0.3177,0.9022
WMT,WMT-194,2025-09-18T15:00:00-04:00,2025-09-18T19:00:00-04:00,4,103.61,103.49,1.6712,104.0169,104.186,-25.777,-5.009,-14.612,neutral_down,101.088,0.3177,0.9022
WMT,WMT-195,2025-09-19T09:00:00-04:00,2025-09-19T13:00:00-04:00,4,103.67,102.26,1.7315,103.5496,103.7616,-20.529,13.781,5.907,neutral,101.3173,0.2293,0.8129
WMT,WMT-196,2025-09-22T12:00:00-04:00,2025-09-23T11:00:00-04:00,12,102.49,101.655,1.7399,102.5275,102.7055,-11.382,-4.609,9.329,neutral,101.4085,0.0912,0.6381
WMT,WMT-197,2025-09-23T13:00:00-04:00,2025-09-23T14:00:00-04:00,1,102.49,102.3665,1.707,102.2107,102.4292,-24.127,28.539,29.931,neutral_down,101.5354,0.127,0.4474
WMT,WMT-198,2025-09-24T12:00:00-04:00,2025-09-24T13:00:00-04:00,1,102.63,102.655,1.6904,102.5981,102.5181,18.457,-9.504,6.088,neutral,101.624,0.0886,0.3067
WMT,WMT-199,2025-09-24T17:00:00-04:00,2025-09-30T12:00:00-04:00,55,102.75,103.815,1.6904,102.6985,102.6046,14.273,-0.583,-5.491,neutral,101.624,0.0886,0.3067
WMT,WMT-200,2025-09-30T13:00:00-04:00,2025-09-30T14:00:00-04:00,1,103.2554,103.23,1.5268,103.3005,103.1317,30.509,-19.966,3.029,neutral_up,102.063,0.1012,0.3407
WMT,WMT-201,2025-09-30T19:00:00-04:00,2025-10-01T05:00:00-04:00,2,103.0,102.99,1.5268,103.103,103.0926,-8.11,-1.826,-3.901,neutral,102.063,0.1012,0.3407
WMT,WMT-202,2025-10-01T08:00:00-04:00,2025-10-01T09:00:00-04:00,1,103.023,100.98,1.5046,103.0133,103.0452,-8.211,5.894,1.505,neutral,102.1527,0.0897,0.3097
WMT,WMT-203,2025-10-03T16:00:00-04:00,2025-10-03T18:00:00-04:00,2,102.05,102.04,1.6249,102.1365,101.9864,13.191,-7.642,-39.864,neutral,102.0952,-0.0395,0.0322
WMT,WMT-204,2025-10-06T09:00:00-04:00,2025-10-06T11:00:00-04:00,2,102.39,102.8035,1.6242,102.0692,102.0133,13.248,22.477,8.757,neutral,102.0929,-0.0023,-0.0598
WMT,WMT-205,2025-10-06T13:00:00-04:00,2025-10-06T16:00:00-04:00,3,102.58,102.68,1.6242,102.4695,102.2469,43.205,-14.057,11.233,neutral_up,102.0929,-0.0023,-0.0598
WMT,WMT-206,2025-10-07T11:00:00-04:00,2025-10-07T15:00:00-04:00,4,102.205,103.24,1.6142,102.2024,102.2774,-22.273,17.168,-50.057,neutral,102.1454,0.0525,0.0106
WMT,WMT-207,2025-10-08T16:00:00-04:00,2025-10-09T10:00:00-04:00,9,103.0,101.07,1.6632,102.9207,102.8593,7.121,4.858,4.872,neutral,102.2449,0.0995,0.1497
WMT,WMT-208,2025-10-10T18:00:00-04:00,2025-10-10T19:00:00-04:00,1,101.1001,101.3209,1.7277,101.6326,101.8837,-40.536,-1.375,-29.498,neutral_down,102.2578,-0.049,0.1124
WMT,WMT-209,2025-10-13T04:00:00-04:00,2025-10-13T06:00:00-04:00,2,102.18,101.5,1.755,101.6922,101.8641,-8.747,25.24,30.414,neutral,102.2193,-0.0384,-0.0256
WMT,WMT-210,2025-10-13T08:00:00-04:00,2025-10-13T11:00:00-04:00,3,101.65,102.29,1.755,101.6336,101.7779,-10.47,3.387,-1.669,neutral,102.2193,-0.0384,-0.0256
WMT,WMT-211,2025-10-13T13:00:00-04:00,2025-10-14T10:00:00-04:00,13,101.98,105.04,1.755,101.967,101.9105,11.224,-7.414,6.307,neutral,102.2193,-0.0384,-0.0256
WMT,WMT-212,2025-10-16T11:00:00-04:00,2025-10-16T12:00:00-04:00,1,106.81,106.8857,2.0455,108.4382,108.2865,-30.548,-37.281,-78.081,neutral_down,103.2417,0.5808,1.0223
WMT,WMT-213,2025-10-17T13:00:00-04:00,2025-10-17T16:00:00-04:00,3,107.77,107.8,2.179,107.2199,107.1925,20.37,7.242,23.01,neutral,103.5343,0.2926,1.3253
WMT,WMT-214,2025-10-20T10:00:00-04:00,2025-10-20T13:00:00-04:00,3,106.9213,106.655,2.1648,107.5297,107.5005,-17.684,-21.627,-42.038,neutral,103.9166,0.3823,1.2557
WMT,WMT-215,2025-10-21T11:00:00-04:00,2025-10-21T19:00:00-04:00,8,106.77,106.24,2.1273,106.9407,107.0595,-20.747,-5.062,-5.748,neutral,104.1992,0.2826,0.9575
WMT,WMT-216,2025-10-22T10:00:00-04:00,2025-10-22T12:00:00-04:00,2,106.92,107.45,2.0682,106.4009,106.5858,-15.044,40.127,28.327,neutral,104.3829,0.1837,0.8486
WMT,WMT-217,2025-10-24T07:00:00-04:00,2025-10-27T12:00:00-04:00,20,106.76,104.925,2.0511,106.7493,106.7684,4.127,-4.828,2.918,neutral,104.8359,0.2024,0.6368
WMT,WMT-218,2025-10-29T12:00:00-04:00,2025-10-31T07:00:00-04:00,26,103.25,101.9,1.9922,103.1224,103.4348,-26.308,13.106,9.249,neutral_down,104.7572,-0.1582,-0.0788
WMT,WMT-219,2025-10-31T09:00:00-04:00,2025-10-31T10:00:00-04:00,1,101.91,100.985,1.9219,102.0245,102.2894,-33.409,4.479,4.333,neutral_down,104.3426,-0.2103,-0.5728
WMT,WMT-220,2025-11-03T09:00:00-05:00,2025-11-04T06:00:00-05:00,13,100.81,101.74,1.9318,101.0776,101.3587,-38.879,-3.714,-7.738,neutral_down,104.056,-0.2866,-0.7012
WMT,WMT-221,2025-11-04T09:00:00-05:00,2025-11-04T10:00:00-05:00,1,101.61,102.16,1.8938,101.6276,101.509,17.531,-9.715,-10.81,neutral,103.8328,-0.2233,-0.7201
WMT,WMT-222,2025-11-04T17:00:00-05:00,2025-11-04T19:00:00-05:00,2,102.3,102.28,1.8938,102.1365,101.8875,36.563,-0.859,0.98,neutral_up,103.8328,-0.2233,-0.7201
WMT,WMT-223,2025-11-05T05:00:00-05:00,2025-11-05T06:00:00-05:00,1,102.28,102.4,1.8414,102.2041,102.0034,26.424,1.392,-8.926,neutral_up,103.6934,-0.1393,-0.6492
WMT,WMT-224,2025-11-05T08:00:00-05:00,2025-11-05T17:00:00-05:00,9,102.2,101.5,1.8414,102.2346,102.054,23.486,-8.719,-1.545,neutral,103.6934,-0.1393,-0.6492
WMT,WMT-225,2025-11-06T19:00:00-05:00,2025-11-07T07:00:00-05:00,3,101.68,101.76,1.8402,101.6146,101.594,10.251,-3.22,-0.443,neutral,103.4917,-0.2017,-0.5643
WMT,WMT-226,2025-11-07T08:00:00-05:00,2025-11-07T10:00:00-05:00,2,101.9005,102.58,1.8445,101.7058,101.6439,16.909,5.985,15.399,neutral,103.327,-0.1647,-0.5057
WMT,WMT-227,2025-11-10T10:00:00-05:00,2025-11-11T13:00:00-05:00,19,102.3,103.5,1.8049,102.3078,102.251,-4.485,8.484,-16.091,neutral,103.2619,-0.0652,-0.4316
WMT,WMT-228,2025-11-12T12:00:00-05:00,2025-11-13T13:00:00-05:00,15,103.195,102.48,1.7282,103.2185,103.1169,7.015,0.579,1.798,neutral,103.2132,0.0297,-0.1139
WMT,WMT-229,2025-11-17T14:00:00-05:00,2025-11-18T16:00:00-05:00,18,102.655,101.49,1.8312,102.6739,102.5265,14.98,-6.257,-19.952,neutral,103.1111,-0.0631,-0.1021
WMT,WMT-230,2025-11-20T05:00:00-05:00,2025-11-20T06:00:00-05:00,1,100.8,102.8,1.8162,100.9749,101.1125,-3.978,-15.336,5.531,neutral,102.7309,-0.2141,-0.3802
WMT,WMT-231,2025-11-20T07:00:00-05:00,2025-11-20T09:00:00-05:00,2,100.88,106.76,1.8162,101.2479,101.2308,12.353,-24.522,0.996,neutral,102.7309,-0.2141,-0.3802
WMT,WMT-232,2025-11-21T12:00:00-05:00,2025-11-21T17:00:00-05:00,5,104.885,105.45,2.2093,106.3855,105.9136,-10.239,-21.758,-62.818,neutral,103.1344,0.4036,0.038
WMT,WMT-233,2025-11-24T13:00:00-05:00,2025-11-24T19:00:00-05:00,6,104.8,104.2503,2.2962,105.1621,105.3886,-27.673,-3.532,-11.472,neutral_down,103.334,0.1996,0.3891
WMT,WMT-234,2025-12-02T11:00:00-05:00,2025-12-02T17:00:00-05:00,6,111.03,112.42,2.2848,111.2887,111.1088,7.275,-15.212,-38.532,neutral,105.4114,0.6254,1.6874
WMT,WMT-235,2025-12-04T13:00:00-05:00,2025-12-05T08:00:00-05:00,9,114.455,114.8,2.2839,114.0958,113.8405,22.296,15.653,12.339,neutral,106.8106,0.7629,2.0245
WMT,WMT-236,2025-12-05T19:00:00-05:00,2025-12-08T06:00:00-05:00,3,115.21,115.03,2.2437,115.2725,115.0321,17.167,-3.835,-4.769,neutral,107.5405,0.7299,2.1291
WMT,WMT-237,2025-12-08T09:00:00-05:00,2025-12-08T10:00:00-05:00,1,114.39,113.04,2.1974,114.967,114.9763,-24.974,-22.54,-28.517,neutral_down,108.2296,0.689,2.1819
WMT,WMT-238,2025-12-09T11:00:00-05:00,2025-12-09T16:00:00-05:00,5,114.0,114.77,2.2419,113.7821,113.9075,-5.252,10.648,-1.609,neutral,108.7178,0.4882,1.9072
WMT,WMT-239,2025-12-12T14:00:00-05:00,2025-12-12T17:00:00-05:00,3,116.725,116.65,2.3918,115.9336,115.4473,57.921,15.718,16.166,neutral_up,110.1837,0.5361,1.466
WMT,WMT-240,2025-12-15T10:00:00-05:00,2025-12-16T14:00:00-05:00,19,116.25,115.4302,2.3588,116.5928,116.2785,18.596,-20.442,-30.757,neutral,110.7752,0.5915,1.4781
WMT,WMT-241,2025-12-17T14:00:00-05:00,2025-12-18T17:00:00-05:00,17,115.7572,114.99,2.2918,115.7575,115.7823,5.466,-7.366,-7.87,neutral,111.6935,0.3697,1.5097
WMT,WMT-242,2025-12-19T15:00:00-05:00,2025-12-22T10:00:00-05:00,11,114.45,112.625,2.1972,114.3228,114.6456,-31.352,18.623,28.072,neutral_down,112.3073,0.2523,0.9834
WMT,WMT-243,2025-12-26T19:00:00-05:00,2025-12-29T15:00:00-05:00,12,111.6001,112.55,2.0781,111.6539,111.6184,2.639,-5.059,-9.44,neutral,112.2895,-0.068,-0.2125
WMT,WMT-244,2025-12-30T10:00:00-05:00,2025-12-30T17:00:00-05:00,7,112.105,111.88,1.9187,112.3363,112.2473,-5.27,-11.985,-51.143,neutral,112.2678,0.0282,-0.0897
WMT,WMT-245,2025-12-31T09:00:00-05:00,2025-12-31T11:00:00-05:00,2,111.75,111.505,1.8428,111.8814,112.0053,-29.815,5.227,9.347,neutral_down,112.2353,-0.0325,-0.0543
WMT,WMT-246,2025-12-31T13:00:00-05:00,2025-12-31T18:00:00-05:00,5,111.67,111.48,1.8428,111.6742,111.8519,-29.924,11.856,7.741,neutral_down,112.2353,-0.0325,-0.0543
WMT,WMT-247,2025-12-31T19:00:00-05:00,2026-01-02T14:00:00-05:00,11,111.5,112.545,1.8428,111.5351,111.6932,-27.152,2.715,3.441,neutral_down,112.2353,-0.0325,-0.0543
WMT,WMT-248,2026-01-05T15:00:00-05:00,2026-01-05T18:00:00-05:00,3,112.7,112.68,1.7702,112.9937,112.6833,31.583,-30.36,-36.982,neutral_up,112.213,0.0537,-0.0548
WMT,WMT-249,2026-01-06T11:00:00-05:00,2026-01-06T13:00:00-05:00,2,112.9677,114.24,1.7567,112.6404,112.6424,4.117,20.44,11.61,neutral,112.2573,0.0443,0.022
WMT,WMT-250,2026-01-08T13:00:00-05:00,2026-01-09T04:00:00-05:00,7,113.325,112.98,1.8883,112.5264,112.7544,5.209,17.19,61.768,neutral,112.4722,0.0238,0.2592
WMT,WMT-251,2026-01-13T08:00:00-05:00,2026-01-13T13:00:00-05:00,5,118.03,120.27,2.2573,118.0959,117.5835,24.199,-4.422,-17.388,neutral_up,113.1872,0.4793,0.7149
WMT,WMT-252,2026-01-13T14:00:00-05:00,2026-01-13T15:00:00-05:00,1,119.81,120.38,2.2573,119.371,118.5372,62.262,-8.883,6.127,distribution,113.1872,0.4793,0.7149
WMT,WMT-253,2026-01-14T12:00:00-05:00,2026-01-16T06:00:00-05:00,26,120.05,119.0,2.2946,120.0636,119.7564,9.19,4.299,-31.378,neutral,113.8411,0.6539,1.3154
WMT,WMT-254,2026-01-16T09:00:00-05:00,2026-01-16T11:00:00-05:00,2,118.73,118.585,2.2776,119.0554,119.3347,-34.033,-2.84,-3.049,neutral_down,114.8467,0.4393,1.6595
WMT,WMT-255,2026-01-16T12:00:00-05:00,2026-01-16T13:00:00-05:00,1,118.4825,118.2593,2.2776,118.8098,119.1416,-35.915,-0.062,-1.882,neutral_down,114.8467,0.4393,1.6595
WMT,WMT-256,2026-01-16T14:00:00-05:00,2026-01-20T07:00:00-05:00,9,117.65,119.5,2.2776,118.4898,118.933,-52.364,-12.791,-16.511,neutral_down,114.8467,0.4393,1.6595
WMT,WMT-257,2026-01-20T08:00:00-05:00,2026-01-20T16:00:00-05:00,8,119.6,118.49,2.3792,119.5205,119.4141,6.585,1.649,-2.327,neutral,115.3151,0.4685,1.4741
WMT,WMT-258,2026-01-20T19:00:00-05:00,2026-01-21T04:00:00-05:00,1,118.76,118.64,2.3792,118.6685,118.8701,-8.763,4.142,9.066,neutral,115.3151,0.4685,1.4741
WMT,WMT-259,2026-01-21T06:00:00-05:00,2026-01-22T06:00:00-05:00,16,118.48,119.18,2.4957,118.6242,118.7991,-12.118,-3.395,-3.355,neutral,115.6274,0.3123,1.2201
WMT,WMT-260,2026-01-22T09:00:00-05:00,2026-01-22T11:00:00-05:00,2,118.18,118.39,2.5278,118.9892,118.9495,-10.547,-26.362,-20.937,neutral,115.9695,0.3421,1.1228
WMT,WMT-261,2026-01-23T11:00:00-05:00,2026-01-27T10:00:00-05:00,31,118.06,115.93,2.4808,117.9255,118.1354,-10.637,6.189,35.369,neutral,116.1413,0.1719,0.8262
WMT,WMT-262,2026-01-28T11:00:00-05:00,2026-01-30T14:00:00-05:00,33,116.6574,119.07,2.3289,116.6201,116.7405,-0.46,-4.754,28.512,neutral,116.4619,0.0488,0.3206
WMT,WMT-263,2026-02-04T14:00:00-05:00,2026-02-06T11:00:00-05:00,29,127.9,130.24,2.6201,128.2651,127.4448,37.376,-18.573,-27.57,neutral_up,118.3892,0.9356,1.8349
WMT,WMT-264,2026-02-13T13:00:00-05:00,2026-02-13T18:00:00-05:00,5,134.4,134.01,3.0765,133.5848,132.7491,65.339,4.835,30.272,distribution,123.7565,0.9883,2.0488
WMT,WMT-265,2026-02-17T05:00:00-05:00,2026-02-17T07:00:00-05:00,2,133.12,133.0,3.0639,133.7864,133.3485,16.39,-27.959,-26.012,neutral,124.6786,0.9221,2.5117
WMT,WMT-266,2026-02-17T08:00:00-05:00,2026-02-17T11:00:00-05:00,3,132.99,129.39,3.0639,133.4301,133.2782,-8.909,-3.807,-25.3,neutral,124.6786,0.9221,2.5117
WMT,WMT-267,2026-02-19T09:00:00-05:00,2026-02-19T10:00:00-05:00,1,129.37,129.0,3.296,126.2497,126.8695,-0.254,51.814,83.652,neutral,125.198,0.1402,1.4415
WMT,WMT-268,2026-02-19T11:00:00-05:00,2026-02-19T17:00:00-05:00,6,126.84,125.04,3.296,126.8078,127.0429,7.987,-11.913,60.055,neutral,125.198,0.1402,1.4415
WMT,WMT-269,2026-02-24T14:00:00-05:00,2026-02-26T14:00:00-05:00,32,126.57,124.91,3.5144,126.6091,125.995,36.24,-10.068,-19.158,neutral_up,125.0455,0.0794,-0.1525
WMT,WMT-270,2026-03-02T12:00:00-05:00,2026-03-03T18:00:00-05:00,22,127.98,127.8,3.4379,127.6419,127.1837,30.421,2.521,8.333,neutral_up,125.425,0.2485,0.2245
WMT,WMT-271,2026-03-04T09:00:00-05:00,2026-03-05T09:00:00-05:00,16,126.54,124.64,3.2698,127.3004,127.2624,-10.576,-19.777,-19.665,neutral,125.7868,0.2113,0.6103
WMT,WMT-272,2026-03-06T13:00:00-05:00,2026-03-10T12:00:00-04:00,31,123.06,125.5822,3.3809,123.1384,123.5907,-15.977,-4.125,14.352,neutral,125.7223,-0.2402,0.1468
WMT,WMT-273,2026-03-10T16:00:00-04:00,2026-03-10T17:00:00-04:00,1,125.06,125.04,3.2285,125.0305,124.5685,27.816,-7.039,-32.222,neutral_up,125.4343,-0.1114,-0.5282
WMT,WMT-274,2026-03-10T18:00:00-04:00,2026-03-11T04:00:00-04:00,2,124.79,125.0,3.2285,124.9839,124.6276,15.547,-8.005,-19.308,neutral,125.4343,-0.1114,-0.5282
WMT,WMT-275,2026-03-11T07:00:00-04:00,2026-03-11T17:00:00-04:00,10,124.7,123.4,3.1943,124.9026,124.7265,3.646,-5.196,-12.999,neutral,125.403,-0.0313,-0.3193
WMT,WMT-276,2026-03-13T16:00:00-04:00,2026-03-16T07:00:00-04:00,7,125.96,126.73,3.1382,126.0409,125.5456,39.512,-17.143,-10.832,neutral_up,125.2367,0.0103,-0.1976
WMT,WMT-277,2026-03-16T09:00:00-04:00,2026-03-17T06:00:00-04:00,13,125.745,125.6,3.0366,126.2351,125.9592,16.727,-28.016,-3.133,neutral,125.3561,0.1194,-0.0469
WMT,WMT-278,2026-03-17T08:00:00-04:00,2026-03-18T07:00:00-04:00,15,125.57,125.35,2.9732,125.6171,125.6881,-11.346,2.453,-3.357,neutral,125.4119,0.0558,0.1855
WMT,WMT-279,2026-03-20T13:00:00-04:00,2026-03-20T18:00:00-04:00,5,120.22,119.34,2.9885,120.1964,120.779,-38.028,14.49,21.948,neutral_down,124.7111,-0.3631,-0.7008
WMT,WMT-280,2026-03-23T07:00:00-04:00,2026-03-23T19:00:00-04:00,12,120.52,120.91,3.0093,119.6279,119.9921,-6.436,25.987,35.305,neutral,124.1947,-0.5165,-1.1875
WMT,WMT-281,2026-03-24T04:00:00-04:00,2026-03-24T06:00:00-04:00,1,120.45,120.79,2.9444,120.6676,120.5308,5.119,-8.523,-3.633,neutral,123.8742,-0.3204,-1.2
WMT,WMT-282,2026-03-24T08:00:00-04:00,2026-03-24T10:00:00-04:00,2,120.3794,123.19,2.9444,120.5972,120.5331,-2.372,-4.897,-7.491,neutral,123.8742,-0.3204,-1.2
WMT,WMT-283,2026-03-25T12:00:00-04:00,2026-04-02T19:00:00-04:00,97,122.7,125.81,2.9926,122.5867,122.3176,17.137,0.817,8.37,neutral,123.712,-0.1622,-0.9991
WMT,WMT-284,2026-04-06T08:00:00-04:00,2026-04-06T10:00:00-04:00,2,125.5718,126.6,2.621,125.5671,125.3399,17.84,-1.257,-8.115,neutral,123.8402,0.1945,0.3762
WMT,WMT-285,2026-04-06T11:00:00-04:00,2026-04-06T14:00:00-04:00,3,126.41,126.715,2.621,126.0127,125.624,51.263,-2.448,33.423,neutral_up,123.8402,0.1945,0.3762
WMT,WMT-286,2026-04-14T13:00:00-04:00,2026-04-15T06:00:00-04:00,9,124.32,124.78,2.9404,124.2013,124.6557,-26.003,6.333,38.42,neutral_down,124.8645,-0.034,0.5983
WMT,WMT-287,2026-04-15T09:00:00-04:00,2026-04-15T11:00:00-04:00,2,123.655,123.58,2.92,124.5095,124.6468,-33.503,-31.694,-37.586,neutral_down,124.8814,0.0169,0.1721
WMT,WMT-288,2026-04-15T12:00:00-04:00,2026-04-16T08:00:00-04:00,12,124.74,124.9732,2.92,124.3129,124.5016,-18.283,31.94,15.22,neutral,124.8814,0.0169,0.1721
WMT,WMT-289,2026-04-16T09:00:00-04:00,2026-04-17T14:00:00-04:00,21,125.55,127.235,2.8464,124.9249,124.7607,32.367,14.557,11.648,neutral_up,124.8694,-0.0119,-0.029
WMT,WMT-290,2026-04-20T16:00:00-04:00,2026-04-21T14:00:00-04:00,14,128.13,129.67,2.8853,127.9962,127.4646,34.982,-0.272,-22.732,neutral_up,125.1018,0.2368,0.2204
WMT,WMT-291,2026-04-22T13:00:00-04:00,2026-04-23T11:00:00-04:00,14,130.01,131.82,2.794,129.8609,129.4513,37.319,-4.726,-7.492,neutral_up,125.7453,0.3855,0.8803
WMT,WMT-292,2026-04-24T09:00:00-04:00,2026-04-24T12:00:00-04:00,3,131.22,129.96,2.6945,131.1709,131.0183,7.07,2.89,-5.722,neutral,126.664,0.5356,1.3042
WMT,WMT-293,2026-04-28T10:00:00-04:00,2026-04-28T18:00:00-04:00,8,128.51,127.03,2.6912,128.425,128.5966,-5.301,1.22,-10.539,neutral,127.0146,0.0555,0.8862
WMT,WMT-294,2026-04-29T13:00:00-04:00,2026-04-30T09:00:00-04:00,12,127.79,130.462,2.7126,127.2226,127.3911,8.34,12.84,49.629,neutral,127.067,0.0523,0.4029
WMT,WMT-295,2026-05-01T13:00:00-04:00,2026-05-04T05:00:00-04:00,8,131.64,130.76,2.8028,131.9936,131.3677,28.073,-14.631,-51.145,neutral_up,127.5876,0.4312,0.5729
WMT,WMT-296,2026-05-04T09:00:00-04:00,2026-05-04T12:00:00-04:00,3,131.38,129.94,2.7733,131.2839,131.2745,1.667,4.279,16.319,neutral,127.9514,0.3639,0.8845
WMT,WMT-297,2026-05-04T16:00:00-04:00,2026-05-04T17:00:00-04:00,1,130.33,130.3522,2.7733,130.4512,130.7764,-29.142,6.295,14.252,neutral_down,127.9514,0.3639,0.8845
WMT,WMT-298,2026-05-05T09:00:00-04:00,2026-05-08T13:00:00-04:00,52,131.66,131.12,2.7231,130.5942,130.6338,21.266,41.265,40.563,neutral,128.1704,0.219,1.0141
WMT,WMT-299,2026-05-08T15:00:00-04:00,2026-05-11T10:00:00-04:00,10,130.39,128.915,2.514,130.739,130.5316,13.308,-22.262,-23.312,neutral,128.713,0.1527,0.5426
WMT,WMT-300,2026-05-13T13:00:00-04:00,2026-05-13T15:00:00-04:00,2,131.02,131.48,2.6177,130.4571,129.9913,33.72,5.034,-4.516,neutral_up,128.8978,0.1492,0.1848
WMT,WMT-301,2026-05-14T13:00:00-04:00,2026-05-14T15:00:00-04:00,2,132.53,132.44,2.6993,131.8606,131.2741,58.01,3.456,10.461,neutral_up,129.1326,0.2347,0.2671
WMT,WMT-302,2026-05-15T11:00:00-04:00,2026-05-15T13:00:00-04:00,2,131.31,130.845,2.6436,132.5966,132.3576,-13.688,-29.806,-71.272,neutral,129.4332,0.3007,0.6846
WMT,WMT-303,2026-05-18T11:00:00-04:00,2026-05-18T17:00:00-04:00,6,131.9641,133.26,2.6808,131.9923,131.9791,7.235,-7.863,24.077,neutral,129.6229,0.1897,0.7251
WMT,WMT-304,2026-05-20T08:00:00-04:00,2026-05-20T09:00:00-04:00,1,133.67,131.92,2.6882,133.8835,133.7454,0.555,-4.625,-8.895,neutral,130.3505,0.386,0.9172
WMT,WMT-305,2026-05-20T10:00:00-04:00,2026-05-20T12:00:00-04:00,2,132.2401,132.335,2.6882,133.2407,133.4577,-43.178,-6.487,-48.358,neutral_down,130.3505,0.386,0.9172
WMT,WMT-306,2026-05-22T13:00:00-04:00,2026-05-22T14:00:00-04:00,1,120.09,119.935,3.3309,120.7049,122.3588,-83.953,4.737,21.79,accumulation,129.5825,-0.8243,-0.382
WMT,WMT-307,2026-05-26T13:00:00-04:00,2026-05-26T14:00:00-04:00,1,118.23,118.14,3.3101,119.0751,120.0031,-78.432,-4.457,-9.235,accumulation,128.7341,-0.8484,-1.6163
WMT,WMT-308,2026-05-27T10:00:00-04:00,2026-05-29T06:00:00-04:00,28,118.54,118.0,3.2973,118.5143,118.9341,-29.958,8.441,18.689,neutral_down,127.8106,-0.9236,-2.5962
WMT,WMT-309,2026-06-02T14:00:00-04:00,2026-06-02T16:00:00-04:00,2,113.375,112.95,3.1069,113.5633,114.0626,-45.469,3.622,15.121,neutral_down,124.3056,-0.9711,-2.6622
WMT,WMT-310,2026-06-05T04:00:00-04:00,2026-06-05T05:00:00-04:00,1,118.11,117.86,3.1038,118.1039,117.7957,15.829,-0.026,0.937,neutral,122.2547,-0.4495,-2.0509
WMT,WMT-311,2026-06-05T06:00:00-04:00,2026-06-05T07:00:00-04:00,1,117.35,117.67,3.1038,117.9141,117.7605,-5.08,-14.523,-20.936,neutral,122.2547,-0.4495,-2.0509
WMT,WMT-312,2026-06-05T09:00:00-04:00,2026-06-05T11:00:00-04:00,2,120.315,119.92,3.1038,118.3608,117.9974,48.809,47.728,53.89,neutral_up,122.2547,-0.4495,-2.0509
WMT,WMT-313,2026-06-09T09:00:00-04:00,2026-06-11T12:00:00-04:00,35,118.4025,121.14,3.0288,119.3541,119.3116,-17.175,-29.389,-30.954,neutral,121.7561,-0.1936,-0.948
WMT,WMT-314,2026-06-11T13:00:00-04:00,2026-06-17T11:00:00-04:00,62,120.9,119.19,3.0123,120.6702,120.2787,35.369,-6.027,4.251,neutral_up,121.4013,-0.0851,-0.5484
WMT,WMT-315,2026-06-18T15:00:00-04:00,2026-06-18T19:00:00-04:00,4,117.18,117.1,2.965,117.4459,118.049,-56.179,3.552,5.782,neutral_down,120.9481,-0.2783,-0.3369
WMT,WMT-316,2026-06-22T09:00:00-04:00,2026-06-23T06:00:00-04:00,13,117.595,118.45,2.8736,117.0927,117.4556,-22.611,31.268,33.773,neutral,120.6055,-0.3426,-0.639
WMT,WMT-317,2026-06-24T08:00:00-04:00,2026-06-24T18:00:00-04:00,10,118.95,116.69,2.8535,119.059,118.8672,8.836,-3.385,0.375,neutral,120.2089,-0.0789,-0.7392
WMT,WMT-318,2026-06-26T11:00:00-04:00,2026-06-26T13:00:00-04:00,2,116.95,116.87,2.8186,116.7891,116.882,4.234,-0.855,12.985,neutral,119.7079,-0.3938,-0.5798
WMT,WMT-319,2026-06-26T14:00:00-04:00,2026-06-26T19:00:00-04:00,5,116.86,115.65,2.8186,116.8112,116.8691,-0.47,-0.019,-4.704,neutral,119.7079,-0.3938,-0.5798
WMT,WMT-320,2026-06-30T14:00:00-04:00,2026-06-30T16:00:00-04:00,2,113.76,113.3,2.8011,113.9394,114.3897,-52.794,7.537,8.927,neutral_down,118.8738,-0.4334,-1.2279
WMT,WMT-321,2026-07-06T17:00:00-04:00,2026-07-06T18:00:00-04:00,1,110.5141,110.5015,2.9986,110.5345,110.7259,-15.523,6.299,-2.734,neutral,116.9686,-0.5259,-1.9052
XOM,XOM-001,2024-07-15T08:00:00-04:00,2024-07-15T10:00:00-04:00,2,114.02,115.1144,1.9915,113.823,113.499,42.993,-8.714,-9.404,neutral_up,113.1516,0.0108,-0.1108
XOM,XOM-002,2024-07-16T10:00:00-04:00,2024-07-16T16:00:00-04:00,6,115.92,115.93,2.0564,115.0466,114.832,24.003,34.868,17.27,neutral_up,113.3415,0.1899,0.2056
XOM,XOM-003,2024-07-19T09:00:00-04:00,2024-07-19T11:00:00-04:00,2,118.73,117.4979,2.1268,118.8834,118.6547,8.747,-4.321,-25.837,neutral,114.3962,0.4384,1.0547
XOM,XOM-004,2024-07-23T05:00:00-04:00,2024-07-23T06:00:00-04:00,1,115.5,115.55,2.1413,115.4278,115.8626,-38.935,9.737,13.59,neutral_down,114.6161,0.0659,0.6583
XOM,XOM-005,2024-07-23T08:00:00-04:00,2024-07-23T10:00:00-04:00,2,115.07,114.115,2.1413,115.401,115.7462,-42.466,-17.31,-3.531,neutral_down,114.6161,0.0659,0.6583
XOM,XOM-006,2024-07-26T14:00:00-04:00,2024-07-29T11:00:00-04:00,11,117.5077,116.09,2.2336,117.5031,117.0684,35.73,-9.317,-1.82,neutral_up,114.8141,0.2636,0.198
XOM,XOM-007,2024-07-31T17:00:00-04:00,2024-07-31T19:00:00-04:00,2,118.73,118.13,2.1959,118.983,118.6759,9.118,-5.955,-33.088,neutral,115.4176,0.2762,0.6036
XOM,XOM-008,2024-08-01T04:00:00-04:00,2024-08-01T07:00:00-04:00,1,118.5,118.55,2.1519,118.6728,118.5926,-10.59,5.016,-19.708,neutral,115.7087,0.2911,0.6632
XOM,XOM-009,2024-08-01T08:00:00-04:00,2024-08-01T11:00:00-04:00,3,118.36,117.1,2.1519,118.5906,118.5679,-9.879,-3.363,5.726,neutral,115.7087,0.2911,0.6632
XOM,XOM-010,2024-08-02T08:00:00-04:00,2024-08-05T07:00:00-04:00,15,115.75,114.1,2.2218,116.943,117.3061,-23.083,-27.414,43.361,neutral,115.817,0.1083,0.6757
XOM,XOM-011,2024-08-05T08:00:00-04:00,2024-08-05T10:00:00-04:00,2,114.58,113.6,2.3095,115.4293,116.1046,-46.686,2.359,-6.866,neutral_down,115.9119,0.0948,0.4942
XOM,XOM-012,2024-08-05T11:00:00-04:00,2024-08-05T17:00:00-04:00,6,114.925,114.77,2.3095,114.9347,115.6804,-33.784,14.798,12.902,neutral_down,115.9119,0.0948,0.4942
XOM,XOM-013,2024-08-06T04:00:00-04:00,2024-08-07T09:00:00-04:00,19,115.3,116.939,2.4024,115.2493,115.4301,-0.982,-3.344,14.72,neutral,115.8099,-0.102,0.1011
XOM,XOM-014,2024-08-07T10:00:00-04:00,2024-08-07T11:00:00-04:00,1,116.29,116.9028,2.3737,115.5539,115.2167,47.045,-4.738,27.2,neutral_up,115.649,-0.1609,-0.1681
XOM,XOM-015,2024-08-08T10:00:00-04:00,2024-08-08T12:00:00-04:00,2,117.27,117.42,2.424,116.3259,115.9229,48.799,10.433,44.123,neutral_up,115.6536,0.0046,-0.2582
XOM,XOM-016,2024-08-09T12:00:00-04:00,2024-08-09T17:00:00-04:00,5,119.16,119.23,2.4227,118.32,117.7618,62.92,16.231,31.954,distribution,115.8569,0.2033,0.0471
XOM,XOM-017,2024-08-12T13:00:00-04:00,2024-08-13T04:00:00-04:00,7,118.59,118.89,2.3889,118.9064,118.7685,-9.532,-0.558,-35.682,neutral,116.129,0.2721,0.48
XOM,XOM-018,2024-08-13T08:00:00-04:00,2024-08-13T09:00:00-04:00,1,118.55,117.88,2.3719,118.7417,118.7689,-14.662,-1.224,-19.629,neutral,116.39,0.261,0.7364
XOM,XOM-019,2024-08-13T13:00:00-04:00,2024-08-13T18:00:00-04:00,5,118.18,118.06,2.3719,118.2957,118.498,-25.446,4.018,17.944,neutral_down,116.39,0.261,0.7364
XOM,XOM-020,2024-08-14T07:00:00-04:00,2024-08-14T14:00:00-04:00,7,118.0,119.735,2.3096,118.1501,118.2693,-17.126,-8.814,-7.817,neutral,116.5236,0.1336,0.6667
XOM,XOM-021,2024-08-14T15:00:00-04:00,2024-08-14T16:00:00-04:00,1,118.9,118.95,2.3096,118.885,118.6262,39.588,-22.373,3.345,neutral_up,116.5236,0.1336,0.6667
XOM,XOM-022,2024-08-15T10:00:00-04:00,2024-08-15T11:00:00-04:00,1,119.3,119.26,2.3067,118.8018,118.7344,12.552,24.865,23.743,neutral,116.7397,0.216,0.6107
XOM,XOM-023,2024-08-15T12:00:00-04:00,2024-08-16T07:00:00-04:00,11,119.2,117.65,2.3067,118.9547,118.8202,23.894,1.691,36.207,neutral_up,116.7397,0.216,0.6107
XOM,XOM-024,2024-08-19T05:00:00-04:00,2024-08-19T10:00:00-04:00,4,118.31,120.42,2.1641,118.2068,118.298,-7.242,8.377,1.907,neutral,117.0325,0.1137,0.5089
XOM,XOM-025,2024-08-21T14:00:00-04:00,2024-08-21T19:00:00-04:00,5,114.35,113.99,2.3163,114.7166,115.3078,-62.417,2.061,-15.344,accumulation,116.9325,-0.2353,0.0137
XOM,XOM-026,2024-08-22T10:00:00-04:00,2024-08-23T05:00:00-04:00,11,114.08,115.14,2.2801,114.2062,114.5142,-29.345,-2.069,3.856,neutral_down,116.6523,-0.2802,-0.3803
XOM,XOM-027,2024-08-29T10:00:00-04:00,2024-08-29T12:00:00-04:00,2,117.46,118.455,2.1585,116.8914,116.9889,11.886,19.477,32.881,neutral,116.744,-0.0264,0.2808
XOM,XOM-028,2024-09-04T10:00:00-04:00,2024-09-04T17:00:00-04:00,7,114.79,114.1,2.2796,115.3898,115.7351,-34.082,-17.966,-8.019,neutral_down,116.8326,-0.1353,0.0886
XOM,XOM-029,2024-09-05T10:00:00-04:00,2024-09-05T16:00:00-04:00,6,114.44,113.3,2.2721,114.4886,114.7598,-26.011,5.851,1.663,neutral_down,116.5805,-0.2521,-0.2931
XOM,XOM-030,2024-09-12T15:00:00-04:00,2024-09-12T17:00:00-04:00,2,111.26,111.2,2.6149,110.7973,110.6296,27.441,4.849,10.416,neutral_up,114.883,-0.5163,-1.0609
XOM,XOM-031,2024-09-13T14:00:00-04:00,2024-09-16T04:00:00-04:00,6,111.22,111.18,2.5432,111.6292,111.4134,2.703,-14.989,-49.308,neutral,114.5536,-0.3294,-1.3036
XOM,XOM-032,2024-09-16T08:00:00-04:00,2024-09-16T11:00:00-04:00,3,111.79,112.4101,2.4715,111.4195,111.3627,22.778,17.057,30.653,neutral,114.2433,-0.3103,-1.156
XOM,XOM-033,2024-09-18T14:00:00-04:00,2024-09-19T05:00:00-04:00,6,114.52,116.13,2.4208,114.2661,113.9039,47.528,-7.26,16.137,neutral_up,114.1194,0.0101,-0.4342
XOM,XOM-034,2024-09-24T13:00:00-04:00,2024-09-24T14:00:00-04:00,1,117.01,117.17,2.3972,117.437,117.1996,-1.759,-9.011,-43.619,neutral,114.6835,0.2677,0.5231
XOM,XOM-035,2024-09-24T16:00:00-04:00,2024-09-24T19:00:00-04:00,3,117.05,117.31,2.3972,117.2731,117.1764,-5.449,-2.32,-3.69,neutral,114.6835,0.2677,0.5231
XOM,XOM-036,2024-09-27T08:00:00-04:00,2024-09-27T10:00:00-04:00,2,113.2,115.0717,2.4628,113.1278,113.4112,-12.197,-0.682,9.663,neutral,114.6992,-0.1909,0.0157
XOM,XOM-037,2024-09-30T13:00:00-04:00,2024-09-30T16:00:00-04:00,3,116.542,117.11,2.5226,116.1569,115.627,48.019,0.856,-3.675,neutral_up,114.8029,0.1037,-0.1012
XOM,XOM-038,2024-09-30T17:00:00-04:00,2024-09-30T19:00:00-04:00,2,116.61,117.0,2.5226,116.5927,116.0326,45.675,-14.761,-4.203,neutral_up,114.8029,0.1037,-0.1012
XOM,XOM-039,2024-10-01T04:00:00-04:00,2024-10-01T05:00:00-04:00,1,115.96,116.08,2.516,116.5976,116.1869,17.628,-29.717,-28.047,neutral,115.0226,0.2197,0.1325
XOM,XOM-040,2024-10-01T06:00:00-04:00,2024-10-01T09:00:00-04:00,3,116.5,119.49,2.516,116.4952,116.2065,11.498,5.427,-35.848,neutral,115.0226,0.2197,0.1325
XOM,XOM-041,2024-10-03T05:00:00-04:00,2024-10-03T16:00:00-04:00,11,121.67,122.59,2.6834,121.4612,120.9833,35.257,0.804,-2.07,neutral_up,116.0186,0.5471,1.2157
XOM,XOM-042,2024-10-03T18:00:00-04:00,2024-10-04T04:00:00-04:00,2,122.6502,123.24,2.6834,122.4325,121.9741,38.935,-0.638,2.064,neutral_up,116.0186,0.5471,1.2157
XOM,XOM-043,2024-10-07T14:00:00-04:00,2024-10-08T05:00:00-04:00,7,125.46,123.56,2.6595,125.6347,125.123,27.315,-10.111,-22.961,neutral_up,117.3574,0.7433,1.886
XOM,XOM-044,2024-10-09T13:00:00-04:00,2024-10-09T19:00:00-04:00,6,122.345,122.1,2.6888,121.7855,122.0894,1.785,11.39,43.218,neutral,118.4481,0.3632,1.8339
XOM,XOM-045,2024-10-11T09:00:00-04:00,2024-10-14T07:00:00-04:00,13,123.525,122.9,2.5501,123.1601,122.9928,25.659,16.973,14.491,neutral_up,119.1773,0.3963,1.0924
XOM,XOM-046,2024-10-14T09:00:00-04:00,2024-10-14T18:00:00-04:00,9,123.11,122.05,2.4461,123.1696,123.2262,-18.736,8.716,4.034,neutral,119.583,0.4057,1.1349
XOM,XOM-047,2024-10-16T05:00:00-04:00,2024-10-16T06:00:00-04:00,1,120.49,120.4,2.5268,120.6901,121.1361,-34.123,-3.729,4.873,neutral_down,120.0279,0.0342,0.8506
XOM,XOM-048,2024-10-16T07:00:00-04:00,2024-10-18T05:00:00-04:00,28,120.52,120.53,2.5268,120.6097,121.0193,-34.958,2.712,-4.563,neutral_down,120.0279,0.0342,0.8506
XOM,XOM-049,2024-10-18T09:00:00-04:00,2024-10-18T10:00:00-04:00,1,119.91,119.295,2.383,120.3316,120.4922,-30.731,-14.924,-18.646,neutral_down,120.1119,0.0238,0.1182
XOM,XOM-050,2024-10-18T12:00:00-04:00,2024-10-21T06:00:00-04:00,10,119.815,120.99,2.383,120.0105,120.2835,-39.642,6.852,-8.911,neutral_down,120.1119,0.0238,0.1182
XOM,XOM-051,2024-10-21T09:00:00-04:00,2024-10-22T06:00:00-04:00,12,120.3905,120.6,2.3192,120.4681,120.3487,21.23,-18.226,-21.532,neutral,120.1017,-0.0102,0.0738
XOM,XOM-052,2024-10-22T07:00:00-04:00,2024-10-24T05:00:00-04:00,27,120.41,121.1,2.2792,120.3474,120.2994,15.748,-4.824,20.382,neutral,120.0997,-0.002,0.0117
XOM,XOM-053,2024-10-24T09:00:00-04:00,2024-10-24T11:00:00-04:00,2,119.97,119.5,2.1446,120.4421,120.4098,-10.373,-22.626,-49.409,neutral,120.162,0.0068,0.0603
XOM,XOM-054,2024-10-25T13:00:00-04:00,2024-10-28T05:00:00-04:00,8,119.455,116.7,2.0853,119.6836,119.7904,-18.454,-10.466,-16.478,neutral,120.1136,-0.0484,0.0139
XOM,XOM-055,2024-10-30T14:00:00-04:00,2024-10-30T19:00:00-04:00,5,117.055,116.97,2.0702,117.3806,117.6698,-38.961,-1.367,-23.626,neutral_down,119.7191,-0.2379,-0.3945
XOM,XOM-056,2024-10-31T13:00:00-04:00,2024-10-31T19:00:00-04:00,6,117.005,116.6,2.0502,117.2721,117.2953,-5.608,-13.718,-40.472,neutral,119.451,-0.2681,-0.6077
XOM,XOM-057,2024-11-01T04:00:00-04:00,2024-11-01T05:00:00-04:00,1,117.93,117.6,2.0459,117.1109,117.1578,10.103,39.637,28.563,neutral,119.2046,-0.2465,-0.7525
XOM,XOM-058,2024-11-01T06:00:00-04:00,2024-11-01T07:00:00-04:00,1,118.3,119.33,2.0459,117.427,117.2982,37.311,19.281,66.845,neutral_up,119.2046,-0.2465,-0.7525
XOM,XOM-059,2024-11-01T09:00:00-04:00,2024-11-01T13:00:00-04:00,4,117.365,115.84,2.0459,117.9658,117.6265,32.384,-42.495,-4.927,neutral_up,119.2046,-0.2465,-0.7525
XOM,XOM-060,2024-11-05T13:00:00-05:00,2024-11-06T04:00:00-05:00,7,118.35,122.36,2.3687,118.7019,118.3579,15.68,-16.164,-36.722,neutral,118.8005,-0.02,-0.6506
XOM,XOM-061,2024-11-07T08:00:00-05:00,2024-11-12T05:00:00-05:00,44,121.2501,120.09,2.3305,121.2473,120.9265,16.152,-1.714,-13.437,neutral,119.0116,0.1938,0.191
XOM,XOM-062,2024-11-12T07:00:00-05:00,2024-11-13T14:00:00-05:00,23,120.41,121.855,2.2098,120.4049,120.5941,-24.614,9.819,-4.312,neutral_down,119.4818,0.1008,0.4703
XOM,XOM-063,2024-11-14T15:00:00-05:00,2024-11-14T16:00:00-05:00,1,120.57,120.54,2.2353,120.8221,120.9429,-24.487,-0.472,-5.71,neutral_down,119.7407,0.1799,0.3597
XOM,XOM-064,2024-11-15T08:00:00-05:00,2024-11-15T17:00:00-05:00,9,120.4,119.41,2.1863,120.4777,120.6462,-18.454,0.032,20.503,neutral,119.8161,0.0754,0.3342
XOM,XOM-065,2024-11-18T12:00:00-05:00,2024-11-18T13:00:00-05:00,1,120.13,120.36,2.1809,119.7313,119.8639,-2.527,20.491,18.722,neutral,119.771,-0.0451,0.2102
XOM,XOM-066,2024-11-18T14:00:00-05:00,2024-11-19T11:00:00-05:00,13,120.39,118.981,2.1809,119.9636,119.9528,22.597,8.405,45.615,neutral,119.771,-0.0451,0.2102
XOM,XOM-067,2024-11-20T12:00:00-05:00,2024-11-20T15:00:00-05:00,3,119.11,120.36,2.1221,119.0629,119.1467,-4.337,1.889,-18.56,neutral,119.7107,-0.1111,-0.1054
XOM,XOM-068,2024-11-22T11:00:00-05:00,2024-11-25T11:00:00-05:00,15,122.0,120.275,2.117,122.0781,121.6424,43.693,-21.577,8.52,neutral_up,119.9661,0.1964,0.1443
XOM,XOM-069,2024-11-27T13:00:00-05:00,2024-12-02T16:00:00-05:00,29,118.21,117.9,2.0948,118.2196,118.5337,-27.157,3.391,8.148,neutral_down,119.923,-0.1943,-0.0431
XOM,XOM-070,2024-12-02T18:00:00-05:00,2024-12-02T19:00:00-05:00,1,117.8997,117.9,2.0031,117.6997,117.7866,-1.145,10.746,7.863,neutral,119.5559,-0.1596,-0.5614
XOM,XOM-071,2024-12-03T10:00:00-05:00,2024-12-03T13:00:00-05:00,3,117.71,118.235,1.9586,117.9454,117.9205,-6.289,-11.005,-40.726,neutral,119.399,-0.1569,-0.524
XOM,XOM-072,2024-12-03T14:00:00-05:00,2024-12-04T07:00:00-05:00,9,118.045,117.45,1.9586,117.9963,117.9507,9.284,-1.647,19.248,neutral,119.399,-0.1569,-0.524
XOM,XOM-073,2024-12-04T08:00:00-05:00,2024-12-04T09:00:00-05:00,1,117.6,116.56,1.9234,117.6281,117.7256,-17.006,4.624,-4.793,neutral,119.2413,-0.1576,-0.4741
XOM,XOM-074,2024-12-05T14:00:00-05:00,2024-12-05T18:00:00-05:00,4,115.32,114.85,2.0577,114.9397,115.1275,7.215,5.369,43.353,neutral,118.7894,-0.4519,-0.7665
XOM,XOM-075,2024-12-05T19:00:00-05:00,2024-12-06T04:00:00-05:00,1,114.99,114.81,2.0577,114.8911,115.0249,-8.768,5.952,3.479,neutral,118.7894,-0.4519,-0.7665
XOM,XOM-076,2024-12-06T09:00:00-05:00,2024-12-06T12:00:00-05:00,3,113.9,113.935,2.0221,114.6641,114.8549,-43.908,-35.711,-26.567,neutral_down,118.4322,-0.3572,-0.9668
XOM,XOM-077,2024-12-09T11:00:00-05:00,2024-12-09T16:00:00-05:00,5,114.165,112.9,1.9748,114.2209,114.2255,9.523,-14.1,-1.295,neutral,117.9874,-0.4447,-1.2539
XOM,XOM-078,2024-12-10T14:00:00-05:00,2024-12-11T09:00:00-05:00,11,113.37,112.01,1.9906,113.2399,113.3562,-2.361,3.21,16.503,neutral,117.5295,-0.4579,-1.2599
XOM,XOM-079,2024-12-12T11:00:00-05:00,2024-12-13T08:00:00-05:00,13,111.475,112.06,1.9712,111.6875,111.9684,-45.225,6.069,-35.863,neutral_down,116.6168,-0.4737,-1.3707
XOM,XOM-080,2024-12-13T10:00:00-05:00,2024-12-13T12:00:00-05:00,2,111.3,110.89,1.9447,111.6653,111.8482,-45.224,6.9,-56.094,neutral_down,116.1816,-0.4352,-1.3479
XOM,XOM-081,2024-12-18T10:00:00-05:00,2024-12-18T12:00:00-05:00,2,108.34,108.371,1.9538,108.1049,108.1794,0.297,12.467,-1.123,neutral,114.3978,-0.6378,-1.7838
XOM,XOM-082,2024-12-18T15:00:00-05:00,2024-12-18T16:00:00-05:00,1,106.4,106.48,1.9538,107.8364,108.0486,-53.143,-48.781,-64.981,neutral_down,114.3978,-0.6378,-1.7838
XOM,XOM-083,2024-12-20T13:00:00-05:00,2024-12-24T06:00:00-05:00,23,105.455,106.51,2.0275,105.5789,105.8069,-14.04,-7.971,14.927,neutral,112.9262,-0.7446,-2.1095
XOM,XOM-084,2024-12-24T09:00:00-05:00,2024-12-24T11:00:00-05:00,2,105.94,106.78,1.9541,106.2163,106.0636,11.825,-21.173,-23.659,neutral,111.7405,-0.5451,-1.9302
XOM,XOM-085,2024-12-26T06:00:00-05:00,2024-12-27T19:00:00-05:00,28,106.45,106.4,1.921,106.5148,106.344,17.572,-8.92,4.549,neutral,111.255,-0.4855,-1.6711
XOM,XOM-086,2024-12-30T04:00:00-05:00,2024-12-30T12:00:00-05:00,6,106.67,105.95,1.8872,106.5825,106.5872,-2.224,9.114,4.905,neutral,110.4283,-0.3908,-1.3122
XOM,XOM-087,2024-12-30T16:00:00-05:00,2024-12-30T18:00:00-05:00,2,105.76,105.78,1.8872,106.0008,106.2216,-34.007,-2.073,-10.871,neutral_down,110.4283,-0.3908,-1.3122
XOM,XOM-088,2024-12-31T07:00:00-05:00,2024-12-31T10:00:00-05:00,3,106.13,107.33,1.8274,105.9706,106.1121,-8.464,10.231,23.48,neutral,110.0016,-0.4267,-1.2534
XOM,XOM-089,2025-01-03T14:00:00-05:00,2025-01-06T17:00:00-05:00,19,108.3,107.81,1.8707,107.9703,107.7772,33.142,4.531,14.363,neutral_up,109.5628,-0.2233,-0.8655
XOM,XOM-090,2025-01-14T13:00:00-05:00,2025-01-14T17:00:00-05:00,4,109.0642,109.72,2.1877,108.7373,108.6373,7.087,19.778,12.059,neutral,108.8241,0.0441,-0.3904
XOM,XOM-091,2025-01-16T12:00:00-05:00,2025-01-17T11:00:00-05:00,15,111.09,112.78,2.1757,111.1495,110.9382,11.913,-0.38,-22.775,neutral,109.1376,0.2352,0.3576
XOM,XOM-092,2025-01-21T08:00:00-05:00,2025-01-22T05:00:00-05:00,13,111.92,111.25,2.0977,112.3445,112.151,5.366,-16.411,-42.042,neutral,109.6073,0.2713,0.7049
XOM,XOM-093,2025-01-22T09:00:00-05:00,2025-01-22T15:00:00-05:00,6,110.775,109.53,2.0328,111.2072,111.4875,-40.451,-6.001,-17.33,neutral_down,109.7793,0.1721,0.6417
XOM,XOM-094,2025-01-23T17:00:00-05:00,2025-01-23T19:00:00-05:00,2,110.14,110.11,2.0426,110.1374,110.2502,-10.213,2.297,-6.93,neutral,109.7567,-0.0227,0.4207
XOM,XOM-095,2025-01-24T08:00:00-05:00,2025-01-24T10:00:00-05:00,2,110.1,108.885,2.0119,110.1896,110.2328,-5.383,-7.35,-4.706,neutral,109.7897,0.033,0.1824
XOM,XOM-096,2025-01-27T10:00:00-05:00,2025-01-27T16:00:00-05:00,6,108.81,110.22,2.0325,108.9351,109.133,-16.638,-1.376,6.796,neutral,109.687,-0.1027,-0.0923
XOM,XOM-097,2025-01-28T10:00:00-05:00,2025-01-28T11:00:00-05:00,1,109.26,108.37,2.0345,109.8601,109.7407,-7.63,-20.287,-41.796,neutral,109.7336,0.0466,-0.023
XOM,XOM-098,2025-01-29T14:00:00-05:00,2025-01-30T05:00:00-05:00,7,108.37,108.67,2.1092,108.1899,108.3634,-8.899,9.387,-4.625,neutral,109.5788,-0.1549,-0.2109
XOM,XOM-099,2025-01-30T09:00:00-05:00,2025-01-30T10:00:00-05:00,1,109.06,109.61,2.0521,108.7615,108.6306,27.095,8.367,1.019,neutral_up,109.4952,-0.0835,-0.1918
XOM,XOM-100,2025-01-30T11:00:00-05:00,2025-01-30T14:00:00-05:00,3,109.05,109.5284,2.0521,108.955,108.7497,34.861,-12.651,16.133,neutral_up,109.4952,-0.0835,-0.1918
XOM,XOM-101,2025-01-30T15:00:00-05:00,2025-01-30T16:00:00-05:00,1,109.59,109.37,2.0521,109.2594,108.9713,43.089,0.232,13.808,neutral_up,109.4952,-0.0835,-0.1918
XOM,XOM-102,2025-01-30T17:00:00-05:00,2025-01-30T19:00:00-05:00,2,109.7,109.9,2.0521,109.3652,109.0705,40.007,5.409,-2.85,neutral_up,109.4952,-0.0835,-0.1918
XOM,XOM-103,2025-01-31T06:00:00-05:00,2025-01-31T12:00:00-05:00,6,110.0,107.58,1.9905,109.7968,109.4197,45.619,-10.441,-2.035,neutral_up,109.5039,0.0086,-0.2298
XOM,XOM-104,2025-02-03T13:00:00-05:00,2025-02-04T10:00:00-05:00,13,106.78,109.8,2.1666,106.7118,107.1782,-27.704,10.285,9.969,neutral_down,109.2599,-0.244,-0.3189
XOM,XOM-105,2025-02-05T13:00:00-05:00,2025-02-06T08:00:00-05:00,11,109.445,110.42,2.2671,109.6093,109.3491,9.89,-2.849,-24.608,neutral,109.1432,0.0797,-0.3607
XOM,XOM-106,2025-02-06T09:00:00-05:00,2025-02-06T10:00:00-05:00,1,109.24,108.835,2.1702,109.9771,109.8055,6.107,-51.951,-44.517,neutral,109.2093,0.0661,-0.0506
XOM,XOM-107,2025-02-10T04:00:00-05:00,2025-02-10T05:00:00-05:00,1,109.64,109.56,2.1753,109.1892,109.1184,16.474,23.056,15.796,neutral,109.1173,-0.0207,-0.0259
XOM,XOM-108,2025-02-10T08:00:00-05:00,2025-02-10T10:00:00-05:00,2,109.9,110.35,2.1753,109.495,109.2987,41.782,7.708,17.389,neutral_up,109.1173,-0.0207,-0.0259
XOM,XOM-109,2025-02-13T16:00:00-05:00,2025-02-13T18:00:00-05:00,2,108.1,108.15,2.3086,107.9372,108.1604,-4.869,0.569,8.345,neutral,109.3147,-0.194,0.1974
XOM,XOM-110,2025-02-14T15:00:00-05:00,2025-02-14T16:00:00-05:00,1,108.22,108.24,2.2787,108.626,108.5325,-5.865,-16.243,-36.139,neutral,109.207,-0.1077,-0.0805
XOM,XOM-111,2025-02-18T08:00:00-05:00,2025-02-18T11:00:00-05:00,3,108.39,110.1987,2.2681,108.6266,108.5711,2.196,-17.205,-19.274,neutral,109.1173,-0.0897,-0.3914
XOM,XOM-112,2025-02-19T15:00:00-05:00,2025-02-19T17:00:00-05:00,2,110.31,110.29,2.3039,110.4988,110.256,8.178,-4.366,-45.586,neutral,109.2094,0.0921,-0.1054
XOM,XOM-113,2025-02-20T09:00:00-05:00,2025-02-20T10:00:00-05:00,1,111.26,111.275,2.2876,110.5416,110.3902,38.125,34.625,28.604,neutral_up,109.3094,0.1001,0.1024
XOM,XOM-114,2025-02-21T13:00:00-05:00,2025-02-21T14:00:00-05:00,1,110.75,110.94,2.3006,111.3214,111.367,-31.262,-14.897,-22.872,neutral_down,109.5577,0.2482,0.4404
XOM,XOM-115,2025-02-24T10:00:00-05:00,2025-02-25T11:00:00-05:00,16,111.2929,109.285,2.242,111.0432,111.0764,5.758,11.635,7.482,neutral,109.6615,0.1038,0.4521
XOM,XOM-116,2025-02-26T14:00:00-05:00,2025-02-26T16:00:00-05:00,2,109.1,109.46,2.2667,109.1585,109.5984,-51.697,15.618,24.172,neutral_down,109.805,-0.0055,0.2473
XOM,XOM-117,2025-02-28T09:00:00-05:00,2025-02-28T17:00:00-05:00,8,110.5,111.3,2.1876,110.2302,110.1606,15.081,9.096,32.771,neutral,109.8132,0.0387,0.0027
XOM,XOM-118,2025-03-04T17:00:00-05:00,2025-03-05T07:00:00-05:00,6,107.89,107.14,2.4381,107.7577,108.0381,-7.872,1.293,-5.757,neutral,109.7528,-0.1983,-0.0217
XOM,XOM-119,2025-03-05T08:00:00-05:00,2025-03-05T09:00:00-05:00,1,106.8,105.22,2.4797,107.4128,107.7434,-39.948,-7.78,-26.517,neutral_down,109.5512,-0.2016,-0.262
XOM,XOM-120,2025-03-06T12:00:00-05:00,2025-03-06T14:00:00-05:00,2,106.12,107.27,2.5786,105.4282,105.6396,5.603,18.914,54.427,neutral,109.1765,-0.3747,-0.7746
XOM,XOM-121,2025-03-10T08:00:00-04:00,2025-03-10T10:00:00-04:00,2,109.07,111.66,2.6714,108.854,108.599,21.084,8.001,14.507,neutral,109.0292,-0.0049,-0.522
XOM,XOM-122,2025-03-12T12:00:00-04:00,2025-03-13T17:00:00-04:00,21,109.045,108.7,2.778,109.4215,109.6948,-25.704,-5.025,-8.433,neutral_down,109.2731,-0.0143,0.239
XOM,XOM-123,2025-03-18T13:00:00-04:00,2025-03-18T16:00:00-04:00,3,113.505,113.2995,2.8141,113.5255,113.3639,-7.494,16.704,-35.422,neutral,109.8385,0.3962,0.5829
XOM,XOM-124,2025-03-18T19:00:00-04:00,2025-03-19T04:00:00-04:00,1,113.85,113.4,2.8141,113.5781,113.4568,17.141,11.292,15.888,neutral,109.8385,0.3962,0.5829
XOM,XOM-125,2025-03-20T14:00:00-04:00,2025-03-21T19:00:00-04:00,21,115.755,115.5,2.7117,115.4658,115.1123,42.292,3.283,11.3,neutral_up,110.6613,0.4764,1.219
XOM,XOM-126,2025-03-24T04:00:00-04:00,2025-03-24T05:00:00-04:00,1,115.74,115.74,2.6051,115.46,115.3903,21.076,8.671,13.465,neutral,111.5269,0.3893,1.3419
XOM,XOM-127,2025-03-24T08:00:00-04:00,2025-03-24T10:00:00-04:00,2,115.5738,116.765,2.6051,115.6244,115.504,18.583,-12.276,-6.019,neutral,111.5269,0.3893,1.3419
XOM,XOM-128,2025-03-24T19:00:00-04:00,2025-03-25T06:00:00-04:00,3,116.04,116.17,2.6051,115.9066,115.8218,4.045,13.167,-2.186,neutral,111.5269,0.3893,1.3419
XOM,XOM-129,2025-03-25T08:00:00-04:00,2025-03-26T05:00:00-04:00,11,116.3,116.6,2.5254,116.0775,115.94,28.257,3.939,18.709,neutral_up,111.9126,0.3857,1.2513
XOM,XOM-130,2025-03-27T11:00:00-04:00,2025-03-31T10:00:00-04:00,28,118.33,119.63,2.4841,118.1903,117.9011,31.32,-4.376,4.716,neutral_up,112.876,0.5354,1.3491
XOM,XOM-131,2025-04-01T13:00:00-04:00,2025-04-02T17:00:00-04:00,19,118.41,117.3,2.3385,118.6661,118.6377,-7.456,-9.454,-6.904,neutral,114.2023,0.4758,1.3263
XOM,XOM-132,2025-04-07T14:00:00-04:00,2025-04-08T07:00:00-04:00,9,102.43,105.35,2.9361,102.2069,103.857,-25.372,4.453,19.708,neutral_down,113.8176,-0.9488,-0.8227
XOM,XOM-133,2025-04-08T08:00:00-04:00,2025-04-08T17:00:00-04:00,9,104.79,100.77,3.2507,104.0645,103.9744,18.963,-1.011,14.984,neutral,112.8187,-0.9989,-2.1843
XOM,XOM-134,2025-04-11T12:00:00-04:00,2025-04-11T15:00:00-04:00,3,101.775,103.125,4.1361,100.2825,100.6297,1.746,27.806,25.414,neutral,110.1539,-1.0264,-2.6648
XOM,XOM-135,2025-04-14T16:00:00-04:00,2025-04-15T05:00:00-04:00,4,103.39,103.14,4.2079,103.7017,103.3608,5.23,-4.194,-9.981,neutral,109.5149,-0.639,-2.2094
XOM,XOM-136,2025-04-15T09:00:00-04:00,2025-04-16T11:00:00-04:00,17,104.68,104.83,4.0765,103.5602,103.4003,22.854,29.249,26.739,neutral,108.9594,-0.5554,-2.2208
XOM,XOM-137,2025-04-16T13:00:00-04:00,2025-04-16T14:00:00-04:00,1,104.3118,104.54,3.9571,104.261,103.8832,36.656,-16.836,-1.23,neutral_up,108.424,-0.5354,-1.7298
XOM,XOM-138,2025-04-16T15:00:00-04:00,2025-04-16T16:00:00-04:00,1,104.19,104.3,3.9571,104.2915,103.9654,21.287,-11.044,-32.205,neutral,108.424,-0.5354,-1.7298
XOM,XOM-139,2025-04-24T14:00:00-04:00,2025-04-24T18:00:00-04:00,4,108.2603,108.65,3.731,108.1453,107.9741,20.342,-7.597,11.114,neutral,107.7129,-0.0393,-0.2254
XOM,XOM-140,2025-04-25T06:00:00-04:00,2025-04-25T07:00:00-04:00,1,107.49,107.57,3.6016,108.2999,108.2068,-11.185,-31.55,-33.644,neutral,107.7899,0.077,0.0905
XOM,XOM-141,2025-04-25T08:00:00-04:00,2025-04-30T09:00:00-04:00,47,107.77,105.83,3.6016,108.0771,108.1144,-22.629,0.648,-42.994,neutral,107.7899,0.077,0.0905
XOM,XOM-142,2025-05-01T12:00:00-04:00,2025-05-02T04:00:00-04:00,8,105.49,107.0,3.2347,105.5466,105.7739,-3.353,-9.44,12.869,neutral,107.7523,-0.2162,-0.1085
XOM,XOM-143,2025-05-02T07:00:00-04:00,2025-05-05T08:00:00-04:00,17,106.3,105.21,3.1422,106.457,106.2143,18.875,-15.392,-7.246,neutral,107.5757,-0.1766,-0.3586
XOM,XOM-144,2025-05-07T11:00:00-04:00,2025-05-08T06:00:00-04:00,11,104.9932,105.94,3.1869,104.9396,104.8317,-1.204,10.229,-35.232,neutral,106.8562,-0.2146,-0.7195
XOM,XOM-145,2025-05-08T08:00:00-04:00,2025-05-08T09:00:00-04:00,1,105.2,106.435,3.0464,105.208,105.0079,27.537,-14.934,0.165,neutral_up,106.6484,-0.2078,-0.7995
XOM,XOM-146,2025-05-08T10:00:00-04:00,2025-05-08T11:00:00-04:00,1,105.93,106.71,3.0464,105.5487,105.2097,45.75,-6.317,3.279,neutral_up,106.6484,-0.2078,-0.7995
XOM,XOM-147,2025-05-09T13:00:00-04:00,2025-05-09T14:00:00-04:00,1,107.45,107.495,3.0299,107.1007,106.6737,42.096,5.782,-1.164,neutral_up,106.6017,-0.0467,-0.4691
XOM,XOM-148,2025-05-09T15:00:00-04:00,2025-05-09T16:00:00-04:00,1,107.3,107.6,3.0299,107.2036,106.7985,38.415,-6.413,2.1,neutral_up,106.6017,-0.0467,-0.4691
XOM,XOM-149,2025-05-13T08:00:00-04:00,2025-05-14T10:00:00-04:00,18,109.52,108.23,2.9436,109.3507,109.0378,32.264,-1.328,7.881,neutral_up,106.8956,0.2304,0.2472
XOM,XOM-150,2025-05-16T15:00:00-04:00,2025-05-16T18:00:00-04:00,3,108.17,107.87,2.7405,108.1128,108.1198,-1.247,4.982,12.789,neutral,107.3739,0.1226,0.4782
XOM,XOM-151,2025-05-20T13:00:00-04:00,2025-05-20T14:00:00-04:00,1,105.395,105.085,2.6335,105.9946,106.4213,-68.855,-5.387,-20.201,accumulation,107.3557,-0.0906,0.1044
XOM,XOM-152,2025-05-23T08:00:00-04:00,2025-05-27T05:00:00-04:00,13,102.26,103.96,2.4424,102.7907,103.1417,-45.057,-7.626,-25.216,neutral_down,106.4733,-0.3493,-0.8824
XOM,XOM-153,2025-05-27T15:00:00-04:00,2025-05-28T11:00:00-04:00,10,103.51,102.165,2.3679,103.4308,103.3495,9.64,2.922,4.71,neutral,106.1639,-0.3094,-0.974
XOM,XOM-154,2025-05-28T12:00:00-04:00,2025-05-28T15:00:00-04:00,3,102.75,102.12,2.267,102.986,103.1875,-43.799,12.42,-38.271,neutral_down,105.9226,-0.2413,-0.9
XOM,XOM-155,2025-05-29T09:00:00-04:00,2025-05-30T18:00:00-04:00,23,102.31,101.93,2.2935,102.6011,102.7717,-24.553,-4.976,-22.775,neutral_down,105.5769,-0.3457,-0.8963
XOM,XOM-156,2025-06-03T07:00:00-04:00,2025-06-03T12:00:00-04:00,5,103.0,104.26,2.1291,102.8614,102.8215,-0.069,14.189,-2.417,neutral,104.8494,-0.1789,-0.7276
XOM,XOM-157,2025-06-04T11:00:00-04:00,2025-06-04T12:00:00-04:00,1,102.57,102.555,2.152,103.6875,103.6594,-24.065,-45.12,-39.861,neutral_down,104.7567,-0.0927,-0.5614
XOM,XOM-158,2025-06-05T15:00:00-04:00,2025-06-06T09:00:00-04:00,8,101.875,103.64,2.1854,102.2102,102.5027,-43.929,-6.831,-5.547,neutral_down,104.5343,-0.2224,-0.494
XOM,XOM-159,2025-06-11T13:00:00-04:00,2025-06-11T16:00:00-04:00,3,107.435,109.25,2.1874,107.2251,106.9443,20.323,10.866,-1.828,neutral,104.6161,0.2664,0.3236
XOM,XOM-160,2025-06-12T19:00:00-04:00,2025-06-13T04:00:00-04:00,1,109.89,113.12,2.2404,109.6538,109.2026,44.303,6.185,-6.43,neutral_up,105.0446,0.4285,0.756
XOM,XOM-161,2025-06-16T08:00:00-04:00,2025-06-17T09:00:00-04:00,17,111.5012,114.36,2.2617,112.0133,111.7368,1.905,-10.359,-27.222,neutral,106.0741,0.6026,1.458
XOM,XOM-162,2025-06-18T07:00:00-04:00,2025-06-18T19:00:00-04:00,12,114.49,113.32,2.2598,114.187,113.8683,23.231,11.358,3.284,neutral,107.3254,0.669,1.8539
XOM,XOM-163,2025-06-20T04:00:00-04:00,2025-06-20T05:00:00-04:00,1,113.56,113.61,2.2627,113.505,113.6549,-13.868,8.339,10.917,neutral,107.8622,0.5368,1.7881
XOM,XOM-164,2025-06-20T06:00:00-04:00,2025-06-20T17:00:00-04:00,11,113.81,114.75,2.2627,113.5828,113.6653,0.474,8.66,22.68,neutral,107.8622,0.5368,1.7881
XOM,XOM-165,2025-06-25T13:00:00-04:00,2025-06-26T12:00:00-04:00,15,108.6,110.425,2.5806,108.6989,109.1139,-23.369,-4.697,6.314,neutral,108.7414,-0.0356,0.8792
XOM,XOM-166,2025-07-01T12:00:00-04:00,2025-07-01T14:00:00-04:00,2,108.6,109.5,2.3583,108.2429,108.2853,19.923,0.114,71.084,neutral,108.7846,-0.1015,0.067
XOM,XOM-167,2025-07-08T09:00:00-04:00,2025-07-08T10:00:00-04:00,1,112.43,113.65,2.3159,111.1517,111.0808,34.399,47.016,53.851,neutral_up,109.4827,0.1642,0.6558
XOM,XOM-168,2025-07-09T15:00:00-04:00,2025-07-10T16:00:00-04:00,14,113.78,114.9206,2.4083,113.6948,113.387,21.748,4.192,-5.311,neutral,109.9116,0.4288,0.8812
XOM,XOM-169,2025-07-11T15:00:00-04:00,2025-07-11T16:00:00-04:00,1,115.4,115.36,2.3,115.2492,114.8537,52.677,-12.466,-3.613,neutral_up,110.6866,0.4233,1.2039
XOM,XOM-170,2025-07-15T15:00:00-04:00,2025-07-15T17:00:00-04:00,2,112.9,112.8,2.2221,113.1259,113.5462,-54.125,4.819,17.693,neutral_down,111.3723,0.2573,1.1091
XOM,XOM-171,2025-07-16T09:00:00-04:00,2025-07-17T14:00:00-04:00,19,112.665,111.79,2.1677,112.8694,113.1423,-34.825,-4.744,-6.164,neutral_down,111.5112,0.1389,0.8246
XOM,XOM-172,2025-07-17T15:00:00-04:00,2025-07-17T17:00:00-04:00,2,111.76,111.63,2.1128,111.919,112.2259,-39.258,2.523,2.84,neutral_down,111.5766,0.0653,0.4615
XOM,XOM-173,2025-07-17T19:00:00-04:00,2025-07-18T11:00:00-04:00,8,111.75,108.83,2.1128,111.7946,112.0599,-30.915,3.234,8.31,neutral_down,111.5766,0.0653,0.4615
XOM,XOM-174,2025-07-21T14:00:00-04:00,2025-07-22T19:00:00-04:00,21,108.22,108.8,2.2131,108.2606,108.6611,-22.889,-3.568,11.818,neutral,111.2448,-0.3485,-0.2665
XOM,XOM-175,2025-07-24T12:00:00-04:00,2025-07-24T16:00:00-04:00,4,110.34,110.97,2.0824,110.1054,109.7527,50.546,-9.141,29.037,neutral_up,110.6648,-0.0685,-0.58
XOM,XOM-176,2025-07-25T12:00:00-04:00,2025-07-25T13:00:00-04:00,1,110.615,110.77,2.064,110.4263,110.3021,5.842,17.662,-10.549,neutral,110.6798,0.015,-0.2768
XOM,XOM-177,2025-07-25T15:00:00-04:00,2025-07-28T06:00:00-04:00,7,110.42,111.0,2.064,110.5504,110.4003,16.46,-14.923,10.618,neutral,110.6798,0.015,-0.2768
XOM,XOM-178,2025-07-28T08:00:00-04:00,2025-07-28T10:00:00-04:00,2,111.2,111.79,2.008,110.8461,110.6275,46.771,4.44,15.505,neutral_up,110.6562,-0.0236,-0.0771
XOM,XOM-179,2025-07-29T12:00:00-04:00,2025-07-29T13:00:00-04:00,1,112.09,112.46,1.9851,111.8393,111.5154,60.747,-10.092,22.359,neutral_up,110.7302,0.074,0.0654
XOM,XOM-180,2025-07-30T15:00:00-04:00,2025-07-30T17:00:00-04:00,2,111.96,111.42,1.9569,112.1418,112.1237,-11.761,-0.01,-10.153,neutral,110.9293,0.1991,0.2494
XOM,XOM-181,2025-07-31T10:00:00-04:00,2025-08-01T12:00:00-04:00,18,111.795,109.1,1.9357,111.4895,111.6405,-2.822,11.83,40.662,neutral,111.023,0.0937,0.3668
XOM,XOM-182,2025-08-04T13:00:00-04:00,2025-08-04T14:00:00-04:00,1,107.31,107.285,2.0735,108.6543,109.4074,-76.061,-18.851,-35.538,accumulation,110.9503,-0.136,0.021
XOM,XOM-183,2025-08-05T14:00:00-04:00,2025-08-06T07:00:00-04:00,8,106.955,108.07,2.1279,107.1507,107.6478,-43.395,3.015,-0.377,neutral_down,110.6221,-0.3282,-0.4009
XOM,XOM-184,2025-08-07T14:00:00-04:00,2025-08-07T19:00:00-04:00,5,106.405,106.13,2.1419,106.7002,106.9496,-31.193,-3.86,0.373,neutral_down,109.9674,-0.3417,-0.9829
XOM,XOM-185,2025-08-08T09:00:00-04:00,2025-08-11T04:00:00-04:00,11,107.36,106.9,2.1439,106.545,106.6376,16.574,34.813,43.294,neutral,109.6013,-0.3661,-1.0208
XOM,XOM-186,2025-08-11T09:00:00-04:00,2025-08-11T12:00:00-04:00,3,106.765,105.9755,2.1029,106.9552,106.8724,8.35,-17.551,-11.02,neutral,109.3503,-0.251,-0.9589
XOM,XOM-187,2025-08-12T14:00:00-04:00,2025-08-12T16:00:00-04:00,2,106.595,106.2899,2.0963,106.5187,106.4152,22.702,-6.923,-10.1,neutral,109.0339,-0.3164,-0.9335
XOM,XOM-188,2025-08-13T09:00:00-04:00,2025-08-13T16:00:00-04:00,7,106.66,107.5882,2.0537,106.4146,106.3822,14.386,13.647,12.864,neutral,108.769,-0.2649,-0.8323
XOM,XOM-189,2025-08-15T10:00:00-04:00,2025-08-15T19:00:00-04:00,9,106.915,106.5,1.9749,106.8078,106.8893,-15.354,17.407,6.327,neutral,108.5427,-0.1173,-0.4912
XOM,XOM-190,2025-08-18T08:00:00-04:00,2025-08-19T19:00:00-04:00,27,106.52,107.4,1.9488,106.5943,106.7026,-18.496,-2.354,3.402,neutral,108.357,-0.1857,-0.412
XOM,XOM-191,2025-08-21T14:00:00-04:00,2025-08-21T18:00:00-04:00,4,109.12,109.4,1.8789,108.9477,108.6295,48.714,-9.98,11.905,neutral_up,108.1724,0.0383,-0.1846
XOM,XOM-192,2025-08-25T15:00:00-04:00,2025-08-26T12:00:00-04:00,12,111.745,110.5248,1.8851,111.4623,111.0412,55.847,2.815,-10.289,neutral_up,108.5399,0.275,0.4058
XOM,XOM-193,2025-08-26T15:00:00-04:00,2025-08-26T16:00:00-04:00,1,111.533,111.49,1.849,111.1192,111.1376,7.989,24.5,53.121,neutral,108.8313,0.2914,0.6589
XOM,XOM-194,2025-08-26T17:00:00-04:00,2025-08-26T18:00:00-04:00,1,111.47,111.5002,1.849,111.2487,111.197,20.331,2.688,36.843,neutral,108.8313,0.2914,0.6589
XOM,XOM-195,2025-08-28T13:00:00-04:00,2025-08-29T06:00:00-04:00,7,113.39,113.47,1.8022,112.9919,112.647,58.406,7.35,22.706,neutral_up,109.4081,0.3312,0.8682
XOM,XOM-196,2025-08-29T08:00:00-04:00,2025-08-29T09:00:00-04:00,1,113.59,114.66,1.786,113.3653,113.0826,45.957,4.504,10.831,neutral_up,109.7692,0.3611,0.9379
XOM,XOM-197,2025-09-02T10:00:00-04:00,2025-09-03T09:00:00-04:00,14,114.18,112.7995,1.7591,114.3625,114.1437,13.318,-10.672,-46.353,neutral,110.1847,0.4155,1.1078
XOM,XOM-198,2025-09-04T16:00:00-04:00,2025-09-04T17:00:00-04:00,1,112.52,112.4499,1.8731,112.4717,112.5779,-3.277,-1.413,-14.915,neutral,110.7154,0.1225,0.9462
XOM,XOM-199,2025-09-05T08:00:00-04:00,2025-09-05T10:00:00-04:00,2,111.5,110.335,1.864,112.2074,112.4102,-48.614,-27.046,-35.289,neutral_down,110.8708,0.1554,0.6861
XOM,XOM-200,2025-09-08T17:00:00-04:00,2025-09-09T09:00:00-04:00,7,109.84,112.14,1.9741,109.6252,109.9348,-13.389,7.1,23.426,neutral,110.7235,-0.1473,0.1305
XOM,XOM-201,2025-09-11T14:00:00-04:00,2025-09-16T11:00:00-04:00,40,112.605,114.521,1.9937,112.3934,112.1024,32.12,2.473,5.531,neutral_up,110.8216,0.1718,0.0981
XOM,XOM-202,2025-09-17T15:00:00-04:00,2025-09-18T04:00:00-04:00,5,115.26,115.76,1.9587,114.9199,114.4807,52.039,3.184,0.753,neutral_up,111.4954,0.3205,0.554
XOM,XOM-203,2025-09-18T10:00:00-04:00,2025-09-18T12:00:00-04:00,2,114.24,113.73,1.9213,115.1175,114.9813,-18.424,-33.485,-81.996,neutral,111.8377,0.3422,0.7832
XOM,XOM-204,2025-09-25T11:00:00-04:00,2025-09-25T12:00:00-04:00,1,115.48,115.47,1.8926,114.8804,114.6854,42.255,21.49,41.579,neutral_up,112.4757,0.2074,0.3724
XOM,XOM-205,2025-09-25T13:00:00-04:00,2025-09-25T14:00:00-04:00,1,115.49,115.435,1.8926,115.0967,114.8234,51.009,1.366,30.243,neutral_up,112.4757,0.2074,0.3724
XOM,XOM-206,2025-10-01T11:00:00-04:00,2025-10-02T04:00:00-04:00,9,111.93,111.97,2.061,112.2694,112.7439,-52.252,-0.555,-14.299,neutral_down,113.214,-0.0479,0.4538
XOM,XOM-207,2025-10-02T07:00:00-04:00,2025-10-02T19:00:00-04:00,12,111.83,111.55,2.0372,111.9193,112.1909,-33.053,2.399,-8.552,neutral_down,113.1018,-0.1122,-0.0643
XOM,XOM-208,2025-10-06T16:00:00-04:00,2025-10-07T17:00:00-04:00,17,113.82,114.25,2.0674,114.0446,113.7143,23.701,-16.944,-31.34,neutral_up,112.9672,0.0283,-0.2468
XOM,XOM-209,2025-10-08T15:00:00-04:00,2025-10-09T15:00:00-04:00,14,114.05,112.925,2.0859,114.3218,114.2219,0.905,-13.108,-27.701,neutral,113.1875,0.1073,0.2485
XOM,XOM-210,2025-10-13T11:00:00-04:00,2025-10-14T13:00:00-04:00,17,111.5,112.8803,2.1109,111.6065,111.8296,-14.37,-4.596,10.515,neutral,113.009,-0.2259,-0.1785
XOM,XOM-211,2025-10-15T13:00:00-04:00,2025-10-15T16:00:00-04:00,3,111.6,111.6501,2.0838,112.1166,112.1851,-33.065,-3.183,-60.119,neutral_down,112.8801,-0.058,-0.3547
XOM,XOM-212,2025-10-16T14:00:00-04:00,2025-10-16T18:00:00-04:00,4,111.22,110.64,2.1207,111.4842,111.7258,-38.728,6.131,-23.328,neutral_down,112.7665,-0.1136,-0.2425
XOM,XOM-213,2025-10-20T12:00:00-04:00,2025-10-22T10:00:00-04:00,24,112.35,114.03,2.1097,112.3099,112.1099,17.236,0.098,-10.082,neutral,112.5419,-0.0322,-0.3382
XOM,XOM-214,2025-10-24T05:00:00-04:00,2025-10-27T06:00:00-04:00,16,116.23,115.2,2.035,116.1292,115.776,29.042,-1.031,9.994,neutral_up,113.0587,0.2921,0.5024
XOM,XOM-215,2025-10-27T09:00:00-04:00,2025-10-29T11:00:00-04:00,33,115.485,116.2,1.9818,115.4215,115.5212,-10.475,7.424,12.688,neutral,113.2716,0.2128,0.7013
XOM,XOM-216,2025-10-30T12:00:00-04:00,2025-10-30T16:00:00-04:00,4,116.49,114.51,1.8802,116.143,116.0696,8.642,21.548,10.928,neutral,113.9128,0.2607,0.6412
XOM,XOM-217,2025-10-31T10:00:00-04:00,2025-10-31T11:00:00-04:00,1,113.54,113.42,1.888,114.0531,114.6442,-27.611,-2.639,49.51,neutral_down,113.9825,0.0697,0.4693
XOM,XOM-218,2025-10-31T12:00:00-04:00,2025-11-04T06:00:00-05:00,26,114.21,113.26,1.888,113.9832,114.5035,-18.524,10.469,6.447,neutral,113.9825,0.0697,0.4693
XOM,XOM-219,2025-11-04T10:00:00-05:00,2025-11-05T04:00:00-05:00,10,113.52,114.34,1.897,113.4243,113.7681,-29.878,16.433,3.563,neutral_down,113.9999,-0.016,0.0872
XOM,XOM-220,2025-11-05T15:00:00-05:00,2025-11-07T09:00:00-05:00,25,113.72,116.95,1.8929,114.3188,114.2532,-13.631,-21.537,-46.981,neutral,114.0163,0.0164,0.0338
XOM,XOM-221,2025-11-10T14:00:00-05:00,2025-11-10T15:00:00-05:00,1,118.24,118.23,1.9084,117.4809,116.9811,64.215,13.469,39.754,distribution,114.327,0.2903,0.3107
XOM,XOM-222,2025-11-13T14:00:00-05:00,2025-11-13T18:00:00-05:00,4,118.785,119.19,2.0264,118.8722,118.7863,15.161,-15.242,-6.529,neutral,115.4193,0.2731,1.0923
XOM,XOM-223,2025-11-14T04:00:00-05:00,2025-11-17T04:00:00-05:00,16,118.65,119.09,1.9967,118.9094,118.8454,2.883,-16.088,-1.68,neutral,115.7261,0.3069,1.0443
XOM,XOM-224,2025-11-17T09:00:00-05:00,2025-11-17T10:00:00-05:00,1,118.835,118.6,2.0557,119.1906,119.0782,4.656,-20.65,-12.158,neutral,116.0497,0.3235,0.9035
XOM,XOM-225,2025-11-17T11:00:00-05:00,2025-11-17T15:00:00-05:00,4,118.91,117.69,2.0557,119.04,119.0234,-9.758,2.222,-35.064,neutral,116.0497,0.3235,0.9035
XOM,XOM-226,2025-11-20T09:00:00-05:00,2025-11-21T04:00:00-05:00,11,118.238,116.92,2.2128,117.809,117.8047,14.499,7.919,13.111,neutral,116.538,0.0827,0.4883
XOM,XOM-227,2025-11-21T11:00:00-05:00,2025-11-21T12:00:00-05:00,1,116.97,117.03,2.2166,116.8124,117.093,-22.943,16.941,-14.169,neutral,116.5813,0.0434,0.3825
XOM,XOM-228,2025-11-21T13:00:00-05:00,2025-11-24T15:00:00-05:00,18,117.01,115.92,2.2166,116.8867,117.0803,-8.175,4.721,31.71,neutral,116.5813,0.0434,0.3825
XOM,XOM-229,2025-11-25T10:00:00-05:00,2025-11-25T14:00:00-05:00,4,115.16,114.56,2.2017,115.5855,115.9409,-47.239,-0.449,-13.574,neutral_down,116.5641,-0.0644,0.0261
XOM,XOM-230,2025-11-26T12:00:00-05:00,2025-11-28T09:00:00-05:00,13,115.49,116.0285,2.168,115.0444,115.0854,24.164,6.169,56.493,neutral_up,116.3783,-0.1858,-0.2031
XOM,XOM-231,2025-11-28T10:00:00-05:00,2025-11-28T13:00:00-05:00,3,116.125,115.92,2.1152,115.3543,115.1795,43.89,7.788,48.455,neutral_up,116.2321,-0.1462,-0.3964
XOM,XOM-232,2025-12-01T18:00:00-05:00,2025-12-01T19:00:00-05:00,1,116.8,116.6901,2.2477,116.7523,116.4381,28.866,-1.019,-5.512,neutral_up,116.2037,-0.0284,-0.3604
XOM,XOM-233,2025-12-02T08:00:00-05:00,2025-12-02T10:00:00-05:00,2,116.45,115.52,2.1936,116.7219,116.5256,11.848,-18.462,-11.895,neutral,116.2461,0.0424,-0.1322
XOM,XOM-234,2025-12-04T15:00:00-05:00,2025-12-04T16:00:00-05:00,1,117.14,117.15,2.2095,117.2866,117.2494,-13.945,5.463,-12.712,neutral,116.3168,0.1508,0.1131
XOM,XOM-235,2025-12-05T11:00:00-05:00,2025-12-05T18:00:00-05:00,7,117.86,116.89,2.1717,117.4427,117.3169,34.031,4.088,54.417,neutral_up,116.3916,0.0748,0.1456
XOM,XOM-236,2025-12-08T09:00:00-05:00,2025-12-08T11:00:00-05:00,2,116.65,116.105,2.1855,116.7669,116.9732,-29.758,9.482,-6.032,neutral_down,116.4033,0.0117,0.2373
XOM,XOM-237,2025-12-09T08:00:00-05:00,2025-12-09T09:00:00-05:00,1,116.66,120.11,2.1694,116.3573,116.3999,15.818,6.516,34.733,neutral,116.3666,-0.0367,0.0498
XOM,XOM-238,2025-12-10T14:00:00-05:00,2025-12-10T19:00:00-05:00,5,119.3661,119.7,2.3337,118.9902,118.5599,41.012,4.9,-5.47,neutral_up,116.5379,0.1712,0.1462
XOM,XOM-239,2025-12-11T04:00:00-05:00,2025-12-11T05:00:00-05:00,1,118.99,119.1,2.2824,119.368,118.9856,23.901,-23.634,-28.173,neutral_up,116.8099,0.272,0.4066
XOM,XOM-240,2025-12-11T07:00:00-05:00,2025-12-12T13:00:00-05:00,22,119.15,118.54,2.2824,119.2815,119.01,12.426,-2.881,-35.11,neutral,116.8099,0.272,0.4066
XOM,XOM-241,2025-12-18T13:00:00-05:00,2025-12-19T07:00:00-05:00,7,116.41,116.46,2.2905,116.6352,116.6585,-18.032,1.196,-13.814,neutral,117.0637,0.0341,-0.1545
XOM,XOM-242,2025-12-19T08:00:00-05:00,2025-12-22T10:00:00-05:00,18,116.55,117.685,2.2536,116.5433,116.5908,-6.602,3.685,-6.826,neutral,117.0179,-0.0458,-0.2486
XOM,XOM-243,2025-12-24T16:00:00-05:00,2025-12-26T13:00:00-05:00,10,119.0635,118.715,2.161,119.3846,119.2007,1.185,-13.218,-47.083,neutral,117.2953,0.2085,0.2774
XOM,XOM-244,2025-12-26T15:00:00-05:00,2025-12-26T16:00:00-05:00,1,119.12,119.04,2.0732,118.9929,119.0808,-15.647,19.439,12.444,neutral,117.4703,0.175,0.4868
XOM,XOM-245,2025-12-29T04:00:00-05:00,2025-12-29T05:00:00-05:00,1,119.97,120.19,1.998,119.2265,119.1589,42.556,43.112,47.757,neutral_up,117.6203,0.15,0.5334
XOM,XOM-246,2025-12-30T11:00:00-05:00,2025-12-31T11:00:00-05:00,15,120.785,120.1499,2.011,120.9613,120.7006,18.937,-11.778,-36.681,neutral,117.8871,0.2668,0.5917
XOM,XOM-247,2026-01-12T09:00:00-05:00,2026-01-13T06:00:00-05:00,13,123.27,124.8,2.4974,123.5623,123.4135,-2.12,-4.546,9.908,neutral,120.1873,0.4433,0.6661
XOM,XOM-248,2026-01-15T13:00:00-05:00,2026-01-15T17:00:00-05:00,4,129.93,129.4,2.7104,129.6685,129.2422,24.356,1.129,5.399,neutral_up,121.907,0.8343,1.7197
XOM,XOM-249,2026-01-15T19:00:00-05:00,2026-01-21T06:00:00-05:00,33,129.45,131.5,2.7104,129.4548,129.2941,6.828,0.247,4.434,neutral,121.907,0.8343,1.7197
XOM,XOM-250,2026-01-22T11:00:00-05:00,2026-01-22T17:00:00-05:00,6,132.83,133.7085,2.5752,132.6609,132.506,6.579,8.262,21.365,neutral,124.7736,0.8856,2.209
XOM,XOM-251,2026-01-27T11:00:00-05:00,2026-01-27T14:00:00-05:00,3,136.205,136.485,2.5574,135.4511,135.253,35.447,8.566,33.053,neutral_up,127.1996,0.765,2.426
XOM,XOM-252,2026-01-28T12:00:00-05:00,2026-01-29T04:00:00-05:00,8,137.12,139.89,2.5333,137.1348,136.6848,34.742,-11.836,-27.02,neutral_up,128.075,0.8755,2.4941
XOM,XOM-253,2026-01-30T08:00:00-05:00,2026-01-30T11:00:00-05:00,3,138.54,139.595,2.6132,138.5425,138.7981,-18.852,12.721,26.414,neutral,129.981,1.0419,2.7815
XOM,XOM-254,2026-01-30T12:00:00-05:00,2026-01-30T16:00:00-05:00,4,138.2526,141.5955,2.6132,138.8769,138.9151,-2.334,-12.726,2.304,neutral,129.981,1.0419,2.7815
XOM,XOM-255,2026-02-02T09:00:00-05:00,2026-02-02T16:00:00-05:00,7,138.23,138.4,2.739,139.5333,139.6486,-19.804,-11.135,-11.502,neutral,131.04,1.059,2.965
XOM,XOM-256,2026-02-03T07:00:00-05:00,2026-02-03T10:00:00-05:00,3,138.0,142.56,2.7984,138.1527,138.6311,-24.133,3.945,8.713,neutral_down,131.7055,0.6655,2.7663
XOM,XOM-257,2026-02-05T14:00:00-05:00,2026-02-05T15:00:00-05:00,1,146.39,145.97,3.1523,145.8716,145.7798,0.897,17.578,26.914,neutral,134.1389,1.3421,3.0989
XOM,XOM-258,2026-02-06T09:00:00-05:00,2026-02-06T10:00:00-05:00,1,148.19,149.11,3.196,146.7817,146.3752,35.278,23.359,12.102,neutral_up,135.2145,1.0756,3.509
XOM,XOM-259,2026-02-09T11:00:00-05:00,2026-02-09T17:00:00-05:00,6,150.1,151.48,3.2249,149.3377,148.7473,37.293,11.625,1.773,neutral_up,136.47,1.2555,3.6732
XOM,XOM-260,2026-02-10T14:00:00-05:00,2026-02-11T06:00:00-05:00,8,151.675,153.18,3.2031,151.1754,150.7384,31.861,10.174,20.328,neutral_up,137.8054,1.3355,3.6665
XOM,XOM-261,2026-02-13T15:00:00-05:00,2026-02-17T10:00:00-05:00,11,148.42,145.965,3.4468,149.0377,150.0742,-54.639,0.167,3.082,neutral_down,141.4071,0.8513,3.6016
XOM,XOM-262,2026-02-19T15:00:00-05:00,2026-02-19T18:00:00-05:00,3,150.94,151.18,3.5889,151.5798,151.0639,10.999,-15.902,-22.876,neutral,143.1727,0.7467,1.7657
XOM,XOM-263,2026-02-20T08:00:00-05:00,2026-02-20T09:00:00-05:00,1,150.93,149.43,3.5283,151.0518,151.0279,-7.318,2.37,-5.498,neutral,143.8788,0.7061,1.8342
XOM,XOM-264,2026-02-24T13:00:00-05:00,2026-02-24T15:00:00-05:00,2,149.625,149.29,3.623,149.8043,149.8523,-14.652,5.691,2.33,neutral,144.7935,0.6036,1.6208
XOM,XOM-265,2026-02-25T12:00:00-05:00,2026-02-26T07:00:00-05:00,11,148.55,147.7,3.5642,148.7448,149.1437,-33.585,8.874,-2.941,neutral_down,145.2023,0.4088,1.3234
XOM,XOM-266,2026-02-26T08:00:00-05:00,2026-02-27T06:00:00-05:00,14,147.69,149.85,3.5132,148.4281,148.7764,-47.022,-3.382,-34.347,neutral_down,145.5539,0.3516,1.364
XOM,XOM-267,2026-03-03T13:00:00-05:00,2026-03-03T14:00:00-05:00,1,151.795,150.9751,3.9103,153.2765,153.9848,-34.895,-2.732,-5.06,neutral_down,147.1455,0.7044,1.5916
XOM,XOM-268,2026-03-04T12:00:00-05:00,2026-03-06T07:00:00-05:00,27,150.19,153.4,4.0416,150.2575,151.3114,-29.713,8.156,19.596,neutral_down,147.5705,0.425,1.7433
XOM,XOM-269,2026-03-06T08:00:00-05:00,2026-03-09T19:00:00-04:00,27,152.89,149.1,3.9518,152.0776,151.327,51.912,-8.29,10.614,neutral_up,148.042,0.2698,0.8965
XOM,XOM-270,2026-03-10T15:00:00-04:00,2026-03-11T13:00:00-04:00,14,148.125,151.385,3.9778,148.8507,149.6011,-33.292,-1.9,-12.145,neutral_down,148.5168,0.1913,0.7446
XOM,XOM-271,2026-03-13T08:00:00-04:00,2026-03-13T16:00:00-04:00,8,153.7515,156.18,3.8747,153.815,153.3073,23.513,-5.905,-16.839,neutral,149.1938,0.4336,0.677
XOM,XOM-272,2026-03-16T13:00:00-04:00,2026-03-16T14:00:00-04:00,1,157.02,157.13,3.8776,156.86,156.2158,29.332,-2.519,-5.392,neutral_up,149.8244,0.6306,1.3432
XOM,XOM-273,2026-03-16T15:00:00-04:00,2026-03-17T06:00:00-04:00,7,157.23,158.53,3.8776,156.9772,156.3836,29.159,0.32,-2.691,neutral_up,149.8244,0.6306,1.3432
XOM,XOM-274,2026-03-17T08:00:00-04:00,2026-03-17T10:00:00-04:00,2,158.11,159.525,3.8163,157.9527,157.3033,43.141,-11.794,-11.925,neutral_up,150.4976,0.6732,1.7374
XOM,XOM-275,2026-03-18T07:00:00-04:00,2026-03-20T11:00:00-04:00,36,158.42,161.78,3.8044,158.455,158.3596,-4.43,7.12,-8.0,neutral,151.2542,0.7566,2.0604
XOM,XOM-276,2026-03-23T07:00:00-04:00,2026-03-23T19:00:00-04:00,12,158.44,160.9336,3.8323,159.9721,159.8213,-6.268,-27.53,-20.153,neutral,153.0668,0.6683,1.8126
XOM,XOM-277,2026-03-25T11:00:00-04:00,2026-03-26T17:00:00-04:00,22,164.25,165.3,4.1832,163.8118,163.5351,9.73,7.523,10.81,neutral,154.8454,1.0465,2.4469
XOM,XOM-278,2026-03-31T07:00:00-04:00,2026-03-31T08:00:00-04:00,1,172.0,171.8146,4.2942,171.9353,171.7559,2.017,5.079,1.715,neutral,159.0489,1.2471,3.438
XOM,XOM-279,2026-03-31T09:00:00-04:00,2026-03-31T14:00:00-04:00,5,172.4,168.27,4.2942,172.0089,171.8193,8.552,6.744,11.614,neutral,159.0489,1.2471,3.438
XOM,XOM-280,2026-03-31T15:00:00-04:00,2026-03-31T17:00:00-04:00,2,169.65,168.42,4.2942,170.5769,171.2182,-38.612,8.544,-42.44,neutral_down,159.0489,1.2471,3.438
XOM,XOM-281,2026-04-06T13:00:00-04:00,2026-04-06T16:00:00-04:00,3,162.47,163.44,5.1495,161.1897,161.1999,24.051,4.877,30.59,neutral_up,160.1366,0.0533,1.0878
XOM,XOM-282,2026-04-07T13:00:00-04:00,2026-04-07T18:00:00-04:00,5,162.41,155.44,5.0831,163.576,163.1217,-0.265,-18.396,-63.756,neutral,160.4296,0.293,0.417
XOM,XOM-283,2026-04-09T06:00:00-04:00,2026-04-09T07:00:00-04:00,1,157.16,157.2,5.5972,156.4875,156.8179,6.835,1.758,16.697,neutral,160.3271,-0.4117,0.1905
XOM,XOM-284,2026-04-09T12:00:00-04:00,2026-04-09T13:00:00-04:00,1,155.105,154.605,5.5972,156.6387,156.856,-22.066,-18.03,-44.872,neutral,160.3271,-0.4117,0.1905
XOM,XOM-285,2026-04-09T14:00:00-04:00,2026-04-09T15:00:00-04:00,1,155.205,155.02,5.5972,156.0265,156.5199,-33.228,1.832,-29.191,neutral_down,160.3271,-0.4117,0.1905
XOM,XOM-286,2026-04-15T11:00:00-04:00,2026-04-16T10:00:00-04:00,15,148.38,151.37,5.2785,148.6147,149.2625,-33.927,3.587,-3.206,neutral_down,157.7099,-0.849,-2.1347
XOM,XOM-287,2026-04-21T05:00:00-04:00,2026-04-23T05:00:00-04:00,32,147.4,150.75,5.2174,147.8775,147.9949,-14.686,-6.274,-5.321,neutral,154.8298,-0.715,-2.0892
XOM,XOM-288,2026-04-23T09:00:00-04:00,2026-04-24T11:00:00-04:00,18,149.875,147.1981,4.8477,149.9316,149.4792,26.841,-9.709,-24.226,neutral_up,153.8105,-0.432,-1.7343
XOM,XOM-289,2026-04-27T14:00:00-04:00,2026-04-28T05:00:00-04:00,7,148.995,150.7113,4.6177,148.8966,149.023,-14.666,13.571,-12.073,neutral,153.0883,-0.4248,-1.1542
XOM,XOM-290,2026-04-29T08:00:00-04:00,2026-04-29T11:00:00-04:00,3,152.5,153.64,4.4895,151.7412,151.06,58.92,4.431,12.983,neutral_up,152.4556,-0.1866,-1.0576
XOM,XOM-291,2026-04-30T09:00:00-04:00,2026-05-01T17:00:00-04:00,24,153.8,152.6218,4.4803,153.7946,153.3572,8.606,4.417,-28.632,neutral,152.6569,0.2013,-0.4315
XOM,XOM-292,2026-05-04T08:00:00-04:00,2026-05-06T05:00:00-04:00,29,152.5,149.88,4.4287,153.006,153.2332,-9.74,-11.636,3.696,neutral,152.814,-0.0004,0.3585
XOM,XOM-293,2026-05-07T09:00:00-04:00,2026-05-07T10:00:00-04:00,1,145.76,144.575,4.5987,147.1879,148.4875,-74.764,-5.874,-17.915,accumulation,152.6706,-0.4111,-0.1434
XOM,XOM-294,2026-05-08T05:00:00-04:00,2026-05-08T06:00:00-04:00,1,146.48,146.51,4.5824,146.6818,147.158,-20.791,-0.342,-15.497,neutral,152.1097,-0.561,-0.7922
XOM,XOM-295,2026-05-08T07:00:00-04:00,2026-05-08T13:00:00-04:00,6,146.7,144.8201,4.5824,146.6579,147.0628,-16.164,3.814,4.285,neutral,152.1097,-0.561,-0.7922
XOM,XOM-296,2026-05-12T18:00:00-04:00,2026-05-13T05:00:00-04:00,3,150.4,149.1,4.5023,150.6994,150.1613,17.714,-7.361,-19.526,neutral,151.2516,-0.1572,-1.419
XOM,XOM-297,2026-05-13T08:00:00-04:00,2026-05-13T16:00:00-04:00,8,149.9,151.35,4.3328,149.9341,149.9504,-11.796,9.504,10.931,neutral,151.1969,-0.0547,-0.9127
XOM,XOM-298,2026-05-14T11:00:00-04:00,2026-05-14T15:00:00-04:00,4,152.35,152.775,4.174,151.7911,151.3254,41.609,3.188,10.582,neutral_up,151.2327,0.0357,-0.1761
XOM,XOM-299,2026-05-19T14:00:00-04:00,2026-05-19T19:00:00-04:00,5,162.115,162.4998,4.2673,161.4268,160.4825,52.507,0.739,12.027,neutral_up,152.7418,0.7728,1.5091
XOM,XOM-300,2026-05-20T04:00:00-04:00,2026-05-20T13:00:00-04:00,9,161.48,157.3749,4.2253,161.9781,161.2463,29.14,-20.411,-20.492,neutral_up,153.638,0.8962,2.2651
XOM,XOM-301,2026-05-21T15:00:00-04:00,2026-05-22T05:00:00-04:00,6,155.29,155.5,4.4528,155.7197,156.8081,-51.399,10.846,-17.332,neutral_down,153.8791,0.2411,1.9101
XOM,XOM-302,2026-05-22T09:00:00-04:00,2026-05-22T10:00:00-04:00,1,155.466,154.57,4.5583,155.3454,155.8817,-23.037,8.707,2.29,neutral,154.0073,0.1283,1.2656
XOM,XOM-303,2026-05-22T11:00:00-04:00,2026-05-26T07:00:00-04:00,12,154.1308,152.3,4.5583,154.9784,155.6141,-41.184,-9.312,-9.44,neutral_down,154.0073,0.1283,1.2656
XOM,XOM-304,2026-05-26T09:00:00-04:00,2026-05-26T11:00:00-04:00,2,153.85,151.685,4.4027,153.6348,154.3002,-35.49,20.509,18.854,neutral_down,154.0849,0.0775,0.4469
XOM,XOM-305,2026-05-28T04:00:00-04:00,2026-05-28T17:00:00-04:00,13,149.2,146.69,4.4471,148.4016,148.8922,-5.998,16.599,28.054,neutral,153.1816,-0.5192,-0.8257
XOM,XOM-306,2026-05-29T14:00:00-04:00,2026-06-01T09:00:00-04:00,11,145.44,149.43,4.368,145.801,146.5024,-39.622,0.923,5.918,neutral_down,152.6197,-0.562,-1.4652
XOM,XOM-307,2026-06-02T12:00:00-04:00,2026-06-02T17:00:00-04:00,5,149.94,150.0,4.2267,149.1378,148.6105,42.505,8.335,12.695,neutral_up,151.73,-0.227,-1.4517
XOM,XOM-308,2026-06-04T10:00:00-04:00,2026-06-05T04:00:00-04:00,10,152.68,151.86,4.174,152.451,152.2431,-0.959,14.797,-7.742,neutral,151.6471,0.1053,-0.3099
XOM,XOM-309,2026-06-05T07:00:00-04:00,2026-06-05T12:00:00-04:00,5,152.6601,150.26,4.0535,152.3253,152.3099,9.244,8.282,24.228,neutral,151.6864,0.0394,-0.0435
XOM,XOM-310,2026-06-08T07:00:00-04:00,2026-06-08T18:00:00-04:00,11,150.8,151.7447,3.9661,151.0851,151.1872,1.75,-14.986,0.819,neutral,151.5368,-0.1497,-0.005
XOM,XOM-311,2026-06-09T04:00:00-04:00,2026-06-09T05:00:00-04:00,1,150.55,150.4,3.9521,151.4539,151.482,-13.141,-20.386,-14.23,neutral,151.5561,0.0194,-0.0909
XOM,XOM-312,2026-06-10T09:00:00-04:00,2026-06-10T10:00:00-04:00,1,150.35,151.295,3.9534,149.7097,149.7517,17.594,4.133,39.576,neutral,151.3074,-0.2487,-0.379
XOM,XOM-313,2026-06-11T09:00:00-04:00,2026-06-11T15:00:00-04:00,6,150.12,146.56,3.9332,151.0345,150.8821,-3.47,-21.105,-14.178,neutral,151.2485,-0.0589,-0.2882
XOM,XOM-314,2026-06-16T08:00:00-04:00,2026-06-18T07:00:00-04:00,31,140.1805,139.48,4.4356,140.9299,141.9637,-48.967,-7.579,0.018,neutral_down,149.6103,-0.865,-1.6383
XOM,XOM-315,2026-06-22T12:00:00-04:00,2026-06-23T13:00:00-04:00,17,138.63,140.0,4.1675,138.2389,138.4684,-8.316,14.899,11.874,neutral,147.2184,-0.9448,-2.3918
XOM,XOM-316,2026-06-24T04:00:00-04:00,2026-06-24T05:00:00-04:00,1,138.65,138.75,3.8648,139.47,139.3058,-6.737,-30.653,-29.537,neutral,145.8109,-0.6086,-2.3524
XOM,XOM-317,2026-06-24T07:00:00-04:00,2026-06-24T08:00:00-04:00,1,138.01,137.8131,3.8648,138.9722,139.1012,-42.354,-19.052,-35.618,neutral_down,145.8109,-0.6086,-2.3524
XOM,XOM-318,2026-06-25T11:00:00-04:00,2026-06-25T16:00:00-04:00,5,137.085,137.6,3.8841,136.4669,136.7457,3.25,11.045,62.275,neutral,144.999,-0.8119,-2.2194
XOM,XOM-319,2026-06-26T11:00:00-04:00,2026-07-02T10:00:00-04:00,62,136.64,138.43,3.8295,136.7975,136.902,-14.141,2.033,0.227,neutral,144.3227,-0.6763,-2.0968
XOM,XOM-320,2026-07-02T11:00:00-04:00,2026-07-07T09:00:00-04:00,30,136.93,139.95,3.3289,137.2433,136.8941,27.767,-26.369,14.892,neutral_up,141.7786,-0.5518,-1.8238
GS,GS-001,2024-07-17T17:00:00-04:00,2024-07-18T12:00:00-04:00,6,503.49,491.21,9.7567,503.0598,501.2775,18.415,5.792,1.812,neutral,470.0806,3.3289,7.5285
GS,GS-002,2024-07-19T18:00:00-04:00,2024-07-23T12:00:00-04:00,17,484.02,493.74,10.4697,485.4038,488.0234,-46.238,-3.302,-1.619,neutral_down,474.1558,1.1734,7.4041
GS,GS-003,2024-07-24T10:00:00-04:00,2024-07-24T17:00:00-04:00,7,492.72,486.7,10.1131,491.3644,490.6315,11.631,13.498,-7.485,neutral,477.6908,1.4559,3.535
GS,GS-004,2024-07-25T09:00:00-04:00,2024-07-25T19:00:00-04:00,9,490.55,493.0,10.1171,489.054,489.6629,-9.528,19.787,28.199,neutral,478.4925,0.8017,3.3582
GS,GS-005,2024-07-31T17:00:00-04:00,2024-08-01T08:00:00-04:00,2,508.99,509.41,10.9279,510.2971,507.8643,19.604,-9.014,-58.878,neutral,484.6396,2.116,4.96
GS,GS-006,2024-08-01T09:00:00-04:00,2024-08-01T11:00:00-04:00,2,506.51,500.55,11.033,509.2919,507.9896,0.515,-14.87,-19.089,neutral,486.876,2.2364,5.3991
GS,GS-007,2024-08-06T19:00:00-04:00,2024-08-07T07:00:00-04:00,1,469.25,477.0,14.5647,468.2812,467.6065,7.49,2.702,-11.868,neutral,483.9663,-2.5036,-2.9096
GS,GS-008,2024-08-12T09:00:00-04:00,2024-08-12T18:00:00-04:00,8,485.62,485.39,14.66,489.0242,486.5686,31.06,-41.736,-25.289,neutral_up,482.9477,0.7472,0.2637
GS,GS-009,2024-08-13T08:00:00-04:00,2024-08-13T14:00:00-04:00,6,486.71,491.84,14.2643,486.2938,486.1646,-0.61,8.416,6.742,neutral,483.187,0.2393,1.3625
GS,GS-010,2024-08-14T10:00:00-04:00,2024-08-14T11:00:00-04:00,1,490.345,495.68,13.7947,490.2709,488.9301,24.76,-6.754,-16.45,neutral_up,483.97,0.783,1.7695
GS,GS-011,2024-08-16T10:00:00-04:00,2024-08-16T16:00:00-04:00,6,500.8,504.26,13.2385,500.1953,498.8202,30.622,-1.667,14.801,neutral_up,486.5341,1.2396,3.3471
GS,GS-012,2024-08-19T09:00:00-04:00,2024-08-19T10:00:00-04:00,1,502.785,505.41,12.8576,503.4307,501.8115,34.858,-20.201,-13.959,neutral_up,488.1437,1.6096,4.1738
GS,GS-013,2024-08-19T14:00:00-04:00,2024-08-20T14:00:00-04:00,9,503.93,498.3,12.8576,503.9969,502.7658,22.78,-4.472,-7.461,neutral,488.1437,1.6096,4.1738
GS,GS-014,2024-08-22T09:00:00-04:00,2024-08-23T10:00:00-04:00,12,496.27,508.49,11.6743,496.7281,497.7679,-21.924,-2.988,0.474,neutral,490.9,0.577,2.7563
GS,GS-015,2024-08-27T11:00:00-04:00,2024-08-28T14:00:00-04:00,12,509.51,501.485,11.171,508.6749,507.1421,32.707,-2.716,13.479,neutral_up,494.5297,1.35,3.6297
GS,GS-016,2024-08-29T10:00:00-04:00,2024-08-29T12:00:00-04:00,2,505.1599,511.4,10.6636,503.142,503.9962,-0.829,12.786,41.865,neutral,496.3836,0.6756,3.2039
GS,GS-017,2024-09-03T08:00:00-04:00,2024-09-03T10:00:00-04:00,2,508.03,489.51,10.4268,508.5264,508.0507,10.266,-10.537,12.401,neutral,498.7944,1.1276,3.0865
GS,GS-018,2024-09-05T07:00:00-04:00,2024-09-05T19:00:00-04:00,12,491.13,488.0,11.305,490.7143,492.4935,-21.454,4.356,10.846,neutral,497.1184,-0.6638,-0.5485
GS,GS-019,2024-09-06T08:00:00-04:00,2024-09-06T12:00:00-04:00,4,489.0,478.82,11.4045,488.3852,489.5474,-14.585,7.366,9.806,neutral,496.2676,-0.8508,-2.5268
GS,GS-020,2024-09-11T18:00:00-04:00,2024-09-11T19:00:00-04:00,1,470.89,471.0,13.1859,468.7368,469.9357,8.942,0.614,27.82,neutral,491.7359,-2.4716,-4.5317
GS,GS-021,2024-09-12T17:00:00-04:00,2024-09-13T08:00:00-04:00,6,472.1615,474.98,13.2733,472.2379,471.5944,13.386,-7.482,6.312,neutral,489.8354,-1.9005,-4.9479
GS,GS-022,2024-09-17T13:00:00-04:00,2024-09-19T09:00:00-04:00,17,483.91,498.795,12.2919,485.345,483.6228,18.598,-15.423,-26.413,neutral,487.354,-0.2154,-2.4814
GS,GS-023,2024-09-23T15:00:00-04:00,2024-09-25T15:00:00-04:00,19,497.63,491.47,12.3403,497.5786,497.7363,-6.504,4.936,1.1,neutral,489.4458,0.9144,2.2439
GS,GS-024,2024-09-26T10:00:00-04:00,2024-09-26T12:00:00-04:00,2,494.66,494.97,11.452,494.0766,495.0861,-9.655,4.233,46.814,neutral,490.9905,0.048,1.5447
GS,GS-025,2024-09-27T08:00:00-04:00,2024-09-27T10:00:00-04:00,2,498.53,501.28,11.129,496.1691,495.8248,17.05,18.934,-2.153,neutral,491.5568,0.5663,1.367
GS,GS-026,2024-09-30T09:00:00-04:00,2024-09-30T12:00:00-04:00,3,491.76,495.05,11.0155,497.4941,497.4417,-25.979,-36.631,-42.344,neutral_down,492.1862,0.6294,1.2437
GS,GS-027,2024-09-30T15:00:00-04:00,2024-09-30T16:00:00-04:00,1,495.21,495.11,11.0155,495.0037,496.0084,-21.734,13.278,0.761,neutral,492.1862,0.6294,1.2437
GS,GS-028,2024-10-01T14:00:00-04:00,2024-10-03T13:00:00-04:00,19,492.74,486.26,10.913,491.9311,493.4634,-20.537,13.226,22.38,neutral,492.4611,0.2749,1.4706
GS,GS-029,2024-10-04T12:00:00-04:00,2024-10-04T13:00:00-04:00,1,490.05,490.52,10.4144,489.0971,489.1777,6.843,2.959,-19.185,neutral,491.7064,-0.5566,-0.7547
GS,GS-030,2024-10-07T16:00:00-04:00,2024-10-09T11:00:00-04:00,14,493.63,504.43,10.4069,493.7285,492.8547,10.465,-1.334,-11.696,neutral,492.0395,0.3331,-0.2379
GS,GS-031,2024-10-10T17:00:00-04:00,2024-10-11T10:00:00-04:00,6,503.003,514.11,9.9946,502.9559,501.8723,20.027,-3.696,6.387,neutral,493.7844,1.1496,1.7449
GS,GS-032,2024-10-15T11:00:00-04:00,2024-10-15T13:00:00-04:00,2,519.54,522.94,9.9314,525.0727,522.814,3.467,-21.719,-123.421,neutral,499.0504,2.389,5.266
GS,GS-033,2024-10-15T14:00:00-04:00,2024-10-15T17:00:00-04:00,3,525.14,523.29,9.9314,524.6146,523.1291,7.086,4.615,3.619,neutral,499.0504,2.389,5.266
GS,GS-034,2024-10-16T09:00:00-04:00,2024-10-16T10:00:00-04:00,1,533.615,534.465,11.0077,526.1793,524.3487,35.255,22.444,34.882,neutral_up,501.194,2.1436,6.5064
GS,GS-035,2024-10-17T09:00:00-04:00,2024-10-17T10:00:00-04:00,1,533.58,533.575,11.1922,530.5875,528.8203,25.504,10.737,21.87,neutral_up,503.8073,2.6133,7.1458
GS,GS-036,2024-10-17T11:00:00-04:00,2024-10-17T12:00:00-04:00,1,532.96,533.37,11.1922,531.54,529.5896,28.189,-1.317,13.422,neutral_up,503.8073,2.6133,7.1458
GS,GS-037,2024-10-17T13:00:00-04:00,2024-10-21T11:00:00-04:00,17,531.24,520.795,11.1922,531.7728,530.0521,19.084,-9.081,-10.421,neutral,503.8073,2.6133,7.1458
GS,GS-038,2024-10-22T16:00:00-04:00,2024-10-24T14:00:00-04:00,21,519.5,523.24,10.5721,518.4533,519.6772,-12.561,9.971,10.675,neutral,509.0181,0.8992,5.2108
GS,GS-039,2024-10-30T09:00:00-04:00,2024-10-31T10:00:00-04:00,12,529.29,516.055,10.2584,525.3031,523.5329,58.921,29.701,29.572,neutral_up,513.9933,1.0397,2.2042
GS,GS-040,2024-11-04T09:00:00-05:00,2024-11-04T10:00:00-05:00,1,514.96,515.445,10.0688,518.7259,520.0582,-54.404,-20.667,-34.839,neutral_down,515.5832,0.3827,1.5899
GS,GS-041,2024-11-08T11:00:00-05:00,2024-11-11T04:00:00-05:00,7,586.6649,591.0,14.7792,586.63,584.7728,27.036,-13.052,11.378,neutral_up,528.8926,5.3307,13.6688
GS,GS-042,2024-11-13T15:00:00-05:00,2024-11-13T17:00:00-05:00,2,594.16,594.9,14.6356,596.9144,596.7953,-12.55,-11.418,-46.432,neutral,545.3222,4.7288,16.4296
GS,GS-043,2024-11-14T08:00:00-05:00,2024-11-14T12:00:00-05:00,4,596.11,588.4,14.3717,596.2387,596.4723,-8.726,5.162,3.824,neutral,549.762,4.4398,15.3533
GS,GS-044,2024-11-15T16:00:00-05:00,2024-11-19T09:00:00-05:00,14,593.54,582.375,14.4373,591.6127,591.3241,21.111,2.064,20.51,neutral,553.2818,3.5198,12.6884
GS,GS-045,2024-11-20T10:00:00-05:00,2024-11-20T13:00:00-05:00,3,585.2,577.855,13.6383,583.3323,584.6697,-9.093,13.732,6.754,neutral,561.7135,1.9347,8.4317
GS,GS-046,2024-11-20T14:00:00-05:00,2024-11-21T11:00:00-05:00,6,579.74,597.02,13.6383,581.1717,583.1261,-33.448,3.671,-19.685,neutral_down,561.7135,1.9347,8.4317
GS,GS-047,2024-11-25T14:00:00-05:00,2024-11-25T19:00:00-05:00,5,602.8,600.22,13.5403,604.311,602.1166,14.055,-8.066,-14.663,neutral,569.8103,3.298,8.0968
GS,GS-048,2024-11-26T09:00:00-05:00,2024-11-26T11:00:00-05:00,2,598.97,598.77,13.4638,601.1733,601.4234,-20.46,-1.921,-14.182,neutral,572.8148,3.0045,9.2753
GS,GS-049,2024-11-26T15:00:00-05:00,2024-11-27T13:00:00-05:00,8,605.24,604.35,13.4638,602.135,601.6639,22.64,11.723,33.055,neutral,572.8148,3.0045,9.2753
GS,GS-050,2024-11-29T10:00:00-05:00,2024-12-02T17:00:00-05:00,13,610.23,601.81,13.1914,607.2982,605.7128,37.028,10.921,5.164,neutral_up,578.4432,2.6807,8.6329
GS,GS-051,2024-12-03T10:00:00-05:00,2024-12-03T11:00:00-05:00,1,604.62,601.755,12.6282,604.1642,604.6162,0.755,-0.714,26.205,neutral,583.0709,1.8889,7.3084
GS,GS-052,2024-12-03T12:00:00-05:00,2024-12-06T16:00:00-05:00,41,604.3947,599.44,12.6282,603.8248,604.3596,-6.532,6.908,-8.001,neutral,583.0709,1.8889,7.3084
GS,GS-053,2024-12-06T17:00:00-05:00,2024-12-10T11:00:00-05:00,19,600.0,592.695,11.9928,598.6142,598.6697,13.69,6.094,24.889,neutral,587.0671,1.0143,3.9962
GS,GS-054,2024-12-11T19:00:00-05:00,2024-12-12T07:00:00-05:00,1,591.01,592.0,11.4579,591.0615,591.0813,8.218,-9.123,-3.927,neutral,588.4332,-0.3203,1.3661
GS,GS-055,2024-12-12T08:00:00-05:00,2024-12-13T15:00:00-05:00,16,590.0692,585.34,11.2452,591.0132,591.0652,-1.791,-11.447,-19.131,neutral,588.8029,0.3697,0.591
GS,GS-056,2024-12-17T07:00:00-05:00,2024-12-17T11:00:00-05:00,4,582.12,577.305,10.8199,585.0772,585.9539,-19.281,-24.633,-16.868,neutral,588.5311,-0.2031,-0.2719
GS,GS-057,2024-12-20T09:00:00-05:00,2024-12-20T11:00:00-05:00,2,559.62,570.96,13.0645,555.2786,558.733,-25.051,31.241,38.821,neutral_down,581.1354,-2.7515,-7.3957
GS,GS-058,2024-12-24T06:00:00-05:00,2024-12-24T10:00:00-05:00,3,571.5,578.95,13.2623,569.5331,567.4246,36.323,2.717,11.729,neutral_up,579.0196,-0.828,-4.8673
GS,GS-059,2024-12-27T10:00:00-05:00,2024-12-27T13:00:00-05:00,3,574.77,574.9098,12.6125,578.7932,577.6836,-2.913,-26.191,-28.578,neutral,579.5176,0.1552,-0.33
GS,GS-060,2024-12-27T15:00:00-05:00,2024-12-27T16:00:00-05:00,1,576.29,576.18,12.6125,576.3689,576.6253,-7.003,3.491,26.678,neutral,579.5176,0.1552,-0.33
GS,GS-061,2024-12-31T07:00:00-05:00,2024-12-31T08:00:00-05:00,1,575.5,573.55,12.378,573.9665,574.2377,5.099,11.421,10.67,neutral,578.6866,-0.5377,-0.6758
GS,GS-062,2024-12-31T09:00:00-05:00,2025-01-06T07:00:00-05:00,33,575.915,581.8,12.378,574.2896,574.3333,9.225,10.808,15.546,neutral,578.6866,-0.5377,-0.6758
GS,GS-063,2025-01-06T10:00:00-05:00,2025-01-06T11:00:00-05:00,1,582.735,590.8895,12.0224,581.3481,579.1912,44.414,-9.27,8.642,neutral_up,578.0997,0.205,-0.5869
GS,GS-064,2025-01-07T09:00:00-05:00,2025-01-07T16:00:00-05:00,7,576.9,580.12,12.1518,583.1768,582.3638,-10.91,-32.724,-31.338,neutral,578.597,0.4973,0.4329
GS,GS-065,2025-01-08T09:00:00-05:00,2025-01-10T10:00:00-05:00,14,575.95,560.21,12.7038,579.1278,580.2779,-30.144,-8.653,-22.398,neutral_down,578.7364,0.1394,0.8417
GS,GS-066,2025-01-13T15:00:00-05:00,2025-01-14T08:00:00-05:00,6,563.26,567.0,13.0701,561.2312,563.4495,-12.849,11.22,24.213,neutral,577.1029,-1.7229,-1.4941
GS,GS-067,2025-01-16T13:00:00-05:00,2025-01-17T08:00:00-05:00,7,610.76,617.5,14.4537,609.3681,603.2073,65.564,-8.438,-16.759,distribution,578.2013,2.7709,1.0984
GS,GS-068,2025-01-21T13:00:00-05:00,2025-01-21T16:00:00-05:00,3,627.54,633.5,14.204,624.2501,621.9343,24.51,14.238,15.206,neutral_up,585.4181,4.0742,9.9877
GS,GS-069,2025-01-22T17:00:00-05:00,2025-01-23T12:00:00-05:00,8,633.8789,643.91,15.0773,633.1491,631.2852,27.546,0.531,-4.184,neutral_up,589.9037,4.4856,11.7024
GS,GS-070,2025-01-24T09:00:00-05:00,2025-01-24T10:00:00-05:00,1,633.92,634.49,14.321,636.3766,636.0894,-18.771,0.177,-47.388,neutral,597.8872,4.1093,12.4691
GS,GS-071,2025-01-24T11:00:00-05:00,2025-01-24T12:00:00-05:00,1,638.5,638.54,14.321,636.4994,636.1763,2.088,17.832,21.035,neutral,597.8872,4.1093,12.4691
GS,GS-072,2025-01-24T14:00:00-05:00,2025-01-24T16:00:00-05:00,2,637.61,636.0,14.321,637.3428,636.6969,11.6,-3.296,9.512,neutral,597.8872,4.1093,12.4691
GS,GS-073,2025-01-27T05:00:00-05:00,2025-01-27T06:00:00-05:00,1,632.0,628.5,14.1295,636.0331,636.3201,-18.821,-22.583,-19.726,neutral,601.4138,3.5266,11.5101
GS,GS-074,2025-01-27T08:00:00-05:00,2025-01-27T16:00:00-05:00,8,629.02,633.25,14.1295,632.5409,634.4639,-49.877,0.746,-31.056,neutral_down,601.4138,3.5266,11.5101
GS,GS-075,2025-01-27T18:00:00-05:00,2025-01-28T16:00:00-05:00,10,632.0,637.8,14.1295,631.9893,632.7233,-1.541,-4.78,10.371,neutral,601.4138,3.5266,11.5101
GS,GS-076,2025-01-28T17:00:00-05:00,2025-01-28T19:00:00-05:00,1,635.9,637.0725,13.9931,636.1023,634.9189,19.372,-9.326,-7.05,neutral,604.3008,2.8869,10.5228
GS,GS-077,2025-01-29T15:00:00-05:00,2025-01-29T16:00:00-05:00,1,637.89,637.38,13.5129,640.1209,638.4775,11.425,-16.795,-39.039,neutral,607.3361,3.0354,9.4489
GS,GS-078,2025-01-29T17:00:00-05:00,2025-01-29T18:00:00-05:00,1,639.99,639.7649,13.5129,639.6562,638.5243,7.686,6.832,-20.533,neutral,607.3361,3.0354,9.4489
GS,GS-079,2025-01-30T07:00:00-05:00,2025-01-30T11:00:00-05:00,4,643.99,647.78,13.447,640.5215,639.2,31.112,21.427,23.426,neutral_up,610.1138,2.7776,8.6999
GS,GS-080,2025-01-30T15:00:00-05:00,2025-01-30T17:00:00-05:00,2,645.69,645.7,13.447,645.7565,643.1573,37.625,-15.491,-8.591,neutral_up,610.1138,2.7776,8.6999
GS,GS-081,2025-01-31T10:00:00-05:00,2025-01-31T17:00:00-05:00,7,643.63,639.4,13.3172,645.8349,644.7535,5.812,-17.876,-17.487,neutral,613.348,3.2342,9.0472
GS,GS-082,2025-02-04T12:00:00-05:00,2025-02-05T12:00:00-05:00,10,635.17,642.59,13.5636,634.168,634.642,2.362,1.944,24.125,neutral,617.2603,1.494,7.1465
GS,GS-083,2025-02-07T13:00:00-05:00,2025-02-10T14:00:00-05:00,14,653.24,651.05,13.1799,656.7646,654.5184,6.024,-16.657,-46.63,neutral,624.5395,3.3481,7.2792
GS,GS-084,2025-02-12T10:00:00-05:00,2025-02-14T10:00:00-05:00,24,645.56,660.34,12.9192,646.0873,648.2487,-31.269,6.681,-5.737,neutral_down,631.1023,1.6238,6.5629
GS,GS-085,2025-02-19T16:00:00-05:00,2025-02-20T10:00:00-05:00,3,668.08,639.23,12.754,668.039,666.1094,23.881,-3.338,5.265,neutral_up,639.7681,3.2112,7.0669
GS,GS-086,2025-02-24T16:00:00-05:00,2025-02-25T11:00:00-05:00,6,626.14,611.44,15.022,627.7875,630.5834,-26.357,-4.381,-12.901,neutral_down,640.8203,-1.529,1.0522
GS,GS-087,2025-02-26T14:00:00-05:00,2025-02-27T18:00:00-05:00,16,616.205,608.5,16.2536,618.2283,620.0758,-23.01,-5.644,-20.534,neutral,637.2947,-2.2165,-5.0546
GS,GS-088,2025-02-28T12:00:00-05:00,2025-02-28T15:00:00-05:00,3,609.53,622.24,15.8254,611.6527,613.5868,-17.817,-10.894,33.098,neutral,633.0634,-2.4863,-6.4478
GS,GS-089,2025-03-06T07:00:00-05:00,2025-03-06T13:00:00-05:00,6,587.5,571.59,18.7303,590.0006,590.4239,-3.472,-15.181,-16.247,neutral,622.3027,-2.9243,-9.7768
GS,GS-090,2025-03-11T13:00:00-04:00,2025-03-13T13:00:00-04:00,24,529.23,521.3,20.8779,531.0853,535.9692,-37.098,0.696,10.308,neutral_down,604.6827,-7.3613,-17.62
GS,GS-091,2025-03-18T15:00:00-04:00,2025-03-20T04:00:00-04:00,15,551.88,558.98,19.7745,550.2717,548.4573,26.569,5.445,12.571,neutral_up,579.363,-2.7663,-12.9773
GS,GS-092,2025-03-20T06:00:00-04:00,2025-03-20T07:00:00-04:00,1,554.5,555.0,18.8356,555.5952,553.2831,30.28,-19.297,-17.111,neutral_up,575.1023,-1.7622,-7.027
GS,GS-093,2025-03-20T08:00:00-04:00,2025-03-20T10:00:00-04:00,2,554.8,565.105,18.8356,555.341,553.5629,17.128,-5.333,-32.45,neutral,575.1023,-1.7622,-7.027
GS,GS-094,2025-03-21T09:00:00-04:00,2025-03-21T18:00:00-04:00,9,554.98,566.99,18.6642,559.9876,559.1703,-12.737,-25.478,-32.861,neutral,573.9512,-1.1511,-5.4118
GS,GS-095,2025-03-25T13:00:00-04:00,2025-03-25T19:00:00-04:00,4,583.55,587.8192,18.3956,582.2625,578.8356,55.832,-6.128,-3.293,neutral_up,573.7828,0.6317,-1.3195
GS,GS-096,2025-03-26T10:00:00-04:00,2025-03-26T13:00:00-04:00,3,585.115,572.67,17.7012,585.2575,582.0552,47.733,-17.624,-15.957,neutral_up,574.8998,1.117,0.9486
GS,GS-097,2025-03-31T16:00:00-04:00,2025-03-31T18:00:00-04:00,1,546.29,545.0,18.5235,541.9664,543.7359,10.381,8.946,43.213,neutral,570.6037,-2.7404,-4.2961
GS,GS-098,2025-04-01T14:00:00-04:00,2025-04-02T11:00:00-04:00,10,544.21,560.31,18.5432,544.7578,544.4749,4.821,-6.862,-4.663,neutral,568.3925,-2.2112,-6.381
GS,GS-099,2025-04-07T10:00:00-04:00,2025-04-08T05:00:00-04:00,11,467.645,477.0,23.8048,460.1585,470.7334,-33.458,25.376,43.753,neutral_down,552.9806,-8.2771,-13.599
GS,GS-100,2025-04-08T14:00:00-04:00,2025-04-08T16:00:00-04:00,2,464.3494,461.5,25.7187,473.1996,473.1349,-18.852,-13.226,-41.6,neutral,544.9687,-8.0119,-21.3127
GS,GS-101,2025-04-11T10:00:00-04:00,2025-04-15T16:00:00-04:00,35,485.235,507.89,31.0304,490.104,490.6115,-9.219,-9.057,-16.248,neutral,531.3588,-4.1979,-13.6099
GS,GS-102,2025-04-15T19:00:00-04:00,2025-04-16T04:00:00-04:00,1,504.99,504.47,29.3326,507.8325,506.7977,-6.435,-6.77,-19.082,neutral,525.835,-2.1675,-9.7216
GS,GS-103,2025-04-16T09:00:00-04:00,2025-04-16T12:00:00-04:00,3,502.68,504.09,28.2724,506.108,506.305,-14.225,-14.273,-10.688,neutral,524.2273,-1.6077,-7.1315
GS,GS-104,2025-04-16T15:00:00-04:00,2025-04-16T16:00:00-04:00,1,498.93,499.5,28.2724,501.7322,503.8962,-39.588,4.699,-27.997,neutral_down,524.2273,-1.6077,-7.1315
GS,GS-105,2025-04-17T07:00:00-04:00,2025-04-17T12:00:00-04:00,5,504.0,513.805,27.4501,501.2294,502.6869,-7.056,18.964,26.522,neutral,521.9276,-2.2998,-6.075
GS,GS-106,2025-04-25T16:00:00-04:00,2025-04-30T09:00:00-04:00,26,544.86,532.51,25.667,544.4986,542.1615,24.659,-1.403,-0.824,neutral_up,522.2848,2.2885,3.2867
GS,GS-107,2025-04-30T10:00:00-04:00,2025-04-30T11:00:00-04:00,1,539.84,543.825,22.5173,542.6209,544.3801,-53.43,15.959,-68.801,neutral_down,528.3944,2.0256,6.1096
GS,GS-108,2025-04-30T15:00:00-04:00,2025-04-30T16:00:00-04:00,1,546.95,545.92,22.5173,543.5761,544.2023,1.714,18.901,20.005,neutral,528.3944,2.0256,6.1096
GS,GS-109,2025-05-05T15:00:00-04:00,2025-05-05T18:00:00-04:00,3,559.63,559.71,21.1179,563.5217,562.2301,-2.982,-22.133,-33.563,neutral,535.3321,3.0728,6.9377
GS,GS-110,2025-05-07T11:00:00-04:00,2025-05-08T09:00:00-04:00,10,553.55,560.95,19.7076,553.2879,554.2306,-8.371,1.105,-3.506,neutral,538.6236,1.0826,6.3643
GS,GS-111,2025-05-15T09:00:00-04:00,2025-05-15T10:00:00-04:00,1,611.99,614.115,18.6815,610.1396,606.4548,49.558,-0.049,-13.103,neutral_up,559.0704,5.293,14.6056
GS,GS-112,2025-05-16T10:00:00-04:00,2025-05-16T12:00:00-04:00,2,616.69,619.485,18.0243,616.3681,613.5981,40.244,-8.396,-7.244,neutral_up,564.2967,5.2263,15.5705
GS,GS-113,2025-05-16T15:00:00-04:00,2025-05-19T04:00:00-04:00,5,619.16,606.0,18.0243,618.1332,615.6305,42.545,-1.439,-5.382,neutral_up,564.2967,5.2263,15.5705
GS,GS-114,2025-05-19T11:00:00-04:00,2025-05-19T14:00:00-04:00,3,609.35,613.45,17.2532,612.6927,613.4758,-14.302,-16.311,33.351,neutral,569.2843,4.9876,15.5069
GS,GS-115,2025-05-20T08:00:00-04:00,2025-05-20T11:00:00-04:00,3,610.0,608.515,17.5237,611.736,612.4923,-23.185,-8.116,-21.158,neutral,573.1848,3.9005,14.1144
GS,GS-116,2025-05-20T13:00:00-04:00,2025-05-20T14:00:00-04:00,1,607.03,604.6,17.5237,609.1041,610.7315,-40.477,-5.614,2.995,neutral_down,573.1848,3.9005,14.1144
GS,GS-117,2025-05-21T13:00:00-04:00,2025-05-21T14:00:00-04:00,1,596.525,594.39,16.9278,603.5924,605.8659,-41.164,-35.433,-5.861,neutral_down,576.2289,3.0441,11.9322
GS,GS-118,2025-05-23T08:00:00-04:00,2025-05-23T13:00:00-04:00,5,583.21,600.83,16.4734,593.7384,596.8075,-70.579,-16.639,-80.209,accumulation,579.6266,1.8603,6.4418
GS,GS-119,2025-05-28T15:00:00-04:00,2025-05-28T17:00:00-04:00,2,608.45,608.9,16.8476,611.7371,610.4299,-2.258,-16.902,-18.397,neutral,584.5039,3.1406,6.7376
GS,GS-120,2025-05-28T19:00:00-04:00,2025-05-29T11:00:00-04:00,6,619.0,599.33,16.8476,612.205,610.916,37.333,43.531,48.922,neutral_up,584.5039,3.1406,6.7376
GS,GS-121,2025-05-30T18:00:00-04:00,2025-06-02T12:00:00-04:00,5,599.0,596.18,16.1133,599.8583,601.892,-25.448,-4.286,4.742,neutral_down,588.3517,1.6708,6.9884
GS,GS-122,2025-06-02T14:00:00-04:00,2025-06-03T14:00:00-04:00,10,597.8307,604.24,15.7645,597.3411,599.3695,-28.557,12.287,10.137,neutral_down,589.4142,1.0626,4.9103
GS,GS-123,2025-06-05T08:00:00-04:00,2025-06-05T09:00:00-04:00,1,601.9999,593.495,14.4853,600.2776,600.65,-0.878,19.25,23.226,neutral,592.2238,0.6856,2.8096
GS,GS-124,2025-06-05T10:00:00-04:00,2025-06-05T14:00:00-04:00,4,600.895,608.07,14.4853,599.3159,600.081,-14.668,22.844,5.46,neutral,592.2238,0.6856,2.8096
GS,GS-125,2025-06-05T15:00:00-04:00,2025-06-05T16:00:00-04:00,1,606.19,605.88,14.4853,604.3556,602.6028,38.302,-8.641,14.522,neutral_up,592.2238,0.6856,2.8096
GS,GS-126,2025-06-05T17:00:00-04:00,2025-06-05T18:00:00-04:00,1,602.34,602.5,14.4853,604.1964,602.8497,13.794,-18.224,-33.148,neutral,592.2238,0.6856,2.8096
GS,GS-127,2025-06-09T17:00:00-04:00,2025-06-11T10:00:00-04:00,16,613.0,624.0599,14.6898,614.1686,612.6708,8.577,-5.296,-25.295,neutral,595.3432,1.8497,3.805
GS,GS-128,2025-06-12T15:00:00-04:00,2025-06-13T08:00:00-04:00,5,625.34,616.0197,13.8291,623.9215,622.0891,32.255,-0.064,10.72,neutral_up,600.94,2.338,5.5969
GS,GS-129,2025-06-17T15:00:00-04:00,2025-06-17T19:00:00-04:00,3,624.455,623.0001,14.0987,625.7875,625.2331,-2.381,-5.809,-21.557,neutral,606.2527,2.1697,5.3126
GS,GS-130,2025-06-18T06:00:00-04:00,2025-06-18T10:00:00-04:00,3,626.0,635.42,13.7109,624.9097,624.91,-2.464,15.669,1.769,neutral,607.9074,1.6548,4.7492
GS,GS-131,2025-06-20T14:00:00-04:00,2025-06-20T18:00:00-04:00,4,639.21,642.3,13.8912,638.4286,635.9294,42.124,-4.737,-16.287,neutral_up,610.4313,2.5239,6.3484
GS,GS-132,2025-06-23T07:00:00-04:00,2025-06-23T08:00:00-04:00,1,639.1,639.0,13.3968,639.9435,637.756,35.498,-18.438,-11.5,neutral_up,613.1839,2.7526,6.9312
GS,GS-133,2025-06-23T09:00:00-04:00,2025-06-23T17:00:00-04:00,8,644.71,647.8235,13.3968,640.7458,638.491,48.162,22.715,-5.774,neutral_up,613.1839,2.7526,6.9312
GS,GS-134,2025-07-01T09:00:00-04:00,2025-07-02T16:00:00-04:00,20,709.885,715.0,14.3375,708.3304,705.0303,36.625,-0.523,7.451,neutral_up,642.5638,6.4856,17.6982
GS,GS-135,2025-07-07T13:00:00-04:00,2025-07-07T14:00:00-04:00,1,711.4,709.58,14.0483,716.5736,716.3655,-29.571,-10.321,-56.845,neutral_down,660.8118,6.2868,18.248
GS,GS-136,2025-07-09T16:00:00-04:00,2025-07-10T13:00:00-04:00,8,698.13,707.825,14.5263,698.033,700.3412,-26.499,5.481,4.782,neutral_down,668.191,2.8539,13.666
GS,GS-137,2025-07-14T08:00:00-04:00,2025-07-14T13:00:00-04:00,5,701.01,711.34,13.7637,703.6318,703.5952,-8.531,-18.439,-13.171,neutral,677.0157,2.7664,8.8247
GS,GS-138,2025-07-16T10:00:00-04:00,2025-07-22T09:00:00-04:00,46,697.55,694.375,13.6637,702.6764,704.2525,-27.845,-13.992,-50.1,neutral_down,682.2204,1.908,7.9712
GS,GS-139,2025-07-23T10:00:00-04:00,2025-07-23T12:00:00-04:00,2,702.48,708.025,13.5015,702.3959,703.3154,-6.134,-2.697,17.86,neutral,691.05,0.937,4.5526
GS,GS-140,2025-07-29T04:00:00-04:00,2025-07-29T15:00:00-04:00,7,724.65,731.97,13.2858,724.7687,724.2512,3.12,2.412,1.814,neutral,701.0631,2.2787,7.615
GS,GS-141,2025-07-30T15:00:00-04:00,2025-07-31T05:00:00-04:00,4,731.11,726.06,13.1732,731.3302,730.1205,4.186,4.04,-40.241,neutral,703.8728,2.8097,8.07
GS,GS-142,2025-07-31T09:00:00-04:00,2025-08-01T05:00:00-04:00,9,731.82,714.95,13.2823,728.402,728.7633,0.872,28.924,28.229,neutral,706.349,2.4761,7.5645
GS,GS-143,2025-08-05T17:00:00-04:00,2025-08-07T08:00:00-04:00,11,720.41,726.3,14.7023,721.3696,720.9489,0.086,-4.975,1.187,neutral,709.6886,1.6321,3.3396
GS,GS-144,2025-08-07T09:00:00-04:00,2025-08-12T10:00:00-04:00,31,728.34,745.44,14.1555,726.1431,724.4228,32.011,3.789,16.414,neutral_up,711.9857,1.2334,3.9293
GS,GS-145,2025-08-13T17:00:00-04:00,2025-08-15T11:00:00-04:00,16,745.5,733.32,14.5571,744.3007,740.9156,37.194,-5.356,9.725,neutral_up,716.7206,2.6699,3.9636
GS,GS-146,2025-08-19T09:00:00-04:00,2025-08-19T12:00:00-04:00,3,725.94,720.225,14.3127,729.5554,731.6622,-37.549,-23.393,-14.666,neutral_down,723.3601,0.734,4.0331
GS,GS-147,2025-08-21T12:00:00-04:00,2025-08-21T16:00:00-04:00,4,715.0,715.95,14.3942,717.1738,719.8482,-38.636,-2.646,-9.532,neutral_down,722.9424,-0.2622,0.3163
GS,GS-148,2025-08-22T09:00:00-04:00,2025-08-22T10:00:00-04:00,1,720.92,741.235,13.8914,717.2611,718.5995,-2.379,25.0,27.657,neutral,722.2903,-0.652,-1.0697
GS,GS-149,2025-08-26T11:00:00-04:00,2025-08-26T16:00:00-04:00,5,741.03,753.4366,14.4891,739.1886,737.1603,29.214,13.469,5.001,neutral_up,725.3963,1.3324,2.4539
GS,GS-150,2025-08-28T11:00:00-04:00,2025-08-29T13:00:00-04:00,12,750.33,746.4,14.078,749.4273,747.7779,20.39,5.776,-22.169,neutral,729.5152,1.9795,5.4513
GS,GS-151,2025-09-04T09:00:00-04:00,2025-09-04T11:00:00-04:00,2,735.83,740.605,13.8518,730.3737,731.9112,7.5,24.341,39.452,neutral,732.2787,-0.2309,0.7821
GS,GS-152,2025-09-09T10:00:00-04:00,2025-09-09T11:00:00-04:00,1,754.135,756.763,14.9723,743.9783,741.3831,62.616,24.696,41.188,distribution,734.9166,0.6953,2.638
GS,GS-153,2025-09-15T09:00:00-04:00,2025-09-16T08:00:00-04:00,9,786.7901,787.0,15.7987,782.1998,779.5497,43.217,17.338,24.809,neutral_up,747.6917,3.2243,10.1602
GS,GS-154,2025-09-16T09:00:00-04:00,2025-09-17T17:00:00-04:00,16,784.76,794.22,15.5588,785.9071,783.8256,19.847,-11.563,-13.234,neutral,751.3243,3.6326,10.8702
GS,GS-155,2025-09-19T11:00:00-04:00,2025-09-23T09:00:00-04:00,20,802.99,820.8,15.0401,802.8418,800.2227,23.032,-1.257,-32.298,neutral,762.317,4.2353,10.9927
GS,GS-156,2025-09-26T11:00:00-04:00,2025-09-26T13:00:00-04:00,2,801.7,806.98,15.468,798.8133,798.4117,20.211,-0.884,26.348,neutral,776.6807,1.8179,6.9035
GS,GS-157,2025-09-29T15:00:00-04:00,2025-09-30T12:00:00-04:00,8,804.43,789.605,15.4089,803.2628,802.2678,16.16,1.384,13.696,neutral,779.0442,2.3636,5.9322
GS,GS-158,2025-10-02T08:00:00-04:00,2025-10-02T09:00:00-04:00,1,785.51,778.635,15.4745,787.4564,790.5387,-42.363,-0.606,-8.787,neutral_down,782.9941,0.2986,3.9498
GS,GS-159,2025-10-06T16:00:00-04:00,2025-10-07T08:00:00-04:00,4,796.0,799.4999,15.7921,794.7559,792.0729,29.578,-2.628,-3.904,neutral_up,783.381,0.6809,0.6855
GS,GS-160,2025-10-07T09:00:00-04:00,2025-10-07T14:00:00-04:00,5,798.74,787.4278,16.2679,797.0988,794.3554,36.891,-3.649,4.559,neutral_up,784.5963,1.2154,1.6023
GS,GS-161,2025-10-09T16:00:00-04:00,2025-10-09T17:00:00-04:00,1,780.89,780.8,17.09,778.419,780.254,-4.812,10.039,30.604,neutral,784.2949,-0.7445,0.9139
GS,GS-162,2025-10-10T07:00:00-04:00,2025-10-10T13:00:00-04:00,6,781.6,768.06,16.695,779.741,780.4625,6.728,4.688,11.54,neutral,783.9281,-0.3668,-0.6682
GS,GS-163,2025-10-14T08:00:00-04:00,2025-10-14T09:00:00-04:00,1,768.0,749.27,18.1333,781.3062,782.0336,-35.433,-17.303,-49.57,neutral_down,782.6762,0.5234,-1.6187
GS,GS-164,2025-10-14T10:00:00-04:00,2025-10-14T12:00:00-04:00,2,766.49,774.97,18.1333,773.2172,777.9128,-50.258,16.109,-32.128,neutral_down,782.6762,0.5234,-1.6187
GS,GS-165,2025-10-14T13:00:00-04:00,2025-10-14T14:00:00-04:00,1,783.678,782.115,18.1333,776.1316,778.1589,-0.385,16.319,49.873,neutral,782.6762,0.5234,-1.6187
GS,GS-166,2025-10-15T10:00:00-04:00,2025-10-15T12:00:00-04:00,2,775.55,772.8,20.0845,776.2885,776.8481,-4.222,-0.746,-15.164,neutral,781.6465,-1.0297,-2.2816
GS,GS-167,2025-10-15T13:00:00-04:00,2025-10-17T06:00:00-04:00,19,773.07,747.0,20.0845,774.5864,775.8344,-11.369,0.169,-7.147,neutral,781.6465,-1.0297,-2.2816
GS,GS-168,2025-10-17T08:00:00-04:00,2025-10-17T10:00:00-04:00,2,761.0,746.6,20.7066,759.5909,764.2658,-35.01,20.106,11.89,neutral_down,778.4559,-2.0046,-4.2203
GS,GS-169,2025-10-20T09:00:00-04:00,2025-10-20T13:00:00-04:00,4,757.91,763.6662,20.5793,753.881,756.2392,-2.287,11.351,23.789,neutral,775.9454,-2.5105,-5.7012
GS,GS-170,2025-10-21T09:00:00-04:00,2025-10-22T13:00:00-04:00,15,763.36,744.975,20.2222,760.7579,760.1514,12.828,11.517,19.972,neutral,774.7903,-1.155,-5.6702
GS,GS-171,2025-10-28T10:00:00-04:00,2025-10-29T19:00:00-04:00,21,794.4,783.06,19.1223,791.4707,787.2721,62.235,5.043,5.637,distribution,772.0892,1.7711,1.3285
GS,GS-172,2025-11-03T08:00:00-05:00,2025-11-04T04:00:00-05:00,11,789.37,772.06,18.5644,788.7406,788.9399,1.687,2.135,-1.3,neutral,777.3376,1.1842,3.4229
GS,GS-173,2025-11-05T14:00:00-05:00,2025-11-07T06:00:00-05:00,19,792.59,786.0,19.3299,791.7735,790.4069,17.764,-4.018,8.838,neutral,779.2321,1.1498,3.0788
GS,GS-174,2025-11-07T09:00:00-05:00,2025-11-07T10:00:00-05:00,1,781.73,776.66,19.626,785.3384,787.0003,-31.881,-4.617,-21.425,neutral_down,781.1393,0.6701,3.0569
GS,GS-175,2025-11-17T10:00:00-05:00,2025-11-17T14:00:00-05:00,4,792.82,771.41,22.0223,793.5307,798.6423,-35.967,5.606,11.286,neutral_down,791.666,-0.1026,6.1427
GS,GS-176,2025-11-18T15:00:00-05:00,2025-11-19T06:00:00-05:00,6,776.91,778.0,22.3228,778.5827,780.3235,-5.932,-12.8,-7.695,neutral,790.2654,-1.4005,-0.123
GS,GS-177,2025-11-19T08:00:00-05:00,2025-11-20T04:00:00-05:00,12,780.0,790.98,22.2394,779.362,779.6475,7.062,-4.588,15.875,neutral,789.0513,-1.2141,-2.7173
GS,GS-178,2025-11-21T17:00:00-05:00,2025-11-24T12:00:00-05:00,8,777.0,789.0,23.1588,775.6336,777.6112,-5.802,3.306,1.334,neutral,787.4065,-1.3347,-2.8589
GS,GS-179,2025-11-25T11:00:00-05:00,2025-11-25T12:00:00-05:00,1,795.41,798.301,23.1104,791.4002,787.8745,32.12,5.656,-10.288,neutral_up,786.6566,0.4243,-2.0845
GS,GS-180,2025-12-02T13:00:00-05:00,2025-12-03T11:00:00-05:00,10,813.1,826.94,21.9607,813.8038,814.3063,-2.845,-7.009,-11.079,neutral,795.4176,1.5992,7.3288
GS,GS-181,2025-12-05T05:00:00-05:00,2025-12-05T10:00:00-05:00,3,838.75,850.0389,20.6184,837.7232,834.5523,44.742,2.592,0.835,neutral_up,804.1602,3.325,8.7427
GS,GS-182,2025-12-10T12:00:00-05:00,2025-12-10T14:00:00-05:00,2,878.72,892.93,20.1876,878.252,874.5578,42.039,-12.386,-1.261,neutral_up,819.7028,5.6967,15.5425
GS,GS-183,2025-12-15T15:00:00-05:00,2025-12-16T04:00:00-05:00,5,890.29,885.82,21.9458,893.766,895.5499,-27.324,-8.264,-16.581,neutral_down,838.721,4.9539,19.0182
GS,GS-184,2025-12-16T09:00:00-05:00,2025-12-16T12:00:00-05:00,3,894.035,875.55,21.5361,890.8973,892.3506,-3.375,16.897,36.558,neutral,843.4091,4.6881,17.3793
GS,GS-185,2025-12-17T10:00:00-05:00,2025-12-17T12:00:00-05:00,2,876.82,873.15,21.5635,882.5979,884.4273,-9.641,-32.936,21.429,neutral,846.6419,3.2328,12.8748
GS,GS-186,2025-12-22T14:00:00-05:00,2025-12-22T17:00:00-05:00,3,903.31,899.0,21.9756,900.2411,895.942,68.128,-1.443,-6.13,distribution,855.25,3.768,8.6081
GS,GS-187,2025-12-23T09:00:00-05:00,2025-12-24T12:00:00-05:00,13,896.83,909.71,21.3023,899.4558,897.6201,10.945,-18.081,-23.266,neutral,859.2045,3.9545,10.2274
GS,GS-188,2025-12-29T07:00:00-05:00,2025-12-29T10:00:00-05:00,3,907.33,894.745,19.2549,907.2859,906.5067,12.17,-0.457,1.097,neutral,871.0201,3.605,11.8156
GS,GS-189,2025-12-31T15:00:00-05:00,2026-01-02T07:00:00-05:00,8,878.77,885.0,18.6198,881.3089,884.2304,-57.876,-6.92,-2.29,neutral_down,874.0274,1.0273,6.6122
GS,GS-190,2026-01-02T08:00:00-05:00,2026-01-02T10:00:00-05:00,2,884.06,893.4,17.9476,883.3866,883.5846,12.962,-6.746,6.04,neutral,874.4585,0.4311,3.4384
GS,GS-191,2026-01-06T13:00:00-05:00,2026-01-07T08:00:00-05:00,8,955.8,958.8042,21.3476,952.6274,945.379,72.244,-2.827,7.373,distribution,884.5161,6.4284,10.4888
GS,GS-192,2026-01-07T09:00:00-05:00,2026-01-07T15:00:00-05:00,6,946.3,939.66,20.917,953.8149,950.6733,11.948,-43.271,-38.057,neutral,890.981,6.4649,16.5225
GS,GS-193,2026-01-08T16:00:00-05:00,2026-01-08T17:00:00-05:00,1,936.554,935.86,21.1551,937.5981,940.6855,-34.451,7.546,-7.788,neutral_down,895.4064,4.4254,17.3186
GS,GS-194,2026-01-09T05:00:00-05:00,2026-01-12T07:00:00-05:00,17,938.06,930.96,20.5861,937.1883,939.6847,-21.878,9.283,12.572,neutral,898.9167,3.5103,14.4006
GS,GS-195,2026-01-12T08:00:00-05:00,2026-01-12T14:00:00-05:00,6,932.5,948.21,20.0757,934.1465,936.5701,-41.839,10.053,-0.572,neutral_down,902.5498,3.633,11.5687
GS,GS-196,2026-01-14T15:00:00-05:00,2026-01-14T16:00:00-05:00,1,933.09,930.0,20.0857,932.3478,934.8397,-14.994,4.299,30.618,neutral,909.6295,2.867,10.7128
GS,GS-197,2026-01-15T07:00:00-05:00,2026-01-15T10:00:00-05:00,3,922.0,966.75,20.1082,928.0792,930.9857,-35.206,-15.624,-4.897,neutral_down,911.7623,2.1328,9.2126
GS,GS-198,2026-01-16T14:00:00-05:00,2026-01-16T18:00:00-05:00,4,965.4701,962.0,22.714,967.5182,964.519,5.788,-1.692,-3.606,neutral,917.5903,5.828,10.8278
GS,GS-199,2026-01-21T08:00:00-05:00,2026-01-21T10:00:00-05:00,2,942.97,962.0521,23.1009,944.4525,947.7381,-31.407,1.017,-9.879,neutral_down,923.5668,1.9393,11.8045
GS,GS-200,2026-01-22T13:00:00-05:00,2026-01-23T08:00:00-05:00,9,960.87,936.2757,23.3051,961.3707,958.3949,26.192,-14.129,6.281,neutral_up,926.2862,2.7194,8.6959
GS,GS-201,2026-01-26T14:00:00-05:00,2026-01-26T17:00:00-05:00,3,931.0,930.6369,24.098,926.6615,928.6983,6.138,6.452,20.571,neutral,927.9369,-0.9047,4.37
GS,GS-202,2026-01-27T10:00:00-05:00,2026-01-28T19:00:00-05:00,22,928.94,936.23,23.5021,928.8311,929.2354,-7.264,5.606,-27.463,neutral,928.2499,0.313,1.9637
GS,GS-203,2026-01-29T10:00:00-05:00,2026-02-02T14:00:00-05:00,35,930.675,945.94,22.1568,936.4058,934.4839,7.456,-30.513,-50.256,neutral,929.0873,0.7393,1.1505
GS,GS-204,2026-02-03T10:00:00-05:00,2026-02-03T12:00:00-05:00,2,946.865,919.895,23.8525,946.3583,943.8742,18.669,-2.094,-23.115,neutral,931.8821,1.3998,2.7947
GS,GS-205,2026-02-10T13:00:00-05:00,2026-02-11T07:00:00-05:00,9,935.88,948.0,28.313,945.5142,941.0348,11.112,-31.647,-62.49,neutral,928.6613,1.5089,-2.041
GS,GS-206,2026-02-11T09:00:00-05:00,2026-02-12T12:00:00-05:00,15,954.92,908.06,28.5692,951.8342,947.708,40.695,-6.04,10.158,neutral_up,930.4339,1.7726,3.4382
GS,GS-207,2026-02-13T18:00:00-05:00,2026-02-17T13:00:00-05:00,9,904.5,918.335,31.6785,903.7772,909.5657,-23.721,1.091,7.489,neutral_down,929.2599,-2.491,0.5985
GS,GS-208,2026-02-20T11:00:00-05:00,2026-02-23T10:00:00-05:00,13,919.75,890.89,30.7402,916.0535,917.7455,-5.984,17.341,30.63,neutral,925.8226,-0.9173,-1.2254
GS,GS-209,2026-02-24T15:00:00-05:00,2026-02-24T16:00:00-05:00,1,902.26,904.07,31.3979,900.7354,900.3386,17.375,-7.805,3.423,neutral,922.5239,-2.9724,-4.216
GS,GS-210,2026-02-26T15:00:00-05:00,2026-02-27T09:00:00-05:00,10,928.83,883.58,30.5169,927.2318,922.342,40.858,-2.866,-5.933,neutral_up,920.7352,0.0535,-4.7611
GS,GS-211,2026-03-04T17:00:00-05:00,2026-03-05T11:00:00-05:00,5,867.5,839.76,33.8837,867.8688,865.0685,14.06,-1.671,-8.029,neutral,906.5432,-4.3963,-14.9279
GS,GS-212,2026-03-09T12:00:00-04:00,2026-03-09T13:00:00-04:00,1,813.82,807.325,33.665,809.6939,815.5497,-23.498,16.29,43.965,neutral,889.8457,-6.9276,-16.6975
GS,GS-213,2026-03-09T15:00:00-04:00,2026-03-09T16:00:00-04:00,1,831.93,830.37,33.665,813.8805,815.959,17.575,40.641,41.073,neutral,889.8457,-6.9276,-16.6975
GS,GS-214,2026-03-11T07:00:00-04:00,2026-03-11T13:00:00-04:00,6,831.71,819.38,33.2019,833.2133,830.9776,7.581,-3.459,-10.404,neutral,879.9151,-4.6655,-16.8582
GS,GS-215,2026-03-13T14:00:00-04:00,2026-03-16T09:00:00-04:00,9,784.06,799.5701,32.9337,787.129,792.6796,-46.735,3.188,-12.685,neutral_down,866.8105,-7.956,-17.7702
GS,GS-216,2026-03-18T12:00:00-04:00,2026-03-19T07:00:00-04:00,9,810.695,798.0,30.8203,810.331,807.4645,19.965,-2.138,-10.591,neutral,849.0846,-4.1865,-17.7259
GS,GS-217,2026-03-19T09:00:00-04:00,2026-03-19T10:00:00-04:00,1,801.06,798.48,29.7039,801.4021,803.6529,-29.353,15.392,-13.446,neutral_down,845.1096,-3.975,-14.0235
GS,GS-218,2026-03-19T11:00:00-04:00,2026-03-19T18:00:00-04:00,7,799.065,811.99,29.7039,800.4672,802.8083,-23.089,3.765,21.657,neutral,845.1096,-3.975,-14.0235
GS,GS-219,2026-03-20T14:00:00-04:00,2026-03-20T19:00:00-04:00,5,812.35,822.0936,29.41,814.0016,810.8171,30.575,-22.969,4.588,neutral_up,841.8969,-3.2127,-11.3741
GS,GS-220,2026-03-23T04:00:00-04:00,2026-03-23T05:00:00-04:00,1,807.0,802.0,28.9024,816.0415,813.5945,5.068,-36.983,-33.23,neutral,839.3463,-2.5506,-9.7383
GS,GS-221,2026-03-23T07:00:00-04:00,2026-03-23T10:00:00-04:00,3,827.5,843.55,28.9024,814.2892,813.0293,7.914,44.201,2.846,neutral,839.3463,-2.5506,-9.7383
GS,GS-222,2026-03-24T13:00:00-04:00,2026-03-25T04:00:00-04:00,7,834.0,849.51,29.3872,833.9176,830.8594,20.85,-7.954,5.166,neutral,838.663,-0.6833,-6.4466
GS,GS-223,2026-03-25T13:00:00-04:00,2026-03-26T08:00:00-04:00,9,840.54,830.0,29.181,843.0146,840.5561,6.175,-6.253,-26.761,neutral,838.4182,-0.2448,-3.4787
GS,GS-224,2026-03-26T09:00:00-04:00,2026-03-26T11:00:00-04:00,2,837.69,829.235,28.5859,836.5018,838.2206,-24.802,21.963,-6.344,neutral_down,838.7393,0.3211,-0.607
GS,GS-225,2026-03-30T10:00:00-04:00,2026-03-31T05:00:00-04:00,11,813.685,821.8,28.2846,807.948,809.9048,2.229,17.378,14.789,neutral,834.101,-3.1211,-4.3172
GS,GS-226,2026-03-31T09:00:00-04:00,2026-03-31T12:00:00-04:00,3,825.63,838.21,27.4608,817.6014,814.1336,50.175,8.787,11.14,neutral_up,831.7309,-2.3701,-7.0084
GS,GS-227,2026-04-06T13:00:00-04:00,2026-04-07T18:00:00-04:00,20,862.055,884.5,28.6758,864.8081,862.5776,9.437,-12.599,-17.817,neutral,838.0396,2.536,6.3087
GS,GS-228,2026-04-09T07:00:00-04:00,2026-04-13T07:00:00-04:00,31,900.0,874.5,28.7995,901.0859,896.3032,26.165,-3.951,-22.059,neutral_up,848.5004,5.713,10.4609
GS,GS-229,2026-04-15T13:00:00-04:00,2026-04-15T17:00:00-04:00,4,902.815,899.61,27.6256,906.853,905.6155,-8.836,-7.188,-34.373,neutral,865.8126,4.3817,12.2631
GS,GS-230,2026-04-16T13:00:00-04:00,2026-04-17T10:00:00-04:00,9,903.28,923.32,27.8445,902.7757,902.7375,7.163,-3.092,12.032,neutral,868.8814,3.0689,10.3855
GS,GS-231,2026-04-22T15:00:00-04:00,2026-04-24T10:00:00-04:00,24,934.52,922.33,26.546,934.1398,933.7582,2.544,3.034,1.682,neutral,886.5037,4.0026,14.7951
GS,GS-232,2026-04-24T11:00:00-04:00,2026-04-24T12:00:00-04:00,1,926.29,927.32,25.5404,927.7532,930.2745,-35.226,9.855,-11.158,neutral_down,894.5389,3.6701,12.0379
GS,GS-233,2026-04-24T18:00:00-04:00,2026-04-27T15:00:00-04:00,11,926.31,938.02,25.5404,926.5869,928.3654,-18.964,2.195,0.27,neutral,894.5389,3.6701,12.0379
GS,GS-234,2026-05-01T13:00:00-04:00,2026-05-04T10:00:00-04:00,12,927.555,908.78,24.2447,926.3862,923.8141,23.406,2.333,-25.777,neutral,905.5161,1.8254,4.3466
GS,GS-235,2026-05-07T08:00:00-04:00,2026-05-07T16:00:00-04:00,8,937.75,925.0,23.999,937.5694,934.3064,30.858,-5.437,-2.107,neutral_up,910.5857,2.6904,3.4419
GS,GS-236,2026-05-08T13:00:00-04:00,2026-05-08T16:00:00-04:00,3,929.4,936.5,23.9498,930.8807,930.6269,-0.432,-7.821,-34.483,neutral,911.9643,1.3786,5.1645
GS,GS-237,2026-05-12T14:00:00-04:00,2026-05-12T15:00:00-04:00,1,945.045,946.05,23.2347,938.8077,939.0526,12.223,21.77,54.522,neutral,917.0168,2.8193,6.4311
GS,GS-238,2026-05-18T11:00:00-04:00,2026-05-19T10:00:00-04:00,10,947.4713,927.77,23.8057,949.8643,951.5609,-9.549,-14.462,17.113,neutral,929.114,1.9936,9.4578
GS,GS-239,2026-05-21T14:00:00-04:00,2026-05-22T04:00:00-04:00,6,984.28,991.35,25.8124,981.3265,975.519,33.931,2.402,10.451,neutral_up,935.2152,4.6885,6.1012
GS,GS-240,2026-05-26T10:00:00-04:00,2026-05-26T12:00:00-04:00,2,995.29,988.265,25.4347,1002.247,998.5273,19.469,-37.911,-58.192,neutral,945.1891,5.1771,14.6624
GS,GS-241,2026-05-27T10:00:00-04:00,2026-05-28T17:00:00-04:00,22,996.09,1008.24,25.7255,995.9467,996.2671,-10.8,10.026,-34.956,neutral,949.7092,4.5201,14.494
GS,GS-242,2026-06-09T10:00:00-04:00,2026-06-09T11:00:00-04:00,1,1036.69,1019.525,30.983,1048.3019,1049.9533,-19.611,-37.623,-21.898,neutral,1004.2756,4.0724,17.5647
GS,GS-243,2026-06-10T14:00:00-04:00,2026-06-10T15:00:00-04:00,1,1006.27,1000.81,32.9164,1014.9122,1023.3664,-56.15,-2.836,0.415,neutral_down,1006.7924,2.5168,10.4979
GS,GS-244,2026-06-11T11:00:00-04:00,2026-06-11T15:00:00-04:00,4,1010.24,1035.5,33.1559,1008.8844,1012.3468,-12.69,5.083,-1.103,neutral,1006.2485,-0.5439,6.0453
GS,GS-245,2026-06-16T08:00:00-04:00,2026-06-16T14:00:00-04:00,6,1083.73,1089.66,33.5489,1080.9731,1076.5322,40.68,3.735,5.902,neutral_up,1019.653,5.8187,13.4045
GS,GS-246,2026-06-18T11:00:00-04:00,2026-06-18T15:00:00-04:00,4,1112.67,1096.71,32.4702,1111.2843,1106.5797,33.253,-8.779,-6.202,neutral_up,1032.6898,6.608,18.8555
GS,GS-247,2026-06-18T17:00:00-04:00,2026-06-18T19:00:00-04:00,2,1100.0,1097.08,32.4702,1103.2972,1104.1258,-21.313,2.505,-17.599,neutral,1032.6898,6.608,18.8555
GS,GS-248,2026-06-22T10:00:00-04:00,2026-06-22T12:00:00-04:00,2,1096.37,1102.11,32.413,1099.9464,1101.3695,-11.165,-11.979,3.793,neutral,1038.5099,5.82,18.8568
GS,GS-249,2026-06-22T14:00:00-04:00,2026-06-23T07:00:00-04:00,8,1098.15,1090.01,32.413,1100.3173,1101.1603,-6.513,-7.882,0.894,neutral,1038.5099,5.82,18.8568
GS,GS-250,2026-06-23T09:00:00-04:00,2026-06-24T04:00:00-04:00,11,1087.71,1094.0,31.8375,1092.2916,1096.4369,-44.387,6.752,6.546,neutral_down,1044.6217,6.1118,18.5399
GS,GS-251,2026-06-24T05:00:00-04:00,2026-06-24T13:00:00-04:00,8,1090.38,1075.7475,32.1877,1092.4944,1094.4968,-16.904,-3.207,6.941,neutral,1049.1143,4.4926,16.4244
GS,GS-252,2026-06-25T09:00:00-04:00,2026-06-26T06:00:00-04:00,11,1076.775,1061.0,31.7123,1082.1533,1084.7893,-16.624,-17.673,5.89,neutral,1051.6293,2.5151,13.1195
GS,GS-253,2026-06-29T13:00:00-04:00,2026-07-01T06:00:00-04:00,23,1025.995,1003.1,33.9991,1025.5865,1032.5242,-31.444,6.363,3.602,neutral_down,1049.8266,-3.1537,0.7124
GS,GS-254,2026-07-01T07:00:00-04:00,2026-07-01T17:00:00-04:00,10,1009.0,1019.9221,32.0697,1009.8874,1014.2647,-38.529,11.583,-10.422,neutral_down,1043.8539,-3.2794,-9.1264
GS,GS-255,2026-07-02T14:00:00-04:00,2026-07-06T09:00:00-04:00,8,1019.96,1044.635,31.9597,1020.8761,1020.6043,-12.287,9.498,-30.889,neutral,1041.6517,-2.2022,-8.1749
GS,GS-256,2026-07-07T14:00:00-04:00,2026-07-07T16:00:00-04:00,2,1045.45,1042.98,31.9892,1048.6096,1046.6395,-1.813,-3.61,-0.27,neutral,1041.1047,1.3695,-2.7492
LLY,LLY-001,2024-07-15T15:00:00-04:00,2024-07-15T18:00:00-04:00,3,951.74,953.37,18.4768,953.9451,950.8366,15.982,-10.674,-19.374,neutral,902.5744,4.5526,12.8092
LLY,LLY-002,2024-07-16T08:00:00-04:00,2024-07-16T16:00:00-04:00,8,952.904,941.26,18.4435,953.4582,951.9816,12.739,-5.439,0.852,neutral,907.044,4.4696,12.692
LLY,LLY-003,2024-07-19T14:00:00-04:00,2024-07-23T11:00:00-04:00,26,858.35,883.83,23.7525,862.0007,867.524,-27.954,-2.901,-13.422,neutral_down,904.3543,-5.5264,-2.6897
LLY,LLY-004,2024-07-26T13:00:00-04:00,2024-07-30T12:00:00-04:00,24,812.0343,781.125,25.9801,816.1115,822.8084,-37.186,-4.39,9.087,neutral_down,885.8847,-6.3645,-11.2511
LLY,LLY-005,2024-07-31T15:00:00-04:00,2024-07-31T16:00:00-04:00,1,803.72,804.27,26.7605,799.9825,799.187,14.025,6.244,9.749,neutral,864.6439,-7.4344,-21.2407
LLY,LLY-006,2024-08-06T08:00:00-04:00,2024-08-06T12:00:00-04:00,4,789.99,802.0,30.4009,784.7299,785.5969,8.866,5.301,10.159,neutral,844.9013,-6.9651,-14.2041
LLY,LLY-007,2024-08-07T06:00:00-04:00,2024-08-07T13:00:00-04:00,7,799.0,771.0,30.4454,793.3714,791.8645,13.996,17.374,17.812,neutral,840.1739,-4.7274,-16.4892
LLY,LLY-008,2024-08-12T13:00:00-04:00,2024-08-13T04:00:00-04:00,7,889.445,888.53,37.6498,893.7589,887.2141,14.243,-6.473,-24.723,neutral,840.3047,5.1795,0.1308
LLY,LLY-009,2024-08-15T14:00:00-04:00,2024-08-19T07:00:00-04:00,22,929.0,921.5,35.654,929.13,926.4142,11.136,2.331,-5.909,neutral,857.3729,7.2917,17.0682
LLY,LLY-010,2024-08-19T08:00:00-04:00,2024-08-20T07:00:00-04:00,13,922.4,940.03,33.141,921.8197,923.6793,-16.361,7.388,13.517,neutral,869.0491,5.2511,18.968
LLY,LLY-011,2024-08-21T12:00:00-04:00,2024-08-23T15:00:00-04:00,31,950.8528,951.56,32.4636,949.0198,946.1872,13.372,12.266,-32.314,neutral,880.7313,6.9239,16.9332
LLY,LLY-012,2024-08-23T16:00:00-04:00,2024-08-23T18:00:00-04:00,2,950.25,950.75,30.8835,951.1255,952.3493,-15.074,1.739,12.254,neutral,893.3402,6.2,19.5328
LLY,LLY-013,2024-08-26T11:00:00-04:00,2024-08-26T13:00:00-04:00,2,949.02,951.29,29.9197,949.8951,950.9121,-9.326,-3.917,9.724,neutral,898.6329,5.2927,17.9017
LLY,LLY-014,2024-08-26T14:00:00-04:00,2024-08-27T06:00:00-04:00,6,951.15,920.01,29.9197,950.8857,951.1917,1.205,-1.506,10.531,neutral,898.6329,5.2927,17.9017
LLY,LLY-015,2024-08-27T08:00:00-04:00,2024-08-27T09:00:00-04:00,1,945.0,970.814,28.6562,944.2933,947.399,-32.732,22.512,-22.066,neutral_down,903.4036,4.7706,16.2633
LLY,LLY-016,2024-08-28T13:00:00-04:00,2024-08-30T15:00:00-04:00,27,946.44,958.81,28.2186,951.1919,951.9721,-19.807,-10.01,-21.104,neutral,908.0178,4.6142,14.6776
LLY,LLY-017,2024-09-04T04:00:00-04:00,2024-09-04T08:00:00-04:00,1,942.0,948.13,25.8168,954.2645,955.139,-44.782,-39.488,-45.146,neutral_down,921.942,3.5038,10.1949
LLY,LLY-018,2024-09-04T09:00:00-04:00,2024-09-04T10:00:00-04:00,1,948.89,947.675,25.8168,952.2081,953.9916,-35.29,7.189,-29.996,neutral_down,921.942,3.5038,10.1949
LLY,LLY-019,2024-09-06T15:00:00-04:00,2024-09-06T16:00:00-04:00,1,904.2,900.6,26.3404,902.384,910.022,-40.258,15.131,28.125,neutral_down,922.9982,-1.1008,4.5601
LLY,LLY-020,2024-09-09T05:00:00-04:00,2024-09-09T06:00:00-04:00,1,910.03,915.0,26.9519,902.9707,907.2396,-10.535,24.992,28.691,neutral,921.2893,-1.7089,-0.6527
LLY,LLY-021,2024-09-09T08:00:00-04:00,2024-09-09T17:00:00-04:00,9,910.04,909.0,26.9519,907.369,908.4706,12.51,-4.216,23.045,neutral,921.2893,-1.7089,-0.6527
LLY,LLY-022,2024-09-09T18:00:00-04:00,2024-09-10T08:00:00-04:00,1,908.0237,912.51,26.9519,906.6671,906.818,8.192,-0.597,10.348,neutral,921.2893,-1.7089,-0.6527
LLY,LLY-023,2024-09-10T09:00:00-04:00,2024-09-11T14:00:00-04:00,17,904.925,917.48,26.4207,907.2535,907.1163,3.817,-16.529,-4.972,neutral,920.0876,-1.2018,-4.0115
LLY,LLY-024,2024-09-13T12:00:00-04:00,2024-09-13T14:00:00-04:00,2,931.265,922.715,25.3631,935.0568,931.6682,14.956,-17.448,-33.198,neutral,919.9739,1.5636,-0.1137
LLY,LLY-025,2024-09-16T16:00:00-04:00,2024-09-17T10:00:00-04:00,6,923.54,910.3,24.9978,925.2439,926.8778,-23.87,-0.399,-4.866,neutral_down,920.2626,0.2887,1.9503
LLY,LLY-026,2024-09-18T16:00:00-04:00,2024-09-20T10:00:00-04:00,19,904.97,933.0501,23.9539,906.897,909.6283,-28.443,-2.738,-4.6,neutral_down,919.4119,-1.2442,-0.5621
LLY,LLY-027,2024-09-23T14:00:00-04:00,2024-09-23T15:00:00-04:00,1,919.905,919.53,22.6836,918.5607,919.0424,-7.327,12.423,-1.493,neutral,918.2414,0.3779,-1.1705
LLY,LLY-028,2024-09-23T16:00:00-04:00,2024-09-25T05:00:00-04:00,15,918.52,926.0,22.6836,918.7077,919.0352,-2.808,-0.505,16.942,neutral,918.2414,0.3779,-1.1705
LLY,LLY-029,2024-09-25T10:00:00-04:00,2024-09-25T11:00:00-04:00,1,924.49,923.37,21.5697,925.9098,923.3457,33.515,-25.703,1.511,neutral_up,918.945,0.5865,1.0815
LLY,LLY-030,2024-09-25T12:00:00-04:00,2024-09-25T13:00:00-04:00,1,926.11,927.3296,21.5697,925.5435,923.599,16.964,0.131,-42.253,neutral,918.945,0.5865,1.0815
LLY,LLY-031,2024-09-25T18:00:00-04:00,2024-09-26T12:00:00-04:00,9,924.0,909.26,21.5697,925.0865,924.1398,2.71,-3.886,-10.783,neutral,918.945,0.5865,1.0815
LLY,LLY-032,2024-09-30T14:00:00-04:00,2024-09-30T17:00:00-04:00,3,880.39,884.8,22.0678,876.8272,881.0393,-14.955,11.414,22.821,neutral,914.7452,-3.7845,-4.1998
LLY,LLY-033,2024-10-01T14:00:00-04:00,2024-10-02T16:00:00-04:00,15,883.56,891.01,22.5358,884.6384,884.2484,-1.201,-3.261,-6.21,neutral,912.0729,-2.6723,-7.4198
LLY,LLY-034,2024-10-03T06:00:00-04:00,2024-10-03T07:00:00-04:00,1,887.88,891.0,21.3002,889.0965,887.3504,16.967,-12.594,-18.65,neutral,907.875,-1.6695,-6.8702
LLY,LLY-035,2024-10-03T08:00:00-04:00,2024-10-07T10:00:00-04:00,28,893.5,901.17,21.3002,890.2818,888.211,30.347,8.158,0.786,neutral_up,907.875,-1.6695,-6.8702
LLY,LLY-036,2024-10-09T15:00:00-04:00,2024-10-10T18:00:00-04:00,13,919.41,910.4451,20.1328,915.8309,912.4154,39.73,13.39,0.71,neutral_up,904.5107,0.9419,-1.3147
LLY,LLY-037,2024-10-11T09:00:00-04:00,2024-10-11T11:00:00-04:00,2,912.44,924.6709,19.1831,913.4609,913.3487,2.5,-9.388,-3.114,neutral,906.3266,0.4613,2.7578
LLY,LLY-038,2024-10-14T17:00:00-04:00,2024-10-15T10:00:00-04:00,5,929.51,912.48,19.3343,930.0137,927.8674,17.53,-2.39,-7.461,neutral,908.6505,2.3239,4.1398
LLY,LLY-039,2024-10-16T16:00:00-04:00,2024-10-17T08:00:00-04:00,4,920.11,923.0,19.0191,914.8396,915.5657,17.729,17.084,40.426,neutral,910.9238,0.2906,4.5973
LLY,LLY-040,2024-10-17T09:00:00-04:00,2024-10-17T11:00:00-04:00,2,922.65,922.73,19.087,919.3327,917.7116,35.994,-1.938,18.702,neutral_up,911.4098,0.486,2.7593
LLY,LLY-041,2024-10-18T06:00:00-04:00,2024-10-18T07:00:00-04:00,1,916.06,915.1,18.7572,918.0111,918.0641,-12.532,-4.697,-10.923,neutral,911.9235,0.5137,1.2903
LLY,LLY-042,2024-10-18T08:00:00-04:00,2024-10-21T15:00:00-04:00,18,922.0,906.26,18.7572,918.3431,918.177,7.055,25.562,14.89,neutral,911.9235,0.5137,1.2903
LLY,LLY-043,2024-10-22T13:00:00-04:00,2024-10-23T12:00:00-04:00,10,910.01,895.4752,18.2095,907.4671,908.849,-2.643,13.056,25.695,neutral,911.8918,-0.5632,0.482
LLY,LLY-044,2024-10-25T15:00:00-04:00,2024-10-29T07:00:00-04:00,20,892.61,898.0,17.4605,894.8172,895.7697,-17.022,-9.91,-18.381,neutral,909.1021,-1.7562,-2.7897
LLY,LLY-045,2024-10-29T08:00:00-04:00,2024-10-29T09:00:00-04:00,1,896.0,906.114,16.3493,896.3957,895.8314,12.836,-10.695,5.492,neutral,906.5399,-1.063,-4.3185
LLY,LLY-046,2024-10-29T10:00:00-04:00,2024-10-29T13:00:00-04:00,3,903.88,903.13,16.3493,899.4475,897.4129,56.469,2.731,32.938,neutral_up,906.5399,-1.063,-4.3185
LLY,LLY-047,2024-10-31T14:00:00-04:00,2024-11-04T04:00:00-05:00,22,838.9852,790.99,24.5441,840.2789,845.0382,-13.935,-0.938,-6.835,neutral,900.9032,-5.4103,-6.6997
LLY,LLY-048,2024-11-05T11:00:00-05:00,2024-11-06T05:00:00-05:00,10,798.36,839.0,23.6503,802.7102,806.7579,-44.433,-5.451,-18.492,neutral_down,880.1783,-7.3608,-20.7249
LLY,LLY-049,2024-11-11T14:00:00-05:00,2024-11-11T17:00:00-05:00,3,836.305,834.5,26.8037,834.3944,828.6111,41.42,-0.732,-6.134,neutral_up,856.1297,-2.421,-17.3352
LLY,LLY-050,2024-11-11T19:00:00-05:00,2024-11-12T10:00:00-05:00,5,834.5,813.89,26.8037,834.3452,830.7556,26.552,-0.75,-3.024,neutral_up,856.1297,-2.421,-17.3352
LLY,LLY-051,2024-11-13T12:00:00-05:00,2024-11-14T09:00:00-05:00,8,819.7,801.325,26.0586,820.8441,821.752,-6.765,-6.467,-20.548,neutral,850.9024,-3.1672,-7.6482
LLY,LLY-052,2024-11-19T15:00:00-05:00,2024-11-20T05:00:00-05:00,5,729.87,737.0,27.3756,726.0273,729.5218,-8.114,9.937,25.141,neutral,823.4963,-9.5636,-23.8613
LLY,LLY-053,2024-11-21T12:00:00-05:00,2024-11-26T05:00:00-05:00,32,748.36,772.0,26.7348,747.7707,746.3215,0.745,9.25,-7.333,neutral,809.3871,-5.5977,-23.6728
LLY,LLY-054,2024-11-27T11:00:00-05:00,2024-12-02T12:00:00-05:00,18,789.7,795.79,26.6464,788.117,783.5118,27.239,0.59,-9.632,neutral_up,794.3351,-0.4425,-9.6132
LLY,LLY-055,2024-12-05T10:00:00-05:00,2024-12-06T13:00:00-05:00,17,821.11,833.39,23.9105,828.7577,827.1389,-14.082,-18.566,-56.78,neutral,799.3413,3.0589,5.3871
LLY,LLY-056,2024-12-06T14:00:00-05:00,2024-12-06T19:00:00-05:00,4,828.27,826.18,23.1791,831.1115,829.2443,12.667,-18.457,-33.778,neutral,801.8084,2.4672,7.2428
LLY,LLY-057,2024-12-10T14:00:00-05:00,2024-12-10T17:00:00-05:00,3,802.0041,800.51,22.8001,805.1201,809.0385,-44.85,-1.661,1.824,neutral_down,803.9486,-0.1009,4.6073
LLY,LLY-058,2024-12-11T14:00:00-05:00,2024-12-12T14:00:00-05:00,14,797.35,780.9,22.3858,795.5373,798.8731,-25.503,14.167,32.209,neutral_down,803.6469,-0.3017,1.8385
LLY,LLY-059,2024-12-13T11:00:00-05:00,2024-12-16T04:00:00-05:00,8,787.26,790.1,21.9226,784.3072,786.5137,-12.573,17.418,30.115,neutral,801.119,-1.9119,-2.8297
LLY,LLY-060,2024-12-16T10:00:00-05:00,2024-12-16T14:00:00-05:00,4,789.51,779.575,21.8749,790.7716,789.44,20.53,-20.025,3.698,neutral,800.0545,-1.0645,-3.5924
LLY,LLY-061,2024-12-17T19:00:00-05:00,2024-12-18T16:00:00-05:00,10,778.31,767.0,22.0647,779.5671,780.8356,-16.374,-2.775,-20.824,neutral,798.1632,-1.8913,-4.8677
LLY,LLY-062,2024-12-23T10:00:00-05:00,2024-12-23T18:00:00-05:00,8,783.14,796.9,23.5271,780.5633,779.4985,7.64,1.649,5.042,neutral,788.215,-1.9735,-8.1288
LLY,LLY-063,2024-12-24T11:00:00-05:00,2024-12-24T12:00:00-05:00,1,793.46,795.07,24.0523,794.1392,790.5964,15.522,-3.221,-21.422,neutral,788.9364,0.7214,-4.528
LLY,LLY-064,2024-12-24T16:00:00-05:00,2024-12-27T13:00:00-05:00,20,792.4644,782.53,24.0523,794.1683,791.5216,11.582,-6.915,-3.939,neutral,788.9364,0.7214,-4.528
LLY,LLY-065,2024-12-31T13:00:00-05:00,2024-12-31T18:00:00-05:00,5,767.69,772.5,21.1953,770.5413,774.2674,-61.392,-0.204,3.131,neutral_down,788.0096,-1.441,-1.539
LLY,LLY-066,2024-12-31T19:00:00-05:00,2025-01-02T07:00:00-05:00,2,772.12,780.0,21.1953,771.7321,773.3011,-13.054,-0.876,10.02,neutral,788.0096,-1.441,-1.539
LLY,LLY-067,2025-01-02T12:00:00-05:00,2025-01-02T13:00:00-05:00,1,774.7,774.44,20.3678,777.3658,776.033,18.398,-27.902,-36.663,neutral,786.6078,-1.4018,-3.3918
LLY,LLY-068,2025-01-03T09:00:00-05:00,2025-01-06T07:00:00-05:00,10,778.475,785.0,20.0008,778.105,777.034,17.308,-4.597,0.29,neutral,785.8216,-0.7862,-3.6289
LLY,LLY-069,2025-01-06T09:00:00-05:00,2025-01-06T13:00:00-05:00,4,779.405,765.56,19.3086,782.5203,780.8734,14.86,-27.677,-21.964,neutral,785.4997,-0.322,-2.5099
LLY,LLY-070,2025-01-13T12:00:00-05:00,2025-01-14T09:00:00-05:00,9,790.835,733.5,19.4896,792.4586,791.6326,-6.364,1.478,-9.227,neutral,784.5399,1.481,0.8593
LLY,LLY-071,2025-01-15T14:00:00-05:00,2025-01-16T12:00:00-05:00,14,750.34,760.4,23.1646,748.0472,753.0373,-21.0,9.096,9.465,neutral,782.0008,-3.7501,-1.0582
LLY,LLY-072,2025-01-24T07:00:00-05:00,2025-01-24T10:00:00-05:00,3,759.0,788.935,22.7899,759.6691,756.8333,9.333,2.493,-59.141,neutral,767.9723,-0.1762,-4.3302
LLY,LLY-073,2025-01-28T14:00:00-05:00,2025-01-30T13:00:00-05:00,22,810.845,818.825,23.7421,806.9536,801.7633,48.99,5.506,4.358,neutral_up,773.0812,3.5619,4.9327
LLY,LLY-074,2025-02-04T10:00:00-05:00,2025-02-04T12:00:00-05:00,2,807.85,817.045,21.3247,810.4277,811.0055,-11.89,-9.53,-13.698,neutral,787.5189,2.3231,8.9839
LLY,LLY-075,2025-02-06T06:00:00-05:00,2025-02-06T12:00:00-05:00,6,861.98,871.33,21.356,843.5089,838.23,48.402,40.416,18.319,neutral_up,795.8209,4.7319,10.6251
LLY,LLY-076,2025-02-07T14:00:00-05:00,2025-02-10T12:00:00-05:00,11,881.5299,860.18,23.5539,879.0749,871.3015,41.465,-5.223,-4.211,neutral_up,802.6544,6.8336,15.1356
LLY,LLY-077,2025-02-10T13:00:00-05:00,2025-02-10T14:00:00-05:00,1,867.83,870.87,23.2816,869.4331,871.0198,-25.38,11.578,-10.121,neutral_down,809.554,6.8996,18.4651
LLY,LLY-078,2025-02-11T11:00:00-05:00,2025-02-12T17:00:00-05:00,17,867.51,874.5,23.0922,865.665,866.7867,0.132,4.002,15.021,neutral,814.9773,5.4233,19.1564
LLY,LLY-079,2025-02-13T12:00:00-05:00,2025-02-14T12:00:00-05:00,12,872.025,854.04,22.367,873.449,871.8978,11.756,-10.95,-11.938,neutral,824.3513,4.8519,14.7972
LLY,LLY-080,2025-02-20T16:00:00-05:00,2025-02-21T11:00:00-05:00,6,873.12,891.5336,22.4645,871.3514,868.1112,30.442,-1.087,-5.591,neutral_up,835.6941,3.1246,7.0384
LLY,LLY-081,2025-02-21T17:00:00-05:00,2025-02-24T04:00:00-05:00,2,870.0,874.18,22.0256,876.1909,874.5361,-8.968,-15.649,-34.496,neutral,839.1192,3.4251,9.0667
LLY,LLY-082,2025-02-24T09:00:00-05:00,2025-02-24T12:00:00-05:00,3,876.87,887.99,21.9545,876.2745,875.0172,11.374,-0.948,21.659,neutral,842.2901,3.171,9.7207
LLY,LLY-083,2025-02-24T15:00:00-05:00,2025-02-24T16:00:00-05:00,1,882.0,880.0,21.9545,883.5009,879.7735,31.493,-20.617,-11.736,neutral_up,842.2901,3.171,9.7207
LLY,LLY-084,2025-02-26T14:00:00-05:00,2025-02-27T07:00:00-05:00,5,910.765,915.0,22.6047,908.2349,902.4612,37.179,-2.169,-23.675,neutral_up,850.9983,5.0982,11.8791
LLY,LLY-085,2025-02-27T09:00:00-05:00,2025-02-27T10:00:00-05:00,1,921.24,922.65,22.835,914.0473,908.6058,49.418,11.567,15.485,neutral_up,856.8985,5.9002,14.6083
LLY,LLY-086,2025-02-27T13:00:00-05:00,2025-02-27T18:00:00-05:00,5,911.74,905.0,22.835,916.0566,911.6027,20.808,-20.156,-33.735,neutral,856.8985,5.9002,14.6083
LLY,LLY-087,2025-03-04T09:00:00-05:00,2025-03-04T12:00:00-05:00,3,918.665,910.04,23.3312,923.3719,921.613,-3.485,-12.778,-23.942,neutral,872.3382,5.7682,15.4398
LLY,LLY-088,2025-03-05T09:00:00-05:00,2025-03-05T17:00:00-05:00,8,914.83,928.7,23.6097,914.2791,916.0801,-12.071,6.822,4.966,neutral,875.9257,3.5874,14.6616
LLY,LLY-089,2025-03-06T10:00:00-05:00,2025-03-06T13:00:00-05:00,3,922.22,903.96,23.984,923.1065,921.6121,4.184,-0.975,-17.134,neutral,880.7588,4.8331,14.1887
LLY,LLY-090,2025-03-06T14:00:00-05:00,2025-03-06T15:00:00-05:00,1,909.74,913.2,23.984,915.2782,918.0114,-42.51,5.712,-33.918,neutral_down,880.7588,4.8331,14.1887
LLY,LLY-091,2025-03-11T15:00:00-04:00,2025-03-13T11:00:00-04:00,23,823.09,799.185,27.7658,823.8502,832.1972,-38.522,0.963,42.443,neutral_down,877.5635,-4.8083,-3.1953
LLY,LLY-092,2025-03-14T15:00:00-04:00,2025-03-17T08:00:00-04:00,3,812.74,815.29,26.7815,809.9357,809.8752,9.423,5.751,-1.711,neutral,861.5946,-6.3585,-15.9689
LLY,LLY-093,2025-03-18T14:00:00-04:00,2025-03-19T10:00:00-04:00,6,820.2175,835.17,25.3944,820.4551,820.0434,-4.72,5.825,6.494,neutral,854.1593,-2.9939,-13.7937
LLY,LLY-094,2025-03-21T08:00:00-04:00,2025-03-24T11:00:00-04:00,17,843.0,858.935,24.8574,842.9375,838.8952,33.591,-7.418,-1.993,neutral_up,849.318,-0.6228,-4.8414
LLY,LLY-095,2025-03-28T11:00:00-04:00,2025-03-31T12:00:00-04:00,11,827.145,810.79,24.4361,822.2081,825.9641,-11.447,18.297,58.485,neutral,845.3761,-2.4156,-4.2739
LLY,LLY-096,2025-03-31T14:00:00-04:00,2025-03-31T15:00:00-04:00,1,819.34,825.39,23.5728,814.3756,817.9221,-13.333,20.397,40.539,neutral,843.1455,-2.2306,-6.7753
LLY,LLY-097,2025-04-01T10:00:00-04:00,2025-04-01T13:00:00-04:00,3,814.755,805.55,24.6469,817.9448,818.9674,-16.481,-2.773,-37.2,neutral,841.5314,-1.6141,-6.2603
LLY,LLY-098,2025-04-02T16:00:00-04:00,2025-04-02T18:00:00-04:00,2,805.5,798.6,24.9143,809.4096,809.9933,0.561,-21.479,-7.479,neutral,838.2158,-3.3156,-7.1603
LLY,LLY-099,2025-04-03T04:00:00-04:00,2025-04-03T07:00:00-04:00,2,800.67,806.0,24.9068,803.5949,806.6927,-36.508,4.202,-18.674,neutral_down,836.3517,-1.8642,-6.7939
LLY,LLY-100,2025-04-03T08:00:00-04:00,2025-04-03T15:00:00-04:00,7,805.0,788.94,24.9068,804.1692,806.1951,-10.902,4.013,25.606,neutral,836.3517,-1.8642,-6.7939
LLY,LLY-101,2025-04-07T14:00:00-04:00,2025-04-08T07:00:00-04:00,8,720.55,742.73,27.4548,716.96,727.5882,-18.609,4.833,18.163,neutral,823.535,-8.5065,-14.6808
LLY,LLY-102,2025-04-08T15:00:00-04:00,2025-04-08T16:00:00-04:00,1,726.6,726.23,30.5586,735.365,734.4509,-10.906,-9.415,-24.995,neutral,814.4355,-9.0995,-21.9162
LLY,LLY-103,2025-04-11T13:00:00-04:00,2025-04-14T06:00:00-04:00,8,728.43,746.52,36.2302,725.2993,725.6074,3.182,5.676,9.478,neutral,794.0947,-7.4075,-20.3407
LLY,LLY-104,2025-04-15T14:00:00-04:00,2025-04-15T18:00:00-04:00,4,756.79,759.01,34.7957,754.9299,749.4594,31.878,0.179,-18.152,neutral_up,785.2922,-3.1512,-16.21
LLY,LLY-105,2025-04-16T04:00:00-04:00,2025-04-16T12:00:00-04:00,6,755.96,740.425,33.2974,756.8217,752.9595,27.019,-9.263,-3.592,neutral_up,782.6929,-2.5993,-11.4018
LLY,LLY-106,2025-04-21T11:00:00-04:00,2025-04-21T13:00:00-04:00,2,820.89,810.2229,39.2832,831.5461,823.2456,6.269,-12.643,-38.118,neutral,783.8682,5.5602,-1.4239
LLY,LLY-107,2025-04-22T10:00:00-04:00,2025-04-23T04:00:00-04:00,9,817.175,849.99,39.1137,822.1016,821.3887,1.451,-17.919,-2.075,neutral,786.9048,3.0365,4.2119
LLY,LLY-108,2025-04-28T15:00:00-04:00,2025-04-28T16:00:00-04:00,1,877.2,876.06,36.505,873.147,871.3719,13.815,13.879,16.865,neutral,807.7103,7.689,17.1641
LLY,LLY-109,2025-04-29T09:00:00-04:00,2025-04-29T10:00:00-04:00,1,880.81,889.58,35.3397,876.3104,874.0487,26.821,10.744,10.6,neutral_up,814.0275,6.3172,20.0401
LLY,LLY-110,2025-04-29T11:00:00-04:00,2025-04-29T12:00:00-04:00,1,887.015,887.7225,35.3397,880.5744,876.511,52.678,2.211,36.602,neutral_up,814.0275,6.3172,20.0401
LLY,LLY-111,2025-04-30T14:00:00-04:00,2025-04-30T17:00:00-04:00,3,895.88,917.15,34.1326,891.7258,887.3246,49.802,-2.639,14.947,neutral_up,820.5523,6.5248,20.531
LLY,LLY-112,2025-05-02T14:00:00-04:00,2025-05-02T15:00:00-04:00,1,824.095,823.6,38.2074,819.9677,825.1632,-3.468,0.483,10.106,neutral,824.3818,-3.0312,10.3543
LLY,LLY-113,2025-05-05T09:00:00-04:00,2025-05-06T10:00:00-04:00,15,820.73,795.945,38.154,821.277,823.1527,-11.213,0.888,3.886,neutral,824.3107,-0.0711,3.7584
LLY,LLY-114,2025-05-07T15:00:00-04:00,2025-05-07T16:00:00-04:00,1,776.78,754.9863,37.795,779.2672,784.7407,-41.314,-0.404,6.199,neutral_down,819.6979,-4.4528,-4.6839
LLY,LLY-115,2025-05-09T12:00:00-04:00,2025-05-09T14:00:00-04:00,2,750.38,744.75,36.0826,755.8177,757.8689,-23.056,-15.954,-22.169,neutral,810.0048,-5.7915,-14.1459
LLY,LLY-116,2025-05-13T15:00:00-04:00,2025-05-14T11:00:00-04:00,11,745.78,726.62,36.1183,749.6138,748.944,-6.69,-6.354,-5.75,neutral,798.8677,-4.2758,-16.9286
LLY,LLY-117,2025-05-15T14:00:00-04:00,2025-05-15T16:00:00-04:00,2,737.15,735.2,35.6277,727.8917,728.1969,26.796,14.336,49.396,neutral_up,786.9032,-7.1383,-16.2402
LLY,LLY-118,2025-05-19T12:00:00-04:00,2025-05-20T07:00:00-04:00,8,753.33,758.25,34.2419,751.785,748.8813,24.492,1.552,-5.517,neutral_up,779.8969,-2.2097,-14.1447
LLY,LLY-119,2025-05-20T09:00:00-04:00,2025-05-21T08:00:00-04:00,9,753.45,746.88,32.5932,755.6714,753.1049,24.377,-21.835,-16.934,neutral_up,777.6726,-2.2243,-9.2306
LLY,LLY-120,2025-05-23T09:00:00-04:00,2025-05-27T07:00:00-04:00,14,713.5,719.9,30.052,715.5936,719.3135,-44.145,7.192,-25.528,neutral_down,765.2689,-5.0119,-12.4037
LLY,LLY-121,2025-05-27T09:00:00-04:00,2025-05-27T12:00:00-04:00,3,718.995,727.59,28.6654,718.1784,717.503,19.83,-5.849,-2.497,neutral,760.5544,-4.7144,-14.2934
LLY,LLY-122,2025-05-28T12:00:00-04:00,2025-05-28T13:00:00-04:00,1,719.525,716.0,27.8965,722.3532,722.2084,-19.411,-2.522,-45.66,neutral,757.3331,-3.2213,-12.9476
LLY,LLY-123,2025-05-28T14:00:00-04:00,2025-05-28T16:00:00-04:00,2,720.41,716.81,27.8965,720.948,721.5318,-20.078,11.465,-3.188,neutral,757.3331,-3.2213,-12.9476
LLY,LLY-124,2025-05-28T17:00:00-04:00,2025-05-28T18:00:00-04:00,1,719.76,720.0,27.8965,719.8297,720.8083,-16.572,8.405,3.506,neutral,757.3331,-3.2213,-12.9476
LLY,LLY-125,2025-05-29T08:00:00-04:00,2025-05-30T13:00:00-04:00,16,720.9405,737.625,26.9931,720.9931,721.1013,1.9,-3.318,-1.046,neutral,753.8701,-3.463,-11.3988
LLY,LLY-126,2025-06-02T16:00:00-04:00,2025-06-03T13:00:00-04:00,12,743.25,752.4813,26.0191,741.9371,738.1565,35.811,-5.331,4.418,neutral_up,749.846,-1.1786,-7.4871
LLY,LLY-127,2025-06-03T15:00:00-04:00,2025-06-03T17:00:00-04:00,2,751.28,750.3001,25.3516,750.6845,746.6834,43.11,-12.428,-4.833,neutral_up,749.6137,-0.2324,-4.2564
LLY,LLY-128,2025-06-04T07:00:00-04:00,2025-06-04T08:00:00-04:00,1,754.53,754.0,24.6508,751.3981,748.5091,37.4,12.925,9.907,neutral_up,749.7651,0.1515,-1.2595
LLY,LLY-129,2025-06-05T12:00:00-04:00,2025-06-06T16:00:00-04:00,17,760.59,769.0,24.4143,763.9943,762.5554,2.407,-14.881,2.712,neutral,751.3038,1.5386,1.4577
LLY,LLY-130,2025-06-06T17:00:00-04:00,2025-06-09T13:00:00-04:00,6,769.83,775.49,23.8812,768.5092,766.8104,24.312,1.934,4.716,neutral_up,752.6371,1.3333,3.0234
LLY,LLY-131,2025-06-09T15:00:00-04:00,2025-06-10T09:00:00-04:00,5,773.36,788.08,22.7039,773.1607,770.6351,29.638,-7.699,-10.18,neutral_up,754.2164,1.5794,4.4513
LLY,LLY-132,2025-06-12T13:00:00-04:00,2025-06-12T15:00:00-04:00,2,809.5,811.88,22.3585,811.0444,808.1353,31.037,-21.557,-12.494,neutral_up,765.0545,4.3765,10.8381
LLY,LLY-133,2025-06-12T18:00:00-04:00,2025-06-13T07:00:00-04:00,4,809.0,810.0,22.3585,811.2912,809.4147,12.726,-16.049,-10.879,neutral,765.0545,4.3765,10.8381
LLY,LLY-134,2025-06-13T09:00:00-04:00,2025-06-13T11:00:00-04:00,2,818.56,824.185,21.6333,811.6201,810.0528,32.648,22.134,43.052,neutral_up,769.3114,4.2569,13.3546
LLY,LLY-135,2025-06-13T14:00:00-04:00,2025-06-13T15:00:00-04:00,1,818.655,819.75,21.6333,818.0256,814.3502,38.162,-12.549,-20.527,neutral_up,769.3114,4.2569,13.3546
LLY,LLY-136,2025-06-16T11:00:00-04:00,2025-06-16T16:00:00-04:00,5,820.07,807.6,21.2952,820.7808,818.7779,14.264,-5.863,-34.408,neutral,773.8967,4.5853,13.2187
LLY,LLY-137,2025-06-20T08:00:00-04:00,2025-06-20T09:00:00-04:00,1,790.0,757.35,20.3417,786.5268,789.2764,-10.622,16.083,34.896,neutral,778.8407,0.5499,4.9441
LLY,LLY-138,2025-06-23T13:00:00-04:00,2025-06-23T19:00:00-04:00,6,768.655,772.7055,21.063,767.7019,769.2063,-6.156,3.225,-16.58,neutral,777.4107,-1.4301,0.4228
LLY,LLY-139,2025-06-24T09:00:00-04:00,2025-06-25T10:00:00-04:00,13,766.63,788.35,21.7085,771.7556,771.0656,1.649,-28.381,-12.502,neutral,776.757,-0.6537,-1.5338
LLY,LLY-140,2025-06-26T19:00:00-04:00,2025-06-27T13:00:00-04:00,8,794.2,780.465,21.9498,793.848,791.2741,23.013,2.303,-5.76,neutral,778.4054,1.4645,0.9947
LLY,LLY-141,2025-06-30T16:00:00-04:00,2025-07-07T13:00:00-04:00,35,779.53,769.42,21.6159,777.9781,779.8866,-10.523,7.691,23.611,neutral,779.5162,-0.3796,2.5753
LLY,LLY-142,2025-07-09T13:00:00-04:00,2025-07-10T13:00:00-04:00,10,785.16,795.22,19.6034,784.0938,781.8528,22.097,-2.377,-3.701,neutral,778.6268,-0.0187,-0.4801
LLY,LLY-143,2025-07-10T14:00:00-04:00,2025-07-14T08:00:00-04:00,16,792.71,789.0,19.3146,791.2913,787.7881,38.343,-6.956,-11.265,neutral_up,779.3698,0.743,0.1208
LLY,LLY-144,2025-07-14T09:00:00-04:00,2025-07-14T12:00:00-04:00,3,792.2573,798.42,18.8439,789.4758,788.3023,19.568,7.048,-6.349,neutral,781.5303,1.136,2.9036
LLY,LLY-145,2025-07-21T10:00:00-04:00,2025-07-21T15:00:00-04:00,5,764.29,762.66,20.6909,770.0911,771.2073,-28.305,-22.324,-38.032,neutral_down,780.0231,-0.8353,-2.0168
LLY,LLY-146,2025-07-25T11:00:00-04:00,2025-07-28T04:00:00-04:00,8,804.685,814.07,19.5223,806.1867,802.1711,44.032,-23.127,-29.814,neutral_up,782.2984,2.2002,3.8537
LLY,LLY-147,2025-07-28T09:00:00-04:00,2025-07-28T11:00:00-04:00,2,811.33,816.51,19.0436,811.2529,807.8322,44.602,-14.184,-7.868,neutral_up,785.0731,2.7747,6.877
LLY,LLY-148,2025-07-28T12:00:00-04:00,2025-07-28T18:00:00-04:00,6,814.41,808.62,19.0436,813.2051,809.6859,45.731,-7.945,1.129,neutral_up,785.0731,2.7747,6.877
LLY,LLY-149,2025-07-30T11:00:00-04:00,2025-07-30T18:00:00-04:00,7,765.1,758.01,21.367,769.4059,774.5588,-43.831,-11.982,-3.09,neutral_down,784.9805,-2.175,2.6821
LLY,LLY-150,2025-07-31T06:00:00-04:00,2025-07-31T07:00:00-04:00,1,743.21,742.01,21.2472,757.7306,764.3789,-76.471,-24.558,-8.519,accumulation,782.7668,-2.2137,-2.3063
LLY,LLY-151,2025-07-31T08:00:00-04:00,2025-07-31T16:00:00-04:00,8,747.0,737.6,21.2472,753.0692,760.9503,-63.776,19.098,-11.863,accumulation,782.7668,-2.2137,-2.3063
LLY,LLY-152,2025-08-01T09:00:00-04:00,2025-08-01T11:00:00-04:00,2,764.99,757.895,21.9443,749.732,751.1924,19.024,26.122,47.664,neutral,778.8734,-3.8933,-8.2821
LLY,LLY-153,2025-08-04T13:00:00-04:00,2025-08-06T11:00:00-04:00,25,763.97,748.97,22.3812,761.7307,759.6451,15.765,4.559,11.959,neutral,777.3695,-1.5039,-7.611
LLY,LLY-154,2025-08-08T13:00:00-04:00,2025-08-08T17:00:00-04:00,4,633.355,626.6,28.3728,639.8892,654.3198,-63.049,2.062,-0.91,accumulation,761.003,-12.0163,-15.5829
LLY,LLY-155,2025-08-11T14:00:00-04:00,2025-08-11T16:00:00-04:00,2,641.4452,636.5,28.6605,640.1543,640.5886,7.001,-3.256,-12.676,neutral,748.6745,-12.3285,-26.9227
LLY,LLY-156,2025-08-12T09:00:00-04:00,2025-08-13T06:00:00-04:00,13,635.04,649.22,28.6883,638.8395,639.3499,-10.092,-15.141,-13.569,neutral,738.3877,-10.2868,-34.6315
LLY,LLY-157,2025-08-18T09:00:00-04:00,2025-08-20T06:00:00-04:00,26,702.34,703.0,27.2664,698.4339,695.1604,32.304,9.764,24.934,neutral_up,717.9664,-1.6676,-11.4352
LLY,LLY-158,2025-08-20T08:00:00-04:00,2025-08-20T10:00:00-04:00,2,704.47,689.71,25.5952,702.725,702.3281,8.51,8.248,12.188,neutral,715.0177,-1.1618,-4.6164
LLY,LLY-159,2025-08-20T11:00:00-04:00,2025-08-20T12:00:00-04:00,1,696.35,698.045,25.5952,697.7477,699.8209,-33.163,12.848,-41.673,neutral_down,715.0177,-1.1618,-4.6164
LLY,LLY-160,2025-08-20T15:00:00-04:00,2025-08-20T18:00:00-04:00,3,704.87,704.5,25.5952,700.1438,700.3362,15.536,13.95,36.95,neutral,715.0177,-1.1618,-4.6164
LLY,LLY-161,2025-08-22T13:00:00-04:00,2025-08-25T11:00:00-04:00,14,710.705,702.38,24.4054,712.3968,710.6946,13.029,-12.933,-36.812,neutral,713.7238,-0.3714,-2.4557
LLY,LLY-162,2025-08-28T10:00:00-04:00,2025-08-28T13:00:00-04:00,3,732.92,729.745,23.6716,735.8502,735.0849,-4.39,-13.358,-28.459,neutral,715.889,1.8101,2.3692
LLY,LLY-163,2025-08-28T14:00:00-04:00,2025-08-28T19:00:00-04:00,5,728.475,730.69,23.6716,732.0826,733.3397,-36.856,-5.066,-19.342,neutral_down,715.889,1.8101,2.3692
LLY,LLY-164,2025-08-29T09:00:00-04:00,2025-09-02T06:00:00-04:00,12,733.74,719.5,22.8558,731.8845,732.3927,-0.008,14.07,10.211,neutral,717.3809,1.4919,5.4911
LLY,LLY-165,2025-09-02T10:00:00-04:00,2025-09-02T11:00:00-04:00,1,728.395,727.99,21.8604,726.823,728.6472,-14.288,12.593,53.997,neutral,718.7081,1.3272,4.6292
LLY,LLY-166,2025-09-03T19:00:00-04:00,2025-09-04T13:00:00-04:00,7,736.0,746.145,21.2632,735.4192,733.9093,24.535,-2.88,0.213,neutral_up,720.2101,1.502,4.3211
LLY,LLY-167,2025-09-08T16:00:00-04:00,2025-09-08T17:00:00-04:00,1,737.01,735.8424,19.9114,733.1902,731.9295,36.395,-3.142,32.633,neutral_up,723.9424,0.3038,3.7323
LLY,LLY-168,2025-09-10T15:00:00-04:00,2025-09-11T13:00:00-04:00,12,754.87,758.48,20.0809,749.624,746.5573,45.893,18.276,19.918,neutral_up,727.5766,2.2843,3.9379
LLY,LLY-169,2025-09-11T15:00:00-04:00,2025-09-11T16:00:00-04:00,1,756.06,756.5,19.5977,756.1909,753.3644,37.036,-13.015,-8.222,neutral_up,730.0578,2.4812,6.1153
LLY,LLY-170,2025-09-12T04:00:00-04:00,2025-09-15T17:00:00-04:00,21,754.64,748.0,18.9665,756.2918,754.5286,17.003,-15.758,-14.462,neutral,732.4216,2.3638,7.1294
LLY,LLY-171,2025-09-16T09:00:00-04:00,2025-09-16T12:00:00-04:00,3,753.815,766.98,18.2719,749.6333,750.0438,11.203,23.205,22.563,neutral,735.7518,1.2848,5.694
LLY,LLY-172,2025-09-17T14:00:00-04:00,2025-09-18T05:00:00-04:00,7,763.085,764.8,18.8124,764.6969,762.2801,15.246,-10.339,-36.815,neutral,738.3534,2.6017,5.9318
LLY,LLY-173,2025-09-18T09:00:00-04:00,2025-09-19T16:00:00-04:00,19,764.74,751.99,18.9413,763.392,762.6961,9.393,4.973,-3.558,neutral,740.344,1.9906,5.8771
LLY,LLY-174,2025-09-22T13:00:00-04:00,2025-09-22T14:00:00-04:00,1,756.17,756.13,18.3576,754.7662,754.6738,17.85,-7.423,11.642,neutral,743.2909,0.9109,4.9375
LLY,LLY-175,2025-09-24T14:00:00-04:00,2025-09-25T07:00:00-04:00,6,738.6632,736.82,17.7136,741.9685,744.9218,-55.001,-3.461,-13.277,neutral_down,744.6075,0.2603,2.2274
LLY,LLY-176,2025-09-29T09:00:00-04:00,2025-09-30T12:00:00-04:00,16,723.295,745.5899,17.8934,723.4584,724.2266,-5.947,-1.675,10.086,neutral,740.0875,-1.5487,-4.52
LLY,LLY-177,2025-10-02T14:00:00-04:00,2025-10-03T11:00:00-04:00,11,819.45,837.83,22.8398,818.7606,810.9267,40.643,0.808,-20.108,neutral_up,748.6352,7.6705,8.5477
LLY,LLY-178,2025-10-06T16:00:00-04:00,2025-10-08T19:00:00-04:00,28,845.44,846.0,23.4173,845.7832,841.0957,31.469,-4.704,-17.861,neutral_up,762.8507,7.7169,21.886
LLY,LLY-179,2025-10-09T04:00:00-04:00,2025-10-09T19:00:00-04:00,12,845.6,853.75,21.5081,846.8813,846.6503,-6.951,-3.308,-2.46,neutral,783.3175,6.2713,20.4667
LLY,LLY-180,2025-10-10T07:00:00-04:00,2025-10-10T14:00:00-04:00,7,861.0,833.6,21.0111,854.6267,852.3485,36.291,24.515,8.386,neutral_up,789.8441,6.5266,19.4852
LLY,LLY-181,2025-10-15T06:00:00-04:00,2025-10-15T14:00:00-04:00,8,818.97,828.12,21.2726,814.3608,817.7465,-15.353,23.762,28.034,neutral,797.6024,1.4768,7.7583
LLY,LLY-182,2025-10-16T13:00:00-04:00,2025-10-16T17:00:00-04:00,4,823.24,780.3071,21.2967,825.2187,823.9948,0.74,-5.406,-33.38,neutral,800.2558,2.6534,6.4266
LLY,LLY-183,2025-10-21T09:00:00-04:00,2025-10-21T18:00:00-04:00,9,804.73,798.4935,21.2847,806.2091,804.723,11.2,-11.142,-16.727,neutral,802.6839,0.6396,2.4281
LLY,LLY-184,2025-10-22T11:00:00-04:00,2025-10-22T12:00:00-04:00,1,808.65,813.33,20.7844,802.7275,802.92,19.652,22.238,71.189,neutral,802.4017,-0.2822,0.411
LLY,LLY-185,2025-10-22T13:00:00-04:00,2025-10-22T14:00:00-04:00,1,809.37,811.29,20.7844,805.7524,804.3667,38.96,-4.69,41.546,neutral_up,802.4017,-0.2822,0.411
LLY,LLY-186,2025-10-28T09:00:00-04:00,2025-10-30T05:00:00-04:00,24,818.96,817.47,20.3711,822.8938,822.8483,-8.329,-21.331,-22.957,neutral,808.5899,1.757,5.2802
LLY,LLY-187,2025-10-30T07:00:00-04:00,2025-10-30T13:00:00-04:00,6,842.0,849.47,20.0625,827.471,823.3619,55.339,0.079,85.705,neutral_up,809.986,0.3324,3.1531
LLY,LLY-188,2025-10-31T10:00:00-04:00,2025-10-31T15:00:00-04:00,5,846.55,862.89,21.5401,841.9683,838.6385,17.2,7.381,4.99,neutral,813.0982,3.1122,4.5082
LLY,LLY-189,2025-10-31T16:00:00-04:00,2025-10-31T17:00:00-04:00,1,862.6,864.13,21.5401,856.6353,848.4957,52.565,-2.89,3.492,neutral_up,813.0982,3.1122,4.5082
LLY,LLY-190,2025-11-04T13:00:00-05:00,2025-11-04T19:00:00-05:00,6,895.71,902.2486,23.7077,895.1431,888.6205,38.28,-11.849,-6.444,neutral_up,824.8279,7.2032,14.8419
LLY,LLY-191,2025-11-06T09:00:00-05:00,2025-11-07T12:00:00-05:00,19,927.485,906.19,25.9629,929.983,926.6371,10.29,-7.488,-18.831,neutral,840.8424,8.4998,23.2177
LLY,LLY-192,2025-11-13T13:00:00-05:00,2025-11-14T19:00:00-05:00,22,1023.195,1024.875,30.0526,1023.5926,1016.5412,42.541,-15.373,-11.687,neutral_up,890.3571,12.7603,33.9223
LLY,LLY-193,2025-11-17T08:00:00-05:00,2025-11-18T18:00:00-05:00,25,1012.08,1028.5,29.2745,1020.5757,1021.7892,-32.879,-10.576,-38.383,neutral_down,913.6774,11.2483,36.0806
LLY,LLY-194,2025-11-20T11:00:00-05:00,2025-11-21T15:00:00-05:00,20,1042.43,1060.51,29.3905,1048.4524,1045.4403,12.387,-26.562,-19.304,neutral,943.8205,10.5279,30.1431
LLY,LLY-195,2025-11-24T06:00:00-05:00,2025-11-25T10:00:00-05:00,20,1042.51,1092.83,28.6319,1055.8539,1054.0365,-6.022,-32.143,-38.894,neutral,962.5989,9.7911,29.3063
LLY,LLY-196,2025-11-26T15:00:00-05:00,2025-11-28T09:00:00-05:00,10,1104.92,1076.5075,29.594,1105.7391,1101.2744,18.826,-0.697,-9.649,neutral,984.5795,12.5005,31.7718
LLY,LLY-197,2025-12-02T10:00:00-05:00,2025-12-02T17:00:00-05:00,7,1062.72,1045.91,29.1016,1060.3463,1064.1543,-14.876,7.13,32.387,neutral,1007.8762,5.0884,23.2967
LLY,LLY-198,2025-12-05T14:00:00-05:00,2025-12-08T10:00:00-05:00,12,1008.2,994.63,28.8111,1011.9911,1016.3857,-52.814,2.061,-17.637,neutral_down,1013.3349,0.0515,5.4587
LLY,LLY-199,2025-12-09T15:00:00-05:00,2025-12-09T17:00:00-05:00,2,981.86,982.5,28.2022,992.176,997.0287,-64.074,-16.475,-36.589,accumulation,1011.6234,-1.3873,-1.6599
LLY,LLY-200,2025-12-10T14:00:00-05:00,2025-12-10T17:00:00-05:00,3,996.9657,994.6,28.532,991.2742,990.8627,30.131,5.895,40.888,neutral_up,1008.9177,-2.7058,-4.4172
LLY,LLY-201,2025-12-11T07:00:00-05:00,2025-12-11T14:00:00-05:00,7,999.94,1010.21,28.3426,998.0863,994.7975,39.948,-19.424,37.352,neutral_up,1007.5106,-1.4071,-5.5002
LLY,LLY-202,2025-12-12T09:00:00-05:00,2025-12-12T19:00:00-05:00,10,1014.53,1029.44,29.501,1015.7183,1010.8093,25.6,-13.243,-7.454,neutral_up,1007.6615,0.1509,-3.962
LLY,LLY-203,2025-12-17T12:00:00-05:00,2025-12-17T18:00:00-05:00,6,1049.4,1039.75,29.9344,1053.94,1053.7811,-4.534,-14.681,-10.39,neutral,1017.8314,3.5709,10.1699
LLY,LLY-204,2025-12-18T09:00:00-05:00,2025-12-18T10:00:00-05:00,1,1066.215,1069.49,29.7883,1047.0648,1046.9676,31.338,44.197,64.044,neutral_up,1019.9913,2.1599,10.4927
LLY,LLY-205,2025-12-19T14:00:00-05:00,2025-12-19T18:00:00-05:00,4,1071.205,1071.048,30.4977,1066.6053,1061.8685,43.548,0.562,5.894,neutral_up,1023.3439,3.3526,9.0833
LLY,LLY-206,2025-12-22T10:00:00-05:00,2025-12-23T17:00:00-05:00,23,1064.5986,1072.8609,29.6415,1070.2414,1068.0311,5.584,-25.128,-27.927,neutral,1027.6308,4.2869,9.7994
LLY,LLY-207,2025-12-24T09:00:00-05:00,2025-12-24T10:00:00-05:00,1,1077.0,1076.885,28.7009,1072.9769,1071.2562,23.151,10.42,15.313,neutral,1035.5935,3.5437,12.2496
LLY,LLY-208,2025-12-24T11:00:00-05:00,2025-12-24T13:00:00-05:00,2,1076.6,1076.98,28.7009,1074.3268,1072.2072,26.104,-0.201,13.373,neutral_up,1035.5935,3.5437,12.2496
LLY,LLY-209,2025-12-26T08:00:00-05:00,2025-12-29T14:00:00-05:00,20,1076.6,1083.535,27.7008,1076.1174,1074.021,22.14,-3.424,-2.71,neutral,1039.3559,3.7624,11.7251
LLY,LLY-210,2025-12-29T15:00:00-05:00,2025-12-29T19:00:00-05:00,3,1079.96,1079.9499,26.6572,1081.0653,1078.7697,26.518,-17.059,-18.148,neutral_up,1042.8244,3.4686,10.7746
LLY,LLY-211,2025-12-30T04:00:00-05:00,2026-01-02T19:00:00-05:00,42,1078.87,1078.0,25.5474,1079.941,1078.8749,4.78,-4.823,-2.021,neutral,1046.2004,3.376,10.6069
LLY,LLY-212,2026-01-05T06:00:00-05:00,2026-01-05T07:00:00-05:00,1,1070.41,1071.0,23.732,1075.4291,1075.5252,-8.83,-26.109,-32.036,neutral,1054.2538,2.6116,8.0534
LLY,LLY-213,2026-01-05T08:00:00-05:00,2026-01-05T10:00:00-05:00,2,1072.22,1042.639,23.732,1074.0786,1074.8507,-17.464,1.599,-34.743,neutral,1054.2538,2.6116,8.0534
LLY,LLY-214,2026-01-12T14:00:00-05:00,2026-01-12T17:00:00-05:00,3,1081.2859,1081.25,31.4265,1071.9854,1073.508,11.694,22.914,27.915,neutral,1061.5127,0.2047,7.4528
LLY,LLY-215,2026-01-13T12:00:00-05:00,2026-01-15T09:00:00-05:00,28,1076.87,1039.355,30.9932,1081.2495,1079.7038,3.405,-15.409,-4.189,neutral,1063.2534,1.7407,4.2826
LLY,LLY-216,2026-01-16T13:00:00-05:00,2026-01-16T14:00:00-05:00,1,1047.46,1044.125,32.0083,1040.0434,1040.7337,24.996,4.04,34.182,neutral_up,1062.3375,-2.9827,-0.9159
LLY,LLY-217,2026-01-16T15:00:00-05:00,2026-01-16T17:00:00-05:00,2,1038.94,1036.0,32.0083,1040.4758,1040.8509,5.451,-13.863,-15.505,neutral,1062.3375,-2.9827,-0.9159
LLY,LLY-218,2026-01-20T09:00:00-05:00,2026-01-21T08:00:00-05:00,12,1031.68,1038.0053,32.0034,1032.6812,1035.6132,-23.326,6.082,10.796,neutral,1060.2105,-2.127,-4.2608
LLY,LLY-219,2026-01-22T16:00:00-05:00,2026-01-23T14:00:00-05:00,12,1086.73,1070.765,32.3958,1085.6149,1078.403,51.652,-6.463,-17.991,neutral_up,1060.4319,1.8888,-1.9056
LLY,LLY-220,2026-01-26T14:00:00-05:00,2026-01-27T15:00:00-05:00,15,1062.95,1038.54,31.244,1064.2813,1067.418,-25.154,-2.098,5.075,neutral_down,1063.0447,0.1675,4.5016
LLY,LLY-221,2026-01-29T18:00:00-05:00,2026-01-30T13:00:00-05:00,10,1020.51,1041.88,31.4951,1023.728,1025.5686,-21.917,-3.871,-15.648,neutral,1057.4392,-3.3799,-5.6055
LLY,LLY-222,2026-02-02T15:00:00-05:00,2026-02-03T12:00:00-05:00,13,1043.53,1003.725,30.6563,1045.6245,1041.5556,15.151,-6.712,-34.892,neutral,1052.877,-1.4787,-7.9422
LLY,LLY-223,2026-02-06T12:00:00-05:00,2026-02-06T13:00:00-05:00,1,1043.715,1047.67,42.0286,1048.8421,1050.8857,-9.105,-5.14,-10.283,neutral,1050.042,-3.0122,-1.9853
LLY,LLY-224,2026-02-09T07:00:00-05:00,2026-02-09T13:00:00-05:00,6,1081.5,1049.315,41.8908,1070.7349,1063.4334,40.204,8.929,-1.835,neutral_up,1050.7636,0.7216,3.227
LLY,LLY-225,2026-02-11T13:00:00-05:00,2026-02-11T16:00:00-05:00,3,1022.81,1015.0,42.636,1024.5886,1029.7522,-45.458,5.495,-4.191,neutral_down,1047.8963,-2.3106,-2.1457
LLY,LLY-226,2026-02-12T09:00:00-05:00,2026-02-12T12:00:00-05:00,3,1019.76,1046.45,40.8393,1019.1006,1021.7965,-17.575,6.378,-6.484,neutral,1044.9057,-2.9906,-5.8579
LLY,LLY-227,2026-02-13T15:00:00-05:00,2026-02-18T09:00:00-05:00,21,1040.35,1018.05,41.3394,1044.5107,1041.0032,6.909,-9.133,-25.93,neutral,1044.3643,-0.5414,-5.8426
LLY,LLY-228,2026-02-19T14:00:00-05:00,2026-02-20T06:00:00-05:00,8,1018.185,1023.45,38.9903,1016.8935,1020.7923,-22.885,8.166,38.254,neutral,1041.1865,-2.1256,-3.1778
LLY,LLY-229,2026-02-20T09:00:00-05:00,2026-02-20T16:00:00-05:00,7,1015.99,1010.53,37.5071,1020.7822,1021.4613,-19.048,-19.384,-29.854,neutral,1039.5568,-1.6297,-4.4425
LLY,LLY-230,2026-02-24T08:00:00-05:00,2026-02-25T18:00:00-05:00,26,1043.0,1029.74,37.9888,1048.4181,1045.107,-3.233,-2.566,-38.03,neutral,1038.7933,1.9517,-2.3932
LLY,LLY-231,2026-03-04T06:00:00-05:00,2026-03-05T10:00:00-05:00,19,1014.02,972.975,35.583,1009.0651,1011.4228,-0.36,16.142,25.317,neutral,1033.5987,-2.6539,-3.1889
LLY,LLY-232,2026-03-06T14:00:00-05:00,2026-03-09T11:00:00-04:00,13,990.3,996.44,34.8319,981.9774,983.5509,12.795,16.76,36.134,neutral,1026.4477,-4.3948,-9.8049
LLY,LLY-233,2026-03-10T15:00:00-04:00,2026-03-12T11:00:00-04:00,26,1001.18,976.98,33.7254,1004.0944,1001.0701,11.725,-11.19,-18.732,neutral,1021.7783,-1.3368,-9.0641
LLY,LLY-234,2026-03-16T11:00:00-04:00,2026-03-17T06:00:00-04:00,11,981.255,974.0,30.4913,985.8473,986.0891,-12.413,-14.872,-23.012,neutral,1011.6714,-2.6211,-8.2344
LLY,LLY-235,2026-03-19T09:00:00-04:00,2026-03-20T18:00:00-04:00,24,916.96,909.77,31.8433,915.0342,920.3542,-29.898,13.8,9.764,neutral_down,994.7104,-7.699,-16.961
LLY,LLY-236,2026-03-23T07:00:00-04:00,2026-03-24T06:00:00-04:00,15,912.0,911.0,30.2266,907.4449,910.8347,-24.655,30.196,-5.424,neutral_down,980.3278,-7.3698,-22.0816
LLY,LLY-237,2026-03-24T10:00:00-04:00,2026-03-24T12:00:00-04:00,2,898.57,901.95,29.5065,907.0175,909.5761,-45.71,-17.723,-35.173,neutral_down,973.9589,-6.3689,-20.7514
LLY,LLY-238,2026-03-24T16:00:00-04:00,2026-03-24T18:00:00-04:00,2,900.1,903.37,29.5065,903.145,906.1841,-31.521,-5.089,6.998,neutral_down,973.9589,-6.3689,-20.7514
LLY,LLY-239,2026-03-25T04:00:00-04:00,2026-03-25T12:00:00-04:00,7,911.18,920.535,28.446,904.8398,906.0021,8.992,26.34,32.682,neutral,967.4872,-6.4717,-20.2104
LLY,LLY-240,2026-03-26T09:00:00-04:00,2026-03-26T13:00:00-04:00,4,909.985,901.0,27.7984,913.04,912.2412,-3.963,-10.46,-11.804,neutral,962.8402,-4.647,-17.4876
LLY,LLY-241,2026-03-30T13:00:00-04:00,2026-03-30T15:00:00-04:00,2,887.875,886.78,26.9952,887.1667,887.7136,6.315,-5.383,-5.897,neutral,949.623,-7.1963,-17.8642
LLY,LLY-242,2026-04-06T14:00:00-04:00,2026-04-06T16:00:00-04:00,2,924.175,925.55,29.2302,928.6418,933.133,-55.256,4.181,-10.031,neutral_down,942.2746,-0.6685,-1.6354
LLY,LLY-243,2026-04-07T11:00:00-04:00,2026-04-07T18:00:00-04:00,7,924.33,937.5,28.3009,921.9234,925.9185,-29.81,22.564,5.683,neutral_down,940.8551,-1.4195,-0.8913
LLY,LLY-244,2026-04-09T07:00:00-04:00,2026-04-10T11:00:00-04:00,18,956.0,939.32,28.8306,951.2751,947.9932,34.238,18.086,14.484,neutral_up,941.1637,1.2136,-1.1109
LLY,LLY-245,2026-04-13T14:00:00-04:00,2026-04-13T15:00:00-04:00,1,927.81,929.16,28.5103,933.1829,937.8967,-62.919,-4.309,-20.414,accumulation,942.178,-0.2608,2.2279
LLY,LLY-246,2026-04-14T09:00:00-04:00,2026-04-15T07:00:00-04:00,14,934.455,925.9231,27.8117,931.5408,933.3702,-6.637,14.292,33.139,neutral,940.9946,-1.1835,-0.1691
LLY,LLY-247,2026-04-15T09:00:00-04:00,2026-04-15T10:00:00-04:00,1,922.69,908.25,27.603,925.1541,927.3873,-28.138,-4.856,-11.336,neutral_down,939.3487,-1.6459,-3.0901
LLY,LLY-248,2026-04-16T12:00:00-04:00,2026-04-17T07:00:00-04:00,11,902.91,922.4,28.6292,906.9814,910.1714,-32.97,-3.427,-33.217,neutral_down,936.2124,-3.1362,-5.9656
LLY,LLY-249,2026-04-20T10:00:00-04:00,2026-04-21T09:00:00-04:00,14,927.5081,893.89,28.0318,924.668,922.0011,23.049,7.583,-0.945,neutral,932.6711,-0.5611,-6.6776
LLY,LLY-250,2026-04-23T10:00:00-04:00,2026-04-24T07:00:00-04:00,12,919.16,901.02,27.5561,919.6907,917.6294,23.888,-13.35,-0.793,neutral_up,928.298,-0.6798,-4.3731
LLY,LLY-251,2026-04-27T12:00:00-04:00,2026-04-27T17:00:00-04:00,5,880.24,870.8,28.2105,883.3276,887.6725,-38.124,-4.243,-7.587,neutral_down,923.3526,-3.9383,-5.6251
LLY,LLY-252,2026-04-28T15:00:00-04:00,2026-04-29T06:00:00-04:00,7,874.02,872.4,27.85,870.1808,873.7136,-31.093,33.142,27.206,neutral_down,918.3397,-5.013,-9.9583
LLY,LLY-253,2026-04-29T09:00:00-04:00,2026-04-29T10:00:00-04:00,1,861.845,853.0,26.9178,869.7845,871.8875,-48.473,-32.915,-40.326,neutral_down,914.3106,-4.0291,-12.9803
LLY,LLY-254,2026-05-04T10:00:00-04:00,2026-05-05T04:00:00-04:00,10,959.735,968.0,32.8354,956.577,952.1599,18.481,4.374,23.109,neutral,915.7132,4.7997,1.4026
LLY,LLY-255,2026-05-06T12:00:00-04:00,2026-05-07T12:00:00-04:00,16,987.95,973.65,31.8294,988.8011,984.3393,29.212,-9.604,-15.951,neutral_up,926.6882,6.1772,15.7748
LLY,LLY-256,2026-05-07T15:00:00-04:00,2026-05-07T16:00:00-04:00,1,975.72,972.01,30.4834,978.3481,981.3193,-31.79,2.307,17.109,neutral_down,932.1757,5.4874,16.4625
LLY,LLY-257,2026-05-14T13:00:00-04:00,2026-05-15T04:00:00-04:00,7,1007.125,1000.0,31.6322,1009.627,1007.6579,-1.809,-0.864,-11.289,neutral,950.9691,6.4971,13.7407
LLY,LLY-258,2026-05-15T10:00:00-04:00,2026-05-18T11:00:00-04:00,16,1011.765,981.72,30.9556,1005.5763,1005.5959,18.461,18.051,53.38,neutral,956.1355,5.1664,16.2033
LLY,LLY-259,2026-05-20T13:00:00-04:00,2026-05-21T05:00:00-04:00,8,1009.51,1022.0,30.2341,1013.7234,1012.2283,-12.421,-1.533,-67.692,neutral,968.423,5.3177,12.2875
LLY,LLY-260,2026-05-21T06:00:00-04:00,2026-05-21T12:00:00-04:00,6,1020.4,1040.4,30.5167,1017.7765,1015.3168,25.049,-7.758,12.067,neutral_up,972.9718,4.5488,12.375
LLY,LLY-261,2026-05-26T15:00:00-04:00,2026-05-26T18:00:00-04:00,3,1067.31,1070.0,30.2569,1073.3532,1068.8667,10.592,-17.529,-37.761,neutral,987.0562,7.8184,18.6332
LLY,LLY-262,2026-05-27T04:00:00-04:00,2026-05-27T05:00:00-04:00,1,1067.0,1068.6028,29.6415,1070.1597,1068.7856,-2.633,-6.343,-5.646,neutral,994.352,7.2958,21.3802
LLY,LLY-263,2026-05-27T09:00:00-04:00,2026-05-27T11:00:00-04:00,2,1079.49,1085.365,29.6415,1070.8323,1069.4513,22.655,29.054,23.065,neutral,994.352,7.2958,21.3802
LLY,LLY-264,2026-06-02T14:00:00-04:00,2026-06-02T16:00:00-04:00,2,1070.86,1066.28,32.866,1070.0667,1076.5372,-36.942,13.026,19.028,neutral_down,1027.6577,5.4512,25.134
LLY,LLY-265,2026-06-03T09:00:00-04:00,2026-06-03T11:00:00-04:00,2,1080.42,1086.26,32.6628,1069.0052,1070.8117,7.67,36.924,35.705,neutral,1031.0143,3.3566,17.1237
LLY,LLY-266,2026-06-08T04:00:00-04:00,2026-06-08T05:00:00-04:00,1,1183.78,1172.0,35.311,1142.0629,1135.3507,38.429,58.795,46.888,neutral_up,1052.0066,8.0883,20.9924
LLY,LLY-267,2026-06-09T08:00:00-04:00,2026-06-11T08:00:00-04:00,32,1154.0,1135.0,36.3488,1156.4615,1154.3458,3.368,-4.511,-12.97,neutral,1060.7224,8.7158,24.9613
LLY,LLY-268,2026-06-11T09:00:00-04:00,2026-06-11T11:00:00-04:00,2,1142.485,1162.3,36.1341,1137.5469,1139.5665,-3.677,16.359,15.42,neutral,1074.4907,6.1949,22.4841
LLY,LLY-269,2026-06-15T14:00:00-04:00,2026-06-17T07:00:00-04:00,23,1126.5,1120.72,36.7624,1130.9141,1135.9634,-36.85,-3.798,-2.481,neutral_down,1086.9014,4.6099,18.6056
LLY,LLY-270,2026-06-17T08:00:00-04:00,2026-06-17T09:00:00-04:00,1,1123.0,1109.1,35.6158,1122.4992,1125.3013,-23.761,8.211,9.407,neutral_down,1093.8091,2.9301,11.5175
LLY,LLY-271,2026-06-17T10:00:00-04:00,2026-06-17T18:00:00-04:00,8,1116.93,1112.0,35.6158,1119.2415,1123.2013,-43.784,9.89,-11.812,neutral_down,1093.8091,2.9301,11.5175
LLY,LLY-272,2026-06-17T19:00:00-04:00,2026-06-18T04:00:00-04:00,1,1112.03,1112.01,35.6158,1113.471,1117.2727,-33.988,1.055,4.122,neutral_down,1093.8091,2.9301,11.5175
LLY,LLY-273,2026-06-18T07:00:00-04:00,2026-06-18T11:00:00-04:00,4,1112.73,1092.105,34.3724,1112.4583,1115.5197,-28.361,7.922,4.518,neutral_down,1095.431,1.6219,8.5296
LLY,LLY-274,2026-06-22T09:00:00-04:00,2026-06-25T10:00:00-04:00,48,1099.21,1144.4951,34.3225,1100.3156,1103.1168,-21.808,1.036,-2.539,neutral,1095.6664,0.2354,4.7873
LLY,LLY-275,2026-06-29T13:00:00-04:00,2026-06-30T15:00:00-04:00,17,1219.5001,1199.3,37.9964,1217.7542,1204.8625,37.38,1.615,-16.945,neutral_up,1111.5039,9.4966,14.0541
LLY,LLY-276,2026-07-06T10:00:00-04:00,2026-07-07T06:00:00-04:00,11,1205.045,1216.0,39.2799,1205.206,1205.6056,-18.065,16.173,-21.089,neutral,1141.8642,6.9226,19.6524
CAT,CAT-001,2024-07-17T13:00:00-04:00,2024-07-18T09:00:00-04:00,9,357.94,367.32,7.5236,358.97,357.1501,23.06,-12.139,-12.141,neutral,334.5071,2.6173,4.5103
CAT,CAT-002,2024-07-18T10:00:00-04:00,2024-07-18T15:00:00-04:00,5,364.22,356.06,7.4494,360.6077,358.8852,59.492,3.537,58.955,neutral_up,336.6119,2.1048,6.1121
CAT,CAT-003,2024-07-22T17:00:00-04:00,2024-07-22T18:00:00-04:00,1,347.87,347.8,8.017,346.9713,348.2441,-10.536,4.056,24.778,neutral,339.2144,0.8346,4.7074
CAT,CAT-004,2024-07-23T05:00:00-04:00,2024-07-23T07:00:00-04:00,1,347.0,347.71,7.9697,347.1096,348.0943,-15.012,-6.019,-0.42,neutral,339.9831,0.7687,3.3713
CAT,CAT-005,2024-07-23T09:00:00-04:00,2024-07-23T13:00:00-04:00,4,344.99,343.9,7.9697,346.8842,347.7647,-30.548,-23.196,-15.536,neutral_down,339.9831,0.7687,3.3713
CAT,CAT-006,2024-07-23T14:00:00-04:00,2024-07-23T16:00:00-04:00,2,345.805,344.5,7.9697,345.4305,346.6134,-31.213,17.907,-0.909,neutral_down,339.9831,0.7687,3.3713
CAT,CAT-007,2024-07-23T17:00:00-04:00,2024-07-23T18:00:00-04:00,1,344.17,344.0,7.9697,344.881,346.0405,-32.7,-1.458,-1.487,neutral_down,339.9831,0.7687,3.3713
CAT,CAT-008,2024-07-31T07:00:00-04:00,2024-07-31T13:00:00-04:00,6,345.0,347.56,8.3549,342.4061,343.3251,-2.581,28.493,27.393,neutral,341.641,0.0149,1.2527
CAT,CAT-009,2024-08-07T10:00:00-04:00,2024-08-08T11:00:00-04:00,12,332.29,333.63,10.856,330.9401,328.5535,36.659,-1.671,-6.758,neutral_up,336.2077,-0.9948,-4.87
CAT,CAT-010,2024-08-09T16:00:00-04:00,2024-08-15T11:00:00-04:00,37,338.02,346.945,10.8472,336.7004,334.9576,44.271,1.717,13.588,neutral_up,335.3087,0.0671,-1.8938
CAT,CAT-011,2024-08-19T08:00:00-04:00,2024-08-23T14:00:00-04:00,43,343.7,347.25,9.4025,343.6855,343.1912,13.088,-1.206,2.739,neutral,337.5462,0.5914,1.6157
CAT,CAT-012,2024-08-27T13:00:00-04:00,2024-08-29T12:00:00-04:00,20,350.52,356.055,7.7246,350.2612,349.4058,15.681,3.885,-5.293,neutral,341.2113,1.0249,2.1452
CAT,CAT-013,2024-09-03T07:00:00-04:00,2024-09-03T10:00:00-04:00,3,353.73,340.12,7.589,354.0525,352.9293,26.626,-15.726,-6.45,neutral_up,344.6434,1.1457,2.5359
CAT,CAT-014,2024-09-06T10:00:00-04:00,2024-09-06T13:00:00-04:00,3,330.17,329.6,7.9583,333.4653,335.1077,-43.861,-30.151,1.163,neutral_down,342.6281,-0.9118,-2.0153
CAT,CAT-015,2024-09-10T15:00:00-04:00,2024-09-11T18:00:00-04:00,10,334.12,335.0,8.0606,333.2168,333.1453,6.306,10.239,19.495,neutral,340.7502,-0.669,-2.7898
CAT,CAT-016,2024-09-16T16:00:00-04:00,2024-09-17T09:00:00-04:00,3,347.96,352.06,7.9675,347.4263,345.4996,49.362,-4.266,-7.351,neutral_up,340.1698,0.515,0.0223
CAT,CAT-017,2024-09-18T16:00:00-04:00,2024-09-19T07:00:00-04:00,2,355.12,362.92,7.8069,355.0139,353.1399,41.1,-12.128,-21.542,neutral_up,342.0605,1.168,2.4057
CAT,CAT-018,2024-09-23T05:00:00-04:00,2024-09-24T07:00:00-04:00,14,370.24,379.0,8.6455,369.9204,368.264,28.573,0.09,0.757,neutral_up,348.0814,2.0899,6.0209
CAT,CAT-019,2024-09-25T14:00:00-04:00,2024-09-25T15:00:00-04:00,1,378.88,378.31,9.155,382.0027,381.3373,-19.205,-15.986,-40.035,neutral,353.4547,3.2725,7.4632
CAT,CAT-020,2024-09-27T11:00:00-04:00,2024-10-03T19:00:00-04:00,54,394.015,391.489,9.9556,391.9881,389.8564,46.555,4.175,1.745,neutral_up,358.9257,3.2114,8.7435
CAT,CAT-021,2024-10-04T08:00:00-04:00,2024-10-04T15:00:00-04:00,7,396.0334,396.79,8.9418,392.1349,392.0752,27.294,35.263,42.789,neutral_up,371.4348,1.9595,6.9431
CAT,CAT-022,2024-10-07T17:00:00-04:00,2024-10-08T04:00:00-04:00,1,398.25,389.0,8.7624,398.1621,396.9488,23.655,-1.109,-5.817,neutral_up,373.7398,2.305,6.711
CAT,CAT-023,2024-10-09T10:00:00-04:00,2024-10-09T11:00:00-04:00,1,392.84,395.87,8.8463,389.6343,390.2392,16.224,27.083,54.68,neutral,377.0546,1.0865,5.6198
CAT,CAT-024,2024-10-11T09:00:00-04:00,2024-10-11T10:00:00-04:00,1,399.49,402.64,8.6926,396.6735,395.2699,54.135,20.655,21.399,neutral_up,380.4015,1.6219,4.4334
CAT,CAT-025,2024-10-15T09:00:00-04:00,2024-10-15T11:00:00-04:00,2,389.11,390.025,9.0389,390.6871,392.5537,-46.512,-0.742,12.96,neutral_down,383.4363,1.0714,4.6567
CAT,CAT-026,2024-10-16T09:00:00-04:00,2024-10-16T14:00:00-04:00,5,390.51,393.78,8.8618,389.2494,390.2047,-9.319,14.187,39.194,neutral,383.8512,0.4149,3.4497
CAT,CAT-027,2024-10-18T08:00:00-04:00,2024-10-21T13:00:00-04:00,15,394.2,390.84,8.433,394.3317,393.5976,18.032,-5.117,-9.99,neutral,385.6304,0.888,2.1941
CAT,CAT-028,2024-10-23T09:00:00-04:00,2024-10-23T16:00:00-04:00,7,387.88,385.73,7.871,388.4179,389.4701,-40.417,5.236,-7.416,neutral_down,386.9111,0.1589,1.2807
CAT,CAT-029,2024-10-24T09:00:00-04:00,2024-10-28T10:00:00-04:00,21,386.93,390.65,7.8328,386.3873,387.5559,-28.869,17.158,18.895,neutral_down,386.7892,-0.1219,0.4097
CAT,CAT-030,2024-10-28T12:00:00-04:00,2024-10-28T13:00:00-04:00,1,390.39,390.66,7.7125,388.8428,387.9339,45.324,1.278,13.516,neutral_up,386.7256,-0.0646,-0.1855
CAT,CAT-031,2024-10-31T15:00:00-04:00,2024-10-31T16:00:00-04:00,1,376.21,376.2,8.3637,377.3635,379.1048,-25.387,-5.903,12.375,neutral_down,386.4521,-0.6982,-0.2736
CAT,CAT-032,2024-11-01T08:00:00-04:00,2024-11-04T07:00:00-05:00,10,377.8,380.0,8.2463,376.702,378.0372,-18.401,15.105,11.869,neutral,385.521,-0.9311,-1.5723
CAT,CAT-033,2024-11-04T09:00:00-05:00,2024-11-05T11:00:00-05:00,12,380.5496,384.11,8.1612,379.7535,379.3466,13.216,4.216,3.42,neutral,384.98,-0.541,-2.1703
CAT,CAT-034,2024-11-11T13:00:00-05:00,2024-11-11T14:00:00-05:00,1,395.92,396.29,10.5724,397.087,398.1235,-23.238,-7.089,-17.488,neutral,389.457,0.4143,5.3154
CAT,CAT-035,2024-11-12T10:00:00-05:00,2024-11-12T11:00:00-05:00,1,393.235,392.57,10.4229,395.8028,396.8708,-40.593,-20.567,-17.827,neutral_down,390.1123,0.6553,3.0008
CAT,CAT-036,2024-11-14T12:00:00-05:00,2024-11-15T13:00:00-05:00,11,387.65,383.545,10.0113,388.1336,389.1473,-23.177,-4.676,12.627,neutral,390.0883,-0.2838,0.6312
CAT,CAT-037,2024-11-18T12:00:00-05:00,2024-11-19T12:00:00-05:00,9,385.25,381.59,9.3448,384.8798,385.4914,-9.059,4.005,20.362,neutral,389.3289,-0.5259,-1.0432
CAT,CAT-038,2024-11-19T13:00:00-05:00,2024-11-19T14:00:00-05:00,1,382.94,381.76,8.9187,382.2648,383.4063,-24.194,16.055,36.779,neutral_down,388.8899,-0.439,-1.1984
CAT,CAT-039,2024-11-20T09:00:00-05:00,2024-11-21T11:00:00-05:00,13,381.655,388.85,8.7438,382.7589,383.1685,-4.081,-22.003,13.884,neutral,388.2808,-0.6091,-1.574
CAT,CAT-040,2024-11-26T14:00:00-05:00,2024-11-27T16:00:00-05:00,11,406.6397,403.7,9.1202,405.9086,403.751,55.32,-2.673,-1.885,neutral_up,390.2438,1.5316,2.5804
CAT,CAT-041,2024-11-27T18:00:00-05:00,2024-11-29T11:00:00-05:00,4,404.5,408.77,8.9437,404.9011,404.8626,-13.981,6.463,-3.464,neutral,391.8435,1.5997,4.003
CAT,CAT-042,2024-11-29T12:00:00-05:00,2024-11-29T13:00:00-05:00,1,406.6,406.11,8.9392,406.6982,405.872,29.876,-17.318,6.075,neutral_up,392.9268,1.0833,4.2146
CAT,CAT-043,2024-12-02T09:00:00-05:00,2024-12-02T10:00:00-05:00,1,404.0,401.44,8.8314,406.1709,405.8859,-7.325,-25.752,-24.226,neutral,394.1253,1.1985,3.8814
CAT,CAT-044,2024-12-05T08:00:00-05:00,2024-12-05T16:00:00-05:00,8,399.2,395.5,8.498,398.9341,399.6268,-12.132,2.359,13.269,neutral,395.656,0.3704,1.5307
CAT,CAT-045,2024-12-06T09:00:00-05:00,2024-12-06T12:00:00-05:00,3,396.9156,393.5125,8.4067,396.6284,397.5122,-19.763,6.941,27.543,neutral,395.5945,-0.0615,0.6934
CAT,CAT-046,2024-12-09T05:00:00-05:00,2024-12-09T06:00:00-05:00,1,399.46,400.86,8.3062,396.4647,396.6468,28.657,26.442,70.016,neutral_up,395.5332,-0.0613,0.2476
CAT,CAT-047,2024-12-11T15:00:00-05:00,2024-12-12T11:00:00-05:00,7,388.91,382.01,9.1187,389.6315,391.0592,-28.393,-3.925,3.607,neutral_down,395.1945,-0.6784,-0.4001
CAT,CAT-048,2024-12-16T07:00:00-05:00,2024-12-17T14:00:00-05:00,17,380.75,374.655,8.4731,380.6066,382.1691,-35.479,5.171,14.132,neutral_down,392.1768,-1.1797,-3.0177
CAT,CAT-049,2024-12-18T13:00:00-05:00,2024-12-18T15:00:00-05:00,2,379.665,363.65,7.9887,378.2576,378.3525,13.472,8.856,4.653,neutral,389.5995,-1.394,-3.757
CAT,CAT-050,2024-12-24T10:00:00-05:00,2024-12-30T07:00:00-05:00,26,364.845,363.87,8.8566,365.0065,365.09,-7.479,3.063,-16.033,neutral,381.4776,-1.6208,-5.7628
CAT,CAT-051,2024-12-31T06:00:00-05:00,2024-12-31T07:00:00-05:00,1,364.2,364.4,7.9157,363.3233,363.6409,-2.035,13.734,1.741,neutral,376.4202,-1.323,-3.7931
CAT,CAT-052,2024-12-31T11:00:00-05:00,2024-12-31T16:00:00-05:00,5,363.01,362.76,7.9157,363.8061,363.8276,-3.428,-15.032,-14.835,neutral,376.4202,-1.323,-3.7931
CAT,CAT-053,2024-12-31T19:00:00-05:00,2025-01-02T14:00:00-05:00,9,362.75,358.885,7.9157,363.2089,363.4941,-16.67,-1.547,-8.277,neutral,376.4202,-1.323,-3.7931
CAT,CAT-054,2025-01-07T11:00:00-05:00,2025-01-07T13:00:00-05:00,2,363.1,365.09,7.6956,364.4762,364.4453,-9.315,-12.166,-13.972,neutral,372.0782,-0.8068,-3.1156
CAT,CAT-055,2025-01-07T15:00:00-05:00,2025-01-07T16:00:00-05:00,1,362.99,363.0,7.6956,364.2946,364.3842,-10.2,-13.409,-5.282,neutral,372.0782,-0.8068,-3.1156
CAT,CAT-056,2025-01-08T10:00:00-05:00,2025-01-08T11:00:00-05:00,1,359.8,359.22,7.5031,361.9492,363.0987,-52.525,-3.562,-17.999,neutral_down,371.252,-0.8262,-2.5505
CAT,CAT-057,2025-01-22T16:00:00-05:00,2025-01-23T11:00:00-05:00,8,397.61,408.455,8.4684,397.5604,395.8344,31.87,-2.892,-6.398,neutral_up,373.8894,2.4471,4.9944
CAT,CAT-058,2025-01-24T17:00:00-05:00,2025-01-27T07:00:00-05:00,4,407.75,400.0,8.5381,407.3523,405.8127,41.098,-2.002,1.109,neutral_up,378.7935,2.7586,7.3512
CAT,CAT-059,2025-01-28T18:00:00-05:00,2025-01-28T19:00:00-05:00,1,389.0,389.84,8.9102,390.2005,392.5401,-43.495,-4.724,0.89,neutral_down,382.6598,1.232,6.6249
CAT,CAT-060,2025-01-31T14:00:00-05:00,2025-02-03T04:00:00-05:00,5,372.94,366.2,9.8236,374.4122,377.4445,-48.96,-0.099,-5.752,neutral_down,383.4033,-0.8423,0.7435
CAT,CAT-061,2025-02-04T09:00:00-05:00,2025-02-05T16:00:00-05:00,21,360.59,358.85,9.756,360.8624,363.4675,-49.152,17.977,11.883,neutral_down,380.426,-1.8906,-3.8196
CAT,CAT-062,2025-02-06T09:00:00-05:00,2025-02-06T10:00:00-05:00,1,365.13,366.07,9.5062,360.8466,360.975,27.882,41.344,62.47,neutral_up,376.9367,-1.8097,-5.3799
CAT,CAT-063,2025-02-07T15:00:00-05:00,2025-02-10T12:00:00-05:00,9,363.75,363.78,9.4485,364.2272,364.1684,-11.589,4.474,-9.31,neutral,375.8879,-1.0488,-4.5381
CAT,CAT-064,2025-02-11T09:00:00-05:00,2025-02-11T11:00:00-05:00,2,362.97,363.74,8.9425,363.1284,363.7477,-26.979,11.909,-10.142,neutral_down,373.7441,-1.0404,-3.1926
CAT,CAT-065,2025-02-11T16:00:00-05:00,2025-02-12T09:00:00-05:00,6,362.7,355.12,8.9425,362.8483,363.3165,-15.076,2.635,6.425,neutral,373.7441,-1.0404,-3.1926
CAT,CAT-066,2025-02-13T14:00:00-05:00,2025-02-20T11:00:00-05:00,38,355.045,347.7095,8.709,353.36,354.4256,-3.75,14.85,48.874,neutral,370.8177,-1.8788,-3.9668
CAT,CAT-067,2025-02-25T08:00:00-05:00,2025-02-26T05:00:00-05:00,11,340.0,346.04,8.5648,339.6598,341.2541,-33.951,9.893,8.796,neutral_down,359.6286,-2.0689,-5.7036
CAT,CAT-068,2025-02-27T09:00:00-05:00,2025-02-27T14:00:00-05:00,5,342.5,339.61,8.5242,342.9888,343.0642,-3.068,-6.259,6.657,neutral,356.6598,-1.399,-5.0377
CAT,CAT-069,2025-02-28T04:00:00-05:00,2025-03-03T08:00:00-05:00,13,341.88,347.37,8.5196,341.1142,341.7771,-11.19,13.06,20.372,neutral,355.1407,-1.5191,-4.4879
CAT,CAT-070,2025-03-03T09:00:00-05:00,2025-03-03T13:00:00-05:00,4,342.03,336.2,8.351,343.3135,342.6263,21.724,-30.405,-6.03,neutral,354.117,-1.0237,-3.9418
CAT,CAT-071,2025-03-10T12:00:00-04:00,2025-03-10T19:00:00-04:00,6,349.11,345.8,9.8207,348.1381,346.5399,25.539,2.834,-9.258,neutral_up,348.2839,0.2186,-1.5025
CAT,CAT-072,2025-03-11T09:00:00-04:00,2025-03-11T10:00:00-04:00,1,341.734,339.545,9.8736,344.9775,345.4454,-24.973,-21.333,-20.189,neutral_down,348.0081,-0.2758,-0.7477
CAT,CAT-073,2025-03-12T14:00:00-04:00,2025-03-13T13:00:00-04:00,12,340.39,331.85,9.8026,339.511,340.7114,-12.845,9.192,21.554,neutral,347.2355,-0.7726,-0.8297
CAT,CAT-074,2025-03-13T14:00:00-04:00,2025-03-13T16:00:00-04:00,2,334.05,333.31,9.7781,335.3704,337.3056,-52.515,9.167,-12.33,neutral_down,346.4177,-0.8178,-1.8661
CAT,CAT-075,2025-03-18T09:00:00-04:00,2025-03-18T10:00:00-04:00,1,338.88,338.33,9.3313,341.4889,340.6253,5.004,-36.632,-40.278,neutral,344.5272,-0.2027,-1.8906
CAT,CAT-076,2025-03-20T08:00:00-04:00,2025-03-21T07:00:00-04:00,11,336.56,334.74,8.9008,337.712,338.2801,-27.326,-4.816,-27.815,neutral_down,343.3617,-0.4712,-1.3682
CAT,CAT-077,2025-03-25T14:00:00-04:00,2025-03-26T18:00:00-04:00,12,342.865,340.08,8.5225,342.4132,341.0693,46.053,-5.939,0.657,neutral_up,342.0422,-0.0437,-1.3195
CAT,CAT-078,2025-03-27T10:00:00-04:00,2025-03-27T11:00:00-04:00,1,341.095,338.7948,8.2182,340.8333,341.1451,-8.953,8.056,16.421,neutral,341.9918,-0.1112,-0.0942
CAT,CAT-079,2025-03-31T19:00:00-04:00,2025-04-02T14:00:00-04:00,18,329.0,332.95,8.2462,327.5615,329.2974,-26.821,23.308,0.703,neutral_down,340.6472,-1.1007,-1.4557
CAT,CAT-080,2025-04-02T16:00:00-04:00,2025-04-02T19:00:00-04:00,3,326.5,323.02,8.3664,331.2503,330.7298,-2.431,-37.812,-40.208,neutral,338.8479,-0.8278,-2.9001
CAT,CAT-081,2025-04-07T12:00:00-04:00,2025-04-07T14:00:00-04:00,2,275.935,277.505,11.0143,278.7977,285.1092,-41.814,-1.537,27.27,neutral_down,331.1493,-4.3249,-7.6985
CAT,CAT-082,2025-04-08T04:00:00-04:00,2025-04-08T05:00:00-04:00,1,285.78,286.99,12.1597,281.8924,283.4303,4.909,9.897,19.549,neutral,326.4612,-4.6881,-11.9905
CAT,CAT-083,2025-04-08T09:00:00-04:00,2025-04-08T16:00:00-04:00,7,284.59,274.0,12.1597,285.3065,284.82,14.909,-16.385,1.963,neutral,326.4612,-4.6881,-11.9905
CAT,CAT-084,2025-04-11T13:00:00-04:00,2025-04-14T07:00:00-04:00,7,294.11,298.0,14.8526,290.2891,289.582,16.553,12.308,22.903,neutral,316.9882,-2.7978,-9.4731
CAT,CAT-085,2025-04-15T05:00:00-04:00,2025-04-15T19:00:00-04:00,11,299.0,290.2145,14.2141,298.3455,296.6007,27.572,-0.732,1.968,neutral_up,313.3111,-1.5181,-6.4749
CAT,CAT-086,2025-04-16T04:00:00-04:00,2025-04-16T05:00:00-04:00,1,295.15,293.57,13.8659,294.4864,295.4705,-25.506,21.819,2.567,neutral_down,311.5037,-1.8074,-5.4844
CAT,CAT-087,2025-04-16T17:00:00-04:00,2025-04-17T19:00:00-04:00,10,290.96,294.53,13.8659,291.0496,292.5874,-28.724,8.665,19.304,neutral_down,311.5037,-1.8074,-5.4844
CAT,CAT-088,2025-04-21T05:00:00-04:00,2025-04-21T07:00:00-04:00,1,290.88,289.42,13.0398,293.9128,293.8721,-14.977,-23.415,-28.579,neutral,308.1603,-1.394,-5.1508
CAT,CAT-089,2025-04-28T04:00:00-04:00,2025-05-01T04:00:00-04:00,40,304.5,310.08,12.1303,305.6369,304.3433,21.536,-18.562,-17.399,neutral,304.3042,0.2066,-0.3545
CAT,CAT-090,2025-05-06T08:00:00-04:00,2025-05-06T16:00:00-04:00,8,320.0,320.7,11.0784,323.2937,322.0289,0.994,-33.086,-54.637,neutral,308.9931,1.4277,3.8464
CAT,CAT-091,2025-05-06T18:00:00-04:00,2025-05-07T07:00:00-04:00,1,324.0,323.6,11.0784,321.9982,321.8295,10.988,23.649,17.199,neutral,308.9931,1.4277,3.8464
CAT,CAT-092,2025-05-07T09:00:00-04:00,2025-05-07T10:00:00-04:00,1,322.05,320.11,10.5907,322.2795,322.0305,6.614,-6.272,-4.374,neutral,310.0674,1.0743,4.1104
CAT,CAT-093,2025-05-07T11:00:00-04:00,2025-05-08T12:00:00-04:00,11,320.995,328.42,10.5907,321.6755,321.7777,-12.632,-0.979,-25.517,neutral,310.0674,1.0743,4.1104
CAT,CAT-094,2025-05-09T15:00:00-04:00,2025-05-12T04:00:00-04:00,2,325.47,337.02,10.0757,325.0633,324.4909,21.425,-1.812,17.328,neutral,312.1957,1.2244,3.2026
CAT,CAT-095,2025-05-15T08:00:00-04:00,2025-05-16T08:00:00-04:00,11,349.85,353.21,10.4228,348.8776,348.7729,-4.69,18.302,-12.785,neutral,322.1336,2.7536,8.7311
CAT,CAT-096,2025-05-16T09:00:00-04:00,2025-05-16T13:00:00-04:00,4,350.54,352.7,9.8812,350.9386,350.15,23.88,-18.112,17.233,neutral_up,324.6551,2.5215,8.5901
CAT,CAT-097,2025-05-16T16:00:00-04:00,2025-05-16T19:00:00-04:00,3,353.63,351.0,9.8812,352.2186,351.1318,41.83,2.768,18.449,neutral_up,324.6551,2.5215,8.5901
CAT,CAT-098,2025-05-19T17:00:00-04:00,2025-05-19T18:00:00-04:00,1,352.57,352.57,9.6025,351.9264,351.4457,25.234,3.408,1.393,neutral_up,327.2851,2.63,7.9051
CAT,CAT-099,2025-05-20T09:00:00-04:00,2025-05-20T16:00:00-04:00,7,351.38,349.5,9.277,351.9201,351.5326,11.174,-14.955,-10.651,neutral,329.5801,2.295,7.4465
CAT,CAT-100,2025-05-23T09:00:00-04:00,2025-05-23T16:00:00-04:00,7,341.915,343.0,8.742,342.4884,343.9729,-47.712,20.465,-46.511,neutral_down,333.5466,1.1473,3.9665
CAT,CAT-101,2025-05-28T13:00:00-04:00,2025-05-28T18:00:00-04:00,4,351.16,349.84,8.8308,350.9205,350.0007,17.419,6.469,-12.353,neutral,335.994,1.5526,3.5948
CAT,CAT-102,2025-05-28T19:00:00-04:00,2025-05-29T04:00:00-04:00,1,354.9899,355.21,8.8308,351.164,350.3713,42.746,45.384,43.294,neutral_up,335.994,1.5526,3.5948
CAT,CAT-103,2025-05-29T08:00:00-04:00,2025-05-29T16:00:00-04:00,8,351.5,351.79,8.4814,352.0654,351.2601,16.11,-11.593,-43.937,neutral,337.2191,1.2251,3.6725
CAT,CAT-104,2025-05-30T09:00:00-04:00,2025-06-02T08:00:00-04:00,9,351.15,346.28,8.1863,351.3253,351.2878,-5.417,2.786,-12.974,neutral,338.5474,1.3283,4.1059
CAT,CAT-105,2025-06-04T16:00:00-04:00,2025-06-06T10:00:00-04:00,11,348.9315,354.83,7.8946,349.6986,349.2624,1.806,-11.854,-27.517,neutral,340.7136,0.8766,2.1662
CAT,CAT-106,2025-06-10T15:00:00-04:00,2025-06-11T13:00:00-04:00,9,358.72,363.0,7.4316,358.7281,357.7202,25.934,-4.181,-20.29,neutral_up,344.5442,1.3606,3.0437
CAT,CAT-107,2025-06-11T16:00:00-04:00,2025-06-13T06:00:00-04:00,11,363.14,356.0,7.2058,362.2167,360.6301,43.959,-7.139,-17.363,neutral_up,345.8329,1.2887,3.6579
CAT,CAT-108,2025-06-18T15:00:00-04:00,2025-06-18T16:00:00-04:00,1,359.96,359.8,6.8447,360.741,360.3911,9.636,-17.328,-16.671,neutral,351.2436,0.6406,2.5927
CAT,CAT-109,2025-06-20T10:00:00-04:00,2025-06-20T12:00:00-04:00,2,360.51,361.815,6.875,361.191,360.7646,15.385,-19.881,8.143,neutral,352.036,0.7924,2.6197
CAT,CAT-110,2025-06-20T13:00:00-04:00,2025-06-23T16:00:00-04:00,16,359.7,366.23,6.875,361.0079,360.7956,-2.286,-16.495,-17.67,neutral,352.036,0.7924,2.6197
CAT,CAT-111,2025-06-25T16:00:00-04:00,2025-06-26T10:00:00-04:00,6,371.59,378.43,6.9909,371.557,370.5245,25.137,-0.348,9.252,neutral_up,355.7789,1.7351,3.7429
CAT,CAT-112,2025-07-01T09:00:00-04:00,2025-07-01T11:00:00-04:00,2,385.115,392.025,6.7992,386.7995,385.8608,6.47,-23.67,-31.974,neutral,364.189,2.3981,6.9599
CAT,CAT-113,2025-07-01T12:00:00-04:00,2025-07-01T13:00:00-04:00,1,390.35,392.23,6.7992,388.5787,386.9857,61.213,-3.033,54.744,neutral_up,364.189,2.3981,6.9599
CAT,CAT-114,2025-07-07T06:00:00-04:00,2025-07-07T12:00:00-04:00,5,397.72,389.72,6.9938,398.7162,397.3579,21.472,-14.836,-21.22,neutral,372.0813,2.5779,7.8923
CAT,CAT-115,2025-07-08T16:00:00-04:00,2025-07-09T06:00:00-04:00,1,392.1637,399.05,7.2063,393.7204,393.732,-5.514,-24.185,-28.197,neutral,373.8485,1.7672,7.2367
CAT,CAT-116,2025-07-14T13:00:00-04:00,2025-07-16T14:00:00-04:00,20,404.4,411.79,7.312,404.3921,404.7204,-11.821,6.163,1.19,neutral,383.1495,2.275,7.43
CAT,CAT-117,2025-07-24T19:00:00-04:00,2025-07-25T08:00:00-04:00,1,429.98,430.9819,7.6081,429.068,427.0902,73.455,2.821,-2.244,distribution,400.1083,2.7512,6.214
CAT,CAT-118,2025-07-25T10:00:00-04:00,2025-07-25T12:00:00-04:00,2,430.2,431.155,7.469,429.6885,427.9058,63.315,-7.993,-10.14,distribution,402.8012,2.6929,7.4163
CAT,CAT-119,2025-07-29T07:00:00-04:00,2025-07-29T10:00:00-04:00,3,434.15,425.87,7.2318,434.3581,433.0068,35.289,-15.629,5.532,neutral_up,408.1118,2.4998,8.0035
CAT,CAT-120,2025-08-05T06:00:00-04:00,2025-08-06T04:00:00-04:00,13,416.0,435.0,8.2965,430.3896,431.7366,-50.211,-66.225,-64.575,neutral_down,417.5363,1.6174,5.227
CAT,CAT-121,2025-08-06T14:00:00-04:00,2025-08-06T17:00:00-04:00,3,426.5062,429.0,8.6446,430.4661,431.7355,-38.61,-9.217,-28.246,neutral_down,419.0293,1.4931,4.3846
CAT,CAT-122,2025-08-11T09:00:00-04:00,2025-08-11T11:00:00-04:00,2,414.13,408.18,9.1159,416.7377,418.5981,-43.649,-15.859,-8.673,neutral_down,419.3558,-0.2556,0.3265
CAT,CAT-123,2025-08-14T09:00:00-04:00,2025-08-14T15:00:00-04:00,6,413.27,417.4,9.0188,411.4868,412.314,-15.667,28.087,31.272,neutral,417.4497,-0.381,-1.9062
CAT,CAT-124,2025-08-14T16:00:00-04:00,2025-08-15T08:00:00-04:00,6,410.0,414.0,9.0188,413.2608,413.0064,4.994,-35.85,-3.528,neutral,417.4497,-0.381,-1.9062
CAT,CAT-125,2025-08-15T09:00:00-04:00,2025-08-15T16:00:00-04:00,7,411.57,407.81,9.2489,412.9297,412.9091,-2.859,-11.858,-7.357,neutral,417.4451,-0.0045,-0.9065
CAT,CAT-126,2025-08-18T15:00:00-04:00,2025-08-18T16:00:00-04:00,1,412.21,412.85,9.324,410.2022,410.245,21.776,8.943,36.167,neutral,416.5729,-0.8723,-1.2578
CAT,CAT-127,2025-08-20T09:00:00-04:00,2025-08-20T17:00:00-04:00,8,414.13,421.67,9.2396,415.8898,415.7026,-11.425,-11.877,-12.359,neutral,416.1411,-0.0351,-1.304
CAT,CAT-128,2025-08-21T10:00:00-04:00,2025-08-21T11:00:00-04:00,1,416.21,415.42,9.2847,418.5347,418.1304,-13.492,-14.243,-48.597,neutral,416.5347,0.3935,-0.0382
CAT,CAT-129,2025-08-27T11:00:00-04:00,2025-08-27T12:00:00-04:00,1,431.925,433.395,9.1816,430.8908,430.6828,11.454,10.275,5.22,neutral,420.6885,1.0662,4.0443
CAT,CAT-130,2025-09-02T16:00:00-04:00,2025-09-02T17:00:00-04:00,1,415.78,415.4,9.4291,415.4879,417.4031,-27.769,5.348,19.054,neutral_down,422.6324,-0.3662,1.9439
CAT,CAT-131,2025-09-03T09:00:00-04:00,2025-09-03T10:00:00-04:00,1,414.11,412.22,9.3595,415.1982,416.9382,-33.088,-5.82,0.029,neutral_down,422.0167,-0.6157,0.2262
CAT,CAT-132,2025-09-03T15:00:00-04:00,2025-09-04T14:00:00-04:00,10,414.95,418.32,9.3595,413.632,415.1756,-22.954,19.627,27.557,neutral,422.0167,-0.6157,0.2262
CAT,CAT-133,2025-09-08T11:00:00-04:00,2025-09-09T13:00:00-04:00,11,422.48,418.18,8.8407,421.9753,420.7496,20.369,2.505,-38.579,neutral,421.4484,0.1682,-0.5683
CAT,CAT-134,2025-09-10T09:00:00-04:00,2025-09-10T11:00:00-04:00,2,423.27,425.37,8.6036,419.9328,419.8947,24.781,26.133,36.169,neutral_up,421.2509,-0.3331,-0.0293
CAT,CAT-135,2025-09-15T09:00:00-04:00,2025-09-15T17:00:00-04:00,8,433.495,435.41,8.6051,432.2369,430.6072,45.93,-2.379,10.038,neutral_up,423.156,0.8334,1.9051
CAT,CAT-136,2025-09-16T11:00:00-04:00,2025-09-16T13:00:00-04:00,2,436.24,438.23,8.5719,435.6582,434.09,37.02,-2.558,-2.552,neutral_up,424.32,1.164,2.9001
CAT,CAT-137,2025-09-19T17:00:00-04:00,2025-09-22T15:00:00-04:00,9,466.01,472.12,9.3881,465.7881,463.4119,40.655,-2.229,-0.583,neutral_up,431.6248,3.5595,7.3048
CAT,CAT-138,2025-09-25T09:00:00-04:00,2025-09-25T10:00:00-04:00,1,462.83,465.03,10.0584,467.1647,469.0004,-63.85,-4.215,-53.115,accumulation,443.8311,2.5959,9.0058
CAT,CAT-139,2025-09-26T09:00:00-04:00,2025-09-29T10:00:00-04:00,11,467.55,471.88,10.0696,465.9464,466.5421,7.678,2.726,21.1,neutral,445.641,1.8099,7.4253
CAT,CAT-140,2025-09-30T13:00:00-04:00,2025-10-01T11:00:00-04:00,9,472.065,483.43,9.5601,472.3323,471.0339,24.248,-9.215,-26.937,neutral_up,449.6784,2.2012,5.8473
CAT,CAT-141,2025-10-06T12:00:00-04:00,2025-10-06T16:00:00-04:00,4,496.92,495.38,10.2798,497.2497,495.7662,7.764,3.094,-21.427,neutral,461.7046,3.6165,9.5033
CAT,CAT-142,2025-10-07T09:00:00-04:00,2025-10-07T11:00:00-04:00,2,495.61,484.55,10.4419,495.8938,495.6817,-3.113,2.221,-1.035,neutral,464.7597,3.055,9.9558
CAT,CAT-143,2025-10-09T17:00:00-04:00,2025-10-10T15:00:00-04:00,10,500.95,491.32,11.5993,500.7157,500.0342,8.479,3.611,5.314,neutral,469.9867,3.2133,8.282
CAT,CAT-144,2025-10-15T15:00:00-04:00,2025-10-17T04:00:00-04:00,15,534.14,538.0,13.728,532.9207,528.1591,50.749,-1.979,-7.82,neutral_up,481.7784,4.5772,9.026
CAT,CAT-145,2025-10-17T07:00:00-04:00,2025-10-17T14:00:00-04:00,7,540.04,529.36,13.3573,538.349,536.5653,19.298,15.151,-5.639,neutral,491.4951,4.9565,14.2938
CAT,CAT-146,2025-10-21T08:00:00-04:00,2025-10-22T10:00:00-04:00,12,530.27,517.0,13.0467,530.8915,531.5286,-10.392,-4.129,-5.453,neutral,498.0499,3.318,11.5113
CAT,CAT-147,2025-10-27T13:00:00-04:00,2025-10-29T06:00:00-04:00,17,522.05,550.0,12.4573,523.872,523.3936,-9.601,-6.86,-37.533,neutral,505.1654,1.7615,4.6918
CAT,CAT-148,2025-10-30T15:00:00-04:00,2025-10-31T14:00:00-04:00,13,583.29,578.47,16.1579,585.3265,578.7934,35.946,-10.864,-18.533,neutral_up,515.739,6.9951,10.5736
CAT,CAT-149,2025-10-31T16:00:00-04:00,2025-10-31T18:00:00-04:00,2,577.16,577.6238,16.2895,578.3788,579.0148,-14.673,0.189,9.779,neutral,521.88,6.141,14.7187
CAT,CAT-150,2025-11-03T07:00:00-05:00,2025-11-03T10:00:00-05:00,3,578.5,570.92,16.2474,578.0122,578.5967,-6.458,5.537,7.969,neutral,526.9154,5.0355,18.1716
CAT,CAT-151,2025-11-03T11:00:00-05:00,2025-11-03T15:00:00-05:00,4,574.51,570.52,16.2474,574.9364,576.7668,-31.769,13.755,-19.655,neutral_down,526.9154,5.0355,18.1716
CAT,CAT-152,2025-11-03T17:00:00-05:00,2025-11-03T18:00:00-05:00,1,570.58,570.0,16.2474,572.1445,574.4013,-36.904,-0.134,-4.135,neutral_down,526.9154,5.0355,18.1716
CAT,CAT-153,2025-11-06T14:00:00-05:00,2025-11-07T11:00:00-05:00,10,572.985,554.73,17.3146,570.1952,568.1042,23.4,11.359,19.652,neutral,535.7315,3.3429,8.816
CAT,CAT-154,2025-11-10T11:00:00-05:00,2025-11-10T12:00:00-05:00,1,567.905,571.495,17.6329,566.7903,565.9644,10.297,3.913,-25.134,neutral,541.033,2.2017,8.6444
CAT,CAT-155,2025-11-11T08:00:00-05:00,2025-11-12T10:00:00-05:00,17,569.52,579.36,17.2784,570.3514,568.7763,16.466,-10.19,-7.54,neutral,543.7673,2.7343,8.0358
CAT,CAT-156,2025-11-13T09:00:00-05:00,2025-11-13T10:00:00-05:00,1,568.335,554.68,16.5672,572.0042,572.2143,-23.041,-11.358,-31.42,neutral,548.4359,2.4674,7.4028
CAT,CAT-157,2025-11-14T14:00:00-05:00,2025-11-18T09:00:00-05:00,21,553.39,542.575,17.6831,553.6063,555.797,-14.057,-1.969,2.057,neutral,548.9026,0.4667,5.1353
CAT,CAT-158,2025-11-18T11:00:00-05:00,2025-11-18T13:00:00-05:00,2,547.24,547.43,17.3967,547.4881,550.2657,-39.141,17.326,-5.724,neutral_down,549.5666,0.2133,1.1307
CAT,CAT-159,2025-11-18T14:00:00-05:00,2025-11-18T15:00:00-05:00,1,550.525,547.06,17.3967,548.1364,549.8757,-8.753,13.496,30.388,neutral,549.5666,0.2133,1.1307
CAT,CAT-160,2025-11-18T16:00:00-05:00,2025-11-19T15:00:00-05:00,11,547.97,553.01,17.3967,547.9309,549.4697,-12.47,1.175,9.78,neutral,549.5666,0.2133,1.1307
CAT,CAT-161,2025-11-20T11:00:00-05:00,2025-11-20T12:00:00-05:00,1,545.1,543.335,16.8948,557.4343,556.2603,-11.776,-58.782,-55.087,neutral,549.6725,0.3338,0.3192
CAT,CAT-162,2025-11-21T14:00:00-05:00,2025-11-24T11:00:00-05:00,11,550.71,562.7,17.6784,550.0548,550.2508,3.38,-0.796,0.583,neutral,549.3504,-0.322,-0.2162
CAT,CAT-163,2025-11-25T11:00:00-05:00,2025-11-25T19:00:00-05:00,8,557.81,567.0,17.5096,558.6197,557.5753,1.751,-0.139,-29.679,neutral,550.4361,0.9684,0.7636
CAT,CAT-164,2025-11-26T08:00:00-05:00,2025-11-26T10:00:00-05:00,2,567.71,571.9799,17.6582,565.9717,563.4448,33.259,1.438,-18.149,neutral_up,551.9037,1.4676,2.5533
CAT,CAT-165,2025-12-01T06:00:00-05:00,2025-12-01T18:00:00-05:00,11,572.38,569.0,16.1676,574.7174,572.9727,14.612,-21.962,-24.348,neutral,555.8647,1.9895,5.4286
CAT,CAT-166,2025-12-02T10:00:00-05:00,2025-12-02T11:00:00-05:00,1,576.075,576.63,15.6385,572.2058,571.7571,34.911,11.231,52.346,neutral_up,556.9861,1.1214,5.0824
CAT,CAT-167,2025-12-05T15:00:00-05:00,2025-12-08T13:00:00-05:00,10,603.08,594.53,16.7712,602.4637,600.0309,31.102,-3.352,6.599,neutral_up,565.6156,3.3584,8.6295
CAT,CAT-168,2025-12-09T18:00:00-05:00,2025-12-10T12:00:00-05:00,8,594.3,602.92,15.9981,595.166,596.4283,-25.393,-1.306,-0.032,neutral_down,571.5213,2.4999,9.2642
CAT,CAT-169,2025-12-16T12:00:00-05:00,2025-12-17T10:00:00-05:00,11,590.865,564.34,17.4113,592.3157,594.3772,-18.374,-9.027,3.68,neutral,583.8449,0.5745,6.4299
CAT,CAT-170,2025-12-18T15:00:00-05:00,2025-12-19T12:00:00-05:00,12,565.8,574.55,18.2292,566.924,569.5015,-26.53,-0.977,-4.545,neutral_down,582.2586,-2.0349,-1.0117
CAT,CAT-171,2025-12-22T14:00:00-05:00,2025-12-22T16:00:00-05:00,2,583.68,583.81,17.7016,580.6008,578.0835,50.964,9.611,17.235,neutral_up,580.3676,-0.3948,-3.9259
CAT,CAT-172,2025-12-23T08:00:00-05:00,2025-12-23T10:00:00-05:00,2,581.0,587.59,17.1584,581.8376,579.7803,30.321,-14.443,-21.399,neutral_up,580.5697,0.202,-1.689
CAT,CAT-173,2025-12-23T11:00:00-05:00,2025-12-23T12:00:00-05:00,1,587.08,586.8725,17.1584,584.2087,581.48,61.219,1.817,30.898,neutral_up,580.5697,0.202,-1.689
CAT,CAT-174,2025-12-23T15:00:00-05:00,2025-12-23T16:00:00-05:00,1,582.42,583.58,17.1584,584.6796,582.6788,20.746,-23.787,-38.628,neutral,580.5697,0.202,-1.689
CAT,CAT-175,2025-12-24T08:00:00-05:00,2025-12-29T11:00:00-05:00,23,582.88,576.66,16.5193,583.2387,582.7349,-1.993,4.285,-11.424,neutral,580.7379,0.1682,-0.0245
CAT,CAT-176,2025-12-30T11:00:00-05:00,2025-12-31T16:00:00-05:00,17,578.34,572.404,14.6137,578.6271,579.3711,-16.547,1.836,-12.401,neutral,581.0061,-0.2336,0.2682
CAT,CAT-177,2025-12-31T18:00:00-05:00,2026-01-02T06:00:00-05:00,2,575.0,580.02,13.9606,574.5843,575.9713,-34.058,18.883,8.087,neutral_down,580.6773,-0.3287,-0.3353
CAT,CAT-178,2026-01-02T08:00:00-05:00,2026-01-02T10:00:00-05:00,2,579.0,590.99,13.4556,577.4093,577.0648,28.537,-3.406,20.835,neutral_up,579.9694,-0.7079,-1.2703
CAT,CAT-179,2026-01-06T16:00:00-05:00,2026-01-06T18:00:00-05:00,2,626.251,624.3552,15.0449,622.0382,616.765,70.277,6.925,-11.471,distribution,584.8311,3.1899,4.1538
CAT,CAT-180,2026-01-14T10:00:00-05:00,2026-01-14T12:00:00-05:00,2,630.69,627.09,15.8976,634.4018,633.5735,-10.793,-11.355,-29.551,neutral,600.1828,3.6457,9.4008
CAT,CAT-181,2026-01-14T13:00:00-05:00,2026-01-15T06:00:00-05:00,7,633.5396,645.48,15.8976,632.128,632.5501,-13.115,20.225,-2.322,neutral,600.1828,3.6457,9.4008
CAT,CAT-182,2026-01-16T10:00:00-05:00,2026-01-16T14:00:00-05:00,4,645.63,643.655,15.7705,649.6061,647.3436,10.24,-23.553,-56.538,neutral,607.6564,3.9494,11.1194
CAT,CAT-183,2026-01-16T15:00:00-05:00,2026-01-16T16:00:00-05:00,1,646.7,647.01,15.7705,646.139,646.1776,-8.535,13.045,9.955,neutral,607.6564,3.9494,11.1194
CAT,CAT-184,2026-01-21T08:00:00-05:00,2026-01-21T15:00:00-05:00,7,629.3,645.275,16.1124,630.6203,632.9859,-29.283,-2.143,-11.882,neutral_down,612.8399,1.634,9.1328
CAT,CAT-185,2026-01-22T17:00:00-05:00,2026-01-23T10:00:00-05:00,7,648.41,634.5,16.3816,648.1304,646.174,17.949,0.703,-6.502,neutral,615.7885,2.9486,8.1321
CAT,CAT-186,2026-01-27T18:00:00-05:00,2026-01-29T04:00:00-05:00,16,640.05,655.0,17.0853,639.4564,637.9069,19.274,-0.215,1.188,neutral,620.9624,1.5018,5.1739
CAT,CAT-187,2026-01-29T06:00:00-05:00,2026-02-02T11:00:00-05:00,35,657.98,680.93,16.7619,649.6925,645.1366,74.955,-10.054,44.634,distribution,624.5054,1.9005,5.0447
CAT,CAT-188,2026-02-03T14:00:00-05:00,2026-02-03T17:00:00-05:00,3,700.28,704.1,19.9707,696.9255,690.2468,44.475,4.698,-43.656,neutral_up,636.2675,5.4592,11.7621
CAT,CAT-189,2026-02-04T11:00:00-05:00,2026-02-04T13:00:00-05:00,2,697.79,680.2932,19.9135,704.5135,699.5178,26.088,-34.061,-33.032,neutral_up,642.3332,6.0657,14.1801
CAT,CAT-190,2026-02-04T14:00:00-05:00,2026-02-04T15:00:00-05:00,1,691.855,691.88,19.9135,696.0293,696.3884,-27.837,10.238,-53.925,neutral_down,642.3332,6.0657,14.1801
CAT,CAT-191,2026-02-05T15:00:00-05:00,2026-02-05T16:00:00-05:00,1,678.31,678.2,21.9311,681.3478,686.0697,-35.295,0.219,2.892,neutral_down,646.8374,4.5043,16.0292
CAT,CAT-192,2026-02-06T06:00:00-05:00,2026-02-06T09:00:00-05:00,3,690.8,704.755,22.2796,682.768,684.3689,12.964,18.911,50.916,neutral,649.6986,2.8611,13.4311
CAT,CAT-193,2026-02-10T13:00:00-05:00,2026-02-11T09:00:00-05:00,10,741.4225,772.43,24.03,742.0777,738.3395,27.112,-5.328,-17.856,neutral_up,664.3972,7.7803,17.5597
CAT,CAT-194,2026-02-12T12:00:00-05:00,2026-02-12T16:00:00-05:00,4,761.64,761.64,24.0516,773.0697,769.7125,-6.198,-26.372,-61.264,neutral,680.882,9.4118,24.2651
CAT,CAT-195,2026-02-17T13:00:00-05:00,2026-02-17T14:00:00-05:00,1,770.295,765.43,25.5931,767.2308,768.5825,-6.197,14.447,44.59,neutral,695.8359,7.8514,24.3658
CAT,CAT-196,2026-02-17T16:00:00-05:00,2026-02-17T17:00:00-05:00,1,765.2,765.2,25.5931,766.2148,767.7305,-12.846,-0.015,-6.649,neutral,695.8359,7.8514,24.3658
CAT,CAT-197,2026-02-17T18:00:00-05:00,2026-02-17T19:00:00-05:00,1,763.97,764.3072,25.5931,765.6035,767.1795,-15.387,-2.741,-2.556,neutral,695.8359,7.8514,24.3658
CAT,CAT-198,2026-02-18T05:00:00-05:00,2026-02-18T06:00:00-05:00,1,771.0,771.45,25.5093,766.4754,767.2894,3.258,18.85,15.905,neutral,702.1108,6.2749,21.2289
CAT,CAT-199,2026-02-18T07:00:00-05:00,2026-02-18T16:00:00-05:00,9,767.58,752.02,25.5093,767.4922,767.6597,6.471,-6.978,22.062,neutral,702.1108,6.2749,21.2289
CAT,CAT-200,2026-02-19T15:00:00-05:00,2026-02-20T06:00:00-05:00,6,760.54,760.35,25.2815,755.9559,756.8152,7.143,13.251,20.139,neutral,706.6762,4.5654,18.6917
CAT,CAT-201,2026-02-20T09:00:00-05:00,2026-02-24T12:00:00-05:00,32,762.0,768.785,24.7507,759.607,758.7413,13.121,11.117,-6.005,neutral,711.5729,4.8967,15.737
CAT,CAT-202,2026-02-25T11:00:00-05:00,2026-02-26T09:00:00-05:00,13,768.94,740.955,23.6372,768.903,767.2034,6.76,4.742,-55.621,neutral,724.0994,4.4371,12.5264
CAT,CAT-203,2026-02-27T14:00:00-05:00,2026-02-27T17:00:00-05:00,3,737.35,742.83,24.7796,739.8492,745.4564,-45.033,2.683,12.269,neutral_down,730.2023,2.2538,10.54
CAT,CAT-204,2026-03-02T09:00:00-05:00,2026-03-02T13:00:00-05:00,4,738.69,750.51,24.5596,733.8365,738.0955,-25.982,28.76,36.361,neutral_down,731.3775,1.1752,7.2782
CAT,CAT-205,2026-03-04T08:00:00-05:00,2026-03-04T11:00:00-05:00,3,733.47,741.475,26.4667,728.265,729.0136,13.391,6.809,15.231,neutral,732.2942,-0.9744,2.092
CAT,CAT-206,2026-03-04T15:00:00-05:00,2026-03-04T16:00:00-05:00,1,732.29,733.43,26.4667,734.0621,732.5735,4.584,-5.861,-34.597,neutral,732.2942,-0.9744,2.092
CAT,CAT-207,2026-03-05T08:00:00-05:00,2026-03-05T11:00:00-05:00,3,726.0,709.15,26.2519,730.8985,731.6538,-22.226,-12.734,-20.583,neutral,732.2939,-0.0004,0.9163
CAT,CAT-208,2026-03-11T08:00:00-04:00,2026-03-11T17:00:00-04:00,9,711.7512,707.72,28.519,715.7445,713.3973,3.067,-11.634,-15.895,neutral,722.9625,-0.6052,-6.9456
CAT,CAT-209,2026-03-11T18:00:00-04:00,2026-03-11T19:00:00-04:00,1,704.02,698.7963,28.519,708.5979,710.4052,-28.318,-9.265,-10.923,neutral_down,722.9625,-0.6052,-6.9456
CAT,CAT-210,2026-03-13T09:00:00-04:00,2026-03-13T12:00:00-04:00,3,700.16,693.63,27.695,701.9966,701.9541,6.345,-15.383,22.631,neutral,719.6592,-1.9094,-3.9085
CAT,CAT-211,2026-03-13T16:00:00-04:00,2026-03-13T19:00:00-04:00,3,693.85,694.35,27.695,694.9651,697.5571,-22.172,2.911,6.256,neutral,719.6592,-1.9094,-3.9085
CAT,CAT-212,2026-03-16T04:00:00-04:00,2026-03-16T06:00:00-04:00,1,699.0,698.74,27.1274,695.3507,696.8485,-1.769,15.489,19.965,neutral,717.3293,-2.3299,-5.6332
CAT,CAT-213,2026-03-16T13:00:00-04:00,2026-03-18T19:00:00-04:00,33,698.24,693.0,27.1274,699.3795,698.8743,-0.668,-3.262,-30.348,neutral,717.3293,-2.3299,-5.6332
CAT,CAT-214,2026-03-19T19:00:00-04:00,2026-03-23T05:00:00-04:00,16,690.247,673.0,25.005,687.8023,689.4456,4.156,0.832,21.515,neutral,712.643,-1.9023,-4.6863
CAT,CAT-215,2026-03-23T07:00:00-04:00,2026-03-23T09:00:00-04:00,2,697.97,709.44,24.8805,681.7407,682.7037,8.962,61.382,35.862,neutral,707.7289,-2.7229,-6.8164
CAT,CAT-216,2026-03-25T14:00:00-04:00,2026-03-26T05:00:00-04:00,7,720.32,710.0,25.551,722.4269,718.7353,14.023,-5.887,-19.606,neutral,708.0506,0.8579,-2.4012
CAT,CAT-217,2026-03-27T08:00:00-04:00,2026-03-30T10:00:00-04:00,18,696.62,676.895,24.4806,701.5253,706.0502,-45.799,0.185,-20.154,neutral_down,708.4944,-0.5434,1.3017
CAT,CAT-218,2026-04-06T06:00:00-04:00,2026-04-07T18:00:00-04:00,28,717.22,743.9,26.7242,719.9766,719.7154,-1.688,-11.535,3.889,neutral,707.487,1.0033,3.8158
CAT,CAT-219,2026-04-10T14:00:00-04:00,2026-04-13T06:00:00-04:00,7,795.2,781.0,26.9487,792.7654,787.5758,49.062,1.423,-6.94,neutral_up,722.2888,6.4931,13.5316
CAT,CAT-220,2026-04-13T09:00:00-04:00,2026-04-13T12:00:00-04:00,3,796.59,789.9,25.8531,787.3944,787.1735,10.565,41.541,42.42,neutral,728.4953,6.2065,18.306
CAT,CAT-221,2026-04-14T11:00:00-04:00,2026-04-15T10:00:00-04:00,13,793.21,770.89,24.95,794.3771,792.5668,14.342,-10.178,-24.179,neutral,734.1803,5.685,18.3846
CAT,CAT-222,2026-04-16T14:00:00-04:00,2026-04-17T05:00:00-04:00,7,766.595,777.02,25.2672,766.4422,770.5693,-34.658,9.469,12.034,neutral_down,742.419,2.7651,13.9237
CAT,CAT-223,2026-04-20T11:00:00-04:00,2026-04-20T19:00:00-04:00,8,796.18,800.99,25.1315,792.4481,789.884,26.013,10.831,15.036,neutral_up,749.593,4.4857,9.9391
CAT,CAT-224,2026-04-21T14:00:00-04:00,2026-04-23T09:00:00-04:00,26,803.9899,832.06,24.2506,805.37,801.9555,22.206,-9.731,-37.013,neutral,754.0372,4.4443,11.6183
CAT,CAT-225,2026-04-24T15:00:00-04:00,2026-04-28T07:00:00-04:00,23,830.34,816.2984,24.5612,833.221,831.0492,2.627,-6.711,-21.566,neutral,769.4132,6.5687,15.3759
CAT,CAT-226,2026-04-28T09:00:00-04:00,2026-04-28T10:00:00-04:00,1,816.265,812.367,23.4086,821.3412,824.9716,-51.195,1.71,-9.691,neutral_down,779.8636,4.9116,17.0191
CAT,CAT-227,2026-04-29T04:00:00-04:00,2026-04-29T18:00:00-04:00,13,822.08,808.01,23.4495,819.544,820.7727,1.017,6.721,18.963,neutral,783.3278,3.4642,13.9147
CAT,CAT-228,2026-04-30T04:00:00-04:00,2026-04-30T06:00:00-04:00,2,818.17,854.5,22.7824,812.7325,815.1083,-10.551,29.174,26.543,neutral,785.7599,2.432,10.8079
CAT,CAT-229,2026-05-01T12:00:00-04:00,2026-05-04T16:00:00-04:00,19,887.63,876.0,27.3622,889.1865,880.961,27.368,-1.84,-53.434,neutral_up,795.2926,9.5327,15.429
CAT,CAT-230,2026-05-07T07:00:00-04:00,2026-05-07T11:00:00-04:00,4,925.5,902.71,27.353,925.9506,921.1131,31.86,-4.943,-24.387,neutral_up,828.6725,9.7938,24.8001
CAT,CAT-231,2026-05-08T13:00:00-04:00,2026-05-11T06:00:00-04:00,8,901.45,893.0,28.5757,902.3357,904.0651,-13.799,-0.238,-14.519,neutral,834.7586,6.0861,24.451
CAT,CAT-232,2026-05-11T07:00:00-04:00,2026-05-11T08:00:00-04:00,1,896.02,895.0,28.0288,896.7271,899.5858,-32.984,8.535,-13.638,neutral_down,840.4542,5.6956,21.5755
CAT,CAT-233,2026-05-11T09:00:00-04:00,2026-05-11T12:00:00-04:00,3,903.26,917.85,28.0288,897.7574,899.5408,-3.77,27.308,37.749,neutral,840.4542,5.6956,21.5755
CAT,CAT-234,2026-05-13T13:00:00-04:00,2026-05-13T19:00:00-04:00,6,905.065,903.58,28.7253,906.3106,908.6262,-23.963,5.976,4.772,neutral_down,854.1717,5.8678,19.413
CAT,CAT-235,2026-05-14T09:00:00-04:00,2026-05-14T15:00:00-04:00,6,912.55,920.07,28.5027,907.4024,907.0802,23.991,9.524,29.712,neutral_up,858.5397,4.368,18.0855
CAT,CAT-236,2026-05-14T16:00:00-04:00,2026-05-14T17:00:00-04:00,1,919.0,918.51,28.5027,914.607,911.3811,40.619,-0.408,10.969,neutral_up,858.5397,4.368,18.0855
CAT,CAT-237,2026-05-19T14:00:00-04:00,2026-05-20T07:00:00-04:00,8,861.89,869.9045,29.6173,859.8555,863.8412,-9.233,0.318,47.844,neutral,866.0781,-0.2268,7.5384
CAT,CAT-238,2026-05-20T09:00:00-04:00,2026-05-20T11:00:00-04:00,2,863.945,876.0101,29.2381,865.366,864.6868,13.381,-17.38,1.089,neutral,865.561,-0.5171,1.4276
CAT,CAT-239,2026-05-20T12:00:00-04:00,2026-05-20T13:00:00-04:00,1,871.08,871.785,29.2381,868.5554,866.4565,26.044,-4.535,12.663,neutral_up,865.561,-0.5171,1.4276
CAT,CAT-240,2026-05-20T15:00:00-04:00,2026-05-20T19:00:00-04:00,4,872.88,871.0,29.2381,870.7225,868.0733,25.932,-2.233,-0.112,neutral_up,865.561,-0.5171,1.4276
CAT,CAT-241,2026-05-21T05:00:00-04:00,2026-05-22T10:00:00-04:00,20,876.29,885.765,28.6283,872.6771,870.321,26.428,11.573,5.455,neutral_up,866.2263,0.6654,-0.0785
CAT,CAT-242,2026-05-27T11:00:00-04:00,2026-05-28T09:00:00-04:00,12,903.0,886.97,28.2279,907.0342,903.9782,1.282,-6.11,-50.786,neutral,871.1722,3.7548,4.9459
CAT,CAT-243,2026-05-28T11:00:00-04:00,2026-05-28T13:00:00-04:00,2,903.91,893.825,27.7716,901.7494,903.8838,-26.472,26.591,-9.147,neutral_down,874.7066,3.5343,8.5254
CAT,CAT-244,2026-06-01T15:00:00-04:00,2026-06-01T17:00:00-04:00,2,865.335,864.0,27.6665,864.756,870.0723,-36.773,9.887,27.711,neutral_down,875.8559,-0.0096,4.6837
CAT,CAT-245,2026-06-04T10:00:00-04:00,2026-06-04T12:00:00-04:00,2,930.695,939.585,28.5242,920.3301,917.4493,21.226,32.487,19.565,neutral,882.4915,4.3929,6.6355
CAT,CAT-246,2026-06-08T13:00:00-04:00,2026-06-08T17:00:00-04:00,4,907.955,916.0,30.2726,910.3877,913.6861,-26.715,1.305,-7.814,neutral_down,889.2926,1.5467,11.194
CAT,CAT-247,2026-06-09T10:00:00-04:00,2026-06-09T12:00:00-04:00,2,914.285,885.75,29.8678,920.6124,918.1169,23.14,-38.769,-13.442,neutral,891.6887,2.3961,9.1973
CAT,CAT-248,2026-06-09T13:00:00-04:00,2026-06-09T15:00:00-04:00,2,902.1,914.42,29.8678,907.7284,912.0582,-45.118,15.118,-68.258,neutral_down,891.6887,2.3961,9.1973
CAT,CAT-249,2026-06-16T10:00:00-04:00,2026-06-16T11:00:00-04:00,1,949.568,956.09,34.0022,940.6892,933.219,85.099,-1.558,28.984,distribution,896.4947,3.7475,6.1563
CAT,CAT-250,2026-06-24T08:00:00-04:00,2026-06-25T06:00:00-04:00,14,988.2,1011.71,35.012,990.0452,992.2606,-12.169,-7.215,-3.304,neutral,928.7005,5.567,22.6763
CAT,CAT-251,2026-06-29T12:00:00-04:00,2026-06-29T14:00:00-04:00,2,1024.29,1033.97,39.1404,1013.6917,1014.5358,16.608,14.821,40.528,neutral,950.4043,4.6316,21.7038
CAT,CAT-252,2026-07-06T15:00:00-04:00,2026-07-06T18:00:00-04:00,3,969.88,970.5,43.3125,972.97,976.6435,-23.424,-0.831,-12.392,neutral,969.2097,-0.5875,11.3122
CAT,CAT-253,2026-07-06T19:00:00-04:00,2026-07-07T05:00:00-04:00,2,972.0,951.5,43.3125,971.5173,974.6515,-15.953,4.696,7.432,neutral,969.2097,-0.5875,11.3122
SHOP,SHOP-001,2024-07-15T08:00:00-04:00,2024-07-16T04:00:00-04:00,12,65.17,64.28,1.7996,65.0832,65.155,-4.166,5.987,5.21,neutral,65.2212,-0.0301,0.0133
SHOP,SHOP-002,2024-07-16T06:00:00-04:00,2024-07-16T07:00:00-04:00,1,66.0,66.55,1.7639,64.8232,64.8381,25.002,56.851,46.685,neutral_up,65.1307,-0.0906,-0.1138
SHOP,SHOP-003,2024-07-19T12:00:00-04:00,2024-07-22T16:00:00-04:00,18,63.265,62.6,2.4098,63.3349,63.7178,-15.229,-4.034,15.991,neutral,65.2634,-0.2183,0.1328
SHOP,SHOP-004,2024-07-23T12:00:00-04:00,2024-07-24T07:00:00-04:00,10,63.04,62.08,2.3597,62.925,62.9175,10.958,-3.255,14.164,neutral,64.8579,-0.2157,-0.6239
SHOP,SHOP-005,2024-07-25T14:00:00-04:00,2024-07-26T06:00:00-04:00,8,59.822,60.31,2.3503,59.8181,60.0816,-5.936,-7.717,37.436,neutral,64.1683,-0.4898,-0.9053
SHOP,SHOP-006,2024-07-26T10:00:00-04:00,2024-07-26T12:00:00-04:00,2,60.165,60.6344,2.3921,60.3425,60.1757,21.725,-22.284,1.595,neutral,63.7393,-0.4289,-1.1186
SHOP,SHOP-007,2024-07-26T14:00:00-04:00,2024-07-26T16:00:00-04:00,2,60.22,60.0,2.3921,60.3482,60.2341,5.741,-6.555,-6.794,neutral,63.7393,-0.4289,-1.1186
SHOP,SHOP-008,2024-07-29T07:00:00-04:00,2024-07-30T18:00:00-04:00,25,60.65,59.05,2.3691,60.3952,60.2778,29.587,1.731,24.223,neutral_up,63.3939,-0.3454,-1.2642
SHOP,SHOP-009,2024-07-31T04:00:00-04:00,2024-07-31T05:00:00-04:00,1,59.95,59.91,2.2616,59.4246,59.6181,-3.607,24.67,42.342,neutral,62.7218,-0.3522,-1.0175
SHOP,SHOP-010,2024-08-06T13:00:00-04:00,2024-08-07T07:00:00-04:00,10,54.61,63.85,2.9183,53.7181,53.3769,34.462,8.329,21.998,neutral_up,60.6455,-0.8325,-1.9407
SHOP,SHOP-011,2024-08-09T13:00:00-04:00,2024-08-12T06:00:00-04:00,9,68.695,69.1,3.7435,68.2103,67.3716,42.266,3.523,2.893,neutral_up,61.1485,0.7392,0.503
SHOP,SHOP-012,2024-08-12T09:00:00-04:00,2024-08-13T14:00:00-04:00,19,69.27,69.83,3.6126,69.1035,68.5863,35.944,-1.346,-2.883,neutral_up,61.8904,0.7419,1.8281
SHOP,SHOP-013,2024-08-16T13:00:00-04:00,2024-08-21T15:00:00-04:00,45,75.1,76.15,3.3082,74.8539,74.2551,56.914,-1.87,3.334,neutral_up,64.9104,0.994,2.4364
SHOP,SHOP-014,2024-08-22T11:00:00-04:00,2024-08-22T12:00:00-04:00,1,74.715,74.77,2.8045,75.7629,75.6403,-16.979,-40.239,-75.19,neutral,68.1814,0.7969,2.3947
SHOP,SHOP-015,2024-08-26T12:00:00-04:00,2024-08-26T16:00:00-04:00,4,75.725,74.91,2.7069,75.9859,75.9009,-7.928,-5.05,-51.449,neutral,69.4113,0.6719,2.0268
SHOP,SHOP-016,2024-08-27T19:00:00-04:00,2024-08-28T10:00:00-04:00,3,74.4,72.805,2.65,74.4818,74.7068,-25.204,-0.72,-5.89,neutral_down,69.9158,0.5044,1.7343
SHOP,SHOP-017,2024-08-30T12:00:00-04:00,2024-09-03T11:00:00-04:00,10,73.71,72.0765,2.566,73.591,73.4724,10.128,3.685,-15.301,neutral,70.7867,0.2513,0.871
SHOP,SHOP-018,2024-09-04T15:00:00-04:00,2024-09-04T16:00:00-04:00,1,70.23,70.15,2.5235,70.6827,71.2388,-59.556,2.307,-18.684,neutral_down,71.0986,0.0151,0.5631
SHOP,SHOP-019,2024-09-05T10:00:00-04:00,2024-09-05T11:00:00-04:00,1,69.99,69.43,2.4954,70.2538,70.6648,-38.101,-5.184,21.889,neutral_down,71.0196,-0.079,0.2328
SHOP,SHOP-020,2024-09-05T14:00:00-04:00,2024-09-05T16:00:00-04:00,2,70.19,69.9,2.4954,70.1505,70.4671,-20.38,3.294,33.667,neutral,71.0196,-0.079,0.2328
SHOP,SHOP-021,2024-09-05T17:00:00-04:00,2024-09-06T10:00:00-04:00,6,70.2,67.32,2.4954,70.1151,70.3691,-18.386,7.465,1.994,neutral,71.0196,-0.079,0.2328
SHOP,SHOP-022,2024-09-09T14:00:00-04:00,2024-09-09T15:00:00-04:00,1,68.1378,68.12,2.5951,67.9879,68.0683,1.297,1.913,6.721,neutral,70.5799,-0.357,-0.5186
SHOP,SHOP-023,2024-09-09T16:00:00-04:00,2024-09-09T18:00:00-04:00,2,68.47,68.47,2.5951,68.1054,68.1091,9.773,8.005,10.389,neutral,70.5799,-0.357,-0.5186
SHOP,SHOP-024,2024-09-10T05:00:00-04:00,2024-09-11T12:00:00-04:00,19,68.06,70.51,2.5868,68.2978,68.2266,3.544,-13.552,-11.819,neutral,70.3563,-0.2236,-0.6633
SHOP,SHOP-025,2024-09-12T16:00:00-04:00,2024-09-12T19:00:00-04:00,3,71.19,71.3,2.6213,71.1993,70.7254,27.893,-7.308,-17.691,neutral_up,70.2797,0.124,-0.3002
SHOP,SHOP-026,2024-09-16T10:00:00-04:00,2024-09-16T16:00:00-04:00,6,71.85,73.54,2.5682,72.1969,72.079,-6.709,-9.195,-26.955,neutral,70.564,0.1906,0.4083
SHOP,SHOP-027,2024-09-18T08:00:00-04:00,2024-09-18T19:00:00-04:00,11,74.7535,75.6,2.5173,74.5037,74.2664,18.303,7.998,6.222,neutral,71.1701,0.331,0.7967
SHOP,SHOP-028,2024-09-20T11:00:00-04:00,2024-09-23T10:00:00-04:00,13,78.275,79.565,2.6269,78.1773,77.825,17.904,5.951,-22.116,neutral,72.1904,0.651,1.3513
SHOP,SHOP-029,2024-09-24T11:00:00-04:00,2024-09-25T18:00:00-04:00,21,80.262,79.43,2.5602,80.0361,79.7796,17.217,10.748,-42.418,neutral,73.4509,0.6669,1.9115
SHOP,SHOP-030,2024-09-26T04:00:00-04:00,2024-09-26T05:00:00-04:00,1,80.2,80.19,2.4951,79.6639,79.7742,1.106,28.127,33.49,neutral,74.5467,0.4704,1.7627
SHOP,SHOP-031,2024-09-26T09:00:00-04:00,2024-09-26T16:00:00-04:00,7,79.65,80.69,2.4951,79.8638,79.8576,2.424,-15.65,-12.08,neutral,74.5467,0.4704,1.7627
SHOP,SHOP-032,2024-09-27T14:00:00-04:00,2024-09-27T16:00:00-04:00,2,79.9301,79.12,2.4826,80.299,80.3437,-18.544,-7.482,-9.76,neutral,75.1124,0.5658,1.6616
SHOP,SHOP-033,2024-09-30T14:00:00-04:00,2024-10-01T08:00:00-04:00,8,79.72,80.07,2.4453,79.4244,79.5732,-2.443,11.423,26.785,neutral,75.4849,0.3725,1.4087
SHOP,SHOP-034,2024-10-01T09:00:00-04:00,2024-10-01T13:00:00-04:00,4,78.97,78.52,2.4035,79.7132,79.7188,-14.309,-33.832,-33.059,neutral,75.9072,0.4223,1.3605
SHOP,SHOP-035,2024-10-02T13:00:00-04:00,2024-10-02T17:00:00-04:00,4,78.995,79.3,2.4082,78.5537,78.6685,5.521,16.272,28.025,neutral,76.1393,0.2321,1.0269
SHOP,SHOP-036,2024-10-03T11:00:00-04:00,2024-10-03T16:00:00-04:00,5,78.77,78.01,2.3344,78.858,78.8531,-7.756,1.123,-8.858,neutral,76.413,0.2737,0.928
SHOP,SHOP-037,2024-10-09T14:00:00-04:00,2024-10-09T18:00:00-04:00,4,83.365,83.0665,2.428,83.3078,82.8127,42.431,-10.909,-21.96,neutral_up,77.9128,0.4677,1.3419
SHOP,SHOP-038,2024-10-10T08:00:00-04:00,2024-10-11T06:00:00-04:00,13,82.41,82.39,2.3638,83.1125,82.9843,-10.074,-28.434,-32.473,neutral,78.4125,0.4997,1.309
SHOP,SHOP-039,2024-10-11T08:00:00-04:00,2024-10-11T11:00:00-04:00,3,82.77,84.06,2.292,82.633,82.7738,-18.532,18.213,10.982,neutral,78.8023,0.3898,1.3572
SHOP,SHOP-040,2024-10-14T14:00:00-04:00,2024-10-15T11:00:00-04:00,12,83.83,81.7,2.2933,83.7111,83.4996,31.271,-8.014,15.571,neutral_up,79.2057,0.4034,1.2929
SHOP,SHOP-041,2024-10-16T15:00:00-04:00,2024-10-18T18:00:00-04:00,32,81.81,82.56,2.3273,81.7001,82.0056,-18.194,6.803,15.891,neutral,79.825,0.2125,1.0227
SHOP,SHOP-042,2024-10-21T07:00:00-04:00,2024-10-22T18:00:00-04:00,24,82.04,81.45,2.2139,82.4018,82.3131,-5.539,-19.2,-27.819,neutral,80.3822,0.2318,0.5572
SHOP,SHOP-043,2024-10-24T13:00:00-04:00,2024-10-25T16:00:00-04:00,16,79.595,78.9605,2.1904,79.725,80.1456,-39.731,8.301,1.51,neutral_down,80.5808,-0.0961,0.1986
SHOP,SHOP-044,2024-10-28T17:00:00-04:00,2024-10-29T04:00:00-04:00,3,79.76,80.09,2.1479,79.7623,79.6827,13.253,-7.26,-4.738,neutral,80.3796,-0.133,-0.2973
SHOP,SHOP-045,2024-10-29T08:00:00-04:00,2024-10-29T19:00:00-04:00,11,79.7,80.51,2.0751,79.8149,79.7507,3.307,-7.855,-16.715,neutral,80.3323,-0.0472,-0.2484
SHOP,SHOP-046,2024-10-30T08:00:00-04:00,2024-10-30T19:00:00-04:00,11,80.07,79.51,2.0405,80.4135,80.2895,-0.503,-19.414,-28.02,neutral,80.3412,0.0089,-0.1713
SHOP,SHOP-047,2024-11-04T07:00:00-05:00,2024-11-05T14:00:00-05:00,20,78.86,79.73,2.066,78.9699,78.967,-4.679,-3.258,-5.116,neutral,80.0198,-0.103,-0.3214
SHOP,SHOP-048,2024-11-08T14:00:00-05:00,2024-11-08T16:00:00-05:00,2,86.475,87.49,2.1737,85.92,85.2435,66.569,11.012,3.307,distribution,80.5449,0.5075,0.6688
SHOP,SHOP-049,2024-11-12T05:00:00-05:00,2024-11-12T07:00:00-05:00,2,88.1,102.62,2.369,89.389,89.0103,-7.692,-15.579,-44.051,neutral,81.9489,0.8081,1.9115
SHOP,SHOP-050,2024-11-13T11:00:00-05:00,2024-11-13T13:00:00-05:00,2,112.74,113.135,3.9484,109.4764,106.4317,62.799,7.888,30.921,distribution,84.339,2.3901,3.7941
SHOP,SHOP-051,2024-11-15T14:00:00-05:00,2024-11-18T07:00:00-05:00,9,107.92,109.39,4.4799,107.6248,108.4448,-26.497,12.592,14.466,neutral_down,89.1321,1.9948,7.1832
SHOP,SHOP-052,2024-11-18T09:00:00-05:00,2024-11-18T15:00:00-05:00,6,106.36,105.9,4.4335,108.4166,108.5582,-23.204,-42.609,-40.016,neutral,90.8928,1.7607,6.5538
SHOP,SHOP-053,2024-11-19T18:00:00-05:00,2024-11-21T10:00:00-05:00,21,104.54,107.99,4.3561,104.5614,105.2016,-37.091,8.541,-1.279,neutral_down,92.2571,1.3643,5.1198
SHOP,SHOP-054,2024-11-22T12:00:00-05:00,2024-11-25T05:00:00-05:00,9,106.81,109.0,4.1684,106.5168,106.2155,18.597,6.858,-3.799,neutral,95.4482,1.1052,3.1911
SHOP,SHOP-055,2024-11-26T08:00:00-05:00,2024-11-26T12:00:00-05:00,4,110.5,113.51,4.1296,110.3894,109.8902,23.578,-0.959,4.718,neutral,97.8187,1.3231,3.4758
SHOP,SHOP-056,2024-11-26T14:00:00-05:00,2024-11-26T15:00:00-05:00,1,112.12,112.08,4.1296,111.9342,110.9829,50.44,-16.469,-8.956,neutral_up,97.8187,1.3231,3.4758
SHOP,SHOP-057,2024-11-27T12:00:00-05:00,2024-11-29T07:00:00-05:00,11,111.705,113.02,4.1789,111.8919,111.6473,5.106,-2.87,-11.843,neutral,99.1152,1.2965,3.667
SHOP,SHOP-058,2024-11-29T08:00:00-05:00,2024-11-29T10:00:00-05:00,2,112.64,114.16,3.998,112.8622,112.4654,25.593,-16.702,-25.475,neutral_up,100.3365,1.2213,3.841
SHOP,SHOP-059,2024-12-03T12:00:00-05:00,2024-12-04T06:00:00-05:00,10,111.9009,112.2,4.0487,112.2038,112.701,-34.317,6.96,-14.833,neutral_down,102.7501,1.026,3.6349
SHOP,SHOP-060,2024-12-04T07:00:00-05:00,2024-12-04T09:00:00-05:00,2,112.3,115.04,3.9559,112.1065,112.2591,-0.826,2.866,10.465,neutral,103.5828,0.8327,3.2463
SHOP,SHOP-061,2024-12-05T11:00:00-05:00,2024-12-06T06:00:00-05:00,10,113.99,116.2,3.9505,113.5826,113.3843,17.44,6.297,16.309,neutral,104.478,0.8952,2.7539
SHOP,SHOP-062,2024-12-10T13:00:00-05:00,2024-12-10T17:00:00-05:00,4,114.03,113.74,4.1064,114.8571,115.4568,-41.788,-5.667,-28.225,neutral_down,107.3307,0.7979,2.8527
SHOP,SHOP-063,2024-12-11T09:00:00-05:00,2024-12-11T12:00:00-05:00,3,115.3231,116.7275,4.0963,114.4421,114.714,9.019,13.724,49.221,neutral,107.887,0.5563,2.537
SHOP,SHOP-064,2024-12-12T13:00:00-05:00,2024-12-12T17:00:00-05:00,4,116.49,115.23,4.1187,117.0073,116.6743,6.861,-13.808,-26.676,neutral,108.7491,0.8621,2.2163
SHOP,SHOP-065,2024-12-13T16:00:00-05:00,2024-12-16T05:00:00-05:00,5,115.1101,115.37,4.051,114.8173,115.2268,-19.09,14.2,27.45,neutral,109.3483,0.5992,2.0176
SHOP,SHOP-066,2024-12-16T09:00:00-05:00,2024-12-16T13:00:00-05:00,4,115.314,116.45,3.9802,115.3672,115.3308,9.171,-10.036,-6.293,neutral,109.8321,0.4838,1.9451
SHOP,SHOP-067,2024-12-16T15:00:00-05:00,2024-12-17T10:00:00-05:00,10,116.0,119.26,3.9802,116.0032,115.7319,19.648,-7.292,-15.922,neutral,109.8321,0.4838,1.9451
SHOP,SHOP-068,2024-12-23T13:00:00-05:00,2024-12-27T10:00:00-05:00,37,109.725,107.6,4.5739,109.399,109.027,19.912,0.894,17.785,neutral,110.5544,-0.1634,-0.6654
SHOP,SHOP-069,2024-12-31T09:00:00-05:00,2025-01-03T16:00:00-05:00,34,106.13,109.0,3.9945,106.6566,106.9525,-17.69,-17.65,21.203,neutral,109.8512,-0.3171,-0.5606
SHOP,SHOP-070,2025-01-08T15:00:00-05:00,2025-01-10T09:00:00-05:00,6,107.68,101.7201,4.1831,106.859,107.652,-14.376,15.151,44.372,neutral,109.5158,-0.2736,0.1633
SHOP,SHOP-071,2025-01-14T16:00:00-05:00,2025-01-15T14:00:00-05:00,11,101.95,104.64,4.3936,101.8705,102.0091,-7.233,5.252,-9.234,neutral,108.1963,-0.6436,-1.3195
SHOP,SHOP-072,2025-01-16T12:00:00-05:00,2025-01-17T18:00:00-05:00,19,104.96,103.35,4.1922,104.545,104.0842,32.176,3.95,4.101,neutral_up,107.296,-0.3006,-1.5439
SHOP,SHOP-073,2025-01-21T04:00:00-05:00,2025-01-21T07:00:00-05:00,1,104.0,104.46,3.9767,103.7597,103.9176,-10.725,14.842,13.105,neutral,106.6236,-0.3274,-0.9731
SHOP,SHOP-074,2025-01-21T09:00:00-05:00,2025-01-21T10:00:00-05:00,1,104.31,106.24,3.9767,104.0554,104.0306,13.085,0.177,23.81,neutral,106.6236,-0.3274,-0.9731
SHOP,SHOP-075,2025-01-22T13:00:00-05:00,2025-01-24T11:00:00-05:00,28,105.86,108.26,3.9412,106.5297,106.1684,11.08,-25.024,-18.016,neutral,106.5942,-0.0294,-0.7019
SHOP,SHOP-076,2025-01-29T13:00:00-05:00,2025-01-30T14:00:00-05:00,17,116.435,119.72,4.2556,116.5357,115.44,30.784,-1.426,-25.114,neutral_up,107.6969,0.9913,1.1662
SHOP,SHOP-077,2025-01-31T13:00:00-05:00,2025-01-31T16:00:00-05:00,3,119.93,116.6001,4.198,120.193,119.4221,36.541,-18.216,-24.53,neutral_up,109.4882,0.9692,2.7826
SHOP,SHOP-078,2025-02-05T04:00:00-05:00,2025-02-05T05:00:00-05:00,1,117.7,118.08,4.543,118.4519,117.8443,11.704,-15.06,-13.549,neutral,111.3247,0.7915,1.8365
SHOP,SHOP-079,2025-02-05T09:00:00-05:00,2025-02-05T16:00:00-05:00,7,119.75,121.75,4.543,118.7328,118.1962,28.478,12.324,16.947,neutral_up,111.3247,0.7915,1.8365
SHOP,SHOP-080,2025-02-07T14:00:00-05:00,2025-02-10T06:00:00-05:00,8,117.14,120.73,4.5643,117.7426,118.3926,-38.096,0.641,-9.534,neutral_down,112.8439,0.5696,2.3107
SHOP,SHOP-081,2025-02-11T07:00:00-05:00,2025-02-13T11:00:00-05:00,36,117.77,126.85,4.5717,121.084,120.6409,8.483,-44.11,-30.697,neutral,113.8653,0.6055,1.5911
SHOP,SHOP-082,2025-02-14T13:00:00-05:00,2025-02-18T07:00:00-05:00,10,127.655,128.85,5.3725,127.2648,126.3173,36.979,-3.925,13.822,neutral_up,116.3867,1.1233,2.5213
SHOP,SHOP-083,2025-02-18T09:00:00-05:00,2025-02-18T19:00:00-05:00,10,127.16,129.5,5.3237,128.4067,127.8029,15.295,-34.774,-37.247,neutral,117.4715,1.0848,2.7248
SHOP,SHOP-084,2025-02-26T17:00:00-05:00,2025-02-27T06:00:00-05:00,3,113.56,114.53,6.033,113.1319,112.8504,18.634,1.843,8.232,neutral,118.2741,-0.7344,-1.4791
SHOP,SHOP-085,2025-02-27T08:00:00-05:00,2025-02-27T18:00:00-05:00,10,113.92,111.1,5.8849,113.8128,113.328,29.734,-10.511,12.812,neutral_up,117.8237,-0.4504,-1.5446
SHOP,SHOP-086,2025-02-28T15:00:00-05:00,2025-03-03T06:00:00-05:00,5,111.95,113.3,5.8531,110.3478,110.8209,-0.705,26.793,34.432,neutral,117.1852,-0.6385,-1.8233
SHOP,SHOP-087,2025-03-03T11:00:00-05:00,2025-03-03T12:00:00-05:00,1,111.1505,110.22,5.7572,111.8744,111.6587,-1.379,-10.303,-46.266,neutral,116.7093,-0.4759,-1.5648
SHOP,SHOP-088,2025-03-05T15:00:00-05:00,2025-03-05T16:00:00-05:00,1,106.05,106.0,6.2745,104.0621,103.9502,25.268,17.417,31.505,neutral_up,114.5071,-1.2777,-2.6781
SHOP,SHOP-089,2025-03-05T17:00:00-05:00,2025-03-05T19:00:00-05:00,2,106.69,106.0,6.2745,104.8978,104.3687,42.188,9.44,34.337,neutral_up,114.5071,-1.2777,-2.6781
SHOP,SHOP-090,2025-03-06T05:00:00-05:00,2025-03-06T06:00:00-05:00,1,104.32,104.3,6.1878,105.0357,104.5841,13.263,-19.374,-28.924,neutral,113.7383,-0.7688,-2.971
SHOP,SHOP-091,2025-03-06T08:00:00-05:00,2025-03-06T18:00:00-05:00,10,102.3,102.57,6.1878,104.1247,104.2531,-28.136,-16.162,-41.399,neutral_down,113.7383,-0.7688,-2.971
SHOP,SHOP-092,2025-03-07T10:00:00-05:00,2025-03-07T11:00:00-05:00,1,100.575,96.21,6.3236,102.228,103.0495,-37.129,-10.689,-14.847,neutral_down,112.7157,-1.0226,-3.0691
SHOP,SHOP-093,2025-03-11T11:00:00-04:00,2025-03-12T11:00:00-04:00,16,93.19,97.5,6.5981,93.1837,94.1096,-21.332,4.228,11.249,neutral,109.862,-1.7132,-3.8763
SHOP,SHOP-094,2025-03-17T09:00:00-04:00,2025-03-17T17:00:00-04:00,8,96.44,96.76,6.3871,95.1916,94.5228,47.145,4.478,35.503,neutral_up,104.7533,-0.9933,-3.5712
SHOP,SHOP-095,2025-03-20T12:00:00-04:00,2025-03-21T17:00:00-04:00,21,102.3,104.2565,6.2525,101.9732,100.8044,38.255,-7.633,14.641,neutral_up,102.9578,-0.1418,-1.7955
SHOP,SHOP-096,2025-03-25T13:00:00-04:00,2025-03-26T10:00:00-04:00,12,109.7,105.38,6.1659,109.4443,108.6599,31.166,1.088,-21.057,neutral_up,103.5538,0.5726,0.596
SHOP,SHOP-097,2025-03-27T14:00:00-04:00,2025-03-28T05:00:00-04:00,7,102.665,101.36,5.9507,102.5408,103.7303,-45.083,15.197,21.899,neutral_down,104.1357,0.0104,1.1545
SHOP,SHOP-098,2025-04-02T08:00:00-04:00,2025-04-02T17:00:00-04:00,9,94.78,91.61,5.9857,96.3988,96.4801,-28.495,-17.091,-43.848,neutral_down,102.1531,-0.4513,-1.8393
SHOP,SHOP-099,2025-04-07T09:00:00-04:00,2025-04-07T17:00:00-04:00,8,75.01,79.47,7.3829,73.6559,75.9268,-29.106,19.589,31.868,neutral_down,98.0959,-2.1216,-4.0572
SHOP,SHOP-100,2025-04-08T13:00:00-04:00,2025-04-08T19:00:00-04:00,6,79.12,74.8,7.8184,80.7883,80.0643,-3.136,-8.935,-44.264,neutral,96.3463,-1.7496,-5.672
SHOP,SHOP-101,2025-04-09T12:00:00-04:00,2025-04-09T14:00:00-04:00,2,76.78,89.095,8.055,76.4917,77.3809,-15.829,8.586,-2.222,neutral,94.5985,-1.7478,-5.6191
SHOP,SHOP-102,2025-04-11T08:00:00-04:00,2025-04-14T06:00:00-04:00,14,84.6,85.49,8.9527,84.943,84.8602,1.331,-5.317,-0.229,neutral,93.4278,-0.8808,-2.9185
SHOP,SHOP-103,2025-04-14T09:00:00-04:00,2025-04-14T13:00:00-04:00,4,84.96,83.48,8.8282,84.9299,84.4722,18.536,-9.316,-4.784,neutral,92.5389,-0.8889,-2.0595
SHOP,SHOP-104,2025-04-14T14:00:00-04:00,2025-04-15T05:00:00-04:00,7,83.735,83.16,8.8282,83.8585,84.0403,-11.341,5.318,0.548,neutral,92.5389,-0.8889,-2.0595
SHOP,SHOP-105,2025-04-15T09:00:00-04:00,2025-04-17T06:00:00-04:00,29,83.675,84.95,8.6515,82.982,83.2504,-3.992,14.848,4.016,neutral,91.6445,-0.8944,-2.6641
SHOP,SHOP-106,2025-04-17T09:00:00-04:00,2025-04-21T07:00:00-04:00,12,83.28,81.45,7.93,84.0898,83.8004,3.016,-18.464,-33.536,neutral,90.3125,-0.6352,-2.2265
SHOP,SHOP-107,2025-04-22T09:00:00-04:00,2025-04-22T10:00:00-04:00,1,82.23,83.15,7.2903,82.3996,82.3381,8.293,-12.626,-16.487,neutral,88.9777,-0.7318,-1.97
SHOP,SHOP-108,2025-04-24T05:00:00-04:00,2025-04-24T13:00:00-04:00,8,89.5,94.535,7.3107,90.5161,89.8826,-2.228,-6.589,-30.628,neutral,88.8896,0.208,-0.8199
SHOP,SHOP-109,2025-04-25T14:00:00-04:00,2025-04-25T19:00:00-04:00,5,97.035,97.09,7.2067,96.5292,95.2897,44.567,-4.441,-11.664,neutral_up,89.4497,0.5601,0.472
SHOP,SHOP-110,2025-04-28T07:00:00-04:00,2025-04-30T08:00:00-04:00,33,97.36,94.94,6.9483,97.0482,96.3417,31.577,3.33,0.688,neutral_up,90.1461,0.6964,1.4646
SHOP,SHOP-111,2025-05-01T18:00:00-04:00,2025-05-02T13:00:00-04:00,11,96.25,99.71,6.3169,96.7796,96.8444,-14.444,-2.342,-25.78,neutral,91.9326,0.2977,1.7864
SHOP,SHOP-112,2025-05-02T14:00:00-04:00,2025-05-02T15:00:00-04:00,1,99.085,99.2,6.15,98.6755,97.9941,42.555,-8.306,17.232,neutral_up,92.3987,0.4661,1.4904
SHOP,SHOP-113,2025-05-05T09:00:00-04:00,2025-05-05T16:00:00-04:00,7,98.38,98.1,5.9557,97.9814,98.0824,-16.176,24.553,2.085,neutral,93.017,0.6183,1.3822
SHOP,SHOP-114,2025-05-06T08:00:00-04:00,2025-05-06T09:00:00-04:00,1,97.1175,95.775,5.8316,97.3725,97.7771,-33.643,10.132,6.949,neutral_down,93.5036,0.4866,1.5711
SHOP,SHOP-115,2025-05-07T10:00:00-04:00,2025-05-08T05:00:00-04:00,11,94.5887,98.65,5.7572,94.9912,95.3809,-15.423,-9.347,1.313,neutral,93.5324,0.0288,1.1337
SHOP,SHOP-116,2025-05-09T12:00:00-04:00,2025-05-09T18:00:00-04:00,6,91.33,91.61,5.6971,92.6044,93.2033,-30.633,-3.771,-23.739,neutral_down,93.6664,0.0424,0.1627
SHOP,SHOP-117,2025-05-14T12:00:00-04:00,2025-05-14T15:00:00-04:00,3,110.495,111.47,6.2272,109.3543,107.8698,69.331,-1.318,14.8,distribution,95.6867,1.2013,2.0204
SHOP,SHOP-118,2025-05-15T10:00:00-04:00,2025-05-19T04:00:00-04:00,26,108.91,107.5,6.0809,110.225,109.8151,-1.021,-22.442,-23.178,neutral,97.1216,1.4348,3.6276
SHOP,SHOP-119,2025-05-19T17:00:00-04:00,2025-05-20T12:00:00-04:00,10,109.2,106.55,5.6493,108.8568,108.9822,4.587,2.237,0.112,neutral,99.4528,1.1367,3.7661
SHOP,SHOP-120,2025-05-22T15:00:00-04:00,2025-05-23T06:00:00-04:00,7,103.335,103.51,5.415,103.5493,103.6713,3.494,-15.024,3.19,neutral,101.0096,0.126,1.5568
SHOP,SHOP-121,2025-05-23T08:00:00-04:00,2025-05-23T12:00:00-04:00,4,99.73,102.6722,5.2411,102.1804,102.9302,-69.827,-13.639,-64.066,accumulation,101.221,0.2114,0.8921
SHOP,SHOP-122,2025-05-28T11:00:00-04:00,2025-05-28T19:00:00-04:00,8,106.57,110.9135,5.1469,106.3887,105.9345,19.935,7.312,-24.014,neutral,101.7458,0.4994,0.7362
SHOP,SHOP-123,2025-05-30T17:00:00-04:00,2025-05-30T18:00:00-04:00,1,107.02,107.0,4.8626,106.3482,106.7066,1.985,6.87,55.915,neutral,102.7312,0.4969,1.4849
SHOP,SHOP-124,2025-05-30T19:00:00-04:00,2025-06-02T04:00:00-04:00,1,107.09,106.88,4.8626,106.6009,106.7657,7.189,2.143,12.074,neutral,102.7312,0.4969,1.4849
SHOP,SHOP-125,2025-06-02T09:00:00-04:00,2025-06-02T12:00:00-04:00,3,104.39,105.82,4.786,106.14,106.5059,-34.357,-28.166,-39.539,neutral_down,103.1284,0.3972,1.3826
SHOP,SHOP-126,2025-06-02T14:00:00-04:00,2025-06-02T15:00:00-04:00,1,106.505,106.52,4.786,106.0213,106.2719,-3.642,10.972,20.265,neutral,103.1284,0.3972,1.3826
SHOP,SHOP-127,2025-06-03T04:00:00-04:00,2025-06-03T07:00:00-04:00,3,105.48,104.0,4.7027,106.0851,106.2353,-16.117,-13.238,-17.865,neutral,103.4367,0.3083,1.2024
SHOP,SHOP-128,2025-06-03T09:00:00-04:00,2025-06-03T18:00:00-04:00,9,104.955,105.15,4.7027,104.9729,105.5624,-37.331,19.578,5.013,neutral_down,103.4367,0.3083,1.2024
SHOP,SHOP-129,2025-06-04T04:00:00-04:00,2025-06-04T07:00:00-04:00,2,105.0,105.5,4.5289,105.2482,105.4444,-14.362,-3.269,-0.947,neutral,103.5897,0.153,0.8585
SHOP,SHOP-130,2025-06-04T08:00:00-04:00,2025-06-04T12:00:00-04:00,4,105.5,103.465,4.5289,105.3826,105.465,0.021,1.435,14.382,neutral,103.5897,0.153,0.8585
SHOP,SHOP-131,2025-06-05T12:00:00-04:00,2025-06-06T04:00:00-04:00,8,104.4,105.22,4.4154,104.4204,104.3042,24.263,-20.892,57.306,neutral_up,103.5898,0.0,0.4614
SHOP,SHOP-132,2025-06-10T12:00:00-04:00,2025-06-10T17:00:00-04:00,5,108.92,110.0,4.4767,108.4976,108.639,2.799,6.875,18.295,neutral,104.7259,0.3044,1.1361
SHOP,SHOP-133,2025-06-16T07:00:00-04:00,2025-06-16T11:00:00-04:00,4,107.8,108.4033,4.6247,106.6953,107.0174,15.366,13.275,39.743,neutral,106.2392,-0.0889,1.0084
SHOP,SHOP-134,2025-06-17T09:00:00-04:00,2025-06-17T18:00:00-04:00,9,107.65,106.1778,4.5894,107.6725,107.6824,-5.772,4.576,3.231,neutral,106.4311,0.1919,0.3922
SHOP,SHOP-135,2025-06-18T04:00:00-04:00,2025-06-23T15:00:00-04:00,42,107.19,109.94,4.4187,106.7554,107.0904,-17.557,21.638,16.809,neutral,106.4374,0.0064,0.1093
SHOP,SHOP-136,2025-06-25T13:00:00-04:00,2025-06-26T09:00:00-04:00,12,113.68,108.91,4.4119,113.8297,113.4258,7.362,2.362,-22.736,neutral,107.4169,0.6993,1.021
SHOP,SHOP-137,2025-06-27T15:00:00-04:00,2025-06-30T07:00:00-04:00,8,113.67,114.99,4.3086,113.6315,113.4966,-2.763,8.122,-43.506,neutral,108.4687,0.4651,1.7511
SHOP,SHOP-138,2025-06-30T08:00:00-04:00,2025-06-30T10:00:00-04:00,2,114.65,115.7616,4.2258,114.4408,113.9992,33.804,-10.554,1.199,neutral_up,108.9415,0.4728,1.5246
SHOP,SHOP-139,2025-07-01T08:00:00-04:00,2025-07-01T15:00:00-04:00,7,114.8,112.73,4.1333,114.976,114.8313,-0.463,-0.769,-9.501,neutral,109.525,0.5835,1.5215
SHOP,SHOP-140,2025-07-02T10:00:00-04:00,2025-07-02T12:00:00-04:00,2,116.5,115.304,4.1273,113.5923,113.6243,28.039,46.457,62.368,neutral_up,109.8164,0.2914,1.3477
SHOP,SHOP-141,2025-07-07T04:00:00-04:00,2025-07-07T05:00:00-04:00,1,115.57,115.9,4.108,116.0899,115.4703,32.002,-28.403,-20.625,neutral_up,110.836,0.5684,1.311
SHOP,SHOP-142,2025-07-07T08:00:00-04:00,2025-07-08T11:00:00-04:00,18,116.0,113.375,4.108,116.0332,115.5945,17.791,-2.693,-14.21,neutral,110.836,0.5684,1.311
SHOP,SHOP-143,2025-07-09T13:00:00-04:00,2025-07-09T17:00:00-04:00,4,114.02,114.29,4.1881,113.4442,113.6699,3.575,9.835,25.742,neutral,111.4695,0.104,1.2019
SHOP,SHOP-144,2025-07-10T09:00:00-04:00,2025-07-10T14:00:00-04:00,5,112.76,116.13,4.0618,113.8635,113.9152,-22.407,-29.998,-35.492,neutral,111.7296,0.26,0.8935
SHOP,SHOP-145,2025-07-10T15:00:00-04:00,2025-07-10T17:00:00-04:00,2,115.16,115.1001,4.0618,115.0465,114.5579,40.514,-17.778,11.569,neutral_up,111.7296,0.26,0.8935
SHOP,SHOP-146,2025-07-11T09:00:00-04:00,2025-07-11T11:00:00-04:00,2,115.17,113.075,4.0703,114.5883,114.5779,-2.819,25.308,12.885,neutral,112.0414,0.3119,0.676
SHOP,SHOP-147,2025-07-14T09:00:00-04:00,2025-07-14T10:00:00-04:00,1,114.01,115.01,4.131,112.8575,113.0888,8.124,21.232,31.661,neutral,112.0476,0.0062,0.5781
SHOP,SHOP-148,2025-07-15T13:00:00-04:00,2025-07-15T18:00:00-04:00,5,115.9999,114.6,4.317,116.2167,115.9081,4.159,-1.169,-1.758,neutral,112.467,0.4193,0.7374
SHOP,SHOP-149,2025-07-16T10:00:00-04:00,2025-07-16T12:00:00-04:00,2,117.42,118.94,4.2943,115.053,115.15,11.779,51.099,46.134,neutral,112.6982,0.2313,0.6568
SHOP,SHOP-150,2025-07-18T15:00:00-04:00,2025-07-22T06:00:00-04:00,23,127.08,125.0,4.754,126.7687,125.7384,37.88,3.615,-9.274,neutral_up,114.5791,1.2171,2.1122
SHOP,SHOP-151,2025-07-23T09:00:00-04:00,2025-07-23T10:00:00-04:00,1,120.62,120.89,4.6048,122.9764,124.033,-62.876,-25.011,-14.373,accumulation,117.5,0.625,2.9209
SHOP,SHOP-152,2025-07-23T13:00:00-04:00,2025-07-23T15:00:00-04:00,2,121.665,122.24,4.6048,121.9869,123.1588,-49.295,11.159,18.92,neutral_down,117.5,0.625,2.9209
SHOP,SHOP-153,2025-07-23T16:00:00-04:00,2025-07-23T17:00:00-04:00,1,122.5661,122.61,4.6048,122.1974,122.9727,-18.754,7.916,30.54,neutral,117.5,0.625,2.9209
SHOP,SHOP-154,2025-07-23T19:00:00-04:00,2025-07-24T04:00:00-04:00,1,122.3801,122.61,4.6048,122.3,122.8343,-15.068,0.756,3.686,neutral,117.5,0.625,2.9209
SHOP,SHOP-155,2025-07-24T08:00:00-04:00,2025-07-25T11:00:00-04:00,15,122.9451,125.13,4.6245,122.4624,122.7138,-2.764,11.315,10.714,neutral,117.931,0.4309,2.2154
SHOP,SHOP-156,2025-07-29T09:00:00-04:00,2025-07-29T11:00:00-04:00,2,126.22,124.66,4.3634,127.0008,126.4935,15.07,-25.838,-47.77,neutral,119.5825,0.7228,1.6515
SHOP,SHOP-157,2025-07-30T13:00:00-04:00,2025-07-31T07:00:00-04:00,10,125.565,124.24,4.3618,125.1213,125.166,10.062,5.35,14.621,neutral,120.0604,0.478,1.7577
SHOP,SHOP-158,2025-07-31T09:00:00-04:00,2025-07-31T18:00:00-04:00,9,126.075,121.54,4.3202,124.5229,124.4675,29.927,24.727,35.282,neutral_up,120.3295,0.2691,1.4698
SHOP,SHOP-159,2025-08-04T07:00:00-04:00,2025-08-04T09:00:00-04:00,2,119.49,123.585,4.4684,119.3116,119.7481,-5.338,-2.869,12.871,neutral,120.3227,-0.1723,0.2623
SHOP,SHOP-160,2025-08-05T13:00:00-04:00,2025-08-06T07:00:00-04:00,10,126.19,147.64,4.6414,125.1532,124.4168,37.744,17.455,14.546,neutral_up,120.7725,0.4498,0.443
SHOP,SHOP-161,2025-08-07T11:00:00-04:00,2025-08-07T19:00:00-04:00,8,150.405,151.0,6.3733,152.899,149.545,34.588,-24.636,-45.843,neutral_up,124.4014,3.0519,4.0787
SHOP,SHOP-162,2025-08-08T09:00:00-04:00,2025-08-12T04:00:00-04:00,27,148.4,146.71,6.5859,150.5469,150.2804,-12.143,-22.082,-28.224,neutral,126.8222,2.4208,6.0497
SHOP,SHOP-163,2025-08-12T08:00:00-04:00,2025-08-13T06:00:00-04:00,13,148.3,150.53,6.3133,147.6573,148.2483,-16.566,17.93,20.857,neutral,130.5943,1.7006,6.193
SHOP,SHOP-164,2025-08-13T11:00:00-04:00,2025-08-14T09:00:00-04:00,13,150.065,143.9,6.121,149.9505,149.4618,23.231,-5.565,-10.722,neutral,132.3067,1.7123,5.4845
SHOP,SHOP-165,2025-08-18T13:00:00-04:00,2025-08-18T19:00:00-04:00,6,142.55,143.2655,5.8993,141.9324,142.3204,-0.637,8.79,29.001,neutral,135.46,0.596,3.1533
SHOP,SHOP-166,2025-08-19T04:00:00-04:00,2025-08-19T07:00:00-04:00,1,142.38,142.75,5.7136,142.7074,142.6131,7.126,-16.73,-14.309,neutral,136.1545,0.6945,2.2312
SHOP,SHOP-167,2025-08-19T08:00:00-04:00,2025-08-19T13:00:00-04:00,5,143.0,140.07,5.7136,142.7727,142.6596,10.191,3.999,-13.664,neutral,136.1545,0.6945,2.2312
SHOP,SHOP-168,2025-08-21T07:00:00-04:00,2025-08-22T10:00:00-04:00,18,137.27,142.61,5.6038,137.2988,137.8496,-23.123,2.367,2.1,neutral,136.4987,0.0691,1.0387
SHOP,SHOP-169,2025-08-25T14:00:00-04:00,2025-08-25T15:00:00-04:00,1,140.96,140.53,5.5922,140.9025,140.7143,2.934,5.685,13.633,neutral,137.0254,0.5085,0.5959
SHOP,SHOP-170,2025-08-26T09:00:00-04:00,2025-08-27T17:00:00-04:00,24,140.62,139.51,5.4325,140.5275,140.558,1.254,1.134,16.091,neutral,137.344,0.3186,0.8454
SHOP,SHOP-171,2025-08-28T08:00:00-04:00,2025-08-28T10:00:00-04:00,2,140.0,143.845,5.1936,139.844,139.8652,9.908,-4.843,19.131,neutral,137.8729,0.2047,0.8475
SHOP,SHOP-172,2025-08-29T11:00:00-04:00,2025-09-02T06:00:00-04:00,11,141.07,139.0,5.1284,141.3268,141.3261,-12.955,5.737,-20.785,neutral,138.2063,0.3334,0.8623
SHOP,SHOP-173,2025-09-03T08:00:00-04:00,2025-09-04T12:00:00-04:00,20,139.5,143.345,5.1957,139.2739,139.3058,11.366,-5.553,17.007,neutral,138.5361,0.0504,0.6632
SHOP,SHOP-174,2025-09-05T15:00:00-04:00,2025-09-08T08:00:00-04:00,7,146.8,147.9679,5.0661,146.1648,145.1514,53.187,1.811,12.061,neutral_up,139.2712,0.5879,0.7854
SHOP,SHOP-175,2025-09-08T09:00:00-04:00,2025-09-09T11:00:00-04:00,16,145.05,143.82,4.922,146.6166,146.0137,19.135,-52.484,-29.203,neutral,139.9556,0.6844,1.4195
SHOP,SHOP-176,2025-09-10T10:00:00-04:00,2025-09-11T04:00:00-04:00,10,143.61,142.5,4.8105,144.0248,144.2699,-7.852,-13.226,6.776,neutral,140.794,0.2616,1.5228
SHOP,SHOP-177,2025-09-11T08:00:00-04:00,2025-09-11T11:00:00-04:00,3,143.01,146.33,4.764,142.668,143.0635,-8.669,6.952,23.568,neutral,140.9227,0.1287,0.9671
SHOP,SHOP-178,2025-09-15T10:00:00-04:00,2025-09-15T12:00:00-04:00,2,144.37,147.27,4.6833,144.1942,143.9372,27.809,-14.595,16.996,neutral_up,141.4768,0.1843,0.6828
SHOP,SHOP-179,2025-09-16T16:00:00-04:00,2025-09-16T17:00:00-04:00,1,147.21,147.01,4.728,146.9668,146.7983,7.45,3.989,17.118,neutral,142.0589,0.5821,1.1362
SHOP,SHOP-180,2025-09-17T10:00:00-04:00,2025-09-18T05:00:00-04:00,11,147.19,150.35,4.7453,147.1379,146.9843,9.417,-2.915,2.095,neutral,142.5281,0.4692,1.2356
SHOP,SHOP-181,2025-09-19T14:00:00-04:00,2025-09-22T13:00:00-04:00,15,153.895,158.0617,4.7004,153.5555,152.4741,50.784,-8.525,-14.386,neutral_up,143.847,0.8333,1.7881
SHOP,SHOP-182,2025-09-24T16:00:00-04:00,2025-09-25T06:00:00-04:00,5,148.84,148.8,5.027,149.4671,150.5036,-49.523,0.046,4.992,neutral_down,146.1997,0.3715,2.3527
SHOP,SHOP-183,2025-09-30T17:00:00-04:00,2025-10-02T05:00:00-04:00,19,148.3,150.01,5.3504,147.9688,147.3203,20.539,0.889,10.135,neutral,145.9412,0.3099,-0.5003
SHOP,SHOP-184,2025-10-02T09:00:00-04:00,2025-10-03T04:00:00-04:00,11,148.915,152.25,5.435,149.7838,149.3211,13.583,-25.075,-14.384,neutral,146.4966,0.3073,0.8652
SHOP,SHOP-185,2025-10-07T08:00:00-04:00,2025-10-07T15:00:00-04:00,7,164.96,161.25,5.9317,164.6583,163.8594,22.672,4.421,6.616,neutral,149.7048,1.4765,3.2082
SHOP,SHOP-186,2025-10-14T09:00:00-04:00,2025-10-15T04:00:00-04:00,10,148.95,154.22,6.4335,150.772,152.4374,-55.266,1.242,0.448,neutral_down,153.0805,0.0589,0.9193
SHOP,SHOP-187,2025-10-15T16:00:00-04:00,2025-10-16T05:00:00-04:00,3,155.2023,156.99,6.6711,155.9105,155.0568,15.464,-12.709,-20.787,neutral,153.0614,-0.0191,-0.1633
SHOP,SHOP-188,2025-10-16T14:00:00-04:00,2025-10-16T16:00:00-04:00,2,157.9,155.85,6.6085,159.0047,157.7776,16.931,-15.163,-24.472,neutral,153.3485,0.2871,0.327
SHOP,SHOP-189,2025-10-21T15:00:00-04:00,2025-10-22T04:00:00-04:00,5,162.64,162.85,6.6673,163.3285,162.8027,3.103,-6.742,-24.832,neutral,154.9809,0.9739,1.6323
SHOP,SHOP-190,2025-10-22T08:00:00-04:00,2025-10-23T12:00:00-04:00,19,162.5,165.75,6.4832,162.5591,162.6034,-9.068,6.413,-1.94,neutral,155.6772,0.6963,2.0385
SHOP,SHOP-191,2025-10-27T15:00:00-04:00,2025-10-27T17:00:00-04:00,2,175.12,175.689,6.3732,174.898,173.7432,35.461,-2.318,-0.252,neutral_up,158.6629,1.4337,2.9857
SHOP,SHOP-192,2025-10-28T07:00:00-04:00,2025-10-28T13:00:00-04:00,6,174.25,178.33,6.2212,174.7105,174.2723,-1.22,0.59,-38.672,neutral,160.159,1.4961,3.9088
SHOP,SHOP-193,2025-10-29T14:00:00-04:00,2025-10-30T12:00:00-04:00,14,178.2,175.99,6.2625,179.6964,178.74,18.457,-29.163,-38.955,neutral,161.8668,1.7078,4.6376
SHOP,SHOP-194,2025-10-31T04:00:00-04:00,2025-10-31T05:00:00-04:00,1,176.16,176.2,6.2469,176.0221,176.6214,-7.52,-1.184,24.38,neutral,164.356,0.9244,4.1971
SHOP,SHOP-195,2025-10-31T08:00:00-04:00,2025-10-31T18:00:00-04:00,10,176.7902,173.99,6.2469,176.211,176.562,-1.976,6.515,5.545,neutral,164.356,0.9244,4.1971
SHOP,SHOP-196,2025-11-03T10:00:00-05:00,2025-11-03T11:00:00-05:00,1,170.5,170.975,6.3771,174.1377,174.6362,-31.435,-47.407,-35.621,neutral_down,165.22,0.864,3.3532
SHOP,SHOP-197,2025-11-03T12:00:00-05:00,2025-11-04T04:00:00-05:00,8,172.77,167.67,6.3771,173.3581,174.164,-36.651,10.942,-52.623,neutral_down,165.22,0.864,3.3532
SHOP,SHOP-198,2025-11-04T07:00:00-05:00,2025-11-04T15:00:00-05:00,8,167.0,160.96,6.5398,169.9663,171.8112,-58.081,7.107,-0.965,neutral_down,165.8818,0.6618,2.4502
SHOP,SHOP-199,2025-11-05T12:00:00-05:00,2025-11-05T13:00:00-05:00,1,165.275,165.1,7.0494,162.4091,163.7697,-2.505,17.941,28.241,neutral,165.4344,-0.4474,1.0784
SHOP,SHOP-200,2025-11-05T15:00:00-05:00,2025-11-06T11:00:00-05:00,11,162.92,156.425,7.0494,163.279,163.8986,-1.202,-9.626,1.303,neutral,165.4344,-0.4474,1.0784
SHOP,SHOP-201,2025-11-11T07:00:00-05:00,2025-11-12T17:00:00-05:00,25,158.27,156.8,7.4432,158.0334,157.4919,9.373,7.445,-18.47,neutral,162.8766,-0.3987,-2.3292
SHOP,SHOP-202,2025-11-14T14:00:00-05:00,2025-11-14T17:00:00-05:00,3,147.8,146.21,7.4342,146.7055,147.5765,0.844,2.617,13.965,neutral,160.561,-1.4221,-2.3156
SHOP,SHOP-203,2025-11-18T16:00:00-05:00,2025-11-19T09:00:00-05:00,8,140.42,146.0799,7.5121,140.0099,140.721,-5.723,-0.064,11.971,neutral,157.4845,-1.7565,-4.4986
SHOP,SHOP-204,2025-11-21T13:00:00-05:00,2025-11-24T08:00:00-05:00,11,148.72,150.0,7.6293,146.4856,146.2692,17.737,9.475,28.671,neutral,154.0861,-0.9496,-3.3984
SHOP,SHOP-205,2025-11-24T09:00:00-05:00,2025-11-24T11:00:00-05:00,2,149.9799,153.86,7.6165,149.0294,148.0938,27.81,0.748,6.518,neutral_up,153.5137,-0.5724,-2.4186
SHOP,SHOP-206,2025-11-25T13:00:00-05:00,2025-11-26T04:00:00-05:00,7,156.455,159.4,7.7346,155.3407,154.026,43.584,1.392,23.64,neutral_up,153.6711,0.1574,-1.3646
SHOP,SHOP-207,2025-11-26T19:00:00-05:00,2025-12-01T06:00:00-05:00,13,159.55,156.68,7.6772,159.4837,158.7762,18.363,2.67,-7.228,neutral,154.0047,0.3335,-0.0815
SHOP,SHOP-208,2025-12-03T11:00:00-05:00,2025-12-03T17:00:00-05:00,6,158.6107,159.71,7.3946,157.5472,156.6924,36.43,6.355,1.088,neutral_up,154.5735,0.2247,0.0874
SHOP,SHOP-209,2025-12-04T10:00:00-05:00,2025-12-04T19:00:00-05:00,9,159.54,162.5,7.2968,159.7527,159.073,13.58,-3.195,-40.11,neutral,155.0668,0.4933,0.2081
SHOP,SHOP-210,2025-12-05T10:00:00-05:00,2025-12-05T12:00:00-05:00,2,161.07,159.895,7.1606,162.1414,161.5387,5.751,-17.647,-43.731,neutral,155.7262,0.6594,1.3774
SHOP,SHOP-211,2025-12-05T15:00:00-05:00,2025-12-05T17:00:00-05:00,2,161.1,161.0,7.1606,160.8516,161.0078,-12.852,15.285,13.071,neutral,155.7262,0.6594,1.3774
SHOP,SHOP-212,2025-12-08T09:00:00-05:00,2025-12-08T10:00:00-05:00,1,159.82,159.68,6.9498,161.0716,161.0913,-5.727,-28.39,-8.187,neutral,156.2147,0.4885,1.6412
SHOP,SHOP-213,2025-12-12T08:00:00-05:00,2025-12-12T11:00:00-05:00,3,164.21,160.27,7.0103,164.656,164.6358,-7.221,-5.007,-11.393,neutral,158.4222,0.6338,2.0088
SHOP,SHOP-214,2025-12-12T12:00:00-05:00,2025-12-12T19:00:00-05:00,6,162.36,163.75,7.0103,162.9294,163.727,-45.115,16.323,-24.846,neutral_down,158.4222,0.6338,2.0088
SHOP,SHOP-215,2025-12-15T09:00:00-05:00,2025-12-15T15:00:00-05:00,6,165.46,159.78,6.9139,165.1892,164.6382,29.369,-11.492,-5.174,neutral_up,158.9502,0.528,2.2239
SHOP,SHOP-216,2025-12-16T14:00:00-05:00,2025-12-16T15:00:00-05:00,1,161.95,163.06,7.125,161.329,161.3854,10.658,-0.852,-0.931,neutral,159.0256,0.0754,1.2372
SHOP,SHOP-217,2025-12-19T17:00:00-05:00,2025-12-19T18:00:00-05:00,1,169.99,170.44,7.5806,169.645,168.4606,35.537,-2.501,-23.351,neutral_up,160.2508,0.6459,1.2252
SHOP,SHOP-218,2025-12-22T12:00:00-05:00,2025-12-23T13:00:00-05:00,12,171.745,168.33,7.4006,171.2317,170.2088,38.391,-0.825,-12.464,neutral_up,161.098,0.8472,1.7056
SHOP,SHOP-219,2025-12-24T08:00:00-05:00,2025-12-29T13:00:00-05:00,26,170.1,167.9505,6.8065,169.4576,169.491,8.597,11.702,6.489,neutral,162.5711,0.6929,2.3203
SHOP,SHOP-220,2026-01-06T14:00:00-05:00,2026-01-06T16:00:00-05:00,2,167.4669,168.3,6.2256,165.0528,164.0919,50.987,19.478,42.697,neutral_up,163.5566,0.2693,-0.6391
SHOP,SHOP-221,2026-01-07T17:00:00-05:00,2026-01-08T17:00:00-05:00,15,166.51,168.5,6.3942,167.2072,166.8457,-3.51,-5.504,-33.151,neutral,164.0087,0.4521,0.1117
SHOP,SHOP-222,2026-01-12T12:00:00-05:00,2026-01-12T15:00:00-05:00,3,165.415,167.93,6.1634,164.5316,164.8944,4.886,6.006,46.974,neutral,164.6002,-0.014,0.5915
SHOP,SHOP-223,2026-01-13T12:00:00-05:00,2026-01-14T09:00:00-05:00,12,166.28,159.14,6.28,167.101,166.7696,1.727,-12.114,-32.118,neutral,164.9029,0.3027,0.6523
SHOP,SHOP-224,2026-01-15T15:00:00-05:00,2026-01-16T17:00:00-05:00,17,158.0,155.4266,6.8025,158.5528,159.1142,-19.626,-5.226,-8.74,neutral,164.4413,-0.6931,-0.1589
SHOP,SHOP-225,2026-01-22T14:00:00-05:00,2026-01-22T19:00:00-05:00,5,137.78,137.7086,6.9405,138.8233,140.3413,-51.479,0.369,-1.573,neutral_down,159.3454,-2.0825,-4.5103
SHOP,SHOP-226,2026-01-23T10:00:00-05:00,2026-01-28T08:00:00-05:00,41,137.64,138.35,6.9412,137.4768,138.3842,-35.255,15.633,1.327,neutral_down,157.374,-1.9714,-5.7467
SHOP,SHOP-227,2026-01-28T09:00:00-05:00,2026-01-28T14:00:00-05:00,5,138.91,140.0,6.2379,138.0759,137.6144,37.451,5.655,9.144,neutral_up,152.3618,-1.4862,-5.0123
SHOP,SHOP-228,2026-01-28T15:00:00-05:00,2026-01-29T18:00:00-05:00,19,138.93,142.9847,6.2379,138.9838,138.329,30.784,-15.395,-10.473,neutral_up,152.3618,-1.4862,-5.0123
SHOP,SHOP-229,2026-01-30T04:00:00-05:00,2026-01-30T06:00:00-05:00,2,138.81,141.5,6.1338,141.6876,141.1168,-3.743,-40.845,-41.887,neutral,150.457,-0.6837,-3.391
SHOP,SHOP-230,2026-01-30T08:00:00-05:00,2026-01-30T10:00:00-05:00,2,141.13,136.5675,6.1338,141.4815,141.1783,3.858,-4.805,11.003,neutral,150.457,-0.6837,-3.391
SHOP,SHOP-231,2026-02-02T15:00:00-05:00,2026-02-03T05:00:00-05:00,6,132.18,133.59,6.6378,132.8441,133.8184,-27.867,0.728,-23.783,neutral_down,148.7146,-1.7425,-3.6472
SHOP,SHOP-232,2026-02-03T08:00:00-05:00,2026-02-03T09:00:00-05:00,1,132.5,125.73,6.6021,132.7997,133.2253,-13.187,-1.787,-10.81,neutral,147.2114,-1.5031,-3.9293
SHOP,SHOP-233,2026-02-05T11:00:00-05:00,2026-02-05T17:00:00-05:00,6,113.59,108.6898,7.3377,113.0313,114.7601,-46.104,27.136,4.228,neutral_down,141.8874,-2.7857,-6.8272
SHOP,SHOP-234,2026-02-06T09:00:00-05:00,2026-02-06T16:00:00-05:00,7,112.105,112.14,7.3089,112.4237,112.7288,2.839,-11.797,-4.815,neutral,139.1022,-2.7852,-8.1093
SHOP,SHOP-235,2026-02-06T17:00:00-05:00,2026-02-06T19:00:00-05:00,2,111.52,112.29,7.3089,111.5926,111.994,-6.526,-1.528,16.365,neutral,139.1022,-2.7852,-8.1093
SHOP,SHOP-236,2026-02-09T06:00:00-05:00,2026-02-09T12:00:00-05:00,6,111.97,117.465,7.1625,111.947,112.0466,-0.057,-1.645,-0.952,neutral,136.6392,-2.4629,-8.0339
SHOP,SHOP-237,2026-02-11T09:00:00-05:00,2026-02-11T10:00:00-05:00,1,119.335,112.48,7.5342,130.2623,127.7339,27.463,-76.627,-28.048,neutral_up,134.2851,-0.6915,-4.8171
SHOP,SHOP-238,2026-02-13T13:00:00-05:00,2026-02-18T09:00:00-05:00,27,112.13,119.875,9.6015,111.2156,111.9533,-1.987,4.333,12.639,neutral,130.8548,-2.0225,-4.1217
SHOP,SHOP-239,2026-02-19T13:00:00-05:00,2026-02-20T07:00:00-05:00,10,123.0,123.25,9.3082,122.4017,121.1342,35.652,1.91,-17.317,neutral_up,127.212,-0.5552,-3.6428
SHOP,SHOP-240,2026-02-20T08:00:00-05:00,2026-02-20T10:00:00-05:00,2,122.4018,129.575,9.0027,123.3886,122.7434,7.161,-16.38,-37.726,neutral,126.9064,-0.3056,-2.2826
SHOP,SHOP-241,2026-02-24T13:00:00-05:00,2026-02-25T13:00:00-05:00,13,119.095,121.14,9.1789,118.5679,119.0774,-2.198,2.576,15.063,neutral,125.9749,-0.8645,-1.2371
SHOP,SHOP-242,2026-03-02T12:00:00-05:00,2026-03-03T05:00:00-05:00,9,119.12,114.3,8.4179,118.7263,119.6721,-14.502,5.652,33.726,neutral,124.4439,-0.3764,-0.707
SHOP,SHOP-243,2026-03-06T13:00:00-05:00,2026-03-06T17:00:00-05:00,4,133.01,130.02,8.3279,132.5229,132.044,11.786,2.651,26.985,neutral,125.2813,0.9519,1.2987
SHOP,SHOP-244,2026-03-09T10:00:00-04:00,2026-03-09T12:00:00-04:00,2,131.2,132.33,8.2337,129.2924,130.0426,-6.817,23.591,31.627,neutral,125.7303,0.449,1.9279
SHOP,SHOP-245,2026-03-09T15:00:00-04:00,2026-03-09T16:00:00-04:00,1,133.5,133.45,8.2337,131.1109,130.7515,25.19,14.369,6.849,neutral_up,125.7303,0.449,1.9279
SHOP,SHOP-246,2026-03-10T11:00:00-04:00,2026-03-10T16:00:00-04:00,5,129.74,129.59,8.1549,131.765,131.8169,-23.607,-11.136,-41.858,neutral_down,126.4366,0.7063,2.1072
SHOP,SHOP-247,2026-03-11T09:00:00-04:00,2026-03-12T18:00:00-04:00,25,129.84,126.18,8.0067,129.8749,130.3949,-14.89,4.832,-5.314,neutral,126.7041,0.2675,1.4228
SHOP,SHOP-248,2026-03-13T08:00:00-04:00,2026-03-13T12:00:00-04:00,4,126.84,122.245,7.8556,126.5694,127.1254,-15.584,6.73,18.615,neutral,126.897,-0.0677,0.4603
SHOP,SHOP-249,2026-03-18T10:00:00-04:00,2026-03-18T11:00:00-04:00,1,126.2,126.19,7.5247,127.8019,127.8263,-18.74,-16.847,-36.23,neutral,126.665,0.1195,-0.232
SHOP,SHOP-250,2026-03-19T15:00:00-04:00,2026-03-20T12:00:00-04:00,13,122.36,118.94,7.3487,122.5357,123.5638,-29.2,4.386,7.811,neutral_down,126.4009,-0.2641,-0.1381
SHOP,SHOP-251,2026-03-23T11:00:00-04:00,2026-03-23T14:00:00-04:00,3,119.95,121.87,7.0962,119.0749,119.072,19.367,-6.46,32.814,neutral,125.206,-0.8276,-1.459
SHOP,SHOP-252,2026-03-25T11:00:00-04:00,2026-03-26T18:00:00-04:00,22,116.67,116.1,6.9837,118.0778,118.1727,-9.22,-21.288,-14.9,neutral,124.0458,-0.7886,-1.9877
SHOP,SHOP-253,2026-03-30T10:00:00-04:00,2026-03-31T13:00:00-04:00,17,113.37,117.56,6.6937,112.656,112.9953,-0.523,10.911,11.279,neutral,121.8031,-0.9954,-2.2428
SHOP,SHOP-254,2026-04-01T15:00:00-04:00,2026-04-02T05:00:00-04:00,6,118.53,115.5,6.6072,118.9991,118.2774,6.765,-1.795,-23.885,neutral,120.6853,-0.2065,-2.1131
SHOP,SHOP-255,2026-04-02T13:00:00-04:00,2026-04-02T14:00:00-04:00,1,118.0,118.425,6.4702,117.3883,117.3532,13.278,-1.568,20.138,neutral,120.4894,-0.1959,-1.3137
SHOP,SHOP-256,2026-04-06T12:00:00-04:00,2026-04-07T10:00:00-04:00,14,118.21,114.84,6.5563,118.5655,118.3174,2.133,-4.691,-32.057,neutral,120.2876,-0.2018,-0.6042
SHOP,SHOP-257,2026-04-07T15:00:00-04:00,2026-04-07T16:00:00-04:00,1,117.05,117.5,6.3766,116.3985,117.073,-22.003,21.433,26.382,neutral,120.1533,-0.1343,-0.532
SHOP,SHOP-258,2026-04-10T16:00:00-04:00,2026-04-10T17:00:00-04:00,1,110.99,111.3816,6.6687,110.9465,112.4653,-52.941,13.349,30.334,neutral_down,119.2082,-0.6828,-0.9451
SHOP,SHOP-259,2026-04-15T04:00:00-04:00,2026-04-15T09:00:00-04:00,4,118.07,123.57,6.361,117.7395,116.9638,33.108,2.154,5.637,neutral_up,118.0775,-0.0447,-1.1308
SHOP,SHOP-260,2026-04-16T15:00:00-04:00,2026-04-16T18:00:00-04:00,3,126.94,127.19,6.6259,127.7686,126.7024,15.035,-9.351,-30.983,neutral,118.9268,0.8493,0.4911
SHOP,SHOP-261,2026-04-20T11:00:00-04:00,2026-04-20T14:00:00-04:00,3,132.995,134.015,6.4906,131.3409,130.5938,45.179,14.136,36.496,neutral_up,120.7011,1.0459,2.6237
SHOP,SHOP-262,2026-04-21T15:00:00-04:00,2026-04-21T17:00:00-04:00,2,131.15,132.43,6.4391,133.2904,133.5092,-39.573,-15.203,-30.274,neutral_down,122.0101,1.309,3.0833
SHOP,SHOP-263,2026-04-22T11:00:00-04:00,2026-04-23T04:00:00-04:00,9,132.22,129.53,6.4392,132.5846,132.9243,-17.518,1.109,-12.515,neutral,122.841,0.8309,3.1858
SHOP,SHOP-264,2026-04-24T12:00:00-04:00,2026-04-28T18:00:00-04:00,36,124.4,121.9,6.4588,124.3354,125.4121,-33.186,9.63,11.223,neutral_down,123.7252,0.0525,1.7151
SHOP,SHOP-265,2026-04-29T14:00:00-04:00,2026-05-01T07:00:00-04:00,25,121.905,122.1857,6.0557,121.2967,121.9712,-21.376,19.448,33.33,neutral,123.772,-0.1722,0.0468
SHOP,SHOP-266,2026-05-04T12:00:00-04:00,2026-05-05T06:00:00-04:00,10,127.105,133.0,5.7811,127.1674,126.3576,22.479,-5.397,-4.536,neutral,123.7197,0.401,-0.0523
SHOP,SHOP-267,2026-05-05T07:00:00-04:00,2026-05-05T08:00:00-04:00,1,120.1542,119.07,5.6746,128.1048,127.808,-8.276,-82.598,-64.868,neutral,124.0707,0.3509,0.5261
SHOP,SHOP-268,2026-05-06T15:00:00-04:00,2026-05-06T18:00:00-04:00,3,105.255,104.9876,6.8393,106.4649,109.5412,-77.841,6.427,0.981,accumulation,122.5761,-1.4946,-0.7426
SHOP,SHOP-269,2026-05-08T11:00:00-04:00,2026-05-08T19:00:00-04:00,8,108.53,110.48,6.728,109.8548,109.6791,-13.324,-10.729,-41.356,neutral,120.1595,-0.8419,-3.9112
SHOP,SHOP-270,2026-05-11T04:00:00-04:00,2026-05-11T05:00:00-04:00,1,110.0,109.91,6.561,109.8826,109.6869,12.313,-4.211,1.664,neutral,119.2786,-0.8809,-3.2975
SHOP,SHOP-271,2026-05-14T12:00:00-04:00,2026-05-14T17:00:00-04:00,5,96.005,99.4,6.4367,95.7635,96.5578,-26.794,9.33,33.266,neutral_down,114.2439,-1.8844,-5.0347
SHOP,SHOP-272,2026-05-18T12:00:00-04:00,2026-05-18T18:00:00-04:00,6,101.525,102.25,6.2019,100.6003,99.9348,35.187,8.393,-5.799,neutral_up,111.5849,-1.1295,-4.5433
SHOP,SHOP-273,2026-05-19T10:00:00-04:00,2026-05-20T05:00:00-04:00,11,102.59,100.75,6.0896,102.6848,101.9378,32.458,-15.026,-7.327,neutral_up,110.7481,-0.8368,-3.4958
SHOP,SHOP-274,2026-05-20T06:00:00-04:00,2026-05-20T08:00:00-04:00,2,101.45,100.67,5.9532,101.1773,101.3802,-9.37,11.831,8.706,neutral,109.8583,-0.8898,-2.8561
SHOP,SHOP-275,2026-05-20T09:00:00-04:00,2026-05-20T12:00:00-04:00,3,101.16,104.195,5.9532,101.0316,101.2504,-10.003,7.382,-0.633,neutral,109.8583,-0.8898,-2.8561
SHOP,SHOP-276,2026-05-21T13:00:00-04:00,2026-05-22T05:00:00-04:00,8,106.19,105.49,5.9487,104.2944,103.815,35.094,30.828,33.344,neutral_up,109.4175,-0.4408,-2.1674
SHOP,SHOP-277,2026-05-22T09:00:00-04:00,2026-05-22T12:00:00-04:00,3,105.875,104.97,5.8641,105.4322,104.8996,35.883,-0.832,8.693,neutral_up,108.9996,-0.418,-1.7485
SHOP,SHOP-278,2026-05-22T13:00:00-04:00,2026-05-22T17:00:00-04:00,4,105.19,103.19,5.8641,105.1987,104.9374,7.826,1.136,-7.784,neutral,108.9996,-0.418,-1.7485
SHOP,SHOP-279,2026-05-26T14:00:00-04:00,2026-05-27T10:00:00-04:00,11,104.055,108.12,5.7931,103.9597,104.0286,-0.547,1.604,-9.789,neutral,108.4533,-0.5463,-1.405
SHOP,SHOP-280,2026-06-05T08:00:00-04:00,2026-06-05T10:00:00-04:00,2,115.75,111.23,5.8309,116.0471,115.8292,3.607,-5.909,-11.269,neutral,111.9882,0.4072,1.1011
SHOP,SHOP-281,2026-06-09T07:00:00-04:00,2026-06-09T09:00:00-04:00,2,110.85,116.46,5.9237,110.866,111.0033,-6.179,1.886,1.966,neutral,111.6778,-0.0888,0.0968
SHOP,SHOP-282,2026-06-09T10:00:00-04:00,2026-06-09T17:00:00-04:00,7,112.09,110.13,5.9237,111.991,111.5341,29.826,-19.732,36.004,neutral_up,111.6778,-0.0888,0.0968
SHOP,SHOP-283,2026-06-10T14:00:00-04:00,2026-06-11T18:00:00-04:00,20,108.98,110.5,6.1985,109.5837,109.8785,-11.183,-7.828,-6.59,neutral,111.5652,-0.1125,-0.423
SHOP,SHOP-284,2026-06-12T17:00:00-04:00,2026-06-12T18:00:00-04:00,1,108.6,108.6,6.074,108.7687,109.0787,-14.804,3.239,7.615,neutral,111.1842,-0.0724,-0.4936
SHOP,SHOP-285,2026-06-15T04:00:00-04:00,2026-06-15T05:00:00-04:00,1,110.98,110.99,5.9294,109.2024,109.1967,17.011,25.719,31.815,neutral,110.9179,-0.2663,-0.6474
SHOP,SHOP-286,2026-06-16T08:00:00-04:00,2026-06-17T16:00:00-04:00,22,111.9,108.0099,6.0102,111.9597,111.639,7.636,0.483,-3.868,neutral,111.0562,0.1384,-0.2003
SHOP,SHOP-287,2026-06-18T18:00:00-04:00,2026-06-24T11:00:00-04:00,39,108.3201,110.53,5.8309,108.6235,109.1206,-18.614,-4.946,-6.047,neutral,110.9662,-0.2876,0.0484
SHOP,SHOP-288,2026-06-25T13:00:00-04:00,2026-06-26T07:00:00-04:00,10,114.18,111.62,5.6361,113.77,112.6648,35.993,-6.314,5.642,neutral_up,110.6047,0.3565,-0.1592
SHOP,SHOP-289,2026-06-26T09:00:00-04:00,2026-06-26T11:00:00-04:00,2,113.06,117.47,5.5453,112.0693,112.1184,6.083,17.47,24.797,neutral,110.6947,0.09,0.1857
SHOP,SHOP-290,2026-06-29T15:00:00-04:00,2026-06-29T16:00:00-04:00,1,114.21,114.21,5.5974,115.9892,115.9206,-28.261,-13.951,-30.216,neutral_down,111.2443,0.5496,0.9961
SHOP,SHOP-291,2026-06-30T15:00:00-04:00,2026-07-01T09:00:00-04:00,10,114.2,119.25,5.6711,114.3177,114.5958,-8.989,-1.947,-1.743,neutral,111.5139,0.2696,0.9092
SHOP,SHOP-292,2026-07-02T13:00:00-04:00,2026-07-02T19:00:00-04:00,6,119.635,119.5,5.8338,120.4808,120.1112,-5.539,-6.953,-20.499,neutral,112.6555,0.8974,1.4113
SHOP,SHOP-293,2026-07-06T11:00:00-04:00,2026-07-06T18:00:00-04:00,7,120.23,120.0,5.6464,118.7815,119.2142,-18.291,44.375,23.081,neutral,113.275,0.6195,1.7611
