ticker,ep_id,start_ts_et,end_ts_et,n_comp_bars,spot_start,spot_end,datr14_prior,ema9_h,ema21_h,po,po_slope1,po_slope3,phase_zone,ema21_d,ema21_d_slope1,ema21_d_slope3
AMZN,AMZN-001,2024-07-15T15:30:00-04:00,2024-07-17T09:30:00-04:00,8,192.71,186.15,3.9944,193.3335,194.5826,-46.381,4.983,15.861,neutral_down,193.2663,0.1234,0.9939
AMZN,AMZN-002,2024-07-22T13:30:00-04:00,2024-07-23T11:30:00-04:00,5,184.39,187.7014,4.6148,183.6826,184.6942,-15.227,8.854,18.196,neutral,191.0982,-0.7998,-2.098
AMZN,AMZN-003,2024-07-26T13:30:00-04:00,2024-07-31T11:30:00-04:00,19,182.19,186.47,4.902,182.1123,182.6088,-6.08,-1.438,15.562,neutral,188.2908,-0.8441,-2.0321
AMZN,AMZN-004,2024-08-06T15:30:00-04:00,2024-08-07T10:30:00-04:00,2,161.91,166.29,7.141,163.0405,165.828,-35.417,-8.594,4.45,neutral_down,182.7214,-2.1681,-4.1326
AMZN,AMZN-005,2024-08-07T11:30:00-04:00,2024-08-12T11:30:00-04:00,21,165.3299,167.745,7.098,164.3154,165.7858,-6.303,1.18,29.113,neutral,180.8294,-1.8919,-5.766
AMZN,AMZN-006,2024-08-12T12:30:00-04:00,2024-08-14T12:30:00-04:00,14,167.3754,169.8282,6.5293,167.1459,166.5336,17.977,-2.766,-5.524,neutral,176.9788,-1.0019,-3.8506
AMZN,AMZN-007,2024-08-14T14:30:00-04:00,2024-08-14T15:30:00-04:00,1,169.66,170.05,6.0931,169.617,168.7861,25.708,-4.352,-7.891,neutral_up,175.5257,-0.5296,-2.455
AMZN,AMZN-008,2024-08-19T15:30:00-04:00,2024-08-21T12:30:00-04:00,11,178.21,179.97,5.759,177.4532,176.2491,52.48,6.711,9.995,neutral_up,175.4252,0.1635,-0.1005
AMZN,AMZN-009,2024-08-22T10:30:00-04:00,2024-08-22T14:30:00-04:00,4,178.4515,176.03,5.0969,179.449,178.714,14.252,-21.546,-38.367,neutral,176.3439,0.3726,0.9186
AMZN,AMZN-010,2024-08-23T10:30:00-04:00,2024-08-23T11:30:00-04:00,1,177.52,175.99,5.1464,177.7915,178.0468,-15.267,2.811,24.635,neutral,176.3262,-0.0176,0.6479
AMZN,AMZN-011,2024-08-27T09:30:00-04:00,2024-08-27T10:30:00-04:00,1,173.8301,172.79,4.9112,175.4932,176.3606,-48.197,-15.19,-13.994,neutral_down,176.3077,-0.0798,-0.0361
AMZN,AMZN-012,2024-09-05T10:30:00-04:00,2024-09-05T11:30:00-04:00,1,177.32,176.96,4.6623,175.667,175.2998,31.52,7.328,69.071,neutral_up,175.3892,-0.2089,0.1576
AMZN,AMZN-013,2024-09-06T09:30:00-04:00,2024-09-06T10:30:00-04:00,1,174.485,172.55,4.799,176.3899,175.9395,4.151,-31.502,-27.283,neutral,175.6166,0.2273,0.0896
AMZN,AMZN-014,2024-09-16T13:30:00-04:00,2024-09-16T15:30:00-04:00,2,185.42,184.89,4.9685,185.3583,184.6572,10.072,8.136,-2.061,neutral,178.234,0.8236,2.5881
AMZN,AMZN-015,2024-09-17T09:30:00-04:00,2024-09-17T14:30:00-04:00,5,188.69,186.91,4.8358,185.9032,185.0684,43.869,37.085,33.797,neutral_up,178.8391,0.6051,2.3947
AMZN,AMZN-016,2024-09-18T09:30:00-04:00,2024-09-18T11:30:00-04:00,2,186.98,186.57,4.8161,186.8391,186.0817,23.745,-2.284,-10.541,neutral_up,179.5737,0.7346,2.1633
AMZN,AMZN-017,2024-09-18T13:30:00-04:00,2024-09-19T13:30:00-04:00,7,187.8901,189.52,4.8161,186.9874,186.3788,25.696,11.084,8.478,neutral_up,179.5737,0.7346,2.1633
AMZN,AMZN-018,2024-09-19T15:30:00-04:00,2024-09-20T12:30:00-04:00,4,189.9,190.32,4.7392,189.1212,188.0582,39.643,1.827,-0.861,neutral_up,180.197,0.6233,1.963
AMZN,AMZN-019,2024-09-25T11:30:00-04:00,2024-09-27T10:30:00-04:00,13,192.5299,188.29,4.6887,192.8089,192.0727,18.579,-7.038,-22.772,neutral,184.109,0.9921,3.0299
AMZN,AMZN-020,2024-10-02T10:30:00-04:00,2024-10-03T11:30:00-04:00,8,186.06,182.98,4.3169,185.4726,186.3425,-18.928,12.122,11.503,neutral,185.673,-0.0533,0.2253
AMZN,AMZN-021,2024-10-07T09:30:00-04:00,2024-10-07T10:30:00-04:00,1,181.63,181.75,4.2738,184.2088,184.3695,-10.437,-42.339,-23.825,neutral,185.377,0.1143,-0.2961
AMZN,AMZN-022,2024-10-15T09:30:00-04:00,2024-10-15T10:30:00-04:00,1,186.48,185.5175,3.9823,187.7717,187.4827,-12.305,-18.67,-31.381,neutral,185.524,0.2086,0.7265
AMZN,AMZN-023,2024-10-16T14:30:00-04:00,2024-10-18T13:30:00-04:00,13,186.9,190.38,3.9715,186.6852,186.8748,-7.356,8.15,8.369,neutral,185.7318,0.2078,0.7659
AMZN,AMZN-024,2024-10-21T10:30:00-04:00,2024-10-23T11:30:00-04:00,15,187.15,185.53,3.8288,188.6581,188.2739,-2.883,-25.017,-51.034,neutral,186.2607,0.2689,0.5289
AMZN,AMZN-025,2024-10-29T15:30:00-04:00,2024-10-30T09:30:00-04:00,1,190.81,193.9124,3.8324,190.1655,189.3671,50.651,-5.694,16.409,neutral_up,186.8721,0.1628,0.252
AMZN,AMZN-026,2024-11-12T13:30:00-05:00,2024-11-13T09:30:00-05:00,3,209.13,210.94,4.7927,207.6358,207.1348,35.034,12.802,38.12,neutral_up,195.8194,1.1071,4.1514
AMZN,AMZN-027,2024-11-19T15:30:00-05:00,2024-11-21T11:30:00-05:00,10,204.6,197.54,5.21,203.7175,204.3096,-0.152,6.16,11.093,neutral,200.1528,0.1547,1.587
AMZN,AMZN-028,2024-11-25T09:30:00-05:00,2024-11-25T10:30:00-05:00,1,200.2242,200.39,5.2561,198.2368,199.1962,-10.889,29.357,29.388,neutral,200.2305,-0.3161,-0.3265
AMZN,AMZN-029,2024-11-25T11:30:00-05:00,2024-11-25T13:30:00-05:00,2,199.0219,201.27,5.2561,198.7383,199.279,-0.057,-4.682,40.189,neutral,200.2305,-0.3161,-0.3265
AMZN,AMZN-030,2024-11-25T15:30:00-05:00,2024-11-26T09:30:00-05:00,1,201.43,205.86,5.2561,200.1789,199.8716,28.096,3.689,16.185,neutral_up,200.2305,-0.3161,-0.3265
AMZN,AMZN-031,2024-12-10T15:30:00-05:00,2024-12-11T11:30:00-05:00,3,225.12,230.19,5.1377,226.1715,225.3386,-0.974,-3.446,-37.433,neutral,209.9785,1.6171,4.8906
AMZN,AMZN-032,2024-12-13T14:30:00-05:00,2024-12-16T13:30:00-05:00,6,227.66,232.0329,5.0632,228.2581,228.2292,-7.509,-5.468,7.804,neutral,214.5154,1.4495,4.5369
AMZN,AMZN-033,2024-12-23T11:30:00-05:00,2024-12-24T12:30:00-05:00,8,226.2465,229.05,5.6485,225.2769,225.7044,2.385,7.194,16.096,neutral,219.6777,0.5552,1.1483
AMZN,AMZN-034,2024-12-26T12:30:00-05:00,2024-12-26T13:30:00-05:00,1,227.945,227.68,5.3574,227.4706,226.875,20.462,2.263,-13.779,neutral,220.977,0.8073,1.8545
AMZN,AMZN-035,2024-12-26T15:30:00-05:00,2024-12-27T09:30:00-05:00,1,227.09,221.35,5.3574,227.5028,227.0464,10.491,-9.478,-9.971,neutral,220.977,0.8073,1.8545
AMZN,AMZN-036,2024-12-31T15:30:00-05:00,2025-01-03T14:30:00-05:00,13,219.39,223.84,5.2365,220.6267,221.7931,-40.524,-9.501,5.697,neutral_down,221.6982,-0.0488,0.7212
AMZN,AMZN-037,2025-01-14T09:30:00-05:00,2025-01-14T11:30:00-05:00,2,220.23,217.3905,5.0817,218.9014,219.6683,-6.461,16.335,22.249,neutral,221.5578,-0.3058,-0.6042
AMZN,AMZN-038,2025-01-14T12:30:00-05:00,2025-01-15T13:30:00-05:00,8,218.495,222.44,5.0817,218.5321,219.2886,-18.621,4.784,-12.16,neutral,221.5578,-0.3058,-0.6042
AMZN,AMZN-039,2025-01-24T10:30:00-05:00,2025-01-28T11:30:00-05:00,15,234.41,241.09,5.0938,234.1933,232.6077,44.371,-6.22,-4.23,neutral_up,224.7637,1.0626,3.0065
AMZN,AMZN-040,2025-01-30T14:30:00-05:00,2025-01-30T15:30:00-05:00,1,235.9415,234.6,5.4055,235.7199,236.0485,-10.431,8.768,13.407,neutral,228.4838,0.8566,2.8031
AMZN,AMZN-041,2025-01-31T09:30:00-05:00,2025-02-04T10:30:00-05:00,15,238.135,242.4498,5.4287,236.0237,236.1184,6.594,22.139,25.793,neutral,229.0398,0.556,2.4719
AMZN,AMZN-042,2025-02-05T09:30:00-05:00,2025-02-05T10:30:00-05:00,1,237.3105,235.735,5.4788,240.2273,239.3201,7.966,-39.09,-40.719,neutral,231.5662,1.0534,2.5264
AMZN,AMZN-043,2025-02-12T09:30:00-05:00,2025-02-13T11:30:00-05:00,9,229.86,228.115,5.5689,231.7266,232.4498,-26.089,-19.949,-4.783,neutral_down,232.3991,0.0411,-0.1958
AMZN,AMZN-044,2025-02-13T14:30:00-05:00,2025-02-14T11:30:00-05:00,4,229.635,228.27,5.5033,229.3356,230.3153,-25.696,10.998,21.66,neutral_down,232.081,-0.3181,-0.1998
AMZN,AMZN-045,2025-02-14T12:30:00-05:00,2025-02-18T10:30:00-05:00,5,228.67,224.9595,5.3173,228.8801,229.7079,-26.501,3.81,3.307,neutral_down,231.9246,-0.1565,-0.4335
AMZN,AMZN-046,2025-02-20T15:30:00-05:00,2025-02-21T09:30:00-05:00,1,222.85,219.495,5.0431,223.3156,224.5731,-47.798,5.816,11.274,neutral_down,230.7688,-0.4099,-1.1557
AMZN,AMZN-047,2025-03-03T11:30:00-05:00,2025-03-03T12:30:00-05:00,1,209.2332,207.36,5.9549,209.9109,211.0279,-24.128,-0.843,-10.529,neutral_down,222.4716,-1.0172,-3.5526
AMZN,AMZN-048,2025-03-11T10:30:00-04:00,2025-03-14T13:30:00-04:00,24,197.11,197.05,7.1323,195.3052,197.2177,-16.513,15.351,40.974,neutral,213.2886,-1.8629,-5.0572
AMZN,AMZN-049,2025-03-17T09:30:00-04:00,2025-03-17T10:30:00-04:00,1,196.165,195.42,6.8816,196.7325,196.5701,5.55,-11.46,-5.776,neutral,208.0624,-1.0132,-3.7
AMZN,AMZN-050,2025-03-17T11:30:00-04:00,2025-03-18T10:30:00-04:00,6,194.713,191.72,6.8816,196.1186,196.3062,-14.414,-9.569,-31.425,neutral,208.0624,-1.0132,-3.7
AMZN,AMZN-051,2025-03-20T09:30:00-04:00,2025-03-20T10:30:00-04:00,1,197.81,198.06,6.5129,194.6578,194.5006,29.233,20.649,47.338,neutral_up,204.7515,-0.9232,-3.3108
AMZN,AMZN-052,2025-03-20T13:30:00-04:00,2025-03-24T09:30:00-04:00,10,193.7657,202.8,6.5129,194.8181,194.7006,-3.969,-10.58,-43.293,neutral,204.7515,-0.9232,-3.3108
AMZN,AMZN-053,2025-03-27T09:30:00-04:00,2025-03-27T11:30:00-04:00,2,202.8,202.55,6.2285,202.2636,201.8937,0.792,16.563,5.736,neutral,203.175,-0.2085,0.01
AMZN,AMZN-054,2025-04-07T15:30:00-04:00,2025-04-09T14:30:00-04:00,13,175.45,189.35,8.0072,174.4702,177.4053,-20.13,6.511,15.278,neutral,195.4149,-2.4435,-4.7777
AMZN,AMZN-055,2025-04-14T11:30:00-04:00,2025-04-14T12:30:00-04:00,1,180.57,180.38,10.651,182.5824,181.6232,4.753,-13.628,-21.07,neutral,190.0245,-0.5234,-1.5291
AMZN,AMZN-056,2025-04-14T13:30:00-04:00,2025-04-16T12:30:00-04:00,13,181.68,176.6902,10.651,182.0495,181.5256,-0.587,1.98,-18.967,neutral,190.0245,-0.5234,-1.5291
AMZN,AMZN-057,2025-04-28T15:30:00-04:00,2025-04-30T10:30:00-04:00,9,187.67,181.74,9.1205,186.8832,185.551,30.571,5.733,19.955,neutral_up,183.7455,0.5204,0.61
AMZN,AMZN-058,2025-05-05T14:30:00-04:00,2025-05-06T11:30:00-04:00,4,186.87,186.395,8.3138,188.0029,188.1061,-16.461,-3.84,-6.392,neutral,185.3538,0.4646,0.9517
AMZN,AMZN-059,2025-05-07T10:30:00-04:00,2025-05-08T11:30:00-04:00,8,187.985,192.9984,7.7564,187.2676,187.3573,11.409,-1.455,37.103,neutral,185.3888,-0.0429,0.4996
AMZN,AMZN-060,2025-05-19T13:30:00-04:00,2025-05-21T14:30:00-04:00,15,205.57,200.6246,7.1775,205.6262,205.7954,-0.646,-3.84,8.392,neutral,194.8726,1.0687,3.9615
AMZN,AMZN-061,2025-05-22T10:30:00-04:00,2025-05-27T12:30:00-04:00,16,202.5865,206.045,6.599,202.2075,203.1216,-19.787,9.666,30.18,neutral,197.0518,0.4064,2.1792
AMZN,AMZN-062,2025-05-29T13:30:00-04:00,2025-06-03T12:30:00-04:00,20,204.51,207.68,6.1587,205.7289,205.2301,5.054,-20.347,-31.162,neutral,199.2033,0.5597,1.6035
AMZN,AMZN-063,2025-06-03T13:30:00-04:00,2025-06-03T14:30:00-04:00,1,206.3425,205.6525,5.8065,206.6821,206.0076,22.7,-15.067,-11.504,neutral,200.8248,0.5885,1.6215
AMZN,AMZN-064,2025-06-04T09:30:00-04:00,2025-06-04T10:30:00-04:00,1,206.19,205.97,5.6716,206.3075,205.9787,3.267,1.535,-19.433,neutral,201.2753,0.4505,1.4814
AMZN,AMZN-065,2025-06-04T11:30:00-04:00,2025-06-05T10:30:00-04:00,6,206.47,212.58,5.6716,206.286,206.0226,6.161,4.62,4.428,neutral,201.2753,0.4505,1.4814
AMZN,AMZN-066,2025-06-05T14:30:00-04:00,2025-06-05T15:30:00-04:00,1,208.51,207.85,5.4807,209.2729,208.1474,25.506,-19.127,-43.528,neutral_up,201.8175,0.5422,1.5812
AMZN,AMZN-067,2025-06-06T09:30:00-04:00,2025-06-06T10:30:00-04:00,1,211.04,211.34,5.4871,209.3987,208.3858,25.665,15.315,-18.968,neutral_up,202.3659,0.5484,1.5411
AMZN,AMZN-068,2025-06-11T12:30:00-04:00,2025-06-12T09:30:00-04:00,4,215.81,212.83,5.3465,216.295,215.2841,18.692,-7.043,-36.609,neutral,205.7889,1.178,3.4229
AMZN,AMZN-069,2025-06-16T09:30:00-04:00,2025-06-16T13:30:00-04:00,4,214.66,215.76,5.0858,212.9378,213.2521,2.687,27.098,17.874,neutral,207.534,0.4576,1.7451
AMZN,AMZN-070,2025-06-18T13:30:00-04:00,2025-06-20T10:30:00-04:00,4,215.18,210.1,4.9509,215.5882,215.3119,-0.493,-2.41,-29.103,neutral,208.9083,0.5902,1.832
AMZN,AMZN-071,2025-07-01T11:30:00-04:00,2025-07-07T09:30:00-04:00,16,219.21,223.9,5.1616,219.621,218.7501,15.02,-5.782,-9.207,neutral,212.2973,0.7103,2.5431
AMZN,AMZN-072,2025-07-07T14:30:00-04:00,2025-07-07T15:30:00-04:00,1,223.21,223.48,4.8391,222.7777,221.8295,30.798,1.752,-16.298,neutral_up,214.5468,0.8863,2.2494
AMZN,AMZN-073,2025-07-08T09:30:00-04:00,2025-07-08T13:30:00-04:00,4,221.13,220.47,4.6306,222.5605,221.9023,8.266,-25.389,-20.78,neutral,215.3589,0.8121,2.3204
AMZN,AMZN-074,2025-07-09T09:30:00-04:00,2025-07-09T14:30:00-04:00,5,222.89,222.5807,4.6977,221.1144,221.2701,-1.137,33.278,18.318,neutral,215.7208,0.3619,2.0604
AMZN,AMZN-075,2025-07-10T09:30:00-04:00,2025-07-11T10:30:00-04:00,8,220.26,224.53,4.7157,221.7521,221.6567,-6.736,-23.224,-23.854,neutral,216.3335,0.6127,1.7867
AMZN,AMZN-076,2025-07-15T14:30:00-04:00,2025-07-16T14:30:00-04:00,7,226.3,223.19,4.4307,226.2059,225.4082,31.585,-6.034,-11.639,neutral_up,218.3408,0.7289,2.0073
AMZN,AMZN-077,2025-07-23T11:30:00-04:00,2025-07-24T10:30:00-04:00,6,227.69,232.035,4.0017,227.5929,227.1723,15.038,0.277,-2.227,neutral,221.8019,0.5718,1.9496
AMZN,AMZN-078,2025-07-28T14:30:00-04:00,2025-07-30T12:30:00-04:00,12,232.58,230.355,3.9142,232.5461,231.6692,34.356,-6.457,-11.399,neutral_up,224.0292,0.7431,2.2274
AMZN,AMZN-079,2025-07-31T09:30:00-04:00,2025-07-31T11:30:00-04:00,2,232.54,236.31,3.78,230.8888,231.0371,5.026,30.18,23.743,neutral,225.8323,0.4428,1.8031
AMZN,AMZN-080,2025-08-05T15:30:00-04:00,2025-08-06T12:30:00-04:00,4,213.81,220.81,5.2561,214.236,216.5204,-45.533,0.163,-4.878,neutral_down,224.2641,-1.2544,-1.5682
AMZN,AMZN-081,2025-08-11T09:30:00-04:00,2025-08-13T15:30:00-04:00,20,221.52,224.555,5.2134,222.1793,221.3985,15.232,-12.598,-10.386,neutral,223.1716,-0.0482,-0.1421
AMZN,AMZN-082,2025-08-18T15:30:00-04:00,2025-08-19T14:30:00-04:00,6,231.42,227.51,5.0825,230.8141,229.7303,39.918,2.941,7.197,neutral_up,224.3991,0.6661,1.5356
AMZN,AMZN-083,2025-08-26T15:30:00-04:00,2025-08-28T12:30:00-04:00,11,228.72,231.675,4.9886,228.1847,227.6442,24.787,7.036,8.247,neutral_up,225.4804,0.241,0.3081
AMZN,AMZN-084,2025-09-15T09:30:00-04:00,2025-09-15T14:30:00-04:00,5,231.065,231.2624,4.9277,229.232,230.3227,-20.624,36.113,41.96,neutral,229.4546,-0.1366,-0.0207
AMZN,AMZN-085,2025-09-19T10:30:00-04:00,2025-09-22T12:30:00-04:00,9,233.23,228.605,4.9661,232.4184,232.2483,14.498,6.558,17.934,neutral,230.2741,0.0936,0.6381
AMZN,AMZN-086,2025-09-26T09:30:00-04:00,2025-09-29T13:30:00-04:00,11,218.915,221.515,5.0178,218.8892,220.8302,-57.221,17.319,26.72,neutral_down,227.5231,-0.9393,-2.6193
AMZN,AMZN-087,2025-09-30T09:30:00-04:00,2025-09-30T10:30:00-04:00,1,218.91,218.745,4.7633,220.7941,220.8283,-9.119,-34.273,-26.727,neutral,226.3982,-0.4228,-2.0642
AMZN,AMZN-088,2025-09-30T13:30:00-04:00,2025-10-02T13:30:00-04:00,14,219.2495,221.97,4.7633,219.8425,220.3003,-27.062,0.488,-0.709,neutral_down,226.3982,-0.4228,-2.0642
AMZN,AMZN-089,2025-10-03T12:30:00-04:00,2025-10-03T14:30:00-04:00,2,220.39,219.65,4.7252,221.8051,221.4285,0.003,-25.676,-41.205,neutral,225.0427,-0.2633,-1.3555
AMZN,AMZN-090,2025-10-06T09:30:00-04:00,2025-10-06T11:30:00-04:00,2,218.33,219.605,4.7348,220.3008,220.77,-44.12,-10.112,-30.106,neutral_down,224.5379,-0.5048,-1.2386
AMZN,AMZN-091,2025-10-07T09:30:00-04:00,2025-10-07T11:30:00-04:00,2,221.467,221.09,4.8038,220.6546,220.6812,11.288,7.352,13.075,neutral,224.2062,-0.3316,-1.0997
AMZN,AMZN-092,2025-10-07T12:30:00-04:00,2025-10-07T13:30:00-04:00,1,221.18,221.14,4.8038,220.9056,220.8031,9.495,-0.276,-1.794,neutral,224.2062,-0.3316,-1.0997
AMZN,AMZN-093,2025-10-07T15:30:00-04:00,2025-10-08T10:30:00-04:00,2,221.8,223.98,4.8038,221.1616,220.9518,15.809,7.116,6.314,neutral,224.2062,-0.3316,-1.0997
AMZN,AMZN-094,2025-10-15T09:30:00-04:00,2025-10-15T11:30:00-04:00,2,216.2,215.45,5.4594,217.5888,218.9534,-43.968,-3.41,-12.082,neutral_down,222.7161,-0.6276,-1.7128
AMZN,AMZN-095,2025-10-16T12:30:00-04:00,2025-10-20T13:30:00-04:00,15,215.53,215.72,5.4302,215.9751,216.9326,-22.571,-2.28,-5.648,neutral,222.0719,-0.6442,-1.6062
AMZN,AMZN-096,2025-10-29T14:30:00-04:00,2025-10-30T13:30:00-04:00,6,228.86,225.09,5.0813,229.5862,228.1595,27.218,-14.321,-34.153,neutral_up,221.9383,0.7302,1.6678
AMZN,AMZN-097,2025-11-12T14:30:00-05:00,2025-11-12T15:30:00-05:00,1,245.16,244.24,6.865,246.1187,246.489,-25.48,-0.032,-4.228,neutral_down,236.0849,1.2995,3.7605
AMZN,AMZN-098,2025-11-20T15:30:00-05:00,2025-11-21T09:30:00-05:00,1,217.15,216.265,6.8797,220.3066,223.2369,-65.785,-9.488,-14.323,accumulation,233.9714,-1.1281,-2.7292
AMZN,AMZN-099,2025-11-21T10:30:00-05:00,2025-11-21T12:30:00-05:00,2,218.575,218.722,7.1504,219.3136,222.2369,-58.304,13.836,-2.007,neutral_down,232.4422,-1.5292,-3.9093
AMZN,AMZN-100,2025-11-21T13:30:00-05:00,2025-11-24T10:30:00-05:00,4,222.05,224.949,7.1504,219.8144,221.7381,-17.813,21.485,40.491,neutral,232.4422,-1.5292,-3.9093
AMZN,AMZN-101,2025-12-03T10:30:00-05:00,2025-12-04T09:30:00-05:00,6,232.1807,228.775,6.3146,233.6798,233.0717,-7.715,-7.863,-50.032,neutral,231.4318,0.2958,0.8138
AMZN,AMZN-102,2025-12-08T15:30:00-05:00,2025-12-09T15:30:00-05:00,7,226.99,227.9,5.9253,227.7509,228.8206,-49.508,1.538,-0.69,neutral_down,231.1385,-0.1589,-0.2933
AMZN,AMZN-103,2025-12-10T09:30:00-05:00,2025-12-10T10:30:00-05:00,1,231.735,231.658,5.6587,228.6784,228.701,28.456,42.328,41.89,neutral_up,230.5013,-0.2601,-0.7961
AMZN,AMZN-104,2025-12-12T09:30:00-05:00,2025-12-12T10:30:00-05:00,1,226.38,226.015,5.4233,229.2937,229.5027,-29.855,-34.92,-30.637,neutral_down,230.5785,-0.0308,-0.1829
AMZN,AMZN-105,2025-12-17T13:30:00-05:00,2025-12-18T10:30:00-05:00,4,222.915,228.31,5.2665,223.331,223.9226,-14.321,-8.171,-8.666,neutral,228.8528,-0.6323,-1.7257
AMZN,AMZN-106,2025-12-18T11:30:00-05:00,2025-12-18T12:30:00-05:00,1,225.8035,227.03,5.1903,224.842,224.4282,33.746,-9.995,73.289,neutral_up,228.1608,-0.692,-2.0188
AMZN,AMZN-107,2025-12-22T15:30:00-05:00,2025-12-23T12:30:00-05:00,4,228.43,231.53,5.2581,228.1676,227.3903,29.842,-3.345,6.395,neutral_up,227.9732,-0.0603,-0.8797
AMZN,AMZN-108,2025-12-29T11:30:00-05:00,2026-01-02T10:30:00-05:00,20,231.13,225.89,4.5517,232.0178,231.4978,2.047,-14.872,-42.17,neutral,229.0917,0.3408,1.077
AMZN,AMZN-109,2026-01-09T10:30:00-05:00,2026-01-09T11:30:00-05:00,1,246.3325,245.925,5.2654,245.3338,242.9739,60.971,-2.578,-12.355,neutral_up,233.0935,1.3186,3.3072
AMZN,AMZN-110,2026-01-09T15:30:00-05:00,2026-01-12T10:30:00-05:00,2,247.31,247.6476,5.2654,246.251,244.3476,58.871,2.947,10.126,neutral_up,233.0935,1.3186,3.3072
AMZN,AMZN-111,2026-01-12T15:30:00-05:00,2026-01-13T13:30:00-05:00,5,246.42,241.3,5.2908,247.1429,245.8795,26.978,-14.832,-32.342,neutral_up,234.3859,1.2924,3.5911
AMZN,AMZN-112,2026-01-16T12:30:00-05:00,2026-01-20T12:30:00-05:00,7,238.805,231.775,5.2713,238.2088,239.1984,-18.53,11.11,12.873,neutral,236.3589,0.1811,0.879
AMZN,AMZN-113,2026-01-30T09:30:00-05:00,2026-02-02T13:30:00-05:00,11,242.31,243.54,5.533,240.9721,240.9244,10.283,11.499,33.292,neutral,237.8297,0.385,1.7218
AMZN,AMZN-114,2026-02-03T09:30:00-05:00,2026-02-03T12:30:00-05:00,3,239.215,236.9299,5.6801,242.1263,241.8048,-7.503,-24.807,-35.405,neutral,238.4134,0.4537,0.9687
AMZN,AMZN-115,2026-02-10T15:30:00-05:00,2026-02-11T14:30:00-05:00,6,206.99,203.9,7.8189,208.6175,211.5844,-50.771,-3.784,-6.146,neutral_down,231.825,-2.3165,-6.1141
AMZN,AMZN-116,2026-02-17T11:30:00-05:00,2026-02-18T10:30:00-05:00,6,200.47,205.9,7.2497,199.8965,201.2943,-18.132,5.92,31.468,neutral,222.3658,-2.3596,-7.2015
AMZN,AMZN-117,2026-02-23T09:30:00-05:00,2026-02-23T10:30:00-05:00,1,204.6291,204.46,6.7821,207.554,206.2298,19.163,-42.913,-42.044,neutral,217.0417,-0.6872,-3.4031
AMZN,AMZN-118,2026-02-26T13:30:00-05:00,2026-03-04T09:30:00-05:00,24,207.5372,217.01,6.5529,207.8931,207.9694,-18.235,10.28,-22.475,neutral,214.8754,-0.4215,-2.1663
AMZN,AMZN-119,2026-03-06T15:30:00-05:00,2026-03-09T09:30:00-04:00,1,213.105,209.05,6.472,214.8329,214.5674,-16.853,-7.895,-23.419,neutral,213.7813,0.5079,0.439
AMZN,AMZN-120,2026-03-12T09:30:00-04:00,2026-03-12T10:30:00-04:00,1,210.27,208.64,6.2041,212.3762,212.8858,-29.299,-18.241,-14.883,neutral_down,213.6495,-0.1019,-0.0703
AMZN,AMZN-121,2026-03-16T12:30:00-04:00,2026-03-17T09:30:00-04:00,4,209.89,213.685,5.9566,209.0266,209.6634,-5.286,9.8,16.755,neutral,212.7682,-0.5058,-0.9832
AMZN,AMZN-122,2026-03-26T09:30:00-04:00,2026-03-26T10:30:00-04:00,1,212.0,211.93,5.573,211.1679,210.2516,31.832,-1.334,-7.514,neutral_up,211.1801,0.0525,-0.4725
AMZN,AMZN-123,2026-03-26T11:30:00-04:00,2026-03-26T12:30:00-04:00,1,210.43,209.25,5.573,211.1422,210.4066,14.933,-14.522,-18.233,neutral,211.1801,0.0525,-0.4725
AMZN,AMZN-124,2026-04-02T15:30:00-04:00,2026-04-08T09:30:00-04:00,15,209.78,221.29,5.9164,209.6525,208.9404,10.447,3.967,-4.104,neutral,209.0767,0.1493,-0.7235
AMZN,AMZN-125,2026-04-16T15:30:00-04:00,2026-04-17T11:30:00-04:00,3,249.71,253.21,6.6644,248.5463,246.6221,48.413,6.039,0.329,neutral_up,222.926,2.5499,7.6502
AMZN,AMZN-126,2026-04-28T15:30:00-04:00,2026-05-01T10:30:00-04:00,16,259.77,269.4608,6.4291,259.9597,259.7293,-2.127,2.876,10.561,neutral,240.1823,2.0898,6.6269
AMZN,AMZN-127,2026-05-05T15:30:00-04:00,2026-05-06T12:30:00-04:00,4,273.5,276.42,7.4913,273.4053,271.2697,34.543,-4.561,-10.323,neutral_up,250.0665,2.1984,6.1665
AMZN,AMZN-128,2026-05-06T14:30:00-04:00,2026-05-12T09:30:00-04:00,23,276.235,264.83,7.4212,275.1112,273.1279,45.934,-1.014,7.78,neutral_up,252.1968,2.1303,6.3759
AMZN,AMZN-129,2026-05-18T15:30:00-04:00,2026-05-19T09:30:00-04:00,1,264.92,257.0951,6.6505,264.7449,265.4874,-15.54,6.571,-3.203,neutral,261.0438,0.3156,1.9712
AMZN,AMZN-130,2026-05-29T14:30:00-04:00,2026-06-01T10:30:00-04:00,3,270.9,264.0499,6.7525,271.4042,270.5306,9.143,-2.832,-21.51,neutral,264.5702,0.939,2.0123
AMZN,AMZN-131,2026-06-12T10:30:00-04:00,2026-06-12T11:30:00-04:00,1,237.85,236.48,7.2676,238.6432,240.3144,-29.508,-0.134,-6.399,neutral_down,254.606,-1.3336,-4.5025
AMZN,AMZN-132,2026-06-12T12:30:00-04:00,2026-06-15T10:30:00-04:00,5,237.02,246.09,7.2676,237.9725,239.698,-34.734,1.247,-5.359,neutral_down,254.606,-1.3336,-4.5025
AMZN,AMZN-133,2026-07-01T15:30:00-04:00,2026-07-02T13:30:00-04:00,5,241.69,243.86,8.4348,241.798,240.0223,28.497,-8.309,-17.635,neutral_up,242.3499,-0.411,-1.9329
AMZN,AMZN-134,2026-07-06T09:30:00-04:00,,-1,243.09,,8.339,243.4147,242.1295,14.458,-2.482,-21.23,neutral,242.289,-0.0009,-0.4719
NVDA,NVDA-001,2024-07-15T14:30:00-04:00,2024-07-16T12:30:00-04:00,5,128.17,125.99,5.435,128.8662,129.512,-26.235,1.22,-8.301,neutral_down,125.3936,0.3776,1.6269
NVDA,NVDA-002,2024-07-19T14:30:00-04:00,2024-07-22T14:30:00-04:00,7,118.775,122.84,5.6097,119.0034,120.3341,-33.106,6.065,-4.478,neutral_down,124.6567,-0.3547,-1.012
NVDA,NVDA-003,2024-07-26T15:30:00-04:00,2024-07-30T10:30:00-04:00,9,113.06,106.06,5.9387,113.5699,115.0507,-31.843,1.409,-3.593,neutral_down,122.0474,-0.9707,-1.9749
NVDA,NVDA-004,2024-08-06T11:30:00-04:00,2024-08-06T13:30:00-04:00,2,105.48,107.145,7.8666,103.2149,104.7656,-5.531,12.696,40.752,neutral,115.3977,-1.4798,-3.2892
NVDA,NVDA-005,2024-08-06T14:30:00-04:00,2024-08-12T09:30:00-04:00,23,106.284,110.06,7.8666,104.9356,105.2644,12.781,-1.621,18.312,neutral,115.3977,-1.4798,-3.2892
NVDA,NVDA-006,2024-08-21T13:30:00-04:00,2024-08-23T15:30:00-04:00,16,129.106,129.28,6.7225,128.0039,126.8055,41.262,10.903,0.63,neutral_up,116.7981,1.0472,3.4964
NVDA,NVDA-007,2024-08-26T09:30:00-04:00,2024-08-26T15:30:00-04:00,6,126.845,126.46,6.4676,127.8563,127.4353,9.359,-19.214,-11.193,neutral,119.3894,0.9891,2.5913
NVDA,NVDA-008,2024-08-27T09:30:00-04:00,2024-08-29T10:30:00-04:00,15,127.2016,120.99,6.4978,127.0091,127.1154,-4.675,6.188,4.606,neutral,120.0322,0.6428,2.1748
NVDA,NVDA-009,2024-09-05T15:30:00-04:00,2024-09-06T11:30:00-04:00,3,107.24,101.84,6.7411,107.345,109.4289,-40.619,4.297,15.354,neutral_down,118.3831,-1.2213,-2.52
NVDA,NVDA-010,2024-09-16T12:30:00-04:00,2024-09-16T15:30:00-04:00,3,116.62,116.77,6.1736,117.4873,116.7077,-0.33,-1.449,-29.185,neutral,115.4984,0.3572,0.9723
NVDA,NVDA-011,2024-09-17T09:30:00-04:00,2024-09-17T11:30:00-04:00,2,117.7499,116.5299,6.069,117.1953,116.7778,10.382,11.276,10.959,neutral,115.614,0.1156,0.8766
NVDA,NVDA-012,2024-09-17T13:30:00-04:00,2024-09-17T14:30:00-04:00,1,115.3791,115.35,6.069,116.5723,116.6051,-17.374,-10.994,-27.028,neutral,115.614,0.1156,0.8766
NVDA,NVDA-013,2024-09-18T13:30:00-04:00,2024-09-19T12:30:00-04:00,6,116.775,119.495,5.9191,115.7102,116.0168,-4.09,22.456,24.926,neutral,115.6114,-0.0026,0.4701
NVDA,NVDA-014,2024-09-24T10:30:00-04:00,2024-09-24T12:30:00-04:00,2,117.38,121.295,5.4179,116.3876,116.456,7.97,15.579,13.422,neutral,115.7222,0.0508,0.3255
NVDA,NVDA-015,2024-09-27T10:30:00-04:00,2024-09-27T11:30:00-04:00,1,120.255,120.83,5.4168,122.5991,122.0586,-12.834,-23.299,-51.634,neutral,117.5143,0.6476,1.7921
NVDA,NVDA-016,2024-10-01T09:30:00-04:00,2024-10-01T10:30:00-04:00,1,117.8892,117.41,5.2263,120.0892,120.6873,-29.083,-23.914,-3.831,neutral_down,118.1969,0.3293,1.3301
NVDA,NVDA-017,2024-10-02T09:30:00-04:00,2024-10-02T11:30:00-04:00,2,118.25,118.985,5.3276,118.0042,119.0784,-29.259,13.837,16.629,neutral_down,118.0835,-0.1134,0.5692
NVDA,NVDA-018,2024-10-02T15:30:00-04:00,2024-10-03T10:30:00-04:00,2,118.8399,122.725,5.3276,118.5928,118.9547,-3.053,0.485,7.514,neutral,118.0835,-0.1134,0.5692
NVDA,NVDA-019,2024-10-10T15:30:00-04:00,2024-10-11T14:30:00-04:00,6,134.8,134.82,5.0569,134.0954,132.5617,57.813,-0.722,-8.226,neutral_up,122.1641,1.0446,3.0119
NVDA,NVDA-020,2024-10-29T11:30:00-04:00,2024-10-31T09:30:00-04:00,12,141.6801,133.81,4.5678,141.1439,141.1275,3.843,11.165,11.365,neutral,134.3068,0.6313,2.1612
NVDA,NVDA-021,2024-11-11T09:30:00-05:00,2024-11-11T13:30:00-05:00,4,145.0055,144.695,4.5462,146.8988,145.9897,8.856,-31.065,-35.684,neutral,138.5651,0.8935,2.9224
NVDA,NVDA-022,2024-11-12T09:30:00-05:00,2024-11-12T10:30:00-05:00,1,149.22,148.645,4.5986,146.3127,145.9346,30.427,41.377,50.307,neutral_up,139.1755,0.6104,2.6258
NVDA,NVDA-023,2024-11-12T11:30:00-05:00,2024-11-12T13:30:00-05:00,2,148.07,148.2309,4.5986,147.0373,146.3527,39.347,-2.586,50.297,neutral_up,139.1755,0.6104,2.6258
NVDA,NVDA-024,2024-11-13T09:30:00-05:00,2024-11-13T12:30:00-05:00,3,147.244,147.025,4.5823,147.5199,146.8858,19.365,-11.722,-11.87,neutral,140.0132,0.8377,2.3416
NVDA,NVDA-025,2024-11-14T09:30:00-05:00,2024-11-15T10:30:00-05:00,8,148.3152,142.96,4.5,147.2122,146.9786,11.021,18.128,9.694,neutral,140.5947,0.5815,2.0297
NVDA,NVDA-026,2024-11-21T09:30:00-05:00,2024-11-22T14:30:00-05:00,12,141.196,142.0,4.7757,144.0543,143.974,-9.106,-27.16,-13.622,neutral,142.0587,0.3871,0.8261
NVDA,NVDA-027,2024-12-13T09:30:00-05:00,2024-12-13T10:30:00-05:00,1,136.49,132.95,4.8809,137.4494,137.9435,-23.616,-7.748,-14.857,neutral_down,140.1451,-0.2845,-0.9481
NVDA,NVDA-028,2024-12-23T09:30:00-05:00,2024-12-23T10:30:00-05:00,1,136.2,137.2492,5.3385,134.2485,133.3994,35.708,9.522,8.418,neutral_up,136.54,-0.157,-1.5939
NVDA,NVDA-029,2024-12-27T11:30:00-05:00,2024-12-27T12:30:00-05:00,1,135.7,135.9599,5.0096,137.9817,137.9284,-29.589,-13.183,-64.084,neutral_down,137.3849,0.2525,0.8449
NVDA,NVDA-030,2024-12-31T09:30:00-05:00,2024-12-31T10:30:00-05:00,1,137.47,135.105,5.1108,137.9564,137.8521,-1.887,-5.758,-24.537,neutral,137.3635,0.0027,0.2311
NVDA,NVDA-031,2024-12-31T15:30:00-05:00,2025-01-02T15:30:00-05:00,7,134.29,138.28,5.1108,135.5468,136.4875,-41.197,-3.629,2.988,neutral_down,137.3635,0.0027,0.2311
NVDA,NVDA-032,2025-01-15T10:30:00-05:00,2025-01-15T13:30:00-05:00,3,134.3899,135.9395,5.9571,132.7561,133.789,-3.142,13.208,46.036,neutral,137.7327,-0.5883,-1.3933
NVDA,NVDA-033,2025-01-17T15:30:00-05:00,2025-01-21T10:30:00-05:00,2,137.75,138.98,5.8545,137.2132,136.2608,35.873,-3.046,-8.975,neutral_up,137.2268,-0.3657,-1.0942
NVDA,NVDA-034,2025-01-31T15:30:00-05:00,2025-02-03T09:30:00-05:00,1,120.0,115.76,7.621,122.5019,123.4625,-35.086,-10.101,-42.691,neutral_down,134.6908,-0.9781,-2.9514
NVDA,NVDA-035,2025-02-12T14:30:00-05:00,2025-02-13T11:30:00-05:00,4,131.525,135.01,6.5957,131.6531,131.4625,-5.064,6.419,-3.129,neutral,130.5373,0.2333,0.5425
NVDA,NVDA-036,2025-02-13T12:30:00-05:00,2025-02-13T13:30:00-05:00,1,134.525,135.1203,6.3953,133.5342,132.5407,45.483,-6.126,19.959,neutral_up,130.5866,0.0493,0.6032
NVDA,NVDA-037,2025-02-13T15:30:00-05:00,2025-02-14T09:30:00-05:00,1,135.25,138.0001,6.3953,134.3727,133.2139,43.275,-4.518,-2.208,neutral_up,130.5866,0.0493,0.6032
NVDA,NVDA-038,2025-02-19T14:30:00-05:00,2025-02-21T15:30:00-05:00,15,139.3194,134.27,6.1135,139.7632,138.638,27.798,-13.248,-8.27,neutral_up,132.4179,0.6992,1.8313
NVDA,NVDA-039,2025-02-27T09:30:00-05:00,2025-02-27T10:30:00-05:00,1,127.48,126.28,6.1684,129.9545,130.9749,-21.531,-17.571,-7.958,neutral,132.6712,-0.1151,-1.0642
NVDA,NVDA-040,2025-02-27T11:30:00-05:00,2025-02-27T14:30:00-05:00,3,127.08,121.91,6.1684,128.7917,130.2328,-35.786,-0.903,-31.827,neutral_down,132.6712,-0.1151,-1.0642
NVDA,NVDA-041,2025-03-05T15:30:00-05:00,2025-03-06T14:30:00-05:00,6,117.3,111.09,7.4832,116.791,117.5635,-4.251,0.981,12.669,neutral,128.1724,-1.2212,-3.3478
NVDA,NVDA-042,2025-03-11T09:30:00-04:00,2025-03-12T11:30:00-04:00,9,106.31,115.845,7.1262,107.7559,109.8795,-48.813,1.573,6.452,neutral_down,122.908,-1.5888,-4.2759
NVDA,NVDA-043,2025-03-18T12:30:00-04:00,2025-03-18T13:30:00-04:00,1,117.1674,116.6442,6.7814,118.0735,117.9459,-11.898,-1.524,-6.006,neutral,120.5612,-0.1081,-0.516
NVDA,NVDA-044,2025-03-19T09:30:00-04:00,2025-03-19T10:30:00-04:00,1,116.99,117.245,6.6499,117.064,117.4389,-17.761,9.963,-1.601,neutral,120.1084,-0.4528,-0.4809
NVDA,NVDA-045,2025-03-19T13:30:00-04:00,2025-03-24T11:30:00-04:00,19,118.536,121.755,6.6499,117.5631,117.571,9.012,9.249,19.47,neutral,120.1084,-0.4528,-0.4809
NVDA,NVDA-046,2025-04-02T09:30:00-04:00,2025-04-02T10:30:00-04:00,1,108.9986,110.2589,5.4865,108.7144,109.1425,0.436,-3.123,18.8,neutral,116.2941,-0.6104,-2.2327
NVDA,NVDA-047,2025-04-03T09:30:00-04:00,2025-04-03T10:30:00-04:00,1,105.15,102.9699,5.4653,108.8863,109.2273,-27.82,-37.601,-38.8,neutral_down,115.7501,-0.544,-1.9679
NVDA,NVDA-048,2025-04-08T13:30:00-04:00,2025-04-09T13:30:00-04:00,7,99.43,112.03,6.6347,99.4026,99.5045,2.933,-3.649,-18.737,neutral,111.2865,-1.3576,-4.4636
NVDA,NVDA-049,2025-04-14T11:30:00-04:00,2025-04-16T11:30:00-04:00,14,110.03,103.915,7.7529,110.1875,108.289,29.653,-10.014,-5.456,neutral_up,110.1629,0.0527,0.2016
NVDA,NVDA-050,2025-04-30T15:30:00-04:00,2025-05-01T09:30:00-04:00,1,108.775,113.325,6.2622,107.59,107.5715,8.896,19.053,33.745,neutral,107.3748,0.1545,0.6847
NVDA,NVDA-051,2025-05-05T15:30:00-04:00,2025-05-08T10:30:00-04:00,16,113.81,117.26,5.9973,114.0097,113.1425,27.115,-8.385,-4.987,neutral_up,108.4611,0.5929,1.0864
NVDA,NVDA-052,2025-05-16T14:30:00-04:00,2025-05-23T10:30:00-04:00,31,135.0803,130.98,5.3744,134.9889,133.3858,44.084,-4.533,-7.213,neutral_up,117.5926,1.7307,5.2719
NVDA,NVDA-053,2025-05-27T11:30:00-04:00,2025-05-27T12:30:00-04:00,1,135.265,135.6,4.7945,133.516,133.189,38.624,7.88,63.262,neutral_up,124.4163,0.6894,2.4866
NVDA,NVDA-054,2025-06-05T13:30:00-04:00,2025-06-13T15:30:00-04:00,44,140.715,141.96,4.7309,141.6499,140.8426,15.861,-18.722,-35.545,neutral,131.15,1.069,3.0287
NVDA,NVDA-055,2025-06-16T09:30:00-04:00,2025-06-16T11:30:00-04:00,2,144.48,145.955,4.2476,142.9097,143.0725,2.354,33.269,30.821,neutral,136.7846,0.5175,2.1354
NVDA,NVDA-056,2025-06-18T14:30:00-04:00,2025-06-24T11:30:00-04:00,18,144.1799,147.165,4.0449,144.7504,144.531,3.383,-14.499,-17.008,neutral,138.0967,0.5943,1.8296
NVDA,NVDA-057,2025-06-30T13:30:00-04:00,2025-07-01T11:30:00-04:00,5,157.5799,153.395,3.9083,157.2569,155.8009,51.69,-4.044,-1.273,neutral_up,144.2456,1.3494,3.8311
NVDA,NVDA-058,2025-07-08T13:30:00-04:00,2025-07-08T14:30:00-04:00,1,159.54,159.895,3.8802,159.0583,158.3261,37.705,-1.641,8.41,neutral_up,149.2019,0.9048,3.0081
NVDA,NVDA-059,2025-07-21T09:30:00-04:00,2025-07-22T09:30:00-04:00,7,173.0801,166.0848,3.8782,172.5284,171.8233,27.833,7.802,1.046,neutral_up,160.0731,1.2307,4.05
NVDA,NVDA-060,2025-07-29T10:30:00-04:00,2025-07-29T12:30:00-04:00,2,175.8599,176.1953,3.7648,175.8741,174.5988,61.244,-28.773,-4.161,neutral_up,165.5352,1.1215,3.0554
NVDA,NVDA-061,2025-07-29T15:30:00-04:00,2025-07-30T09:30:00-04:00,1,175.51,178.46,3.7648,175.9068,175.1208,19.776,-8.956,-22.546,neutral,165.5352,1.1215,3.0554
NVDA,NVDA-062,2025-08-01T09:30:00-04:00,2025-08-01T10:30:00-04:00,1,174.975,174.78,4.0998,177.8403,177.6597,-21.221,-21.998,-37.226,neutral,168.5409,0.9309,3.0057
NVDA,NVDA-063,2025-08-06T13:30:00-04:00,2025-08-08T10:30:00-04:00,11,179.23,183.015,4.4617,178.4414,178.0632,15.81,7.817,9.218,neutral,170.7476,0.7512,2.2067
NVDA,NVDA-064,2025-08-11T14:30:00-04:00,2025-08-19T11:30:00-04:00,39,182.1601,177.538,4.3415,182.7172,181.8619,19.529,-12.454,-24.826,neutral,173.3269,0.9423,2.5793
NVDA,NVDA-065,2025-08-22T09:30:00-04:00,2025-08-22T12:30:00-04:00,3,176.32,178.29,4.4536,175.0986,175.7314,-3.86,13.254,19.86,neutral,176.5934,-0.1622,-0.423
NVDA,NVDA-066,2025-08-27T11:30:00-04:00,2025-08-29T10:30:00-04:00,13,181.4042,174.775,4.6308,181.339,180.403,25.467,-3.478,-15.978,neutral_up,177.4331,0.4267,0.8397
NVDA,NVDA-067,2025-09-04T14:30:00-04:00,2025-09-05T11:30:00-04:00,4,170.9,166.3655,4.9932,170.5938,171.4393,-18.787,6.134,7.19,neutral,176.4722,-0.5852,-1.5568
NVDA,NVDA-068,2025-09-12T15:30:00-04:00,2025-09-16T15:30:00-04:00,14,177.79,174.86,5.0463,177.549,176.4315,36.161,-0.02,-5.346,neutral_up,174.7557,0.2334,0.1626
NVDA,NVDA-069,2025-09-25T14:30:00-04:00,2025-09-29T11:30:00-04:00,11,177.075,182.03,5.2752,177.636,177.8436,-8.923,-4.762,-16.891,neutral,176.152,0.0728,1.0856
NVDA,NVDA-070,2025-10-03T09:30:00-04:00,2025-10-03T10:30:00-04:00,1,188.9437,189.4739,5.2427,188.714,187.1845,44.387,-5.077,-11.962,neutral_up,179.6074,0.9313,2.656
NVDA,NVDA-071,2025-10-03T12:30:00-04:00,2025-10-06T14:30:00-04:00,9,187.1775,185.81,5.2427,188.5025,187.4815,14.763,-21.597,-29.624,neutral,179.6074,0.9313,2.656
NVDA,NVDA-072,2025-10-07T09:30:00-04:00,2025-10-08T15:30:00-04:00,13,188.0151,189.06,5.1573,186.6493,186.8303,0.024,24.859,21.94,neutral,180.8081,0.4722,2.132
NVDA,NVDA-073,2025-10-16T14:30:00-04:00,2025-10-22T11:30:00-04:00,25,180.785,179.22,6.182,181.1512,182.2534,-21.342,-0.243,-0.589,neutral,182.7914,-0.2916,-0.0994
NVDA,NVDA-074,2025-10-31T13:30:00-04:00,2025-10-31T14:30:00-04:00,1,204.265,204.41,6.2169,203.9171,202.381,22.475,2.423,-17.085,neutral,188.5252,1.4255,5.013
NVDA,NVDA-075,2025-10-31T15:30:00-04:00,2025-11-03T12:30:00-05:00,4,202.41,210.9599,6.2169,203.6945,202.5513,10.94,-12.876,-9.113,neutral,188.5252,1.4255,5.013
NVDA,NVDA-076,2025-11-03T13:30:00-05:00,2025-11-03T15:30:00-05:00,2,207.705,207.02,6.1942,207.16,204.9228,51.919,-17.024,7.098,neutral_up,189.7874,1.2623,4.6828
NVDA,NVDA-077,2025-11-04T09:30:00-05:00,2025-11-04T10:30:00-05:00,1,201.6595,201.85,6.3893,206.0273,204.9615,-4.365,-34.692,-56.283,neutral,191.354,1.5666,4.2543
NVDA,NVDA-078,2025-11-13T09:30:00-05:00,2025-11-13T10:30:00-05:00,1,188.0961,186.29,7.3344,192.0188,192.6512,-29.225,-29.651,-18.072,neutral_down,192.4962,0.1354,0.899
NVDA,NVDA-079,2025-11-17T12:30:00-05:00,2025-11-18T11:30:00-05:00,6,186.73,181.58,7.7323,188.0849,188.9452,-25.289,-5.103,-14.921,neutral_down,191.8375,-0.1558,-0.5233
NVDA,NVDA-080,2025-11-19T13:30:00-05:00,2025-11-21T09:30:00-05:00,10,184.63,175.79,7.5582,184.4675,185.2969,-9.916,1.651,-3.408,neutral,190.4523,-0.9082,-1.541
NVDA,NVDA-081,2025-11-25T09:30:00-05:00,2025-11-25T12:30:00-05:00,3,171.075,176.205,8.2576,179.5528,181.1615,-42.817,-42.756,-39.401,neutral_down,187.8144,-0.5264,-2.3036
NVDA,NVDA-082,2025-11-25T14:30:00-05:00,2025-11-25T15:30:00-05:00,1,176.8417,177.79,8.2576,177.0106,179.0846,-30.872,9.605,12.49,neutral_down,187.8144,-0.5264,-2.3036
NVDA,NVDA-083,2025-11-26T09:30:00-05:00,2025-11-26T10:30:00-05:00,1,179.585,180.91,8.5963,177.6502,179.0231,-7.949,13.311,32.528,neutral,186.903,-0.9113,-2.3778
NVDA,NVDA-084,2025-12-01T12:30:00-05:00,2025-12-11T10:30:00-05:00,54,179.405,177.06,8.0142,178.8655,179.0123,4.326,1.281,16.784,neutral,185.4449,-0.8465,-2.3694
NVDA,NVDA-085,2025-12-15T15:30:00-05:00,2025-12-16T10:30:00-05:00,2,176.28,176.03,6.5459,176.8701,178.0293,-30.32,-2.091,-5.852,neutral_down,183.0312,-0.8041,-1.1326
NVDA,NVDA-086,2025-12-16T13:30:00-05:00,2025-12-17T11:30:00-05:00,5,176.745,171.4499,6.323,176.5468,177.3938,-18.414,5.998,11.838,neutral,182.4175,-0.6137,-1.7079
NVDA,NVDA-087,2025-12-31T13:30:00-05:00,2026-01-08T11:30:00-05:00,33,188.045,184.2558,5.3833,188.4202,188.1945,7.746,-11.954,-7.617,neutral,183.744,0.3806,1.6326
NVDA,NVDA-088,2026-01-12T12:30:00-05:00,2026-01-14T12:30:00-05:00,14,186.7801,182.22,5.2861,185.7042,186.0338,4.462,11.446,31.206,neutral,185.3075,-0.0457,0.314
NVDA,NVDA-089,2026-01-26T15:30:00-05:00,2026-01-27T10:30:00-05:00,2,186.38,189.7058,5.3172,186.634,186.1051,9.333,-2.33,-6.841,neutral,184.9101,0.276,0.1703
NVDA,NVDA-090,2026-01-27T15:30:00-05:00,2026-01-28T09:30:00-05:00,1,188.533,191.405,5.1609,188.642,187.6277,36.811,-12.997,-20.42,neutral_up,185.0437,0.1336,0.4312
NVDA,NVDA-091,2026-01-29T13:30:00-05:00,2026-02-02T15:30:00-05:00,16,190.36,185.69,5.0078,190.0182,189.4957,11.577,5.407,15.37,neutral,185.9217,0.5608,1.0117
NVDA,NVDA-092,2026-02-11T12:30:00-05:00,2026-02-13T10:30:00-05:00,12,191.431,183.595,6.5291,190.2635,188.4403,47.737,-1.022,21.272,neutral_up,184.9598,0.365,1.018
NVDA,NVDA-093,2026-02-20T09:30:00-05:00,2026-02-23T14:30:00-05:00,12,187.815,190.89,6.1728,187.2855,187.0607,10.204,3.498,16.666,neutral,185.7285,0.2162,0.424
NVDA,NVDA-094,2026-02-24T09:30:00-05:00,2026-02-24T10:30:00-05:00,1,192.01,192.16,5.9262,190.8817,189.6961,39.429,1.234,4.352,neutral_up,186.6032,0.5037,1.0909
NVDA,NVDA-095,2026-03-03T13:30:00-05:00,2026-03-04T12:30:00-05:00,6,179.55,183.0499,6.6109,180.3194,181.9271,-35.88,-0.768,11.477,neutral_down,186.3238,-0.3974,-1.6353
NVDA,NVDA-096,2026-03-04T14:30:00-05:00,2026-03-09T10:30:00-04:00,17,183.07,179.185,6.5265,182.437,182.2901,18.818,-5.33,11.913,neutral,185.7534,-0.5703,-1.9248
NVDA,NVDA-097,2026-03-09T13:30:00-04:00,2026-03-10T10:30:00-04:00,4,179.905,185.97,6.3868,179.7023,180.3975,-12.409,4.27,19.452,neutral,184.6057,-0.6916,-1.1477
NVDA,NVDA-098,2026-03-12T12:30:00-04:00,2026-03-13T12:30:00-04:00,7,183.76,181.54,6.0865,184.187,183.9216,-2.688,-0.425,-1.143,neutral,184.5984,0.1412,-0.0073
NVDA,NVDA-099,2026-03-16T11:30:00-04:00,2026-03-16T13:30:00-04:00,2,183.9,184.935,5.9699,182.8772,182.9605,15.345,2.675,60.712,neutral,184.0728,-0.3813,-0.3845
NVDA,NVDA-100,2026-03-16T14:30:00-04:00,2026-03-19T10:30:00-04:00,17,181.8338,178.235,5.9699,183.2388,183.1564,3.455,-24.772,-11.89,neutral,184.0728,-0.3813,-0.3845
NVDA,NVDA-101,2026-03-24T14:30:00-04:00,2026-03-25T10:30:00-04:00,3,175.515,180.0,5.7388,175.3809,176.1105,-17.154,4.337,6.471,neutral,181.5222,-0.6012,-1.9667
NVDA,NVDA-102,2026-04-06T11:30:00-04:00,2026-04-08T10:30:00-04:00,13,177.155,181.3,5.6579,176.5847,175.3669,36.404,2.025,-11.434,neutral_up,177.1175,0.0283,-0.3915
NVDA,NVDA-103,2026-04-17T13:30:00-04:00,2026-04-17T14:30:00-04:00,1,200.64,201.26,5.274,199.6362,197.836,60.541,0.829,-7.57,neutral_up,184.5372,1.3703,4.4297
NVDA,NVDA-104,2026-04-20T09:30:00-04:00,2026-04-20T15:30:00-04:00,6,199.13,202.12,5.1445,200.0682,198.5277,41.658,-28.683,-18.884,neutral_up,186.0947,1.5575,4.4979
NVDA,NVDA-105,2026-04-21T09:30:00-04:00,2026-04-21T10:30:00-04:00,1,201.89,201.05,5.0863,200.8069,199.6044,53.249,0.621,24.03,neutral_up,187.5516,1.4568,4.3847
NVDA,NVDA-106,2026-04-21T11:30:00-04:00,2026-04-24T10:30:00-04:00,20,199.895,208.9159,5.0863,200.6634,199.7503,22.718,-19.335,-29.91,neutral,187.5516,1.4568,4.3847
NVDA,NVDA-107,2026-05-04T15:30:00-04:00,2026-05-06T10:30:00-04:00,9,198.56,206.35,6.2807,198.2205,200.0156,-26.684,5.091,27.668,neutral_down,197.7244,0.0666,1.4406
NVDA,NVDA-108,2026-05-12T15:30:00-04:00,2026-05-13T10:30:00-04:00,2,220.91,226.22,6.7588,219.1706,217.2254,41.481,5.384,23.081,neutral_up,202.8321,1.6658,4.2438
NVDA,NVDA-109,2026-05-20T11:30:00-04:00,2026-05-22T11:30:00-04:00,14,224.2601,217.1,7.6982,223.1691,223.4765,8.242,0.435,28.991,neutral,212.4488,0.8181,3.3653
NVDA,NVDA-110,2026-05-28T12:30:00-04:00,2026-05-29T14:30:00-04:00,9,213.225,216.99,7.3806,212.773,213.876,-14.746,4.504,12.766,neutral,214.0325,-0.1453,0.0348
NVDA,NVDA-111,2026-05-29T15:30:00-04:00,2026-06-01T11:30:00-04:00,3,211.15,221.95,7.1605,214.7695,214.6506,-9.219,-38.122,-31.208,neutral,214.0532,0.0207,-0.0584
NVDA,NVDA-112,2026-06-09T15:30:00-04:00,2026-06-10T14:30:00-04:00,6,208.2,200.2067,8.2944,206.3343,208.161,-15.933,16.356,44.401,neutral,214.2106,-0.5571,-1.2247
NVDA,NVDA-113,2026-06-11T13:30:00-04:00,2026-06-15T10:30:00-04:00,11,202.76,211.165,8.5431,202.3249,204.0219,-20.976,6.274,22.228,neutral,212.4529,-1.2113,-2.3148
NVDA,NVDA-114,2026-06-18T12:30:00-04:00,2026-06-22T13:30:00-04:00,8,210.065,208.75,7.6769,208.3679,208.0477,24.862,6.122,32.521,neutral_up,210.3456,-0.5669,-0.7984
NVDA,NVDA-115,2026-06-23T09:30:00-04:00,2026-06-23T10:30:00-04:00,1,203.06,200.75,7.5125,207.8052,208.3077,-40.403,-34.944,-43.332,neutral_down,210.1712,-0.1611,-0.7413
NVDA,NVDA-116,2026-06-29T09:30:00-04:00,2026-06-30T13:30:00-04:00,11,192.725,198.93,7.287,193.8194,196.0098,-49.396,6.639,-4.801,neutral_down,205.7658,-1.4046,-3.4819
NVDA,NVDA-117,2026-07-01T10:30:00-04:00,2026-07-01T11:30:00-04:00,1,196.93,197.062,7.1163,197.4327,196.8712,8.638,-7.817,-30.423,neutral,204.321,-0.4561,-2.8494
NVDA,NVDA-118,2026-07-02T09:30:00-04:00,2026-07-02T14:30:00-04:00,5,197.85,193.105,7.0651,197.8855,197.3784,10.031,-3.026,-3.493,neutral,203.7082,-0.6128,-2.0576
NVDA,NVDA-119,2026-07-06T09:30:00-04:00,2026-07-06T10:30:00-04:00,1,196.574,196.51,7.1108,195.221,195.895,-10.269,20.336,27.693,neutral,202.872,-0.8362,-1.9051
NVDA,NVDA-120,2026-07-06T14:30:00-04:00,,-1,196.85,,7.1108,196.0983,196.1321,7.749,4.541,0.758,neutral,202.872,-0.8362,-1.9051
MSFT,MSFT-001,2024-07-15T15:30:00-04:00,2024-07-16T12:30:00-04:00,4,454.04,447.38,7.2779,453.9712,455.2793,-20.41,4.542,15.312,neutral,451.5406,0.2219,2.1011
MSFT,MSFT-002,2024-07-19T15:30:00-04:00,2024-07-22T15:30:00-04:00,7,437.09,442.86,7.6308,437.6349,440.1107,-37.655,2.605,11.596,neutral_down,449.8868,-0.9457,-1.881
MSFT,MSFT-003,2024-07-29T09:30:00-04:00,2024-07-30T14:30:00-04:00,12,427.27,420.96,8.7653,425.7972,427.7526,-12.904,8.723,8.337,neutral,441.9875,-1.6498,-5.8956
MSFT,MSFT-004,2024-07-30T15:30:00-04:00,2024-07-31T11:30:00-04:00,3,422.42,415.715,8.6711,422.5708,424.6339,-31.419,10.856,22.31,neutral_down,440.6068,-1.3807,-5.5542
MSFT,MSFT-005,2024-08-01T09:30:00-04:00,2024-08-02T11:30:00-04:00,9,424.175,406.3908,8.9812,419.6203,421.3653,-5.011,26.199,32.976,neutral,437.0814,-1.8721,-4.9062
MSFT,MSFT-006,2024-08-07T09:30:00-04:00,2024-08-07T10:30:00-04:00,1,408.44,407.21,10.5471,402.8316,404.184,3.519,25.377,9.505,neutral,426.6834,-2.7253,-8.5769
MSFT,MSFT-007,2024-08-07T11:30:00-04:00,2024-08-13T11:30:00-04:00,28,404.75,413.42,10.5471,403.9158,404.4855,6.613,-4.752,28.471,neutral,426.6834,-2.7253,-8.5769
MSFT,MSFT-008,2024-08-16T15:30:00-04:00,2024-08-20T12:30:00-04:00,11,418.54,423.765,8.9573,418.8237,417.4047,24.72,-4.96,-12.219,neutral_up,418.9651,0.2135,-0.5002
MSFT,MSFT-009,2024-08-22T11:30:00-04:00,2024-08-22T12:30:00-04:00,1,419.9315,416.4533,7.8344,422.2278,421.9972,-21.425,-11.403,-52.404,neutral,420.0874,0.4013,1.1609
MSFT,MSFT-010,2024-08-27T09:30:00-04:00,2024-08-28T13:30:00-04:00,11,414.08,408.625,7.9227,414.0875,415.6257,-29.463,7.592,14.772,neutral_down,418.873,-0.5263,-1.2144
MSFT,MSFT-011,2024-08-28T14:30:00-04:00,2024-08-29T11:30:00-04:00,4,410.546,419.32,7.6503,410.7825,412.5018,-41.486,13.263,12.722,neutral_down,418.4145,-0.4585,-1.2667
MSFT,MSFT-012,2024-09-04T11:30:00-04:00,2024-09-04T13:30:00-04:00,2,409.76,409.41,8.1035,410.4785,412.0367,-31.695,6.151,6.628,neutral_down,416.5744,-0.7034,-1.1306
MSFT,MSFT-013,2024-09-05T09:30:00-04:00,2024-09-05T11:30:00-04:00,2,411.99,407.45,8.0154,410.1009,411.1619,-8.556,18.017,21.368,neutral,415.8677,-0.7068,-1.426
MSFT,MSFT-014,2024-09-05T15:30:00-04:00,2024-09-06T13:30:00-04:00,5,408.4,401.52,8.0154,408.3712,409.6437,-20.163,5.515,15.79,neutral,415.8677,-0.7068,-1.426
MSFT,MSFT-015,2024-09-17T12:30:00-04:00,2024-09-17T13:30:00-04:00,1,434.915,435.37,8.1771,433.276,429.9131,61.024,-4.588,-20.48,neutral_up,418.0768,1.3363,3.8925
MSFT,MSFT-016,2024-09-18T09:30:00-04:00,2024-09-19T13:30:00-04:00,11,432.1856,438.94,8.3366,433.7433,431.2782,30.626,-19.888,-28.183,neutral_up,419.6298,1.553,4.2723
MSFT,MSFT-017,2024-09-20T09:30:00-04:00,2024-09-20T10:30:00-04:00,1,435.835,434.7707,8.3281,437.3164,435.4096,23.381,-18.535,-23.359,neutral,422.2815,1.6399,4.2047
MSFT,MSFT-018,2024-09-23T09:30:00-04:00,2024-09-23T13:30:00-04:00,4,434.52,433.62,8.0918,436.0127,435.6029,-5.904,-7.193,-16.697,neutral,423.4586,1.1771,3.8288
MSFT,MSFT-019,2024-09-23T15:30:00-04:00,2024-09-24T09:30:00-04:00,1,433.37,426.85,8.0918,434.3855,434.867,-19.061,-2.133,-0.964,neutral,423.4586,1.1771,3.8288
MSFT,MSFT-020,2024-09-26T10:30:00-04:00,2024-10-01T10:30:00-04:00,21,430.47,420.0308,7.6598,431.1667,431.6473,-12.051,-5.732,-12.176,neutral,425.4666,0.6573,2.008
MSFT,MSFT-021,2024-10-04T09:30:00-04:00,2024-10-07T15:30:00-04:00,13,415.4263,409.66,7.2271,416.542,418.8288,-45.742,0.712,7.472,neutral_down,424.4313,-0.7891,-2.1292
MSFT,MSFT-022,2024-10-08T09:30:00-04:00,2024-10-08T10:30:00-04:00,1,412.97,413.55,7.1278,413.0672,415.2043,-56.572,25.257,0.059,neutral_down,422.3933,-1.2733,-2.8271
MSFT,MSFT-023,2024-10-10T15:30:00-04:00,2024-10-14T12:30:00-04:00,11,415.841,420.44,7.077,416.004,416.0023,-5.586,2.762,-7.577,neutral,421.312,-0.3892,-2.3546
MSFT,MSFT-024,2024-10-16T09:30:00-04:00,2024-10-16T12:30:00-04:00,3,413.33,414.65,6.7678,416.9682,417.3027,-23.432,-28.409,-17.281,neutral,420.1563,-0.1376,-0.6583
MSFT,MSFT-025,2024-10-17T09:30:00-04:00,2024-10-22T09:30:00-04:00,21,417.8,428.09,6.8772,416.3329,416.6455,2.375,13.01,20.504,neutral,419.7903,-0.366,-0.6221
MSFT,MSFT-026,2024-10-24T15:30:00-04:00,2024-10-25T10:30:00-04:00,2,424.68,430.795,7.0719,424.6961,424.1828,7.952,-0.175,3.007,neutral,420.4875,0.4132,1.0983
MSFT,MSFT-027,2024-10-29T12:30:00-04:00,2024-10-29T14:30:00-04:00,2,431.17,433.06,6.8054,429.0791,428.0804,38.835,10.884,32.96,neutral_up,422.0155,0.4695,1.528
MSFT,MSFT-028,2024-10-29T15:30:00-04:00,2024-10-30T09:30:00-04:00,1,431.96,437.87,6.8054,430.7199,429.1706,54.301,-6.544,15.466,neutral_up,422.0155,0.4695,1.528
MSFT,MSFT-029,2024-11-04T15:30:00-05:00,2024-11-05T11:30:00-05:00,3,408.66,414.26,8.353,408.9552,412.4628,-55.772,9.464,14.879,neutral_down,421.178,-1.1168,-1.7416
MSFT,MSFT-030,2024-11-05T12:30:00-05:00,2024-11-05T13:30:00-05:00,1,411.78,411.3253,8.1023,411.3247,412.6361,-2.498,-7.499,25.221,neutral,420.04,-1.138,-3.8533
MSFT,MSFT-031,2024-11-05T15:30:00-05:00,2024-11-06T09:30:00-05:00,1,411.48,419.94,8.1023,411.4647,412.3804,-9.46,-2.26,-6.962,neutral,420.04,-1.138,-3.8533
MSFT,MSFT-032,2024-11-12T15:30:00-05:00,2024-11-13T12:30:00-05:00,4,423.13,428.3915,7.8952,421.7369,421.0374,32.348,-1.17,21.062,neutral_up,420.0017,-0.1812,0.6537
MSFT,MSFT-033,2024-11-15T09:30:00-05:00,2024-11-15T10:30:00-05:00,1,417.6499,416.8396,8.088,424.4831,424.1268,-21.029,-44.516,-52.024,neutral,421.2896,0.544,1.2879
MSFT,MSFT-034,2024-11-19T15:30:00-05:00,2024-11-26T09:30:00-05:00,29,417.63,424.7075,8.2924,416.2567,417.0488,0.195,8.857,22.663,neutral,420.2505,-0.45,-0.4951
MSFT,MSFT-035,2024-12-02T10:30:00-05:00,2024-12-02T12:30:00-05:00,2,430.296,430.741,7.8505,426.032,424.0011,62.396,12.656,47.166,distribution,420.2237,0.3236,1.4297
MSFT,MSFT-036,2024-12-10T09:30:00-05:00,2024-12-11T14:30:00-05:00,12,448.2101,449.0871,7.7173,445.9981,443.6257,53.009,8.039,-1.791,neutral_up,428.6194,1.7281,5.1311
MSFT,MSFT-037,2024-12-23T14:30:00-05:00,2024-12-23T15:30:00-05:00,1,434.1275,435.22,8.4897,435.7196,438.5237,-45.917,-2.951,12.896,neutral_down,437.6272,-0.0657,-0.1742
MSFT,MSFT-038,2024-12-24T09:30:00-05:00,2024-12-24T11:30:00-05:00,2,437.27,438.52,8.2276,435.9497,438.1367,-24.809,15.123,18.158,neutral_down,437.4084,-0.2188,-0.3439
MSFT,MSFT-039,2024-12-26T09:30:00-05:00,2024-12-26T10:30:00-05:00,1,438.235,438.79,8.0263,437.4384,438.2316,2.095,-2.054,17.692,neutral,437.5831,0.1747,-0.1099
MSFT,MSFT-040,2024-12-26T14:30:00-05:00,2024-12-27T09:30:00-05:00,2,439.56,428.34,8.0263,438.6007,438.5712,10.909,3.361,4.707,neutral,437.5831,0.1747,-0.1099
MSFT,MSFT-041,2025-01-03T14:30:00-05:00,2025-01-06T09:30:00-05:00,2,422.66,432.6485,8.1885,421.5899,422.4375,3.099,-0.111,23.305,neutral,433.1228,-1.4433,-3.8781
MSFT,MSFT-042,2025-01-10T09:30:00-05:00,2025-01-10T11:30:00-05:00,2,417.865,418.32,8.1088,423.1007,424.0399,-33.344,-31.339,-29.348,neutral_down,430.4326,-0.5733,-1.8036
MSFT,MSFT-043,2025-01-10T12:30:00-05:00,2025-01-10T14:30:00-05:00,2,422.06,420.16,8.1088,421.4159,422.8988,-27.879,19.467,5.464,neutral_down,430.4326,-0.5733,-1.8036
MSFT,MSFT-044,2025-01-14T15:30:00-05:00,2025-01-15T10:30:00-05:00,2,415.68,426.285,8.1074,415.5441,417.1894,-28.469,11.939,-0.737,neutral_down,428.2801,-1.105,-2.7258
MSFT,MSFT-045,2025-01-17T15:30:00-05:00,2025-01-22T10:30:00-05:00,9,428.91,442.58,8.2381,429.1654,426.9439,35.062,-11.66,-25.286,neutral_up,426.8264,-0.2286,-1.4536
MSFT,MSFT-046,2025-01-24T15:30:00-05:00,2025-01-27T10:30:00-05:00,2,443.98,427.4,8.6316,443.7838,441.8978,24.45,4.318,-18.213,neutral_up,430.508,1.6192,3.4921
MSFT,MSFT-047,2025-02-03T15:30:00-05:00,2025-02-07T13:30:00-05:00,26,411.01,408.285,10.5755,413.6291,417.9096,-60.287,-7.983,10.385,neutral_down,430.7942,-1.5774,-2.5628
MSFT,MSFT-048,2025-02-11T14:30:00-05:00,2025-02-19T13:30:00-05:00,34,411.6504,413.9574,8.9403,411.2011,411.8578,-14.599,10.996,9.616,neutral,422.7874,-1.0577,-3.4006
MSFT,MSFT-049,2025-02-26T15:30:00-05:00,2025-02-28T09:30:00-05:00,8,399.6409,391.76,7.8968,400.0729,401.9409,-33.838,4.348,-10.491,neutral_down,413.8543,-1.5944,-3.5747
MSFT,MSFT-050,2025-03-03T12:30:00-05:00,2025-03-04T09:30:00-05:00,4,393.21,383.2,8.5889,393.9274,395.3451,-16.582,-5.418,-2.574,neutral,409.5089,-1.2366,-4.3453
MSFT,MSFT-051,2025-03-04T15:30:00-05:00,2025-03-05T10:30:00-05:00,2,388.72,392.0493,8.88,388.7494,390.7917,-17.643,-1.086,40.803,neutral,407.6018,-1.9072,-4.9604
MSFT,MSFT-052,2025-03-12T13:30:00-04:00,2025-03-14T14:30:00-04:00,15,382.785,388.09,9.9178,382.4514,383.7241,-5.902,-2.106,17.02,neutral,399.5866,-1.9367,-5.0981
MSFT,MSFT-053,2025-03-19T09:30:00-04:00,2025-03-19T10:30:00-04:00,1,387.12,386.15,9.3493,384.8543,385.1028,1.48,22.308,28.032,neutral,393.983,-1.0403,-2.3754
MSFT,MSFT-054,2025-03-20T09:30:00-04:00,2025-03-20T10:30:00-04:00,1,390.8353,388.6,9.1172,387.2023,386.2468,34.781,14.764,30.002,neutral_up,393.4272,-0.5557,-2.2203
MSFT,MSFT-055,2025-03-20T13:30:00-04:00,2025-03-24T11:30:00-04:00,12,384.84,392.5766,9.1172,386.5755,386.2733,-6.256,-10.046,-35.122,neutral,393.4272,-0.5557,-2.2203
MSFT,MSFT-056,2025-03-26T14:30:00-04:00,2025-03-27T12:30:00-04:00,5,389.3963,389.82,8.4518,392.0129,391.8226,-24.353,-13.197,-41.433,neutral_down,392.9255,0.2174,0.0999
MSFT,MSFT-057,2025-04-03T14:30:00-04:00,2025-04-03T15:30:00-04:00,1,374.91,373.12,8.741,376.9132,378.4238,-32.887,-1.732,-3.264,neutral_down,388.402,-0.6292,-2.8099
MSFT,MSFT-058,2025-04-08T13:30:00-04:00,2025-04-09T13:30:00-04:00,7,358.3,385.16,10.6588,361.2954,363.8071,-20.962,-7.012,-24.731,neutral,382.0969,-2.4347,-6.3051
MSFT,MSFT-059,2025-04-14T11:30:00-04:00,2025-04-14T12:30:00-04:00,1,385.81,386.31,14.032,386.6106,381.9133,34.306,-12.964,-11.742,neutral_up,381.3678,0.6622,1.6825
MSFT,MSFT-060,2025-04-15T11:30:00-04:00,2025-04-16T12:30:00-04:00,8,388.39,377.49,13.7755,387.6732,384.8405,23.398,0.69,-6.584,neutral,381.9753,0.6075,1.3131
MSFT,MSFT-061,2025-04-28T15:30:00-04:00,2025-04-29T11:30:00-04:00,3,391.16,393.4,12.5784,389.5969,386.4759,55.16,-0.149,21.535,neutral_up,379.0617,1.2558,1.9213
MSFT,MSFT-062,2025-04-29T12:30:00-04:00,2025-04-29T13:30:00-04:00,1,392.61,394.08,12.1158,391.6703,388.5921,54.859,-7.287,-9.054,neutral_up,380.1615,1.0998,3.3021
MSFT,MSFT-063,2025-04-30T09:30:00-04:00,2025-05-01T09:30:00-04:00,7,388.505,431.135,11.5875,391.953,389.8114,20.389,-34.662,-37.444,neutral,381.4177,1.2562,3.6119
MSFT,MSFT-064,2025-05-06T09:30:00-04:00,2025-05-06T10:30:00-04:00,1,434.85,436.34,13.5407,435.9669,430.0319,54.709,-12.908,-32.489,neutral_up,394.8483,4.1172,12.4376
MSFT,MSFT-065,2025-05-06T11:30:00-04:00,2025-05-08T14:30:00-04:00,17,435.9652,442.12,13.5407,436.0263,431.0927,48.994,-4.194,-18.624,neutral_up,394.8483,4.1172,12.4376
MSFT,MSFT-066,2025-05-08T15:30:00-04:00,2025-05-09T10:30:00-04:00,2,438.24,437.39,12.6112,439.4893,436.9443,34.245,-21.762,-27.101,neutral_up,401.5382,3.1952,10.8071
MSFT,MSFT-067,2025-05-15T15:30:00-04:00,2025-05-19T12:30:00-04:00,11,453.05,458.74,10.9366,453.0851,451.0543,27.642,-2.108,-41.862,neutral_up,418.5277,3.4372,10.5643
MSFT,MSFT-068,2025-05-21T11:30:00-04:00,2025-05-23T14:30:00-04:00,17,456.92,451.5,9.7141,456.7531,455.8564,16.016,-0.468,-12.567,neutral,430.521,2.7799,8.8549
MSFT,MSFT-069,2025-05-27T09:30:00-04:00,2025-05-27T12:30:00-04:00,3,457.97,459.08,9.1396,453.4209,453.9116,4.33,39.004,27.878,neutral,435.9794,1.4211,5.4584
MSFT,MSFT-070,2025-05-29T14:30:00-04:00,2025-06-03T12:30:00-04:00,19,458.075,463.05,8.9936,458.2553,457.77,4.777,-0.168,-10.648,neutral,439.9687,1.7411,5.4104
MSFT,MSFT-071,2025-06-04T12:30:00-04:00,2025-06-04T14:30:00-04:00,2,464.72,464.345,8.0115,463.6863,462.2984,44.218,2.863,-5.308,neutral_up,446.6341,1.6506,4.9852
MSFT,MSFT-072,2025-06-04T15:30:00-04:00,2025-06-05T10:30:00-04:00,2,463.89,467.64,8.0115,463.9699,462.7972,31.171,-8.259,-13.046,neutral_up,446.6341,1.6506,4.9852
MSFT,MSFT-073,2025-06-10T09:30:00-04:00,2025-06-11T12:30:00-04:00,10,469.87,474.5715,7.187,471.3647,469.8675,29.393,-29.351,-28.22,neutral_up,453.708,1.9052,5.5052
MSFT,MSFT-074,2025-06-11T13:30:00-04:00,2025-06-11T14:30:00-04:00,1,471.85,472.18,7.0908,472.5539,471.3263,30.752,-22.539,-21.831,neutral_up,455.2737,1.5656,5.3065
MSFT,MSFT-075,2025-06-17T09:30:00-04:00,2025-06-17T10:30:00-04:00,1,476.15,476.82,6.9026,478.0289,477.1072,8.886,-23.229,-30.324,neutral,462.0591,1.7081,5.183
MSFT,MSFT-076,2025-06-17T12:30:00-04:00,2025-06-17T15:30:00-04:00,3,476.615,478.04,6.9026,477.5356,477.0882,-0.963,-6.463,-9.849,neutral,462.0591,1.7081,5.183
MSFT,MSFT-077,2025-06-18T09:30:00-04:00,2025-06-23T14:30:00-04:00,19,478.365,486.47,6.7709,477.6732,477.2741,12.279,4.411,17.457,neutral,463.5119,1.4528,4.6218
MSFT,MSFT-078,2025-06-30T13:30:00-04:00,2025-07-01T14:30:00-04:00,8,498.03,492.29,6.9407,497.0996,495.5272,39.086,1.278,6.405,neutral_up,476.2624,1.9618,6.3067
MSFT,MSFT-079,2025-07-09T10:30:00-04:00,2025-07-09T12:30:00-04:00,2,501.53,501.47,6.4636,498.6043,497.1137,56.104,-0.289,52.556,neutral_up,484.7636,1.1896,4.2851
MSFT,MSFT-080,2025-07-11T14:30:00-04:00,2025-07-15T11:30:00-04:00,11,503.4029,507.31,6.7223,503.0221,501.5326,37.438,-8.668,-5.137,neutral_up,487.8337,1.3686,4.2598
MSFT,MSFT-081,2025-07-16T09:30:00-04:00,2025-07-16T13:30:00-04:00,4,503.73,505.77,6.4164,505.4476,504.34,14.008,-24.561,-51.504,neutral,491.8572,1.3828,4.0235
MSFT,MSFT-082,2025-07-17T09:30:00-04:00,2025-07-17T10:30:00-04:00,1,510.075,511.89,6.3031,506.311,505.2162,45.659,29.99,31.297,neutral_up,493.1002,1.243,3.8723
MSFT,MSFT-083,2025-07-21T12:30:00-04:00,2025-07-22T15:30:00-04:00,10,510.9101,505.46,6.4698,510.5911,509.7374,15.69,1.769,-5.615,neutral,496.185,1.3775,4.3277
MSFT,MSFT-084,2025-07-29T09:30:00-04:00,2025-07-31T09:30:00-04:00,14,514.31,537.7001,6.482,512.6451,512.0664,16.403,17.624,27.312,neutral,502.2612,1.0249,3.3672
MSFT,MSFT-085,2025-08-08T15:30:00-04:00,2025-08-12T12:30:00-04:00,11,522.12,528.17,9.6703,522.0596,523.434,-19.413,1.867,9.495,neutral,514.2407,0.6859,3.3438
MSFT,MSFT-086,2025-08-15T14:30:00-04:00,2025-08-18T11:30:00-04:00,4,523.14,517.19,9.2571,523.5178,523.8723,-4.133,-5.738,2.761,neutral,517.6836,0.4876,2.0863
MSFT,MSFT-087,2025-08-21T15:30:00-04:00,2025-08-26T12:30:00-04:00,18,504.15,500.38,8.8641,505.7374,508.2337,-49.343,-6.388,6.498,neutral_down,516.0359,-1.0576,-1.8618
MSFT,MSFT-088,2025-08-29T15:30:00-04:00,2025-09-02T12:30:00-04:00,4,506.92,501.86,7.8868,507.8877,507.2357,8.557,-13.386,-7.042,neutral,511.6084,-0.1948,-1.7437
MSFT,MSFT-089,2025-09-04T09:30:00-04:00,2025-09-04T12:30:00-04:00,3,505.4802,506.75,7.6942,504.4824,504.783,2.663,6.563,17.023,neutral,510.1514,-0.476,-1.457
MSFT,MSFT-090,2025-09-04T13:30:00-04:00,2025-09-04T15:30:00-04:00,2,507.07,507.98,7.6942,505.8839,505.4425,20.783,2.91,2.09,neutral,510.1514,-0.476,-1.457
MSFT,MSFT-091,2025-09-05T09:30:00-04:00,2025-09-05T11:30:00-04:00,2,499.21,496.845,7.5018,504.9781,505.1737,-19.873,-45.784,-40.656,neutral,509.954,-0.1974,-1.2282
MSFT,MSFT-092,2025-09-09T15:30:00-04:00,2025-09-12T10:30:00-04:00,16,498.45,510.6709,8.2098,498.6917,499.3942,-14.783,0.55,-5.85,neutral,507.6554,-0.9405,-2.496
MSFT,MSFT-093,2025-09-16T15:30:00-04:00,2025-09-22T12:30:00-04:00,25,509.149,515.14,7.9638,511.5603,510.3932,-2.085,-14.81,-44.536,neutral,506.9802,0.847,0.7625
MSFT,MSFT-094,2025-09-24T09:30:00-04:00,2025-09-24T10:30:00-04:00,1,510.05,509.585,7.6859,510.6265,511.3687,-23.522,6.384,2.694,neutral,509.0513,0.0569,1.5487
MSFT,MSFT-095,2025-09-25T12:30:00-04:00,2025-09-29T11:30:00-04:00,13,507.97,515.26,7.5341,508.5989,509.5767,-23.346,0.001,-3.017,neutral,509.1357,0.0844,0.6789
MSFT,MSFT-096,2025-10-01T10:30:00-04:00,2025-10-06T10:30:00-04:00,21,514.55,523.7421,7.4718,515.0522,513.9011,12.255,-4.388,-30.709,neutral,510.4251,0.7515,1.4808
MSFT,MSFT-097,2025-10-08T15:30:00-04:00,2025-10-09T11:30:00-04:00,3,524.83,519.515,8.0936,524.4126,523.5679,15.598,2.722,-0.146,neutral,514.596,0.9374,2.9413
MSFT,MSFT-098,2025-10-09T14:30:00-04:00,2025-10-10T11:30:00-04:00,4,521.52,515.69,7.7912,521.3399,522.1213,-22.799,14.985,9.83,neutral,515.5264,0.9304,3.3539
MSFT,MSFT-099,2025-10-14T15:30:00-04:00,2025-10-20T13:30:00-04:00,26,513.71,517.64,7.9802,513.4907,514.7095,-13.311,1.417,10.204,neutral,515.5466,-0.1577,0.0202
MSFT,MSFT-100,2025-10-21T13:30:00-04:00,2025-10-22T09:30:00-04:00,3,516.015,523.465,7.8687,515.6378,515.1133,5.759,5.85,-6.773,neutral,514.9573,0.1873,-0.2733
MSFT,MSFT-101,2025-10-22T10:30:00-04:00,2025-10-22T11:30:00-04:00,1,522.75,523.005,7.7102,518.745,516.8395,62.629,7.123,47.279,distribution,515.213,0.2557,0.317
MSFT,MSFT-102,2025-10-22T13:30:00-04:00,2025-10-22T14:30:00-04:00,1,519.33,520.01,7.7102,519.6968,517.8362,33.582,-15.905,-29.047,neutral_up,515.213,0.2557,0.317
MSFT,MSFT-103,2025-10-23T09:30:00-04:00,2025-10-23T10:30:00-04:00,1,521.4051,523.1582,7.6966,520.2039,518.5425,31.699,3.001,-1.883,neutral_up,515.6918,0.4788,0.9218
MSFT,MSFT-104,2025-10-24T12:30:00-04:00,2025-10-27T09:30:00-04:00,4,523.785,533.27,7.5283,522.7735,521.227,35.23,-0.038,7.241,neutral_up,516.1371,0.4453,1.1798
MSFT,MSFT-105,2025-11-04T09:30:00-05:00,2025-11-04T10:30:00-05:00,1,514.63,513.32,9.9186,517.1022,520.6112,-45.562,-2.413,-0.182,neutral_down,521.7339,-0.4694,-0.5939
MSFT,MSFT-106,2025-11-04T11:30:00-05:00,2025-11-05T12:30:00-05:00,8,512.47,508.845,9.9186,515.5706,519.2685,-54.216,-3.986,-11.067,neutral_down,521.7339,-0.4694,-0.5939
MSFT,MSFT-107,2025-11-12T15:30:00-05:00,2025-11-13T15:30:00-05:00,7,511.409,503.276,9.4437,508.0104,506.1802,47.853,7.969,37.403,neutral_up,514.4355,-0.5615,-3.3424
MSFT,MSFT-108,2025-11-14T09:30:00-05:00,2025-11-14T15:30:00-05:00,6,505.4173,510.4,9.8473,505.9962,506.2035,-15.981,9.018,-11.883,neutral,513.1709,-0.9895,-1.8262
MSFT,MSFT-109,2025-11-17T09:30:00-05:00,2025-11-18T10:30:00-05:00,8,507.48,492.24,10.1553,508.5592,507.7201,11.025,-13.244,-9.894,neutral,512.919,-0.2519,-1.5165
MSFT,MSFT-110,2025-11-25T09:30:00-05:00,2025-11-26T11:30:00-05:00,9,468.38,486.8,11.1257,473.3566,476.978,-49.888,-16.082,-16.134,neutral_down,500.13,-2.634,-8.442
MSFT,MSFT-111,2025-12-02T11:30:00-05:00,2025-12-03T11:30:00-05:00,7,493.21,482.405,10.7804,489.5679,487.3783,44.807,15.413,29.257,neutral_up,495.5585,-0.8729,-2.4632
MSFT,MSFT-112,2025-12-05T15:30:00-05:00,2025-12-08T10:30:00-05:00,2,483.03,491.48,10.4044,481.3897,481.7141,8.812,7.695,16.519,neutral,492.333,-1.1513,-3.2256
MSFT,MSFT-113,2025-12-12T15:30:00-05:00,2025-12-15T11:30:00-05:00,3,478.35,474.4,10.0285,479.2641,480.8133,-28.642,0.813,2.838,neutral_down,489.7248,-0.6035,-1.7291
MSFT,MSFT-114,2025-12-16T14:30:00-05:00,2025-12-18T10:30:00-05:00,10,476.5365,487.65,9.7203,474.9513,476.3184,-10.475,12.974,21.646,neutral,487.4288,-1.2619,-2.8994
MSFT,MSFT-115,2025-12-22T13:30:00-05:00,2025-12-31T15:30:00-05:00,41,485.875,483.65,9.2165,485.2929,483.932,24.22,0.043,1.283,neutral_up,485.3773,0.0513,-1.0344
MSFT,MSFT-116,2026-01-06T15:30:00-05:00,2026-01-07T09:30:00-05:00,1,478.51,483.4,7.5948,475.4903,476.117,18.495,15.301,55.784,neutral,483.6433,-1.0723,-2.4753
MSFT,MSFT-117,2026-01-12T13:30:00-05:00,2026-01-13T10:30:00-05:00,4,479.14,468.74,7.9351,478.6306,478.6806,2.808,3.621,1.109,neutral,482.4277,-0.3178,-0.7489
MSFT,MSFT-118,2026-01-16T15:30:00-05:00,2026-01-20T13:30:00-05:00,5,459.87,453.1,8.3906,460.4584,461.9171,-18.045,-8.135,-4.509,neutral,476.9658,-2.0056,-4.9858
MSFT,MSFT-119,2026-02-02T15:30:00-05:00,2026-02-03T09:30:00-05:00,1,423.31,412.31,13.4372,426.0511,433.4008,-83.306,0.909,3.705,accumulation,464.2403,-3.388,-5.7363
MSFT,MSFT-120,2026-02-13T13:30:00-05:00,2026-02-23T10:30:00-05:00,32,403.03,386.561,12.9832,403.32,404.6928,-13.184,-1.571,19.925,neutral,431.6339,-2.9754,-8.4473
MSFT,MSFT-121,2026-03-02T09:30:00-05:00,2026-03-02T12:30:00-05:00,3,398.57,400.29,10.9767,395.7189,396.0224,-2.531,25.882,24.458,neutral,409.6563,-1.6926,-3.8278
MSFT,MSFT-122,2026-03-02T14:30:00-05:00,2026-03-02T15:30:00-05:00,1,397.24,398.37,10.9767,397.8401,397.1215,13.583,-12.418,-4.726,neutral,409.6563,-1.6926,-3.8278
MSFT,MSFT-123,2026-03-03T09:30:00-05:00,2026-03-03T12:30:00-05:00,3,393.77,404.59,10.9469,397.1108,396.92,-8.579,-21.083,-34.58,neutral,408.6303,-1.026,-3.6725
MSFT,MSFT-124,2026-03-06T09:30:00-05:00,2026-03-13T12:30:00-04:00,38,411.35,396.58,10.855,409.171,406.6123,41.739,2.437,7.269,neutral_up,408.1449,0.2455,-0.4854
MSFT,MSFT-125,2026-03-17T12:30:00-04:00,2026-03-18T12:30:00-04:00,7,399.81,392.74,9.1992,399.1491,399.6402,-3.105,5.39,-5.536,neutral,405.6227,-0.5663,-2.1597
MSFT,MSFT-126,2026-04-02T15:30:00-04:00,2026-04-08T15:30:00-04:00,21,373.5,374.3,8.8813,371.1771,369.4853,41.328,7.478,15.394,neutral_up,383.029,-1.3579,-5.4856
MSFT,MSFT-127,2026-04-09T09:30:00-04:00,2026-04-09T10:30:00-04:00,1,367.56,368.87,8.7947,372.8471,372.5342,-19.265,-30.131,-50.714,neutral,379.9315,-0.5632,-2.2312
MSFT,MSFT-128,2026-04-09T11:30:00-04:00,2026-04-09T12:30:00-04:00,1,371.31,371.875,8.7947,371.9033,372.1201,-17.229,9.14,-28.095,neutral,379.9315,-0.5632,-2.2312
MSFT,MSFT-129,2026-04-10T09:30:00-04:00,2026-04-10T11:30:00-04:00,2,372.95,372.19,8.6844,372.0964,372.0917,5.484,3.347,21.974,neutral,379.3023,-0.6292,-2.0148
MSFT,MSFT-130,2026-04-13T09:30:00-04:00,2026-04-13T10:30:00-04:00,1,377.48,380.39,8.4648,372.6343,372.2536,24.625,33.79,35.761,neutral_up,378.5357,-0.7666,-1.9589
MSFT,MSFT-131,2026-04-29T09:30:00-04:00,2026-04-30T09:30:00-04:00,7,425.21,401.65,10.2773,426.9044,425.4271,18.404,-20.543,-11.091,neutral,406.7577,2.2602,6.5354
MSFT,MSFT-132,2026-05-05T12:30:00-04:00,2026-05-07T10:30:00-04:00,12,410.145,424.55,11.1293,412.0509,413.508,-30.016,-0.689,-8.808,neutral_down,409.3299,0.437,0.9466
MSFT,MSFT-133,2026-05-14T09:30:00-04:00,2026-05-15T09:30:00-04:00,7,408.875,418.47,10.4714,406.3066,408.1787,-16.308,23.499,29.076,neutral,410.5455,-0.5466,-0.7434
MSFT,MSFT-134,2026-05-19T15:30:00-04:00,2026-05-27T15:30:00-04:00,35,417.6,412.69,10.9739,419.527,419.0543,-8.697,-4.509,-10.106,neutral,412.6081,1.1062,2.0626
MSFT,MSFT-135,2026-05-28T09:30:00-04:00,2026-05-28T10:30:00-04:00,1,425.2563,424.75,10.4275,415.9127,416.053,25.863,55.506,62.768,neutral_up,414.6022,-0.1912,0.3304
MSFT,MSFT-136,2026-06-24T12:30:00-04:00,2026-06-25T09:30:00-04:00,4,370.96,359.855,11.9964,373.1358,374.6698,-24.865,-11.976,-13.897,neutral_down,399.4792,-2.5574,-8.6815
MSFT,MSFT-137,2026-06-30T15:30:00-04:00,2026-07-01T10:30:00-04:00,2,372.83,386.72,13.7839,370.9717,369.7856,19.376,5.761,4.504,neutral,388.4838,-2.0004,-7.9018
MSFT,MSFT-138,2026-07-06T15:30:00-04:00,,-1,386.88,,13.1171,386.6119,384.7795,17.993,2.299,4.284,neutral,387.0586,0.2561,-1.4252
AAPL,AAPL-001,2024-07-16T15:30:00-04:00,2024-07-17T10:30:00-04:00,2,234.81,228.62,4.9822,234.1391,233.1441,31.39,3.48,13.239,neutral_up,219.2124,1.5208,3.9221
AAPL,AAPL-002,2024-07-22T13:30:00-04:00,2024-07-24T11:30:00-04:00,12,225.05,217.905,5.2263,224.6925,225.6349,-18.66,7.806,5.764,neutral,221.8807,0.2449,1.2503
AAPL,AAPL-003,2024-07-26T14:30:00-04:00,2024-07-31T11:30:00-04:00,18,218.605,222.37,5.3818,218.6301,219.568,-19.478,2.474,7.633,neutral,221.5808,-0.4091,-0.4862
AAPL,AAPL-004,2024-08-02T13:30:00-04:00,2024-08-05T10:30:00-04:00,4,223.435,211.17,5.2287,222.2739,221.1837,40.316,-7.803,16.605,neutral_up,220.6592,-0.2379,-0.3284
AAPL,AAPL-005,2024-08-07T14:30:00-04:00,2024-08-08T15:30:00-04:00,8,210.5201,213.34,6.888,210.7279,211.6996,-8.736,-3.059,-9.359,neutral,218.4172,-1.1292,-2.242
AAPL,AAPL-006,2024-08-09T09:30:00-04:00,2024-08-09T13:30:00-04:00,4,214.7,215.28,6.8036,212.9002,212.4395,19.12,8.886,6.557,neutral,217.2484,-0.3908,-2.298
AAPL,AAPL-007,2024-08-09T15:30:00-04:00,2024-08-12T09:30:00-04:00,1,216.3,218.45,6.8036,215.0761,213.8816,34.051,0.765,0.127,neutral_up,217.2484,-0.3908,-2.298
AAPL,AAPL-008,2024-08-19T14:30:00-04:00,2024-08-20T15:30:00-04:00,8,224.93,226.51,5.7346,224.7828,224.2008,15.457,5.174,0.776,neutral,219.2373,0.6863,1.6696
AAPL,AAPL-009,2024-08-21T09:30:00-04:00,2024-08-27T12:30:00-04:00,31,227.225,228.49,5.2704,226.4822,225.6288,42.044,5.163,-7.799,neutral_up,220.4491,0.6061,1.8981
AAPL,AAPL-010,2024-08-28T10:30:00-04:00,2024-08-29T10:30:00-04:00,7,226.81,232.45,4.7953,227.9136,227.3023,17.458,-29.164,-17.472,neutral,222.8288,0.5311,1.5202
AAPL,AAPL-011,2024-09-06T09:30:00-04:00,2024-09-16T10:30:00-04:00,43,222.69,216.5565,4.955,222.5316,223.0405,-7.82,1.452,-3.076,neutral,223.6688,-0.1289,-0.5635
AAPL,AAPL-012,2024-09-23T15:30:00-04:00,2024-09-24T10:30:00-04:00,2,226.45,227.0121,5.1787,227.4116,227.0586,-10.404,-0.94,-11.326,neutral,222.8946,0.5635,1.1121
AAPL,AAPL-013,2024-09-25T12:30:00-04:00,2024-09-27T14:30:00-04:00,16,225.36,227.81,4.9653,226.2964,226.6381,-22.85,-5.099,-18.274,neutral,223.5944,0.3766,1.2633
AAPL,AAPL-014,2024-10-03T15:30:00-04:00,2024-10-09T10:30:00-04:00,23,225.67,228.19,4.8827,225.0216,225.8754,-30.018,24.915,18.241,neutral_down,225.4993,0.1311,0.9923
AAPL,AAPL-015,2024-10-11T13:30:00-04:00,2024-10-14T15:30:00-04:00,9,228.195,231.4,4.5756,228.233,227.844,7.888,2.683,-10.398,neutral,226.0035,0.3027,0.7274
AAPL,AAPL-016,2024-10-22T14:30:00-04:00,2024-10-23T11:30:00-04:00,4,235.7,229.69,4.213,235.1897,234.775,18.52,8.71,21.552,neutral,229.4354,0.7145,1.7569
AAPL,AAPL-017,2024-10-28T09:30:00-04:00,2024-10-28T10:30:00-04:00,1,233.6346,233.55,4.2792,231.974,231.9073,18.686,22.853,14.261,neutral,230.2463,0.1164,0.2268
AAPL,AAPL-018,2024-10-29T15:30:00-04:00,2024-10-30T11:30:00-04:00,3,233.75,231.1999,4.2107,233.671,233.2173,22.668,-5.462,4.213,neutral,230.5412,0.2949,0.4553
AAPL,AAPL-019,2024-11-05T13:30:00-05:00,2024-11-07T11:30:00-05:00,12,223.3301,227.215,4.1162,222.8502,223.7667,-17.514,7.269,14.403,neutral,228.9303,-0.681,-1.8469
AAPL,AAPL-020,2024-11-13T15:30:00-05:00,2024-11-14T09:30:00-05:00,1,225.22,226.57,4.006,225.0953,224.8804,14.577,-5.526,-7.639,neutral,227.2037,-0.2964,-0.6879
AAPL,AAPL-021,2024-11-20T15:30:00-05:00,2024-11-21T14:30:00-05:00,6,229.0,229.27,4.0046,227.7775,227.6551,16.26,19.663,35.979,neutral,227.141,0.1159,0.0115
AAPL,AAPL-022,2024-11-22T09:30:00-05:00,2024-11-22T10:30:00-05:00,1,229.28,229.48,4.0384,228.7921,228.3171,20.333,2.601,-10.121,neutral,227.4191,0.1091,0.394
AAPL,AAPL-023,2024-11-25T12:30:00-05:00,2024-11-25T14:30:00-05:00,2,230.42,230.52,3.9399,230.3156,229.5811,26.604,-6.385,-17.26,neutral_up,227.6301,0.211,0.4891
AAPL,AAPL-024,2024-11-26T09:30:00-05:00,2024-11-26T10:30:00-05:00,1,234.37,235.04,3.9089,231.6008,230.4351,65.731,21.182,39.791,distribution,228.1073,0.4773,0.7974
AAPL,AAPL-025,2024-12-05T15:30:00-05:00,2024-12-09T11:30:00-05:00,10,243.08,246.83,3.6417,242.9174,241.991,38.54,-2.254,-8.235,neutral_up,232.9776,1.0042,2.9391
AAPL,AAPL-026,2024-12-12T09:30:00-05:00,2024-12-12T10:30:00-05:00,1,247.99,248.48,3.6407,247.891,247.1561,12.975,9.077,-39.156,neutral,237.7678,0.8662,3.0569
AAPL,AAPL-027,2024-12-13T09:30:00-05:00,2024-12-13T13:30:00-05:00,4,247.55,247.91,3.5992,247.9214,247.5658,6.009,-6.472,-14.319,neutral,238.6925,0.9247,2.8808
AAPL,AAPL-028,2024-12-16T09:30:00-05:00,2024-12-16T12:30:00-05:00,3,249.04,251.1,3.56,247.9634,247.6687,27.839,13.571,26.301,neutral_up,239.5487,0.8561,2.6471
AAPL,AAPL-029,2024-12-19T10:30:00-05:00,2024-12-19T12:30:00-05:00,2,251.04,250.83,3.8158,251.1098,251.1473,-17.354,15.215,-16.096,neutral,242.319,0.5541,2.7703
AAPL,AAPL-030,2024-12-20T09:30:00-05:00,2024-12-20T11:30:00-05:00,2,249.595,253.735,3.8936,250.3868,250.7426,-18.794,-2.483,-8.797,neutral,243.0036,0.6846,2.4103
AAPL,AAPL-031,2025-01-06T15:30:00-05:00,2025-01-07T14:30:00-05:00,6,245.0,242.01,4.2891,244.8595,245.4783,-12.591,0.641,-4.593,neutral,247.8153,-0.4515,-0.7294
AAPL,AAPL-032,2025-01-08T09:30:00-05:00,2025-01-08T10:30:00-05:00,1,242.4099,242.71,4.2722,242.9855,244.0394,-42.551,6.31,1.427,neutral_down,247.0712,-0.4881,-1.1956
AAPL,AAPL-033,2025-01-08T13:30:00-05:00,2025-01-08T14:30:00-05:00,1,242.795,242.384,4.2722,242.6107,243.4953,-24.418,9.623,10.213,neutral_down,247.0712,-0.4881,-1.1956
AAPL,AAPL-034,2025-01-15T09:30:00-05:00,2025-01-15T10:30:00-05:00,1,237.9201,237.4007,4.7231,234.6645,235.4724,2.531,37.798,32.631,neutral,243.7112,-1.0431,-2.9645
AAPL,AAPL-035,2025-01-23T15:30:00-05:00,2025-01-27T10:30:00-05:00,9,223.65,228.4938,5.3935,223.4932,224.2867,-20.339,7.105,-4.189,neutral,237.7066,-1.3937,-4.1161
AAPL,AAPL-036,2025-01-30T15:30:00-05:00,2025-02-03T10:30:00-05:00,9,237.56,226.42,5.8898,238.3296,236.7146,34.733,-18.878,-10.298,neutral_up,235.425,0.3925,0.2361
AAPL,AAPL-037,2025-02-06T10:30:00-05:00,2025-02-07T14:30:00-05:00,11,231.515,227.99,6.4197,231.3326,231.5504,0.82,-1.407,6.861,neutral,234.5383,-0.2088,-1.1008
AAPL,AAPL-038,2025-02-10T09:30:00-05:00,2025-02-10T10:30:00-05:00,1,229.8662,229.36,6.2407,229.2958,230.2197,-27.422,20.751,16.133,neutral_down,233.8086,-0.6099,-0.9385
AAPL,AAPL-039,2025-02-19T09:30:00-05:00,2025-02-26T11:30:00-05:00,37,243.93,243.13,5.8877,243.8025,242.3406,39.429,-4.99,-0.958,neutral_up,236.0434,0.8417,2.504
AAPL,AAPL-040,2025-02-28T15:30:00-05:00,2025-03-05T09:30:00-05:00,15,241.84,230.92,5.4207,239.3312,240.4829,-3.679,24.021,48.686,neutral,239.7103,-0.232,0.5192
AAPL,AAPL-041,2025-03-06T12:30:00-05:00,2025-03-07T12:30:00-05:00,7,234.295,240.4285,6.0779,235.3415,236.3416,-21.56,-5.431,-11.742,neutral,239.0833,-0.3263,-0.8206
AAPL,AAPL-042,2025-03-10T09:30:00-04:00,2025-03-10T10:30:00-04:00,1,228.57,226.5087,6.0247,236.4142,236.7358,-33.484,-56.613,-66.898,neutral_down,238.7674,0.0263,-0.6422
AAPL,AAPL-043,2025-03-17T11:30:00-04:00,2025-03-24T10:30:00-04:00,34,211.2,219.1575,6.8213,212.0289,213.8986,-36.375,-1.442,-8.887,neutral_down,230.4891,-1.7109,-5.7108
AAPL,AAPL-044,2025-03-27T11:30:00-04:00,2025-03-28T11:30:00-04:00,7,223.195,218.69,5.9516,222.3687,221.5345,27.675,8.529,21.729,neutral_up,223.9767,-0.2587,-0.6948
AAPL,AAPL-045,2025-04-01T14:30:00-04:00,2025-04-02T09:30:00-04:00,2,221.73,224.04,6.1233,221.6273,221.2269,11.864,-2.505,-12.971,neutral,223.2867,-0.1292,-0.69
AAPL,AAPL-046,2025-04-09T12:30:00-04:00,2025-04-09T13:30:00-04:00,1,188.525,190.8,9.4446,180.6062,183.9504,-3.788,30.177,53.896,neutral,211.2678,-3.8498,-10.2116
AAPL,AAPL-047,2025-04-09T14:30:00-04:00,2025-04-09T15:30:00-04:00,1,196.0,198.85,9.4446,185.3159,185.6119,34.528,18.673,68.493,neutral_up,211.2678,-3.8498,-10.2116
AAPL,AAPL-048,2025-04-16T09:30:00-04:00,2025-04-16T14:30:00-04:00,5,197.07,192.57,11.0366,201.1365,199.6639,-0.096,-22.71,-22.626,neutral,206.5309,-0.4401,-1.8171
AAPL,AAPL-049,2025-04-25T15:30:00-04:00,2025-05-02T11:30:00-04:00,31,209.23,205.0,9.7047,208.0502,205.9885,49.82,2.737,-8.662,neutral_up,203.7712,0.4429,0.1795
AAPL,AAPL-050,2025-05-08T10:30:00-04:00,2025-05-08T12:30:00-04:00,2,197.54,199.14,7.8413,196.3774,198.2682,-29.009,18.172,47.522,neutral_down,204.334,-0.8114,-2.1898
AAPL,AAPL-051,2025-05-08T13:30:00-04:00,2025-05-08T14:30:00-04:00,1,198.64,199.56,7.8413,197.6384,198.447,2.235,0.816,31.244,neutral,204.334,-0.8114,-2.1898
AAPL,AAPL-052,2025-05-08T15:30:00-04:00,2025-05-09T10:30:00-04:00,2,197.4,198.43,7.8413,197.8981,198.4438,-3.702,-13.057,-5.121,neutral,204.334,-0.8114,-2.1898
AAPL,AAPL-053,2025-05-14T15:30:00-04:00,2025-05-19T13:30:00-04:00,19,212.41,208.03,7.4887,211.7878,209.9293,45.561,5.903,-6.566,neutral_up,204.7356,0.8109,1.032
AAPL,AAPL-054,2025-05-29T14:30:00-04:00,2025-06-03T10:30:00-04:00,17,199.1393,202.5,6.0057,199.8939,200.1456,-20.387,-2.921,-13.829,neutral,204.0735,-0.3664,-1.7438
AAPL,AAPL-055,2025-06-04T13:30:00-04:00,2025-06-11T12:30:00-04:00,34,203.12,200.91,5.4215,203.2301,202.4176,23.425,-6.108,-30.538,neutral,203.2786,0.0061,-0.4192
AAPL,AAPL-056,2025-06-16T09:30:00-04:00,2025-06-20T15:30:00-04:00,27,198.43,200.92,5.0296,197.417,198.4438,-25.746,25.428,26.283,neutral_down,201.7203,-0.527,-1.202
AAPL,AAPL-057,2025-06-24T15:30:00-04:00,2025-06-30T15:30:00-04:00,28,200.29,205.12,4.5275,201.2121,200.4724,12.688,-17.091,-28.958,neutral,200.6036,0.0946,-0.2871
AAPL,AAPL-058,2025-07-08T11:30:00-04:00,2025-07-08T12:30:00-04:00,1,210.83,209.84,4.6779,210.3557,210.0988,3.671,10.821,10.98,neutral,204.2639,0.5676,2.5229
AAPL,AAPL-059,2025-07-09T14:30:00-04:00,2025-07-10T12:30:00-04:00,5,209.89,212.62,4.5566,209.4043,209.609,-1.506,7.857,28.66,neutral,204.7885,0.5246,2.0776
AAPL,AAPL-060,2025-07-15T14:30:00-04:00,2025-07-21T11:30:00-04:00,25,210.18,213.31,4.2588,210.3664,210.3151,7.996,-11.543,-2.599,neutral,206.6551,0.1885,1.2928
AAPL,AAPL-061,2025-07-23T09:30:00-04:00,2025-07-29T15:30:00-04:00,34,212.9351,211.35,3.8465,213.5446,212.8919,20.61,-19.497,-14.68,neutral,208.7701,0.562,1.3397
AAPL,AAPL-062,2025-08-01T09:30:00-04:00,2025-08-01T10:30:00-04:00,1,205.36,203.44,3.4684,208.0535,209.5168,-66.211,-10.851,-15.449,accumulation,210.1273,-0.2517,-0.3041
AAPL,AAPL-063,2025-08-05T14:30:00-04:00,2025-08-06T09:30:00-04:00,2,203.33,210.747,4.235,203.8633,204.7395,-25.059,-4.624,-2.531,neutral_down,208.8609,-0.5521,-1.5181
AAPL,AAPL-064,2025-08-13T09:30:00-04:00,2025-08-13T12:30:00-04:00,3,231.82,232.4587,5.2759,229.6006,227.1934,69.806,13.45,5.196,distribution,214.5193,1.5121,4.7168
AAPL,AAPL-065,2025-08-14T15:30:00-04:00,2025-08-20T11:30:00-04:00,24,232.83,227.1346,5.2819,232.5319,231.0983,35.005,-1.862,-2.398,neutral_up,216.2284,1.7092,4.6475
AAPL,AAPL-066,2025-08-26T13:30:00-04:00,2025-08-27T13:30:00-04:00,7,228.3592,230.625,4.6021,227.7334,227.6465,12.222,8.381,28.446,neutral,222.7732,0.4377,1.2907
AAPL,AAPL-067,2025-09-02T09:30:00-04:00,2025-09-02T10:30:00-04:00,1,230.6,227.829,4.2725,231.926,231.3912,4.092,-23.819,-28.349,neutral,225.4659,0.6804,2.0994
AAPL,AAPL-068,2025-09-05T15:30:00-04:00,2025-09-09T11:30:00-04:00,10,239.67,236.0,4.5778,239.1705,237.6186,50.064,-2.925,-6.522,neutral_up,228.1576,1.1552,2.6917
AAPL,AAPL-069,2025-09-09T12:30:00-04:00,2025-09-09T13:30:00-04:00,1,237.75,234.5286,4.407,237.2508,237.3816,-10.508,19.337,6.748,neutral,229.9965,0.7924,2.9942
AAPL,AAPL-070,2025-09-18T09:30:00-04:00,2025-09-19T11:30:00-04:00,9,237.56,244.52,4.5499,238.7948,237.8876,13.944,-21.04,-37.707,neutral,232.3125,0.6638,1.8889
AAPL,AAPL-071,2025-09-26T09:30:00-04:00,2025-09-26T10:30:00-04:00,1,255.02,255.9701,5.1727,254.6834,253.3557,48.837,-17.719,14.189,neutral_up,240.6093,1.6331,4.6475
AAPL,AAPL-072,2025-09-29T14:30:00-04:00,2025-10-02T13:30:00-04:00,20,253.99,257.88,5.0761,254.365,254.2312,-4.378,-1.138,4.245,neutral,241.9593,1.3501,4.3095
AAPL,AAPL-073,2025-10-03T09:30:00-04:00,2025-10-03T10:30:00-04:00,1,257.85,258.51,4.6554,257.1377,256.2956,32.058,0.099,-10.212,neutral_up,246.244,1.0896,3.1583
AAPL,AAPL-074,2025-10-03T12:30:00-04:00,2025-10-09T11:30:00-04:00,27,258.31,253.99,4.6554,257.7736,256.8313,35.955,-2.836,3.897,neutral_up,246.244,1.0896,3.1583
AAPL,AAPL-075,2025-10-15T09:30:00-04:00,2025-10-17T14:30:00-04:00,19,250.85,252.76,4.8386,248.4357,249.0808,5.031,27.884,40.79,neutral,249.354,-0.1504,-0.7834
AAPL,AAPL-076,2025-10-30T09:30:00-04:00,2025-11-03T14:30:00-05:00,19,269.09,267.62,4.9614,269.1687,267.9327,29.55,-9.079,-32.905,neutral_up,257.6969,1.2013,3.8045
AAPL,AAPL-077,2025-11-04T10:30:00-05:00,2025-11-04T15:30:00-05:00,5,270.62,270.25,5.1908,268.9416,269.1586,5.978,17.707,32.917,neutral,260.7954,0.8265,3.0985
AAPL,AAPL-078,2025-11-05T09:30:00-05:00,2025-11-11T12:30:00-05:00,31,269.0101,274.48,5.0965,269.6814,269.5376,1.772,-10.879,-14.761,neutral,261.6549,0.8595,2.7141
AAPL,AAPL-079,2025-11-13T13:30:00-05:00,2025-11-17T11:30:00-05:00,12,273.53,268.92,5.2194,273.5121,273.1397,2.334,4.754,-12.302,neutral,265.8859,0.7644,2.309
AAPL,AAPL-080,2025-11-19T12:30:00-05:00,2025-11-24T11:30:00-05:00,20,270.03,274.85,5.3764,269.4358,269.6723,6.314,-0.887,3.654,neutral,267.1501,0.028,0.6129
AAPL,AAPL-081,2025-11-26T15:30:00-05:00,2025-12-01T15:30:00-05:00,11,277.47,283.32,5.8547,277.9765,276.769,23.13,-9.142,-20.134,neutral,269.1097,0.778,1.9164
AAPL,AAPL-082,2025-12-09T09:30:00-05:00,2025-12-09T10:30:00-05:00,1,277.68,277.41,5.2484,277.6937,278.8326,-34.799,7.588,30.791,neutral_down,275.3645,0.2596,1.2205
AAPL,AAPL-083,2025-12-09T11:30:00-05:00,2025-12-09T13:30:00-05:00,2,277.875,278.69,5.2484,277.6846,278.628,-25.821,7.194,16.567,neutral_down,275.3645,0.2596,1.2205
AAPL,AAPL-084,2025-12-09T14:30:00-05:00,2025-12-15T13:30:00-05:00,27,277.865,273.37,5.2484,277.9712,278.5455,-12.383,-5.528,13.437,neutral,275.3645,0.2596,1.2205
AAPL,AAPL-085,2025-12-17T13:30:00-05:00,2025-12-24T11:30:00-05:00,33,273.78,275.36,4.9219,273.7077,274.4218,-20.43,7.128,-6.182,neutral,275.9056,-0.1446,-0.1254
AAPL,AAPL-086,2025-12-24T12:30:00-05:00,2025-12-26T09:30:00-05:00,1,273.82,274.8248,4.7432,273.3775,272.6539,42.533,-14.536,14.467,neutral_up,274.4806,-0.2161,-0.7502
AAPL,AAPL-087,2025-12-29T15:30:00-05:00,2026-01-05T10:30:00-05:00,23,273.74,268.79,4.4837,273.7263,273.5379,7.32,-0.521,7.053,neutral,274.3141,-0.1064,-0.3825
AAPL,AAPL-088,2026-01-12T11:30:00-05:00,2026-01-12T12:30:00-05:00,1,260.6093,260.89,4.4096,259.7188,260.0474,5.953,4.749,16.371,neutral,268.9792,-0.9649,-3.1184
AAPL,AAPL-089,2026-01-13T09:30:00-05:00,2026-01-16T11:30:00-05:00,23,260.0901,255.83,4.4161,260.2221,260.2268,1.663,-4.401,-8.403,neutral,268.182,-0.7972,-2.8485
AAPL,AAPL-090,2026-01-23T09:30:00-05:00,2026-01-26T10:30:00-05:00,8,247.0101,255.0999,4.8829,248.6397,249.6463,-33.536,-11.98,-35.153,neutral_down,260.757,-1.2402,-4.3513
AAPL,AAPL-091,2026-01-30T10:30:00-05:00,2026-02-02T10:30:00-05:00,7,256.6875,264.2918,5.178,256.7456,256.4345,-0.245,4.203,-31.065,neutral,258.8201,-0.0645,-0.3949
AAPL,AAPL-092,2026-02-06T14:30:00-05:00,2026-02-09T12:30:00-05:00,5,277.645,271.98,6.0743,277.3912,275.3756,32.574,-2.062,-18.341,neutral_up,263.4328,1.2477,3.5419
AAPL,AAPL-093,2026-02-20T09:30:00-05:00,2026-02-23T12:30:00-05:00,10,260.5705,269.335,6.499,261.806,262.8064,-38.953,1.966,-10.595,neutral_down,264.9669,-0.4457,-0.7409
AAPL,AAPL-094,2026-02-26T14:30:00-05:00,2026-02-27T12:30:00-05:00,5,272.63,265.9508,6.4228,272.5658,271.6735,15.498,1.444,0.329,neutral,266.4809,0.7699,1.5483
AAPL,AAPL-095,2026-03-03T15:30:00-05:00,2026-03-05T13:30:00-05:00,12,263.689,257.86,6.5925,263.4698,265.0314,-27.503,7.307,30.901,neutral_down,266.6088,-0.2009,0.1278
AAPL,AAPL-096,2026-03-09T13:30:00-04:00,2026-03-10T12:30:00-04:00,6,257.15,262.2,6.2681,257.2302,258.5255,-26.194,3.506,6.544,neutral_down,264.7378,-0.7298,-1.6055
AAPL,AAPL-097,2026-03-12T09:30:00-04:00,2026-03-12T10:30:00-04:00,1,254.67,255.355,6.0297,259.3081,259.6667,-38.61,-47.048,-45.309,neutral_down,263.6845,-0.2874,-1.0534
AAPL,AAPL-098,2026-03-17T14:30:00-04:00,2026-03-18T13:30:00-04:00,6,253.77,250.96,5.9738,253.7667,254.0187,-1.801,-3.688,-9.362,neutral,260.9756,-0.8196,-2.7089
AAPL,AAPL-099,2026-03-19T09:30:00-04:00,2026-03-19T10:30:00-04:00,1,249.8,249.409,5.7708,251.041,252.2679,-53.986,4.903,-7.869,neutral_down,259.4121,-0.9502,-2.383
AAPL,AAPL-100,2026-03-20T15:30:00-04:00,2026-03-23T15:30:00-04:00,7,248.19,251.44,5.6822,248.3966,249.4651,-31.163,3.983,6.47,neutral_down,258.4571,-0.955,-2.5185
AAPL,AAPL-101,2026-03-24T09:30:00-04:00,2026-03-24T10:30:00-04:00,1,252.47,253.985,5.5695,251.1834,250.6663,26.116,5.913,7.72,neutral_up,256.9707,-0.5531,-2.4415
AAPL,AAPL-102,2026-03-25T14:30:00-04:00,2026-03-27T14:30:00-04:00,14,252.63,248.4099,5.5485,253.2229,252.4845,17.109,-14.219,-13.681,neutral,256.4961,-0.4746,-1.9611
AAPL,AAPL-103,2026-04-10T15:30:00-04:00,2026-04-15T11:30:00-04:00,17,260.38,264.579,6.1082,259.9726,258.8691,26.14,2.756,-2.851,neutral_up,255.6905,0.47,0.7027
AAPL,AAPL-104,2026-04-24T15:30:00-04:00,2026-04-27T10:30:00-04:00,2,271.06,267.11,6.0323,271.1283,271.3151,-15.026,9.754,3.346,neutral,263.0775,1.0362,2.6805
AAPL,AAPL-105,2026-04-29T09:30:00-04:00,2026-04-29T10:30:00-04:00,1,269.395,268.83,5.8598,269.7544,269.7295,4.876,-11.31,-6.306,neutral,264.7527,0.6007,1.6752
AAPL,AAPL-106,2026-04-29T11:30:00-04:00,2026-04-29T12:30:00-04:00,1,269.825,270.199,5.8598,269.6206,269.6638,-1.233,4.369,-17.419,neutral,264.7527,0.6007,1.6752
AAPL,AAPL-107,2026-04-30T09:30:00-04:00,2026-04-30T10:30:00-04:00,1,271.919,271.52,5.7269,270.3154,269.9971,22.407,14.951,20.051,neutral,265.247,0.4943,1.4438
AAPL,AAPL-108,2026-04-30T11:30:00-04:00,2026-04-30T14:30:00-04:00,3,273.06,274.49,5.7269,271.0571,270.4014,38.236,13.45,30.78,neutral_up,265.247,0.4943,1.4438
AAPL,AAPL-109,2026-04-30T15:30:00-04:00,2026-05-01T09:30:00-04:00,1,271.205,285.34,5.7269,272.1384,271.2155,27.384,-27.559,-12.481,neutral_up,265.247,0.4943,1.4438
AAPL,AAPL-110,2026-05-12T14:30:00-04:00,2026-05-13T12:30:00-04:00,5,294.8007,300.125,6.4801,293.8057,292.306,47.043,1.913,2.578,neutral_up,276.1195,1.656,5.0189
AAPL,AAPL-111,2026-05-15T15:30:00-04:00,2026-05-18T12:30:00-04:00,4,300.255,296.1703,6.2095,300.4669,298.9678,32.023,-9.034,-38.772,neutral_up,281.4156,1.6764,5.296
AAPL,AAPL-112,2026-05-20T12:30:00-04:00,2026-05-20T13:30:00-04:00,1,301.05,301.47,6.0616,299.236,298.5646,34.323,10.037,14.837,neutral_up,285.7843,1.3196,4.3688
AAPL,AAPL-113,2026-05-27T14:30:00-04:00,2026-06-01T11:30:00-04:00,18,309.82,305.72,5.8074,310.2851,308.9554,28.886,-11.582,-22.923,neutral_up,292.3183,1.6062,5.0357
AAPL,AAPL-114,2026-06-05T09:30:00-04:00,2026-06-08T15:30:00-04:00,13,313.425,301.58,5.9143,311.6413,311.2741,21.223,14.448,15.553,neutral,301.5268,0.9683,3.5159
AAPL,AAPL-115,2026-06-11T15:30:00-04:00,2026-06-15T12:30:00-04:00,11,295.34,296.66,7.2971,294.1291,295.2669,-0.566,1.493,14.572,neutral,300.095,-0.8615,-1.9648
AAPL,AAPL-116,2026-06-17T14:30:00-04:00,2026-06-24T15:30:00-04:00,29,295.185,293.07,7.2221,297.1539,296.9143,-15.354,-10.272,-37.826,neutral,298.72,0.054,-0.9428
AAPL,AAPL-117,2026-06-29T15:30:00-04:00,2026-06-30T10:30:00-04:00,2,281.63,288.27,8.1597,281.3334,282.5585,-7.942,-1.717,7.009,neutral,294.1407,-1.2841,-3.7608
META,META-001,2024-07-26T15:30:00-04:00,2024-07-29T11:30:00-04:00,3,465.67,472.17,15.9636,464.8715,466.6198,-3.413,-2.041,-4.817,neutral,489.8211,-3.6421,-7.6453
META,META-002,2024-07-30T09:30:00-04:00,2024-08-01T09:30:00-04:00,14,467.39,513.0578,15.4889,467.3986,467.5418,-3.389,2.443,-9.97,neutral,485.6414,-1.9841,-7.8218
META,META-003,2024-08-06T09:30:00-04:00,2024-08-06T13:30:00-04:00,4,489.94,501.0512,19.8878,481.1177,481.8286,4.611,22.348,24.058,neutral,483.7199,-0.783,0.9604
META,META-004,2024-08-08T14:30:00-04:00,2024-08-09T10:30:00-04:00,3,505.7,513.9,20.5806,501.074,496.5759,39.167,1.701,8.737,neutral_up,485.0473,0.3883,0.5444
META,META-005,2024-08-20T13:30:00-04:00,2024-08-22T09:30:00-04:00,10,527.515,542.09,17.0421,527.8919,528.0669,-3.511,-2.007,-3.297,neutral,506.5779,2.2622,8.0979
META,META-006,2024-08-22T12:30:00-04:00,2024-08-22T14:30:00-04:00,2,534.1,530.13,15.9536,535.1748,532.8338,25.441,-16.127,-32.666,neutral_up,510.8327,2.4337,6.517
META,META-007,2024-08-23T09:30:00-04:00,2024-08-26T09:30:00-04:00,7,537.24,517.28,15.9312,534.1179,532.9088,13.812,17.243,4.064,neutral,512.7661,1.9334,6.1882
META,META-008,2024-08-28T13:30:00-04:00,2024-09-03T15:30:00-04:00,23,514.95,511.77,15.1546,517.2727,520.3738,-49.08,-0.072,-1.271,neutral_down,515.1875,0.3993,2.4213
META,META-009,2024-09-04T09:30:00-04:00,2024-09-06T12:30:00-04:00,17,510.89,499.85,14.2286,513.5856,515.9888,-38.735,-0.67,-3.052,neutral_down,515.7253,-0.3955,0.3994
META,META-010,2024-09-10T14:30:00-04:00,2024-09-12T09:30:00-04:00,9,506.2275,520.13,14.4667,504.9703,506.29,-6.352,5.865,19.895,neutral,513.3426,-0.8523,-2.1021
META,META-011,2024-09-16T14:30:00-04:00,2024-09-17T10:30:00-04:00,3,530.71,534.94,14.3688,526.2872,522.4711,57.127,5.916,30.103,neutral_up,514.6905,0.9819,2.1336
META,META-012,2024-09-23T15:30:00-04:00,2024-09-25T14:30:00-04:00,13,564.41,572.14,14.2989,564.033,559.3664,41.557,-3.116,-10.512,neutral_up,526.9492,3.4391,8.7549
META,META-013,2024-09-25T15:30:00-04:00,2024-09-26T14:30:00-04:00,6,568.26,567.63,14.1357,569.042,565.6215,37.38,-17.683,-12.832,neutral_up,533.3543,2.9996,9.8442
META,META-014,2024-09-27T09:30:00-04:00,2024-10-04T10:30:00-04:00,36,566.77,583.815,14.1608,567.0654,566.1231,7.632,-2.715,7.128,neutral,539.375,2.8475,9.0203
META,META-015,2024-10-09T09:30:00-04:00,2024-10-14T12:30:00-04:00,24,587.18,595.07,13.2323,589.6212,588.1837,11.764,-19.287,-1.097,neutral,562.337,3.0493,9.5127
META,META-016,2024-10-18T11:30:00-04:00,2024-10-21T14:30:00-04:00,10,578.51,573.49,12.0386,578.6562,580.0082,-10.576,-2.718,18.487,neutral,572.938,0.4002,2.2389
META,META-017,2024-10-22T09:30:00-04:00,2024-10-22T13:30:00-04:00,4,577.74,581.6475,11.5391,574.9876,576.3873,-5.039,18.406,36.2,neutral,573.4236,0.1736,0.8858
META,META-018,2024-10-23T09:30:00-04:00,2024-10-23T11:30:00-04:00,2,579.34,570.13,11.5299,579.0307,578.0897,24.861,-12.938,-5.233,neutral_up,574.1915,0.7679,1.2535
META,META-019,2024-11-04T15:30:00-05:00,2024-11-07T09:30:00-05:00,15,560.65,586.55,13.3495,564.3904,569.0932,-58.789,-3.056,-7.473,neutral_down,575.0014,-0.7841,-0.1246
META,META-020,2024-11-12T09:30:00-05:00,2024-11-14T14:30:00-05:00,19,588.49,574.11,13.6901,584.7145,583.5248,19.301,16.013,17.882,neutral,577.0277,0.6392,3.6127
META,META-021,2024-11-19T15:30:00-05:00,2024-11-26T10:30:00-05:00,30,561.09,573.865,13.9497,557.3641,559.6899,-3.58,15.346,32.102,neutral,573.7802,-1.948,-4.1735
META,META-022,2024-12-05T15:30:00-05:00,2024-12-06T10:30:00-05:00,2,608.92,625.43,14.4656,609.4577,605.9201,22.312,0.459,-14.913,neutral,579.5446,3.4025,9.2114
META,META-023,2024-12-17T09:30:00-05:00,2024-12-18T15:30:00-05:00,13,617.93,597.64,14.6949,623.847,624.38,-14.199,-23.769,-29.093,neutral,602.5325,2.1937,7.4468
META,META-024,2024-12-23T13:30:00-05:00,2024-12-23T15:30:00-05:00,2,599.3526,599.95,16.4886,596.6315,600.5377,-12.21,6.409,34.847,neutral,600.7006,-2.0701,-3.3698
META,META-025,2024-12-27T12:30:00-05:00,2024-12-27T13:30:00-05:00,1,593.18,595.37,15.7073,596.9761,599.4943,-43.118,2.516,-14.468,neutral_down,601.4695,0.19,0.7689
META,META-026,2024-12-31T14:30:00-05:00,2025-01-03T12:30:00-05:00,12,590.5,605.265,15.4672,590.0118,592.8092,-31.275,14.162,5.443,neutral_down,600.3816,-0.9462,-0.8979
META,META-027,2025-01-08T13:30:00-05:00,2025-01-14T09:30:00-05:00,17,614.56,597.7089,16.5932,613.6591,612.9936,-1.174,8.563,6.327,neutral,603.7343,1.3936,4.6777
META,META-028,2025-01-17T14:30:00-05:00,2025-01-22T11:30:00-05:00,11,613.89,631.085,17.6632,613.5239,612.3916,8.624,-0.376,0.441,neutral,606.2603,0.511,0.5868
META,META-029,2025-01-30T14:30:00-05:00,2025-01-31T10:30:00-05:00,3,690.805,699.9884,18.9486,685.7346,677.2292,43.19,2.515,-12.905,neutral_up,628.7937,4.7836,13.8879
META,META-030,2025-02-03T10:30:00-05:00,2025-02-07T15:30:00-05:00,33,697.12,714.26,20.0478,692.6309,687.3979,26.096,8.025,5.022,neutral_up,639.0921,5.0078,15.082
META,META-031,2025-02-10T09:30:00-05:00,2025-02-14T11:30:00-05:00,30,713.5444,734.075,19.4445,714.5378,711.3991,16.757,-5.912,-20.191,neutral,664.9041,4.9356,15.1173
META,META-032,2025-02-28T10:30:00-05:00,2025-02-28T11:30:00-05:00,1,659.0,660.5,20.5683,664.2073,667.8149,-34.194,-0.932,-7.156,neutral_down,682.7905,-2.461,-6.4807
META,META-033,2025-02-28T12:30:00-05:00,2025-02-28T13:30:00-05:00,1,658.4456,657.4884,20.5683,662.4618,666.3586,-31.619,-0.888,1.642,neutral_down,682.7905,-2.461,-6.4807
META,META-034,2025-02-28T14:30:00-05:00,2025-03-04T09:30:00-05:00,9,662.91,628.038,20.5683,661.7557,665.312,-21.573,11.289,9.158,neutral,682.7905,-2.461,-6.4807
META,META-035,2025-03-12T09:30:00-04:00,2025-03-12T11:30:00-04:00,2,623.375,621.93,24.6619,608.0809,610.5927,12.397,24.804,35.163,neutral,654.5263,-4.9106,-15.0652
META,META-036,2025-03-13T09:30:00-04:00,2025-03-13T11:30:00-04:00,2,603.625,595.01,24.8939,614.3234,613.7092,-5.856,-24.923,-27.395,neutral,651.3276,-3.1988,-14.2411
META,META-037,2025-03-17T14:30:00-04:00,2025-03-18T10:30:00-04:00,3,605.99,576.93,25.0112,603.3286,603.7873,5.06,5.464,17.213,neutral,642.3249,-3.4975,-12.2015
META,META-038,2025-04-02T09:30:00-04:00,2025-04-02T10:30:00-04:00,1,584.24,586.89,23.0529,582.2189,583.6423,3.097,-0.399,11.824,neutral,609.9359,-2.3986,-9.8978
META,META-039,2025-04-02T11:30:00-04:00,2025-04-02T12:30:00-04:00,1,588.775,590.135,23.0529,584.2775,584.3773,13.919,5.518,10.423,neutral,609.9359,-2.3986,-9.8978
META,META-040,2025-04-08T10:30:00-04:00,2025-04-09T14:30:00-04:00,11,527.2933,581.62,28.1302,521.3647,526.4619,2.892,-1.059,32.141,neutral,585.0892,-6.8549,-22.4807
META,META-041,2025-04-14T15:30:00-04:00,2025-04-16T09:30:00-04:00,8,531.71,509.3634,33.3666,535.2893,537.4422,-15.958,-2.125,2.185,neutral,572.9779,-2.9688,-5.3569
META,META-042,2025-04-29T14:30:00-04:00,2025-05-01T09:30:00-04:00,9,554.4629,578.3613,26.9852,551.0812,544.9262,55.494,-0.874,2.096,neutral_up,541.8882,0.7962,0.6755
META,META-043,2025-05-06T15:30:00-04:00,2025-05-08T13:30:00-04:00,12,587.1,607.22,26.7545,591.4335,589.4539,-5.725,-7.939,-10.402,neutral,555.1298,4.413,11.6866
META,META-044,2025-05-09T09:30:00-04:00,2025-05-09T11:30:00-04:00,2,595.83,596.02,24.3385,600.5503,597.7596,5.897,-15.486,-47.272,neutral,564.8646,3.2725,9.7347
META,META-045,2025-05-09T12:30:00-04:00,2025-05-09T13:30:00-04:00,1,594.69,592.46,24.3385,598.3881,597.3907,-7.984,-6.102,-13.881,neutral,564.8646,3.2725,9.7347
META,META-046,2025-05-09T15:30:00-04:00,2025-05-12T09:30:00-04:00,1,592.56,627.43,24.3385,595.744,596.2918,-18.881,-3.037,-10.897,neutral,564.8646,3.2725,9.7347
META,META-047,2025-05-15T14:30:00-04:00,2025-05-16T09:30:00-04:00,2,642.029,633.7574,23.9175,651.8182,648.3532,-1.17,-32.574,-32.847,neutral,588.5296,7.08,21.1473
META,META-048,2025-05-20T12:30:00-04:00,2025-05-23T14:30:00-04:00,23,637.7403,628.573,22.6767,638.6808,640.1527,-17.622,0.242,-4.299,neutral,601.6502,3.86,13.1205
META,META-049,2025-05-27T09:30:00-04:00,2025-05-27T13:30:00-04:00,4,637.425,641.8159,20.1441,632.2657,634.1166,-9.113,29.023,17.861,neutral,611.7844,1.5416,6.8988
META,META-050,2025-05-29T15:30:00-04:00,2025-06-02T11:30:00-04:00,10,645.02,662.17,19.0424,644.4229,642.8542,12.791,3.566,-10.975,neutral,617.2086,2.6591,6.9658
META,META-051,2025-06-10T10:30:00-04:00,2025-06-12T15:30:00-04:00,19,696.45,693.31,17.8834,697.5384,694.0643,22.775,-7.537,-14.832,neutral,649.734,4.4346,14.1349
META,META-052,2025-06-13T10:30:00-04:00,2025-06-13T11:30:00-04:00,1,692.8,692.925,16.7554,692.6195,694.1347,-21.121,11.411,-4.319,neutral,661.3489,3.1961,11.6148
META,META-053,2025-06-16T09:30:00-04:00,2025-06-16T10:30:00-04:00,1,705.38,703.72,16.5272,691.6498,692.6084,8.674,65.95,41.121,neutral,663.3035,1.9546,8.7735
META,META-054,2025-06-18T15:30:00-04:00,2025-06-20T11:30:00-04:00,3,695.4,689.0376,16.5701,697.6782,697.952,-15.338,-4.151,-14.818,neutral,669.6024,2.7638,8.2535
META,META-055,2025-07-07T11:30:00-04:00,2025-07-09T10:30:00-04:00,13,721.775,734.655,15.6562,720.633,721.0147,9.327,-4.668,21.101,neutral,699.892,1.9118,5.7017
META,META-056,2025-07-14T14:30:00-04:00,2025-07-16T10:30:00-04:00,10,721.12,704.5,15.3557,722.6265,722.9684,-2.33,-10.419,-8.482,neutral,708.818,0.8792,5.4895
META,META-057,2025-07-18T13:30:00-04:00,2025-07-21T11:30:00-04:00,5,701.86,712.97,14.577,700.4637,703.78,-25.026,11.218,24.726,neutral_down,708.5718,-0.7002,-1.3409
META,META-058,2025-07-25T15:30:00-04:00,2025-07-29T15:30:00-04:00,14,712.93,700.0,13.7909,715.5737,714.4325,-2.724,-10.797,-39.482,neutral,709.2847,0.5495,0.7034
META,META-059,2025-08-06T14:30:00-04:00,2025-08-12T10:30:00-04:00,24,772.29,787.2,20.723,769.5462,765.8691,32.776,2.524,4.604,neutral_up,726.3999,3.697,12.3264
META,META-060,2025-08-14T15:30:00-04:00,2025-08-18T10:30:00-04:00,9,781.82,765.33,19.041,783.2515,781.9862,4.314,-5.446,-20.582,neutral,747.173,3.2697,10.5174
META,META-061,2025-08-26T14:30:00-04:00,2025-08-29T11:30:00-04:00,18,753.645,739.5933,18.4378,752.524,752.0782,3.303,10.016,-0.356,neutral,752.7517,0.0648,-1.0895
META,META-062,2025-09-03T15:30:00-04:00,2025-09-04T10:30:00-04:00,2,736.9,754.015,16.7828,735.9697,737.53,-8.45,3.318,4.41,neutral,749.5949,-1.4515,-2.7697
META,META-063,2025-09-08T15:30:00-04:00,2025-09-09T10:30:00-04:00,2,752.19,759.78,16.3548,756.5094,752.8615,21.483,-25.938,-38.221,neutral,748.8279,0.3462,-0.767
META,META-064,2025-09-10T09:30:00-04:00,2025-09-11T12:30:00-04:00,10,755.6,753.02,16.0708,760.8126,757.6673,20.271,-33.346,-23.854,neutral,750.655,1.5215,2.1734
META,META-065,2025-09-12T12:30:00-04:00,2025-09-15T13:30:00-04:00,8,755.02,765.0,15.4668,752.6483,753.6504,-3.148,12.984,22.101,neutral,750.7583,-0.0008,1.6248
META,META-066,2025-09-17T14:30:00-04:00,2025-09-18T11:30:00-04:00,4,779.1493,784.455,15.879,773.3492,769.1017,39.13,12.952,-2.438,neutral_up,754.8629,2.4127,4.1046
META,META-067,2025-09-19T09:30:00-04:00,2025-09-22T14:30:00-04:00,12,779.39,768.06,15.9192,780.5386,776.5171,22.875,-8.291,-21.594,neutral,758.8929,2.1557,6.4427
META,META-068,2025-09-29T15:30:00-04:00,2025-09-30T10:30:00-04:00,2,743.4,732.61,16.1504,744.4623,747.3257,-28.833,1.405,-5.502,neutral_down,758.075,-1.4225,-2.4779
META,META-069,2025-10-03T14:30:00-04:00,2025-10-06T09:30:00-04:00,2,714.105,700.9336,16.0757,718.1669,722.296,-50.389,-1.988,-20.595,neutral_down,749.1063,-2.2046,-7.6346
META,META-070,2025-10-07T15:30:00-04:00,2025-10-08T14:30:00-04:00,6,712.92,719.09,17.1257,710.5198,712.8852,-12.546,12.757,14.268,neutral,742.8858,-2.7026,-8.4251
META,META-071,2025-10-09T09:30:00-04:00,2025-10-09T11:30:00-04:00,2,718.975,726.5601,16.4579,716.6499,715.3796,22.587,0.552,2.531,neutral,738.1315,-2.0302,-7.4569
META,META-072,2025-10-14T15:30:00-04:00,2025-10-20T10:30:00-04:00,23,708.77,729.93,17.5514,711.8445,713.6974,-22.084,-6.981,-12.381,neutral,733.0226,-1.7542,-5.109
META,META-073,2025-10-22T13:30:00-04:00,2025-10-27T09:30:00-04:00,17,728.9277,753.2778,16.6861,730.1687,728.3855,4.018,-0.448,-18.656,neutral,728.0151,0.5234,-0.02
META,META-074,2025-10-29T12:30:00-04:00,2025-10-30T09:30:00-04:00,4,749.57,661.51,15.6148,750.6149,748.2941,11.447,-3.173,-14.47,neutral,733.5599,1.781,4.564
META,META-075,2025-11-06T09:30:00-05:00,2025-11-06T10:30:00-05:00,1,625.06,622.16,21.5051,634.653,641.2787,-53.759,-23.301,-25.152,neutral_down,699.7577,-6.3758,-21.8636
META,META-076,2025-11-06T11:30:00-05:00,2025-11-06T12:30:00-05:00,1,624.39,623.44,21.5051,630.6015,638.1633,-67.729,0.858,-37.271,accumulation,699.7577,-6.3758,-21.8636
META,META-077,2025-11-06T13:30:00-05:00,2025-11-06T14:30:00-05:00,1,624.755,621.4,21.5051,628.2864,635.7276,-61.98,5.416,6.608,accumulation,699.7577,-6.3758,-21.8636
META,META-078,2025-11-14T14:30:00-05:00,2025-11-18T09:30:00-05:00,9,610.0,586.8176,19.7629,610.5568,612.5696,-10.991,-4.387,4.487,neutral,664.5814,-5.4644,-16.4853
META,META-079,2025-11-20T11:30:00-05:00,2025-11-24T10:30:00-05:00,13,587.426,611.6529,19.246,591.2557,594.3513,-17.589,-13.745,19.769,neutral,643.8544,-5.3514,-15.7478
META,META-080,2025-12-02T09:30:00-05:00,2025-12-02T14:30:00-05:00,5,642.2525,647.005,17.9835,641.5397,637.1103,39.447,-0.303,-13.931,neutral_up,635.1267,0.5763,1.9651
META,META-081,2025-12-03T09:30:00-05:00,2025-12-04T10:30:00-05:00,8,643.4042,664.85,17.399,644.4728,640.9908,34.242,-16.144,-12.517,neutral_up,636.2298,1.103,3.0193
META,META-082,2025-12-08T15:30:00-05:00,2025-12-09T10:30:00-05:00,2,667.03,655.5,17.9639,668.2508,665.0266,18.904,-4.258,-12.794,neutral,641.9855,3.1474,5.7558
META,META-083,2025-12-11T15:30:00-05:00,2025-12-16T15:30:00-05:00,21,652.78,657.15,16.9665,650.7979,652.8279,-8.24,7.918,19.793,neutral,645.8154,0.4115,3.8298
META,META-084,2025-12-17T14:30:00-05:00,2025-12-18T10:30:00-05:00,3,653.58,667.03,16.6451,655.3316,653.5984,7.131,-7.254,-33.193,neutral,647.3514,0.9799,0.9028
META,META-085,2025-12-19T15:30:00-05:00,2025-12-22T12:30:00-05:00,4,658.79,658.76,16.6589,664.165,661.8714,7.332,-26.103,-32.768,neutral,649.0716,1.5308,2.7001
META,META-086,2025-12-22T13:30:00-05:00,2025-12-29T12:30:00-05:00,24,660.325,656.64,16.3847,661.4465,661.2709,-8.529,2.798,-8.457,neutral,649.9551,0.8835,2.6037
META,META-087,2025-12-30T09:30:00-05:00,2025-12-30T10:30:00-05:00,1,666.8065,666.89,14.158,660.6613,661.34,10.145,37.619,54.953,neutral,654.8749,0.3675,2.629
META,META-088,2026-01-07T11:30:00-05:00,2026-01-07T12:30:00-05:00,1,652.5872,652.18,14.2808,654.2624,656.3506,-34.004,10.432,-43.763,neutral_down,656.4248,0.4035,0.1811
META,META-089,2026-01-09T15:30:00-05:00,2026-01-12T10:30:00-05:00,2,653.01,648.02,14.2759,650.8206,650.5658,16.245,3.044,6.139,neutral,654.8363,-0.8826,-1.185
META,META-090,2026-01-12T11:30:00-05:00,2026-01-12T13:30:00-05:00,2,649.43,647.57,14.1204,649.6918,650.035,-6.688,2.041,-22.933,neutral,654.6703,-0.166,-1.7545
META,META-091,2026-01-12T15:30:00-05:00,2026-01-13T09:30:00-05:00,1,641.93,625.9301,14.1204,647.2155,648.6891,-35.742,-18.685,-23.038,neutral_down,654.6703,-0.166,-1.7545
META,META-092,2026-01-16T12:30:00-05:00,2026-01-20T11:30:00-05:00,6,626.235,607.5,14.1355,623.3025,624.8588,1.993,8.667,22.381,neutral,645.7116,-2.4782,-7.8005
META,META-093,2026-01-28T09:30:00-05:00,2026-01-29T09:30:00-05:00,7,675.4175,720.52,16.8309,672.1571,665.7642,58.942,1.622,8.71,neutral_up,645.8648,2.7155,7.4844
META,META-094,2026-02-06T15:30:00-05:00,2026-02-09T12:30:00-05:00,4,661.34,678.9,22.0932,663.3091,670.411,-40.684,3.653,10.588,neutral_down,668.3542,0.1716,2.6171
META,META-095,2026-02-11T10:30:00-05:00,2026-02-12T10:30:00-05:00,7,668.98,645.4298,21.6616,670.3114,671.6787,-18.33,6.823,-16.676,neutral,668.8067,0.2243,0.4524
META,META-096,2026-02-18T09:30:00-05:00,2026-02-18T10:30:00-05:00,1,639.12,638.86,21.3684,640.3382,645.6359,-32.981,2.152,9.308,neutral_down,662.2801,-2.301,-6.518
META,META-097,2026-02-18T11:30:00-05:00,2026-02-20T13:30:00-05:00,16,639.38,655.8,21.3684,639.91,644.5072,-28.587,2.88,6.545,neutral_down,662.2801,-2.301,-6.518
META,META-098,2026-02-23T10:30:00-05:00,2026-02-23T11:30:00-05:00,1,644.38,643.16,20.5963,650.5071,648.8786,-3.142,-20.85,-38.782,neutral,658.8043,-0.2984,-3.4758
META,META-099,2026-02-27T15:30:00-05:00,2026-03-02T13:30:00-05:00,5,647.99,655.315,19.2486,645.6768,647.1352,-17.553,22.737,20.368,neutral,655.2753,0.1734,-1.575
META,META-100,2026-03-03T09:30:00-05:00,2026-03-04T09:30:00-05:00,7,639.56,671.92,19.667,649.4235,649.2706,-14.561,-32.558,-43.295,neutral,654.5172,-0.0957,-0.5846
META,META-101,2026-03-25T09:30:00-04:00,2026-03-25T11:30:00-04:00,2,599.78,598.6899,17.6201,596.7823,599.4644,-18.381,20.324,22.154,neutral,628.6798,-3.558,-10.5225
META,META-102,2026-03-25T12:30:00-04:00,2026-03-26T09:30:00-04:00,4,601.425,568.79,17.6201,598.1873,599.4776,1.899,10.184,20.28,neutral,628.6798,-3.558,-10.5225
META,META-103,2026-04-06T11:30:00-04:00,2026-04-06T13:30:00-04:00,2,579.12,578.07,20.788,575.8143,572.2226,31.411,5.272,12.258,neutral_up,596.3865,-2.1777,-6.9632
META,META-104,2026-04-07T11:30:00-04:00,2026-04-08T10:30:00-04:00,6,569.005,593.18,20.0738,572.2455,572.2159,-18.825,0.01,-29.308,neutral,594.2623,-2.1242,-6.2393
META,META-105,2026-04-13T10:30:00-04:00,2026-04-13T11:30:00-04:00,1,625.945,629.33,21.576,627.1326,620.287,36.162,-7.201,-11.366,neutral_up,600.3728,2.9517,7.8698
META,META-106,2026-04-13T14:30:00-04:00,2026-04-14T09:30:00-04:00,2,632.25,653.6456,21.576,629.4067,623.6277,48.764,3.3,8.984,neutral_up,600.3728,2.9517,7.8698
META,META-107,2026-04-20T09:30:00-04:00,2026-04-20T12:30:00-04:00,3,676.0824,672.65,20.0784,681.238,674.9396,43.384,-37.083,-30.554,neutral_up,626.4315,6.2229,17.5841
META,META-108,2026-04-22T13:30:00-04:00,2026-04-23T14:30:00-04:00,8,675.765,659.66,19.3164,674.0763,673.5361,12.914,3.02,5.21,neutral,633.9715,3.4929,13.7628
META,META-109,2026-04-24T09:30:00-04:00,2026-04-24T11:30:00-04:00,2,665.08,675.27,18.8285,663.9255,667.5141,-31.622,19.093,24.739,neutral_down,639.6403,1.969,9.1617
META,META-110,2026-04-28T15:30:00-04:00,2026-04-30T09:30:00-04:00,8,671.18,602.2899,18.8472,671.9445,672.4851,-11.195,2.122,6.492,neutral,646.0826,3.2377,8.4112
META,META-111,2026-05-04T15:30:00-04:00,2026-05-07T10:30:00-04:00,16,610.54,621.27,20.9384,611.5985,619.2278,-45.716,-0.921,10.518,neutral_down,643.3821,-3.4637,-4.9821
META,META-112,2026-05-08T12:30:00-04:00,2026-05-11T10:30:00-04:00,5,609.915,602.3972,19.4098,612.3321,613.3661,-24.431,1.843,-23.735,neutral_down,633.3057,-1.6396,-7.0907
META,META-113,2026-05-13T09:30:00-04:00,2026-05-13T12:30:00-04:00,3,606.35,615.51,17.7729,602.6769,604.3824,-1.676,15.441,34.989,neutral,625.9356,-2.2836,-7.3701
META,META-114,2026-05-15T15:30:00-04:00,2026-05-19T11:30:00-04:00,10,614.29,602.3,17.4896,616.2753,614.8511,7.133,-11.52,-12.14,neutral,624.4843,-0.6054,-3.735
META,META-115,2026-05-20T14:30:00-04:00,2026-05-26T15:30:00-04:00,22,603.48,612.34,16.4804,604.5244,606.5575,-20.605,-3.919,5.394,neutral,620.6554,-1.7905,-3.8289
META,META-116,2026-05-27T09:30:00-04:00,2026-05-27T14:30:00-04:00,5,615.0,632.5775,14.9227,610.8002,609.2162,33.959,13.037,21.134,neutral_up,616.9875,-0.4648,-2.2328
META,META-117,2026-06-10T11:30:00-04:00,2026-06-10T14:30:00-04:00,3,577.105,570.97,18.9715,583.765,590.4983,-59.523,-4.842,-17.899,neutral_down,610.9512,-2.6256,-7.8331
META,META-118,2026-06-12T15:30:00-04:00,2026-06-15T10:30:00-04:00,2,566.8,596.705,18.8152,567.7561,571.7967,-28.896,1.876,-4.16,neutral_down,603.7629,-3.5373,-9.8139
META,META-119,2026-06-23T12:30:00-04:00,2026-06-23T14:30:00-04:00,2,565.69,562.76,19.9077,565.6716,569.6087,-28.843,6.385,2.12,neutral_down,592.2547,-2.8405,-7.5589
META,META-120,2026-06-24T10:30:00-04:00,2026-06-25T12:30:00-04:00,9,566.5073,544.3301,19.2843,564.3926,567.3097,-17.454,12.95,15.761,neutral,589.5242,-2.7304,-7.3504
GOOGL,GOOGL-001,2024-07-15T15:30:00-04:00,2024-07-16T15:30:00-04:00,7,186.61,183.92,3.3373,186.5492,186.8102,-6.87,0.865,-1.736,neutral,183.3895,0.166,1.2176
GOOGL,GOOGL-002,2024-07-30T12:30:00-04:00,2024-07-30T13:30:00-04:00,1,169.5,170.085,4.1678,169.3735,169.8307,-7.756,0.628,-5.435,neutral,178.0969,-0.8587,-3.3475
GOOGL,GOOGL-003,2024-07-31T09:30:00-04:00,2024-08-02T10:30:00-04:00,15,171.995,166.325,4.0694,170.2343,170.1172,22.677,16.544,24.005,neutral,177.3863,-0.7106,-2.7659
GOOGL,GOOGL-004,2024-08-07T15:30:00-04:00,2024-08-08T12:30:00-04:00,4,158.93,163.41,4.7827,159.7133,161.0086,-31.588,-2.699,-5.362,neutral_down,172.5302,-1.421,-3.7708
GOOGL,GOOGL-005,2024-08-09T09:30:00-04:00,2024-08-09T11:30:00-04:00,2,160.26,159.62,4.773,161.6982,161.7155,-8.219,-18.311,-31.859,neutral,170.4534,-0.8403,-3.4977
GOOGL,GOOGL-006,2024-08-09T12:30:00-04:00,2024-08-09T13:30:00-04:00,1,161.25,161.61,4.773,161.0344,161.3568,-14.409,12.373,-6.189,neutral,170.4534,-0.8403,-3.4977
GOOGL,GOOGL-007,2024-08-09T14:30:00-04:00,2024-08-12T09:30:00-04:00,2,162.48,163.57,4.773,161.4156,161.4799,7.696,12.612,34.477,neutral,170.4534,-0.8403,-3.4977
GOOGL,GOOGL-008,2024-08-12T10:30:00-04:00,2024-08-12T11:30:00-04:00,1,162.365,163.31,4.7699,162.2349,161.8954,19.562,-10.058,11.866,neutral,169.834,-0.6194,-2.6961
GOOGL,GOOGL-009,2024-08-12T13:30:00-04:00,2024-08-13T12:30:00-04:00,6,162.6399,164.1851,4.7699,162.5519,162.1482,14.984,-4.293,-4.577,neutral,169.834,-0.6194,-2.6961
GOOGL,GOOGL-010,2024-08-14T09:30:00-04:00,2024-08-14T10:30:00-04:00,1,158.83,158.46,4.4908,162.6762,162.6433,-25.568,-55.25,-53.401,neutral_down,168.693,-0.4543,-1.7604
GOOGL,GOOGL-011,2024-08-22T09:30:00-04:00,2024-08-22T12:30:00-04:00,3,166.29,164.8115,4.0686,166.1008,165.8232,7.285,7.414,3.399,neutral,166.8366,-0.0987,-0.0971
GOOGL,GOOGL-012,2024-08-23T11:30:00-04:00,2024-08-28T10:30:00-04:00,20,164.47,161.97,4.0837,165.0116,165.2868,-16.294,-5.909,23.848,neutral,166.5587,-0.2779,-0.3501
GOOGL,GOOGL-013,2024-08-30T15:30:00-04:00,2024-09-03T10:30:00-04:00,2,163.31,159.11,3.9244,162.7467,163.1636,-6.559,11.063,22.458,neutral,165.5949,-0.3775,-0.8544
GOOGL,GOOGL-014,2024-09-05T15:30:00-04:00,2024-09-06T10:30:00-04:00,2,157.28,152.4497,3.9333,157.1717,158.0588,-27.408,5.952,17.195,neutral_down,163.9093,-0.7509,-1.6857
GOOGL,GOOGL-015,2024-09-11T09:30:00-04:00,2024-09-12T10:30:00-04:00,8,148.22,153.645,4.1906,149.2138,150.5461,-48.778,-5.918,-12.031,neutral_down,159.8336,-1.1184,-3.473
GOOGL,GOOGL-016,2024-09-17T15:30:00-04:00,2024-09-19T09:30:00-04:00,8,159.32,163.01,3.9302,158.8044,157.6461,53.984,2.033,-8.817,neutral_up,158.4992,-0.0439,-0.5468
GOOGL,GOOGL-017,2024-09-23T13:30:00-04:00,2024-09-27T11:30:00-04:00,26,162.585,164.34,3.5663,162.888,162.228,17.185,-5.441,-44.397,neutral,159.4114,0.4129,0.8376
GOOGL,GOOGL-018,2024-09-30T15:30:00-04:00,2024-10-01T14:30:00-04:00,6,165.92,167.54,3.2931,164.6508,164.0265,47.057,18.51,17.779,neutral_up,160.6013,0.3319,0.7256
GOOGL,GOOGL-019,2024-10-01T15:30:00-04:00,2024-10-02T11:30:00-04:00,3,167.04,165.37,3.2643,166.2902,165.2446,56.073,-6.252,17.222,neutral_up,161.0848,0.4835,1.0614
GOOGL,GOOGL-020,2024-10-02T13:30:00-04:00,2024-10-02T14:30:00-04:00,1,165.55,166.0,3.3582,165.7621,165.3401,7.583,-1.434,-9.762,neutral,161.6262,0.5414,1.3568
GOOGL,GOOGL-021,2024-10-02T15:30:00-04:00,2024-10-07T15:30:00-04:00,21,165.85,163.01,3.3582,165.8177,165.441,12.805,-0.111,3.788,neutral,161.6262,0.5414,1.3568
GOOGL,GOOGL-022,2024-10-11T09:30:00-04:00,2024-10-11T12:30:00-04:00,3,163.3,163.385,3.3781,162.3806,162.6518,2.157,17.812,14.52,neutral,162.7794,-0.0709,-0.029
GOOGL,GOOGL-023,2024-10-11T15:30:00-04:00,2024-10-14T09:30:00-04:00,1,163.24,165.47,3.3781,163.1324,162.9719,16.316,-6.764,-0.147,neutral,162.7794,-0.0709,-0.029
GOOGL,GOOGL-024,2024-10-16T09:30:00-04:00,2024-10-17T15:30:00-04:00,13,165.6,162.92,3.2851,165.3759,164.8176,23.831,0.257,-8.051,neutral_up,163.2416,0.2268,0.4622
GOOGL,GOOGL-025,2024-10-18T09:30:00-04:00,2024-10-23T14:30:00-04:00,26,163.815,162.7091,3.227,163.8078,164.2123,-26.258,13.788,3.385,neutral_down,163.3709,-0.0451,0.3561
GOOGL,GOOGL-026,2024-11-05T10:30:00-05:00,2024-11-06T09:30:00-05:00,6,169.69,176.03,3.8879,169.7114,170.4044,-23.505,5.456,7.81,neutral,166.6124,0.2638,1.2722
GOOGL,GOOGL-027,2024-11-11T15:30:00-05:00,2024-11-12T13:30:00-05:00,5,180.37,181.7503,3.9352,179.7919,178.7107,55.237,0.737,6.405,neutral_up,169.8137,0.8586,2.9161
GOOGL,GOOGL-028,2024-11-13T09:30:00-05:00,2024-11-13T10:30:00-05:00,1,179.365,179.67,3.7568,180.6533,179.8328,25.12,-38.719,-37.58,neutral_up,171.7567,0.9833,2.8016
GOOGL,GOOGL-029,2024-11-13T11:30:00-05:00,2024-11-14T09:30:00-05:00,5,179.85,176.475,3.7568,180.3353,179.8209,5.606,-4.728,-58.232,neutral,171.7567,0.9833,2.8016
GOOGL,GOOGL-030,2024-11-25T15:30:00-05:00,2024-11-26T10:30:00-05:00,2,167.65,168.75,4.4434,167.1069,167.803,-6.91,3.275,12.595,neutral,172.3279,-0.7588,-1.0685
GOOGL,GOOGL-031,2024-11-27T15:30:00-05:00,2024-12-02T13:30:00-05:00,9,169.3,171.21,4.2493,169.0531,168.7534,17.901,1.417,1.225,neutral,171.6442,-0.2584,-1.4425
GOOGL,GOOGL-032,2024-12-06T14:30:00-05:00,2024-12-09T15:30:00-05:00,8,174.46,175.4,3.7517,174.2513,173.6196,32.511,-3.275,-6.622,neutral_up,171.6379,0.1032,0.4065
GOOGL,GOOGL-033,2024-12-16T09:30:00-05:00,2024-12-16T10:30:00-05:00,1,195.08,197.62,4.4613,192.0177,190.7616,39.547,36.828,14.949,neutral_up,178.0879,1.1722,4.6771
GOOGL,GOOGL-034,2024-12-23T10:30:00-05:00,2024-12-23T13:30:00-05:00,3,192.465,194.515,5.3688,191.5064,191.7624,2.757,9.179,-0.8,neutral,183.2609,0.8159,2.0643
GOOGL,GOOGL-035,2024-12-31T15:30:00-05:00,2025-01-03T15:30:00-05:00,14,189.33,191.78,4.8383,190.3645,191.3372,-46.368,-5.175,2.298,neutral_down,187.2791,0.3941,1.9138
GOOGL,GOOGL-036,2025-01-08T14:30:00-05:00,2025-01-10T14:30:00-05:00,7,194.055,192.11,4.9005,195.1153,194.9918,-6.851,-11.265,2.31,neutral,189.4294,0.6041,1.7888
GOOGL,GOOGL-037,2025-01-13T09:30:00-05:00,2025-01-13T10:30:00-05:00,1,189.45,188.83,4.9283,192.4428,193.4712,-46.873,-18.968,-35.867,neutral_down,190.0403,0.2,1.215
GOOGL,GOOGL-038,2025-01-15T09:30:00-05:00,2025-01-15T10:30:00-05:00,1,194.27,194.19,4.8221,190.9075,191.3321,10.503,45.455,38.065,neutral,190.0849,-0.0445,0.2445
GOOGL,GOOGL-039,2025-01-17T15:30:00-05:00,2025-01-21T10:30:00-05:00,2,195.99,198.33,4.8,195.5679,194.704,35.196,-2.405,-11.434,neutral_up,190.7915,0.2089,0.6621
GOOGL,GOOGL-040,2025-01-23T11:30:00-05:00,2025-01-27T11:30:00-05:00,14,199.34,193.75,4.7396,199.0233,198.2064,30.972,-3.929,17.047,neutral_up,192.4672,0.5863,1.6758
GOOGL,GOOGL-041,2025-01-29T15:30:00-05:00,2025-01-30T09:30:00-05:00,1,195.39,199.9,4.9656,195.2649,195.4096,4.348,-4.787,11.434,neutral,193.6281,0.1682,0.6597
GOOGL,GOOGL-042,2025-02-04T11:30:00-05:00,2025-02-05T09:30:00-05:00,5,204.19,188.365,4.8341,203.7537,202.5332,41.087,-9.427,37.004,neutral_up,195.8469,0.5383,2.0586
GOOGL,GOOGL-043,2025-02-11T15:30:00-05:00,2025-02-12T13:30:00-05:00,5,185.3701,183.26,5.6497,185.5011,186.8065,-39.941,4.403,17.912,neutral_down,194.1326,-0.7753,-2.1544
GOOGL,GOOGL-044,2025-02-13T10:30:00-05:00,2025-02-13T11:30:00-05:00,1,184.2,183.91,5.3007,184.0074,185.0024,-26.889,6.321,20.609,neutral_down,192.4482,-0.8878,-2.4597
GOOGL,GOOGL-045,2025-02-13T12:30:00-05:00,2025-02-21T11:30:00-05:00,34,183.84,181.2,5.3007,183.9583,184.8064,-26.284,0.226,6.927,neutral_down,192.4482,-0.8878,-2.4597
GOOGL,GOOGL-046,2025-03-03T11:30:00-05:00,2025-03-05T12:30:00-05:00,15,169.93,172.17,4.6807,169.7476,170.8573,-17.233,-0.58,19.18,neutral,182.6603,-1.237,-4.0516
GOOGL,GOOGL-047,2025-03-07T09:30:00-05:00,2025-03-10T10:30:00-04:00,8,172.07,166.4,4.9879,172.3433,171.8776,6.431,-3.086,-3.137,neutral,178.9787,-0.6599,-2.2589
GOOGL,GOOGL-048,2025-03-12T15:30:00-04:00,2025-03-14T14:30:00-04:00,13,167.08,164.789,5.3399,166.2485,166.5355,9.207,-0.072,11.855,neutral,176.1467,-1.2157,-2.832
GOOGL,GOOGL-049,2025-03-14T15:30:00-04:00,2025-03-17T10:30:00-04:00,2,165.435,164.22,5.2319,164.5062,164.7345,7.141,7.374,14.412,neutral,174.1804,-1.142,-3.182
GOOGL,GOOGL-050,2025-03-17T12:30:00-04:00,2025-03-18T09:30:00-04:00,4,164.75,157.13,5.1468,164.5141,164.6621,-1.198,3.195,-3.508,neutral,173.3854,-0.795,-2.7613
GOOGL,GOOGL-051,2025-03-21T10:30:00-04:00,2025-03-24T10:30:00-04:00,7,162.29,167.17,5.0669,162.6135,162.7182,-6.831,-2.597,4.542,neutral,170.062,-0.7262,-2.4901
GOOGL,GOOGL-052,2025-04-03T09:30:00-04:00,2025-04-03T10:30:00-04:00,1,151.98,151.92,4.8735,155.739,156.4107,-43.182,-41.539,-39.493,neutral_down,164.4285,-0.7499,-2.7089
GOOGL,GOOGL-053,2025-04-07T15:30:00-04:00,2025-04-09T14:30:00-04:00,13,146.8,156.73,5.0423,146.7536,148.6499,-27.086,5.538,9.985,neutral_down,161.5757,-1.6066,-3.6027
GOOGL,GOOGL-054,2025-04-14T11:30:00-04:00,2025-04-14T12:30:00-04:00,1,158.16,158.5,6.5517,157.5118,155.2823,47.516,-11.715,8.269,neutral_up,158.1464,-0.1146,-0.6723
GOOGL,GOOGL-055,2025-04-15T15:30:00-04:00,2025-04-16T11:30:00-04:00,3,156.3,154.95,6.4208,156.6451,156.3819,-5.261,3.801,-0.683,neutral,158.234,0.0876,-0.5711
GOOGL,GOOGL-056,2025-04-29T09:30:00-04:00,2025-04-30T11:30:00-04:00,9,159.665,156.9,5.856,159.9879,159.2686,14.667,-6.787,8.112,neutral,156.9189,0.3691,1.2018
GOOGL,GOOGL-057,2025-04-30T12:30:00-04:00,2025-04-30T13:30:00-04:00,1,157.255,157.22,5.6677,158.321,158.8097,-35.168,0.929,-19.237,neutral_down,157.2135,0.2946,1.1948
GOOGL,GOOGL-058,2025-04-30T15:30:00-04:00,2025-05-01T11:30:00-04:00,3,158.76,160.635,5.6677,158.0965,158.5569,-13.629,18.219,21.538,neutral,157.2135,0.2946,1.1948
GOOGL,GOOGL-059,2025-05-06T12:30:00-04:00,2025-05-07T10:30:00-04:00,5,163.67,153.74,5.1199,164.0784,163.4627,11.577,-5.715,-14.752,neutral,158.8276,0.5482,1.4735
GOOGL,GOOGL-060,2025-05-16T15:30:00-04:00,2025-05-19T15:30:00-04:00,7,166.14,166.53,5.557,165.9102,164.537,41.72,-5.526,-12.687,neutral_up,159.0421,0.4898,1.3291
GOOGL,GOOGL-061,2025-05-20T09:30:00-04:00,2025-05-20T10:30:00-04:00,1,166.35,166.61,5.3232,165.8798,165.1726,29.599,0.21,12.025,neutral_up,160.3094,0.6221,1.7571
GOOGL,GOOGL-062,2025-05-20T12:30:00-04:00,2025-05-21T10:30:00-04:00,5,166.815,172.6416,5.3232,166.3859,165.6049,34.775,-5.179,5.177,neutral_up,160.3094,0.6221,1.7571
GOOGL,GOOGL-063,2025-05-29T11:30:00-04:00,2025-05-30T12:30:00-04:00,8,171.46,168.65,5.3998,172.2792,171.915,0.152,-10.805,-17.953,neutral,164.4982,0.7862,2.2714
GOOGL,GOOGL-064,2025-06-02T09:30:00-04:00,2025-06-02T10:30:00-04:00,1,169.04,168.96,5.2477,170.2998,170.8032,-20.077,-17.682,20.692,neutral,165.754,0.5856,2.0419
GOOGL,GOOGL-065,2025-06-03T09:30:00-04:00,2025-06-03T10:30:00-04:00,1,167.33,166.9465,5.1743,168.9789,169.7998,-42.672,-15.084,-10.342,neutral_down,166.0491,0.2951,1.5509
GOOGL,GOOGL-066,2025-06-04T15:30:00-04:00,2025-06-05T11:30:00-04:00,3,168.07,169.945,5.0704,167.4938,168.0235,-7.881,9.309,26.102,neutral,166.0601,0.011,0.8917
GOOGL,GOOGL-067,2025-06-05T14:30:00-04:00,2025-06-05T15:30:00-04:00,1,168.21,168.22,4.8543,168.9311,168.6818,11.143,-23.192,-23.417,neutral,166.2428,0.1827,0.4888
GOOGL,GOOGL-068,2025-06-13T12:30:00-04:00,2025-06-13T14:30:00-04:00,2,176.4988,175.14,4.5826,176.1914,176.3232,0.563,3.764,38.459,neutral,170.1978,0.5522,2.3036
GOOGL,GOOGL-069,2025-06-16T09:30:00-04:00,2025-06-20T10:30:00-04:00,22,175.905,169.04,4.5942,175.7434,176.0414,-14.257,10.755,-11.088,neutral,170.6071,0.4093,1.7369
GOOGL,GOOGL-070,2025-07-02T14:30:00-04:00,2025-07-02T15:30:00-04:00,1,178.36,178.64,4.691,177.3671,176.2398,53.002,0.66,8.675,neutral_up,172.2014,0.3669,1.5166
GOOGL,GOOGL-071,2025-07-03T09:30:00-04:00,2025-07-03T10:30:00-04:00,1,178.305,178.69,4.6267,177.7583,176.6259,48.15,-6.952,-4.192,neutral_up,172.7867,0.5853,1.3887
GOOGL,GOOGL-072,2025-07-07T15:30:00-04:00,2025-07-08T10:30:00-04:00,2,176.79,173.2628,4.4834,176.9485,176.9415,-12.48,8.245,-3.358,neutral,173.3998,0.613,1.5652
GOOGL,GOOGL-073,2025-07-09T13:30:00-04:00,2025-07-10T13:30:00-04:00,7,176.2402,177.61,4.4882,176.3685,176.2339,10.721,-10.604,-13.402,neutral,173.7663,0.0584,0.9796
GOOGL,GOOGL-074,2025-07-16T11:30:00-04:00,2025-07-16T12:30:00-04:00,1,183.0048,183.99,4.4409,183.0541,181.9089,37.917,-11.595,0.386,neutral_up,176.0797,0.588,1.7263
GOOGL,GOOGL-075,2025-07-16T15:30:00-04:00,2025-07-21T09:30:00-04:00,15,182.915,188.865,4.4409,183.2421,182.3927,22.322,-8.615,-19.472,neutral,176.0797,0.588,1.7263
GOOGL,GOOGL-076,2025-07-23T15:30:00-04:00,2025-07-24T14:30:00-04:00,6,190.35,193.03,4.2143,190.2055,189.2752,32.395,-3.933,3.977,neutral_up,180.2464,1.1104,2.9145
GOOGL,GOOGL-077,2025-07-24T15:30:00-04:00,2025-07-25T12:30:00-04:00,4,192.18,193.235,4.1526,192.4475,191.1499,33.41,-14.314,-16.112,neutral_up,181.1649,0.9185,3.1323
GOOGL,GOOGL-078,2025-07-28T09:30:00-04:00,2025-07-29T14:30:00-04:00,12,191.75,195.31,4.3039,192.8274,192.1555,7.432,-15.904,-21.39,neutral,183.1675,1.0012,2.9211
GOOGL,GOOGL-079,2025-08-06T15:30:00-04:00,2025-08-08T10:30:00-04:00,9,196.09,202.475,4.3178,195.6377,194.8421,34.114,-2.657,4.649,neutral_up,188.2649,0.6405,1.6023
GOOGL,GOOGL-080,2025-08-12T15:30:00-04:00,2025-08-13T10:30:00-04:00,2,203.34,203.48,4.1502,202.927,201.4394,58.334,-9.627,-6.604,neutral_up,191.6701,0.934,2.6938
GOOGL,GOOGL-081,2025-08-13T11:30:00-04:00,2025-08-13T12:30:00-04:00,1,202.54,202.6428,4.133,202.9871,201.8486,31.836,-14.423,-26.498,neutral_up,192.731,1.0609,3.0653
GOOGL,GOOGL-082,2025-08-13T14:30:00-04:00,2025-08-19T10:30:00-04:00,24,201.9202,200.54,4.133,202.6453,201.9653,9.188,-10.2,-22.648,neutral,192.731,1.0609,3.0653
GOOGL,GOOGL-083,2025-08-21T14:30:00-04:00,2025-08-22T10:30:00-04:00,3,200.04,204.235,4.2236,199.9898,200.5381,-16.918,4.111,1.284,neutral,196.7767,0.2513,1.5044
GOOGL,GOOGL-084,2025-08-27T10:30:00-04:00,2025-08-28T11:30:00-04:00,8,208.0065,212.0,4.4128,207.6045,206.7768,28.696,-1.038,11.873,neutral_up,199.5956,0.7574,2.5495
GOOGL,GOOGL-085,2025-09-09T12:30:00-04:00,2025-09-09T13:30:00-04:00,1,238.14,238.69,5.5074,235.8804,233.4606,75.193,10.673,16.36,distribution,212.7091,2.1371,7.0047
GOOGL,GOOGL-086,2025-09-11T15:30:00-04:00,2025-09-15T09:30:00-04:00,8,240.35,251.0576,5.5011,240.1968,238.7395,42.139,-12.018,7.401,neutral_up,217.3358,2.1784,6.7638
GOOGL,GOOGL-087,2025-09-17T15:30:00-04:00,2025-09-19T11:30:00-04:00,10,249.525,253.84,5.7124,249.4405,248.4802,18.908,-0.643,13.454,neutral,226.5788,2.4621,7.1508
GOOGL,GOOGL-088,2025-09-22T13:30:00-04:00,2025-09-24T11:30:00-04:00,12,252.81,248.72,5.4967,253.0628,252.3137,6.43,2.665,-32.324,neutral,232.9622,2.1678,6.3834
GOOGL,GOOGL-089,2025-09-26T14:30:00-04:00,2025-09-30T09:30:00-04:00,9,246.945,240.13,5.4843,246.8501,247.5193,-10.546,-0.668,4.121,neutral,238.0391,0.7751,3.2971
GOOGL,GOOGL-090,2025-10-02T11:30:00-04:00,2025-10-02T13:30:00-04:00,2,243.785,244.44,5.6683,243.9894,244.0375,1.336,-5.569,-16.244,neutral,240.1072,0.4743,1.2953
GOOGL,GOOGL-091,2025-10-03T09:30:00-04:00,2025-10-06T14:30:00-04:00,12,242.0201,250.3,5.5856,244.0052,244.0612,-8.628,-26.033,-11.206,neutral,240.6156,0.5084,1.3284
GOOGL,GOOGL-092,2025-10-17T13:30:00-04:00,2025-10-20T10:30:00-04:00,4,253.6011,256.3595,5.9149,251.9898,250.4953,32.903,8.906,14.532,neutral_up,243.9127,0.7477,1.8449
GOOGL,GOOGL-093,2025-10-20T12:30:00-04:00,2025-10-20T13:30:00-04:00,1,256.095,256.1301,5.9503,254.653,252.6259,56.428,-1.954,7.024,neutral_up,244.7679,0.8552,2.3944
GOOGL,GOOGL-094,2025-10-21T12:30:00-04:00,2025-10-21T13:30:00-04:00,1,251.57,252.02,5.8117,252.0973,252.3228,-23.977,15.163,-38.342,neutral_down,245.8417,1.0738,2.6768
GOOGL,GOOGL-095,2025-10-22T10:30:00-04:00,2025-10-22T11:30:00-04:00,1,252.57,251.255,6.2844,252.0275,252.1692,0.346,4.231,11.852,neutral,246.2588,0.4171,2.3462
GOOGL,GOOGL-096,2025-10-23T15:30:00-04:00,2025-10-24T09:30:00-04:00,1,253.05,260.3041,6.3406,253.2601,252.7769,10.901,-6.544,-8.381,neutral,246.7508,0.4919,1.9829
GOOGL,GOOGL-097,2025-11-04T09:30:00-05:00,2025-11-05T14:30:00-05:00,12,279.71,283.895,7.2482,282.1345,280.5498,16.006,-25.093,-17.536,neutral,261.0394,2.2841,7.0265
GOOGL,GOOGL-098,2025-11-12T15:30:00-05:00,2025-11-13T09:30:00-05:00,1,286.75,279.58,7.622,287.0106,286.7445,-2.196,2.28,4.584,neutral,271.5357,1.9794,5.1756
GOOGL,GOOGL-099,2025-11-21T10:30:00-05:00,2025-11-24T09:30:00-05:00,6,299.9,316.89,10.0224,295.0961,293.002,25.669,16.01,20.052,neutral_up,278.3076,1.1282,3.5586
GOOGL,GOOGL-100,2025-11-26T15:30:00-05:00,2025-12-08T11:30:00-05:00,42,320.01,312.3,11.0149,319.6068,316.5957,27.963,1.952,-1.576,neutral_up,287.328,3.6062,9.0204
GOOGL,GOOGL-101,2025-12-11T09:30:00-05:00,2025-12-11T10:30:00-05:00,1,316.07,314.5,8.9925,317.6678,317.2179,10.09,-25.286,2.071,neutral,306.1708,1.3989,3.6433
GOOGL,GOOGL-102,2025-12-11T11:30:00-05:00,2025-12-11T15:30:00-05:00,4,314.96,312.5,8.9925,316.6194,316.788,-17.866,-6.627,-53.243,neutral,306.1708,1.3989,3.6433
GOOGL,GOOGL-103,2025-12-16T09:30:00-05:00,2025-12-17T10:30:00-05:00,8,307.78,298.66,9.0556,308.003,309.6683,-23.94,2.171,16.949,neutral_down,307.0882,0.1172,0.9175
GOOGL,GOOGL-104,2025-12-29T09:30:00-05:00,2026-01-07T11:30:00-05:00,44,312.76,321.68,7.627,313.3365,312.354,19.918,-11.033,-14.121,neutral,308.1514,0.5399,1.9223
GOOGL,GOOGL-105,2026-01-12T14:30:00-05:00,2026-01-13T10:30:00-05:00,3,330.8,337.145,7.4498,329.7806,327.5475,42.565,1.729,-0.909,neutral_up,314.558,1.3922,3.6244
GOOGL,GOOGL-106,2026-01-15T10:30:00-05:00,2026-01-16T10:30:00-05:00,7,331.79,329.78,7.5253,333.8447,333.1273,-2.754,-12.654,-24.091,neutral,319.562,1.6248,5.004
GOOGL,GOOGL-107,2026-01-16T11:30:00-05:00,2026-01-16T14:30:00-05:00,3,329.67,329.565,7.4842,331.3913,332.1339,-30.935,-2.67,-25.849,neutral_down,320.76,1.198,4.6291
GOOGL,GOOGL-108,2026-01-16T15:30:00-05:00,2026-01-20T09:30:00-05:00,1,329.98,324.44,7.4842,330.3635,331.3377,-25.647,4.722,6.214,neutral_down,320.76,1.198,4.6291
GOOGL,GOOGL-109,2026-01-21T13:30:00-05:00,2026-01-22T11:30:00-05:00,5,328.6001,331.755,7.5964,327.0382,327.8585,-0.22,8.125,4.696,neutral,321.6374,0.0393,2.0754
GOOGL,GOOGL-110,2026-01-23T14:30:00-05:00,2026-01-26T13:30:00-05:00,6,328.19,334.86,7.9021,329.4338,329.43,-10.321,-6.175,-10.305,neutral,323.0028,0.7497,1.4047
GOOGL,GOOGL-111,2026-01-28T14:30:00-05:00,2026-02-02T11:30:00-05:00,18,337.01,342.66,7.6296,334.9625,334.0868,28.128,17.738,28.74,neutral_up,325.2743,0.9326,2.2714
GOOGL,GOOGL-112,2026-02-03T11:30:00-05:00,2026-02-04T11:30:00-05:00,7,341.365,331.13,8.1312,342.267,340.2603,24.915,-13.459,-26.703,neutral_up,329.7334,1.4067,3.4713
GOOGL,GOOGL-113,2026-02-09T14:30:00-05:00,2026-02-10T12:30:00-05:00,5,323.42,319.36,10.1901,324.55,326.221,-17.88,-6.251,-4.57,neutral,330.1742,-0.7254,-0.4689
GOOGL,GOOGL-114,2026-02-10T14:30:00-05:00,2026-02-11T09:30:00-05:00,2,320.05,311.66,10.208,320.6305,323.0466,-35.533,5.873,8.65,neutral_down,329.6238,-0.5504,-1.2418
GOOGL,GOOGL-115,2026-02-13T15:30:00-05:00,2026-02-17T09:30:00-05:00,1,305.74,297.64,10.1606,307.2284,310.3072,-54.246,2.679,-3.234,neutral_down,325.3604,-1.627,-4.2634
GOOGL,GOOGL-116,2026-02-18T15:30:00-05:00,2026-02-20T10:30:00-05:00,9,303.26,314.5,9.7957,302.9884,304.5802,-23.606,7.065,-4.786,neutral_down,321.6179,-1.9588,-5.3695
GOOGL,GOOGL-117,2026-02-24T15:30:00-05:00,2026-02-26T12:30:00-05:00,11,310.96,304.88,9.4473,311.1841,310.8895,0.097,0.882,-1.095,neutral,317.4959,-0.5936,-2.4531
GOOGL,GOOGL-118,2026-02-26T13:30:00-05:00,2026-02-26T14:30:00-05:00,1,307.86,307.21,8.8664,307.8756,309.195,-31.467,15.807,2.055,neutral_down,316.547,-0.3547,-1.5425
GOOGL,GOOGL-119,2026-02-27T09:30:00-05:00,2026-02-27T10:30:00-05:00,1,308.325,308.31,9.0042,307.8066,308.8197,-14.136,8.421,17.331,neutral,315.7169,-0.8302,-1.7791
GOOGL,GOOGL-120,2026-02-27T11:30:00-05:00,2026-02-27T12:30:00-05:00,1,307.9073,306.05,9.0042,307.9073,308.6946,-9.672,0.152,12.885,neutral,315.7169,-0.8302,-1.7791
GOOGL,GOOGL-121,2026-02-27T13:30:00-05:00,2026-02-27T14:30:00-05:00,1,307.45,308.095,9.0042,307.5187,308.3629,-15.121,4.204,-5.298,neutral,315.7169,-0.8302,-1.7791
GOOGL,GOOGL-122,2026-02-27T15:30:00-05:00,2026-03-03T12:30:00-05:00,11,311.69,300.71,9.0042,308.4451,308.6432,13.025,22.084,32.35,neutral,315.7169,-0.8302,-1.7791
GOOGL,GOOGL-123,2026-03-05T15:30:00-05:00,2026-03-06T13:30:00-05:00,5,300.8,299.21,8.7949,300.3613,301.805,-24.608,10.882,26.529,neutral_down,312.5707,-0.9551,-2.7801
GOOGL,GOOGL-124,2026-03-09T09:30:00-04:00,2026-03-10T09:30:00-04:00,7,297.1073,306.52,8.337,298.8082,300.1589,-35.845,-6.517,-11.508,neutral_down,310.3169,-1.1837,-3.2088
GOOGL,GOOGL-125,2026-03-16T12:30:00-04:00,2026-03-17T12:30:00-04:00,7,304.81,307.79,8.0376,303.7617,304.1041,1.284,9.111,8.426,neutral,308.4261,-0.6196,-1.2643
GOOGL,GOOGL-126,2026-04-06T15:30:00-04:00,2026-04-07T11:30:00-04:00,3,300.029,302.84,8.4788,298.6438,295.7323,66.41,-2.518,2.725,distribution,296.3753,-0.0555,-0.8272
GOOGL,GOOGL-127,2026-04-10T15:30:00-04:00,2026-04-13T14:30:00-04:00,6,317.25,320.44,8.8107,317.3305,315.0284,36.405,-1.825,-6.831,neutral_up,301.0386,1.7411,4.3312
GOOGL,GOOGL-128,2026-04-17T09:30:00-04:00,2026-04-17T11:30:00-04:00,2,337.16,338.76,8.2876,335.9099,333.1964,58.191,5.788,-3.131,neutral_up,311.9842,2.4006,7.7675
GOOGL,GOOGL-129,2026-04-21T09:30:00-04:00,2026-04-21T11:30:00-04:00,2,338.495,334.86,7.923,338.4979,337.4366,14.562,3.545,-10.111,neutral,316.7386,2.0611,7.155
GOOGL,GOOGL-130,2026-04-29T12:30:00-04:00,2026-04-30T09:30:00-04:00,4,349.08,369.08,7.9556,350.2415,348.7712,13.776,-10.232,-32.595,neutral,328.3969,2.1433,6.5965
GOOGL,GOOGL-131,2026-05-05T09:30:00-04:00,2026-05-06T11:30:00-04:00,9,388.28,399.2888,9.8385,384.1507,379.5368,56.843,13.331,5.457,neutral_up,343.8526,3.9387,13.4927
GOOGL,GOOGL-132,2026-05-08T14:30:00-04:00,2026-05-11T15:30:00-04:00,8,399.35,388.65,9.756,398.2334,395.5573,42.084,0.755,-4.239,neutral_up,356.5786,4.1401,12.726
GOOGL,GOOGL-133,2026-05-15T15:30:00-04:00,2026-05-19T10:30:00-04:00,9,396.84,387.2,9.8493,397.4233,397.2602,-7.706,2.892,-8.668,neutral,371.6895,2.939,8.5399
GOOGL,GOOGL-134,2026-05-21T13:30:00-04:00,2026-05-27T13:30:00-04:00,21,390.38,392.615,10.1567,388.8704,389.8945,0.358,4.227,17.513,neutral,378.1959,1.0684,4.22
GOOGL,GOOGL-135,2026-05-28T09:30:00-04:00,2026-05-28T10:30:00-04:00,1,389.7,389.87,9.5342,389.9002,389.1002,9.657,-2.912,-26.927,neutral,381.0583,0.7792,2.0029
GOOGL,GOOGL-136,2026-05-28T14:30:00-04:00,2026-05-29T11:30:00-04:00,4,391.05,383.34,9.5342,390.2443,389.5665,15.044,3.889,7.358,neutral,381.0583,0.7792,2.0029
GOOGL,GOOGL-137,2026-06-09T09:30:00-04:00,2026-06-09T11:30:00-04:00,2,367.785,360.785,9.9252,365.1537,366.3345,-7.165,19.271,16.847,neutral,375.2285,-1.1908,-2.437
GOOGL,GOOGL-138,2026-06-09T12:30:00-04:00,2026-06-11T09:30:00-04:00,11,363.08,347.9,9.9252,363.4545,365.1476,-22.824,7.016,-15.659,neutral,375.2285,-1.1908,-2.437
GOOGL,GOOGL-139,2026-06-17T15:30:00-04:00,2026-06-18T10:30:00-04:00,2,363.67,364.03,10.7517,365.9131,366.6308,-27.978,0.485,-10.46,neutral_down,370.3799,0.288,-0.8422
GOOGL,GOOGL-140,2026-06-24T15:30:00-04:00,2026-06-26T13:30:00-04:00,12,345.28,340.93,11.7237,347.1016,349.9368,-44.279,0.707,-22.047,neutral_down,365.8283,-1.9708,-3.9416
GOOGL,GOOGL-141,2026-06-26T15:30:00-04:00,2026-06-29T12:30:00-04:00,4,336.1,352.68,11.5695,341.0434,343.5343,-41.072,-16.665,-18.438,neutral_down,362.1057,-1.8546,-5.6934
GOOGL,GOOGL-142,2026-07-02T10:30:00-04:00,2026-07-06T14:30:00-04:00,11,357.19,367.49,11.662,359.1918,356.5529,30.673,-24.674,-18.138,neutral_up,359.1824,0.2028,-0.5592
TSLA,TSLA-001,2024-07-17T09:30:00-04:00,2024-07-17T11:30:00-04:00,2,251.01,247.755,12.5748,254.0751,254.0864,-4.446,-15.255,-8.962,neutral,226.4803,2.995,8.6897
TSLA,TSLA-002,2024-07-18T09:30:00-04:00,2024-07-19T10:30:00-04:00,8,254.385,240.2846,12.5543,250.989,252.0184,-3.946,20.097,22.133,neutral,228.4812,2.0009,7.9143
TSLA,TSLA-003,2024-07-26T15:30:00-04:00,2024-07-29T11:30:00-04:00,3,219.96,230.9442,13.4735,220.5648,224.191,-37.851,0.6,5.792,neutral_down,231.4268,-1.1177,-1.612
TSLA,TSLA-004,2024-08-07T10:30:00-04:00,2024-08-13T11:30:00-04:00,29,198.89,205.335,13.7724,199.817,203.1627,-33.522,1.065,-6.682,neutral_down,222.1735,-2.1814,-6.6532
TSLA,TSLA-005,2024-08-20T15:30:00-04:00,2024-08-22T14:30:00-04:00,13,221.1,212.83,11.7432,221.1939,219.0011,31.284,-4.112,-10.879,neutral_up,213.9213,0.8919,1.3429
TSLA,TSLA-006,2024-08-29T10:30:00-04:00,2024-08-29T12:30:00-04:00,2,209.95,211.7,10.8712,207.8866,209.4111,-4.507,10.253,55.231,neutral,213.8381,-0.8288,-1.5816
TSLA,TSLA-007,2024-08-29T13:30:00-04:00,2024-08-30T13:30:00-04:00,7,209.0425,211.024,10.8712,209.2935,209.7842,4.072,-12.228,8.579,neutral,213.8381,-0.8288,-1.5816
TSLA,TSLA-008,2024-09-03T15:30:00-04:00,2024-09-04T09:30:00-04:00,1,210.66,219.415,10.586,212.4416,211.7226,-1.99,-10.283,-41.2,neutral,213.2437,0.0936,-1.4232
TSLA,TSLA-009,2024-09-16T09:30:00-04:00,2024-09-19T10:30:00-04:00,22,227.3601,241.78,10.915,228.8863,227.5112,12.982,-14.542,-9.766,neutral,219.2654,1.1015,3.3753
TSLA,TSLA-010,2024-09-26T10:30:00-04:00,2024-10-02T09:30:00-04:00,27,254.29,243.17,10.0929,255.1076,252.2339,41.825,-18.248,-25.189,neutral_up,231.9611,2.5029,7.2897
TSLA,TSLA-011,2024-10-08T15:30:00-04:00,2024-10-11T09:30:00-04:00,15,244.55,220.53,10.6078,244.3539,245.0857,-8.331,1.41,3.775,neutral,241.8693,-0.1029,0.6507
TSLA,TSLA-012,2024-10-15T15:30:00-04:00,2024-10-22T11:30:00-04:00,31,219.67,215.62,10.9191,219.8896,222.6204,-39.348,1.825,3.828,neutral_down,237.6796,-1.853,-4.3349
TSLA,TSLA-013,2024-11-05T09:30:00-05:00,2024-11-05T10:30:00-05:00,1,251.123,251.95,10.7181,246.4611,248.8779,-21.048,42.189,39.393,neutral,242.4511,0.0379,1.4826
TSLA,TSLA-014,2024-11-15T10:30:00-05:00,2024-11-15T12:30:00-05:00,2,322.33,319.8501,17.2982,318.3907,321.5752,-17.698,21.055,20.72,neutral,280.5262,3.0654,13.9435
TSLA,TSLA-015,2024-11-20T15:30:00-05:00,2024-11-22T13:30:00-05:00,12,341.94,353.9,17.6856,340.418,338.1323,18.762,3.737,5.436,neutral,294.3264,5.1654,13.8002
TSLA,TSLA-016,2024-11-25T11:30:00-05:00,2024-11-26T14:30:00-05:00,10,347.27,338.0692,17.4628,349.9102,346.7161,19.196,-16.24,-25.806,neutral,306.9388,4.5661,12.6124
TSLA,TSLA-017,2024-12-04T14:30:00-05:00,2024-12-05T09:30:00-05:00,2,354.66,373.87,16.2765,352.423,350.5293,30.454,5.46,13.622,neutral_up,323.4838,2.7896,9.2397
TSLA,TSLA-018,2024-12-23T12:30:00-05:00,2024-12-24T12:30:00-05:00,7,433.4091,462.25,23.4287,432.7756,438.1318,-19.865,6.116,19.772,neutral,396.2851,2.4315,11.7117
TSLA,TSLA-019,2025-01-08T09:30:00-05:00,2025-01-08T10:30:00-05:00,1,395.22,394.34,24.2638,396.8314,399.656,-24.288,5.085,2.21,neutral_down,407.5571,-1.2957,-0.8623
TSLA,TSLA-020,2025-01-08T12:30:00-05:00,2025-01-08T13:30:00-05:00,1,398.713,399.636,24.2638,395.551,398.2464,-15.321,17.269,8.967,neutral,407.5571,-1.2957,-0.8623
TSLA,TSLA-021,2025-01-10T09:30:00-05:00,2025-01-14T13:30:00-05:00,18,390.095,410.235,23.6092,394.8839,397.1846,-18.972,-9.119,-13.986,neutral,406.4156,-1.1416,-2.2175
TSLA,TSLA-022,2025-01-14T14:30:00-05:00,2025-01-14T15:30:00-05:00,1,398.21,396.2,23.5097,403.1243,400.0968,15.989,-23.474,-17.492,neutral,405.1845,-0.1815,-2.3726
TSLA,TSLA-023,2025-01-15T09:30:00-05:00,2025-01-15T10:30:00-05:00,1,417.51,417.04,23.8376,404.8935,401.3578,29.721,28.994,-9.742,neutral_up,404.3677,-0.8168,-2.0478
TSLA,TSLA-024,2025-01-23T13:30:00-05:00,2025-01-24T13:30:00-05:00,7,410.89,407.95,23.6872,414.3651,416.9327,-31.872,-2.258,-7.483,neutral_down,410.7368,0.4363,3.57
TSLA,TSLA-025,2025-01-27T09:30:00-05:00,2025-01-27T10:30:00-05:00,1,402.275,399.28,22.1412,408.3325,411.9112,-49.576,-9.132,-17.939,neutral_down,410.4898,-0.3955,0.1893
TSLA,TSLA-026,2025-01-29T14:30:00-05:00,2025-01-31T10:30:00-05:00,10,391.2,415.02,21.2709,391.3691,395.6699,-40.983,14.532,3.655,neutral_down,408.2527,-1.0163,-2.6326
TSLA,TSLA-027,2025-02-05T14:30:00-05:00,2025-02-06T10:30:00-05:00,3,377.87,366.05,21.1464,382.2417,386.1955,-42.402,-5.516,-12.75,neutral_down,402.7331,-1.0333,-3.1417
TSLA,TSLA-028,2025-02-18T10:30:00-05:00,2025-02-21T10:30:00-05:00,21,356.255,346.09,19.8005,353.79,351.8178,24.071,3.507,2.472,neutral_up,376.4089,-2.0509,-8.7181
TSLA,TSLA-029,2025-02-28T09:30:00-05:00,2025-03-04T10:30:00-05:00,15,292.3526,262.7605,19.3635,288.5571,296.9586,-48.17,27.919,20.884,neutral_down,346.5493,-6.4589,-18.3437
TSLA,TSLA-030,2025-03-06T11:30:00-05:00,2025-03-06T14:30:00-05:00,3,263.33,261.12,19.549,271.6558,276.0167,-38.749,-13.495,-33.032,neutral_down,325.993,-4.6733,-15.7163
TSLA,TSLA-031,2025-03-06T15:30:00-05:00,2025-03-07T09:30:00-05:00,1,263.43,260.9493,19.549,266.0132,271.5876,-44.765,6.547,0.23,neutral_down,325.993,-4.6733,-15.7163
TSLA,TSLA-032,2025-03-14T14:30:00-04:00,2025-03-17T11:30:00-04:00,4,248.49,233.37,20.5146,245.6722,243.7497,27.678,-0.536,7.891,neutral_up,290.0777,-4.9388,-16.5314
TSLA,TSLA-033,2025-03-19T15:30:00-04:00,2025-03-20T10:30:00-04:00,2,235.73,234.0744,19.3433,233.5383,234.1645,7.401,3.451,6.763,neutral,276.8714,-5.1391,-13.2063
TSLA,TSLA-034,2025-03-20T12:30:00-04:00,2025-03-21T11:30:00-04:00,6,234.2701,244.95,19.0995,233.7983,234.142,-2.326,3.243,-13.342,neutral,273.1312,-3.7401,-13.3003
TSLA,TSLA-035,2025-03-26T15:30:00-04:00,2025-03-28T10:30:00-04:00,9,271.97,265.8,18.7433,273.355,270.3667,4.889,4.809,-17.862,neutral,270.5982,1.7392,0.8198
TSLA,TSLA-036,2025-04-03T14:30:00-04:00,2025-04-04T09:30:00-04:00,2,265.9,242.4137,19.8849,269.9738,270.2994,-16.302,-4.001,-12.315,neutral,270.4289,1.2241,0.1509
TSLA,TSLA-037,2025-04-08T15:30:00-04:00,2025-04-09T14:30:00-04:00,6,221.58,268.48,21.9861,230.3889,237.6928,-51.476,-5.78,-22.915,neutral_down,264.2384,-3.0923,-6.1904
TSLA,TSLA-038,2025-04-14T11:30:00-04:00,2025-04-14T12:30:00-04:00,1,247.005,247.99,24.8202,249.4254,248.1648,4.104,-8.51,-8.286,neutral,259.8333,-0.7653,-0.5271
TSLA,TSLA-039,2025-04-14T13:30:00-04:00,2025-04-17T09:30:00-04:00,17,249.17,238.8001,24.8202,249.1447,248.2417,2.801,1.063,-9.813,neutral,259.8333,-0.7653,-0.5271
TSLA,TSLA-040,2025-04-29T15:30:00-04:00,2025-05-02T13:30:00-04:00,19,292.01,293.16,21.0291,285.2914,279.3099,67.572,13.529,19.487,distribution,258.1323,2.7747,6.4368
TSLA,TSLA-041,2025-05-02T15:30:00-04:00,2025-05-05T10:30:00-04:00,2,287.25,276.79,19.8881,287.7914,285.0747,27.472,-13.13,-13.958,neutral_up,264.6941,1.5816,6.5618
TSLA,TSLA-042,2025-05-05T12:30:00-04:00,2025-05-05T13:30:00-04:00,1,280.48,281.83,19.5368,282.0452,282.7798,-23.357,8.313,-12.615,neutral,266.7447,2.0505,5.5326
TSLA,TSLA-043,2025-05-07T14:30:00-04:00,2025-05-08T11:30:00-04:00,4,273.13,287.3,18.3307,274.5135,276.6632,-29.94,-1.026,6.62,neutral_down,268.6289,0.6601,3.9348
TSLA,TSLA-044,2025-05-16T11:30:00-04:00,2025-05-22T14:30:00-04:00,31,347.68,346.47,17.7102,344.5859,338.7873,53.591,0.863,12.271,neutral_up,293.3335,4.9395,15.9874
TSLA,TSLA-045,2025-05-22T15:30:00-04:00,2025-05-23T09:30:00-04:00,1,340.98,335.65,16.6784,342.6385,342.3654,5.48,-14.506,-3.026,neutral,308.7549,2.5785,10.2881
TSLA,TSLA-046,2025-05-23T11:30:00-04:00,2025-05-27T10:30:00-04:00,6,339.18,355.11,16.6213,340.1965,341.1518,-17.03,4.222,-22.51,neutral,311.6844,2.9296,9.2664
TSLA,TSLA-047,2025-05-29T15:30:00-04:00,2025-05-30T15:30:00-04:00,7,358.38,345.76,16.1897,359.5602,357.5971,8.094,-2.219,-25.36,neutral,322.0986,3.4821,10.4142
TSLA,TSLA-048,2025-06-12T15:30:00-04:00,2025-06-16T14:30:00-04:00,13,319.175,329.56,19.2228,322.6696,321.4712,-9.201,-5.156,-32.149,neutral,322.7412,0.3749,-0.5798
TSLA,TSLA-049,2025-06-17T09:30:00-04:00,2025-06-17T10:30:00-04:00,1,322.95,320.13,18.1423,327.6173,326.1075,0.856,-21.663,-28.739,neutral,323.2687,0.5851,0.5276
TSLA,TSLA-050,2025-06-20T09:30:00-04:00,2025-06-23T09:30:00-04:00,7,320.1936,353.015,17.5876,321.9695,322.606,-9.151,-5.975,-12.113,neutral,322.5845,-0.0489,-0.0992
TSLA,TSLA-051,2025-06-27T14:30:00-04:00,2025-07-01T09:30:00-04:00,9,321.2,303.1899,17.9436,324.2884,327.1418,-40.558,-2.086,-14.948,neutral_down,326.391,-0.0621,1.4657
TSLA,TSLA-052,2025-07-09T15:30:00-04:00,2025-07-10T10:30:00-04:00,2,295.82,304.7,16.7156,296.6054,299.0031,-26.967,-0.752,13.827,neutral_down,317.335,-1.9485,-5.1219
TSLA,TSLA-053,2025-07-10T12:30:00-04:00,2025-07-10T14:30:00-04:00,2,301.8866,309.24,15.9931,300.6739,300.4715,18.335,-6.783,13.484,neutral,315.3791,-1.9559,-6.4318
TSLA,TSLA-054,2025-07-15T12:30:00-04:00,2025-07-16T15:30:00-04:00,10,314.08,321.68,14.9768,314.6752,312.2608,23.932,-6.117,-32.825,neutral_up,314.9543,0.1956,-0.4248
TSLA,TSLA-055,2025-07-22T13:30:00-04:00,2025-07-24T09:30:00-04:00,10,333.645,303.8,13.6494,330.4016,327.9265,43.214,8.805,18.54,neutral_up,317.9192,1.0611,2.7084
TSLA,TSLA-056,2025-07-30T09:30:00-04:00,2025-07-30T11:30:00-04:00,2,322.215,317.67,14.3932,321.9474,321.5975,3.121,1.82,2.134,neutral,319.5873,0.1813,0.5259
TSLA,TSLA-057,2025-08-04T15:30:00-04:00,2025-08-06T10:30:00-04:00,9,309.2999,318.4726,14.1479,308.055,309.2167,-1.336,2.027,9.36,neutral,317.0646,-1.4455,-2.5227
TSLA,TSLA-058,2025-08-13T14:30:00-04:00,2025-08-14T15:30:00-04:00,8,340.72,335.5701,13.1533,340.7062,338.1235,22.97,-2.245,-11.958,neutral,321.65,1.906,5.0314
TSLA,TSLA-059,2025-08-15T09:30:00-04:00,2025-08-15T10:30:00-04:00,1,332.9,332.9058,12.7757,334.9363,335.887,-19.073,-5.548,8.288,neutral,324.3775,1.1193,4.6334
TSLA,TSLA-060,2025-08-18T12:30:00-04:00,2025-08-20T09:30:00-04:00,11,334.7739,317.34,12.7403,333.049,333.6249,6.408,4.666,20.976,neutral,324.9431,0.5657,3.2931
TSLA,TSLA-061,2025-08-27T15:30:00-04:00,2025-08-28T13:30:00-04:00,5,349.48,345.005,12.5745,350.0495,346.8886,35.998,-8.229,-21.757,neutral_up,330.666,2.1014,5.2276
TSLA,TSLA-062,2025-08-29T09:30:00-04:00,2025-08-29T10:30:00-04:00,1,339.7091,338.93,12.205,344.7184,345.2338,-25.577,-24.307,-11.167,neutral_down,333.6058,1.2294,5.0412
TSLA,TSLA-063,2025-09-09T14:30:00-04:00,2025-09-11T10:30:00-04:00,10,346.35,361.63,12.5341,346.8467,345.8293,7.577,-2.499,-6.841,neutral,336.3514,1.0049,3.0265
TSLA,TSLA-064,2025-09-17T14:30:00-04:00,2025-09-22T10:30:00-04:00,17,427.135,442.54,14.7702,419.7128,412.0506,61.848,11.189,3.979,distribution,358.2073,6.3358,17.1581
TSLA,TSLA-065,2025-09-24T12:30:00-04:00,2025-09-24T13:30:00-04:00,1,439.5069,439.3,15.3721,435.3515,432.4153,35.783,4.401,15.186,neutral_up,383.8773,4.1953,14.7891
TSLA,TSLA-066,2025-09-25T09:30:00-04:00,2025-09-25T12:30:00-04:00,3,429.1599,426.9371,15.587,436.7468,434.2778,10.595,-37.439,-25.719,neutral,389.2311,5.3539,14.981
TSLA,TSLA-067,2025-10-01T09:30:00-04:00,2025-10-01T10:30:00-04:00,1,455.67,454.855,15.7511,444.1372,440.5011,62.254,29.026,44.527,distribution,404.8878,3.9652,12.5677
TSLA,TSLA-068,2025-10-09T15:30:00-04:00,2025-10-10T14:30:00-04:00,6,435.53,414.29,18.7517,434.0229,436.0545,-9.806,6.773,23.227,neutral,420.6222,1.7978,6.7964
TSLA,TSLA-069,2025-10-14T09:30:00-04:00,2025-10-14T10:30:00-04:00,1,424.8,423.91,19.5669,428.7556,429.085,3.14,-22.676,-12.898,neutral,422.5235,1.3377,1.9013
TSLA,TSLA-070,2025-10-15T14:30:00-04:00,2025-10-20T12:30:00-04:00,19,434.852,443.2513,19.4579,432.9023,431.674,10.063,6.124,-11.579,neutral,423.135,0.6115,1.1576
TSLA,TSLA-071,2025-10-21T15:30:00-04:00,2025-10-22T12:30:00-04:00,4,442.5,432.925,18.3247,444.7274,442.3682,12.563,-11.629,-19.835,neutral,427.9027,1.9447,3.6718
TSLA,TSLA-072,2025-10-23T09:30:00-04:00,2025-10-23T11:30:00-04:00,2,424.4599,436.35,17.4626,434.9712,437.5839,-39.686,-28.15,-3.141,neutral_down,430.0925,0.8628,4.1345
TSLA,TSLA-073,2025-10-23T12:30:00-04:00,2025-10-23T13:30:00-04:00,1,446.1501,448.3199,17.4626,436.8975,437.7532,10.013,28.849,49.699,neutral,430.0925,0.8628,4.1345
TSLA,TSLA-074,2025-10-23T14:30:00-04:00,2025-10-23T15:30:00-04:00,1,446.84,448.995,17.4626,440.7136,439.4526,31.182,3.548,50.018,neutral_up,430.0925,0.8628,4.1345
TSLA,TSLA-075,2025-10-24T09:30:00-04:00,2025-10-24T10:30:00-04:00,1,440.969,441.25,18.751,442.0897,440.3791,19.75,-17.022,-7.884,neutral,431.8109,1.7184,3.9082
TSLA,TSLA-076,2025-10-24T11:30:00-04:00,2025-10-24T12:30:00-04:00,1,437.429,435.1736,18.751,441.0232,440.1829,-0.899,-12.672,-37.672,neutral,431.8109,1.7184,3.9082
TSLA,TSLA-077,2025-10-29T15:30:00-04:00,2025-10-30T10:30:00-04:00,2,461.47,442.615,19.1962,460.4316,457.1724,25.027,0.396,2.757,neutral_up,436.2591,2.4291,4.4483
TSLA,TSLA-078,2025-11-06T14:30:00-05:00,2025-11-07T10:30:00-05:00,3,449.1001,428.24,19.8596,449.7809,451.8971,-14.863,2.606,23.952,neutral,444.7316,1.7518,4.4274
TSLA,TSLA-079,2025-11-17T15:30:00-05:00,2025-11-20T09:30:00-05:00,15,408.91,427.8082,21.6558,410.3533,412.7362,-18.829,0.684,-21.182,neutral,435.3302,-3.101,-7.9012
TSLA,TSLA-080,2025-11-20T10:30:00-05:00,2025-11-21T10:30:00-05:00,7,418.3124,391.3801,20.8488,410.5942,408.8661,37.155,1.357,52.644,neutral_up,427.6895,-2.3599,-7.6407
TSLA,TSLA-081,2025-11-21T11:30:00-05:00,2025-11-21T12:30:00-05:00,1,400.39,394.64,21.8025,399.0442,402.8162,-26.668,17.746,3.762,neutral_down,424.725,-2.9645,-8.2034
TSLA,TSLA-082,2025-11-24T09:30:00-05:00,2025-11-24T10:30:00-05:00,1,414.69,417.5601,21.6052,400.413,401.8238,8.361,35.226,22.489,neutral,421.6772,-3.0477,-8.3722
TSLA,TSLA-083,2025-11-26T15:30:00-05:00,2025-11-28T11:30:00-05:00,3,426.5,429.7199,21.6911,422.5068,417.9171,48.995,2.209,10.672,neutral_up,421.1185,-0.1808,-3.6065
TSLA,TSLA-084,2025-12-01T13:30:00-05:00,2025-12-01T14:30:00-05:00,1,427.8482,428.8,19.8503,427.7796,424.0998,32.136,-5.795,-5.54,neutral_up,422.3861,0.7784,1.0868
TSLA,TSLA-085,2025-12-02T09:30:00-05:00,2025-12-03T11:30:00-05:00,9,429.81,441.3,19.0303,428.7132,425.4811,33.085,-2.514,0.949,neutral_up,423.1019,0.7158,1.9834
TSLA,TSLA-086,2025-12-11T12:30:00-05:00,2025-12-15T09:30:00-05:00,11,446.14,472.13,17.1032,446.214,446.2129,-6.255,5.734,-15.15,neutral,434.5148,1.692,3.7303
TSLA,TSLA-087,2025-12-17T15:30:00-05:00,2025-12-18T11:30:00-05:00,3,467.2,487.8399,18.0002,474.1156,472.8746,-18.98,-8.846,-36.611,neutral,445.5904,4.421,9.9461
TSLA,TSLA-088,2025-12-22T09:30:00-05:00,2025-12-22T10:30:00-05:00,1,487.965,492.86,18.8987,483.1728,481.0908,20.844,13.517,7.641,neutral,453.5492,2.7361,7.9588
TSLA,TSLA-089,2025-12-22T15:30:00-05:00,2025-12-23T15:30:00-05:00,7,488.77,485.61,18.8987,489.0306,485.6716,23.708,-6.007,-27.735,neutral_up,453.5492,2.7361,7.9588
TSLA,TSLA-090,2025-12-24T09:30:00-05:00,2025-12-26T11:30:00-05:00,6,477.334,479.634,18.136,484.5609,484.918,-22.377,-22.862,-17.505,neutral,459.3746,2.6235,8.5615
TSLA,TSLA-091,2026-01-08T15:30:00-05:00,2026-01-09T12:30:00-05:00,4,435.85,447.18,16.6402,434.9112,436.946,-15.393,6.267,10.66,neutral,453.5772,-2.2237,-5.1484
TSLA,TSLA-092,2026-01-13T14:30:00-05:00,2026-01-14T11:30:00-05:00,4,446.235,436.12,16.4964,447.6367,446.4151,0.549,-2.019,-24.542,neutral,451.1189,-0.2189,-2.4582
TSLA,TSLA-093,2026-01-16T11:30:00-05:00,2026-01-20T10:30:00-05:00,6,438.5534,425.65,15.1017,439.3326,440.7488,-21.254,2.52,2.621,neutral,448.6795,-1.035,-2.4394
TSLA,TSLA-094,2026-01-28T15:30:00-05:00,2026-01-29T12:30:00-05:00,4,431.46,421.84,14.5497,433.4746,435.1016,-24.088,-8.357,-6.941,neutral_down,442.721,-1.1811,-1.6215
TSLA,TSLA-095,2026-02-11T09:30:00-05:00,2026-02-13T12:30:00-05:00,17,421.72,420.5798,15.8109,422.5195,419.0525,31.891,-15.07,-18.021,neutral_up,426.846,-0.1726,-2.8559
TSLA,TSLA-096,2026-02-18T09:30:00-05:00,2026-02-18T11:30:00-05:00,2,413.27,415.215,16.1433,411.714,414.1717,-15.744,10.07,17.002,neutral,423.9363,-1.3266,-3.0246
TSLA,TSLA-097,2026-02-19T11:30:00-05:00,2026-02-23T11:30:00-05:00,14,413.745,397.42,15.5131,412.3402,413.2259,-3.005,6.762,13.396,neutral,422.7712,-1.1651,-3.2705
TSLA,TSLA-098,2026-03-02T15:30:00-05:00,2026-03-03T11:30:00-05:00,3,403.235,392.0,14.223,401.8476,403.419,-11.419,10.03,7.898,neutral,415.8076,-1.3398,-2.2667
TSLA,TSLA-099,2026-03-04T09:30:00-05:00,2026-03-04T10:30:00-05:00,1,407.67,404.195,14.6188,396.7864,398.6577,7.002,46.448,52.946,neutral,412.6361,-2.0286,-4.5113
TSLA,TSLA-100,2026-03-06T12:30:00-05:00,2026-03-09T09:30:00-04:00,4,401.17,383.45,14.322,401.0504,401.4148,-7.887,6.269,1.05,neutral,411.4349,-0.6034,-3.2298
TSLA,TSLA-101,2026-03-12T13:30:00-04:00,2026-03-12T14:30:00-04:00,1,397.825,397.59,14.3132,400.9756,401.4639,-21.4,-4.881,-5.058,neutral,408.1244,-0.0264,-1.9583
TSLA,TSLA-102,2026-03-16T14:30:00-04:00,2026-03-19T09:30:00-04:00,16,396.5901,380.65,13.9498,396.9463,397.5503,-3.722,-4.087,-3.661,neutral,405.4984,-1.4328,-2.6524
TSLA,TSLA-103,2026-03-25T15:30:00-04:00,2026-03-26T10:30:00-04:00,2,385.94,380.0,13.5298,386.7091,385.1012,10.651,-4.156,-22.339,neutral,395.2279,-1.2118,-5.7736
TSLA,TSLA-104,2026-04-09T09:30:00-04:00,2026-04-13T12:30:00-04:00,17,339.84,354.4399,15.591,343.6674,347.5775,-43.093,-6.527,-12.891,neutral_down,373.7865,-3.0546,-8.7907
TSLA,TSLA-105,2026-04-22T12:30:00-04:00,2026-04-23T09:30:00-04:00,4,390.465,369.09,15.4114,390.141,390.3489,-1.231,2.126,0.237,neutral,376.6627,0.9817,5.3253
TSLA,TSLA-106,2026-04-27T14:30:00-04:00,2026-05-01T09:30:00-04:00,23,379.06,388.095,14.921,375.4398,376.8988,6.061,8.339,49.323,neutral,377.158,-0.0998,0.4954
TSLA,TSLA-107,2026-05-05T12:30:00-04:00,2026-05-07T09:30:00-04:00,11,392.085,411.12,14.2586,391.8914,389.442,19.011,-0.483,-18.895,neutral,379.7235,1.2851,2.9474
TSLA,TSLA-108,2026-05-29T09:30:00-04:00,2026-06-01T09:30:00-04:00,7,430.69,421.67,15.0624,439.154,436.7576,0.587,-43.777,-44.307,neutral,417.5507,2.4549,7.0697
TSLA,TSLA-109,2026-06-03T13:30:00-04:00,2026-06-05T10:30:00-04:00,11,423.935,402.69,15.0221,423.5033,424.8574,-11.319,5.559,-24.748,neutral,419.3154,0.4425,1.7647
TSLA,TSLA-110,2026-06-12T09:30:00-04:00,2026-06-12T10:30:00-04:00,1,396.01,399.8675,17.9654,392.463,392.9325,20.225,-2.639,30.183,neutral,410.3492,-1.1349,-5.9183
TSLA,TSLA-111,2026-06-12T11:30:00-04:00,2026-06-12T12:30:00-04:00,1,394.9601,402.0024,17.9654,394.1472,393.69,17.035,-10.546,-5.829,neutral,410.3492,-1.1349,-5.9183
TSLA,TSLA-112,2026-06-16T13:30:00-04:00,2026-06-18T09:30:00-04:00,10,405.6,386.135,17.4883,405.986,403.9409,9.359,0.744,-6.261,neutral,410.1145,0.1125,-1.3696
TSLA,TSLA-113,2026-06-22T09:30:00-04:00,2026-06-22T10:30:00-04:00,1,409.805,409.72,16.8145,399.0706,399.3981,24.11,28.429,53.409,neutral_up,407.6839,-0.7184,-2.4306
TSLA,TSLA-114,2026-06-25T15:30:00-04:00,2026-06-29T10:30:00-04:00,9,375.12,397.7101,17.2627,375.8297,380.5426,-44.081,5.503,10.952,neutral_down,402.3938,-2.7004,-5.2901
AMD,AMD-001,2024-07-22T14:30:00-04:00,2024-07-24T10:30:00-04:00,10,155.32,149.4,7.6045,154.4365,156.5005,-20.576,3.807,23.436,neutral,166.9765,-1.5376,-3.85
AMD,AMD-002,2024-07-29T12:30:00-04:00,2024-07-31T11:30:00-04:00,13,140.53,144.41,7.0328,140.6453,142.4418,-28.762,1.457,6.456,neutral_down,158.9001,-1.888,-5.9797
AMD,AMD-003,2024-08-01T09:30:00-04:00,2024-08-01T10:30:00-04:00,1,138.8301,137.47,7.5821,142.2529,141.873,-3.536,-25.904,-29.957,neutral,154.4616,-0.9932,-4.4385
AMD,AMD-004,2024-08-05T13:30:00-04:00,2024-08-13T11:30:00-04:00,40,135.64,139.883,8.0806,135.4013,136.0442,0.8,-3.811,19.608,neutral,150.6561,-1.8136,-4.7987
AMD,AMD-005,2024-08-22T09:30:00-04:00,2024-08-22T14:30:00-04:00,5,156.834,151.44,7.0643,157.0894,155.3718,36.277,-11.047,-19.88,neutral_up,146.9621,1.0828,3.1821
AMD,AMD-006,2024-08-23T09:30:00-04:00,2024-08-23T11:30:00-04:00,2,156.16,153.03,7.1904,154.2277,154.4292,-7.388,35.326,21.867,neutral,147.3983,0.4362,2.571
AMD,AMD-007,2024-08-26T09:30:00-04:00,2024-08-26T10:30:00-04:00,1,150.6,151.14,7.0083,153.2729,153.816,-21.396,-22.968,-6.52,neutral,148.0866,0.6883,2.2073
AMD,AMD-008,2024-08-27T09:30:00-04:00,2024-08-27T10:30:00-04:00,1,150.74,149.83,7.177,150.9907,152.1575,-30.058,7.287,8.814,neutral_down,148.2606,0.1739,1.2984
AMD,AMD-009,2024-08-29T09:30:00-04:00,2024-08-29T11:30:00-04:00,2,147.4805,148.3299,6.8209,147.3644,148.8368,-37.012,12.97,24.621,neutral_down,148.2725,-0.1962,0.1858
AMD,AMD-010,2024-08-30T09:30:00-04:00,2024-09-03T11:30:00-04:00,9,147.06,139.86,6.6923,146.7614,147.8232,-28.593,14.894,-1.707,neutral_down,148.0195,-0.253,-0.2411
AMD,AMD-011,2024-09-05T15:30:00-04:00,2024-09-06T10:30:00-04:00,2,139.48,132.87,6.8692,139.8216,141.0145,-32.236,4.075,5.49,neutral_down,146.5019,-0.5632,-1.5176
AMD,AMD-012,2024-09-16T12:30:00-04:00,2024-09-19T11:30:00-04:00,20,152.0058,157.64,6.1848,151.8882,150.0977,42.479,-4.124,-25.753,neutral_up,145.8357,0.6484,1.7383
AMD,AMD-013,2024-09-23T15:30:00-04:00,2024-09-24T14:30:00-04:00,6,156.75,158.05,6.111,156.0991,155.2542,29.544,2.823,2.028,neutral_up,148.5709,0.7409,1.7669
AMD,AMD-014,2024-09-30T12:30:00-04:00,2024-10-01T10:30:00-04:00,5,163.625,159.76,5.7146,164.2705,163.7552,3.769,-6.436,0.507,neutral,153.76,1.059,3.626
AMD,AMD-015,2024-10-02T11:30:00-04:00,2024-10-02T13:30:00-04:00,2,161.84,160.2399,5.6426,161.4496,161.9386,-3.287,1.59,31.237,neutral,155.16,0.46,2.459
AMD,AMD-016,2024-10-03T09:30:00-04:00,2024-10-04T10:30:00-04:00,8,164.6443,167.45,5.556,161.4395,161.6574,10.019,36.981,29.399,neutral,155.5791,0.4191,1.8191
AMD,AMD-017,2024-10-09T09:30:00-04:00,2024-10-10T13:30:00-04:00,11,170.98,163.4608,5.6033,171.5851,170.1011,31.692,-17.204,-7.676,neutral_up,160.0674,1.2733,3.8264
AMD,AMD-018,2024-10-17T15:30:00-04:00,2024-10-22T11:30:00-04:00,17,156.26,152.11,5.8107,157.2837,158.5421,-40.054,-8.452,-20.651,neutral_down,161.2264,-0.5076,-0.711
AMD,AMD-019,2024-10-24T15:30:00-04:00,2024-10-25T09:30:00-04:00,1,153.43,158.5296,5.27,153.2595,153.621,-4.407,-0.777,9.704,neutral,158.9659,-0.6056,-1.374
AMD,AMD-020,2024-11-04T15:30:00-05:00,2024-11-06T14:30:00-05:00,13,140.74,145.25,5.9476,141.7893,144.0805,-72.906,-1.479,-5.082,accumulation,155.5243,-1.3654,-3.601
AMD,AMD-021,2024-11-21T09:30:00-05:00,2024-11-25T10:30:00-05:00,15,135.3,141.93,4.9684,136.8115,137.6247,-36.972,-11.697,11.322,neutral_down,145.2046,-0.7615,-2.1823
AMD,AMD-022,2024-12-04T15:30:00-05:00,2024-12-06T14:30:00-05:00,13,144.06,138.035,4.5962,142.8604,141.7436,61.307,8.452,17.666,neutral_up,142.0352,-0.0035,-0.4831
AMD,AMD-023,2024-12-12T10:30:00-05:00,2024-12-13T11:30:00-05:00,8,129.7917,126.1977,4.7778,129.6551,130.7478,-21.209,0.054,-0.472,neutral,138.7774,-0.8607,-3.0421
AMD,AMD-024,2024-12-17T14:30:00-05:00,2024-12-19T09:30:00-05:00,9,124.49,119.8001,4.79,125.6272,126.5741,-38.14,-8.497,-13.143,neutral_down,136.0833,-0.9393,-2.6942
AMD,AMD-025,2024-12-27T11:30:00-05:00,2024-12-30T12:30:00-05:00,8,124.3099,123.342,4.667,124.7223,124.5556,-7.207,1.119,-25.252,neutral,129.807,-0.4737,-1.4777
AMD,AMD-026,2025-01-02T15:30:00-05:00,2025-01-03T10:30:00-05:00,2,120.63,123.92,4.4155,120.8675,121.6201,-30.094,0.922,13.108,neutral_down,128.0401,-0.724,-1.7669
AMD,AMD-027,2025-01-14T14:30:00-05:00,2025-01-15T13:30:00-05:00,6,115.07,119.97,4.7585,115.908,117.2112,-39.759,-6.477,5.681,neutral_down,125.1201,-0.777,-2.2737
AMD,AMD-028,2025-01-21T09:30:00-05:00,2025-01-21T10:30:00-05:00,1,122.11,122.51,4.5369,121.1185,120.159,47.805,4.565,0.868,neutral_up,123.2319,-0.1772,-1.0709
AMD,AMD-029,2025-01-23T09:30:00-05:00,2025-01-27T09:30:00-05:00,14,122.76,117.16,4.3533,123.3594,122.6009,19.084,-14.866,-18.896,neutral,123.1931,0.0487,-0.2159
AMD,AMD-030,2025-01-29T15:30:00-05:00,2025-01-30T10:30:00-05:00,2,117.41,118.29,4.4945,116.8822,117.0665,9.775,-2.623,1.681,neutral,121.6643,-0.7504,-1.5149
AMD,AMD-031,2025-01-31T12:30:00-05:00,2025-02-03T11:30:00-05:00,6,117.2899,113.7195,4.4038,118.0061,117.8205,-3.154,-9.176,-27.332,neutral,121.0596,-0.218,-1.3551
AMD,AMD-032,2025-02-10T09:30:00-05:00,2025-02-10T10:30:00-05:00,1,110.34,110.6,4.7888,108.603,109.8869,-23.075,32.554,35.186,neutral,117.4321,-0.9912,-2.5437
AMD,AMD-033,2025-02-12T14:30:00-05:00,2025-02-14T15:30:00-05:00,15,111.2638,113.11,4.6815,110.8781,110.7785,7.708,6.43,15.488,neutral,116.2829,-0.5163,-2.1404
AMD,AMD-034,2025-02-18T09:30:00-05:00,2025-02-19T10:30:00-05:00,8,114.21,115.33,4.4067,112.9852,112.3654,37.661,12.278,20.089,neutral_up,115.2788,-0.2169,-1.0041
AMD,AMD-035,2025-02-19T14:30:00-05:00,2025-02-21T13:30:00-05:00,13,114.4597,110.58,4.2663,114.5326,113.8479,29.577,-10.603,-11.262,neutral_up,115.1857,-0.0931,-0.6805
AMD,AMD-036,2025-03-04T09:30:00-05:00,2025-03-04T10:30:00-05:00,1,96.74,96.575,4.2129,98.9309,100.4786,-68.765,-9.475,-28.287,accumulation,109.108,-1.0828,-3.2818
AMD,AMD-037,2025-03-04T11:30:00-05:00,2025-03-05T14:30:00-05:00,10,99.48,101.205,4.2129,98.6638,100.0652,-42.037,30.375,17.253,neutral_down,109.108,-1.0828,-3.2818
AMD,AMD-038,2025-03-06T09:30:00-05:00,2025-03-06T12:30:00-05:00,3,100.7,98.86,4.3282,100.7696,100.6112,9.251,-7.488,0.935,neutral,107.7426,-0.6093,-2.4482
AMD,AMD-039,2025-03-06T14:30:00-05:00,2025-03-06T15:30:00-05:00,1,98.98,98.81,4.3282,99.5281,99.9885,-24.828,3.619,-7.465,neutral_down,107.7426,-0.6093,-2.4482
AMD,AMD-040,2025-03-07T09:30:00-05:00,2025-03-12T12:30:00-04:00,24,99.15,100.985,4.2605,99.3376,99.8149,-19.501,4.729,8.945,neutral,106.9305,-0.8121,-2.1775
AMD,AMD-041,2025-03-14T15:30:00-04:00,2025-03-17T09:30:00-04:00,1,100.96,105.405,4.2796,100.0824,99.544,32.069,6.216,6.463,neutral_up,103.7409,-0.5641,-1.7072
AMD,AMD-042,2025-03-19T14:30:00-04:00,2025-03-20T11:30:00-04:00,4,106.2229,106.59,4.0786,104.9022,103.8987,54.454,6.581,17.577,neutral_up,103.583,-0.0053,-0.1579
AMD,AMD-043,2025-03-21T13:30:00-04:00,2025-03-24T09:30:00-04:00,3,106.87,112.03,4.135,106.3377,105.7179,25.677,5.634,19.849,neutral_up,104.125,0.3005,0.5368
AMD,AMD-044,2025-04-01T15:30:00-04:00,2025-04-03T10:30:00-04:00,9,102.78,95.99,4.4189,101.9925,102.931,-24.368,20.123,18.438,neutral_down,105.8572,-0.3127,-0.5912
AMD,AMD-045,2025-04-09T09:30:00-04:00,2025-04-09T11:30:00-04:00,2,82.78,81.8803,5.9001,81.9711,84.9128,-50.651,26.568,7.176,neutral_down,98.8176,-2.0608,-5.4719
AMD,AMD-046,2025-04-09T12:30:00-04:00,2025-04-09T13:30:00-04:00,1,88.66,95.03,5.9001,83.3032,84.787,2.091,37.255,52.742,neutral,98.8176,-2.0608,-5.4719
AMD,AMD-047,2025-04-15T14:30:00-04:00,2025-04-16T11:30:00-04:00,4,95.13,88.775,6.9259,95.1398,93.7683,26.779,-3.59,-17.676,neutral_up,97.0634,-0.2563,-1.5635
AMD,AMD-048,2025-04-22T11:30:00-04:00,2025-04-23T09:30:00-04:00,5,86.7986,92.92,6.3248,85.7834,86.7896,-13.344,13.545,31.995,neutral,94.4344,-0.8884,-2.4619
AMD,AMD-049,2025-04-28T15:30:00-04:00,2025-05-01T10:30:00-04:00,16,96.32,99.9363,5.8775,95.5003,94.4402,43.206,6.862,23.258,neutral_up,93.765,0.2885,0.0787
AMD,AMD-050,2025-05-06T15:30:00-04:00,2025-05-08T11:30:00-04:00,10,98.56,103.78,5.028,99.3986,99.2795,-8.746,-11.726,-1.887,neutral,95.5402,0.5075,1.0721
AMD,AMD-051,2025-05-16T15:30:00-04:00,2025-05-19T13:30:00-04:00,5,117.18,114.225,5.2594,116.7916,115.6121,38.725,-0.15,-5.765,neutral_up,102.4568,1.2523,4.1927
AMD,AMD-052,2025-05-21T13:30:00-04:00,2025-05-22T11:30:00-04:00,5,112.6729,111.99,4.8094,113.772,114.1296,-22.953,-12.923,-34.745,neutral,105.5874,0.7963,3.1306
AMD,AMD-053,2025-05-29T15:30:00-04:00,2025-05-30T10:30:00-04:00,2,113.03,111.325,4.4073,113.0967,113.206,-13.181,7.34,-5.179,neutral,108.0977,0.4772,1.5114
AMD,AMD-054,2025-06-05T13:30:00-04:00,2025-06-09T09:30:00-04:00,10,116.7,121.71,4.2795,117.555,116.8674,8.358,-12.731,-33.406,neutral,110.7815,0.7759,2.0405
AMD,AMD-055,2025-06-11T15:30:00-04:00,2025-06-12T14:30:00-04:00,6,121.195,118.825,4.2541,121.5098,121.1178,-2.452,4.299,-20.723,neutral,113.5552,0.9695,2.3284
AMD,AMD-056,2025-06-18T15:30:00-04:00,2025-06-24T09:30:00-04:00,15,126.79,136.0896,4.7336,126.9226,126.0069,14.722,0.743,-11.149,neutral,116.8549,1.0225,2.2197
AMD,AMD-057,2025-06-27T14:30:00-04:00,2025-07-01T10:30:00-04:00,10,142.8544,136.39,5.1281,143.3688,141.8813,24.418,-5.778,-29.016,neutral_up,125.2556,1.8474,5.5548
AMD,AMD-058,2025-07-07T11:30:00-04:00,2025-07-07T12:30:00-04:00,1,135.3728,135.0,5.0257,136.5332,137.755,-59.968,8.771,-40.689,neutral_down,130.606,0.7304,2.3006
AMD,AMD-059,2025-07-14T15:30:00-04:00,2025-07-15T09:30:00-04:00,1,146.23,156.73,5.0413,146.0864,144.7387,39.433,-5.185,-10.967,neutral_up,134.5127,1.1927,2.8992
AMD,AMD-060,2025-07-21T10:30:00-04:00,2025-07-22T10:30:00-04:00,7,158.853,153.0214,5.5326,158.2265,157.3116,26.112,3.431,11.834,neutral_up,142.7865,1.4208,5.3912
AMD,AMD-061,2025-07-31T12:30:00-04:00,2025-08-01T12:30:00-04:00,7,177.42,171.28,5.9227,178.9202,176.979,26.341,-20.28,-28.79,neutral_up,156.2978,2.3232,6.8719
AMD,AMD-062,2025-08-11T15:30:00-04:00,2025-08-13T09:30:00-04:00,8,172.34,184.9,7.4001,173.6176,172.9503,0.789,-8.366,-25.166,neutral,164.0375,0.8743,1.884
AMD,AMD-063,2025-08-22T10:30:00-04:00,2025-08-22T12:30:00-04:00,2,167.78,167.8,7.2157,165.204,166.2633,2.589,21.032,46.865,neutral,168.8057,-0.5166,-1.2462
AMD,AMD-064,2025-08-25T09:30:00-04:00,2025-08-25T14:30:00-04:00,5,163.935,163.99,7.181,166.2195,166.4916,-11.65,-28.215,-28.29,neutral,168.7134,-0.0923,-1.0211
AMD,AMD-065,2025-08-26T09:30:00-04:00,2025-08-29T12:30:00-04:00,24,167.43,162.835,7.1017,165.0667,165.5603,-2.52,32.387,29.627,neutral,168.2258,-0.4876,-1.0965
AMD,AMD-066,2025-09-03T15:30:00-04:00,2025-09-05T09:30:00-04:00,8,162.12,150.48,6.5602,161.5824,162.3513,-15.078,10.814,6.251,neutral,167.0804,-0.473,-0.9104
AMD,AMD-067,2025-09-15T10:30:00-04:00,2025-09-15T13:30:00-04:00,3,160.265,160.42,6.3317,158.5615,157.7792,32.777,12.476,9.726,neutral_up,161.6308,-0.3181,-1.2593
AMD,AMD-068,2025-09-16T15:30:00-04:00,2025-09-18T11:30:00-04:00,10,160.44,154.705,6.215,160.2563,159.5576,20.848,0.051,0.592,neutral,161.5898,-0.041,-0.9939
AMD,AMD-069,2025-09-18T13:30:00-04:00,2025-09-18T15:30:00-04:00,2,157.78,157.87,5.9592,156.9616,157.9226,-21.554,19.437,23.842,neutral,161.2675,-0.2178,-0.3633
AMD,AMD-070,2025-09-19T09:30:00-04:00,2025-09-19T14:30:00-04:00,5,158.835,156.68,6.1936,157.6337,158.0183,3.605,8.733,25.159,neutral,160.9586,-0.3089,-0.6311
AMD,AMD-071,2025-09-19T15:30:00-04:00,2025-09-22T10:30:00-04:00,2,157.41,161.49,6.1936,157.1702,157.5794,-9.224,6.227,1.04,neutral,160.9586,-0.3089,-0.6311
AMD,AMD-072,2025-09-22T11:30:00-04:00,2025-09-22T12:30:00-04:00,1,160.15,161.2381,6.0326,158.9843,158.4148,32.756,-5.263,41.98,neutral_up,160.636,-0.3226,-0.8492
AMD,AMD-073,2025-09-24T09:30:00-04:00,2025-09-29T13:30:00-04:00,25,160.7986,162.6437,5.8497,160.6805,160.0617,13.483,-0.956,-6.333,neutral,160.5861,0.0333,-0.3726
AMD,AMD-074,2025-09-30T09:30:00-04:00,2025-09-30T11:30:00-04:00,2,161.485,161.0673,5.8348,161.517,160.9702,12.691,-2.733,-23.523,neutral,160.6333,0.0707,0.0215
AMD,AMD-075,2025-10-01T09:30:00-04:00,2025-10-02T10:30:00-04:00,8,163.09,168.4172,5.6287,161.4876,161.1219,22.423,15.547,27.345,neutral,160.7367,0.1033,0.0622
AMD,AMD-076,2025-10-14T15:30:00-04:00,2025-10-15T10:30:00-04:00,2,218.02,237.5077,11.7187,220.7571,220.4108,-0.036,-20.946,-25.227,neutral,187.1018,2.9293,11.1482
AMD,AMD-077,2025-10-17T15:30:00-04:00,2025-10-20T14:30:00-04:00,6,233.15,240.78,11.9893,233.2132,232.279,6.611,0.175,7.859,neutral,197.9978,3.6582,10.896
AMD,AMD-078,2025-10-21T09:30:00-04:00,2025-10-21T10:30:00-04:00,1,235.14,237.6708,11.5282,238.4474,236.3607,15.133,-25.534,-31.934,neutral,204.7695,3.576,10.4299
AMD,AMD-079,2025-10-29T14:30:00-04:00,2025-11-06T10:30:00-05:00,38,263.98,237.97,11.4052,261.3012,257.7818,48.16,6.284,2.113,neutral_up,223.2846,3.4685,11.1586
AMD,AMD-080,2025-11-14T15:30:00-05:00,2025-11-17T12:30:00-05:00,4,246.76,242.07,13.3979,249.1804,249.3857,-11.667,-5.761,-16.233,neutral,240.556,0.7434,2.6157
AMD,AMD-081,2025-12-02T10:30:00-05:00,2025-12-11T11:30:00-05:00,50,216.875,215.7887,13.6043,218.6813,216.4453,28.196,-24.242,-17.278,neutral_up,225.9632,-0.6203,-2.8746
AMD,AMD-082,2025-12-11T13:30:00-05:00,2025-12-11T14:30:00-05:00,1,220.326,219.8502,10.7468,218.1692,218.909,-6.535,22.925,44.237,neutral,222.6257,-0.1206,-0.4147
AMD,AMD-083,2025-12-12T09:30:00-05:00,2025-12-12T10:30:00-05:00,1,214.37,210.9,10.7869,218.1479,218.7763,-16.402,-31.043,-9.867,neutral,222.5179,-0.1078,-0.347
AMD,AMD-084,2025-12-16T15:30:00-05:00,2025-12-17T11:30:00-05:00,3,209.04,200.9599,10.8189,208.4831,210.3539,-22.372,6.371,21.56,neutral,220.1915,-1.2612,-2.4342
AMD,AMD-085,2025-12-23T15:30:00-05:00,2026-01-02T11:30:00-05:00,35,214.87,221.425,10.4786,214.4851,213.0077,27.782,1.058,-8.805,neutral_up,215.5195,-0.0569,-1.7439
AMD,AMD-086,2026-01-12T11:30:00-05:00,2026-01-12T12:30:00-05:00,1,208.95,209.0246,8.5012,206.7483,207.5459,7.421,12.485,68.609,neutral,213.6577,-1.0498,-2.6193
AMD,AMD-087,2026-01-12T15:30:00-05:00,2026-01-13T09:30:00-05:00,1,207.67,218.215,8.5012,207.7384,207.8466,5.444,-8.346,-8.163,neutral,213.6577,-1.0498,-2.6193
AMD,AMD-088,2026-01-20T15:30:00-05:00,2026-01-21T09:30:00-05:00,1,231.94,246.75,9.2933,232.9784,231.2589,9.109,-2.309,-28.389,neutral,217.3577,1.4442,3.5255
AMD,AMD-089,2026-01-27T09:30:00-05:00,2026-01-27T10:30:00-05:00,1,253.9996,252.3448,10.4899,253.4447,252.6261,2.611,10.015,-1.142,neutral,229.7852,2.1535,8.2853
AMD,AMD-090,2026-01-28T10:30:00-05:00,2026-01-30T11:30:00-05:00,15,253.2,241.05,10.2827,252.4799,252.37,4.883,4.306,13.564,neutral,231.8083,2.0232,7.3785
AMD,AMD-091,2026-02-03T15:30:00-05:00,2026-02-04T09:30:00-05:00,1,242.11,208.47,11.4971,242.8791,244.2225,-18.747,2.158,8.887,neutral,236.4883,0.9792,2.7771
AMD,AMD-092,2026-02-11T10:30:00-05:00,2026-02-12T14:30:00-05:00,11,212.53,205.56,13.5559,213.2906,212.9191,-7.007,3.57,-20.096,neutral,225.6339,-1.2034,-4.2762
AMD,AMD-093,2026-02-13T09:30:00-05:00,2026-02-17T09:30:00-05:00,7,207.89,196.8301,13.3321,208.1035,209.9026,-29.517,11.199,6.299,neutral_down,222.8371,-1.6937,-4.0002
AMD,AMD-094,2026-02-17T10:30:00-05:00,2026-02-17T11:30:00-05:00,1,201.9995,202.8,12.8205,204.8109,207.2685,-50.172,6.51,-32.116,neutral_down,221.4301,-1.407,-4.2038
AMD,AMD-095,2026-02-18T09:30:00-05:00,2026-02-18T13:30:00-05:00,4,200.2,200.3499,12.7998,202.9657,205.1932,-36.734,-8.242,-7.584,neutral_down,219.7587,-1.6714,-4.7721
AMD,AMD-096,2026-02-19T09:30:00-05:00,2026-02-23T14:30:00-05:00,19,201.915,194.92,12.4712,201.2542,203.1087,-25.151,13.235,6.168,neutral_down,217.9725,-1.7862,-4.8646
AMD,AMD-097,2026-03-06T14:30:00-05:00,2026-03-09T09:30:00-04:00,2,192.1,192.02,10.8045,196.7613,197.4586,-34.099,-25.505,-36.357,neutral_down,207.0458,-0.7586,-3.0794
AMD,AMD-098,2026-03-09T10:30:00-04:00,2026-03-09T15:30:00-04:00,5,195.67,202.74,10.6748,195.2326,196.4702,-27.2,18.747,6.899,neutral_down,205.7189,-1.3269,-2.6649
AMD,AMD-099,2026-03-17T09:30:00-04:00,2026-03-17T11:30:00-04:00,2,198.265,196.29,9.5747,197.4637,197.745,0.09,7.412,-11.728,neutral,202.8928,-0.6293,-2.3094
AMD,AMD-100,2026-03-18T09:30:00-04:00,2026-03-18T10:30:00-04:00,1,198.57,199.2574,9.1729,197.0005,197.2468,3.119,17.334,17.217,neutral,202.2943,-0.5984,-2.2349
AMD,AMD-101,2026-03-18T13:30:00-04:00,2026-03-19T15:30:00-04:00,9,201.31,205.23,9.1729,198.8748,198.1428,38.169,10.924,22.656,neutral_up,202.2943,-0.5984,-2.2349
AMD,AMD-102,2026-03-20T09:30:00-04:00,2026-03-20T11:30:00-04:00,2,199.8,202.01,9.313,201.4974,200.1183,27.529,-31.241,-7.378,neutral_up,202.3253,0.2905,-0.5674
AMD,AMD-103,2026-03-20T12:30:00-04:00,2026-03-23T10:30:00-04:00,5,200.3499,206.99,9.313,201.4014,200.4296,10.083,-11.073,-17.446,neutral,202.3253,0.2905,-0.5674
AMD,AMD-104,2026-03-23T11:30:00-04:00,2026-03-23T13:30:00-04:00,2,202.57,204.59,9.2221,202.967,201.6087,30.432,-20.141,27.64,neutral_up,202.2485,-0.0768,-0.0459
AMD,AMD-105,2026-03-23T15:30:00-04:00,2026-03-25T09:30:00-04:00,8,202.62,219.42,9.2221,203.4082,202.295,15.188,-11.315,-9.727,neutral,202.2485,-0.0768,-0.0459
AMD,AMD-106,2026-03-31T11:30:00-04:00,2026-04-01T09:30:00-04:00,5,198.69,210.845,10.1356,198.4176,200.612,-23.86,4.967,39.979,neutral_down,203.2308,-0.7181,-0.9476
AMD,AMD-107,2026-04-08T09:30:00-04:00,2026-04-08T10:30:00-04:00,1,229.8291,231.095,10.1368,221.3306,218.2379,71.532,34.542,45.488,distribution,207.8455,1.3584,3.9731
AMD,AMD-108,2026-04-20T15:30:00-04:00,2026-04-21T15:30:00-04:00,7,274.94,284.42,10.1914,275.2263,272.5726,25.156,-1.594,1.365,neutral_up,234.1827,4.4097,12.577
AMD,AMD-109,2026-05-14T12:30:00-04:00,2026-05-15T14:30:00-04:00,9,444.04,429.32,23.3181,446.9396,444.7221,6.369,-9.008,-5.797,neutral,362.9193,8.2461,28.9753
AMD,AMD-110,2026-05-19T15:30:00-04:00,2026-05-20T10:30:00-04:00,2,414.11,445.895,23.5083,415.8532,420.869,-19.238,-3.344,0.222,neutral,379.7502,4.107,16.8309
AMD,AMD-111,2026-06-01T10:30:00-04:00,2026-06-03T11:30:00-04:00,15,513.375,532.13,26.0389,509.7992,505.6674,17.678,8.462,4.952,neutral,435.251,8.1119,24.9671
AMD,AMD-112,2026-06-09T15:30:00-04:00,2026-06-10T11:30:00-04:00,3,475.5,455.91,29.3551,471.6351,481.3342,-30.676,15.906,39.673,neutral_down,466.2941,2.3706,8.567
AMD,AMD-113,2026-06-18T12:30:00-04:00,2026-06-22T11:30:00-04:00,6,533.75,542.52,33.4369,527.4094,523.6411,28.785,2.033,19.719,neutral_up,484.0394,2.8161,12.2892
AMD,AMD-114,2026-06-23T09:30:00-04:00,2026-06-23T10:30:00-04:00,1,523.0501,517.905,32.6027,538.9388,534.5033,7.658,-39.405,-33.263,neutral,494.5183,5.7152,13.2949
AMD,AMD-115,2026-06-23T11:30:00-04:00,2026-06-23T12:30:00-04:00,1,526.0,524.055,32.6027,532.9856,532.3585,-17.626,-0.294,-64.689,neutral,494.5183,5.7152,13.2949
AMD,AMD-116,2026-06-23T15:30:00-04:00,2026-06-24T09:30:00-04:00,1,520.01,520.22,32.6027,525.6805,528.6903,-27.912,0.202,-8.1,neutral_down,494.5183,5.7152,13.2949
AMD,AMD-117,2026-06-25T10:30:00-04:00,2026-06-30T10:30:00-04:00,21,517.865,565.0,32.6198,517.9018,521.7971,-13.974,3.641,20.457,neutral,498.8943,2.0586,10.0912
