ticker,ep_id,start_ts_et,end_ts_et,n_comp_bars,spot_start,spot_end,datr14_prior,ema9_h,ema21_h,po,po_slope1,po_slope3,phase_zone,ema21_d,ema21_d_slope1,ema21_d_slope3
AMZN,AMZN-001,2024-07-16T09:00:00-04:00,2024-07-17T06:00:00-04:00,13,194.3507,191.15,4.092,193.8255,193.8527,14.549,-0.29,25.163,neutral,193.2158,-0.0506,0.2645
AMZN,AMZN-002,2024-07-19T12:00:00-04:00,2024-07-22T07:00:00-04:00,11,183.32,185.15,4.599,183.2487,184.2476,-14.971,0.787,24.396,neutral,191.898,-0.8158,-1.3178
AMZN,AMZN-003,2024-07-22T08:00:00-04:00,2024-07-23T10:00:00-04:00,18,185.18,188.15,4.6148,184.2382,184.0459,23.687,2.295,12.59,neutral_up,191.0982,-0.7998,-2.098
AMZN,AMZN-004,2024-07-25T10:00:00-04:00,2024-07-26T07:00:00-04:00,13,180.93,182.42,4.7332,181.2757,182.164,-29.824,6.661,10.54,neutral_down,189.1349,-0.8305,-1.9633
AMZN,AMZN-005,2024-07-26T08:00:00-04:00,2024-07-26T19:00:00-04:00,11,182.0,182.75,4.902,181.7068,181.7286,9.742,-3.307,6.437,neutral,188.2908,-0.8441,-2.0321
AMZN,AMZN-006,2024-07-29T04:00:00-04:00,2024-07-30T13:00:00-04:00,25,183.54,180.99,4.7904,182.6409,182.271,27.997,11.064,13.512,neutral_up,187.7689,-0.5219,-2.1965
AMZN,AMZN-007,2024-07-30T18:00:00-04:00,2024-07-30T19:00:00-04:00,1,180.15,180.88,4.6175,179.8091,181.2669,-48.352,33.564,-15.274,neutral_down,187.3544,-0.4144,-1.7804
AMZN,AMZN-008,2024-08-01T12:00:00-04:00,2024-08-01T14:00:00-04:00,2,184.86,182.46,4.8569,187.4762,187.0191,-20.661,-14.394,-75.532,neutral,186.854,0.0136,-0.9149
AMZN,AMZN-009,2024-08-05T04:00:00-04:00,2024-08-05T06:00:00-04:00,2,162.78,159.48,6.4426,166.5924,169.5665,-47.499,-18.175,-14.426,neutral_down,184.8895,-1.706,-1.9509
AMZN,AMZN-010,2024-08-05T09:00:00-04:00,2024-08-05T13:00:00-04:00,4,159.27,160.965,6.4426,160.6251,165.1308,-66.885,22.976,6.394,accumulation,184.8895,-1.706,-1.9509
AMZN,AMZN-011,2024-08-06T07:00:00-04:00,2024-08-07T11:00:00-04:00,20,162.5,165.6198,7.141,161.7182,162.4901,-5.253,5.369,0.308,neutral,182.7214,-2.1681,-4.1326
AMZN,AMZN-012,2024-08-07T13:00:00-04:00,2024-08-07T15:00:00-04:00,2,162.5601,162.76,7.098,164.4405,163.8465,1.389,-21.878,-40.925,neutral,180.8294,-1.8919,-5.766
AMZN,AMZN-013,2024-08-08T08:00:00-04:00,2024-08-08T10:00:00-04:00,2,165.04,165.435,7.0303,163.102,163.0525,18.139,18.649,27.047,neutral,179.1868,-1.6427,-5.7028
AMZN,AMZN-014,2024-08-08T11:00:00-04:00,2024-08-08T12:00:00-04:00,1,164.07,164.861,7.0303,163.803,163.4244,19.194,-7.759,1.055,neutral,179.1868,-1.6427,-5.7028
AMZN,AMZN-015,2024-08-08T15:00:00-04:00,2024-08-08T16:00:00-04:00,1,165.92,166.11,7.0303,165.003,164.1735,34.454,-1.683,13.233,neutral_up,179.1868,-1.6427,-5.7028
AMZN,AMZN-016,2024-08-09T09:00:00-04:00,2024-08-13T14:00:00-04:00,37,166.745,170.3,6.8239,166.3295,165.5937,22.568,4.528,-19.395,neutral,177.9807,-1.2061,-4.7407
AMZN,AMZN-017,2024-08-14T14:00:00-04:00,2024-08-15T09:00:00-04:00,11,170.07,176.1,6.0931,170.1888,169.8326,7.031,1.128,-20.316,neutral,175.5257,-0.5296,-2.455
AMZN,AMZN-018,2024-08-16T12:00:00-04:00,2024-08-20T07:00:00-04:00,27,178.192,178.5,6.042,177.666,176.5683,46.632,2.659,7.067,neutral_up,175.2617,0.2338,-0.7935
AMZN,AMZN-019,2024-08-20T08:00:00-04:00,2024-08-21T09:00:00-04:00,17,178.2891,181.47,5.5005,178.3378,177.9572,26.16,-9.965,-15.245,neutral_up,175.6784,0.2532,0.6505
AMZN,AMZN-020,2024-08-21T10:00:00-04:00,2024-08-21T13:00:00-04:00,3,180.17,180.38,5.2204,179.8292,179.1363,55.801,-20.541,1.431,neutral_up,175.9713,0.2929,0.7095
AMZN,AMZN-021,2024-08-21T16:00:00-04:00,2024-08-22T04:00:00-04:00,4,180.11,180.22,5.2204,180.0126,179.5294,22.818,-3.566,-7.108,neutral,175.9713,0.2929,0.7095
AMZN,AMZN-022,2024-08-22T06:00:00-04:00,2024-08-22T13:00:00-04:00,7,180.84,176.875,5.0969,180.3032,179.8907,30.93,9.667,10.246,neutral_up,176.3439,0.3726,0.9186
AMZN,AMZN-023,2024-08-23T13:00:00-04:00,2024-08-26T19:00:00-04:00,22,176.591,175.11,5.1464,176.9345,177.4675,-27.744,3.255,-6.859,neutral_down,176.3262,-0.0176,0.6479
AMZN,AMZN-024,2024-08-27T04:00:00-04:00,2024-08-27T05:00:00-04:00,1,175.86,176.05,4.9112,175.5279,175.9861,-20.38,15.457,12.044,neutral,176.3077,-0.0798,-0.0361
AMZN,AMZN-025,2024-08-30T08:00:00-04:00,2024-08-30T13:00:00-04:00,5,173.29,175.75,4.6993,173.0541,172.7281,22.031,-2.685,-1.365,neutral,175.2317,-0.3102,-1.0761
AMZN,AMZN-026,2024-09-03T17:00:00-04:00,2024-09-03T18:00:00-04:00,1,175.93,175.9125,4.8472,176.4147,176.3493,-7.851,-5.271,-7.772,neutral,175.527,0.2953,-0.49
AMZN,AMZN-027,2024-09-04T10:00:00-04:00,2024-09-04T15:00:00-04:00,5,175.97,173.3,4.731,175.3508,175.6907,-15.05,23.17,18.486,neutral,175.5982,0.0712,0.0563
AMZN,AMZN-028,2024-09-05T07:00:00-04:00,2024-09-05T09:00:00-04:00,2,175.05,178.3,4.6623,173.9425,174.3058,2.971,21.92,39.876,neutral,175.3892,-0.2089,0.1576
AMZN,AMZN-029,2024-09-06T10:00:00-04:00,2024-09-06T11:00:00-04:00,1,173.49,172.01,4.799,175.7827,175.9422,-24.827,-28.475,-16.804,neutral_down,175.6166,0.2273,0.0896
AMZN,AMZN-030,2024-09-10T11:00:00-04:00,2024-09-10T12:00:00-04:00,1,177.81,178.81,4.9318,177.2036,176.1529,42.767,-6.492,-6.276,neutral_up,175.2544,0.0176,-0.1348
AMZN,AMZN-031,2024-09-11T10:00:00-04:00,2024-09-11T15:00:00-04:00,5,176.44,184.43,4.9416,178.7783,178.4103,-12.799,-34.352,-62.359,neutral,175.6459,0.3914,0.0293
AMZN,AMZN-032,2024-09-13T12:00:00-04:00,2024-09-16T11:00:00-04:00,15,186.865,184.28,5.1515,187.1403,186.2676,29.813,-12.798,-25.359,neutral_up,177.4104,0.966,2.1559
AMZN,AMZN-033,2024-09-18T08:00:00-04:00,2024-09-19T06:00:00-04:00,14,187.44,190.18,4.8161,187.0976,186.8332,21.962,4.803,11.045,neutral,179.5737,0.7346,2.1633
AMZN,AMZN-034,2024-09-20T06:00:00-04:00,2024-09-23T04:00:00-04:00,14,189.11,191.15,4.7264,189.3498,189.03,7.73,-4.695,-13.075,neutral,181.0791,0.8821,2.24
AMZN,AMZN-035,2024-09-24T07:00:00-04:00,2024-09-26T07:00:00-04:00,32,193.3,194.59,4.6463,192.9525,192.455,19.716,8.981,-9.744,neutral,183.1169,1.0813,2.9199
AMZN,AMZN-036,2024-09-26T08:00:00-04:00,2024-09-26T10:00:00-04:00,2,194.5,189.89,4.4874,193.8849,193.4504,46.881,-4.177,16.443,neutral_up,184.8745,0.7655,2.839
AMZN,AMZN-037,2024-09-26T11:00:00-04:00,2024-09-26T12:00:00-04:00,1,191.625,190.68,4.4874,192.5755,192.8947,-41.015,4.73,-87.897,neutral_down,184.8745,0.7655,2.839
AMZN,AMZN-038,2024-09-30T15:00:00-04:00,2024-09-30T17:00:00-04:00,2,186.31,185.52,4.4745,186.3606,187.3137,-41.226,10.085,21.325,neutral_down,185.6679,0.2202,1.559
AMZN,AMZN-039,2024-10-01T07:00:00-04:00,2024-10-03T10:00:00-04:00,35,185.77,181.3727,4.4292,185.9123,186.4971,-26.99,-2.151,5.821,neutral_down,185.7263,0.0584,0.8518
AMZN,AMZN-040,2024-10-07T05:00:00-04:00,2024-10-07T07:00:00-04:00,2,183.25,183.4,4.2738,185.2711,185.0219,-12.317,-38.508,-50.635,neutral,185.377,0.1143,-0.2961
AMZN,AMZN-041,2024-10-07T08:00:00-04:00,2024-10-07T09:00:00-04:00,1,183.68,180.72,4.2738,184.3884,184.629,-30.065,5.544,-17.748,neutral_down,185.377,0.1143,-0.2961
AMZN,AMZN-042,2024-10-08T10:00:00-04:00,2024-10-08T18:00:00-04:00,8,182.71,182.5,4.4164,181.8944,182.1094,9.532,9.954,19.491,neutral,184.9681,-0.4088,-0.6228
AMZN,AMZN-043,2024-10-08T19:00:00-04:00,2024-10-09T04:00:00-04:00,1,182.3009,183.06,4.4164,182.3338,182.27,5.273,-3.951,-5.142,neutral,184.9681,-0.4088,-0.6228
AMZN,AMZN-044,2024-10-09T07:00:00-04:00,2024-10-09T13:00:00-04:00,6,183.16,185.087,4.2588,182.7998,182.5381,28.741,0.074,10.803,neutral_up,184.7592,-0.2089,-0.5034
AMZN,AMZN-045,2024-10-11T08:00:00-04:00,2024-10-11T10:00:00-04:00,2,186.81,189.5417,4.1348,186.7213,186.325,26.92,-3.902,6.538,neutral_up,184.9659,0.1684,-0.0023
AMZN,AMZN-046,2024-10-14T11:00:00-04:00,2024-10-14T17:00:00-04:00,6,188.46,187.59,4.0987,188.9133,188.5494,6.458,-10.091,-54.621,neutral,185.3153,0.3495,0.5561
AMZN,AMZN-047,2024-10-15T14:00:00-04:00,2024-10-15T19:00:00-04:00,5,186.93,187.995,3.9823,186.7769,187.2824,-24.809,12.826,38.299,neutral_down,185.524,0.2086,0.7265
AMZN,AMZN-048,2024-10-17T09:00:00-04:00,2024-10-18T18:00:00-04:00,25,186.61,188.8,3.8449,187.3514,187.2682,2.001,-28.642,-30.654,neutral,185.838,0.1062,0.5226
AMZN,AMZN-049,2024-10-21T08:00:00-04:00,2024-10-22T13:00:00-04:00,21,188.53,191.1499,3.8288,188.5036,188.4962,-7.026,8.449,-3.667,neutral,186.2607,0.2689,0.5289
AMZN,AMZN-050,2024-10-22T14:00:00-04:00,2024-10-22T17:00:00-04:00,3,189.71,189.41,3.7739,189.6044,189.1237,37.291,-18.152,4.901,neutral_up,186.5179,0.2572,0.68
AMZN,AMZN-051,2024-10-23T09:00:00-04:00,2024-10-23T11:00:00-04:00,2,188.31,186.91,3.829,189.0926,189.148,-16.925,-15.899,-8.179,neutral,186.809,0.2911,0.8172
AMZN,AMZN-052,2024-10-24T14:00:00-04:00,2024-10-25T09:00:00-04:00,11,186.48,189.52,3.9862,186.1826,186.3757,1.508,2.206,15.294,neutral,186.62,-0.189,0.3593
AMZN,AMZN-053,2024-10-28T09:00:00-04:00,2024-10-28T16:00:00-04:00,7,189.26,188.43,3.9434,189.0734,188.5208,35.588,-8.41,-2.048,neutral_up,186.7093,0.1111,-0.0998
AMZN,AMZN-054,2024-10-29T06:00:00-04:00,2024-10-29T14:00:00-04:00,8,188.75,191.275,3.8324,188.6568,188.6532,-0.215,5.437,13.814,neutral,186.8721,0.1628,0.252
AMZN,AMZN-055,2024-10-30T18:00:00-04:00,2024-10-31T05:00:00-04:00,3,191.13,190.55,3.819,192.7023,192.5923,-21.148,-14.815,-34.902,neutral,187.2301,0.358,0.6319
AMZN,AMZN-056,2024-11-04T04:00:00-05:00,2024-11-05T12:00:00-05:00,24,196.38,199.7471,4.8836,197.3217,196.5589,4.332,-8.021,-16.202,neutral,188.526,0.9344,1.2959
AMZN,AMZN-057,2024-11-06T10:00:00-05:00,2024-11-06T11:00:00-05:00,1,203.86,205.57,4.7348,200.6048,199.2988,60.783,20.651,29.376,neutral_up,190.1249,0.9385,2.5333
AMZN,AMZN-058,2024-11-08T11:00:00-05:00,2024-11-11T12:00:00-05:00,17,209.1634,206.13,5.0082,209.3078,208.8022,8.804,0.984,-9.977,neutral,193.3546,1.6865,4.1682
AMZN,AMZN-059,2024-11-12T12:00:00-05:00,2024-11-12T17:00:00-05:00,5,207.58,209.91,4.7927,207.0433,207.1627,-0.044,11.964,-14.0,neutral,195.8194,1.1071,4.1514
AMZN,AMZN-060,2024-11-14T14:00:00-05:00,2024-11-14T15:00:00-05:00,1,212.17,211.47,4.8066,212.8436,212.7728,-16.337,0.749,-7.914,neutral,198.5657,1.5544,3.8534
AMZN,AMZN-061,2024-11-18T13:00:00-05:00,2024-11-19T16:00:00-05:00,19,201.83,204.46,5.3246,202.8537,204.0634,-49.663,-5.602,-16.038,neutral_down,199.998,0.2592,2.9867
AMZN,AMZN-062,2024-11-21T08:00:00-05:00,2024-11-21T10:00:00-05:00,2,204.3808,198.5,5.2926,203.2002,202.9827,27.532,9.945,26.117,neutral_up,200.7682,0.2112,0.7702
AMZN,AMZN-063,2024-11-21T12:00:00-05:00,2024-11-21T13:00:00-05:00,1,199.1567,198.375,5.2926,200.5675,201.6539,-55.882,11.253,-41.152,neutral_down,200.7682,0.2112,0.7702
AMZN,AMZN-064,2024-11-22T13:00:00-05:00,2024-11-25T11:00:00-05:00,14,197.48,200.8916,5.4674,198.0811,198.8243,-30.717,-3.038,-10.588,neutral_down,200.5466,-0.2217,0.3938
AMZN,AMZN-065,2024-11-27T13:00:00-05:00,2024-11-27T18:00:00-05:00,5,206.995,206.22,5.325,206.7167,206.1564,10.344,13.598,-12.203,neutral,201.0196,0.68,0.473
AMZN,AMZN-066,2024-11-29T05:00:00-05:00,2024-11-29T06:00:00-05:00,1,207.01,207.25,5.1425,206.6815,206.3706,23.047,-0.046,22.154,neutral,201.4533,0.4337,1.2228
AMZN,AMZN-067,2024-11-29T07:00:00-05:00,2024-12-02T04:00:00-05:00,8,206.7,208.75,5.1425,206.7761,206.4732,17.685,-8.971,-5.407,neutral,201.4533,0.4337,1.2228
AMZN,AMZN-068,2024-12-03T09:00:00-05:00,2024-12-03T14:00:00-05:00,5,211.26,212.885,5.0378,210.9186,210.2809,36.493,1.662,-13.253,neutral_up,202.8222,0.7838,1.8026
AMZN,AMZN-069,2024-12-05T11:00:00-05:00,2024-12-05T12:00:00-05:00,1,220.085,221.5399,5.1044,218.6803,217.6348,60.594,14.247,6.49,neutral_up,205.0879,1.3032,3.0495
AMZN,AMZN-070,2024-12-05T13:00:00-05:00,2024-12-05T14:00:00-05:00,1,220.54,221.01,5.1044,219.5098,218.2216,72.717,-8.409,26.37,distribution,205.0879,1.3032,3.0495
AMZN,AMZN-071,2024-12-05T15:00:00-05:00,2024-12-05T16:00:00-05:00,1,220.56,220.55,5.1044,219.9599,218.6646,60.989,-10.931,-20.136,neutral_up,205.0879,1.3032,3.0495
AMZN,AMZN-072,2024-12-09T13:00:00-05:00,2024-12-10T07:00:00-05:00,10,229.395,226.15,5.1937,228.179,226.5174,60.722,-0.225,10.264,neutral_up,208.3614,1.8669,4.5766
AMZN,AMZN-073,2024-12-10T08:00:00-05:00,2024-12-10T15:00:00-05:00,7,225.72,225.12,5.1377,226.4508,226.439,-13.13,-6.905,-16.553,neutral,209.9785,1.6171,4.8906
AMZN,AMZN-074,2024-12-10T16:00:00-05:00,2024-12-11T07:00:00-05:00,7,225.51,225.45,5.1377,226.0401,226.3234,-23.812,3.162,-21.711,neutral_down,209.9785,1.6171,4.8906
AMZN,AMZN-075,2024-12-11T08:00:00-05:00,2024-12-11T09:00:00-05:00,1,226.5801,229.245,5.1178,225.7783,225.9679,1.642,19.633,21.569,neutral,211.355,1.3765,4.8605
AMZN,AMZN-076,2024-12-12T12:00:00-05:00,2024-12-16T12:00:00-05:00,32,230.24,231.3527,5.1866,229.8582,229.3295,22.513,2.988,12.358,neutral,213.0659,1.7109,4.7046
AMZN,AMZN-077,2024-12-17T12:00:00-05:00,2024-12-17T17:00:00-05:00,5,231.65,230.7709,5.0517,231.2614,231.0585,3.703,10.837,23.862,neutral,217.2574,1.5683,4.1915
AMZN,AMZN-078,2024-12-18T04:00:00-05:00,2024-12-18T05:00:00-05:00,1,231.74,231.85,5.0544,231.1453,231.0938,6.347,13.161,12.056,neutral,218.5294,1.2721,4.014
AMZN,AMZN-079,2024-12-18T08:00:00-05:00,2024-12-18T14:00:00-05:00,6,231.38,226.35,5.0544,231.7442,231.4441,16.585,-18.442,2.59,neutral,218.5294,1.2721,4.014
AMZN,AMZN-080,2024-12-23T13:00:00-05:00,2024-12-24T11:00:00-05:00,14,226.18,228.5653,5.6485,225.6569,224.9882,23.772,1.321,10.106,neutral_up,219.6777,0.5552,1.1483
AMZN,AMZN-081,2024-12-26T17:00:00-05:00,2024-12-27T04:00:00-05:00,3,226.8303,225.9,5.3574,227.4346,227.3973,-15.264,-5.672,-31.339,neutral,220.977,0.8073,1.8545
AMZN,AMZN-082,2024-12-31T10:00:00-05:00,2024-12-31T17:00:00-05:00,7,221.445,219.5618,5.2365,222.0885,222.2099,-6.864,-14.625,-21.128,neutral,221.6982,-0.0488,0.7212
AMZN,AMZN-083,2025-01-02T09:00:00-05:00,2025-01-02T17:00:00-05:00,8,224.025,220.15,5.1689,222.0159,221.6083,42.659,14.185,19.958,neutral_up,221.4884,-0.2098,-0.0444
AMZN,AMZN-084,2025-01-03T04:00:00-05:00,2025-01-03T05:00:00-05:00,1,222.0,221.61,5.2968,220.8151,220.9741,6.841,16.33,24.924,neutral,221.3758,-0.1126,-0.3712
AMZN,AMZN-085,2025-01-03T09:00:00-05:00,2025-01-03T11:00:00-05:00,2,224.19,224.37,5.2968,221.8212,221.4253,36.027,26.914,25.584,neutral_up,221.3758,-0.1126,-0.3712
AMZN,AMZN-086,2025-01-07T07:00:00-05:00,2025-01-07T11:00:00-05:00,4,227.78,222.92,5.2422,227.34,226.6322,29.814,6.126,3.356,neutral_up,222.1702,0.544,0.6818
AMZN,AMZN-087,2025-01-08T13:00:00-05:00,2025-01-10T11:00:00-05:00,14,222.19,217.18,5.3621,222.1817,222.9355,-23.722,6.824,13.238,neutral_down,222.162,-0.0082,0.7862
AMZN,AMZN-088,2025-01-10T13:00:00-05:00,2025-01-10T15:00:00-05:00,2,220.74,218.89,5.2162,219.7682,220.7902,-28.671,27.642,30.722,neutral_down,222.1609,-0.0011,0.5347
AMZN,AMZN-089,2025-01-13T12:00:00-05:00,2025-01-14T04:00:00-05:00,8,218.38,220.0,5.2472,217.6996,218.4154,-14.974,14.177,8.549,neutral,221.8635,-0.2974,-0.3066
AMZN,AMZN-090,2025-01-14T09:00:00-05:00,2025-01-15T09:00:00-05:00,16,220.3,222.69,5.0817,219.5749,219.1772,25.435,3.888,1.206,neutral_up,221.5578,-0.3058,-0.6042
AMZN,AMZN-091,2025-01-16T12:00:00-05:00,2025-01-16T14:00:00-05:00,2,222.11,221.71,5.1687,223.2085,222.6303,1.961,-16.661,-39.011,neutral,221.4067,0.1933,-0.4568
AMZN,AMZN-092,2025-01-23T08:00:00-05:00,2025-01-24T14:00:00-05:00,22,234.83,233.1,5.1771,234.3551,233.471,39.243,0.374,7.71,neutral_up,223.7011,1.1309,2.3631
AMZN,AMZN-093,2025-01-24T15:00:00-05:00,2025-01-24T19:00:00-05:00,4,234.85,234.6,5.0938,234.3485,234.461,-11.403,23.419,6.802,neutral,224.7637,1.0626,3.0065
AMZN,AMZN-094,2025-01-29T12:00:00-05:00,2025-01-30T05:00:00-05:00,9,237.5844,236.94,5.4952,238.3569,237.9269,-2.816,-3.896,-15.847,neutral,227.6272,1.0593,2.8634
AMZN,AMZN-095,2025-01-30T08:00:00-05:00,2025-01-31T11:00:00-05:00,19,236.76,239.58,5.4055,236.581,236.7912,1.435,-1.922,6.295,neutral,228.4838,0.8566,2.8031
AMZN,AMZN-096,2025-02-03T04:00:00-05:00,2025-02-03T05:00:00-05:00,1,232.49,233.56,5.4474,236.4137,236.8179,-45.816,-33.179,-50.194,neutral_down,229.8171,0.7773,2.1899
AMZN,AMZN-097,2025-02-03T09:00:00-05:00,2025-02-03T13:00:00-05:00,4,235.505,238.0799,5.4474,234.9632,235.7947,-20.879,16.692,32.157,neutral,229.8171,0.7773,2.1899
AMZN,AMZN-098,2025-02-03T16:00:00-05:00,2025-02-03T17:00:00-05:00,1,238.99,239.31,5.4474,237.3416,236.8012,25.712,9.249,4.682,neutral_up,229.8171,0.7773,2.1899
AMZN,AMZN-099,2025-02-04T16:00:00-05:00,2025-02-04T17:00:00-05:00,1,238.6,238.1,5.5118,240.5288,239.5047,17.591,-33.288,-34.209,neutral,230.5128,0.6957,2.029
AMZN,AMZN-100,2025-02-04T19:00:00-05:00,2025-02-05T04:00:00-05:00,1,239.1297,237.74,5.5118,239.6535,239.3027,-4.842,1.624,-22.433,neutral,230.5128,0.6957,2.029
AMZN,AMZN-101,2025-02-05T09:00:00-05:00,2025-02-05T10:00:00-05:00,1,236.998,236.49,5.4788,238.6004,238.8605,-20.921,-15.405,-10.92,neutral,231.5662,1.0534,2.5264
AMZN,AMZN-102,2025-02-06T04:00:00-05:00,2025-02-06T18:00:00-05:00,14,237.72,229.0007,5.5804,237.1085,237.551,-5.665,10.128,18.697,neutral,231.9802,0.414,2.1631
AMZN,AMZN-103,2025-02-10T04:00:00-05:00,2025-02-10T13:00:00-05:00,9,230.72,232.9915,5.8168,229.624,230.9443,-22.358,18.495,18.067,neutral,232.2808,-0.3141,0.7147
AMZN,AMZN-104,2025-02-11T08:00:00-05:00,2025-02-12T15:00:00-05:00,23,231.22,228.9,5.7427,231.9693,231.9471,-13.797,-7.874,-15.059,neutral,232.358,0.0772,0.3779
AMZN,AMZN-105,2025-02-13T10:00:00-05:00,2025-02-18T11:00:00-05:00,33,229.9647,224.36,5.5033,229.1797,229.7555,-15.617,21.649,35.823,neutral,232.081,-0.3181,-0.1998
AMZN,AMZN-106,2025-02-19T13:00:00-05:00,2025-02-20T10:00:00-05:00,13,224.79,222.08,5.191,225.145,225.9101,-43.436,6.152,8.604,neutral_down,231.1787,-0.4509,-0.9023
AMZN,AMZN-107,2025-02-26T18:00:00-05:00,2025-02-27T07:00:00-05:00,5,215.38,217.88,5.562,214.9974,214.5322,17.456,1.939,18.202,neutral,226.0242,-1.3224,-4.0247
AMZN,AMZN-108,2025-02-27T08:00:00-05:00,2025-02-27T14:00:00-05:00,6,217.38,210.92,5.5476,216.6449,215.6396,45.072,-8.264,5.482,neutral_up,224.9557,-1.0686,-3.8607
AMZN,AMZN-109,2025-02-28T15:00:00-05:00,2025-02-28T17:00:00-05:00,2,212.3,212.65,5.9799,209.6172,210.2793,3.274,33.089,42.077,neutral,223.4888,-1.4669,-3.8579
AMZN,AMZN-110,2025-03-04T17:00:00-05:00,2025-03-04T19:00:00-05:00,2,205.6,206.1305,6.3482,204.2176,204.9303,3.524,6.634,15.024,neutral,220.8878,-1.5838,-4.0678
AMZN,AMZN-111,2025-03-05T15:00:00-05:00,2025-03-05T18:00:00-05:00,3,208.405,208.0768,6.5639,207.1068,206.2376,38.745,-1.158,16.424,neutral_up,219.3399,-1.548,-4.1489
AMZN,AMZN-112,2025-03-06T04:00:00-05:00,2025-03-06T05:00:00-05:00,1,205.41,204.74,6.575,207.2359,206.6995,1.437,-27.525,-30.476,neutral,218.3458,-0.9941,-4.1258
AMZN,AMZN-113,2025-03-06T08:00:00-05:00,2025-03-06T09:00:00-05:00,1,204.1,203.54,6.575,205.7201,206.0691,-32.485,-5.964,-14.472,neutral_down,218.3458,-0.9941,-4.1258
AMZN,AMZN-114,2025-03-06T10:00:00-05:00,2025-03-06T11:00:00-05:00,1,204.645,202.34,6.575,205.1562,205.7307,-28.878,9.003,-2.357,neutral_down,218.3458,-0.9941,-4.1258
AMZN,AMZN-115,2025-03-07T15:00:00-05:00,2025-03-07T17:00:00-05:00,2,199.25,199.1,6.827,198.473,199.8789,-20.549,11.36,58.888,neutral,216.7416,-1.6042,-4.1462
AMZN,AMZN-116,2025-03-11T07:00:00-04:00,2025-03-12T06:00:00-04:00,15,195.9,198.16,7.1323,194.7299,195.1502,6.611,6.079,22.305,neutral,213.2886,-1.8629,-5.0572
AMZN,AMZN-117,2025-03-12T08:00:00-04:00,2025-03-13T13:00:00-04:00,21,200.8601,192.325,7.1071,198.3689,197.2853,41.542,14.428,13.34,neutral_up,211.7624,-1.5262,-4.9792
AMZN,AMZN-118,2025-03-14T12:00:00-04:00,2025-03-14T14:00:00-04:00,2,198.24,197.63,7.0463,197.0098,196.52,29.248,4.958,13.804,neutral_up,209.0756,-1.5166,-4.213
AMZN,AMZN-119,2025-03-17T04:00:00-04:00,2025-03-17T19:00:00-04:00,15,197.3,196.04,6.8816,197.5813,197.1478,12.846,-8.82,-8.313,neutral,208.0624,-1.0132,-3.7
AMZN,AMZN-120,2025-03-19T09:00:00-04:00,2025-03-19T19:00:00-04:00,10,193.64,196.25,6.7058,193.3197,193.5954,-0.525,1.685,11.602,neutral,205.6747,-1.2775,-3.4009
AMZN,AMZN-121,2025-03-20T08:00:00-04:00,2025-03-24T04:00:00-04:00,28,194.56,199.19,6.5129,195.1103,194.7114,5.999,-9.799,-33.168,neutral,204.7515,-0.9232,-3.3108
AMZN,AMZN-122,2025-03-25T13:00:00-04:00,2025-03-25T14:00:00-04:00,1,205.07,205.19,6.4742,204.4783,203.0268,60.917,-5.703,-16.533,neutral_up,203.1518,-0.0132,-1.5997
AMZN,AMZN-123,2025-03-26T09:00:00-04:00,2025-03-26T11:00:00-04:00,2,202.44,202.68,6.2396,205.2242,204.7038,-4.988,-55.461,-49.822,neutral,203.3835,0.2317,-0.477
AMZN,AMZN-124,2025-03-27T13:00:00-04:00,2025-03-28T09:00:00-04:00,12,201.67,197.43,6.2285,201.6505,201.8682,-1.997,-2.703,-12.375,neutral,203.175,-0.2085,0.01
AMZN,AMZN-125,2025-04-01T08:00:00-04:00,2025-04-01T12:00:00-04:00,4,188.45,192.84,6.4812,189.3167,190.0569,-27.587,-6.534,-23.352,neutral_down,200.9958,-1.0706,-2.1791
AMZN,AMZN-126,2025-04-01T14:00:00-04:00,2025-04-01T19:00:00-04:00,5,191.43,192.85,6.4812,191.1121,190.7701,18.802,-6.202,-2.575,neutral,200.9958,-1.0706,-2.1791
AMZN,AMZN-127,2025-04-02T04:00:00-04:00,2025-04-02T05:00:00-04:00,1,191.33,191.07,6.4989,191.9748,191.4484,13.929,-16.543,-13.213,neutral,200.1926,-0.8033,-2.8165
AMZN,AMZN-128,2025-04-02T06:00:00-04:00,2025-04-02T07:00:00-04:00,1,190.2,189.31,6.4989,191.4751,191.3037,-11.406,-14.349,-41.877,neutral,200.1926,-0.8033,-2.8165
AMZN,AMZN-129,2025-04-02T08:00:00-04:00,2025-04-02T12:00:00-04:00,4,189.0,197.12,6.4989,190.6336,190.9295,-34.135,-7.085,-37.079,neutral_down,200.1926,-0.8033,-2.8165
AMZN,AMZN-130,2025-04-02T16:00:00-04:00,2025-04-02T17:00:00-04:00,1,187.55,185.28,6.4989,192.8872,192.3792,-3.134,-51.674,-64.777,neutral,200.1926,-0.8033,-2.8165
AMZN,AMZN-131,2025-04-04T12:00:00-04:00,2025-04-04T13:00:00-04:00,1,174.765,176.0684,7.6724,174.017,176.8875,-21.82,6.682,40.438,neutral,197.8584,-1.9498,-3.1374
AMZN,AMZN-132,2025-04-04T14:00:00-04:00,2025-04-04T16:00:00-04:00,2,173.445,171.05,7.6724,174.2308,176.5068,-18.241,-4.578,10.262,neutral,197.8584,-1.9498,-3.1374
AMZN,AMZN-133,2025-04-04T17:00:00-04:00,2025-04-04T18:00:00-04:00,1,171.6,170.43,7.6724,172.7796,175.1945,-29.711,1.092,-11.47,neutral_down,197.8584,-1.9498,-3.1374
AMZN,AMZN-134,2025-04-07T08:00:00-04:00,2025-04-07T19:00:00-04:00,11,168.06,179.01,8.0072,168.2959,171.3045,-35.247,11.056,25.228,neutral_down,195.4149,-2.4435,-4.7777
AMZN,AMZN-135,2025-04-08T12:00:00-04:00,2025-04-08T16:00:00-04:00,4,175.44,172.41,9.0088,178.7926,177.3591,2.466,-18.877,-42.514,neutral,193.5999,-1.815,-6.2083
AMZN,AMZN-136,2025-04-09T13:00:00-04:00,2025-04-09T14:00:00-04:00,1,186.09,186.105,9.6032,174.3687,173.8019,38.262,48.703,51.777,neutral_up,191.5536,-2.0464,-6.3048
AMZN,AMZN-137,2025-04-11T08:00:00-04:00,2025-04-14T05:00:00-04:00,13,179.9451,187.06,10.8657,181.2289,181.595,-8.826,-7.824,-4.621,neutral,190.5479,-0.9508,-3.052
AMZN,AMZN-138,2025-04-14T09:00:00-04:00,2025-04-14T12:00:00-04:00,3,183.28,179.335,10.651,185.641,184.5416,11.822,-28.057,-36.459,neutral,190.0245,-0.5234,-1.5291
AMZN,AMZN-139,2025-04-14T13:00:00-04:00,2025-04-14T14:00:00-04:00,1,181.7804,182.07,10.651,183.2232,183.6392,-28.999,6.045,-37.746,neutral_down,190.0245,-0.5234,-1.5291
AMZN,AMZN-140,2025-04-14T15:00:00-04:00,2025-04-14T16:00:00-04:00,1,182.06,181.78,10.651,182.806,183.3659,-20.614,3.165,14.43,neutral,190.0245,-0.5234,-1.5291
AMZN,AMZN-141,2025-04-15T12:00:00-04:00,2025-04-15T19:00:00-04:00,7,179.755,177.7488,10.4767,181.1161,181.8967,-30.404,-7.242,-14.729,neutral_down,189.3004,-0.724,-2.1983
AMZN,AMZN-142,2025-04-16T04:00:00-04:00,2025-04-16T05:00:00-04:00,1,178.26,177.8,10.0438,178.9137,180.1414,-42.34,7.427,-2.04,neutral_down,188.4167,-0.8837,-2.1312
AMZN,AMZN-143,2025-04-16T11:00:00-04:00,2025-04-16T13:00:00-04:00,2,176.9,173.12,10.0438,177.4713,178.6862,-35.754,2.519,5.866,neutral_down,188.4167,-0.8837,-2.1312
AMZN,AMZN-144,2025-04-17T09:00:00-04:00,2025-04-21T04:00:00-04:00,11,174.82,170.81,9.91,175.4597,176.0629,-13.451,-10.243,-3.479,neutral,187.1416,-1.2752,-2.8829
AMZN,AMZN-145,2025-04-24T05:00:00-04:00,2025-04-24T11:00:00-04:00,6,179.16,184.475,9.7044,180.4398,179.7464,-4.572,-5.212,-22.917,neutral,182.8996,-0.236,-2.9191
AMZN,AMZN-146,2025-04-25T14:00:00-04:00,2025-04-28T17:00:00-04:00,19,189.48,187.08,9.4798,187.8064,186.7384,30.933,13.374,21.474,neutral_up,183.2251,0.3255,-0.911
AMZN,AMZN-147,2025-04-29T08:00:00-04:00,2025-04-30T09:00:00-04:00,17,184.63,179.325,8.8501,187.1423,187.4152,-26.288,-34.473,-43.338,neutral_down,184.1023,0.3568,1.2027
AMZN,AMZN-148,2025-05-01T17:00:00-04:00,2025-05-02T07:00:00-04:00,6,186.0,188.53,8.5293,187.6767,187.9003,-21.959,2.85,-42.443,neutral,184.3946,-0.0075,0.6491
AMZN,AMZN-149,2025-05-02T08:00:00-04:00,2025-05-02T17:00:00-04:00,9,192.6193,189.97,8.4548,188.3687,187.9281,27.566,21.16,37.746,neutral_up,184.8892,0.4946,0.7869
AMZN,AMZN-150,2025-05-05T05:00:00-04:00,2025-05-05T06:00:00-04:00,1,187.21,187.06,8.3138,188.9221,188.8924,-16.449,-9.848,-28.096,neutral,185.3538,0.4646,0.9517
AMZN,AMZN-151,2025-05-05T08:00:00-04:00,2025-05-05T11:00:00-04:00,3,187.23,187.095,8.3138,188.0298,188.4431,-23.21,1.876,-6.761,neutral,185.3538,0.4646,0.9517
AMZN,AMZN-152,2025-05-05T13:00:00-04:00,2025-05-05T14:00:00-04:00,1,187.245,187.13,8.3138,187.5039,187.9721,-13.19,-0.835,7.056,neutral,185.3538,0.4646,0.9517
AMZN,AMZN-153,2025-05-06T08:00:00-04:00,2025-05-07T07:00:00-04:00,15,184.3501,187.07,8.0392,185.2212,186.2361,-51.38,0.887,-0.017,neutral_down,185.4317,0.0778,1.037
AMZN,AMZN-154,2025-05-07T08:00:00-04:00,2025-05-07T12:00:00-04:00,4,186.29,188.84,7.7564,186.5973,186.3598,9.721,-11.592,-10.196,neutral,185.3888,-0.0429,0.4996
AMZN,AMZN-155,2025-05-07T13:00:00-04:00,2025-05-07T16:00:00-04:00,3,188.305,188.98,7.7564,187.8449,187.1479,30.57,-5.085,-4.116,neutral_up,185.3888,-0.0429,0.4996
AMZN,AMZN-156,2025-05-09T07:00:00-04:00,2025-05-12T04:00:00-04:00,13,192.61,208.03,7.485,192.5267,191.7271,30.385,-8.013,3.409,neutral_up,186.2815,0.5853,0.8499
AMZN,AMZN-157,2025-05-13T08:00:00-04:00,2025-05-13T11:00:00-04:00,3,211.4,214.2,8.0152,208.8356,206.4544,72.428,13.284,23.177,distribution,188.8832,1.9837,3.1871
AMZN,AMZN-158,2025-05-14T11:00:00-04:00,2025-05-15T06:00:00-04:00,11,210.9,207.76,7.8798,211.0218,210.4596,13.64,-3.506,-12.878,neutral,190.9111,2.0279,4.6296
AMZN,AMZN-159,2025-05-16T08:00:00-04:00,2025-05-19T04:00:00-04:00,12,205.86,200.94,7.5391,205.6921,206.2584,-12.116,1.313,8.247,neutral,193.8039,1.1356,4.9207
AMZN,AMZN-160,2025-05-20T13:00:00-04:00,2025-05-20T16:00:00-04:00,3,203.875,203.8,7.0476,204.4511,204.7391,-27.279,1.36,-11.534,neutral_down,195.8969,1.0243,3.2287
AMZN,AMZN-161,2025-05-21T12:00:00-04:00,2025-05-21T17:00:00-04:00,5,203.245,201.01,6.7935,202.5546,203.1382,-15.283,18.472,55.995,neutral,196.6454,0.7485,2.8415
AMZN,AMZN-162,2025-05-22T05:00:00-04:00,2025-05-23T07:00:00-04:00,18,201.88,197.8,6.599,201.5562,202.097,-14.659,7.52,26.134,neutral,197.0518,0.4064,2.1792
AMZN,AMZN-163,2025-05-23T09:00:00-04:00,2025-05-23T10:00:00-04:00,1,200.19,200.325,6.5276,200.751,201.7095,-48.582,24.111,-49.216,neutral_down,197.5998,0.548,1.7029
AMZN,AMZN-164,2025-05-28T08:00:00-04:00,2025-05-28T19:00:00-04:00,11,206.12,211.9,6.3825,205.8365,205.0621,36.461,-1.835,9.408,neutral_up,198.6437,0.7356,1.5918
AMZN,AMZN-165,2025-05-30T11:00:00-04:00,2025-06-02T16:00:00-04:00,21,204.24,207.34,6.0459,204.6841,205.3214,-26.764,1.845,0.882,neutral_down,199.7939,0.5906,1.8859
AMZN,AMZN-166,2025-06-03T10:00:00-04:00,2025-06-05T06:00:00-04:00,28,206.83,209.15,5.8065,206.6282,206.1243,25.124,-5.658,11.12,neutral_up,200.8248,0.5885,1.6215
AMZN,AMZN-167,2025-06-05T09:00:00-04:00,2025-06-05T10:00:00-04:00,1,208.96,211.07,5.4807,208.5222,207.7602,46.09,-12.73,-11.299,neutral_up,201.8175,0.5422,1.5812
AMZN,AMZN-168,2025-06-05T13:00:00-04:00,2025-06-05T19:00:00-04:00,6,210.085,208.01,5.4807,209.6528,208.6342,38.26,-7.387,-21.747,neutral_up,201.8175,0.5422,1.5812
AMZN,AMZN-169,2025-06-06T04:00:00-04:00,2025-06-06T05:00:00-04:00,1,209.34,209.85,5.4871,208.4417,208.3568,4.779,16.935,27.974,neutral,202.3659,0.5484,1.5411
AMZN,AMZN-170,2025-06-06T07:00:00-04:00,2025-06-06T09:00:00-04:00,2,210.16,212.84,5.4871,209.167,208.7439,28.76,6.399,23.982,neutral_up,202.3659,0.5484,1.5411
AMZN,AMZN-171,2025-06-10T11:00:00-04:00,2025-06-11T14:00:00-04:00,19,215.86,213.4101,5.4855,216.4457,215.9733,2.455,-5.528,-36.677,neutral,204.6109,1.2309,2.7933
AMZN,AMZN-172,2025-06-12T15:00:00-04:00,2025-06-13T05:00:00-04:00,6,213.24,209.06,5.3582,212.9105,213.4489,-11.033,4.669,20.991,neutral,206.46,0.6711,3.08
AMZN,AMZN-173,2025-06-17T08:00:00-04:00,2025-06-18T18:00:00-04:00,26,214.6,212.96,5.1125,214.5762,214.3344,2.844,4.774,-1.208,neutral,208.3181,0.7842,1.8582
AMZN,AMZN-174,2025-06-23T11:00:00-04:00,2025-06-24T06:00:00-04:00,11,209.2544,212.1,5.1144,209.5537,210.3728,-31.796,4.462,0.979,neutral_down,209.271,0.0334,0.9528
AMZN,AMZN-175,2025-06-25T06:00:00-04:00,2025-06-25T18:00:00-04:00,12,213.4,212.14,5.0327,213.417,212.7023,27.873,-9.475,4.787,neutral_up,209.5237,0.3246,0.2861
AMZN,AMZN-176,2025-06-26T04:00:00-04:00,2025-06-26T05:00:00-04:00,1,213.23,213.36,5.0247,212.5082,212.6063,3.635,17.887,21.866,neutral,209.7543,0.2306,0.4833
AMZN,AMZN-177,2025-06-26T09:00:00-04:00,2025-06-26T11:00:00-04:00,2,212.95,215.85,5.0247,212.9889,212.8501,11.197,-7.628,-8.612,neutral,209.7543,0.2306,0.4833
AMZN,AMZN-178,2025-07-01T12:00:00-04:00,2025-07-03T11:00:00-04:00,31,219.9033,223.2959,5.1616,219.472,219.8019,-8.053,10.752,11.712,neutral,212.2973,0.7103,2.5431
AMZN,AMZN-179,2025-07-07T15:00:00-04:00,2025-07-08T11:00:00-04:00,12,223.48,220.31,4.8391,223.2976,222.7514,21.894,-0.142,1.832,neutral,214.5468,0.8863,2.2494
AMZN,AMZN-180,2025-07-09T13:00:00-04:00,2025-07-09T14:00:00-04:00,1,222.2004,222.51,4.6977,221.751,221.4675,25.463,-6.678,1.693,neutral_up,215.7208,0.3619,2.0604
AMZN,AMZN-181,2025-07-10T10:00:00-04:00,2025-07-10T19:00:00-04:00,9,221.28,223.73,4.7157,221.5626,221.6591,-17.518,4.084,-18.616,neutral,216.3335,0.6127,1.7867
AMZN,AMZN-182,2025-07-11T04:00:00-04:00,2025-07-11T11:00:00-04:00,7,221.72,225.75,4.5996,222.721,222.3666,12.895,-34.836,-26.961,neutral,216.8741,0.5406,1.5152
AMZN,AMZN-183,2025-07-14T09:00:00-04:00,2025-07-16T13:00:00-04:00,36,225.985,222.9844,4.5853,224.9641,224.4875,32.736,12.73,30.034,neutral_up,217.6119,0.7378,1.8911
AMZN,AMZN-184,2025-07-17T09:00:00-04:00,2025-07-18T16:00:00-04:00,23,223.535,225.88,4.235,223.6017,223.9882,-18.265,0.692,5.011,neutral,219.4385,0.3741,1.8266
AMZN,AMZN-185,2025-07-23T12:00:00-04:00,2025-07-23T19:00:00-04:00,7,228.07,229.9,4.0017,228.0819,228.0554,-0.933,1.539,-12.908,neutral,221.8019,0.5718,1.9496
AMZN,AMZN-186,2025-07-25T11:00:00-04:00,2025-07-28T17:00:00-04:00,22,232.3216,232.9112,4.1153,232.3194,231.8316,13.666,1.753,-29.349,neutral,223.2862,0.8963,2.0561
AMZN,AMZN-187,2025-07-29T04:00:00-04:00,2025-07-29T14:00:00-04:00,10,233.45,231.565,3.8368,233.0411,232.7996,21.148,10.268,10.955,neutral,224.8275,0.7983,2.4376
AMZN,AMZN-188,2025-07-30T12:00:00-04:00,2025-07-30T17:00:00-04:00,5,230.454,236.49,3.8777,230.763,231.2526,-41.453,5.482,-15.363,neutral_down,225.3895,0.562,2.1034
AMZN,AMZN-189,2025-07-31T16:00:00-04:00,2025-07-31T17:00:00-04:00,1,229.1,216.25,3.78,233.4017,233.787,-26.726,-23.527,-21.328,neutral_down,225.8323,0.4428,1.8031
AMZN,AMZN-190,2025-08-04T05:00:00-04:00,2025-08-04T15:00:00-04:00,10,218.19,211.72,5.1973,216.3878,218.4043,-15.032,11.982,36.163,neutral,225.5185,-1.0663,0.1289
AMZN,AMZN-191,2025-08-05T12:00:00-04:00,2025-08-06T11:00:00-04:00,15,214.9504,218.485,5.2561,214.0162,214.2028,10.478,5.633,6.231,neutral,224.2641,-1.2544,-1.5682
AMZN,AMZN-192,2025-08-07T15:00:00-04:00,2025-08-08T05:00:00-04:00,6,223.175,223.95,5.4722,222.467,221.285,29.726,9.159,-19.148,neutral_up,223.2243,-0.0894,-2.2942
AMZN,AMZN-193,2025-08-08T08:00:00-04:00,2025-08-11T17:00:00-04:00,25,223.59,221.09,5.467,223.5603,222.6696,37.084,-6.973,-7.444,neutral_up,223.2198,-0.0045,-1.0443
AMZN,AMZN-194,2025-08-12T09:00:00-04:00,2025-08-13T12:00:00-04:00,19,219.82,224.38,5.0303,221.2236,221.5572,-24.439,-32.466,-4.506,neutral_down,223.0078,-0.1638,-0.2164
AMZN,AMZN-195,2025-08-15T13:00:00-04:00,2025-08-19T11:00:00-04:00,30,230.8303,229.015,5.1447,231.0789,230.2299,18.572,-1.946,-31.393,neutral,223.733,0.7157,0.7251
AMZN,AMZN-196,2025-08-21T13:00:00-04:00,2025-08-21T16:00:00-04:00,3,221.52,221.95,5.0825,221.9095,223.1305,-52.244,8.572,11.626,neutral_down,225.1723,-0.1362,0.7732
AMZN,AMZN-197,2025-08-22T04:00:00-04:00,2025-08-22T11:00:00-04:00,7,222.6,226.8,4.9559,222.1326,222.6445,-10.304,8.678,17.609,neutral,224.8793,-0.2929,-0.158
AMZN,AMZN-198,2025-08-25T14:00:00-04:00,2025-08-27T07:00:00-04:00,25,228.455,228.82,5.1962,228.3181,227.4749,38.412,-3.878,-15.5,neutral_up,225.2394,0.3601,-0.0691
AMZN,AMZN-199,2025-08-27T08:00:00-04:00,2025-08-28T12:00:00-04:00,20,228.7496,231.84,4.8451,228.6334,228.3073,23.2,-3.228,-0.47,neutral,225.7749,0.2945,0.8955
AMZN,AMZN-200,2025-09-03T09:00:00-04:00,2025-09-04T04:00:00-04:00,11,226.3,229.15,4.7668,225.6271,225.8852,-0.016,12.204,5.375,neutral,226.6634,-0.1333,0.5908
AMZN,AMZN-201,2025-09-05T12:00:00-04:00,2025-09-05T16:00:00-04:00,4,233.64,232.46,4.9944,234.256,233.5366,7.003,-4.46,-47.654,neutral,227.4292,0.8261,0.6324
AMZN,AMZN-202,2025-09-09T11:00:00-04:00,2025-09-09T16:00:00-04:00,5,236.14,238.85,4.9535,236.1075,235.6065,25.823,-7.27,0.079,neutral_up,228.5998,0.726,1.9967
AMZN,AMZN-203,2025-09-09T18:00:00-04:00,2025-09-10T10:00:00-04:00,8,237.25,232.82,4.9535,237.546,236.7534,34.072,-17.952,-28.047,neutral_up,228.5998,0.726,1.9967
AMZN,AMZN-204,2025-09-11T13:00:00-04:00,2025-09-12T17:00:00-04:00,20,231.15,228.23,5.1736,231.3462,232.1157,-26.109,1.767,3.949,neutral_down,229.5548,0.0795,1.681
AMZN,AMZN-205,2025-09-15T04:00:00-04:00,2025-09-15T05:00:00-04:00,1,230.06,230.6,4.9277,228.7495,229.2761,-5.007,30.203,35.686,neutral,229.4546,-0.1366,-0.0207
AMZN,AMZN-206,2025-09-15T08:00:00-04:00,2025-09-15T09:00:00-04:00,1,230.42,231.73,4.9277,229.9868,229.7858,25.128,-9.513,8.241,neutral_up,229.4546,-0.1366,-0.0207
AMZN,AMZN-207,2025-09-16T08:00:00-04:00,2025-09-16T11:00:00-04:00,3,233.429,235.255,4.9787,232.5059,231.7594,47.201,3.601,14.541,neutral_up,229.636,0.1814,0.0812
AMZN,AMZN-208,2025-09-17T08:00:00-04:00,2025-09-17T10:00:00-04:00,2,233.2899,230.4786,4.9409,233.6882,233.4466,0.272,-5.273,-26.933,neutral,230.0345,0.3985,0.4433
AMZN,AMZN-209,2025-09-18T09:00:00-04:00,2025-09-22T10:00:00-04:00,33,230.108,230.0,4.9873,232.0343,232.2268,-23.853,-31.012,-41.263,neutral_down,230.1805,0.146,0.7259
AMZN,AMZN-210,2025-09-24T13:00:00-04:00,2025-09-24T14:00:00-04:00,1,220.41,220.44,5.0785,221.4463,222.7683,-57.031,3.403,-14.767,neutral_down,229.2876,-0.8548,-0.9865
AMZN,AMZN-211,2025-09-25T11:00:00-04:00,2025-09-25T18:00:00-04:00,7,220.26,218.55,5.0808,220.1812,220.9456,-27.658,11.22,8.661,neutral_down,228.4624,-0.8252,-1.9322
AMZN,AMZN-212,2025-09-26T08:00:00-04:00,2025-09-29T05:00:00-04:00,13,220.6,222.3,5.0178,219.1477,219.4389,8.548,22.35,28.944,neutral,227.5231,-0.9393,-2.6193
AMZN,AMZN-213,2025-09-29T08:00:00-04:00,2025-09-30T11:00:00-04:00,19,221.69,218.885,4.8759,221.4346,220.7409,34.533,-9.121,-11.607,neutral_up,226.821,-0.7021,-2.4666
AMZN,AMZN-214,2025-10-01T11:00:00-04:00,2025-10-01T14:00:00-04:00,3,220.7263,221.93,4.7338,219.2107,219.4263,13.596,21.717,55.459,neutral,225.7765,-0.6217,-1.7466
AMZN,AMZN-215,2025-10-01T15:00:00-04:00,2025-10-01T16:00:00-04:00,1,220.6,220.74,4.7338,220.3856,219.9944,31.507,-15.179,5.394,neutral_up,225.7765,-0.6217,-1.7466
AMZN,AMZN-216,2025-10-02T11:00:00-04:00,2025-10-03T05:00:00-04:00,10,221.43,223.91,4.7914,220.9138,220.6777,8.183,13.462,-25.618,neutral,225.3059,-0.4706,-1.5151
AMZN,AMZN-217,2025-10-06T14:00:00-04:00,2025-10-07T06:00:00-04:00,8,221.36,221.3,4.7348,220.4515,220.667,6.79,13.242,37.055,neutral,224.5379,-0.5048,-1.2386
AMZN,AMZN-218,2025-10-07T08:00:00-04:00,2025-10-08T07:00:00-04:00,15,221.5551,223.7,4.8038,221.1022,220.9357,20.054,4.878,13.055,neutral,224.2062,-0.3316,-1.0997
AMZN,AMZN-219,2025-10-08T08:00:00-04:00,2025-10-08T12:00:00-04:00,4,223.2,224.6457,4.6549,222.5708,221.9229,52.784,-8.6,14.801,neutral_up,223.9875,-0.2187,-1.0552
AMZN,AMZN-220,2025-10-09T08:00:00-04:00,2025-10-09T17:00:00-04:00,9,224.73,226.78,4.7181,224.6629,224.1342,17.106,-0.53,-1.286,neutral,224.0977,0.1102,-0.4401
AMZN,AMZN-221,2025-10-14T08:00:00-04:00,2025-10-14T17:00:00-04:00,9,216.93,216.798,5.3101,217.9822,218.9182,-41.985,3.11,-8.029,neutral_down,223.3437,-0.3344,-0.7541
AMZN,AMZN-222,2025-10-14T19:00:00-04:00,2025-10-16T05:00:00-04:00,18,217.0,216.23,5.3101,216.9924,217.6111,-16.054,3.126,7.406,neutral,223.3437,-0.3344,-0.7541
AMZN,AMZN-223,2025-10-16T09:00:00-04:00,2025-10-16T19:00:00-04:00,10,218.135,213.76,5.4302,216.4853,216.4491,22.888,23.73,26.842,neutral,222.0719,-0.6442,-1.6062
AMZN,AMZN-224,2025-10-17T14:00:00-04:00,2025-10-20T14:00:00-04:00,16,213.17,216.2,5.4551,213.0311,213.7593,-18.964,6.035,18.595,neutral,221.3826,-0.6893,-1.9611
AMZN,AMZN-225,2025-10-22T12:00:00-04:00,2025-10-22T13:00:00-04:00,1,218.351,216.98,5.3306,219.1828,219.1822,-11.102,-6.905,-4.521,neutral,220.4094,0.1621,-0.9732
AMZN,AMZN-226,2025-10-23T04:00:00-04:00,2025-10-23T14:00:00-04:00,10,219.31,220.5301,5.3434,218.4262,218.6154,2.435,15.723,19.049,neutral,220.1886,-0.2209,-0.4365
AMZN,AMZN-227,2025-10-23T16:00:00-04:00,2025-10-23T17:00:00-04:00,1,220.35,220.29,5.3434,220.2414,219.6805,27.117,-9.35,-4.584,neutral_up,220.1886,-0.2209,-0.4365
AMZN,AMZN-228,2025-10-23T18:00:00-04:00,2025-10-24T04:00:00-04:00,2,220.56,220.9,5.3434,220.3129,219.8108,21.126,0.05,-15.341,neutral,220.1886,-0.2209,-0.4365
AMZN,AMZN-229,2025-10-24T06:00:00-04:00,2025-10-24T10:00:00-04:00,4,220.51,223.145,5.1989,220.5726,220.1116,20.476,-7.366,-0.946,neutral,220.2705,0.0819,0.0231
AMZN,AMZN-230,2025-10-28T07:00:00-04:00,2025-10-30T14:00:00-04:00,39,228.7,225.0799,5.0664,227.9427,227.0893,47.652,4.87,13.87,neutral_up,221.2082,0.5777,1.0196
AMZN,AMZN-231,2025-11-03T09:00:00-05:00,2025-11-03T10:00:00-05:00,1,255.3802,255.12,6.8581,247.7801,245.6691,67.414,36.414,55.681,distribution,224.6664,1.9504,2.7281
AMZN,AMZN-232,2025-11-05T08:00:00-05:00,2025-11-05T13:00:00-05:00,5,249.02,249.8304,7.3547,248.9305,249.5086,-13.266,4.275,12.148,neutral,229.3477,2.0082,6.6317
AMZN,AMZN-233,2025-11-05T14:00:00-05:00,2025-11-06T11:00:00-05:00,13,249.07,242.36,7.3547,249.2538,249.4136,0.05,-6.368,8.268,neutral,229.3477,2.0082,6.6317
AMZN,AMZN-234,2025-11-07T14:00:00-05:00,2025-11-07T15:00:00-05:00,1,243.55,244.419,7.249,241.4699,242.8996,-20.121,31.746,54.955,neutral,232.3244,1.0766,4.985
AMZN,AMZN-235,2025-11-11T05:00:00-05:00,2025-11-12T07:00:00-05:00,18,247.95,250.5,7.1992,248.0565,247.3424,16.313,-1.131,-15.463,neutral,234.7854,1.3615,3.5375
AMZN,AMZN-236,2025-11-12T08:00:00-05:00,2025-11-12T11:00:00-05:00,3,251.4,244.795,6.865,250.0441,249.2135,53.666,8.598,10.736,neutral_up,236.0849,1.2995,3.7605
AMZN,AMZN-237,2025-11-14T14:00:00-05:00,2025-11-14T17:00:00-05:00,3,235.5747,235.25,6.9112,236.2968,237.6804,-30.348,-5.273,-7.789,neutral_down,236.8957,0.0694,2.1103
AMZN,AMZN-238,2025-11-17T04:00:00-05:00,2025-11-17T06:00:00-05:00,2,237.45,236.78,6.8347,235.9856,236.8186,-8.032,20.826,27.868,neutral,236.7006,-0.1951,0.6157
AMZN,AMZN-239,2025-11-17T07:00:00-05:00,2025-11-17T10:00:00-05:00,3,236.11,229.68,6.8347,236.2277,236.7414,-8.458,-5.578,-0.426,neutral,236.7006,-0.1951,0.6157
AMZN,AMZN-240,2025-11-19T11:00:00-05:00,2025-11-20T05:00:00-05:00,10,222.765,226.61,7.0077,222.7263,224.4715,-39.754,12.993,-1.468,neutral_down,235.0995,-1.252,-1.7962
AMZN,AMZN-241,2025-11-21T14:00:00-05:00,2025-11-21T19:00:00-05:00,5,220.92,221.44,7.1504,218.9855,219.4771,8.22,12.281,27.476,neutral,232.4422,-1.5292,-3.9093
AMZN,AMZN-242,2025-11-25T10:00:00-05:00,2025-11-25T12:00:00-05:00,2,227.6001,229.605,7.1074,226.6593,225.4687,43.799,2.12,-6.535,neutral_up,230.89,-0.482,-3.0814
AMZN,AMZN-243,2025-11-26T13:00:00-05:00,2025-11-28T11:00:00-05:00,14,229.56,232.67,7.0797,230.4597,229.6577,15.037,-17.526,-22.586,neutral,230.7709,-0.1191,-1.6713
AMZN,AMZN-244,2025-12-01T10:00:00-05:00,2025-12-01T11:00:00-05:00,1,234.275,234.16,6.6016,232.918,231.9962,49.539,1.969,38.087,neutral_up,230.8546,0.2365,-0.0354
AMZN,AMZN-245,2025-12-01T13:00:00-05:00,2025-12-01T16:00:00-05:00,3,235.005,234.4,6.6016,233.7043,232.6169,51.832,5.874,2.293,neutral_up,230.8546,0.2365,-0.0354
AMZN,AMZN-246,2025-12-02T09:00:00-05:00,2025-12-03T13:00:00-05:00,20,234.52,232.0163,6.3834,235.0771,234.2457,30.362,-23.526,-15.997,neutral_up,231.136,0.2814,0.3651
AMZN,AMZN-247,2025-12-05T13:00:00-05:00,2025-12-08T13:00:00-05:00,16,229.8,226.98,6.174,229.7865,230.0369,-9.753,2.212,-9.36,neutral,231.2974,-0.2197,0.1614
AMZN,AMZN-248,2025-12-09T12:00:00-05:00,2025-12-10T10:00:00-05:00,14,227.5799,230.605,5.8278,227.5095,227.7667,-1.54,-5.318,32.091,neutral,230.7614,-0.3771,-0.7557
AMZN,AMZN-249,2025-12-11T08:00:00-05:00,2025-12-12T11:00:00-05:00,19,230.34,226.32,5.5774,230.4178,230.1249,6.741,-0.949,5.842,neutral,230.6093,0.1081,-0.5292
AMZN,AMZN-250,2025-12-16T12:00:00-05:00,2025-12-17T06:00:00-05:00,10,222.02,226.2,5.477,222.7957,223.4821,-26.526,-12.376,-3.28,neutral_down,229.4851,-0.6945,-1.1242
AMZN,AMZN-251,2025-12-17T09:00:00-05:00,2025-12-17T11:00:00-05:00,2,224.2,223.621,5.2665,224.4536,223.9494,21.827,-16.25,-36.47,neutral,228.8528,-0.6323,-1.7257
AMZN,AMZN-252,2025-12-17T13:00:00-05:00,2025-12-17T14:00:00-05:00,1,223.14,222.6499,5.2665,223.8782,223.8084,-8.277,-6.547,-16.242,neutral,228.8528,-0.6323,-1.7257
AMZN,AMZN-253,2025-12-19T11:00:00-05:00,2025-12-23T11:00:00-05:00,32,227.805,231.4474,5.3899,227.2978,226.5855,27.802,6.09,-9.594,neutral_up,228.0335,-0.1273,-1.4516
AMZN,AMZN-254,2025-12-24T13:00:00-05:00,2025-12-31T18:00:00-05:00,64,232.38,230.85,5.0043,232.3259,231.6981,39.314,-4.476,-9.18,neutral_up,228.3879,0.3732,0.3544
AMZN,AMZN-255,2026-01-02T04:00:00-05:00,2026-01-02T05:00:00-05:00,1,233.0,233.3,4.1325,231.4952,231.603,13.42,44.425,47.413,neutral,229.756,0.1084,0.6643
AMZN,AMZN-256,2026-01-02T08:00:00-05:00,2026-01-02T10:00:00-05:00,2,232.66,225.7599,4.1325,232.2708,231.9938,31.211,-6.289,-8.119,neutral_up,229.756,0.1084,0.6643
AMZN,AMZN-257,2026-01-08T09:00:00-05:00,2026-01-08T11:00:00-05:00,2,244.09,245.19,5.2985,242.7651,241.9141,38.94,6.857,14.091,neutral_up,231.7749,0.98,2.3149
AMZN,AMZN-258,2026-01-09T10:00:00-05:00,2026-01-12T13:00:00-05:00,19,245.82,248.0436,5.2654,245.5064,244.9343,14.162,7.15,-14.314,neutral,233.0935,1.3186,3.3072
AMZN,AMZN-259,2026-01-12T14:00:00-05:00,2026-01-13T05:00:00-05:00,7,248.31,245.62,5.2908,247.5525,246.8614,38.225,1.078,3.303,neutral_up,234.3859,1.2924,3.5911
AMZN,AMZN-260,2026-01-13T07:00:00-05:00,2026-01-13T13:00:00-05:00,6,246.27,241.59,5.1257,246.1755,246.3477,-9.35,7.006,9.706,neutral,235.4799,1.094,3.7051
AMZN,AMZN-261,2026-01-15T10:00:00-05:00,2026-01-20T04:00:00-05:00,26,238.55,231.62,5.3675,237.9653,238.6117,-10.752,9.472,11.815,neutral,236.1778,0.0497,1.7919
AMZN,AMZN-262,2026-01-21T08:00:00-05:00,2026-01-21T13:00:00-05:00,5,230.31,228.1,5.449,230.86,232.2258,-46.702,4.176,-5.077,neutral_down,236.105,-0.4995,-0.0728
AMZN,AMZN-263,2026-01-21T14:00:00-05:00,2026-01-22T05:00:00-05:00,7,232.18,233.8,5.449,230.1586,231.2193,-19.219,35.028,23.824,neutral,236.105,-0.4995,-0.0728
AMZN,AMZN-264,2026-01-22T18:00:00-05:00,2026-01-22T19:00:00-05:00,1,235.25,235.32,5.4469,234.4536,233.6646,31.161,5.563,6.517,neutral_up,235.6727,-0.4323,-0.6862
AMZN,AMZN-265,2026-01-23T04:00:00-05:00,2026-01-23T11:00:00-05:00,7,234.85,240.05,5.4022,234.6715,233.9092,28.672,-5.37,3.073,neutral_up,235.547,-0.1257,-1.0575
AMZN,AMZN-266,2026-01-26T12:00:00-05:00,2026-01-27T13:00:00-05:00,17,239.01,243.525,5.4563,238.9825,238.2289,26.336,-7.317,0.586,neutral_up,235.8782,0.3312,-0.2268
AMZN,AMZN-267,2026-01-28T16:00:00-05:00,2026-01-29T05:00:00-05:00,5,243.61,241.21,5.4165,243.576,243.4131,-2.924,6.626,5.548,neutral,236.8872,0.7793,1.3402
AMZN,AMZN-268,2026-01-29T09:00:00-05:00,2026-01-29T10:00:00-05:00,1,239.09,237.15,5.4757,241.4255,242.2098,-33.297,-17.19,-10.418,neutral_down,237.4447,0.5575,1.5665
AMZN,AMZN-269,2026-01-29T14:00:00-05:00,2026-02-02T11:00:00-05:00,29,239.17,244.915,5.4757,239.6253,240.8616,-32.095,4.749,13.635,neutral_down,237.4447,0.5575,1.5665
AMZN,AMZN-270,2026-02-04T13:00:00-05:00,2026-02-04T15:00:00-05:00,2,232.93,232.99,6.0529,236.079,237.8497,-68.519,-8.576,-35.337,accumulation,238.434,0.0206,0.6043
AMZN,AMZN-271,2026-02-09T08:00:00-05:00,2026-02-11T11:00:00-05:00,35,209.0505,202.63,7.6927,209.5355,210.1915,-5.704,-5.892,-3.333,neutral,234.1415,-2.3831,-4.2925
AMZN,AMZN-272,2026-02-13T12:00:00-05:00,2026-02-18T04:00:00-05:00,24,200.2244,203.95,7.5085,199.3478,200.1053,-6.767,9.338,42.31,neutral,224.7253,-2.5185,-7.0996
AMZN,AMZN-273,2026-02-19T07:00:00-05:00,2026-02-20T10:00:00-05:00,19,204.15,210.9,7.0333,204.4991,204.0074,6.938,-3.095,-11.167,neutral,219.0107,-1.4341,-5.7146
AMZN,AMZN-274,2026-02-24T10:00:00-05:00,2026-02-24T11:00:00-05:00,1,207.81,209.155,6.8019,205.9621,206.0098,17.177,26.589,34.186,neutral,215.9706,-1.0711,-3.0401
AMZN,AMZN-275,2026-02-25T13:00:00-05:00,2026-02-26T12:00:00-05:00,15,209.635,205.75,6.8239,209.6243,208.9734,21.921,-1.775,-29.415,neutral,215.2969,-0.6737,-2.4319
AMZN,AMZN-276,2026-02-27T10:00:00-05:00,2026-02-27T19:00:00-05:00,9,208.6,209.23,6.4924,207.215,207.6106,-2.618,23.307,32.663,neutral,214.2422,-0.6332,-1.7284
AMZN,AMZN-277,2026-03-02T04:00:00-05:00,2026-03-02T05:00:00-05:00,1,205.18,205.2,6.395,208.355,208.2939,-18.746,-40.957,-53.391,neutral,213.8565,-0.3857,-1.4404
AMZN,AMZN-278,2026-03-02T08:00:00-05:00,2026-03-02T18:00:00-05:00,10,205.0819,207.75,6.395,206.468,207.305,-43.083,5.223,-5.508,neutral_down,213.8565,-0.3857,-1.4404
AMZN,AMZN-279,2026-03-03T04:00:00-05:00,2026-03-03T05:00:00-05:00,1,203.46,202.82,6.4054,206.9649,207.3906,-35.63,-33.526,-42.758,neutral_down,213.3423,-0.5142,-1.5331
AMZN,AMZN-280,2026-03-05T12:00:00-05:00,2026-03-06T15:00:00-05:00,19,217.84,213.105,6.5944,217.0489,215.439,44.513,-3.324,-13.839,neutral_up,213.2734,0.3477,-0.5831
AMZN,AMZN-281,2026-03-09T16:00:00-04:00,2026-03-09T17:00:00-04:00,1,213.53,213.08,6.4618,211.1805,211.754,11.584,14.684,45.295,neutral,213.7198,-0.0615,0.7941
AMZN,AMZN-282,2026-03-09T18:00:00-04:00,2026-03-10T05:00:00-04:00,3,212.7,214.79,6.4618,211.7883,211.9496,13.741,-1.486,16.841,neutral,213.7198,-0.0615,0.7941
AMZN,AMZN-283,2026-03-10T18:00:00-04:00,2026-03-11T19:00:00-04:00,17,214.39,210.72,6.4796,214.4703,213.9172,13.669,-3.747,-1.458,neutral,213.6925,-0.0273,0.4192
AMZN,AMZN-284,2026-03-12T09:00:00-04:00,2026-03-12T10:00:00-04:00,1,210.11,209.66,6.2041,211.5277,212.3009,-38.443,-11.876,-15.844,neutral_down,213.6495,-0.1019,-0.0703
AMZN,AMZN-285,2026-03-12T13:00:00-04:00,2026-03-12T18:00:00-04:00,5,209.65,209.9208,6.2041,210.5414,211.5267,-40.674,-1.193,5.607,neutral_down,213.6495,-0.1019,-0.0703
AMZN,AMZN-286,2026-03-12T19:00:00-04:00,2026-03-13T17:00:00-04:00,14,209.53,207.36,6.2041,209.8893,210.7055,-29.772,-1.659,4.132,neutral_down,213.6495,-0.1019,-0.0703
AMZN,AMZN-287,2026-03-16T09:00:00-04:00,2026-03-16T15:00:00-04:00,6,208.91,211.76,5.9566,208.5396,208.6559,9.261,-2.835,13.418,neutral,212.7682,-0.5058,-0.9832
AMZN,AMZN-288,2026-03-19T15:00:00-04:00,2026-03-23T04:00:00-04:00,21,208.81,202.73,5.811,208.155,209.2018,-27.274,18.1,26.594,neutral_down,212.6291,-0.2769,-0.1392
AMZN,AMZN-289,2026-03-23T07:00:00-04:00,2026-03-23T10:00:00-04:00,3,207.37,211.75,5.5842,205.3306,206.268,-25.372,43.183,22.265,neutral_down,211.6526,-0.6293,-1.2534
AMZN,AMZN-290,2026-03-24T11:00:00-04:00,2026-03-25T10:00:00-04:00,15,208.36,212.085,5.7168,208.9429,209.081,-16.981,3.031,-15.116,neutral,211.5124,-0.1402,-1.1167
AMZN,AMZN-291,2026-03-25T11:00:00-04:00,2026-03-25T12:00:00-04:00,1,210.9701,212.1173,5.5563,210.707,209.9052,34.589,-12.444,4.945,neutral_up,211.1276,-0.3848,-1.1543
AMZN,AMZN-292,2026-03-26T04:00:00-04:00,2026-03-26T15:00:00-04:00,11,210.01,207.53,5.573,210.8854,210.5961,-4.136,-11.428,-21.158,neutral,211.1801,0.0525,-0.4725
AMZN,AMZN-293,2026-04-01T16:00:00-04:00,2026-04-01T17:00:00-04:00,1,210.5,210.4626,5.9569,210.7981,209.5105,25.472,-5.578,-35.419,neutral_up,208.9274,-0.0637,-1.9209
AMZN,AMZN-294,2026-04-01T18:00:00-04:00,2026-04-01T19:00:00-04:00,1,209.99,209.8565,5.9569,210.5828,209.6328,14.976,-7.049,-16.074,neutral,208.9274,-0.0637,-1.9209
AMZN,AMZN-295,2026-04-02T04:00:00-04:00,2026-04-02T05:00:00-04:00,1,206.91,206.51,5.9164,209.732,209.4038,-20.871,-30.73,-42.896,neutral,209.0767,0.1493,-0.7235
AMZN,AMZN-296,2026-04-06T13:00:00-04:00,2026-04-06T15:00:00-04:00,2,211.47,212.79,6.0161,211.4571,210.5921,34.772,-12.091,-11.365,neutral_up,209.1407,0.0639,0.1495
AMZN,AMZN-297,2026-04-07T07:00:00-04:00,2026-04-07T18:00:00-04:00,11,212.0,219.48,5.8264,212.5459,211.9008,14.889,-12.186,-30.401,neutral,209.4724,0.3318,0.545
AMZN,AMZN-298,2026-04-09T06:00:00-04:00,2026-04-09T10:00:00-04:00,4,221.15,228.295,6.2285,220.6044,219.7735,20.289,10.431,-2.033,neutral,210.8991,1.0351,1.7584
AMZN,AMZN-299,2026-04-13T10:00:00-04:00,2026-04-13T18:00:00-04:00,8,237.53,239.75,6.6871,236.9554,235.9169,31.032,1.368,20.462,neutral_up,215.2758,2.3084,5.4118
AMZN,AMZN-300,2026-04-15T13:00:00-04:00,2026-04-17T04:00:00-04:00,23,248.3,250.2173,6.9278,248.3583,247.354,20.435,0.637,-10.27,neutral,220.3761,2.8654,7.4087
AMZN,AMZN-301,2026-04-22T09:00:00-04:00,2026-04-22T17:00:00-04:00,8,252.2734,254.83,6.51,252.2243,252.0968,6.029,-2.059,-1.052,neutral,231.3769,1.8573,6.016
AMZN,AMZN-302,2026-04-23T04:00:00-04:00,2026-04-23T07:00:00-04:00,3,253.57,255.19,6.4728,254.1104,253.4308,21.471,-17.857,-22.16,neutral,233.5554,2.1785,5.9118
AMZN,AMZN-303,2026-04-23T09:00:00-04:00,2026-04-23T10:00:00-04:00,1,255.27,257.57,6.4728,254.6575,253.957,34.506,-1.232,17.885,neutral_up,233.5554,2.1785,5.9118
AMZN,AMZN-304,2026-04-23T11:00:00-04:00,2026-04-23T12:00:00-04:00,1,256.74,256.59,6.4728,255.54,254.5086,51.869,-2.862,16.132,neutral_up,233.5554,2.1785,5.9118
AMZN,AMZN-305,2026-04-23T13:00:00-04:00,2026-04-24T10:00:00-04:00,13,254.64,259.67,6.4728,255.528,254.6926,23.219,-24.304,-31.512,neutral,233.5554,2.1785,5.9118
AMZN,AMZN-306,2026-04-27T12:00:00-04:00,2026-04-27T19:00:00-04:00,7,262.61,261.71,6.6306,262.7022,261.9137,7.78,4.503,-9.472,neutral,238.0925,2.5767,6.7156
AMZN,AMZN-307,2026-04-28T05:00:00-04:00,2026-04-28T06:00:00-04:00,1,260.5,260.0,6.4291,261.3464,261.52,-17.242,-6.113,-11.584,neutral,240.1823,2.0898,6.6269
AMZN,AMZN-308,2026-04-28T10:00:00-04:00,2026-04-29T11:00:00-04:00,17,260.075,263.475,6.4291,259.8276,260.5664,-23.534,14.356,27.573,neutral,240.1823,2.0898,6.6269
AMZN,AMZN-309,2026-04-29T12:00:00-04:00,2026-04-29T13:00:00-04:00,1,261.57,263.23,6.2877,261.5459,260.7852,34.264,-20.29,12.015,neutral_up,241.963,1.7807,6.4472
AMZN,AMZN-310,2026-04-29T16:00:00-04:00,2026-04-30T06:00:00-04:00,6,253.81,268.8,6.2877,260.7458,260.7559,-15.765,-53.587,-52.745,neutral,241.963,1.7807,6.4472
AMZN,AMZN-311,2026-04-30T09:00:00-04:00,2026-04-30T11:00:00-04:00,2,259.11,258.24,6.425,266.6053,264.9651,3.611,-39.8,-30.983,neutral,243.9,1.937,5.8075
AMZN,AMZN-312,2026-05-04T10:00:00-04:00,2026-05-05T04:00:00-04:00,10,273.45,273.25,7.4706,270.085,268.4621,47.885,11.956,29.103,neutral_up,247.8681,2.0472,5.9051
AMZN,AMZN-313,2026-05-05T08:00:00-04:00,2026-05-05T09:00:00-04:00,1,273.5113,276.18,7.4913,272.8874,271.5391,38.693,-1.812,-3.695,neutral_up,250.0665,2.1984,6.1665
AMZN,AMZN-314,2026-05-05T12:00:00-04:00,2026-05-07T16:00:00-04:00,36,273.17,270.86,7.4913,274.1727,272.7061,31.31,-23.941,-22.919,neutral_up,250.0665,2.1984,6.1665
AMZN,AMZN-315,2026-05-08T11:00:00-04:00,2026-05-11T16:00:00-04:00,21,272.64,268.75,7.2084,272.161,272.4622,-0.615,4.604,10.969,neutral,255.806,1.5444,5.7396
AMZN,AMZN-316,2026-05-13T08:00:00-04:00,2026-05-13T13:00:00-04:00,5,265.25,269.085,6.8167,266.0507,266.5796,-21.78,-7.53,-16.113,neutral,259.0725,0.6767,3.2665
AMZN,AMZN-317,2026-05-14T14:00:00-04:00,2026-05-14T18:00:00-04:00,4,267.44,267.1,6.867,268.4854,268.5543,-15.587,-10.877,-5.621,neutral,260.0759,1.0034,2.7396
AMZN,AMZN-318,2026-05-18T06:00:00-04:00,2026-05-18T16:00:00-04:00,10,262.39,264.8,6.6505,262.7501,263.641,-31.464,2.175,0.989,neutral_down,261.0438,0.3156,1.9712
AMZN,AMZN-319,2026-05-21T11:00:00-04:00,2026-05-21T16:00:00-04:00,5,265.64,268.362,6.8044,264.6446,263.911,21.306,10.876,-0.951,neutral,261.5565,0.3464,0.5127
AMZN,AMZN-320,2026-05-22T14:00:00-04:00,2026-05-26T12:00:00-04:00,14,267.58,263.03,6.8984,268.0779,267.5193,7.829,-6.422,-26.809,neutral,262.1827,0.6262,0.7866
AMZN,AMZN-321,2026-05-28T13:00:00-04:00,2026-05-28T19:00:00-04:00,6,272.325,272.91,6.7289,270.8906,270.2477,20.962,17.769,15.97,neutral,263.6313,0.8236,1.4485
AMZN,AMZN-322,2026-05-29T04:00:00-04:00,2026-05-29T07:00:00-04:00,3,270.94,272.0,6.7525,272.3241,271.555,10.178,-22.999,-35.809,neutral,264.5702,0.939,2.0123
AMZN,AMZN-323,2026-05-29T08:00:00-04:00,2026-06-01T08:00:00-04:00,16,271.5,268.7675,6.7525,271.8659,271.5425,2.223,-3.127,4.606,neutral,264.5702,0.939,2.0123
AMZN,AMZN-324,2026-06-02T19:00:00-04:00,2026-06-03T07:00:00-04:00,4,256.27,256.14,6.872,257.033,258.8257,-51.854,2.24,-1.985,neutral_down,264.7709,-0.3521,1.1396
AMZN,AMZN-325,2026-06-03T09:00:00-04:00,2026-06-03T10:00:00-04:00,1,255.39,251.77,6.8726,256.0539,257.4934,-47.316,3.206,2.292,neutral_down,264.0181,-0.7528,-0.5522
AMZN,AMZN-326,2026-06-05T05:00:00-04:00,2026-06-05T15:00:00-04:00,10,252.77,245.98,6.9594,253.3743,253.3627,-7.024,-7.392,-13.959,neutral,261.9469,-0.8032,-2.824
AMZN,AMZN-327,2026-06-08T18:00:00-04:00,2026-06-10T05:00:00-04:00,19,245.19,242.84,7.2194,245.5746,246.9178,-36.23,2.483,8.95,neutral_down,260.4953,-1.4515,-3.5227
AMZN,AMZN-328,2026-06-11T10:00:00-04:00,2026-06-11T18:00:00-04:00,8,235.85,242.11,7.2913,238.2473,239.432,-41.437,-16.548,-35.641,neutral_down,255.9396,-1.8,-4.5558
AMZN,AMZN-329,2026-06-16T10:00:00-04:00,2026-06-17T10:00:00-04:00,16,248.39,240.7699,7.5763,247.4017,246.146,34.49,9.63,-13.758,neutral_up,252.5054,-0.64,-3.4342
AMZN,AMZN-330,2026-06-18T13:00:00-04:00,2026-06-18T14:00:00-04:00,1,244.01,243.12,7.5232,241.5439,241.3536,32.978,8.202,54.628,neutral_up,250.6064,-1.3166,-2.539
AMZN,AMZN-331,2026-06-23T14:00:00-04:00,2026-06-24T05:00:00-04:00,7,234.3,233.45,7.9973,233.9493,234.5901,-2.563,-2.677,3.746,neutral,248.4714,-1.5681,-3.4517
AMZN,AMZN-332,2026-06-24T09:00:00-04:00,2026-06-24T10:00:00-04:00,1,237.215,241.0104,7.7739,234.3162,234.2649,22.564,33.325,37.055,neutral,247.1676,-1.3038,-3.4388
AMZN,AMZN-333,2026-06-26T11:00:00-04:00,2026-06-26T18:00:00-04:00,7,232.24,232.22,7.954,229.0133,229.3972,21.927,24.269,55.568,neutral,244.2828,-1.7123,-4.1885
AMZN,AMZN-334,2026-06-30T11:00:00-04:00,2026-07-01T17:00:00-04:00,22,239.82,241.89,8.7476,239.4217,238.7043,8.501,8.295,-5.193,neutral,242.7609,-0.2671,-3.2342
AMZN,AMZN-335,2026-07-02T09:00:00-04:00,,-1,241.96,,8.5466,242.0368,241.5511,6.7,0.912,-14.304,neutral,242.2899,-0.06,-0.7381
NVDA,NVDA-001,2024-07-15T08:00:00-04:00,2024-07-16T11:00:00-04:00,19,130.8599,126.66,5.435,130.3284,130.0934,15.393,2.068,9.943,neutral,125.3936,0.3776,1.6269
NVDA,NVDA-002,2024-07-16T12:00:00-04:00,2024-07-16T17:00:00-04:00,5,125.9658,126.0,5.3475,127.1212,127.9777,-46.976,-3.056,-10.584,neutral_down,125.6687,0.2751,0.8972
NVDA,NVDA-003,2024-07-18T08:00:00-04:00,2024-07-19T18:00:00-04:00,26,121.53,117.9,5.592,120.4226,120.9638,1.837,8.003,8.456,neutral,125.0113,-0.7161,-0.3823
NVDA,NVDA-004,2024-07-22T08:00:00-04:00,2024-07-22T10:00:00-04:00,2,120.51,122.09,5.5112,119.7038,119.6533,19.743,1.537,14.723,neutral,124.0506,-0.6061,-1.6769
NVDA,NVDA-005,2024-07-22T11:00:00-04:00,2024-07-22T12:00:00-04:00,1,121.23,122.4802,5.5112,120.7455,120.21,31.199,-9.717,11.455,neutral_up,124.0506,-0.6061,-1.6769
NVDA,NVDA-006,2024-07-23T09:00:00-04:00,2024-07-24T05:00:00-04:00,12,124.152,120.34,5.5518,123.2007,122.4477,34.633,9.183,13.496,neutral_up,124.0224,-0.0282,-0.989
NVDA,NVDA-007,2024-07-25T11:00:00-04:00,2024-07-30T07:00:00-04:00,44,114.84,111.66,5.601,113.95,115.4256,-22.309,14.831,34.516,neutral,123.0182,-0.8594,-1.0324
NVDA,NVDA-008,2024-07-30T08:00:00-04:00,2024-07-30T09:00:00-04:00,1,111.5597,108.1699,5.7828,111.5525,112.1454,-18.305,3.658,14.885,neutral,120.3503,-0.88,-2.6678
NVDA,NVDA-009,2024-08-02T14:00:00-04:00,2024-08-05T05:00:00-04:00,7,105.18,97.74,7.1359,105.7362,107.689,-27.006,-0.416,3.269,neutral_down,117.8372,-0.8497,-2.5132
NVDA,NVDA-010,2024-08-06T08:00:00-04:00,2024-08-06T11:00:00-04:00,3,102.35,105.2816,7.8666,102.3104,102.2108,5.141,-3.752,2.146,neutral,115.3977,-1.4798,-3.2892
NVDA,NVDA-011,2024-08-06T12:00:00-04:00,2024-08-07T15:00:00-04:00,19,107.145,98.75,7.8666,104.2485,103.2277,30.694,9.728,22.659,neutral_up,115.3977,-1.4798,-3.2892
NVDA,NVDA-012,2024-08-09T12:00:00-04:00,2024-08-12T12:00:00-04:00,16,104.3901,109.28,7.9799,104.9602,104.4979,-1.277,-0.504,-10.109,neutral,112.241,-0.7021,-3.1567
NVDA,NVDA-013,2024-08-14T12:00:00-04:00,2024-08-15T11:00:00-04:00,15,116.7,121.88,7.514,117.0246,115.6527,35.18,-14.204,-10.186,neutral_up,111.7746,0.4395,-0.4664
NVDA,NVDA-014,2024-08-16T12:00:00-04:00,2024-08-19T12:00:00-04:00,16,124.4342,127.35,7.1915,123.1753,122.0979,45.912,10.661,13.101,neutral_up,113.3018,0.964,1.9667
NVDA,NVDA-015,2024-08-20T14:00:00-04:00,2024-08-20T18:00:00-04:00,4,128.1047,126.4601,6.9242,128.1176,127.7803,1.022,6.848,-12.143,neutral,115.751,1.4239,3.4132
NVDA,NVDA-016,2024-08-21T09:00:00-04:00,2024-08-22T05:00:00-04:00,12,128.0,128.67,6.7225,127.1616,127.2079,11.203,10.407,28.567,neutral,116.7981,1.0472,3.4964
NVDA,NVDA-017,2024-08-22T08:00:00-04:00,2024-08-22T14:00:00-04:00,6,129.87,124.12,6.4344,129.0718,128.4441,44.271,-2.071,21.785,neutral_up,117.8574,1.0593,3.5304
NVDA,NVDA-018,2024-08-26T12:00:00-04:00,2024-08-26T15:00:00-04:00,3,126.985,126.46,6.4676,128.1119,128.1725,-25.505,-0.367,-44.517,neutral_down,119.3894,0.9891,2.5913
NVDA,NVDA-019,2024-08-27T10:00:00-04:00,2024-08-27T19:00:00-04:00,9,128.47,127.71,6.4978,126.8984,127.1063,5.462,26.503,27.286,neutral,120.0322,0.6428,2.1748
NVDA,NVDA-020,2024-08-28T09:00:00-04:00,2024-08-28T10:00:00-04:00,1,126.84,125.1,6.4137,128.1345,127.9997,-9.064,-26.491,-37.408,neutral,120.7875,0.7553,2.3871
NVDA,NVDA-021,2024-08-28T11:00:00-04:00,2024-08-28T12:00:00-04:00,1,125.5372,125.8899,6.4137,127.1295,127.5362,-46.113,-4.536,-63.54,neutral_down,120.7875,0.7553,2.3871
NVDA,NVDA-022,2024-08-28T16:00:00-04:00,2024-08-28T17:00:00-04:00,1,120.464,115.5,6.4137,124.9847,126.2737,-59.98,-25.011,-2.416,neutral_down,120.7875,0.7553,2.3871
NVDA,NVDA-023,2024-08-30T07:00:00-04:00,2024-09-03T09:00:00-04:00,18,118.64,112.91,6.5475,119.1294,120.1406,-21.738,-5.094,3.649,neutral,120.9031,-0.3273,0.8709
NVDA,NVDA-024,2024-09-04T13:00:00-04:00,2024-09-06T12:00:00-04:00,31,108.7106,102.01,6.8081,108.0412,109.2104,-11.165,3.021,13.746,neutral,119.6044,-1.1584,-1.626
NVDA,NVDA-025,2024-09-09T10:00:00-04:00,2024-09-09T11:00:00-04:00,1,103.8391,105.39,6.6511,104.0262,104.1206,7.582,-13.41,12.066,neutral,116.0464,-1.3236,-3.558
NVDA,NVDA-026,2024-09-09T13:00:00-04:00,2024-09-09T15:00:00-04:00,2,105.28,106.48,6.6511,104.7329,104.4589,20.332,-2.547,12.749,neutral,116.0464,-1.3236,-3.558
NVDA,NVDA-027,2024-09-10T09:00:00-04:00,2024-09-11T12:00:00-04:00,19,106.9919,112.075,6.4432,106.7439,106.0336,33.227,-8.991,10.437,neutral_up,115.1768,-0.8697,-3.2063
NVDA,NVDA-028,2024-09-12T19:00:00-04:00,2024-09-13T04:00:00-04:00,1,119.119,119.57,6.5486,118.8855,117.3917,43.823,0.697,-11.223,neutral_up,114.7374,0.2113,-1.309
NVDA,NVDA-029,2024-09-13T06:00:00-04:00,2024-09-16T13:00:00-04:00,23,119.24,116.89,6.4673,119.1072,117.8795,41.778,-2.959,-2.045,neutral_up,115.1413,0.4039,-0.0355
NVDA,NVDA-030,2024-09-17T06:00:00-04:00,2024-09-17T17:00:00-04:00,11,117.47,115.45,6.069,117.0409,117.2238,5.383,4.366,30.508,neutral,115.614,0.1156,0.8766
NVDA,NVDA-031,2024-09-18T12:00:00-04:00,2024-09-19T06:00:00-04:00,10,115.256,116.98,5.9191,115.2649,115.7348,-29.168,13.344,-17.988,neutral_down,115.6114,-0.0026,0.4701
NVDA,NVDA-032,2024-09-20T08:00:00-04:00,2024-09-20T13:00:00-04:00,5,117.48,116.0,5.8587,117.3877,117.2719,-1.259,8.543,3.837,neutral,115.6316,0.2348,0.0175
NVDA,NVDA-033,2024-09-20T18:00:00-04:00,2024-09-24T12:00:00-04:00,26,116.14,120.8601,5.8587,116.2905,116.6306,-21.282,2.318,4.407,neutral,115.6316,0.2348,0.0175
NVDA,NVDA-034,2024-09-26T12:00:00-04:00,2024-09-26T16:00:00-04:00,4,123.21,123.78,5.3824,124.6626,124.0321,-0.572,-18.941,-85.211,neutral,116.8668,0.6693,1.1954
NVDA,NVDA-035,2024-09-27T15:00:00-04:00,2024-09-27T16:00:00-04:00,1,121.4,120.98,5.4168,121.4862,122.3346,-39.294,15.709,12.246,neutral_down,117.5143,0.6476,1.7921
NVDA,NVDA-036,2024-09-30T13:00:00-04:00,2024-10-01T05:00:00-04:00,8,120.45,121.59,5.3706,120.0918,120.5644,-4.976,2.022,23.074,neutral,117.8676,0.3532,1.6701
NVDA,NVDA-037,2024-10-01T10:00:00-04:00,2024-10-01T11:00:00-04:00,1,118.27,117.045,5.2263,120.6631,120.8326,-33.178,-34.098,-60.88,neutral_down,118.1969,0.3293,1.3301
NVDA,NVDA-038,2024-10-02T13:00:00-04:00,2024-10-02T16:00:00-04:00,3,118.5699,120.58,5.3276,117.6998,117.834,13.017,5.23,18.384,neutral,118.0835,-0.1134,0.5692
NVDA,NVDA-039,2024-10-04T09:00:00-04:00,2024-10-04T19:00:00-04:00,10,122.97,124.44,5.2692,123.2452,122.3712,36.492,-21.031,2.083,neutral_up,118.5784,0.4262,0.3816
NVDA,NVDA-040,2024-10-07T04:00:00-04:00,2024-10-07T11:00:00-04:00,7,124.04,129.1713,5.1222,124.3063,123.6883,22.673,-9.992,-15.507,neutral,119.1522,0.5738,1.0687
NVDA,NVDA-041,2024-10-09T12:00:00-04:00,2024-10-10T05:00:00-04:00,9,132.1798,131.95,5.2044,133.022,132.3371,7.791,-11.906,-28.079,neutral,121.1195,1.182,2.5411
NVDA,NVDA-042,2024-10-10T08:00:00-04:00,2024-10-10T15:00:00-04:00,7,131.57,134.8,5.0569,132.1264,132.1781,-8.436,-12.126,1.635,neutral,122.1641,1.0446,3.0119
NVDA,NVDA-043,2024-10-11T11:00:00-04:00,2024-10-14T09:00:00-04:00,14,135.035,139.3973,4.9814,134.6324,134.1927,26.499,4.652,3.291,neutral_up,123.3128,1.1487,3.3754
NVDA,NVDA-044,2024-10-15T09:00:00-04:00,2024-10-15T11:00:00-04:00,2,135.51,130.5799,4.7822,136.7698,136.7963,-19.68,-16.936,-5.321,neutral,125.606,1.2534,3.4419
NVDA,NVDA-045,2024-10-18T07:00:00-04:00,2024-10-21T11:00:00-04:00,20,138.2,141.28,5.1386,138.0951,137.7623,11.876,0.036,2.72,neutral,127.9207,0.8999,2.3147
NVDA,NVDA-046,2024-10-22T13:00:00-04:00,2024-10-23T12:00:00-04:00,15,143.825,139.1808,4.9714,143.33,142.5502,26.118,7.088,-5.939,neutral_up,130.1865,1.3514,3.1658
NVDA,NVDA-047,2024-10-24T10:00:00-04:00,2024-10-25T10:00:00-04:00,16,139.3115,143.4196,4.8981,140.4031,140.7687,-23.293,-14.858,-28.287,neutral,132.1456,0.7424,3.3105
NVDA,NVDA-048,2024-10-28T09:00:00-04:00,2024-10-28T12:00:00-04:00,3,141.3284,140.56,4.6815,142.3586,142.0146,7.751,-28.209,-26.901,neutral,133.6755,0.7795,2.2723
NVDA,NVDA-049,2024-10-28T13:00:00-04:00,2024-10-28T14:00:00-04:00,1,141.385,140.99,4.6815,141.5109,141.6637,-18.892,10.403,-13.644,neutral,133.6755,0.7795,2.2723
NVDA,NVDA-050,2024-10-28T15:00:00-04:00,2024-10-28T17:00:00-04:00,2,140.62,140.43,4.6815,141.2494,141.5132,-23.387,-4.406,5.908,neutral,133.6755,0.7795,2.2723
NVDA,NVDA-051,2024-10-29T11:00:00-04:00,2024-10-30T19:00:00-04:00,24,141.69,137.85,4.5678,140.6463,140.7865,12.285,18.417,45.775,neutral,134.3068,0.6313,2.1612
NVDA,NVDA-052,2024-10-31T08:00:00-04:00,2024-10-31T09:00:00-04:00,1,137.58,132.9808,4.4807,138.0206,138.8077,-37.57,2.3,19.572,neutral_down,135.3525,0.4118,1.677
NVDA,NVDA-053,2024-11-01T13:00:00-04:00,2024-11-01T14:00:00-04:00,1,135.3709,135.5697,4.6863,135.5427,135.536,4.357,-8.383,-11.194,neutral,135.0995,-0.253,0.7927
NVDA,NVDA-054,2024-11-04T13:00:00-05:00,2024-11-04T14:00:00-05:00,1,138.13,137.78,4.6901,137.8353,137.3501,16.181,2.958,1.425,neutral,135.1296,0.03,0.1888
NVDA,NVDA-055,2024-11-04T15:00:00-05:00,2024-11-04T17:00:00-05:00,2,136.08,136.0,4.6901,137.4754,137.2702,-8.178,-21.244,-21.401,neutral,135.1296,0.03,0.1888
NVDA,NVDA-056,2024-11-05T04:00:00-05:00,2024-11-05T11:00:00-05:00,7,137.1,140.365,4.6073,136.6226,136.85,-12.524,19.207,9.368,neutral,135.216,0.0864,-0.1365
NVDA,NVDA-057,2024-11-08T10:00:00-05:00,2024-11-11T15:00:00-05:00,21,147.29,145.28,4.6259,148.2626,147.673,8.434,-18.26,-34.658,neutral,137.6716,1.1218,2.4556
NVDA,NVDA-058,2024-11-13T10:00:00-05:00,2024-11-15T09:00:00-05:00,31,147.1897,143.81,4.5823,148.0362,147.7155,1.294,-15.678,-19.054,neutral,140.0132,0.8377,2.3416
NVDA,NVDA-059,2024-11-18T13:00:00-05:00,2024-11-18T18:00:00-05:00,5,140.355,140.52,4.5889,139.8721,141.035,-22.385,9.314,21.662,neutral,141.2326,0.0738,1.2194
NVDA,NVDA-060,2024-11-19T04:00:00-05:00,2024-11-19T05:00:00-05:00,1,141.31,141.48,4.6054,140.5121,140.8229,2.872,8.588,11.594,neutral,141.1387,-0.0939,0.544
NVDA,NVDA-061,2024-11-19T08:00:00-05:00,2024-11-19T11:00:00-05:00,3,140.24,143.4,4.6054,140.9757,140.9928,1.541,-19.581,-7.212,neutral,141.1387,-0.0939,0.544
NVDA,NVDA-062,2024-11-20T13:00:00-05:00,2024-11-21T05:00:00-05:00,8,144.4199,141.83,4.7715,145.6513,145.3202,-9.819,-8.164,-21.161,neutral,141.6716,0.5328,0.5127
NVDA,NVDA-063,2024-11-21T07:00:00-05:00,2024-11-22T14:00:00-05:00,23,144.43,142.09,4.7757,143.5905,144.1754,-9.198,13.213,27.754,neutral,142.0587,0.3871,0.8261
NVDA,NVDA-064,2024-11-26T12:00:00-05:00,2024-11-27T11:00:00-05:00,15,136.995,132.3138,5.4214,136.9547,137.7168,-18.995,2.639,-2.438,neutral,141.8304,-0.589,-0.2283
NVDA,NVDA-065,2024-12-02T09:00:00-05:00,2024-12-03T06:00:00-05:00,13,139.82,138.6,5.2059,137.8881,137.3088,41.88,26.547,43.438,neutral_up,140.5985,-0.2349,-1.2319
NVDA,NVDA-066,2024-12-03T08:00:00-05:00,2024-12-03T18:00:00-05:00,10,138.68,140.7,5.0215,138.5441,138.2598,17.55,-1.175,8.105,neutral,140.4196,-0.179,-0.9571
NVDA,NVDA-067,2024-12-05T14:00:00-05:00,2024-12-06T12:00:00-05:00,14,145.1812,142.425,4.8973,145.1231,144.3672,30.703,-3.014,-28.629,neutral_up,140.8347,0.4305,0.2362
NVDA,NVDA-068,2024-12-10T08:00:00-05:00,2024-12-10T14:00:00-05:00,6,138.74,134.7,4.7481,138.3441,139.1226,-22.886,10.967,35.867,neutral,141.0932,-0.2288,0.2585
NVDA,NVDA-069,2024-12-12T10:00:00-05:00,2024-12-12T11:00:00-05:00,1,137.07,136.245,4.9902,138.0005,138.0872,-24.81,-4.358,-38.391,neutral_down,140.4296,-0.117,-0.8924
NVDA,NVDA-070,2024-12-12T12:00:00-05:00,2024-12-13T11:00:00-05:00,15,137.9099,133.526,4.9902,137.7015,137.9189,-18.23,17.985,2.222,neutral,140.4296,-0.117,-0.8924
NVDA,NVDA-071,2024-12-16T14:00:00-05:00,2024-12-16T17:00:00-05:00,3,131.91,131.4,5.0366,132.2572,133.529,-50.975,11.813,12.095,neutral_down,139.6065,-0.5386,-0.9401
NVDA,NVDA-072,2024-12-17T13:00:00-05:00,2024-12-18T05:00:00-05:00,8,129.7409,134.17,4.9611,129.8524,130.7768,-22.078,-0.317,40.435,neutral,138.9122,-0.6942,-1.5174
NVDA,NVDA-073,2024-12-19T15:00:00-05:00,2024-12-20T06:00:00-05:00,7,130.65,127.22,5.2181,131.7799,131.947,-11.462,-11.365,-16.742,neutral,137.3017,-0.8322,-2.3048
NVDA,NVDA-074,2024-12-20T10:00:00-05:00,2024-12-20T11:00:00-05:00,1,132.9453,134.3523,5.206,130.008,130.436,11.333,31.895,71.562,neutral,136.697,-0.6047,-2.2153
NVDA,NVDA-075,2024-12-24T13:00:00-05:00,2024-12-27T10:00:00-05:00,24,140.22,135.9601,5.3014,140.2725,139.17,36.124,-7.698,-31.913,neutral_up,136.8236,0.2836,-0.4781
NVDA,NVDA-076,2024-12-30T10:00:00-05:00,2024-12-30T13:00:00-05:00,3,138.19,139.4809,5.0232,136.4984,136.9315,-0.736,32.02,53.899,neutral,137.3608,-0.0241,0.5372
NVDA,NVDA-077,2025-01-02T12:00:00-05:00,2025-01-02T16:00:00-05:00,4,136.19,138.3,5.0486,136.7044,136.4335,15.933,-20.981,-2.375,neutral,137.0841,-0.2794,-0.3008
NVDA,NVDA-078,2025-01-07T09:00:00-05:00,2025-01-07T10:00:00-05:00,1,146.26,142.695,5.3044,150.6236,149.5022,9.738,-58.475,-61.695,neutral,138.9239,1.0586,1.8398
NVDA,NVDA-079,2025-01-08T13:00:00-05:00,2025-01-10T05:00:00-05:00,8,140.025,138.77,5.8626,140.9342,142.4251,-41.081,2.722,-8.158,neutral_down,139.0326,0.1087,1.8398
NVDA,NVDA-080,2025-01-10T08:00:00-05:00,2025-01-10T09:00:00-05:00,1,136.4894,135.38,5.9003,138.3995,139.8333,-50.37,-11.233,-8.623,neutral_down,139.126,0.0934,1.2608
NVDA,NVDA-081,2025-01-10T10:00:00-05:00,2025-01-10T11:00:00-05:00,1,135.62,135.08,5.9003,137.3605,139.0822,-56.365,3.83,-17.229,neutral_down,139.126,0.0934,1.2608
NVDA,NVDA-082,2025-01-10T13:00:00-05:00,2025-01-10T16:00:00-05:00,3,137.06,135.9999,5.9003,136.8954,138.397,-32.812,10.541,23.554,neutral_down,139.126,0.0934,1.2608
NVDA,NVDA-083,2025-01-14T10:00:00-05:00,2025-01-14T11:00:00-05:00,1,130.86,130.5448,5.9284,133.9598,134.2332,-32.51,-33.024,-52.205,neutral_down,138.321,-0.5081,-0.7116
NVDA,NVDA-084,2025-01-16T12:00:00-05:00,2025-01-16T17:00:00-05:00,5,135.015,133.75,5.9002,136.4518,135.9383,-6.519,-11.688,-45.689,neutral,137.5925,-0.1402,-1.2366
NVDA,NVDA-085,2025-01-21T12:00:00-05:00,2025-01-21T13:00:00-05:00,1,140.91,141.2502,5.7884,139.1613,138.2034,59.29,18.334,10.518,neutral_up,137.2744,0.0476,-0.4584
NVDA,NVDA-086,2025-01-23T08:00:00-05:00,2025-01-23T16:00:00-05:00,8,144.7,146.85,5.8026,145.033,144.7366,-4.226,3.206,0.765,neutral,138.4551,0.8575,1.2283
NVDA,NVDA-087,2025-01-23T19:00:00-05:00,2025-01-24T05:00:00-05:00,2,146.41,146.9,5.8026,146.3408,145.7909,25.043,-4.858,-12.961,neutral_up,138.4551,0.8575,1.2283
NVDA,NVDA-088,2025-01-24T06:00:00-05:00,2025-01-24T07:00:00-05:00,1,146.1,146.63,5.6388,146.4832,146.0113,16.875,-14.008,-8.168,neutral,139.251,0.7959,1.9766
NVDA,NVDA-089,2025-01-24T08:00:00-05:00,2025-01-24T13:00:00-05:00,5,146.18,142.3,5.6388,146.446,146.0777,10.486,-7.233,-20.397,neutral,139.251,0.7959,1.9766
NVDA,NVDA-090,2025-01-28T09:00:00-05:00,2025-01-28T15:00:00-05:00,6,119.73,128.9801,7.1823,121.7841,124.5844,-41.927,-6.265,-12.731,neutral_down,137.6423,-1.9132,-0.8128
NVDA,NVDA-091,2025-01-29T16:00:00-05:00,2025-01-29T17:00:00-05:00,1,126.0,125.07,7.58,124.1509,124.8866,-6.473,20.632,39.225,neutral,136.8548,-0.7875,-2.3962
NVDA,NVDA-092,2025-01-30T09:00:00-05:00,2025-01-31T10:00:00-05:00,17,122.165,126.8,7.6764,123.0454,123.7805,-17.84,-5.198,0.789,neutral,135.6689,-1.1859,-3.8866
NVDA,NVDA-093,2025-01-31T15:00:00-05:00,2025-01-31T16:00:00-05:00,1,120.0,120.07,7.621,123.2277,123.4162,-31.669,-23.78,-65.902,neutral_down,134.6908,-0.9781,-2.9514
NVDA,NVDA-094,2025-02-03T18:00:00-05:00,2025-02-05T11:00:00-05:00,25,118.87,124.05,7.6952,117.7114,118.3763,0.398,7.559,23.428,neutral,133.3553,-1.3355,-3.4995
NVDA,NVDA-095,2025-02-07T06:00:00-05:00,2025-02-10T10:00:00-05:00,20,128.31,133.975,7.0912,127.8418,126.7957,33.441,4.378,-9.981,neutral_up,129.9948,-0.131,-1.8428
NVDA,NVDA-096,2025-02-11T11:00:00-05:00,2025-02-12T17:00:00-05:00,22,132.85,130.64,6.8369,132.9701,132.449,19.429,-8.931,13.567,neutral,130.304,0.3206,0.1783
NVDA,NVDA-097,2025-02-13T08:00:00-05:00,2025-02-13T10:00:00-05:00,2,131.49,136.13,6.3953,131.0965,131.4271,-9.229,11.365,10.98,neutral,130.5866,0.0493,0.6032
NVDA,NVDA-098,2025-02-14T12:00:00-05:00,2025-02-14T15:00:00-05:00,3,137.37,138.8,6.3256,136.3903,135.3234,50.332,2.013,1.35,neutral_up,131.0106,0.4239,0.7065
NVDA,NVDA-099,2025-02-18T16:00:00-05:00,2025-02-21T06:00:00-05:00,38,138.66,139.81,6.1595,139.7121,139.1166,2.706,-14.3,-29.655,neutral,131.7187,0.7081,1.1814
NVDA,NVDA-100,2025-02-21T09:00:00-05:00,2025-02-21T14:00:00-05:00,5,139.95,135.1099,5.8223,140.0101,139.7607,15.319,-8.91,4.59,neutral,133.6819,0.6438,1.9632
NVDA,NVDA-101,2025-02-25T16:00:00-05:00,2025-02-26T12:00:00-05:00,12,127.46,131.6701,6.1209,128.056,129.7134,-37.106,4.277,-1.76,neutral_down,133.404,-0.3314,0.3659
NVDA,NVDA-102,2025-02-26T13:00:00-05:00,2025-02-27T13:00:00-05:00,16,129.42,126.11,6.0952,130.4525,130.1218,8.716,-21.232,-18.989,neutral,132.7863,-0.6176,-0.8956
NVDA,NVDA-103,2025-02-28T13:00:00-05:00,2025-03-03T06:00:00-05:00,9,119.745,123.97,6.7992,120.43,122.4055,-31.604,1.144,1.367,neutral_down,131.5202,-1.151,-1.8838
NVDA,NVDA-104,2025-03-03T09:00:00-05:00,2025-03-03T10:00:00-05:00,1,119.0,118.6178,6.9343,122.8509,123.1333,-22.94,-30.031,-30.647,neutral,130.932,-0.5882,-1.8543
NVDA,NVDA-105,2025-03-04T13:00:00-05:00,2025-03-04T19:00:00-05:00,6,117.275,117.96,7.3511,114.4415,115.5429,3.548,15.935,46.686,neutral,129.3936,-1.5384,-3.2776
NVDA,NVDA-106,2025-03-05T13:00:00-05:00,2025-03-06T13:00:00-05:00,16,117.33,111.54,7.4832,116.8751,116.7571,5.5,3.016,15.664,neutral,128.1724,-1.2212,-3.3478
NVDA,NVDA-107,2025-03-07T07:00:00-05:00,2025-03-10T12:00:00-04:00,21,111.39,107.607,7.208,111.9128,112.8134,-23.832,-5.385,2.055,neutral_down,125.6745,-1.5095,-3.7191
NVDA,NVDA-108,2025-03-11T08:00:00-04:00,2025-03-12T07:00:00-04:00,15,106.95,111.34,7.1262,107.3372,108.0278,-13.013,-5.723,-4.096,neutral,122.908,-1.5888,-4.2759
NVDA,NVDA-109,2025-03-12T08:00:00-04:00,2025-03-12T09:00:00-04:00,1,113.72,115.39,7.1505,110.7875,109.7395,49.509,17.807,27.482,neutral_up,121.611,-1.2971,-4.0636
NVDA,NVDA-110,2025-03-13T09:00:00-04:00,2025-03-14T10:00:00-04:00,17,114.41,120.25,7.2198,115.6395,114.5661,16.472,-19.202,-27.237,neutral,121.0772,-0.5337,-3.4196
NVDA,NVDA-111,2025-03-17T11:00:00-04:00,2025-03-17T16:00:00-04:00,5,119.3054,119.65,6.9292,121.0623,120.5388,-12.009,-15.968,-79.345,neutral,120.6694,0.0801,-0.9416
NVDA,NVDA-112,2025-03-18T13:00:00-04:00,2025-03-18T15:00:00-04:00,2,116.875,115.58,6.7814,117.7264,118.6534,-35.209,-1.21,27.214,neutral_down,120.5612,-0.1081,-0.516
NVDA,NVDA-113,2025-03-19T10:00:00-04:00,2025-03-19T19:00:00-04:00,9,116.4261,118.79,6.6499,116.4956,116.9357,-8.141,-3.34,3.389,neutral,120.1084,-0.4528,-0.4809
NVDA,NVDA-114,2025-03-20T06:00:00-04:00,2025-03-24T07:00:00-04:00,33,117.03,119.88,6.5224,117.981,117.7495,0.39,-18.003,-21.941,neutral,119.8731,-0.2353,-0.7963
NVDA,NVDA-115,2025-03-24T08:00:00-04:00,2025-03-24T09:00:00-04:00,1,120.0101,120.035,6.0888,118.9268,118.3284,49.595,1.165,18.129,neutral_up,119.5533,-0.1918,-0.5551
NVDA,NVDA-116,2025-03-25T08:00:00-04:00,2025-03-26T09:00:00-04:00,17,120.5603,116.325,5.9814,120.7426,120.3842,10.217,-3.783,-2.772,neutral,119.7057,0.1524,-0.1674
NVDA,NVDA-117,2025-03-27T13:00:00-04:00,2025-03-28T13:00:00-04:00,16,111.904,109.89,5.8814,112.4812,113.6796,-45.468,0.135,-12.225,neutral_down,119.2364,-0.5546,-0.3168
NVDA,NVDA-118,2025-03-28T15:00:00-04:00,2025-03-28T18:00:00-04:00,3,109.63,109.07,5.732,110.2905,111.1852,-42.229,-3.142,13.996,neutral_down,118.5268,-0.7097,-1.1789
NVDA,NVDA-119,2025-04-01T14:00:00-04:00,2025-04-02T19:00:00-04:00,21,108.15,104.15,5.6216,108.4899,108.2834,3.941,-6.975,-10.575,neutral,116.9045,-0.8135,-2.3319
NVDA,NVDA-120,2025-04-03T04:00:00-04:00,2025-04-03T05:00:00-04:00,1,107.0,105.7,5.4653,107.0508,107.973,-35.267,19.427,-3.28,neutral_down,115.7501,-0.544,-1.9679
NVDA,NVDA-121,2025-04-04T04:00:00-04:00,2025-04-04T06:00:00-04:00,2,102.3,97.77,5.6971,102.7742,104.057,-35.668,0.929,2.477,neutral_down,114.4805,-1.2696,-2.424
NVDA,NVDA-122,2025-04-04T09:00:00-04:00,2025-04-04T10:00:00-04:00,1,97.635,94.18,5.6971,99.8068,101.96,-62.468,4.018,5.058,accumulation,114.4805,-1.2696,-2.424
NVDA,NVDA-123,2025-04-07T09:00:00-04:00,2025-04-07T18:00:00-04:00,9,93.9,99.21,5.9812,92.0017,94.3567,-29.774,25.391,35.22,neutral_down,112.6441,-1.8364,-3.65
NVDA,NVDA-124,2025-04-08T13:00:00-04:00,2025-04-08T18:00:00-04:00,5,100.3398,94.83,6.6347,101.0673,99.6381,15.835,-7.356,-37.849,neutral,111.2865,-1.3576,-4.4636
NVDA,NVDA-125,2025-04-09T04:00:00-04:00,2025-04-09T05:00:00-04:00,1,99.39,98.8,6.9743,97.4378,98.1014,-16.614,31.112,8.069,neutral,109.9613,-1.3251,-4.5192
NVDA,NVDA-126,2025-04-09T08:00:00-04:00,2025-04-09T11:00:00-04:00,3,97.8009,98.56,6.9743,97.4742,97.9328,-7.627,6.226,-2.995,neutral,109.9613,-1.3251,-4.5192
NVDA,NVDA-127,2025-04-09T12:00:00-04:00,2025-04-09T13:00:00-04:00,1,100.6692,110.1284,6.9743,98.5706,98.353,14.087,11.025,8.958,neutral,109.9613,-1.3251,-4.5192
NVDA,NVDA-128,2025-04-10T17:00:00-04:00,2025-04-10T18:00:00-04:00,1,107.19,107.8,7.7898,107.8613,107.4208,-0.318,-2.358,-3.854,neutral,110.3512,0.3899,-2.2929
NVDA,NVDA-129,2025-04-11T04:00:00-04:00,2025-04-14T06:00:00-04:00,18,107.32,113.25,8.0362,107.4874,107.3434,-3.066,2.776,-2.748,neutral,110.1102,-0.241,-1.1763
NVDA,NVDA-130,2025-04-14T08:00:00-04:00,2025-04-14T19:00:00-04:00,11,114.61,109.3697,7.7529,112.7051,111.104,57.211,0.906,11.625,neutral_up,110.1629,0.0527,0.2016
NVDA,NVDA-131,2025-04-15T04:00:00-04:00,2025-04-15T05:00:00-04:00,1,111.05,110.95,7.572,110.5104,110.6608,-6.317,14.151,1.743,neutral,110.2117,0.0488,-0.1395
NVDA,NVDA-132,2025-04-15T09:00:00-04:00,2025-04-15T18:00:00-04:00,9,111.73,105.84,7.572,110.8485,110.78,9.201,11.327,7.447,neutral,110.2117,0.0488,-0.1395
NVDA,NVDA-133,2025-04-17T05:00:00-04:00,2025-04-17T12:00:00-04:00,7,105.64,101.5515,7.5676,104.3479,105.2084,-3.582,12.141,30.243,neutral,109.8485,-0.5349,-0.3144
NVDA,NVDA-134,2025-04-24T05:00:00-04:00,2025-04-24T12:00:00-04:00,7,101.9,106.155,6.8963,102.3654,102.2142,-11.47,3.069,-18.97,neutral,106.7211,-0.4186,-2.3612
NVDA,NVDA-135,2025-04-29T08:00:00-04:00,2025-04-30T07:00:00-04:00,15,108.09,106.68,6.5316,108.2483,108.3226,-6.415,-1.824,-14.662,neutral,107.2203,0.142,0.4991
NVDA,NVDA-136,2025-05-01T19:00:00-04:00,2025-05-02T12:00:00-04:00,9,111.0999,114.425,6.1606,111.8404,111.6154,-10.822,-1.666,-17.91,neutral,107.5021,0.1273,0.4238
NVDA,NVDA-137,2025-05-05T08:00:00-04:00,2025-05-07T07:00:00-04:00,31,113.0,114.11,5.9973,113.3467,113.3261,-12.983,1.1,-5.539,neutral,108.4611,0.5929,1.0864
NVDA,NVDA-138,2025-05-07T09:00:00-04:00,2025-05-07T10:00:00-04:00,1,113.26,113.1803,5.584,113.7002,113.5052,2.869,-11.327,-16.848,neutral,109.3567,0.4093,1.4885
NVDA,NVDA-139,2025-05-07T11:00:00-04:00,2025-05-07T17:00:00-04:00,6,114.01,116.29,5.584,113.679,113.5243,6.442,10.196,-7.754,neutral,109.3567,0.4093,1.4885
NVDA,NVDA-140,2025-05-08T19:00:00-04:00,2025-05-09T05:00:00-04:00,2,117.0481,118.05,5.5707,117.3992,117.0277,5.284,-4.621,-7.74,neutral,110.0529,0.6962,1.5918
NVDA,NVDA-141,2025-05-09T06:00:00-04:00,2025-05-12T04:00:00-04:00,14,117.98,122.08,5.375,117.6708,117.2568,23.818,2.14,18.534,neutral_up,110.7181,0.6652,1.7707
NVDA,NVDA-142,2025-05-13T08:00:00-04:00,2025-05-13T09:00:00-04:00,1,124.86,127.725,5.2913,123.1755,122.021,74.136,11.86,37.638,distribution,112.3207,1.0669,2.2677
NVDA,NVDA-143,2025-05-15T08:00:00-04:00,2025-05-16T06:00:00-04:00,14,134.32,135.92,5.5078,134.1319,133.313,17.614,3.152,5.166,neutral,115.8619,1.9485,4.6081
NVDA,NVDA-144,2025-05-16T08:00:00-04:00,2025-05-19T04:00:00-04:00,12,136.3,130.38,5.3744,135.6193,134.9039,38.377,-1.067,9.319,neutral_up,117.5926,1.7307,5.2719
NVDA,NVDA-145,2025-05-20T12:00:00-04:00,2025-05-21T12:00:00-04:00,16,134.155,136.9299,5.0743,134.3274,134.4333,-12.553,3.844,7.493,neutral,120.6847,1.4805,4.8228
NVDA,NVDA-146,2025-05-21T13:00:00-04:00,2025-05-21T16:00:00-04:00,3,133.38,131.36,4.9168,134.6639,134.4014,16.663,-42.66,5.019,neutral,121.9297,1.245,4.3371
NVDA,NVDA-147,2025-05-22T17:00:00-04:00,2025-05-23T11:00:00-04:00,10,133.09,130.695,5.0521,133.0953,133.0826,0.907,-0.676,-15.756,neutral,122.8207,0.8909,3.6165
NVDA,NVDA-148,2025-05-23T14:00:00-04:00,2025-05-23T15:00:00-04:00,1,131.87,131.31,4.8841,131.4829,131.939,-8.574,6.784,27.346,neutral,123.727,0.9063,3.0423
NVDA,NVDA-149,2025-05-28T08:00:00-04:00,2025-05-28T16:00:00-04:00,8,136.41,141.77,4.7627,135.8747,135.077,55.934,-4.422,15.374,neutral_up,125.423,1.0067,2.6024
NVDA,NVDA-150,2025-06-04T13:00:00-04:00,2025-06-05T17:00:00-04:00,20,141.04,138.04,4.876,141.2807,140.8723,4.666,1.646,-23.741,neutral,130.081,1.1189,2.6316
NVDA,NVDA-151,2025-06-09T08:00:00-04:00,2025-06-12T05:00:00-04:00,45,143.28,141.55,4.6592,142.4172,141.939,41.049,9.404,13.924,neutral_up,132.8355,0.8855,2.7545
NVDA,NVDA-152,2025-06-13T12:00:00-04:00,2025-06-13T14:00:00-04:00,2,143.255,141.78,4.2555,143.0594,143.2231,-6.029,7.007,9.613,neutral,136.2671,0.8733,2.5485
NVDA,NVDA-153,2025-06-16T06:00:00-04:00,2025-06-16T11:00:00-04:00,5,143.28,145.495,4.2476,142.6038,142.716,11.273,10.729,41.539,neutral,136.7846,0.5175,2.1354
NVDA,NVDA-154,2025-06-17T08:00:00-04:00,2025-06-20T18:00:00-04:00,42,144.849,143.62,4.2453,144.6229,144.2934,19.599,0.293,0.577,neutral,137.5024,0.7178,2.1086
NVDA,NVDA-155,2025-06-23T04:00:00-04:00,2025-06-23T05:00:00-04:00,1,143.38,142.95,3.9091,143.7463,144.1044,-27.25,-2.406,-1.629,neutral_down,139.2227,0.4557,1.7204
NVDA,NVDA-156,2025-06-23T09:00:00-04:00,2025-06-24T04:00:00-04:00,11,143.5796,145.73,3.9091,143.2538,143.6762,-21.442,17.99,17.709,neutral,139.2227,0.4557,1.7204
NVDA,NVDA-157,2025-06-26T16:00:00-04:00,2025-06-27T19:00:00-04:00,19,154.9685,157.59,4.0231,155.3961,154.4473,24.284,-8.526,-24.254,neutral_up,141.6777,1.2632,2.455
NVDA,NVDA-158,2025-06-30T09:00:00-04:00,2025-07-01T10:00:00-04:00,17,156.63,153.125,3.9083,157.8247,157.2513,12.012,-30.596,-41.019,neutral,144.2456,1.3494,3.8311
NVDA,NVDA-159,2025-07-07T09:00:00-04:00,2025-07-08T16:00:00-04:00,23,158.5,160.0898,4.0272,158.3232,157.8713,15.969,5.465,-4.984,neutral,148.2971,1.0991,2.8129
NVDA,NVDA-160,2025-07-09T07:00:00-04:00,2025-07-09T09:00:00-04:00,2,160.68,164.14,3.7437,160.1292,159.6688,43.461,11.443,11.654,neutral_up,150.1835,0.9817,2.9856
NVDA,NVDA-161,2025-07-10T11:00:00-04:00,2025-07-11T10:00:00-04:00,15,163.025,167.005,3.792,163.2835,162.7801,11.209,-2.743,-61.349,neutral,151.3332,1.1497,3.0361
NVDA,NVDA-162,2025-07-14T11:00:00-04:00,2025-07-15T04:00:00-04:00,9,165.1481,171.55,3.777,164.7911,164.7536,-1.65,13.37,-15.105,neutral,153.6204,1.1261,3.4369
NVDA,NVDA-163,2025-07-16T08:00:00-04:00,2025-07-17T06:00:00-04:00,14,171.25,172.44,4.0819,170.4308,169.7256,34.95,6.645,23.186,neutral_up,156.0231,1.4527,3.5288
NVDA,NVDA-164,2025-07-17T09:00:00-04:00,2025-07-17T11:00:00-04:00,2,173.175,173.375,3.9939,172.3418,171.5151,49.541,0.288,-2.324,neutral_up,157.4155,1.3924,3.7951
NVDA,NVDA-165,2025-07-18T07:00:00-04:00,2025-07-18T18:00:00-04:00,11,173.78,172.4592,3.9465,173.5533,172.9808,41.087,-2.055,1.412,neutral_up,158.8424,1.4269,4.272
NVDA,NVDA-166,2025-07-21T09:00:00-04:00,2025-07-22T04:00:00-04:00,11,172.4318,169.07,3.8782,172.5409,172.6003,-5.709,-2.084,-11.14,neutral,160.0731,1.2307,4.05
NVDA,NVDA-167,2025-07-23T13:00:00-04:00,2025-07-23T15:00:00-04:00,2,169.75,170.83,3.9932,168.9894,168.8779,18.483,6.233,9.983,neutral,161.6448,0.5365,2.8024
NVDA,NVDA-168,2025-07-24T18:00:00-04:00,2025-07-28T14:00:00-04:00,28,173.53,175.8499,4.0115,173.2951,172.5022,44.476,-2.298,-8.984,neutral_up,162.4798,0.835,2.4067
NVDA,NVDA-169,2025-08-01T17:00:00-04:00,2025-08-01T18:00:00-04:00,1,173.15,172.64,4.0998,173.7623,175.0653,-31.996,-0.396,5.567,neutral_down,168.5409,0.9309,3.0057
NVDA,NVDA-170,2025-08-04T04:00:00-04:00,2025-08-04T11:00:00-04:00,7,175.32,178.4752,4.3041,173.7298,174.6951,-13.34,24.542,18.656,neutral,168.999,0.4581,2.557
NVDA,NVDA-171,2025-08-05T13:00:00-04:00,2025-08-05T17:00:00-04:00,4,178.915,177.2,4.4695,178.8706,178.7309,-9.88,13.98,-8.593,neutral,169.9964,0.9974,2.3864
NVDA,NVDA-172,2025-08-06T09:00:00-04:00,2025-08-07T04:00:00-04:00,11,178.4981,181.1,4.4617,177.4137,177.7449,-2.544,18.146,27.008,neutral,170.7476,0.7512,2.2067
NVDA,NVDA-173,2025-08-07T13:00:00-04:00,2025-08-14T04:00:00-04:00,71,179.96,181.33,4.4037,181.0243,180.3833,4.996,-14.42,-43.034,neutral,171.5351,0.7875,2.5361
NVDA,NVDA-174,2025-08-14T07:00:00-04:00,2025-08-15T11:00:00-04:00,20,181.97,179.3501,4.3601,181.5313,181.694,0.455,9.655,14.001,neutral,175.542,0.6028,2.2151
NVDA,NVDA-175,2025-08-18T09:00:00-04:00,2025-08-18T16:00:00-04:00,7,182.1733,182.026,4.2783,180.4226,180.4678,22.059,33.726,44.215,neutral,176.521,0.3919,1.5818
NVDA,NVDA-176,2025-08-21T15:00:00-04:00,2025-08-22T13:00:00-04:00,14,174.971,178.045,4.5584,174.9637,175.1816,-7.311,2.713,8.293,neutral,176.7556,-0.1366,0.2346
NVDA,NVDA-177,2025-08-26T11:00:00-04:00,2025-08-26T19:00:00-04:00,8,181.29,182.35,4.7116,180.6759,180.019,33.491,3.183,1.035,neutral_up,177.0064,0.2834,0.2508
NVDA,NVDA-178,2025-08-27T09:00:00-04:00,2025-08-27T18:00:00-04:00,9,180.19,176.04,4.6308,181.9885,181.5692,-1.115,-45.343,-57.306,neutral,177.4331,0.4267,0.8397
NVDA,NVDA-179,2025-08-28T10:00:00-04:00,2025-08-28T14:00:00-04:00,4,179.855,181.135,4.5422,178.9742,179.5064,-4.08,8.75,12.958,neutral,177.8119,0.3788,1.0889
NVDA,NVDA-180,2025-08-28T15:00:00-04:00,2025-08-28T16:00:00-04:00,1,180.2,179.65,4.5422,179.7159,179.6824,9.787,-2.044,13.296,neutral,177.8119,0.3788,1.0889
NVDA,NVDA-181,2025-08-28T19:00:00-04:00,2025-08-29T10:00:00-04:00,7,179.5809,173.665,4.5422,179.6833,179.676,0.088,-1.862,-4.576,neutral,177.8119,0.3788,1.0889
NVDA,NVDA-182,2025-09-03T07:00:00-04:00,2025-09-05T10:00:00-04:00,35,171.46,164.575,5.1053,171.0012,171.4024,2.485,-1.129,17.137,neutral,177.0574,-0.6307,-0.7545
NVDA,NVDA-183,2025-09-09T08:00:00-04:00,2025-09-09T16:00:00-04:00,8,169.0501,173.45,4.9308,169.0534,168.8407,10.328,-3.817,-8.899,neutral,174.5931,-0.6223,-1.8791
NVDA,NVDA-184,2025-09-11T09:00:00-04:00,2025-09-15T05:00:00-04:00,28,177.845,173.37,5.1422,177.8702,176.6592,46.707,-15.962,-9.309,neutral_up,174.5223,0.2778,-0.6931
NVDA,NVDA-185,2025-09-16T10:00:00-04:00,2025-09-16T13:00:00-04:00,3,176.5255,174.9688,4.8034,176.9202,176.944,-11.799,-1.909,-21.81,neutral,175.2823,0.2508,0.76
NVDA,NVDA-186,2025-09-19T08:00:00-04:00,2025-09-22T12:00:00-04:00,20,175.64,183.84,4.9759,175.7811,175.2677,13.961,-2.488,-4.319,neutral,174.9221,0.1358,-0.3602
NVDA,NVDA-187,2025-09-24T10:00:00-04:00,2025-09-24T17:00:00-04:00,7,178.065,176.71,5.3441,178.8244,179.1413,-19.454,-7.424,-19.83,neutral,176.0792,0.2361,1.1571
NVDA,NVDA-188,2025-09-25T10:00:00-04:00,2025-09-26T05:00:00-04:00,11,177.845,176.33,5.2752,176.196,176.8603,-15.479,38.777,40.364,neutral,176.152,0.0728,1.0856
NVDA,NVDA-189,2025-09-26T07:00:00-04:00,2025-09-29T06:00:00-04:00,15,177.85,179.27,5.4081,176.934,177.0517,-0.225,20.832,13.643,neutral,176.2909,0.1389,0.4478
NVDA,NVDA-190,2025-09-30T08:00:00-04:00,2025-09-30T10:00:00-04:00,2,182.76,186.865,5.3991,181.8956,181.1196,39.318,6.456,16.273,neutral_up,176.9514,0.4879,0.7994
NVDA,NVDA-191,2025-10-01T11:00:00-04:00,2025-10-02T04:00:00-04:00,9,187.2699,189.26,5.4327,185.8991,185.0779,40.343,11.287,23.709,neutral_up,177.8267,0.8753,1.5358
NVDA,NVDA-192,2025-10-02T14:00:00-04:00,2025-10-02T17:00:00-04:00,3,188.9074,188.4699,5.3475,189.0293,188.205,24.036,-4.427,-21.005,neutral_up,178.6761,0.8494,2.2126
NVDA,NVDA-193,2025-10-03T04:00:00-04:00,2025-10-06T05:00:00-04:00,17,189.68,188.99,5.2427,188.9851,188.5093,23.797,10.723,13.961,neutral_up,179.6074,0.9313,2.656
NVDA,NVDA-194,2025-10-06T06:00:00-04:00,2025-10-06T07:00:00-04:00,1,186.25,185.04,5.224,187.831,188.1174,-19.651,-31.358,-1.195,neutral,180.3359,0.7285,2.5092
NVDA,NVDA-195,2025-10-06T08:00:00-04:00,2025-10-07T07:00:00-04:00,15,184.53,186.27,5.224,186.7242,187.5369,-49.746,-6.227,-61.452,neutral_down,180.3359,0.7285,2.5092
NVDA,NVDA-196,2025-10-07T08:00:00-04:00,2025-10-08T10:00:00-04:00,18,186.6799,188.635,5.1573,186.1914,186.3851,1.81,6.409,7.912,neutral,180.8081,0.4722,2.132
NVDA,NVDA-197,2025-10-10T08:00:00-04:00,2025-10-10T13:00:00-04:00,5,193.46,187.69,5.195,193.1788,192.3174,35.051,-4.865,3.176,neutral_up,182.8678,0.9672,2.0597
NVDA,NVDA-198,2025-10-14T08:00:00-04:00,2025-10-14T10:00:00-04:00,2,185.35,181.33,5.8787,186.174,187.0907,-33.793,6.061,2.17,neutral_down,183.3843,0.4936,1.4837
NVDA,NVDA-199,2025-10-15T09:00:00-04:00,2025-10-15T17:00:00-04:00,8,182.145,180.6,6.0745,183.288,183.6507,-5.122,-20.209,-11.948,neutral,183.083,-0.3013,0.2152
NVDA,NVDA-200,2025-10-16T11:00:00-04:00,2025-10-17T06:00:00-04:00,11,181.9,178.35,6.182,181.8821,181.9242,3.556,-4.113,-5.854,neutral,182.7914,-0.2916,-0.0994
NVDA,NVDA-201,2025-10-17T08:00:00-04:00,2025-10-17T14:00:00-04:00,6,179.94,183.4799,5.9912,179.6817,180.4909,-22.485,12.161,41.54,neutral,182.7022,-0.0891,-0.6821
NVDA,NVDA-202,2025-10-20T10:00:00-04:00,2025-10-21T19:00:00-04:00,25,183.9056,180.8065,5.874,183.1776,182.6504,19.46,8.132,1.602,neutral,182.7507,0.0484,-0.3323
NVDA,NVDA-203,2025-10-22T05:00:00-04:00,2025-10-22T19:00:00-04:00,14,181.81,179.7,5.5082,181.3972,181.7437,-10.949,13.545,19.528,neutral,182.5911,-0.1431,-0.1111
NVDA,NVDA-204,2025-10-23T04:00:00-04:00,2025-10-23T05:00:00-04:00,1,180.78,180.55,5.5919,179.9917,180.3953,-3.598,13.663,18.697,neutral,182.3819,-0.2092,-0.3687
NVDA,NVDA-205,2025-10-23T08:00:00-04:00,2025-10-23T11:00:00-04:00,3,179.91,182.12,5.5919,180.0189,180.2938,-10.569,-0.151,-10.67,neutral,182.3819,-0.2092,-0.3687
NVDA,NVDA-206,2025-10-28T08:00:00-04:00,2025-10-28T13:00:00-04:00,5,193.1287,198.0401,5.4355,191.8439,190.6228,73.321,7.205,20.245,distribution,183.5121,0.7918,1.1302
NVDA,NVDA-207,2025-10-29T19:00:00-04:00,2025-10-31T18:00:00-04:00,31,207.65,202.76,5.8844,207.0634,205.1655,31.829,3.11,-10.353,neutral_up,185.1047,1.5925,2.7393
NVDA,NVDA-208,2025-11-03T04:00:00-05:00,2025-11-03T05:00:00-05:00,1,205.48,205.15,6.1942,203.6908,204.0988,-0.281,27.283,27.524,neutral,189.7874,1.2623,4.6828
NVDA,NVDA-209,2025-11-12T08:00:00-05:00,2025-11-13T06:00:00-05:00,14,195.72,192.59,7.5325,195.1686,194.8288,19.473,-2.469,-2.058,neutral,192.3609,0.0879,0.4299
NVDA,NVDA-210,2025-11-13T08:00:00-05:00,2025-11-13T09:00:00-05:00,1,191.0118,188.2199,7.3344,192.3154,192.926,-27.837,-12.406,-11.679,neutral_down,192.4962,0.1354,0.899
NVDA,NVDA-211,2025-11-14T12:00:00-05:00,2025-11-14T14:00:00-05:00,2,189.42,190.73,7.5248,186.8458,187.0991,23.473,6.641,61.209,neutral,191.9933,-0.503,-0.2797
NVDA,NVDA-212,2025-11-17T12:00:00-05:00,2025-11-17T17:00:00-05:00,5,186.55,186.12,7.7323,188.1148,188.4065,-18.638,-8.481,-9.353,neutral,191.8375,-0.1558,-0.5233
NVDA,NVDA-213,2025-11-18T08:00:00-05:00,2025-11-18T09:00:00-05:00,1,184.0,180.425,7.6057,185.181,186.2407,-37.727,-2.219,-7.025,neutral_down,191.3605,-0.477,-1.1358
NVDA,NVDA-214,2025-11-18T11:00:00-05:00,2025-11-18T17:00:00-05:00,6,183.1201,180.8501,7.6057,183.5071,185.0952,-47.021,17.168,-9.294,neutral_down,191.3605,-0.477,-1.1358
NVDA,NVDA-215,2025-11-19T07:00:00-05:00,2025-11-19T13:00:00-05:00,6,184.19,185.425,7.5582,182.7387,183.3291,3.614,12.746,33.994,neutral,190.4523,-0.9082,-1.541
NVDA,NVDA-216,2025-11-19T14:00:00-05:00,2025-11-19T15:00:00-05:00,1,185.4323,186.775,7.5582,184.8925,184.3942,17.218,-0.462,-7.324,neutral,190.4523,-0.9082,-1.541
NVDA,NVDA-217,2025-11-21T14:00:00-05:00,2025-11-25T08:00:00-05:00,26,181.2,173.9998,8.1007,180.5593,181.8855,-5.016,-0.313,19.531,neutral,189.2809,-0.8371,-2.0796
NVDA,NVDA-218,2025-11-26T05:00:00-05:00,2025-11-26T11:00:00-05:00,6,176.98,180.8688,8.5963,176.4153,176.824,-4.016,6.272,-3.757,neutral,186.903,-0.9113,-2.3778
NVDA,NVDA-219,2025-11-26T15:00:00-05:00,2025-11-26T16:00:00-05:00,1,180.175,179.7,8.5963,179.7731,178.7596,24.075,-2.973,-10.813,neutral_up,186.903,-0.9113,-2.3778
NVDA,NVDA-220,2025-11-28T09:00:00-05:00,2025-11-28T13:00:00-05:00,4,177.985,176.98,8.348,179.7633,179.4429,-6.543,-24.136,-30.51,neutral,186.2914,-0.6116,-2.0494
NVDA,NVDA-221,2025-12-02T13:00:00-05:00,2025-12-02T18:00:00-05:00,5,181.205,181.42,7.9147,181.6112,180.6714,19.054,-8.442,-54.049,neutral,184.9436,-0.5014,-1.9595
NVDA,NVDA-222,2025-12-02T19:00:00-05:00,2025-12-03T05:00:00-05:00,2,181.03,182.16,7.9147,181.4049,180.9717,6.58,-5.15,-7.274,neutral,184.9436,-0.5014,-1.9595
NVDA,NVDA-223,2025-12-03T07:00:00-05:00,2025-12-03T19:00:00-05:00,12,183.63,179.9199,7.7586,182.2048,181.5137,41.78,14.75,24.734,neutral_up,184.6132,-0.3303,-1.6782
NVDA,NVDA-224,2025-12-04T09:00:00-05:00,2025-12-04T13:00:00-05:00,4,180.705,183.4599,7.443,180.4462,180.6015,-1.891,4.8,5.978,neutral,184.1611,-0.4521,-1.2838
NVDA,NVDA-225,2025-12-05T11:00:00-05:00,2025-12-05T19:00:00-05:00,8,182.0964,182.35,7.2596,182.9002,182.7369,-12.556,-3.658,-41.357,neutral,184.0919,-0.0692,-0.8516
NVDA,NVDA-226,2025-12-08T05:00:00-05:00,2025-12-08T06:00:00-05:00,1,182.97,182.84,7.0089,182.4789,182.5011,5.394,11.112,11.885,neutral,183.9336,-0.1584,-0.6797
NVDA,NVDA-227,2025-12-08T09:00:00-05:00,2025-12-08T16:00:00-05:00,7,183.325,189.1999,7.0089,182.7248,182.6195,12.23,9.572,3.881,neutral,183.9336,-0.1584,-0.6797
NVDA,NVDA-228,2025-12-10T08:00:00-05:00,2025-12-10T19:00:00-05:00,11,185.3,181.28,6.5893,185.0659,185.1314,4.004,0.104,15.135,neutral,184.1639,0.0806,0.0719
NVDA,NVDA-229,2025-12-12T04:00:00-05:00,2025-12-12T13:00:00-05:00,9,179.42,176.905,6.4187,179.9831,180.5687,-20.022,-5.813,-14.445,neutral,183.8353,-0.29,-0.2479
NVDA,NVDA-230,2025-12-15T13:00:00-05:00,2025-12-17T10:00:00-05:00,29,177.45,171.5244,6.5459,177.1861,177.4138,0.153,0.639,6.877,neutral,183.0312,-0.8041,-1.1326
NVDA,NVDA-231,2025-12-18T15:00:00-05:00,2025-12-18T16:00:00-05:00,1,174.01,174.0568,6.2047,174.2036,174.0236,5.054,-5.33,-23.068,neutral,180.9671,-1.0047,-2.0641
NVDA,NVDA-232,2025-12-19T08:00:00-05:00,2025-12-19T09:00:00-05:00,1,175.91,180.27,6.1351,175.5976,174.9728,26.403,-3.633,-10.796,neutral_up,180.3346,-0.6325,-2.0829
NVDA,NVDA-233,2025-12-23T05:00:00-05:00,2025-12-23T11:00:00-05:00,6,183.23,188.305,6.0098,183.3435,182.577,29.64,-6.232,-6.337,neutral_up,180.6856,0.2914,-0.2814
NVDA,NVDA-234,2025-12-24T16:00:00-05:00,2025-12-26T10:00:00-05:00,7,188.05,191.92,6.0399,188.2492,187.5845,28.304,-10.13,-1.304,neutral_up,181.4615,0.7759,1.1269
NVDA,NVDA-235,2025-12-30T06:00:00-05:00,2025-12-31T18:00:00-05:00,28,188.31,186.54,5.6389,187.9802,188.1983,-2.192,6.491,15.568,neutral,183.3634,0.4867,1.9019
NVDA,NVDA-236,2026-01-02T04:00:00-05:00,2026-01-02T05:00:00-05:00,1,190.18,189.88,5.2895,187.7231,187.7741,16.956,54.826,51.689,neutral,183.9936,0.2496,1.1169
NVDA,NVDA-237,2026-01-02T10:00:00-05:00,2026-01-02T12:00:00-05:00,2,188.96,189.4586,5.2895,189.2483,188.6495,29.498,-22.804,-9.514,neutral_up,183.9936,0.2496,1.1169
NVDA,NVDA-238,2026-01-02T13:00:00-05:00,2026-01-02T14:00:00-05:00,1,188.5835,188.68,5.2895,189.1607,188.7622,7.13,-11.069,-22.368,neutral,183.9936,0.2496,1.1169
NVDA,NVDA-239,2026-01-05T08:00:00-05:00,2026-01-05T18:00:00-05:00,10,191.78,187.9,5.3716,190.5124,189.6995,55.449,-0.357,17.146,neutral_up,184.4314,0.4378,1.0681
NVDA,NVDA-240,2026-01-06T10:00:00-05:00,2026-01-07T06:00:00-05:00,12,189.12,187.86,5.5222,189.4876,189.1891,19.634,-21.155,8.087,neutral,184.7659,0.3344,1.0219
NVDA,NVDA-241,2026-01-07T08:00:00-05:00,2026-01-08T10:00:00-05:00,18,188.0,185.4629,5.5102,188.0066,188.2935,-9.85,1.295,13.355,neutral,184.9935,0.2276,0.9999
NVDA,NVDA-242,2026-01-09T12:00:00-05:00,2026-01-12T05:00:00-05:00,9,185.05,182.48,5.4873,185.3124,185.8513,-22.807,-0.403,2.741,neutral,185.3532,-0.0263,0.5874
NVDA,NVDA-243,2026-01-12T10:00:00-05:00,2026-01-12T13:00:00-05:00,3,184.5001,186.775,5.2861,184.0455,184.5441,-10.688,9.363,52.936,neutral,185.3075,-0.0457,0.314
NVDA,NVDA-244,2026-01-13T10:00:00-05:00,2026-01-14T10:00:00-05:00,16,184.7993,181.53,5.2014,184.9572,185.0028,-8.308,1.722,-6.556,neutral,185.2695,-0.038,-0.11
NVDA,NVDA-245,2026-01-16T09:00:00-05:00,2026-01-16T19:00:00-05:00,10,189.24,186.2518,5.2504,188.404,187.5309,39.113,5.899,-0.893,neutral_up,185.31,0.183,0.0404
NVDA,NVDA-246,2026-01-21T08:00:00-05:00,2026-01-21T16:00:00-05:00,8,178.57,183.4001,5.4314,178.9861,180.3397,-42.93,4.257,6.001,neutral_down,184.7397,-0.653,-0.3872
NVDA,NVDA-247,2026-01-22T16:00:00-05:00,2026-01-23T12:00:00-05:00,12,184.26,187.375,5.5555,184.5526,183.939,14.625,-6.469,-8.23,neutral,184.6125,-0.1272,-0.6975
NVDA,NVDA-248,2026-01-26T09:00:00-05:00,2026-01-27T12:00:00-05:00,19,187.515,189.2099,5.3172,186.8643,186.5802,14.716,12.139,18.643,neutral,184.9101,0.276,0.1703
NVDA,NVDA-249,2026-01-28T14:00:00-05:00,2026-01-28T15:00:00-05:00,1,191.5847,191.53,5.0994,191.2748,190.3739,32.144,-3.054,6.744,neutral_up,185.3609,0.3172,0.7268
NVDA,NVDA-250,2026-01-28T18:00:00-05:00,2026-01-28T19:00:00-05:00,1,190.63,190.29,5.0994,191.4173,190.7534,14.586,-17.537,-14.182,neutral,185.3609,0.3172,0.7268
NVDA,NVDA-251,2026-01-29T04:00:00-05:00,2026-02-02T06:00:00-05:00,34,190.4,187.89,5.0078,191.0335,190.683,-2.515,-4.582,-34.638,neutral,185.9217,0.5608,1.0117
NVDA,NVDA-252,2026-02-02T08:00:00-05:00,2026-02-02T09:00:00-05:00,1,188.36,186.66,5.1687,189.0094,189.7925,-29.192,3.731,18.188,neutral_down,186.9472,0.4338,1.5863
NVDA,NVDA-253,2026-02-02T10:00:00-05:00,2026-02-02T12:00:00-05:00,2,188.6425,189.8779,5.1687,188.5601,189.4291,-26.472,13.17,6.451,neutral_down,186.9472,0.4338,1.5863
NVDA,NVDA-254,2026-02-02T14:00:00-05:00,2026-02-02T19:00:00-05:00,5,187.44,186.25,5.1687,188.8242,189.3294,-15.404,-18.278,-2.292,neutral,186.9472,0.4338,1.5863
NVDA,NVDA-255,2026-02-03T04:00:00-05:00,2026-02-03T05:00:00-05:00,1,186.5,186.32,5.257,186.8775,187.9301,-30.368,4.061,7.88,neutral_down,186.8329,-0.1143,0.9112
NVDA,NVDA-256,2026-02-03T07:00:00-05:00,2026-02-03T09:00:00-05:00,2,186.92,181.83,5.257,186.7423,187.5929,-20.748,6.512,9.621,neutral,186.8329,-0.1143,0.9112
NVDA,NVDA-257,2026-02-05T10:00:00-05:00,2026-02-05T18:00:00-05:00,8,173.18,170.28,5.8002,175.0841,176.5731,-43.652,-2.48,-7.753,neutral_down,185.147,-1.0947,-1.8002
NVDA,NVDA-258,2026-02-06T08:00:00-05:00,2026-02-06T10:00:00-05:00,2,177.1,182.845,5.7991,175.3257,175.0807,24.574,1.213,10.797,neutral_up,183.9418,-1.2052,-2.8911
NVDA,NVDA-259,2026-02-10T12:00:00-05:00,2026-02-11T18:00:00-05:00,22,190.217,190.4,6.696,190.1663,189.2089,17.099,2.973,-14.224,neutral,184.5948,0.5195,-0.5522
NVDA,NVDA-260,2026-02-12T08:00:00-05:00,2026-02-12T17:00:00-05:00,9,192.55,187.99,6.3949,191.5615,190.9251,38.334,4.197,15.504,neutral_up,185.4217,0.4618,1.3464
NVDA,NVDA-261,2026-02-17T12:00:00-05:00,2026-02-17T14:00:00-05:00,2,184.88,185.97,6.407,182.5698,183.3059,7.052,22.601,78.193,neutral,185.3045,-0.2525,0.3447
NVDA,NVDA-262,2026-02-17T16:00:00-05:00,2026-02-17T17:00:00-05:00,1,186.81,186.7,6.407,184.5457,184.1163,36.074,8.796,13.846,neutral_up,185.3045,-0.2525,0.3447
NVDA,NVDA-263,2026-02-18T15:00:00-05:00,2026-02-20T18:00:00-05:00,35,187.84,189.86,6.5187,188.134,187.2358,15.397,-3.283,-30.072,neutral,185.2796,-0.025,-0.1421
NVDA,NVDA-264,2026-02-23T06:00:00-05:00,2026-02-23T09:00:00-05:00,3,189.16,193.11,6.0456,189.6446,189.075,16.778,-14.453,-14.832,neutral,186.0995,0.371,0.82
NVDA,NVDA-265,2026-02-23T10:00:00-05:00,2026-02-24T06:00:00-05:00,12,190.22,192.29,6.0456,190.4469,189.6717,32.017,-20.592,17.119,neutral_up,186.0995,0.371,0.82
NVDA,NVDA-266,2026-02-24T07:00:00-05:00,2026-02-25T06:00:00-05:00,15,190.09,194.53,5.9262,191.499,190.9965,6.628,-30.077,-30.999,neutral,186.6032,0.5037,1.0909
NVDA,NVDA-267,2026-02-25T18:00:00-05:00,2026-02-26T10:00:00-05:00,8,196.01,186.329,5.9579,196.8759,195.5011,31.978,-24.704,-22.411,neutral_up,187.167,0.5638,1.4385
NVDA,NVDA-268,2026-03-04T04:00:00-05:00,2026-03-04T05:00:00-05:00,1,181.14,182.71,6.5265,179.9124,179.7409,14.542,12.219,12.355,neutral,185.7534,-0.5703,-1.9248
NVDA,NVDA-269,2026-03-04T06:00:00-05:00,2026-03-04T07:00:00-05:00,1,181.49,181.65,6.5265,180.6755,180.1453,28.631,-3.827,26.309,neutral_up,185.7534,-0.5703,-1.9248
NVDA,NVDA-270,2026-03-04T08:00:00-05:00,2026-03-04T19:00:00-05:00,11,182.2993,183.64,6.5265,181.1562,180.4655,28.357,1.126,-4.101,neutral_up,185.7534,-0.5703,-1.9248
NVDA,NVDA-271,2026-03-05T04:00:00-05:00,2026-03-06T17:00:00-05:00,29,182.9,178.02,6.3925,183.0268,182.2689,19.244,-6.362,-3.809,neutral,185.494,-0.2594,-1.2271
NVDA,NVDA-272,2026-03-11T08:00:00-04:00,2026-03-12T17:00:00-04:00,25,184.76,183.0,6.3109,184.8035,184.0373,24.682,-6.33,0.462,neutral_up,184.4573,0.0303,-0.84
NVDA,NVDA-273,2026-03-13T04:00:00-04:00,2026-03-13T14:00:00-04:00,10,183.12,181.02,5.9561,183.2612,183.7449,-22.097,3.464,3.948,neutral,184.454,-0.1444,0.027
NVDA,NVDA-274,2026-03-16T15:00:00-04:00,2026-03-16T17:00:00-04:00,2,183.13,182.65,5.9699,183.5417,183.059,15.53,-14.174,-23.838,neutral,184.0728,-0.3813,-0.3845
NVDA,NVDA-275,2026-03-17T05:00:00-04:00,2026-03-18T19:00:00-04:00,30,183.87,180.25,6.1592,183.2252,183.0418,10.177,9.464,14.097,neutral,183.9871,-0.0857,-0.6114
NVDA,NVDA-276,2026-03-19T17:00:00-04:00,2026-03-20T13:00:00-04:00,12,179.08,174.94,5.7753,178.7966,179.478,-15.903,5.103,19.123,neutral,183.4889,-0.3139,-0.5839
NVDA,NVDA-277,2026-03-23T08:00:00-04:00,2026-03-23T17:00:00-04:00,9,177.3,175.76,5.7672,174.3185,175.2101,-4.657,31.459,68.567,neutral,182.1235,-0.9123,-1.6793
NVDA,NVDA-278,2026-03-24T10:00:00-04:00,2026-03-25T10:00:00-04:00,16,174.7706,180.5,5.7388,175.3728,175.5674,-13.916,-2.817,-16.012,neutral,181.5222,-0.6012,-1.9667
NVDA,NVDA-279,2026-03-25T19:00:00-04:00,2026-03-26T07:00:00-04:00,4,178.0474,176.21,5.4889,178.3352,177.8871,8.745,-3.81,-12.563,neutral,180.9575,-0.5647,-2.0783
NVDA,NVDA-280,2026-03-26T08:00:00-04:00,2026-03-26T09:00:00-04:00,1,176.4537,175.68,5.519,177.1542,177.4055,-29.956,1.91,-10.979,neutral_down,180.7495,-0.208,-1.3739
NVDA,NVDA-281,2026-03-30T10:00:00-04:00,2026-03-30T15:00:00-04:00,5,167.95,165.06,5.5588,168.0503,168.9452,-31.812,8.213,-7.501,neutral_down,178.7538,-1.1294,-2.2037
NVDA,NVDA-282,2026-04-01T16:00:00-04:00,2026-04-02T05:00:00-04:00,5,175.6756,171.77,5.8195,175.8208,174.5762,31.431,-4.091,-20.784,neutral_up,177.2181,-0.2908,-2.6651
NVDA,NVDA-283,2026-04-06T13:00:00-04:00,2026-04-07T08:00:00-04:00,11,176.595,175.09,5.6579,177.0937,176.6614,6.059,-7.995,-8.237,neutral,177.1175,0.0283,-0.3915
NVDA,NVDA-284,2026-04-07T09:00:00-04:00,2026-04-07T10:00:00-04:00,1,175.3399,174.26,5.3988,176.0341,176.3978,-37.624,2.628,-17.208,neutral_down,177.165,0.0475,-0.0532
NVDA,NVDA-285,2026-04-07T11:00:00-04:00,2026-04-07T16:00:00-04:00,5,175.225,178.31,5.3988,175.5885,176.1145,-38.643,11.467,1.61,neutral_down,177.165,0.0475,-0.0532
NVDA,NVDA-286,2026-04-09T11:00:00-04:00,2026-04-09T15:00:00-04:00,4,183.42,183.86,5.47,181.8648,181.3854,41.874,17.785,38.246,neutral_up,177.6923,0.4428,0.5748
NVDA,NVDA-287,2026-04-13T13:00:00-04:00,2026-04-13T14:00:00-04:00,1,188.095,188.545,5.3845,187.8305,187.1184,32.988,-5.359,-11.432,neutral_up,179.1973,0.9443,1.9477
NVDA,NVDA-288,2026-04-16T10:00:00-04:00,2026-04-17T12:00:00-04:00,18,198.675,200.735,5.369,198.0555,197.4429,15.054,14.102,-10.22,neutral,183.1669,1.5701,3.9697
NVDA,NVDA-289,2026-04-20T08:00:00-04:00,2026-04-20T18:00:00-04:00,10,200.3199,201.95,5.1445,200.0328,199.8592,2.728,12.022,14.549,neutral,186.0947,1.5575,4.4979
NVDA,NVDA-290,2026-04-21T15:00:00-04:00,2026-04-22T05:00:00-04:00,6,199.91,200.98,5.0863,200.6401,200.8104,-22.653,-3.486,-4.023,neutral,187.5516,1.4568,4.3847
NVDA,NVDA-291,2026-04-22T08:00:00-04:00,2026-04-22T19:00:00-04:00,11,200.5548,202.2599,4.9909,200.7413,200.7637,-1.521,-6.412,-6.267,neutral,188.6751,1.1235,4.1379
NVDA,NVDA-292,2026-04-23T04:00:00-04:00,2026-04-23T16:00:00-04:00,12,200.86,198.76,4.8844,201.7233,201.4321,5.156,-25.508,-29.816,neutral,189.9246,1.2495,3.8299
NVDA,NVDA-293,2026-04-29T08:00:00-04:00,2026-04-29T15:00:00-04:00,7,213.1,209.35,5.9302,213.0671,212.6797,13.322,-5.264,0.834,neutral,196.2837,1.6866,5.4695
NVDA,NVDA-294,2026-04-29T16:00:00-04:00,2026-04-29T17:00:00-04:00,1,208.36,208.88,5.9302,209.9148,210.9822,-43.126,-3.545,-1.369,neutral_down,196.2837,1.6866,5.4695
NVDA,NVDA-295,2026-04-29T18:00:00-04:00,2026-04-30T07:00:00-04:00,5,210.75,210.6,5.9302,209.9163,210.7874,-19.75,19.112,19.83,neutral,196.2837,1.6866,5.4695
NVDA,NVDA-296,2026-05-01T13:00:00-04:00,2026-05-06T09:00:00-04:00,44,199.65,204.445,6.3115,199.9263,201.5446,-41.985,5.888,2.94,neutral_down,197.6578,0.1862,3.0607
NVDA,NVDA-297,2026-05-08T14:00:00-04:00,2026-05-08T15:00:00-04:00,1,215.07,215.19,6.6589,214.7192,212.9421,40.867,-3.824,-18.992,neutral_up,199.7639,1.1756,1.9636
NVDA,NVDA-298,2026-05-11T07:00:00-04:00,2026-05-11T10:00:00-04:00,3,214.06,221.61,6.6318,214.2152,213.7245,4.037,4.069,-11.355,neutral,201.1663,1.4024,3.4842
NVDA,NVDA-299,2026-05-12T11:00:00-04:00,2026-05-13T05:00:00-04:00,10,216.8601,226.27,6.7588,218.2049,217.8739,-3.363,-11.777,-16.452,neutral,202.8321,1.6658,4.2438
NVDA,NVDA-300,2026-05-14T08:00:00-04:00,2026-05-14T10:00:00-04:00,2,229.85,234.5899,6.9084,228.8995,226.7616,54.038,-4.763,-13.071,neutral_up,206.4168,1.9413,5.2506
NVDA,NVDA-301,2026-05-18T08:00:00-04:00,2026-05-18T14:00:00-04:00,6,229.9002,219.61,7.4893,227.5397,228.0529,7.899,16.71,22.468,neutral,210.5577,1.4742,6.0822
NVDA,NVDA-302,2026-05-19T12:00:00-04:00,2026-05-22T16:00:00-04:00,52,223.1,215.03,7.785,221.4949,222.5002,-9.446,17.899,24.547,neutral,211.6306,1.0729,5.2138
NVDA,NVDA-303,2026-05-26T10:00:00-04:00,2026-05-26T18:00:00-04:00,8,215.535,213.9826,7.5824,216.5097,217.1746,-21.115,-6.689,-23.632,neutral,214.1116,0.1138,1.6628
NVDA,NVDA-304,2026-05-27T04:00:00-04:00,2026-05-27T05:00:00-04:00,1,214.7,215.57,7.4822,214.4164,215.2537,-19.197,8.178,5.608,neutral,214.1778,0.0662,0.7303
NVDA,NVDA-305,2026-05-27T09:00:00-04:00,2026-05-27T10:00:00-04:00,1,211.32,208.9701,7.4822,214.2245,214.9223,-33.867,-32.065,-33.645,neutral_down,214.1778,0.0662,0.7303
NVDA,NVDA-306,2026-05-27T13:00:00-04:00,2026-05-27T14:00:00-04:00,1,212.285,212.81,7.4822,212.3186,213.6202,-38.517,15.141,26.358,neutral_down,214.1778,0.0662,0.7303
NVDA,NVDA-307,2026-05-27T15:00:00-04:00,2026-05-27T16:00:00-04:00,1,212.58,212.4,7.4822,212.4495,213.4587,-21.017,4.866,32.641,neutral,214.1778,0.0662,0.7303
NVDA,NVDA-308,2026-05-28T10:00:00-04:00,2026-05-29T04:00:00-04:00,10,212.27,214.8,7.3806,211.8521,212.3426,-5.137,3.69,36.959,neutral,214.0325,-0.1453,0.0348
NVDA,NVDA-309,2026-05-29T11:00:00-04:00,2026-06-01T10:00:00-04:00,15,215.02,219.619,7.1605,215.0729,214.3708,22.797,-9.484,-5.765,neutral,214.0532,0.0207,-0.0584
NVDA,NVDA-310,2026-06-02T14:00:00-04:00,2026-06-02T18:00:00-04:00,4,222.64,221.67,7.6005,225.0642,223.932,-4.316,-10.828,-37.682,neutral,214.7566,0.9673,0.7241
NVDA,NVDA-311,2026-06-04T13:00:00-04:00,2026-06-04T14:00:00-04:00,1,219.77,220.48,7.872,216.2296,216.3859,32.081,17.013,59.733,neutral_up,215.4352,-0.0535,1.6459
NVDA,NVDA-312,2026-06-08T14:00:00-04:00,2026-06-08T17:00:00-04:00,3,208.83,208.2296,8.5201,208.4356,209.0645,-6.124,2.208,9.449,neutral,214.7676,-0.9658,-0.7211
NVDA,NVDA-313,2026-06-09T04:00:00-04:00,2026-06-09T05:00:00-04:00,1,210.4,210.22,8.2944,208.5801,208.8289,6.027,24.052,17.58,neutral,214.2106,-0.5571,-1.2247
NVDA,NVDA-314,2026-06-09T07:00:00-04:00,2026-06-09T12:00:00-04:00,5,209.22,201.96,8.2944,209.1276,209.0566,10.141,-6.641,4.114,neutral,214.2106,-0.5571,-1.2247
NVDA,NVDA-315,2026-06-09T13:00:00-04:00,2026-06-09T16:00:00-04:00,3,205.06,207.5,8.2944,206.1275,207.5,-55.073,18.59,-34.299,neutral_down,214.2106,-0.5571,-1.2247
NVDA,NVDA-316,2026-06-10T11:00:00-04:00,2026-06-10T15:00:00-04:00,4,203.455,200.34,8.5634,204.5237,205.6008,-28.558,-2.541,2.68,neutral_down,213.6642,-0.5464,-2.0692
NVDA,NVDA-317,2026-06-11T08:00:00-04:00,2026-06-11T18:00:00-04:00,10,201.98,206.0577,8.5431,201.9837,202.7675,-11.123,-3.023,3.234,neutral,212.4529,-1.2113,-2.3148
NVDA,NVDA-318,2026-06-12T11:00:00-04:00,2026-06-12T13:00:00-04:00,2,204.1699,205.08,8.3701,204.8668,204.3677,5.77,-9.033,-13.086,neutral,211.7444,-0.7084,-2.4661
NVDA,NVDA-319,2026-06-12T15:00:00-04:00,2026-06-15T06:00:00-04:00,7,205.14,209.07,8.3701,204.9488,204.5713,8.211,2.022,-0.655,neutral,211.7444,-0.7084,-2.4661
NVDA,NVDA-320,2026-06-16T13:00:00-04:00,2026-06-16T14:00:00-04:00,1,209.43,208.995,7.9987,209.9482,209.9918,-16.769,3.297,-2.312,neutral,211.2628,0.1187,-1.1901
NVDA,NVDA-321,2026-06-17T12:00:00-04:00,2026-06-17T18:00:00-04:00,6,207.14,205.4,7.7959,207.382,208.1046,-36.589,9.476,-7.306,neutral_down,210.9125,-0.3503,-0.8319
NVDA,NVDA-322,2026-06-17T19:00:00-04:00,2026-06-18T12:00:00-04:00,9,206.3,210.08,7.7959,206.0756,206.9632,-31.149,13.725,20.975,neutral_down,210.9125,-0.3503,-0.8319
NVDA,NVDA-323,2026-06-22T10:00:00-04:00,2026-06-22T19:00:00-04:00,9,209.11,207.79,7.6081,210.2712,209.5825,24.667,-34.428,3.47,neutral_up,210.3324,-0.0132,-0.9304
NVDA,NVDA-324,2026-06-24T08:00:00-04:00,2026-06-25T09:00:00-04:00,17,200.96,192.375,7.5873,201.2772,202.3927,-36.17,-3.71,4.728,neutral_down,209.2477,-0.9236,-1.0979
NVDA,NVDA-325,2026-06-26T13:00:00-04:00,2026-06-30T12:00:00-04:00,31,194.5901,198.245,7.499,194.0443,194.9905,-14.29,6.981,25.484,neutral,207.1704,-1.142,-3.0009
NVDA,NVDA-326,2026-07-01T08:00:00-04:00,2026-07-02T13:00:00-04:00,21,195.6657,192.545,7.1163,198.1435,197.7228,-10.733,-34.26,-38.968,neutral,204.321,-0.4561,-2.8494
NVDA,NVDA-327,2026-07-06T13:00:00-04:00,,-1,195.695,,7.1108,195.7809,195.6762,8.652,-8.191,-1.556,neutral,202.872,-0.8362,-1.9051
MSFT,MSFT-001,2024-07-18T08:00:00-04:00,2024-07-18T11:00:00-04:00,3,446.2,434.9,7.4293,444.8941,445.1105,11.666,9.647,13.65,neutral,450.8325,-0.7283,-0.7081
MSFT,MSFT-002,2024-07-19T10:00:00-04:00,2024-07-19T16:00:00-04:00,6,439.225,437.4999,7.6308,436.7475,438.3758,-7.523,13.558,47.211,neutral,449.8868,-0.9457,-1.881
MSFT,MSFT-003,2024-07-22T10:00:00-04:00,2024-07-22T15:00:00-04:00,5,442.56,442.86,7.7386,440.5328,439.4112,36.199,1.458,16.231,neutral_up,448.7235,-1.1633,-2.8373
MSFT,MSFT-004,2024-07-23T07:00:00-04:00,2024-07-24T09:00:00-04:00,18,444.0,439.415,7.7223,443.1057,441.9679,34.484,1.379,18.361,neutral_up,448.1904,-0.533,-2.6421
MSFT,MSFT-005,2024-07-25T14:00:00-04:00,2024-07-25T15:00:00-04:00,1,420.955,418.4,8.2556,424.8478,428.3851,-61.792,-11.468,13.516,neutral_down,446.161,-1.7221,-2.5625
MSFT,MSFT-006,2024-07-29T13:00:00-04:00,2024-07-30T12:00:00-04:00,15,427.99,418.17,8.7653,427.7447,426.7278,18.104,-1.826,-2.01,neutral,441.9875,-1.6498,-5.8956
MSFT,MSFT-007,2024-08-01T06:00:00-04:00,2024-08-02T05:00:00-04:00,15,420.2,409.45,8.9812,418.9568,417.91,18.664,0.197,6.017,neutral,437.0814,-1.8721,-4.9062
MSFT,MSFT-008,2024-08-05T10:00:00-04:00,2024-08-05T11:00:00-04:00,1,396.725,398.79,9.605,395.5464,400.8967,-35.876,18.309,50.676,neutral_down,432.8267,-2.4337,-6.1268
MSFT,MSFT-009,2024-08-06T06:00:00-04:00,2024-08-07T09:00:00-04:00,19,400.42,408.9184,10.5553,398.9511,399.4027,2.922,3.525,-3.374,neutral,429.4088,-3.4179,-7.6726
MSFT,MSFT-010,2024-08-08T15:00:00-04:00,2024-08-08T17:00:00-04:00,2,403.02,403.39,10.6944,402.4576,401.666,15.708,-2.108,-4.173,neutral,424.1068,-2.5767,-8.7199
MSFT,MSFT-011,2024-08-09T08:00:00-04:00,2024-08-13T10:00:00-04:00,34,403.29,412.12,10.4677,404.6001,403.541,12.628,-15.749,-27.861,neutral,422.1898,-1.917,-7.219
MSFT,MSFT-012,2024-08-14T12:00:00-04:00,2024-08-15T09:00:00-04:00,13,416.45,420.63,9.6106,415.5133,413.9237,47.664,-3.857,3.419,neutral_up,418.9648,-0.5005,-3.225
MSFT,MSFT-013,2024-08-15T10:00:00-04:00,2024-08-15T17:00:00-04:00,7,418.4675,420.4,9.3009,418.4094,417.04,45.17,-18.184,7.059,neutral_up,418.7516,-0.2132,-1.9682
MSFT,MSFT-014,2024-08-16T09:00:00-04:00,2024-08-16T16:00:00-04:00,7,417.8,418.1016,8.9573,420.2829,419.7249,-10.252,-26.634,-65.125,neutral,418.9651,0.2135,-0.5002
MSFT,MSFT-015,2024-08-19T10:00:00-04:00,2024-08-19T17:00:00-04:00,7,418.2,421.6,8.606,418.679,418.7967,-1.94,-12.965,1.719,neutral,418.9265,-0.0386,-0.0383
MSFT,MSFT-016,2024-08-21T04:00:00-04:00,2024-08-21T05:00:00-04:00,1,424.68,426.0,8.0771,424.415,423.2969,44.268,-8.871,-13.101,neutral_up,419.6861,0.5184,0.721
MSFT,MSFT-017,2024-08-21T08:00:00-04:00,2024-08-22T12:00:00-04:00,20,425.6,417.07,8.0771,425.0721,424.013,40.649,0.334,-12.078,neutral_up,419.6861,0.5184,0.721
MSFT,MSFT-018,2024-08-23T14:00:00-04:00,2024-08-26T04:00:00-04:00,6,414.4,417.43,8.1448,415.6159,417.2814,-50.526,2.681,0.907,neutral_down,419.6812,-0.4061,0.5135
MSFT,MSFT-019,2024-08-26T10:00:00-04:00,2024-08-26T15:00:00-04:00,5,414.04,413.61,8.0752,415.9254,416.59,-36.109,-14.983,-27.916,neutral_down,419.3993,-0.2819,-0.2868
MSFT,MSFT-020,2024-08-27T10:00:00-04:00,2024-08-28T12:00:00-04:00,18,412.9,410.25,7.9227,413.0694,413.8514,-26.625,7.569,-11.79,neutral_down,418.873,-0.5263,-1.2144
MSFT,MSFT-021,2024-08-30T14:00:00-04:00,2024-09-03T13:00:00-04:00,15,413.79,410.97,7.9244,414.3719,414.5713,-15.273,3.839,-16.333,neutral,417.2937,-0.4114,-1.5793
MSFT,MSFT-022,2024-09-04T14:00:00-04:00,2024-09-06T13:00:00-04:00,31,408.925,401.695,8.1035,408.7341,409.6233,-10.823,0.304,2.243,neutral,416.5744,-0.7034,-1.1306
MSFT,MSFT-023,2024-09-10T08:00:00-04:00,2024-09-10T09:00:00-04:00,1,408.9,414.27,7.9937,407.3964,406.3449,38.245,5.036,14.852,neutral_up,413.2165,-0.7497,-2.6512
MSFT,MSFT-024,2024-09-11T11:00:00-04:00,2024-09-11T14:00:00-04:00,3,413.79,420.6532,8.1806,413.6175,412.5103,13.635,4.761,-36.395,neutral,413.3087,0.0921,-1.8801
MSFT,MSFT-025,2024-09-16T10:00:00-04:00,2024-09-17T04:00:00-04:00,10,429.79,438.16,8.3977,430.3582,429.2647,26.917,-16.965,-10.974,neutral_up,416.7404,1.383,3.4318
MSFT,MSFT-026,2024-09-18T05:00:00-04:00,2024-09-18T11:00:00-04:00,6,436.8,430.925,8.3366,435.9898,435.2645,21.241,5.894,11.163,neutral,419.6298,1.553,4.2723
MSFT,MSFT-027,2024-09-18T14:00:00-04:00,2024-09-18T17:00:00-04:00,3,433.18,431.93,8.3366,433.382,434.1416,-25.269,10.647,20.939,neutral_down,419.6298,1.553,4.2723
MSFT,MSFT-028,2024-09-18T19:00:00-04:00,2024-09-19T04:00:00-04:00,1,435.0,437.39,8.3366,433.0319,433.5627,1.22,20.203,31.858,neutral,419.6298,1.553,4.2723
MSFT,MSFT-029,2024-09-20T06:00:00-04:00,2024-09-23T07:00:00-04:00,17,436.89,433.9,8.3281,438.0297,437.5021,0.014,-11.355,-21.676,neutral,422.2815,1.6399,4.2047
MSFT,MSFT-030,2024-09-23T08:00:00-04:00,2024-09-24T11:00:00-04:00,19,433.65,429.7,8.0918,434.7674,435.6876,-36.15,2.272,-28.865,neutral_down,423.4586,1.1771,3.8288
MSFT,MSFT-031,2024-09-25T11:00:00-04:00,2024-09-26T05:00:00-04:00,10,431.735,435.41,7.8991,430.4833,430.6437,16.349,9.96,37.157,neutral,424.8092,0.4496,2.5278
MSFT,MSFT-032,2024-09-27T12:00:00-04:00,2024-09-27T17:00:00-04:00,5,429.07,427.55,7.5534,430.3375,430.9925,-35.931,-2.41,-30.591,neutral_down,425.9978,0.5312,1.6381
MSFT,MSFT-033,2024-09-30T13:00:00-04:00,2024-10-01T09:00:00-04:00,12,428.0904,422.365,7.3267,427.6209,428.2059,-7.498,4.652,38.769,neutral,426.1825,0.1847,1.3733
MSFT,MSFT-034,2024-10-02T13:00:00-04:00,2024-10-02T17:00:00-04:00,4,418.27,417.77,7.4759,418.7932,420.6603,-52.338,9.383,7.883,neutral_down,426.0304,-0.53,0.0327
MSFT,MSFT-035,2024-10-02T18:00:00-04:00,2024-10-07T06:00:00-04:00,36,418.076,414.89,7.4759,418.1559,419.5877,-35.81,5.075,14.59,neutral_down,426.0304,-0.53,0.0327
MSFT,MSFT-036,2024-10-07T13:00:00-04:00,2024-10-07T14:00:00-04:00,1,413.29,409.39,7.0523,414.5077,415.4153,-41.438,-5.428,-20.822,neutral_down,423.6666,-0.7647,-2.3638
MSFT,MSFT-037,2024-10-09T13:00:00-04:00,2024-10-09T14:00:00-04:00,1,417.31,417.36,7.1537,416.9511,415.5811,43.995,-12.385,-2.565,neutral_up,421.7012,-0.6921,-2.7301
MSFT,MSFT-038,2024-10-10T04:00:00-04:00,2024-10-14T09:00:00-04:00,37,416.66,421.71,7.077,416.8718,416.2321,11.818,-1.752,-11.392,neutral,421.312,-0.3892,-2.3546
MSFT,MSFT-039,2024-10-15T10:00:00-04:00,2024-10-15T18:00:00-04:00,8,416.63,418.89,6.733,419.3598,419.0075,-5.99,-44.298,-38.556,neutral,420.294,-0.1184,-1.018
MSFT,MSFT-040,2024-10-16T06:00:00-04:00,2024-10-16T07:00:00-04:00,1,418.0,418.15,6.7678,418.7289,418.6624,0.046,-16.406,-9.653,neutral,420.1563,-0.1376,-0.6583
MSFT,MSFT-041,2024-10-16T08:00:00-04:00,2024-10-16T09:00:00-04:00,1,417.0,410.93,6.7678,418.2905,418.4689,-19.655,-13.789,-36.107,neutral,420.1563,-0.1376,-0.6583
MSFT,MSFT-042,2024-10-17T11:00:00-04:00,2024-10-17T12:00:00-04:00,1,418.56,417.7548,6.8772,417.6751,417.3532,9.608,9.453,-23.231,neutral,419.7903,-0.366,-0.6221
MSFT,MSFT-043,2024-10-17T14:00:00-04:00,2024-10-21T18:00:00-04:00,36,417.25,418.7,6.8772,417.6078,417.4045,1.916,-4.475,-7.693,neutral,419.7903,-0.366,-0.6221
MSFT,MSFT-044,2024-10-22T06:00:00-04:00,2024-10-22T09:00:00-04:00,3,416.98,426.33,6.5289,417.5312,417.4306,-9.03,-3.253,-41.853,neutral,419.3357,-0.0536,-0.4546
MSFT,MSFT-045,2024-10-23T13:00:00-04:00,2024-10-23T17:00:00-04:00,4,423.73,424.5,6.9582,427.4215,426.4181,-7.178,-32.153,-57.817,neutral,420.0743,0.7386,0.5631
MSFT,MSFT-046,2024-10-24T14:00:00-04:00,2024-10-25T09:00:00-04:00,11,424.48,431.47,7.0719,424.667,425.1295,-17.085,4.877,6.37,neutral,420.4875,0.4132,1.0983
MSFT,MSFT-047,2024-10-28T09:00:00-04:00,2024-10-28T14:00:00-04:00,5,428.94,426.9625,6.895,430.2558,429.2098,22.038,-26.607,-39.528,neutral,421.546,0.6774,1.4718
MSFT,MSFT-048,2024-10-29T13:00:00-04:00,2024-10-29T14:00:00-04:00,1,431.2,432.18,6.8054,429.2119,428.5554,51.448,5.835,44.098,neutral_up,422.0155,0.4695,1.528
MSFT,MSFT-049,2024-10-30T16:00:00-04:00,2024-10-30T18:00:00-04:00,2,435.4999,416.75,6.8457,435.6666,435.0868,-3.403,6.828,-10.43,neutral,422.9195,0.904,2.0509
MSFT,MSFT-050,2024-11-01T09:00:00-04:00,2024-11-04T14:00:00-05:00,21,410.37,408.12,8.2886,410.3637,412.932,-28.378,3.36,0.781,neutral_down,422.2947,-1.5985,0.2792
MSFT,MSFT-051,2024-11-04T15:00:00-05:00,2024-11-05T11:00:00-05:00,12,408.66,414.435,8.353,408.6631,409.8706,-26.049,7.554,16.902,neutral_down,421.178,-1.1168,-1.7416
MSFT,MSFT-052,2024-11-06T10:00:00-05:00,2024-11-06T14:00:00-05:00,4,416.2899,419.561,8.0107,415.6819,413.9103,40.441,-11.959,-27.84,neutral_up,419.2618,-0.7782,-3.033
MSFT,MSFT-053,2024-11-08T10:00:00-05:00,2024-11-11T04:00:00-05:00,10,423.87,422.4,8.0637,424.7197,423.7318,18.286,-15.813,-8.291,neutral,419.9082,0.5602,-0.1318
MSFT,MSFT-054,2024-11-11T08:00:00-05:00,2024-11-11T11:00:00-05:00,3,422.9619,418.7,7.8248,422.7549,422.9678,-4.082,3.931,17.558,neutral,420.1829,0.2747,0.9211
MSFT,MSFT-055,2024-11-12T12:00:00-05:00,2024-11-12T14:00:00-05:00,2,419.79,423.71,7.8952,418.9212,419.2876,5.676,4.509,26.584,neutral,420.0017,-0.1812,0.6537
MSFT,MSFT-056,2024-11-14T13:00:00-05:00,2024-11-15T10:00:00-05:00,13,426.14,416.69,8.0817,425.3514,424.7493,14.024,4.519,-7.226,neutral,420.7455,0.4594,0.5627
MSFT,MSFT-057,2024-11-18T13:00:00-05:00,2024-11-19T19:00:00-05:00,22,415.98,418.0,8.4453,416.0296,417.011,-20.107,1.835,-2.994,neutral,420.7005,-0.5891,0.4144
MSFT,MSFT-058,2024-11-21T10:00:00-05:00,2024-11-22T17:00:00-05:00,23,413.78,416.9804,8.0774,414.928,415.36,-14.689,-7.721,-7.493,neutral,419.5902,-0.422,-1.1103
MSFT,MSFT-059,2024-11-25T13:00:00-05:00,2024-11-26T10:00:00-05:00,13,416.46,425.64,8.0471,416.5846,416.1802,2.482,2.91,-7.594,neutral,418.7954,-0.1775,-1.2169
MSFT,MSFT-060,2024-11-27T12:00:00-05:00,2024-11-27T17:00:00-05:00,5,423.37,421.7886,8.0848,424.7753,424.1551,-3.06,-11.694,-34.117,neutral,419.5991,0.8051,0.6262
MSFT,MSFT-061,2024-11-29T12:00:00-05:00,2024-11-29T13:00:00-05:00,1,423.46,423.46,7.9094,422.1585,422.3957,11.569,7.976,52.363,neutral,419.9001,0.301,1.1047
MSFT,MSFT-062,2024-11-29T16:00:00-05:00,2024-12-02T10:00:00-05:00,7,423.1,431.195,7.9094,422.555,422.5477,13.373,-1.979,9.78,neutral,419.9001,0.301,1.1047
MSFT,MSFT-063,2024-12-03T13:00:00-05:00,2024-12-04T06:00:00-05:00,9,430.09,435.33,8.1248,430.3259,429.3743,21.031,-6.03,-15.177,neutral,421.2006,0.9769,1.6016
MSFT,MSFT-064,2024-12-05T08:00:00-05:00,2024-12-05T12:00:00-05:00,4,437.87,443.945,7.9285,437.7857,436.5238,37.918,-6.919,-10.768,neutral_up,423.4884,1.3842,3.2647
MSFT,MSFT-065,2024-12-06T12:00:00-05:00,2024-12-09T15:00:00-05:00,19,442.4,445.9,7.9686,442.9008,441.7415,20.67,-10.127,-38.341,neutral,425.2285,1.7401,4.0279
MSFT,MSFT-066,2024-12-09T16:00:00-05:00,2024-12-09T17:00:00-05:00,1,445.7,445.12,7.7087,445.2143,444.0469,33.651,-6.313,-15.841,neutral_up,426.8914,1.6629,4.7872
MSFT,MSFT-067,2024-12-10T11:00:00-05:00,2024-12-11T04:00:00-05:00,9,446.39,442.0,7.7173,445.6439,444.8433,33.469,-7.484,47.552,neutral_up,428.6194,1.7281,5.1311
MSFT,MSFT-068,2024-12-11T09:00:00-05:00,2024-12-11T10:00:00-05:00,1,446.15,448.44,7.7389,443.8041,443.8912,17.244,23.371,54.444,neutral,429.9704,1.351,4.7419
MSFT,MSFT-069,2024-12-13T17:00:00-05:00,2024-12-16T06:00:00-05:00,5,447.15,448.16,7.6403,447.5669,448.2478,-20.923,1.11,3.986,neutral,433.3076,1.6072,4.6882
MSFT,MSFT-070,2024-12-16T08:00:00-05:00,2024-12-16T19:00:00-05:00,11,447.51,450.7469,7.5124,447.7221,447.9966,-6.454,-4.519,-2.789,neutral,434.576,1.2684,4.6056
MSFT,MSFT-071,2024-12-17T09:00:00-05:00,2024-12-17T10:00:00-05:00,1,450.57,453.0,7.4687,450.1986,449.6485,19.298,1.506,0.946,neutral,436.1336,1.5576,4.4333
MSFT,MSFT-072,2024-12-18T11:00:00-05:00,2024-12-18T14:00:00-05:00,3,452.14,445.94,7.3438,452.2201,452.3798,-17.438,13.532,-14.569,neutral,437.8015,1.6679,4.4939
MSFT,MSFT-073,2024-12-19T18:00:00-05:00,2024-12-20T04:00:00-05:00,2,437.55,431.96,8.0664,438.7669,441.1521,-52.986,2.707,0.386,neutral_down,437.7523,-0.0492,3.1763
MSFT,MSFT-074,2024-12-23T14:00:00-05:00,2024-12-24T12:00:00-05:00,14,434.575,439.24,8.4897,435.2263,436.047,-19.266,-1.372,9.794,neutral,437.6272,-0.0657,-0.1742
MSFT,MSFT-075,2024-12-26T15:00:00-05:00,2024-12-27T09:00:00-05:00,10,438.11,430.47,8.0263,438.5821,437.9046,17.258,-13.128,-5.526,neutral,437.5831,0.1747,-0.1099
MSFT,MSFT-076,2024-12-31T09:00:00-05:00,2024-12-31T16:00:00-05:00,7,425.62,421.51,8.1003,426.0734,426.8442,-17.662,-4.078,-14.71,neutral,435.8936,-1.1074,-1.6895
MSFT,MSFT-077,2025-01-02T10:00:00-05:00,2025-01-02T12:00:00-05:00,2,421.73,416.12,7.9553,424.4836,424.6419,-11.549,-29.68,-53.577,neutral,434.566,-1.3275,-3.065
MSFT,MSFT-078,2025-01-07T08:00:00-05:00,2025-01-07T12:00:00-05:00,4,429.41,423.725,8.1968,429.0356,428.0157,29.243,-1.49,-5.3,neutral_up,431.8574,-0.3787,-2.7086
MSFT,MSFT-079,2025-01-08T13:00:00-05:00,2025-01-10T11:00:00-05:00,14,423.63,416.53,8.3149,424.0897,424.6088,-15.401,-0.235,-23.004,neutral,431.0058,-0.8516,-2.1169
MSFT,MSFT-080,2025-01-10T14:00:00-05:00,2025-01-10T16:00:00-05:00,2,421.15,418.87,8.1088,421.058,422.1915,-17.727,3.912,57.55,neutral,430.4326,-0.5733,-1.8036
MSFT,MSFT-081,2025-01-13T19:00:00-05:00,2025-01-14T04:00:00-05:00,1,418.7,419.8,8.2218,417.2893,417.5546,12.96,6.391,18.797,neutral,429.3851,-1.0475,-2.4723
MSFT,MSFT-082,2025-01-14T08:00:00-05:00,2025-01-15T07:00:00-05:00,15,418.17,416.7,8.1074,418.194,418.0062,6.592,-3.699,-19.476,neutral,428.2801,-1.105,-2.7258
MSFT,MSFT-083,2025-01-15T08:00:00-05:00,2025-01-15T09:00:00-05:00,1,421.15,423.9999,8.1726,417.3325,416.9995,36.023,34.837,42.491,neutral_up,427.1346,-1.1455,-3.298
MSFT,MSFT-084,2025-01-16T12:00:00-05:00,2025-01-17T06:00:00-05:00,10,426.91,425.92,8.4795,427.2054,425.6491,25.838,-5.716,-15.505,neutral_up,427.0551,-0.0795,-2.33
MSFT,MSFT-085,2025-01-17T08:00:00-05:00,2025-01-17T12:00:00-05:00,4,428.62,431.6982,8.2381,426.1232,425.6313,31.073,20.614,25.849,neutral_up,426.8264,-0.2286,-1.4536
MSFT,MSFT-086,2025-01-21T09:00:00-05:00,2025-01-22T05:00:00-05:00,12,426.48,434.73,8.3597,429.8977,429.1992,-1.303,-45.256,-42.25,neutral,427.0159,0.1894,-0.1187
MSFT,MSFT-087,2025-01-23T12:00:00-05:00,2025-01-24T07:00:00-05:00,11,442.775,446.8,8.8921,443.3615,442.0184,18.622,-6.746,-13.704,neutral,428.8888,1.7271,2.0624
MSFT,MSFT-088,2025-01-24T09:00:00-05:00,2025-01-24T19:00:00-05:00,10,444.655,443.2562,8.6316,445.7892,444.8378,16.91,-20.247,-12.889,neutral,430.508,1.6192,3.4921
MSFT,MSFT-089,2025-01-29T13:00:00-05:00,2025-01-29T17:00:00-05:00,4,442.59,418.99,9.81,443.8377,443.2222,-3.758,-3.335,-5.004,neutral,433.357,1.3663,2.849
MSFT,MSFT-090,2025-01-31T10:00:00-05:00,2025-02-03T04:00:00-05:00,10,417.229,408.7,10.9413,418.5639,420.6206,-29.179,-6.242,-7.577,neutral_down,432.3716,-1.7502,0.381
MSFT,MSFT-091,2025-02-03T14:00:00-05:00,2025-02-06T04:00:00-05:00,38,414.07,414.55,10.5755,412.7225,413.8393,-1.631,4.163,27.051,neutral,430.7942,-1.5774,-2.5628
MSFT,MSFT-092,2025-02-06T14:00:00-05:00,2025-02-06T16:00:00-05:00,2,415.02,415.54,9.4051,415.423,414.4164,25.902,-13.417,-31.654,neutral_up,426.188,-1.2908,-4.6062
MSFT,MSFT-093,2025-02-06T17:00:00-05:00,2025-02-07T04:00:00-05:00,3,414.6533,416.25,9.4051,415.3501,414.643,11.426,-11.207,-14.477,neutral,426.188,-1.2908,-4.6062
MSFT,MSFT-094,2025-02-07T08:00:00-05:00,2025-02-07T11:00:00-05:00,3,416.6,410.595,9.0847,416.2708,415.5411,29.465,-1.258,-1.48,neutral_up,425.2536,-0.9344,-3.742
MSFT,MSFT-095,2025-02-11T04:00:00-05:00,2025-02-11T05:00:00-05:00,1,410.89,410.86,8.9403,411.9834,412.274,-20.384,-12.389,-12.727,neutral,422.7874,-1.0577,-3.4006
MSFT,MSFT-096,2025-02-11T06:00:00-05:00,2025-02-11T12:00:00-05:00,6,411.4,410.07,8.9403,411.687,412.0777,-22.137,4.278,-14.141,neutral,422.7874,-1.0577,-3.4006
MSFT,MSFT-097,2025-02-11T15:00:00-05:00,2025-02-12T18:00:00-05:00,19,411.55,409.3,8.9403,410.9689,411.3575,-7.608,12.697,22.148,neutral,422.7874,-1.0577,-3.4006
MSFT,MSFT-098,2025-02-13T04:00:00-05:00,2025-02-14T17:00:00-05:00,29,408.68,408.11,8.4334,409.3005,409.7824,-20.59,-8.039,0.83,neutral,420.6007,-1.1651,-3.2444
MSFT,MSFT-099,2025-02-18T04:00:00-05:00,2025-02-18T05:00:00-05:00,1,409.7,409.74,7.9108,408.4855,408.6588,7.313,20.28,21.677,neutral,418.6521,-1.0322,-3.1137
MSFT,MSFT-100,2025-02-18T08:00:00-05:00,2025-02-19T14:00:00-05:00,22,409.88,414.76,7.9108,409.2494,409.0135,22.7,0.996,5.369,neutral,418.6521,-1.0322,-3.1137
MSFT,MSFT-101,2025-02-20T15:00:00-05:00,2025-02-21T13:00:00-05:00,14,416.13,410.44,7.6528,416.2495,414.9559,27.294,-8.328,-12.944,neutral_up,417.5589,-0.2739,-2.1254
MSFT,MSFT-102,2025-02-25T13:00:00-05:00,2025-02-25T14:00:00-05:00,1,398.47,398.05,7.9358,400.5039,402.7372,-64.564,-1.909,-6.313,accumulation,415.4487,-1.1359,-2.1102
MSFT,MSFT-103,2025-02-26T08:00:00-05:00,2025-02-27T15:00:00-05:00,23,399.17,392.58,7.8968,399.4275,400.4549,-25.33,-1.717,-4.224,neutral_down,413.8543,-1.5944,-3.5747
MSFT,MSFT-104,2025-02-28T14:00:00-05:00,2025-02-28T17:00:00-05:00,3,392.4,396.75,8.3988,391.7063,393.4011,-32.092,18.177,9.404,neutral_down,410.7456,-1.8166,-4.7031
MSFT,MSFT-105,2025-03-04T17:00:00-05:00,2025-03-05T04:00:00-05:00,3,390.3,391.2,8.88,388.1701,388.595,12.229,5.426,13.253,neutral,407.6018,-1.9072,-4.9604
MSFT,MSFT-106,2025-03-06T14:00:00-05:00,2025-03-07T11:00:00-05:00,13,395.06,386.5441,9.3498,396.8148,396.1446,-0.142,-11.392,-18.772,neutral,405.4502,-0.435,-4.0587
MSFT,MSFT-107,2025-03-07T15:00:00-05:00,2025-03-07T16:00:00-05:00,1,393.32,392.6,9.3586,392.3473,393.6698,-14.444,10.684,50.812,neutral,404.6847,-0.7655,-2.917
MSFT,MSFT-108,2025-03-11T11:00:00-04:00,2025-03-14T12:00:00-04:00,49,382.0,387.71,9.9815,381.1445,382.4433,-9.121,4.211,24.026,neutral,401.5233,-2.1283,-3.927
MSFT,MSFT-109,2025-03-17T11:00:00-04:00,2025-03-18T10:00:00-04:00,15,386.64,383.125,9.6579,387.1303,386.1507,19.216,-11.738,1.448,neutral,395.6476,-0.7108,-3.939
MSFT,MSFT-110,2025-03-19T10:00:00-04:00,2025-03-19T15:00:00-04:00,5,385.5,387.87,9.3493,384.7912,384.8117,16.986,-3.181,19.412,neutral,393.983,-1.0403,-2.3754
MSFT,MSFT-111,2025-03-20T08:00:00-04:00,2025-03-21T18:00:00-04:00,26,386.8,391.26,9.1172,387.2399,386.7785,1.497,-1.159,-35.389,neutral,393.4272,-0.5557,-2.2203
MSFT,MSFT-112,2025-03-25T05:00:00-04:00,2025-03-26T13:00:00-04:00,24,393.2,390.02,8.8158,392.8755,392.157,19.431,3.537,-0.555,neutral,392.7081,0.0202,-0.7192
MSFT,MSFT-113,2025-03-27T13:00:00-04:00,2025-03-28T10:00:00-04:00,13,389.7611,382.64,8.3295,390.1545,390.8563,-22.933,-0.133,-2.275,neutral,392.6432,-0.2823,-0.0447
MSFT,MSFT-114,2025-04-01T07:00:00-04:00,2025-04-01T09:00:00-04:00,2,373.55,378.17,8.6967,374.1634,374.9332,-12.337,-7.662,-6.991,neutral,389.7263,-1.4856,-2.9169
MSFT,MSFT-115,2025-04-02T11:00:00-04:00,2025-04-02T18:00:00-04:00,7,381.295,370.95,8.7626,380.7317,379.84,19.689,-0.274,20.674,neutral,389.0312,-0.6951,-3.4199
MSFT,MSFT-116,2025-04-03T19:00:00-04:00,2025-04-04T06:00:00-04:00,3,372.1,355.4,8.741,372.8695,374.12,-24.762,2.045,-4.851,neutral_down,388.402,-0.6292,-2.8099
MSFT,MSFT-117,2025-04-04T10:00:00-04:00,2025-04-04T12:00:00-04:00,2,367.9397,364.56,9.0281,367.649,370.0995,-19.674,6.178,77.687,neutral,387.0127,-1.3893,-2.7136
MSFT,MSFT-118,2025-04-07T10:00:00-04:00,2025-04-09T06:00:00-04:00,28,360.46,355.62,9.4625,355.7995,359.2468,-13.303,18.271,40.865,neutral,384.5315,-2.4812,-4.4996
MSFT,MSFT-119,2025-04-09T08:00:00-04:00,2025-04-09T12:00:00-04:00,4,352.4,365.94,11.5688,354.3007,356.727,-25.166,2.58,-3.422,neutral_down,379.6853,-2.4115,-7.3274
MSFT,MSFT-120,2025-04-10T17:00:00-04:00,2025-04-10T18:00:00-04:00,1,381.11,382.78,13.6086,380.1465,378.3936,15.579,0.433,13.836,neutral,380.6621,0.9768,-3.8694
MSFT,MSFT-121,2025-04-11T04:00:00-04:00,2025-04-14T05:00:00-04:00,17,379.91,391.4,14.253,380.3824,378.978,9.437,-3.524,-6.143,neutral,380.7056,0.0434,-1.3913
MSFT,MSFT-122,2025-04-14T09:00:00-04:00,2025-04-14T10:00:00-04:00,1,390.89,392.86,14.032,390.271,387.7615,36.198,-5.688,-13.638,neutral_up,381.3678,0.6622,1.6825
MSFT,MSFT-123,2025-04-14T11:00:00-04:00,2025-04-16T07:00:00-04:00,28,386.45,382.7,14.032,389.9211,388.0636,12.936,-27.432,-28.949,neutral,381.3678,0.6622,1.6825
MSFT,MSFT-124,2025-04-17T13:00:00-04:00,2025-04-17T19:00:00-04:00,6,371.0,368.16,13.648,371.779,373.9776,-38.746,2.001,13.126,neutral_down,381.3329,-0.9723,-0.0349
MSFT,MSFT-125,2025-04-24T04:00:00-04:00,2025-04-24T12:00:00-04:00,8,372.58,384.73,12.854,375.6198,374.2262,4.724,-22.683,-27.511,neutral,376.8594,-0.2809,-3.225
MSFT,MSFT-126,2025-04-25T13:00:00-04:00,2025-04-25T18:00:00-04:00,5,389.8524,391.3,12.9644,387.6915,385.5383,46.885,8.118,14.228,neutral_up,377.8058,0.9464,-0.3746
MSFT,MSFT-127,2025-04-28T11:00:00-04:00,2025-04-29T15:00:00-04:00,20,387.91,393.98,12.5784,390.2935,389.4292,-2.037,-21.168,-47.083,neutral,379.0617,1.2558,1.9213
MSFT,MSFT-128,2025-04-29T17:00:00-04:00,2025-04-29T19:00:00-04:00,2,394.33,394.3565,12.1158,393.5009,392.3635,36.999,-1.117,8.707,neutral_up,380.1615,1.0998,3.3021
MSFT,MSFT-129,2025-04-30T05:00:00-04:00,2025-04-30T09:00:00-04:00,4,394.23,385.07,11.5875,393.996,392.9861,30.292,-4.372,-2.429,neutral_up,381.4177,1.2562,3.6119
MSFT,MSFT-130,2025-04-30T15:00:00-04:00,2025-04-30T16:00:00-04:00,1,392.34,419.1,11.5875,390.89,391.4327,-4.528,15.075,23.814,neutral,381.4177,1.2562,3.6119
MSFT,MSFT-131,2025-05-02T04:00:00-04:00,2025-05-02T12:00:00-04:00,8,425.99,437.68,13.9911,426.5205,422.4388,32.699,-3.838,-0.007,neutral_up,386.2942,3.8836,6.1327
MSFT,MSFT-132,2025-05-05T12:00:00-04:00,2025-05-05T14:00:00-04:00,2,439.025,438.14,14.0138,435.5797,433.3825,58.052,9.523,32.548,neutral_up,390.7311,4.4369,9.3134
MSFT,MSFT-133,2025-05-05T15:00:00-04:00,2025-05-05T16:00:00-04:00,1,436.02,434.87,14.0138,436.3814,434.359,37.053,-15.903,-20.999,neutral_up,390.7311,4.4369,9.3134
MSFT,MSFT-134,2025-05-06T10:00:00-04:00,2025-05-08T12:00:00-04:00,34,435.665,443.062,13.5407,434.1791,434.1092,5.739,15.196,26.19,neutral,394.8483,4.1172,12.4376
MSFT,MSFT-135,2025-05-09T07:00:00-04:00,2025-05-12T05:00:00-04:00,14,438.62,447.35,12.4375,438.603,438.065,10.589,-2.099,5.821,neutral,404.8747,3.3365,10.0264
MSFT,MSFT-136,2025-05-13T08:00:00-04:00,2025-05-13T13:00:00-04:00,5,448.2,448.2,11.798,447.492,446.0558,31.368,2.932,2.577,neutral_up,411.7085,3.7451,10.1703
MSFT,MSFT-137,2025-05-13T14:00:00-04:00,2025-05-14T12:00:00-04:00,14,448.66,451.4446,11.798,448.2247,447.1238,22.716,0.855,-0.872,neutral,411.7085,3.7451,10.1703
MSFT,MSFT-138,2025-05-15T11:00:00-04:00,2025-05-19T11:00:00-04:00,32,455.35,457.25,10.9366,452.5969,451.4934,46.099,17.786,36.821,neutral_up,418.5277,3.4372,10.5643
MSFT,MSFT-139,2025-05-20T12:00:00-04:00,2025-05-21T17:00:00-04:00,21,456.81,452.0,10.1121,456.625,456.2103,3.507,6.879,1.684,neutral,427.7411,3.1119,9.2134
MSFT,MSFT-140,2025-05-22T12:00:00-04:00,2025-05-22T13:00:00-04:00,1,454.52,456.0,9.4849,454.9191,454.6356,13.762,-15.471,-16.665,neutral,432.5082,1.9872,7.879
MSFT,MSFT-141,2025-05-22T15:00:00-04:00,2025-05-22T17:00:00-04:00,2,455.06,454.01,9.4849,455.3514,454.9373,11.189,-9.387,-2.573,neutral,432.5082,1.9872,7.879
MSFT,MSFT-142,2025-05-23T15:00:00-04:00,2025-05-23T17:00:00-04:00,2,450.19,450.21,9.3696,451.4286,452.3059,-18.814,-11.069,7.387,neutral,434.5583,2.0502,6.8173
MSFT,MSFT-143,2025-05-23T19:00:00-04:00,2025-05-27T06:00:00-04:00,3,450.5,454.71,9.3696,450.7436,451.656,-22.986,3.241,-0.057,neutral,434.5583,2.0502,6.8173
MSFT,MSFT-144,2025-05-27T08:00:00-04:00,2025-05-27T10:00:00-04:00,2,455.3206,457.12,9.1396,453.8608,453.062,34.874,-5.705,7.938,neutral_up,435.9794,1.4211,5.4584
MSFT,MSFT-145,2025-05-28T11:00:00-04:00,2025-05-30T06:00:00-04:00,27,458.555,458.34,9.2554,459.7259,458.6731,12.899,-15.106,-38.208,neutral,438.2276,2.2482,5.7195
MSFT,MSFT-146,2025-05-30T07:00:00-04:00,2025-06-02T16:00:00-04:00,25,458.6,462.4112,8.809,458.288,458.5691,-3.234,3.837,10.516,neutral,441.6489,1.6801,5.6695
MSFT,MSFT-147,2025-06-02T17:00:00-04:00,2025-06-03T05:00:00-04:00,4,461.88,460.3,8.6183,461.2766,460.3409,33.089,-3.411,5.66,neutral_up,443.2799,1.631,5.0523
MSFT,MSFT-148,2025-06-03T08:00:00-04:00,2025-06-04T18:00:00-04:00,26,461.5,464.7,8.3756,461.1177,460.6735,15.281,2.65,12.03,neutral,444.9835,1.7036,5.0148
MSFT,MSFT-149,2025-06-05T05:00:00-04:00,2025-06-05T16:00:00-04:00,11,464.03,468.19,7.6299,464.322,463.8163,14.458,-8.299,-14.605,neutral,448.2028,1.5687,4.923
MSFT,MSFT-150,2025-06-06T13:00:00-04:00,2025-06-09T19:00:00-04:00,22,470.94,471.63,7.4964,470.2281,468.9178,33.883,2.497,-24.226,neutral_up,449.9671,1.7643,4.9836
MSFT,MSFT-151,2025-06-10T08:00:00-04:00,2025-06-11T12:00:00-04:00,20,471.98,474.535,7.187,471.7254,471.2375,20.297,-0.701,5.853,neutral,453.708,1.9052,5.5052
MSFT,MSFT-152,2025-06-11T14:00:00-04:00,2025-06-11T15:00:00-04:00,1,472.04,472.9,7.0908,472.5023,471.6489,22.459,-15.835,-23.715,neutral,455.2737,1.5656,5.3065
MSFT,MSFT-153,2025-06-12T09:00:00-04:00,2025-06-12T12:00:00-04:00,3,475.1,478.69,6.9996,474.2012,473.2514,32.206,-2.789,11.863,neutral_up,456.8761,1.6024,5.0732
MSFT,MSFT-154,2025-06-13T10:00:00-04:00,2025-06-13T15:00:00-04:00,5,476.4315,474.96,7.0365,476.0156,475.7709,10.744,-1.316,29.779,neutral,458.8901,2.014,5.182
MSFT,MSFT-155,2025-06-13T19:00:00-04:00,2025-06-16T11:00:00-04:00,8,474.1837,480.26,7.0365,474.8668,475.2879,-18.252,-0.615,-6.075,neutral,458.8901,2.014,5.182
MSFT,MSFT-156,2025-06-17T15:00:00-04:00,2025-06-18T05:00:00-04:00,6,478.04,478.77,6.9026,476.7331,476.5122,19.325,7.804,7.738,neutral,462.0591,1.7081,5.183
MSFT,MSFT-157,2025-06-18T08:00:00-04:00,2025-06-23T13:00:00-04:00,37,477.78,486.7928,6.7709,477.6543,477.2308,13.887,-1.867,-14.356,neutral,463.5119,1.4528,4.6218
MSFT,MSFT-158,2025-06-24T17:00:00-04:00,2025-06-24T18:00:00-04:00,1,490.4,489.8363,7.3497,489.9406,487.9804,42.589,-0.936,-16.501,neutral_up,467.9393,1.7981,4.4274
MSFT,MSFT-159,2025-06-25T04:00:00-04:00,2025-06-26T06:00:00-04:00,18,489.94,493.9,7.2482,489.9735,488.4839,32.88,-3.586,-9.709,neutral_up,469.9557,2.0164,4.9231
MSFT,MSFT-160,2025-06-26T08:00:00-04:00,2025-06-26T14:00:00-04:00,6,494.0,497.31,7.0994,493.3418,492.1957,42.335,-4.504,1.989,neutral_up,471.9998,2.044,5.8585
MSFT,MSFT-161,2025-06-27T09:00:00-04:00,2025-07-01T13:00:00-04:00,36,496.98,493.2574,6.9923,497.1154,496.0364,29.034,-10.021,-14.512,neutral_up,474.3007,2.3009,6.3614
MSFT,MSFT-162,2025-07-02T14:00:00-04:00,2025-07-03T10:00:00-04:00,12,490.16,498.565,6.8498,490.8616,491.9443,-32.128,-4.487,-8.131,neutral_down,479.4293,1.2671,5.1286
MSFT,MSFT-163,2025-07-07T18:00:00-04:00,2025-07-09T07:00:00-04:00,21,497.2,500.92,6.8788,497.3986,496.9026,8.022,-1.707,-6.509,neutral,482.1483,1.6699,3.9861
MSFT,MSFT-164,2025-07-09T08:00:00-04:00,2025-07-09T09:00:00-04:00,1,499.9512,505.54,6.4636,498.7033,497.7668,51.698,-11.931,42.798,neutral_up,484.7636,1.1896,4.2851
MSFT,MSFT-165,2025-07-10T09:00:00-04:00,2025-07-11T06:00:00-04:00,13,501.37,499.6,6.7248,502.347,501.5826,9.379,-13.605,-22.042,neutral,486.4651,1.7015,4.3167
MSFT,MSFT-166,2025-07-11T08:00:00-04:00,2025-07-11T13:00:00-04:00,5,499.56,504.12,6.7223,500.353,500.81,-29.933,-1.318,-4.793,neutral_down,487.8337,1.3686,4.2598
MSFT,MSFT-167,2025-07-11T15:00:00-04:00,2025-07-11T16:00:00-04:00,1,503.17,503.32,6.7223,502.7068,501.9921,31.694,-6.436,-18.25,neutral_up,487.8337,1.3686,4.2598
MSFT,MSFT-168,2025-07-14T11:00:00-04:00,2025-07-15T12:00:00-04:00,17,502.93,506.445,6.7589,502.3581,502.2102,12.484,4.685,28.85,neutral,489.2279,1.3942,4.4643
MSFT,MSFT-169,2025-07-16T10:00:00-04:00,2025-07-17T10:00:00-04:00,16,504.29,511.22,6.4164,504.519,504.4029,-3.966,1.901,-12.673,neutral,491.8572,1.3828,4.0235
MSFT,MSFT-170,2025-07-18T12:00:00-04:00,2025-07-21T04:00:00-04:00,8,509.8312,509.1,6.4129,511.1268,510.6872,-10.585,-6.01,-42.247,neutral,494.8075,1.7073,4.333
MSFT,MSFT-171,2025-07-21T09:00:00-04:00,2025-07-22T14:00:00-04:00,21,511.51,506.26,6.4698,509.6309,509.9658,-8.391,36.828,11.438,neutral,496.185,1.3775,4.3277
MSFT,MSFT-172,2025-07-23T12:00:00-04:00,2025-07-24T05:00:00-04:00,9,503.745,506.17,6.4359,504.8951,506.218,-47.488,3.659,6.346,neutral_down,498.1864,0.7274,3.379
MSFT,MSFT-173,2025-07-24T08:00:00-04:00,2025-07-24T10:00:00-04:00,2,505.77,510.1463,6.4112,505.9094,506.0798,-6.265,-1.23,-8.262,neutral,498.894,0.7076,2.7091
MSFT,MSFT-174,2025-07-25T13:00:00-04:00,2025-07-25T14:00:00-04:00,1,516.9,517.36,6.5033,513.5858,511.9492,74.421,24.464,34.381,distribution,499.9809,1.0869,2.5219
MSFT,MSFT-175,2025-07-25T15:00:00-04:00,2025-07-25T17:00:00-04:00,2,513.79,514.49,6.5033,514.2305,512.5638,53.59,-31.874,3.633,neutral_up,499.9809,1.0869,2.5219
MSFT,MSFT-176,2025-07-28T08:00:00-04:00,2025-07-28T14:00:00-04:00,6,515.56,510.18,6.6052,514.9088,513.9262,29.911,2.566,-7.587,neutral_up,501.2363,1.2554,3.0499
MSFT,MSFT-177,2025-07-28T15:00:00-04:00,2025-07-28T16:00:00-04:00,1,512.51,512.66,6.6052,512.6124,513.0724,-26.613,15.9,-6.675,neutral_down,501.2363,1.2554,3.0499
MSFT,MSFT-178,2025-07-28T19:00:00-04:00,2025-07-29T04:00:00-04:00,1,513.41,513.45,6.6052,512.9579,513.1006,3.053,4.028,20.05,neutral,501.2363,1.2554,3.0499
MSFT,MSFT-179,2025-07-29T08:00:00-04:00,2025-07-30T16:00:00-04:00,24,513.5,551.53,6.482,513.2594,513.221,4.238,2.302,-4.328,neutral,502.2612,1.0249,3.3672
MSFT,MSFT-180,2025-08-05T13:00:00-04:00,2025-08-05T14:00:00-04:00,1,532.38,528.96,9.7285,534.1326,534.3769,-30.05,1.007,-18.238,neutral_down,510.8969,2.4573,6.6815
MSFT,MSFT-181,2025-08-07T09:00:00-04:00,2025-08-07T14:00:00-04:00,5,525.35,518.86,9.6035,527.1451,527.7405,-14.929,-18.895,-25.399,neutral,513.5548,1.1285,5.1152
MSFT,MSFT-182,2025-08-08T12:00:00-04:00,2025-08-12T13:00:00-04:00,33,521.63,529.19,9.6703,521.7734,522.7238,-21.622,3.306,-4.805,neutral,514.2407,0.6859,3.3438
MSFT,MSFT-183,2025-08-14T15:00:00-04:00,2025-08-18T04:00:00-04:00,21,522.56,521.26,9.5222,522.65,523.4457,-20.449,6.592,-15.107,neutral,517.1959,0.3384,2.2389
MSFT,MSFT-184,2025-08-18T09:00:00-04:00,2025-08-18T10:00:00-04:00,1,519.195,518.18,9.0973,520.734,521.5669,-31.351,-10.992,-11.582,neutral_down,517.8978,0.2142,1.0403
MSFT,MSFT-185,2025-08-21T11:00:00-04:00,2025-08-22T18:00:00-04:00,23,506.525,507.2649,8.8641,505.4897,506.479,-13.156,13.99,41.246,neutral,516.0359,-1.0576,-1.8618
MSFT,MSFT-186,2025-08-25T05:00:00-04:00,2025-08-26T04:00:00-04:00,15,505.7,504.73,8.563,506.8688,506.6021,-3.495,-14.763,-18.701,neutral,514.2413,-0.7141,-2.8523
MSFT,MSFT-187,2025-08-26T07:00:00-04:00,2025-08-26T11:00:00-04:00,4,504.07,502.34,8.242,504.6157,505.1936,-27.491,-4.006,-3.771,neutral_down,513.3521,-0.8892,-2.6839
MSFT,MSFT-188,2025-08-27T09:00:00-04:00,2025-08-27T13:00:00-04:00,4,500.265,506.32,8.1153,502.5301,502.8947,-19.077,-33.944,-17.786,neutral,512.3255,-1.0266,-2.6299
MSFT,MSFT-189,2025-08-28T14:00:00-04:00,2025-08-29T19:00:00-04:00,21,509.5615,506.7,8.0635,508.1075,507.0639,33.211,9.812,11.668,neutral_up,511.8032,-0.5223,-2.4381
MSFT,MSFT-190,2025-09-02T17:00:00-04:00,2025-09-04T16:00:00-04:00,31,504.03,508.31,7.6926,503.2366,504.1618,-11.006,9.171,21.616,neutral,511.1821,-0.4262,-1.1434
MSFT,MSFT-191,2025-09-09T04:00:00-04:00,2025-09-11T06:00:00-04:00,34,500.0,502.49,8.2098,499.1407,499.2301,8.041,5.483,19.289,neutral,507.6554,-0.9405,-2.496
MSFT,MSFT-192,2025-09-11T08:00:00-04:00,2025-09-11T17:00:00-04:00,9,502.351,513.84,7.8456,501.5083,500.9923,21.542,1.421,9.518,neutral,506.2177,-0.6008,-2.3782
MSFT,MSFT-193,2025-09-15T05:00:00-04:00,2025-09-15T15:00:00-04:00,10,508.13,515.45,7.9264,509.4685,508.4966,4.001,-9.702,-26.092,neutral,506.1333,0.3717,-0.6853
MSFT,MSFT-194,2025-09-17T13:00:00-04:00,2025-09-18T05:00:00-04:00,8,509.5125,513.5,8.0114,509.0389,510.1213,-25.95,14.98,27.236,neutral_down,507.1774,0.1972,1.4158
MSFT,MSFT-195,2025-09-18T09:00:00-04:00,2025-09-18T12:00:00-04:00,3,510.07,509.505,7.822,511.3361,510.933,3.808,-17.998,-36.733,neutral,507.4258,0.2484,1.2926
MSFT,MSFT-196,2025-09-18T14:00:00-04:00,2025-09-18T16:00:00-04:00,2,508.82,508.45,7.822,509.7898,510.2496,-23.186,0.449,-6.08,neutral,507.4258,0.2484,1.2926
MSFT,MSFT-197,2025-09-19T11:00:00-04:00,2025-09-19T12:00:00-04:00,1,511.88,512.335,7.6497,511.1352,510.4603,37.234,-12.216,43.78,neutral_up,507.5026,0.0767,0.5223
MSFT,MSFT-198,2025-09-22T13:00:00-04:00,2025-09-23T12:00:00-04:00,15,514.535,510.43,7.8912,514.8705,514.259,6.987,-2.787,-13.858,neutral,508.4569,0.9543,1.2795
MSFT,MSFT-199,2025-09-24T11:00:00-04:00,2025-09-25T18:00:00-04:00,23,508.27,506.425,7.6859,509.5601,510.5732,-35.183,-6.016,-16.568,neutral_down,509.0513,0.0569,1.5487
MSFT,MSFT-200,2025-09-26T04:00:00-04:00,2025-09-29T04:00:00-04:00,16,509.87,513.07,7.3509,507.5741,508.119,0.165,34.108,36.789,neutral,508.9443,-0.1914,-0.0501
MSFT,MSFT-201,2025-09-29T08:00:00-04:00,2025-09-29T10:00:00-04:00,2,513.44,514.25,7.3487,512.2936,511.0241,41.353,-0.639,4.17,neutral_up,509.181,0.2367,0.1297
MSFT,MSFT-202,2025-09-29T18:00:00-04:00,2025-09-29T19:00:00-04:00,1,514.31,514.58,7.3487,514.264,513.1669,24.613,-4.015,-6.989,neutral_up,509.181,0.2367,0.1297
MSFT,MSFT-203,2025-09-30T04:00:00-04:00,2025-10-01T16:00:00-04:00,28,513.95,518.68,7.3927,514.2518,513.3549,18.038,-6.509,-10.59,neutral,509.6736,0.4926,0.5379
MSFT,MSFT-204,2025-10-02T11:00:00-04:00,2025-10-03T05:00:00-04:00,10,514.195,517.0,7.5678,517.0524,517.0273,-23.025,-15.314,-43.598,neutral,511.2592,0.8341,2.0782
MSFT,MSFT-205,2025-10-03T07:00:00-04:00,2025-10-06T10:00:00-04:00,19,516.5,524.25,7.8073,516.5347,516.613,0.151,-2.617,4.206,neutral,511.6547,0.3955,1.9811
MSFT,MSFT-206,2025-10-08T11:00:00-04:00,2025-10-09T12:00:00-04:00,17,524.84,518.08,8.0936,524.5638,524.4727,6.366,0.834,9.788,neutral,514.596,0.9374,2.9413
MSFT,MSFT-207,2025-10-10T10:00:00-04:00,2025-10-10T12:00:00-04:00,2,519.41,514.3488,7.7654,521.6792,522.1404,-22.668,-23.588,-17.094,neutral,516.1367,0.6103,2.4781
MSFT,MSFT-208,2025-10-14T11:00:00-04:00,2025-10-15T06:00:00-04:00,11,511.26,514.81,7.9802,510.9763,512.4033,-26.052,10.949,17.672,neutral_down,515.5466,-0.1577,0.0202
MSFT,MSFT-209,2025-10-15T11:00:00-04:00,2025-10-17T06:00:00-04:00,27,514.72,508.07,8.0732,514.9151,514.2078,18.948,-11.171,-9.009,neutral,515.3797,-0.167,-0.7571
MSFT,MSFT-210,2025-10-17T08:00:00-04:00,2025-10-17T19:00:00-04:00,11,510.1,514.6887,8.0608,509.893,511.1757,-23.877,9.78,21.907,neutral_down,514.896,-0.3346,-0.6506
MSFT,MSFT-211,2025-10-20T14:00:00-04:00,2025-10-21T05:00:00-04:00,7,516.64,517.08,8.0686,516.1889,514.8763,34.274,-6.798,-7.889,neutral_up,514.77,-0.126,-0.6097
MSFT,MSFT-212,2025-10-21T08:00:00-04:00,2025-10-22T09:00:00-04:00,17,517.15,522.44,7.8687,516.997,516.2096,26.198,-2.092,-1.24,neutral_up,514.9573,0.1873,-0.2733
MSFT,MSFT-213,2025-10-23T09:00:00-04:00,2025-10-27T04:00:00-04:00,27,521.9,529.25,7.6966,521.4338,520.6051,23.106,-0.656,-7.832,neutral,515.6918,0.4788,0.9218
MSFT,MSFT-214,2025-10-28T08:00:00-04:00,2025-10-28T09:00:00-04:00,1,533.75,546.32,7.5981,532.7876,531.2487,42.757,7.32,0.368,neutral_up,518.134,1.3276,2.4422
MSFT,MSFT-215,2025-10-29T13:00:00-04:00,2025-10-29T17:00:00-04:00,4,538.92,516.67,8.6489,540.3096,540.1173,-14.567,0.353,-6.33,neutral,520.3046,2.1705,4.1675
MSFT,MSFT-216,2025-10-30T18:00:00-04:00,2025-10-31T14:00:00-04:00,12,525.87,517.29,8.7126,526.4832,528.3359,-11.409,-2.76,7.645,neutral,522.3278,2.0232,5.5214
MSFT,MSFT-217,2025-11-03T10:00:00-05:00,2025-11-04T06:00:00-05:00,12,519.9709,513.31,9.8839,520.0827,520.8631,-1.581,-5.876,6.95,neutral,522.2033,-0.4383,1.8987
MSFT,MSFT-218,2025-11-04T14:00:00-05:00,2025-11-05T15:00:00-05:00,17,513.69,506.99,9.9186,513.3049,514.9343,-25.149,10.217,4.11,neutral_down,521.7339,-0.4694,-0.5939
MSFT,MSFT-219,2025-11-07T13:00:00-05:00,2025-11-10T05:00:00-05:00,8,494.915,502.05,9.8541,495.6204,497.833,-43.503,3.956,7.389,neutral_down,517.7779,-2.0418,-3.956
MSFT,MSFT-220,2025-11-11T08:00:00-05:00,2025-11-11T18:00:00-05:00,10,504.39,508.0901,9.6123,504.6988,503.6104,15.885,-2.27,-20.42,neutral,514.997,-0.8847,-4.8227
MSFT,MSFT-221,2025-11-13T11:00:00-05:00,2025-11-13T12:00:00-05:00,1,508.62,507.37,9.6655,509.9932,509.3353,5.217,-13.277,-21.332,neutral,514.1603,-0.2751,-1.7214
MSFT,MSFT-222,2025-11-17T13:00:00-05:00,2025-11-18T06:00:00-05:00,9,506.56,500.82,10.1553,508.4048,508.1776,-6.814,-11.634,-7.823,neutral,512.919,-0.2519,-1.5165
MSFT,MSFT-223,2025-11-19T09:00:00-05:00,2025-11-20T06:00:00-05:00,13,494.67,491.5,10.7139,493.6334,495.4959,-19.927,11.542,5.409,neutral,510.7313,-1.6941,-2.4396
MSFT,MSFT-224,2025-11-20T08:00:00-05:00,2025-11-20T12:00:00-05:00,4,493.01,480.445,10.8313,491.5954,491.7649,10.559,2.082,13.691,neutral,508.572,-2.1593,-4.347
MSFT,MSFT-225,2025-11-21T15:00:00-05:00,2025-11-25T18:00:00-05:00,35,472.24,477.969,11.3483,474.4866,477.5877,-39.593,-5.05,9.937,neutral_down,505.8164,-2.7556,-6.6091
MSFT,MSFT-226,2025-12-01T08:00:00-05:00,2025-12-01T18:00:00-05:00,10,489.63,486.53,11.0502,489.5668,488.411,14.325,4.054,-7.888,neutral,496.4314,-0.4511,-3.6986
MSFT,MSFT-227,2025-12-02T05:00:00-05:00,2025-12-02T18:00:00-05:00,13,487.45,490.49,10.7804,487.3618,487.6986,-9.534,4.856,9.846,neutral,495.5585,-0.8729,-2.4632
MSFT,MSFT-228,2025-12-03T05:00:00-05:00,2025-12-03T06:00:00-05:00,1,489.76,489.65,10.5232,490.1364,489.5334,11.588,-7.305,-11.756,neutral,495.0587,-0.4999,-1.8239
MSFT,MSFT-229,2025-12-03T07:00:00-05:00,2025-12-03T09:00:00-05:00,2,489.7,477.005,10.5232,489.9713,489.5582,4.887,-1.958,-14.006,neutral,495.0587,-0.4999,-1.8239
MSFT,MSFT-230,2025-12-04T13:00:00-05:00,2025-12-08T09:00:00-05:00,28,478.535,489.1,10.833,478.963,480.6064,-30.73,1.947,12.929,neutral_down,493.4842,-1.5744,-2.9471
MSFT,MSFT-231,2025-12-09T12:00:00-05:00,2025-12-10T09:00:00-05:00,13,489.77,480.492,9.933,490.6713,489.4189,22.674,-16.755,-17.466,neutral,491.4538,-0.0334,-2.0304
MSFT,MSFT-232,2025-12-11T11:00:00-05:00,2025-12-11T15:00:00-05:00,4,479.39,483.69,10.0177,478.0924,479.6602,-7.173,4.177,47.889,neutral,490.3283,-1.1807,-1.159
MSFT,MSFT-233,2025-12-12T12:00:00-05:00,2025-12-12T14:00:00-05:00,2,478.46,478.54,10.0285,480.031,480.8764,-31.719,3.462,-28.231,neutral_down,489.7248,-0.6035,-1.7291
MSFT,MSFT-234,2025-12-15T09:00:00-05:00,2025-12-15T12:00:00-05:00,3,475.59,474.21,9.8372,477.999,478.8312,-28.641,-22.573,-20.772,neutral_down,488.6907,-1.0341,-2.8182
MSFT,MSFT-235,2025-12-15T13:00:00-05:00,2025-12-15T16:00:00-05:00,3,474.0,474.78,9.8372,475.689,477.3283,-51.036,0.467,-5.509,neutral_down,488.6907,-1.0341,-2.8182
MSFT,MSFT-236,2025-12-16T09:00:00-05:00,2025-12-18T10:00:00-05:00,33,474.8076,487.58,9.7203,474.0063,474.9985,-16.942,13.969,14.295,neutral,487.4288,-1.2619,-2.8994
MSFT,MSFT-237,2025-12-19T10:00:00-05:00,2025-12-30T18:00:00-05:00,99,484.46,488.81,9.5131,484.7708,483.5713,23.235,-11.357,-4.114,neutral,485.326,-0.1446,-2.1028
MSFT,MSFT-238,2025-12-31T04:00:00-05:00,2025-12-31T15:00:00-05:00,11,486.8,483.65,7.3261,487.9986,487.611,5.79,-26.589,-21.58,neutral,486.1186,0.1431,0.4479
MSFT,MSFT-239,2026-01-02T08:00:00-05:00,2026-01-02T10:00:00-05:00,2,485.81,474.06,7.1485,485.3103,485.602,2.474,2.464,11.017,neutral,485.8942,-0.2244,0.0313
MSFT,MSFT-240,2026-01-05T14:00:00-05:00,2026-01-06T15:00:00-05:00,17,473.97,478.51,7.6736,474.0208,475.1096,-15.809,-4.13,15.055,neutral,484.7156,-1.1786,-1.2598
MSFT,MSFT-241,2026-01-09T10:00:00-05:00,2026-01-09T18:00:00-05:00,8,473.95,478.96,7.9594,475.7961,477.3755,-61.091,3.462,-16.347,neutral_down,482.7455,-0.4605,-0.8978
MSFT,MSFT-242,2026-01-12T04:00:00-05:00,2026-01-12T05:00:00-05:00,1,475.75,475.9,7.9351,477.9244,477.9599,-11.652,-29.513,-29.793,neutral,482.4277,-0.3178,-0.7489
MSFT,MSFT-243,2026-01-12T09:00:00-05:00,2026-01-12T10:00:00-05:00,1,479.98,479.14,7.9351,477.4422,477.5842,6.877,33.822,38.047,neutral,482.4277,-0.3178,-0.7489
MSFT,MSFT-244,2026-01-12T14:00:00-05:00,2026-01-13T05:00:00-05:00,7,479.8,475.14,7.9351,478.4021,478.0594,19.391,11.775,2.68,neutral,482.4277,-0.3178,-0.7489
MSFT,MSFT-245,2026-01-13T08:00:00-05:00,2026-01-13T09:00:00-05:00,1,476.2,472.965,7.7476,475.9548,476.6514,-21.318,12.111,12.523,neutral,481.9516,-0.4762,-1.2545
MSFT,MSFT-246,2026-01-15T12:00:00-05:00,2026-01-16T04:00:00-05:00,8,459.1749,457.38,8.3937,460.2825,461.8378,-32.475,-4.053,3.597,neutral_down,478.9714,-1.9591,-3.4563
MSFT,MSFT-247,2026-01-16T09:00:00-05:00,2026-01-16T14:00:00-05:00,5,459.05,462.185,8.3906,457.8132,458.7669,-12.456,17.389,22.173,neutral,476.9658,-2.0056,-4.9858
MSFT,MSFT-248,2026-01-16T15:00:00-05:00,2026-01-16T16:00:00-05:00,1,459.87,459.98,8.3906,460.2394,459.7756,20.036,-18.503,-4.385,neutral,476.9658,-2.0056,-4.9858
MSFT,MSFT-249,2026-01-21T07:00:00-05:00,2026-01-21T12:00:00-05:00,5,452.34,442.41,8.4362,453.8459,454.7618,-31.556,-7.283,-21.819,neutral_down,473.5251,-1.8865,-5.4463
MSFT,MSFT-250,2026-01-22T18:00:00-05:00,2026-01-22T19:00:00-05:00,1,451.14,452.11,8.975,450.3632,449.702,20.824,-0.638,1.333,neutral,470.8592,-2.6659,-6.1066
MSFT,MSFT-251,2026-01-23T06:00:00-05:00,2026-01-23T10:00:00-05:00,4,451.51,467.73,8.9511,451.1059,450.3157,21.372,-1.948,-4.918,neutral,469.0674,-1.7917,-6.3442
MSFT,MSFT-252,2026-01-26T14:00:00-05:00,2026-01-26T16:00:00-05:00,2,472.45,471.25,9.781,470.5578,466.8568,71.121,-4.95,-2.069,distribution,468.7713,-0.2961,-4.7538
MSFT,MSFT-253,2026-01-28T13:00:00-05:00,2026-01-28T16:00:00-05:00,3,480.71,458.88,10.1397,480.3183,479.3431,12.145,8.61,-6.191,neutral,469.9766,1.0608,0.9091
MSFT,MSFT-254,2026-01-28T17:00:00-05:00,2026-01-28T18:00:00-05:00,1,463.5,449.49,10.1397,473.7302,476.4744,-58.622,-7.107,-73.234,neutral_down,469.9766,1.0608,0.9091
MSFT,MSFT-255,2026-01-30T13:00:00-05:00,2026-01-30T14:00:00-05:00,1,430.82,429.75,13.4593,432.4977,436.2207,-34.746,-0.732,-3.478,neutral_down,467.6283,-3.4158,-1.2874
MSFT,MSFT-256,2026-01-30T15:00:00-05:00,2026-02-02T19:00:00-05:00,20,430.36,423.9,13.4593,431.6306,435.1531,-35.324,2.156,-1.31,neutral_down,467.6283,-3.4158,-1.2874
MSFT,MSFT-257,2026-02-03T04:00:00-05:00,2026-02-03T09:00:00-05:00,5,425.81,415.38,13.0836,424.6208,426.5541,-23.129,13.831,21.969,neutral,460.5194,-3.7209,-10.5248
MSFT,MSFT-258,2026-02-04T12:00:00-05:00,2026-02-05T08:00:00-05:00,12,414.355,404.8485,13.2026,413.3828,414.6294,-4.441,1.677,44.239,neutral,456.0476,-4.4718,-11.5807
MSFT,MSFT-259,2026-02-06T12:00:00-05:00,2026-02-06T15:00:00-05:00,3,398.9,400.82,13.6472,397.5929,399.5899,-16.93,11.633,4.754,neutral,446.9175,-5.3258,-13.6018
MSFT,MSFT-260,2026-02-06T16:00:00-05:00,2026-02-06T18:00:00-05:00,2,400.59,402.3,13.6472,398.9659,399.6482,4.8,3.239,19.741,neutral,446.9175,-5.3258,-13.6018
MSFT,MSFT-261,2026-02-09T08:00:00-05:00,2026-02-09T10:00:00-05:00,2,405.134,411.78,13.3059,403.2644,401.8982,32.855,1.074,1.654,neutral_up,442.7268,-4.1907,-13.3208
MSFT,MSFT-262,2026-02-10T14:00:00-05:00,2026-02-10T16:00:00-05:00,2,415.48,413.68,13.3605,417.4304,414.918,25.35,-18.88,-51.459,neutral_up,440.0812,-2.6456,-12.1621
MSFT,MSFT-263,2026-02-12T13:00:00-05:00,2026-02-13T06:00:00-05:00,9,405.64,401.02,13.3519,403.7838,405.4741,-21.729,23.687,38.857,neutral,434.6093,-3.0409,-8.1176
MSFT,MSFT-264,2026-02-13T08:00:00-05:00,2026-02-18T18:00:00-05:00,42,404.05,400.6,12.9832,402.2183,403.2379,-7.529,17.646,25.573,neutral,431.6339,-2.9754,-8.4473
MSFT,MSFT-265,2026-02-19T04:00:00-05:00,2026-02-23T09:00:00-05:00,37,400.2,388.75,11.7421,400.083,399.664,11.265,-1.999,-0.115,neutral,423.5368,-2.4037,-8.0971
MSFT,MSFT-266,2026-02-24T13:00:00-05:00,2026-02-25T04:00:00-05:00,7,387.6418,389.8,11.2159,386.3639,387.4192,-5.64,8.87,22.454,neutral,415.9325,-3.1344,-7.6043
MSFT,MSFT-267,2026-02-26T12:00:00-05:00,2026-02-27T07:00:00-05:00,11,400.158,396.44,11.069,400.5226,398.4873,29.163,-9.718,-60.299,neutral_up,412.3028,-1.1813,-6.764
MSFT,MSFT-268,2026-02-27T08:00:00-05:00,2026-02-27T09:00:00-05:00,1,392.8472,394.325,10.9033,397.0475,397.7923,-33.146,-19.393,-32.844,neutral_down,411.3489,-0.9539,-4.5836
MSFT,MSFT-269,2026-02-27T15:00:00-05:00,2026-02-27T17:00:00-05:00,2,392.73,395.0,10.9033,394.4518,395.9391,-33.039,-1.327,-10.211,neutral_down,411.3489,-0.9539,-4.5836
MSFT,MSFT-270,2026-02-27T18:00:00-05:00,2026-03-02T05:00:00-05:00,3,394.4139,389.99,10.9033,394.6021,395.6523,-15.047,-0.021,17.992,neutral,411.3489,-0.9539,-4.5836
MSFT,MSFT-271,2026-03-02T08:00:00-05:00,2026-03-02T12:00:00-05:00,4,390.9,399.5,10.9767,391.6155,393.4638,-36.927,8.684,10.98,neutral_down,409.6563,-1.6926,-3.8278
MSFT,MSFT-272,2026-03-04T13:00:00-05:00,2026-03-09T06:00:00-04:00,41,409.2,403.68,11.1671,405.9042,403.4279,48.088,8.035,14.728,neutral_up,408.1893,-0.4409,-3.1596
MSFT,MSFT-273,2026-03-09T08:00:00-04:00,2026-03-10T06:00:00-04:00,14,404.85,409.75,10.4039,405.7458,407.1232,-34.683,7.609,5.556,neutral_down,408.1881,0.0432,-0.0012
MSFT,MSFT-274,2026-03-10T08:00:00-04:00,2026-03-11T05:00:00-04:00,13,409.75,405.16,10.1401,409.132,408.4069,16.732,0.561,-8.812,neutral,408.3028,0.1147,0.4034
MSFT,MSFT-275,2026-03-11T08:00:00-04:00,2026-03-13T12:00:00-04:00,36,405.2984,395.07,9.9351,405.6894,406.2169,-12.415,-2.688,5.301,neutral,408.0716,-0.2312,-0.0733
MSFT,MSFT-276,2026-03-16T13:00:00-04:00,2026-03-16T17:00:00-04:00,4,398.2363,399.425,9.4576,397.6966,397.953,6.339,-1.532,18.494,neutral,406.1889,-1.0569,-1.8827
MSFT,MSFT-277,2026-03-17T06:00:00-04:00,2026-03-18T12:00:00-04:00,22,398.6,393.425,9.1992,398.7528,398.5794,3.352,-2.91,-5.682,neutral,405.6227,-0.5663,-2.1597
MSFT,MSFT-278,2026-03-19T15:00:00-04:00,2026-03-20T06:00:00-04:00,7,388.878,386.79,8.9805,389.4325,391.3691,-51.344,9.549,6.759,neutral_down,403.8482,-1.2178,-2.3407
MSFT,MSFT-279,2026-03-20T08:00:00-04:00,2026-03-20T09:00:00-04:00,1,387.36,382.8,8.7269,388.1175,389.5583,-50.212,7.684,-7.506,neutral_down,402.4873,-1.3609,-3.1354
MSFT,MSFT-280,2026-03-23T08:00:00-04:00,2026-03-24T10:00:00-04:00,18,384.0,373.125,8.7291,382.3697,383.8944,-17.563,18.512,51.406,neutral,400.613,-1.8743,-4.4531
MSFT,MSFT-281,2026-03-25T12:00:00-04:00,2026-03-25T16:00:00-04:00,4,371.0,371.1496,8.6884,373.4903,375.379,-50.027,-3.2,-27.368,neutral_down,396.6227,-2.3873,-5.8646
MSFT,MSFT-282,2026-03-26T11:00:00-04:00,2026-03-26T16:00:00-04:00,5,367.99,365.81,8.5986,370.2545,371.4743,-28.754,-20.413,20.549,neutral_down,394.2961,-2.3266,-6.3169
MSFT,MSFT-283,2026-03-30T12:00:00-04:00,2026-03-30T17:00:00-04:00,5,361.36,359.0,8.7061,361.1913,361.1303,17.499,-14.291,22.967,neutral,388.5146,-3.1865,-8.1082
MSFT,MSFT-284,2026-03-31T04:00:00-04:00,2026-03-31T05:00:00-04:00,1,363.83,363.5,8.7328,360.1551,360.2993,14.059,33.804,32.61,neutral,385.8096,-2.705,-8.4865
MSFT,MSFT-285,2026-04-01T16:00:00-04:00,2026-04-01T18:00:00-04:00,2,370.09,369.48,9.1191,370.9131,370.2938,-4.003,1.372,-17.255,neutral,384.3869,-1.4227,-7.3141
MSFT,MSFT-286,2026-04-06T14:00:00-04:00,2026-04-07T18:00:00-04:00,20,372.546,381.7,8.9248,372.6992,372.3606,-2.072,5.104,-0.424,neutral,382.1627,-0.8663,-3.6469
MSFT,MSFT-287,2026-04-09T17:00:00-04:00,2026-04-09T19:00:00-04:00,2,373.78,373.0,8.7947,372.5565,373.2457,1.407,7.128,38.877,neutral,379.9315,-0.5632,-2.2312
MSFT,MSFT-288,2026-04-10T04:00:00-04:00,2026-04-10T05:00:00-04:00,1,374.06,374.6628,8.6844,373.0354,373.3106,5.807,6.953,4.401,neutral,379.3023,-0.6292,-2.0148
MSFT,MSFT-289,2026-04-10T09:00:00-04:00,2026-04-13T05:00:00-04:00,12,372.981,369.27,8.6844,373.5051,373.5059,-0.526,-8.201,-15.357,neutral,379.3023,-0.6292,-2.0148
MSFT,MSFT-290,2026-04-13T08:00:00-04:00,2026-04-13T10:00:00-04:00,2,369.9,379.32,8.4648,370.3599,371.2465,-30.511,4.416,9.174,neutral_down,378.5357,-0.7666,-1.9589
MSFT,MSFT-291,2026-04-17T15:00:00-04:00,2026-04-17T16:00:00-04:00,1,422.65,422.47,9.8027,424.4028,422.2207,11.208,-7.016,-48.931,neutral,386.5083,3.3537,7.4422
MSFT,MSFT-292,2026-04-20T17:00:00-04:00,2026-04-21T11:00:00-04:00,10,417.59,426.15,9.9264,418.248,419.3526,-24.579,0.657,3.505,neutral_down,389.7939,3.2856,9.4511
MSFT,MSFT-293,2026-04-22T13:00:00-04:00,2026-04-22T14:00:00-04:00,1,431.1875,431.265,9.7382,429.2618,426.9305,59.931,-0.373,5.153,neutral_up,395.2685,2.9031,8.7602
MSFT,MSFT-294,2026-04-22T16:00:00-04:00,2026-04-22T19:00:00-04:00,3,427.75,427.48,9.7382,429.7628,427.8059,31.596,-32.255,-28.335,neutral_up,395.2685,2.9031,8.7602
MSFT,MSFT-295,2026-04-23T04:00:00-04:00,2026-04-23T06:00:00-04:00,2,425.8,424.49,9.759,428.0592,427.5368,-10.771,-11.647,-23.767,neutral,398.6696,3.401,8.8757
MSFT,MSFT-296,2026-04-24T10:00:00-04:00,2026-04-24T16:00:00-04:00,6,418.32,424.4,10.5812,418.9569,419.9162,-12.98,-5.624,-6.825,neutral,400.2223,1.5528,7.857
MSFT,MSFT-297,2026-04-27T09:00:00-04:00,2026-04-28T17:00:00-04:00,24,419.99,428.04,10.4826,422.5862,422.1681,-2.819,-18.025,-33.65,neutral,402.4412,2.2189,7.1727
MSFT,MSFT-298,2026-04-29T11:00:00-04:00,2026-04-30T11:00:00-04:00,16,424.335,402.805,10.2773,426.2353,426.2438,-16.819,-8.914,-28.103,neutral,406.7577,2.2602,6.5354
MSFT,MSFT-299,2026-05-01T17:00:00-04:00,2026-05-05T13:00:00-04:00,28,412.88,410.26,11.3653,413.1788,412.7021,5.439,-3.702,-15.25,neutral,408.3312,-0.0521,3.8338
MSFT,MSFT-300,2026-05-05T15:00:00-04:00,2026-05-05T17:00:00-04:00,2,411.27,409.7,11.1293,411.4485,412.4098,-21.857,6.284,18.396,neutral,409.3299,0.437,0.9466
MSFT,MSFT-301,2026-05-06T09:00:00-04:00,2026-05-07T05:00:00-04:00,12,409.895,414.46,10.9044,410.3894,411.0936,-16.836,0.354,-14.795,neutral,409.5063,0.1764,1.1751
MSFT,MSFT-302,2026-05-12T06:00:00-04:00,2026-05-12T18:00:00-04:00,12,410.7,407.63,10.8978,411.1147,412.0831,-28.426,1.785,-14.998,neutral_down,411.4163,0.1274,1.5233
MSFT,MSFT-303,2026-05-13T04:00:00-04:00,2026-05-13T06:00:00-04:00,2,407.18,406.76,10.7523,408.0186,409.248,-36.629,-1.845,-1.404,neutral_down,411.0921,-0.3242,0.1903
MSFT,MSFT-304,2026-05-13T13:00:00-04:00,2026-05-13T15:00:00-04:00,2,403.875,405.08,10.7523,405.0228,406.6608,-43.419,-2.977,29.023,neutral_down,411.0921,-0.3242,0.1903
MSFT,MSFT-305,2026-05-13T18:00:00-04:00,2026-05-14T15:00:00-04:00,13,404.5425,409.54,10.7523,404.7757,405.914,-27.179,1.241,0.656,neutral_down,411.0921,-0.3242,0.1903
MSFT,MSFT-306,2026-05-14T16:00:00-04:00,2026-05-14T17:00:00-04:00,1,408.0,407.98,10.4714,408.1136,407.2701,22.509,-11.357,-11.47,neutral,410.5455,-0.5466,-0.7434
MSFT,MSFT-307,2026-05-15T04:00:00-04:00,2026-05-15T06:00:00-04:00,2,409.0,411.1,10.5063,408.2918,407.6188,16.861,4.583,0.636,neutral,410.4541,-0.0914,-0.9622
MSFT,MSFT-308,2026-05-15T08:00:00-04:00,2026-05-15T10:00:00-04:00,2,410.37,424.44,10.5063,409.7612,408.603,35.153,-8.715,16.437,neutral_up,410.4541,-0.0914,-0.9622
MSFT,MSFT-309,2026-05-18T13:00:00-04:00,2026-05-19T07:00:00-04:00,10,424.3168,427.5453,11.0865,420.7254,419.1377,33.78,18.832,14.555,neutral_up,411.5019,1.0478,0.4098
MSFT,MSFT-310,2026-05-19T10:00:00-04:00,2026-05-19T14:00:00-04:00,4,423.57,418.49,10.9739,425.6431,423.5909,28.792,-28.992,-20.494,neutral_up,412.6081,1.1062,2.0626
MSFT,MSFT-311,2026-05-20T14:00:00-04:00,2026-05-21T05:00:00-04:00,7,419.89,418.95,11.3479,417.7549,418.1037,15.68,6.629,36.953,neutral,413.0619,0.4538,2.6078
MSFT,MSFT-312,2026-05-21T09:00:00-04:00,2026-05-26T17:00:00-04:00,40,418.55,415.48,11.3088,418.5603,418.5599,-1.072,0.961,4.055,neutral,413.789,0.7271,2.2871
MSFT,MSFT-313,2026-05-27T11:00:00-04:00,2026-05-28T09:00:00-04:00,14,412.83,424.48,10.7265,413.6377,414.8154,-31.952,-0.062,15.47,neutral_down,414.7934,0.1327,1.0044
MSFT,MSFT-314,2026-06-04T12:00:00-04:00,2026-06-05T10:00:00-04:00,14,426.84,421.39,13.0096,429.762,431.3684,-29.342,-12.188,-32.022,neutral_down,424.5906,0.3009,5.791
MSFT,MSFT-315,2026-06-08T18:00:00-04:00,2026-06-09T11:00:00-04:00,9,410.9,401.875,12.9399,411.5588,414.0982,-49.53,3.288,-1.037,neutral_down,424.1657,-0.7476,-0.1239
MSFT,MSFT-316,2026-06-10T14:00:00-04:00,2026-06-10T18:00:00-04:00,4,400.07,396.1507,12.6921,401.5342,403.0054,-22.95,-9.836,-8.624,neutral,421.2336,-1.8034,-3.6796
MSFT,MSFT-317,2026-06-11T04:00:00-04:00,2026-06-11T05:00:00-04:00,1,399.0,398.57,12.3483,398.548,400.5713,-35.408,16.428,10.728,neutral_down,419.0624,-2.1712,-5.1033
MSFT,MSFT-318,2026-06-12T12:00:00-04:00,2026-06-12T18:00:00-04:00,6,387.84,390.3493,12.4199,389.2991,391.2508,-37.397,3.426,10.636,neutral_down,416.4231,-2.6393,-6.6139
MSFT,MSFT-319,2026-06-16T07:00:00-04:00,2026-06-16T12:00:00-04:00,5,396.35,391.765,12.1285,398.4886,397.5323,1.214,-17.489,-30.939,neutral,412.804,-1.2779,-6.2584
MSFT,MSFT-320,2026-06-18T14:00:00-04:00,2026-06-22T12:00:00-04:00,14,377.91,368.8625,12.2662,378.8764,381.3538,-37.754,-3.4,25.04,neutral_down,408.1607,-2.9311,-5.9211
MSFT,MSFT-321,2026-06-23T14:00:00-04:00,2026-06-23T16:00:00-04:00,2,372.845,374.14,12.1531,372.8984,373.079,0.728,-3.64,-8.286,neutral,402.0366,-3.4777,-9.0552
MSFT,MSFT-322,2026-06-24T04:00:00-04:00,2026-06-24T17:00:00-04:00,13,372.8,366.89,11.9964,373.3343,373.2881,-0.23,-6.086,-6.809,neutral,399.4792,-2.5574,-8.6815
MSFT,MSFT-323,2026-06-29T14:00:00-04:00,2026-06-29T15:00:00-04:00,1,368.13,368.48,13.2595,371.9093,371.1606,-16.938,-5.874,-32.629,neutral,390.4842,-1.9294,-8.995
MSFT,MSFT-324,2026-06-30T12:00:00-04:00,2026-07-01T05:00:00-04:00,9,372.73,378.56,13.7839,370.7765,370.6652,10.035,12.067,11.34,neutral,388.4838,-2.0004,-7.9018
MSFT,MSFT-325,2026-07-02T11:00:00-04:00,2026-07-02T18:00:00-04:00,7,389.07,390.75,13.4723,386.7951,384.3049,50.195,0.206,23.258,neutral_up,386.8025,-0.2582,-3.6817
MSFT,MSFT-326,2026-07-06T08:00:00-04:00,2026-07-06T15:00:00-04:00,7,387.2,386.88,13.1171,389.4917,388.3573,0.741,-16.877,-41.409,neutral,387.0586,0.2561,-1.4252
MSFT,MSFT-327,2026-07-06T19:00:00-04:00,,-1,386.2,,13.1171,386.6541,386.9454,-5.814,-4.569,-0.37,neutral,387.0586,0.2561,-1.4252
AAPL,AAPL-001,2024-07-16T07:00:00-04:00,2024-07-17T05:00:00-04:00,14,235.18,231.0,4.9822,235.0419,234.3195,25.833,-0.375,-4.722,neutral_up,219.2124,1.5208,3.9221
AAPL,AAPL-002,2024-07-18T08:00:00-04:00,2024-07-18T12:00:00-04:00,4,230.94,224.21,5.1408,230.0729,230.3706,3.797,10.742,6.534,neutral,221.3803,0.75,3.6887
AAPL,AAPL-003,2024-07-19T12:00:00-04:00,2024-07-23T04:00:00-04:00,24,223.99,223.38,5.3572,225.0015,225.7775,-25.687,-8.47,-17.563,neutral_down,221.6358,0.2554,2.4234
AAPL,AAPL-004,2024-07-23T11:00:00-04:00,2024-07-24T10:00:00-04:00,15,226.61,218.8302,5.188,224.6513,224.641,25.094,29.033,44.94,neutral_up,222.067,0.1863,0.6867
AAPL,AAPL-005,2024-07-25T13:00:00-04:00,2024-07-26T08:00:00-04:00,11,220.348,219.45,5.3166,218.7845,219.1785,13.734,9.108,47.667,neutral,221.9898,-0.342,0.1091
AAPL,AAPL-006,2024-07-26T09:00:00-04:00,2024-07-31T07:00:00-04:00,46,217.68,220.25,5.3818,218.8281,218.8827,-6.399,-19.371,-15.814,neutral,221.5808,-0.4091,-0.4862
AAPL,AAPL-007,2024-07-31T08:00:00-04:00,2024-07-31T09:00:00-04:00,1,221.3,221.98,5.0591,219.7155,218.9945,47.272,8.261,12.761,neutral_up,220.7878,-0.1998,-0.793
AAPL,AAPL-008,2024-08-01T09:00:00-04:00,2024-08-01T12:00:00-04:00,3,224.28,218.74,5.0571,223.7031,222.5464,50.371,-5.224,-0.653,neutral_up,220.8971,0.1093,-0.3672
AAPL,AAPL-009,2024-08-01T17:00:00-04:00,2024-08-02T04:00:00-04:00,3,219.0,218.15,5.0571,219.7438,220.6572,-29.852,8.829,37.008,neutral_down,220.8971,0.1093,-0.3672
AAPL,AAPL-010,2024-08-02T08:00:00-04:00,2024-08-05T04:00:00-04:00,12,215.3,202.3,5.2287,218.2849,219.4653,-35.185,-14.34,-10.109,neutral_down,220.6592,-0.2379,-0.3284
AAPL,AAPL-011,2024-08-06T08:00:00-04:00,2024-08-07T12:00:00-04:00,20,205.8907,211.555,6.7317,208.5545,209.9655,-26.106,-7.284,-17.784,neutral_down,219.5464,-1.0346,-1.3507
AAPL,AAPL-012,2024-08-07T14:00:00-04:00,2024-08-07T16:00:00-04:00,2,208.94,208.71,6.888,210.2199,209.4773,8.949,-15.655,-28.914,neutral,218.4172,-1.1292,-2.242
AAPL,AAPL-013,2024-08-08T06:00:00-04:00,2024-08-08T16:00:00-04:00,10,209.61,213.54,6.9139,209.3842,209.3022,2.611,2.383,12.678,neutral,217.6393,-0.7779,-2.9418
AAPL,AAPL-014,2024-08-09T08:00:00-04:00,2024-08-09T16:00:00-04:00,8,211.18,216.12,6.8036,212.3818,212.0157,-7.572,-9.101,-30.935,neutral,217.2484,-0.3908,-2.298
AAPL,AAPL-015,2024-08-12T13:00:00-04:00,2024-08-13T10:00:00-04:00,13,216.845,220.97,6.6612,217.1968,216.2023,30.213,-14.418,-30.367,neutral_up,217.1622,-0.0862,-1.255
AAPL,AAPL-016,2024-08-14T11:00:00-04:00,2024-08-15T10:00:00-04:00,15,222.9701,224.45,6.3129,221.5336,220.7001,53.524,18.359,11.991,neutral_up,217.5677,0.3702,0.3193
AAPL,AAPL-017,2024-08-16T11:00:00-04:00,2024-08-16T18:00:00-04:00,7,225.915,226.0,5.9313,224.8368,224.349,27.581,24.554,10.171,neutral_up,218.5511,0.6159,1.3536
AAPL,AAPL-018,2024-08-19T04:00:00-04:00,2024-08-19T05:00:00-04:00,1,225.6,225.38,5.7346,225.8303,225.3283,22.201,-10.803,-20.568,neutral,219.2373,0.6863,1.6696
AAPL,AAPL-019,2024-08-19T07:00:00-04:00,2024-08-19T11:00:00-04:00,4,225.98,223.8647,5.7346,225.6858,225.3725,14.028,12.711,-8.172,neutral,219.2373,0.6863,1.6696
AAPL,AAPL-020,2024-08-19T13:00:00-04:00,2024-08-19T16:00:00-04:00,3,224.315,225.84,5.7346,224.7391,224.9816,-26.568,2.072,-4.703,neutral_down,219.2373,0.6863,1.6696
AAPL,AAPL-021,2024-08-20T16:00:00-04:00,2024-08-22T16:00:00-04:00,32,226.53,224.83,5.5435,226.4464,226.1047,20.965,-2.111,-11.139,neutral,219.843,0.6057,1.9079
AAPL,AAPL-022,2024-08-23T11:00:00-04:00,2024-08-23T19:00:00-04:00,8,225.84,227.1631,5.0559,226.0212,225.9582,6.627,-10.072,-7.079,neutral,221.3086,0.3221,1.4656
AAPL,AAPL-023,2024-08-26T04:00:00-04:00,2024-08-26T05:00:00-04:00,1,227.31,227.43,4.9726,226.8304,226.4538,30.416,2.535,7.59,neutral_up,221.8054,0.4968,1.3563
AAPL,AAPL-024,2024-08-26T07:00:00-04:00,2024-08-27T13:00:00-04:00,22,226.64,228.525,4.9726,226.9362,226.6099,15.801,-14.578,-14.615,neutral,221.8054,0.4968,1.3563
AAPL,AAPL-025,2024-08-28T10:00:00-04:00,2024-08-28T19:00:00-04:00,9,227.48,225.7,4.7953,228.1302,227.8189,7.532,-18.757,-21.346,neutral,222.8288,0.5311,1.5202
AAPL,AAPL-026,2024-08-29T04:00:00-04:00,2024-08-29T05:00:00-04:00,1,228.77,229.21,4.7513,226.8529,227.0797,4.423,40.7,35.586,neutral,223.1634,0.3347,1.358
AAPL,AAPL-027,2024-08-29T08:00:00-04:00,2024-08-29T10:00:00-04:00,2,226.49,232.37,4.7513,227.8289,227.5743,13.081,-38.933,-15.739,neutral,223.1634,0.3347,1.358
AAPL,AAPL-028,2024-08-30T17:00:00-04:00,2024-08-30T19:00:00-04:00,2,229.15,229.1114,4.8698,229.0166,229.3046,-9.916,5.429,19.994,neutral,223.7695,0.6061,1.4718
AAPL,AAPL-029,2024-09-03T09:00:00-04:00,2024-09-03T10:00:00-04:00,1,226.16,223.645,4.7305,227.9969,228.6218,-46.718,-18.749,-23.406,neutral_down,224.2323,0.4628,1.4035
AAPL,AAPL-030,2024-09-04T14:00:00-04:00,2024-09-05T13:00:00-04:00,15,220.51,223.61,4.9519,220.5087,221.8483,-36.24,4.337,32.669,neutral_down,224.0984,-0.1338,0.935
AAPL,AAPL-031,2024-09-05T16:00:00-04:00,2024-09-05T17:00:00-04:00,1,222.37,222.35,4.9753,222.4912,222.0995,12.36,-6.091,-17.979,neutral,223.7977,-0.3008,0.0282
AAPL,AAPL-032,2024-09-06T04:00:00-04:00,2024-09-06T05:00:00-04:00,1,221.22,221.24,4.955,222.1559,222.0625,-8.172,-12.451,-17.149,neutral,223.6688,-0.1289,-0.5635
AAPL,AAPL-033,2024-09-06T08:00:00-04:00,2024-09-10T06:00:00-04:00,30,223.4,218.49,4.955,222.0276,221.9854,9.309,25.775,22.964,neutral,223.6688,-0.1289,-0.5635
AAPL,AAPL-034,2024-09-10T08:00:00-04:00,2024-09-11T19:00:00-04:00,27,219.2,222.1445,4.9609,219.2731,219.8094,-19.955,7.085,7.381,neutral,223.2006,-0.2211,-0.5971
AAPL,AAPL-035,2024-09-12T10:00:00-04:00,2024-09-12T13:00:00-04:00,3,221.8,223.08,4.964,222.0226,221.5555,9.04,-2.521,-27.486,neutral,222.9191,-0.0059,-0.5025
AAPL,AAPL-036,2024-09-12T14:00:00-04:00,2024-09-16T04:00:00-04:00,22,223.19,219.21,4.964,222.4815,221.9297,30.033,4.442,20.472,neutral_up,222.9191,-0.0059,-0.5025
AAPL,AAPL-037,2024-09-17T08:00:00-04:00,2024-09-18T10:00:00-04:00,18,216.07,220.93,4.9555,216.3979,217.2506,-35.375,-1.976,-3.249,neutral_down,222.2758,-0.5976,-0.6434
AAPL,AAPL-038,2024-09-20T13:00:00-04:00,2024-09-20T18:00:00-04:00,5,230.665,227.85,5.1562,229.9683,228.348,75.726,-13.519,1.579,distribution,222.3311,0.6479,0.0553
AAPL,AAPL-039,2024-09-23T19:00:00-04:00,2024-09-25T07:00:00-04:00,20,226.23,225.22,5.1787,226.6653,227.2369,-34.095,0.679,-1.84,neutral_down,222.8946,0.5635,1.1121
AAPL,AAPL-040,2024-09-25T08:00:00-04:00,2024-09-26T05:00:00-04:00,13,225.1,228.12,4.9653,226.0097,226.6434,-50.285,1.883,-17.055,neutral_down,223.5944,0.3766,1.2633
AAPL,AAPL-041,2024-09-26T09:00:00-04:00,2024-09-26T17:00:00-04:00,8,226.52,227.89,4.8492,227.1739,226.8359,15.117,-24.082,-26.866,neutral,223.8413,0.2469,0.9466
AAPL,AAPL-042,2024-09-26T18:00:00-04:00,2024-09-30T10:00:00-04:00,24,228.2,231.61,4.8492,227.6993,227.3275,23.534,4.63,10.439,neutral,223.8413,0.2469,0.9466
AAPL,AAPL-043,2024-10-02T12:00:00-04:00,2024-10-02T18:00:00-04:00,6,226.635,227.0287,4.9236,225.7562,226.3849,-2.896,9.353,64.034,neutral,225.3683,0.0892,1.1926
AAPL,AAPL-044,2024-10-03T09:00:00-04:00,2024-10-03T12:00:00-04:00,3,226.305,223.82,4.8827,226.0163,226.2776,-15.576,16.459,6.518,neutral,225.4993,0.1311,0.9923
AAPL,AAPL-045,2024-10-03T15:00:00-04:00,2024-10-03T16:00:00-04:00,1,225.67,225.73,4.8827,224.9382,225.5065,-21.648,26.09,21.397,neutral,225.4993,0.1311,0.9923
AAPL,AAPL-046,2024-10-04T06:00:00-04:00,2024-10-07T06:00:00-04:00,16,226.18,223.62,4.7832,225.7283,225.7006,12.942,4.913,4.025,neutral,225.5148,0.0155,0.2358
AAPL,AAPL-047,2024-10-07T10:00:00-04:00,2024-10-07T11:00:00-04:00,1,225.31,224.89,4.718,224.9499,225.2575,-8.624,10.15,36.689,neutral,225.6317,0.1168,0.2634
AAPL,AAPL-048,2024-10-07T13:00:00-04:00,2024-10-07T14:00:00-04:00,1,223.8598,222.33,4.718,224.5654,224.9954,-27.758,-5.971,-19.135,neutral_down,225.6317,0.1168,0.2634
AAPL,AAPL-049,2024-10-10T13:00:00-04:00,2024-10-11T19:00:00-04:00,22,228.62,227.4,4.7483,228.4784,228.0684,19.353,2.019,9.73,neutral,225.7008,0.3789,0.0691
AAPL,AAPL-050,2024-10-14T04:00:00-04:00,2024-10-14T12:00:00-04:00,8,227.85,230.33,4.3966,227.7495,228.0282,-19.051,11.004,8.296,neutral,226.1404,0.137,0.8185
AAPL,AAPL-051,2024-10-17T10:00:00-04:00,2024-10-17T13:00:00-04:00,3,231.3599,232.43,4.4669,232.3963,232.3548,-8.501,-17.481,-45.086,neutral,227.6786,0.4071,1.5381
AAPL,AAPL-052,2024-10-17T14:00:00-04:00,2024-10-18T05:00:00-04:00,7,232.1,235.02,4.4669,232.3296,232.3375,-3.662,-2.933,-1.677,neutral,227.6786,0.4071,1.5381
AAPL,AAPL-053,2024-10-21T08:00:00-04:00,2024-10-21T15:00:00-04:00,7,233.85,236.58,4.3524,234.2289,234.2991,-17.584,2.152,-11.399,neutral,228.721,0.6259,1.4495
AAPL,AAPL-054,2024-10-23T08:00:00-04:00,2024-10-23T11:00:00-04:00,3,233.9979,231.56,4.1963,234.7572,234.9988,-34.17,-8.032,-23.819,neutral_down,230.0195,0.5841,1.9244
AAPL,AAPL-055,2024-10-24T15:00:00-04:00,2024-10-25T06:00:00-04:00,7,230.57,228.45,4.4751,230.3674,230.9658,-18.634,5.821,20.279,neutral,230.0859,0.0664,1.3649
AAPL,AAPL-056,2024-10-25T08:00:00-04:00,2024-10-25T10:00:00-04:00,2,229.76,232.8446,4.3276,229.3036,229.9705,-29.516,22.505,27.06,neutral_down,230.1299,0.044,0.6945
AAPL,AAPL-057,2024-10-28T12:00:00-04:00,2024-10-28T14:00:00-04:00,2,234.31,233.76,4.2792,233.1436,232.3198,49.81,6.13,14.341,neutral_up,230.2463,0.1164,0.2268
AAPL,AAPL-058,2024-10-29T05:00:00-04:00,2024-10-30T12:00:00-04:00,23,232.68,230.92,4.2107,232.9451,232.7297,0.971,-2.738,-4.121,neutral,230.5412,0.2949,0.4553
AAPL,AAPL-059,2024-11-01T17:00:00-04:00,2024-11-07T11:00:00-05:00,58,223.0,227.07,4.1198,222.8039,223.7963,-18.903,2.933,10.648,neutral,230.2874,-0.4897,-0.2537
AAPL,AAPL-060,2024-11-08T12:00:00-05:00,2024-11-11T09:00:00-05:00,13,227.02,222.9,4.1617,227.202,226.7025,15.639,-4.404,-26.482,neutral,227.8916,-0.0202,-1.0386
AAPL,AAPL-061,2024-11-12T12:00:00-05:00,2024-11-13T16:00:00-05:00,20,223.4199,225.27,4.1422,224.1694,224.3605,-11.15,-21.16,-6.402,neutral,227.5001,-0.325,-0.4117
AAPL,AAPL-062,2024-11-18T08:00:00-05:00,2024-11-18T10:00:00-05:00,2,225.69,228.43,3.9837,225.4279,225.4982,6.289,1.917,14.357,neutral,226.9286,-0.2009,-0.2751
AAPL,AAPL-063,2024-11-19T10:00:00-05:00,2024-11-20T05:00:00-05:00,11,229.05,227.63,4.0434,227.907,227.5471,23.201,16.917,10.432,neutral,227.0251,0.0965,0.0017
AAPL,AAPL-064,2024-11-20T08:00:00-05:00,2024-11-25T04:00:00-05:00,44,228.18,230.12,4.0046,228.1463,228.0898,2.65,0.754,12.289,neutral,227.141,0.1159,0.0115
AAPL,AAPL-065,2024-11-25T08:00:00-05:00,2024-11-25T09:00:00-05:00,1,231.51,232.6,3.9399,230.5926,229.994,55.37,3.264,18.266,neutral_up,227.6301,0.211,0.4891
AAPL,AAPL-066,2024-11-25T11:00:00-05:00,2024-11-25T17:00:00-05:00,6,230.9,232.25,3.9399,231.1194,230.4293,37.95,-22.366,-17.421,neutral_up,227.6301,0.211,0.4891
AAPL,AAPL-067,2024-11-25T18:00:00-05:00,2024-11-26T06:00:00-05:00,4,231.3,232.95,3.9399,231.5114,230.9504,25.548,-15.242,-11.005,neutral_up,227.6301,0.211,0.4891
AAPL,AAPL-068,2024-11-26T08:00:00-05:00,2024-11-26T09:00:00-05:00,1,233.37,234.81,3.9089,232.5135,231.7323,47.899,1.882,12.632,neutral_up,228.1073,0.4773,0.7974
AAPL,AAPL-069,2024-11-27T09:00:00-05:00,2024-11-29T12:00:00-05:00,19,234.32,237.34,3.8218,234.4158,234.0939,3.287,3.914,-9.837,neutral,228.7412,0.6339,1.3221
AAPL,AAPL-070,2024-12-04T13:00:00-05:00,2024-12-09T10:00:00-05:00,45,242.51,246.04,3.7019,242.7977,242.2763,14.783,-5.661,-47.287,neutral,231.9733,1.0657,2.6641
AAPL,AAPL-071,2024-12-10T13:00:00-05:00,2024-12-11T10:00:00-05:00,13,247.6117,250.1405,3.6255,246.9862,246.3939,29.752,12.1,5.555,neutral_up,235.8117,1.1008,2.8341
AAPL,AAPL-072,2024-12-11T15:00:00-05:00,2024-12-11T17:00:00-05:00,2,246.43,246.79,3.5715,248.0837,247.847,-17.421,-32.259,-76.0,neutral,236.9016,1.0898,3.0056
AAPL,AAPL-073,2024-12-12T15:00:00-05:00,2024-12-16T06:00:00-05:00,23,247.94,248.74,3.6407,247.8388,247.6316,14.804,-4.414,-8.838,neutral,237.7678,0.8662,3.0569
AAPL,AAPL-074,2024-12-16T08:00:00-05:00,2024-12-16T12:00:00-05:00,4,248.19,251.2859,3.56,248.2966,248.05,17.1,-11.532,-7.004,neutral,239.5487,0.8561,2.6471
AAPL,AAPL-075,2024-12-18T12:00:00-05:00,2024-12-18T15:00:00-05:00,3,253.8535,247.86,3.6063,253.2098,252.7012,34.012,8.957,30.826,neutral_up,241.7648,1.1715,3.0723
AAPL,AAPL-076,2024-12-20T10:00:00-05:00,2024-12-20T11:00:00-05:00,1,249.95,253.115,3.8936,248.2968,248.8039,-8.648,32.791,39.546,neutral,243.0036,0.6846,2.4103
AAPL,AAPL-077,2024-12-23T14:00:00-05:00,2024-12-24T11:00:00-05:00,13,253.93,257.08,4.2805,254.3511,253.6744,12.438,-5.737,-16.435,neutral,244.0578,1.0542,2.293
AAPL,AAPL-078,2024-12-26T18:00:00-05:00,2024-12-27T10:00:00-05:00,8,259.12,254.95,4.0453,258.8243,258.0554,46.573,0.215,-5.381,neutral_up,246.2734,1.1927,3.2698
AAPL,AAPL-079,2024-12-31T08:00:00-05:00,2024-12-31T14:00:00-05:00,6,252.31,250.42,4.1474,252.6703,253.146,-20.935,-8.489,-4.879,neutral,248.5447,0.3515,2.2713
AAPL,AAPL-080,2025-01-03T13:00:00-05:00,2025-01-06T11:00:00-05:00,14,242.72,246.25,4.4428,243.0776,244.2821,-40.816,2.133,7.68,neutral_down,248.2668,-0.4447,0.0737
AAPL,AAPL-081,2025-01-06T12:00:00-05:00,2025-01-06T14:00:00-05:00,2,244.95,244.59,4.2891,245.0113,244.6202,23.517,-14.937,10.83,neutral,247.8153,-0.4515,-0.7294
AAPL,AAPL-082,2025-01-06T17:00:00-05:00,2025-01-06T19:00:00-05:00,2,244.554,244.99,4.2891,244.8123,244.662,0.426,-3.843,-6.313,neutral,247.8153,-0.4515,-0.7294
AAPL,AAPL-083,2025-01-07T04:00:00-05:00,2025-01-07T14:00:00-05:00,10,244.18,242.2102,4.2777,244.7,244.6482,-5.466,-11.034,-5.892,neutral,247.5594,-0.2559,-1.1522
AAPL,AAPL-084,2025-01-08T08:00:00-05:00,2025-01-10T10:00:00-05:00,18,242.0,235.91,4.2722,242.1392,242.7293,-32.059,11.337,-19.353,neutral_down,247.0712,-0.4881,-1.1956
AAPL,AAPL-085,2025-01-14T14:00:00-05:00,2025-01-15T10:00:00-05:00,12,233.15,237.975,4.8058,234.0859,234.5414,-25.275,-8.828,-1.576,neutral_down,244.7543,-1.0354,-2.317
AAPL,AAPL-086,2025-01-17T14:00:00-05:00,2025-01-21T05:00:00-05:00,7,229.2057,226.8,5.162,229.8898,230.8015,-33.937,-3.39,-11.215,neutral_down,241.8228,-1.3583,-2.9315
AAPL,AAPL-087,2025-01-22T11:00:00-05:00,2025-01-24T18:00:00-05:00,39,221.935,222.15,5.4753,222.3052,223.1811,-22.304,-4.497,24.62,neutral,239.1003,-1.644,-4.0807
AAPL,AAPL-088,2025-01-27T04:00:00-05:00,2025-01-27T05:00:00-05:00,1,220.89,221.51,5.2656,222.2716,222.8736,-42.06,-12.868,-18.305,neutral_down,235.1889,-1.2399,-3.9114
AAPL,AAPL-089,2025-01-27T06:00:00-05:00,2025-01-27T07:00:00-05:00,1,221.8,222.04,5.2656,222.0554,222.6633,-29.585,8.059,-0.393,neutral_down,235.1889,-1.2399,-3.9114
AAPL,AAPL-090,2025-01-27T08:00:00-05:00,2025-01-27T11:00:00-05:00,3,223.26,228.445,5.2656,222.2939,222.666,-4.884,16.991,32.761,neutral,235.1889,-1.2399,-3.9114
AAPL,AAPL-091,2025-01-29T13:00:00-05:00,2025-01-30T07:00:00-05:00,10,237.0,238.7,5.8932,236.6178,235.8422,15.275,4.053,-5.581,neutral,235.0325,0.3208,-1.3963
AAPL,AAPL-092,2025-01-30T08:00:00-05:00,2025-01-31T04:00:00-05:00,12,238.95,245.61,5.8898,238.7523,237.8554,25.937,-2.193,-6.463,neutral_up,235.425,0.3925,0.2361
AAPL,AAPL-093,2025-02-04T08:00:00-05:00,2025-02-04T13:00:00-05:00,5,227.39,231.49,6.5725,227.7184,229.4476,-44.117,5.868,6.79,neutral_down,234.9429,-0.6963,-0.4821
AAPL,AAPL-094,2025-02-05T11:00:00-05:00,2025-02-05T14:00:00-05:00,3,230.7,231.29,6.5659,229.5276,229.822,2.304,10.567,35.349,neutral,234.7471,-0.1957,-0.8719
AAPL,AAPL-095,2025-02-06T10:00:00-05:00,2025-02-07T12:00:00-05:00,18,230.9499,228.73,6.4197,231.6416,231.2321,10.764,-16.202,1.771,neutral,234.5383,-0.2088,-1.1008
AAPL,AAPL-096,2025-02-10T14:00:00-05:00,2025-02-10T19:00:00-05:00,5,228.04,226.9999,6.2407,228.6532,229.0748,-25.011,-8.866,-19.417,neutral_down,233.8086,-0.6099,-0.9385
AAPL,AAPL-097,2025-02-11T09:00:00-05:00,2025-02-11T10:00:00-05:00,1,230.32,234.29,6.0367,227.621,227.9514,4.741,63.953,53.868,neutral,233.2478,-0.5608,-1.2905
AAPL,AAPL-098,2025-02-18T12:00:00-05:00,2025-02-21T07:00:00-05:00,43,243.975,245.75,6.0837,244.5311,243.8673,17.699,-14.241,-25.595,neutral,235.2018,0.9368,1.9974
AAPL,AAPL-099,2025-02-21T09:00:00-05:00,2025-02-21T12:00:00-05:00,3,245.69,248.43,5.4435,245.5803,245.3022,20.869,-3.926,8.99,neutral,237.667,0.8193,2.4652
AAPL,AAPL-100,2025-02-21T13:00:00-05:00,2025-02-21T19:00:00-05:00,6,247.74,245.0,5.4435,246.6774,245.947,66.715,-3.036,45.826,distribution,237.667,0.8193,2.4652
AAPL,AAPL-101,2025-02-24T06:00:00-05:00,2025-02-24T07:00:00-05:00,1,243.8,243.85,5.3025,245.1539,245.4376,-36.051,-18.464,-15.515,neutral_down,238.3872,0.7203,2.3438
AAPL,AAPL-102,2025-02-24T08:00:00-05:00,2025-02-24T13:00:00-05:00,5,244.37,247.98,5.3025,244.7885,245.2094,-33.697,8.492,-16.11,neutral_down,238.3872,0.7203,2.3438
AAPL,AAPL-103,2025-02-25T10:00:00-05:00,2025-02-26T10:00:00-05:00,16,246.06,242.19,5.2409,247.0876,246.9167,-2.146,-17.223,-14.534,neutral,239.1911,0.8039,2.3435
AAPL,AAPL-104,2025-02-27T12:00:00-05:00,2025-02-28T04:00:00-05:00,8,240.775,237.54,5.4223,240.4666,241.3333,-15.327,4.692,23.623,neutral,239.9423,0.0368,1.5551
AAPL,AAPL-105,2025-02-28T09:00:00-05:00,2025-02-28T17:00:00-05:00,8,236.74,242.09,5.4207,237.5123,238.6685,-38.353,4.085,-3.925,neutral_down,239.7103,-0.232,0.5192
AAPL,AAPL-106,2025-03-03T15:00:00-05:00,2025-03-04T07:00:00-05:00,8,238.14,237.36,5.8828,240.5933,240.5025,-18.762,-23.881,-46.22,neutral,239.9039,0.1936,-0.0017
AAPL,AAPL-107,2025-03-04T08:00:00-05:00,2025-03-05T11:00:00-05:00,19,237.66,232.2,6.0279,238.5417,239.2838,-32.28,0.863,-8.363,neutral_down,239.7436,-0.1604,-0.1988
AAPL,AAPL-108,2025-03-05T12:00:00-05:00,2025-03-05T13:00:00-05:00,1,234.945,235.82,5.9824,234.7049,236.1487,-41.069,22.717,16.831,neutral_down,239.4096,-0.334,-0.3007
AAPL,AAPL-109,2025-03-05T15:00:00-05:00,2025-03-05T17:00:00-05:00,2,235.82,236.1,5.9824,235.1963,236.0397,-9.751,6.192,31.319,neutral,239.4096,-0.334,-0.3007
AAPL,AAPL-110,2025-03-06T08:00:00-05:00,2025-03-07T12:00:00-05:00,20,233.99,240.03,6.0779,234.6743,235.3336,-27.381,-1.104,-4.706,neutral_down,239.0833,-0.3263,-0.8206
AAPL,AAPL-111,2025-03-12T12:00:00-04:00,2025-03-12T15:00:00-04:00,3,217.245,216.94,6.8978,219.1183,221.0292,-56.951,-1.517,-34.393,neutral_down,236.1998,-1.547,-2.5413
AAPL,AAPL-112,2025-03-14T13:00:00-04:00,2025-03-14T18:00:00-04:00,5,212.4,213.261,7.0098,212.0778,212.5361,0.075,-2.852,16.984,neutral,232.2,-2.249,-5.5469
AAPL,AAPL-113,2025-03-17T04:00:00-04:00,2025-03-18T06:00:00-04:00,18,212.55,213.91,6.8213,212.8414,212.7951,2.674,-9.021,-7.75,neutral,230.4891,-1.7109,-5.7108
AAPL,AAPL-114,2025-03-18T09:00:00-04:00,2025-03-19T11:00:00-04:00,18,214.43,216.269,6.7091,213.8294,213.5158,17.92,9.89,2.813,neutral,229.0037,-1.4854,-5.4453
AAPL,AAPL-115,2025-03-19T12:00:00-04:00,2025-03-19T13:00:00-04:00,1,214.9573,214.07,6.4913,214.7191,214.0048,38.683,-15.92,-16.426,neutral_up,227.5297,-1.474,-4.6702
AAPL,AAPL-116,2025-03-19T15:00:00-04:00,2025-03-19T16:00:00-04:00,1,215.3,215.3301,6.4913,214.8914,214.2584,25.019,-1.877,-13.663,neutral_up,227.5297,-1.474,-4.6702
AAPL,AAPL-117,2025-03-20T08:00:00-04:00,2025-03-21T05:00:00-04:00,13,214.74,213.65,6.454,215.1129,214.8424,0.176,-2.943,-24.256,neutral,226.4179,-1.1118,-4.0711
AAPL,AAPL-118,2025-03-21T09:00:00-04:00,2025-03-21T16:00:00-04:00,7,214.12,217.82,6.3695,212.9724,213.5746,-21.426,32.402,14.092,neutral,225.3027,-1.1153,-3.701
AAPL,AAPL-119,2025-03-24T19:00:00-04:00,2025-03-25T11:00:00-04:00,8,220.74,223.5369,6.4545,220.339,219.2524,44.416,-0.528,0.58,neutral_up,224.6715,-0.6312,-2.8582
AAPL,AAPL-120,2025-03-26T11:00:00-04:00,2025-03-26T16:00:00-04:00,5,222.695,221.31,6.0594,223.7029,223.1123,10.803,-24.487,-49.339,neutral,224.2354,-0.0505,-1.0673
AAPL,AAPL-121,2025-03-27T13:00:00-04:00,2025-03-27T16:00:00-04:00,3,223.32,223.6,5.9516,222.36,222.1768,28.22,6.925,25.053,neutral_up,223.9767,-0.2587,-0.6948
AAPL,AAPL-122,2025-03-28T09:00:00-04:00,2025-03-28T12:00:00-04:00,3,223.38,218.6,5.8429,222.6834,222.6386,2.395,20.282,12.633,neutral,223.9725,-0.0042,-0.3135
AAPL,AAPL-123,2025-03-31T14:00:00-04:00,2025-03-31T16:00:00-04:00,2,220.58,221.7404,5.872,219.083,219.0261,24.24,8.105,12.659,neutral_up,223.4159,-0.5566,-0.8195
AAPL,AAPL-124,2025-04-01T11:00:00-04:00,2025-04-02T16:00:00-04:00,21,222.5802,212.73,6.1233,221.5968,220.8138,31.883,0.912,28.756,neutral_up,223.2867,-0.1292,-0.69
AAPL,AAPL-125,2025-04-07T14:00:00-04:00,2025-04-08T15:00:00-04:00,17,179.97,172.77,7.7012,181.5845,185.8066,-36.425,1.021,13.078,neutral_down,218.4703,-3.009,-4.8031
AAPL,AAPL-126,2025-04-10T16:00:00-04:00,2025-04-11T16:00:00-04:00,16,190.64,198.01,10.8214,190.413,189.3279,8.534,0.773,5.546,neutral,210.1389,-1.1289,-8.3314
AAPL,AAPL-127,2025-04-15T09:00:00-04:00,2025-04-16T13:00:00-04:00,20,202.935,193.985,11.6002,202.0033,201.8215,1.068,11.359,-2.466,neutral,206.971,-0.4381,-3.1678
AAPL,AAPL-128,2025-04-17T10:00:00-04:00,2025-04-21T08:00:00-04:00,14,195.7826,191.96,10.9454,196.0523,196.7231,-12.566,-3.508,4.832,neutral,205.419,-1.1119,-1.9901
AAPL,AAPL-129,2025-04-24T04:00:00-04:00,2025-04-24T15:00:00-04:00,11,201.95,208.2,9.9982,203.9976,203.4783,-7.48,-19.809,-21.47,neutral,203.3283,0.1032,-1.3135
AAPL,AAPL-130,2025-04-25T10:00:00-04:00,2025-04-28T07:00:00-04:00,13,207.315,209.92,9.7047,207.0507,206.5244,14.022,0.64,12.254,neutral,203.7712,0.4429,0.1795
AAPL,AAPL-131,2025-04-28T08:00:00-04:00,2025-05-01T18:00:00-04:00,58,210.05,204.55,9.2651,209.2243,208.3889,40.079,1.003,6.41,neutral_up,204.2675,0.4963,1.0423
AAPL,AAPL-132,2025-05-05T04:00:00-04:00,2025-05-05T09:00:00-04:00,5,203.5,199.725,8.3953,204.8849,205.965,-35.483,-12.506,-11.694,neutral_down,206.5238,-0.1224,1.1412
AAPL,AAPL-133,2025-05-06T12:00:00-04:00,2025-05-07T06:00:00-04:00,10,199.505,200.5,8.302,198.554,199.5207,-16.218,15.843,44.338,neutral,205.8189,-0.7049,-0.2089
AAPL,AAPL-134,2025-05-07T09:00:00-04:00,2025-05-07T11:00:00-04:00,2,197.805,195.105,7.9683,199.6275,199.6684,-16.182,-28.421,-35.088,neutral,205.1453,-0.6735,-1.5008
AAPL,AAPL-135,2025-05-08T12:00:00-04:00,2025-05-08T14:00:00-04:00,2,199.72,198.62,7.8413,198.0811,197.9047,22.671,15.234,37.873,neutral,204.334,-0.8114,-2.1898
AAPL,AAPL-136,2025-05-08T15:00:00-04:00,2025-05-08T17:00:00-04:00,2,197.4,197.4994,7.8413,198.0619,197.9492,1.498,-12.717,-21.173,neutral,204.334,-0.8114,-2.1898
AAPL,AAPL-137,2025-05-08T18:00:00-04:00,2025-05-12T04:00:00-04:00,18,197.4982,210.25,7.8413,197.7603,197.8215,-7.333,-0.486,-8.831,neutral,204.334,-0.8114,-2.1898
AAPL,AAPL-138,2025-05-13T08:00:00-04:00,2025-05-14T06:00:00-04:00,14,210.76,211.91,7.7263,210.0493,208.5582,45.384,3.127,6.886,neutral_up,203.9247,0.6905,-0.4092
AAPL,AAPL-139,2025-05-14T08:00:00-04:00,2025-05-15T07:00:00-04:00,15,212.26,210.03,7.4887,211.9895,211.2171,31.777,0.034,3.181,neutral_up,204.7356,0.8109,1.032
AAPL,AAPL-140,2025-05-15T08:00:00-04:00,2025-05-16T19:00:00-04:00,27,209.86,207.93,7.1938,210.6028,211.0775,-38.581,2.802,-8.038,neutral_down,205.4333,0.6977,2.1991
AAPL,AAPL-141,2025-05-19T19:00:00-04:00,2025-05-21T05:00:00-04:00,18,208.9,205.6,6.6297,208.3869,208.6949,-3.461,9.858,8.924,neutral,206.4539,0.4736,1.7183
AAPL,AAPL-142,2025-05-21T08:00:00-04:00,2025-05-21T14:00:00-04:00,6,205.98,201.3895,6.4425,206.2151,206.802,-30.346,1.036,11.533,neutral_down,206.6823,0.0188,0.702
AAPL,AAPL-143,2025-05-22T16:00:00-04:00,2025-05-23T07:00:00-04:00,7,201.65,194.8,6.4344,201.7103,202.4127,-24.232,2.286,5.04,neutral_down,206.2621,-0.4202,-0.1918
AAPL,AAPL-144,2025-05-28T09:00:00-04:00,2025-05-28T19:00:00-04:00,10,200.08,207.41,6.25,200.4127,199.8599,24.856,-17.871,-12.324,neutral_up,204.4399,-0.425,-1.8222
AAPL,AAPL-145,2025-05-30T13:00:00-04:00,2025-06-02T15:00:00-04:00,18,198.215,201.79,5.9553,198.7593,199.5842,-39.515,5.249,-6.763,neutral_down,203.6978,-0.3758,-1.1671
AAPL,AAPL-146,2025-06-02T17:00:00-04:00,2025-06-03T06:00:00-04:00,5,201.9412,201.27,5.8999,201.2955,200.7288,36.288,1.482,13.509,neutral_up,203.4207,-0.2771,-1.0192
AAPL,AAPL-147,2025-06-03T08:00:00-04:00,2025-06-04T04:00:00-04:00,12,201.89,203.22,5.6221,201.4737,201.1013,22.201,6.201,8.496,neutral,203.2724,-0.1482,-0.8011
AAPL,AAPL-148,2025-06-04T06:00:00-04:00,2025-06-06T07:00:00-04:00,33,202.08,201.51,5.4215,202.8254,202.4435,10.495,-23.494,-16.022,neutral,203.2786,0.0061,-0.4192
AAPL,AAPL-149,2025-06-06T08:00:00-04:00,2025-06-06T12:00:00-04:00,4,202.43,202.695,5.2779,201.7078,201.8797,4.216,12.577,10.829,neutral,203.0054,-0.2375,-0.267
AAPL,AAPL-150,2025-06-09T11:00:00-04:00,2025-06-09T16:00:00-04:00,5,204.46,201.45,5.263,204.5938,204.0711,19.763,-7.189,-16.563,neutral,203.0895,0.0841,-0.1891
AAPL,AAPL-151,2025-06-10T13:00:00-04:00,2025-06-11T14:00:00-04:00,17,201.75,199.07,5.3142,202.285,202.4603,-5.711,-12.122,-18.895,neutral,202.9395,-0.15,-0.3034
AAPL,AAPL-152,2025-06-12T14:00:00-04:00,2025-06-13T17:00:00-04:00,19,198.985,196.45,5.2679,198.8167,199.4492,-22.791,6.952,25.819,neutral,202.5521,-0.3702,-0.5374
AAPL,AAPL-153,2025-06-16T08:00:00-04:00,2025-06-16T10:00:00-04:00,2,197.7,198.22,5.0296,197.4405,197.6217,2.356,0.244,7.596,neutral,201.7203,-0.527,-1.202
AAPL,AAPL-154,2025-06-16T11:00:00-04:00,2025-06-17T16:00:00-04:00,21,197.3699,195.75,5.0296,197.6662,197.7022,1.547,-11.799,-0.809,neutral,201.7203,-0.527,-1.202
AAPL,AAPL-155,2025-06-18T09:00:00-04:00,2025-06-20T13:00:00-04:00,20,196.38,199.14,4.7122,196.1505,196.4306,-8.997,6.958,9.896,neutral,200.8907,-0.5251,-1.3567
AAPL,AAPL-156,2025-06-23T13:00:00-04:00,2025-06-24T06:00:00-04:00,9,201.23,203.7,4.6189,200.6789,200.0766,15.468,11.875,-14.061,neutral,200.509,0.0411,-0.9068
AAPL,AAPL-157,2025-06-24T09:00:00-04:00,2025-06-24T13:00:00-04:00,4,200.43,202.205,4.5275,202.5263,201.8063,11.413,-44.678,-54.59,neutral,200.6036,0.0946,-0.2871
AAPL,AAPL-158,2025-06-24T15:00:00-04:00,2025-06-24T16:00:00-04:00,1,200.29,200.75,4.5275,201.7034,201.671,-17.3,-16.824,-24.883,neutral,200.6036,0.0946,-0.2871
AAPL,AAPL-159,2025-06-24T17:00:00-04:00,2025-06-24T18:00:00-04:00,1,200.7,200.6,4.5275,201.3501,201.5066,-20.672,-1.22,-20.195,neutral,200.6036,0.0946,-0.2871
AAPL,AAPL-160,2025-06-25T10:00:00-04:00,2025-06-30T13:00:00-04:00,51,202.455,200.27,4.4355,201.5568,201.466,17.325,11.428,22.594,neutral,200.5751,-0.0285,0.1072
AAPL,AAPL-161,2025-06-30T14:00:00-04:00,2025-06-30T16:00:00-04:00,2,201.9195,205.45,4.2004,200.9952,201.2159,-6.891,28.662,30.45,neutral,200.73,0.037,0.1549
AAPL,AAPL-162,2025-07-02T12:00:00-04:00,2025-07-02T13:00:00-04:00,1,211.105,211.61,4.5229,210.6594,209.1543,53.588,-10.859,-19.263,neutral_up,201.741,0.6119,1.048
AAPL,AAPL-163,2025-07-03T08:00:00-04:00,2025-07-07T14:00:00-04:00,17,211.7999,209.7623,4.5913,211.4569,210.8399,17.651,6.354,0.408,neutral,202.7109,0.9699,1.9809
AAPL,AAPL-164,2025-07-08T11:00:00-04:00,2025-07-09T19:00:00-04:00,24,210.55,210.72,4.6779,210.0741,210.3979,-3.701,7.776,10.914,neutral,204.2639,0.5676,2.5229
AAPL,AAPL-165,2025-07-11T10:00:00-04:00,2025-07-11T17:00:00-04:00,7,210.96,210.5,4.4479,211.1505,211.192,-9.17,1.317,4.175,neutral,206.0057,0.6434,1.7418
AAPL,AAPL-166,2025-07-11T19:00:00-04:00,2025-07-14T04:00:00-04:00,1,210.5201,209.21,4.4479,210.7542,210.9384,-17.788,-1.273,-4.426,neutral,206.0057,0.6434,1.7418
AAPL,AAPL-167,2025-07-15T06:00:00-04:00,2025-07-15T18:00:00-04:00,12,209.13,208.85,4.2588,208.9502,209.212,-2.782,-0.816,46.938,neutral,206.6551,0.1885,1.2928
AAPL,AAPL-168,2025-07-16T04:00:00-04:00,2025-07-16T05:00:00-04:00,1,209.49,209.45,4.1939,209.3463,209.4333,-8.547,10.758,6.48,neutral,206.8691,0.2141,0.8634
AAPL,AAPL-169,2025-07-16T08:00:00-04:00,2025-07-21T07:00:00-04:00,47,210.0,212.55,4.1939,209.5805,209.5241,12.639,7.962,16.6,neutral,206.8691,0.2141,0.8634
AAPL,AAPL-170,2025-07-21T08:00:00-04:00,2025-07-21T10:00:00-04:00,2,212.44,213.41,3.885,211.886,211.3688,54.501,-3.863,16.875,neutral_up,207.775,0.3445,0.9058
AAPL,AAPL-171,2025-07-21T16:00:00-04:00,2025-07-21T17:00:00-04:00,1,212.28,212.2523,3.885,212.7282,212.2582,11.223,-10.474,-28.121,neutral,207.775,0.3445,0.9058
AAPL,AAPL-172,2025-07-22T06:00:00-04:00,2025-07-22T18:00:00-04:00,12,212.8,214.7,3.9332,212.693,212.4279,15.544,1.316,5.094,neutral,208.2081,0.4332,1.0407
AAPL,AAPL-173,2025-07-23T16:00:00-04:00,2025-07-23T17:00:00-04:00,1,214.2,213.63,3.8465,214.1617,214.0385,8.924,-2.636,7.605,neutral,208.7701,0.562,1.3397
AAPL,AAPL-174,2025-07-24T09:00:00-04:00,2025-07-29T14:00:00-04:00,53,213.83,211.98,3.7675,213.8004,213.8637,-4.315,2.941,6.705,neutral,209.2738,0.5036,1.4988
AAPL,AAPL-175,2025-07-31T11:00:00-04:00,2025-08-01T11:00:00-04:00,16,208.615,203.73,3.529,208.9491,209.5111,-27.075,-2.262,-8.683,neutral_down,210.379,-0.1359,0.3085
AAPL,AAPL-176,2025-08-04T13:00:00-04:00,2025-08-04T19:00:00-04:00,6,203.7114,203.25,4.0835,204.5508,205.0268,-16.349,-10.911,-35.264,neutral,209.413,-0.7143,-1.1019
AAPL,AAPL-177,2025-08-05T04:00:00-04:00,2025-08-05T05:00:00-04:00,1,203.85,203.88,4.235,203.6578,204.2175,-16.968,7.549,7.744,neutral,208.8609,-0.5521,-1.5181
AAPL,AAPL-178,2025-08-05T08:00:00-04:00,2025-08-06T09:00:00-04:00,17,203.7501,209.545,4.235,203.8357,204.1396,-8.285,-3.341,4.398,neutral,208.8609,-0.5521,-1.5181
AAPL,AAPL-179,2025-08-08T05:00:00-04:00,2025-08-08T11:00:00-04:00,6,221.0,225.99,4.9553,220.5553,218.7245,54.728,-3.027,-8.225,neutral_up,209.8025,1.0328,0.9416
AAPL,AAPL-180,2025-08-11T15:00:00-04:00,2025-08-12T04:00:00-04:00,5,227.27,226.02,5.4406,227.5775,226.8438,12.223,-4.01,-15.687,neutral,211.5809,1.7784,3.2592
AAPL,AAPL-181,2025-08-12T06:00:00-04:00,2025-08-12T13:00:00-04:00,7,226.01,229.945,5.3949,226.513,226.5723,-13.421,-1.904,-7.318,neutral,213.0072,1.4263,4.2374
AAPL,AAPL-182,2025-08-13T14:00:00-04:00,2025-08-13T15:00:00-04:00,1,233.12,233.32,5.2759,232.0585,230.7266,55.927,-5.308,-15.472,neutral_up,214.5193,1.5121,4.7168
AAPL,AAPL-183,2025-08-14T09:00:00-04:00,2025-08-18T05:00:00-04:00,28,233.41,231.05,5.2819,233.1162,232.3279,28.955,-2.605,3.562,neutral_up,216.2284,1.7092,4.6475
AAPL,AAPL-184,2025-08-18T09:00:00-04:00,2025-08-20T10:00:00-04:00,33,232.35,226.57,5.1908,231.4388,231.5607,8.159,21.585,27.2,neutral,219.0024,1.2648,4.4832
AAPL,AAPL-185,2025-08-21T13:00:00-04:00,2025-08-22T12:00:00-04:00,15,224.56,227.24,4.917,225.1227,225.9999,-50.281,-1.461,-3.328,neutral_down,221.4825,0.4478,2.4801
AAPL,AAPL-186,2025-08-25T09:00:00-04:00,2025-08-25T11:00:00-04:00,2,228.565,229.16,4.7199,227.4509,227.1382,24.613,25.678,23.786,neutral_up,222.3355,0.5414,1.3008
AAPL,AAPL-187,2025-08-25T12:00:00-04:00,2025-08-25T19:00:00-04:00,7,228.505,227.07,4.7199,228.1245,227.5642,41.568,-8.317,16.954,neutral_up,222.3355,0.5414,1.3008
AAPL,AAPL-188,2025-08-27T16:00:00-04:00,2025-08-28T06:00:00-04:00,6,231.28,231.09,4.6162,230.1948,229.4938,54.78,12.742,18.893,neutral_up,223.3665,0.5933,1.5725
AAPL,AAPL-189,2025-08-28T09:00:00-04:00,2025-08-28T14:00:00-04:00,5,230.49,232.87,4.4751,230.8104,230.3255,21.653,-14.88,-23.946,neutral,224.015,0.6485,1.6795
AAPL,AAPL-190,2025-08-29T08:00:00-04:00,2025-09-02T08:00:00-04:00,16,232.75,229.53,4.4465,232.087,231.7276,26.775,16.659,21.791,neutral_up,224.7855,0.7705,2.0123
AAPL,AAPL-191,2025-09-02T09:00:00-04:00,2025-09-02T10:00:00-04:00,1,230.19,228.09,4.2725,230.8045,231.3349,-47.033,9.881,-6.102,neutral_down,225.4659,0.6804,2.0994
AAPL,AAPL-192,2025-09-04T04:00:00-04:00,2025-09-08T17:00:00-04:00,45,238.22,237.98,4.6869,237.7465,236.5205,38.187,-0.217,-3.488,neutral_up,227.0023,1.1488,2.2168
AAPL,AAPL-193,2025-09-09T13:00:00-04:00,2025-09-09T15:00:00-04:00,2,236.53,234.35,4.407,236.7968,237.4091,-33.831,6.781,3.126,neutral_down,229.9965,0.7924,2.9942
AAPL,AAPL-194,2025-09-11T13:00:00-04:00,2025-09-11T15:00:00-04:00,2,230.06,230.02,4.7595,228.6453,229.0485,9.061,18.596,21.101,neutral,230.0639,-0.3284,0.8597
AAPL,AAPL-195,2025-09-12T08:00:00-04:00,2025-09-12T10:00:00-04:00,2,229.26,233.94,4.6909,229.3275,229.3085,-0.197,-1.488,-7.181,neutral,230.0599,-0.004,0.0634
AAPL,AAPL-196,2025-09-16T05:00:00-04:00,2025-09-16T12:00:00-04:00,7,236.5,239.14,4.7039,236.4173,235.6909,30.885,-3.456,2.915,neutral_up,230.9996,0.576,0.9357
AAPL,AAPL-197,2025-09-17T12:00:00-04:00,2025-09-18T04:00:00-04:00,8,239.585,240.9,4.7176,238.936,238.2987,49.597,0.434,12.214,neutral_up,231.6487,0.6491,1.5888
AAPL,AAPL-198,2025-09-18T07:00:00-04:00,2025-09-18T16:00:00-04:00,9,239.4,238.03,4.5499,239.7573,239.2281,24.85,-18.408,-26.382,neutral_up,232.3125,0.6638,1.8889
AAPL,AAPL-199,2025-09-19T08:00:00-04:00,2025-09-19T10:00:00-04:00,2,240.22,242.84,4.5499,239.2937,238.9195,41.01,-2.21,24.55,neutral_up,232.8159,0.5034,1.8163
AAPL,AAPL-200,2025-09-23T13:00:00-04:00,2025-09-24T12:00:00-04:00,15,254.3276,251.5397,5.295,255.1778,253.8508,26.226,-15.184,-27.217,neutral_up,235.9618,2.0128,3.6493
AAPL,AAPL-201,2025-09-25T09:00:00-04:00,2025-09-25T15:00:00-04:00,6,252.31,256.94,5.1507,252.331,252.6134,-8.258,-0.217,5.471,neutral,238.9762,1.3264,5.0272
AAPL,AAPL-202,2025-09-26T12:00:00-04:00,2025-10-01T14:00:00-04:00,50,256.34,256.74,5.1727,255.4894,254.982,19.494,11.025,-0.345,neutral,240.6093,1.6331,4.6475
AAPL,AAPL-203,2025-10-01T15:00:00-04:00,2025-10-01T16:00:00-04:00,1,255.41,255.4,4.7399,255.6815,255.0608,24.245,-15.708,-12.281,neutral_up,244.1289,1.0431,3.5196
AAPL,AAPL-204,2025-10-02T09:00:00-04:00,2025-10-03T19:00:00-04:00,26,256.035,257.9,4.7035,256.0716,255.6642,14.927,-5.411,-9.842,neutral,245.1544,1.0256,3.1951
AAPL,AAPL-205,2025-10-06T09:00:00-04:00,2025-10-07T05:00:00-04:00,12,256.275,255.5,4.7007,257.8096,257.6473,-5.519,-27.165,-21.922,neutral,247.3141,1.0701,3.1852
AAPL,AAPL-206,2025-10-07T10:00:00-04:00,2025-10-08T14:00:00-04:00,20,255.925,257.8,4.6521,256.2035,256.4919,-8.102,-9.552,20.388,neutral,248.1628,0.8487,3.0084
AAPL,AAPL-207,2025-10-14T08:00:00-04:00,2025-10-15T07:00:00-04:00,15,245.5048,249.07,4.892,246.3256,247.2703,-36.502,-0.959,9.734,neutral_down,249.5044,-0.1914,-0.2438
AAPL,AAPL-208,2025-10-15T11:00:00-04:00,2025-10-16T18:00:00-04:00,23,248.97,246.33,4.8386,249.2451,248.5217,31.89,-21.028,-11.353,neutral_up,249.354,-0.1504,-0.7834
AAPL,AAPL-209,2025-10-17T09:00:00-04:00,2025-10-17T13:00:00-04:00,4,248.41,251.3,4.7678,246.9971,247.3754,3.965,16.758,46.809,neutral,249.1853,-0.1755,-0.319
AAPL,AAPL-210,2025-10-21T12:00:00-04:00,2025-10-22T13:00:00-04:00,17,263.07,256.33,5.3787,262.733,261.0132,49.822,-9.489,-7.623,neutral_up,250.6286,1.1601,1.2678
AAPL,AAPL-211,2025-10-23T09:00:00-04:00,2025-10-24T13:00:00-04:00,20,258.35,263.9001,5.3973,258.6893,259.242,-19.313,-0.976,-8.753,neutral,252.3471,0.6083,2.8786
AAPL,AAPL-212,2025-10-28T17:00:00-04:00,2025-10-30T07:00:00-04:00,22,268.6844,272.15,5.264,268.8041,268.0752,26.221,-4.429,-18.981,neutral_up,255.2421,1.3498,2.8951
AAPL,AAPL-213,2025-10-30T08:00:00-04:00,2025-10-30T18:00:00-04:00,10,271.0325,277.65,4.9614,271.069,270.2642,33.221,-14.601,-6.801,neutral_up,257.6969,1.2013,3.8045
AAPL,AAPL-214,2025-10-30T19:00:00-04:00,2025-10-31T04:00:00-04:00,1,277.75,276.23,4.9614,275.6361,273.2946,48.963,-7.634,-16.693,neutral_up,257.6969,1.2013,3.8045
AAPL,AAPL-215,2025-10-31T09:00:00-04:00,2025-10-31T10:00:00-04:00,1,270.437,270.59,5.0113,275.1839,274.1997,-4.194,-30.591,-32.723,neutral,258.9408,1.2439,3.6987
AAPL,AAPL-216,2025-11-03T12:00:00-05:00,2025-11-04T18:00:00-05:00,22,267.423,270.77,5.2362,268.7966,270.1965,-43.957,-1.255,-4.03,neutral_down,259.9689,1.0281,3.4733
AAPL,AAPL-217,2025-11-04T19:00:00-05:00,2025-11-05T05:00:00-05:00,2,269.98,268.7,5.1908,270.0626,269.58,17.273,-8.27,-8.038,neutral,260.7954,0.8265,3.0985
AAPL,AAPL-218,2025-11-05T09:00:00-05:00,2025-11-11T07:00:00-05:00,62,269.235,269.79,5.0965,269.7389,269.5973,0.148,-7.68,-1.172,neutral,261.6549,0.8595,2.7141
AAPL,AAPL-219,2025-11-11T08:00:00-05:00,2025-11-11T09:00:00-05:00,1,269.8,273.84,5.2156,269.5319,269.5495,5.0,2.811,16.502,neutral,264.1026,0.5257,1.68
AAPL,AAPL-220,2025-11-12T13:00:00-05:00,2025-11-12T19:00:00-05:00,6,275.41,273.27,5.3109,274.6764,274.0647,21.912,11.256,16.849,neutral,265.1215,1.0189,2.0409
AAPL,AAPL-221,2025-11-13T04:00:00-05:00,2025-11-13T05:00:00-05:00,1,273.3,273.18,5.2194,273.6178,273.7401,-14.143,2.472,-6.054,neutral,265.8859,0.7644,2.309
AAPL,AAPL-222,2025-11-13T06:00:00-05:00,2025-11-13T07:00:00-05:00,1,273.79,273.51,5.2194,273.5822,273.6983,-5.837,8.29,10.778,neutral,265.8859,0.7644,2.309
AAPL,AAPL-223,2025-11-13T08:00:00-05:00,2025-11-17T06:00:00-05:00,30,272.78,270.5,5.2194,273.4102,273.5993,-13.473,-8.176,0.654,neutral,265.8859,0.7644,2.309
AAPL,AAPL-224,2025-11-17T09:00:00-05:00,2025-11-17T10:00:00-05:00,1,270.04,268.0,5.2604,270.9971,271.9464,-48.117,8.045,-2.546,neutral_down,267.0883,0.5512,1.9669
AAPL,AAPL-225,2025-11-18T08:00:00-05:00,2025-11-20T09:00:00-05:00,33,268.38,275.0,5.3753,268.3542,269.0091,-14.395,1.172,-2.395,neutral,267.1221,0.0338,1.2362
AAPL,AAPL-226,2025-11-20T11:00:00-05:00,2025-11-20T15:00:00-05:00,4,269.349,266.38,5.4716,270.8744,270.0176,25.092,-36.153,4.526,neutral_up,267.2747,0.1245,0.1863
AAPL,AAPL-227,2025-11-25T15:00:00-05:00,2025-11-25T16:00:00-05:00,1,276.89,276.79,5.9104,277.3071,276.057,29.956,-12.589,-28.404,neutral_up,268.3317,0.7468,1.057
AAPL,AAPL-228,2025-11-26T12:00:00-05:00,2025-12-01T14:00:00-05:00,29,278.88,281.49,5.8547,278.1729,277.4256,38.743,0.969,23.029,neutral_up,269.1097,0.778,1.9164
AAPL,AAPL-229,2025-12-03T12:00:00-05:00,2025-12-03T19:00:00-05:00,7,285.8655,284.22,5.5277,286.1505,285.4028,19.79,-6.876,-40.195,neutral,273.1433,1.3087,3.2736
AAPL,AAPL-230,2025-12-05T12:00:00-05:00,2025-12-08T06:00:00-05:00,10,279.385,278.1,5.5577,279.909,280.7533,-44.079,4.022,-9.003,neutral_down,274.7354,0.5915,2.9007
AAPL,AAPL-231,2025-12-08T09:00:00-05:00,2025-12-08T14:00:00-05:00,5,277.953,276.31,5.3814,278.3808,279.1345,-46.569,5.241,0.765,neutral_down,275.1049,0.3695,1.9616
AAPL,AAPL-232,2025-12-08T15:00:00-05:00,2025-12-09T04:00:00-05:00,5,277.96,277.39,5.3814,277.4584,278.2594,-35.251,25.853,11.499,neutral_down,275.1049,0.3695,1.9616
AAPL,AAPL-233,2025-12-09T05:00:00-05:00,2025-12-11T18:00:00-05:00,45,277.94,279.01,5.2484,277.4768,277.9026,-9.991,11.299,17.18,neutral,275.3645,0.2596,1.2205
AAPL,AAPL-234,2025-12-12T09:00:00-05:00,2025-12-15T11:00:00-05:00,18,278.93,274.95,5.0261,278.0912,278.0603,5.308,16.423,9.557,neutral,276.0311,0.2049,0.6666
AAPL,AAPL-235,2025-12-16T13:00:00-05:00,2025-12-18T05:00:00-05:00,24,273.71,271.49,5.0151,273.4401,274.2268,-26.115,13.449,9.119,neutral_down,276.0502,-0.1935,0.224
AAPL,AAPL-236,2025-12-18T10:00:00-05:00,2025-12-22T14:00:00-05:00,36,272.02,270.9297,4.8932,271.5692,272.3769,-29.241,22.366,10.892,neutral_down,275.5378,-0.3678,-0.7059
AAPL,AAPL-237,2025-12-23T11:00:00-05:00,2025-12-24T10:00:00-05:00,15,272.159,274.5691,4.882,271.3741,271.4666,11.092,15.491,27.208,neutral,274.6967,-0.3877,-0.8412
AAPL,AAPL-238,2025-12-26T17:00:00-05:00,2025-12-26T19:00:00-05:00,2,273.05,273.05,4.6355,273.7824,273.6493,-15.74,-10.964,-52.134,neutral,274.4205,-0.0601,-0.6638
AAPL,AAPL-239,2025-12-29T09:00:00-05:00,2025-12-29T11:00:00-05:00,2,273.86,273.15,4.4837,273.0174,273.2024,-5.866,32.072,30.65,neutral,274.3141,-0.1064,-0.3825
AAPL,AAPL-240,2025-12-29T15:00:00-05:00,2026-01-02T09:00:00-05:00,42,273.74,276.955,4.4837,273.4599,273.3598,17.42,-1.073,18.863,neutral,274.3141,-0.1064,-0.3825
AAPL,AAPL-241,2026-01-02T10:00:00-05:00,2026-01-02T12:00:00-05:00,2,270.65,270.14,3.9709,273.1211,272.952,9.243,-61.304,-14.216,neutral,273.9366,-0.2097,-0.3775
AAPL,AAPL-242,2026-01-07T13:00:00-05:00,2026-01-08T04:00:00-05:00,7,262.02,259.0,4.4678,262.0871,262.9357,-31.935,1.429,22.651,neutral_down,272.0976,-0.9878,-1.8391
AAPL,AAPL-243,2026-01-09T08:00:00-05:00,2026-01-16T05:00:00-05:00,77,259.6,257.58,4.4419,259.1042,259.1709,5.978,6.202,4.878,neutral,269.9441,-1.0864,-3.1412
AAPL,AAPL-244,2026-01-21T14:00:00-05:00,2026-01-22T06:00:00-05:00,8,250.71,249.34,4.893,247.4425,248.2579,2.003,40.621,41.646,neutral,263.4339,-1.6744,-3.4103
AAPL,AAPL-245,2026-01-22T09:00:00-05:00,2026-01-22T13:00:00-05:00,4,249.855,250.22,4.9992,249.15,248.8172,17.422,3.367,-1.998,neutral,261.9972,-1.4367,-4.0739
AAPL,AAPL-246,2026-01-22T14:00:00-05:00,2026-01-26T09:00:00-05:00,27,248.88,252.76,4.9992,249.4353,249.1086,8.156,-13.006,-4.588,neutral,261.9972,-1.4367,-4.0739
AAPL,AAPL-247,2026-01-28T09:00:00-05:00,2026-01-28T10:00:00-05:00,1,256.145,255.84,5.237,257.5123,257.5301,-24.774,-5.303,-40.146,neutral_down,259.1291,-0.0859,-1.6279
AAPL,AAPL-248,2026-01-28T18:00:00-05:00,2026-02-02T12:00:00-05:00,42,256.69,264.1738,5.237,256.6835,256.8579,0.17,-4.283,15.274,neutral,259.1291,-0.0859,-1.6279
AAPL,AAPL-249,2026-02-03T15:00:00-05:00,2026-02-04T09:00:00-05:00,10,269.49,277.47,5.9155,269.4323,267.69,37.182,-7.303,-10.722,neutral_up,259.8909,1.0099,1.0063
AAPL,AAPL-250,2026-02-05T09:00:00-05:00,2026-02-06T18:00:00-05:00,25,274.365,277.1768,6.0592,275.0189,273.9601,20.495,-14.656,-6.966,neutral,262.1851,1.4215,3.304
AAPL,AAPL-251,2026-02-09T09:00:00-05:00,2026-02-09T10:00:00-05:00,1,273.96,273.25,5.9972,276.715,276.7562,-18.767,-31.128,-20.864,neutral,264.7598,1.327,3.9962
AAPL,AAPL-252,2026-02-10T12:00:00-05:00,2026-02-11T10:00:00-05:00,14,274.09,279.755,6.0331,273.8453,274.1809,-7.595,5.289,-4.129,neutral,265.648,0.8882,3.4629
AAPL,AAPL-253,2026-02-18T14:00:00-05:00,2026-02-19T16:00:00-05:00,18,263.7434,260.35,6.8341,264.5078,263.6016,17.986,-15.099,-17.199,neutral,265.5299,-0.178,-1.6857
AAPL,AAPL-254,2026-02-20T10:00:00-05:00,2026-02-20T13:00:00-05:00,3,262.55,264.23,6.499,260.7187,261.3165,-9.47,37.654,38.719,neutral,264.9669,-0.4457,-0.7409
AAPL,AAPL-255,2026-02-23T14:00:00-05:00,2026-02-23T15:00:00-05:00,1,266.63,266.39,6.5055,266.0145,264.7091,51.697,-13.769,8.008,neutral_up,264.9327,-0.0343,-0.5972
AAPL,AAPL-256,2026-02-25T13:00:00-05:00,2026-02-25T17:00:00-05:00,4,274.61,274.4,6.6177,273.1558,271.8416,59.389,5.45,10.946,neutral_up,265.711,0.6459,0.7441
AAPL,AAPL-257,2026-02-26T09:00:00-05:00,2026-02-27T11:00:00-05:00,18,273.875,268.63,6.4228,273.995,273.3365,22.399,-8.508,-3.738,neutral,266.4809,0.7699,1.5483
AAPL,AAPL-258,2026-03-02T16:00:00-05:00,2026-03-02T19:00:00-05:00,3,265.05,264.25,6.6127,264.5608,265.0819,-1.45,0.898,2.492,neutral,266.8096,-0.264,1.0986
AAPL,AAPL-259,2026-03-03T04:00:00-05:00,2026-03-03T05:00:00-05:00,1,261.6,261.11,6.5925,263.946,264.6405,-33.831,-23.887,-31.577,neutral_down,266.6088,-0.2009,0.1278
AAPL,AAPL-260,2026-03-03T08:00:00-05:00,2026-03-05T14:00:00-05:00,38,262.64,257.775,6.5925,263.1088,263.9443,-25.009,1.174,23.075,neutral_down,266.6088,-0.2009,0.1278
AAPL,AAPL-261,2026-03-05T16:00:00-05:00,2026-03-05T17:00:00-05:00,1,259.5114,259.36,6.3824,259.8551,260.9644,-31.401,5.269,20.783,neutral_down,265.9894,-0.3539,-0.8202
AAPL,AAPL-262,2026-03-05T18:00:00-05:00,2026-03-06T04:00:00-05:00,2,260.14,259.16,6.3824,259.8329,260.7568,-20.468,9.264,16.202,neutral,265.9894,-0.3539,-0.8202
AAPL,AAPL-263,2026-03-06T08:00:00-05:00,2026-03-06T19:00:00-05:00,11,257.29,257.0,6.2979,258.8994,259.8846,-42.371,-9.589,-20.899,neutral_down,265.4676,-0.5218,-1.1411
AAPL,AAPL-264,2026-03-09T04:00:00-04:00,2026-03-09T05:00:00-04:00,1,254.53,255.46,6.2681,256.5924,257.6388,-43.063,-19.345,-17.476,neutral_down,264.7378,-0.7298,-1.6055
AAPL,AAPL-265,2026-03-09T07:00:00-04:00,2026-03-09T19:00:00-04:00,12,255.3,259.0,6.2681,255.899,257.0262,-41.827,4.332,1.236,neutral_down,264.7378,-0.7298,-1.6055
AAPL,AAPL-266,2026-03-10T14:00:00-04:00,2026-03-10T16:00:00-04:00,2,261.325,260.9,6.3539,260.75,259.7044,37.363,-6.379,2.757,neutral_up,264.2971,-0.4407,-1.6923
AAPL,AAPL-267,2026-03-10T18:00:00-04:00,2026-03-12T10:00:00-04:00,24,260.71,254.9,6.3539,260.8157,260.0711,19.152,-4.75,-8.538,neutral,264.2971,-0.4407,-1.6923
AAPL,AAPL-268,2026-03-16T15:00:00-04:00,2026-03-16T16:00:00-04:00,1,252.78,252.65,6.1252,252.3907,252.5167,5.118,1.855,-1.606,neutral,261.7952,-1.168,-2.1768
AAPL,AAPL-269,2026-03-17T08:00:00-04:00,2026-03-17T17:00:00-04:00,9,253.3,254.05,5.9738,252.3923,252.4232,8.573,19.977,20.188,neutral,260.9756,-0.8196,-2.7089
AAPL,AAPL-270,2026-03-18T09:00:00-04:00,2026-03-18T13:00:00-04:00,4,253.435,251.335,5.7578,254.1051,253.8803,-4.059,-8.77,-45.857,neutral,260.3624,-0.6132,-2.6008
AAPL,AAPL-271,2026-03-19T11:00:00-04:00,2026-03-20T06:00:00-04:00,11,249.62,247.96,5.7708,250.3729,251.0612,-28.697,-3.955,-2.445,neutral_down,259.4121,-0.9502,-2.383
AAPL,AAPL-272,2026-03-20T08:00:00-04:00,2026-03-23T17:00:00-04:00,25,247.6,251.56,5.6822,248.4352,249.2556,-45.402,0.476,-10.681,neutral_down,258.4571,-0.955,-2.5185
AAPL,AAPL-273,2026-03-24T04:00:00-04:00,2026-03-24T05:00:00-04:00,1,251.49,251.47,5.5695,251.6322,250.984,14.775,-5.237,-1.425,neutral,256.9707,-0.5531,-2.4415
AAPL,AAPL-274,2026-03-24T09:00:00-04:00,2026-03-26T11:00:00-04:00,34,251.65,256.515,5.5695,251.4128,251.1087,5.158,5.743,-5.327,neutral,256.9707,-0.5531,-2.4415
AAPL,AAPL-275,2026-03-26T14:00:00-04:00,2026-03-26T18:00:00-04:00,4,254.37,254.4,5.395,254.2943,253.6601,24.657,-8.911,-34.949,neutral_up,256.1428,-0.3533,-1.381
AAPL,AAPL-276,2026-03-27T09:00:00-04:00,2026-03-27T14:00:00-04:00,5,254.9,248.66,5.4547,253.638,253.6177,4.466,22.85,18.432,neutral,255.8462,-0.2966,-1.1245
AAPL,AAPL-277,2026-03-30T17:00:00-04:00,2026-03-30T19:00:00-04:00,2,246.0,245.25,5.5953,246.8509,248.1461,-51.715,-1.252,-5.221,neutral_down,255.1883,-0.6578,-1.3077
AAPL,AAPL-278,2026-03-31T04:00:00-04:00,2026-03-31T07:00:00-04:00,3,247.96,248.89,5.5785,246.7332,247.7436,-25.698,30.728,26.017,neutral_down,254.4021,-0.7862,-1.7407
AAPL,AAPL-279,2026-03-31T09:00:00-04:00,2026-03-31T12:00:00-04:00,3,248.7927,253.13,5.5785,247.9463,248.0348,14.426,4.015,14.037,neutral,254.4021,-0.7862,-1.7407
AAPL,AAPL-280,2026-04-01T16:00:00-04:00,2026-04-06T05:00:00-04:00,21,255.33,256.41,5.8186,254.8271,253.7532,38.866,-0.882,3.518,neutral_up,254.3465,-0.0556,-1.4997
AAPL,AAPL-281,2026-04-09T05:00:00-04:00,2026-04-10T05:00:00-04:00,16,258.58,260.05,6.1896,258.4728,257.8517,17.548,-0.376,-3.315,neutral,255.2205,0.3689,0.6227
AAPL,AAPL-282,2026-04-10T07:00:00-04:00,2026-04-10T10:00:00-04:00,3,258.8,261.74,6.1082,259.6353,259.175,10.56,-21.748,-14.308,neutral,255.6905,0.47,0.7027
AAPL,AAPL-283,2026-04-10T12:00:00-04:00,2026-04-13T10:00:00-04:00,14,260.26,257.805,6.1082,260.2591,259.6835,26.018,-10.403,8.599,neutral_up,255.6905,0.47,0.7027
AAPL,AAPL-284,2026-04-13T16:00:00-04:00,2026-04-13T17:00:00-04:00,1,259.33,259.1883,5.8981,258.6391,258.9434,0.178,9.866,41.436,neutral,256.1168,0.4263,1.2652
AAPL,AAPL-285,2026-04-14T06:00:00-04:00,2026-04-15T11:00:00-04:00,21,259.27,264.395,5.7425,259.0117,259.0291,5.525,2.695,-0.726,neutral,256.398,0.2812,1.1775
AAPL,AAPL-286,2026-04-20T12:00:00-04:00,2026-04-20T15:00:00-04:00,3,272.35,272.93,6.1086,271.695,270.2895,55.26,-7.113,-12.743,neutral_up,259.1438,1.1041,2.5224
AAPL,AAPL-287,2026-04-20T16:00:00-04:00,2026-04-21T11:00:00-04:00,11,270.75,266.72,6.1086,271.9989,270.9349,24.311,-28.033,-32.11,neutral_up,259.1438,1.1041,2.5224
AAPL,AAPL-288,2026-04-23T13:00:00-04:00,2026-04-24T14:00:00-04:00,17,272.99,270.11,6.1794,273.2155,272.4363,20.378,-6.395,-27.78,neutral,262.0413,1.1149,2.8975
AAPL,AAPL-289,2026-04-24T15:00:00-04:00,2026-04-24T17:00:00-04:00,2,271.06,270.84,6.0323,271.0538,271.6272,-28.594,13.645,2.938,neutral_down,263.0775,1.0362,2.6805
AAPL,AAPL-290,2026-04-24T19:00:00-04:00,2026-04-27T04:00:00-04:00,1,270.9,268.11,6.0323,270.9523,271.3901,-17.671,1.411,6.008,neutral,263.0775,1.0362,2.6805
AAPL,AAPL-291,2026-04-28T07:00:00-04:00,2026-04-28T13:00:00-04:00,6,269.17,270.515,5.8805,268.2573,268.3513,16.58,7.562,25.712,neutral,264.152,0.3488,2.1107
AAPL,AAPL-292,2026-04-28T19:00:00-04:00,2026-05-01T04:00:00-04:00,33,269.5,278.78,5.8805,269.7584,269.4556,4.293,-3.036,-17.817,neutral,264.152,0.3488,2.1107
AAPL,AAPL-293,2026-05-04T05:00:00-04:00,2026-05-04T11:00:00-04:00,6,279.3,276.86,6.6033,279.9891,279.1451,4.768,-2.534,-6.852,neutral,267.0942,1.3056,2.3415
AAPL,AAPL-294,2026-05-04T16:00:00-04:00,2026-05-04T19:00:00-04:00,3,276.5,276.45,6.6033,277.1974,277.84,-21.577,-1.669,-1.83,neutral,267.0942,1.3056,2.3415
AAPL,AAPL-295,2026-05-05T04:00:00-04:00,2026-05-05T05:00:00-04:00,1,276.5,276.2656,6.5437,276.8053,277.4279,-20.358,0.794,1.046,neutral,267.9802,0.886,2.7332
AAPL,AAPL-296,2026-05-05T07:00:00-04:00,2026-05-05T12:00:00-04:00,5,275.71,282.555,6.5437,276.4531,277.0999,-27.278,-6.502,-6.92,neutral_down,267.9802,0.886,2.7332
AAPL,AAPL-297,2026-05-07T14:00:00-04:00,2026-05-08T08:00:00-04:00,10,287.42,290.381,6.6746,288.5981,287.4349,20.821,-21.121,-46.119,neutral,271.1006,1.6449,4.0064
AAPL,AAPL-298,2026-05-11T10:00:00-04:00,2026-05-12T15:00:00-04:00,21,292.55,294.88,6.6978,292.6477,292.0313,9.148,3.07,-25.404,neutral,274.4635,1.8757,5.0078
AAPL,AAPL-299,2026-05-13T09:00:00-04:00,2026-05-13T12:00:00-04:00,3,295.415,299.15,6.2108,294.3727,293.9307,27.816,14.445,19.195,neutral_up,277.825,1.7055,5.2372
AAPL,AAPL-300,2026-05-14T12:00:00-04:00,2026-05-15T08:00:00-04:00,12,297.6,294.94,6.2972,298.5672,297.9392,7.997,-14.867,-12.606,neutral,279.7391,1.9141,5.2756
AAPL,AAPL-301,2026-05-15T09:00:00-04:00,2026-05-15T12:00:00-04:00,3,298.075,302.0,6.2095,296.6522,297.1502,-12.705,30.113,17.368,neutral,281.4156,1.6764,5.296
AAPL,AAPL-302,2026-05-19T04:00:00-04:00,2026-05-19T07:00:00-04:00,3,297.1,295.4851,6.2079,297.3092,297.7447,-12.814,-2.16,2.601,neutral,284.4648,1.3365,4.7256
AAPL,AAPL-303,2026-05-19T08:00:00-04:00,2026-05-20T15:00:00-04:00,23,295.9922,302.265,6.2079,296.558,297.2143,-32.062,1.842,-11.969,neutral_down,284.4648,1.3365,4.7256
AAPL,AAPL-304,2026-05-21T10:00:00-04:00,2026-05-21T14:00:00-04:00,4,302.15,304.21,5.9658,301.6373,300.8801,33.788,-2.313,11.424,neutral_up,287.2826,1.4982,4.1543
AAPL,AAPL-305,2026-05-26T12:00:00-04:00,2026-05-27T05:00:00-04:00,9,310.08,308.7,5.9349,310.2482,309.1205,36.595,-11.638,-28.17,neutral_up,290.7121,1.8098,4.9278
AAPL,AAPL-306,2026-05-27T09:00:00-04:00,2026-05-27T10:00:00-04:00,1,311.9091,313.06,5.8074,309.2932,309.0501,29.196,43.335,35.349,neutral_up,292.3183,1.6062,5.0357
AAPL,AAPL-307,2026-05-27T11:00:00-04:00,2026-05-27T13:00:00-04:00,2,311.7001,310.89,5.8074,310.3773,309.6224,52.608,-5.653,66.747,neutral_up,292.3183,1.6062,5.0357
AAPL,AAPL-308,2026-05-28T09:00:00-04:00,2026-06-01T11:00:00-04:00,34,311.07,306.84,5.7469,310.5908,310.3783,6.785,11.175,1.064,neutral,294.0103,1.692,5.1079
AAPL,AAPL-309,2026-06-04T07:00:00-04:00,2026-06-04T08:00:00-04:00,1,313.31,313.29,6.0701,312.7152,312.416,11.662,4.166,-5.882,neutral,300.5585,0.9832,3.3775
AAPL,AAPL-310,2026-06-04T09:00:00-04:00,2026-06-05T17:00:00-04:00,24,312.37,307.66,6.0701,312.7381,312.4841,5.586,-7.551,-1.91,neutral,300.5585,0.9832,3.3775
AAPL,AAPL-311,2026-06-08T13:00:00-04:00,2026-06-08T15:00:00-04:00,2,308.455,301.58,6.0647,310.8465,310.4984,8.606,-32.81,-28.584,neutral,302.0598,0.533,2.4845
AAPL,AAPL-312,2026-06-10T13:00:00-04:00,2026-06-11T18:00:00-04:00,21,294.02,295.58,7.2915,291.53,292.85,-2.191,18.983,48.61,neutral,300.9566,-1.0597,-0.5703
AAPL,AAPL-313,2026-06-16T09:00:00-04:00,2026-06-16T16:00:00-04:00,7,297.08,298.98,7.2769,296.144,295.5269,24.271,9.985,4.756,neutral_up,298.666,-0.2156,-1.429
AAPL,AAPL-314,2026-06-17T10:00:00-04:00,2026-06-18T06:00:00-04:00,12,298.54,297.53,7.2221,298.9517,298.303,22.068,-16.138,-1.346,neutral,298.72,0.054,-0.9428
AAPL,AAPL-315,2026-06-18T07:00:00-04:00,2026-06-18T08:00:00-04:00,1,296.76,296.68,7.257,297.2275,297.4283,-7.725,-7.97,-4.567,neutral,298.4618,-0.2582,-0.4198
AAPL,AAPL-316,2026-06-18T09:00:00-04:00,2026-06-22T14:00:00-04:00,21,298.275,299.07,7.257,297.3494,297.4434,2.491,14.607,2.246,neutral,298.4618,-0.2582,-0.4198
AAPL,AAPL-317,2026-06-22T15:00:00-04:00,2026-06-22T16:00:00-04:00,1,296.79,296.55,7.0922,298.5439,298.1737,-2.135,-23.145,-38.162,neutral,298.4098,-0.052,-0.2562
AAPL,AAPL-318,2026-06-23T11:00:00-04:00,2026-06-23T12:00:00-04:00,1,298.065,298.99,6.9899,297.4045,297.2797,17.745,-5.656,50.507,neutral,298.2626,-0.1473,-0.4574
AAPL,AAPL-319,2026-06-23T14:00:00-04:00,2026-06-24T04:00:00-04:00,6,297.53,293.95,6.9899,297.8814,297.5698,10.446,-11.079,-7.299,neutral,298.2626,-0.1473,-0.4574
AAPL,AAPL-320,2026-06-24T14:00:00-04:00,2026-06-24T19:00:00-04:00,5,295.17,290.81,7.0235,296.0924,296.1261,-4.387,-10.859,-33.02,neutral,297.9014,-0.3611,-0.5604
AAPL,AAPL-321,2026-06-26T13:00:00-04:00,2026-06-26T19:00:00-04:00,6,279.195,282.5007,7.8843,277.8562,279.369,-8.922,6.816,15.484,neutral,295.4247,-2.0375,-2.8378
AAPL,AAPL-322,2026-06-29T12:00:00-04:00,2026-06-30T11:00:00-04:00,15,280.31,288.73,8.1597,282.1151,281.7454,-7.346,-11.802,-36.707,neutral,294.1407,-1.2841,-3.7608
META,META-001,2024-07-15T10:00:00-04:00,2024-07-16T12:00:00-04:00,18,504.0802,489.2,13.8611,499.9059,502.5939,-14.648,28.904,48.112,neutral,510.2147,-1.1625,1.3013
META,META-002,2024-07-18T13:00:00-04:00,2024-07-18T14:00:00-04:00,1,473.67,475.1598,15.3215,469.8182,470.8961,10.103,12.174,26.191,neutral,503.0951,-4.1105,-7.1196
META,META-003,2024-07-19T12:00:00-04:00,2024-07-19T13:00:00-04:00,1,479.21,479.33,15.4592,479.4601,477.0525,29.539,-14.074,-7.913,neutral_up,500.6192,-2.4759,-8.316
META,META-004,2024-07-19T14:00:00-04:00,2024-07-22T07:00:00-04:00,9,478.76,483.4,15.4592,479.2993,477.3959,16.263,-6.127,-27.351,neutral,500.6192,-2.4759,-8.316
META,META-005,2024-07-23T08:00:00-04:00,2024-07-24T04:00:00-04:00,12,488.74,478.62,15.1506,487.6894,485.9252,35.208,-0.187,11.713,neutral_up,497.4664,-0.9856,-5.6288
META,META-006,2024-07-25T12:00:00-04:00,2024-07-25T19:00:00-04:00,7,460.2573,454.3,15.584,460.406,464.8394,-39.558,12.341,29.842,neutral_down,493.4632,-3.2153,-4.9888
META,META-007,2024-07-26T04:00:00-04:00,2024-07-26T05:00:00-04:00,1,462.0,462.25,15.9636,456.9122,460.0544,-14.488,27.478,35.305,neutral,489.8211,-3.6421,-7.6453
META,META-008,2024-07-26T08:00:00-04:00,2024-07-26T11:00:00-04:00,3,460.5,466.34,15.9636,459.4945,460.4668,3.528,-3.27,3.651,neutral,489.8211,-3.6421,-7.6453
META,META-009,2024-07-29T10:00:00-04:00,2024-07-30T07:00:00-04:00,13,469.135,466.24,15.9926,469.0566,466.9032,33.723,-11.684,-14.639,neutral_up,487.6255,-2.1956,-9.053
META,META-010,2024-07-30T08:00:00-04:00,2024-07-30T17:00:00-04:00,9,466.2603,448.2,15.4889,466.3105,466.5633,-4.116,0.495,8.678,neutral,485.6414,-1.9841,-7.8218
META,META-011,2024-07-30T18:00:00-04:00,2024-07-30T19:00:00-04:00,1,456.3,458.5065,15.4889,457.8491,461.5561,-48.738,19.964,-29.597,neutral_down,485.6414,-1.9841,-7.8218
META,META-012,2024-07-31T04:00:00-04:00,2024-07-31T05:00:00-04:00,1,464.4,464.77,15.5275,459.2645,461.5626,-8.168,24.028,60.535,neutral,483.5994,-2.0419,-6.2216
META,META-013,2024-08-02T14:00:00-04:00,2024-08-05T04:00:00-04:00,6,487.07,463.0,18.0442,489.2635,491.8881,-20.73,-0.053,1.37,neutral,484.1332,1.3737,-1.5082
META,META-014,2024-08-07T13:00:00-04:00,2024-08-07T17:00:00-04:00,4,491.055,485.5,20.3722,496.8011,494.7439,-4.526,-14.086,-46.817,neutral,484.659,0.9391,0.5258
META,META-015,2024-08-09T12:00:00-04:00,2024-08-09T15:00:00-04:00,3,513.0,517.76,20.6127,510.2614,506.64,39.367,2.08,12.525,neutral_up,487.2803,2.233,3.5603
META,META-016,2024-08-12T13:00:00-04:00,2024-08-13T11:00:00-04:00,14,514.01,525.785,20.0432,515.3864,514.1958,3.491,-5.231,-10.489,neutral,490.0511,2.7709,5.3921
META,META-017,2024-08-14T12:00:00-04:00,2024-08-15T10:00:00-04:00,14,527.46,538.34,18.9831,528.723,526.4083,35.513,-25.318,-16.907,neutral_up,495.694,3.2866,8.4137
META,META-018,2024-08-19T10:00:00-04:00,2024-08-21T09:00:00-04:00,31,527.39,535.39,17.6685,527.0209,528.2048,-14.306,4.604,29.222,neutral,504.3157,2.2984,8.6217
META,META-019,2024-08-21T10:00:00-04:00,2024-08-21T11:00:00-04:00,1,533.0,531.375,16.197,529.7797,528.626,59.341,-2.348,54.809,neutral_up,508.399,1.8211,6.3817
META,META-020,2024-08-22T11:00:00-04:00,2024-08-22T18:00:00-04:00,7,535.055,532.35,15.9536,537.274,535.0576,34.206,-34.231,-24.026,neutral_up,510.8327,2.4337,6.517
META,META-021,2024-08-23T11:00:00-04:00,2024-08-23T12:00:00-04:00,1,530.92,526.865,15.9312,534.0573,534.2016,-17.686,-14.216,-49.155,neutral,512.7661,1.9334,6.1882
META,META-022,2024-08-23T15:00:00-04:00,2024-08-23T16:00:00-04:00,1,528.0,527.52,15.9312,530.2148,532.0748,-43.336,3.35,-3.758,neutral_down,512.7661,1.9334,6.1882
META,META-023,2024-08-27T10:00:00-04:00,2024-08-28T19:00:00-04:00,25,522.96,512.7499,15.6511,520.909,522.2461,-14.12,22.317,9.906,neutral,514.7882,0.6372,3.9555
META,META-024,2024-08-29T04:00:00-04:00,2024-08-29T06:00:00-04:00,2,518.68,519.56,14.6889,515.3854,516.737,-13.084,34.435,25.161,neutral,515.3259,0.1384,1.1748
META,META-025,2024-08-29T08:00:00-04:00,2024-08-29T09:00:00-04:00,1,520.0,525.47,14.6889,518.0112,517.7268,22.615,1.97,9.078,neutral,515.3259,0.1384,1.1748
META,META-026,2024-08-29T10:00:00-04:00,2024-08-29T11:00:00-04:00,1,523.83,524.9,14.6889,520.3683,518.9216,44.313,-0.594,23.668,neutral_up,515.3259,0.1384,1.1748
META,META-027,2024-08-30T08:00:00-04:00,2024-09-03T16:00:00-04:00,24,522.6,512.34,14.4626,521.3167,520.456,25.786,0.478,13.364,neutral_up,515.5899,0.264,0.8017
META,META-028,2024-09-04T10:00:00-04:00,2024-09-04T13:00:00-04:00,3,512.775,514.71,14.2286,510.142,511.9861,-12.93,19.869,41.351,neutral,515.7253,-0.3955,0.3994
META,META-029,2024-09-04T14:00:00-04:00,2024-09-05T05:00:00-04:00,7,513.78,513.66,14.2286,512.7305,512.8117,12.967,-3.68,7.753,neutral,515.7253,-0.3955,0.3994
META,META-030,2024-09-05T08:00:00-04:00,2024-09-06T12:00:00-04:00,20,510.57,501.0,14.1066,512.9746,513.1796,-17.032,-12.7,-21.811,neutral,515.4446,-0.2807,-0.1453
META,META-031,2024-09-09T14:00:00-04:00,2024-09-09T16:00:00-04:00,2,504.45,504.79,14.7395,505.4321,506.0752,-7.668,-7.498,2.905,neutral,514.1948,-1.3785,-1.5305
META,META-032,2024-09-10T04:00:00-04:00,2024-09-11T17:00:00-04:00,28,503.25,511.65,14.4667,505.0075,505.5852,-14.559,-12.081,-11.441,neutral,513.3426,-0.8523,-2.1021
META,META-033,2024-09-13T13:00:00-04:00,2024-09-16T06:00:00-04:00,9,526.55,525.3,14.6686,524.8216,522.7254,31.547,5.331,8.927,neutral_up,513.7086,1.2041,0.366
META,META-034,2024-09-16T08:00:00-04:00,2024-09-16T15:00:00-04:00,7,523.85,533.3,14.3688,524.6284,523.9381,6.856,-8.182,-16.432,neutral,514.6905,0.9819,2.1336
META,META-035,2024-09-17T16:00:00-04:00,2024-09-19T05:00:00-04:00,21,536.31,549.43,14.5353,535.0476,533.2114,29.194,4.714,13.036,neutral_up,516.3823,1.6918,3.8779
META,META-036,2024-09-20T14:00:00-04:00,2024-09-23T05:00:00-04:00,7,563.27,566.24,14.768,561.0485,557.6939,60.688,-0.898,7.018,neutral_up,523.5101,3.538,7.1278
META,META-037,2024-09-23T13:00:00-04:00,2024-09-23T17:00:00-04:00,4,565.21,564.2945,14.2989,565.9876,563.8908,16.054,-3.455,-47.189,neutral,526.9492,3.4391,8.7549
META,META-038,2024-09-24T04:00:00-04:00,2024-09-24T05:00:00-04:00,1,568.87,567.75,14.1804,565.331,564.3939,23.596,27.663,20.172,neutral,530.3547,3.4055,10.3826
META,META-039,2024-09-24T06:00:00-04:00,2024-09-25T05:00:00-04:00,15,567.23,561.83,14.1804,566.0978,564.9291,29.527,-0.544,33.594,neutral_up,530.3547,3.4055,10.3826
META,META-040,2024-09-25T09:00:00-04:00,2024-09-25T10:00:00-04:00,1,569.635,569.415,14.1357,564.0691,563.6372,38.109,41.594,55.149,neutral_up,533.3543,2.9996,9.8442
META,META-041,2024-09-27T13:00:00-04:00,2024-09-30T18:00:00-04:00,21,569.2,572.3,14.1608,567.9073,568.1448,3.583,8.502,13.576,neutral,539.375,2.8475,9.0203
META,META-042,2024-10-01T12:00:00-04:00,2024-10-03T05:00:00-04:00,25,576.59,567.66,13.3357,575.3565,573.4549,25.844,3.489,-36.184,neutral_up,544.679,2.7681,8.1515
META,META-043,2024-10-03T09:00:00-04:00,2024-10-03T13:00:00-04:00,4,574.95,580.35,12.8647,571.7975,572.6465,-2.149,27.358,37.714,neutral,549.8457,2.2784,7.9348
META,META-044,2024-10-09T09:00:00-04:00,2024-10-09T18:00:00-04:00,9,583.255,589.4789,13.2323,590.4427,590.451,-28.386,-53.866,-66.759,neutral_down,562.337,3.0493,9.5127
META,META-045,2024-10-10T04:00:00-04:00,2024-10-10T05:00:00-04:00,1,589.06,588.01,13.2,589.4962,589.7107,-5.368,-3.22,-5.245,neutral,564.8827,2.5457,8.1443
META,META-046,2024-10-10T06:00:00-04:00,2024-10-10T07:00:00-04:00,1,590.0,590.0,13.2,589.3591,589.5965,-3.891,9.437,-1.743,neutral,564.8827,2.5457,8.1443
META,META-047,2024-10-10T08:00:00-04:00,2024-10-10T18:00:00-04:00,10,587.08,584.2,13.2,589.0058,589.401,-14.978,-15.681,-1.651,neutral,564.8827,2.5457,8.1443
META,META-048,2024-10-11T09:00:00-04:00,2024-10-11T17:00:00-04:00,8,586.46,589.0,12.8157,584.9884,585.736,-3.087,14.172,25.505,neutral,566.5979,1.7152,7.3102
META,META-049,2024-10-17T12:00:00-04:00,2024-10-21T07:00:00-04:00,27,579.64,575.2,12.2131,579.5444,580.0955,-4.376,-0.569,7.056,neutral,572.5378,0.4222,3.8238
META,META-050,2024-10-21T09:00:00-04:00,2024-10-21T10:00:00-04:00,1,573.03,571.7,11.8014,575.7363,577.0364,-45.54,-14.826,-11.009,neutral_down,573.25,0.312,1.1344
META,META-051,2024-10-21T17:00:00-04:00,2024-10-22T04:00:00-04:00,3,576.0,574.11,11.8014,574.6685,575.4357,0.395,8.305,42.171,neutral,573.25,0.312,1.1344
META,META-052,2024-10-22T08:00:00-04:00,2024-10-22T12:00:00-04:00,4,572.37,579.11,11.5391,573.5464,574.4991,-35.747,-1.761,-7.408,neutral_down,573.4236,0.1736,0.8858
META,META-053,2024-10-24T15:00:00-04:00,2024-10-25T06:00:00-04:00,7,567.78,572.24,12.3135,566.8897,568.5661,-19.56,9.693,23.363,neutral,573.2536,-0.9379,0.0036
META,META-054,2024-10-28T09:00:00-04:00,2024-10-28T14:00:00-04:00,5,576.33,579.74,12.0704,578.1105,576.0147,33.786,-30.641,-33.013,neutral_up,572.8018,0.0458,-1.3896
META,META-055,2024-10-29T07:00:00-04:00,2024-10-29T11:00:00-04:00,4,579.13,587.97,11.9575,579.2479,578.2112,19.78,-6.331,-9.273,neutral,573.2917,0.4898,0.038
META,META-056,2024-10-30T16:00:00-04:00,2024-10-30T17:00:00-04:00,1,581.99,575.0,12.4085,593.4939,594.1867,-36.745,-18.717,-39.039,neutral_down,575.1261,1.8344,2.37
META,META-057,2024-11-01T04:00:00-04:00,2024-11-01T06:00:00-04:00,2,568.99,569.56,13.5218,568.6634,573.1137,-27.569,3.939,14.388,neutral_down,575.7856,-0.8336,2.4939
META,META-058,2024-11-01T08:00:00-04:00,2024-11-05T12:00:00-05:00,36,572.13,571.6601,13.5218,569.6936,572.2133,-10.272,9.708,13.469,neutral,575.7856,-0.8336,2.4939
META,META-059,2024-11-06T08:00:00-05:00,2024-11-07T04:00:00-05:00,12,568.0,570.23,13.1433,566.9113,567.0268,-5.511,12.651,20.327,neutral,573.5525,-0.1443,-2.2331
META,META-060,2024-11-08T13:00:00-05:00,2024-11-11T10:00:00-05:00,13,588.05,581.15,14.1412,587.9915,586.4558,9.396,6.612,-8.706,neutral,575.0773,1.6623,1.3805
META,META-061,2024-11-11T13:00:00-05:00,2024-11-11T14:00:00-05:00,1,585.33,583.065,13.7439,584.5347,585.7178,-20.626,16.799,28.773,neutral,576.3884,1.3112,2.8359
META,META-062,2024-11-12T10:00:00-05:00,2024-11-13T05:00:00-05:00,11,583.77,582.14,13.6901,584.8936,584.5084,21.055,-26.501,52.737,neutral,577.0277,0.6392,3.6127
META,META-063,2024-11-13T09:00:00-05:00,2024-11-15T05:00:00-05:00,28,577.22,572.25,14.0894,582.2167,583.1553,-26.163,-28.554,-9.321,neutral_down,577.7361,0.7084,2.6588
META,META-064,2024-11-18T13:00:00-05:00,2024-11-19T17:00:00-05:00,20,554.92,560.65,14.2682,554.9597,557.7077,-24.77,0.668,12.22,neutral_down,575.7283,-2.1478,-2.0078
META,META-065,2024-11-20T14:00:00-05:00,2024-11-21T07:00:00-05:00,9,561.54,567.6,13.7269,561.3672,560.0489,15.517,-0.819,-19.652,neutral,572.6266,-1.1537,-5.2495
META,META-066,2024-11-21T09:00:00-05:00,2024-11-21T16:00:00-05:00,7,557.45,561.75,13.6142,564.8559,563.7607,-3.813,-45.825,-38.002,neutral,571.9687,-0.6579,-3.7596
META,META-067,2024-11-22T10:00:00-05:00,2024-11-26T10:00:00-05:00,31,558.971,575.4097,14.1382,560.7187,561.3759,-15.073,-8.91,-7.557,neutral,571.1916,-0.7772,-2.5887
META,META-068,2024-12-04T15:00:00-05:00,2024-12-05T18:00:00-05:00,19,613.57,607.1501,14.6029,611.7329,609.1102,32.838,8.29,10.66,neutral_up,576.1421,3.7528,6.2075
META,META-069,2024-12-10T14:00:00-05:00,2024-12-10T16:00:00-05:00,2,613.7375,620.43,15.2285,617.6862,617.2395,-5.847,-23.475,-33.667,neutral,588.5039,2.5156,8.9593
META,META-070,2024-12-10T19:00:00-05:00,2024-12-11T04:00:00-05:00,1,620.04,619.4,15.2285,619.2042,618.2615,16.629,0.804,2.74,neutral,588.5039,2.5156,8.9593
META,META-071,2024-12-11T08:00:00-05:00,2024-12-11T09:00:00-05:00,1,623.78,634.08,15.0586,620.3689,619.171,32.944,17.562,21.215,neutral_up,591.3263,2.8224,9.1112
META,META-072,2024-12-12T12:00:00-05:00,2024-12-13T10:00:00-05:00,14,633.271,619.64,15.3294,632.4585,630.5939,25.726,-0.66,0.801,neutral_up,595.0857,3.7594,9.0974
META,META-073,2024-12-16T11:00:00-05:00,2024-12-18T15:00:00-05:00,36,622.0901,597.64,14.8584,622.9988,623.5653,-10.666,-2.881,-36.187,neutral,600.3388,1.9981,9.0125
META,META-074,2024-12-19T18:00:00-05:00,2024-12-20T04:00:00-05:00,2,596.02,588.5,15.9377,599.9529,604.305,-50.983,-2.899,-4.633,neutral_down,603.4859,-0.5846,3.1471
META,META-075,2024-12-23T09:00:00-05:00,2024-12-23T11:00:00-05:00,2,593.13,596.7,16.4886,589.8236,591.6209,-6.763,15.82,19.795,neutral,600.7006,-2.0701,-3.3698
META,META-076,2024-12-26T08:00:00-05:00,2024-12-27T06:00:00-05:00,13,604.5661,601.95,16.2379,605.4463,603.4686,22.889,-10.389,-15.418,neutral,601.2795,0.6471,-1.4912
META,META-077,2024-12-27T07:00:00-05:00,2024-12-27T10:00:00-05:00,3,602.22,594.0899,15.7073,602.735,602.9595,-12.286,0.6,-8.099,neutral,601.4695,0.19,0.7689
META,META-078,2024-12-31T09:00:00-05:00,2024-12-31T16:00:00-05:00,7,592.735,585.81,15.4672,592.6642,593.542,-8.982,0.111,-1.022,neutral,600.3816,-0.9462,-0.8979
META,META-079,2025-01-02T04:00:00-05:00,2025-01-02T05:00:00-05:00,1,592.01,591.48,15.0852,588.1296,589.7642,-12.027,35.887,34.969,neutral,599.0332,-1.3483,-2.4363
META,META-080,2025-01-02T12:00:00-05:00,2025-01-02T13:00:00-05:00,1,591.5455,593.66,15.0852,594.186,592.6101,25.753,-33.713,-20.154,neutral_up,599.0332,-1.3483,-2.4363
META,META-081,2025-01-03T10:00:00-05:00,2025-01-03T14:00:00-05:00,4,598.2943,605.7513,15.3906,600.6652,598.4097,22.564,-23.534,-22.783,neutral,599.0566,0.0233,-2.2711
META,META-082,2025-01-03T17:00:00-05:00,2025-01-06T06:00:00-05:00,5,603.6,608.71,15.3906,603.1538,601.0101,27.59,-2.453,-12.996,neutral_up,599.0566,0.0233,-2.2711
META,META-083,2025-01-06T09:00:00-05:00,2025-01-06T10:00:00-05:00,1,608.975,618.53,15.226,607.8557,604.9347,51.146,-12.465,-7.282,neutral_up,599.5478,0.4912,-0.8338
META,META-084,2025-01-08T08:00:00-05:00,2025-01-10T04:00:00-05:00,12,618.98,606.95,16.5932,618.038,619.0037,-14.215,14.036,-10.654,neutral,603.7343,1.3936,4.6777
META,META-085,2025-01-10T09:00:00-05:00,2025-01-10T17:00:00-05:00,8,606.1,615.3,16.4709,607.7822,610.5488,-38.222,5.979,-6.039,neutral_down,604.3821,0.6478,4.8343
META,META-086,2025-01-13T19:00:00-05:00,2025-01-14T11:00:00-05:00,8,607.5,590.53,17.6208,608.7413,609.6279,-3.719,-10.792,4.175,neutral,605.4428,1.0607,3.1021
META,META-087,2025-01-16T12:00:00-05:00,2025-01-22T06:00:00-05:00,42,614.32,621.5,18.4826,611.9151,610.3356,22.109,5.643,16.274,neutral,605.7493,1.0971,0.3065
META,META-088,2025-01-23T04:00:00-05:00,2025-01-23T05:00:00-05:00,1,625.37,625.0,17.5139,624.5316,623.2546,12.345,8.142,4.646,neutral,609.1685,1.4281,2.9083
META,META-089,2025-01-23T06:00:00-05:00,2025-01-23T07:00:00-05:00,1,627.6,627.0,17.5139,625.2202,623.7939,26.911,12.532,22.707,neutral_up,609.1685,1.4281,2.9083
META,META-090,2025-01-23T08:00:00-05:00,2025-01-23T15:00:00-05:00,7,627.6,636.48,17.5139,625.9809,624.4049,30.677,1.6,16.298,neutral_up,609.1685,1.4281,2.9083
META,META-091,2025-01-29T10:00:00-05:00,2025-01-31T19:00:00-05:00,41,672.41,685.18,19.2234,674.9257,671.9429,7.248,-4.505,-38.502,neutral,624.0101,5.0075,12.3587
META,META-092,2025-02-04T12:00:00-05:00,2025-02-07T04:00:00-05:00,40,703.47,713.47,20.6694,701.6144,698.5517,26.51,-2.212,15.474,neutral_up,644.3655,5.2734,15.5718
META,META-093,2025-02-07T08:00:00-05:00,2025-02-07T09:00:00-05:00,1,715.11,723.14,19.9095,713.1638,711.0487,39.362,2.154,9.181,neutral_up,659.9685,5.1641,15.603
META,META-094,2025-02-07T10:00:00-05:00,2025-02-12T04:00:00-05:00,42,714.81,722.9,19.9095,715.0893,712.39,43.175,-24.626,5.967,neutral_up,659.9685,5.1641,15.603
META,META-095,2025-02-12T09:00:00-05:00,2025-02-12T18:00:00-05:00,9,719.3,725.9744,18.3934,719.4211,718.8378,-4.778,8.987,-48.892,neutral,674.2198,4.566,14.2512
META,META-096,2025-02-13T09:00:00-05:00,2025-02-13T12:00:00-05:00,3,722.82,719.1638,18.1153,724.4279,723.4086,7.894,-14.36,-11.764,neutral,678.8434,4.6237,13.9393
META,META-097,2025-02-13T13:00:00-05:00,2025-02-14T11:00:00-05:00,14,722.8,736.415,18.1153,723.0491,723.0331,-10.757,8.554,-24.442,neutral,678.8434,4.6237,13.9393
META,META-098,2025-02-20T12:00:00-05:00,2025-02-20T17:00:00-05:00,5,696.5,693.0984,18.5557,698.4084,702.252,-51.335,1.87,4.51,neutral_down,691.9319,1.1818,8.5751
META,META-099,2025-02-20T19:00:00-05:00,2025-02-21T14:00:00-05:00,11,694.7,683.13,18.5557,695.1729,698.448,-46.952,6.715,8.234,neutral_down,691.9319,1.1818,8.5751
META,META-100,2025-02-25T13:00:00-05:00,2025-02-25T15:00:00-05:00,2,661.18,657.52,18.7947,660.4837,666.1273,-46.906,19.429,34.062,neutral_down,689.2711,-2.1481,-2.6607
META,META-101,2025-02-25T17:00:00-05:00,2025-02-25T19:00:00-05:00,2,660.2,661.0,18.7947,659.97,664.0587,-28.446,4.898,7.889,neutral_down,689.2711,-2.1481,-2.6607
META,META-102,2025-02-26T04:00:00-05:00,2025-02-26T05:00:00-05:00,1,664.21,664.26,19.3194,661.1595,663.6162,-7.822,11.963,20.623,neutral,686.3846,-2.8865,-5.8125
META,META-103,2025-02-26T09:00:00-05:00,2025-02-26T10:00:00-05:00,1,672.2,677.945,19.3194,664.2687,664.2677,23.866,30.602,26.616,neutral_up,686.3846,-2.8865,-5.8125
META,META-104,2025-02-27T11:00:00-05:00,2025-02-27T15:00:00-05:00,4,669.994,658.18,19.76,674.5569,673.9143,-14.319,-4.511,-67.603,neutral,685.2515,-1.1331,-6.1677
META,META-105,2025-02-28T12:00:00-05:00,2025-03-03T05:00:00-05:00,9,655.4,672.2,20.5683,660.2762,663.4858,-29.85,-9.516,10.143,neutral_down,682.7905,-2.461,-6.4807
META,META-106,2025-03-03T10:00:00-05:00,2025-03-03T11:00:00-05:00,1,666.4,668.81,21.0298,668.9247,667.5818,3.601,-10.283,-35.253,neutral,681.494,-1.2964,-4.8906
META,META-107,2025-03-03T12:00:00-05:00,2025-03-03T15:00:00-05:00,3,667.24,655.1,21.0298,668.5694,667.6522,1.297,-3.661,-12.586,neutral,681.494,-1.2964,-4.8906
META,META-108,2025-03-05T10:00:00-05:00,2025-03-05T14:00:00-05:00,4,644.6039,655.025,22.396,643.5676,645.3281,-11.302,7.64,2.671,neutral,675.5024,-3.5922,-7.2881
META,META-109,2025-03-05T15:00:00-05:00,2025-03-05T19:00:00-05:00,4,656.3,655.01,22.396,649.8784,647.9397,35.014,5.825,27.318,neutral_up,675.5024,-3.5922,-7.2881
META,META-110,2025-03-06T04:00:00-05:00,2025-03-06T12:00:00-05:00,8,646.6,634.0226,22.3563,651.5609,649.7983,5.807,-23.705,-25.944,neutral,673.7567,-1.7457,-7.7374
META,META-111,2025-03-11T10:00:00-04:00,2025-03-12T05:00:00-04:00,11,600.595,612.2,24.8971,601.0511,602.8866,-0.902,-7.748,2.342,neutral,659.437,-6.1317,-14.3197
META,META-112,2025-03-12T08:00:00-04:00,2025-03-12T09:00:00-04:00,1,623.5,623.18,24.6619,612.4884,608.5163,53.898,18.706,27.858,neutral_up,654.5263,-4.9106,-15.0652
META,META-113,2025-03-12T10:00:00-04:00,2025-03-12T12:00:00-04:00,2,614.12,621.2682,24.6619,614.5254,610.2376,36.982,-20.483,1.79,neutral_up,654.5263,-4.9106,-15.0652
META,META-114,2025-03-12T13:00:00-04:00,2025-03-12T14:00:00-04:00,1,614.95,621.665,24.6619,616.3118,612.2653,24.28,-13.062,-12.701,neutral_up,654.5263,-4.9106,-15.0652
META,META-115,2025-03-12T17:00:00-04:00,2025-03-12T19:00:00-04:00,2,618.1,622.5,24.6619,617.8433,614.4267,19.672,-2.296,-10.373,neutral,654.5263,-4.9106,-15.0652
META,META-116,2025-03-13T04:00:00-04:00,2025-03-13T11:00:00-04:00,7,616.11,593.36,24.8939,618.3808,615.5853,15.302,-12.684,-4.371,neutral,651.3276,-3.1988,-14.2411
META,META-117,2025-03-14T13:00:00-04:00,2025-03-14T14:00:00-04:00,1,604.47,606.68,25.5436,602.8909,602.5374,14.587,-3.638,13.717,neutral,645.8223,-5.5052,-13.6146
META,META-118,2025-03-17T07:00:00-04:00,2025-03-18T07:00:00-04:00,16,608.75,602.15,25.0112,606.7154,605.3414,21.661,7.977,7.827,neutral,642.3249,-3.4975,-12.2015
META,META-119,2025-03-18T08:00:00-04:00,2025-03-18T09:00:00-04:00,1,600.5,581.5,24.3033,603.0226,603.8167,-24.56,-8.658,-22.179,neutral_down,638.9053,-3.4195,-12.4223
META,META-120,2025-03-19T13:00:00-04:00,2025-03-20T10:00:00-04:00,13,578.38,608.04,24.7138,581.3436,584.573,-44.727,-4.14,-8.405,neutral_down,633.7739,-5.1314,-12.0484
META,META-121,2025-03-21T16:00:00-04:00,2025-03-21T17:00:00-04:00,1,596.95,596.65,24.6656,593.2672,590.9736,33.156,3.007,7.989,neutral_up,625.3113,-3.9331,-13.594
META,META-122,2025-03-25T10:00:00-04:00,2025-03-25T12:00:00-04:00,2,630.753,627.61,24.2471,623.6959,617.6792,82.67,3.734,9.926,distribution,622.2814,-0.3871,-6.9631
META,META-123,2025-03-25T13:00:00-04:00,2025-03-25T14:00:00-04:00,1,625.5285,624.165,24.2471,625.0911,619.9018,50.482,-12.062,-32.188,neutral_up,622.2814,-0.3871,-6.9631
META,META-124,2025-03-26T08:00:00-04:00,2025-03-26T11:00:00-04:00,3,625.4,614.97,23.6201,626.8448,624.5121,22.929,-14.131,-8.762,neutral,622.6458,0.3644,-2.6656
META,META-125,2025-03-27T13:00:00-04:00,2025-03-28T05:00:00-04:00,8,604.845,599.63,23.3716,607.6494,610.4256,-34.622,-5.536,-23.746,neutral_down,621.5662,-1.0796,-1.1023
META,META-126,2025-04-02T08:00:00-04:00,2025-04-02T18:00:00-04:00,10,577.7796,557.0,23.0529,581.7233,581.3153,-18.069,-7.324,-37.598,neutral,609.9359,-2.3986,-9.8978
META,META-127,2025-04-07T09:00:00-04:00,2025-04-07T17:00:00-04:00,8,498.0,519.31,25.8733,495.3684,504.9808,-34.293,14.928,32.626,neutral_down,591.9442,-8.7194,-17.9918
META,META-128,2025-04-08T13:00:00-04:00,2025-04-08T18:00:00-04:00,5,521.81,503.82,28.1302,526.2674,522.4166,3.999,-5.765,-38.47,neutral,585.0892,-6.8549,-22.4807
META,META-129,2025-04-09T04:00:00-04:00,2025-04-09T05:00:00-04:00,1,516.13,515.64,29.3045,511.9906,515.7018,-25.027,26.276,-0.969,neutral_down,578.3348,-6.7545,-22.3288
META,META-130,2025-04-09T08:00:00-04:00,2025-04-09T09:00:00-04:00,1,506.78,512.77,29.3045,509.9953,513.6404,-20.569,2.288,-7.969,neutral,578.3348,-6.7545,-22.3288
META,META-131,2025-04-09T12:00:00-04:00,2025-04-09T13:00:00-04:00,1,511.9,563.71,29.3045,509.1243,511.9882,-8.604,8.364,2.738,neutral,578.3348,-6.7545,-22.3288
META,META-132,2025-04-11T10:00:00-04:00,2025-04-14T15:00:00-04:00,21,534.85,531.71,34.4864,544.2791,547.4152,-26.854,-11.154,-24.707,neutral_down,575.9467,-2.9677,-9.1426
META,META-133,2025-04-15T13:00:00-04:00,2025-04-15T17:00:00-04:00,4,520.9735,517.2385,33.0897,528.3613,532.3759,-51.459,-14.07,-26.533,neutral_down,569.2263,-3.7516,-9.6881
META,META-134,2025-04-17T05:00:00-04:00,2025-04-21T06:00:00-04:00,17,508.65,495.08,31.7215,505.662,509.4927,-15.488,10.597,27.091,neutral,559.1829,-5.6873,-13.7949
META,META-135,2025-04-24T05:00:00-04:00,2025-04-24T13:00:00-04:00,8,515.44,530.015,29.447,518.9054,516.9344,-3.125,-5.97,-25.007,neutral,541.2127,-2.1203,-12.7381
META,META-136,2025-04-28T04:00:00-04:00,2025-04-28T05:00:00-04:00,1,552.26,552.72,27.684,547.8692,544.4363,42.656,12.877,13.286,neutral_up,541.092,0.6278,-2.2409
META,META-137,2025-04-28T08:00:00-04:00,2025-04-30T09:00:00-04:00,33,556.86,531.78,27.684,551.7793,547.5402,59.443,3.362,10.429,neutral_up,541.092,0.6278,-2.2409
META,META-138,2025-05-02T04:00:00-04:00,2025-05-02T11:00:00-04:00,7,575.5,598.785,27.2923,572.1109,570.3382,7.46,12.369,10.502,neutral,546.0475,2.6043,4.1593
META,META-139,2025-05-05T12:00:00-04:00,2025-05-06T06:00:00-04:00,10,600.69,591.5,27.6464,596.9004,593.0279,45.403,3.963,17.039,neutral_up,550.7168,4.6693,7.6702
META,META-140,2025-05-06T10:00:00-04:00,2025-05-06T11:00:00-04:00,1,591.8,590.39,26.7545,592.9535,593.7136,-18.653,3.541,3.717,neutral,555.1298,4.413,11.6866
META,META-141,2025-05-06T19:00:00-04:00,2025-05-07T17:00:00-04:00,14,592.5,597.1081,26.7545,589.8891,591.0505,-1.687,13.247,34.681,neutral,555.1298,4.413,11.6866
META,META-142,2025-05-09T09:00:00-04:00,2025-05-09T14:00:00-04:00,5,601.25,592.825,24.3385,602.0186,601.4733,6.752,-8.409,-7.709,neutral,564.8646,3.2725,9.7347
META,META-143,2025-05-13T08:00:00-04:00,2025-05-13T09:00:00-04:00,1,645.0,651.54,25.4145,638.7745,631.7425,72.881,7.55,16.982,distribution,573.9576,6.5752,12.3656
META,META-144,2025-05-14T12:00:00-04:00,2025-05-15T06:00:00-04:00,10,658.36,649.3,25.1142,657.8578,653.8661,32.854,-0.35,-18.256,neutral_up,581.4496,7.492,16.5851
META,META-145,2025-05-15T13:00:00-04:00,2025-05-15T14:00:00-04:00,1,654.175,651.75,23.9175,652.4823,653.0547,2.138,6.374,27.744,neutral,588.5296,7.08,21.1473
META,META-146,2025-05-15T15:00:00-04:00,2025-05-15T16:00:00-04:00,1,643.69,642.9,23.9175,650.6066,652.0956,-29.946,-26.392,-25.709,neutral_down,588.5296,7.08,21.1473
META,META-147,2025-05-20T13:00:00-04:00,2025-05-21T07:00:00-04:00,10,636.7393,633.0,22.6767,637.7846,637.7889,-4.178,-6.442,2.336,neutral,601.6502,3.86,13.1205
META,META-148,2025-05-21T08:00:00-04:00,2025-05-21T12:00:00-04:00,4,631.83,641.055,21.6277,633.2129,634.9064,-35.776,2.144,7.725,neutral_down,604.8856,3.2354,11.3414
META,META-149,2025-05-21T13:00:00-04:00,2025-05-21T19:00:00-04:00,6,636.76,634.5499,21.6277,638.0369,637.0995,17.558,-20.136,-20.204,neutral,604.8856,3.2354,11.3414
META,META-150,2025-05-22T04:00:00-04:00,2025-05-22T05:00:00-04:00,1,638.32,637.54,21.2571,635.9796,636.181,2.019,16.136,15.716,neutral,607.6251,2.7395,9.8349
META,META-151,2025-05-22T09:00:00-04:00,2025-05-23T10:00:00-04:00,17,641.265,626.55,21.2571,637.4253,636.8331,19.213,15.784,10.538,neutral,607.6251,2.7395,9.8349
META,META-152,2025-05-28T08:00:00-04:00,2025-05-29T04:00:00-04:00,12,642.06,656.65,19.8396,641.3432,639.433,32.092,-1.932,12.163,neutral_up,614.5494,2.7651,6.9243
META,META-153,2025-05-29T10:00:00-04:00,2025-05-29T14:00:00-04:00,4,646.89,643.6799,19.0424,649.5472,647.6225,5.09,-10.665,-45.728,neutral,617.2086,2.6591,6.9658
META,META-154,2025-05-30T11:00:00-04:00,2025-06-02T10:00:00-04:00,15,644.2,658.65,18.6694,643.2678,644.0465,-4.661,6.002,11.689,neutral,619.7369,2.5283,7.9525
META,META-155,2025-06-03T14:00:00-04:00,2025-06-04T10:00:00-04:00,12,667.665,682.72,19.2719,668.5502,665.5705,25.733,-8.268,-2.668,neutral_up,626.6686,4.4641,9.46
META,META-156,2025-06-05T13:00:00-04:00,2025-06-06T09:00:00-04:00,12,687.46,699.39,18.8762,688.2481,685.3559,20.212,-4.445,-31.361,neutral,635.5991,5.2486,13.3947
META,META-157,2025-06-09T09:00:00-04:00,2025-06-10T19:00:00-04:00,26,700.7,702.4,18.3937,697.9731,695.6089,39.776,9.329,9.341,neutral_up,645.2994,5.2621,14.9489
META,META-158,2025-06-11T04:00:00-04:00,2025-06-11T05:00:00-04:00,1,700.02,699.53,17.4396,701.0103,699.7125,16.358,-13.174,-12.067,neutral,654.53,4.796,14.4926
META,META-159,2025-06-11T07:00:00-04:00,2025-06-11T18:00:00-04:00,11,700.59,693.12,17.4396,700.5431,699.7858,6.937,2.753,-9.421,neutral,654.53,4.796,14.4926
META,META-160,2025-06-12T15:00:00-04:00,2025-06-13T05:00:00-04:00,6,693.31,680.8,17.3997,692.3199,693.4717,-4.234,2.652,19.929,neutral,658.1528,3.6227,12.8533
META,META-161,2025-06-17T11:00:00-04:00,2025-06-20T06:00:00-04:00,27,703.8649,694.5,17.0824,700.9204,698.6005,33.589,7.488,7.971,neutral_up,666.8387,3.5351,8.6859
META,META-162,2025-06-20T07:00:00-04:00,2025-06-20T11:00:00-04:00,4,697.81,687.62,15.8644,695.8379,696.6555,-5.949,20.493,23.482,neutral,671.9476,2.3452,8.6441
META,META-163,2025-06-23T13:00:00-04:00,2025-06-23T15:00:00-04:00,2,695.63,698.57,16.3847,688.524,688.2237,32.171,22.331,44.566,neutral_up,672.888,0.9403,6.0493
META,META-164,2025-06-25T11:00:00-04:00,2025-06-25T19:00:00-04:00,8,711.4942,708.8,16.5184,712.654,709.809,31.771,-15.061,-44.596,neutral_up,678.5806,3.3579,6.633
META,META-165,2025-06-26T04:00:00-04:00,2025-06-26T05:00:00-04:00,1,713.97,712.78,16.1385,710.184,709.5112,24.285,28.089,27.082,neutral_up,681.3142,2.7336,8.4262
META,META-166,2025-06-27T15:00:00-04:00,2025-06-30T04:00:00-04:00,5,733.69,744.78,16.3836,730.4901,727.5428,37.355,16.055,-12.822,neutral_up,685.4202,4.106,10.1975
META,META-167,2025-07-02T14:00:00-04:00,2025-07-08T06:00:00-04:00,34,713.89,723.21,16.2667,716.7518,719.9708,-41.663,-9.977,-5.174,neutral_down,696.4612,2.2709,11.041
META,META-168,2025-07-08T09:00:00-04:00,2025-07-09T09:00:00-04:00,16,719.09,732.43,15.5014,720.8704,720.1958,6.032,-17.476,-23.436,neutral,701.5963,1.7044,5.1351
META,META-169,2025-07-14T10:00:00-04:00,2025-07-14T17:00:00-04:00,7,723.2,720.7199,15.3557,718.6185,719.3263,16.411,25.411,61.934,neutral,708.818,0.8792,5.4895
META,META-170,2025-07-15T11:00:00-04:00,2025-07-15T14:00:00-04:00,3,719.58,713.795,15.0769,720.493,720.93,-26.065,12.217,-60.678,neutral_down,709.9128,1.0947,3.905
META,META-171,2025-07-17T12:00:00-04:00,2025-07-18T06:00:00-04:00,10,702.83,703.0,15.0218,703.7507,705.7097,-35.513,5.057,-4.155,neutral_down,709.272,-0.6632,0.454
META,META-172,2025-07-18T08:00:00-04:00,2025-07-18T19:00:00-04:00,11,702.0,704.1489,14.577,702.6084,703.4693,-17.923,-5.093,-6.486,neutral,708.5718,-0.7002,-1.3409
META,META-173,2025-07-23T12:00:00-04:00,2025-07-23T14:00:00-04:00,2,710.26,713.7303,14.4168,708.8564,708.3247,23.839,-4.455,34.925,neutral_up,708.2257,-0.3556,-0.3461
META,META-174,2025-07-24T13:00:00-04:00,2025-07-29T06:00:00-04:00,40,715.27,720.33,14.0984,716.7273,714.9821,11.877,-9.181,-45.554,neutral,708.7352,0.5095,0.5708
META,META-175,2025-07-29T07:00:00-04:00,2025-07-29T13:00:00-04:00,6,718.13,709.22,13.3326,718.4453,717.5863,22.157,-14.183,0.324,neutral,710.3528,0.7367,1.6176
META,META-176,2025-08-01T04:00:00-04:00,2025-08-01T09:00:00-04:00,5,762.25,753.095,19.7006,770.0732,763.5234,12.244,-17.782,-34.229,neutral,714.0734,5.9147,3.7206
META,META-177,2025-08-06T14:00:00-04:00,2025-08-07T04:00:00-04:00,6,771.35,775.7,20.723,769.1189,768.4477,22.186,2.168,15.578,neutral,726.3999,3.697,12.3264
META,META-178,2025-08-07T09:00:00-04:00,2025-08-07T13:00:00-04:00,4,774.595,764.51,20.1842,774.2361,772.1113,28.69,-8.627,-37.488,neutral_up,730.5444,4.1446,13.2213
META,META-179,2025-08-08T13:00:00-04:00,2025-08-08T17:00:00-04:00,4,766.725,769.89,19.846,763.8135,764.7565,-0.022,17.397,13.785,neutral,733.3922,2.8478,10.6894
META,META-180,2025-08-11T11:00:00-04:00,2025-08-12T10:00:00-04:00,14,769.1639,785.77,19.237,769.0825,768.1959,10.943,-0.375,-25.523,neutral,736.6556,3.2634,10.2558
META,META-181,2025-08-13T14:00:00-04:00,2025-08-13T15:00:00-04:00,1,781.24,779.87,19.1807,785.5853,785.0528,-22.954,-11.872,-28.456,neutral,743.9033,4.6237,10.5111
META,META-182,2025-08-14T12:00:00-04:00,2025-08-15T06:00:00-04:00,10,786.825,782.65,19.041,783.526,783.0876,23.864,6.289,49.277,neutral_up,747.173,3.2697,10.5174
META,META-183,2025-08-15T07:00:00-04:00,2025-08-15T12:00:00-04:00,5,786.66,791.0001,18.7738,783.0942,782.8543,20.81,23.072,29.72,neutral,750.3228,3.1497,11.0431
META,META-184,2025-08-15T13:00:00-04:00,2025-08-15T18:00:00-04:00,5,788.9151,785.23,18.7738,787.5608,785.4954,36.229,-8.038,-10.213,neutral_up,750.3228,3.1497,11.0431
META,META-185,2025-08-18T04:00:00-04:00,2025-08-18T05:00:00-04:00,1,783.61,782.29,18.535,785.5806,785.3707,-8.866,-9.199,-7.815,neutral,753.5107,3.1879,9.6074
META,META-186,2025-08-18T08:00:00-04:00,2025-08-18T09:00:00-04:00,1,778.61,760.8542,18.535,782.8065,784.017,-40.57,-11.323,-21.133,neutral_down,753.5107,3.1879,9.6074
META,META-187,2025-08-22T09:00:00-04:00,2025-08-22T11:00:00-04:00,2,739.61,752.0,18.9271,739.7161,740.6206,-8.697,-1.288,-2.702,neutral,752.4901,-1.351,-2.2769
META,META-188,2025-08-25T14:00:00-04:00,2025-08-27T14:00:00-04:00,30,753.8,747.0,19.183,753.84,751.8871,30.601,-9.684,0.373,neutral_up,752.6868,0.1967,-1.7904
META,META-189,2025-08-28T08:00:00-04:00,2025-08-29T09:00:00-04:00,17,746.51,739.32,17.1711,747.5195,748.4718,-18.191,-4.811,-11.319,neutral,752.3646,-0.5215,-0.3222
META,META-190,2025-09-03T17:00:00-04:00,2025-09-04T07:00:00-04:00,5,737.9767,750.13,16.7828,737.158,736.9433,7.211,3.809,11.17,neutral,749.5949,-1.4515,-2.7697
META,META-191,2025-09-05T10:00:00-04:00,2025-09-08T10:00:00-04:00,16,750.15,760.3,16.619,751.9038,749.2405,36.307,-28.528,0.259,neutral_up,748.4816,0.0408,-2.5647
META,META-192,2025-09-10T13:00:00-04:00,2025-09-10T14:00:00-04:00,1,755.93,755.98,16.0708,759.0023,759.9422,-32.222,-4.437,2.912,neutral_down,750.655,1.5215,2.1734
META,META-193,2025-09-11T12:00:00-04:00,2025-09-15T04:00:00-04:00,24,751.74,759.5,15.985,753.1518,754.9246,-35.296,2.315,-12.478,neutral_down,750.7591,0.1041,1.9312
META,META-194,2025-09-15T08:00:00-04:00,2025-09-15T11:00:00-04:00,3,751.0,765.39,15.3485,755.4467,754.7452,-3.879,-36.71,-48.238,neutral,751.2112,0.4529,0.5561
META,META-195,2025-09-16T13:00:00-04:00,2025-09-16T16:00:00-04:00,3,772.115,778.3,15.8297,768.5759,765.9474,37.322,13.808,-0.189,neutral_up,752.4501,1.239,1.691
META,META-196,2025-09-17T14:00:00-04:00,2025-09-22T05:00:00-04:00,39,772.77,773.65,15.879,773.6027,773.0072,-2.565,0.675,-3.222,neutral,754.8629,2.4127,4.1046
META,META-197,2025-09-22T06:00:00-04:00,2025-09-22T07:00:00-04:00,1,776.66,775.0,16.3257,776.1047,777.1971,-14.033,9.303,-3.574,neutral,760.6835,1.7906,5.8207
META,META-198,2025-09-22T08:00:00-04:00,2025-09-22T16:00:00-04:00,8,778.29,766.01,16.3257,776.365,777.1149,-3.03,12.945,20.306,neutral,760.6835,1.7906,5.8207
META,META-199,2025-09-24T15:00:00-04:00,2025-09-25T10:00:00-04:00,11,760.59,749.01,16.8818,757.0691,758.6796,-2.599,19.191,41.915,neutral,760.5528,-0.5322,1.66
META,META-200,2025-09-25T11:00:00-04:00,2025-09-25T13:00:00-04:00,2,754.3499,747.31,16.2892,753.8518,756.1748,-39.245,24.83,-3.989,neutral_down,760.5562,0.0034,-0.1273
META,META-201,2025-09-26T08:00:00-04:00,2025-09-26T15:00:00-04:00,7,752.9097,743.85,16.2714,750.2278,751.4979,-2.99,15.85,29.16,neutral,759.4975,-1.0587,-1.5875
META,META-202,2025-09-26T16:00:00-04:00,2025-09-26T17:00:00-04:00,1,742.3,742.66,16.2714,744.0361,746.8696,-35.56,-1.508,9.434,neutral_down,759.4975,-1.0587,-1.5875
META,META-203,2025-09-29T13:00:00-04:00,2025-09-29T14:00:00-04:00,1,743.91,743.875,16.1504,746.5541,746.9552,-17.317,-11.187,-29.437,neutral,758.075,-1.4225,-2.4779
META,META-204,2025-09-29T15:00:00-04:00,2025-09-29T18:00:00-04:00,3,743.4,742.85,16.1504,745.4946,746.3774,-25.064,-2.767,-18.933,neutral_down,758.075,-1.4225,-2.4779
META,META-205,2025-10-02T11:00:00-04:00,2025-10-02T17:00:00-04:00,6,721.0,726.4,16.5092,721.5334,722.6604,-11.641,-2.48,-12.011,neutral,751.3109,-3.3981,-6.7641
META,META-206,2025-10-03T09:00:00-04:00,2025-10-03T10:00:00-04:00,1,718.7,719.295,16.0757,726.5804,725.9464,-13.626,-52.334,-61.072,neutral,749.1063,-2.2046,-7.6346
META,META-207,2025-10-06T14:00:00-04:00,2025-10-06T16:00:00-04:00,2,715.205,715.2,16.4146,710.7741,713.0846,-3.863,18.364,54.023,neutral,745.5884,-3.5178,-9.1206
META,META-208,2025-10-06T17:00:00-04:00,2025-10-06T18:00:00-04:00,1,714.33,714.82,16.4146,712.8444,713.5812,7.554,-1.865,11.417,neutral,745.5884,-3.5178,-9.1206
META,META-209,2025-10-07T14:00:00-04:00,2025-10-07T19:00:00-04:00,5,709.755,711.22,17.1257,710.8841,712.5256,-30.157,8.382,-7.838,neutral_down,742.8858,-2.7026,-8.4251
META,META-210,2025-10-08T04:00:00-04:00,2025-10-08T05:00:00-04:00,1,714.1,713.62,16.8131,712.0979,712.5074,3.538,11.734,9.901,neutral,740.1617,-2.7242,-8.9446
META,META-211,2025-10-08T09:00:00-04:00,2025-10-08T11:00:00-04:00,2,713.4,717.9,16.8131,712.5807,712.6363,2.026,5.811,-4.8,neutral,740.1617,-2.7242,-8.9446
META,META-212,2025-10-08T12:00:00-04:00,2025-10-08T14:00:00-04:00,2,715.42,718.01,16.8131,714.4373,713.5771,24.551,-6.229,22.525,neutral_up,740.1617,-2.7242,-8.9446
META,META-213,2025-10-08T16:00:00-04:00,2025-10-09T05:00:00-04:00,5,717.06,718.01,16.8131,716.3862,714.92,26.715,-5.934,-7.317,neutral_up,740.1617,-2.7242,-8.9446
META,META-214,2025-10-09T06:00:00-04:00,2025-10-09T13:00:00-04:00,7,717.3,729.234,16.4579,717.3705,716.156,18.453,-4.31,-11.647,neutral,738.1315,-2.0302,-7.4569
META,META-215,2025-10-14T06:00:00-04:00,2025-10-15T09:00:00-04:00,19,704.0,719.2,17.5514,710.2222,712.5607,-48.529,-12.564,-50.132,neutral_down,733.0226,-1.7542,-5.109
META,META-216,2025-10-15T11:00:00-04:00,2025-10-15T17:00:00-04:00,6,715.5,716.2519,17.4563,715.6604,713.6473,38.527,-24.142,16.89,neutral_up,730.8178,-2.2048,-6.8936
META,META-217,2025-10-16T08:00:00-04:00,2025-10-16T17:00:00-04:00,9,719.85,710.7,17.2902,719.0521,717.1582,35.097,-6.454,7.911,neutral_up,729.6325,-1.1853,-5.1442
META,META-218,2025-10-17T14:00:00-04:00,2025-10-17T17:00:00-04:00,3,716.0,717.0455,17.5987,711.3982,711.3046,20.836,9.399,30.326,neutral,728.035,-1.5975,-4.9875
META,META-219,2025-10-21T12:00:00-04:00,2025-10-23T11:00:00-04:00,31,731.95,741.05,17.2196,732.7696,730.3865,19.492,-3.916,-39.866,neutral,727.4917,0.4898,-2.1409
META,META-220,2025-10-23T14:00:00-04:00,2025-10-23T15:00:00-04:00,1,734.06,734.0,16.6778,735.9438,734.4617,14.382,-17.893,-36.87,neutral,728.4955,0.4804,1.4937
META,META-221,2025-10-23T18:00:00-04:00,2025-10-23T19:00:00-04:00,1,735.7,735.1153,16.6778,735.4542,734.6397,8.785,2.314,3.479,neutral,728.4955,0.4804,1.4937
META,META-222,2025-10-24T09:00:00-04:00,2025-10-27T04:00:00-04:00,11,733.7,750.57,16.1515,736.6473,735.8231,5.601,-27.692,-20.359,neutral,728.9959,0.5004,1.5043
META,META-223,2025-10-28T08:00:00-04:00,2025-10-29T16:00:00-04:00,24,752.29,687.14,15.8252,752.5513,750.2247,31.038,-6.629,-10.374,neutral_up,731.7789,1.9181,3.2834
META,META-224,2025-10-31T09:00:00-04:00,2025-10-31T13:00:00-04:00,4,661.17,652.91,21.8414,671.2098,679.6059,-52.31,-13.611,-17.515,neutral_down,728.9494,-6.2869,-2.8296
META,META-225,2025-11-03T12:00:00-05:00,2025-11-03T18:00:00-05:00,6,648.52,638.42,22.3756,652.9229,657.3729,-39.568,-7.367,-16.589,neutral_down,721.6213,-7.3281,-11.9387
META,META-226,2025-11-04T16:00:00-05:00,2025-11-05T14:00:00-05:00,14,626.2,639.8,22.4309,630.0882,635.5019,-44.484,-0.344,-8.204,neutral_down,714.0048,-7.6165,-21.2315
META,META-227,2025-11-06T08:00:00-05:00,2025-11-06T11:00:00-05:00,3,640.17,619.1057,21.5051,639.2807,637.4102,24.096,-3.87,-4.252,neutral_up,699.7577,-6.3758,-21.8636
META,META-228,2025-11-11T04:00:00-05:00,2025-11-11T13:00:00-05:00,9,629.58,625.51,20.6655,631.8664,629.8072,13.594,-15.517,-17.551,neutral,681.0668,-4.9287,-18.6909
META,META-229,2025-11-12T06:00:00-05:00,2025-11-12T10:00:00-05:00,4,628.5,609.19,20.0743,627.6983,627.344,15.708,-2.643,15.179,neutral,676.1634,-4.9033,-16.2617
META,META-230,2025-11-13T13:00:00-05:00,2025-11-17T06:00:00-05:00,25,604.56,610.9,20.1562,609.2155,612.36,-47.755,-10.866,-25.79,neutral_down,670.0458,-6.1176,-15.9496
META,META-231,2025-11-17T08:00:00-05:00,2025-11-17T17:00:00-05:00,9,607.26,600.76,19.6712,609.1923,609.1511,-7.307,-7.346,-16.252,neutral,659.6022,-4.9792,-16.5612
META,META-232,2025-11-18T14:00:00-05:00,2025-11-18T19:00:00-05:00,5,602.0,594.9,19.4297,596.588,598.6749,1.058,18.619,59.033,neutral,654.3575,-5.2447,-15.6884
META,META-233,2025-11-19T04:00:00-05:00,2025-11-19T05:00:00-05:00,1,599.72,600.16,19.4619,596.7039,597.766,-1.264,15.286,11.888,neutral,649.2059,-5.1516,-15.3756
META,META-234,2025-11-19T07:00:00-05:00,2025-11-19T11:00:00-05:00,4,598.7,587.28,19.4619,598.0057,598.1807,6.788,-2.679,8.051,neutral,649.2059,-5.1516,-15.3756
META,META-235,2025-11-19T17:00:00-05:00,2025-11-19T18:00:00-05:00,1,594.58,600.0,19.4619,591.171,593.0799,-3.866,13.039,51.511,neutral,649.2059,-5.1516,-15.3756
META,META-236,2025-11-21T10:00:00-05:00,2025-11-21T19:00:00-05:00,9,583.21,596.75,19.5406,586.9891,588.9535,-18.568,-11.777,-3.762,neutral,638.8886,-4.9659,-15.4689
META,META-237,2025-11-26T12:00:00-05:00,2025-11-28T11:00:00-05:00,15,635.6794,645.4018,19.8454,635.7068,631.6932,36.611,-6.604,-0.434,neutral_up,633.1616,0.3058,-5.727
META,META-238,2025-12-01T11:00:00-05:00,2025-12-02T05:00:00-05:00,10,643.175,645.7,18.583,641.882,640.3031,19.846,1.622,22.316,neutral,634.5504,1.34,1.6946
META,META-239,2025-12-02T06:00:00-05:00,2025-12-03T19:00:00-05:00,29,645.0,640.0,17.9835,643.2806,642.0129,30.748,1.724,23.698,neutral_up,635.1267,0.5763,1.9651
META,META-240,2025-12-04T04:00:00-05:00,2025-12-04T05:00:00-05:00,1,643.3,642.6,16.9633,642.1767,643.3131,-18.196,18.043,15.858,neutral,636.5489,0.3191,1.9985
META,META-241,2025-12-04T06:00:00-05:00,2025-12-04T10:00:00-05:00,4,644.68,663.559,16.9633,642.7451,643.3784,0.953,13.973,37.192,neutral,636.5489,0.3191,1.9985
META,META-242,2025-12-05T13:00:00-05:00,2025-12-05T15:00:00-05:00,2,671.96,673.46,18.3488,668.3949,663.5384,63.872,-3.604,17.057,distribution,638.8381,2.2892,3.7113
META,META-243,2025-12-08T09:00:00-05:00,2025-12-09T05:00:00-05:00,12,667.68,663.31,17.9639,670.5302,668.7969,5.078,-14.24,-31.546,neutral,641.9855,3.1474,5.7558
META,META-244,2025-12-10T11:00:00-05:00,2025-12-10T17:00:00-05:00,6,652.8087,644.65,17.2392,652.538,655.5832,-39.823,17.035,27.372,neutral_down,645.4039,1.1416,6.5658
META,META-245,2025-12-11T08:00:00-05:00,2025-12-11T19:00:00-05:00,11,644.41,652.01,16.9665,645.4711,648.4169,-35.106,0.883,19.777,neutral_down,645.8154,0.4115,3.8298
META,META-246,2025-12-12T08:00:00-05:00,2025-12-12T17:00:00-05:00,9,651.0,642.81,16.7893,650.3734,650.1367,0.08,8.276,-6.243,neutral,646.4485,0.6331,2.1862
META,META-247,2025-12-15T08:00:00-05:00,2025-12-16T14:00:00-05:00,22,644.5,658.12,16.6022,644.8993,645.8578,-11.06,-2.869,3.74,neutral,646.2587,-0.1899,0.8547
META,META-248,2025-12-17T13:00:00-05:00,2025-12-17T19:00:00-05:00,6,653.61,649.9355,16.6451,656.63,655.2747,4.255,-18.388,-19.726,neutral,647.3514,0.9799,0.9028
META,META-249,2025-12-18T04:00:00-05:00,2025-12-18T06:00:00-05:00,2,654.36,653.06,16.3154,652.5093,653.3388,-11.461,20.104,16.336,neutral,647.5408,0.1894,1.2821
META,META-250,2025-12-18T08:00:00-05:00,2025-12-18T10:00:00-05:00,2,655.0,667.23,16.3154,652.9955,653.3125,2.657,12.511,8.747,neutral,647.5408,0.1894,1.2821
META,META-251,2025-12-19T11:00:00-05:00,2025-12-26T13:00:00-05:00,61,666.81,662.805,16.6589,664.2771,662.5498,24.326,10.036,3.873,neutral_up,649.0716,1.5308,2.7001
META,META-252,2025-12-30T08:00:00-05:00,2025-12-30T09:00:00-05:00,1,659.5799,671.61,14.158,658.2054,658.8765,-2.479,16.159,23.273,neutral,654.8749,0.3675,2.629
META,META-253,2025-12-31T13:00:00-05:00,2025-12-31T16:00:00-05:00,3,663.74,659.7,14.1739,663.6211,663.5839,-2.937,5.155,10.066,neutral,655.8781,1.0032,2.241
META,META-254,2026-01-02T07:00:00-05:00,2026-01-02T10:00:00-05:00,3,663.8,648.67,13.6236,662.8808,662.7269,18.594,-2.696,20.608,neutral,656.2437,0.3656,1.7363
META,META-255,2026-01-06T12:00:00-05:00,2026-01-07T10:00:00-05:00,14,657.05,649.6,14.3317,656.9949,657.0834,-8.996,8.658,-12.578,neutral,656.0213,0.2779,0.1432
META,META-256,2026-01-09T07:00:00-05:00,2026-01-09T12:00:00-05:00,5,645.0,652.505,14.2759,644.7644,645.7918,-13.421,2.752,7.34,neutral,654.8363,-0.8826,-1.185
META,META-257,2026-01-12T10:00:00-05:00,2026-01-12T15:00:00-05:00,5,647.25,641.93,14.1204,648.3434,648.7199,-13.477,-1.234,8.159,neutral,654.6703,-0.166,-1.7545
META,META-258,2026-01-15T12:00:00-05:00,2026-01-15T19:00:00-05:00,7,622.655,620.8,14.4582,619.7383,620.5181,14.212,7.715,44.217,neutral,648.1897,-3.284,-6.4805
META,META-259,2026-01-16T07:00:00-05:00,2026-01-20T04:00:00-05:00,13,622.5,602.28,14.1355,621.8293,621.326,17.391,-1.843,7.37,neutral,645.7116,-2.4782,-7.8005
META,META-260,2026-01-21T07:00:00-05:00,2026-01-21T18:00:00-05:00,11,605.15,615.76,14.2316,605.7524,608.0961,-27.165,0.639,3.86,neutral_down,639.8762,-3.5206,-8.3135
META,META-261,2026-01-27T11:00:00-05:00,2026-01-28T16:00:00-05:00,21,669.215,725.92,17.1906,671.859,669.7746,7.367,-12.195,-47.341,neutral,643.1493,2.9171,5.7118
META,META-262,2026-01-30T04:00:00-05:00,2026-01-30T14:00:00-05:00,10,722.0,716.43,20.6474,729.1469,721.231,20.69,-17.941,-31.457,neutral,656.1939,8.2386,13.0446
META,META-263,2026-02-02T08:00:00-05:00,2026-02-03T14:00:00-05:00,22,710.0,689.29,20.9576,711.5027,714.9071,-28.855,5.851,18.167,neutral_down,661.6708,5.4769,15.806
META,META-264,2026-02-05T11:00:00-05:00,2026-02-05T19:00:00-05:00,8,678.507,655.05,21.6388,669.2869,673.3322,-7.376,28.396,70.833,neutral,668.1826,0.0807,6.5118
META,META-265,2026-02-06T04:00:00-05:00,2026-02-06T06:00:00-05:00,2,671.78,669.7,22.0932,663.6533,667.9809,-19.553,33.364,26.549,neutral,668.3542,0.1716,2.6171
META,META-266,2026-02-06T08:00:00-05:00,2026-02-06T11:00:00-05:00,3,667.9205,655.28,22.0932,666.9577,668.4294,0.146,-2.11,4.835,neutral,668.3542,0.1716,2.6171
META,META-267,2026-02-06T12:00:00-05:00,2026-02-06T13:00:00-05:00,1,663.08,658.2907,22.0932,661.5533,664.9309,-19.993,13.286,1.198,neutral,668.3542,0.1716,2.6171
META,META-268,2026-02-06T16:00:00-05:00,2026-02-09T13:00:00-05:00,13,661.51,680.5,22.0932,660.3735,663.1445,-11.607,5.22,9.625,neutral,668.3542,0.1716,2.6171
META,META-269,2026-02-10T14:00:00-05:00,2026-02-12T10:00:00-05:00,28,673.62,652.77,22.4925,674.2503,673.5833,-0.356,0.618,7.089,neutral,668.5823,0.8658,0.3997
META,META-270,2026-02-13T13:00:00-05:00,2026-02-13T19:00:00-05:00,6,649.4999,638.64,22.3422,648.2823,651.4907,-18.175,5.262,27.295,neutral,667.0633,-1.7348,-1.5191
META,META-271,2026-02-17T13:00:00-05:00,2026-02-17T14:00:00-05:00,1,641.605,640.175,21.9506,637.5727,640.3109,-10.051,18.006,38.491,neutral,664.5811,-2.4821,-4.2255
META,META-272,2026-02-17T15:00:00-05:00,2026-02-20T10:00:00-05:00,43,639.27,661.26,21.9506,638.3285,640.2051,-5.735,-0.318,22.321,neutral,664.5811,-2.4821,-4.2255
META,META-273,2026-02-24T13:00:00-05:00,2026-02-25T09:00:00-05:00,12,640.345,650.95,20.6751,638.238,640.0507,-5.439,7.791,39.893,neutral,656.8503,-1.954,-3.7007
META,META-274,2026-02-26T10:00:00-05:00,2026-02-27T12:00:00-05:00,18,652.17,641.2518,19.6908,651.8668,649.3745,38.808,-17.665,15.028,neutral_up,655.1019,-0.1302,-3.7024
META,META-275,2026-03-02T09:00:00-05:00,2026-03-02T12:00:00-05:00,3,648.535,655.87,19.2229,641.604,643.8335,-10.807,36.26,37.631,neutral,654.613,-0.6623,-0.6191
META,META-276,2026-03-03T12:00:00-05:00,2026-03-03T15:00:00-05:00,3,649.16,654.971,19.667,646.8923,647.0695,8.335,1.917,26.796,neutral,654.5172,-0.0957,-0.5846
META,META-277,2026-03-03T16:00:00-05:00,2026-03-03T17:00:00-05:00,1,653.11,653.32,19.667,651.793,649.7221,23.861,-6.33,-3.104,neutral_up,654.5172,-0.0957,-0.5846
META,META-278,2026-03-05T09:00:00-05:00,2026-03-05T14:00:00-05:00,5,668.645,655.55,19.5689,665.0137,663.2432,19.041,17.453,12.363,neutral,655.7305,1.172,1.1175
META,META-279,2026-03-05T15:00:00-05:00,2026-03-05T16:00:00-05:00,1,660.28,659.57,19.5689,658.8547,660.3782,-17.966,17.394,13.706,neutral,655.7305,1.172,1.1175
META,META-280,2026-03-05T18:00:00-05:00,2026-03-05T19:00:00-05:00,1,660.9,661.37,19.5689,659.4906,660.3088,-1.865,5.513,16.101,neutral,655.7305,1.172,1.1175
META,META-281,2026-03-06T07:00:00-05:00,2026-03-06T09:00:00-05:00,2,655.27,640.49,19.6276,657.9907,659.2797,-22.811,-6.371,-15.681,neutral,656.144,0.4136,1.6268
META,META-282,2026-03-09T15:00:00-04:00,2026-03-09T17:00:00-04:00,2,647.34,645.33,19.952,638.1928,640.605,2.935,36.913,41.697,neutral,655.1155,-1.0285,0.557
META,META-283,2026-03-10T19:00:00-04:00,2026-03-12T12:00:00-04:00,25,654.8,640.0501,20.0248,654.2291,651.7564,18.34,2.98,-3.622,neutral,654.4086,-0.7069,-1.3218
META,META-284,2026-03-17T08:00:00-04:00,2026-03-18T13:00:00-04:00,21,626.5804,619.78,19.6099,625.0665,625.3538,2.393,7.659,11.479,neutral,647.3579,-1.9728,-7.05
META,META-285,2026-03-18T14:00:00-04:00,2026-03-18T17:00:00-04:00,3,615.41,615.5328,19.2699,619.6856,621.77,-41.064,-13.093,-16.031,neutral_down,645.1108,-2.2471,-7.7909
META,META-286,2026-03-23T08:00:00-04:00,2026-03-23T11:00:00-04:00,3,605.0,604.54,18.2155,595.7341,597.593,3.884,32.45,80.317,neutral,635.0675,-4.1348,-10.0433
META,META-287,2026-03-23T12:00:00-04:00,2026-03-23T13:00:00-04:00,1,602.53,603.08,18.2155,600.6161,599.6588,20.089,-5.519,3.628,neutral,635.0675,-4.1348,-10.0433
META,META-288,2026-03-24T10:00:00-04:00,2026-03-24T14:00:00-04:00,4,595.015,595.07,17.9801,600.4085,601.3372,-33.278,-8.905,-41.418,neutral_down,632.2378,-2.8298,-10.2012
META,META-289,2026-03-24T16:00:00-04:00,2026-03-24T17:00:00-04:00,1,597.1662,596.5,17.9801,596.3959,598.5057,-22.97,13.833,15.272,neutral,632.2378,-2.8298,-10.2012
META,META-290,2026-03-25T08:00:00-04:00,2026-03-26T06:00:00-04:00,14,601.1546,588.0,17.6201,598.7169,598.6676,13.85,7.029,11.483,neutral,628.6798,-3.558,-10.5225
META,META-291,2026-04-01T18:00:00-04:00,2026-04-02T05:00:00-04:00,3,577.85,566.26,20.9156,579.3071,574.7533,27.173,-5.64,-19.894,neutral_up,600.5016,-2.8482,-17.9788
META,META-292,2026-04-06T13:00:00-04:00,2026-04-07T07:00:00-04:00,10,575.76,570.27,20.788,577.5578,576.2629,4.807,-8.735,-13.991,neutral,596.3865,-2.1777,-6.9632
META,META-293,2026-04-07T14:00:00-04:00,2026-04-07T18:00:00-04:00,4,566.1,595.0,20.0738,569.0341,571.268,-36.76,-8.894,9.438,neutral_down,594.2623,-2.1242,-6.2393
META,META-294,2026-04-10T10:00:00-04:00,2026-04-13T06:00:00-04:00,12,632.11,624.0,22.1395,631.4555,627.1603,41.942,-8.277,-9.62,neutral_up,597.4211,3.0829,3.1588
META,META-295,2026-04-13T10:00:00-04:00,2026-04-13T15:00:00-04:00,5,627.695,634.52,21.576,626.4568,626.5872,6.861,1.794,38.592,neutral,600.3728,2.9517,7.8698
META,META-296,2026-04-16T11:00:00-04:00,2026-04-17T10:00:00-04:00,15,676.05,686.22,21.1723,673.8591,671.1123,30.766,11.254,-26.715,neutral_up,614.5485,5.7012,14.1757
META,META-297,2026-04-20T09:00:00-04:00,2026-04-20T10:00:00-04:00,1,677.52,670.21,20.0784,682.2823,681.9941,-16.802,-21.503,-16.273,neutral,626.4315,6.2229,17.5841
META,META-298,2026-04-21T12:00:00-04:00,2026-04-23T07:00:00-04:00,27,670.15,662.52,20.1199,672.6565,674.2374,-35.215,-7.131,-23.798,neutral_down,630.4786,4.0471,15.9301
META,META-299,2026-04-24T08:00:00-04:00,2026-04-24T12:00:00-04:00,4,661.03,679.15,18.8285,660.4643,662.54,-14.925,2.183,24.65,neutral,639.6403,1.969,9.1617
META,META-300,2026-04-27T12:00:00-04:00,2026-04-28T16:00:00-04:00,20,677.67,670.6,19.4,675.5445,673.2627,28.665,2.468,16.561,neutral_up,642.8448,3.2045,8.8734
META,META-301,2026-04-29T04:00:00-04:00,2026-04-29T16:00:00-04:00,12,670.71,625.075,18.4177,671.2214,672.2166,-12.248,-2.46,6.711,neutral,648.3642,2.2816,8.7238
META,META-302,2026-05-01T06:00:00-04:00,2026-05-05T11:00:00-04:00,37,612.5415,602.16,21.5667,613.794,619.8782,-37.809,-3.623,4.59,neutral_down,646.8458,-3.4771,0.7632
META,META-303,2026-05-06T10:00:00-04:00,2026-05-06T12:00:00-04:00,2,617.16,612.1,19.7995,607.5079,606.9154,32.023,40.201,31.378,neutral_up,637.1859,-3.2106,-9.6599
META,META-304,2026-05-07T14:00:00-04:00,2026-05-07T15:00:00-04:00,1,617.165,616.91,19.9459,617.353,614.9371,22.623,-4.43,-45.48,neutral,634.9453,-2.2405,-8.4368
META,META-305,2026-05-07T17:00:00-04:00,2026-05-07T18:00:00-04:00,1,612.88,614.41,19.9459,616.2635,615.0266,-1.81,-16.487,-24.433,neutral,634.9453,-2.2405,-8.4368
META,META-306,2026-05-08T04:00:00-04:00,2026-05-08T05:00:00-04:00,1,618.5,618.18,19.4098,616.3834,615.3517,14.752,13.417,16.562,neutral,633.3057,-1.6396,-7.0907
META,META-307,2026-05-08T06:00:00-04:00,2026-05-08T07:00:00-04:00,1,617.88,619.19,19.4098,616.9702,615.8153,19.764,0.361,18.429,neutral,633.3057,-1.6396,-7.0907
META,META-308,2026-05-08T08:00:00-04:00,2026-05-08T11:00:00-04:00,3,617.2195,607.315,19.4098,617.3752,616.2218,17.869,-7.552,-1.535,neutral,633.3057,-1.6396,-7.0907
META,META-309,2026-05-12T12:00:00-04:00,2026-05-12T19:00:00-04:00,7,599.93,601.93,18.2828,599.1761,600.6378,-9.853,1.49,33.851,neutral,628.2192,-2.9369,-6.7261
META,META-310,2026-05-13T09:00:00-04:00,2026-05-13T12:00:00-04:00,3,605.71,615.555,17.7729,601.9341,601.5702,14.686,33.078,1.609,neutral,625.9356,-2.2836,-7.3701
META,META-311,2026-05-14T15:00:00-04:00,2026-05-15T05:00:00-04:00,6,618.43,607.0,18.1634,618.1035,615.533,31.945,-0.536,-27.841,neutral_up,625.0897,-0.846,-6.0665
META,META-312,2026-05-18T08:00:00-04:00,2026-05-19T15:00:00-04:00,23,610.79,602.75,17.0896,610.757,612.0008,-22.66,10.55,1.54,neutral,623.5575,-0.9268,-2.3781
META,META-313,2026-05-20T11:00:00-04:00,2026-05-21T19:00:00-04:00,24,606.265,608.5,16.4804,603.8836,604.7336,-0.342,16.609,20.044,neutral,620.6554,-1.7905,-3.8289
META,META-314,2026-05-22T14:00:00-04:00,2026-05-27T14:00:00-04:00,32,610.105,631.76,15.9426,608.7157,607.3531,24.19,4.465,-6.639,neutral_up,618.1685,-1.0518,-4.2774
META,META-315,2026-05-28T18:00:00-04:00,2026-05-29T12:00:00-04:00,10,632.9985,624.77,15.964,633.4405,630.7473,19.831,-4.009,-5.161,neutral,618.6482,1.6607,0.4797
META,META-316,2026-05-29T13:00:00-04:00,2026-06-01T10:00:00-04:00,13,625.84,615.1399,15.8015,628.2983,629.5293,-31.01,1.34,-4.583,neutral_down,620.1502,1.502,2.6979
META,META-317,2026-06-02T14:00:00-04:00,2026-06-03T11:00:00-04:00,13,601.84,613.2548,16.9959,604.8943,608.2218,-33.229,-11.27,-8.982,neutral_down,619.3751,-1.9005,0.7269
META,META-318,2026-06-08T18:00:00-04:00,2026-06-10T07:00:00-04:00,21,586.34,579.79,19.5934,587.7558,593.0999,-50.398,2.325,9.551,neutral_down,616.4075,-2.3768,-0.9917
META,META-319,2026-06-10T09:00:00-04:00,2026-06-10T13:00:00-04:00,4,587.795,575.35,18.9715,584.4459,586.5971,-15.226,23.068,21.995,neutral,610.9512,-2.6256,-7.8331
META,META-320,2026-06-11T16:00:00-04:00,2026-06-11T17:00:00-04:00,1,571.26,571.74,19.0964,567.6941,570.4799,-8.721,13.703,35.308,neutral,607.3002,-3.651,-9.1073
META,META-321,2026-06-12T11:00:00-04:00,2026-06-12T12:00:00-04:00,1,569.2463,570.295,18.8152,570.6727,571.266,-12.742,0.014,-25.385,neutral,603.7629,-3.5373,-9.8139
META,META-322,2026-06-12T13:00:00-04:00,2026-06-12T14:00:00-04:00,1,566.43,566.04,18.8152,569.7638,570.7461,-18.012,-8.826,-5.256,neutral,603.7629,-3.5373,-9.8139
META,META-323,2026-06-12T15:00:00-04:00,2026-06-15T05:00:00-04:00,6,566.8,577.53,18.8152,568.5752,569.9984,-21.783,1.04,-12.597,neutral,603.7629,-3.5373,-9.8139
META,META-324,2026-06-16T12:00:00-04:00,2026-06-17T10:00:00-04:00,14,597.36,582.145,19.6917,595.442,591.6612,38.441,0.041,-27.627,neutral_up,599.777,-0.6257,-7.5233
META,META-325,2026-06-18T13:00:00-04:00,2026-06-22T12:00:00-04:00,15,576.325,562.08,20.3229,574.5242,577.1137,-8.954,3.799,41.912,neutral,596.8746,-2.939,-3.528
META,META-326,2026-06-23T12:00:00-04:00,2026-06-24T08:00:00-04:00,12,566.19,562.0,19.9077,564.2271,565.3398,0.958,5.187,3.883,neutral,592.2547,-2.8405,-7.5589
META,META-327,2026-06-24T09:00:00-04:00,2026-06-25T08:00:00-04:00,15,562.62,554.84,19.2843,562.5315,563.3138,-9.119,2.842,9.067,neutral,589.5242,-2.7304,-7.3504
META,META-328,2026-06-25T10:00:00-04:00,2026-06-25T11:00:00-04:00,1,552.6901,549.935,18.8705,554.633,557.5015,-49.38,13.529,-12.257,neutral_down,586.6338,-2.8904,-8.4613
META,META-329,2026-06-26T10:00:00-04:00,2026-06-26T13:00:00-04:00,3,552.42,554.885,18.7761,546.2525,548.1606,-2.29,32.561,33.429,neutral,582.6517,-3.9822,-9.603
META,META-330,2026-06-26T14:00:00-04:00,2026-06-26T16:00:00-04:00,2,550.295,549.95,18.7761,550.3496,549.8355,17.912,-14.57,-6.048,neutral,582.6517,-3.9822,-9.603
META,META-331,2026-06-30T08:00:00-04:00,2026-07-01T05:00:00-04:00,13,559.83,563.169,18.8143,562.4751,561.1479,2.137,-15.052,-18.929,neutral,578.0587,-1.5729,-8.5752
META,META-332,2026-07-06T12:00:00-04:00,2026-07-06T16:00:00-04:00,4,592.16,600.3,22.5877,589.961,590.856,1.84,5.064,25.695,neutral,580.2204,0.242,2.1617
GOOGL,GOOGL-001,2024-07-16T09:00:00-04:00,2024-07-16T13:00:00-04:00,4,186.69,183.775,3.3361,187.0231,186.7696,8.726,-11.723,-13.852,neutral,183.6823,0.2928,0.6915
GOOGL,GOOGL-002,2024-07-18T08:00:00-04:00,2024-07-18T11:00:00-04:00,3,182.29,177.47,3.5156,181.7389,182.1196,-6.534,13.52,17.402,neutral,183.459,-0.2449,0.0695
GOOGL,GOOGL-003,2024-07-19T12:00:00-04:00,2024-07-22T09:00:00-04:00,13,178.17,181.985,3.6952,178.7975,179.1499,-14.786,-11.156,-10.019,neutral,182.9336,-0.5254,-0.7487
GOOGL,GOOGL-004,2024-07-23T10:00:00-04:00,2024-07-24T05:00:00-04:00,11,182.15,175.28,3.7515,182.1927,181.5768,30.909,-11.322,-3.839,neutral_up,182.3851,-0.0745,-1.0738
GOOGL,GOOGL-005,2024-07-25T08:00:00-04:00,2024-07-25T17:00:00-04:00,9,172.24,166.05,4.0856,172.3635,173.915,-42.45,9.56,3.87,neutral_down,181.4444,-0.8884,-1.0152
GOOGL,GOOGL-006,2024-07-26T18:00:00-04:00,2024-07-29T12:00:00-04:00,10,167.1456,169.91,4.2387,167.0634,167.8859,-19.743,2.703,6.208,neutral,180.1522,-1.2922,-2.2329
GOOGL,GOOGL-007,2024-07-29T14:00:00-04:00,2024-07-29T15:00:00-04:00,1,169.36,169.51,4.2238,169.1845,168.7586,21.808,-6.297,5.718,neutral,178.9556,-1.1966,-3.3772
GOOGL,GOOGL-008,2024-07-29T16:00:00-04:00,2024-07-29T17:00:00-04:00,1,169.1,168.98,4.2238,169.2197,168.8518,13.297,-6.634,-14.808,neutral,178.9556,-1.1966,-3.3772
GOOGL,GOOGL-009,2024-07-29T19:00:00-04:00,2024-07-31T07:00:00-04:00,20,168.0,171.57,4.2238,168.9531,168.8185,-7.041,-16.533,-20.338,neutral,178.9556,-1.1966,-3.3772
GOOGL,GOOGL-010,2024-07-31T08:00:00-04:00,2024-07-31T10:00:00-04:00,2,172.9935,171.96,4.0694,171.1847,170.4093,62.556,17.084,22.774,distribution,177.3863,-0.7106,-2.7659
GOOGL,GOOGL-011,2024-07-31T15:00:00-04:00,2024-08-02T06:00:00-04:00,23,171.52,167.74,4.0694,171.2429,170.8445,14.039,4.984,2.023,neutral,177.3863,-0.7106,-2.7659
GOOGL,GOOGL-012,2024-08-06T06:00:00-04:00,2024-08-07T18:00:00-04:00,28,160.46,158.15,4.8306,160.3922,161.3722,-14.646,3.029,0.894,neutral,173.9512,-1.4751,-2.9018
GOOGL,GOOGL-013,2024-08-08T04:00:00-04:00,2024-08-08T05:00:00-04:00,1,159.75,158.82,4.774,158.794,159.2936,-12.391,21.015,19.655,neutral,171.2938,-1.2364,-4.1325
GOOGL,GOOGL-014,2024-08-08T06:00:00-04:00,2024-08-08T07:00:00-04:00,1,159.25,159.33,4.774,158.8894,159.2505,-5.203,5.193,28.203,neutral,171.2938,-1.2364,-4.1325
GOOGL,GOOGL-015,2024-08-08T08:00:00-04:00,2024-08-08T10:00:00-04:00,2,160.88,162.66,4.774,159.358,159.4052,14.161,15.98,24.557,neutral,171.2938,-1.2364,-4.1325
GOOGL,GOOGL-016,2024-08-09T09:00:00-04:00,2024-08-09T11:00:00-04:00,2,160.17,159.79,4.773,161.3335,161.391,-25.465,0.192,-61.349,neutral_down,170.4534,-0.8403,-3.4977
GOOGL,GOOGL-017,2024-08-09T13:00:00-04:00,2024-08-09T14:00:00-04:00,1,161.225,161.72,4.773,160.7681,161.0496,-10.941,14.876,13.712,neutral,170.4534,-0.8403,-3.4977
GOOGL,GOOGL-018,2024-08-09T15:00:00-04:00,2024-08-09T17:00:00-04:00,2,163.64,163.1664,4.773,161.4948,161.3405,26.527,24.934,52.345,neutral_up,170.4534,-0.8403,-3.4977
GOOGL,GOOGL-019,2024-08-12T16:00:00-04:00,2024-08-14T09:00:00-04:00,25,162.3,159.385,4.7699,162.7887,162.7026,-9.897,-3.54,-12.464,neutral,169.834,-0.6194,-2.6961
GOOGL,GOOGL-020,2024-08-15T11:00:00-04:00,2024-08-16T11:00:00-04:00,16,160.91,163.91,4.63,160.3847,160.5875,-0.951,10.992,3.111,neutral,167.9318,-0.7612,-1.9022
GOOGL,GOOGL-021,2024-08-20T16:00:00-04:00,2024-08-21T11:00:00-04:00,11,167.18,165.43,4.3567,167.5316,166.9785,18.279,-9.695,-28.412,neutral,166.9088,-0.0249,-1.023
GOOGL,GOOGL-022,2024-08-22T04:00:00-04:00,2024-08-22T05:00:00-04:00,1,166.19,166.1,4.0686,166.0437,166.2229,-5.315,3.875,8.939,neutral,166.8366,-0.0987,-0.0971
GOOGL,GOOGL-023,2024-08-22T07:00:00-04:00,2024-08-22T16:00:00-04:00,9,166.73,164.0,4.0686,166.2084,166.2554,9.506,13.028,14.822,neutral,166.8366,-0.0987,-0.0971
GOOGL,GOOGL-024,2024-08-23T12:00:00-04:00,2024-08-26T05:00:00-04:00,9,164.52,166.25,4.0837,164.7285,164.9264,-10.897,-5.11,-4.575,neutral,166.5587,-0.2779,-0.3501
GOOGL,GOOGL-025,2024-08-26T07:00:00-04:00,2024-08-27T18:00:00-04:00,27,165.56,164.38,3.9634,165.7328,165.4671,20.578,-15.598,-13.391,neutral,166.4743,-0.0844,-0.461
GOOGL,GOOGL-026,2024-08-29T13:00:00-04:00,2024-08-29T16:00:00-04:00,3,163.21,162.1,3.7863,164.1038,163.9196,3.115,-23.397,-37.268,neutral,165.9724,-0.3142,-0.5018
GOOGL,GOOGL-027,2024-08-30T16:00:00-04:00,2024-09-03T10:00:00-04:00,10,163.37,158.97,3.9244,162.7969,162.8366,12.015,8.922,28.837,neutral,165.5949,-0.3775,-0.8544
GOOGL,GOOGL-028,2024-09-04T13:00:00-04:00,2024-09-06T10:00:00-04:00,29,156.2275,153.34,4.0022,157.1374,158.0528,-43.427,-11.56,-14.129,neutral_down,164.6602,-0.727,-1.3122
GOOGL,GOOGL-029,2024-09-10T12:00:00-04:00,2024-09-11T17:00:00-04:00,21,149.285,151.5296,4.2876,149.1758,149.6911,-19.019,6.609,-11.565,neutral,160.952,-1.2222,-2.9573
GOOGL,GOOGL-030,2024-09-16T09:00:00-04:00,2024-09-17T10:00:00-04:00,17,157.9,159.76,4.1057,157.66,156.9447,38.522,-0.6,-30.212,neutral_up,158.5432,-0.1073,-1.2905
GOOGL,GOOGL-031,2024-09-17T12:00:00-04:00,2024-09-19T05:00:00-04:00,25,158.58,162.86,3.9302,159.1193,158.5678,28.053,-27.548,-34.241,neutral_up,158.4992,-0.0439,-0.5468
GOOGL,GOOGL-032,2024-09-20T07:00:00-04:00,2024-09-23T04:00:00-04:00,13,162.84,164.01,3.7122,162.2921,161.9987,20.364,17.583,4.936,neutral,158.9986,0.3141,0.4993
GOOGL,GOOGL-033,2024-09-23T10:00:00-04:00,2024-09-23T16:00:00-04:00,6,164.145,161.82,3.5663,164.0777,163.5555,32.131,-8.206,-21.915,neutral_up,159.4114,0.4129,0.8376
GOOGL,GOOGL-034,2024-09-24T13:00:00-04:00,2024-09-26T06:00:00-04:00,25,162.07,163.6,3.5844,162.3722,162.5404,-10.313,-8.954,4.597,neutral,159.6313,0.2199,0.9469
GOOGL,GOOGL-035,2024-09-27T07:00:00-04:00,2024-09-27T12:00:00-04:00,5,163.1,164.355,3.3099,162.8637,162.7781,10.434,10.188,5.885,neutral,160.2694,0.2461,0.6381
GOOGL,GOOGL-036,2024-09-30T09:00:00-04:00,2024-09-30T17:00:00-04:00,8,164.75,165.5575,3.2931,163.896,163.6984,26.327,24.341,13.976,neutral_up,160.6013,0.3319,0.7256
GOOGL,GOOGL-037,2024-10-01T16:00:00-04:00,2024-10-02T05:00:00-04:00,5,166.41,166.2,3.2643,166.7616,166.2351,17.881,-12.643,-6.758,neutral,161.0848,0.4835,1.0614
GOOGL,GOOGL-038,2024-10-02T06:00:00-04:00,2024-10-04T06:00:00-04:00,32,166.39,166.51,3.3582,166.4641,166.2931,2.164,1.552,-5.145,neutral,161.6262,0.5414,1.3568
GOOGL,GOOGL-039,2024-10-04T07:00:00-04:00,2024-10-04T08:00:00-04:00,1,165.86,168.0012,3.2748,165.9794,165.8404,14.143,-13.033,1.481,neutral,162.3611,0.3509,1.2763
GOOGL,GOOGL-040,2024-10-04T09:00:00-04:00,2024-10-07T14:00:00-04:00,21,166.578,163.18,3.2748,166.4226,166.086,36.802,-16.079,9.626,neutral_up,162.3611,0.3509,1.2763
GOOGL,GOOGL-041,2024-10-08T15:00:00-04:00,2024-10-09T13:00:00-04:00,14,164.37,160.52,3.4153,163.7458,164.057,-9.197,22.236,7.921,neutral,162.8084,0.0202,0.7982
GOOGL,GOOGL-042,2024-10-10T08:00:00-04:00,2024-10-11T16:00:00-04:00,24,161.42,163.14,3.4322,161.5086,161.9234,-24.71,2.979,-2.119,neutral_down,162.8503,-0.1,0.0621
GOOGL,GOOGL-043,2024-10-15T10:00:00-04:00,2024-10-17T05:00:00-04:00,27,165.1,165.98,3.3028,165.6765,165.1042,37.574,-37.747,-29.011,neutral_up,163.0148,0.1935,0.1645
GOOGL,GOOGL-044,2024-10-17T06:00:00-04:00,2024-10-17T16:00:00-04:00,10,165.55,162.9,3.1976,165.3902,165.2772,20.579,-6.808,29.68,neutral,163.416,0.1744,0.5948
GOOGL,GOOGL-045,2024-10-18T11:00:00-04:00,2024-10-22T15:00:00-04:00,36,163.285,165.16,3.227,163.5553,163.8225,-18.26,-6.102,-7.557,neutral,163.3709,-0.0451,0.3561
GOOGL,GOOGL-046,2024-10-23T10:00:00-04:00,2024-10-23T12:00:00-04:00,2,163.86,162.895,3.018,164.6194,164.545,-10.845,-22.055,-28.1,neutral,163.5919,0.1568,0.2209
GOOGL,GOOGL-047,2024-10-24T12:00:00-04:00,2024-10-25T09:00:00-04:00,13,163.2233,165.285,3.0806,163.0845,163.3386,-16.15,11.044,14.427,neutral,163.5172,-0.0747,0.1436
GOOGL,GOOGL-048,2024-10-29T07:00:00-04:00,2024-10-29T14:00:00-04:00,7,167.4,169.765,3.1433,167.426,166.9742,24.748,-7.049,-5.197,neutral_up,163.8953,0.2855,0.3781
GOOGL,GOOGL-049,2024-10-31T16:00:00-04:00,2024-10-31T18:00:00-04:00,2,170.6601,171.19,3.8325,172.1539,173.2536,-42.174,-3.678,-13.084,neutral_down,165.3401,0.919,1.7303
GOOGL,GOOGL-050,2024-10-31T19:00:00-04:00,2024-11-01T07:00:00-04:00,4,171.1694,171.36,3.8325,171.6359,172.713,-34.332,2.702,7.841,neutral_down,165.3401,0.919,1.7303
GOOGL,GOOGL-051,2024-11-01T08:00:00-04:00,2024-11-04T14:00:00-05:00,22,171.38,169.551,3.9744,171.3485,172.1303,-20.803,3.387,16.089,neutral,165.8565,0.5164,1.9612
GOOGL,GOOGL-052,2024-11-05T09:00:00-05:00,2024-11-06T04:00:00-05:00,11,169.73,173.35,3.8879,169.6953,169.9093,-7.218,-0.165,-2.578,neutral,166.6124,0.2638,1.2722
GOOGL,GOOGL-053,2024-11-08T13:00:00-05:00,2024-11-08T15:00:00-05:00,2,178.93,178.4,4.021,179.2576,179.0514,-3.942,-0.346,-0.125,neutral,168.9551,1.1845,2.3427
GOOGL,GOOGL-054,2024-11-11T08:00:00-05:00,2024-11-11T15:00:00-05:00,7,179.36,180.37,3.9352,178.8154,178.8238,11.348,12.523,29.726,neutral,169.8137,0.8586,2.9161
GOOGL,GOOGL-055,2024-11-12T08:00:00-05:00,2024-11-12T18:00:00-05:00,10,180.23,181.43,3.8073,179.9509,179.7481,14.525,9.602,10.448,neutral,170.7734,0.9597,3.0028
GOOGL,GOOGL-056,2024-11-19T04:00:00-05:00,2024-11-19T05:00:00-05:00,1,174.2,174.5,3.7529,174.2655,174.1069,0.551,2.707,-33.836,neutral,172.923,0.2407,0.5124
GOOGL,GOOGL-057,2024-11-19T06:00:00-05:00,2024-11-19T13:00:00-05:00,7,174.16,178.015,3.7529,174.2819,174.1442,3.673,-3.088,5.829,neutral,172.923,0.2407,0.5124
GOOGL,GOOGL-058,2024-11-22T13:00:00-05:00,2024-11-25T13:00:00-05:00,16,164.9,167.4101,4.4968,165.6154,167.2037,-58.792,2.068,-1.954,neutral_down,173.0867,-0.5437,0.1637
GOOGL,GOOGL-059,2024-11-26T07:00:00-05:00,2024-11-26T13:00:00-05:00,6,167.7,169.5982,4.4039,167.3932,167.1322,18.811,3.88,7.551,neutral,171.9026,-0.4253,-1.7277
GOOGL,GOOGL-060,2024-11-27T10:00:00-05:00,2024-12-02T11:00:00-05:00,28,168.92,171.76,4.2493,169.0933,168.782,17.078,-9.836,-14.375,neutral,171.6442,-0.2584,-1.4425
GOOGL,GOOGL-061,2024-12-03T12:00:00-05:00,2024-12-04T11:00:00-05:00,15,171.3836,173.5725,3.8933,171.5113,171.1394,20.072,-8.248,-14.229,neutral,171.2314,0.0259,-0.4128
GOOGL,GOOGL-062,2024-12-05T12:00:00-05:00,2024-12-05T17:00:00-05:00,5,173.39,172.4,3.7533,174.0361,173.7855,-5.16,-11.101,-45.591,neutral,171.5347,0.2925,0.3292
GOOGL,GOOGL-063,2024-12-09T11:00:00-05:00,2024-12-09T17:00:00-05:00,6,175.85,176.5895,3.7137,174.5996,174.2535,39.991,26.746,40.013,neutral_up,171.9145,0.2766,0.6723
GOOGL,GOOGL-064,2024-12-12T13:00:00-05:00,2024-12-12T17:00:00-05:00,4,194.31,191.35,4.6297,194.5243,193.3043,21.363,-2.667,-0.696,neutral,175.4152,2.0045,3.5008
GOOGL,GOOGL-065,2024-12-13T11:00:00-05:00,2024-12-13T13:00:00-05:00,2,191.1429,191.49,4.5668,191.5541,192.0142,-21.863,1.294,0.986,neutral,176.9157,1.5004,4.6843
GOOGL,GOOGL-066,2024-12-13T14:00:00-05:00,2024-12-13T15:00:00-05:00,1,191.04,189.81,4.5668,191.3695,191.8057,-18.001,-1.952,3.862,neutral,176.9157,1.5004,4.6843
GOOGL,GOOGL-067,2024-12-13T16:00:00-05:00,2024-12-16T10:00:00-05:00,10,189.96,196.66,4.5668,190.8381,191.473,-35.844,-3.505,-19.794,neutral_down,176.9157,1.5004,4.6843
GOOGL,GOOGL-068,2024-12-17T12:00:00-05:00,2024-12-18T15:00:00-05:00,19,197.12,188.29,4.7991,197.2958,196.3922,19.068,-5.01,-39.208,neutral,179.7754,1.6875,4.3601
GOOGL,GOOGL-069,2024-12-19T18:00:00-05:00,2024-12-20T04:00:00-05:00,2,188.94,185.04,5.2266,189.5713,190.6102,-42.419,2.275,-1.989,neutral_down,181.8415,0.6448,3.7536
GOOGL,GOOGL-070,2024-12-23T14:00:00-05:00,2024-12-23T19:00:00-05:00,5,194.1809,194.6178,5.3688,193.2338,192.2565,40.642,2.548,13.24,neutral_up,183.2609,0.8159,2.0643
GOOGL,GOOGL-071,2024-12-24T04:00:00-05:00,2024-12-24T05:00:00-05:00,1,195.01,194.85,5.3389,194.3124,193.3072,44.34,2.19,-0.506,neutral_up,184.2908,1.0299,2.4493
GOOGL,GOOGL-072,2024-12-26T04:00:00-05:00,2024-12-27T10:00:00-05:00,22,195.3,191.72,5.124,195.5529,194.7864,33.625,-15.813,-11.718,neutral_up,185.3653,1.0745,2.9203
GOOGL,GOOGL-073,2024-12-30T12:00:00-05:00,2024-12-30T17:00:00-05:00,5,192.43,190.54,4.9305,191.5058,192.193,-13.82,20.216,56.133,neutral,186.8851,0.5875,2.5942
GOOGL,GOOGL-074,2024-12-31T04:00:00-05:00,2024-12-31T05:00:00-05:00,1,192.32,192.25,4.8383,191.308,191.7088,-7.358,26.339,24.927,neutral,187.2791,0.3941,1.9138
GOOGL,GOOGL-075,2024-12-31T07:00:00-05:00,2024-12-31T16:00:00-05:00,9,191.75,189.5301,4.8383,191.6917,191.8103,5.151,-7.266,12.509,neutral,187.2791,0.3941,1.9138
GOOGL,GOOGL-076,2025-01-02T08:00:00-05:00,2025-01-03T07:00:00-05:00,15,190.75,189.9,4.7392,190.5976,190.7111,6.321,-5.102,18.331,neutral,187.4656,0.1864,1.168
GOOGL,GOOGL-077,2025-01-03T08:00:00-05:00,2025-01-03T13:00:00-05:00,5,190.1,191.91,4.7221,189.7928,189.8787,4.73,3.138,6.448,neutral,187.6405,0.1749,0.7555
GOOGL,GOOGL-078,2025-01-07T11:00:00-05:00,2025-01-07T18:00:00-05:00,7,196.04,194.75,4.7851,197.3391,196.3875,26.212,-33.823,-13.362,neutral_up,188.8253,0.8085,1.3597
GOOGL,GOOGL-079,2025-01-08T14:00:00-05:00,2025-01-13T06:00:00-05:00,24,194.49,190.65,4.9005,194.5837,194.8572,-5.027,-2.646,-1.615,neutral,189.4294,0.6041,1.7888
GOOGL,GOOGL-080,2025-01-13T08:00:00-05:00,2025-01-13T10:00:00-05:00,2,190.8,189.615,4.9283,191.1441,192.0737,-34.304,5.342,14.741,neutral_down,190.0403,0.2,1.215
GOOGL,GOOGL-081,2025-01-13T12:00:00-05:00,2025-01-13T13:00:00-05:00,1,190.11,190.58,4.9283,190.2088,191.2677,-35.579,10.994,6.73,neutral_down,190.0403,0.2,1.215
GOOGL,GOOGL-082,2025-01-13T18:00:00-05:00,2025-01-14T05:00:00-05:00,3,192.06,192.24,4.9283,191.1359,191.3042,13.598,6.82,23.433,neutral,190.0403,0.2,1.215
GOOGL,GOOGL-083,2025-01-14T07:00:00-05:00,2025-01-14T19:00:00-05:00,12,191.01,190.31,4.9106,191.5948,191.531,-0.431,-15.769,-24.133,neutral,190.1294,0.0891,0.7
GOOGL,GOOGL-084,2025-01-15T08:00:00-05:00,2025-01-15T10:00:00-05:00,2,192.68,193.76,4.8221,190.999,190.839,31.3,23.933,35.128,neutral_up,190.0849,-0.0445,0.2445
GOOGL,GOOGL-085,2025-01-16T11:00:00-05:00,2025-01-16T17:00:00-05:00,6,194.69,192.6,4.9577,194.4564,193.9621,17.728,0.18,20.512,neutral,190.5826,0.4977,0.5423
GOOGL,GOOGL-086,2025-01-17T04:00:00-05:00,2025-01-17T05:00:00-05:00,1,194.32,193.98,4.8,193.4286,193.5692,-0.681,24.037,25.542,neutral,190.7915,0.2089,0.6621
GOOGL,GOOGL-087,2025-01-17T07:00:00-05:00,2025-01-17T13:00:00-05:00,6,193.9,196.14,4.8,193.6161,193.6302,5.816,3.519,6.496,neutral,190.7915,0.2089,0.6621
GOOGL,GOOGL-088,2025-01-22T07:00:00-05:00,2025-01-24T15:00:00-05:00,40,197.94,200.19,4.8773,197.9739,197.6991,6.888,0.706,3.211,neutral,191.881,0.6169,1.2983
GOOGL,GOOGL-089,2025-01-24T19:00:00-05:00,2025-01-27T04:00:00-05:00,1,200.0262,193.49,4.7653,199.7735,199.3088,24.708,1.522,-8.327,neutral_up,192.9684,0.5012,1.7043
GOOGL,GOOGL-090,2025-01-28T08:00:00-05:00,2025-01-28T16:00:00-05:00,8,193.1644,195.04,4.9783,193.0091,193.7636,-15.752,1.605,7.947,neutral,193.4599,-0.165,0.9927
GOOGL,GOOGL-091,2025-01-29T09:00:00-05:00,2025-01-30T09:00:00-05:00,16,193.76,200.61,4.9656,195.1151,194.863,-1.986,-27.767,-34.987,neutral,193.6281,0.1682,0.6597
GOOGL,GOOGL-092,2025-01-30T10:00:00-05:00,2025-01-30T11:00:00-05:00,1,197.92,200.105,4.8505,197.7579,196.7415,40.909,-17.551,6.908,neutral_up,193.7883,0.1602,0.1634
GOOGL,GOOGL-093,2025-02-04T04:00:00-05:00,2025-02-04T16:00:00-05:00,12,201.85,191.38,4.8341,202.5801,202.3221,6.769,-17.158,-8.166,neutral,195.8469,0.5383,2.0586
GOOGL,GOOGL-094,2025-02-06T04:00:00-05:00,2025-02-07T11:00:00-05:00,23,191.34,184.58,5.8471,191.2661,192.7506,-22.965,0.945,5.276,neutral,196.287,-0.4947,0.9784
GOOGL,GOOGL-095,2025-02-10T14:00:00-05:00,2025-02-10T15:00:00-05:00,1,186.6,186.38,5.8651,186.7097,187.0392,-12.093,-2.136,-9.896,neutral,194.9079,-0.9558,-1.8739
GOOGL,GOOGL-096,2025-02-10T16:00:00-05:00,2025-02-10T19:00:00-05:00,3,186.47,185.99,5.8651,186.609,186.933,-16.186,-0.087,-6.229,neutral,194.9079,-0.9558,-1.8739
GOOGL,GOOGL-097,2025-02-11T04:00:00-05:00,2025-02-12T17:00:00-05:00,29,185.83,183.4353,5.6497,186.2311,186.6325,-30.452,-2.821,-9.613,neutral_down,194.1326,-0.7753,-2.1544
GOOGL,GOOGL-098,2025-02-13T04:00:00-05:00,2025-02-13T05:00:00-05:00,1,183.4,183.59,5.3007,183.7316,184.2038,-27.79,-4.398,6.824,neutral_down,192.4482,-0.8878,-2.4597
GOOGL,GOOGL-099,2025-02-13T08:00:00-05:00,2025-02-13T17:00:00-05:00,9,184.12,186.02,5.3007,183.7098,184.034,-11.938,15.437,13.664,neutral,192.4482,-0.8878,-2.4597
GOOGL,GOOGL-100,2025-02-14T12:00:00-05:00,2025-02-18T07:00:00-05:00,11,184.81,186.22,5.1464,185.4545,185.319,-8.799,-8.172,-24.813,neutral,191.8729,-0.5753,-2.2597
GOOGL,GOOGL-101,2025-02-18T08:00:00-05:00,2025-02-18T12:00:00-05:00,4,186.83,183.7502,4.9274,186.0271,185.6879,43.395,12.015,17.459,neutral_up,191.2635,-0.6094,-2.0725
GOOGL,GOOGL-102,2025-02-19T13:00:00-05:00,2025-02-19T15:00:00-05:00,2,184.52,185.26,4.8768,184.4489,184.4098,10.131,-5.072,3.84,neutral,190.5823,-0.6812,-1.8659
GOOGL,GOOGL-103,2025-02-19T19:00:00-05:00,2025-02-20T18:00:00-05:00,15,185.11,184.45,4.8768,184.9155,184.6997,22.242,-0.188,-0.972,neutral,190.5823,-0.6812,-1.8659
GOOGL,GOOGL-104,2025-02-21T09:00:00-05:00,2025-02-21T10:00:00-05:00,1,184.27,182.12,4.5141,184.7557,184.6528,5.235,-25.12,-16.291,neutral,189.595,-0.5035,-1.6686
GOOGL,GOOGL-105,2025-02-24T14:00:00-05:00,2025-02-24T17:00:00-05:00,3,180.35,179.2,4.6388,180.7139,181.1762,-20.592,-3.167,2.289,neutral,188.6918,-0.9032,-1.8905
GOOGL,GOOGL-106,2025-02-26T09:00:00-05:00,2025-02-26T13:00:00-05:00,4,175.03,172.56,4.6089,176.2609,176.957,-38.936,-17.31,-16.082,neutral_down,186.7119,-1.1252,-2.8831
GOOGL,GOOGL-107,2025-02-28T13:00:00-05:00,2025-03-03T05:00:00-05:00,8,167.29,171.8,4.7453,168.4258,169.4879,-49.189,-7.319,-17.154,neutral_down,183.8974,-1.5407,-3.9397
GOOGL,GOOGL-108,2025-03-05T13:00:00-05:00,2025-03-10T09:00:00-04:00,44,172.645,167.16,5.0647,171.5468,171.0331,23.649,9.224,29.495,neutral_up,180.3014,-0.9361,-3.5959
GOOGL,GOOGL-109,2025-03-11T11:00:00-04:00,2025-03-13T13:00:00-04:00,34,164.25,162.305,5.3368,165.2196,166.4772,-43.201,0.917,-13.675,neutral_down,177.3624,-1.1482,-2.2762
GOOGL,GOOGL-110,2025-03-13T14:00:00-04:00,2025-03-13T15:00:00-04:00,1,163.78,162.76,5.252,164.0802,164.899,-35.309,12.583,0.139,neutral_down,175.3225,-0.8242,-3.1882
GOOGL,GOOGL-111,2025-03-14T09:00:00-04:00,2025-03-18T09:00:00-04:00,32,163.51,158.79,5.2319,164.0801,164.3181,-10.83,-10.459,-14.309,neutral,174.1804,-1.142,-3.182
GOOGL,GOOGL-112,2025-03-20T11:00:00-04:00,2025-03-20T17:00:00-04:00,6,163.04,162.82,5.1543,163.5185,163.2896,2.353,-8.745,13.205,neutral,170.7882,-0.6828,-2.5971
GOOGL,GOOGL-113,2025-03-21T08:00:00-04:00,2025-03-21T19:00:00-04:00,11,161.12,164.3,5.0669,162.1071,162.5073,-34.832,-13.388,-9.729,neutral_down,170.062,-0.7262,-2.4901
GOOGL,GOOGL-114,2025-03-25T08:00:00-04:00,2025-03-25T10:00:00-04:00,2,168.3491,170.139,4.8982,167.8501,166.9967,56.749,-3.193,11.317,neutral_up,169.3307,-0.1821,-1.4575
GOOGL,GOOGL-115,2025-03-31T15:00:00-04:00,2025-04-01T06:00:00-04:00,7,154.54,155.16,5.0099,153.5929,154.7199,-18.805,14.196,43.969,neutral,167.1375,-1.2817,-2.305
GOOGL,GOOGL-116,2025-04-01T08:00:00-04:00,2025-04-01T10:00:00-04:00,2,154.34,157.395,5.0005,154.6254,154.7491,-3.252,-7.423,-22.547,neutral,165.9922,-1.1452,-3.0509
GOOGL,GOOGL-117,2025-04-02T08:00:00-04:00,2025-04-02T18:00:00-04:00,10,155.6392,152.14,4.9633,156.4204,156.2515,-9.358,-9.157,-27.293,neutral,165.1784,-0.8138,-3.2408
GOOGL,GOOGL-118,2025-04-04T04:00:00-04:00,2025-04-04T06:00:00-04:00,2,149.6,144.99,4.9925,150.7706,151.8575,-46.157,-10.254,-7.284,neutral_down,163.1823,-1.2462,-2.8099
GOOGL,GOOGL-119,2025-04-04T09:00:00-04:00,2025-04-04T16:00:00-04:00,7,150.79,145.25,4.9925,148.9354,150.3389,-31.929,38.948,60.595,neutral_down,163.1823,-1.2462,-2.8099
GOOGL,GOOGL-120,2025-04-07T10:00:00-04:00,2025-04-07T19:00:00-04:00,9,148.24,148.9,5.0423,144.5469,145.708,-0.244,25.881,61.418,neutral,161.5757,-1.6066,-3.6027
GOOGL,GOOGL-121,2025-04-08T12:00:00-04:00,2025-04-08T18:00:00-04:00,6,147.44,143.35,5.5622,149.2502,148.4002,6.528,-19.595,-32.102,neutral,160.2325,-1.3432,-4.1961
GOOGL,GOOGL-122,2025-04-10T17:00:00-04:00,2025-04-10T18:00:00-04:00,1,153.42,154.0925,6.5243,153.7314,153.3778,-1.131,1.707,-5.142,neutral,158.8051,-0.0135,-2.7706
GOOGL,GOOGL-123,2025-04-11T04:00:00-04:00,2025-04-11T18:00:00-04:00,14,152.58,156.89,6.6826,153.3455,153.2839,-7.246,-2.933,-6.115,neutral,158.261,-0.5441,-1.9715
GOOGL,GOOGL-124,2025-04-14T15:00:00-04:00,2025-04-15T13:00:00-04:00,14,159.11,155.7,6.5517,159.0651,158.1022,26.062,-4.684,4.21,neutral_up,158.1464,-0.1146,-0.6723
GOOGL,GOOGL-125,2025-04-16T16:00:00-04:00,2025-04-16T18:00:00-04:00,2,153.6,153.75,6.2794,153.6361,154.5535,-32.254,8.518,6.335,neutral_down,158.0582,-0.1758,-0.2029
GOOGL,GOOGL-126,2025-04-16T19:00:00-04:00,2025-04-17T12:00:00-04:00,9,153.79,151.595,6.2794,153.6932,154.3536,-18.719,3.032,13.535,neutral,158.0582,-0.1758,-0.2029
GOOGL,GOOGL-127,2025-04-24T04:00:00-04:00,2025-04-24T12:00:00-04:00,8,154.05,158.58,5.9905,155.2583,154.5588,10.057,-23.271,-24.278,neutral,155.7171,-0.0447,-1.3269
GOOGL,GOOGL-128,2025-04-28T11:00:00-04:00,2025-04-28T17:00:00-04:00,6,159.53,160.17,5.9564,161.2922,161.7278,-34.881,-15.659,-40.395,neutral_down,156.5498,0.531,0.7879
GOOGL,GOOGL-129,2025-04-29T09:00:00-04:00,2025-04-30T09:00:00-04:00,16,158.52,155.745,5.856,160.1306,160.5639,-36.124,-23.425,-35.673,neutral_down,156.9189,0.3691,1.2018
GOOGL,GOOGL-130,2025-04-30T18:00:00-04:00,2025-04-30T19:00:00-04:00,1,159.65,159.9,5.6677,158.8145,158.8846,15.768,1.877,36.666,neutral,157.2135,0.2946,1.1948
GOOGL,GOOGL-131,2025-05-01T19:00:00-04:00,2025-05-02T07:00:00-04:00,4,161.84,162.66,5.6028,161.3857,160.7281,33.914,-0.105,5.718,neutral_up,157.3541,0.1406,0.8043
GOOGL,GOOGL-132,2025-05-02T09:00:00-04:00,2025-05-02T10:00:00-04:00,1,162.63,164.3,5.4305,162.428,161.6089,45.386,-13.435,-0.86,neutral_up,157.7083,0.3542,0.7894
GOOGL,GOOGL-133,2025-05-05T08:00:00-04:00,2025-05-05T13:00:00-04:00,5,162.67,165.095,5.3083,163.029,162.9156,-10.992,0.927,-10.866,neutral,158.2794,0.5711,1.0658
GOOGL,GOOGL-134,2025-05-05T15:00:00-04:00,2025-05-05T16:00:00-04:00,1,164.31,164.38,5.3083,164.4301,163.8431,33.916,-16.304,-13.24,neutral_up,158.2794,0.5711,1.0658
GOOGL,GOOGL-135,2025-05-06T15:00:00-04:00,2025-05-07T10:00:00-04:00,11,163.25,156.415,5.1199,163.4267,163.4515,1.328,-8.547,-5.175,neutral,158.8276,0.5482,1.4735
GOOGL,GOOGL-136,2025-05-09T04:00:00-04:00,2025-05-09T16:00:00-04:00,12,155.0,152.75,5.7883,154.4676,154.8462,-4.818,9.019,13.808,neutral,158.125,-0.3865,-0.7026
GOOGL,GOOGL-137,2025-05-13T08:00:00-04:00,2025-05-13T19:00:00-04:00,11,158.95,159.7088,5.6328,158.216,157.4986,38.399,10.18,8.832,neutral_up,157.713,0.0757,-0.7985
GOOGL,GOOGL-138,2025-05-14T09:00:00-04:00,2025-05-14T10:00:00-04:00,1,160.805,164.47,5.5455,160.1812,159.4981,43.274,1.724,0.152,neutral_up,157.8695,0.1565,-0.2555
GOOGL,GOOGL-139,2025-05-15T13:00:00-04:00,2025-05-16T16:00:00-04:00,19,164.785,166.2,5.6897,164.7816,164.0241,27.638,-6.269,-2.92,neutral_up,158.5523,0.6828,0.915
GOOGL,GOOGL-140,2025-05-16T17:00:00-04:00,2025-05-16T18:00:00-04:00,1,164.77,163.69,5.557,165.9623,165.6356,-3.959,-19.558,-27.811,neutral,159.0421,0.4898,1.3291
GOOGL,GOOGL-141,2025-05-20T13:00:00-04:00,2025-05-20T17:00:00-04:00,4,164.99,164.15,5.3232,166.6136,166.3169,1.159,-34.882,-18.76,neutral,160.3094,0.6221,1.7571
GOOGL,GOOGL-142,2025-05-23T08:00:00-04:00,2025-05-23T09:00:00-04:00,1,168.3294,168.53,5.8288,170.6173,170.7961,-33.684,-13.454,-51.145,neutral_down,162.2268,0.8623,1.9174
GOOGL,GOOGL-143,2025-05-28T08:00:00-04:00,2025-05-29T06:00:00-04:00,14,173.53,174.9,5.5572,173.0786,172.336,43.042,-0.003,6.347,neutral_up,163.7121,0.9168,2.3476
GOOGL,GOOGL-144,2025-05-29T08:00:00-04:00,2025-05-29T11:00:00-04:00,3,174.09,170.885,5.3998,174.1784,173.575,28.376,-10.676,-33.156,neutral_up,164.4982,0.7862,2.2714
GOOGL,GOOGL-145,2025-05-30T11:00:00-04:00,2025-05-30T12:00:00-04:00,1,170.24,167.825,5.2848,171.0969,171.6651,-41.857,-5.218,-27.104,neutral_down,165.1684,0.6702,2.3731
GOOGL,GOOGL-146,2025-05-30T13:00:00-04:00,2025-05-30T19:00:00-04:00,6,169.465,171.19,5.2848,170.247,171.1477,-59.214,12.758,-22.575,neutral_down,165.1684,0.6702,2.3731
GOOGL,GOOGL-147,2025-06-02T04:00:00-04:00,2025-06-02T05:00:00-04:00,1,170.16,169.58,5.2477,170.7793,171.0559,-13.274,-14.846,-13.742,neutral,165.754,0.5856,2.0419
GOOGL,GOOGL-148,2025-06-02T12:00:00-04:00,2025-06-02T14:00:00-04:00,2,169.16,168.823,5.2477,169.1537,169.8435,-23.779,5.673,29.981,neutral_down,165.754,0.5856,2.0419
GOOGL,GOOGL-149,2025-06-03T06:00:00-04:00,2025-06-03T17:00:00-04:00,11,168.6,166.4015,5.1743,168.7571,169.1722,-22.804,1.036,-5.449,neutral,166.0491,0.2951,1.5509
GOOGL,GOOGL-150,2025-06-04T09:00:00-04:00,2025-06-04T19:00:00-04:00,10,167.48,168.2,5.0704,166.9171,167.291,-11.32,18.619,14.388,neutral,166.0601,0.011,0.8917
GOOGL,GOOGL-151,2025-06-05T15:00:00-04:00,2025-06-05T18:00:00-04:00,3,168.22,167.85,4.8543,169.2623,168.8774,3.85,-22.984,-18.945,neutral,166.2428,0.1827,0.4888
GOOGL,GOOGL-152,2025-06-06T04:00:00-04:00,2025-06-06T05:00:00-04:00,1,168.83,168.91,4.7461,168.4652,168.5403,-5.189,14.464,24.223,neutral,166.4225,0.1797,0.3735
GOOGL,GOOGL-153,2025-06-06T08:00:00-04:00,2025-06-06T09:00:00-04:00,1,170.64,172.405,4.7461,169.213,168.8876,39.069,17.128,36.02,neutral_up,166.4225,0.1797,0.3735
GOOGL,GOOGL-154,2025-06-10T09:00:00-04:00,2025-06-10T10:00:00-04:00,1,178.58,179.85,4.7103,176.5914,175.6446,69.41,27.586,20.711,distribution,167.8942,0.8146,1.6514
GOOGL,GOOGL-155,2025-06-11T09:00:00-04:00,2025-06-12T04:00:00-04:00,11,178.95,176.23,4.8163,178.9021,178.2371,27.678,-8.007,1.973,neutral_up,168.8702,0.976,2.4476
GOOGL,GOOGL-156,2025-06-12T13:00:00-04:00,2025-06-13T04:00:00-04:00,7,176.19,172.4,4.7309,176.2649,176.7458,-21.941,2.699,14.059,neutral,169.6456,0.7754,2.566
GOOGL,GOOGL-157,2025-06-16T13:00:00-04:00,2025-06-18T18:00:00-04:00,37,175.68,173.8,4.5942,175.4918,175.3882,5.523,5.271,-14.499,neutral,170.6071,0.4093,1.7369
GOOGL,GOOGL-158,2025-06-24T19:00:00-04:00,2025-06-25T10:00:00-04:00,7,167.08,171.01,4.6299,167.0823,167.0149,0.561,1.899,-3.781,neutral,170.736,-0.5586,-0.8644
GOOGL,GOOGL-159,2025-06-26T13:00:00-04:00,2025-06-26T15:00:00-04:00,2,173.16,173.51,4.5957,172.2638,171.3327,48.396,7.586,15.675,neutral_up,170.4023,0.0278,-0.8923
GOOGL,GOOGL-160,2025-06-26T19:00:00-04:00,2025-06-27T04:00:00-04:00,1,173.399,174.53,4.5957,172.9804,172.1467,44.166,-0.117,2.088,neutral_up,170.4023,0.0278,-0.8923
GOOGL,GOOGL-161,2025-06-27T13:00:00-04:00,2025-06-27T15:00:00-04:00,2,172.835,178.53,4.5353,173.6842,173.2506,1.667,-16.169,-44.61,neutral,170.6848,0.2825,-0.0512
GOOGL,GOOGL-162,2025-07-01T13:00:00-04:00,2025-07-02T12:00:00-04:00,15,175.59,178.01,4.8465,175.3965,175.9193,-20.837,11.841,19.055,neutral,171.8346,0.4365,1.4323
GOOGL,GOOGL-163,2025-07-03T13:00:00-04:00,2025-07-07T13:00:00-04:00,11,179.53,176.4,4.6267,178.8472,178.221,51.518,6.562,20.218,neutral_up,172.7867,0.5853,1.3887
GOOGL,GOOGL-164,2025-07-09T13:00:00-04:00,2025-07-09T15:00:00-04:00,2,175.52,176.62,4.4882,176.141,175.8264,22.118,-29.658,-21.96,neutral,173.7663,0.0584,0.9796
GOOGL,GOOGL-165,2025-07-10T09:00:00-04:00,2025-07-10T19:00:00-04:00,10,175.03,177.65,4.6441,176.0883,176.0975,-17.326,-19.058,-25.345,neutral,174.0258,0.2594,0.626
GOOGL,GOOGL-166,2025-07-11T04:00:00-04:00,2025-07-11T05:00:00-04:00,1,176.65,176.49,4.6016,177.1525,176.8104,14.062,-20.694,-19.434,neutral,174.3534,0.3277,0.6454
GOOGL,GOOGL-167,2025-07-11T08:00:00-04:00,2025-07-11T11:00:00-04:00,3,176.8,180.07,4.6016,176.8512,176.7503,-0.723,2.988,-1.432,neutral,174.3534,0.3277,0.6454
GOOGL,GOOGL-168,2025-07-14T13:00:00-04:00,2025-07-14T18:00:00-04:00,5,181.18,181.53,4.6265,180.4617,179.7315,46.607,1.762,9.548,neutral_up,174.8808,0.5274,1.1145
GOOGL,GOOGL-169,2025-07-14T19:00:00-04:00,2025-07-15T04:00:00-04:00,1,181.23,182.0,4.6265,181.2134,180.5021,38.308,-9.54,-14.066,neutral_up,174.8808,0.5274,1.1145
GOOGL,GOOGL-170,2025-07-15T11:00:00-04:00,2025-07-15T13:00:00-04:00,2,183.495,183.765,4.581,182.3716,181.5439,58.814,9.454,7.691,neutral_up,175.4917,0.6108,1.4659
GOOGL,GOOGL-171,2025-07-15T15:00:00-04:00,2025-07-18T04:00:00-04:00,37,181.96,184.15,4.581,182.6861,181.9944,26.621,-27.751,-24.426,neutral_up,175.4917,0.6108,1.4659
GOOGL,GOOGL-172,2025-07-18T14:00:00-04:00,2025-07-21T04:00:00-04:00,6,184.6216,186.5,4.2419,184.7072,184.1732,26.937,-10.21,-18.514,neutral_up,177.3319,0.6308,1.8402
GOOGL,GOOGL-173,2025-07-22T13:00:00-04:00,2025-07-23T04:00:00-04:00,7,190.7,191.8,4.2166,190.2603,189.5811,28.407,6.204,1.809,neutral_up,179.136,1.1034,2.4349
GOOGL,GOOGL-174,2025-07-23T08:00:00-04:00,2025-07-24T05:00:00-04:00,13,190.81,196.76,4.2143,191.2835,190.7774,16.084,-14.848,-33.781,neutral,180.2464,1.1104,2.9145
GOOGL,GOOGL-175,2025-07-25T12:00:00-04:00,2025-07-28T17:00:00-04:00,21,193.26,192.41,4.3988,193.0008,192.9214,8.054,0.078,2.746,neutral,182.1663,1.0014,3.0302
GOOGL,GOOGL-176,2025-07-29T09:00:00-04:00,2025-07-29T12:00:00-04:00,3,192.61,195.53,4.2258,192.338,192.4881,-5.984,10.839,4.792,neutral,184.0205,0.853,2.8556
GOOGL,GOOGL-177,2025-07-30T14:00:00-04:00,2025-07-31T12:00:00-04:00,14,196.125,192.875,4.1982,196.1762,195.388,45.524,-18.766,-16.491,neutral_up,185.0854,1.065,2.9192
GOOGL,GOOGL-178,2025-08-04T04:00:00-04:00,2025-08-04T09:00:00-04:00,5,190.6,194.2425,4.2026,189.1307,189.6939,-4.128,27.488,20.2,neutral,186.8829,0.2202,1.7975
GOOGL,GOOGL-179,2025-08-05T13:00:00-04:00,2025-08-06T18:00:00-04:00,21,195.46,195.9,4.3442,195.2144,194.3663,31.394,0.81,-24.005,neutral_up,187.6244,0.7416,1.4895
GOOGL,GOOGL-180,2025-08-07T09:00:00-04:00,2025-08-08T09:00:00-04:00,16,196.38,200.26,4.2208,196.7597,196.1615,29.29,-21.936,-29.895,neutral_up,188.9763,0.7114,2.0934
GOOGL,GOOGL-181,2025-08-11T12:00:00-04:00,2025-08-12T13:00:00-04:00,17,201.0,203.67,4.2844,200.8455,200.347,19.751,1.847,12.034,neutral,190.7361,1.0704,2.4712
GOOGL,GOOGL-182,2025-08-13T12:00:00-04:00,2025-08-13T19:00:00-04:00,7,202.345,201.8,4.133,203.1795,202.9463,-8.194,-14.131,-31.077,neutral,192.731,1.0609,3.0653
GOOGL,GOOGL-183,2025-08-14T09:00:00-04:00,2025-08-14T18:00:00-04:00,9,202.09,202.89,4.3392,201.8444,202.1231,-14.345,13.314,-0.418,neutral,193.5655,0.8345,2.8293
GOOGL,GOOGL-184,2025-08-15T08:00:00-04:00,2025-08-15T12:00:00-04:00,4,204.45,206.03,4.2589,203.5092,203.1154,38.191,10.673,19.911,neutral_up,194.4095,0.844,2.7394
GOOGL,GOOGL-185,2025-08-15T13:00:00-04:00,2025-08-19T11:00:00-04:00,30,205.56,200.62,4.2589,204.7022,203.9091,47.889,-2.153,-2.218,neutral_up,194.4095,0.844,2.7394
GOOGL,GOOGL-186,2025-08-20T13:00:00-04:00,2025-08-20T14:00:00-04:00,1,200.07,199.42,4.1604,199.5428,200.4149,-30.418,21.179,60.433,neutral_down,196.5254,0.5115,2.1158
GOOGL,GOOGL-187,2025-08-21T09:00:00-04:00,2025-08-22T05:00:00-04:00,12,200.54,201.99,4.2236,199.2678,199.5928,-4.025,33.352,21.446,neutral,196.7767,0.2513,1.5044
GOOGL,GOOGL-188,2025-08-26T18:00:00-04:00,2025-08-27T05:00:00-04:00,3,207.1456,206.58,4.536,207.1621,207.2085,-1.635,-0.907,6.91,neutral,198.8382,0.9672,2.0615
GOOGL,GOOGL-189,2025-08-27T07:00:00-04:00,2025-08-28T10:00:00-04:00,19,206.93,210.79,4.4128,206.8947,207.0429,-12.728,7.197,0.537,neutral,199.5956,0.7574,2.5495
GOOGL,GOOGL-190,2025-08-29T12:00:00-04:00,2025-08-29T17:00:00-04:00,5,212.161,212.95,4.4011,211.0748,210.495,35.855,10.551,24.459,neutral_up,201.3372,1.0303,2.499
GOOGL,GOOGL-191,2025-09-04T09:00:00-04:00,2025-09-04T18:00:00-04:00,9,227.29,232.2,5.6794,229.0345,227.4618,10.989,-13.29,-22.736,neutral,205.7045,2.4926,4.3673
GOOGL,GOOGL-192,2025-09-05T18:00:00-04:00,2025-09-05T19:00:00-04:00,1,234.77,234.7,5.7209,234.2032,232.8662,47.402,-2.116,-1.593,neutral_up,208.1222,2.4178,5.7211
GOOGL,GOOGL-193,2025-09-08T11:00:00-04:00,2025-09-09T05:00:00-04:00,10,236.04,233.5,5.5879,235.7082,234.5813,40.14,-4.938,-19.171,neutral_up,210.572,2.4498,7.3601
GOOGL,GOOGL-194,2025-09-09T06:00:00-04:00,2025-09-09T07:00:00-04:00,1,234.31,234.24,5.5074,234.2268,234.2788,-7.768,8.802,-5.427,neutral,212.7091,2.1371,7.0047
GOOGL,GOOGL-195,2025-09-09T08:00:00-04:00,2025-09-09T12:00:00-04:00,4,234.17,237.235,5.5074,234.2176,234.2657,-3.86,0.639,12.71,neutral,212.7091,2.1371,7.0047
GOOGL,GOOGL-196,2025-09-10T15:00:00-04:00,2025-09-15T05:00:00-04:00,38,239.12,243.99,5.6312,239.8805,239.1387,12.37,-12.85,-48.985,neutral,215.1574,2.4483,7.0351
GOOGL,GOOGL-197,2025-09-17T09:00:00-04:00,2025-09-17T12:00:00-04:00,3,250.86,248.1,5.7124,251.5886,251.2236,4.033,-13.71,-26.313,neutral,226.5788,2.4621,7.1508
GOOGL,GOOGL-198,2025-09-19T04:00:00-04:00,2025-09-19T14:00:00-04:00,10,252.32,254.9245,5.5972,252.2113,251.7518,23.514,-7.558,-0.131,neutral,230.7944,2.1296,6.6777
GOOGL,GOOGL-199,2025-09-19T15:00:00-04:00,2025-09-19T18:00:00-04:00,3,254.64,254.9725,5.5972,253.7676,252.9589,46.012,-2.08,18.731,neutral_up,230.7944,2.1296,6.6777
GOOGL,GOOGL-200,2025-09-22T04:00:00-04:00,2025-09-22T05:00:00-04:00,1,253.6,253.66,5.4967,254.3652,253.6301,24.74,-25.63,-23.214,neutral_up,232.9622,2.1678,6.3834
GOOGL,GOOGL-201,2025-09-22T08:00:00-04:00,2025-09-24T11:00:00-04:00,35,253.25,247.96,5.4967,253.8333,253.584,-4.689,-5.867,-17.48,neutral,232.9622,2.1678,6.3834
GOOGL,GOOGL-202,2025-09-25T14:00:00-04:00,2025-09-26T05:00:00-04:00,7,246.06,246.82,5.418,245.2686,246.4756,-24.389,16.717,14.625,neutral_down,237.264,0.9822,4.3018
GOOGL,GOOGL-203,2025-09-26T08:00:00-04:00,2025-09-29T15:00:00-04:00,23,247.93,244.04,5.4843,247.0399,246.96,9.213,9.839,7.606,neutral,238.0391,0.7751,3.2971
GOOGL,GOOGL-204,2025-10-01T04:00:00-04:00,2025-10-01T05:00:00-04:00,1,241.06,241.42,5.5128,242.2109,243.0055,-34.715,-17.216,-17.049,neutral_down,239.6329,0.3457,1.5938
GOOGL,GOOGL-205,2025-10-01T08:00:00-04:00,2025-10-01T15:00:00-04:00,7,240.98,244.85,5.5128,241.6547,242.4599,-37.159,-1.923,-0.034,neutral_down,239.6329,0.3457,1.5938
GOOGL,GOOGL-206,2025-10-02T12:00:00-04:00,2025-10-06T15:00:00-04:00,35,243.405,250.43,5.6683,244.3509,244.0645,-2.647,-10.989,-38.53,neutral,240.1072,0.4743,1.2953
GOOGL,GOOGL-207,2025-10-08T13:00:00-04:00,2025-10-09T11:00:00-04:00,14,244.43,241.2715,5.5567,244.872,245.665,-37.921,2.428,6.105,neutral_down,242.2631,0.3557,1.6474
GOOGL,GOOGL-208,2025-10-10T11:00:00-04:00,2025-10-10T12:00:00-04:00,1,238.89,237.31,5.3369,241.3581,241.9846,-35.67,-34.18,-13.861,neutral_down,242.3887,-0.0859,0.4814
GOOGL,GOOGL-209,2025-10-10T13:00:00-04:00,2025-10-10T15:00:00-04:00,2,238.9125,236.59,5.3369,240.2213,241.319,-57.793,6.763,-56.302,neutral_down,242.3887,-0.0859,0.4814
GOOGL,GOOGL-210,2025-10-14T08:00:00-04:00,2025-10-14T11:00:00-04:00,3,240.13,246.87,5.7139,241.47,241.4654,-20.886,-3.078,-31.015,neutral,242.0678,0.2062,-0.4068
GOOGL,GOOGL-211,2025-10-16T13:00:00-04:00,2025-10-17T04:00:00-04:00,7,252.04,246.43,5.8423,252.7249,251.2322,27.601,-13.9,-48.672,neutral_up,243.165,0.7915,1.3034
GOOGL,GOOGL-212,2025-10-17T08:00:00-04:00,2025-10-17T17:00:00-04:00,9,251.45,253.67,5.9149,250.0667,250.3543,-0.106,16.518,46.422,neutral,243.9127,0.7477,1.8449
GOOGL,GOOGL-213,2025-10-21T08:00:00-04:00,2025-10-21T10:00:00-04:00,2,255.77,252.62,5.8117,255.9256,255.4006,12.94,-1.895,-3.998,neutral,245.8417,1.0738,2.6768
GOOGL,GOOGL-214,2025-10-22T10:00:00-04:00,2025-10-22T13:00:00-04:00,3,253.8324,250.39,6.2844,254.4302,254.1423,3.905,-7.97,-13.085,neutral,246.2588,0.4171,2.3462
GOOGL,GOOGL-215,2025-10-22T16:00:00-04:00,2025-10-22T18:00:00-04:00,2,251.8799,252.43,6.2844,252.2576,252.97,-19.243,3.511,10.812,neutral,246.2588,0.4171,2.3462
GOOGL,GOOGL-216,2025-10-23T05:00:00-04:00,2025-10-24T06:00:00-04:00,17,252.6,256.63,6.3406,252.4133,252.763,-2.44,-0.392,9.927,neutral,246.7508,0.4919,1.9829
GOOGL,GOOGL-217,2025-10-24T08:00:00-04:00,2025-10-24T09:00:00-04:00,1,255.8,259.96,6.1284,255.6416,254.7502,33.197,-9.175,-13.783,neutral_up,247.3234,0.5727,1.4817
GOOGL,GOOGL-218,2025-10-29T08:00:00-04:00,2025-10-29T12:00:00-04:00,4,267.61,271.645,6.4189,268.2634,267.9939,3.64,-13.072,-20.026,neutral,251.9162,1.5574,4.5927
GOOGL,GOOGL-219,2025-10-31T13:00:00-04:00,2025-11-04T07:00:00-05:00,26,281.035,278.3,7.2415,281.7381,282.8191,-23.508,5.594,2.497,neutral,256.5099,2.497,6.1511
GOOGL,GOOGL-220,2025-11-04T09:00:00-05:00,2025-11-04T10:00:00-05:00,1,280.12,278.71,7.2482,279.7376,280.9328,-33.818,22.5,13.49,neutral_down,261.0394,2.2841,7.0265
GOOGL,GOOGL-221,2025-11-05T05:00:00-05:00,2025-11-05T12:00:00-05:00,7,276.49,282.82,7.2747,277.2419,278.4633,-28.706,-0.108,-3.749,neutral_down,262.5431,1.5037,6.0332
GOOGL,GOOGL-222,2025-11-06T11:00:00-05:00,2025-11-07T10:00:00-05:00,15,283.595,276.14,7.4033,284.5646,283.729,0.671,-2.426,-60.439,neutral,264.5201,1.977,5.7647
GOOGL,GOOGL-223,2025-11-11T11:00:00-05:00,2025-11-12T04:00:00-05:00,9,288.785,294.0,7.8549,289.1278,288.1154,19.514,-7.237,-2.831,neutral,269.5563,2.0544,5.0362
GOOGL,GOOGL-224,2025-11-14T12:00:00-05:00,2025-11-14T18:00:00-05:00,6,277.25,285.5,7.8029,276.5451,278.2752,-16.535,4.696,43.759,neutral,273.4371,0.5183,3.8808
GOOGL,GOOGL-225,2025-11-18T05:00:00-05:00,2025-11-19T07:00:00-05:00,18,286.61,289.0,8.5026,285.9862,285.3404,12.866,2.031,11.065,neutral,274.749,1.0371,1.8302
GOOGL,GOOGL-226,2025-11-19T08:00:00-05:00,2025-11-19T09:00:00-05:00,1,288.0,300.5066,8.6524,287.2008,286.2654,25.16,-5.853,2.43,neutral_up,275.6173,0.8683,2.1802
GOOGL,GOOGL-227,2025-11-20T12:00:00-05:00,2025-11-20T15:00:00-05:00,3,293.87,289.59,9.4279,298.4218,296.6436,0.185,-21.86,-63.422,neutral,277.1793,1.5621,3.4674
GOOGL,GOOGL-228,2025-11-26T09:00:00-05:00,2025-11-26T10:00:00-05:00,1,320.795,317.915,11.0149,324.4176,323.6779,-10.725,-13.262,-56.986,neutral,287.328,3.6062,9.0204
GOOGL,GOOGL-229,2025-11-26T13:00:00-05:00,2025-11-26T14:00:00-05:00,1,318.82,319.09,11.0149,321.0219,322.0823,-31.443,0.761,-4.287,neutral_down,287.328,3.6062,9.0204
GOOGL,GOOGL-230,2025-11-28T10:00:00-05:00,2025-12-01T13:00:00-05:00,14,318.85,317.75,10.7788,321.1456,321.5367,-19.747,-11.321,-33.616,neutral,290.2991,2.9711,10.0431
GOOGL,GOOGL-231,2025-12-01T14:00:00-05:00,2025-12-03T13:00:00-05:00,31,316.0,321.18,10.7275,317.5402,318.6443,-25.815,-8.773,-4.834,neutral_down,293.0155,2.7164,9.2937
GOOGL,GOOGL-232,2025-12-04T09:00:00-05:00,2025-12-04T10:00:00-05:00,1,316.0705,316.2301,9.8072,319.8025,319.3361,-7.216,-45.681,-45.748,neutral,298.9616,2.0558,5.946
GOOGL,GOOGL-233,2025-12-04T12:00:00-05:00,2025-12-04T15:00:00-05:00,3,317.66,317.58,9.8072,318.4195,318.7321,-23.986,6.549,-16.77,neutral_down,298.9616,2.0558,5.946
GOOGL,GOOGL-234,2025-12-05T12:00:00-05:00,2025-12-05T14:00:00-05:00,2,320.6892,320.55,9.6538,319.9946,319.2715,31.959,-5.824,-5.791,neutral_up,300.6542,1.6926,5.6319
GOOGL,GOOGL-235,2025-12-05T16:00:00-05:00,2025-12-05T18:00:00-05:00,2,319.99,320.5,9.6538,320.2883,319.6606,17.145,-10.57,-6.901,neutral,300.6542,1.6926,5.6319
GOOGL,GOOGL-236,2025-12-05T19:00:00-05:00,2025-12-08T12:00:00-05:00,9,320.5,312.4101,9.6538,320.3458,319.8425,14.266,0.188,-2.879,neutral,300.6542,1.6926,5.6319
GOOGL,GOOGL-237,2025-12-10T12:00:00-05:00,2025-12-11T05:00:00-05:00,9,317.23,317.64,9.1742,316.7985,316.3846,18.12,-1.067,9.055,neutral,304.7718,1.2278,4.1177
GOOGL,GOOGL-238,2025-12-11T08:00:00-05:00,2025-12-11T14:00:00-05:00,6,319.151,312.66,8.9925,318.8515,318.1755,19.878,-2.683,15.345,neutral,306.1708,1.3989,3.6433
GOOGL,GOOGL-239,2025-12-12T13:00:00-05:00,2025-12-12T14:00:00-05:00,1,309.28,309.72,9.2444,310.6983,312.5685,-50.497,3.584,4.408,neutral_down,306.7461,0.5754,3.2021
GOOGL,GOOGL-240,2025-12-15T13:00:00-05:00,2025-12-15T18:00:00-05:00,5,307.78,307.4121,9.2491,308.2977,309.5917,-42.116,11.923,-8.317,neutral_down,306.971,0.2249,2.1992
GOOGL,GOOGL-241,2025-12-16T04:00:00-05:00,2025-12-16T05:00:00-05:00,1,307.85,308.72,9.0556,307.7654,308.6611,-24.574,8.162,1.158,neutral_down,307.0882,0.1172,0.9175
GOOGL,GOOGL-242,2025-12-16T08:00:00-05:00,2025-12-17T10:00:00-05:00,18,306.88,297.635,9.0556,307.8503,308.4505,-18.274,-11.346,-6.538,neutral,307.0882,0.1172,0.9175
GOOGL,GOOGL-243,2025-12-19T08:00:00-05:00,2025-12-19T17:00:00-05:00,9,302.89,307.601,9.0689,302.7498,302.2419,15.496,-2.285,-12.138,neutral,305.7455,-0.3346,-1.3427
GOOGL,GOOGL-244,2025-12-22T19:00:00-05:00,2025-12-23T10:00:00-05:00,7,310.09,313.5101,8.8697,309.494,308.3505,46.345,1.521,2.873,neutral_up,305.875,0.1295,-1.1461
GOOGL,GOOGL-245,2025-12-24T13:00:00-05:00,2025-12-29T05:00:00-05:00,19,314.09,311.8,8.3696,314.1909,313.6387,12.583,1.5,3.516,neutral,306.9638,0.7346,1.2182
GOOGL,GOOGL-246,2025-12-29T10:00:00-05:00,2025-12-30T06:00:00-05:00,12,312.6,313.8,7.627,312.2986,312.8192,-24.182,17.927,29.059,neutral_down,308.1514,0.5399,1.9223
GOOGL,GOOGL-247,2025-12-30T08:00:00-05:00,2026-01-02T05:00:00-05:00,29,313.0,317.26,7.325,313.2524,313.141,3.197,-8.551,-14.527,neutral,308.6422,0.4908,1.6785
GOOGL,GOOGL-248,2026-01-02T10:00:00-05:00,2026-01-02T11:00:00-05:00,1,313.045,311.704,6.8381,315.6802,314.8685,23.469,-52.896,-41.206,neutral,309.4696,0.353,1.3182
GOOGL,GOOGL-249,2026-01-02T12:00:00-05:00,2026-01-02T13:00:00-05:00,1,313.55,313.7705,6.8381,314.6179,314.4871,-12.709,-1.813,-89.073,neutral,309.4696,0.353,1.3182
GOOGL,GOOGL-250,2026-01-02T14:00:00-05:00,2026-01-02T15:00:00-05:00,1,314.56,315.12,6.8381,314.4708,314.4345,-4.763,6.749,6.133,neutral,309.4696,0.353,1.3182
GOOGL,GOOGL-251,2026-01-05T11:00:00-05:00,2026-01-05T13:00:00-05:00,2,315.275,316.6,7.2189,315.813,315.3806,12.732,-14.914,-3.631,neutral,309.9833,0.5137,1.3411
GOOGL,GOOGL-252,2026-01-05T14:00:00-05:00,2026-01-06T16:00:00-05:00,18,315.96,314.65,7.2189,316.0102,315.5911,12.85,-4.974,0.118,neutral,309.9833,0.5137,1.3411
GOOGL,GOOGL-253,2026-01-08T13:00:00-05:00,2026-01-09T06:00:00-05:00,9,325.73,328.36,7.5118,325.4831,323.277,39.249,-9.432,-14.201,neutral_up,311.9424,1.0088,1.9591
GOOGL,GOOGL-254,2026-01-09T07:00:00-05:00,2026-01-09T18:00:00-05:00,11,327.95,328.77,7.6052,326.9805,325.4218,45.434,-3.167,13.164,neutral_up,313.1658,1.2234,2.5728
GOOGL,GOOGL-255,2026-01-09T19:00:00-05:00,2026-01-12T16:00:00-05:00,13,329.2,332.17,7.6052,328.8783,327.9034,22.397,2.549,-0.922,neutral,313.1658,1.2234,2.5728
GOOGL,GOOGL-256,2026-01-14T07:00:00-05:00,2026-01-15T05:00:00-05:00,14,335.03,337.49,7.6396,336.0088,335.287,0.329,-4.813,-35.606,neutral,317.9372,1.8063,4.7714
GOOGL,GOOGL-257,2026-01-15T09:00:00-05:00,2026-01-15T10:00:00-05:00,1,333.77,332.15,7.5253,336.1968,335.6986,2.209,-34.863,-36.224,neutral,319.562,1.6248,5.004
GOOGL,GOOGL-258,2026-01-16T13:00:00-05:00,2026-01-16T14:00:00-05:00,1,328.71,329.66,7.4842,330.7791,332.2703,-62.504,1.353,-19.035,accumulation,320.76,1.198,4.6291
GOOGL,GOOGL-259,2026-01-21T09:00:00-05:00,2026-01-21T10:00:00-05:00,1,325.38,330.21,7.5964,321.3353,322.667,-6.933,40.375,42.605,neutral,321.6374,0.0393,2.0754
GOOGL,GOOGL-260,2026-01-22T14:00:00-05:00,2026-01-26T04:00:00-05:00,22,331.2297,326.12,7.9915,331.6165,330.2791,15.971,-2.78,-9.939,neutral,322.2531,0.6157,1.4931
GOOGL,GOOGL-261,2026-01-27T14:00:00-05:00,2026-01-27T17:00:00-05:00,3,335.24,334.6101,7.8588,335.6886,334.6194,17.245,-4.627,-25.323,neutral,324.3417,0.8918,2.0886
GOOGL,GOOGL-262,2026-01-28T04:00:00-05:00,2026-01-28T05:00:00-05:00,1,336.66,336.56,7.6296,335.5045,334.9128,26.391,14.352,23.033,neutral_up,325.2743,0.9326,2.2714
GOOGL,GOOGL-263,2026-01-28T06:00:00-05:00,2026-01-28T18:00:00-05:00,12,336.84,341.55,7.6296,335.9405,335.2241,36.454,4.958,24.415,neutral_up,325.2743,0.9326,2.2714
GOOGL,GOOGL-264,2026-01-30T12:00:00-05:00,2026-02-02T13:00:00-05:00,17,337.46,343.54,8.0747,336.4477,336.2814,11.242,0.65,12.856,neutral,327.3364,1.0744,2.9947
GOOGL,GOOGL-265,2026-02-04T16:00:00-05:00,2026-02-05T05:00:00-05:00,5,341.3,325.4,8.3736,336.2472,338.2461,-20.309,37.712,56.471,neutral,330.6431,0.9097,3.3067
GOOGL,GOOGL-266,2026-02-05T13:00:00-05:00,2026-02-05T15:00:00-05:00,2,325.35,331.24,8.8319,323.0082,327.1367,-18.222,9.862,32.59,neutral,330.8655,0.2224,2.5388
GOOGL,GOOGL-267,2026-02-05T16:00:00-05:00,2026-02-10T10:00:00-05:00,42,327.15,317.4,8.8319,325.8899,327.599,1.914,-4.035,20.137,neutral,330.8655,0.2224,2.5388
GOOGL,GOOGL-268,2026-02-12T13:00:00-05:00,2026-02-13T06:00:00-05:00,9,311.58,307.8,10.2468,312.1329,313.1411,-20.279,-2.689,26.096,neutral,326.9874,-1.6287,-3.1867
GOOGL,GOOGL-269,2026-02-13T08:00:00-05:00,2026-02-13T10:00:00-05:00,2,308.68,305.895,10.1606,308.7225,310.1683,-34.297,10.726,8.689,neutral_down,325.3604,-1.627,-4.2634
GOOGL,GOOGL-270,2026-02-13T13:00:00-05:00,2026-02-13T14:00:00-05:00,1,307.43,306.72,10.1606,307.2832,308.7794,-29.879,10.233,15.981,neutral_down,325.3604,-1.627,-4.2634
GOOGL,GOOGL-271,2026-02-13T16:00:00-05:00,2026-02-17T06:00:00-05:00,6,305.77,302.17,10.1606,306.6616,308.0999,-35.021,-1.225,-5.142,neutral_down,325.3604,-1.627,-4.2634
GOOGL,GOOGL-272,2026-02-18T06:00:00-05:00,2026-02-20T07:00:00-05:00,33,303.64,306.58,9.7957,302.4497,302.8477,9.202,4.099,41.454,neutral,321.6179,-1.9588,-5.3695
GOOGL,GOOGL-273,2026-02-20T08:00:00-05:00,2026-02-20T10:00:00-05:00,2,306.0,314.93,9.108,305.7341,304.6919,30.821,-9.34,-20.141,neutral_up,318.3955,-1.5535,-5.1812
GOOGL,GOOGL-274,2026-02-23T13:00:00-05:00,2026-02-23T19:00:00-05:00,6,312.895,312.3702,9.4317,314.2115,313.3571,0.109,-6.847,-18.853,neutral,318.0895,-0.306,-3.5284
GOOGL,GOOGL-275,2026-02-24T10:00:00-05:00,2026-02-26T10:00:00-05:00,32,309.77,304.57,9.4473,311.1578,311.945,-35.9,2.594,-24.26,neutral_down,317.4959,-0.5936,-2.4531
GOOGL,GOOGL-276,2026-02-27T09:00:00-05:00,2026-03-02T08:00:00-05:00,15,308.02,303.0,9.0042,307.0309,307.8303,-13.071,15.646,9.28,neutral,315.7169,-0.8302,-1.7791
GOOGL,GOOGL-277,2026-03-02T09:00:00-05:00,2026-03-02T10:00:00-05:00,1,304.65,305.205,8.9732,305.2214,306.479,-34.986,11.684,1.222,neutral_down,315.3508,-0.3661,-1.551
GOOGL,GOOGL-278,2026-03-02T11:00:00-05:00,2026-03-02T12:00:00-05:00,1,307.83,308.33,8.9732,305.7405,306.4965,-4.126,20.89,42.544,neutral,315.3508,-0.3661,-1.551
GOOGL,GOOGL-279,2026-03-02T15:00:00-05:00,2026-03-02T16:00:00-05:00,1,306.26,306.05,8.9732,306.3849,306.6254,-0.33,-4.567,-9.189,neutral,315.3508,-0.3661,-1.551
GOOGL,GOOGL-280,2026-03-04T08:00:00-05:00,2026-03-05T18:00:00-05:00,26,304.1765,300.88,9.1083,302.7518,302.5186,13.252,8.531,4.004,neutral,313.5258,-0.9986,-2.1911
GOOGL,GOOGL-281,2026-03-06T09:00:00-05:00,2026-03-09T05:00:00-04:00,12,298.48,294.01,8.546,298.4519,299.7795,-39.3,20.802,-1.682,neutral_down,311.5006,-1.0701,-3.0237
GOOGL,GOOGL-282,2026-03-09T08:00:00-04:00,2026-03-09T11:00:00-04:00,3,294.4,299.85,8.337,295.2088,296.9145,-46.981,10.395,12.159,neutral_down,310.3169,-1.1837,-3.2088
GOOGL,GOOGL-283,2026-03-10T17:00:00-04:00,2026-03-12T11:00:00-04:00,26,307.75,303.15,8.65,307.4393,305.8017,33.865,-1.091,-8.749,neutral_up,309.9554,-0.3615,-2.6153
GOOGL,GOOGL-284,2026-03-13T06:00:00-04:00,2026-03-13T18:00:00-04:00,12,305.69,301.9113,8.0981,304.4902,304.9625,-2.311,16.286,16.349,neutral,309.0457,-0.5556,-0.9097
GOOGL,GOOGL-285,2026-03-16T12:00:00-04:00,2026-03-16T16:00:00-04:00,4,304.46,304.87,8.0376,303.6938,303.5218,13.808,3.209,-7.068,neutral,308.4261,-0.6196,-1.2643
GOOGL,GOOGL-286,2026-03-16T18:00:00-04:00,2026-03-16T19:00:00-04:00,1,304.41,304.5401,8.0376,304.5909,304.1566,12.05,-6.256,-17.001,neutral,308.4261,-0.6196,-1.2643
GOOGL,GOOGL-287,2026-03-17T05:00:00-04:00,2026-03-17T13:00:00-04:00,8,304.1,308.68,7.7676,304.3437,304.1425,-0.704,-0.37,-12.754,neutral,308.1673,-0.2587,-1.4339
GOOGL,GOOGL-288,2026-03-18T14:00:00-04:00,2026-03-18T17:00:00-04:00,3,307.755,307.83,7.6357,309.6474,309.2502,-11.613,-17.763,-36.987,neutral,308.4148,0.2475,-0.6308
GOOGL,GOOGL-289,2026-03-19T12:00:00-04:00,2026-03-19T13:00:00-04:00,1,306.28,305.78,7.4858,306.0291,306.9538,-23.422,11.493,18.302,neutral,308.3526,-0.0623,-0.0735
GOOGL,GOOGL-290,2026-03-19T14:00:00-04:00,2026-03-20T11:00:00-04:00,13,306.39,302.01,7.4858,306.0614,306.8056,-14.505,6.893,20.409,neutral,308.3526,-0.0623,-0.0735
GOOGL,GOOGL-291,2026-03-23T08:00:00-04:00,2026-03-23T18:00:00-04:00,10,305.5,302.0,7.4626,300.8886,301.8636,-1.826,34.181,70.3,neutral,307.5763,-0.6606,-0.8386
GOOGL,GOOGL-292,2026-03-24T09:00:00-04:00,2026-03-24T11:00:00-04:00,2,297.67,295.61,7.2903,300.6437,301.4203,-34.511,-17.16,-28.805,neutral_down,307.0712,-0.5051,-1.2814
GOOGL,GOOGL-293,2026-03-25T13:00:00-04:00,2026-03-26T04:00:00-04:00,7,291.03,288.5,7.6046,292.0323,293.8065,-46.503,2.694,-0.638,neutral_down,305.5565,-1.5147,-2.6804
GOOGL,GOOGL-294,2026-03-30T09:00:00-04:00,2026-03-31T09:00:00-04:00,16,273.87,279.94,7.8273,274.8883,276.4577,-33.543,-9.733,6.948,neutral_down,299.5737,-2.5344,-5.9828
GOOGL,GOOGL-295,2026-04-06T13:00:00-04:00,2026-04-06T16:00:00-04:00,3,298.98,299.89,8.4788,297.8523,296.5806,43.294,1.172,9.845,neutral_up,296.3753,-0.0555,-0.8272
GOOGL,GOOGL-296,2026-04-07T07:00:00-04:00,2026-04-07T17:00:00-04:00,10,300.09,307.8,8.2617,300.4288,299.0778,30.141,-12.891,-28.671,neutral_up,296.7074,0.3322,0.3815
GOOGL,GOOGL-297,2026-04-09T06:00:00-04:00,2026-04-09T18:00:00-04:00,12,315.72,317.92,8.8361,316.3304,314.7754,19.176,-2.8,-22.245,neutral,299.2975,1.7953,2.9222
GOOGL,GOOGL-298,2026-04-10T14:00:00-04:00,2026-04-13T05:00:00-04:00,7,316.89,313.97,8.8107,317.7469,317.5627,-11.191,-3.15,-24.87,neutral,301.0386,1.7411,4.3312
GOOGL,GOOGL-299,2026-04-15T15:00:00-04:00,2026-04-15T16:00:00-04:00,1,337.15,336.4,8.6615,334.7998,332.3434,94.959,2.563,26.583,distribution,306.827,2.6103,5.7884
GOOGL,GOOGL-300,2026-04-16T13:00:00-04:00,2026-04-17T14:00:00-04:00,17,335.0501,341.61,8.5129,336.5729,335.6139,13.305,-24.556,-23.45,neutral,309.5836,2.7566,7.0713
GOOGL,GOOGL-301,2026-04-20T11:00:00-04:00,2026-04-20T17:00:00-04:00,6,338.26,337.79,8.1478,339.0606,338.8529,-4.896,-6.526,-13.131,neutral,314.6775,2.6933,7.8505
GOOGL,GOOGL-302,2026-04-20T19:00:00-04:00,2026-04-21T13:00:00-04:00,10,338.01,333.07,8.1478,338.1439,338.3912,-10.361,1.037,9.87,neutral,314.6775,2.6933,7.8505
GOOGL,GOOGL-303,2026-04-23T06:00:00-04:00,2026-04-24T15:00:00-04:00,25,337.3,344.29,7.9001,337.4529,337.1649,0.952,2.011,-27.219,neutral,320.0804,1.929,5.403
GOOGL,GOOGL-304,2026-04-28T11:00:00-04:00,2026-04-29T16:00:00-04:00,21,349.2,369.65,8.083,349.5564,348.9469,7.412,-3.706,20.061,neutral,326.2535,2.4086,6.1731
GOOGL,GOOGL-305,2026-05-01T15:00:00-04:00,2026-05-05T16:00:00-04:00,33,385.69,394.1653,10.1884,384.5016,381.7075,32.662,4.508,-4.53,neutral_up,335.3362,4.9764,9.0827
GOOGL,GOOGL-306,2026-05-06T19:00:00-04:00,2026-05-07T07:00:00-04:00,4,397.32,402.22,9.82,396.9479,395.0135,29.334,-0.458,-11.162,neutral_up,347.9033,4.0507,12.567
GOOGL,GOOGL-307,2026-05-07T09:00:00-04:00,2026-05-07T11:00:00-04:00,2,397.41,395.145,9.9357,399.6992,397.5856,29.078,-31.202,-36.258,neutral_up,352.4384,4.5352,12.5246
GOOGL,GOOGL-308,2026-05-07T12:00:00-04:00,2026-05-07T18:00:00-04:00,6,394.7677,395.82,9.9357,397.6374,397.083,-18.485,-10.549,-47.563,neutral,352.4384,4.5352,12.5246
GOOGL,GOOGL-309,2026-05-08T04:00:00-04:00,2026-05-08T05:00:00-04:00,1,399.5,398.85,9.756,397.2389,397.0317,13.338,18.555,26.383,neutral,356.5786,4.1401,12.726
GOOGL,GOOGL-310,2026-05-08T09:00:00-04:00,2026-05-11T12:00:00-04:00,19,399.465,393.62,9.756,398.0864,397.5822,16.167,9.56,-2.779,neutral,356.5786,4.1401,12.726
GOOGL,GOOGL-311,2026-05-12T17:00:00-04:00,2026-05-13T10:00:00-04:00,9,389.6,396.77,9.6676,387.0487,388.3555,-4.241,20.688,49.971,neutral,363.1496,2.55,10.7112
GOOGL,GOOGL-312,2026-05-14T14:00:00-04:00,2026-05-15T05:00:00-04:00,7,400.4678,394.5,10.0615,400.7483,399.3973,20.873,-7.662,0.16,neutral,368.7505,3.389,8.1508
GOOGL,GOOGL-313,2026-05-18T04:00:00-04:00,2026-05-18T11:00:00-04:00,7,395.81,401.47,9.71,396.1017,396.7751,-16.478,3.048,-5.625,neutral,373.9759,2.2864,8.6144
GOOGL,GOOGL-314,2026-05-18T14:00:00-04:00,2026-05-18T16:00:00-04:00,2,396.86,397.35,9.71,399.5855,398.5919,7.697,-25.349,-36.866,neutral,373.9759,2.2864,8.6144
GOOGL,GOOGL-315,2026-05-20T13:00:00-04:00,2026-05-22T16:00:00-04:00,35,386.03,383.3,10.0949,386.6952,388.8313,-37.421,5.828,6.39,neutral_down,377.1275,1.0612,5.438
GOOGL,GOOGL-316,2026-05-26T10:00:00-04:00,2026-05-26T17:00:00-04:00,7,388.05,388.6,9.8841,385.5369,385.723,18.853,19.007,43.132,neutral,379.414,0.3586,2.2865
GOOGL,GOOGL-317,2026-05-27T08:00:00-04:00,2026-05-27T11:00:00-04:00,3,387.2522,391.32,9.6538,387.4885,387.1274,1.734,0.702,-24.813,neutral,380.2791,0.8651,2.0832
GOOGL,GOOGL-318,2026-05-27T12:00:00-04:00,2026-05-29T11:00:00-04:00,31,391.86,382.4,9.6538,389.7529,388.4355,49.646,3.018,24.355,neutral_up,380.2791,0.8651,2.0832
GOOGL,GOOGL-319,2026-06-01T16:00:00-04:00,2026-06-01T17:00:00-04:00,1,371.02,369.3,9.503,375.7874,378.275,-58.703,-18.915,-1.152,neutral_down,381.7505,-0.137,1.4714
GOOGL,GOOGL-320,2026-06-03T09:00:00-04:00,2026-06-03T11:00:00-04:00,2,364.185,359.64,9.9325,361.6151,364.4395,-34.593,32.301,17.062,neutral_down,379.4991,-1.7659,-2.3884
GOOGL,GOOGL-321,2026-06-03T15:00:00-04:00,2026-06-04T11:00:00-04:00,12,359.33,369.83,9.9325,360.642,362.6749,-28.244,-3.94,-1.97,neutral_down,379.4991,-1.7659,-2.3884
GOOGL,GOOGL-322,2026-06-05T12:00:00-04:00,2026-06-10T16:00:00-04:00,52,369.46,356.1,10.1937,369.8629,368.8772,9.936,-3.595,0.248,neutral,377.1823,-0.4832,-4.0827
GOOGL,GOOGL-323,2026-06-12T17:00:00-04:00,2026-06-15T10:00:00-04:00,9,360.64,370.635,10.6313,360.6436,359.9085,5.8,1.944,-7.947,neutral,371.2221,-1.3562,-4.0064
GOOGL,GOOGL-324,2026-06-16T10:00:00-04:00,2026-06-17T10:00:00-04:00,16,374.215,363.9,10.891,369.9448,368.5019,44.35,34.434,20.937,neutral_up,370.0919,-0.0782,-2.4864
GOOGL,GOOGL-325,2026-06-18T10:00:00-04:00,2026-06-22T07:00:00-04:00,13,363.26,361.3,10.7866,363.4803,365.0896,-32.388,11.358,7.471,neutral_down,369.7699,-0.61,-0.4002
GOOGL,GOOGL-326,2026-06-23T13:00:00-04:00,2026-06-24T06:00:00-04:00,9,346.7399,347.86,11.8939,346.2466,348.4441,-17.689,-0.164,15.878,neutral,367.7992,-1.8089,-2.5807
GOOGL,GOOGL-327,2026-06-24T09:00:00-04:00,2026-06-24T19:00:00-04:00,10,350.3,342.13,11.7237,348.4957,348.3896,14.195,10.005,15.774,neutral,365.8283,-1.9708,-3.9416
GOOGL,GOOGL-328,2026-06-25T16:00:00-04:00,2026-06-29T10:00:00-04:00,26,343.5,350.45,11.711,342.4674,343.2952,-1.44,3.868,23.769,neutral,363.9603,-1.868,-5.6478
GOOGL,GOOGL-329,2026-06-30T13:00:00-04:00,2026-07-01T18:00:00-04:00,21,356.35,360.43,12.3511,355.2744,352.6166,57.777,-8.428,11.953,neutral_up,359.1696,-0.572,-4.7907
GOOGL,GOOGL-330,2026-07-02T04:00:00-04:00,2026-07-06T06:00:00-04:00,18,355.98,361.6,11.662,359.1749,358.2535,-1.049,-33.542,-39.973,neutral,359.1824,0.2028,-0.5592
GOOGL,GOOGL-331,2026-07-06T07:00:00-04:00,2026-07-06T08:00:00-04:00,1,360.52,360.96,11.5994,360.1033,359.2692,25.799,-7.057,6.414,neutral_up,359.214,0.0316,0.0444
GOOGL,GOOGL-332,2026-07-06T09:00:00-04:00,2026-07-06T12:00:00-04:00,3,357.81,363.875,11.5994,359.7817,359.2763,2.413,-22.424,-30.444,neutral,359.214,0.0316,0.0444
TSLA,TSLA-001,2024-07-16T08:00:00-04:00,2024-07-17T15:00:00-04:00,23,256.0396,248.49,12.556,255.9566,255.3214,9.081,-1.349,0.696,neutral,223.4854,2.9185,8.0027
TSLA,TSLA-002,2024-07-17T16:00:00-04:00,2024-07-17T17:00:00-04:00,1,248.14,248.16,12.5748,249.6889,251.6283,-33.462,3.582,0.652,neutral_down,226.4803,2.995,8.6897
TSLA,TSLA-003,2024-07-18T05:00:00-04:00,2024-07-19T11:00:00-04:00,22,251.98,240.9699,12.5543,250.4645,251.2254,3.413,4.4,28.089,neutral,228.4812,2.0009,7.9143
TSLA,TSLA-004,2024-07-23T12:00:00-04:00,2024-07-23T16:00:00-04:00,4,246.7,238.15,12.4911,249.9403,249.6681,-19.968,-12.31,-41.884,neutral,233.0388,1.8651,4.5576
TSLA,TSLA-005,2024-07-26T11:00:00-04:00,2024-07-29T07:00:00-04:00,12,218.9,223.67,13.4735,220.7833,221.2875,-22.172,-0.269,-40.073,neutral,231.4268,-1.1177,-1.612
TSLA,TSLA-006,2024-07-29T08:00:00-04:00,2024-07-29T09:00:00-04:00,1,223.36,230.8883,13.0075,222.0641,221.498,25.694,-0.911,20.816,neutral_up,230.3843,-1.0424,-3.8646
TSLA,TSLA-007,2024-08-01T10:00:00-04:00,2024-08-01T11:00:00-04:00,1,225.0101,222.6206,12.9762,229.5247,229.6433,-28.104,-24.266,-37.366,neutral_down,230.0344,0.2066,-0.35
TSLA,TSLA-008,2024-08-06T08:00:00-04:00,2024-08-07T16:00:00-04:00,24,201.59,189.8001,14.0449,201.2329,201.6241,0.041,-0.265,2.681,neutral,224.3549,-2.5485,-5.6795
TSLA,TSLA-009,2024-08-09T11:00:00-04:00,2024-08-13T07:00:00-04:00,28,196.7182,197.08,13.3153,198.2302,198.0165,-10.912,-4.166,-17.105,neutral,217.5491,-1.8532,-6.8058
TSLA,TSLA-010,2024-08-13T08:00:00-04:00,2024-08-13T10:00:00-04:00,2,199.48,205.6299,12.2466,197.9344,198.0247,7.794,21.988,12.648,neutral,214.2795,-1.677,-5.1228
TSLA,TSLA-011,2024-08-16T13:00:00-04:00,2024-08-19T14:00:00-04:00,17,217.77,222.2901,12.1906,215.8133,213.5659,50.477,4.828,5.711,neutral_up,212.7204,0.142,-1.5591
TSLA,TSLA-012,2024-08-20T12:00:00-04:00,2024-08-20T19:00:00-04:00,7,220.9401,219.41,11.7432,222.8112,221.6259,7.315,-16.725,-58.135,neutral,213.9213,0.8919,1.3429
TSLA,TSLA-013,2024-08-21T04:00:00-04:00,2024-08-21T05:00:00-04:00,1,220.86,219.94,11.523,220.7458,220.9845,-13.018,10.83,2.925,neutral,214.5739,0.6526,1.8535
TSLA,TSLA-014,2024-08-21T09:00:00-04:00,2024-08-22T06:00:00-04:00,13,222.64,224.45,11.523,221.2543,221.1178,16.062,9.946,26.378,neutral,214.5739,0.6526,1.8535
TSLA,TSLA-015,2024-08-22T08:00:00-04:00,2024-08-22T11:00:00-04:00,3,224.76,215.95,11.1141,223.9152,222.9859,38.343,-1.479,10.69,neutral_up,215.3599,0.786,2.3305
TSLA,TSLA-016,2024-08-27T13:00:00-04:00,2024-08-27T15:00:00-04:00,2,210.1599,209.12,11.1709,210.9843,212.7353,-49.906,7.765,6.413,neutral_down,215.2215,-0.1982,-0.1384
TSLA,TSLA-017,2024-08-28T10:00:00-04:00,2024-08-28T15:00:00-04:00,5,206.28,205.55,10.9959,208.5123,209.8231,-46.569,-14.972,-12.37,neutral_down,214.6669,-0.5547,-0.2658
TSLA,TSLA-018,2024-08-30T10:00:00-04:00,2024-08-30T13:00:00-04:00,3,208.46,211.14,10.7618,208.8039,208.5248,7.382,-8.438,-2.378,neutral,213.1501,-0.688,-2.0715
TSLA,TSLA-019,2024-08-30T14:00:00-04:00,2024-08-30T15:00:00-04:00,1,211.42,214.18,10.7618,209.9629,209.2096,30.738,5.689,14.569,neutral_up,213.1501,-0.688,-2.0715
TSLA,TSLA-020,2024-09-03T10:00:00-04:00,2024-09-03T18:00:00-04:00,8,213.86,209.67,10.586,214.3742,212.9274,22.649,-11.464,-38.252,neutral,213.2437,0.0936,-1.4232
TSLA,TSLA-021,2024-09-06T08:00:00-04:00,2024-09-06T11:00:00-04:00,3,233.872,216.74,10.9906,229.3248,227.2042,47.594,25.568,31.593,neutral_up,215.103,1.5077,1.8593
TSLA,TSLA-022,2024-09-09T14:00:00-04:00,2024-09-09T17:00:00-04:00,3,216.3399,217.0,11.8548,216.3071,216.9937,-4.132,-3.324,4.031,neutral,214.7036,-0.3994,1.6948
TSLA,TSLA-023,2024-09-10T06:00:00-04:00,2024-09-10T10:00:00-04:00,4,217.77,223.2485,11.6623,217.1895,217.1424,7.731,2.479,5.993,neutral,214.866,0.1624,1.2707
TSLA,TSLA-024,2024-09-10T11:00:00-04:00,2024-09-10T14:00:00-04:00,3,220.88,223.5549,11.6623,220.39,218.9249,40.584,-16.992,11.829,neutral_up,214.866,0.1624,1.2707
TSLA,TSLA-025,2024-09-11T11:00:00-04:00,2024-09-11T18:00:00-04:00,7,221.84,227.0,11.5372,222.7034,222.4896,-15.58,8.152,-50.062,neutral,215.89,1.024,0.787
TSLA,TSLA-026,2024-09-12T15:00:00-04:00,2024-09-16T17:00:00-04:00,34,229.83,226.514,11.5466,228.6495,227.1676,33.625,0.469,4.429,neutral_up,216.9973,1.1073,2.2937
TSLA,TSLA-027,2024-09-17T09:00:00-04:00,2024-09-17T11:00:00-04:00,2,232.4583,232.14,10.6175,228.7113,228.3595,40.187,30.336,47.674,neutral_up,219.9454,0.6801,2.9481
TSLA,TSLA-028,2024-09-17T12:00:00-04:00,2024-09-17T17:00:00-04:00,5,228.82,227.7401,10.6175,229.6744,228.9708,22.94,-25.208,-17.247,neutral,219.9454,0.6801,2.9481
TSLA,TSLA-029,2024-09-18T08:00:00-04:00,2024-09-19T06:00:00-04:00,14,229.4,234.2,10.4317,228.5474,228.4938,11.056,7.373,15.227,neutral,220.6677,0.7222,2.5038
TSLA,TSLA-030,2024-09-20T14:00:00-04:00,2024-09-20T15:00:00-04:00,1,238.595,238.26,10.7977,239.7727,239.5455,-13.725,-0.913,-11.638,neutral,223.3125,2.0537,3.3671
TSLA,TSLA-031,2024-09-23T08:00:00-04:00,2024-09-23T09:00:00-04:00,1,243.1,246.95,10.6028,241.0179,240.2315,42.95,8.327,27.243,neutral_up,224.6714,1.3589,4.0037
TSLA,TSLA-032,2024-09-24T14:00:00-04:00,2024-09-24T15:00:00-04:00,1,252.81,254.3,10.6841,252.6188,250.7352,27.365,0.012,-14.865,neutral_up,226.974,2.3026,5.7152
TSLA,TSLA-033,2024-09-25T04:00:00-04:00,2024-09-25T18:00:00-04:00,14,250.74,256.5795,10.5023,253.1602,251.9697,9.792,-28.644,-27.096,neutral,229.4582,2.4842,6.1456
TSLA,TSLA-034,2024-09-27T13:00:00-04:00,2024-09-27T15:00:00-04:00,2,260.16,260.465,10.102,257.65,256.713,38.331,10.339,29.94,neutral_up,233.9801,2.019,7.0061
TSLA,TSLA-035,2024-09-30T09:00:00-04:00,2024-10-01T11:00:00-04:00,18,263.025,252.53,9.8504,260.4481,259.3542,29.519,23.759,-9.761,neutral_up,236.3878,2.4077,6.9296
TSLA,TSLA-036,2024-10-01T14:00:00-04:00,2024-10-01T15:00:00-04:00,1,258.4903,258.02,9.7961,257.3955,258.5542,-18.398,17.719,40.464,neutral,238.6803,2.2925,6.7192
TSLA,TSLA-037,2024-10-07T10:00:00-04:00,2024-10-07T13:00:00-04:00,3,244.11,243.925,10.7115,248.0357,247.8602,-24.484,-25.086,-49.868,neutral_down,241.9722,0.8008,1.5338
TSLA,TSLA-038,2024-10-08T13:00:00-04:00,2024-10-10T09:00:00-04:00,28,245.08,234.83,10.6078,244.0744,244.1182,14.35,-0.187,24.532,neutral,241.8693,-0.1029,0.6507
TSLA,TSLA-039,2024-10-10T10:00:00-04:00,2024-10-10T18:00:00-04:00,8,238.22,239.34,10.087,240.6293,241.9023,-49.885,2.999,-58.515,neutral_down,242.0145,-0.0985,0.0423
TSLA,TSLA-040,2024-10-14T08:00:00-04:00,2024-10-21T07:00:00-04:00,79,220.75,217.85,11.1306,220.3572,222.9304,-32.074,3.647,5.187,neutral_down,239.5326,-2.1842,-2.5804
TSLA,TSLA-041,2024-10-21T08:00:00-04:00,2024-10-21T14:00:00-04:00,6,218.0,217.635,9.261,219.0337,219.7963,-52.269,3.017,-18.856,neutral_down,232.2936,-1.1579,-3.7488
TSLA,TSLA-042,2024-10-21T15:00:00-04:00,2024-10-23T13:00:00-04:00,30,218.9,212.5099,9.261,218.53,219.1403,-19.347,13.683,4.642,neutral,232.2936,-1.1579,-3.7488
TSLA,TSLA-043,2024-10-28T12:00:00-04:00,2024-10-28T17:00:00-04:00,5,268.02,260.97,11.5066,269.1192,266.249,30.245,-12.543,-17.098,neutral_up,234.7534,3.4357,4.8743
TSLA,TSLA-044,2024-10-29T18:00:00-04:00,2024-10-30T19:00:00-04:00,17,259.32,256.0817,11.4916,259.1965,260.5834,-22.246,5.082,6.602,neutral,237.2904,2.537,8.8948
TSLA,TSLA-045,2024-11-01T11:00:00-04:00,2024-11-04T05:00:00-05:00,10,250.258,243.73,11.0335,251.428,252.4643,-20.483,-9.185,-8.936,neutral,241.7695,0.801,4.4791
TSLA,TSLA-046,2024-11-04T11:00:00-05:00,2024-11-04T14:00:00-05:00,3,245.11,244.29,10.7718,245.8092,247.5008,-26.799,0.4,38.526,neutral_down,242.4132,0.6437,3.1129
TSLA,TSLA-047,2024-11-04T15:00:00-05:00,2024-11-04T17:00:00-05:00,2,242.8301,243.14,10.7718,244.6804,246.392,-36.438,-6.741,-10.568,neutral_down,242.4132,0.6437,3.1129
TSLA,TSLA-048,2024-11-05T04:00:00-05:00,2024-11-05T06:00:00-05:00,2,248.43,247.7,10.7181,244.7971,245.6873,2.991,33.284,39.679,neutral,242.4511,0.0379,1.4826
TSLA,TSLA-049,2024-11-05T07:00:00-05:00,2024-11-05T11:00:00-05:00,4,247.2,253.059,10.7181,246.1137,246.1424,17.171,-1.653,14.181,neutral,242.4511,0.0379,1.4826
TSLA,TSLA-050,2024-11-07T08:00:00-05:00,2024-11-07T11:00:00-05:00,3,287.4404,298.9301,12.7881,286.7386,281.7849,51.388,-4.547,-0.027,neutral_up,247.3825,4.1088,4.9693
TSLA,TSLA-051,2024-11-12T07:00:00-05:00,2024-11-12T15:00:00-05:00,8,346.2,328.24,15.9051,347.1345,342.1954,15.617,0.88,-40.138,neutral,266.5826,8.4041,19.2002
TSLA,TSLA-052,2024-11-13T08:00:00-05:00,2024-11-14T13:00:00-05:00,21,337.7,312.18,16.7199,334.1707,334.9751,5.065,6.725,6.255,neutral,272.1879,5.6052,20.3174
TSLA,TSLA-053,2024-11-15T12:00:00-05:00,2024-11-15T17:00:00-05:00,5,318.6557,320.245,17.2982,315.7309,316.6234,10.26,1.144,17.844,neutral,280.5262,3.0654,13.9435
TSLA,TSLA-054,2024-11-19T08:00:00-05:00,2024-11-19T18:00:00-05:00,10,334.5,344.5999,17.9207,336.6999,335.4656,2.292,-8.414,-0.643,neutral,289.161,4.9709,11.7003
TSLA,TSLA-055,2024-11-19T19:00:00-05:00,2024-11-20T04:00:00-05:00,1,345.0,344.02,17.9207,344.055,341.3132,29.421,-0.69,-7.004,neutral_up,289.161,4.9709,11.7003
TSLA,TSLA-056,2024-11-20T09:00:00-05:00,2024-11-22T11:00:00-05:00,34,341.0301,353.05,17.6856,343.8312,342.456,5.132,-17.393,-17.802,neutral,294.3264,5.1654,13.8002
TSLA,TSLA-057,2024-11-25T13:00:00-05:00,2024-11-25T15:00:00-05:00,2,348.1499,338.45,17.4628,352.8277,352.2229,-18.517,-9.419,-31.75,neutral,306.9388,4.5661,12.6124
TSLA,TSLA-058,2024-11-26T15:00:00-05:00,2024-11-27T13:00:00-05:00,14,338.25,332.4656,17.9104,340.6134,342.479,-25.141,-5.794,-25.003,neutral_down,309.8034,2.8647,11.1485
TSLA,TSLA-059,2024-12-03T07:00:00-05:00,2024-12-05T05:00:00-05:00,30,354.07,358.29,16.8447,353.1732,351.3624,23.913,5.936,3.921,neutral_up,320.6942,3.6396,8.3047
TSLA,TSLA-060,2024-12-06T13:00:00-05:00,2024-12-06T14:00:00-05:00,1,376.8323,378.8497,15.9144,374.4512,371.0431,49.725,5.516,-2.019,neutral_up,330.513,3.8977,9.8188
TSLA,TSLA-061,2024-12-09T19:00:00-05:00,2024-12-10T04:00:00-05:00,1,392.35,391.89,16.2063,390.459,388.1164,27.461,0.651,10.179,neutral_up,335.8663,5.3534,12.3825
TSLA,TSLA-062,2024-12-11T12:00:00-05:00,2024-12-11T14:00:00-05:00,2,414.5052,419.95,17.1685,409.3053,404.9341,57.668,6.075,21.705,neutral_up,346.2506,5.4739,15.7376
TSLA,TSLA-063,2024-12-12T14:00:00-05:00,2024-12-13T05:00:00-05:00,7,419.4208,422.75,17.6486,422.2766,420.1246,3.45,-7.949,-25.377,neutral,353.391,7.1404,17.5247
TSLA,TSLA-064,2024-12-13T07:00:00-05:00,2024-12-13T14:00:00-05:00,7,423.09,432.1378,17.4094,421.6441,420.527,21.897,0.478,11.0,neutral,359.2355,5.8445,18.4588
TSLA,TSLA-065,2024-12-17T14:00:00-05:00,2024-12-18T16:00:00-05:00,18,478.12,429.49,18.3083,473.3743,466.9791,34.158,8.328,0.352,neutral_up,375.0458,8.8144,21.6547
TSLA,TSLA-066,2024-12-19T18:00:00-05:00,2024-12-20T04:00:00-05:00,2,436.65,414.47,21.9375,438.7207,444.9025,-27.254,0.456,9.903,neutral_down,389.624,5.0506,23.3927
TSLA,TSLA-067,2024-12-20T12:00:00-05:00,2024-12-20T17:00:00-05:00,5,443.6101,423.8798,22.9663,432.9226,435.1191,14.766,10.935,49.411,neutral,393.8536,4.2296,18.8079
TSLA,TSLA-068,2024-12-23T09:00:00-05:00,2024-12-24T10:00:00-05:00,17,427.89,451.45,23.4287,430.0155,431.2369,-7.048,-5.848,-4.989,neutral,396.2851,2.4315,11.7117
TSLA,TSLA-069,2024-12-26T18:00:00-05:00,2024-12-26T19:00:00-05:00,1,453.45,452.2999,23.7209,454.8292,453.3878,1.511,-1.14,-4.179,neutral,405.1708,5.7079,11.3171
TSLA,TSLA-070,2024-12-31T07:00:00-05:00,2024-12-31T15:00:00-05:00,8,421.36,403.64,22.8346,420.8457,423.2045,-7.079,-5.874,26.776,neutral,412.1302,0.515,6.9594
TSLA,TSLA-071,2025-01-06T17:00:00-05:00,2025-01-07T05:00:00-05:00,4,411.0,410.12,24.2224,410.2262,408.3533,11.966,2.805,26.821,neutral,408.6331,0.2137,-3.4971
TSLA,TSLA-072,2025-01-07T09:00:00-05:00,2025-01-07T11:00:00-05:00,2,407.7305,393.0605,24.2587,407.2645,407.6994,-10.15,10.328,0.518,neutral,408.8528,0.2197,-2.5055
TSLA,TSLA-073,2025-01-08T10:00:00-05:00,2025-01-13T06:00:00-05:00,28,396.2563,383.99,24.2638,395.0078,397.2117,-11.581,6.058,36.785,neutral,407.5571,-1.2957,-0.8623
TSLA,TSLA-074,2025-01-13T10:00:00-05:00,2025-01-13T15:00:00-05:00,5,391.96,403.37,23.4936,387.8636,390.0461,-11.158,22.669,44.145,neutral,405.366,-1.0496,-3.4869
TSLA,TSLA-075,2025-01-22T12:00:00-05:00,2025-01-24T17:00:00-05:00,37,423.255,406.35,24.4778,420.6151,421.3079,3.199,8.977,24.835,neutral,410.3005,1.378,3.768
TSLA,TSLA-076,2025-01-28T07:00:00-05:00,2025-01-31T10:00:00-05:00,51,397.05,415.6556,21.8233,397.9505,399.1478,-8.263,-5.618,-2.855,neutral,409.2689,-1.2209,-1.4679
TSLA,TSLA-077,2025-02-04T08:00:00-05:00,2025-02-05T15:00:00-05:00,23,386.15,378.17,21.8038,385.6922,388.596,-21.248,6.594,15.663,neutral,403.7664,-1.9906,-2.6478
TSLA,TSLA-078,2025-02-06T16:00:00-05:00,2025-02-07T17:00:00-05:00,17,372.8,360.12,20.8409,371.4997,374.0317,-13.609,4.506,23.414,neutral,400.5001,-2.233,-5.257
TSLA,TSLA-079,2025-02-13T13:00:00-05:00,2025-02-13T15:00:00-05:00,2,351.14,356.03,20.0527,348.6159,344.834,39.617,-3.103,-21.467,neutral_up,380.7027,-4.4243,-14.0865
TSLA,TSLA-080,2025-02-14T14:00:00-05:00,2025-02-14T15:00:00-05:00,1,354.4,355.9,20.2082,354.4161,353.5171,-0.405,6.873,4.721,neutral,378.4597,-2.243,-12.3159
TSLA,TSLA-081,2025-02-14T16:00:00-05:00,2025-02-14T17:00:00-05:00,1,355.14,355.0015,20.2082,354.7983,353.8616,9.032,1.084,16.31,neutral,378.4597,-2.243,-12.3159
TSLA,TSLA-082,2025-02-18T09:00:00-05:00,2025-02-19T14:00:00-05:00,21,357.5,362.69,19.8005,357.5877,356.0602,20.826,-9.723,-14.097,neutral,376.4089,-2.0509,-8.7181
TSLA,TSLA-083,2025-02-19T15:00:00-05:00,2025-02-19T16:00:00-05:00,1,360.6,360.9963,19.0347,359.9717,357.9904,31.509,-9.169,-12.603,neutral_up,374.3762,-2.0326,-6.3265
TSLA,TSLA-084,2025-02-20T09:00:00-05:00,2025-02-20T10:00:00-05:00,1,350.71,350.25,18.6515,359.234,359.0873,-23.863,-48.798,-51.099,neutral_down,373.1238,-1.2524,-5.3359
TSLA,TSLA-085,2025-02-24T14:00:00-05:00,2025-02-24T18:00:00-05:00,4,334.67,326.97,18.4992,335.2768,338.5702,-24.585,0.555,28.265,neutral_down,368.3453,-3.0745,-6.0309
TSLA,TSLA-086,2025-02-26T13:00:00-05:00,2025-02-26T14:00:00-05:00,1,291.5159,289.22,19.4903,300.3444,306.5393,-84.611,-14.076,-29.743,accumulation,359.22,-5.673,-12.1998
TSLA,TSLA-087,2025-02-27T13:00:00-05:00,2025-02-27T17:00:00-05:00,4,288.5289,281.5,19.5953,289.6563,293.725,-34.307,4.405,17.169,neutral_down,353.0082,-6.2118,-15.3371
TSLA,TSLA-088,2025-02-28T10:00:00-05:00,2025-02-28T18:00:00-05:00,8,291.76,292.76,19.3635,283.9001,286.0924,-1.914,35.269,45.826,neutral,346.5493,-6.4589,-18.3437
TSLA,TSLA-089,2025-03-03T14:00:00-05:00,2025-03-03T15:00:00-05:00,1,283.3393,284.78,19.4104,292.2679,292.4939,-30.953,-18.652,-64.778,neutral_down,341.7093,-4.8399,-17.5107
TSLA,TSLA-090,2025-03-04T17:00:00-05:00,2025-03-04T19:00:00-05:00,2,276.88,276.93,19.9268,275.2931,278.203,-10.229,3.614,4.39,neutral,336.5339,-5.1754,-16.4743
TSLA,TSLA-091,2025-03-05T04:00:00-05:00,2025-03-06T13:00:00-05:00,25,280.02,262.7643,20.142,276.8471,278.2479,1.999,7.939,12.228,neutral,330.6663,-5.8676,-15.883
TSLA,TSLA-092,2025-03-07T10:00:00-05:00,2025-03-10T09:00:00-04:00,15,259.02,243.895,19.5269,261.3539,264.4146,-36.311,-2.314,11.136,neutral_down,320.3055,-5.6875,-16.2285
TSLA,TSLA-093,2025-03-11T14:00:00-04:00,2025-03-11T19:00:00-04:00,5,235.0375,234.99,20.9128,228.9112,231.6353,-1.47,16.932,24.598,neutral,306.6091,-8.4549,-19.3839
TSLA,TSLA-094,2025-03-12T08:00:00-04:00,2025-03-12T09:00:00-04:00,1,243.5,246.68,20.8508,237.1878,234.8751,39.527,10.03,12.957,neutral_up,299.6901,-6.919,-20.6153
TSLA,TSLA-095,2025-03-13T07:00:00-04:00,2025-03-13T13:00:00-04:00,6,245.5,238.0695,20.8857,247.3035,244.7359,14.034,-8.875,-12.58,neutral,295.0165,-4.6736,-20.0476
TSLA,TSLA-096,2025-03-14T09:00:00-04:00,2025-03-14T12:00:00-04:00,3,243.26,248.9,20.5146,243.6532,242.8294,14.737,-11.339,-1.952,neutral,290.0777,-4.9388,-16.5314
TSLA,TSLA-097,2025-03-17T06:00:00-04:00,2025-03-17T11:00:00-04:00,5,247.5,234.3994,19.8272,247.854,246.8249,3.962,3.24,-30.556,neutral,286.4316,-3.6462,-13.2586
TSLA,TSLA-098,2025-03-19T09:00:00-04:00,2025-03-19T14:00:00-04:00,5,229.83,237.47,19.3433,230.4736,231.0156,-0.116,-10.653,-6.765,neutral,276.8714,-5.1391,-13.2063
TSLA,TSLA-099,2025-03-19T15:00:00-04:00,2025-03-19T16:00:00-04:00,1,235.73,236.17,19.3433,233.8671,232.6722,27.833,-2.455,5.314,neutral_up,276.8714,-5.1391,-13.2063
TSLA,TSLA-100,2025-03-20T06:00:00-04:00,2025-03-21T13:00:00-04:00,23,233.56,246.26,19.0995,236.0211,234.7513,5.399,-15.877,-40.637,neutral,273.1312,-3.7401,-13.3003
TSLA,TSLA-101,2025-03-25T13:00:00-04:00,2025-03-26T05:00:00-04:00,8,277.855,282.85,18.8836,278.2314,274.2898,26.962,-3.944,-9.149,neutral_up,268.859,0.9591,-4.2722
TSLA,TSLA-102,2025-03-26T09:00:00-04:00,2025-03-26T11:00:00-04:00,2,278.775,273.89,18.7433,283.5643,281.3836,4.851,-24.614,-27.87,neutral,270.5982,1.7392,0.8198
TSLA,TSLA-103,2025-03-27T09:00:00-04:00,2025-03-27T10:00:00-04:00,1,278.67,291.16,18.9388,274.3121,275.0554,6.932,14.652,24.921,neutral,270.7229,0.1247,2.823
TSLA,TSLA-104,2025-03-27T11:00:00-04:00,2025-03-28T06:00:00-04:00,11,283.61,276.89,18.9388,278.8673,277.164,37.806,-4.582,45.525,neutral_up,270.7229,0.1247,2.823
TSLA,TSLA-105,2025-03-28T08:00:00-04:00,2025-03-28T11:00:00-04:00,3,275.09,263.36,19.0166,275.8611,275.9931,-0.98,-5.067,-1.506,neutral,270.9517,0.2288,2.0927
TSLA,TSLA-106,2025-04-02T08:00:00-04:00,2025-04-02T13:00:00-04:00,5,263.25,283.235,18.8207,264.9038,265.3084,-20.627,5.042,-16.095,neutral,269.2047,-0.0725,-1.747
TSLA,TSLA-107,2025-04-02T16:00:00-04:00,2025-04-02T18:00:00-04:00,2,272.2,265.6122,18.8207,275.1728,271.2782,33.18,-29.043,-31.274,neutral_up,269.2047,-0.0725,-1.747
TSLA,TSLA-108,2025-04-03T04:00:00-04:00,2025-04-03T05:00:00-04:00,1,273.3,270.0,19.8849,270.5022,269.9374,-5.023,19.381,-16.33,neutral,270.4289,1.2241,0.1509
TSLA,TSLA-109,2025-04-03T09:00:00-04:00,2025-04-03T13:00:00-04:00,4,271.33,267.74,19.8849,268.88,269.2159,-2.97,12.178,1.901,neutral,270.4289,1.2241,0.1509
TSLA,TSLA-110,2025-04-03T17:00:00-04:00,2025-04-04T11:00:00-04:00,10,267.1075,242.105,19.8849,267.6131,268.1868,-5.502,-0.205,-5.802,neutral,270.4289,1.2241,0.1509
TSLA,TSLA-111,2025-04-07T10:00:00-04:00,2025-04-08T17:00:00-04:00,23,233.68,224.98,20.7734,231.1512,238.359,-29.467,15.063,42.094,neutral_down,267.3308,-2.7991,-1.874
TSLA,TSLA-112,2025-04-11T07:00:00-04:00,2025-04-16T13:00:00-04:00,54,251.8,240.48,25.4697,251.5571,251.575,1.223,-0.098,13.66,neutral,260.5987,-0.8199,-3.6398
TSLA,TSLA-113,2025-04-17T12:00:00-04:00,2025-04-21T05:00:00-04:00,9,240.58,232.9,23.0384,241.6823,243.4695,-30.493,3.125,-13.873,neutral_down,257.1376,-1.5588,-2.6958
TSLA,TSLA-114,2025-04-24T04:00:00-04:00,2025-04-24T17:00:00-04:00,13,245.6,260.61,21.2026,251.1297,249.5777,-6.574,-19.294,-25.495,neutral,251.6955,-0.0905,-4.0241
TSLA,TSLA-115,2025-04-28T14:00:00-04:00,2025-04-29T04:00:00-04:00,6,281.1363,288.54,20.9205,281.8363,280.0195,2.166,5.107,-2.596,neutral,255.3576,2.9517,3.5716
TSLA,TSLA-116,2025-04-29T06:00:00-04:00,2025-04-29T07:00:00-04:00,1,284.69,286.25,21.0291,285.3192,283.1476,25.708,-13.198,1.318,neutral_up,258.1323,2.7747,6.4368
TSLA,TSLA-117,2025-04-29T08:00:00-04:00,2025-04-30T09:00:00-04:00,17,285.8,271.3368,21.0291,285.5643,283.6451,21.188,-3.566,-17.718,neutral,258.1323,2.7747,6.4368
TSLA,TSLA-118,2025-05-01T10:00:00-04:00,2025-05-02T13:00:00-04:00,19,289.1028,293.8166,20.5673,283.9086,283.2417,21.038,22.606,7.303,neutral,263.1126,1.9005,7.7549
TSLA,TSLA-119,2025-05-06T13:00:00-04:00,2025-05-06T15:00:00-04:00,2,273.045,275.23,19.0592,274.3172,276.8667,-45.876,2.902,5.97,neutral_down,267.9688,1.2241,4.8562
TSLA,TSLA-120,2025-05-06T18:00:00-04:00,2025-05-07T06:00:00-04:00,4,279.87,278.65,19.0592,275.5043,276.4842,4.898,33.074,27.894,neutral,267.9688,1.2241,4.8562
TSLA,TSLA-121,2025-05-07T08:00:00-04:00,2025-05-07T11:00:00-04:00,3,277.67,273.19,18.3307,277.7856,277.4397,12.019,-8.928,-10.735,neutral,268.6289,0.6601,3.9348
TSLA,TSLA-122,2025-05-07T14:00:00-04:00,2025-05-08T05:00:00-04:00,7,275.6889,280.4,18.3307,275.459,276.2016,-17.587,11.318,14.513,neutral,268.6289,0.6601,3.9348
TSLA,TSLA-123,2025-05-08T10:00:00-04:00,2025-05-08T11:00:00-04:00,1,281.2186,288.8003,17.5156,280.0194,278.4568,41.884,-10.817,1.413,neutral_up,269.3145,0.6856,2.5698
TSLA,TSLA-124,2025-05-13T08:00:00-04:00,2025-05-13T13:00:00-04:00,5,321.25,334.91,18.0546,317.7904,314.7391,48.749,9.984,27.111,neutral_up,277.3461,4.1274,8.0316
TSLA,TSLA-125,2025-05-15T07:00:00-04:00,2025-05-16T06:00:00-04:00,15,340.58,347.15,18.0942,341.842,340.4157,-3.754,5.077,-15.701,neutral,288.394,5.9039,15.1753
TSLA,TSLA-126,2025-05-16T08:00:00-04:00,2025-05-19T05:00:00-04:00,13,346.38,335.89,17.7102,345.1664,343.3726,33.008,-5.023,0.833,neutral_up,293.3335,4.9395,15.9874
TSLA,TSLA-127,2025-05-20T04:00:00-04:00,2025-05-20T06:00:00-04:00,2,343.9,344.54,17.0603,341.9113,341.4911,18.102,4.592,11.84,neutral,302.418,3.9512,14.024
TSLA,TSLA-128,2025-05-20T08:00:00-04:00,2025-05-21T15:00:00-04:00,23,345.45,334.54,17.0603,343.7712,342.5994,28.707,-0.628,7.507,neutral_up,302.418,3.9512,14.024
TSLA,TSLA-129,2025-05-23T12:00:00-04:00,2025-05-27T05:00:00-04:00,9,339.93,348.29,16.6213,339.0629,339.7915,-10.297,11.356,14.319,neutral,311.6844,2.9296,9.2664
TSLA,TSLA-130,2025-05-28T13:00:00-04:00,2025-05-29T17:00:00-04:00,20,362.7,355.1,16.7358,362.2841,359.7893,23.131,3.759,-6.416,neutral,318.6165,4.4134,9.8616
TSLA,TSLA-131,2025-06-03T04:00:00-04:00,2025-06-03T10:00:00-04:00,6,341.4,349.21,15.9526,341.466,342.9535,-14.671,-1.979,-6.309,neutral,328.6528,1.4047,6.5542
TSLA,TSLA-132,2025-06-09T06:00:00-04:00,2025-06-09T16:00:00-04:00,10,287.39,309.3,19.1084,292.4452,296.7004,-50.764,-2.764,-33.024,neutral_down,323.321,-2.8191,-6.767
TSLA,TSLA-133,2025-06-11T15:00:00-04:00,2025-06-12T05:00:00-04:00,6,326.49,322.03,19.7014,328.0949,325.7268,6.584,-1.368,-27.563,neutral,322.3663,0.3784,-3.7738
TSLA,TSLA-134,2025-06-12T10:00:00-04:00,2025-06-12T19:00:00-04:00,9,326.1,316.64,19.2228,324.1644,324.4053,4.754,8.369,39.736,neutral,322.7412,0.3749,-0.5798
TSLA,TSLA-135,2025-06-16T15:00:00-04:00,2025-06-17T11:00:00-04:00,12,329.12,318.655,19.0225,329.222,327.6182,14.081,-0.391,-15.401,neutral,322.6836,0.2666,0.3173
TSLA,TSLA-136,2025-06-18T14:00:00-04:00,2025-06-18T16:00:00-04:00,2,321.1542,322.55,17.8736,321.7344,321.221,11.147,-11.754,-29.433,neutral,322.6334,-0.6353,0.2164
TSLA,TSLA-137,2025-06-20T09:00:00-04:00,2025-06-23T09:00:00-04:00,16,324.47,343.055,17.5876,325.205,323.6875,26.096,-18.761,-8.851,neutral_up,322.5845,-0.0489,-0.0992
TSLA,TSLA-138,2025-06-26T13:00:00-04:00,2025-06-30T06:00:00-04:00,25,327.1638,320.44,18.7516,327.8347,329.5392,-18.33,-2.878,4.274,neutral,326.4531,0.1137,3.9063
TSLA,TSLA-139,2025-06-30T07:00:00-04:00,2025-06-30T18:00:00-04:00,11,322.12,311.1,17.5079,321.7366,323.4204,-27.539,12.357,13.242,neutral_down,326.1554,-0.2355,-0.1839
TSLA,TSLA-140,2025-07-02T06:00:00-04:00,2025-07-02T13:00:00-04:00,7,304.3,314.67,17.436,302.6388,304.6633,-7.231,4.171,26.974,neutral,323.1376,-2.2428,-3.2533
TSLA,TSLA-141,2025-07-03T13:00:00-04:00,2025-07-07T04:00:00-04:00,2,315.35,293.72,17.3422,316.1303,314.5255,12.314,-4.373,-9.102,neutral,322.4569,-0.6807,-3.6985
TSLA,TSLA-142,2025-07-08T08:00:00-04:00,2025-07-08T12:00:00-04:00,4,297.47,301.3293,17.2292,296.6275,298.0843,-8.584,1.832,4.578,neutral,319.2835,-2.5274,-3.8541
TSLA,TSLA-143,2025-07-08T15:00:00-04:00,2025-07-08T16:00:00-04:00,1,297.8499,297.34,17.2292,299.6161,299.2619,5.483,-19.024,-17.238,neutral,319.2835,-2.5274,-3.8541
TSLA,TSLA-144,2025-07-08T17:00:00-04:00,2025-07-08T18:00:00-04:00,1,297.7,297.81,17.2292,298.8687,298.9611,-9.85,-3.726,-34.357,neutral,319.2835,-2.5274,-3.8541
TSLA,TSLA-145,2025-07-08T19:00:00-04:00,2025-07-09T14:00:00-04:00,11,297.63,296.55,17.2292,298.4516,298.7449,-12.183,-1.255,-6.059,neutral,319.2835,-2.5274,-3.8541
TSLA,TSLA-146,2025-07-09T15:00:00-04:00,2025-07-10T10:00:00-04:00,11,295.82,305.06,16.7156,296.3392,297.2907,-20.497,1.083,10.38,neutral,317.335,-1.9485,-5.1219
TSLA,TSLA-147,2025-07-11T13:00:00-04:00,2025-07-14T05:00:00-04:00,8,309.91,316.97,15.8979,309.3307,307.4501,33.235,-3.322,2.361,neutral_up,314.8846,-0.4945,-4.3989
TSLA,TSLA-148,2025-07-14T14:00:00-04:00,2025-07-15T16:00:00-04:00,18,316.1699,308.66,15.3652,315.2374,313.6265,24.867,5.872,-4.815,neutral_up,314.7587,-0.1259,-2.5762
TSLA,TSLA-149,2025-07-17T12:00:00-04:00,2025-07-18T09:00:00-04:00,13,321.4062,328.77,14.5405,321.8529,320.3307,21.113,-6.828,-19.019,neutral,315.2108,0.6469,0.4521
TSLA,TSLA-150,2025-07-22T10:00:00-04:00,2025-07-22T19:00:00-04:00,9,329.5193,333.3,13.6494,327.9276,328.2282,-5.279,19.832,-0.054,neutral,317.9192,1.0611,2.7084
TSLA,TSLA-151,2025-07-23T10:00:00-04:00,2025-07-23T19:00:00-04:00,9,333.75,317.8,13.6644,332.5789,331.6052,21.647,6.148,-0.612,neutral,319.2066,1.2873,3.6176
TSLA,TSLA-152,2025-07-25T08:00:00-04:00,2025-07-25T10:00:00-04:00,2,308.5001,315.07,14.6094,306.0387,309.0868,-23.857,18.376,41.814,neutral_down,319.0614,-1.3991,1.1422
TSLA,TSLA-153,2025-07-29T10:00:00-04:00,2025-07-29T12:00:00-04:00,2,322.21,321.04,14.885,324.1502,323.5955,-13.338,-3.048,-40.719,neutral,319.406,0.6134,-1.0545
TSLA,TSLA-154,2025-07-29T13:00:00-04:00,2025-07-29T16:00:00-04:00,3,321.7672,321.0199,14.885,322.6511,322.9517,-19.1,5.102,-5.763,neutral,319.406,0.6134,-1.0545
TSLA,TSLA-155,2025-07-30T09:00:00-04:00,2025-07-30T19:00:00-04:00,10,321.46,317.89,14.3932,321.7527,322.0641,-7.49,-2.055,-4.168,neutral,319.5873,0.1813,0.5259
TSLA,TSLA-156,2025-07-31T04:00:00-04:00,2025-07-31T05:00:00-04:00,1,319.21,318.46,14.2818,318.4226,319.4267,-12.714,9.738,14.248,neutral,319.5421,-0.0452,0.7495
TSLA,TSLA-157,2025-07-31T09:00:00-04:00,2025-07-31T11:00:00-04:00,2,318.1434,312.25,14.2818,318.7487,319.2165,-5.012,-10.512,8.056,neutral,319.5421,-0.0452,0.7495
TSLA,TSLA-158,2025-08-01T14:00:00-04:00,2025-08-04T17:00:00-04:00,19,302.61,309.5078,14.3524,304.6262,307.3317,-37.037,-3.764,-8.414,neutral_down,318.5101,-1.032,-0.8959
TSLA,TSLA-159,2025-08-05T08:00:00-04:00,2025-08-06T11:00:00-04:00,19,309.51,318.7728,13.8166,309.7762,308.8885,16.125,-7.349,-6.557,neutral,316.3587,-0.7059,-3.1833
TSLA,TSLA-160,2025-08-07T13:00:00-04:00,2025-08-08T09:00:00-04:00,12,318.36,332.9137,13.341,319.2801,318.022,10.032,-5.354,-19.246,neutral,316.0515,0.3908,-1.0131
TSLA,TSLA-161,2025-08-12T11:00:00-04:00,2025-08-13T06:00:00-04:00,11,337.9865,342.17,13.2174,338.8531,338.1435,-6.271,4.588,-66.356,neutral,319.744,1.9383,3.6925
TSLA,TSLA-162,2025-08-13T08:00:00-04:00,2025-08-14T12:00:00-04:00,20,342.6008,332.28,13.1533,341.6653,340.4442,30.733,-0.239,-4.298,neutral_up,321.65,1.906,5.0314
TSLA,TSLA-163,2025-08-15T11:00:00-04:00,2025-08-15T13:00:00-04:00,2,329.6599,331.4,12.7757,333.9459,335.4373,-54.426,-19.715,-63.23,neutral_down,324.3775,1.1193,4.6334
TSLA,TSLA-164,2025-08-15T15:00:00-04:00,2025-08-15T16:00:00-04:00,1,330.6,330.0,12.7757,331.7269,333.7773,-49.632,9.167,8.251,neutral_down,324.3775,1.1193,4.6334
TSLA,TSLA-165,2025-08-18T13:00:00-04:00,2025-08-18T14:00:00-04:00,1,334.63,335.3726,12.7403,332.1005,331.8976,28.984,9.045,22.301,neutral_up,324.9431,0.5657,3.2931
TSLA,TSLA-166,2025-08-19T11:00:00-04:00,2025-08-19T16:00:00-04:00,5,332.965,328.6301,12.3074,334.5908,334.1223,-1.185,-13.832,-27.66,neutral,325.871,0.9279,2.6128
TSLA,TSLA-167,2025-08-21T11:00:00-04:00,2025-08-22T10:00:00-04:00,15,321.2584,336.2095,12.6522,322.4413,323.6429,-23.715,-3.485,4.65,neutral_down,325.9783,-0.2063,1.0351
TSLA,TSLA-168,2025-08-26T12:00:00-04:00,2025-08-26T18:00:00-04:00,6,346.485,351.88,12.9125,345.6052,343.904,31.422,2.783,-17.089,neutral_up,328.5646,1.8015,2.5864
TSLA,TSLA-169,2025-08-27T15:00:00-04:00,2025-08-27T19:00:00-04:00,4,349.48,345.5487,12.5745,350.8709,349.9538,3.773,-10.535,-22.683,neutral,330.666,2.1014,5.2276
TSLA,TSLA-170,2025-08-28T04:00:00-04:00,2025-08-28T05:00:00-04:00,1,349.5,348.85,12.1216,348.4718,348.9124,-17.224,25.396,5.071,neutral,332.3764,1.7104,5.6133
TSLA,TSLA-171,2025-08-28T07:00:00-04:00,2025-08-28T12:00:00-04:00,5,348.35,343.56,12.1216,348.5547,348.8506,-6.086,-1.114,11.138,neutral,332.3764,1.7104,5.6133
TSLA,TSLA-172,2025-08-28T15:00:00-04:00,2025-08-28T17:00:00-04:00,2,345.9,345.15,12.1216,345.713,347.018,-23.191,10.583,19.524,neutral,332.3764,1.7104,5.6133
TSLA,TSLA-173,2025-08-28T19:00:00-04:00,2025-08-29T04:00:00-04:00,1,345.75,342.61,12.1216,345.5496,346.5136,-15.025,4.398,3.964,neutral,332.3764,1.7104,5.6133
TSLA,TSLA-174,2025-08-29T09:00:00-04:00,2025-08-29T10:00:00-04:00,1,343.4551,338.158,12.205,344.3347,345.3262,-18.603,-5.756,19.038,neutral,333.6058,1.2294,5.0412
TSLA,TSLA-175,2025-09-02T14:00:00-04:00,2025-09-03T05:00:00-04:00,7,328.55,334.5,12.5511,329.8533,332.7329,-49.004,0.365,6.081,neutral_down,333.6416,0.0358,2.9756
TSLA,TSLA-176,2025-09-03T08:00:00-04:00,2025-09-03T10:00:00-04:00,2,334.6208,341.27,12.2546,333.2417,332.9711,23.841,-0.559,2.757,neutral_up,333.2533,-0.3883,0.8769
TSLA,TSLA-177,2025-09-04T15:00:00-04:00,2025-09-04T19:00:00-04:00,4,338.5645,339.26,12.4378,336.0298,335.7761,16.837,17.754,35.449,neutral,333.3248,0.0715,-0.281
TSLA,TSLA-178,2025-09-08T10:00:00-04:00,2025-09-08T13:00:00-04:00,3,347.9534,345.661,12.4521,352.2108,349.7792,16.96,-33.763,-58.53,neutral,335.3465,1.5453,2.0932
TSLA,TSLA-179,2025-09-09T12:00:00-04:00,2025-09-10T11:00:00-04:00,15,346.2506,354.85,12.5341,347.188,347.5208,-9.925,-6.16,-15.75,neutral,336.3514,1.0049,3.0265
TSLA,TSLA-180,2025-09-16T09:00:00-04:00,2025-09-16T18:00:00-04:00,9,415.99,422.0056,14.8979,415.0864,411.0879,28.34,-2.151,-14.236,neutral_up,351.8716,5.8268,13.597
TSLA,TSLA-181,2025-09-16T19:00:00-04:00,2025-09-18T04:00:00-04:00,17,422.89,433.43,14.8979,420.5692,417.0267,41.583,3.083,5.057,neutral_up,351.8716,5.8268,13.597
TSLA,TSLA-182,2025-09-18T15:00:00-04:00,2025-09-18T16:00:00-04:00,1,416.64,417.13,15.0467,424.2879,424.4837,-29.411,-24.083,-34.146,neutral_down,364.333,6.1257,18.2883
TSLA,TSLA-183,2025-09-19T11:00:00-04:00,2025-09-19T18:00:00-04:00,7,423.8517,425.6499,15.0905,422.9978,422.745,12.163,-3.717,20.557,neutral,369.0882,4.7552,17.2166
TSLA,TSLA-184,2025-09-22T08:00:00-04:00,2025-09-22T09:00:00-04:00,1,431.32,440.915,14.9291,428.3702,426.2815,43.805,5.442,3.666,neutral_up,374.2502,5.162,16.0429
TSLA,TSLA-185,2025-09-23T10:00:00-04:00,2025-09-23T15:00:00-04:00,5,432.105,425.83,15.2277,436.4459,434.8218,5.804,-29.047,-39.861,neutral,379.682,5.4318,15.349
TSLA,TSLA-186,2025-09-26T10:00:00-04:00,2025-09-26T15:00:00-04:00,5,426.4217,440.4199,16.1658,425.3631,427.0535,-3.828,0.309,23.329,neutral,392.3201,3.089,12.6381
TSLA,TSLA-187,2025-09-29T16:00:00-04:00,2025-10-01T10:00:00-04:00,26,441.7,458.68,16.4004,442.2162,440.0302,20.497,-5.929,-5.12,neutral,396.6928,4.3727,12.8156
TSLA,TSLA-188,2025-10-07T10:00:00-04:00,2025-10-07T16:00:00-04:00,6,447.465,435.39,18.8053,449.9215,447.8521,8.467,-11.033,-25.106,neutral,417.4198,3.594,7.57
TSLA,TSLA-189,2025-10-08T14:00:00-04:00,2025-10-10T13:00:00-04:00,31,437.162,418.47,18.9556,435.8125,437.8316,-11.39,6.727,21.135,neutral,418.8244,1.4046,6.6
TSLA,TSLA-190,2025-10-14T08:00:00-04:00,2025-10-14T19:00:00-04:00,11,425.9,428.95,19.5669,427.8425,427.6314,-10.813,0.223,-7.077,neutral,422.5235,1.3377,1.9013
TSLA,TSLA-191,2025-10-15T04:00:00-04:00,2025-10-15T05:00:00-04:00,1,434.83,434.67,19.4579,430.052,428.8586,23.3,17.83,14.632,neutral,423.135,0.6115,1.1576
TSLA,TSLA-192,2025-10-15T08:00:00-04:00,2025-10-15T10:00:00-04:00,2,434.97,436.9,19.4579,432.6199,430.6118,32.658,2.351,1.817,neutral_up,423.135,0.6115,1.1576
TSLA,TSLA-193,2025-10-15T11:00:00-04:00,2025-10-16T19:00:00-04:00,24,433.4,425.0,19.4579,433.8441,431.7609,23.49,-12.126,-9.168,neutral,423.135,0.6115,1.1576
TSLA,TSLA-194,2025-10-20T13:00:00-04:00,2025-10-20T18:00:00-04:00,5,443.6,447.0,18.9243,443.4871,440.4337,31.465,-5.24,-19.859,neutral_up,425.9579,1.3312,2.8229
TSLA,TSLA-195,2025-10-20T19:00:00-04:00,2025-10-22T13:00:00-04:00,26,447.0,431.385,18.9243,445.9578,443.2124,40.904,-0.416,-1.458,neutral_up,425.9579,1.3312,2.8229
TSLA,TSLA-196,2025-10-22T16:00:00-04:00,2025-10-22T17:00:00-04:00,1,431.88,418.99,17.5337,436.4535,439.2125,-39.039,-10.297,25.829,neutral_down,429.2297,1.327,4.603
TSLA,TSLA-197,2025-10-28T14:00:00-04:00,2025-10-28T17:00:00-04:00,3,461.66,460.06,19.4882,460.1112,455.7667,48.317,-6.918,-21.518,neutral_up,433.8301,1.852,3.7376
TSLA,TSLA-198,2025-10-29T09:00:00-04:00,2025-10-30T10:00:00-04:00,17,464.0051,442.5867,19.1962,463.0753,460.3097,38.564,-5.771,-6.565,neutral_up,436.2591,2.4291,4.4483
TSLA,TSLA-199,2025-10-31T14:00:00-04:00,2025-10-31T15:00:00-04:00,1,451.7368,456.51,18.9788,449.7334,449.4019,12.65,6.092,-24.435,neutral,438.6837,0.1326,4.8536
TSLA,TSLA-200,2025-11-05T10:00:00-05:00,2025-11-05T13:00:00-05:00,3,446.7701,463.885,19.4165,447.5466,449.584,-13.326,-4.376,2.506,neutral,442.9798,0.125,4.2961
TSLA,TSLA-201,2025-11-10T11:00:00-05:00,2025-11-10T12:00:00-05:00,1,446.5572,448.194,21.0009,440.439,439.583,26.663,10.207,22.495,neutral_up,443.4499,-1.407,0.4702
TSLA,TSLA-202,2025-11-11T06:00:00-05:00,2025-11-11T11:00:00-05:00,5,442.29,433.06,20.9502,443.1158,442.3465,0.927,-1.382,-14.924,neutral,443.6145,0.1646,-1.1171
TSLA,TSLA-203,2025-11-12T08:00:00-05:00,2025-11-12T11:00:00-05:00,3,442.09,428.62,20.3752,440.4487,440.0095,19.82,4.131,4.552,neutral,443.2314,-0.3831,-1.6256
TSLA,TSLA-204,2025-11-17T13:00:00-05:00,2025-11-17T17:00:00-05:00,4,409.07,409.4783,21.6558,411.0207,408.2615,22.372,-18.573,-13.63,neutral,435.3302,-3.101,-7.9012
TSLA,TSLA-205,2025-11-18T14:00:00-05:00,2025-11-18T19:00:00-05:00,5,405.6406,398.38,21.9104,404.5738,405.7749,-7.31,6.54,16.846,neutral,432.9283,-2.4018,-9.152
TSLA,TSLA-206,2025-11-19T04:00:00-05:00,2025-11-20T09:00:00-05:00,21,403.65,425.728,21.4311,401.7466,403.5264,-15.147,16.003,10.601,neutral,430.0494,-2.8789,-8.3818
TSLA,TSLA-207,2025-11-20T12:00:00-05:00,2025-11-20T14:00:00-05:00,2,404.115,404.3884,20.8488,412.138,410.1099,1.138,-32.379,-71.371,neutral,427.6895,-2.3599,-7.6407
TSLA,TSLA-208,2025-11-21T14:00:00-05:00,2025-11-24T10:00:00-05:00,12,397.31,414.86,21.8025,397.3236,399.2733,-7.873,-1.026,16.019,neutral,424.725,-2.9645,-8.2034
TSLA,TSLA-209,2025-11-25T12:00:00-05:00,2025-11-26T06:00:00-05:00,10,417.51,424.32,22.2419,415.0976,413.1787,17.093,11.287,3.25,neutral,421.2993,-0.3779,-6.3902
TSLA,TSLA-210,2025-11-26T15:00:00-05:00,2025-11-26T16:00:00-05:00,1,426.5,426.62,21.6911,422.9947,420.699,42.294,10.707,21.498,neutral_up,421.1185,-0.1808,-3.6065
TSLA,TSLA-211,2025-12-01T04:00:00-05:00,2025-12-02T07:00:00-05:00,19,425.4,431.81,19.8503,428.4771,426.8219,12.71,-29.774,-31.331,neutral,422.3861,0.7784,1.0868
TSLA,TSLA-212,2025-12-02T08:00:00-05:00,2025-12-03T06:00:00-05:00,14,432.65,429.86,19.0303,430.8565,429.4223,36.64,2.854,5.867,neutral_up,423.1019,0.7158,1.9834
TSLA,TSLA-213,2025-12-03T08:00:00-05:00,2025-12-03T09:00:00-05:00,1,433.9,437.44,18.7196,430.2754,429.3722,36.399,18.331,22.583,neutral_up,423.639,0.5371,2.0313
TSLA,TSLA-214,2025-12-04T14:00:00-05:00,2025-12-05T05:00:00-05:00,7,449.6,455.1,18.7332,448.7777,445.8013,36.25,-0.22,-14.18,neutral_up,425.7518,2.1128,3.3657
TSLA,TSLA-215,2025-12-05T08:00:00-05:00,2025-12-08T07:00:00-05:00,15,451.74,449.19,18.0551,453.2925,450.8175,29.831,-19.457,-28.157,neutral_up,428.3689,2.6171,5.267
TSLA,TSLA-216,2025-12-10T13:00:00-05:00,2025-12-12T09:00:00-05:00,28,445.11,460.72,17.3981,445.8918,445.5911,-1.083,-4.781,-1.578,neutral,432.8228,1.2387,4.4539
TSLA,TSLA-217,2025-12-12T10:00:00-05:00,2025-12-12T15:00:00-05:00,5,448.075,459.13,16.6748,449.0557,447.7395,35.168,-32.503,39.863,neutral_up,435.6444,1.1296,4.0603
TSLA,TSLA-218,2025-12-16T10:00:00-05:00,2025-12-16T16:00:00-05:00,6,476.18,488.4125,17.4102,473.9375,471.0915,35.044,-1.172,11.99,neutral_up,441.1695,3.3901,6.6547
TSLA,TSLA-219,2025-12-19T11:00:00-05:00,2025-12-22T05:00:00-05:00,10,475.46,486.85,19.1394,482.7784,482.8285,-30.788,-20.934,-62.549,neutral_down,450.8131,3.2582,9.6436
TSLA,TSLA-220,2025-12-22T08:00:00-05:00,2025-12-22T11:00:00-05:00,3,487.76,494.05,18.8987,485.6453,484.2221,29.47,0.322,2.822,neutral_up,453.5492,2.7361,7.9588
TSLA,TSLA-221,2025-12-23T08:00:00-05:00,2025-12-23T13:00:00-05:00,5,486.7,483.14,18.8288,489.545,489.0609,-7.236,-16.915,-19.483,neutral,456.7511,3.2019,9.1962
TSLA,TSLA-222,2025-12-23T14:00:00-05:00,2025-12-23T15:00:00-05:00,1,486.4599,485.61,18.8288,486.6287,487.6302,-22.763,11.851,-7.623,neutral,456.7511,3.2019,9.1962
TSLA,TSLA-223,2025-12-23T17:00:00-05:00,2025-12-26T11:00:00-05:00,21,485.08,478.26,18.8288,486.08,487.1077,-18.991,-2.211,3.772,neutral,456.7511,3.2019,9.1962
TSLA,TSLA-224,2025-12-30T12:00:00-05:00,2025-12-30T14:00:00-05:00,2,459.97,457.9039,17.5591,461.3416,463.6093,-33.169,-3.938,10.314,neutral_down,462.6601,-0.304,3.2855
TSLA,TSLA-225,2025-12-31T13:00:00-05:00,2025-12-31T14:00:00-05:00,1,453.8201,451.8,16.9684,454.5448,456.4667,-34.07,2.096,0.336,neutral_down,461.912,-0.7482,0.1714
TSLA,TSLA-226,2025-12-31T16:00:00-05:00,2025-12-31T17:00:00-05:00,1,450.0,449.88,16.9684,452.4853,454.9566,-58.069,-0.895,-23.999,neutral_down,461.912,-0.7482,0.1714
TSLA,TSLA-227,2026-01-02T04:00:00-05:00,2026-01-02T05:00:00-05:00,1,461.95,459.9,16.2742,453.3029,454.4138,11.591,69.533,69.67,neutral,460.7881,-1.1238,-2.176
TSLA,TSLA-228,2026-01-02T08:00:00-05:00,2026-01-02T11:00:00-05:00,3,457.15,442.372,16.2742,455.9819,455.5473,19.783,-5.437,-13.104,neutral,460.7881,-1.1238,-2.176
TSLA,TSLA-229,2026-01-07T13:00:00-05:00,2026-01-08T06:00:00-05:00,9,434.785,429.23,17.3756,435.4506,436.7693,-10.911,-8.553,9.781,neutral,455.8009,-2.2851,-4.9872
TSLA,TSLA-230,2026-01-08T09:00:00-05:00,2026-01-08T12:00:00-05:00,3,429.734,436.03,16.6402,429.9618,432.2612,-40.92,14.479,10.242,neutral_down,453.5772,-2.2237,-5.1484
TSLA,TSLA-231,2026-01-08T13:00:00-05:00,2026-01-08T14:00:00-05:00,1,432.995,434.9101,16.6402,432.6775,433.0141,9.175,-9.362,20.118,neutral,453.5772,-2.2237,-5.1484
TSLA,TSLA-232,2026-01-13T11:00:00-05:00,2026-01-14T09:00:00-05:00,14,450.6655,438.7147,16.4964,449.6918,448.2656,28.032,-0.389,-8.243,neutral_up,451.1189,-0.2189,-2.4582
TSLA,TSLA-233,2026-01-15T12:00:00-05:00,2026-01-20T04:00:00-05:00,24,441.56,423.51,15.6702,441.5047,441.3588,8.974,-6.552,1.409,neutral,449.7145,-1.0454,-1.6233
TSLA,TSLA-234,2026-01-21T08:00:00-05:00,2026-01-21T10:00:00-05:00,2,420.02,429.2899,15.2473,420.3438,423.5906,-44.546,8.649,2.849,neutral_down,445.0777,-2.5828,-4.6368
TSLA,TSLA-235,2026-01-21T11:00:00-05:00,2026-01-21T14:00:00-05:00,3,422.94,437.485,15.2473,422.7355,424.0175,2.013,-11.316,46.559,neutral,445.0777,-2.5828,-4.6368
TSLA,TSLA-236,2026-01-23T14:00:00-05:00,2026-01-26T10:00:00-05:00,12,448.465,438.53,15.6924,448.1176,445.8366,21.506,2.715,-20.185,neutral,444.3425,0.5028,-3.318
TSLA,TSLA-237,2026-01-27T13:00:00-05:00,2026-01-27T15:00:00-05:00,2,431.83,430.91,15.1436,434.7504,436.9561,-61.253,-11.609,-15.31,neutral_down,443.9021,-0.8702,0.0623
TSLA,TSLA-238,2026-01-28T10:00:00-05:00,2026-01-29T10:00:00-05:00,16,433.07,417.512,14.5497,433.4544,434.0728,1.065,-14.169,39.847,neutral,442.721,-1.1811,-1.6215
TSLA,TSLA-239,2026-02-02T04:00:00-05:00,2026-02-02T06:00:00-05:00,2,422.8,420.29,15.5248,428.8046,429.1101,-20.869,-20.545,-23.152,neutral,438.6028,-0.7983,-4.1181
TSLA,TSLA-240,2026-02-02T18:00:00-05:00,2026-02-04T05:00:00-05:00,19,424.6899,421.5,15.5248,423.557,424.4577,-2.717,4.496,11.295,neutral,438.6028,-0.7983,-4.1181
TSLA,TSLA-241,2026-02-04T08:00:00-05:00,2026-02-04T11:00:00-05:00,3,420.8,406.33,15.5175,420.8,421.6319,-8.343,0.097,4.653,neutral,435.6863,-1.3876,-3.7148
TSLA,TSLA-242,2026-02-05T14:00:00-05:00,2026-02-05T16:00:00-05:00,2,396.13,391.99,16.1748,399.0657,403.6896,-42.596,-3.149,20.584,neutral_down,432.9721,-2.7142,-5.6307
TSLA,TSLA-243,2026-02-06T08:00:00-05:00,2026-02-06T11:00:00-05:00,3,402.32,410.47,16.3266,400.0211,400.6795,8.599,0.062,2.052,neutral,429.7019,-3.2702,-7.372
TSLA,TSLA-244,2026-02-09T08:00:00-05:00,2026-02-09T14:00:00-05:00,6,410.13,419.925,16.4139,410.4934,408.7167,13.56,-2.647,-8.848,neutral,428.0045,-1.6974,-7.6818
TSLA,TSLA-245,2026-02-10T13:00:00-05:00,2026-02-10T16:00:00-05:00,3,424.53,425.5,16.2387,422.3093,419.1924,52.304,-4.188,-4.729,neutral_up,427.0186,-0.9859,-5.9535
TSLA,TSLA-246,2026-02-11T09:00:00-05:00,2026-02-12T07:00:00-05:00,14,431.32,430.09,15.8109,426.1004,423.6934,56.735,18.363,39.987,neutral_up,426.846,-0.1726,-2.8559
TSLA,TSLA-247,2026-02-12T09:00:00-05:00,2026-02-12T12:00:00-05:00,3,428.65,414.705,15.8473,428.9186,427.2858,28.625,-13.983,-6.307,neutral_up,426.9609,0.1149,-1.0436
TSLA,TSLA-248,2026-02-13T13:00:00-05:00,2026-02-17T09:00:00-05:00,12,421.765,403.15,16.3032,417.876,418.5671,13.528,14.415,46.165,neutral,426.0417,-0.9192,-0.9769
TSLA,TSLA-249,2026-02-18T08:00:00-05:00,2026-02-18T10:00:00-05:00,2,410.88,415.21,16.1433,411.6078,411.9369,-1.607,-9.617,-12.002,neutral,423.9363,-1.3266,-3.0246
TSLA,TSLA-250,2026-02-18T14:00:00-05:00,2026-02-19T07:00:00-05:00,9,410.4406,407.8,16.1433,412.8509,412.619,-2.836,-18.791,-18.152,neutral,423.9363,-1.3266,-3.0246
TSLA,TSLA-251,2026-02-19T08:00:00-05:00,2026-02-23T10:00:00-05:00,34,407.4546,400.91,15.5131,409.1564,410.4808,-36.537,-0.421,-5.033,neutral_down,422.7712,-1.1651,-3.2705
TSLA,TSLA-252,2026-02-26T10:00:00-05:00,2026-02-26T11:00:00-05:00,1,409.2715,404.64,14.5784,413.5766,413.1463,-18.77,-28.313,-47.685,neutral,418.0121,-0.0622,-2.8432
TSLA,TSLA-253,2026-03-02T11:00:00-05:00,2026-03-02T14:00:00-05:00,3,403.125,402.45,14.223,398.066,399.7079,4.088,19.802,81.179,neutral,415.8076,-1.3398,-2.2667
TSLA,TSLA-254,2026-03-02T15:00:00-05:00,2026-03-02T16:00:00-05:00,1,403.235,403.06,14.223,400.4739,400.4457,16.456,4.816,7.316,neutral,415.8076,-1.3398,-2.2667
TSLA,TSLA-255,2026-03-04T06:00:00-05:00,2026-03-04T12:00:00-05:00,6,398.32,404.165,14.6188,394.2356,394.4728,19.649,13.125,44.522,neutral,412.6361,-2.0286,-4.5113
TSLA,TSLA-256,2026-03-05T09:00:00-05:00,2026-03-06T17:00:00-05:00,24,406.58,395.85,14.716,404.8041,403.112,19.307,11.801,-8.071,neutral,412.0382,-0.5978,-3.7694
TSLA,TSLA-257,2026-03-10T18:00:00-04:00,2026-03-11T10:00:00-04:00,8,399.3,410.52,14.5335,400.5814,399.8225,-0.996,-4.168,-6.955,neutral,409.0424,-1.0402,-2.9959
TSLA,TSLA-258,2026-03-13T12:00:00-04:00,2026-03-13T17:00:00-04:00,5,394.6299,390.4007,14.2344,395.9045,397.7229,-35.258,4.026,-29.146,neutral_down,406.9312,-1.1931,-2.1111
TSLA,TSLA-259,2026-03-17T08:00:00-04:00,2026-03-17T19:00:00-04:00,11,396.08,398.98,13.8505,395.2263,395.5135,-4.592,13.091,8.152,neutral,404.5885,-0.9099,-3.5358
TSLA,TSLA-260,2026-03-18T10:00:00-04:00,2026-03-18T16:00:00-04:00,6,398.45,392.98,13.3698,400.0464,399.0735,12.356,-20.043,-37.587,neutral,404.1005,-0.488,-2.8307
TSLA,TSLA-261,2026-03-20T12:00:00-04:00,2026-03-20T13:00:00-04:00,1,374.64,371.815,13.2499,376.7546,380.6093,-56.808,4.781,18.213,neutral_down,401.0016,-2.0762,-3.587
TSLA,TSLA-262,2026-03-24T11:00:00-04:00,2026-03-25T06:00:00-04:00,11,382.52,389.2,13.7113,381.7937,379.8521,26.604,-6.549,17.804,neutral_up,396.4397,-1.559,-6.638
TSLA,TSLA-263,2026-03-25T13:00:00-04:00,2026-03-25T15:00:00-04:00,2,388.28,385.94,13.5298,389.3773,387.1858,19.741,-9.603,-38.314,neutral,395.2279,-1.2118,-5.7736
TSLA,TSLA-264,2026-03-25T18:00:00-04:00,2026-03-25T19:00:00-04:00,1,385.4,385.35,13.5298,386.9993,386.6902,-10.735,-3.837,-8.524,neutral,395.2279,-1.2118,-5.7736
TSLA,TSLA-265,2026-03-30T10:00:00-04:00,2026-03-30T17:00:00-04:00,7,364.38,353.94,13.4861,363.5799,365.2667,-14.259,4.997,13.105,neutral,389.5877,-2.7828,-5.6402
TSLA,TSLA-266,2026-04-02T04:00:00-04:00,2026-04-02T05:00:00-04:00,1,373.12,372.96,13.7416,378.7874,376.7675,4.432,-39.293,-43.358,neutral,384.7789,-0.3519,-4.8089
TSLA,TSLA-267,2026-04-09T13:00:00-04:00,2026-04-13T12:00:00-04:00,31,347.94,352.89,15.591,344.4379,345.2752,11.137,11.405,44.783,neutral,373.7865,-3.0546,-8.7907
TSLA,TSLA-268,2026-04-16T15:00:00-04:00,2026-04-16T16:00:00-04:00,1,388.79,388.24,15.6022,389.0067,386.8689,14.31,1.598,-3.512,neutral,369.5921,2.2438,0.3987
TSLA,TSLA-269,2026-04-21T09:00:00-04:00,2026-04-21T18:00:00-04:00,9,392.43,388.57,15.9254,393.902,394.2272,-6.905,-13.951,-11.171,neutral,375.681,1.6779,6.0889
TSLA,TSLA-270,2026-04-22T09:00:00-04:00,2026-04-23T05:00:00-04:00,12,390.9,375.2,15.4114,389.2705,390.0829,-6.348,16.161,8.613,neutral,376.6627,0.9817,5.3253
TSLA,TSLA-271,2026-04-24T05:00:00-04:00,2026-04-27T11:00:00-04:00,22,375.3,368.25,15.1434,374.6695,377.2302,-17.904,3.4,17.564,neutral,377.2578,-0.3628,1.5769
TSLA,TSLA-272,2026-04-27T12:00:00-04:00,2026-04-27T14:00:00-04:00,2,373.82,378.33,14.921,371.5792,373.3891,-26.746,30.792,26.464,neutral_down,377.158,-0.0998,0.4954
TSLA,TSLA-273,2026-04-28T15:00:00-04:00,2026-04-29T19:00:00-04:00,20,375.94,372.8,15.0524,376.2287,375.8662,6.467,-5.708,-0.805,neutral,377.2982,0.1402,-0.3224
TSLA,TSLA-274,2026-04-30T04:00:00-04:00,2026-04-30T05:00:00-04:00,1,371.97,371.81,14.0798,372.7716,373.8077,-21.687,-2.298,6.646,neutral,376.7761,-0.3986,-0.3819
TSLA,TSLA-275,2026-04-30T06:00:00-04:00,2026-04-30T14:00:00-04:00,8,371.68,382.3351,14.0798,372.3994,373.4492,-23.974,-0.877,-4.585,neutral_down,376.7761,-0.3986,-0.3819
TSLA,TSLA-276,2026-05-04T12:00:00-04:00,2026-05-06T06:00:00-04:00,26,389.92,390.76,14.5986,390.1266,389.1148,3.327,3.67,-25.736,neutral,378.4384,1.2292,1.2636
TSLA,TSLA-277,2026-05-06T09:00:00-04:00,2026-05-06T13:00:00-04:00,4,389.63,397.55,14.1773,389.8133,390.3191,-5.779,-1.277,0.891,neutral,380.5987,0.8751,3.3894
TSLA,TSLA-278,2026-05-11T11:00:00-04:00,2026-05-11T12:00:00-04:00,1,437.63,440.53,14.9715,426.6755,423.7127,49.716,44.744,29.344,neutral_up,388.8634,3.9457,8.2647
TSLA,TSLA-279,2026-05-14T12:00:00-04:00,2026-05-15T04:00:00-04:00,8,447.6578,432.39,17.3305,446.9726,445.1029,17.989,0.656,5.687,neutral,401.8876,4.3282,13.0243
TSLA,TSLA-280,2026-05-21T13:00:00-04:00,2026-05-22T11:00:00-04:00,14,422.41,429.1,16.8266,419.0384,416.7422,29.806,15.806,8.454,neutral_up,408.0447,0.9225,0.897
TSLA,TSLA-281,2026-05-26T11:00:00-04:00,2026-05-26T18:00:00-04:00,7,428.52,434.83,16.4177,428.9355,426.6898,30.852,-13.981,-18.297,neutral_up,410.481,1.5467,3.3588
TSLA,TSLA-282,2026-05-27T18:00:00-04:00,2026-05-28T14:00:00-04:00,12,438.8012,442.39,15.9058,439.8511,438.1057,11.728,-4.848,-13.779,neutral,412.5763,2.0954,4.5317
TSLA,TSLA-283,2026-05-29T11:00:00-04:00,2026-05-29T14:00:00-04:00,3,434.78,435.075,15.0624,437.2802,438.4746,-44.964,4.044,-43.18,neutral_down,417.5507,2.4549,7.0697
TSLA,TSLA-284,2026-05-29T15:00:00-04:00,2026-05-29T16:00:00-04:00,1,435.53,435.08,15.0624,436.5967,437.7686,-24.065,0.847,2.519,neutral_down,417.5507,2.4549,7.0697
TSLA,TSLA-285,2026-06-02T13:00:00-04:00,2026-06-02T15:00:00-04:00,2,422.4399,423.74,15.3491,420.3472,421.1913,9.706,2.877,19.972,neutral,418.8729,-0.3123,3.7771
TSLA,TSLA-286,2026-06-03T08:00:00-04:00,2026-06-03T10:00:00-04:00,2,419.69,432.87,15.0221,419.9178,420.6385,-16.352,4.37,12.021,neutral,419.3154,0.4425,1.7647
TSLA,TSLA-287,2026-06-03T11:00:00-04:00,2026-06-04T06:00:00-04:00,11,423.61,419.53,15.0221,423.1308,422.1015,31.829,-19.615,48.181,neutral_up,419.3154,0.4425,1.7647
TSLA,TSLA-288,2026-06-04T09:00:00-04:00,2026-06-05T10:00:00-04:00,17,421.95,405.4275,15.2062,421.4486,421.6359,0.58,2.402,17.497,neutral,419.7193,0.404,0.5341
TSLA,TSLA-289,2026-06-11T09:00:00-04:00,2026-06-11T15:00:00-04:00,6,388.31,399.0,17.8951,386.029,387.4016,0.211,6.484,16.119,neutral,411.4841,-2.9891,-5.5051
TSLA,TSLA-290,2026-06-12T14:00:00-04:00,2026-06-15T04:00:00-04:00,6,401.3264,411.8,17.9654,398.6574,396.4171,26.331,2.062,35.8,neutral_up,410.3492,-1.1349,-5.9183
TSLA,TSLA-291,2026-06-15T16:00:00-04:00,2026-06-18T05:00:00-04:00,37,409.963,398.76,18.105,409.9986,407.4792,25.123,-4.439,-6.469,neutral_up,410.002,-0.3472,-4.4712
TSLA,TSLA-292,2026-06-18T18:00:00-04:00,2026-06-18T19:00:00-04:00,1,398.34,398.5,16.7371,397.2704,397.519,11.151,-3.46,8.7,neutral,408.4023,-1.2172,-1.5996
TSLA,TSLA-293,2026-06-22T04:00:00-04:00,2026-06-22T05:00:00-04:00,1,394.5531,394.66,16.8145,396.9237,397.3304,-7.634,-17.639,-22.244,neutral,407.6839,-0.7184,-2.4306
TSLA,TSLA-294,2026-06-22T09:00:00-04:00,2026-06-22T11:00:00-04:00,2,406.72,407.9199,16.8145,398.2997,397.6806,31.986,40.055,51.624,neutral_up,407.6839,-0.7184,-2.4306
TSLA,TSLA-295,2026-06-24T13:00:00-04:00,2026-06-24T18:00:00-04:00,5,374.595,377.28,17.7036,380.3505,383.8564,-72.389,-18.304,-34.646,accumulation,405.0942,-2.3494,-3.3082
TSLA,TSLA-296,2026-06-25T10:00:00-04:00,2026-06-26T12:00:00-04:00,18,374.71,385.43,17.2627,375.7817,378.273,-41.45,9.004,-6.746,neutral_down,402.3938,-2.7004,-5.2901
TSLA,TSLA-297,2026-07-02T09:00:00-04:00,2026-07-02T10:00:00-04:00,1,413.0133,397.825,17.8185,423.9478,422.6882,-4.341,-60.236,-58.3,neutral,403.3861,2.1949,5.3557
AMD,AMD-001,2024-07-15T09:00:00-04:00,2024-07-15T14:00:00-04:00,5,181.13,180.2689,6.9022,182.9544,182.8504,-6.696,-24.552,-15.03,neutral,169.188,1.2462,4.3857
AMD,AMD-002,2024-07-15T19:00:00-04:00,2024-07-16T04:00:00-04:00,1,180.01,179.49,6.9022,180.643,181.4765,-33.62,0.256,0.909,neutral_down,169.188,1.2462,4.3857
AMD,AMD-003,2024-07-19T13:00:00-04:00,2024-07-19T16:00:00-04:00,3,152.028,151.29,7.7903,153.7917,155.9819,-66.107,-1.761,-8.386,accumulation,168.5141,-1.2754,-1.645
AMD,AMD-004,2024-07-22T10:00:00-04:00,2024-07-22T15:00:00-04:00,5,154.7364,155.87,7.6045,153.8286,154.0587,14.649,-0.772,23.501,neutral,166.9765,-1.5376,-3.85
AMD,AMD-005,2024-07-22T17:00:00-04:00,2024-07-22T19:00:00-04:00,2,154.3,154.3,7.6045,154.5739,154.4021,5.686,-7.733,-6.296,neutral,166.9765,-1.5376,-3.85
AMD,AMD-006,2024-07-23T04:00:00-04:00,2024-07-24T06:00:00-04:00,18,154.0,152.35,7.4256,154.4378,154.3833,-3.263,-4.995,-8.949,neutral,165.9668,-1.0097,-3.8227
AMD,AMD-007,2024-07-26T10:00:00-04:00,2024-07-30T12:00:00-04:00,34,139.8,134.15,7.3415,140.811,141.7954,-24.787,-8.537,-16.814,neutral_down,160.7881,-2.2508,-5.1787
AMD,AMD-008,2024-07-30T15:00:00-04:00,2024-07-30T18:00:00-04:00,3,138.42,148.9882,6.9472,138.0431,138.9464,-23.96,13.968,57.134,neutral_down,157.1583,-1.7418,-5.8806
AMD,AMD-009,2024-08-02T13:00:00-04:00,2024-08-05T06:00:00-04:00,9,132.5,126.49,8.2584,133.6168,134.9949,-21.175,-6.844,-4.626,neutral,152.4697,-1.992,-4.6886
AMD,AMD-010,2024-08-05T09:00:00-04:00,2024-08-05T17:00:00-04:00,8,131.22,136.7435,8.0806,128.4093,130.7618,-33.869,37.757,35.168,neutral_down,150.6561,-1.8136,-4.7987
AMD,AMD-011,2024-08-06T12:00:00-04:00,2024-08-06T18:00:00-04:00,6,133.5555,128.65,8.7402,133.9904,134.1346,-10.285,4.805,-6.462,neutral,149.2191,-1.4369,-5.2425
AMD,AMD-012,2024-08-07T09:00:00-04:00,2024-08-07T17:00:00-04:00,8,134.325,127.6,8.6402,132.2072,132.2759,15.495,10.44,16.563,neutral,147.4847,-1.7345,-4.985
AMD,AMD-013,2024-08-09T13:00:00-04:00,2024-08-09T16:00:00-04:00,3,134.9,134.33,8.5298,134.6634,134.5039,-2.896,10.367,11.603,neutral,144.922,-0.8522,-4.2971
AMD,AMD-014,2024-08-12T09:00:00-04:00,2024-08-12T18:00:00-04:00,9,135.1,136.55,8.2034,134.8443,134.6665,12.586,-0.588,3.771,neutral,143.9546,-0.9675,-3.5301
AMD,AMD-015,2024-08-13T04:00:00-04:00,2024-08-13T05:00:00-04:00,1,137.7,137.78,7.9575,136.6248,136.0158,34.515,15.158,13.145,neutral_up,143.3033,-0.6513,-2.471
AMD,AMD-016,2024-08-13T06:00:00-04:00,2024-08-13T10:00:00-04:00,4,136.1,139.61,7.9575,136.7047,136.1693,20.101,-22.018,0.744,neutral,143.3033,-0.6513,-2.471
AMD,AMD-017,2024-08-14T11:00:00-04:00,2024-08-15T09:00:00-04:00,14,140.5805,144.8,7.7034,140.7687,140.1461,10.919,-0.919,-63.429,neutral,143.1102,-0.193,-1.8118
AMD,AMD-018,2024-08-16T12:00:00-04:00,2024-08-19T06:00:00-04:00,10,149.1799,152.62,7.5321,147.6658,146.3899,55.974,10.896,18.847,neutral_up,143.3,0.408,-0.0032
AMD,AMD-019,2024-08-19T08:00:00-04:00,2024-08-19T11:00:00-04:00,3,150.0,153.2296,7.2919,149.5855,148.4203,51.27,-20.174,40.187,neutral_up,143.78,0.48,0.6698
AMD,AMD-020,2024-08-20T14:00:00-04:00,2024-08-22T12:00:00-04:00,30,157.881,153.45,7.3171,156.8752,155.4173,30.64,7.993,-19.31,neutral_up,144.8273,1.0473,1.9353
AMD,AMD-021,2024-08-23T14:00:00-04:00,2024-08-26T05:00:00-04:00,7,152.89,155.29,7.1904,153.2359,153.7221,-19.219,-0.149,-23.65,neutral,147.3983,0.4362,2.571
AMD,AMD-022,2024-08-26T07:00:00-04:00,2024-08-26T13:00:00-04:00,6,154.22,149.24,7.0083,154.6096,154.3541,11.242,-15.307,-9.616,neutral,148.0866,0.6883,2.2073
AMD,AMD-023,2024-08-27T12:00:00-04:00,2024-08-28T11:00:00-04:00,15,149.325,146.22,7.177,149.9913,150.7281,-30.386,-4.191,-3.737,neutral_down,148.2606,0.1739,1.2984
AMD,AMD-024,2024-08-30T08:00:00-04:00,2024-09-03T10:00:00-04:00,18,146.9893,140.9,6.6923,146.9368,146.751,11.018,-5.467,-1.59,neutral,148.0195,-0.253,-0.2411
AMD,AMD-025,2024-09-04T13:00:00-04:00,2024-09-04T15:00:00-04:00,2,141.8699,140.87,6.9092,140.8968,141.0248,14.908,0.318,5.165,neutral,147.0651,-1.0045,-1.2074
AMD,AMD-026,2024-09-05T08:00:00-04:00,2024-09-06T07:00:00-04:00,15,139.5,138.0,6.8692,140.4894,140.7477,-20.939,-10.75,-16.451,neutral,146.5019,-0.5632,-1.5176
AMD,AMD-027,2024-09-06T08:00:00-04:00,2024-09-06T10:00:00-04:00,2,139.85,133.6,6.6557,138.781,139.2802,-11.029,26.569,24.833,neutral,145.8635,-0.6384,-2.206
AMD,AMD-028,2024-09-10T09:00:00-04:00,2024-09-10T14:00:00-04:00,5,137.8432,141.6361,6.5166,138.1474,137.6167,22.243,-15.58,1.205,neutral,144.2222,-0.5992,-2.2797
AMD,AMD-029,2024-09-12T17:00:00-04:00,2024-09-17T18:00:00-04:00,49,150.5,150.6,6.6806,150.2198,148.8292,44.495,-3.094,-11.302,neutral_up,144.624,0.5266,-0.1974
AMD,AMD-030,2024-09-18T12:00:00-04:00,2024-09-19T05:00:00-04:00,9,150.62,153.9,5.9111,150.2807,150.7326,-20.496,17.333,-4.478,neutral,146.804,0.4006,1.6167
AMD,AMD-031,2024-09-20T19:00:00-04:00,2024-09-23T05:00:00-04:00,2,155.7085,156.33,6.198,155.4105,155.2109,16.535,-0.406,6.771,neutral,147.83,0.89,1.4266
AMD,AMD-032,2024-09-23T08:00:00-04:00,2024-09-24T19:00:00-04:00,27,156.7592,158.6499,6.111,156.031,155.615,31.749,5.308,8.755,neutral_up,148.5709,0.7409,1.7669
AMD,AMD-033,2024-09-25T04:00:00-04:00,2024-09-25T10:00:00-04:00,6,157.0,160.2999,5.7778,157.9546,157.579,6.299,-26.433,-23.074,neutral,150.134,0.8196,2.3041
AMD,AMD-034,2024-09-27T08:00:00-04:00,2024-09-27T16:00:00-04:00,8,167.9625,164.31,5.7704,167.0929,166.0626,45.822,7.369,4.262,neutral_up,152.701,1.4819,3.3866
AMD,AMD-035,2024-09-30T14:00:00-04:00,2024-10-01T06:00:00-04:00,8,163.22,165.36,5.7146,163.5467,163.9137,-7.108,-8.935,7.22,neutral,153.76,1.059,3.626
AMD,AMD-036,2024-10-01T09:00:00-04:00,2024-10-01T11:00:00-04:00,2,162.33,160.188,5.5135,164.0664,164.0644,-11.064,-34.778,-37.511,neutral,154.7,0.94,3.4809
AMD,AMD-037,2024-10-02T13:00:00-04:00,2024-10-03T11:00:00-04:00,14,160.545,164.3666,5.6426,160.51,160.7642,-1.7,-3.567,-7.392,neutral,155.16,0.46,2.459
AMD,AMD-038,2024-10-03T12:00:00-04:00,2024-10-03T13:00:00-04:00,1,162.262,162.58,5.556,162.0832,161.3136,35.171,-17.256,-8.109,neutral_up,155.5791,0.4191,1.8191
AMD,AMD-039,2024-10-07T12:00:00-04:00,2024-10-09T17:00:00-04:00,37,171.5,170.8,5.8772,170.5314,169.3079,37.165,10.183,-4.538,neutral_up,157.5746,1.3335,2.4145
AMD,AMD-040,2024-10-10T09:00:00-04:00,2024-10-10T13:00:00-04:00,4,170.0,164.78,5.5245,171.1261,171.3756,-18.165,-16.895,-23.588,neutral,161.0604,0.993,3.4858
AMD,AMD-041,2024-10-14T11:00:00-04:00,2024-10-14T17:00:00-04:00,6,167.1401,165.18,5.8802,167.7224,167.5295,-2.9,-7.019,-32.841,neutral,161.9374,0.5953,1.87
AMD,AMD-042,2024-10-16T13:00:00-04:00,2024-10-17T05:00:00-04:00,8,156.05,160.6,5.9989,156.8245,158.0327,-47.709,-6.565,6.103,neutral_down,161.7341,-0.5054,0.3919
AMD,AMD-043,2024-10-18T11:00:00-04:00,2024-10-21T06:00:00-04:00,11,156.305,155.5,5.7021,156.9536,157.2957,-23.221,-3.746,-26.819,neutral,160.7749,-0.4515,-1.4645
AMD,AMD-044,2024-10-21T08:00:00-04:00,2024-10-21T17:00:00-04:00,9,155.279,158.16,5.4698,155.6205,156.1688,-39.752,7.288,-8.954,neutral_down,160.3399,-0.435,-1.3941
AMD,AMD-045,2024-10-23T13:00:00-04:00,2024-10-24T08:00:00-04:00,11,150.79,155.1,5.4031,152.4804,153.4254,-66.365,-21.824,-9.47,accumulation,159.5715,-0.5512,-1.2034
AMD,AMD-046,2024-10-24T09:00:00-04:00,2024-10-24T17:00:00-04:00,8,154.08,153.5114,5.27,154.0056,153.7366,24.938,-13.983,6.023,neutral_up,158.9659,-0.6056,-1.374
AMD,AMD-047,2024-10-24T18:00:00-04:00,2024-10-25T09:00:00-04:00,7,153.35,157.909,5.27,153.4576,153.5096,-4.074,-1.991,0.3,neutral,158.9659,-0.6056,-1.374
AMD,AMD-048,2024-10-28T13:00:00-04:00,2024-10-28T14:00:00-04:00,1,159.8,159.3,5.1238,158.7293,157.7171,49.522,8.901,0.079,neutral_up,158.2588,-0.2039,-1.3127
AMD,AMD-049,2024-11-01T13:00:00-04:00,2024-11-01T14:00:00-04:00,1,142.38,142.49,6.1574,143.2648,144.5938,-61.277,4.429,2.296,neutral_down,156.8897,-1.286,-1.5201
AMD,AMD-050,2024-11-04T11:00:00-05:00,2024-11-06T15:00:00-05:00,36,142.14,145.07,5.9476,142.2171,142.7924,-20.349,1.155,14.25,neutral,155.5243,-1.3654,-3.601
AMD,AMD-051,2024-11-08T10:00:00-05:00,2024-11-11T05:00:00-05:00,11,149.88,146.94,5.4231,149.4806,148.6845,28.614,3.494,-14.198,neutral_up,152.1054,-0.2235,-2.0749
AMD,AMD-052,2024-11-11T08:00:00-05:00,2024-11-12T06:00:00-05:00,14,147.501,145.45,5.2632,147.7487,148.0442,-19.283,2.007,9.88,neutral,151.7322,-0.3732,-1.3226
AMD,AMD-053,2024-11-12T07:00:00-05:00,2024-11-12T12:00:00-05:00,5,146.2,141.7531,5.1487,146.2322,146.7257,-27.578,10.701,-3.759,neutral_down,151.3356,-0.3966,-0.9933
AMD,AMD-054,2024-11-14T14:00:00-05:00,2024-11-14T19:00:00-05:00,5,139.73,138.45,5.2179,139.8206,140.5131,-32.996,8.558,8.157,neutral_down,149.6055,-1.0296,-2.1266
AMD,AMD-055,2024-11-19T09:00:00-05:00,2024-11-20T14:00:00-05:00,21,138.4079,135.85,5.1232,138.5068,138.3794,-3.583,4.407,-14.516,neutral,146.6226,-0.7643,-2.9829
AMD,AMD-056,2024-11-20T16:00:00-05:00,2024-11-20T17:00:00-05:00,1,137.7381,137.26,4.9437,137.5101,138.0771,-23.348,14.867,33.709,neutral,145.966,-0.6566,-2.6636
AMD,AMD-057,2024-11-20T18:00:00-05:00,2024-11-20T19:00:00-05:00,1,137.8698,137.17,4.9437,137.542,137.9908,-12.126,9.008,26.089,neutral,145.966,-0.6566,-2.6636
AMD,AMD-058,2024-11-21T08:00:00-05:00,2024-11-25T05:00:00-05:00,29,139.17,140.02,4.9684,137.6836,137.8102,13.053,22.398,38.222,neutral,145.2046,-0.7615,-2.1823
AMD,AMD-059,2024-11-25T09:00:00-05:00,2024-11-25T11:00:00-05:00,2,139.64,141.6,4.7881,139.554,138.8763,40.276,-17.759,-21.519,neutral_up,143.9439,-0.5594,-2.0222
AMD,AMD-060,2024-11-25T12:00:00-05:00,2024-11-25T13:00:00-05:00,1,140.9101,140.74,4.7881,140.3349,139.4442,47.1,-7.745,6.823,neutral_up,143.9439,-0.5594,-2.0222
AMD,AMD-061,2024-11-26T06:00:00-05:00,2024-11-26T11:00:00-05:00,5,141.72,137.335,4.7318,141.0829,140.4652,36.985,8.614,14.811,neutral_up,143.6908,-0.2531,-1.5138
AMD,AMD-062,2024-12-02T06:00:00-05:00,2024-12-02T10:00:00-05:00,4,137.98,140.4559,4.7,137.4149,137.2353,16.782,12.13,11.857,neutral,142.0326,-0.4858,-1.6582
AMD,AMD-063,2024-12-03T13:00:00-05:00,2024-12-04T06:00:00-05:00,9,141.87,143.95,4.7675,142.3381,141.7404,9.776,-5.862,-17.323,neutral,142.0387,0.0061,-1.1075
AMD,AMD-064,2024-12-04T08:00:00-05:00,2024-12-04T18:00:00-05:00,10,143.65,143.5,4.5962,143.2018,142.5964,44.229,-4.834,1.017,neutral_up,142.0352,-0.0035,-0.4831
AMD,AMD-065,2024-12-05T08:00:00-05:00,2024-12-05T10:00:00-05:00,2,144.06,141.94,4.4779,143.6101,143.2516,33.62,6.299,12.855,neutral_up,142.2193,0.1841,0.1867
AMD,AMD-066,2024-12-06T12:00:00-05:00,2024-12-06T16:00:00-05:00,4,140.058,138.5,4.4209,141.2618,141.6544,-40.129,-22.641,-24.499,neutral_down,142.143,-0.0763,0.1043
AMD,AMD-067,2024-12-11T11:00:00-05:00,2024-12-11T19:00:00-05:00,8,128.67,130.12,4.7614,128.311,129.0538,-25.413,14.985,0.159,neutral_down,139.6382,-1.1868,-2.5048
AMD,AMD-068,2024-12-12T09:00:00-05:00,2024-12-13T10:00:00-05:00,17,130.27,125.27,4.7778,130.1469,129.871,11.563,0.304,-23.916,neutral,138.7774,-0.8607,-3.0421
AMD,AMD-069,2024-12-16T13:00:00-05:00,2024-12-17T19:00:00-05:00,22,126.7001,124.62,4.8016,126.8146,127.3657,-15.447,-1.468,24.084,neutral,137.0226,-1.0133,-2.6156
AMD,AMD-070,2024-12-18T04:00:00-05:00,2024-12-18T16:00:00-05:00,12,126.3,120.93,4.7286,125.2449,125.5628,-2.012,24.291,20.276,neutral,135.0784,-1.0048,-2.9574
AMD,AMD-071,2024-12-24T13:00:00-05:00,2024-12-30T11:00:00-05:00,41,126.29,123.1799,5.0047,126.1235,125.1774,30.011,-0.393,-6.48,neutral_up,130.6798,-0.605,-3.157
AMD,AMD-072,2024-12-31T11:00:00-05:00,2024-12-31T13:00:00-05:00,2,121.1499,120.4428,4.4927,122.3816,122.9627,-58.273,-17.627,-44.173,neutral_down,128.7641,-0.6304,-1.5166
AMD,AMD-073,2025-01-02T12:00:00-05:00,2025-01-02T14:00:00-05:00,2,120.28,120.03,4.4155,121.5541,121.7812,-27.883,-22.643,-56.676,neutral_down,128.0401,-0.724,-1.7669
AMD,AMD-074,2025-01-02T15:00:00-05:00,2025-01-02T16:00:00-05:00,1,120.63,120.8803,4.4155,120.9547,121.4145,-36.094,8.761,-8.211,neutral_down,128.0401,-0.724,-1.7669
AMD,AMD-075,2025-01-07T08:00:00-05:00,2025-01-07T17:00:00-05:00,9,130.73,127.55,4.4737,130.2261,129.1318,55.845,-1.202,-6.06,neutral_up,127.3992,0.2151,-0.641
AMD,AMD-076,2025-01-13T11:00:00-05:00,2025-01-13T17:00:00-05:00,6,114.9596,118.18,4.8884,114.9469,116.1243,-31.112,3.022,35.424,neutral_down,125.8971,-0.9927,-1.5021
AMD,AMD-077,2025-01-16T11:00:00-05:00,2025-01-16T19:00:00-05:00,8,119.25,118.4,4.6854,119.5329,119.1761,2.13,-0.048,-28.067,neutral,123.908,-0.3948,-1.9891
AMD,AMD-078,2025-01-17T04:00:00-05:00,2025-01-17T05:00:00-05:00,1,119.23,119.38,4.5536,118.8154,118.909,-3.031,15.13,14.395,neutral,123.4091,-0.4989,-1.711
AMD,AMD-079,2025-01-17T08:00:00-05:00,2025-01-17T11:00:00-05:00,3,119.79,121.1396,4.5536,119.1981,119.078,19.995,9.76,12.932,neutral,123.4091,-0.4989,-1.711
AMD,AMD-080,2025-01-21T12:00:00-05:00,2025-01-21T14:00:00-05:00,2,123.4005,122.9479,4.5369,122.4955,121.7441,55.886,9.488,8.572,neutral_up,123.2319,-0.1772,-1.0709
AMD,AMD-081,2025-01-21T15:00:00-05:00,2025-01-27T04:00:00-05:00,53,122.27,117.0,4.5369,122.645,122.0196,29.641,-19.45,-26.245,neutral_up,123.2319,-0.1772,-1.0709
AMD,AMD-082,2025-01-28T08:00:00-05:00,2025-01-29T12:00:00-05:00,20,115.33,117.74,4.5941,115.6211,116.6756,-34.119,5.407,-19.638,neutral_down,122.4147,-0.7355,-0.7784
AMD,AMD-083,2025-01-30T08:00:00-05:00,2025-01-31T15:00:00-05:00,23,118.45,115.89,4.4849,118.0449,117.3342,35.356,-1.444,-1.039,neutral_up,121.2775,-0.3868,-1.8727
AMD,AMD-084,2025-02-03T18:00:00-05:00,2025-02-03T19:00:00-05:00,1,116.3015,116.52,4.3918,115.0847,115.2718,19.54,10.998,44.756,neutral,120.5896,-0.47,-1.0747
AMD,AMD-085,2025-02-04T04:00:00-05:00,2025-02-04T05:00:00-05:00,1,115.54,115.97,4.2859,115.4054,115.3993,15.653,-11.467,7.111,neutral,120.0124,-0.5772,-1.2652
AMD,AMD-086,2025-02-04T09:00:00-05:00,2025-02-04T10:00:00-05:00,1,115.82,116.9697,4.2859,115.6493,115.5441,6.876,1.209,-4.662,neutral,120.0124,-0.5772,-1.2652
AMD,AMD-087,2025-02-04T16:00:00-05:00,2025-02-04T18:00:00-05:00,2,113.98,109.08,4.2859,116.9838,116.4993,13.447,-53.373,-38.109,neutral,120.0124,-0.5772,-1.2652
AMD,AMD-088,2025-02-06T04:00:00-05:00,2025-02-07T14:00:00-05:00,26,111.01,107.4902,5.0041,110.7811,111.2075,-5.561,1.385,-1.228,neutral,119.2516,-0.7242,-1.338
AMD,AMD-089,2025-02-11T13:00:00-05:00,2025-02-11T16:00:00-05:00,3,111.2202,111.15,4.7239,110.8558,110.3185,38.936,-4.862,-8.719,neutral_up,116.7992,-0.6329,-2.4525
AMD,AMD-090,2025-02-12T10:00:00-05:00,2025-02-13T06:00:00-05:00,12,110.4,112.23,4.6815,110.7813,110.7686,-15.481,1.575,-48.044,neutral,116.2829,-0.5163,-2.1404
AMD,AMD-091,2025-02-13T13:00:00-05:00,2025-02-14T19:00:00-05:00,22,111.275,112.98,4.545,112.3934,112.0299,1.893,-26.055,-53.092,neutral,115.8663,-0.4166,-1.5658
AMD,AMD-092,2025-02-18T04:00:00-05:00,2025-02-18T05:00:00-05:00,1,113.7,113.92,4.4067,113.0792,112.7741,27.643,13.063,10.829,neutral_up,115.2788,-0.2169,-1.0041
AMD,AMD-093,2025-02-18T06:00:00-05:00,2025-02-18T07:00:00-05:00,1,113.78,114.27,4.4067,113.3539,112.9602,38.934,1.062,24.354,neutral_up,115.2788,-0.2169,-1.0041
AMD,AMD-094,2025-02-18T08:00:00-05:00,2025-02-21T13:00:00-05:00,53,114.19,111.3772,4.4067,113.6677,113.1803,48.724,-0.014,10.852,neutral_up,115.2788,-0.2169,-1.0041
AMD,AMD-095,2025-02-26T13:00:00-05:00,2025-02-27T11:00:00-05:00,14,104.185,102.3,4.2269,104.9378,105.5481,-37.548,-13.221,2.405,neutral_down,113.1518,-0.9162,-1.8972
AMD,AMD-096,2025-02-28T14:00:00-05:00,2025-03-03T17:00:00-05:00,19,100.03,98.16,4.2118,99.9218,100.8135,-37.759,14.663,-10.78,neutral_down,111.2189,-1.1709,-2.8491
AMD,AMD-097,2025-03-05T15:00:00-05:00,2025-03-06T19:00:00-05:00,20,101.65,98.9101,4.4327,100.917,100.5615,21.794,7.374,18.102,neutral,108.3519,-0.7562,-2.8671
AMD,AMD-098,2025-03-07T04:00:00-05:00,2025-03-10T14:00:00-04:00,26,99.43,96.6652,4.2605,99.2505,99.5941,-13.258,7.686,4.52,neutral,106.9305,-0.8121,-2.1775
AMD,AMD-099,2025-03-11T08:00:00-04:00,2025-03-12T11:00:00-04:00,19,97.62,100.42,4.3461,97.6929,97.9227,-0.701,-7.842,5.38,neutral,105.4481,-0.8778,-2.2945
AMD,AMD-100,2025-03-13T08:00:00-04:00,2025-03-13T15:00:00-04:00,7,100.1,98.1,4.3342,100.1191,99.6669,11.921,1.115,-11.475,neutral,104.305,-0.3465,-2.021
AMD,AMD-101,2025-03-14T08:00:00-04:00,2025-03-14T11:00:00-04:00,3,99.4008,100.4374,4.2796,99.1703,99.0626,14.659,-1.749,-1.103,neutral,103.7409,-0.5641,-1.7072
AMD,AMD-102,2025-03-17T08:00:00-04:00,2025-03-17T09:00:00-04:00,1,102.54,105.3,4.1968,101.4544,100.7448,61.454,1.857,38.554,neutral_up,103.4881,-0.2528,-1.1634
AMD,AMD-103,2025-03-18T10:00:00-04:00,2025-03-19T14:00:00-04:00,20,103.48,107.1398,4.2677,104.1851,103.8367,-5.235,-5.371,-34.965,neutral,103.5883,0.1002,-0.7167
AMD,AMD-104,2025-03-20T14:00:00-04:00,2025-03-24T06:00:00-04:00,24,106.52,109.11,4.2116,106.6316,106.128,19.959,-7.806,-20.557,neutral,103.8245,0.2415,0.3364
AMD,AMD-105,2025-03-25T13:00:00-04:00,2025-03-26T11:00:00-04:00,14,112.9999,110.3452,4.3605,113.3833,112.6976,18.145,-7.829,-15.131,neutral,105.1996,0.865,1.3751
AMD,AMD-106,2025-03-28T07:00:00-04:00,2025-03-28T12:00:00-04:00,5,106.15,102.87,4.4395,106.3224,107.0949,-37.483,0.752,5.923,neutral_down,106.4649,0.0165,1.2653
AMD,AMD-107,2025-03-31T16:00:00-04:00,2025-04-01T05:00:00-04:00,5,102.09,103.25,4.4189,101.7171,102.2458,-4.474,-0.297,35.257,neutral,106.1699,-0.295,0.0957
AMD,AMD-108,2025-04-01T08:00:00-04:00,2025-04-02T18:00:00-04:00,26,102.3003,98.29,4.4189,102.3531,102.369,1.049,-3.422,-20.181,neutral,105.8572,-0.3127,-0.5912
AMD,AMD-109,2025-04-07T10:00:00-04:00,2025-04-08T16:00:00-04:00,22,84.48,77.7499,4.946,83.5695,85.8671,-33.491,18.53,43.244,neutral_down,102.6032,-1.6863,-2.9742
AMD,AMD-110,2025-04-11T09:00:00-04:00,2025-04-11T15:00:00-04:00,6,93.38,93.3,7.2268,90.1688,89.5696,34.52,22.087,30.188,neutral_up,97.7217,-0.9052,-3.1566
AMD,AMD-111,2025-04-14T12:00:00-04:00,2025-04-15T17:00:00-04:00,21,94.13,88.5,7.1456,94.8394,93.8477,12.458,-7.3,-33.505,neutral,97.3198,-0.402,-1.4978
AMD,AMD-112,2025-04-17T05:00:00-04:00,2025-04-21T05:00:00-04:00,16,89.66,86.12,6.837,88.7266,89.3976,-3.52,10.278,28.171,neutral,96.1121,-0.7842,-1.2077
AMD,AMD-113,2025-04-22T09:00:00-04:00,2025-04-22T10:00:00-04:00,1,85.93,85.88,6.3248,85.9831,85.981,8.904,-10.931,-2.741,neutral,94.4344,-0.8884,-2.4619
AMD,AMD-114,2025-04-22T11:00:00-04:00,2025-04-22T12:00:00-04:00,1,85.91,86.63,6.3248,85.952,85.9662,0.225,-2.374,-19.61,neutral,94.4344,-0.8884,-2.4619
AMD,AMD-115,2025-04-22T13:00:00-04:00,2025-04-22T18:00:00-04:00,5,85.67,88.4,6.3248,86.0041,85.9942,0.01,-11.388,-2.589,neutral,94.4344,-0.8884,-2.4619
AMD,AMD-116,2025-04-24T08:00:00-04:00,2025-04-24T11:00:00-04:00,3,91.1,93.09,6.1244,90.4453,90.0466,20.665,10.75,22.582,neutral,93.3811,-0.3051,-1.9417
AMD,AMD-117,2025-04-25T12:00:00-04:00,2025-04-25T16:00:00-04:00,4,95.955,96.2197,6.0027,94.5719,93.7254,52.84,13.655,38.628,neutral_up,93.4765,0.0954,-0.9579
AMD,AMD-118,2025-04-28T11:00:00-04:00,2025-04-30T08:00:00-04:00,29,94.8021,92.86,5.8775,95.6292,95.3402,-2.612,-15.352,-28.305,neutral,93.765,0.2885,0.0787
AMD,AMD-119,2025-05-05T08:00:00-04:00,2025-05-05T10:00:00-04:00,2,98.5501,101.12,5.1609,98.4275,98.3429,1.037,8.492,4.291,neutral,95.0328,0.3717,0.8498
AMD,AMD-120,2025-05-06T12:00:00-04:00,2025-05-06T13:00:00-04:00,1,98.754,98.35,5.028,99.3481,99.6088,-25.994,-1.189,9.749,neutral_down,95.5402,0.5075,1.0721
AMD,AMD-121,2025-05-06T14:00:00-04:00,2025-05-06T15:00:00-04:00,1,99.68,98.56,5.028,99.2548,99.5113,-13.078,18.415,11.726,neutral,95.5402,0.5075,1.0721
AMD,AMD-122,2025-05-06T16:00:00-04:00,2025-05-08T11:00:00-04:00,27,103.0201,103.965,5.028,99.8967,99.7516,25.056,44.939,56.549,neutral_up,95.5402,0.5075,1.0721
AMD,AMD-123,2025-05-09T06:00:00-04:00,2025-05-12T04:00:00-04:00,14,102.5,108.5,5.0179,102.2476,101.9355,13.184,3.577,10.054,neutral,96.7245,0.4965,1.1843
AMD,AMD-124,2025-05-13T08:00:00-04:00,2025-05-13T11:00:00-04:00,3,109.7989,112.06,5.0151,108.6804,107.8054,50.016,8.257,27.597,neutral_up,98.2641,0.9846,2.0362
AMD,AMD-125,2025-05-15T09:00:00-04:00,2025-05-15T18:00:00-04:00,9,116.06,114.75,5.3778,116.7044,116.1322,10.367,-12.232,-7.019,neutral,101.2045,1.6525,3.9249
AMD,AMD-126,2025-05-16T04:00:00-04:00,2025-05-16T07:00:00-04:00,3,116.65,118.03,5.2594,115.4909,115.5955,7.547,24.802,31.063,neutral,102.4568,1.2523,4.1927
AMD,AMD-127,2025-05-16T08:00:00-04:00,2025-05-16T15:00:00-04:00,7,117.95,117.18,5.2594,116.8255,116.2637,46.72,-3.023,23.866,neutral_up,102.4568,1.2523,4.1927
AMD,AMD-128,2025-05-16T17:00:00-04:00,2025-05-16T18:00:00-04:00,1,115.7504,114.19,5.2594,116.6461,116.5296,-8.382,-13.506,-18.208,neutral,102.4568,1.2523,4.1927
AMD,AMD-129,2025-05-20T04:00:00-04:00,2025-05-21T17:00:00-04:00,29,114.69,111.7501,4.9739,114.6976,114.9131,-7.251,-1.939,6.885,neutral,104.7912,0.9959,3.5867
AMD,AMD-130,2025-05-22T16:00:00-04:00,2025-05-23T07:00:00-04:00,7,111.3601,108.02,4.8237,111.6559,112.2248,-34.2,6.066,-6.629,neutral_down,106.1749,0.5875,2.3796
AMD,AMD-131,2025-05-28T08:00:00-04:00,2025-05-29T05:00:00-04:00,13,115.545,116.94,4.5703,115.1285,114.3071,53.898,-3.552,9.587,neutral_up,107.6205,0.6929,1.4456
AMD,AMD-132,2025-06-04T13:00:00-04:00,2025-06-04T17:00:00-04:00,4,118.86,118.42,4.3344,117.9767,117.1575,60.862,6.94,31.825,neutral_up,110.0056,0.7274,1.4595
AMD,AMD-133,2025-06-05T06:00:00-04:00,2025-06-05T15:00:00-04:00,9,118.79,115.68,4.2795,118.5905,118.0114,44.266,-3.894,9.661,neutral_up,110.7815,0.7759,2.0405
AMD,AMD-134,2025-06-06T16:00:00-04:00,2025-06-06T17:00:00-04:00,1,116.42,116.24,4.2977,116.4306,116.5027,-3.933,0.85,-5.592,neutral,111.2268,0.4453,1.9486
AMD,AMD-135,2025-06-09T08:00:00-04:00,2025-06-09T09:00:00-04:00,1,118.5,120.53,4.1836,117.4185,116.9882,52.794,8.309,25.214,neutral_up,111.6753,0.4485,1.6696
AMD,AMD-136,2025-06-10T13:00:00-04:00,2025-06-11T15:00:00-04:00,18,122.6701,121.195,4.3283,122.4021,121.4122,48.398,-9.943,1.627,neutral_up,112.5857,0.9104,1.8042
AMD,AMD-137,2025-06-11T16:00:00-04:00,2025-06-11T18:00:00-04:00,2,121.9,121.24,4.2541,121.8112,122.1012,-21.765,15.694,10.618,neutral,113.5552,0.9695,2.3284
AMD,AMD-138,2025-06-12T11:00:00-04:00,2025-06-12T17:00:00-04:00,6,121.14,118.48,4.2781,121.0213,121.3719,-12.333,4.789,23.665,neutral,114.2497,0.6945,2.5744
AMD,AMD-139,2025-06-13T17:00:00-04:00,2025-06-13T19:00:00-04:00,2,116.38,116.34,4.274,116.5777,117.4357,-35.854,3.833,6.014,neutral_down,114.6352,0.3855,2.0495
AMD,AMD-140,2025-06-16T04:00:00-04:00,2025-06-16T07:00:00-04:00,3,118.23,119.1,4.2137,116.823,117.3252,-2.171,31.096,33.683,neutral,114.7756,0.1404,1.2204
AMD,AMD-141,2025-06-16T08:00:00-04:00,2025-06-16T09:00:00-04:00,1,119.0,122.58,4.2137,117.9707,117.7664,37.104,1.025,27.328,neutral_up,114.7756,0.1404,1.2204
AMD,AMD-142,2025-06-17T13:00:00-04:00,2025-06-20T09:00:00-04:00,28,127.14,132.135,4.767,127.4096,125.9647,28.693,-7.192,-35.353,neutral_up,115.8324,1.0568,1.5827
AMD,AMD-143,2025-06-20T10:00:00-04:00,2025-06-20T16:00:00-04:00,6,128.14,128.3506,4.6412,128.2767,127.6979,36.718,-27.73,24.944,neutral_up,117.7581,0.9032,2.9825
AMD,AMD-144,2025-06-23T06:00:00-04:00,2025-06-23T19:00:00-04:00,13,129.44,132.52,4.7393,128.4698,128.2205,16.192,17.312,12.4,neutral,118.7119,0.9538,2.8795
AMD,AMD-145,2025-06-26T14:00:00-04:00,2025-06-26T16:00:00-04:00,2,143.1752,143.72,5.2079,144.0553,143.3335,4.999,-8.259,-7.779,neutral,123.4082,2.0002,4.6963
AMD,AMD-146,2025-06-27T09:00:00-04:00,2025-06-30T16:00:00-04:00,23,145.9588,141.6991,5.1281,144.9258,144.3084,27.287,10.936,-7.333,neutral_up,125.2556,1.8474,5.5548
AMD,AMD-147,2025-07-02T10:00:00-04:00,2025-07-02T14:00:00-04:00,4,138.38,138.77,5.2973,136.3497,137.2262,-13.063,39.399,41.788,neutral,129.0122,0.7068,3.7565
AMD,AMD-148,2025-07-03T13:00:00-04:00,2025-07-07T10:00:00-04:00,8,137.91,133.9101,5.2446,138.2996,138.2932,-10.392,-2.313,-12.684,neutral,129.8756,0.8634,2.9287
AMD,AMD-149,2025-07-09T08:00:00-04:00,2025-07-10T07:00:00-04:00,15,138.6,141.4,4.9331,138.4149,137.8855,33.418,-4.109,-5.124,neutral_up,131.6135,0.6217,1.7379
AMD,AMD-150,2025-07-11T10:00:00-04:00,2025-07-11T15:00:00-04:00,5,144.0,146.4399,4.9829,143.5969,142.9942,19.16,6.483,-0.12,neutral,133.32,1.085,2.3282
AMD,AMD-151,2025-07-14T12:00:00-04:00,2025-07-15T04:00:00-04:00,8,146.77,150.31,5.0413,145.6723,145.2876,24.224,15.499,46.043,neutral_up,134.5127,1.1927,2.8992
AMD,AMD-152,2025-07-16T08:00:00-04:00,2025-07-16T16:00:00-04:00,8,155.7164,159.84,5.6128,154.7533,153.5232,34.166,6.314,12.964,neutral_up,137.3954,1.8175,4.0754
AMD,AMD-153,2025-07-17T17:00:00-04:00,2025-07-18T16:00:00-04:00,15,159.9,156.84,5.7483,159.925,159.1595,20.295,-2.651,7.266,neutral,139.4613,2.0659,4.9485
AMD,AMD-154,2025-07-21T10:00:00-04:00,2025-07-22T05:00:00-04:00,11,159.6431,155.09,5.5326,158.0186,158.1315,13.818,27.737,28.301,neutral,142.7865,1.4208,5.3912
AMD,AMD-155,2025-07-30T07:00:00-04:00,2025-07-30T18:00:00-04:00,11,176.74,184.049,5.8729,177.0993,176.5841,-2.639,5.754,-21.938,neutral,153.9746,2.3455,6.253
AMD,AMD-156,2025-08-01T19:00:00-04:00,2025-08-04T07:00:00-04:00,4,170.72,175.0,6.1782,171.5023,172.6522,-22.199,-6.297,-5.867,neutral,158.118,1.8202,6.489
AMD,AMD-157,2025-08-05T09:00:00-04:00,2025-08-05T16:00:00-04:00,7,177.425,167.2,6.4022,178.5622,177.5051,18.052,-19.603,-32.887,neutral,160.9303,1.584,4.6325
AMD,AMD-158,2025-08-06T19:00:00-04:00,2025-08-07T10:00:00-04:00,7,164.81,171.83,6.3871,163.9264,165.673,-16.141,6.456,12.426,neutral,162.1535,1.2232,4.0355
AMD,AMD-159,2025-08-08T12:00:00-04:00,2025-08-11T05:00:00-04:00,9,172.0899,169.06,7.5108,173.5339,172.4946,5.684,-11.689,-37.713,neutral,163.1632,0.9237,2.2329
AMD,AMD-160,2025-08-11T09:00:00-04:00,2025-08-11T11:00:00-04:00,2,173.3501,177.18,7.4001,171.1507,171.5051,0.61,25.929,40.932,neutral,164.0375,0.8743,1.884
AMD,AMD-161,2025-08-11T12:00:00-04:00,2025-08-11T13:00:00-04:00,1,174.885,174.2863,7.4001,173.6485,172.7163,39.006,-9.802,38.396,neutral_up,164.0375,0.8743,1.884
AMD,AMD-162,2025-08-12T10:00:00-04:00,2025-08-13T05:00:00-04:00,11,172.435,177.03,7.5458,172.4519,172.5708,-8.115,5.997,-10.18,neutral,164.7922,0.7548,2.5527
AMD,AMD-163,2025-08-14T10:00:00-04:00,2025-08-15T11:00:00-04:00,17,181.28,177.455,7.7859,182.5251,181.5698,8.382,-12.678,-25.501,neutral,167.4109,1.6979,3.3734
AMD,AMD-164,2025-08-18T11:00:00-04:00,2025-08-19T09:00:00-04:00,14,175.14,170.619,7.4376,176.1767,177.2526,-43.891,-4.273,9.027,neutral_down,169.4463,0.8064,3.7333
AMD,AMD-165,2025-08-20T16:00:00-04:00,2025-08-20T17:00:00-04:00,1,165.6,166.09,7.4222,164.0952,165.4634,-10.608,12.941,41.175,neutral,169.7345,-0.3175,1.0946
AMD,AMD-166,2025-08-21T15:00:00-04:00,2025-08-21T16:00:00-04:00,1,163.64,163.65,7.492,164.1265,164.8159,-25.113,0.131,8.53,neutral_down,169.3223,-0.4122,-0.124
AMD,AMD-167,2025-08-22T10:00:00-04:00,2025-08-22T11:00:00-04:00,1,167.7473,167.4168,7.2157,163.6875,163.8456,25.197,52.895,69.771,neutral_up,168.8057,-0.5166,-1.2462
AMD,AMD-168,2025-08-26T09:00:00-04:00,2025-08-26T12:00:00-04:00,3,166.2403,166.275,7.1017,165.6075,165.1218,33.663,-14.693,15.006,neutral_up,168.2258,-0.4876,-1.0965
AMD,AMD-169,2025-08-27T09:00:00-04:00,2025-08-28T17:00:00-04:00,24,165.825,167.9494,7.053,166.6282,166.3127,1.783,-14.211,-29.762,neutral,168.0798,-0.146,-0.7259
AMD,AMD-170,2025-08-29T05:00:00-04:00,2025-08-29T10:00:00-04:00,5,166.56,162.77,6.5924,167.3846,167.2445,-11.681,-6.497,-30.407,neutral,168.0398,0.049,-0.186
AMD,AMD-171,2025-09-02T13:00:00-04:00,2025-09-02T16:00:00-04:00,3,160.055,162.29,6.5979,160.2714,161.5696,-33.332,3.632,9.439,neutral_down,167.5534,-0.4863,-0.5264
AMD,AMD-172,2025-09-03T13:00:00-04:00,2025-09-05T09:00:00-04:00,28,161.4416,153.53,6.5602,162.1166,162.1586,-11.65,-5.364,-26.366,neutral,167.0804,-0.473,-0.9104
AMD,AMD-173,2025-09-08T13:00:00-04:00,2025-09-09T13:00:00-04:00,16,151.08,154.57,6.6251,151.1896,152.5047,-35.779,2.96,9.938,neutral_down,164.8187,-1.3699,-2.2617
AMD,AMD-174,2025-09-11T04:00:00-04:00,2025-09-11T05:00:00-04:00,1,158.4,157.69,6.4869,159.0536,158.7275,-3.118,-3.956,-1.526,neutral,162.5837,-0.3064,-2.235
AMD,AMD-175,2025-09-12T07:00:00-04:00,2025-09-12T14:00:00-04:00,7,156.76,158.8,6.3964,156.2929,156.6569,-4.533,7.77,16.356,neutral,161.9488,-0.6349,-1.6473
AMD,AMD-176,2025-09-15T09:00:00-04:00,2025-09-15T19:00:00-04:00,10,159.29,161.0015,6.3317,159.2941,158.5508,34.051,-16.683,5.874,neutral_up,161.6308,-0.3181,-1.2593
AMD,AMD-177,2025-09-16T08:00:00-04:00,2025-09-17T05:00:00-04:00,13,161.5501,158.68,6.215,161.4259,160.6171,37.585,-7.514,-8.644,neutral_up,161.5898,-0.041,-0.9939
AMD,AMD-178,2025-09-17T09:00:00-04:00,2025-09-18T06:00:00-04:00,13,160.4801,161.9,5.9661,159.3376,159.7396,-14.189,33.925,41.597,neutral,161.4853,-0.1045,-0.4636
AMD,AMD-179,2025-09-18T08:00:00-04:00,2025-09-18T09:00:00-04:00,1,151.6101,153.88,5.9592,157.2953,158.5051,-59.888,-21.207,-101.863,neutral_down,161.2675,-0.2178,-0.3633
AMD,AMD-180,2025-09-19T12:00:00-04:00,2025-09-22T11:00:00-04:00,15,156.99,161.5248,6.1936,157.1487,157.1357,2.572,-5.25,-4.98,neutral,160.9586,-0.3089,-0.6311
AMD,AMD-181,2025-09-23T12:00:00-04:00,2025-09-25T07:00:00-04:00,27,162.4187,158.4,5.9781,161.2685,160.368,47.333,3.768,21.762,neutral_up,160.5528,-0.0833,-0.7147
AMD,AMD-182,2025-09-25T11:00:00-04:00,2025-09-25T18:00:00-04:00,7,160.095,160.7,5.9083,159.0712,159.7836,-21.023,27.934,38.019,neutral,160.6119,0.0258,-0.0242
AMD,AMD-183,2025-09-26T04:00:00-04:00,2025-09-26T05:00:00-04:00,1,159.0,159.59,5.9756,160.154,160.163,-9.595,-19.926,-24.872,neutral,160.6744,0.0626,0.1217
AMD,AMD-184,2025-09-26T07:00:00-04:00,2025-09-26T19:00:00-04:00,12,160.41,159.0,5.9756,159.9852,160.0653,-3.651,12.608,5.944,neutral,160.6744,0.0626,0.1217
AMD,AMD-185,2025-09-29T04:00:00-04:00,2025-09-29T09:00:00-04:00,5,160.64,162.83,5.9102,159.4445,159.5355,9.988,21.845,20.374,neutral,160.5627,-0.1118,-0.0234
AMD,AMD-186,2025-09-30T08:00:00-04:00,2025-10-01T17:00:00-04:00,25,161.02,164.27,5.8348,161.1631,161.0711,-0.789,-1.008,1.74,neutral,160.6333,0.0707,0.0215
AMD,AMD-187,2025-10-03T08:00:00-04:00,2025-10-03T14:00:00-04:00,6,170.26,164.5156,5.5995,170.3543,169.0988,31.421,-6.886,-20.211,neutral_up,161.8272,0.7903,1.1939
AMD,AMD-188,2025-10-07T10:00:00-04:00,2025-10-08T11:00:00-04:00,17,213.51,223.255,9.7618,211.3456,204.6559,53.556,-5.975,-9.576,neutral_up,165.8609,3.7779,4.8239
AMD,AMD-189,2025-10-09T16:00:00-04:00,2025-10-09T18:00:00-04:00,2,233.65,233.83,11.2274,233.543,231.757,12.129,4.656,4.185,neutral,175.9536,5.9446,13.8707
AMD,AMD-190,2025-10-09T19:00:00-04:00,2025-10-10T04:00:00-04:00,1,233.99,234.41,11.2274,233.6114,232.2262,16.511,1.949,4.382,neutral,175.9536,5.9446,13.8707
AMD,AMD-191,2025-10-10T07:00:00-04:00,2025-10-10T10:00:00-04:00,3,232.37,223.59,11.1804,232.7792,232.236,-0.052,1.591,-19.085,neutral,181.1287,5.1751,15.2679
AMD,AMD-192,2025-10-14T08:00:00-04:00,2025-10-14T18:00:00-04:00,10,220.2,219.09,11.7187,215.9163,217.4863,-9.886,31.325,32.411,neutral,187.1018,2.9293,11.1482
AMD,AMD-193,2025-10-16T13:00:00-04:00,2025-10-17T04:00:00-04:00,7,237.61,227.7,12.2224,238.008,235.7917,22.355,-5.322,-8.738,neutral,194.3396,4.427,10.1671
AMD,AMD-194,2025-10-17T09:00:00-04:00,2025-10-20T07:00:00-04:00,14,231.9793,236.89,11.9893,232.0326,233.0539,-10.023,1.348,39.201,neutral,197.9978,3.6582,10.896
AMD,AMD-195,2025-10-21T08:00:00-04:00,2025-10-22T12:00:00-04:00,20,240.45,228.79,11.5282,240.279,239.2435,20.398,-1.65,4.405,neutral,204.7695,3.576,10.4299
AMD,AMD-196,2025-10-23T14:00:00-04:00,2025-10-23T15:00:00-04:00,1,235.61,235.01,11.5761,233.2923,232.8054,30.851,6.101,19.701,neutral_up,209.8376,2.0407,8.6441
AMD,AMD-197,2025-10-27T13:00:00-04:00,2025-10-27T14:00:00-04:00,1,255.7679,256.4378,11.7825,255.44,252.7324,30.41,0.237,-5.758,neutral_up,215.8336,3.7076,8.0368
AMD,AMD-198,2025-10-28T04:00:00-04:00,2025-10-28T05:00:00-04:00,1,257.99,257.7,11.6994,258.1274,255.6986,40.429,-10.944,-11.303,neutral_up,219.816,3.9824,9.9784
AMD,AMD-199,2025-10-28T06:00:00-04:00,2025-11-04T06:00:00-05:00,80,257.5,253.4,11.6994,257.9335,256.0278,26.699,-5.888,-24.674,neutral_up,219.816,3.9824,9.9784
AMD,AMD-200,2025-11-04T09:00:00-05:00,2025-11-04T11:00:00-05:00,2,255.66,254.9603,10.8537,254.7366,256.154,-33.722,28.218,15.502,neutral_down,234.4787,2.5171,7.4618
AMD,AMD-201,2025-11-04T16:00:00-05:00,2025-11-04T17:00:00-05:00,1,246.68,242.18,10.8537,251.7583,253.9721,-54.035,-10.617,-27.987,neutral_down,234.4787,2.5171,7.4618
AMD,AMD-202,2025-11-11T07:00:00-05:00,2025-11-12T06:00:00-05:00,15,242.0,249.12,12.3093,243.3742,242.453,4.029,-10.49,-18.433,neutral,237.9403,0.604,0.2169
AMD,AMD-203,2025-11-12T08:00:00-05:00,2025-11-12T10:00:00-05:00,2,252.34,258.965,12.4172,248.955,246.213,41.377,-0.077,-0.451,neutral_up,237.9048,-0.0355,0.1909
AMD,AMD-204,2025-11-13T07:00:00-05:00,2025-11-13T18:00:00-05:00,11,255.6,248.2,13.3846,256.4623,254.3169,17.587,-6.04,-8.308,neutral,239.8126,1.9077,2.4762
AMD,AMD-205,2025-11-14T10:00:00-05:00,2025-11-17T05:00:00-05:00,11,249.0999,247.66,13.3979,245.6665,247.7976,-12.144,20.864,51.717,neutral,240.556,0.7434,2.6157
AMD,AMD-206,2025-11-17T08:00:00-05:00,2025-11-17T15:00:00-05:00,7,245.27,240.58,13.7523,247.3025,247.8488,-16.391,-8.32,-14.774,neutral,241.12,0.564,3.2151
AMD,AMD-207,2025-11-19T10:00:00-05:00,2025-11-19T14:00:00-05:00,4,231.1299,221.07,13.7622,230.8012,232.4146,-16.265,2.757,10.974,neutral,240.0844,-0.9864,-0.4715
AMD,AMD-208,2025-11-19T16:00:00-05:00,2025-11-20T06:00:00-05:00,6,232.22,233.65,13.7622,226.9038,229.2266,-19.186,43.677,48.586,neutral,240.0844,-0.9864,-0.4715
AMD,AMD-209,2025-11-20T08:00:00-05:00,2025-11-20T10:00:00-05:00,2,231.25,225.92,13.8913,231.8302,231.1511,11.83,-11.037,-10.625,neutral,238.5804,-1.504,-2.5396
AMD,AMD-210,2025-11-21T15:00:00-05:00,2025-11-24T12:00:00-05:00,13,203.75,215.315,15.0219,204.4428,208.1647,-25.66,-1.233,16.892,neutral_down,235.624,-2.9564,-5.4469
AMD,AMD-211,2025-11-26T08:00:00-05:00,2025-11-26T10:00:00-05:00,2,211.0579,212.13,15.242,205.1401,204.9928,25.501,30.114,37.468,neutral_up,228.8377,-2.2708,-6.7863
AMD,AMD-212,2025-11-28T12:00:00-05:00,2025-11-28T13:00:00-05:00,1,217.54,217.43,14.8289,216.2517,214.0031,47.887,1.811,-3.665,neutral_up,227.4989,-1.3389,-5.2275
AMD,AMD-213,2025-11-28T16:00:00-05:00,2025-12-01T17:00:00-05:00,14,217.98,219.8,14.8289,216.7859,214.6478,50.249,2.826,4.174,neutral_up,227.4989,-1.3389,-5.2275
AMD,AMD-214,2025-12-02T11:00:00-05:00,2025-12-02T15:00:00-05:00,4,217.6725,215.18,13.6043,220.9328,219.6991,11.517,-36.364,-47.022,neutral,225.9632,-0.6203,-2.8746
AMD,AMD-215,2025-12-03T14:00:00-05:00,2025-12-08T18:00:00-05:00,52,216.6705,225.27,13.4605,216.2129,216.7212,-7.941,7.174,12.073,neutral,224.9829,-0.9803,-2.516
AMD,AMD-216,2025-12-09T09:00:00-05:00,2025-12-11T06:00:00-05:00,29,219.375,217.5,11.6044,221.9065,221.3897,-9.197,-19.617,-30.315,neutral,222.8649,-0.1755,-1.4459
AMD,AMD-217,2025-12-11T08:00:00-05:00,2025-12-11T09:00:00-05:00,1,218.0799,210.91,10.7468,218.8205,219.7378,-31.663,-0.182,11.515,neutral_down,222.6257,-0.1206,-0.4147
AMD,AMD-218,2025-12-15T13:00:00-05:00,2025-12-15T19:00:00-05:00,6,211.63,206.2098,10.9757,211.7437,212.6887,-18.508,3.331,-0.096,neutral,221.4527,-1.0653,-1.2936
AMD,AMD-219,2025-12-16T13:00:00-05:00,2025-12-17T11:00:00-05:00,14,208.6894,201.09,10.8189,207.755,208.5644,-8.043,9.91,7.365,neutral,220.1915,-1.2612,-2.4342
AMD,AMD-220,2025-12-19T07:00:00-05:00,2025-12-19T09:00:00-05:00,2,202.5,211.705,10.4921,202.8008,202.647,8.349,-11.169,-3.655,neutral,215.7831,-1.4803,-4.4084
AMD,AMD-221,2025-12-22T15:00:00-05:00,2025-12-23T07:00:00-05:00,8,214.95,214.25,10.7569,214.8555,213.5285,26.175,2.777,-7.718,neutral_up,215.5764,-0.2066,-3.6013
AMD,AMD-222,2025-12-23T08:00:00-05:00,2025-12-29T05:00:00-05:00,40,212.9999,212.88,10.4786,214.3463,214.0732,-11.582,-17.426,-30.923,neutral,215.5195,-0.0569,-1.7439
AMD,AMD-223,2025-12-29T09:00:00-05:00,2025-12-29T18:00:00-05:00,9,211.985,215.37,9.1242,213.1567,213.979,-54.433,6.709,-1.654,neutral_down,215.3748,-0.0475,-0.1447
AMD,AMD-224,2025-12-30T13:00:00-05:00,2026-01-02T05:00:00-05:00,24,215.07,217.75,8.9586,215.3617,215.1896,-0.432,-3.297,-16.118,neutral,215.3998,0.025,-0.0607
AMD,AMD-225,2026-01-07T14:00:00-05:00,2026-01-07T15:00:00-05:00,1,209.77,210.02,9.067,210.8706,213.0993,-63.464,4.267,2.313,accumulation,216.277,-0.2047,0.9947
AMD,AMD-226,2026-01-08T09:00:00-05:00,2026-01-08T10:00:00-05:00,1,206.235,205.605,8.9236,209.367,210.6885,-49.271,-34.007,-9.44,neutral_down,215.7082,-0.5688,-0.3157
AMD,AMD-227,2026-01-09T13:00:00-05:00,2026-01-09T19:00:00-05:00,6,205.18,203.51,8.8298,205.6969,206.2091,-15.212,-8.772,-2.668,neutral,214.7075,-1.0007,-1.7743
AMD,AMD-228,2026-01-14T11:00:00-05:00,2026-01-14T19:00:00-05:00,8,221.93,223.15,9.1016,219.4332,217.9675,31.898,16.25,16.158,neutral_up,213.8321,0.7188,-0.8753
AMD,AMD-229,2026-01-16T12:00:00-05:00,2026-01-16T14:00:00-05:00,2,232.3805,232.095,9.502,232.5617,231.3921,13.465,-2.017,-6.641,neutral,215.9134,1.1997,2.8001
AMD,AMD-230,2026-01-16T15:00:00-05:00,2026-01-20T05:00:00-05:00,6,231.8,225.53,9.502,232.1322,231.4563,5.304,-1.02,-8.161,neutral,215.9134,1.1997,2.8001
AMD,AMD-231,2026-01-20T09:00:00-05:00,2026-01-20T10:00:00-05:00,1,233.27,238.41,9.2933,229.1089,229.7944,-0.005,35.221,48.723,neutral,217.3577,1.4442,3.5255
AMD,AMD-232,2026-01-22T13:00:00-05:00,2026-01-23T09:00:00-05:00,12,252.7551,263.79,10.4447,252.9011,249.8661,37.993,-8.359,-0.625,neutral_up,221.4998,2.8165,5.5864
AMD,AMD-233,2026-01-26T08:00:00-05:00,2026-01-26T12:00:00-05:00,4,256.32,253.455,10.5776,257.6547,257.2457,-4.533,-6.572,-9.444,neutral,227.6317,3.2018,8.9484
AMD,AMD-234,2026-01-27T09:00:00-05:00,2026-01-28T05:00:00-05:00,12,252.885,258.15,10.4899,252.8087,253.5156,-12.734,3.714,-7.708,neutral,229.7852,2.1535,8.2853
AMD,AMD-235,2026-01-28T10:00:00-05:00,2026-01-28T11:00:00-05:00,1,252.41,252.705,10.2827,254.8347,254.2806,-1.275,-25.473,-55.58,neutral,231.8083,2.0232,7.3785
AMD,AMD-236,2026-01-28T18:00:00-05:00,2026-01-29T11:00:00-05:00,9,253.76,244.88,10.2827,253.7293,253.7042,6.254,-5.515,26.893,neutral,231.8083,2.0232,7.3785
AMD,AMD-237,2026-01-29T12:00:00-05:00,2026-01-29T13:00:00-05:00,1,247.63,247.6,10.0618,249.7199,251.6678,-49.355,11.352,-44.389,neutral_down,233.7112,1.9029,6.0795
AMD,AMD-238,2026-02-05T13:00:00-05:00,2026-02-05T14:00:00-05:00,1,191.3,191.5705,14.0174,196.809,203.4144,-80.773,-5.523,2.378,accumulation,233.6521,-3.3472,-1.857
AMD,AMD-239,2026-02-10T12:00:00-05:00,2026-02-12T12:00:00-05:00,32,215.97,207.49,14.1171,216.1375,214.5238,25.864,-4.843,-10.957,neutral_up,226.8373,-1.1037,-6.8148
AMD,AMD-240,2026-02-13T12:00:00-05:00,2026-02-17T09:00:00-05:00,13,208.669,196.27,13.3321,207.3639,208.3037,-7.585,12.055,19.19,neutral,222.8371,-1.6937,-4.0002
AMD,AMD-241,2026-02-18T10:00:00-05:00,2026-02-18T11:00:00-05:00,1,201.67,201.785,12.7998,199.611,200.8307,-11.558,21.363,20.049,neutral,219.7587,-1.6714,-4.7721
AMD,AMD-242,2026-02-18T13:00:00-05:00,2026-02-20T05:00:00-05:00,24,201.55,203.85,12.7998,200.7617,201.1173,7.507,-2.025,19.065,neutral,219.7587,-1.6714,-4.7721
AMD,AMD-243,2026-02-20T07:00:00-05:00,2026-02-20T19:00:00-05:00,12,202.4,199.9,11.9952,202.8215,202.1696,13.772,-8.958,-18.509,neutral,216.6486,-1.3239,-4.7815
AMD,AMD-244,2026-02-24T06:00:00-05:00,2026-02-24T07:00:00-05:00,1,197.4,215.8,11.1877,196.8505,197.3817,-3.11,3.541,22.523,neutral,213.46,-1.686,-4.5125
AMD,AMD-245,2026-02-25T11:00:00-05:00,2026-02-25T19:00:00-05:00,8,211.96,208.28,11.825,213.2495,211.6222,7.661,-4.072,-36.849,neutral,213.4927,0.0327,-3.1559
AMD,AMD-246,2026-02-27T11:00:00-05:00,2026-02-27T17:00:00-05:00,6,199.97,199.5019,11.29,201.3448,203.1787,-48.149,-0.733,-0.602,neutral_down,212.3849,-0.8685,-1.0751
AMD,AMD-247,2026-03-02T09:00:00-05:00,2026-03-02T18:00:00-05:00,9,193.6,197.2694,10.9093,195.5818,198.067,-57.614,8.436,24.227,neutral_down,211.2767,-1.1082,-2.216
AMD,AMD-248,2026-03-04T07:00:00-05:00,2026-03-04T11:00:00-05:00,4,193.1,198.92,10.8248,192.2162,192.5311,7.977,1.433,19.731,neutral,208.3838,-1.7414,-4.0011
AMD,AMD-249,2026-03-05T12:00:00-05:00,2026-03-06T17:00:00-05:00,21,195.47,192.52,10.9502,199.7755,199.103,-6.3,-37.584,-31.815,neutral,207.8044,-0.5794,-3.4723
AMD,AMD-250,2026-03-10T18:00:00-04:00,2026-03-12T10:00:00-04:00,24,203.31,197.465,10.9088,203.6942,202.2645,22.208,-5.294,-8.931,neutral,205.4481,-0.2708,-2.3563
AMD,AMD-251,2026-03-13T13:00:00-04:00,2026-03-13T14:00:00-04:00,1,193.05,193.55,9.9777,195.7359,197.6099,-74.845,-6.246,-36.681,accumulation,204.5292,-0.6729,-0.9189
AMD,AMD-252,2026-03-17T09:00:00-04:00,2026-03-18T07:00:00-04:00,14,198.84,198.13,9.5747,197.2605,196.8794,28.079,12.833,35.909,neutral_up,202.8928,-0.6293,-2.3094
AMD,AMD-253,2026-03-18T08:00:00-04:00,2026-03-18T13:00:00-04:00,5,195.3807,201.98,9.1729,197.2219,197.0407,-2.876,-35.687,-39.867,neutral,202.2943,-0.5984,-2.2349
AMD,AMD-254,2026-03-18T14:00:00-04:00,2026-03-18T15:00:00-04:00,1,199.702,199.44,9.1729,199.4333,198.3963,37.531,-14.837,-1.222,neutral_up,202.2943,-0.5984,-2.2349
AMD,AMD-255,2026-03-18T16:00:00-04:00,2026-03-18T17:00:00-04:00,1,198.85,199.4,9.1729,199.3177,198.5238,16.361,-10.693,-36.007,neutral,202.2943,-0.5984,-2.2349
AMD,AMD-256,2026-03-19T04:00:00-04:00,2026-03-19T15:00:00-04:00,11,197.5,205.23,9.0256,198.8967,198.5776,-5.054,-15.622,-20.332,neutral,202.0348,-0.2595,-1.4872
AMD,AMD-257,2026-03-20T14:00:00-04:00,2026-03-23T05:00:00-04:00,7,198.74,197.0,9.313,201.2995,201.5577,-30.775,-13.148,-34.194,neutral_down,202.3253,0.2905,-0.5674
AMD,AMD-258,2026-03-23T07:00:00-04:00,2026-03-23T14:00:00-04:00,7,202.6,204.95,9.2221,200.2785,200.8898,-14.032,35.38,10.338,neutral,202.2485,-0.0768,-0.0459
AMD,AMD-259,2026-03-24T09:00:00-04:00,2026-03-25T05:00:00-04:00,12,202.57,209.63,9.1083,202.716,202.787,-6.29,3.54,-7.761,neutral,202.2822,0.0338,0.2474
AMD,AMD-260,2026-03-27T14:00:00-04:00,2026-03-30T14:00:00-04:00,16,201.68,195.21,9.9932,201.7152,204.1292,-35.111,4.64,21.654,neutral_down,204.1468,-0.0317,1.8645
AMD,AMD-261,2026-03-31T13:00:00-04:00,2026-03-31T14:00:00-04:00,1,201.495,203.42,10.1356,199.3566,199.1767,19.823,7.865,11.743,neutral,203.2308,-0.7181,-0.9476
AMD,AMD-262,2026-04-06T17:00:00-04:00,2026-04-07T18:00:00-04:00,17,219.76,228.08,10.5263,219.7644,218.0036,33.376,-3.194,-8.29,neutral_up,205.1168,1.2443,1.886
AMD,AMD-263,2026-04-09T06:00:00-04:00,2026-04-09T13:00:00-04:00,7,230.03,233.94,10.3106,230.2676,229.0314,19.365,-1.462,-3.19,neutral,210.0304,2.1849,4.9136
AMD,AMD-264,2026-04-13T13:00:00-04:00,2026-04-13T17:00:00-04:00,4,245.1025,246.8106,10.2269,244.3966,243.1071,37.181,-4.067,13.227,neutral_up,215.4084,2.9612,7.5628
AMD,AMD-265,2026-04-15T12:00:00-04:00,2026-04-15T18:00:00-04:00,6,253.24,258.1484,9.8668,254.273,252.7867,30.263,-23.588,-11.634,neutral_up,221.6057,3.3454,9.1586
AMD,AMD-266,2026-04-17T14:00:00-04:00,2026-04-21T12:00:00-04:00,30,277.5177,282.45,10.4438,277.5773,274.5672,43.988,-11.118,-0.966,neutral_up,229.773,4.8487,11.5127
AMD,AMD-267,2026-04-23T14:00:00-04:00,2026-04-23T17:00:00-04:00,3,303.55,329.29,11.2845,304.1897,300.797,43.346,-17.573,-38.689,neutral_up,247.6928,5.5747,13.5101
AMD,AMD-268,2026-04-27T10:00:00-04:00,2026-04-27T11:00:00-04:00,1,335.5,332.705,13.8345,344.4349,341.5737,-12.963,-21.728,-91.573,neutral,261.5458,8.6214,19.4277
AMD,AMD-269,2026-04-29T07:00:00-04:00,2026-04-29T18:00:00-04:00,11,330.7,348.1801,15.0303,326.6264,326.8173,18.948,10.763,29.146,neutral,273.1702,4.994,20.2458
AMD,AMD-270,2026-05-01T10:00:00-04:00,2026-05-01T17:00:00-04:00,7,351.41,361.1579,15.9704,351.4901,348.6881,28.588,-9.514,-0.336,neutral_up,285.8303,6.852,17.6541
AMD,AMD-271,2026-05-04T09:00:00-04:00,2026-05-04T11:00:00-04:00,2,352.45,342.03,15.7968,357.2659,356.0443,-5.971,-18.413,-24.953,neutral,292.623,6.7927,19.4528
AMD,AMD-272,2026-05-05T16:00:00-04:00,2026-05-05T17:00:00-04:00,1,370.79,393.9328,16.322,356.668,352.9842,59.413,23.451,19.265,neutral_up,297.0655,4.4425,18.0871
AMD,AMD-273,2026-05-07T05:00:00-04:00,2026-05-08T09:00:00-04:00,20,416.82,432.63,20.65,415.8307,407.3165,39.736,-3.931,-1.306,neutral_up,313.1912,10.8299,20.5682
AMD,AMD-274,2026-05-11T16:00:00-04:00,2026-05-12T07:00:00-04:00,7,458.05,447.0,22.6008,460.7248,454.4543,24.778,-9.101,-29.534,neutral_up,333.944,12.1056,31.5826
AMD,AMD-275,2026-05-13T10:00:00-04:00,2026-05-13T11:00:00-04:00,1,445.12,445.27,23.0464,448.8886,448.9969,-13.323,-1.311,-45.28,neutral,354.6732,9.3687,32.8348
AMD,AMD-276,2026-05-13T17:00:00-04:00,2026-05-14T05:00:00-04:00,4,444.33,439.25,23.0464,446.3552,447.4804,-12.406,-2.882,-3.964,neutral,354.6732,9.3687,32.8348
AMD,AMD-277,2026-05-14T09:00:00-04:00,2026-05-15T06:00:00-04:00,13,445.765,436.26,23.3181,441.6863,443.9836,-14.85,23.542,18.749,neutral,362.9193,8.2461,28.9753
AMD,AMD-278,2026-05-15T08:00:00-04:00,2026-05-15T09:00:00-04:00,1,434.0,427.69,22.9118,438.8039,442.097,-41.905,2.487,0.922,neutral_down,370.8075,7.8882,25.503
AMD,AMD-279,2026-05-15T10:00:00-04:00,2026-05-15T11:00:00-04:00,1,430.96,432.635,22.9118,435.4569,439.8939,-45.45,6.031,-1.058,neutral_down,370.8075,7.8882,25.503
AMD,AMD-280,2026-05-18T08:00:00-04:00,2026-05-20T07:00:00-04:00,31,428.94,422.22,23.1558,426.3539,429.7824,-17.708,12.887,16.15,neutral,375.6432,4.8357,20.97
AMD,AMD-281,2026-05-20T08:00:00-04:00,2026-05-20T09:00:00-04:00,1,424.1708,434.295,24.357,420.3676,418.928,24.027,3.227,7.997,neutral_up,382.8738,3.1236,12.0663
AMD,AMD-282,2026-05-21T11:00:00-04:00,2026-05-22T04:00:00-04:00,9,441.1001,460.4489,25.1372,439.6252,437.3365,10.276,7.204,4.448,neutral,388.7562,5.8824,13.113
AMD,AMD-283,2026-05-29T14:00:00-04:00,2026-05-29T16:00:00-04:00,2,505.005,515.16,26.6135,511.6499,512.227,-36.303,-4.118,-36.5,neutral_down,427.139,9.1001,26.1983
AMD,AMD-284,2026-06-02T09:00:00-04:00,2026-06-02T19:00:00-04:00,10,519.01,519.272,26.3719,507.9589,507.4589,19.463,32.669,35.394,neutral,442.0481,6.7972,24.0092
AMD,AMD-285,2026-06-03T19:00:00-04:00,2026-06-04T06:00:00-04:00,3,525.0,520.58,26.0074,532.5079,529.3871,-1.985,-14.324,-35.619,neutral,449.2638,7.2156,22.1247
AMD,AMD-286,2026-06-04T07:00:00-04:00,2026-06-04T16:00:00-04:00,9,519.74,518.0,25.9369,525.9576,526.9344,-24.336,-3.475,-14.422,neutral_down,457.727,8.4633,22.4761
AMD,AMD-287,2026-06-04T19:00:00-04:00,2026-06-05T08:00:00-04:00,5,514.0,506.0833,25.9369,519.4682,521.9852,-24.733,-7.576,-14.85,neutral_down,457.727,8.4633,22.4761
AMD,AMD-288,2026-06-09T10:00:00-04:00,2026-06-09T11:00:00-04:00,1,479.97,459.7,29.3551,491.9499,490.8769,-13.892,-31.298,-60.115,neutral,466.2941,2.3706,8.567
AMD,AMD-289,2026-06-10T13:00:00-04:00,2026-06-10T18:00:00-04:00,5,458.4,442.51,32.099,461.4654,467.1023,-30.509,2.422,-9.425,neutral_down,467.131,0.8369,3.4528
AMD,AMD-290,2026-06-11T04:00:00-04:00,2026-06-11T14:00:00-04:00,10,464.26,481.46,31.8862,452.5814,458.6288,-19.275,36.815,26.38,neutral,465.7582,-1.3728,1.8347
AMD,AMD-291,2026-06-16T08:00:00-04:00,2026-06-16T10:00:00-04:00,2,541.0,522.735,33.4837,546.4595,540.1698,32.615,-28.178,-22.691,neutral_up,478.6157,6.8654,12.8575
AMD,AMD-292,2026-06-17T13:00:00-04:00,2026-06-18T12:00:00-04:00,15,524.17,534.0,34.0705,520.4526,521.8895,3.729,6.036,24.287,neutral,481.2233,2.6077,13.4241
AMD,AMD-293,2026-06-18T14:00:00-04:00,2026-06-18T16:00:00-04:00,2,531.3259,537.0,33.4369,531.4353,528.0638,23.987,-8.312,-12.308,neutral_up,484.0394,2.8161,12.2892
AMD,AMD-294,2026-06-22T05:00:00-04:00,2026-06-23T05:00:00-04:00,16,539.2,518.84,33.0122,536.6037,532.7965,34.886,0.959,2.147,neutral_up,488.8031,4.7637,10.1874
AMD,AMD-295,2026-06-24T07:00:00-04:00,2026-06-24T19:00:00-04:00,12,526.5,538.6,33.4782,524.4272,525.5903,3.12,1.123,6.36,neutral,496.8357,2.3174,12.7963
AMD,AMD-296,2026-06-25T19:00:00-04:00,2026-06-26T05:00:00-04:00,2,529.0507,512.4,32.6198,528.6954,528.2089,3.579,-0.482,-4.741,neutral,498.8943,2.0586,10.0912
AMD,AMD-297,2026-06-26T13:00:00-04:00,2026-06-26T19:00:00-04:00,6,519.24,518.7,33.4241,518.2847,520.7641,-7.883,2.064,16.363,neutral,501.9666,3.0723,7.4483
AMD,AMD-298,2026-06-29T04:00:00-04:00,2026-06-29T15:00:00-04:00,11,530.25,539.28,33.1852,520.7341,520.6739,17.881,23.781,26.461,neutral,503.5824,1.6158,6.7467
AMD,AMD-299,2026-06-29T16:00:00-04:00,2026-06-29T17:00:00-04:00,1,537.441,538.41,33.1852,532.3427,527.6306,39.059,-6.18,2.853,neutral_up,503.5824,1.6158,6.7467
