date,net_pts,round_trips,net_usd
2008-01-23,0.0,0,0.0
2008-01-24,-4.745999999999855,1,-237.29999999999274
2008-01-25,0.0,0,0.0
2008-01-28,-5.446000000000128,1,-272.3000000000064
2008-01-29,0.0,0,0.0
2008-01-30,0.0,0,0.0
2008-01-31,0.0,0,0.0
2008-02-01,-0.8260000000000091,1,-41.30000000000045
2008-02-04,0.0,0,0.0
2008-02-05,0.0,0,0.0
2008-02-06,0.0,0,0.0
2008-02-07,0.0,0,0.0
2008-02-08,0.0,0,0.0
2008-02-11,0.0,0,0.0
2008-02-12,-3.1359999999999544,1,-156.7999999999977
2008-02-13,0.0,0,0.0
2008-02-14,-3.2620000000001452,2,-163.10000000000727
2008-02-15,0.0,0,0.0
2008-02-18,4.397999999999937,2,219.89999999999682
2008-02-19,8.693999999999972,1,434.6999999999986
2008-02-20,0.0,0,0.0
2008-02-21,-3.3559999999999817,1,-167.79999999999907
2008-02-22,-17.696000000000126,1,-884.8000000000063
2008-02-25,-2.8960000000001727,1,-144.80000000000862
2008-02-26,0.0,0,0.0
2008-02-27,0.0,0,0.0
2008-02-28,0.0,0,0.0
2008-02-29,15.164,1,758.1999999999999
2008-03-03,-9.845999999999991,1,-492.29999999999956
2008-03-04,0.0,0,0.0
2008-03-05,-2.082000000000082,2,-104.1000000000041
2008-03-06,13.207999999999881,2,660.3999999999941
2008-03-07,0.0,0,0.0
2008-03-10,3.4880000000000817,2,174.4000000000041
2008-03-11,4.753999999999918,1,237.6999999999959
2008-03-12,0.0,0,0.0
2008-03-13,-4.517999999999991,3,-225.89999999999955
2008-03-14,1.1579999999999266,2,57.89999999999633
2008-03-17,0.0,0,0.0
2008-03-18,1.3980000000001631,2,69.90000000000816
2008-03-19,14.683999999999982,1,734.199999999999
2008-03-20,9.248000000000072,2,462.4000000000036
2008-03-24,4.397999999999936,2,219.8999999999968
2008-03-25,0.0,0,0.0
2008-03-26,0.0,0,0.0
2008-03-27,0.0,0,0.0
2008-03-28,0.0,0,0.0
2008-03-31,0.0,0,0.0
2008-04-01,26.24399999999993,1,1312.1999999999964
2008-04-02,0.0,0,0.0
2008-04-03,0.0,0,0.0
2008-04-04,0.0,0,0.0
2008-04-07,0.0,0,0.0
2008-04-08,0.0,0,0.0
2008-04-09,-0.8080000000001819,3,-40.40000000000909
2008-04-10,-1.0460000000000365,1,-52.30000000000182
2008-04-11,-0.586,1,-29.299999999999997
2008-04-14,0.0,0,0.0
2008-04-15,0.0,0,0.0
2008-04-16,9.363999999999818,1,468.1999999999909
2008-04-17,0.0,0,0.0
2008-04-18,0.0,0,0.0
2008-04-21,0.0,0,0.0
2008-04-22,-6.471999999999955,2,-323.59999999999775
2008-04-23,-1.2760000000000546,1,-63.80000000000273
2008-04-24,-2.5319999999996727,2,-126.59999999998364
2008-04-25,-4.285999999999818,1,-214.29999999999092
2008-04-28,0.0,0,0.0
2008-04-29,-1.9659999999998818,1,-98.29999999999409
2008-04-30,-12.147999999999874,3,-607.3999999999937
2008-05-01,20.464000000000183,1,1023.2000000000091
2008-05-02,0.0,0,0.0
2008-05-05,-1.9660000000001092,1,-98.30000000000545
2008-05-06,4.2939999999998815,1,214.69999999999408
2008-05-07,15.47800000000009,2,773.9000000000045
2008-05-08,0.0,0,0.0
2008-05-09,0.0,0,0.0
2008-05-12,4.397999999999937,2,219.89999999999682
2008-05-13,-3.2420000000001634,2,-162.10000000000818
2008-05-14,-1.2879999999999727,3,-64.39999999999864
2008-05-15,5.778000000000045,2,288.90000000000225
2008-05-16,-3.3559999999999817,1,-167.79999999999907
2008-05-19,-3.586,1,-179.29999999999998
2008-05-20,-7.757999999999999,3,-387.9
2008-05-21,2.5480000000002545,2,127.40000000001272
2008-05-22,-0.8160000000000182,1,-40.80000000000091
2008-05-23,6.364000000000045,1,318.20000000000226
2008-05-26,0.0,0,0.0
2008-05-27,5.673999999999991,1,283.69999999999953
2008-05-28,0.0,0,0.0
2008-05-29,0.5839999999998454,1,29.199999999992272
2008-05-30,0.0,0,0.0
2008-06-02,4.0540000000001,1,202.700000000005
2008-06-03,0.0,0,0.0
2008-06-04,-6.806000000000028,1,-340.3000000000014
2008-06-05,10.294000000000109,1,514.7000000000054
2008-06-06,28.313999999999865,1,1415.6999999999932
2008-06-09,0.3339999999998454,1,16.699999999992272
2008-06-10,0.0,0,0.0
2008-06-11,13.638000000000172,2,681.9000000000086
2008-06-12,-10.16200000000001,2,-508.1000000000005
2008-06-13,2.673999999999991,1,133.69999999999956
2008-06-16,0.0,0,0.0
2008-06-17,0.0,0,0.0
2008-06-18,0.0,0,0.0
2008-06-19,0.0,0,0.0
2008-06-20,3.6879999999999002,2,184.399999999995
2008-06-23,0.0,0,0.0
2008-06-24,-1.5160000000000637,1,-75.80000000000318
2008-06-25,-7.767999999999763,3,-388.39999999998815
2008-06-26,12.124000000000036,1,606.2000000000018
2008-06-27,-6.806000000000028,1,-340.3000000000014
2008-06-30,-1.736000000000091,1,-86.80000000000454
2008-07-01,0.0,0,0.0
2008-07-02,13.147999999999936,2,657.3999999999968
2008-07-03,-4.506000000000073,1,-225.30000000000365
2008-07-04,0.0,0,0.0
2008-07-07,-4.506000000000073,1,-225.30000000000365
2008-07-08,0.0,0,0.0
2008-07-09,0.0,0,0.0
2008-07-10,0.0,0,0.0
2008-07-11,-2.1959999999999,1,-109.799999999995
2008-07-14,0.0,0,0.0
2008-07-15,-4.382000000000036,2,-219.1000000000018
2008-07-16,12.91799999999992,2,645.899999999996
2008-07-17,0.0,0,0.0
2008-07-18,-2.6560000000001636,1,-132.80000000000817
2008-07-21,0.0,0,0.0
2008-07-22,0.0,0,0.0
2008-07-23,-4.0259999999998275,1,-201.29999999999137
2008-07-24,21.354000000000056,1,1067.7000000000028
2008-07-25,0.0,0,0.0
2008-07-28,6.824000000000082,1,341.2000000000041
2008-07-29,16.734000000000165,1,836.7000000000082
2008-07-30,-4.966000000000109,1,-248.30000000000547
2008-07-31,0.0,0,0.0
2008-08-01,-14.207999999999819,3,-710.399999999991
2008-08-04,-1.0460000000000365,1,-52.30000000000182
2008-08-05,15.467999999999872,2,773.3999999999936
2008-08-06,0.0,0,0.0
2008-08-07,0.0,0,0.0
2008-08-08,21.124000000000038,1,1056.2000000000019
2008-08-11,-2.8860000000001818,1,-144.30000000000908
2008-08-12,0.0,0,0.0
2008-08-13,-1.5060000000000728,1,-75.30000000000364
2008-08-14,-4.172,2,-208.6
2008-08-15,0.0,0,0.0
2008-08-18,7.6080000000001995,2,380.40000000001
2008-08-19,0.0,0,0.0
2008-08-20,-3.1259999999999635,1,-156.29999999999816
2008-08-21,0.0,0,0.0
2008-08-22,0.7939999999998818,1,39.69999999999409
2008-08-25,8.894000000000018,1,444.7000000000009
2008-08-26,0.0,0,0.0
2008-08-27,-0.3559999999999818,1,-17.799999999999088
2008-08-28,0.0,0,0.0
2008-08-29,-3.3559999999999817,1,-167.79999999999907
2008-09-01,0.0,0,0.0
2008-09-02,0.0,0,0.0
2008-09-03,0.0,0,0.0
2008-09-04,15.353999999999827,1,767.6999999999913
2008-09-05,-18.10599999999998,1,-905.299999999999
2008-09-08,0.0,0,0.0
2008-09-09,31.03400000000012,1,1551.700000000006
2008-09-10,0.0,0,0.0
2008-09-11,0.0,0,0.0
2008-09-12,-6.586,1,-329.3
2008-09-15,0.0,0,0.0
2008-09-16,0.0,0,0.0
2008-09-17,0.0,0,0.0
2008-09-18,-1.996000000000082,1,-99.80000000000409
2008-09-19,0.0,0,0.0
2008-09-22,12.811999999999937,3,640.5999999999968
2008-09-23,-18.5620000000001,2,-928.100000000005
2008-09-24,0.0,0,0.0
2008-09-25,1.6580000000001545,2,82.90000000000772
2008-09-26,0.0,0,0.0
2008-09-29,42.414,1,2120.7000000000003
2008-09-30,15.644000000000018,1,782.2000000000008
2008-10-01,0.0,0,0.0
2008-10-02,22.683999999999983,1,1134.1999999999991
2008-10-03,-15.732000000000173,2,-786.6000000000087
2008-10-06,0.4879999999999711,2,24.399999999998556
2008-10-07,38.537999999999926,2,1926.8999999999962
2008-10-08,-13.276000000000055,1,-663.8000000000028
2008-10-09,35.728000000000094,2,1786.4000000000046
2008-10-10,-12.095999999999991,1,-604.7999999999996
2008-10-13,44.63800000000006,2,2231.9000000000033
2008-10-14,-20.076000000000008,1,-1003.8000000000004
2008-10-15,52.2739999999999,1,2613.6999999999953
2008-10-16,-14.446000000000014,1,-722.3000000000008
2008-10-17,-2.6960000000000135,1,-134.80000000000067
2008-10-20,-6.465999999999996,1,-323.2999999999998
2008-10-21,0.0,0,0.0
2008-10-22,-4.222000000000069,2,-211.10000000000343
2008-10-23,-25.83200000000008,2,-1291.600000000004
2008-10-24,0.0,0,0.0
2008-10-27,0.0,0,0.0
2008-10-28,28.31399999999998,1,1415.699999999999
2008-10-29,0.0,0,0.0
2008-10-30,0.0,0,0.0
2008-10-31,0.0,0,0.0
2008-11-03,0.0,0,0.0
2008-11-04,0.0,0,0.0
2008-11-05,8.708000000000109,2,435.40000000000543
2008-11-06,24.08399999999996,1,1204.199999999998
2008-11-07,-1.0560000000000274,1,-52.80000000000137
2008-11-10,-16.19199999999987,2,-809.5999999999934
2008-11-11,1.5240000000000136,1,76.20000000000068
2008-11-12,3.777999999999931,2,188.89999999999657
2008-11-13,7.3079999999999075,2,365.3999999999954
2008-11-14,-0.8260000000000091,1,-41.30000000000045
2008-11-17,-4.105999999999982,1,-205.2999999999991
2008-11-18,-28.75799999999989,3,-1437.8999999999944
2008-11-19,30.193999999999974,1,1509.6999999999987
2008-11-20,1.5519999999999463,3,77.59999999999732
2008-11-21,0.0,0,0.0
2008-11-24,3.537999999999922,2,176.8999999999961
2008-11-25,0.0,0,0.0
2008-11-26,5.764000000000022,1,288.2000000000011
2008-11-27,0.0,0,0.0
2008-11-28,0.0,0,0.0
2008-12-01,34.664,1,1733.2
2008-12-02,0.0,0,0.0
2008-12-03,0.0,0,0.0
2008-12-04,0.0,0,0.0
2008-12-05,0.0,0,0.0
2008-12-08,0.0,0,0.0
2008-12-09,0.0,0,0.0
2008-12-10,0.0,0,0.0
2008-12-11,0.0,0,0.0
2008-12-12,0.0,0,0.0
2008-12-15,0.0,0,0.0
2008-12-16,0.0,0,0.0
2008-12-17,0.0,0,0.0
2008-12-18,0.0,0,0.0
2008-12-19,-2.9460000000000135,1,-147.30000000000067
2008-12-22,3.664,1,183.20000000000002
2008-12-23,0.0,0,0.0
2008-12-24,0.0,0,0.0
2008-12-26,0.0,0,0.0
2008-12-29,-5.046000000000037,1,-252.30000000000183
2008-12-30,-2.235999999999977,1,-111.79999999999886
2008-12-31,7.4339999999999815,1,371.6999999999991
2009-01-02,13.313999999999977,1,665.6999999999988
2009-01-05,0.0,0,0.0
2009-01-06,-12.355999999999982,1,-617.7999999999992
2009-01-07,-1.0560000000000274,1,-52.80000000000137
2009-01-08,0.0,0,0.0
2009-01-09,2.377999999999954,2,118.8999999999977
2009-01-12,13.313999999999977,1,665.6999999999988
2009-01-13,-2.7060000000000044,1,-135.3000000000002
2009-01-14,4.957999999999996,2,247.89999999999978
2009-01-15,-12.105999999999982,1,-605.2999999999992
2009-01-16,-6.235999999999978,1,-311.7999999999989
2009-01-19,-2.225999999999986,1,-111.29999999999932
2009-01-20,20.267999999999944,2,1013.3999999999971
2009-01-21,0.0,0,0.0
2009-01-22,0.0,0,0.0
2009-01-23,0.0,0,0.0
2009-01-26,-6.456000000000005,1,-322.80000000000024
2009-01-27,0.0,0,0.0
2009-01-28,0.0,0,0.0
2009-01-29,0.0,0,0.0
2009-01-30,8.144000000000018,1,407.2000000000009
2009-02-02,0.0,0,0.0
2009-02-03,0.0,0,0.0
2009-02-04,2.7040000000000775,1,135.20000000000388
2009-02-05,0.0,0,0.0
2009-02-06,6.483999999999936,1,324.1999999999968
2009-02-09,0.0,0,0.0
2009-02-10,20.374000000000038,1,1018.7000000000019
2009-02-11,0.0,0,0.0
2009-02-12,-3.416000000000041,1,-170.80000000000203
2009-02-13,0.0,0,0.0
2009-02-16,0.0,0,0.0
2009-02-17,0.0,0,0.0
2009-02-18,0.0,0,0.0
2009-02-19,0.0,0,0.0
2009-02-20,0.0,0,0.0
2009-02-23,14.724000000000059,1,736.2000000000029
2009-02-24,0.0,0,0.0
2009-02-25,-2.4560000000000044,1,-122.80000000000022
2009-02-26,0.0,0,0.0
2009-02-27,0.0,0,0.0
2009-03-02,0.0,0,0.0
2009-03-03,0.0,0,0.0
2009-03-04,0.0,0,0.0
2009-03-05,0.0,0,0.0
2009-03-06,-7.395999999999946,1,-369.7999999999973
2009-03-09,-5.9959999999999685,1,-299.7999999999984
2009-03-10,16.613999999999933,1,830.6999999999966
2009-03-11,-0.586,1,-29.299999999999997
2009-03-12,16.03800000000004,2,801.9000000000019
2009-03-13,0.0,0,0.0
2009-03-16,0.0,0,0.0
2009-03-17,4.077999999999999,2,203.89999999999998
2009-03-18,-2.9659999999999953,1,-148.29999999999976
2009-03-19,0.0,0,0.0
2009-03-20,-1.775999999999941,1,-88.79999999999704
2009-03-23,21.91799999999992,2,1095.899999999996
2009-03-24,0.0,0,0.0
2009-03-25,1.7939999999999954,1,89.69999999999978
2009-03-26,0.0,0,0.0
2009-03-27,0.0,0,0.0
2009-03-30,0.26800000000005486,2,13.400000000002743
2009-03-31,-12.696000000000014,1,-634.8000000000008
2009-04-01,1.9280000000000226,2,96.40000000000113
2009-04-02,-1.6520000000000181,2,-82.6000000000009
2009-04-03,0.0,0,0.0
2009-04-06,-2.485999999999977,1,-124.29999999999886
2009-04-07,0.0,0,0.0
2009-04-08,0.0,0,0.0
2009-04-09,-0.8260000000000091,1,-41.30000000000045
2009-04-13,0.0,0,0.0
2009-04-14,-1.3060000000000274,1,-65.30000000000136
2009-04-15,0.0,0,0.0
2009-04-16,-1.7660000000000637,1,-88.30000000000318
2009-04-17,0.0,0,0.0
2009-04-20,14.17399999999999,1,708.6999999999995
2009-04-21,9.654000000000009,1,482.70000000000044
2009-04-22,-8.897999999999985,3,-444.8999999999993
2009-04-23,-4.502000000000041,2,-225.10000000000204
2009-04-24,-9.827999999999935,3,-491.3999999999968
2009-04-27,0.0,0,0.0
2009-04-28,0.0,0,0.0
2009-04-29,2.9739999999999456,1,148.6999999999973
2009-04-30,0.0,0,0.0
2009-05-01,0.0,0,0.0
2009-05-04,15.967999999999986,2,798.3999999999993
2009-05-05,0.0,0,0.0
2009-05-06,0.0,0,0.0
2009-05-07,1.5640000000000909,1,78.20000000000455
2009-05-08,0.0,0,0.0
2009-05-11,-2.485999999999977,1,-124.29999999999886
2009-05-12,-2.485999999999977,1,-124.29999999999886
2009-05-13,-6.748000000000009,3,-337.40000000000043
2009-05-14,-6.6219999999999315,2,-331.09999999999656
2009-05-15,-3.2060000000000044,1,-160.3000000000002
2009-05-18,4.068000000000123,2,203.40000000000614
2009-05-19,0.0,0,0.0
2009-05-20,0.6040000000000546,1,30.20000000000273
2009-05-21,-8.772000000000137,2,-438.60000000000684
2009-05-22,-5.345999999999991,1,-267.29999999999956
2009-05-25,0.0,0,0.0
2009-05-26,7.7540000000000315,1,387.7000000000016
2009-05-27,0.0,0,0.0
2009-05-28,0.0,0,0.0
2009-05-29,0.0,0,0.0
2009-06-01,6.563999999999977,1,328.19999999999885
2009-06-02,1.3139999999999772,1,65.69999999999887
2009-06-03,0.6040000000000546,1,30.20000000000273
2009-06-04,0.0,0,0.0
2009-06-05,0.0,0,0.0
2009-06-08,0.0,0,0.0
2009-06-09,0.0,0,0.0
2009-06-10,0.0,0,0.0
2009-06-11,-1.775999999999941,1,-88.79999999999704
2009-06-12,0.0,0,0.0
2009-06-15,0.1440000000000182,1,7.20000000000091
2009-06-16,4.204000000000077,1,210.20000000000385
2009-06-17,0.0,0,0.0
2009-06-18,-2.2279999999998,3,-111.39999999999
2009-06-19,0.0,0,0.0
2009-06-22,11.154000000000009,1,557.7000000000004
2009-06-23,0.0,0,0.0
2009-06-24,-1.775999999999941,1,-88.79999999999704
2009-06-25,15.463999999999954,1,773.1999999999977
2009-06-26,0.0,0,0.0
2009-06-29,0.0,0,0.0
2009-06-30,-1.525999999999941,1,-76.29999999999704
2009-07-01,-4.176000000000032,1,-208.8000000000016
2009-07-02,6.124000000000036,1,306.2000000000018
2009-07-03,0.0,0,0.0
2009-07-06,0.0,0,0.0
2009-07-07,11.297999999999913,2,564.8999999999957
2009-07-08,0.0,0,0.0
2009-07-09,0.0,0,0.0
2009-07-10,0.0,0,0.0
2009-07-13,0.0,0,0.0
2009-07-14,0.0,0,0.0
2009-07-15,0.3740000000000364,1,18.700000000001822
2009-07-16,0.0,0,0.0
2009-07-17,0.0,0,0.0
2009-07-20,0.0,0,0.0
2009-07-21,0.0,0,0.0
2009-07-22,0.0,0,0.0
2009-07-23,11.394000000000018,1,569.7000000000008
2009-07-24,0.0,0,0.0
2009-07-27,0.0,0,0.0
2009-07-28,0.0,0,0.0
2009-07-29,0.0,0,0.0
2009-07-30,-11.318000000000058,3,-565.9000000000029
2009-07-31,0.0,0,0.0
2009-08-03,0.0,0,0.0
2009-08-04,0.0,0,0.0
2009-08-05,-2.2279999999999136,3,-111.39999999999569
2009-08-06,-6.0679999999999445,3,-303.39999999999725
2009-08-07,-6.192000000000096,2,-309.6000000000048
2009-08-10,0.0,0,0.0
2009-08-11,2.764000000000023,1,138.20000000000115
2009-08-12,0.9979999999999591,2,49.89999999999796
2009-08-13,0.0,0,0.0
2009-08-14,-1.7760000000000546,1,-88.80000000000273
2009-08-17,0.0,0,0.0
2009-08-18,0.1440000000000182,1,7.20000000000091
2009-08-19,-0.0959999999999909,1,-4.799999999999545
2009-08-20,-3.667999999999968,3,-183.3999999999984
2009-08-21,0.7579999999999498,2,37.89999999999749
2009-08-24,0.0,0,0.0
2009-08-25,-5.616000000000087,1,-280.80000000000433
2009-08-26,0.0,0,0.0
2009-08-27,-4.521999999999909,2,-226.09999999999545
2009-08-28,-1.0660000000000183,1,-53.300000000000914
2009-08-31,0.0,0,0.0
2009-09-01,7.553999999999986,1,377.6999999999993
2009-09-02,0.0,0,0.0
2009-09-03,0.0,0,0.0
2009-09-04,2.2939999999999956,1,114.69999999999978
2009-09-07,0.0,0,0.0
2009-09-08,0.0,0,0.0
2009-09-09,-0.0959999999999909,1,-4.799999999999545
2009-09-10,0.0,0,0.0
2009-09-11,0.0,0,0.0
2009-09-14,0.0,0,0.0
2009-09-15,0.0,0,0.0
2009-09-16,0.0,0,0.0
2009-09-17,-5.011999999999919,2,-250.59999999999593
2009-09-18,0.0,0,0.0
2009-09-21,0.0,0,0.0
2009-09-22,0.0,0,0.0
2009-09-23,0.0,0,0.0
2009-09-24,2.3039999999999865,1,115.19999999999932
2009-09-25,0.0,0,0.0
2009-09-28,6.154000000000009,1,307.70000000000044
2009-09-29,0.0,0,0.0
2009-09-30,-16.37999999999993,5,-818.9999999999966
2009-10-01,18.414,1,920.7
2009-10-02,0.0,0,0.0
2009-10-05,-1.498000000000009,3,-74.90000000000046
2009-10-06,-3.321999999999977,2,-166.09999999999886
2009-10-07,0.0,0,0.0
2009-10-08,0.0,0,0.0
2009-10-09,0.0,0,0.0
2009-10-12,0.0,0,0.0
2009-10-13,0.0,0,0.0
2009-10-14,0.0,0,0.0
2009-10-15,0.0,0,0.0
2009-10-16,0.0,0,0.0
2009-10-19,-0.33599999999999997,1,-16.799999999999997
2009-10-20,-2.4960000000000817,1,-124.80000000000409
2009-10-21,-8.353999999999992,4,-417.6999999999996
2009-10-22,-0.6819999999999908,2,-34.09999999999954
2009-10-23,4.223999999999945,1,211.19999999999726
2009-10-26,-5.001999999999928,2,-250.09999999999638
2009-10-27,0.0,0,0.0
2009-10-28,14.563999999999977,1,728.1999999999988
2009-10-29,9.764000000000022,1,488.2000000000011
2009-10-30,19.14400000000002,1,957.200000000001
2009-11-02,-1.6520000000000181,2,-82.6000000000009
2009-11-03,0.0,0,0.0
2009-11-04,-1.5460000000000365,1,-77.30000000000182
2009-11-05,-0.5379999999998593,3,-26.899999999992964
2009-11-06,-6.115999999999973,1,-305.79999999999865
2009-11-09,10.004000000000145,1,500.20000000000726
2009-11-10,0.0,0,0.0
2009-11-11,0.0,0,0.0
2009-11-12,0.0,0,0.0
2009-11-13,0.0,0,0.0
2009-11-16,-2.7559999999998452,1,-137.79999999999225
2009-11-17,0.0,0,0.0
2009-11-18,-1.7860000000000456,1,-89.30000000000227
2009-11-19,-4.147999999999873,3,-207.39999999999364
2009-11-20,0.0,0,0.0
2009-11-23,-5.838000000000154,3,-291.9000000000077
2009-11-24,-5.396000000000173,1,-269.80000000000865
2009-11-25,0.0,0,0.0
2009-11-26,2.793999999999882,1,139.6999999999941
2009-11-27,-1.7760000000000546,1,-88.80000000000273
2009-11-30,-3.236000000000091,1,-161.80000000000453
2009-12-01,0.0,0,0.0
2009-12-02,-1.7860000000000456,1,-89.30000000000227
2009-12-03,0.0,0,0.0
2009-12-04,0.0,0,0.0
2009-12-07,0.0,0,0.0
2009-12-08,0.0,0,0.0
2009-12-09,0.0,0,0.0
2009-12-10,0.0,0,0.0
2009-12-11,0.0,0,0.0
2009-12-14,0.0,0,0.0
2009-12-15,0.0,0,0.0
2009-12-16,0.0,0,0.0
2009-12-17,1.8340000000000727,1,91.70000000000364
2009-12-18,0.0,0,0.0
2009-12-21,0.28800000000003645,2,14.400000000001823
2009-12-22,-2.9959999999998543,1,-149.7999999999927
2009-12-23,0.0,0,0.0
2009-12-24,-0.4420000000002091,2,-22.100000000010457
2009-12-28,0.0,0,0.0
2009-12-29,0.0,0,0.0
2009-12-30,0.0,0,0.0
2009-12-31,7.394000000000018,1,369.7000000000009
2010-01-04,3.7739999999999,1,188.69999999999501
2010-01-05,-6.135999999999955,1,-306.79999999999774
2010-01-06,0.0,0,0.0
2010-01-07,-2.7660000000000635,1,-138.30000000000317
2010-01-08,0.0,0,0.0
2010-01-11,0.0,0,0.0
2010-01-12,-1.5460000000000365,1,-77.30000000000182
2010-01-13,2.8040000000001,1,140.20000000000502
2010-01-14,0.0,0,0.0
2010-01-15,4.973999999999945,1,248.69999999999726
2010-01-18,0.0,0,0.0
2010-01-19,4.013999999999909,1,200.69999999999544
2010-01-20,0.3940000000000182,1,19.700000000000912
2010-01-21,9.803999999999872,1,490.1999999999936
2010-01-22,0.0,0,0.0
2010-01-25,0.0,0,0.0
2010-01-26,0.0,0,0.0
2010-01-27,0.0,0,0.0
2010-01-28,11.013999999999909,1,550.6999999999954
2010-01-29,-4.205999999999891,1,-210.29999999999455
2010-02-01,1.8340000000000727,1,91.70000000000364
2010-02-02,4.973999999999945,1,248.69999999999726
2010-02-03,0.0,0,0.0
2010-02-04,13.914,1,695.6999999999999
2010-02-05,-3.9659999999999953,1,-198.29999999999976
2010-02-08,0.0,0,0.0
2010-02-09,-4.2060000000001185,1,-210.30000000000592
2010-02-10,-3.966000000000109,1,-198.30000000000544
2010-02-11,2.8040000000001,1,140.20000000000502
2010-02-12,0.0,0,0.0
2010-02-15,0.0,0,0.0
2010-02-16,0.0,0,0.0
2010-02-17,0.0,0,0.0
2010-02-18,0.0,0,0.0
2010-02-19,0.0,0,0.0
2010-02-22,0.0,0,0.0
2010-02-23,2.084000000000073,1,104.20000000000364
2010-02-24,0.3840000000000273,1,19.200000000001367
2010-02-25,0.0,0,0.0
2010-02-26,0.0,0,0.0
2010-03-01,4.637999999999946,2,231.89999999999728
2010-03-02,0.0,0,0.0
2010-03-03,-6.951999999999973,2,-347.59999999999866
2010-03-04,-2.035999999999818,1,-101.7999999999909
2010-03-05,3.763999999999909,1,188.19999999999547
2010-03-08,0.0,0,0.0
2010-03-09,-1.3160000000000183,1,-65.8000000000009
2010-03-10,-4.791999999999891,2,-239.59999999999454
2010-03-11,0.0,0,0.0
2010-03-12,0.0,0,0.0
2010-03-15,-3.8320000000000816,2,-191.6000000000041
2010-03-16,-0.4319999999997636,2,-21.599999999988178
2010-03-17,-4.427999999999845,3,-221.39999999999227
2010-03-18,-1.5560000000000274,1,-77.80000000000136
2010-03-19,1.3640000000000454,1,68.20000000000228
2010-03-22,1.0180000000000544,2,50.90000000000272
2010-03-23,0.15399999999978173,1,7.699999999989086
2010-03-24,0.0,0,0.0
2010-03-25,0.0,0,0.0
2010-03-26,1.1140000000000454,1,55.70000000000227
2010-03-29,0.0,0,0.0
2010-03-30,-3.2560000000000726,1,-162.80000000000362
2010-03-31,0.0,0,0.0
2010-04-01,-1.5560000000000274,1,-77.80000000000136
2010-04-05,1.8440000000000636,1,92.20000000000319
2010-04-06,0.0,0,0.0
2010-04-07,-3.4959999999998543,1,-174.7999999999927
2010-04-08,-3.3620000000000543,2,-168.10000000000272
2010-04-09,-2.525999999999827,1,-126.29999999999136
2010-04-12,0.0,0,0.0
2010-04-13,-3.4960000000000817,1,-174.80000000000408
2010-04-14,2.957999999999881,2,147.89999999999407
2010-04-15,-3.5060000000000726,1,-175.30000000000362
2010-04-16,2.2380000000000813,2,111.90000000000407
2010-04-19,-0.586,1,-29.299999999999997
2010-04-20,0.0,0,0.0
2010-04-21,-2.2860000000000453,1,-114.30000000000227
2010-04-22,-3.986000000000091,1,-199.30000000000453
2010-04-23,1.1140000000000454,1,55.70000000000227
2010-04-26,0.0,0,0.0
2010-04-27,11.06400000000009,1,553.2000000000045
2010-04-28,0.0,0,0.0
2010-04-29,1.8540000000000545,1,92.70000000000273
2010-04-30,6.011999999999981,3,300.59999999999906
2010-05-03,-3.112000000000055,2,-155.60000000000275
2010-05-04,9.268000000000054,2,463.4000000000027
2010-05-05,0.0,0,0.0
2010-05-06,20.658000000000158,2,1032.9000000000078
2010-05-07,-1.998000000000009,3,-99.90000000000046
2010-05-10,0.0,0,0.0
2010-05-11,-5.925999999999918,1,-296.2999999999959
2010-05-12,-5.887999999999882,3,-294.39999999999407
2010-05-13,0.0,0,0.0
2010-05-14,1.9879999999998543,2,99.39999999999272
2010-05-17,-4.225999999999873,1,-211.29999999999364
2010-05-18,3.7840000000001184,1,189.20000000000593
2010-05-19,-0.34599999999999087,1,-17.299999999999542
2010-05-20,-21.0620000000001,2,-1053.1000000000051
2010-05-21,-8.2020000000002,2,-410.10000000001
2010-05-24,0.0,0,0.0
2010-05-25,0.0,0,0.0
2010-05-26,-2.045999999999809,1,-102.29999999999045
2010-05-27,0.0,0,0.0
2010-05-28,-4.572000000000091,2,-228.60000000000454
2010-05-31,0.0,0,0.0
2010-06-01,0.0,0,0.0
2010-06-02,0.0,0,0.0
2010-06-03,0.0,0,0.0
2010-06-04,0.0,0,0.0
2010-06-07,8.644000000000132,1,432.2000000000066
2010-06-08,0.0,0,0.0
2010-06-09,0.0,0,0.0
2010-06-10,-4.466000000000109,1,-223.30000000000547
2010-06-11,0.0,0,0.0
2010-06-14,0.0,0,0.0
2010-06-15,11.593999999999836,1,579.6999999999917
2010-06-16,0.0,0,0.0
2010-06-17,-0.586,1,-29.299999999999997
2010-06-18,0.0,0,0.0
2010-06-21,0.0,0,0.0
2010-06-22,10.144000000000018,1,507.2000000000009
2010-06-23,1.9979999999998455,2,99.89999999999227
2010-06-24,-9.413999999999938,4,-470.69999999999686
2010-06-25,-3.9960000000000817,1,-199.80000000000408
2010-06-28,-3.7559999999998452,1,-187.79999999999225
2010-06-29,10.623999999999922,1,531.1999999999961
2010-06-30,0.0,0,0.0
2010-07-01,-1.2679999999999905,3,-63.39999999999952
2010-07-02,-1.5560000000000274,1,-77.80000000000136
2010-07-05,0.0,0,0.0
2010-07-06,0.0,0,0.0
2010-07-07,24.744000000000042,1,1237.200000000002
2010-07-08,0.0,0,0.0
2010-07-09,0.0,0,0.0
2010-07-12,0.0,0,0.0
2010-07-13,0.0,0,0.0
2010-07-14,0.0,0,0.0
2010-07-15,-3.015999999999836,1,-150.7999999999918
2010-07-16,13.0540000000001,1,652.7000000000049
2010-07-19,0.0,0,0.0
2010-07-20,0.0,0,0.0
2010-07-21,0.0,0,0.0
2010-07-22,3.3239999999998546,1,166.19999999999274
2010-07-23,0.0,0,0.0
2010-07-26,-0.8260000000000091,1,-41.30000000000045
2010-07-27,0.0,0,0.0
2010-07-28,0.0,0,0.0
2010-07-29,-1.3260000000000092,1,-66.30000000000045
2010-07-30,0.0,0,0.0
2010-08-02,0.0,0,0.0
2010-08-03,0.1440000000000182,1,7.20000000000091
2010-08-04,0.0,0,0.0
2010-08-05,0.0,0,0.0
2010-08-06,-3.352000000000064,2,-167.60000000000318
2010-08-09,0.0,0,0.0
2010-08-10,-2.0460000000000362,1,-102.30000000000182
2010-08-11,7.943999999999972,1,397.1999999999986
2010-08-12,0.0,0,0.0
2010-08-13,0.0,0,0.0
2010-08-16,0.0,0,0.0
2010-08-17,-2.5360000000000453,1,-126.80000000000227
2010-08-18,-4.332000000000082,2,-216.6000000000041
2010-08-19,10.144000000000018,1,507.2000000000009
2010-08-20,-3.0260000000000544,1,-151.3000000000027
2010-08-23,0.0,0,0.0
2010-08-24,-0.09600000000021827,1,-4.800000000010914
2010-08-25,-2.0460000000000362,1,-102.30000000000182
2010-08-26,0.3940000000000182,1,19.700000000000912
2010-08-27,-1.902000000000018,2,-95.10000000000089
2010-08-30,3.0739999999998546,1,153.69999999999274
2010-08-31,0.0,0,0.0
2010-09-01,12.81400000000009,1,640.7000000000045
2010-09-02,0.0,0,0.0
2010-09-03,0.0,0,0.0
2010-09-06,0.0,0,0.0
2010-09-07,0.0,0,0.0
2010-09-08,0.6340000000000273,1,31.700000000001367
2010-09-09,0.0,0,0.0
2010-09-10,0.0,0,0.0
2010-09-13,0.0,0,0.0
2010-09-14,0.0,0,0.0
2010-09-15,0.0,0,0.0
2010-09-16,0.0,0,0.0
2010-09-17,0.0,0,0.0
2010-09-20,7.493999999999927,1,374.69999999999635
2010-09-21,0.0,0,0.0
2010-09-22,0.0,0,0.0
2010-09-23,0.0,0,0.0
2010-09-24,4.794000000000109,1,239.70000000000545
2010-09-27,0.0,0,0.0
2010-09-28,-5.332000000000082,2,-266.60000000000406
2010-09-29,0.0,0,0.0
2010-09-30,-6.071999999999864,2,-303.5999999999932
2010-10-01,0.0,0,0.0
2010-10-04,-0.5760000000000091,1,-28.800000000000452
2010-10-05,7.484000000000163,1,374.2000000000082
2010-10-06,0.0,0,0.0
2010-10-07,-1.8060000000000274,1,-90.30000000000136
2010-10-08,0.0,0,0.0
2010-10-11,0.0,0,0.0
2010-10-12,-6.0620000000001,2,-303.10000000000497
2010-10-13,-4.352000000000063,2,-217.60000000000318
2010-10-14,-10.308000000000181,3,-515.4000000000091
2010-10-15,-3.7660000000000635,1,-188.30000000000317
2010-10-18,-1.172,2,-58.599999999999994
2010-10-19,-3.7559999999998452,1,-187.79999999999225
2010-10-20,0.8840000000000273,1,44.20000000000137
2010-10-21,-3.275999999999827,1,-163.79999999999134
2010-10-22,0.0,0,0.0
2010-10-25,-2.2960000000000362,1,-114.80000000000182
2010-10-26,0.0,0,0.0
2010-10-27,-2.545999999999809,1,-127.29999999999045
2010-10-28,-3.2760000000000544,1,-163.8000000000027
2010-10-29,0.0,0,0.0
2010-11-01,0.1540000000000091,1,7.700000000000455
2010-11-02,0.0,0,0.0
2010-11-03,-8.906000000000164,1,-445.3000000000082
2010-11-04,2.2479999999998457,2,112.39999999999229
2010-11-05,-4.496000000000082,1,-224.8000000000041
2010-11-08,-2.785999999999818,1,-139.2999999999909
2010-11-09,2.9980000000002995,2,149.90000000001498
2010-11-10,-7.713999999999892,4,-385.6999999999946
2010-11-11,0.0,0,0.0
2010-11-12,-1.6520000000000181,2,-82.6000000000009
2010-11-15,-2.056000000000027,1,-102.80000000000136
2010-11-16,4.9580000000001085,2,247.90000000000543
2010-11-17,-3.3620000000000543,2,-168.10000000000272
2010-11-18,4.073999999999854,1,203.6999999999927
2010-11-19,-3.0360000000000453,1,-151.80000000000226
2010-11-22,-3.7660000000000635,1,-188.30000000000317
2010-11-23,-6.888000000000109,3,-344.40000000000543
2010-11-24,3.3339999999998455,1,166.6999999999923
2010-11-25,0.0,0,0.0
2010-11-26,0.0,0,0.0
2010-11-29,-11.82600000000001,1,-591.3000000000005
2010-11-30,0.0,0,0.0
2010-12-01,0.0,0,0.0
2010-12-02,6.753999999999918,1,337.6999999999959
2010-12-03,0.0,0,0.0
2010-12-06,0.0,0,0.0
2010-12-07,0.0,0,0.0
2010-12-08,0.0,0,0.0
2010-12-09,0.0,0,0.0
2010-12-10,0.0,0,0.0
2010-12-13,0.0,0,0.0
2010-12-14,0.0,0,0.0
2010-12-15,0.0,0,0.0
2010-12-16,1.1440000000000181,1,57.200000000000905
2010-12-17,0.0,0,0.0
2010-12-20,0.0,0,0.0
2010-12-21,-1.5660000000000183,1,-78.3000000000009
2010-12-22,0.0,0,0.0
2010-12-23,-1.5759999999997818,1,-78.79999999998908
2010-12-27,0.0,0,0.0
2010-12-28,0.0,0,0.0
2010-12-29,0.0,0,0.0
2010-12-30,-1.0760000000000092,1,-53.80000000000046
2010-12-31,0.0,0,0.0
2011-01-03,-1.6520000000000183,2,-82.60000000000092
2011-01-04,-3.381999999999809,2,-169.09999999999044
2011-01-05,2.8540000000000547,1,142.70000000000275
2011-01-06,-7.15800000000009,3,-357.9000000000045
2011-01-07,-6.072000000000091,2,-303.6000000000045
2011-01-10,-4.026000000000055,1,-201.30000000000274
2011-01-11,0.0,0,0.0
2011-01-12,-2.2960000000000362,1,-114.80000000000182
2011-01-13,-4.841999999999845,2,-242.09999999999226
2011-01-14,1.7780000000000458,2,88.9000000000023
2011-01-17,0.0,0,0.0
2011-01-18,-2.5460000000000362,1,-127.30000000000182
2011-01-19,7.774000000000127,1,388.70000000000636
2011-01-20,-5.006000000000073,1,-250.30000000000365
2011-01-21,-4.516000000000064,1,-225.8000000000032
2011-01-24,3.344000000000064,1,167.2000000000032
2011-01-25,0.0,0,0.0
2011-01-26,-2.066000000000018,1,-103.3000000000009
2011-01-27,-1.3260000000000092,1,-66.30000000000045
2011-01-28,15.374000000000036,1,768.7000000000018
2011-01-31,0.0,0,0.0
2011-02-01,8.264000000000136,1,413.2000000000068
2011-02-02,0.0,0,0.0
2011-02-03,-2.306000000000027,1,-115.30000000000136
2011-02-04,0.0,0,0.0
2011-02-07,1.6240000000000363,1,81.20000000000182
2011-02-08,0.0,0,0.0
2011-02-09,0.0,0,0.0
2011-02-10,0.0,0,0.0
2011-02-11,0.30800000000001804,2,15.400000000000901
2011-02-14,0.0,0,0.0
2011-02-15,0.0,0,0.0
2011-02-16,-3.045999999999809,1,-152.29999999999043
2011-02-17,0.0,0,0.0
2011-02-18,0.0,0,0.0
2011-02-21,3.1040000000000547,1,155.20000000000275
2011-02-22,0.0,0,0.0
2011-02-23,0.0,0,0.0
2011-02-24,0.0,0,0.0
2011-02-25,3.834000000000073,1,191.70000000000366
2011-02-28,1.1440000000000181,1,57.200000000000905
2011-03-01,13.914,1,695.6999999999999
2011-03-02,-4.602000000000064,2,-230.1000000000032
2011-03-03,2.7580000000000635,2,137.9000000000032
2011-03-04,0.8939999999997909,1,44.699999999989544
2011-03-07,5.5540000000001,1,277.700000000005
2011-03-08,3.3539999999998273,1,167.69999999999138
2011-03-09,-11.742000000000164,2,-587.1000000000082
2011-03-10,3.498000000000072,2,174.90000000000362
2011-03-11,0.0,0,0.0
2011-03-14,-0.33599999999999997,1,-16.799999999999997
2011-03-15,0.0,0,0.0
2011-03-16,9.274000000000127,1,463.70000000000636
2011-03-17,0.0,0,0.0
2011-03-18,0.0,0,0.0
2011-03-21,-0.34599999999999087,1,-17.299999999999542
2011-03-22,0.0,0,0.0
2011-03-23,0.0,0,0.0
2011-03-24,0.0,0,0.0
2011-03-25,0.0,0,0.0
2011-03-28,0.0,0,0.0
2011-03-29,-2.738000000000018,3,-136.90000000000092
2011-03-30,0.0,0,0.0
2011-03-31,0.0,0,0.0
2011-04-01,0.0,0,0.0
2011-04-04,0.0,0,0.0
2011-04-05,-1.431999999999991,2,-71.59999999999955
2011-04-06,0.0,0,0.0
2011-04-07,-5.602000000000063,2,-280.10000000000315
2011-04-08,-4.5259999999998275,1,-226.29999999999137
2011-04-11,-5.362000000000054,2,-268.1000000000027
2011-04-12,-4.372000000000046,2,-218.6000000000023
2011-04-13,0.0,0,0.0
2011-04-14,0.0,0,0.0
2011-04-15,-1.6720000000000002,2,-83.60000000000001
2011-04-18,-2.892000000000027,2,-144.60000000000136
2011-04-19,0.0,0,0.0
2011-04-20,-3.642000000000027,2,-182.10000000000136
2011-04-21,0.0,0,0.0
2011-04-25,-0.586,1,-29.299999999999997
2011-04-26,1.1440000000000181,1,57.200000000000905
2011-04-27,0.0,0,0.0
2011-04-28,0.0,0,0.0
2011-04-29,0.0,0,0.0
2011-05-02,0.0,0,0.0
2011-05-03,-0.33599999999999997,1,-16.799999999999997
2011-05-04,0.5200000000000456,5,26.00000000000228
2011-05-05,-6.256000000000073,1,-312.80000000000365
2011-05-06,-2.556000000000027,1,-127.80000000000136
2011-05-09,-1.8160000000000183,1,-90.8000000000009
2011-05-10,-1.9020000000000183,2,-95.10000000000092
2011-05-11,9.2739999999999,1,463.699999999995
2011-05-12,-5.602000000000063,2,-280.10000000000315
2011-05-13,3.1240000000000365,1,156.20000000000184
2011-05-16,-1.086,1,-54.300000000000004
2011-05-17,0.0,0,0.0
2011-05-18,5.5840000000000725,1,279.2000000000036
2011-05-19,0.0,0,0.0
2011-05-20,-4.536000000000046,1,-226.80000000000229
2011-05-23,0.0,0,0.0
2011-05-24,0.0,0,0.0
2011-05-25,-5.851999999999837,2,-292.59999999999184
2011-05-26,-1.3160000000000183,1,-65.8000000000009
2011-05-27,0.0,0,0.0
2011-05-30,0.0,0,0.0
2011-05-31,0.0,0,0.0
2011-06-01,23.574000000000083,1,1178.7000000000041
2011-06-02,0.0,0,0.0
2011-06-03,0.0,0,0.0
2011-06-06,0.0,0,0.0
2011-06-07,0.0,0,0.0
2011-06-08,-3.5460000000000362,1,-177.3000000000018
2011-06-09,2.873999999999809,1,143.69999999999047
2011-06-10,7.314000000000091,1,365.70000000000454
2011-06-13,-0.33599999999999997,1,-16.799999999999997
2011-06-14,0.1540000000000091,1,7.700000000000455
2011-06-15,0.0,0,0.0
2011-06-16,-6.372000000000046,2,-318.6000000000023
2011-06-17,0.0,0,0.0
2011-06-20,-3.6520000000000183,2,-182.6000000000009
2011-06-21,8.573999999999854,1,428.6999999999927
2011-06-22,0.0,0,0.0
2011-06-23,-0.586,1,-29.299999999999997
2011-06-24,10.3040000000001,1,515.2000000000049
2011-06-27,1.404000000000009,1,70.20000000000046
2011-06-28,4.028000000000045,2,201.40000000000225
2011-06-29,0.0,0,0.0
2011-06-30,2.8840000000000274,1,144.20000000000138
2011-07-01,17.49399999999993,1,874.6999999999964
2011-07-04,0.0,0,0.0
2011-07-05,0.0,0,0.0
2011-07-06,0.0,0,0.0
2011-07-07,0.0,0,0.0
2011-07-08,0.0,0,0.0
2011-07-11,-0.086,1,-4.3
2011-07-12,0.0,0,0.0
2011-07-13,-9.256000000000073,1,-462.80000000000365
2011-07-14,-8.996000000000082,1,-449.8000000000041
2011-07-15,0.0,0,0.0
2011-07-18,1.6440000000000181,1,82.20000000000091
2011-07-19,9.324000000000082,1,466.2000000000041
2011-07-20,0.0,0,0.0
2011-07-21,6.093999999999836,1,304.6999999999918
2011-07-22,-2.576000000000009,1,-128.80000000000044
2011-07-25,0.0,0,0.0
2011-07-26,-0.8260000000000091,1,-41.30000000000045
2011-07-27,13.427999999999908,2,671.3999999999954
2011-07-28,-8.015999999999837,1,-400.7999999999918
2011-07-29,0.0,0,0.0
2011-08-01,-2.316000000000018,1,-115.8000000000009
2011-08-02,5.757999999999836,2,287.8999999999918
2011-08-03,-6.872000000000045,2,-343.60000000000224
2011-08-04,29.614000000000047,1,1480.7000000000023
2011-08-05,-42.34800000000037,3,-2117.4000000000183
2011-08-08,26.05800000000025,2,1302.9000000000124
2011-08-09,-5.372000000000046,2,-268.6000000000023
2011-08-10,3.7599999999998257,5,187.99999999999127
2011-08-11,36.79399999999988,1,1839.6999999999941
2011-08-12,0.0,0,0.0
2011-08-15,-5.286000000000046,1,-264.3000000000023
2011-08-16,0.0,0,0.0
2011-08-17,-6.776000000000055,1,-338.80000000000274
2011-08-18,8.738000000000081,2,436.90000000000407
2011-08-19,-8.506000000000073,1,-425.30000000000365
2011-08-22,0.0,0,0.0
2011-08-23,11.553999999999872,1,577.6999999999936
2011-08-24,-2.816000000000018,1,-140.8000000000009
2011-08-25,-8.178000000000072,3,-408.9000000000036
2011-08-26,-9.842000000000073,2,-492.10000000000366
2011-08-29,-1.086,1,-54.300000000000004
2011-08-30,0.0,0,0.0
2011-08-31,1.6340000000000272,1,81.70000000000137
2011-09-01,6.594000000000063,1,329.7000000000032
2011-09-02,0.0,0,0.0
2011-09-05,-4.546000000000037,1,-227.30000000000183
2011-09-06,0.0,0,0.0
2011-09-07,0.0,0,0.0
2011-09-08,0.0,0,0.0
2011-09-09,0.0,0,0.0
2011-09-12,0.0,0,0.0
2011-09-13,0.0,0,0.0
2011-09-14,0.0,0,0.0
2011-09-15,0.0,0,0.0
2011-09-16,0.0,0,0.0
2011-09-19,-14.026000000000055,1,-701.3000000000028
2011-09-20,-14.025999999999827,1,-701.2999999999914
2011-09-21,29.52400000000013,1,1476.2000000000064
2011-09-22,0.0,0,0.0
2011-09-23,-1.0760000000000092,1,-53.80000000000046
2011-09-26,0.0,0,0.0
2011-09-27,-4.326000000000009,1,-216.30000000000047
2011-09-28,16.093999999999838,1,804.6999999999919
2011-09-29,0.0,0,0.0
2011-09-30,0.0,0,0.0
2011-10-03,18.074000000000083,1,903.7000000000041
2011-10-04,-3.566000000000018,1,-178.3000000000009
2011-10-05,-1.758000000000001,3,-87.90000000000005
2011-10-06,-10.948000000000055,3,-547.4000000000028
2011-10-07,0.9040000000000091,1,45.20000000000046
2011-10-10,0.1540000000000091,1,7.700000000000455
2011-10-11,0.0,0,0.0
2011-10-12,-0.586,1,-29.299999999999997
2011-10-13,-1.8260000000000092,1,-91.30000000000045
2011-10-14,0.0,0,0.0
2011-10-17,8.787999999999808,2,439.3999999999904
2011-10-18,6.798000000000027,2,339.90000000000134
2011-10-19,0.41400000000000003,1,20.700000000000003
2011-10-20,-6.0660000000000185,1,-303.3000000000009
2011-10-21,-2.576000000000009,1,-128.80000000000044
2011-10-24,1.4820000000000095,3,74.10000000000048
2011-10-25,-5.324000000000019,4,-266.20000000000095
2011-10-26,0.0,0,0.0
2011-10-27,-0.33599999999999997,1,-16.799999999999997
2011-10-28,0.0,0,0.0
2011-10-31,2.972000000000018,3,148.6000000000009
2011-11-01,0.0,0,0.0
2011-11-02,0.0,0,0.0
2011-11-03,0.164,1,8.200000000000001
2011-11-04,-2.826000000000009,1,-141.30000000000044
2011-11-07,-2.076000000000009,1,-103.80000000000045
2011-11-08,1.404000000000009,1,70.20000000000046
2011-11-09,6.884000000000027,1,344.20000000000135
2011-11-10,0.0,0,0.0
2011-11-11,-1.336,1,-66.8
2011-11-14,0.9040000000000091,1,45.20000000000046
2011-11-15,0.164,1,8.200000000000001
2011-11-16,0.0,0,0.0
2011-11-17,2.5580000000000176,2,127.90000000000089
2011-11-18,0.0,0,0.0
2011-11-21,0.664,1,33.2
2011-11-22,-1.5760000000000092,1,-78.80000000000045
2011-11-23,7.298000000000027,2,364.90000000000134
2011-11-24,0.0,0,0.0
2011-11-25,-11.786000000000046,1,-589.3000000000023
2011-11-28,0.0,0,0.0
2011-11-29,-2.576000000000009,1,-128.80000000000044
2011-11-30,5.298000000000027,2,264.90000000000134
2011-12-01,0.0,0,0.0
2011-12-02,0.0,0,0.0
2011-12-05,0.0,0,0.0
2011-12-06,0.0,0,0.0
2011-12-07,-4.076000000000009,1,-203.80000000000047
2011-12-08,12.864000000000045,1,643.2000000000022
2011-12-09,8.874000000000036,1,443.7000000000018
2011-12-12,-0.0959999999999909,1,-4.799999999999545
2011-12-13,-3.566000000000018,1,-178.3000000000009
2011-12-14,0.41400000000000003,1,20.700000000000003
2011-12-15,0.0,0,0.0
2011-12-16,0.0,0,0.0
2011-12-19,-8.258,3,-412.9
2011-12-20,9.164,1,458.2
2011-12-21,-3.1719999999999997,2,-158.6
2011-12-22,-0.32600000000000906,1,-16.300000000000452
2011-12-23,0.0,0,0.0
2011-12-27,-0.086,1,-4.3
2011-12-28,7.423999999999991,1,371.19999999999953
2011-12-29,0.0,0,0.0
2011-12-30,0.0,0,0.0
2012-01-03,0.0,0,0.0
2012-01-04,0.0,0,0.0
2012-01-05,0.0,0,0.0
2012-01-06,-3.336,1,-166.79999999999998
2012-01-09,0.0,0,0.0
2012-01-10,0.0,0,0.0
2012-01-11,0.0,0,0.0
2012-01-12,-1.586,1,-79.3
2012-01-13,-5.422,2,-271.09999999999997
2012-01-16,0.0,0,0.0
2012-01-17,0.0,0,0.0
2012-01-18,9.414,1,470.7
2012-01-19,0.0,0,0.0
2012-01-20,0.0,0,0.0
2012-01-23,-5.422,2,-271.09999999999997
2012-01-24,0.0,0,0.0
2012-01-25,-3.086,1,-154.29999999999998
2012-01-26,0.0,0,0.0
2012-01-27,0.0,0,0.0
2012-01-30,-4.086,1,-204.3
2012-01-31,0.0,0,0.0
2012-02-01,-2.336,1,-116.8
2012-02-02,0.0,0,0.0
2012-02-03,0.0,0,0.0
2012-02-06,0.0,0,0.0
2012-02-07,-1.586,1,-79.3
2012-02-08,-2.586,1,-129.29999999999998
2012-02-09,-3.336,1,-166.79999999999998
2012-02-10,0.0,0,0.0
2012-02-13,0.0,0,0.0
2012-02-14,-10.691999999999982,2,-534.5999999999991
2012-02-15,-1.586,1,-79.3
2012-02-16,13.42399999999999,1,671.1999999999995
2012-02-17,0.0,0,0.0
2012-02-20,0.0,0,0.0
2012-02-21,-2.336,1,-116.8
2012-02-22,0.0,0,0.0
2012-02-23,-0.6719999999999997,2,-33.59999999999999
2012-02-24,0.0,0,0.0
2012-02-27,0.0,0,0.0
2012-02-28,-1.836,1,-91.8
2012-02-29,-0.1620000000000088,2,-8.10000000000044
2012-03-01,-1.836,1,-91.8
2012-03-02,-3.336,1,-166.79999999999998
2012-03-05,-3.086,1,-154.29999999999998
2012-03-06,2.173999999999991,1,108.69999999999955
2012-03-07,0.0,0,0.0
2012-03-08,0.0,0,0.0
2012-03-09,-1.586,1,-79.3
2012-03-12,0.0,0,0.0
2012-03-13,3.328,2,166.4
2012-03-14,-0.586,1,-29.299999999999997
2012-03-15,-0.922,2,-46.1
2012-03-16,0.0,0,0.0
2012-03-19,-1.4220000000000002,2,-71.10000000000001
2012-03-20,0.0,0,0.0
2012-03-21,-2.336,1,-116.8
2012-03-22,-1.836,1,-91.8
2012-03-23,-1.086,1,-54.300000000000004
2012-03-26,4.107999999999972,2,205.3999999999986
2012-03-27,0.0,0,0.0
2012-03-28,1.6740000000002182,1,83.70000000001092
2012-03-29,-6.1919999999999815,2,-309.59999999999906
2012-03-30,0.0,0,0.0
2012-04-02,6.4339999999999815,1,321.6999999999991
2012-04-03,-10.373999999999974,4,-518.6999999999987
2012-04-04,-1.836,1,-91.8
2012-04-05,0.0,0,0.0
2012-04-09,0.0,0,0.0
2012-04-10,16.24399999999993,1,812.1999999999964
2012-04-11,0.0,0,0.0
2012-04-12,9.953999999999963,1,497.69999999999817
2012-04-13,7.943999999999972,1,397.1999999999986
2012-04-16,0.0,0,0.0
2012-04-17,6.943999999999972,1,347.1999999999986
2012-04-18,0.0,0,0.0
2012-04-19,-0.33599999999999997,1,-16.799999999999997
2012-04-20,0.0,0,0.0
2012-04-23,0.664,1,33.2
2012-04-24,-0.33599999999999997,1,-16.799999999999997
2012-04-25,-2.5959999999999908,1,-129.79999999999953
2012-04-26,1.4239999999999908,1,71.19999999999955
2012-04-27,0.0,0,0.0
2012-04-30,-2.0959999999999908,1,-104.79999999999954
2012-05-01,10.214000000000182,1,510.7000000000091
2012-05-02,0.0,0,0.0
2012-05-03,3.933999999999982,1,196.6999999999991
2012-05-04,10.463999999999954,1,523.1999999999977
2012-05-07,0.0,0,0.0
2012-05-08,-1.422,2,-71.1
2012-05-09,-6.8660000000002,1,-343.30000000001
2012-05-10,0.0,0,0.0
2012-05-11,-0.33599999999999997,1,-16.799999999999997
2012-05-14,0.0,0,0.0
2012-05-15,-2.0959999999999908,1,-104.79999999999954
2012-05-16,-0.836,1,-41.8
2012-05-17,12.887999999999945,2,644.3999999999972
2012-05-18,1.414,1,70.7
2012-05-21,10.463999999999954,1,523.1999999999977
2012-05-22,-1.586,1,-79.3
2012-05-23,-12.981999999999946,2,-649.0999999999973
2012-05-24,-3.8459999999999908,1,-192.29999999999953
2012-05-25,0.0,0,0.0
2012-05-28,0.0,0,0.0
2012-05-29,-0.586,1,-29.299999999999997
2012-05-30,-0.42199999999999993,2,-21.099999999999998
2012-05-31,-6.355999999999982,1,-317.7999999999991
2012-06-01,0.0,0,0.0
2012-06-04,-0.836,1,-41.8
2012-06-05,0.1739999999999909,1,8.699999999999546
2012-06-06,13.723999999999945,1,686.1999999999972
2012-06-07,0.0,0,0.0
2012-06-08,0.0,0,0.0
2012-06-11,0.0,0,0.0
2012-06-12,0.0,0,0.0
2012-06-13,0.0,0,0.0
2012-06-14,4.713999999999954,1,235.69999999999771
2012-06-15,0.0,0,0.0
2012-06-18,0.0,0,0.0
2012-06-19,-1.9220000000000002,2,-96.10000000000001
2012-06-20,0.0,0,0.0
2012-06-21,21.53800000000004,2,1076.900000000002
2012-06-22,0.0,0,0.0
2012-06-25,-6.471999999999955,2,-323.59999999999775
2012-06-26,0.0,0,0.0
2012-06-27,-4.2020000000002,2,-210.10000000001
2012-06-28,-6.211999999999963,2,-310.59999999999815
2012-06-29,0.0,0,0.0
2012-07-02,3.6279999999997266,2,181.39999999998633
2012-07-03,6.223999999999945,1,311.19999999999726
2012-07-04,0.0,0,0.0
2012-07-05,-0.33599999999999997,1,-16.799999999999997
2012-07-06,0.0,0,0.0
2012-07-09,-2.3459999999999908,1,-117.29999999999954
2012-07-10,0.0,0,0.0
2012-07-11,0.0,0,0.0
2012-07-12,-7.232000000000173,2,-361.60000000000866
2012-07-13,8.243999999999927,1,412.19999999999635
2012-07-16,-3.6059999999999817,1,-180.29999999999907
2012-07-17,-15.986000000000091,1,-799.3000000000046
2012-07-18,5.723999999999945,1,286.19999999999726
2012-07-19,0.0,0,0.0
2012-07-20,0.0,0,0.0
2012-07-23,-3.8659999999999726,1,-193.29999999999862
2012-07-24,6.483999999999936,1,324.1999999999968
2012-07-25,-3.1159999999999726,1,-155.79999999999862
2012-07-26,0.0,0,0.0
2012-07-27,11.024000000000127,1,551.2000000000063
2012-07-30,-5.635999999999955,1,-281.79999999999774
2012-07-31,0.0,0,0.0
2012-08-01,0.0,0,0.0
2012-08-02,-2.3559999999999817,1,-117.79999999999909
2012-08-03,2.693999999999973,1,134.69999999999865
2012-08-06,0.0,0,0.0
2012-08-07,-2.191999999999982,2,-109.5999999999991
2012-08-08,0.0,0,0.0
2012-08-09,0.0,0,0.0
2012-08-10,0.0,0,0.0
2012-08-13,0.0,0,0.0
2012-08-14,0.0,0,0.0
2012-08-15,-1.086,1,-54.300000000000004
2012-08-16,2.693999999999973,1,134.69999999999865
2012-08-17,0.0,0,0.0
2012-08-20,0.0,0,0.0
2012-08-21,-4.201999999999972,2,-210.09999999999863
2012-08-22,0.0,0,0.0
2012-08-23,1.347999999999982,2,67.39999999999911
2012-08-24,1.6839999999999817,1,84.1999999999991
2012-08-27,0.0,0,0.0
2012-08-28,0.0,0,0.0
2012-08-29,0.0,0,0.0
2012-08-30,-2.767999999999991,3,-138.39999999999955
2012-08-31,0.0,0,0.0
2012-09-03,0.0,0,0.0
2012-09-04,-5.895999999999946,1,-294.7999999999973
2012-09-05,0.0,0,0.0
2012-09-06,12.024000000000127,1,601.2000000000063
2012-09-07,0.0,0,0.0
2012-09-10,0.0,0,0.0
2012-09-11,-3.9619999999999633,2,-198.09999999999818
2012-09-12,0.0,0,0.0
2012-09-13,0.0,0,0.0
2012-09-14,-2.7019999999999724,2,-135.09999999999863
2012-09-17,0.0,0,0.0
2012-09-18,0.0,0,0.0
2012-09-19,0.0,0,0.0
2012-09-20,-3.6359999999999544,1,-181.7999999999977
2012-09-21,0.0,0,0.0
2012-09-24,0.0,0,0.0
2012-09-25,8.793999999999881,1,439.6999999999941
2012-09-26,-3.1799999999999997,5,-159.0
2012-09-27,4.473999999999945,1,223.69999999999726
2012-09-28,-4.462000000000191,2,-223.10000000000954
2012-10-01,-2.2679999999999905,3,-113.39999999999952
2012-10-02,-2.6159999999999726,1,-130.79999999999862
2012-10-03,-0.586,1,-29.299999999999997
2012-10-04,-7.077999999999937,3,-353.89999999999685
2012-10-05,0.0,0,0.0
2012-10-08,0.0,0,0.0
2012-10-09,4.223999999999945,1,211.19999999999726
2012-10-10,2.9539999999999638,1,147.6999999999982
2012-10-11,0.0,0,0.0
2012-10-12,-4.461999999999963,2,-223.09999999999818
2012-10-15,-0.9319999999997635,2,-46.59999999998817
2012-10-16,4.733999999999936,1,236.6999999999968
2012-10-17,0.8579999999999726,2,42.89999999999863
2012-10-18,0.0,0,0.0
2012-10-19,17.15400000000001,1,857.7000000000005
2012-10-22,-1.095999999999991,1,-54.79999999999955
2012-10-23,-1.595999999999991,1,-79.79999999999954
2012-10-24,0.0,0,0.0
2012-10-25,0.0,0,0.0
2012-10-26,-2.8659999999999726,1,-143.29999999999862
2012-10-31,0.0,0,0.0
2012-11-01,6.764000000000136,1,338.2000000000068
2012-11-02,3.7239999999999456,1,186.1999999999973
2012-11-05,0.0,0,0.0
2012-11-06,-2.8659999999999726,1,-143.29999999999862
2012-11-07,12.432000000000054,3,621.6000000000026
2012-11-08,-4.7979999999999645,3,-239.89999999999822
2012-11-09,-2.1159999999999726,1,-105.79999999999863
2012-11-12,0.0,0,0.0
2012-11-13,-5.481999999999945,2,-274.09999999999724
2012-11-14,5.592000000000136,3,279.60000000000684
2012-11-15,0.0,0,0.0
2012-11-16,-16.882000000000037,2,-844.1000000000018
2012-11-19,0.8579999999999728,2,42.89999999999864
2012-11-20,-5.9159999999999275,1,-295.7999999999964
2012-11-21,0.0,0,0.0
2012-11-22,0.0,0,0.0
2012-11-23,-1.095999999999991,1,-54.79999999999955
2012-11-26,0.0,0,0.0
2012-11-27,0.0,0,0.0
2012-11-28,-1.086,1,-54.300000000000004
2012-11-29,-3.376000000000191,1,-168.80000000000953
2012-11-30,0.0,0,0.0
2012-12-03,0.0,0,0.0
2012-12-04,0.0,0,0.0
2012-12-05,-8.455999999999891,1,-422.79999999999455
2012-12-06,0.0,0,0.0
2012-12-07,0.0,0,0.0
2012-12-10,-3.3759999999999635,1,-168.79999999999816
2012-12-11,-0.8459999999999909,1,-42.29999999999954
2012-12-12,0.0,0,0.0
2012-12-13,0.42399999999999094,1,21.199999999999548
2012-12-14,0.0,0,0.0
2012-12-17,5.612000000000118,3,280.60000000000593
2012-12-18,10.864000000000045,1,543.2000000000022
2012-12-19,4.1679999999999175,2,208.39999999999588
2012-12-20,-6.761999999999919,2,-338.09999999999593
2012-12-21,0.0,0,0.0
2012-12-24,0.0,0,0.0
2012-12-26,-3.1259999999999635,1,-156.29999999999816
2012-12-27,-8.486000000000091,1,-424.30000000000456
2012-12-28,0.0,0,0.0
2012-12-31,12.83799999999999,2,641.8999999999995
2013-01-02,-2.626000000000191,1,-131.30000000000953
2013-01-03,0.0,0,0.0
2013-01-04,0.0,0,0.0
2013-01-07,0.0,0,0.0
2013-01-08,0.43399999999998184,1,21.699999999999093
2013-01-09,-1.095999999999991,1,-54.79999999999955
2013-01-10,0.0,0,0.0
2013-01-11,-1.8559999999999819,1,-92.79999999999909
2013-01-14,-1.345999999999991,1,-67.29999999999954
2013-01-15,0.0,0,0.0
2013-01-16,0.0,0,0.0
2013-01-17,-3.3960000000001727,1,-169.80000000000862
2013-01-18,-3.981999999999945,2,-199.09999999999727
2013-01-21,0.6739999999999909,1,33.69999999999955
2013-01-22,-2.626000000000191,1,-131.30000000000953
2013-01-23,0.0,0,0.0
2013-01-24,-3.6460000000001727,1,-182.30000000000862
2013-01-25,0.0,0,0.0
2013-01-28,-0.586,1,-29.299999999999997
2013-01-29,0.0,0,0.0
2013-01-30,0.0,0,0.0
2013-01-31,0.0,0,0.0
2013-02-01,1.7039999999999635,1,85.19999999999818
2013-02-04,0.0,0,0.0
2013-02-05,2.974000000000173,1,148.70000000000866
2013-02-06,0.0,0,0.0
2013-02-07,-7.216000000000109,1,-360.80000000000547
2013-02-08,-0.07600000000000909,1,-3.8000000000004546
2013-02-11,0.0,0,0.0
2013-02-12,-2.876000000000191,1,-143.80000000000953
2013-02-13,0.0,0,0.0
2013-02-14,0.0,0,0.0
2013-02-15,-3.6459999999999453,1,-182.29999999999725
2013-02-18,0.0,0,0.0
2013-02-19,3.7339999999999365,1,186.69999999999683
2013-02-20,15.203999999999963,1,760.1999999999981
2013-02-21,-3.8959999999999453,1,-194.79999999999725
2013-02-22,0.0,0,0.0
2013-02-25,0.0,0,0.0
2013-02-26,0.0,0,0.0
2013-02-27,15.703999999999963,1,785.1999999999981
2013-02-28,-1.6059999999999819,1,-80.29999999999909
2013-03-01,1.1939999999999726,1,59.69999999999863
2013-03-04,0.0,0,0.0
2013-03-05,2.9739999999999456,1,148.6999999999973
2013-03-06,0.0,0,0.0
2013-03-07,0.0,0,0.0
2013-03-08,0.0,0,0.0
2013-03-11,0.0,0,0.0
2013-03-12,-3.8959999999999453,1,-194.79999999999725
2013-03-13,0.0,0,0.0
2013-03-14,-2.3759999999999635,1,-118.79999999999818
2013-03-15,-2.3759999999999635,1,-118.79999999999818
2013-03-18,0.0,0,0.0
2013-03-19,-5.7060000000001185,1,-285.3000000000059
2013-03-20,0.0,0,0.0
2013-03-21,0.0,0,0.0
2013-03-22,-3.4719999999999542,2,-173.59999999999772
2013-03-25,-6.60799999999991,3,-330.3999999999955
2013-03-26,0.6839999999999818,1,34.19999999999909
2013-03-27,0.0,0,0.0
2013-03-28,-1.9519999999999729,2,-97.59999999999864
2013-04-01,-5.347999999999918,3,-267.3999999999959
2013-04-02,-0.9219999999999999,2,-46.099999999999994
2013-04-03,12.193999999999972,1,609.6999999999986
2013-04-04,-5.9560000000001185,1,-297.8000000000059
2013-04-05,0.0,0,0.0
2013-04-08,0.0,0,0.0
2013-04-09,-2.6259999999999635,1,-131.29999999999816
2013-04-10,10.144000000000018,1,507.2000000000009
2013-04-11,-5.337999999999926,3,-266.89999999999634
2013-04-12,-2.1159999999999726,1,-105.79999999999863
2013-04-15,20.874000000000038,1,1043.7000000000019
2013-04-16,2.9179999999999184,2,145.8999999999959
2013-04-17,7.9520000000000355,3,397.6000000000018
2013-04-18,-4.327999999999937,3,-216.39999999999685
2013-04-19,-5.163999999999937,4,-258.1999999999968
2013-04-22,0.0,0,0.0
2013-04-23,-0.9220000000000002,2,-46.10000000000001
2013-04-24,0.0,0,0.0
2013-04-25,-0.14200000000002724,2,-7.100000000001362
2013-04-26,0.0,0,0.0
2013-04-29,-3.2219999999999542,2,-161.09999999999772
2013-04-30,-3.9060000000001636,1,-195.30000000000817
2013-05-01,-5.27199999999991,2,-263.5999999999955
2013-05-02,9.374000000000036,1,468.7000000000018
2013-05-03,-2.3759999999999635,1,-118.79999999999818
2013-05-06,0.0,0,0.0
2013-05-07,0.0,0,0.0
2013-05-08,-2.027999999999982,3,-101.3999999999991
2013-05-09,-3.3959999999999453,1,-169.79999999999725
2013-05-10,-2.1259999999999635,1,-106.29999999999818
2013-05-13,-4.1659999999999275,1,-208.29999999999637
2013-05-14,10.144000000000018,1,507.2000000000009
2013-05-15,-2.8959999999999453,1,-144.79999999999725
2013-05-16,0.0,0,0.0
2013-05-17,1.3779999999999544,2,68.89999999999772
2013-05-20,-1.3559999999999819,1,-67.79999999999909
2013-05-21,-6.7260000000001,1,-336.300000000005
2013-05-22,-5.664000000000163,4,-283.2000000000082
2013-05-23,0.0,0,0.0
2013-05-24,-0.07600000000000909,1,-3.8000000000004546
2013-05-27,0.0,0,0.0
2013-05-28,-2.6259999999999635,1,-131.29999999999816
2013-05-29,-7.746000000000082,1,-387.3000000000041
2013-05-30,-4.501999999999927,2,-225.09999999999636
2013-05-31,0.0,0,0.0
2013-06-03,0.0,0,0.0
2013-06-04,-5.696000000000128,1,-284.8000000000064
2013-06-05,11.424000000000218,1,571.2000000000108
2013-06-06,6.22800000000009,2,311.4000000000045
2013-06-07,-1.3559999999999819,1,-67.79999999999909
2013-06-10,0.0,0,0.0
2013-06-11,0.0,0,0.0
2013-06-12,0.0,0,0.0
2013-06-13,0.0,0,0.0
2013-06-14,0.0,0,0.0
2013-06-17,-0.06600000000001818,1,-3.3000000000009093
2013-06-18,6.844000000000063,1,342.2000000000032
2013-06-19,4.794000000000109,1,239.70000000000545
2013-06-20,17.104000000000056,1,855.2000000000028
2013-06-21,-11.875999999999964,1,-593.7999999999982
2013-06-24,-1.8659999999999728,1,-93.29999999999863
2013-06-25,0.0,0,0.0
2013-06-26,0.0,0,0.0
2013-06-27,0.0,0,0.0
2013-06-28,-4.6959999999999,1,-234.799999999995
2013-07-01,-2.3859999999999544,1,-119.29999999999772
2013-07-02,-2.1919999999999815,2,-109.59999999999907
2013-07-03,0.0,0,0.0
2013-07-04,0.0,0,0.0
2013-07-05,-3.925999999999918,1,-196.2999999999959
2013-07-08,0.0,0,0.0
2013-07-09,0.0,0,0.0
2013-07-10,0.0,0,0.0
2013-07-11,0.0,0,0.0
2013-07-12,0.0,0,0.0
2013-07-15,0.0,0,0.0
2013-07-16,1.7140000000001818,1,85.7000000000091
2013-07-17,0.0,0,0.0
2013-07-18,-2.3859999999999544,1,-119.29999999999772
2013-07-19,0.0,0,0.0
2013-07-22,0.0,0,0.0
2013-07-23,-1.3559999999999819,1,-67.79999999999909
2013-07-24,2.234000000000164,1,111.70000000000819
2013-07-25,0.0,0,0.0
2013-07-26,-4.955999999999891,1,-247.79999999999455
2013-07-29,-3.405999999999936,1,-170.2999999999968
2013-07-30,0.0,0,0.0
2013-07-31,-15.2819999999999,2,-764.099999999995
2013-08-01,1.0520000000001728,3,52.60000000000864
2013-08-02,0.0,0,0.0
2013-08-05,0.0,0,0.0
2013-08-06,-0.2180000000000366,3,-10.90000000000183
2013-08-07,-1.681999999999991,2,-84.09999999999955
2013-08-08,0.0,0,0.0
2013-08-09,-4.685999999999909,1,-234.29999999999546
2013-08-12,0.0,0,0.0
2013-08-13,-5.791999999999891,2,-289.5999999999945
2013-08-14,0.36799999999996347,2,18.399999999998172
2013-08-15,0.9859999999999278,4,49.29999999999639
2013-08-16,-6.042000000000346,2,-302.1000000000173
2013-08-19,1.1280000000001822,2,56.40000000000911
2013-08-20,-0.33599999999999997,1,-16.799999999999997
2013-08-21,0.0,0,0.0
2013-08-22,4.64200000000009,3,232.1000000000045
2013-08-23,0.0,0,0.0
2013-08-26,0.09799999999998166,2,4.899999999999083
2013-08-27,4.5439999999998815,1,227.19999999999408
2013-08-28,-0.8560000000002091,1,-42.800000000010456
2013-08-29,-0.6620000000000092,2,-33.10000000000046
2013-08-30,-5.791999999999891,2,-289.5999999999945
2013-09-02,0.0,0,0.0
2013-09-03,0.0,0,0.0
2013-09-04,8.894000000000018,1,444.7000000000009
2013-09-05,-1.1059999999999819,1,-55.299999999999095
2013-09-06,-12.211999999999964,2,-610.5999999999982
2013-09-09,-3.9260000000001454,1,-196.30000000000726
2013-09-10,0.0,0,0.0
2013-09-11,0.0,0,0.0
2013-09-12,0.0,0,0.0
2013-09-13,0.0,0,0.0
2013-09-16,0.0,0,0.0
2013-09-17,1.2039999999999635,1,60.19999999999818
2013-09-18,0.0,0,0.0
2013-09-19,0.0,0,0.0
2013-09-20,0.0,0,0.0
2013-09-23,-5.261999999999918,2,-263.0999999999959
2013-09-24,-0.586,1,-29.299999999999997
2013-09-25,0.0,0,0.0
2013-09-26,-5.716000000000109,1,-285.80000000000547
2013-09-27,0.0,0,0.0
2013-09-30,0.0,0,0.0
2013-10-01,8.991999999999999,3,449.59999999999997
2013-10-02,0.0,0,0.0
2013-10-03,1.6700000000001367,5,83.50000000000684
2013-10-04,3.678000000000136,2,183.9000000000068
2013-10-07,0.0,0,0.0
2013-10-08,12.983999999999936,1,649.1999999999967
2013-10-09,-4.946000000000128,1,-247.30000000000638
2013-10-10,13.484000000000163,1,674.2000000000081
2013-10-11,0.08799999999999075,2,4.399999999999538
2013-10-14,0.0,0,0.0
2013-10-15,0.0,0,0.0
2013-10-16,3.428000000000136,2,171.4000000000068
2013-10-17,-1.1819999999997632,2,-59.099999999988164
2013-10-18,0.0,0,0.0
2013-10-21,0.0,0,0.0
2013-10-22,-4.166000000000155,1,-208.30000000000774
2013-10-23,-2.1159999999999726,1,-105.79999999999863
2013-10-24,0.0,0,0.0
2013-10-25,0.0,0,0.0
2013-10-28,0.0,0,0.0
2013-10-29,0.0,0,0.0
2013-10-30,2.2239999999999456,1,111.19999999999727
2013-10-31,0.0,0,0.0
2013-11-01,-2.6359999999999544,1,-131.7999999999977
2013-11-04,0.0,0,0.0
2013-11-05,-1.6059999999999819,1,-80.29999999999909
2013-11-06,-4.166000000000155,1,-208.30000000000774
2013-11-07,17.334000000000074,1,866.7000000000037
2013-11-08,12.974000000000173,1,648.7000000000086
2013-11-11,0.0,0,0.0
2013-11-12,0.0,0,0.0
2013-11-13,6.574000000000082,1,328.7000000000041
2013-11-14,-3.287999999999745,3,-164.39999999998724
2013-11-15,0.0,0,0.0
2013-11-18,-2.6360000000001818,1,-131.80000000000908
2013-11-19,0.0,0,0.0
2013-11-20,-1.6159999999999728,1,-80.79999999999863
2013-11-21,-0.6620000000000088,2,-33.10000000000044
2013-11-22,-0.586,1,-29.299999999999997
2013-11-25,0.0,0,0.0
2013-11-26,0.0,0,0.0
2013-11-27,0.0,0,0.0
2013-11-28,0.0,0,0.0
2013-11-29,-8.016000000000064,1,-400.8000000000032
2013-12-02,-2.8959999999999453,1,-144.79999999999725
2013-12-03,0.0,0,0.0
2013-12-04,-7.246000000000082,1,-362.3000000000041
2013-12-05,0.43399999999998184,1,21.699999999999093
2013-12-06,0.0,0,0.0
2013-12-09,0.0,0,0.0
2013-12-10,0.0,0,0.0
2013-12-11,16.053999999999874,1,802.6999999999937
2013-12-12,0.0,0,0.0
2013-12-13,0.0,0,0.0
2013-12-16,-6.638000000000109,3,-331.90000000000543
2013-12-17,-1.6259999999999637,1,-81.29999999999818
2013-12-18,0.0,0,0.0
2013-12-19,0.0,0,0.0
2013-12-20,1.9739999999999454,1,98.69999999999727
2013-12-23,0.0,0,0.0
2013-12-24,0.0,0,0.0
2013-12-26,0.0,0,0.0
2013-12-27,0.0,0,0.0
2013-12-30,0.0,0,0.0
2013-12-31,-1.3559999999999819,1,-67.79999999999909
2014-01-02,6.594000000000063,1,329.7000000000032
2014-01-03,-1.3559999999999819,1,-67.79999999999909
2014-01-06,-3.2319999999999456,2,-161.59999999999727
2014-01-07,-1.1059999999999819,1,-55.299999999999095
2014-01-08,0.0,0,0.0
2014-01-09,-1.1060000000002093,1,-55.30000000001046
2014-01-10,-0.33599999999999997,1,-16.799999999999997
2014-01-13,12.493999999999927,1,624.6999999999963
2014-01-14,8.134000000000027,1,406.70000000000135
2014-01-15,1.1279999999999546,2,56.39999999999773
2014-01-16,0.0,0,0.0
2014-01-17,0.0,0,0.0
2014-01-20,0.0,0,0.0
2014-01-21,0.0,0,0.0
2014-01-22,0.0,0,0.0
2014-01-23,0.1739999999999909,1,8.699999999999546
2014-01-24,23.793999999999883,1,1189.6999999999941
2014-01-27,1.7239999999999454,1,86.19999999999727
2014-01-28,1.7239999999999454,1,86.19999999999727
2014-01-29,0.0,0,0.0
2014-01-30,0.0,0,0.0
2014-01-31,0.0,0,0.0
2014-02-03,35.35399999999983,1,1767.6999999999914
2014-02-04,0.0,0,0.0
2014-02-05,-3.155999999999936,1,-157.7999999999968
2014-02-06,10.193999999999972,1,509.6999999999986
2014-02-07,0.0,0,0.0
2014-02-10,0.0,0,0.0
2014-02-11,8.068000000000236,2,403.4000000000118
2014-02-12,-5.466000000000109,1,-273.30000000000547
2014-02-13,0.0,0,0.0
2014-02-14,-2.3860000000001818,1,-119.30000000000909
2014-02-17,0.0,0,0.0
2014-02-18,0.0,0,0.0
2014-02-19,-2.6359999999999544,1,-131.7999999999977
2014-02-20,0.0,0,0.0
2014-02-21,0.0,0,0.0
2014-02-24,-3.9360000000001363,1,-196.8000000000068
2014-02-25,-2.6359999999999544,1,-131.7999999999977
2014-02-26,0.0,0,0.0
2014-02-27,0.0,0,0.0
2014-02-28,-0.8459999999999909,1,-42.29999999999954
2014-03-03,0.0,0,0.0
2014-03-04,4.0239999999999,1,201.199999999995
2014-03-05,0.0,0,0.0
2014-03-06,0.0,0,0.0
2014-03-07,0.0,0,0.0
2014-03-10,-5.975999999999873,1,-298.79999999999364
2014-03-11,-4.327999999999937,3,-216.39999999999685
2014-03-12,0.0,0,0.0
2014-03-13,14.813999999999863,1,740.6999999999931
2014-03-14,0.0,0,0.0
2014-03-17,-6.213999999999891,4,-310.69999999999453
2014-03-18,5.074000000000082,1,253.70000000000408
2014-03-19,-4.205999999999891,1,-210.29999999999455
2014-03-20,-3.415999999999927,1,-170.79999999999634
2014-03-21,0.0,0,0.0
2014-03-24,0.18399999999998182,1,9.199999999999092
2014-03-25,0.0,0,0.0
2014-03-26,0.0,0,0.0
2014-03-27,-8.056000000000028,1,-402.8000000000014
2014-03-28,-3.491999999999936,2,-174.5999999999968
2014-03-31,-1.1059999999999819,1,-55.299999999999095
2014-04-01,0.18399999999998182,1,9.199999999999092
2014-04-02,0.0,0,0.0
2014-04-03,0.0,0,0.0
2014-04-04,12.03399999999989,1,601.6999999999945
2014-04-07,1.9940000000001545,1,99.70000000000773
2014-04-08,-20.894000000000183,4,-1044.7000000000091
2014-04-09,3.0140000000001366,1,150.70000000000684
2014-04-10,28.457999999999885,2,1422.8999999999942
2014-04-11,0.0,0,0.0
2014-04-14,0.0,0,0.0
2014-04-15,-12.761999999999919,2,-638.0999999999959
2014-04-16,0.0,0,0.0
2014-04-17,0.0,0,0.0
2014-04-21,-2.1259999999999635,1,-106.29999999999818
2014-04-22,3.793999999999882,1,189.6999999999941
2014-04-23,0.0,0,0.0
2014-04-24,0.0,0,0.0
2014-04-25,-2.7220000000001825,2,-136.10000000000912
2014-04-28,-10.701999999999746,2,-535.0999999999873
2014-04-29,0.0,0,0.0
2014-04-30,0.0,0,0.0
2014-05-01,0.0,0,0.0
2014-05-02,-7.546000000000037,1,-377.30000000000183
2014-05-05,0.0,0,0.0
2014-05-06,5.074000000000082,1,253.70000000000408
2014-05-07,0.0,0,0.0
2014-05-08,-1.8759999999999637,1,-93.79999999999818
2014-05-09,-6.841999999999845,2,-342.09999999999224
2014-05-12,2.1679999999999184,2,108.39999999999593
2014-05-13,0.0,0,0.0
2014-05-14,0.18399999999998182,1,9.199999999999092
2014-05-15,4.748000000000072,2,237.40000000000362
2014-05-16,-4.966000000000109,1,-248.30000000000547
2014-05-19,-1.4420000000002093,2,-72.10000000001047
2014-05-20,-2.981999999999718,2,-149.0999999999859
2014-05-21,0.031999999999736684,3,1.5999999999868342
2014-05-22,-4.0579999999999545,3,-202.89999999999773
2014-05-23,0.0,0,0.0
2014-05-26,0.0,0,0.0
2014-05-27,0.0,0,0.0
2014-05-28,0.0,0,0.0
2014-05-29,0.0,0,0.0
2014-05-30,0.0,0,0.0
2014-06-02,0.0,0,0.0
2014-06-03,0.0,0,0.0
2014-06-04,0.0,0,0.0
2014-06-05,6.624000000000036,1,331.2000000000018
2014-06-06,-0.586,1,-29.299999999999997
2014-06-09,-1.876000000000191,1,-93.80000000000955
2014-06-10,0.0,0,0.0
2014-06-11,0.0,0,0.0
2014-06-12,-3.1660000000001545,1,-158.3000000000077
2014-06-13,0.0,0,0.0
2014-06-16,-1.095999999999991,1,-54.79999999999955
2014-06-17,-7.458000000000046,3,-372.9000000000023
2014-06-18,6.058000000000018,2,302.9000000000009
2014-06-19,0.0,0,0.0
2014-06-20,0.0,0,0.0
2014-06-23,-2.6560000000001636,1,-132.80000000000817
2014-06-24,-2.731999999999945,2,-136.59999999999727
2014-06-25,0.8779999999997272,2,43.89999999998636
2014-06-26,-11.795999999999973,6,-589.7999999999986
2014-06-27,0.0,0,0.0
2014-06-30,0.0,0,0.0
2014-07-01,5.614000000000045,1,280.70000000000226
2014-07-02,0.0,0,0.0
2014-07-03,-0.33599999999999997,1,-16.799999999999997
2014-07-04,0.0,0,0.0
2014-07-07,-1.8759999999999637,1,-93.79999999999818
2014-07-08,4.324000000000082,1,216.20000000000408
2014-07-09,0.0,0,0.0
2014-07-10,0.0,0,0.0
2014-07-11,0.0,0,0.0
2014-07-14,0.0,0,0.0
2014-07-15,-9.981999999999946,2,-499.0999999999973
2014-07-16,0.0,0,0.0
2014-07-17,-0.586,1,-29.299999999999997
2014-07-18,8.127999999999954,2,406.3999999999977
2014-07-21,-4.465999999999882,1,-223.2999999999941
2014-07-22,1.9939999999999272,1,99.69999999999636
2014-07-23,0.0,0,0.0
2014-07-24,0.0,0,0.0
2014-07-25,-5.041999999999891,2,-252.09999999999454
2014-07-28,-6.331999999999854,2,-316.5999999999927
2014-07-29,0.0,0,0.0
2014-07-30,-5.832000000000082,2,-291.60000000000406
2014-07-31,23.203999999999965,1,1160.1999999999982
2014-08-01,-13.0620000000001,2,-653.100000000005
2014-08-04,5.614000000000045,1,280.70000000000226
2014-08-05,-1.8959999999999455,1,-94.79999999999727
2014-08-06,-7.437999999999837,3,-371.89999999999185
2014-08-07,-0.14199999999979962,2,-7.099999999989981
2014-08-08,4.574000000000082,1,228.70000000000408
2014-08-11,-1.8759999999999637,1,-93.79999999999818
2014-08-12,0.0,0,0.0
2014-08-13,-1.941999999999982,2,-97.0999999999991
2014-08-14,0.0,0,0.0
2014-08-15,-10.827999999999937,3,-541.3999999999969
2014-08-18,-0.3259999999997817,1,-16.299999999989083
2014-08-19,0.0,0,0.0
2014-08-20,0.0,0,0.0
2014-08-21,-1.3559999999999819,1,-67.79999999999909
2014-08-22,0.0,0,0.0
2014-08-25,0.0,0,0.0
2014-08-26,0.0,0,0.0
2014-08-27,-2.915999999999927,1,-145.79999999999634
2014-08-28,0.0,0,0.0
2014-08-29,-4.466000000000109,1,-223.30000000000547
2014-09-01,0.0,0,0.0
2014-09-02,0.0,0,0.0
2014-09-03,0.0,0,0.0
2014-09-04,-2.3959999999999453,1,-119.79999999999727
2014-09-05,-2.915999999999927,1,-145.79999999999634
2014-09-08,0.0,0,0.0
2014-09-09,3.142000000000091,3,157.10000000000454
2014-09-10,-6.081999999999855,2,-304.09999999999275
2014-09-11,0.0,0,0.0
2014-09-12,0.561999999999709,3,28.09999999998545
2014-09-15,-6.892000000000255,2,-344.60000000001276
2014-09-16,8.177999999999908,2,408.89999999999543
2014-09-17,0.0,0,0.0
2014-09-18,0.0,0,0.0
2014-09-19,0.0,0,0.0
2014-09-22,8.50399999999969,1,425.1999999999845
2014-09-23,0.0,0,0.0
2014-09-24,7.203999999999963,1,360.19999999999817
2014-09-25,17.86399999999982,1,893.199999999991
2014-09-26,-0.8559999999999818,1,-42.79999999999909
2014-09-29,0.0,0,0.0
2014-09-30,-1.6259999999999637,1,-81.29999999999818
2014-10-01,13.898000000000163,2,694.9000000000082
2014-10-02,-4.225999999999873,1,-211.29999999999364
2014-10-03,-2.4719999999999547,2,-123.59999999999773
2014-10-06,0.0,0,0.0
2014-10-07,6.6839999999999815,1,334.1999999999991
2014-10-08,1.6780000000001358,2,83.9000000000068
2014-10-09,31.64400000000002,1,1582.200000000001
2014-10-10,-8.972000000000182,2,-448.6000000000091
2014-10-13,-7.605999999999982,1,-380.2999999999991
2014-10-14,-4.746000000000082,1,-237.3000000000041
2014-10-15,-5.526000000000055,1,-276.30000000000274
2014-10-16,0.0,0,0.0
2014-10-17,-6.111999999999827,2,-305.5999999999913
2014-10-20,-1.431999999999991,2,-71.59999999999955
2014-10-21,15.004000000000145,1,750.2000000000072
2014-10-22,0.0,0,0.0
2014-10-23,-10.011999999999919,2,-500.59999999999593
2014-10-24,0.0,0,0.0
2014-10-27,-3.9659999999998816,1,-198.29999999999407
2014-10-28,0.0,0,0.0
2014-10-29,0.0,0,0.0
2014-10-30,-7.605999999999982,1,-380.2999999999991
2014-10-31,0.0,0,0.0
2014-11-03,0.0,0,0.0
2014-11-04,-8.712000000000419,2,-435.60000000002094
2014-11-05,0.0,0,0.0
2014-11-06,0.0,0,0.0
2014-11-07,-0.32600000000023643,1,-16.30000000001182
2014-11-10,-1.6259999999999637,1,-81.29999999999818
2014-11-11,0.0,0,0.0
2014-11-12,0.0,0,0.0
2014-11-13,-5.526000000000055,1,-276.30000000000274
2014-11-14,0.0,0,0.0
2014-11-17,0.0,0,0.0
2014-11-18,3.8240000000003094,1,191.20000000001548
2014-11-19,-2.2119999999999638,2,-110.59999999999819
2014-11-20,-1.8859999999997272,1,-94.29999999998635
2014-11-21,0.0,0,0.0
2014-11-24,0.0,0,0.0
2014-11-25,0.0,0,0.0
2014-11-26,0.0,0,0.0
2014-11-27,0.0,0,0.0
2014-11-28,0.0,0,0.0
2014-12-01,-9.501999999999928,2,-475.0999999999964
2014-12-02,7.723999999999945,1,386.19999999999726
2014-12-03,0.0,0,0.0
2014-12-04,-5.526000000000055,1,-276.30000000000274
2014-12-05,-3.196000000000127,1,-159.80000000000635
2014-12-08,0.0,0,0.0
2014-12-09,0.0,0,0.0
2014-12-10,16.432000000000055,3,821.6000000000028
2014-12-11,-11.7759999999996,1,-588.7999999999801
2014-12-12,-7.8660000000002,1,-393.30000000001
2014-12-15,-7.1160000000002,1,-355.80000000001
2014-12-16,-26.97599999999987,1,-1348.7999999999936
2014-12-17,15.538000000000492,2,776.9000000000246
2014-12-18,0.0,0,0.0
2014-12-19,-0.06600000000001818,1,-3.3000000000009093
2014-12-22,0.0,0,0.0
2014-12-23,0.0,0,0.0
2014-12-24,0.0,0,0.0
2014-12-26,0.0,0,0.0
2014-12-29,0.0,0,0.0
2014-12-30,0.0,0,0.0
2014-12-31,0.0,0,0.0
2015-01-02,0.0,0,0.0
2015-01-05,13.763999999999909,1,688.1999999999954
2015-01-06,-5.621999999999364,2,-281.0999999999682
2015-01-07,-7.181999999999763,2,-359.09999999998814
2015-01-08,11.674000000000218,1,583.7000000000108
2015-01-09,9.06400000000009,1,453.20000000000454
2015-01-12,-4.44399999999991,4,-222.1999999999955
2015-01-13,-6.402000000000019,2,-320.10000000000093
2015-01-14,0.0,0,0.0
2015-01-15,-3.001999999999473,2,-150.09999999997365
2015-01-16,4.241999999999999,3,212.09999999999997
2015-01-19,0.0,0,0.0
2015-01-20,0.0,0,0.0
2015-01-21,-3.716000000000109,1,-185.80000000000544
2015-01-22,0.0,0,0.0
2015-01-23,0.0,0,0.0
2015-01-26,0.0,0,0.0
2015-01-27,0.0,0,0.0
2015-01-28,0.0,0,0.0
2015-01-29,0.0,0,0.0
2015-01-30,0.0,0,0.0
2015-02-02,-1.3660000000002002,1,-68.30000000001
2015-02-03,-10.776000000000055,1,-538.8000000000028
2015-02-04,0.0,0,0.0
2015-02-05,-1.1060000000004366,1,-55.30000000002183
2015-02-06,0.0,0,0.0
2015-02-09,0.0,0,0.0
2015-02-10,-1.3759999999999637,1,-68.79999999999818
2015-02-11,-4.236000000000091,1,-211.80000000000456
2015-02-12,4.104000000000054,1,205.20000000000272
2015-02-13,0.0,0,0.0
2015-02-16,-1.6459999999999455,1,-82.29999999999727
2015-02-17,0.0,0,0.0
2015-02-18,0.0,0,0.0
2015-02-19,0.0,0,0.0
2015-02-20,-2.935999999999909,1,-146.79999999999544
2015-02-23,0.0,0,0.0
2015-02-24,-0.31600000000001816,1,-15.800000000000908
2015-02-25,0.0,0,0.0
2015-02-26,-3.7260000000003273,1,-186.30000000001635
2015-02-27,0.0,0,0.0
2015-03-02,7.1779999999999085,2,358.89999999999543
2015-03-03,-2.685999999999909,1,-134.29999999999544
2015-03-04,-5.417999999999855,3,-270.89999999999276
2015-03-05,0.0,0,0.0
2015-03-06,11.673999999999763,1,583.6999999999881
2015-03-09,0.11799999999996369,2,5.899999999998185
2015-03-10,4.558000000000018,2,227.9000000000009
2015-03-11,0.0,0,0.0
2015-03-12,9.324000000000309,1,466.20000000001545
2015-03-13,0.4440000000002001,1,22.200000000010007
2015-03-16,10.154000000000236,1,507.7000000000118
2015-03-17,0.0,0,0.0
2015-03-18,7.004000000000145,1,350.20000000000726
2015-03-19,-6.615999999999746,1,-330.7999999999873
2015-03-20,-0.8460000000002182,1,-42.30000000001091
2015-03-23,0.0,0,0.0
2015-03-24,0.0,0,0.0
2015-03-25,16.964000000000183,1,848.2000000000091
2015-03-26,0.0,0,0.0
2015-03-27,-3.2059999999998907,1,-160.29999999999453
2015-03-30,3.0739999999998546,1,153.69999999999274
2015-03-31,0.0,0,0.0
2015-04-01,-14.062000000000493,7,-703.1000000000247
2015-04-02,-4.256000000000073,1,-212.80000000000365
2015-04-06,4.113999999999818,1,205.6999999999909
2015-04-07,-1.636000000000182,1,-81.80000000000909
2015-04-08,-8.975999999999873,1,-448.79999999999364
2015-04-09,-2.1760000000001454,1,-108.80000000000727
2015-04-10,0.0,0,0.0
2015-04-13,0.0,0,0.0
2015-04-14,0.0,0,0.0
2015-04-15,-3.736000000000091,1,-186.80000000000453
2015-04-16,0.0,0,0.0
2015-04-17,0.9740000000004002,1,48.70000000002001
2015-04-20,-6.238000000000472,3,-311.9000000000236
2015-04-21,0.0,0,0.0
2015-04-22,0.0,0,0.0
2015-04-23,-5.836,1,-291.8
2015-04-24,0.0,0,0.0
2015-04-27,0.18399999999998182,1,9.199999999999092
2015-04-28,-5.3059999999998,1,-265.29999999999
2015-04-29,-3.996000000000309,1,-199.80000000001544
2015-04-30,-4.3220000000000915,2,-216.10000000000457
2015-05-01,-6.401999999999564,2,-320.0999999999782
2015-05-04,-3.735999999999636,1,-186.7999999999818
2015-05-05,15.33800000000022,2,766.900000000011
2015-05-06,-6.748000000000237,3,-337.40000000001186
2015-05-07,1.5040000000001454,1,75.20000000000728
2015-05-08,3.084000000000073,1,154.20000000000366
2015-05-11,0.0,0,0.0
2015-05-12,-8.196000000000128,1,-409.8000000000064
2015-05-13,0.0,0,0.0
2015-05-14,-0.1320000000004911,2,-6.600000000024556
2015-05-15,0.0,0,0.0
2015-05-18,0.0,0,0.0
2015-05-19,0.0,0,0.0
2015-05-20,-3.996000000000309,1,-199.80000000001544
2015-05-21,-1.6259999999999637,1,-81.29999999999818
2015-05-22,0.0,0,0.0
2015-05-25,0.0,0,0.0
2015-05-26,8.573999999999854,1,428.6999999999927
2015-05-27,8.574000000000309,1,428.70000000001545
2015-05-28,-9.618000000000126,3,-480.90000000000634
2015-05-29,5.628000000000181,2,281.4000000000091
2015-06-01,0.0,0,0.0
2015-06-02,-2.685999999999909,1,-134.29999999999544
2015-06-03,-2.946000000000127,1,-147.30000000000635
2015-06-04,3.5939999999998364,1,179.69999999999183
2015-06-05,0.0,0,0.0
2015-06-08,5.6279999999997266,2,281.39999999998633
2015-06-09,-6.615999999999746,1,-330.7999999999873
2015-06-10,10.414,1,520.6999999999999
2015-06-11,0.0,0,0.0
2015-06-12,-7.925999999999691,1,-396.29999999998455
2015-06-15,-2.966000000000109,1,-148.30000000000544
2015-06-16,4.3580000000001995,2,217.90000000000998
2015-06-17,-3.496000000000309,1,-174.80000000001544
2015-06-18,9.4440000000002,1,472.20000000001
2015-06-19,3.0939999999998364,1,154.69999999999183
2015-06-22,-4.545999999999582,1,-227.2999999999791
2015-06-23,0.0,0,0.0
2015-06-24,2.833999999999618,1,141.69999999998092
2015-06-25,0.0,0,0.0
2015-06-26,0.0,0,0.0
2015-06-29,18.693999999999747,1,934.6999999999873
2015-06-30,0.0,0,0.0
2015-07-01,0.0,0,0.0
2015-07-02,0.0,0,0.0
2015-07-03,0.0,0,0.0
2015-07-06,0.0,0,0.0
2015-07-07,-6.247999999999783,3,-312.3999999999891
2015-07-08,-5.662000000000236,2,-283.1000000000118
2015-07-09,0.0,0,0.0
2015-07-10,0.0,0,0.0
2015-07-13,-0.05600000000025465,1,-2.8000000000127327
2015-07-14,2.527999999999818,2,126.3999999999909
2015-07-15,0.0,0,0.0
2015-07-16,0.0,0,0.0
2015-07-17,0.0,0,0.0
2015-07-20,0.0,0,0.0
2015-07-21,-0.33599999999999997,1,-16.799999999999997
2015-07-22,0.0,0,0.0
2015-07-23,3.0939999999998364,1,154.69999999999183
2015-07-24,16.573999999999856,1,828.6999999999928
2015-07-27,0.0,0,0.0
2015-07-28,6.533999999999891,1,326.69999999999453
2015-07-29,6.794000000000109,1,339.70000000000545
2015-07-30,-5.605999999999982,1,-280.2999999999991
2015-07-31,0.0,0,0.0
2015-08-03,-3.888000000000109,3,-194.40000000000546
2015-08-04,0.0,0,0.0
2015-08-05,-7.986000000000091,1,-399.30000000000456
2015-08-06,9.4440000000002,1,472.20000000001
2015-08-07,1.263999999999909,1,63.19999999999545
2015-08-10,7.323999999999854,1,366.1999999999927
2015-08-11,-3.022000000000364,2,-151.10000000001818
2015-08-12,-0.9020000000000179,2,-45.1000000000009
2015-08-13,-1.1160000000002002,1,-55.80000000001001
2015-08-14,0.0,0,0.0
2015-08-17,0.2140000000001819,1,10.700000000009096
2015-08-18,0.0,0,0.0
2015-08-19,-10.681999999999764,2,-534.0999999999882
2015-08-20,3.511999999999526,3,175.59999999997632
2015-08-21,38.24399999999993,1,1912.1999999999964
2015-08-24,0.0,0,0.0
2015-08-25,0.0,0,0.0
2015-08-26,0.0,0,0.0
2015-08-27,-12.736000000000091,1,-636.8000000000046
2015-08-28,0.0,0,0.0
2015-08-31,-6.405999999999709,1,-320.29999999998546
2015-09-01,0.0,0,0.0
2015-09-02,0.0,0,0.0
2015-09-03,-1.6359999999997272,1,-81.79999999998635
2015-09-04,0.0,0,0.0
2015-09-07,0.0,0,0.0
2015-09-08,0.0,0,0.0
2015-09-09,0.0,0,0.0
2015-09-10,0.0,0,0.0
2015-09-11,-3.2259999999998725,1,-161.29999999999362
2015-09-14,-4.372000000000273,2,-218.60000000001364
2015-09-15,8.964000000000182,1,448.2000000000091
2015-09-16,4.443999999999745,1,222.19999999998726
2015-09-17,0.0,0,0.0
2015-09-18,0.0,0,0.0
2015-09-21,-9.615999999999746,1,-480.7999999999873
2015-09-22,-2.706000000000118,1,-135.3000000000059
2015-09-23,-5.115999999999973,1,-255.79999999999865
2015-09-24,-1.3859999999999546,1,-69.29999999999772
2015-09-25,0.0,0,0.0
2015-09-28,29.943999999999974,1,1497.1999999999987
2015-09-29,3.1340000000000274,1,156.70000000000138
2015-09-30,-4.036000000000046,1,-201.80000000000229
2015-10-01,-19.548000000000194,3,-977.4000000000096
2015-10-02,2.7879999999998084,2,139.39999999999043
2015-10-05,9.437999999999672,2,471.8999999999836
2015-10-06,-1.386000000000182,1,-69.30000000000909
2015-10-07,-7.495999999999855,1,-374.79999999999274
2015-10-08,3.914,1,195.70000000000002
2015-10-09,0.0,0,0.0
2015-10-12,0.0,0,0.0
2015-10-13,0.0,0,0.0
2015-10-14,0.0,0,0.0
2015-10-15,12.414,1,620.6999999999999
2015-10-16,0.0,0,0.0
2015-10-19,0.0,0,0.0
2015-10-20,0.0,0,0.0
2015-10-21,-4.5660000000000185,1,-228.30000000000092
2015-10-22,13.473999999999945,1,673.6999999999972
2015-10-23,0.0,0,0.0
2015-10-26,-1.916000000000382,1,-95.8000000000191
2015-10-27,0.0,0,0.0
2015-10-28,-3.357999999999455,3,-167.89999999997275
2015-10-29,0.0,0,0.0
2015-10-30,0.0,0,0.0
2015-11-02,14.53399999999989,1,726.6999999999945
2015-11-03,0.7439999999999273,1,37.199999999996365
2015-11-04,-12.118000000000126,3,-605.9000000000063
2015-11-05,-16.311999999999873,2,-815.5999999999937
2015-11-06,-8.678000000000527,3,-433.90000000002635
2015-11-09,6.033999999999891,1,301.69999999999453
2015-11-10,0.0,0,0.0
2015-11-11,0.0,0,0.0
2015-11-12,2.5280000000002723,2,126.40000000001362
2015-11-13,5.19799999999989,2,259.8999999999945
2015-11-16,21.38799999999995,2,1069.3999999999974
2015-11-17,-2.7060000000003455,1,-135.30000000001726
2015-11-18,18.728000000000094,2,936.4000000000046
2015-11-19,0.0,0,0.0
2015-11-20,-1.6459999999999455,1,-82.29999999999727
2015-11-23,0.0,0,0.0
2015-11-24,0.0,0,0.0
2015-11-25,0.0,0,0.0
2015-11-26,0.0,0,0.0
2015-11-27,-1.386000000000182,1,-69.30000000000909
2015-11-30,4.703999999999963,1,235.19999999999817
2015-12-01,-9.932000000000219,2,-496.60000000001094
2015-12-02,-1.9159999999999273,1,-95.79999999999636
2015-12-03,20.858000000000203,2,1042.90000000001
2015-12-04,24.354000000000056,1,1217.7000000000028
2015-12-07,3.6440000000000183,1,182.20000000000093
2015-12-08,-13.8660000000002,1,-693.3000000000101
2015-12-09,-6.752000000000383,2,-337.6000000000191
2015-12-10,-7.225999999999873,1,-361.29999999999364
2015-12-11,-5.432000000000219,2,-271.60000000001094
2015-12-14,-21.981999999999942,2,-1099.0999999999972
2015-12-15,-3.2560000000000726,1,-162.80000000000362
2015-12-16,0.0,0,0.0
2015-12-17,30.334000000000074,1,1516.7000000000037
2015-12-18,5.962000000000254,3,298.1000000000127
2015-12-21,0.0,0,0.0
2015-12-22,0.0,0,0.0
2015-12-23,0.0,0,0.0
2015-12-24,0.0,0,0.0
2015-12-28,-2.446000000000127,1,-122.30000000000636
2015-12-29,-1.1259999999999637,1,-56.299999999998185
2015-12-30,0.0,0,0.0
2015-12-31,-0.586,1,-29.299999999999997
2016-01-04,3.9539999999999638,1,197.6999999999982
2016-01-05,0.0,0,0.0
2016-01-06,0.0,0,0.0
2016-01-07,0.0,0,0.0
2016-01-08,0.0,0,0.0
2016-01-11,-8.336,1,-416.8
2016-01-12,0.0,0,0.0
2016-01-13,38.604000000000056,1,1930.2000000000028
2016-01-14,-14.56800000000017,3,-728.4000000000085
2016-01-15,0.0,0,0.0
2016-01-18,0.0,0,0.0
2016-01-19,0.0,0,0.0
2016-01-20,-17.406000000000162,1,-870.3000000000081
2016-01-21,-18.791999999999888,2,-939.5999999999945
2016-01-22,-0.586,1,-29.299999999999997
2016-01-25,0.0,0,0.0
2016-01-26,-4.967999999999808,3,-248.3999999999904
2016-01-27,-6.4459999999999,1,-322.299999999995
2016-01-28,0.0,0,0.0
2016-01-29,26.864000000000047,1,1343.2000000000023
2016-02-01,0.0,0,0.0
2016-02-02,1.5539999999998726,1,77.69999999999364
2016-02-03,-17.228000000000026,3,-861.4000000000013
2016-02-04,-16.586000000000226,1,-829.3000000000113
2016-02-05,13.793999999999881,1,689.699999999994
2016-02-08,-0.912000000000009,2,-45.60000000000045
2016-02-09,0.0,0,0.0
2016-02-10,2.6140000000000456,1,130.7000000000023
2016-02-11,0.0,0,0.0
2016-02-12,0.19399999999997272,1,9.699999999998637
2016-02-15,0.0,0,0.0
2016-02-16,0.0,0,0.0
2016-02-17,4.733999999999709,1,236.69999999998544
2016-02-18,0.0,0,0.0
2016-02-19,0.0,0,0.0
2016-02-22,0.0,0,0.0
2016-02-23,5.263999999999909,1,263.19999999999544
2016-02-24,-5.1160000000002,1,-255.80000000001002
2016-02-25,0.0,0,0.0
2016-02-26,0.0,0,0.0
2016-02-29,-2.7159999999996542,1,-135.7999999999827
2016-03-01,23.933999999999983,1,1196.6999999999991
2016-03-02,0.0,0,0.0
2016-03-03,0.0,0,0.0
2016-03-04,-2.4559999999998907,1,-122.79999999999454
2016-03-07,0.0,0,0.0
2016-03-08,-4.586,1,-229.3
2016-03-09,0.0,0,0.0
2016-03-10,-12.6419999999998,2,-632.09999999999
2016-03-11,-0.6619999999993271,2,-33.09999999996636
2016-03-14,0.0,0,0.0
2016-03-15,0.0,0,0.0
2016-03-16,-4.6720000000004545,2,-233.60000000002273
2016-03-17,0.3719999999996546,3,18.59999999998273
2016-03-18,0.0,0,0.0
2016-03-21,0.0,0,0.0
2016-03-22,0.0,0,0.0
2016-03-23,-5.751999999999928,2,-287.5999999999964
2016-03-24,0.0,0,0.0
2016-03-28,0.0,0,0.0
2016-03-29,11.993999999999927,1,599.6999999999963
2016-03-30,0.0,0,0.0
2016-03-31,0.0,0,0.0
2016-04-01,3.8979999999997093,2,194.89999999998545
2016-04-04,-1.1160000000002002,1,-55.80000000001001
2016-04-05,0.0,0,0.0
2016-04-06,13.334000000000072,1,666.7000000000036
2016-04-07,-5.527999999999527,3,-276.39999999997633
2016-04-08,-0.586,1,-29.299999999999997
2016-04-11,-7.286000000000273,1,-364.30000000001365
2016-04-12,2.568000000000236,2,128.4000000000118
2016-04-13,-3.5260000000000544,1,-176.3000000000027
2016-04-14,-4.0660000000000185,1,-203.30000000000092
2016-04-15,0.48400000000016374,1,24.20000000000819
2016-04-18,7.964000000000182,1,398.2000000000091
2016-04-19,0.0,0,0.0
2016-04-20,0.0,0,0.0
2016-04-21,-3.872000000000273,2,-193.60000000001364
2016-04-22,-1.6659999999999273,1,-83.29999999999636
2016-04-25,-3.5360000000002727,1,-176.80000000001363
2016-04-26,-8.086,1,-404.3
2016-04-27,0.0,0,0.0
2016-04-28,-4.625999999999964,1,-231.2999999999982
2016-04-29,-7.351999999999837,2,-367.59999999999184
2016-05-02,1.2180000000003277,2,60.900000000016384
2016-05-03,-0.8559999999999818,1,-42.79999999999909
2016-05-04,0.0,0,0.0
2016-05-05,0.0,0,0.0
2016-05-06,0.0,0,0.0
2016-05-09,-9.211999999999964,2,-460.5999999999982
2016-05-10,11.993999999999927,1,599.6999999999963
2016-05-11,8.513999999999909,1,425.69999999999544
2016-05-12,-6.532000000000582,2,-326.60000000002907
2016-05-13,7.704000000000418,1,385.2000000000209
2016-05-16,13.593999999999836,1,679.6999999999917
2016-05-17,-3.378000000000346,3,-168.90000000001731
2016-05-18,-27.701999999999742,2,-1385.0999999999872
2016-05-19,-4.875999999999964,1,-243.7999999999982
2016-05-20,-1.9259999999996908,1,-96.29999999998454
2016-05-23,0.0,0,0.0
2016-05-24,9.573999999999854,1,478.6999999999927
2016-05-25,-6.282000000000128,2,-314.1000000000064
2016-05-26,0.0,0,0.0
2016-05-27,0.0,0,0.0
2016-05-30,0.0,0,0.0
2016-05-31,-0.6059999999999818,1,-30.299999999999088
2016-06-01,0.0,0,0.0
2016-06-02,0.0,0,0.0
2016-06-03,-7.118000000000128,3,-355.9000000000064
2016-06-06,-2.521999999999909,2,-126.09999999999546
2016-06-07,-7.08200000000031,2,-354.1000000000155
2016-06-08,-4.875999999999964,1,-243.7999999999982
2016-06-09,0.0,0,0.0
2016-06-10,0.0,0,0.0
2016-06-13,0.0,0,0.0
2016-06-14,-9.745999999999855,1,-487.29999999999274
2016-06-15,0.0,0,0.0
2016-06-16,-20.812000000000328,2,-1040.6000000000165
2016-06-17,2.3080000000000185,2,115.40000000000093
2016-06-20,-1.9259999999996908,1,-96.29999999998454
2016-06-21,0.0,0,0.0
2016-06-22,-8.65599999999971,1,-432.79999999998546
2016-06-23,-2.196000000000127,1,-109.80000000000636
2016-06-24,-2.216000000000109,1,-110.80000000000545
2016-06-27,7.642000000000092,3,382.10000000000457
2016-06-28,-5.008000000000001,3,-250.40000000000003
2016-06-29,11.513999999999909,1,575.6999999999954
2016-06-30,16.08399999999962,1,804.199999999981
2016-07-01,-0.8559999999999818,1,-42.79999999999909
2016-07-04,0.0,0,0.0
2016-07-05,-4.402000000000018,2,-220.1000000000009
2016-07-06,6.664,1,333.2
2016-07-07,0.0,0,0.0
2016-07-08,7.464000000000182,1,373.2000000000091
2016-07-11,0.0,0,0.0
2016-07-12,0.0,0,0.0
2016-07-13,0.0,0,0.0
2016-07-14,0.0,0,0.0
2016-07-15,0.0,0,0.0
2016-07-18,-1.655999999999709,1,-82.79999999998545
2016-07-19,0.0,0,0.0
2016-07-20,-2.4760000000003273,1,-123.80000000001637
2016-07-21,0.0,0,0.0
2016-07-22,1.2839999999998908,1,64.19999999999455
2016-07-25,1.5639999999996361,1,78.19999999998181
2016-07-26,-3.8620000000000543,2,-193.10000000000272
2016-07-27,-1.655999999999709,1,-82.79999999998545
2016-07-28,-3.5460000000000362,1,-177.3000000000018
2016-07-29,-4.662000000000236,2,-233.10000000001182
2016-08-01,-4.375999999999964,1,-218.7999999999982
2016-08-02,7.193999999999745,1,359.69999999998726
2016-08-03,0.0,0,0.0
2016-08-04,0.0,0,0.0
2016-08-05,3.164,1,158.20000000000002
2016-08-08,0.0,0,0.0
2016-08-09,-1.9819999999999456,2,-99.09999999999728
2016-08-10,-5.492000000000163,2,-274.60000000000815
2016-08-11,-2.736000000000091,1,-136.80000000000453
2016-08-12,0.0,0,0.0
2016-08-15,-1.1720000000000002,2,-58.60000000000001
2016-08-16,0.0,0,0.0
2016-08-17,-4.886000000000182,1,-244.3000000000091
2016-08-18,-1.1259999999999637,1,-56.299999999998185
2016-08-19,-6.506000000000073,1,-325.30000000000365
2016-08-22,0.0,0,0.0
2016-08-23,-1.1160000000002002,1,-55.80000000001001
2016-08-24,2.3540000000000547,1,117.70000000000273
2016-08-25,0.0,0,0.0
2016-08-26,-19.762000000000146,2,-988.1000000000073
2016-08-29,3.164,1,158.20000000000002
2016-08-30,-3.6679999999998545,3,-183.39999999999273
2016-08-31,-4.672,2,-233.6
2016-09-01,-6.2359999999996365,1,-311.7999999999818
2016-09-02,-2.736000000000091,1,-136.80000000000453
2016-09-05,0.0,0,0.0
2016-09-06,0.0,0,0.0
2016-09-07,-7.336,1,-366.8
2016-09-08,-1.1259999999999637,1,-56.299999999998185
2016-09-09,34.65399999999978,1,1732.6999999999891
2016-09-12,30.624000000000038,1,1531.2000000000019
2016-09-13,9.084000000000072,1,454.2000000000036
2016-09-14,-16.862000000000055,2,-843.1000000000028
2016-09-15,14.78399999999989,1,739.1999999999945
2016-09-16,0.0,0,0.0
2016-09-19,-2.4759999999998725,1,-123.79999999999363
2016-09-20,0.0,0,0.0
2016-09-21,0.0,0,0.0
2016-09-22,0.0,0,0.0
2016-09-23,0.0,0,0.0
2016-09-26,-3.871999999999818,2,-193.5999999999909
2016-09-27,2.0479999999997993,2,102.39999999998997
2016-09-28,0.0,0,0.0
2016-09-29,-0.3820000000004917,2,-19.100000000024586
2016-09-30,-6.862000000000055,2,-343.10000000000275
2016-10-03,0.0,0,0.0
2016-10-04,-3.0360000000002727,1,-151.80000000001363
2016-10-05,0.0,0,0.0
2016-10-06,-4.412000000000236,2,-220.60000000001182
2016-10-07,-0.8560000000004365,1,-42.800000000021825
2016-10-10,-1.3959999999999455,1,-69.79999999999727
2016-10-11,15.323999999999854,1,766.1999999999927
2016-10-12,0.0,0,0.0
2016-10-13,-5.176000000000146,1,-258.8000000000073
2016-10-14,0.0,0,0.0
2016-10-17,-6.8059999999998,1,-340.29999999999
2016-10-18,0.0,0,0.0
2016-10-19,0.0,0,0.0
2016-10-20,-3.016000000000291,1,-150.80000000001453
2016-10-21,0.0,0,0.0
2016-10-24,0.0,0,0.0
2016-10-25,-3.015999999999836,1,-150.7999999999918
2016-10-26,0.0,0,0.0
2016-10-27,0.0,0,0.0
2016-10-28,-24.951999999999746,2,-1247.5999999999874
2016-10-31,0.0,0,0.0
2016-11-01,8.528000000000272,2,426.4000000000136
2016-11-02,-6.5720000000000915,2,-328.60000000000457
2016-11-03,0.47399999999994546,1,23.699999999997274
2016-11-04,-4.906000000000164,1,-245.3000000000082
2016-11-07,14.524000000000127,1,726.2000000000063
2016-11-08,3.984000000000164,1,199.2000000000082
2016-11-09,14.78399999999989,1,739.1999999999945
2016-11-10,-18.451999999999742,2,-922.5999999999872
2016-11-11,0.0,0,0.0
2016-11-14,0.0,0,0.0
2016-11-15,1.5539999999998726,1,77.69999999999364
2016-11-16,0.0,0,0.0
2016-11-17,-5.501999999999927,2,-275.0999999999963
2016-11-18,0.0,0,0.0
2016-11-21,-5.176000000000146,1,-258.8000000000073
2016-11-22,0.0,0,0.0
2016-11-23,0.0,0,0.0
2016-11-24,0.0,0,0.0
2016-11-25,0.0,0,0.0
2016-11-28,0.0,0,0.0
2016-11-29,-2.4759999999998725,1,-123.79999999999363
2016-11-30,0.0,0,0.0
2016-12-01,0.0,0,0.0
2016-12-02,-4.9520000000002,2,-247.60000000001
2016-12-05,-2.2059999999998907,1,-110.29999999999454
2016-12-06,0.0,0,0.0
2016-12-07,23.973999999999947,1,1198.6999999999973
2016-12-08,-1.955999999999891,1,-97.79999999999454
2016-12-09,-2.791999999999891,2,-139.59999999999454
2016-12-12,-10.912000000000237,2,-545.6000000000118
2016-12-13,-2.0479999999999636,3,-102.39999999999819
2016-12-14,0.0,0,0.0
2016-12-15,-4.125999999999964,1,-206.2999999999982
2016-12-16,-9.02199999999991,2,-451.0999999999955
2016-12-19,-3.836,1,-191.79999999999998
2016-12-20,0.0,0,0.0
2016-12-21,0.0,0,0.0
2016-12-22,-0.04600000000003637,1,-2.300000000001819
2016-12-23,0.0,0,0.0
2016-12-27,-4.412000000000236,2,-220.60000000001182
2016-12-28,12.113999999999818,1,605.6999999999908
2016-12-29,0.0,0,0.0
2016-12-30,1.8340000000000727,1,91.70000000000364
2017-01-03,-9.796000000000037,1,-489.80000000000183
2017-01-04,-0.157999999999636,3,-7.8999999999818
2017-01-05,-2.7459999999998543,1,-137.2999999999927
2017-01-06,-0.8859999999997271,1,-44.299999999986355
2017-01-09,0.0,0,0.0
2017-01-10,-4.9159999999999275,1,-245.79999999999637
2017-01-11,-7.625999999999964,1,-381.2999999999982
2017-01-12,-0.3620000000000547,2,-18.100000000002737
2017-01-13,-1.972000000000182,2,-98.6000000000091
2017-01-16,0.0,0,0.0
2017-01-17,0.0,0,0.0
2017-01-18,0.0,0,0.0
2017-01-19,0.0,0,0.0
2017-01-20,-2.7560000000000726,1,-137.80000000000362
2017-01-23,-3.5760000000002363,1,-178.8000000000118
2017-01-24,4.533999999999891,1,226.69999999999453
2017-01-25,-1.6659999999999273,1,-83.29999999999636
2017-01-26,0.0,0,0.0
2017-01-27,-0.31600000000001816,1,-15.800000000000908
2017-01-30,-3.5760000000002363,1,-178.8000000000118
2017-01-31,-4.105999999999982,1,-205.2999999999991
2017-02-01,0.0,0,0.0
2017-02-02,0.0,0,0.0
2017-02-03,-0.9219999999999999,2,-46.099999999999994
2017-02-06,0.0,0,0.0
2017-02-07,0.0,0,0.0
2017-02-08,0.0,0,0.0
2017-02-09,8.604000000000054,1,430.2000000000027
2017-02-10,-2.216000000000109,1,-110.80000000000545
2017-02-13,0.9680000000003274,2,48.40000000001637
2017-02-14,3.4539999999999638,1,172.6999999999982
2017-02-15,2.8679999999999635,2,143.3999999999982
2017-02-16,-1.172,2,-58.599999999999994
2017-02-17,0.0,0,0.0
2017-02-20,0.0,0,0.0
2017-02-21,2.2819999999999636,3,114.09999999999818
2017-02-22,0.0,0,0.0
2017-02-23,-1.9460000000001274,1,-97.30000000000636
2017-02-24,0.0,0,0.0
2017-02-27,0.0,0,0.0
2017-02-28,-3.8559999999999817,1,-192.79999999999907
2017-03-01,9.673999999999763,1,483.69999999998817
2017-03-02,7.513999999999909,1,375.69999999999544
2017-03-03,0.0,0,0.0
2017-03-06,0.0,0,0.0
2017-03-07,0.0,0,0.0
2017-03-08,0.0,0,0.0
2017-03-09,0.7639999999999091,1,38.199999999995455
2017-03-10,0.0,0,0.0
2017-03-13,0.0,0,0.0
2017-03-14,-8.034000000000054,4,-401.7000000000027
2017-03-15,0.708000000000109,2,35.40000000000545
2017-03-16,-10.188000000000292,3,-509.4000000000146
2017-03-17,0.0,0,0.0
2017-03-20,-4.925999999999691,1,-246.29999999998455
2017-03-21,24.604000000000056,1,1230.2000000000028
2017-03-22,-14.462000000000419,2,-723.1000000000209
2017-03-23,-5.196000000000128,1,-259.8000000000064
2017-03-24,-9.918000000000308,3,-495.90000000001544
2017-03-27,0.0,0,0.0
2017-03-28,7.523999999999672,1,376.1999999999836
2017-03-29,0.0,0,0.0
2017-03-30,-4.375999999999964,1,-218.7999999999982
2017-03-31,0.0,0,0.0
2017-04-03,-5.736000000000091,1,-286.80000000000456
2017-04-04,0.0,0,0.0
2017-04-05,-4.70199999999929,2,-235.09999999996452
2017-04-06,-2.486000000000091,1,-124.30000000000454
2017-04-07,-7.905999999999709,1,-395.29999999998546
2017-04-10,-1.9460000000001274,1,-97.30000000000636
2017-04-11,-0.586,1,-29.299999999999997
2017-04-12,-2.486000000000091,1,-124.30000000000454
2017-04-13,0.0,0,0.0
2017-04-17,4.22800000000009,2,211.40000000000452
2017-04-18,0.0,0,0.0
2017-04-19,-2.755999999999618,1,-137.79999999998088
2017-04-20,3.7240000000004003,1,186.20000000002003
2017-04-21,-0.6320000000000364,2,-31.60000000000182
2017-04-24,0.0,0,0.0
2017-04-25,1.2480000000000726,2,62.40000000000363
2017-04-26,-7.457999999999364,3,-372.8999999999682
2017-04-27,0.0,0,0.0
2017-04-28,-3.0720000000000907,2,-153.60000000000454
2017-05-01,0.0,0,0.0
2017-05-02,-2.216000000000109,1,-110.80000000000545
2017-05-03,-3.566000000000018,1,-178.3000000000009
2017-05-04,-5.196000000000128,1,-259.8000000000064
2017-05-05,0.0,0,0.0
2017-05-08,-0.31600000000001816,1,-15.800000000000908
2017-05-09,0.0,0,0.0
2017-05-10,0.0,0,0.0
2017-05-11,-7.2240000000001094,4,-361.20000000000545
2017-05-12,-0.8559999999999818,1,-42.79999999999909
2017-05-15,0.34600000000005426,4,17.30000000000271
2017-05-16,-5.782000000000127,2,-289.10000000000633
2017-05-17,19.677999999999912,2,983.8999999999955
2017-05-18,-7.208000000000274,3,-360.4000000000137
2017-05-19,2.0580000000000185,2,102.90000000000093
2017-05-22,-2.867999999999672,3,-143.3999999999836
2017-05-23,0.0,0,0.0
2017-05-24,0.0,0,0.0
2017-05-25,-4.182000000000219,2,-209.10000000001094
2017-05-26,0.0,0,0.0
2017-05-29,0.0,0,0.0
2017-05-30,0.0,0,0.0
2017-05-31,-5.501999999999928,2,-275.0999999999964
2017-06-01,0.0,0,0.0
2017-06-02,0.7540000000001456,1,37.70000000000728
2017-06-05,0.0,0,0.0
2017-06-06,0.0,0,0.0
2017-06-07,0.0,0,0.0
2017-06-08,-3.0259999999995997,1,-151.29999999997997
2017-06-09,-2.8020000000001097,2,-140.10000000000548
2017-06-12,-12.311999999999873,2,-615.5999999999937
2017-06-13,0.0,0,0.0
2017-06-14,-2.7560000000000726,1,-137.80000000000362
2017-06-15,0.0,0,0.0
2017-06-16,-3.6120000000000547,2,-180.60000000000272
2017-06-19,2.3740000000000365,1,118.70000000000182
2017-06-20,1.9760000000001634,4,98.80000000000817
2017-06-21,-4.926000000000146,1,-246.3000000000073
2017-06-22,-3.882000000000036,2,-194.1000000000018
2017-06-23,-1.7119999999999638,2,-85.59999999999819
2017-06-26,-2.486000000000091,1,-124.30000000000454
2017-06-27,7.533999999999891,1,376.69999999999453
2017-06-28,2.9240000000002184,1,146.20000000001093
2017-06-29,16.753999999999692,1,837.6999999999846
2017-06-30,0.0,0,0.0
2017-07-03,0.0,0,0.0
2017-07-04,0.0,0,0.0
2017-07-05,-6.5559999999998,1,-327.79999999999
2017-07-06,-2.7560000000000726,1,-137.80000000000362
2017-07-07,3.4639999999997273,1,173.19999999998637
2017-07-10,-1.3959999999999455,1,-69.79999999999727
2017-07-11,-6.546000000000037,1,-327.30000000000183
2017-07-12,-3.0260000000000544,1,-151.3000000000027
2017-07-13,0.0,0,0.0
2017-07-14,-1.1259999999999637,1,-56.299999999998185
2017-07-17,0.0,0,0.0
2017-07-18,0.0,0,0.0
2017-07-19,-1.1359999999997272,1,-56.79999999998636
2017-07-20,0.0,0,0.0
2017-07-21,0.0,0,0.0
2017-07-24,-1.3959999999999455,1,-69.79999999999727
2017-07-25,0.0,0,0.0
2017-07-26,0.0,0,0.0
2017-07-27,-10.105999999999982,1,-505.2999999999991
2017-07-28,-0.8559999999999818,1,-42.79999999999909
2017-07-31,0.0,0,0.0
2017-08-01,0.0,0,0.0
2017-08-02,-2.7560000000000726,1,-137.80000000000362
2017-08-03,-5.782000000000127,2,-289.10000000000633
2017-08-04,0.0,0,0.0
2017-08-07,-0.6159999999997453,1,-30.799999999987264
2017-08-08,-3.5760000000002363,1,-178.8000000000118
2017-08-09,0.0,0,0.0
2017-08-10,22.183999999999983,1,1109.1999999999991
2017-08-11,-10.922,2,-546.1
2017-08-14,2.6080000000002,2,130.40000000001
2017-08-15,0.0,0,0.0
2017-08-16,0.0,0,0.0
2017-08-17,31.673999999999765,1,1583.6999999999882
2017-08-18,-9.312000000000328,2,-465.6000000000164
2017-08-21,-2.7560000000000726,1,-137.80000000000362
2017-08-22,11.874000000000036,1,593.7000000000018
2017-08-23,0.0,0,0.0
2017-08-24,-1.9460000000001274,1,-97.30000000000636
2017-08-25,-4.926000000000146,1,-246.3000000000073
2017-08-28,0.0,0,0.0
2017-08-29,0.0,0,0.0
2017-08-30,2.058000000000018,2,102.9000000000009
2017-08-31,0.0,0,0.0
2017-09-01,0.0,0,0.0
2017-09-04,0.0,0,0.0
2017-09-05,-6.0720000000000915,2,-303.60000000000457
2017-09-06,0.0,0,0.0
2017-09-07,-5.736000000000091,1,-286.80000000000456
2017-09-08,0.0,0,0.0
2017-09-11,6.174000000000218,1,308.7000000000109
2017-09-12,0.0,0,0.0
2017-09-13,0.0,0,0.0
2017-09-14,0.0,0,0.0
2017-09-15,0.0,0,0.0
2017-09-18,-3.8920000000002544,2,-194.60000000001273
2017-09-19,0.0,0,0.0
2017-09-20,0.0,0,0.0
2017-09-21,-2.7560000000000726,1,-137.80000000000362
2017-09-22,0.0,0,0.0
2017-09-25,-6.052000000000109,2,-302.6000000000054
2017-09-26,0.0,0,0.0
2017-09-27,-2.785999999999818,1,-139.2999999999909
2017-09-28,-2.216000000000109,1,-110.80000000000545
2017-09-29,4.274000000000127,1,213.70000000000636
2017-10-02,2.8779999999997266,2,143.89999999998633
2017-10-03,0.0,0,0.0
2017-10-04,-2.831999999999854,2,-141.59999999999272
2017-10-05,7.813999999999636,1,390.6999999999818
2017-10-06,0.0,0,0.0
2017-10-09,-0.05600000000025465,1,-2.8000000000127327
2017-10-10,0.0,0,0.0
2017-10-11,0.0,0,0.0
2017-10-12,0.0,0,0.0
2017-10-13,0.0,0,0.0
2017-10-16,-3.3059999999997998,1,-165.29999999998998
2017-10-17,0.0,0,0.0
2017-10-18,0.0,0,0.0
2017-10-19,-3.836,1,-191.79999999999998
2017-10-20,-1.9459999999996727,1,-97.29999999998363
2017-10-23,6.723999999999945,1,336.19999999999726
2017-10-24,0.0,0,0.0
2017-10-25,2.7499999999998357,5,137.4999999999918
2017-10-26,0.0,0,0.0
2017-10-27,9.703999999999963,1,485.19999999999817
2017-10-30,-5.0380000000002,3,-251.90000000001
2017-10-31,0.0,0,0.0
2017-11-01,-3.566000000000018,1,-178.3000000000009
2017-11-02,-10.448000000000054,3,-522.4000000000027
2017-11-03,2.1040000000000547,1,105.20000000000273
2017-11-06,-2.236000000000091,1,-111.80000000000454
2017-11-07,-9.638000000000108,3,-481.90000000000543
2017-11-08,0.0,0,0.0
2017-11-09,-8.995999999999855,1,-449.79999999999274
2017-11-10,0.0,0,0.0
2017-11-13,0.0,0,0.0
2017-11-14,-6.015999999999837,1,-300.7999999999918
2017-11-15,-12.30200000000011,2,-615.1000000000055
2017-11-16,5.634000000000254,1,281.7000000000127
2017-11-17,0.0,0,0.0
2017-11-20,0.0,0,0.0
2017-11-21,2.653999999999782,1,132.6999999999891
2017-11-22,0.0,0,0.0
2017-11-23,0.0,0,0.0
2017-11-24,0.0,0,0.0
2017-11-27,0.0,0,0.0
2017-11-28,17.854000000000056,1,892.7000000000028
2017-11-29,-11.222000000000182,2,-561.1000000000091
2017-11-30,8.343999999999836,1,417.1999999999918
2017-12-01,-30.47599999999987,1,-1523.7999999999936
2017-12-04,0.0,0,0.0
2017-12-05,-2.7560000000000726,1,-137.80000000000362
2017-12-06,-5.782000000000127,2,-289.10000000000633
2017-12-07,5.363999999999818,1,268.1999999999909
2017-12-08,0.0,0,0.0
2017-12-11,-3.566000000000018,1,-178.3000000000009
2017-12-12,-2.486000000000091,1,-124.30000000000454
2017-12-13,-0.04600000000003637,1,-2.300000000001819
2017-12-14,0.0,0,0.0
2017-12-15,4.0039999999996905,1,200.19999999998453
2017-12-18,-2.8020000000001093,2,-140.10000000000545
2017-12-19,-2.894000000000182,4,-144.7000000000091
2017-12-20,0.0,0,0.0
2017-12-21,-2.2059999999998907,1,-110.29999999999454
2017-12-22,0.0,0,0.0
2017-12-26,0.0,0,0.0
2017-12-27,0.0,0,0.0
2017-12-28,0.0,0,0.0
2017-12-29,0.0,0,0.0
2018-01-02,-3.2960000000000362,1,-164.8000000000018
2018-01-03,9.703999999999963,1,485.19999999999817
2018-01-04,-7.477999999999799,3,-373.89999999999
2018-01-05,0.0,0,0.0
2018-01-08,0.0,0,0.0
2018-01-09,-3.6119999999995995,2,-180.59999999997999
2018-01-10,-3.566000000000018,1,-178.3000000000009
2018-01-11,5.542000000000182,3,277.1000000000091
2018-01-12,9.703999999999963,1,485.19999999999817
2018-01-15,0.0,0,0.0
2018-01-16,-4.386000000000182,1,-219.3000000000091
2018-01-17,9.9740000000004,1,498.70000000002
2018-01-18,-4.1160000000002,1,-205.80000000001002
2018-01-19,0.0,0,0.0
2018-01-22,14.268000000000056,2,713.4000000000028
2018-01-23,-4.926000000000146,1,-246.3000000000073
2018-01-24,-3.035999999999818,1,-151.7999999999909
2018-01-25,-2.7560000000000726,1,-137.80000000000362
2018-01-26,16.43800000000013,2,821.9000000000065
2018-01-29,-3.0260000000000544,1,-151.3000000000027
2018-01-30,-1.4619999999999636,2,-73.09999999999818
2018-01-31,0.0,0,0.0
2018-02-01,-13.906000000000164,1,-695.3000000000083
2018-02-02,41.09200000000037,3,2054.6000000000186
2018-02-05,79.42400000000022,1,3971.200000000011
2018-02-06,-5.847999999999686,3,-292.3999999999843
2018-02-07,-2.7560000000000726,1,-137.80000000000362
2018-02-08,100.31400000000009,1,5015.700000000004
2018-02-09,-69.53199999999967,2,-3476.5999999999835
2018-02-12,-18.012000000000146,2,-900.6000000000073
2018-02-13,0.0,0,0.0
2018-02-14,12.36800000000042,2,618.400000000021
2018-02-15,0.0,0,0.0
2018-02-16,0.0,0,0.0
2018-02-19,0.0,0,0.0
2018-02-20,0.0,0,0.0
2018-02-21,0.0,0,0.0
2018-02-22,0.0,0,0.0
2018-02-23,0.0,0,0.0
2018-02-26,0.0,0,0.0
2018-02-27,0.0,0,0.0
2018-02-28,0.0,0,0.0
2018-03-01,-19.846000000000217,1,-992.3000000000109
2018-03-02,0.0,0,0.0
2018-03-05,15.664,1,783.1999999999999
2018-03-06,0.0,0,0.0
2018-03-07,0.0,0,0.0
2018-03-08,0.0,0,0.0
2018-03-09,25.703999999999965,1,1285.1999999999982
2018-03-12,-2.7560000000000726,1,-137.80000000000362
2018-03-13,-2.5060000000000726,1,-125.30000000000364
2018-03-14,-12.811999999999873,2,-640.5999999999937
2018-03-15,0.0,0,0.0
2018-03-16,2.664,1,133.20000000000002
2018-03-19,23.77400000000013,1,1188.7000000000064
2018-03-20,0.0,0,0.0
2018-03-21,0.0,0,0.0
2018-03-22,20.208000000000112,2,1010.4000000000055
2018-03-23,-3.397999999999872,3,-169.89999999999358
2018-03-26,-6.051999999999655,2,-302.59999999998274
2018-03-27,26.754000000000147,1,1337.7000000000073
2018-03-28,-15.251999999999928,2,-762.5999999999964
2018-03-29,7.783999999999891,1,389.19999999999453
2018-04-02,47.604000000000056,1,2380.200000000003
2018-04-03,0.0,0,0.0
2018-04-04,1.8340000000000727,1,91.70000000000364
2018-04-05,0.0,0,0.0
2018-04-06,-11.211999999999962,2,-560.5999999999981
2018-04-09,19.183999999999983,1,959.1999999999991
2018-04-10,0.0,0,0.0
2018-04-11,0.0,0,0.0
2018-04-12,-7.625999999999964,1,-381.2999999999982
2018-04-13,0.0,0,0.0
2018-04-16,0.0,0,0.0
2018-04-17,0.0,0,0.0
2018-04-18,0.0,0,0.0
2018-04-19,-6.276000000000055,1,-313.80000000000274
2018-04-20,3.148000000000163,2,157.40000000000816
2018-04-23,0.0,0,0.0
2018-04-24,20.52400000000013,1,1026.2000000000064
2018-04-25,-18.242000000000164,2,-912.1000000000082
2018-04-26,-6.0419999999998915,2,-302.09999999999457
2018-04-27,0.0,0,0.0
2018-04-30,5.0840000000000725,1,254.20000000000363
2018-05-01,-17.422,2,-871.1
2018-05-02,-1.9359999999999091,1,-96.79999999999545
2018-05-03,-24.46199999999996,2,-1223.099999999998
2018-05-04,24.854000000000056,1,1242.7000000000028
2018-05-07,-4.375999999999964,1,-218.7999999999982
2018-05-08,0.0,0,0.0
2018-05-09,4.534000000000345,1,226.70000000001727
2018-05-10,3.2039999999999638,1,160.1999999999982
2018-05-11,-6.852000000000292,2,-342.6000000000146
2018-05-14,0.0,0,0.0
2018-05-15,-22.088000000000385,3,-1104.4000000000192
2018-05-16,-6.322000000000091,2,-316.1000000000045
2018-05-17,0.0,0,0.0
2018-05-18,0.0,0,0.0
2018-05-21,0.0,0,0.0
2018-05-22,0.0,0,0.0
2018-05-23,0.0,0,0.0
2018-05-24,-5.781999999999673,2,-289.09999999998365
2018-05-25,0.0,0,0.0
2018-05-28,0.0,0,0.0
2018-05-29,-2.2259999999998725,1,-111.29999999999363
2018-05-30,9.414,1,470.7
2018-05-31,-0.9220000000000006,2,-46.10000000000003
2018-06-01,7.513999999999909,1,375.69999999999544
2018-06-04,-6.546000000000037,1,-327.30000000000183
2018-06-05,0.0,0,0.0
2018-06-06,-1.6760000000001456,1,-83.80000000000727
2018-06-07,0.0,0,0.0
2018-06-08,0.0,0,0.0
2018-06-11,-5.486000000000091,1,-274.30000000000456
2018-06-12,0.0,0,0.0
2018-06-13,0.0,0,0.0
2018-06-14,0.0,0,0.0
2018-06-15,0.7179999999998727,2,35.89999999999364
2018-06-18,0.0,0,0.0
2018-06-19,0.0,0,0.0
2018-06-20,0.0,0,0.0
2018-06-21,12.281999999999963,3,614.0999999999981
2018-06-22,0.0,0,0.0
2018-06-25,10.483999999999709,1,524.1999999999854
2018-06-26,-3.836,1,-191.79999999999998
2018-06-27,1.5079999999998357,2,75.39999999999179
2018-06-28,1.7779999999993628,2,88.89999999996814
2018-06-29,-0.7240000000001093,4,-36.20000000000547
2018-07-02,0.0,0,0.0
2018-07-03,3.183999999999982,1,159.1999999999991
2018-07-04,0.0,0,0.0
2018-07-05,0.0,0,0.0
2018-07-06,18.04400000000011,1,902.2000000000055
2018-07-09,3.7239999999999456,1,186.1999999999973
2018-07-10,0.0,0,0.0
2018-07-11,0.0,0,0.0
2018-07-12,0.0,0,0.0
2018-07-13,0.0,0,0.0
2018-07-16,0.0,0,0.0
2018-07-17,3.4540000000004185,1,172.70000000002094
2018-07-18,0.0,0,0.0
2018-07-19,-1.9359999999999091,1,-96.79999999999545
2018-07-20,0.0,0,0.0
2018-07-23,0.0,0,0.0
2018-07-24,-2.7459999999998543,1,-137.2999999999927
2018-07-25,9.815999999999402,4,490.7999999999701
2018-07-26,0.0,0,0.0
2018-07-27,12.924000000000218,1,646.2000000000108
2018-07-30,3.9379999999996724,2,196.89999999998363
2018-07-31,-1.136000000000182,1,-56.8000000000091
2018-08-01,-1.3959999999999455,1,-69.79999999999727
2018-08-02,2.3740000000000365,1,118.70000000000182
2018-08-03,-4.105999999999982,1,-205.2999999999991
2018-08-06,0.4939999999999273,1,24.699999999996365
2018-08-07,0.22399999999994544,1,11.199999999997273
2018-08-08,0.0,0,0.0
2018-08-09,0.0,0,0.0
2018-08-10,-1.9359999999999091,1,-96.79999999999545
2018-08-13,-3.3320000000003094,2,-166.60000000001546
2018-08-14,-10.474000000000109,4,-523.7000000000054
2018-08-15,-6.403999999999945,4,-320.19999999999726
2018-08-16,-0.6520000000000179,2,-32.6000000000009
2018-08-17,-1.955999999999891,1,-97.79999999999454
2018-08-20,0.0,0,0.0
2018-08-21,-1.7119999999999633,2,-85.59999999999816
2018-08-22,0.0,0,0.0
2018-08-23,-5.455999999999891,1,-272.79999999999455
2018-08-24,2.914,1,145.70000000000002
2018-08-27,4.263999999999909,1,213.19999999999544
2018-08-28,0.0,0,0.0
2018-08-29,5.8839999999998,1,294.19999999999
2018-08-30,-1.9560000000003457,1,-97.80000000001728
2018-08-31,0.0,0,0.0
2018-09-03,0.0,0,0.0
2018-09-04,-9.55200000000011,2,-477.6000000000055
2018-09-05,-5.828000000000618,3,-291.4000000000309
2018-09-06,4.523999999999672,1,226.19999999998362
2018-09-07,0.0,0,0.0
2018-09-10,0.0,0,0.0
2018-09-11,-3.0460000000000362,1,-152.3000000000018
2018-09-12,0.0,0,0.0
2018-09-13,-3.0260000000000544,1,-151.3000000000027
2018-09-14,0.0,0,0.0
2018-09-17,-3.602000000000291,2,-180.10000000001455
2018-09-18,6.6839999999999815,1,334.1999999999991
2018-09-19,0.0,0,0.0
2018-09-20,0.47399999999994546,1,23.699999999997274
2018-09-21,0.0,0,0.0
2018-09-24,0.0,0,0.0
2018-09-25,0.0,0,0.0
2018-09-26,-6.5259999999996,1,-326.29999999998
2018-09-27,5.624000000000036,1,281.2000000000018
2018-09-28,0.0,0,0.0
2018-10-01,0.4939999999999273,1,24.699999999996365
2018-10-02,0.0,0,0.0
2018-10-03,0.0,0,0.0
2018-10-04,13.164,1,658.1999999999999
2018-10-05,2.3639999999998182,1,118.19999999999091
2018-10-08,-9.226000000000328,1,-461.3000000000164
2018-10-09,-5.986000000000091,1,-299.30000000000456
2018-10-10,70.93399999999998,1,3546.6999999999994
2018-10-11,36.05800000000002,2,1802.900000000001
2018-10-12,0.0,0,0.0
2018-10-15,0.0,0,0.0
2018-10-16,23.964000000000183,1,1198.2000000000091
2018-10-17,-1.6659999999999273,1,-83.29999999999636
2018-10-18,-5.242000000000164,2,-262.1000000000082
2018-10-19,-5.716000000000109,1,-285.80000000000547
2018-10-22,-11.656000000000164,1,-582.8000000000083
2018-10-23,-5.446000000000128,1,-272.3000000000064
2018-10-24,74.39800000000017,2,3719.9000000000083
2018-10-25,15.053999999999872,1,752.6999999999936
2018-10-26,-7.875999999999964,1,-393.7999999999982
2018-10-29,-14.915999999999928,1,-745.7999999999964
2018-10-30,-29.31799999999994,3,-1465.8999999999971
2018-10-31,-7.382000000000037,2,-369.10000000000184
2018-11-01,0.0,0,0.0
2018-11-02,-4.096000000000219,1,-204.80000000001093
2018-11-05,0.0,0,0.0
2018-11-06,0.0,0,0.0
2018-11-07,8.248000000000072,2,412.4000000000036
2018-11-08,0.0,0,0.0
2018-11-09,-5.446000000000128,1,-272.3000000000064
2018-11-12,33.134000000000256,1,1656.7000000000128
2018-11-13,0.0,0,0.0
2018-11-14,-13.006000000000073,1,-650.3000000000037
2018-11-15,-8.415999999999928,1,-420.7999999999964
2018-11-16,0.0,0,0.0
2018-11-19,22.8839999999998,1,1144.19999999999
2018-11-20,-4.6359999999997275,1,-231.79999999998637
2018-11-21,0.0,0,0.0
2018-11-22,0.0,0,0.0
2018-11-23,-6.526000000000055,1,-326.30000000000274
2018-11-26,-5.716000000000109,1,-285.80000000000547
2018-11-27,0.0,0,0.0
2018-11-28,22.604000000000056,1,1130.2000000000028
2018-11-29,0.0,0,0.0
2018-11-30,0.0,0,0.0
2018-12-03,0.0,0,0.0
2018-12-04,73.8580000000002,2,3692.90000000001
2018-12-06,-7.336,1,-366.8
2018-12-07,49.87400000000004,1,2493.700000000002
2018-12-10,-25.98600000000009,1,-1299.3000000000045
2018-12-11,0.0,0,0.0
2018-12-12,0.0,0,0.0
2018-12-13,0.0,0,0.0
2018-12-14,-8.126000000000419,1,-406.30000000002093
2018-12-17,20.648000000000167,2,1032.4000000000083
2018-12-18,0.0,0,0.0
2018-12-19,6.088000000000218,2,304.4000000000109
2018-12-20,-18.161999999999782,2,-908.0999999999891
2018-12-21,11.692000000000274,3,584.6000000000137
2018-12-24,24.678000000000367,2,1233.9000000000183
2018-12-26,82.414,1,4120.7
2018-12-27,-7.326000000000237,1,-366.30000000001183
2018-12-28,0.0,0,0.0
2018-12-31,0.0,0,0.0
2019-01-02,0.0,0,0.0
2019-01-03,-4.412000000000237,2,-220.60000000001185
2019-01-04,36.59399999999984,1,1829.6999999999919
2019-01-07,-12.46600000000011,1,-623.3000000000055
2019-01-08,0.0,0,0.0
2019-01-09,0.0,0,0.0
2019-01-10,0.0,0,0.0
2019-01-11,0.0,0,0.0
2019-01-14,0.0,0,0.0
2019-01-15,3.408000000000382,2,170.4000000000191
2019-01-16,-0.8559999999999818,1,-42.79999999999909
2019-01-17,0.0,0,0.0
2019-01-18,-1.3959999999999455,1,-69.79999999999727
2019-01-21,0.0,0,0.0
2019-01-22,-1.4159999999999273,1,-70.79999999999636
2019-01-23,-2.4759999999998725,1,-123.79999999999363
2019-01-24,0.0,0,0.0
2019-01-25,0.0,0,0.0
2019-01-28,-13.842000000000073,2,-692.1000000000037
2019-01-29,-7.865999999999746,1,-393.2999999999873
2019-01-30,0.0,0,0.0
2019-01-31,8.553999999999872,1,427.6999999999936
2019-02-01,-9.745999999999855,1,-487.29999999999274
2019-02-04,0.0,0,0.0
2019-02-05,-6.515999999999837,1,-325.7999999999918
2019-02-06,0.0,0,0.0
2019-02-07,-3.5760000000002363,1,-178.8000000000118
2019-02-08,0.0,0,0.0
2019-02-11,0.0,0,0.0
2019-02-12,11.794000000000109,1,589.7000000000054
2019-02-13,-0.04600000000003637,1,-2.300000000001819
2019-02-14,0.0,0,0.0
2019-02-15,0.0,0,0.0
2019-02-18,0.0,0,0.0
2019-02-19,0.0,0,0.0
2019-02-20,0.0,0,0.0
2019-02-21,0.7639999999999091,1,38.199999999995455
2019-02-22,3.9739999999999456,1,198.6999999999973
2019-02-25,0.0,0,0.0
2019-02-26,0.0,0,0.0
2019-02-27,-3.2760000000000544,1,-163.8000000000027
2019-02-28,0.0,0,0.0
2019-03-01,0.0,0,0.0
2019-03-04,1.2840000000003455,1,64.20000000001728
2019-03-05,-6.245999999999855,1,-312.29999999999274
2019-03-06,13.144000000000018,1,657.2000000000008
2019-03-07,0.38199999999987266,3,19.099999999993635
2019-03-08,0.0,0,0.0
2019-03-11,23.92400000000022,1,1196.200000000011
2019-03-12,0.0,0,0.0
2019-03-13,-0.586,1,-29.299999999999997
2019-03-14,0.0,0,0.0
2019-03-15,-3.2760000000000544,1,-163.8000000000027
2019-03-18,-8.656000000000164,1,-432.8000000000082
2019-03-19,0.0,0,0.0
2019-03-20,-12.777999999999983,3,-638.8999999999992
2019-03-21,27.914,1,1395.7
2019-03-22,28.46399999999973,1,1423.1999999999864
2019-03-25,-4.355999999999982,1,-217.7999999999991
2019-03-26,-10.05200000000011,2,-502.6000000000055
2019-03-27,-15.162000000000237,2,-758.1000000000118
2019-03-28,0.0,0,0.0
2019-03-29,0.0,0,0.0
2019-04-01,1.2740000000001273,1,63.70000000000636
2019-04-02,0.0,0,0.0
2019-04-03,0.0,0,0.0
2019-04-04,0.0,0,0.0
2019-04-05,0.0,0,0.0
2019-04-08,0.0,0,0.0
2019-04-09,0.0,0,0.0
2019-04-10,0.0,0,0.0
2019-04-11,-2.466000000000109,1,-123.30000000000545
2019-04-12,0.0,0,0.0
2019-04-15,-4.672,2,-233.6
2019-04-16,0.0,0,0.0
2019-04-17,3.433999999999982,1,171.6999999999991
2019-04-18,-3.816000000000018,1,-190.8000000000009
2019-04-22,0.0,0,0.0
2019-04-23,14.1940000000002,1,709.7000000000099
2019-04-24,0.0,0,0.0
2019-04-25,-5.966000000000109,1,-298.30000000000547
2019-04-26,-1.4520000000002007,2,-72.60000000001003
2019-04-29,-1.3960000000004003,1,-69.80000000002
2019-04-30,-3.3220000000000907,2,-166.10000000000454
2019-05-01,0.0,0,0.0
2019-05-02,-13.857999999999455,3,-692.8999999999728
2019-05-03,0.744000000000382,1,37.2000000000191
2019-05-06,0.0,0,0.0
2019-05-07,3.9739999999999456,1,198.6999999999973
2019-05-08,0.0,0,0.0
2019-05-09,-0.32600000000023643,1,-16.30000000001182
2019-05-10,-13.821999999999637,2,-691.0999999999818
2019-05-13,-14.957999999999819,3,-747.899999999991
2019-05-14,10.154000000000236,1,507.7000000000118
2019-05-15,1.0039999999996907,1,50.199999999984534
2019-05-16,-1.191999999999982,2,-59.5999999999991
2019-05-17,0.0,0,0.0
2019-05-20,0.0,0,0.0
2019-05-21,0.0,0,0.0
2019-05-22,0.0,0,0.0
2019-05-23,-11.931999999999764,2,-596.5999999999882
2019-05-24,0.0,0,0.0
2019-05-27,0.0,0,0.0
2019-05-28,-7.036000000000273,1,-351.80000000001365
2019-05-29,-9.196000000000128,1,-459.8000000000064
2019-05-30,-1.1259999999999637,1,-56.299999999998185
2019-05-31,0.0,0,0.0
2019-06-03,-7.605999999999982,1,-380.2999999999991
2019-06-04,16.56800000000024,2,828.4000000000119
2019-06-05,0.0,0,0.0
2019-06-06,0.0,0,0.0
2019-06-07,5.323999999999854,1,266.1999999999927
2019-06-10,-6.506000000000073,1,-325.30000000000365
2019-06-11,0.0,0,0.0
2019-06-12,0.0,0,0.0
2019-06-13,0.0,0,0.0
2019-06-14,-1.9360000000003639,1,-96.80000000001819
2019-06-17,0.0,0,0.0
2019-06-18,-12.442000000000148,7,-622.1000000000074
2019-06-19,0.0,0,0.0
2019-06-20,0.0,0,0.0
2019-06-21,0.0,0,0.0
2019-06-24,0.0,0,0.0
2019-06-25,24.11399999999982,1,1205.699999999991
2019-06-26,0.0,0,0.0
2019-06-27,0.0,0,0.0
2019-06-28,0.0,0,0.0
2019-07-01,0.0,0,0.0
2019-07-02,-1.9260000000001456,1,-96.30000000000727
2019-07-03,10.943999999999745,1,547.1999999999872
2019-07-04,0.0,0,0.0
2019-07-05,-3.816000000000018,1,-190.8000000000009
2019-07-08,-3.2760000000000544,1,-163.8000000000027
2019-07-09,0.0,0,0.0
2019-07-10,-8.915999999999928,1,-445.7999999999964
2019-07-11,0.0,0,0.0
2019-07-12,0.0,0,0.0
2019-07-15,0.0,0,0.0
2019-07-16,3.4239999999997637,1,171.1999999999882
2019-07-17,13.374000000000036,1,668.7000000000018
2019-07-18,0.0,0,0.0
2019-07-19,0.0,0,0.0
2019-07-22,-5.4159999999999275,1,-270.7999999999964
2019-07-23,0.0,0,0.0
2019-07-24,0.0,0,0.0
2019-07-25,-3.38800000000011,3,-169.4000000000055
2019-07-26,5.314000000000091,1,265.70000000000454
2019-07-29,-4.8859999999997275,1,-244.29999999998637
2019-07-30,0.0,0,0.0
2019-07-31,2.3540000000000547,1,117.70000000000273
2019-08-01,-9.83800000000038,3,-491.90000000001896
2019-08-02,-0.6879999999998372,3,-34.39999999999186
2019-08-05,35.12399999999958,1,1756.1999999999791
2019-08-06,-6.236000000000091,1,-311.80000000000456
2019-08-07,-12.676000000000146,1,-633.8000000000073
2019-08-08,32.4440000000002,1,1622.20000000001
2019-08-09,-10.796000000000037,1,-539.8000000000019
2019-08-12,3.6939999999997455,1,184.69999999998728
2019-08-13,-5.446000000000128,1,-272.3000000000064
2019-08-14,28.414,1,1420.7
2019-08-15,0.0,0,0.0
2019-08-16,-4.075999999999782,1,-203.7999999999891
2019-08-19,0.0,0,0.0
2019-08-20,-6.495999999999855,1,-324.79999999999274
2019-08-21,0.0,0,0.0
2019-08-22,-8.645999999999946,1,-432.2999999999973
2019-08-23,35.39400000000002,1,1769.700000000001
2019-08-26,0.0,0,0.0
2019-08-27,0.0,0,0.0
2019-08-28,-5.74199999999971,2,-287.09999999998547
2019-08-29,0.0,0,0.0
2019-08-30,0.0,0,0.0
2019-09-02,0.0,0,0.0
2019-09-03,0.0,0,0.0
2019-09-04,0.0,0,0.0
2019-09-05,3.183999999999982,1,159.1999999999991
2019-09-06,0.0,0,0.0
2019-09-09,0.0,0,0.0
2019-09-10,-12.4520000000002,2,-622.60000000001
2019-09-11,0.0,0,0.0
2019-09-12,-13.21600000000011,1,-660.8000000000055
2019-09-13,0.0,0,0.0
2019-09-16,-5.176000000000146,1,-258.8000000000073
2019-09-17,0.0,0,0.0
2019-09-18,0.0,0,0.0
2019-09-19,-3.016000000000291,1,-150.80000000001453
2019-09-20,0.0,0,0.0
2019-09-23,-2.2059999999998907,1,-110.29999999999454
2019-09-24,17.734000000000165,1,886.7000000000082
2019-09-25,0.3719999999996535,3,18.599999999982675
2019-09-26,-2.838000000000382,3,-141.9000000000191
2019-09-27,8.56400000000009,1,428.20000000000454
2019-09-30,2.6080000000002,2,130.40000000001
2019-10-01,32.823999999999856,1,1641.1999999999928
2019-10-02,19.07400000000031,1,953.7000000000155
2019-10-03,6.062000000000163,3,303.10000000000815
2019-10-04,14.121999999999655,3,706.0999999999827
2019-10-07,0.0,0,0.0
2019-10-08,-12.492000000000164,2,-624.6000000000082
2019-10-09,0.0,0,0.0
2019-10-10,-8.777999999999983,3,-438.8999999999991
2019-10-11,-17.37200000000027,2,-868.6000000000136
2019-10-14,0.0,0,0.0
2019-10-15,5.594000000000291,1,279.70000000001454
2019-10-16,0.0,0,0.0
2019-10-17,0.0,0,0.0
2019-10-18,0.0,0,0.0
2019-10-21,0.0,0,0.0
2019-10-22,0.0,0,0.0
2019-10-23,0.0,0,0.0
2019-10-24,0.0,0,0.0
2019-10-25,3.164,1,158.20000000000002
2019-10-28,0.0,0,0.0
2019-10-29,0.0,0,0.0
2019-10-30,0.0,0,0.0
2019-10-31,-0.33599999999999997,1,-16.799999999999997
2019-11-01,5.007999999999836,2,250.3999999999918
2019-11-04,0.0,0,0.0
2019-11-05,0.0,0,0.0
2019-11-06,0.0,0,0.0
2019-11-07,-5.221999999999727,2,-261.0999999999863
2019-11-08,-7.865999999999746,1,-393.2999999999873
2019-11-11,0.0,0,0.0
2019-11-12,-0.8559999999999818,1,-42.79999999999909
2019-11-13,0.0,0,0.0
2019-11-14,0.0,0,0.0
2019-11-15,0.0,0,0.0
2019-11-18,0.0,0,0.0
2019-11-19,-5.705999999999891,1,-285.29999999999455
2019-11-20,-7.075999999999782,1,-353.7999999999891
2019-11-21,-3.601999999999836,2,-180.0999999999918
2019-11-22,0.0,0,0.0
2019-11-25,6.943999999999745,1,347.19999999998726
2019-11-26,-1.3959999999999455,1,-69.79999999999727
2019-11-27,1.5539999999998726,1,77.69999999999364
2019-11-28,0.0,0,0.0
2019-11-29,0.0,0,0.0
2019-12-02,15.843999999999836,1,792.1999999999917
2019-12-03,-1.1259999999999637,1,-56.299999999998185
2019-12-04,-2.5419999999998906,2,-127.09999999999452
2019-12-05,0.0,0,0.0
2019-12-06,-1.191999999999982,2,-59.5999999999991
2019-12-09,0.0,0,0.0
2019-12-10,0.0,0,0.0
2019-12-11,0.0,0,0.0
2019-12-12,0.5960000000000552,4,29.800000000002758
2019-12-13,0.0,0,0.0
2019-12-16,-5.716000000000109,1,-285.80000000000547
2019-12-17,0.0,0,0.0
2019-12-18,0.0,0,0.0
2019-12-19,4.774000000000127,1,238.70000000000636
2019-12-20,0.0,0,0.0
2019-12-23,0.0,0,0.0
2019-12-24,0.0,0,0.0
2019-12-26,4.72800000000009,2,236.40000000000452
2019-12-27,0.0,0,0.0
2019-12-30,2.4760000000001625,4,123.80000000000813
2019-12-31,0.0,0,0.0
2020-01-02,0.0,0,0.0
2020-01-03,0.0,0,0.0
2020-01-06,0.0,0,0.0
2020-01-07,0.0,0,0.0
2020-01-08,-0.12200000000027256,2,-6.100000000013628
2020-01-09,0.0,0,0.0
2020-01-10,0.0,0,0.0
2020-01-13,6.9339999999999815,1,346.6999999999991
2020-01-14,0.0,0,0.0
2020-01-15,-5.426000000000146,1,-271.3000000000073
2020-01-16,0.0,0,0.0
2020-01-17,0.0,0,0.0
2020-01-20,0.0,0,0.0
2020-01-21,0.0,0,0.0
2020-01-22,0.0,0,0.0
2020-01-23,-5.966000000000109,1,-298.30000000000547
2020-01-24,23.874000000000038,1,1193.7000000000019
2020-01-27,0.0,0,0.0
2020-01-28,6.394000000000018,1,319.7000000000009
2020-01-29,0.0,0,0.0
2020-01-30,-13.765999999999837,1,-688.2999999999919
2020-01-31,46.19399999999975,1,2309.6999999999875
2020-02-03,-16.037999999999748,3,-801.8999999999874
2020-02-04,-6.292000000000345,2,-314.60000000001725
2020-02-05,0.0,0,0.0
2020-02-06,0.0,0,0.0
2020-02-07,-7.855999999999982,1,-392.7999999999991
2020-02-10,7.428000000000363,2,371.40000000001817
2020-02-11,0.0,0,0.0
2020-02-12,0.0,0,0.0
2020-02-13,0.0,0,0.0
2020-02-14,0.0,0,0.0
2020-02-17,0.0,0,0.0
2020-02-18,-4.086,1,-204.3
2020-02-19,-1.655999999999709,1,-82.79999999998545
2020-02-20,-11.096000000000219,1,-554.800000000011
2020-02-21,4.941999999999818,3,247.0999999999909
2020-02-24,0.0,0,0.0
2020-02-25,81.164,1,4058.2000000000003
2020-02-26,-16.501999999999928,2,-825.0999999999964
2020-02-27,-32.586,1,-1629.3
2020-02-28,-26.406000000000162,1,-1320.3000000000081
2020-03-02,80.62400000000004,1,4031.200000000002
2020-03-03,70.89799999999971,2,3544.8999999999855
2020-03-04,0.0,0,0.0
2020-03-05,0.0,0,0.0
2020-03-06,0.0,0,0.0
2020-03-09,0.0,0,0.0
2020-03-10,0.0,0,0.0
2020-03-11,28.927999999999912,2,1446.3999999999955
2020-03-12,-17.59200000000007,2,-879.6000000000035
2020-03-13,0.0,0,0.0
2020-03-16,10.69599999999997,4,534.7999999999985
2020-03-17,-97.3579999999999,3,-4867.899999999995
2020-03-18,-123.22200000000063,2,-6161.100000000031
2020-03-19,-32.52799999999998,3,-1626.399999999999
2020-03-20,43.20799999999966,2,2160.399999999983
2020-03-23,-28.998000000000687,3,-1449.9000000000344
2020-03-24,-4.237999999999559,3,-211.89999999997795
2020-03-25,-29.75600000000007,1,-1487.8000000000036
2020-03-26,81.37400000000004,1,4068.700000000002
2020-03-27,0.0,0,0.0
2020-03-30,-8.215999999999655,1,-410.79999999998273
2020-03-31,0.0,0,0.0
2020-04-01,0.0,0,0.0
2020-04-02,-28.951999999999742,2,-1447.5999999999872
2020-04-03,-1.6759999999996908,1,-83.79999999998454
2020-04-06,-4.676000000000146,1,-233.8000000000073
2020-04-07,0.0,0,0.0
2020-04-08,9.763999999999909,1,488.19999999999544
2020-04-09,-14.475999999999873,1,-723.7999999999937
2020-04-13,-7.422000000000001,2,-371.1
2020-04-14,0.0,0,0.0
2020-04-15,0.0,0,0.0
2020-04-16,0.0,0,0.0
2020-04-17,0.0,0,0.0
2020-04-20,0.0,0,0.0
2020-04-21,-24.36800000000013,3,-1218.4000000000065
2020-04-22,0.0,0,0.0
2020-04-23,-1.9460000000001274,1,-97.30000000000636
2020-04-24,0.0,0,0.0
2020-04-27,0.0,0,0.0
2020-04-28,0.0,0,0.0
2020-04-29,-9.326000000000237,1,-466.30000000001183
2020-04-30,-13.972000000000182,2,-698.6000000000091
2020-05-01,-1.1459999999999455,1,-57.299999999997276
2020-05-04,0.0,0,0.0
2020-05-05,-18.377999999999894,3,-918.8999999999946
2020-05-06,0.0,0,0.0
2020-05-07,-7.6659999999999275,1,-383.2999999999964
2020-05-08,0.0,0,0.0
2020-05-11,0.0,0,0.0
2020-05-12,22.182000000000055,3,1109.1000000000029
2020-05-13,16.77799999999982,2,838.899999999991
2020-05-14,-32.726000000000326,1,-1636.3000000000163
2020-05-15,0.0,0,0.0
2020-05-18,4.278000000000272,2,213.90000000001362
2020-05-19,0.0,0,0.0
2020-05-20,10.313999999999636,1,515.6999999999817
2020-05-21,4.5840000000000725,1,229.20000000000363
2020-05-22,-4.125999999999964,1,-206.2999999999982
2020-05-25,0.0,0,0.0
2020-05-26,0.0,0,0.0
2020-05-27,-10.1160000000002,1,-505.80000000001
2020-05-28,0.0,0,0.0
2020-05-29,-4.3960000000004005,1,-219.80000000002002
2020-06-01,0.0,0,0.0
2020-06-02,0.0,0,0.0
2020-06-03,5.924000000000218,1,296.2000000000109
2020-06-04,0.0,0,0.0
2020-06-05,0.20399999999996363,1,10.199999999998182
2020-06-08,0.0,0,0.0
2020-06-09,-4.125999999999964,1,-206.2999999999982
2020-06-10,-6.846000000000219,1,-342.3000000000109
2020-06-11,102.88400000000026,1,5144.200000000013
2020-06-12,0.0,0,0.0
2020-06-15,57.03399999999989,1,2851.699999999995
2020-06-16,0.0,0,0.0
2020-06-17,-13.6160000000002,1,-680.8000000000101
2020-06-18,0.0,0,0.0
2020-06-19,-21.095999999999762,1,-1054.7999999999881
2020-06-22,0.0,0,0.0
2020-06-23,0.0,0,0.0
2020-06-24,40.1339999999998,1,2006.69999999999
2020-06-25,0.0,0,0.0
2020-06-26,56.76399999999991,1,2838.1999999999957
2020-06-29,0.0,0,0.0
2020-06-30,0.0,0,0.0
2020-07-01,0.0,0,0.0
2020-07-02,-19.985999999999635,1,-999.2999999999818
2020-07-03,0.0,0,0.0
2020-07-06,0.0,0,0.0
2020-07-07,0.0,0,0.0
2020-07-08,-9.735999999999637,1,-486.7999999999818
2020-07-09,-28.326000000000235,1,-1416.3000000000118
2020-07-10,-8.066000000000018,1,-403.3000000000009
2020-07-13,-6.125999999999964,1,-306.2999999999982
2020-07-14,0.0,0,0.0
2020-07-15,0.0,0,0.0
2020-07-16,0.0,0,0.0
2020-07-17,0.0,0,0.0
2020-07-20,0.0,0,0.0
2020-07-21,0.0,0,0.0
2020-07-22,-5.296000000000037,1,-264.80000000000183
2020-07-23,0.0,0,0.0
2020-07-24,0.0,0,0.0
2020-07-27,-1.1359999999997272,1,-56.79999999998636
2020-07-28,0.0,0,0.0
2020-07-29,25.153999999999783,1,1257.6999999999891
2020-07-30,-14.725999999999873,1,-736.2999999999937
2020-07-31,-18.632000000000037,2,-931.6000000000018
2020-08-03,0.0,0,0.0
2020-08-04,0.0,0,0.0
2020-08-05,0.0,0,0.0
2020-08-06,7.423999999999763,1,371.19999999998817
2020-08-07,0.0,0,0.0
2020-08-10,-13.895999999999946,1,-694.7999999999973
2020-08-11,0.0,0,0.0
2020-08-12,10.157999999999927,2,507.89999999999634
2020-08-13,0.0,0,0.0
2020-08-14,0.0,0,0.0
2020-08-17,0.0,0,0.0
2020-08-18,-11.676000000000146,1,-583.8000000000073
2020-08-19,0.0,0,0.0
2020-08-20,-2.7960000000000362,1,-139.8000000000018
2020-08-21,1.0540000000003273,1,52.70000000001637
2020-08-24,0.0,0,0.0
2020-08-25,0.0,0,0.0
2020-08-26,23.223999999999947,1,1161.1999999999973
2020-08-27,-22.538000000000203,3,-1126.90000000001
2020-08-28,0.0,0,0.0
2020-08-31,-8.346000000000219,1,-417.3000000000109
2020-09-01,11.801999999999945,3,590.0999999999972
2020-09-02,24.604000000000056,1,1230.2000000000028
2020-09-03,81.42399999999977,1,4071.1999999999884
2020-09-04,-14.020000000000138,5,-701.0000000000069
2020-09-07,0.0,0,0.0
2020-09-08,0.0,0,0.0
2020-09-09,17.124000000000038,1,856.2000000000019
2020-09-10,0.0,0,0.0
2020-09-11,0.0,0,0.0
2020-09-14,-6.455999999999891,1,-322.79999999999455
2020-09-15,0.0,0,0.0
2020-09-16,0.0,0,0.0
2020-09-17,0.0,0,0.0
2020-09-18,16.903999999999783,1,845.1999999999891
2020-09-21,-18.411999999999782,2,-920.5999999999891
2020-09-22,0.0,0,0.0
2020-09-23,53.32400000000031,1,2666.2000000000157
2020-09-24,-13.965999999999655,1,-698.2999999999828
2020-09-25,-12.816000000000018,1,-640.800000000001
2020-09-28,0.0,0,0.0
2020-09-29,-6.705999999999891,1,-335.29999999999455
2020-09-30,-10.35200000000029,2,-517.6000000000145
2020-10-01,0.0,0,0.0
2020-10-02,0.0,0,0.0
2020-10-05,7.428000000000363,2,371.40000000001817
2020-10-06,23.01399999999991,1,1150.6999999999955
2020-10-07,-6.176000000000146,1,-308.8000000000073
2020-10-08,0.0,0,0.0
2020-10-09,0.0,0,0.0
2020-10-12,7.174000000000218,1,358.7000000000109
2020-10-13,0.0,0,0.0
2020-10-14,0.5240000000001274,1,26.20000000000637
2020-10-15,0.0,0,0.0
2020-10-16,-8.6460000000004,1,-432.30000000002
2020-10-19,30.24399999999993,1,1512.1999999999964
2020-10-20,-16.461999999999964,2,-823.0999999999982
2020-10-21,-15.596000000000219,1,-779.800000000011
2020-10-22,0.0,0,0.0
2020-10-23,0.0,0,0.0
2020-10-26,1.6140000000002728,1,80.70000000001365
2020-10-27,-4.195999999999673,1,-209.79999999998364
2020-10-28,50.81400000000009,1,2540.700000000005
2020-10-29,23.854000000000056,1,1192.7000000000028
2020-10-30,-33.72200000000018,2,-1686.100000000009
2020-11-02,8.584000000000072,1,429.2000000000036
2020-11-03,-12.10400000000022,4,-605.200000000011
2020-11-04,10.477999999999636,2,523.8999999999818
2020-11-05,-6.9859999999996365,1,-349.2999999999818
2020-11-06,-17.546000000000035,1,-877.3000000000018
2020-11-09,0.0,0,0.0
2020-11-10,0.0,0,0.0
2020-11-11,0.0,0,0.0
2020-11-12,-20.941999999999982,2,-1047.0999999999992
2020-11-13,0.0,0,0.0
2020-11-16,0.0,0,0.0
2020-11-17,-12.816000000000018,1,-640.800000000001
2020-11-18,0.0,0,0.0
2020-11-19,0.0,0,0.0
2020-11-20,0.0,0,0.0
2020-11-23,0.0,0,0.0
2020-11-24,8.284000000000345,1,414.20000000001727
2020-11-25,-8.402000000000019,2,-420.10000000000093
2020-11-26,0.0,0,0.0
2020-11-27,0.0,0,0.0
2020-11-30,-9.236000000000091,1,-461.80000000000456
2020-12-01,-16.211999999999964,2,-810.5999999999982
2020-12-02,0.0,0,0.0
2020-12-03,0.5240000000001274,1,26.20000000000637
2020-12-04,17.734000000000165,1,886.7000000000082
2020-12-07,0.0,0,0.0
2020-12-08,0.0,0,0.0
2020-12-09,0.0,0,0.0
2020-12-10,0.0,0,0.0
2020-12-11,0.0,0,0.0
2020-12-14,-17.026000000000508,1,-851.3000000000254
2020-12-15,0.0,0,0.0
2020-12-16,0.0,0,0.0
2020-12-17,0.0,0,0.0
2020-12-18,1.8840000000002546,1,94.20000000001274
2020-12-21,-20.926000000000144,1,-1046.3000000000072
2020-12-22,0.0,0,0.0
2020-12-23,-5.885999999999273,1,-294.29999999996363
2020-12-24,0.0,0,0.0
2020-12-28,0.0,0,0.0
2020-12-29,0.0,0,0.0
2020-12-30,0.0,0,0.0
2020-12-31,0.0,0,0.0
2021-01-04,40.06399999999964,1,2003.1999999999819
2021-01-05,3.5479999999993446,2,177.39999999996724
2021-01-06,14.983999999999709,1,749.1999999999854
2021-01-07,13.03399999999989,1,651.6999999999945
2021-01-08,0.0,0,0.0
2021-01-11,0.0,0,0.0
2021-01-12,0.0,0,0.0
2021-01-13,0.0,0,0.0
2021-01-14,0.0,0,0.0
2021-01-15,-21.19599999999967,1,-1059.7999999999836
2021-01-18,0.0,0,0.0
2021-01-19,0.0,0,0.0
2021-01-20,6.878000000000181,2,343.9000000000091
2021-01-21,0.0,0,0.0
2021-01-22,0.0,0,0.0
2021-01-25,-48.001999999999924,2,-2400.0999999999963
2021-01-26,0.0,0,0.0
2021-01-27,14.652000000000768,3,732.6000000000384
2021-01-28,-0.33599999999999997,1,-16.799999999999997
2021-01-29,27.79400000000011,1,1389.7000000000055
2021-02-01,-0.33599999999999997,1,-16.799999999999997
2021-02-02,6.634000000000254,1,331.7000000000127
2021-02-03,0.0,0,0.0
2021-02-04,1.3379999999993089,2,66.89999999996544
2021-02-05,0.0,0,0.0
2021-02-08,0.0,0,0.0
2021-02-09,0.0,0,0.0
2021-02-10,0.0,0,0.0
2021-02-11,0.0,0,0.0
2021-02-12,0.0,0,0.0
2021-02-15,0.0,0,0.0
2021-02-16,0.0,0,0.0
2021-02-17,0.0,0,0.0
2021-02-18,-5.875999999999964,1,-293.7999999999982
2021-02-19,0.0,0,0.0
2021-02-22,0.0,0,0.0
2021-02-23,-24.26600000000029,1,-1213.3000000000145
2021-02-24,37.54400000000011,1,1877.2000000000055
2021-02-25,73.76400000000037,1,3688.2000000000185
2021-02-26,-4.205999999999891,1,-210.29999999999455
2021-03-01,28.074000000000765,1,1403.7000000000382
2021-03-02,-8.386000000000182,1,-419.3000000000091
2021-03-03,-7.556000000000255,1,-377.80000000001274
2021-03-04,0.0,0,0.0
2021-03-05,-5.596000000000219,1,-279.8000000000109
2021-03-08,-53.01800000000112,3,-2650.900000000056
2021-03-09,18.634000000000256,1,931.7000000000128
2021-03-10,0.0,0,0.0
2021-03-11,5.544000000000109,1,277.20000000000545
2021-03-12,0.0,0,0.0
2021-03-15,0.0,0,0.0
2021-03-16,0.0,0,0.0
2021-03-17,0.0,0,0.0
2021-03-18,0.0,0,0.0
2021-03-19,-3.9360000000003637,1,-196.80000000001817
2021-03-22,6.607999999999745,2,330.39999999998724
2021-03-23,-1.455999999999891,1,-72.79999999999454
2021-03-24,0.0,0,0.0
2021-03-25,2.1740000000002184,1,108.70000000001092
2021-03-26,20.8020000000004,3,1040.1000000000201
2021-03-29,-10.065999999999564,1,-503.2999999999782
2021-03-30,0.0,0,0.0
2021-03-31,3.257999999999381,2,162.89999999996905
2021-04-01,-1.7479999999997813,3,-87.39999999998906
2021-04-05,19.18399999999953,1,959.1999999999764
2021-04-06,0.25399999999923606,1,12.699999999961802
2021-04-07,0.0,0,0.0
2021-04-08,0.0,0,0.0
2021-04-09,8.007999999999381,2,400.39999999996905
2021-04-12,0.0,0,0.0
2021-04-13,-3.422,2,-171.1
2021-04-14,-13.432000000001128,2,-671.6000000000564
2021-04-15,4.714000000000182,1,235.70000000000908
2021-04-16,0.0,0,0.0
2021-04-19,-18.518000000000217,3,-925.9000000000109
2021-04-20,0.5039999999992361,1,25.199999999961804
2021-04-21,28.943999999999747,1,1447.1999999999873
2021-04-22,24.458000000000112,2,1222.9000000000055
2021-04-23,27.55399999999942,1,1377.699999999971
2021-04-26,0.0,0,0.0
2021-04-27,-5.046000000000037,1,-252.30000000000183
2021-04-28,0.0,0,0.0
2021-04-29,0.0,0,0.0
2021-04-30,0.0,0,0.0
2021-05-03,0.0,0,0.0
2021-05-04,-22.173999999999925,4,-1108.6999999999962
2021-05-05,0.0,0,0.0
2021-05-06,-11.211999999999964,2,-560.5999999999982
2021-05-07,5.191999999999817,3,259.59999999999087
2021-05-10,18.904000000000693,1,945.2000000000346
2021-05-11,-0.3060000000002546,1,-15.300000000012732
2021-05-12,44.00399999999924,1,2200.199999999962
2021-05-13,-0.7559999999997817,6,-37.79999999998908
2021-05-14,8.278000000000727,2,413.90000000003636
2021-05-17,0.0,0,0.0
2021-05-18,0.0,0,0.0
2021-05-19,0.0,0,0.0
2021-05-20,24.203999999999965,1,1210.1999999999982
2021-05-21,0.0,0,0.0
2021-05-24,5.798000000000254,2,289.9000000000127
2021-05-25,0.0,0,0.0
2021-05-26,0.0,0,0.0
2021-05-27,0.0,0,0.0
2021-05-28,0.0,0,0.0
2021-05-31,0.0,0,0.0
2021-06-01,0.0,0,0.0
2021-06-02,0.0,0,0.0
2021-06-03,0.0,0,0.0
2021-06-04,1.094000000000291,1,54.70000000001455
2021-06-07,-1.6959999999996727,1,-84.79999999998363
2021-06-08,-12.575999999999782,1,-628.7999999999892
2021-06-09,0.0,0,0.0
2021-06-10,-21.531999999999673,2,-1076.5999999999838
2021-06-11,0.0,0,0.0
2021-06-14,-25.52200000000036,2,-1276.100000000018
2021-06-15,2.7439999999999274,1,137.19999999999638
2021-06-16,15.03399999999989,1,751.6999999999945
2021-06-17,-26.88600000000018,1,-1344.300000000009
2021-06-18,-7.015999999999382,1,-350.7999999999691
2021-06-21,33.194000000000656,1,1659.7000000000328
2021-06-22,13.084000000000072,1,654.2000000000036
2021-06-23,0.0,0,0.0
2021-06-24,0.0,0,0.0
2021-06-25,0.0,0,0.0
2021-06-28,0.0,0,0.0
2021-06-29,0.0,0,0.0
2021-06-30,0.0,0,0.0
2021-07-01,3.2939999999992,1,164.69999999996
2021-07-02,4.414,1,220.7
2021-07-05,0.0,0,0.0
2021-07-06,0.2239999999994907,1,11.199999999974535
2021-07-07,0.0,0,0.0
2021-07-08,0.0,0,0.0
2021-07-09,20.904000000000693,1,1045.2000000000346
2021-07-12,12.513999999999454,1,625.6999999999726
2021-07-13,0.0,0,0.0
2021-07-14,0.0,0,0.0
2021-07-15,0.0,0,0.0
2021-07-16,-5.346000000000219,1,-267.3000000000109
2021-07-19,-9.311999999999419,2,-465.5999999999709
2021-07-20,30.68399999999953,1,1534.1999999999764
2021-07-21,-7.296000000000037,1,-364.80000000000183
2021-07-22,0.0,0,0.0
2021-07-23,-6.176000000000146,1,-308.8000000000073
2021-07-26,0.0,0,0.0
2021-07-27,5.283999999999891,1,264.19999999999453
2021-07-28,0.0,0,0.0
2021-07-29,1.3740000000000363,1,68.70000000000182
2021-07-30,0.0,0,0.0
2021-08-02,0.0,0,0.0
2021-08-03,-9.861999999999599,2,-493.09999999997996
2021-08-04,0.0,0,0.0
2021-08-05,0.0,0,0.0
2021-08-06,0.0,0,0.0
2021-08-09,-1.1459999999994908,1,-57.29999999997454
2021-08-10,-9.245999999999855,1,-462.29999999999274
2021-08-11,0.0,0,0.0
2021-08-12,-1.4719999999992721,2,-73.5999999999636
2021-08-13,0.0,0,0.0
2021-08-16,-10.122000000000728,2,-506.1000000000364
2021-08-17,-12.661999999999782,2,-633.0999999999891
2021-08-18,25.653999999999783,1,1282.6999999999891
2021-08-19,-26.631999999999127,2,-1331.5999999999565
2021-08-20,15.874000000000036,1,793.7000000000018
2021-08-23,10.004000000000145,1,500.20000000000726
2021-08-24,0.0,0,0.0
2021-08-25,-2.5620000000003276,2,-128.10000000001637
2021-08-26,7.187999999999672,2,359.3999999999836
2021-08-27,25.93399999999953,1,1296.6999999999764
2021-08-30,0.5039999999992361,1,25.199999999961804
2021-08-31,-6.455999999999891,1,-322.79999999999455
2021-09-01,0.0,0,0.0
2021-09-02,0.0,0,0.0
2021-09-03,0.0,0,0.0
2021-09-06,0.0,0,0.0
2021-09-07,-8.442000000000437,2,-422.10000000002185
2021-09-08,-22.971999999999273,2,-1148.5999999999638
2021-09-09,0.5339999999998909,1,26.699999999994546
2021-09-10,-15.395999999999491,1,-769.7999999999746
2021-09-13,0.0,0,0.0
2021-09-14,-6.49199999999971,2,-324.59999999998547
2021-09-15,21.23399999999971,1,1061.6999999999855
2021-09-16,-11.826000000000692,1,-591.3000000000346
2021-09-17,23.193999999999747,1,1159.6999999999873
2021-09-20,-14.066000000000473,1,-703.3000000000237
2021-09-21,0.0,0,0.0
2021-09-22,4.153999999999781,1,207.69999999998907
2021-09-23,9.754000000000145,1,487.70000000000726
2021-09-24,0.0,0,0.0
2021-09-27,0.0,0,0.0
2021-09-28,46.41799999999924,2,2320.899999999962
2021-09-29,-0.025999999999599815,1,-1.2999999999799907
2021-09-30,-5.065999999999564,1,-253.29999999997818
2021-10-01,1.344000000000291,1,67.20000000001455
2021-10-04,13.1039999999996,1,655.1999999999799
2021-10-05,19.834000000000074,1,991.7000000000037
2021-10-06,0.0,0,0.0
2021-10-07,5.574000000000764,1,278.7000000000382
2021-10-08,0.0,0,0.0
2021-10-11,2.4939999999999274,1,124.69999999999636
2021-10-12,0.0,0,0.0
2021-10-13,0.0,0,0.0
2021-10-14,14.504000000000145,1,725.2000000000072
2021-10-15,0.0,0,0.0
2021-10-18,0.0,0,0.0
2021-10-19,0.0,0,0.0
2021-10-20,0.0,0,0.0
2021-10-21,0.0,0,0.0
2021-10-22,0.0,0,0.0
2021-10-25,0.0,0,0.0
2021-10-26,0.0,0,0.0
2021-10-27,0.0,0,0.0
2021-10-28,11.967999999999417,2,598.3999999999709
2021-10-29,0.0,0,0.0
2021-11-01,0.0,0,0.0
2021-11-02,-6.854000000000218,4,-342.7000000000109
2021-11-03,8.624000000000036,1,431.2000000000018
2021-11-04,-11.785999999999818,1,-589.299999999991
2021-11-05,-3.9459999999996724,1,-197.2999999999836
2021-11-08,0.0,0,0.0
2021-11-09,-5.385999999999273,1,-269.29999999996363
2021-11-10,5.823999999999854,1,291.1999999999927
2021-11-11,0.0,0,0.0
2021-11-12,4.144000000000473,1,207.20000000002364
2021-11-15,0.0,0,0.0
2021-11-16,-11.562000000000328,2,-578.1000000000164
2021-11-17,-5.625999999999964,1,-281.2999999999982
2021-11-18,-7.875999999999964,1,-393.7999999999982
2021-11-19,0.0,0,0.0
2021-11-22,-30.58200000000076,2,-1529.100000000038
2021-11-23,-27.491999999999706,2,-1374.5999999999854
2021-11-24,0.0,0,0.0
2021-11-25,0.0,0,0.0
2021-11-26,43.61799999999997,2,2180.8999999999983
2021-11-29,-11.825999999999782,1,-591.2999999999892
2021-11-30,23.193999999999747,1,1159.6999999999873
2021-12-01,-9.266000000000291,1,-463.30000000001456
2021-12-02,17.30399999999942,1,865.1999999999709
2021-12-03,22.073999999999856,1,1103.6999999999928
2021-12-06,-7.092000000000073,2,-354.60000000000366
2021-12-07,10.874000000000036,1,543.7000000000018
2021-12-08,0.0,0,0.0
2021-12-09,0.0,0,0.0
2021-12-10,0.0,0,0.0
2021-12-13,0.49800000000007216,2,24.900000000003608
2021-12-14,0.0,0,0.0
2021-12-15,-3.675999999999236,1,-183.79999999996178
2021-12-16,0.0,0,0.0
2021-12-17,-32.586,1,-1629.3
2021-12-20,-6.196000000000582,1,-309.8000000000291
2021-12-21,22.393999999999565,1,1119.6999999999782
2021-12-22,11.708000000000109,2,585.4000000000054
2021-12-23,1.8819999999985078,3,94.09999999992539
2021-12-27,45.69399999999975,1,2284.6999999999875
2021-12-28,0.0,0,0.0
2021-12-29,0.0,0,0.0
2021-12-30,0.0,0,0.0
2021-12-31,0.0,0,0.0
2022-01-03,0.0,0,0.0
2022-01-04,-9.566000000000473,1,-478.30000000002366
2022-01-05,55.513999999999456,1,2775.699999999973
2022-01-06,-7.595999999999309,1,-379.79999999996545
2022-01-07,-27.5259999999996,1,-1376.29999999998
2022-01-10,-31.280000000000364,5,-1564.0000000000182
2022-01-11,-28.764000000000976,4,-1438.200000000049
2022-01-12,-3.1160000000006547,1,-155.80000000003272
2022-01-13,35.024000000000584,1,1751.2000000000291
2022-01-14,0.0,0,0.0
2022-01-17,0.0,0,0.0
2022-01-18,-1.771999999999455,2,-88.59999999997274
2022-01-19,0.0,0,0.0
2022-01-20,-112.04600000000003,1,-5602.300000000002
2022-01-21,35.008000000000294,2,1750.4000000000146
2022-01-24,-121.59600000000022,1,-6079.800000000011
2022-01-25,-80.6280000000008,3,-4031.4000000000397
2022-01-26,-31.736000000000544,1,-1586.8000000000272
2022-01-27,0.0,0,0.0
2022-01-28,50.72799999999964,2,2536.399999999982
2022-01-31,70.95399999999997,1,3547.6999999999985
2022-02-01,0.0,0,0.0
2022-02-02,0.0,0,0.0
2022-02-03,0.0,0,0.0
2022-02-04,0.0,0,0.0
2022-02-07,0.0,0,0.0
2022-02-08,-1.1459999999994908,1,-57.29999999997454
2022-02-09,0.0,0,0.0
2022-02-10,0.0,0,0.0
2022-02-11,70.11400000000073,1,3505.7000000000367
2022-02-14,-36.26200000000014,2,-1813.1000000000072
2022-02-15,-21.392000000000255,2,-1069.6000000000129
2022-02-16,0.0,0,0.0
2022-02-17,36.10199999999968,3,1805.0999999999838
2022-02-18,-8.726000000000328,1,-436.3000000000164
2022-02-21,1.8780000000001813,2,93.90000000000907
2022-02-22,-27.245999999999853,1,-1362.2999999999927
2022-02-23,-5.636000000000182,1,-281.8000000000091
2022-02-24,0.0,0,0.0
2022-02-25,65.62400000000004,1,3281.200000000002
2022-02-28,0.0,0,0.0
2022-03-01,-4.266000000000291,1,-213.30000000001456
2022-03-02,11.733999999999709,1,586.6999999999854
2022-03-03,-10.406000000000619,1,-520.300000000031
2022-03-04,-5.645999999999491,1,-282.29999999997455
2022-03-07,92.8539999999996,1,4642.69999999998
2022-03-08,-119.65200000000047,2,-5982.600000000023
2022-03-09,0.0,0,0.0
2022-03-10,0.0,0,0.0
2022-03-11,0.0,0,0.0
2022-03-14,-23.375999999999962,1,-1168.7999999999981
2022-03-15,-2.6020000000012007,2,-130.10000000006002
2022-03-16,9.823999999999854,1,491.1999999999927
2022-03-17,-13.52600000000051,1,-676.3000000000255
2022-03-18,0.0,0,0.0
2022-03-21,0.0,0,0.0
2022-03-22,5.578000000000001,2,278.90000000000003
2022-03-23,0.0,0,0.0
2022-03-24,0.0,0,0.0
2022-03-25,0.0,0,0.0
2022-03-28,0.0,0,0.0
2022-03-29,0.0,0,0.0
2022-03-30,0.0,0,0.0
2022-03-31,0.0,0,0.0
2022-04-01,0.0,0,0.0
2022-04-04,7.547999999999345,2,377.39999999996724
2022-04-05,11.168000000000147,2,558.4000000000074
2022-04-06,-43.95800000000072,3,-2197.900000000036
2022-04-07,-4.836,1,-241.8
2022-04-08,-18.6119999999996,2,-930.59999999998
2022-04-11,13.1380000000004,2,656.90000000002
2022-04-12,-34.14800000000032,3,-1707.4000000000162
2022-04-13,45.79400000000011,1,2289.7000000000057
2022-04-14,22.987999999999857,2,1149.3999999999928
2022-04-18,0.0,0,0.0
2022-04-19,40.73399999999971,1,2036.6999999999855
2022-04-20,0.0,0,0.0
2022-04-21,41.584000000000074,1,2079.200000000004
2022-04-22,91.93400000000044,1,4596.700000000022
2022-04-25,-38.8619999999996,2,-1943.09999999998
2022-04-26,86.0080000000003,2,4300.400000000015
2022-04-27,-78.27800000000043,3,-3913.9000000000215
2022-04-28,24.693999999999747,1,1234.6999999999873
2022-04-29,101.78399999999989,1,5089.199999999994
2022-05-02,-72.34200000000098,2,-3617.100000000049
2022-05-03,-15.495999999999855,1,-774.7999999999928
2022-05-04,59.86399999999982,1,2993.199999999991
2022-05-05,86.0340000000008,1,4301.70000000004
2022-05-06,-35.46600000000011,1,-1773.3000000000054
2022-05-09,-14.407999999999637,3,-720.3999999999819
2022-05-10,0.0,0,0.0
2022-05-11,-38.59200000000098,2,-1929.600000000049
2022-05-12,0.0,0,0.0
2022-05-13,-0.3619999999996004,2,-18.09999999998002
2022-05-16,0.0,0,0.0
2022-05-17,0.0,0,0.0
2022-05-18,59.28800000000004,2,2964.400000000002
2022-05-19,0.0,0,0.0
2022-05-20,-9.586,1,-479.3
2022-05-23,-5.671999999999091,2,-283.59999999995455
2022-05-24,4.193999999999745,1,209.69999999998726
2022-05-25,0.0,0,0.0
2022-05-26,30.61399999999982,1,1530.699999999991
2022-05-27,30.02800000000073,2,1501.4000000000365
2022-05-30,0.0,0,0.0
2022-05-31,-7.056000000000255,1,-352.80000000001274
2022-06-01,-15.282000000000583,2,-764.1000000000291
2022-06-02,37.643999999999565,1,1882.1999999999782
2022-06-03,0.0,0,0.0
2022-06-06,0.0,0,0.0
2022-06-07,0.0,0,0.0
2022-06-08,0.0,0,0.0
2022-06-09,0.0,0,0.0
2022-06-10,40.453999999999965,1,2022.6999999999982
2022-06-13,-2.836,1,-141.79999999999998
2022-06-14,0.0,0,0.0
2022-06-15,0.0,0,0.0
2022-06-16,-15.812000000000328,2,-790.6000000000164
2022-06-17,-77.63200000000003,2,-3881.6000000000017
2022-06-20,0.0,0,0.0
2022-06-21,1.3279999999999994,2,66.39999999999998
2022-06-22,-0.8659999999997453,1,-43.299999999987264
2022-06-23,0.0,0,0.0
2022-06-24,70.79400000000011,1,3539.7000000000057
2022-06-27,0.0,0,0.0
2022-06-28,29.437999999999676,2,1471.8999999999837
2022-06-29,0.0,0,0.0
2022-06-30,-27.856000000000435,1,-1392.8000000000218
2022-07-01,0.0,0,0.0
2022-07-04,0.0,0,0.0
2022-07-05,-25.91200000000069,2,-1295.6000000000345
2022-07-06,0.0,0,0.0
2022-07-07,7.797999999999345,2,389.89999999996724
2022-07-08,0.0,0,0.0
2022-07-11,0.0,0,0.0
2022-07-12,0.0,0,0.0
2022-07-13,0.0,0,0.0
2022-07-14,-5.365999999999746,1,-268.2999999999873
2022-07-15,-12.142000000000255,2,-607.1000000000128
2022-07-18,0.0,0,0.0
2022-07-19,46.05399999999942,1,2302.699999999971
2022-07-20,-13.555999999999345,1,-677.7999999999673
2022-07-21,-10.192000000000434,2,-509.6000000000217
2022-07-22,17.654000000000693,1,882.7000000000346
2022-07-25,0.0,0,0.0
2022-07-26,-0.3480000000001464,3,-17.40000000000732
2022-07-27,3.831999999999235,3,191.59999999996177
2022-07-28,-7.688000000000287,3,-384.4000000000143
2022-07-29,6.1079999999997465,2,305.3999999999873
2022-08-01,0.0,0,0.0
2022-08-02,0.0,0,0.0
2022-08-03,21.594000000000293,1,1079.7000000000146
2022-08-04,0.0,0,0.0
2022-08-05,0.0,0,0.0
2022-08-08,-5.366000000000655,1,-268.30000000003275
2022-08-09,-7.056000000000255,1,-352.80000000001274
2022-08-10,0.0,0,0.0
2022-08-11,0.0,0,0.0
2022-08-12,30.83800000000022,2,1541.900000000011
2022-08-15,0.0,0,0.0
2022-08-16,2.233999999999709,1,111.69999999998545
2022-08-17,0.0,0,0.0
2022-08-18,0.0,0,0.0
2022-08-19,4.708000000001018,2,235.4000000000509
2022-08-22,30.30400000000033,1,1515.2000000000164
2022-08-23,0.0,0,0.0
2022-08-24,-16.336,1,-816.8
2022-08-25,14.258000000000292,2,712.9000000000146
2022-08-26,107.90399999999978,1,5395.199999999989
2022-08-29,0.0,0,0.0
2022-08-30,21.314000000000547,1,1065.7000000000273
2022-08-31,0.0,0,0.0
2022-09-01,-10.135999999999273,1,-506.79999999996363
2022-09-02,-0.0720000000005454,2,-3.6000000000272703
2022-09-05,0.0,0,0.0
2022-09-06,-17.735999999999635,1,-886.7999999999818
2022-09-07,55.61400000000073,1,2780.7000000000367
2022-09-08,-5.086,1,-254.3
2022-09-09,5.604000000000509,1,280.20000000002545
2022-09-12,-6.2159999999992,1,-310.79999999996
2022-09-13,67.66800000000015,2,3383.4000000000074
2022-09-14,0.0,0,0.0
2022-09-15,0.0,0,0.0
2022-09-16,0.0,0,0.0
2022-09-19,0.0,0,0.0
2022-09-20,0.0,0,0.0
2022-09-21,0.0,0,0.0
2022-09-22,-10.152000000000474,2,-507.60000000002367
2022-09-23,-2.0419999999998915,2,-102.09999999999457
2022-09-26,-18.521999999999455,2,-926.0999999999727
2022-09-27,-5.3619999999996,2,-268.09999999998
2022-09-28,45.55399999999942,1,2277.699999999971
2022-09-29,2.717999999999872,2,135.8999999999936
2022-09-30,-26.885999999999726,1,-1344.2999999999863
2022-10-03,24.563999999999638,1,1228.1999999999819
2022-10-04,2.4019999999998536,3,120.09999999999268
2022-10-05,0.0,0,0.0
2022-10-06,0.0,0,0.0
2022-10-07,29.873999999999583,1,1493.6999999999791
2022-10-10,-35.58199999999985,2,-1779.0999999999926
2022-10-11,0.0,0,0.0
2022-10-12,0.0,0,0.0
2022-10-13,64.29400000000011,1,3214.7000000000057
2022-10-14,46.94399999999975,1,2347.1999999999875
2022-10-17,-5.346000000000219,1,-267.3000000000109
2022-10-18,0.0,0,0.0
2022-10-19,0.0,0,0.0
2022-10-20,-21.57599999999978,1,-1078.799999999989
2022-10-21,27.058000000000476,2,1352.9000000000237
2022-10-24,0.0,0,0.0
2022-10-25,2.682000000000509,3,134.10000000002543
2022-10-26,0.0,0,0.0
2022-10-27,0.0,0,0.0
2022-10-28,72.12400000000004,1,3606.200000000002
2022-10-31,0.0,0,0.0
2022-11-01,0.0,0,0.0
2022-11-02,24.563999999999638,1,1228.1999999999819
2022-11-03,-38.915999999999926,1,-1945.7999999999963
2022-11-04,0.0,0,0.0
2022-11-07,0.0,0,0.0
2022-11-08,-25.76600000000029,1,-1288.3000000000145
2022-11-09,3.828,2,191.4
2022-11-10,30.94200000000073,3,1547.1000000000365
2022-11-11,-8.415999999999928,1,-420.7999999999964
2022-11-14,0.0,0,0.0
2022-11-15,0.0,0,0.0
2022-11-16,0.0,0,0.0
2022-11-17,0.0,0,0.0
2022-11-18,0.0,0,0.0
2022-11-21,0.0,0,0.0
2022-11-22,0.0,0,0.0
2022-11-23,-12.625999999999964,1,-631.2999999999982
2022-11-24,0.0,0,0.0
2022-11-25,0.0,0,0.0
2022-11-28,0.0,0,0.0
2022-11-29,-26.102000000000288,2,-1305.1000000000145
2022-11-30,-141.10200000000032,2,-7055.100000000016
2022-12-01,-31.952000000000652,2,-1597.6000000000327
2022-12-02,0.0,0,0.0
2022-12-05,30.97799999999964,2,1548.899999999982
2022-12-06,36.884000000000256,1,1844.2000000000128
2022-12-07,0.0,0,0.0
2022-12-08,-3.946000000000582,1,-197.3000000000291
2022-12-09,0.0,0,0.0
2022-12-12,0.0,0,0.0
2022-12-13,0.0,0,0.0
2022-12-14,-1.6959999999996727,1,-84.79999999998363
2022-12-15,21.594000000000293,1,1079.7000000000146
2022-12-16,-3.365999999999745,1,-168.29999999998725
2022-12-19,-1.175999999999236,1,-58.799999999961805
2022-12-20,0.0,0,0.0
2022-12-21,-14.527999999999528,3,-726.3999999999764
2022-12-22,12.987999999999857,2,649.3999999999928
2022-12-23,0.0,0,0.0
2022-12-27,-21.94599999999967,1,-1097.2999999999836
2022-12-28,17.118000000000876,2,855.9000000000437
2022-12-29,19.093999999999383,1,954.6999999999691
2022-12-30,0.0,0,0.0
2023-01-03,4.964000000000182,1,248.20000000000908
2023-01-04,0.0,0,0.0
2023-01-05,-1.1720000000000002,2,-58.60000000000001
2023-01-06,22.388000000000403,2,1119.40000000002
2023-01-09,-0.3319999999998542,2,-16.59999999999271
2023-01-10,0.0,0,0.0
2023-01-11,0.0,0,0.0
2023-01-12,-25.285999999999817,1,-1264.2999999999909
2023-01-13,0.0,0,0.0
2023-01-16,0.0,0,0.0
2023-01-17,0.0,0,0.0
2023-01-18,42.393999999999565,1,2119.6999999999784
2023-01-19,0.0,0,0.0
2023-01-20,-6.976000000000328,1,-348.8000000000164
2023-01-23,29.903999999999783,1,1495.1999999999891
2023-01-24,0.0,0,0.0
2023-01-25,-7.246000000000764,1,-362.3000000000382
2023-01-26,0.0,0,0.0
2023-01-27,0.0,0,0.0
2023-01-30,0.0,0,0.0
2023-01-31,40.73400000000062,1,2036.700000000031
2023-02-01,0.0,0,0.0
2023-02-02,-1.6960000000005822,1,-84.8000000000291
2023-02-03,0.0,0,0.0
2023-02-06,0.0,0,0.0
2023-02-07,-33.942000000000434,2,-1697.1000000000217
2023-02-08,-10.575999999999782,1,-528.7999999999892
2023-02-09,-6.461999999999964,2,-323.0999999999982
2023-02-10,0.0,0,0.0
2023-02-13,27.684000000000438,1,1384.2000000000219
2023-02-14,-11.415999999999928,1,-570.7999999999964
2023-02-15,0.0,0,0.0
2023-02-16,0.0,0,0.0
2023-02-17,-13.625999999999964,1,-681.2999999999982
2023-02-20,0.0,0,0.0
2023-02-21,27.684000000000438,1,1384.2000000000219
2023-02-22,0.0,0,0.0
2023-02-23,-46.676000000000144,1,-2333.800000000007
2023-02-24,-13.382000000000037,2,-669.1000000000018
2023-02-27,0.0,0,0.0
2023-02-28,0.0,0,0.0
2023-03-01,0.0,0,0.0
2023-03-02,0.0,0,0.0
2023-03-03,15.737999999998946,2,786.8999999999473
2023-03-06,-28.122000000000725,2,-1406.1000000000363
2023-03-07,67.38400000000026,1,3369.200000000013
2023-03-08,0.5239999999996726,1,26.199999999983632
2023-03-09,-8.075999999999782,1,-403.7999999999891
2023-03-10,9.90799999999993,2,495.3999999999965
2023-03-13,-40.8619999999996,2,-2043.09999999998
2023-03-14,2.4340000000004367,1,121.70000000002183
2023-03-15,0.0,0,0.0
2023-03-16,49.773999999999674,1,2488.699999999984
2023-03-17,-15.762000000000144,2,-788.1000000000072
2023-03-20,8.774000000000582,1,438.7000000000291
2023-03-21,0.0,0,0.0
2023-03-22,0.0,0,0.0
2023-03-23,9.323999999999854,1,466.1999999999927
2023-03-24,0.0,0,0.0
2023-03-27,0.0,0,0.0
2023-03-28,0.0,0,0.0
2023-03-29,0.0,0,0.0
2023-03-30,0.0,0,0.0
2023-03-31,26.047999999999348,2,1302.3999999999673
2023-04-03,-12.976000000000328,1,-648.8000000000164
2023-04-04,1.5840000000000727,1,79.20000000000364
2023-04-05,0.0,0,0.0
2023-04-06,0.0,0,0.0
2023-04-10,0.0,0,0.0
2023-04-11,0.0,0,0.0
2023-04-12,-6.946000000000582,1,-347.3000000000291
2023-04-13,24.138000000000403,2,1206.90000000002
2023-04-14,-39.47799999999934,3,-1973.8999999999671
2023-04-17,0.0,0,0.0
2023-04-18,0.0,0,0.0
2023-04-19,0.0,0,0.0
2023-04-20,0.0,0,0.0
2023-04-21,-19.62199999999982,2,-981.0999999999909
2023-04-24,0.0,0,0.0
2023-04-25,28.808000000000476,2,1440.4000000000237
2023-04-26,-11.1119999999996,2,-555.59999999998
2023-04-27,33.7679999999996,2,1688.39999999998
2023-04-28,7.068000000000694,2,353.4000000000347
2023-05-01,0.0,0,0.0
2023-05-02,30.94599999999997,4,1547.2999999999984
2023-05-03,-9.115999999999746,1,-455.7999999999873
2023-05-04,1.0639999999996361,1,53.199999999981806
2023-05-05,27.464000000000183,1,1373.2000000000091
2023-05-08,0.0,0,0.0
2023-05-09,0.0,0,0.0
2023-05-10,-9.946000000000582,1,-497.3000000000291
2023-05-11,-6.9159999999999275,1,-345.7999999999964
2023-05-12,-3.8959999999994905,1,-194.79999999997452
2023-05-15,0.0,0,0.0
2023-05-16,0.0,0,0.0
2023-05-17,8.193999999999745,1,409.69999999998726
2023-05-18,7.057999999999563,2,352.89999999997815
2023-05-19,0.0,0,0.0
2023-05-22,0.0,0,0.0
2023-05-23,1.594000000000291,1,79.70000000001455
2023-05-24,-21.027999999999526,3,-1051.3999999999762
2023-05-25,0.0,0,0.0
2023-05-26,32.703999999999965,1,1635.1999999999982
2023-05-29,0.0,0,0.0
2023-05-30,0.0,0,0.0
2023-05-31,-12.176000000000146,1,-608.8000000000073
2023-06-01,26.92400000000022,1,1346.200000000011
2023-06-02,11.493999999999927,1,574.6999999999963
2023-06-05,0.0,0,0.0
2023-06-06,0.0,0,0.0
2023-06-07,-10.77600000000051,1,-538.8000000000255
2023-06-08,-0.06600000000047293,1,-3.3000000000236467
2023-06-09,1.0739999999998544,1,53.69999999999272
2023-06-12,0.0,0,0.0
2023-06-13,-8.296000000000037,1,-414.80000000000183
2023-06-14,-4.936000000000364,1,-246.8000000000182
2023-06-15,43.25400000000015,1,2162.7000000000075
2023-06-16,0.0,0,0.0
2023-06-19,0.0,0,0.0
2023-06-20,-9.576000000000692,1,-478.8000000000346
2023-06-21,-2.2259999999994178,1,-111.2999999999709
2023-06-22,0.0,0,0.0
2023-06-23,0.0,0,0.0
2023-06-26,-4.125999999999964,1,-206.2999999999982
2023-06-27,25.283999999999892,1,1264.1999999999946
2023-06-28,0.0,0,0.0
2023-06-29,0.7540000000001456,1,37.70000000000728
2023-06-30,1.5380000000009457,2,76.90000000004729
2023-07-03,0.0,0,0.0
2023-07-04,0.0,0,0.0
2023-07-05,0.0,0,0.0
2023-07-06,-4.711999999999964,2,-235.5999999999982
2023-07-07,-27.586,1,-1379.3
2023-07-10,0.0,0,0.0
2023-07-11,0.0,0,0.0
2023-07-12,0.0,0,0.0
2023-07-13,0.0,0,0.0
2023-07-14,0.0,0,0.0
2023-07-17,-2.216000000000109,1,-110.80000000000545
2023-07-18,21.184000000000438,1,1059.2000000000219
2023-07-19,-3.0460000000000362,1,-152.3000000000018
2023-07-20,0.0,0,0.0
2023-07-21,0.0,0,0.0
2023-07-24,0.20399999999996363,1,10.199999999998182
2023-07-25,-0.33599999999999997,1,-16.799999999999997
2023-07-26,0.0,0,0.0
2023-07-27,15.464000000000182,1,773.200000000009
2023-07-28,-7.945999999999673,1,-397.29999999998364
2023-07-31,0.0,0,0.0
2023-08-01,0.0,0,0.0
2023-08-02,19.823999999999856,1,991.1999999999928
2023-08-03,0.0,0,0.0
2023-08-04,-2.802000000000109,2,-140.10000000000545
2023-08-07,-13.711999999999964,2,-685.5999999999982
2023-08-08,-9.97400000000011,4,-498.7000000000055
2023-08-09,-14.558000000000183,3,-727.9000000000092
2023-08-10,-27.60199999999938,2,-1380.099999999969
2023-08-11,0.0,0,0.0
2023-08-14,-11.521999999999455,2,-576.0999999999727
2023-08-15,18.11199999999989,3,905.5999999999946
2023-08-16,5.383999999999345,1,269.19999999996725
2023-08-17,24.7240000000004,1,1236.20000000002
2023-08-18,0.0,0,0.0
2023-08-21,-23.466000000000108,1,-1173.3000000000054
2023-08-22,0.0,0,0.0
2023-08-23,28.54400000000011,1,1427.2000000000055
2023-08-24,45.98399999999971,1,2299.1999999999857
2023-08-25,0.0,0,0.0
2023-08-28,0.0,0,0.0
2023-08-29,57.69399999999975,1,2884.6999999999875
2023-08-30,-22.105999999999526,1,-1105.2999999999763
2023-08-31,0.0,0,0.0
2023-09-01,0.0,0,0.0
2023-09-04,0.0,0,0.0
2023-09-05,-3.8560000000004364,1,-192.8000000000218
2023-09-06,18.184000000000438,1,909.2000000000219
2023-09-07,0.0,0,0.0
2023-09-08,-0.035999999999818094,1,-1.7999999999909047
2023-09-11,0.0,0,0.0
2023-09-12,0.0,0,0.0
2023-09-13,0.0,0,0.0
2023-09-14,0.0,0,0.0
2023-09-15,29.584000000000074,1,1479.2000000000037
2023-09-18,0.0,0,0.0
2023-09-19,-12.735999999999637,1,-636.7999999999819
2023-09-20,0.0,0,0.0
2023-09-21,29.04400000000011,1,1452.2000000000055
2023-09-22,-8.395999999999491,1,-419.79999999997455
2023-09-25,-9.756000000000073,1,-487.80000000000365
2023-09-26,-0.1580000000005466,3,-7.90000000002733
2023-09-27,-18.915999999999926,1,-945.7999999999963
2023-09-28,8.507999999999381,2,425.39999999996905
2023-09-29,-23.495999999999853,1,-1174.7999999999927
2023-10-02,-10.0259999999996,1,-501.29999999998
2023-10-03,8.823999999999854,1,441.1999999999927
2023-10-04,-2.3080000000001824,3,-115.40000000000911
2023-10-05,9.933999999999527,1,496.69999999997634
2023-10-06,6.664,1,333.2
2023-10-09,0.7639999999994543,1,38.19999999997272
2023-10-10,19.35400000000051,1,967.7000000000255
2023-10-11,0.0,0,0.0
2023-10-12,-9.812000000000328,2,-490.6000000000164
2023-10-13,-13.52600000000051,1,-676.3000000000255
2023-10-16,-0.3160000000004729,1,-15.800000000023646
2023-10-17,0.0,0,0.0
2023-10-18,9.364000000000727,1,468.20000000003637
2023-10-19,5.548000000000254,2,277.4000000000127
2023-10-20,22.797999999999345,2,1139.8999999999671
2023-10-23,-17.026000000000508,1,-851.3000000000254
2023-10-24,3.464000000000182,1,173.2000000000091
2023-10-25,16.867999999999967,2,843.3999999999983
2023-10-26,-7.912000000000692,2,-395.6000000000346
2023-10-27,-7.056000000000255,1,-352.80000000001274
2023-10-30,-29.482000000000397,2,-1474.10000000002
2023-10-31,-11.375999999999964,1,-568.7999999999982
2023-11-01,-10.891999999999346,2,-544.5999999999673
2023-11-02,35.50400000000015,1,1775.2000000000073
2023-11-03,-11.44800000000051,3,-572.4000000000256
2023-11-06,0.0,0,0.0
2023-11-07,-2.466000000000109,1,-123.30000000000545
2023-11-08,0.0,0,0.0
2023-11-09,9.914,1,495.7
2023-11-10,19.073999999999856,1,953.6999999999928
2023-11-13,0.0,0,0.0
2023-11-14,-5.287999999999746,3,-264.3999999999873
2023-11-15,0.0,0,0.0
2023-11-16,0.0,0,0.0
2023-11-17,0.0,0,0.0
2023-11-20,22.573999999999856,1,1128.6999999999928
2023-11-21,0.0,0,0.0
2023-11-22,0.0,0,0.0
2023-11-23,0.0,0,0.0
2023-11-24,0.0,0,0.0
2023-11-27,0.0,0,0.0
2023-11-28,-2.2059999999998907,1,-110.29999999999454
2023-11-29,-18.906000000000617,1,-945.3000000000309
2023-11-30,-27.285999999999817,1,-1364.2999999999909
2023-12-01,16.643999999999565,1,832.1999999999782
2023-12-04,-3.016000000000291,1,-150.80000000001453
2023-12-05,-12.446000000000582,1,-622.3000000000292
2023-12-06,0.0,0,0.0
2023-12-07,-10.352000000000292,2,-517.6000000000146
2023-12-08,5.073999999999854,1,253.6999999999927
2023-12-11,0.0,0,0.0
2023-12-12,0.0,0,0.0
2023-12-13,0.0,0,0.0
2023-12-14,0.0,0,0.0
2023-12-15,0.0,0,0.0
2023-12-18,-0.586,1,-29.299999999999997
2023-12-19,-1.497999999999782,3,-74.89999999998909
2023-12-20,27.653999999999783,1,1382.6999999999891
2023-12-21,0.0,0,0.0
2023-12-22,-9.116000000000655,1,-455.80000000003275
2023-12-26,-7.321999999999637,2,-366.09999999998183
2023-12-27,0.0,0,0.0
2023-12-28,0.0,0,0.0
2023-12-29,4.4740000000004,1,223.70000000002
2024-01-02,0.0,0,0.0
2024-01-03,-6.7720000000003635,2,-338.60000000001816
2024-01-04,-1.1259999999999637,1,-56.299999999998185
2024-01-05,-10.01799999999931,3,-500.8999999999655
2024-01-08,52.444000000000656,1,2622.200000000033
2024-01-09,0.0,0,0.0
2024-01-10,1.151999999998944,3,57.5999999999472
2024-01-11,4.688000000000583,2,234.40000000002917
2024-01-12,0.0,0,0.0
2024-01-15,0.0,0,0.0
2024-01-16,-16.315999999999562,1,-815.7999999999781
2024-01-17,-5.9159999999999275,1,-295.7999999999964
2024-01-18,0.0,0,0.0
2024-01-19,32.444000000000656,1,1622.2000000000328
2024-01-22,-7.256000000000073,1,-362.80000000000365
2024-01-23,0.0,0,0.0
2024-01-24,0.0,0,0.0
2024-01-25,0.0,0,0.0
2024-01-26,0.0,0,0.0
2024-01-29,0.0,0,0.0
2024-01-30,0.0,0,0.0
2024-01-31,50.8539999999996,1,2542.6999999999803
2024-02-01,14.53800000000004,2,726.9000000000019
2024-02-02,40.453999999999965,1,2022.6999999999982
2024-02-05,5.75800000000029,2,287.90000000001453
2024-02-06,0.0,0,0.0
2024-02-07,-10.074000000000474,4,-503.7000000000237
2024-02-08,0.0,0,0.0
2024-02-09,8.082000000001054,3,404.1000000000527
2024-02-12,-9.645999999999491,1,-482.29999999997455
2024-02-13,-35.311999999999415,2,-1765.5999999999708
2024-02-14,-19.51599999999938,1,-975.799999999969
2024-02-15,0.6220000000001082,3,31.100000000005412
2024-02-16,-14.186000000000364,1,-709.3000000000183
2024-02-19,0.0,0,0.0
2024-02-20,-15.582000000000765,2,-779.1000000000382
2024-02-21,0.0,0,0.0
2024-02-22,10.212000000001165,3,510.60000000005823
2024-02-23,0.0,0,0.0
2024-02-26,0.0,0,0.0
2024-02-27,0.0,0,0.0
2024-02-28,0.0,0,0.0
2024-02-29,0.0,0,0.0
2024-03-01,26.323999999999856,1,1316.1999999999928
2024-03-04,0.0,0,0.0
2024-03-05,12.7240000000004,1,636.2000000000199
2024-03-06,0.0,0,0.0
2024-03-07,6.323999999999854,1,316.1999999999927
2024-03-08,-32.57599999999978,1,-1628.799999999989
2024-03-11,-12.846000000000219,1,-642.300000000011
2024-03-12,4.668000000001054,2,233.40000000005273
2024-03-13,-4.056000000000255,1,-202.80000000001274
2024-03-14,-12.512000000000146,2,-625.6000000000073
2024-03-15,-10.325999999999782,1,-516.2999999999892
2024-03-18,-1.1159999999997454,1,-55.79999999998727
2024-03-19,-2.696000000000582,1,-134.8000000000291
2024-03-20,15.7240000000004,1,786.2000000000199
2024-03-21,0.0,0,0.0
2024-03-22,-7.696000000000582,1,-384.8000000000291
2024-03-25,0.0,0,0.0
2024-03-26,0.0,0,0.0
2024-03-27,0.0,0,0.0
2024-03-28,0.0,0,0.0
2024-04-01,4.153999999999781,1,207.69999999998907
2024-04-02,-4.852000000000292,2,-242.60000000001457
2024-04-03,-5.596000000000219,1,-279.8000000000109
2024-04-04,52.8539999999996,1,2642.6999999999803
2024-04-05,26.253999999999238,1,1312.6999999999618
2024-04-08,0.0,0,0.0
2024-04-09,-12.288000000000654,3,-614.4000000000327
2024-04-10,0.0,0,0.0
2024-04-11,-3.0220000000003644,2,-151.1000000000182
2024-04-12,-3.562000000000328,2,-178.1000000000164
2024-04-15,21.784000000000802,1,1089.20000000004
2024-04-16,-0.06599999999956344,1,-3.299999999978172
2024-04-17,0.9179999999992361,2,45.89999999996181
2024-04-18,0.0,0,0.0
2024-04-19,0.39799999999970925,2,19.89999999998546
2024-04-22,-2.1660000000008366,1,-108.30000000004183
2024-04-23,26.254000000000147,1,1312.7000000000073
2024-04-24,-4.2759999999996,1,-213.79999999998
2024-04-25,-15.336,1,-766.8000000000001
2024-04-26,-9.138000000000108,3,-456.90000000000543
2024-04-29,0.0,0,0.0
2024-04-30,22.18200000000051,3,1109.1000000000256
2024-05-01,-77.02200000000036,2,-3851.100000000018
2024-05-02,0.0,0,0.0
2024-05-03,0.0,0,0.0
2024-05-06,0.0,0,0.0
2024-05-07,0.0,0,0.0
2024-05-08,0.0,0,0.0
2024-05-09,-8.812000000000328,2,-440.6000000000164
2024-05-10,0.0,0,0.0
2024-05-13,0.0,0,0.0
2024-05-14,-8.291999999999891,2,-414.59999999999457
2024-05-15,27.573999999999856,1,1378.6999999999928
2024-05-16,-3.216000000000109,1,-160.80000000000544
2024-05-17,0.0,0,0.0
2024-05-20,-9.602000000000292,2,-480.1000000000146
2024-05-21,0.0,0,0.0
2024-05-22,-21.926000000000144,1,-1096.3000000000072
2024-05-23,7.8340000000000725,1,391.7000000000036
2024-05-24,-3.4760000000003273,1,-173.80000000001635
2024-05-27,0.0,0,0.0
2024-05-28,-2.6959999999996724,1,-134.7999999999836
2024-05-29,0.0,0,0.0
2024-05-30,0.0,0,0.0
2024-05-31,-67.47599999999942,1,-3373.7999999999706
2024-06-03,-23.041999999999888,2,-1152.0999999999945
2024-06-04,-8.756000000000073,1,-437.80000000000365
2024-06-05,0.46400000000018193,1,23.200000000009098
2024-06-06,0.0,0,0.0
2024-06-07,0.0,0,0.0
2024-06-10,0.0,0,0.0
2024-06-11,-10.855999999999527,1,-542.7999999999764
2024-06-12,3.094000000000291,1,154.70000000001457
2024-06-13,0.0,0,0.0
2024-06-14,0.0,0,0.0
2024-06-17,18.653999999999783,1,932.6999999999891
2024-06-18,0.0,0,0.0
2024-06-19,0.0,0,0.0
2024-06-20,0.0,0,0.0
2024-06-21,0.0,0,0.0
2024-06-24,-32.672,2,-1633.6
2024-06-25,0.0,0,0.0
2024-06-26,0.0,0,0.0
2024-06-27,-1.6259999999999637,1,-81.29999999999818
2024-06-28,-4.812000000000328,2,-240.6000000000164
2024-07-01,-9.955999999999891,1,-497.79999999999455
2024-07-02,0.0,0,0.0
2024-07-03,10.073999999999854,1,503.6999999999927
2024-07-04,0.0,0,0.0
2024-07-05,13.387999999999492,2,669.3999999999746
2024-07-08,0.0,0,0.0
2024-07-09,0.0,0,0.0
2024-07-10,24.643999999999565,1,1232.1999999999782
2024-07-11,34.7939999999992,1,1739.69999999996
2024-07-12,11.374000000000036,1,568.7000000000018
2024-07-15,-8.915999999999928,1,-445.7999999999964
2024-07-16,0.0,0,0.0
2024-07-17,3.314000000000546,1,165.7000000000273
2024-07-18,10.854000000000509,1,542.7000000000254
2024-07-19,-5.927999999999164,3,-296.3999999999582
2024-07-22,0.0,0,0.0
2024-07-23,-7.096000000000219,1,-354.8000000000109
2024-07-24,57.164,1,2858.2000000000003
2024-07-25,-38.773999999998466,4,-1938.6999999999234
2024-07-26,0.6380000000003996,2,31.90000000001998
2024-07-29,-13.595999999999309,1,-679.7999999999655
2024-07-30,1.4840000000006184,1,74.20000000003093
2024-07-31,-34.22199999999927,2,-1711.0999999999635
2024-08-01,2.9680000000003304,2,148.40000000001652
2024-08-02,10.069999999999999,5,503.49999999999994
2024-08-05,0.0,0,0.0
2024-08-06,-34.492000000000616,2,-1724.6000000000308
2024-08-07,-24.5259999999996,1,-1226.29999999998
2024-08-08,5.587999999999308,2,279.3999999999654
2024-08-09,0.0,0,0.0
2024-08-12,0.0,0,0.0
2024-08-13,2.2079999999991995,2,110.39999999995997
2024-08-14,0.0,0,0.0
2024-08-15,0.0,0,0.0
2024-08-16,0.0,0,0.0
2024-08-19,0.0,0,0.0
2024-08-20,0.0,0,0.0
2024-08-21,0.0,0,0.0
2024-08-22,-40.80799999999927,3,-2040.3999999999635
2024-08-23,-23.485999999999635,1,-1174.2999999999818
2024-08-26,-13.336,1,-666.8000000000001
2024-08-27,0.0,0,0.0
2024-08-28,10.593999999999381,1,529.699999999969
2024-08-29,8.968000000000327,2,448.40000000001635
2024-08-30,-5.016000000000291,1,-250.80000000001456
2024-09-02,0.0,0,0.0
2024-09-03,71.4740000000004,1,3573.7000000000203
2024-09-04,-19.57600000000069,1,-978.8000000000345
2024-09-05,-33.97200000000018,2,-1698.600000000009
2024-09-06,77.98400000000062,1,3899.200000000031
2024-09-09,0.0,0,0.0
2024-09-10,0.0,0,0.0
2024-09-11,-23.03199999999967,2,-1151.5999999999835
2024-09-12,0.0,0,0.0
2024-09-13,0.0,0,0.0
2024-09-16,0.0,0,0.0
2024-09-17,0.0,0,0.0
2024-09-18,0.0,0,0.0
2024-09-19,0.0,0,0.0
2024-09-20,0.0,0,0.0
2024-09-23,0.0,0,0.0
2024-09-24,0.0,0,0.0
2024-09-25,0.0,0,0.0
2024-09-26,0.0,0,0.0
2024-09-27,0.0,0,0.0
2024-09-30,0.0,0,0.0
2024-10-01,4.973999999999782,6,248.69999999998907
2024-10-02,0.0,0,0.0
2024-10-03,0.0,0,0.0
2024-10-04,0.0,0,0.0
2024-10-07,16.914,1,845.7
2024-10-08,-0.47800000000025555,3,-23.900000000012778
2024-10-09,22.073999999999856,1,1103.6999999999928
2024-10-10,0.0,0,0.0
2024-10-11,-3.9459999999996724,1,-197.2999999999836
2024-10-14,2.9479999999998903,2,147.39999999999452
2024-10-15,22.063999999999638,1,1103.1999999999819
2024-10-16,-4.975999999999418,1,-248.7999999999709
2024-10-17,0.0,0,0.0
2024-10-18,0.0,0,0.0
2024-10-21,-16.296000000000035,1,-814.8000000000018
2024-10-22,0.0,0,0.0
2024-10-23,-9.411999999998873,2,-470.59999999994363
2024-10-24,0.0,0,0.0
2024-10-25,-9.086,1,-454.3
2024-10-28,0.0,0,0.0
2024-10-29,0.0,0,0.0
2024-10-30,0.0,0,0.0
2024-10-31,53.75400000000015,1,2687.7000000000075
2024-11-01,-26.813999999999346,4,-1340.6999999999673
2024-11-04,-12.436000000000364,1,-621.8000000000183
2024-11-05,27.2240000000004,1,1361.20000000002
2024-11-06,0.0,0,0.0
2024-11-07,-8.391999999999346,2,-419.5999999999673
2024-11-08,2.1780000000003636,2,108.90000000001818
2024-11-11,0.0,0,0.0
2024-11-12,-10.886000000000182,1,-544.3000000000092
2024-11-13,0.0,0,0.0
2024-11-14,13.314000000000545,1,665.7000000000272
2024-11-15,30.05400000000033,1,1502.7000000000164
2024-11-18,-0.06600000000047293,1,-3.3000000000236467
2024-11-19,-8.825999999999782,1,-441.2999999999891
2024-11-20,-25.589999999999854,5,-1279.4999999999927
2024-11-21,-20.676000000000144,1,-1033.8000000000072
2024-11-22,-36.97199999999927,2,-1848.5999999999635
2024-11-25,0.0,0,0.0
2024-11-26,0.0,0,0.0
2024-11-27,0.4439999999997454,1,22.19999999998727
2024-11-28,0.0,0,0.0
2024-11-29,1.4640000000001818,1,73.2000000000091
2024-12-02,0.0,0,0.0
2024-12-03,0.0,0,0.0
2024-12-04,0.0,0,0.0
2024-12-05,0.0,0,0.0
2024-12-06,-3.6760000000001454,1,-183.80000000000726
2024-12-09,6.883999999999345,1,344.19999999996725
2024-12-10,0.0,0,0.0
2024-12-11,-0.8460000000002182,1,-42.30000000001091
2024-12-12,-4.185999999999455,1,-209.29999999997273
2024-12-13,-13.532000000000583,2,-676.6000000000291
2024-12-16,0.6840000000004366,1,34.20000000002183
2024-12-17,-8.725999999999418,1,-436.2999999999709
2024-12-18,-201.60599999999954,1,-10080.299999999977
2024-12-19,0.0,0,0.0
2024-12-20,43.18400000000044,1,2159.200000000022
2024-12-23,-6.521999999999455,2,-326.09999999997274
2024-12-24,40.12400000000004,1,2006.2000000000019
2024-12-26,0.0,0,0.0
2024-12-27,16.203999999999965,1,810.1999999999982
2024-12-30,-18.905999999999707,1,-945.2999999999854
2024-12-31,0.0,0,0.0
2025-01-02,-18.655999999999707,1,-932.7999999999854
2025-01-03,5.0140000000003635,1,250.70000000001818
2025-01-06,6.283999999999891,1,314.19999999999453
2025-01-07,43.68400000000044,1,2184.200000000022
2025-01-08,0.0,0,0.0
2025-01-10,23.25800000000029,2,1162.9000000000144
2025-01-13,0.0,0,0.0
2025-01-14,0.0,0,0.0
2025-01-15,3.9939999999999274,1,199.69999999999638
2025-01-16,0.0,0,0.0
2025-01-17,0.0,0,0.0
2025-01-20,0.0,0,0.0
2025-01-21,0.0,0,0.0
2025-01-22,0.0,0,0.0
2025-01-23,0.0,0,0.0
2025-01-24,0.0,0,0.0
2025-01-27,0.0,0,0.0
2025-01-28,-4.221999999999273,2,-211.09999999996364
2025-01-29,0.0,0,0.0
2025-01-30,0.0,0,0.0
2025-01-31,-74.38600000000018,1,-3719.300000000009
2025-02-03,0.0,0,0.0
2025-02-04,27.067999999999785,2,1353.3999999999892
2025-02-05,0.0,0,0.0
2025-02-06,0.0,0,0.0
2025-02-07,38.09400000000029,1,1904.7000000000146
2025-02-10,0.0,0,0.0
2025-02-11,0.0,0,0.0
2025-02-12,0.0,0,0.0
2025-02-13,3.1579999999999266,2,157.89999999999634
2025-02-14,0.0,0,0.0
2025-02-17,0.0,0,0.0
2025-02-18,4.504000000000145,1,225.20000000000726
2025-02-19,0.0,0,0.0
2025-02-20,-21.78199999999967,2,-1089.0999999999835
2025-02-21,86.17400000000022,1,4308.700000000011
2025-02-24,-14.075999999999782,1,-703.7999999999892
2025-02-25,9.1819999999996,3,459.09999999998
2025-02-26,-40.10200000000029,2,-2005.1000000000145
2025-02-27,-31.375999999999962,1,-1568.7999999999981
2025-02-28,-23.736000000000544,1,-1186.8000000000272
2025-03-03,-13.565999999999564,1,-678.2999999999782
2025-03-04,-22.551999999999197,2,-1127.59999999996
2025-03-05,0.0,0,0.0
2025-03-06,-3.9060000000006183,1,-195.3000000000309
2025-03-07,-83.28599999999982,1,-4164.299999999991
2025-03-10,17.39800000000062,2,869.900000000031
2025-03-11,-39.60199999999938,2,-1980.099999999969
2025-03-12,0.0,0,0.0
2025-03-13,-19.828000000000614,3,-991.4000000000307
2025-03-14,24.624000000000038,1,1231.2000000000019
2025-03-17,-12.512000000000146,2,-625.6000000000073
2025-03-18,-1.1720000000000006,2,-58.60000000000003
2025-03-19,-17.562000000000328,2,-878.1000000000164
2025-03-20,-1.3460000000002184,1,-67.30000000001091
2025-03-21,0.0,0,0.0
2025-03-24,0.0,0,0.0
2025-03-25,0.0,0,0.0
2025-03-26,19.844000000000293,1,992.2000000000146
2025-03-27,0.0,0,0.0
2025-03-28,38.49399999999993,1,1924.6999999999964
2025-03-31,0.0,0,0.0
2025-04-01,-47.486000000000544,1,-2374.300000000027
2025-04-02,-16.975999999999416,1,-848.7999999999709
2025-04-03,-32.52799999999952,3,-1626.3999999999762
2025-04-04,108.84400000000029,1,5442.200000000014
2025-04-07,0.0,0,0.0
2025-04-08,7.734000000000618,1,386.7000000000309
2025-04-09,188.68799999999874,2,9434.399999999936
2025-04-10,47.823999999999856,1,2391.199999999993
2025-04-11,-36.22200000000018,2,-1811.100000000009
2025-04-14,0.0,0,0.0
2025-04-15,0.0,0,0.0
2025-04-16,0.0,0,0.0
2025-04-17,0.0,0,0.0
2025-04-21,73.0439999999992,1,3652.1999999999603
2025-04-22,-21.76600000000029,1,-1088.3000000000145
2025-04-23,0.0,0,0.0
2025-04-24,27.903999999999783,1,1395.1999999999891
2025-04-25,0.0,0,0.0
2025-04-28,0.0,0,0.0
2025-04-29,0.0,0,0.0
2025-04-30,-45.21600000000011,1,-2260.800000000005
2025-05-01,-1.5960000000002184,1,-79.80000000001091
2025-05-02,0.0,0,0.0
2025-05-05,0.0,0,0.0
2025-05-06,0.0,0,0.0
2025-05-07,0.0,0,0.0
2025-05-08,-25.546000000000035,1,-1277.3000000000018
2025-05-09,0.0,0,0.0
2025-05-12,0.0,0,0.0
2025-05-13,15.044000000000109,1,752.2000000000054
2025-05-14,0.0,0,0.0
2025-05-15,-7.895999999999491,1,-394.79999999997455
2025-05-16,0.0,0,0.0
2025-05-19,0.0,0,0.0
2025-05-20,0.0,0,0.0
2025-05-21,17.064000000000547,1,853.2000000000273
2025-05-22,-42.10799999999945,3,-2105.3999999999724
2025-05-23,0.0,0,0.0
2025-05-26,0.0,0,0.0
2025-05-27,22.61399999999982,1,1130.699999999991
2025-05-28,-0.836,1,-41.8
2025-05-29,0.0,0,0.0
2025-05-30,-43.95599999999989,1,-2197.7999999999943
2025-06-02,-19.746000000000762,1,-987.3000000000382
2025-06-03,17.313999999999638,1,865.6999999999819
2025-06-04,0.0,0,0.0
2025-06-05,-19.50600000000007,1,-975.3000000000036
2025-06-06,-12.435999999999455,1,-621.7999999999728
2025-06-09,0.0,0,0.0
2025-06-10,0.0,0,0.0
2025-06-11,0.0,0,0.0
2025-06-12,0.0,0,0.0
2025-06-13,-24.836,1,-1241.8
2025-06-16,-9.008,3,-450.4
2025-06-17,-1.836,1,-91.8
2025-06-18,-10.586,1,-529.3000000000001
2025-06-19,-10.094000000000001,4,-504.70000000000005
2025-06-20,0.0,0,0.0
2025-06-23,-2.086,1,-104.3
2025-06-24,9.414,1,470.7
2025-06-25,0.0,0,0.0
2025-06-26,14.414,1,720.6999999999999
2025-06-27,4.404000000000691,1,220.20000000003455
2025-06-30,0.0,0,0.0
2025-07-01,0.0,0,0.0
2025-07-02,0.0,0,0.0
2025-07-03,12.914,1,645.6999999999999
2025-07-04,0.0,0,0.0
2025-07-07,0.0,0,0.0
2025-07-08,0.0,0,0.0
2025-07-09,-9.336,1,-466.8
2025-07-10,-5.922,2,-296.09999999999997
2025-07-11,0.0,0,0.0
2025-07-14,0.0,0,0.0
2025-07-15,0.0,0,0.0
2025-07-16,0.0,0,0.0
2025-07-17,18.828000000000003,2,941.4000000000001
2025-07-18,0.0,0,0.0
2025-07-21,-19.336,1,-966.8
2025-07-22,-11.336,1,-566.8000000000001
2025-07-23,0.0,0,0.0
2025-07-24,0.0,0,0.0
2025-07-25,3.164,1,158.20000000000002
2025-07-28,0.0,0,0.0
2025-07-29,-9.172,2,-458.6
2025-07-30,-17.586,1,-879.3
2025-07-31,0.0,0,0.0
2025-08-01,-3.343999999999994,4,-167.1999999999997
2025-08-04,19.914,1,995.7
2025-08-05,-22.671999999999997,2,-1133.6
2025-08-06,17.664,1,883.2
2025-08-07,-14.922,2,-746.1
2025-08-08,-2.508,3,-125.4
2025-08-11,0.0,0,0.0
2025-08-12,13.914,1,695.6999999999999
2025-08-13,0.0,0,0.0
2025-08-14,0.0,0,0.0
2025-08-15,-2.336,1,-116.8
2025-08-18,0.0,0,0.0
2025-08-19,8.914,1,445.7
2025-08-20,-34.344,4,-1717.2
2025-08-21,0.0,0,0.0
2025-08-22,68.664,1,3433.2000000000003
2025-08-25,0.0,0,0.0
2025-08-26,0.0,0,0.0
2025-08-27,0.0,0,0.0
2025-08-28,0.0,0,0.0
2025-08-29,4.164,1,208.2
2025-09-01,0.0,0,0.0
2025-09-02,-51.586,1,-2579.2999999999997
2025-09-03,0.0,0,0.0
2025-09-04,0.0,0,0.0
2025-09-05,-7.086,1,-354.3
2025-09-08,0.0,0,0.0
2025-09-09,0.0,0,0.0
2025-09-10,0.0,0,0.0
2025-09-11,19.914,1,995.7
2025-09-12,0.0,0,0.0
2025-09-15,0.164,1,8.200000000000001
2025-09-16,0.0,0,0.0
2025-09-17,0.0,0,0.0
2025-09-18,-28.171999999999997,2,-1408.6
2025-09-19,0.0,0,0.0
2025-09-22,8.914,1,445.7
2025-09-23,17.914,1,895.7
2025-09-24,-10.422,2,-521.1
2025-09-25,-43.672,2,-2183.6
2025-09-26,-27.921999999999997,2,-1396.1
2025-09-29,0.0,0,0.0
2025-09-30,0.0,0,0.0
2025-10-01,-3.086,1,-154.29999999999998
2025-10-02,0.0,0,0.0
2025-10-03,-11.086,1,-554.3000000000001
2025-10-06,0.0,0,0.0
2025-10-07,0.664,1,33.2
2025-10-08,4.578,2,228.9
2025-10-09,7.164,1,358.2
2025-10-10,162.164,1,8108.199999999999
2025-10-13,-44.007999999999996,3,-2200.3999999999996
2025-10-14,0.0,0,0.0
2025-10-15,-6.586,1,-329.3
2025-10-16,-23.586,1,-1179.3
2025-10-17,-36.172,2,-1808.6
2025-10-20,16.828000000000003,2,841.4000000000001
2025-10-21,-0.586,1,-29.299999999999997
2025-10-22,-18.258,3,-912.9
2025-10-23,-19.008000000000003,3,-950.4000000000001
2025-10-24,0.0,0,0.0
2025-10-27,0.0,0,0.0
2025-10-28,0.0,0,0.0
2025-10-29,0.0,0,0.0
2025-10-30,0.0,0,0.0
2025-10-31,0.0,0,0.0
2025-11-03,-20.086,1,-1004.3
2025-11-04,0.0,0,0.0
2025-11-05,2.164,1,108.2
2025-11-06,36.39599999999978,4,1819.799999999989
2025-11-07,4.991999999999999,3,249.59999999999997
2025-11-10,14.164,1,708.1999999999999
2025-11-11,0.0,0,0.0
2025-11-12,0.0,0,0.0
2025-11-13,68.65399999999978,1,3432.6999999999894
2025-11-14,-10.836,1,-541.8000000000001
2025-11-17,8.664,1,433.2
2025-11-18,-82.172,2,-4108.599999999999
2025-11-19,-28.086,1,-1404.3
2025-11-20,15.078000000000001,2,753.9000000000001
2025-11-21,-55.172,2,-2758.6
2025-11-24,32.414,1,1620.7
2025-11-25,2.078,2,103.89999999999999
2025-11-26,0.0,0,0.0
2025-11-27,0.0,0,0.0
2025-11-28,0.0,0,0.0
2025-12-01,0.0,0,0.0
2025-12-02,0.0,0,0.0
2025-12-03,0.0,0,0.0
2025-12-04,0.0,0,0.0
2025-12-05,-12.836,1,-641.8000000000001
2025-12-08,0.0,0,0.0
2025-12-09,0.0,0,0.0
2025-12-10,0.0,0,0.0
2025-12-11,-37.086,1,-1854.3
2025-12-12,57.414,1,2870.7000000000003
2025-12-15,0.0,0,0.0
2025-12-16,-12.336,1,-616.8000000000001
2025-12-17,32.414,1,1620.7
2025-12-18,-3.086,1,-154.29999999999998
2025-12-19,7.914,1,395.7
2025-12-22,0.0,0,0.0
2025-12-23,0.0,0,0.0
2025-12-24,0.0,0,0.0
2025-12-26,0.0,0,0.0
2025-12-29,0.0,0,0.0
2025-12-30,0.0,0,0.0
2025-12-31,8.414,1,420.7
2026-01-02,0.0,0,0.0
2026-01-05,-2.836,1,-141.79999999999998
2026-01-06,-2.9220000000000006,2,-146.10000000000002
2026-01-07,0.0,0,0.0
2026-01-08,0.0,0,0.0
2026-01-09,-2.1720000000000006,2,-108.60000000000002
2026-01-12,0.0,0,0.0
2026-01-13,-32.422,2,-1621.1
2026-01-14,-19.672,2,-983.6
2026-01-15,0.0,0,0.0
2026-01-16,0.0,0,0.0
2026-01-19,0.0,0,0.0
2026-01-20,0.0,0,0.0
2026-01-21,-25.086,1,-1254.3
2026-01-22,0.0,0,0.0
2026-01-23,0.0,0,0.0
