date,net_pts,round_trips,net_usd
2008-01-23,0.0,0,0.0
2008-01-24,2.7751401495122665,1,138.75700747561334
2008-01-25,0.0,0,0.0
2008-01-28,3.8139999999998637,1,190.6999999999932
2008-01-29,0.0,0,0.0
2008-01-30,0.0,0,0.0
2008-01-31,0.0,0,0.0
2008-02-01,1.1666748785412564,1,58.33374392706282
2008-02-04,0.0,0,0.0
2008-02-05,0.0,0,0.0
2008-02-06,0.0,0,0.0
2008-02-07,0.0,0,0.0
2008-02-08,0.0,0,0.0
2008-02-11,0.0,0,0.0
2008-02-12,-1.0115554538408433,1,-50.57777269204217
2008-02-13,0.0,0,0.0
2008-02-14,-3.1934973543522776,2,-159.67486771761386
2008-02-15,0.0,0,0.0
2008-02-18,4.294717437178432,2,214.73587185892157
2008-02-19,8.693999999999972,1,434.6999999999986
2008-02-20,0.0,0,0.0
2008-02-21,-1.4931089025314905,1,-74.65544512657452
2008-02-22,-19.493361968009566,2,-974.6680984004784
2008-02-25,-1.5160000000000637,1,-75.80000000000318
2008-02-26,0.0,0,0.0
2008-02-27,0.0,0,0.0
2008-02-28,0.0,0,0.0
2008-02-29,9.945773062150035,2,497.2886531075018
2008-03-03,-2.0937814929481973,1,-104.68907464740987
2008-03-04,0.0,0,0.0
2008-03-05,-2.7019312467454912,2,-135.09656233727455
2008-03-06,10.298446337254555,3,514.9223168627277
2008-03-07,0.0,0,0.0
2008-03-10,1.1533054548106447,3,57.66527274053224
2008-03-11,-4.286000000000046,1,-214.30000000000229
2008-03-12,0.0,0,0.0
2008-03-13,-5.796711368243627,4,-289.8355684121813
2008-03-14,-18.013689941445765,4,-900.6844970722883
2008-03-17,0.0,0,0.0
2008-03-18,9.628421757516005,2,481.42108787580025
2008-03-19,5.344465183711273,3,267.2232591855637
2008-03-20,-1.3618586849663021,5,-68.0929342483151
2008-03-24,4.732612772842256,2,236.63063864211279
2008-03-25,0.0,0,0.0
2008-03-26,0.0,0,0.0
2008-03-27,0.0,0,0.0
2008-03-28,0.0,0,0.0
2008-03-31,0.0,0,0.0
2008-04-01,18.65001500470957,3,932.5007502354784
2008-04-02,0.0,0,0.0
2008-04-03,0.0,0,0.0
2008-04-04,0.0,0,0.0
2008-04-07,0.0,0,0.0
2008-04-08,0.0,0,0.0
2008-04-09,-2.6996707756520024,5,-134.98353878260014
2008-04-10,-2.339748582972081,2,-116.98742914860405
2008-04-11,-0.8160000000000182,1,-40.80000000000091
2008-04-14,0.0,0,0.0
2008-04-15,0.0,0,0.0
2008-04-16,3.63763881483174,4,181.881940741587
2008-04-17,0.0,0,0.0
2008-04-18,0.0,0,0.0
2008-04-21,0.0,0,0.0
2008-04-22,-2.854308378693506,2,-142.71541893467528
2008-04-23,-0.7589535811684854,1,-37.94767905842427
2008-04-24,0.8626095302591039,2,43.1304765129552
2008-04-25,-1.7031403844566613,1,-85.15701922283306
2008-04-28,0.0,0,0.0
2008-04-29,-3.482968383582349,2,-174.14841917911744
2008-04-30,-6.301451630324158,4,-315.0725815162079
2008-05-01,13.48574217098557,3,674.2871085492785
2008-05-02,0.0,0,0.0
2008-05-05,-1.1874907728863364,1,-59.37453864431682
2008-05-06,-6.862710442878715,5,-343.13552214393576
2008-05-07,15.71772367254928,2,785.886183627464
2008-05-08,0.0,0,0.0
2008-05-09,0.0,0,0.0
2008-05-12,-0.7820222100246554,4,-39.101110501232775
2008-05-13,-2.3986122538880936,3,-119.93061269440469
2008-05-14,-3.5583984688668626,5,-177.91992344334312
2008-05-15,2.5229706765674487,3,126.14853382837244
2008-05-16,-2.4920902641695064,1,-124.60451320847532
2008-05-19,-2.6709797567040896,3,-133.54898783520449
2008-05-20,-6.426128032673381,4,-321.30640163366905
2008-05-21,4.628000000000181,2,231.40000000000907
2008-05-22,-1.463657713621602,1,-73.1828856810801
2008-05-23,-5.866726562717934,4,-293.33632813589674
2008-05-26,0.0,0,0.0
2008-05-27,-2.249102589115144,3,-112.4551294557572
2008-05-28,0.0,0,0.0
2008-05-29,-0.38102393961456615,1,-19.051196980728307
2008-05-30,0.0,0,0.0
2008-06-02,4.0540000000001,1,202.700000000005
2008-06-03,0.0,0,0.0
2008-06-04,-6.806000000000028,1,-340.3000000000014
2008-06-05,10.294000000000109,1,514.7000000000054
2008-06-06,28.313999999999865,1,1415.6999999999932
2008-06-09,0.2470414324418598,1,12.352071622092991
2008-06-10,0.0,0,0.0
2008-06-11,3.241352735809895,2,162.06763679049473
2008-06-12,-11.483158802349823,3,-574.1579401174912
2008-06-13,-4.994242237151159,2,-249.71211185755794
2008-06-16,0.0,0,0.0
2008-06-17,0.0,0,0.0
2008-06-18,0.0,0,0.0
2008-06-19,0.0,0,0.0
2008-06-20,-1.192387660900938,3,-59.6193830450469
2008-06-23,0.0,0,0.0
2008-06-24,-1.4767859523742446,1,-73.83929761871222
2008-06-25,-7.2943678216972145,5,-364.71839108486074
2008-06-26,12.124000000000036,1,606.2000000000018
2008-06-27,-3.4080627796949754,2,-170.40313898474878
2008-06-30,-9.16179296645253,5,-458.08964832262654
2008-07-01,0.0,0,0.0
2008-07-02,7.046530943914427,4,352.3265471957214
2008-07-03,2.262939412402615,1,113.14697062013074
2008-07-04,0.0,0,0.0
2008-07-07,-1.0460000000000365,1,-52.30000000000182
2008-07-08,0.0,0,0.0
2008-07-09,0.0,0,0.0
2008-07-10,0.0,0,0.0
2008-07-11,-1.4836331376015879,1,-74.18165688007939
2008-07-14,0.0,0,0.0
2008-07-15,0.12850452702084825,2,6.425226351042412
2008-07-16,14.407967171532418,2,720.3983585766209
2008-07-17,0.0,0,0.0
2008-07-18,-0.1259999999999636,1,-6.299999999998181
2008-07-21,0.0,0,0.0
2008-07-22,0.0,0,0.0
2008-07-23,-2.8908840229557753,1,-144.54420114778875
2008-07-24,21.354000000000056,1,1067.7000000000028
2008-07-25,0.0,0,0.0
2008-07-28,6.824000000000082,1,341.2000000000041
2008-07-29,14.001342963183358,2,700.0671481591679
2008-07-30,-3.529950076100691,1,-176.49750380503454
2008-07-31,0.0,0,0.0
2008-08-01,-9.01185844948846,3,-450.59292247442306
2008-08-04,-2.296760124846476,3,-114.83800624232381
2008-08-05,8.48703243899494,3,424.35162194974697
2008-08-06,0.0,0,0.0
2008-08-07,0.0,0,0.0
2008-08-08,9.008000000000063,2,450.40000000000316
2008-08-11,-1.3490070388322437,2,-67.45035194161218
2008-08-12,0.0,0,0.0
2008-08-13,-1.7655937073443384,1,-88.27968536721691
2008-08-14,-5.582301976520234,4,-279.11509882601166
2008-08-15,0.0,0,0.0
2008-08-18,7.287471827567767,2,364.37359137838837
2008-08-19,0.0,0,0.0
2008-08-20,0.7224946642015894,1,36.12473321007947
2008-08-21,0.0,0,0.0
2008-08-22,-2.4679129277592184,2,-123.39564638796092
2008-08-25,8.894000000000018,1,444.7000000000009
2008-08-26,0.0,0,0.0
2008-08-27,-5.700783550502327,3,-285.0391775251163
2008-08-28,0.0,0,0.0
2008-08-29,-1.2247586257196745,1,-61.23793128598373
2008-09-01,0.0,0,0.0
2008-09-02,0.0,0,0.0
2008-09-03,0.0,0,0.0
2008-09-04,15.353999999999827,1,767.6999999999913
2008-09-05,-6.573272043640802,2,-328.6636021820401
2008-09-08,0.0,0,0.0
2008-09-09,31.03400000000012,1,1551.700000000006
2008-09-10,0.0,0,0.0
2008-09-11,0.0,0,0.0
2008-09-12,0.12472258996127858,1,6.236129498063929
2008-09-15,0.0,0,0.0
2008-09-16,0.0,0,0.0
2008-09-17,0.0,0,0.0
2008-09-18,-1.3478925469505485,1,-67.39462734752742
2008-09-19,0.0,0,0.0
2008-09-22,-6.07359853758741,6,-303.6799268793705
2008-09-23,-1.4166311101248283,2,-70.83155550624141
2008-09-24,0.0,0,0.0
2008-09-25,-13.631695793748287,5,-681.5847896874144
2008-09-26,0.0,0,0.0
2008-09-29,31.78259585226311,4,1589.1297926131556
2008-09-30,13.662162947665617,2,683.1081473832809
2008-10-01,0.0,0,0.0
2008-10-02,7.873793159936718,4,393.68965799683593
2008-10-03,-9.491156534356112,3,-474.5578267178056
2008-10-06,1.3677305835220115,4,68.38652917610058
2008-10-07,37.837999999999994,2,1891.8999999999996
2008-10-08,-5.109198743758485,1,-255.45993718792425
2008-10-09,34.318000000000126,2,1715.9000000000062
2008-10-10,-4.345999999999991,1,-217.29999999999956
2008-10-13,46.867746467407216,2,2343.3873233703607
2008-10-14,-7.720605319687126,1,-386.0302659843563
2008-10-15,34.34836221092955,3,1717.4181105464775
2008-10-16,-19.28503616092026,3,-964.251808046013
2008-10-17,-3.507350095002809,2,-175.36750475014045
2008-10-20,2.23400000000005,1,111.7000000000025
2008-10-21,0.0,0,0.0
2008-10-22,-1.2233315242818636,2,-61.16657621409318
2008-10-23,-11.34368105835741,3,-567.1840529178705
2008-10-24,0.0,0,0.0
2008-10-27,0.0,0,0.0
2008-10-28,-7.233752095528063,1,-361.68760477640313
2008-10-29,0.0,0,0.0
2008-10-30,0.0,0,0.0
2008-10-31,0.0,0,0.0
2008-11-03,0.0,0,0.0
2008-11-04,0.0,0,0.0
2008-11-05,-8.504100799064378,3,-425.20503995321894
2008-11-06,17.34839683028352,2,867.4198415141759
2008-11-07,-1.8894884585850933,1,-94.47442292925466
2008-11-10,-3.6733796649905086,2,-183.66898324952544
2008-11-11,-17.720445020715196,5,-886.0222510357598
2008-11-12,-1.618648668545322,2,-80.9324334272661
2008-11-13,0.7994738336666956,4,39.97369168333478
2008-11-14,-0.8116772057772751,2,-40.583860288863754
2008-11-17,-4.510450928721954,2,-225.5225464360977
2008-11-18,-19.05078106918196,3,-952.5390534590979
2008-11-19,30.193999999999974,1,1509.6999999999987
2008-11-20,16.00076520865927,3,800.0382604329635
2008-11-21,0.0,0,0.0
2008-11-24,5.659885931705755,2,282.99429658528777
2008-11-25,0.0,0,0.0
2008-11-26,-1.647365098408487,1,-82.36825492042435
2008-11-27,0.0,0,0.0
2008-11-28,0.0,0,0.0
2008-12-01,34.664,1,1733.2
2008-12-02,0.0,0,0.0
2008-12-03,0.0,0,0.0
2008-12-04,0.0,0,0.0
2008-12-05,0.0,0,0.0
2008-12-08,0.0,0,0.0
2008-12-09,0.0,0,0.0
2008-12-10,0.0,0,0.0
2008-12-11,0.0,0,0.0
2008-12-12,0.0,0,0.0
2008-12-15,0.0,0,0.0
2008-12-16,0.0,0,0.0
2008-12-17,0.0,0,0.0
2008-12-18,0.0,0,0.0
2008-12-19,-2.660665182904141,1,-133.03325914520704
2008-12-22,5.217730644075951,3,260.8865322037976
2008-12-23,0.0,0,0.0
2008-12-24,0.0,0,0.0
2008-12-26,0.0,0,0.0
2008-12-29,-7.928131690447774,2,-396.4065845223887
2008-12-30,-1.9958914329289175,2,-99.79457164644587
2008-12-31,-8.293960832762675,7,-414.69804163813376
2009-01-02,13.313999999999977,1,665.6999999999988
2009-01-05,0.0,0,0.0
2009-01-06,-2.53459180632352,1,-126.72959031617602
2009-01-07,-0.6903896952183886,2,-34.519484760919426
2009-01-08,0.0,0,0.0
2009-01-09,-8.914711890366396,4,-445.73559451831983
2009-01-12,10.519551779154337,2,525.9775889577169
2009-01-13,-0.6863116775941634,1,-34.31558387970817
2009-01-14,-1.997669855450188,3,-99.8834927725094
2009-01-15,-12.105999999999982,1,-605.2999999999992
2009-01-16,-4.069835850822175,1,-203.49179254110874
2009-01-19,-1.4343185432402252,1,-71.71592716201125
2009-01-20,15.649666096038839,3,782.4833048019419
2009-01-21,0.0,0,0.0
2009-01-22,0.0,0,0.0
2009-01-23,0.0,0,0.0
2009-01-26,-7.500428655993776,2,-375.0214327996888
2009-01-27,0.0,0,0.0
2009-01-28,0.0,0,0.0
2009-01-29,0.0,0,0.0
2009-01-30,1.6256171795129404,2,81.28085897564702
2009-02-02,0.0,0,0.0
2009-02-03,0.0,0,0.0
2009-02-04,0.5352280771301392,2,26.76140385650696
2009-02-05,0.0,0,0.0
2009-02-06,1.1778168337514598,3,58.890841687572994
2009-02-09,0.0,0,0.0
2009-02-10,20.374000000000038,1,1018.7000000000019
2009-02-11,0.0,0,0.0
2009-02-12,-0.22743617120419093,1,-11.371808560209546
2009-02-13,0.0,0,0.0
2009-02-16,0.0,0,0.0
2009-02-17,0.0,0,0.0
2009-02-18,0.0,0,0.0
2009-02-19,0.0,0,0.0
2009-02-20,0.0,0,0.0
2009-02-23,14.724000000000059,1,736.2000000000029
2009-02-24,0.0,0,0.0
2009-02-25,2.4820177268949366,1,124.10088634474683
2009-02-26,0.0,0,0.0
2009-02-27,0.0,0,0.0
2009-03-02,0.0,0,0.0
2009-03-03,0.0,0,0.0
2009-03-04,0.0,0,0.0
2009-03-05,0.0,0,0.0
2009-03-06,-1.554461659580612,1,-77.7230829790306
2009-03-09,-1.5548558328973614,1,-77.74279164486806
2009-03-10,16.613999999999933,1,830.6999999999966
2009-03-11,-0.6477974974130675,1,-32.38987487065337
2009-03-12,11.40520736627813,3,570.2603683139065
2009-03-13,0.0,0,0.0
2009-03-16,0.0,0,0.0
2009-03-17,-2.463678262428377,2,-123.18391312141885
2009-03-18,-2.4510097293274256,1,-122.55048646637128
2009-03-19,0.0,0,0.0
2009-03-20,-1.5926370140400523,1,-79.63185070200261
2009-03-23,21.56332917825163,3,1078.1664589125817
2009-03-24,0.0,0,0.0
2009-03-25,0.6216428269390489,2,31.082141346952447
2009-03-26,0.0,0,0.0
2009-03-27,0.0,0,0.0
2009-03-30,-10.119004229939517,7,-505.95021149697584
2009-03-31,-2.187401803390786,1,-109.3700901695393
2009-04-01,-9.985316522501572,6,-499.2658261250786
2009-04-02,-9.498627414294383,5,-474.93137071471915
2009-04-03,0.0,0,0.0
2009-04-06,-2.662906013637414,2,-133.14530068187068
2009-04-07,0.0,0,0.0
2009-04-08,0.0,0,0.0
2009-04-09,0.12400000000003639,1,6.200000000001819
2009-04-13,0.0,0,0.0
2009-04-14,-1.642680897522142,1,-82.1340448761071
2009-04-15,0.0,0,0.0
2009-04-16,-2.760716810814731,2,-138.03584054073653
2009-04-17,0.0,0,0.0
2009-04-20,14.17399999999999,1,708.6999999999995
2009-04-21,6.868513461578257,2,343.42567307891284
2009-04-22,-6.933401821097453,4,-346.67009105487267
2009-04-23,-4.725754098029659,4,-236.28770490148295
2009-04-24,-7.326362370147143,4,-366.31811850735716
2009-04-27,0.0,0,0.0
2009-04-28,0.0,0,0.0
2009-04-29,0.833272940200598,2,41.6636470100299
2009-04-30,0.0,0,0.0
2009-05-01,0.0,0,0.0
2009-05-04,14.0030000598321,3,700.150002991605
2009-05-05,0.0,0,0.0
2009-05-06,0.0,0,0.0
2009-05-07,1.5640000000000909,1,78.20000000000455
2009-05-08,0.0,0,0.0
2009-05-11,0.05474803077903653,1,2.7374015389518265
2009-05-12,-5.17920711584006,2,-258.960355792003
2009-05-13,-6.645056919513384,3,-332.2528459756692
2009-05-14,-5.78415108252337,3,-289.2075541261685
2009-05-15,-1.816044253645815,1,-90.80221268229074
2009-05-18,3.9695558948864376,2,198.47779474432187
2009-05-19,0.0,0,0.0
2009-05-20,0.23512218076520094,1,11.756109038260048
2009-05-21,-7.128139309188503,4,-356.4069654594252
2009-05-22,0.12400000000003639,1,6.200000000001819
2009-05-25,0.0,0,0.0
2009-05-26,7.7540000000000315,1,387.7000000000016
2009-05-27,0.0,0,0.0
2009-05-28,0.0,0,0.0
2009-05-29,0.0,0,0.0
2009-06-01,6.563999999999977,1,328.19999999999885
2009-06-02,2.4068055744757104,1,120.34027872378552
2009-06-03,0.1340000000000273,1,6.700000000001364
2009-06-04,0.0,0,0.0
2009-06-05,0.0,0,0.0
2009-06-08,0.0,0,0.0
2009-06-09,0.0,0,0.0
2009-06-10,0.0,0,0.0
2009-06-11,-2.02115253972747,2,-101.0576269863735
2009-06-12,0.0,0,0.0
2009-06-15,-0.8420959506221252,1,-42.10479753110626
2009-06-16,-3.2052087244264458,3,-160.2604362213223
2009-06-17,0.0,0,0.0
2009-06-18,-7.231703251096898,6,-361.58516255484494
2009-06-19,0.0,0,0.0
2009-06-22,8.962213254440282,2,448.1106627220141
2009-06-23,0.0,0,0.0
2009-06-24,-1.7021381539396871,1,-85.10690769698435
2009-06-25,9.053582021564276,3,452.6791010782138
2009-06-26,0.0,0,0.0
2009-06-29,0.0,0,0.0
2009-06-30,-1.7611197062696848,2,-88.05598531348424
2009-07-01,-3.3447968266992674,1,-167.23984133496336
2009-07-02,0.8021081004853214,4,40.10540502426607
2009-07-03,0.0,0,0.0
2009-07-06,0.0,0,0.0
2009-07-07,0.0861830387259741,2,4.309151936298705
2009-07-08,0.0,0,0.0
2009-07-09,0.0,0,0.0
2009-07-10,0.0,0,0.0
2009-07-13,0.0,0,0.0
2009-07-14,0.0,0,0.0
2009-07-15,-0.7516919147538801,2,-37.584595737694
2009-07-16,0.0,0,0.0
2009-07-17,0.0,0,0.0
2009-07-20,0.0,0,0.0
2009-07-21,0.0,0,0.0
2009-07-22,0.0,0,0.0
2009-07-23,11.394000000000018,1,569.7000000000008
2009-07-24,0.0,0,0.0
2009-07-27,0.0,0,0.0
2009-07-28,0.0,0,0.0
2009-07-29,0.0,0,0.0
2009-07-30,-2.462840762672802,3,-123.14203813364011
2009-07-31,0.0,0,0.0
2009-08-03,0.0,0,0.0
2009-08-04,0.0,0,0.0
2009-08-05,-1.3449426840357492,4,-67.24713420178746
2009-08-06,-4.365591471559772,3,-218.2795735779886
2009-08-07,-4.856783370921852,4,-242.83916854609262
2009-08-10,0.0,0,0.0
2009-08-11,-0.7693877845390235,2,-38.46938922695117
2009-08-12,-6.35531017579827,3,-317.7655087899135
2009-08-13,0.0,0,0.0
2009-08-14,-0.07297426144984609,2,-3.6487130724923045
2009-08-17,0.0,0,0.0
2009-08-18,-4.676944122206969,5,-233.84720611034845
2009-08-19,-3.267226342650676,2,-163.3613171325338
2009-08-20,-3.8156859561676755,4,-190.78429780838377
2009-08-21,0.23303168075157532,3,11.651584037578766
2009-08-24,0.0,0,0.0
2009-08-25,2.286939695005016,1,114.3469847502508
2009-08-26,0.0,0,0.0
2009-08-27,-1.5857096006279536,2,-79.28548003139768
2009-08-28,-0.7355310946628478,1,-36.77655473314239
2009-08-31,0.0,0,0.0
2009-09-01,7.553999999999986,1,377.6999999999993
2009-09-02,0.0,0,0.0
2009-09-03,0.0,0,0.0
2009-09-04,2.2939999999999956,1,114.69999999999978
2009-09-07,0.0,0,0.0
2009-09-08,0.0,0,0.0
2009-09-09,-0.0959999999999909,1,-4.799999999999545
2009-09-10,0.0,0,0.0
2009-09-11,0.0,0,0.0
2009-09-14,0.0,0,0.0
2009-09-15,0.0,0,0.0
2009-09-16,0.0,0,0.0
2009-09-17,-2.974288490461478,2,-148.71442452307392
2009-09-18,0.0,0,0.0
2009-09-21,0.0,0,0.0
2009-09-22,0.0,0,0.0
2009-09-23,0.0,0,0.0
2009-09-24,2.3039999999999865,1,115.19999999999932
2009-09-25,0.0,0,0.0
2009-09-28,6.154000000000009,1,307.70000000000044
2009-09-29,0.0,0,0.0
2009-09-30,-8.208701688352614,5,-410.43508441763066
2009-10-01,12.262895938951285,2,613.1447969475643
2009-10-02,0.0,0,0.0
2009-10-05,0.18639246869023918,3,9.319623434511959
2009-10-06,-3.9815254395959476,4,-199.07627197979738
2009-10-07,0.0,0,0.0
2009-10-08,0.0,0,0.0
2009-10-09,0.0,0,0.0
2009-10-12,0.0,0,0.0
2009-10-13,0.0,0,0.0
2009-10-14,0.0,0,0.0
2009-10-15,0.0,0,0.0
2009-10-16,0.0,0,0.0
2009-10-19,-0.33599999999999997,1,-16.799999999999997
2009-10-20,-4.397101138026048,2,-219.8550569013024
2009-10-21,-8.48374327872341,9,-424.18716393617046
2009-10-22,1.241316139945209,2,62.06580699726045
2009-10-23,4.223999999999945,1,211.19999999999726
2009-10-26,-1.1158801348708114,3,-55.79400674354057
2009-10-27,0.0,0,0.0
2009-10-28,6.105434137856428,4,305.27170689282144
2009-10-29,7.488000000000081,2,374.40000000000407
2009-10-30,19.14400000000002,1,957.200000000001
2009-11-02,-2.115661785551601,4,-105.78308927758005
2009-11-03,0.0,0,0.0
2009-11-04,-4.178862742702196,2,-208.94313713510982
2009-11-05,-9.763809972401216,7,-488.1904986200608
2009-11-06,0.5120351533191879,1,25.601757665959397
2009-11-09,2.6534362731297785,4,132.67181365648892
2009-11-10,0.0,0,0.0
2009-11-11,0.0,0,0.0
2009-11-12,0.0,0,0.0
2009-11-13,0.0,0,0.0
2009-11-16,-3.440051898118516,3,-172.0025949059258
2009-11-17,0.0,0,0.0
2009-11-18,-1.167306283560025,1,-58.36531417800125
2009-11-19,-9.75155820745806,9,-487.57791037290303
2009-11-20,0.0,0,0.0
2009-11-23,-3.3650564348458443,3,-168.2528217422922
2009-11-24,-1.6264419633841827,1,-81.32209816920913
2009-11-25,0.0,0,0.0
2009-11-26,-0.8388916530725254,2,-41.94458265362627
2009-11-27,-1.7760000000000546,1,-88.80000000000273
2009-11-30,-1.0848712162005414,1,-54.24356081002707
2009-12-01,0.0,0,0.0
2009-12-02,-1.5460000000000365,1,-77.30000000000182
2009-12-03,0.0,0,0.0
2009-12-04,0.0,0,0.0
2009-12-07,0.0,0,0.0
2009-12-08,0.0,0,0.0
2009-12-09,0.0,0,0.0
2009-12-10,0.0,0,0.0
2009-12-11,0.0,0,0.0
2009-12-14,0.0,0,0.0
2009-12-15,0.0,0,0.0
2009-12-16,0.0,0,0.0
2009-12-17,-0.1642445465931559,2,-8.212227329657795
2009-12-18,0.0,0,0.0
2009-12-21,-5.186502052400026,6,-259.3251026200013
2009-12-22,-1.0660000000000183,1,-53.300000000000914
2009-12-23,0.0,0,0.0
2009-12-24,-1.892519020031803,3,-94.62595100159015
2009-12-28,0.0,0,0.0
2009-12-29,0.0,0,0.0
2009-12-30,0.0,0,0.0
2009-12-31,5.317322846554867,4,265.8661423277434
2010-01-04,3.7739999999999,1,188.69999999999501
2010-01-05,-1.1077576500442647,1,-55.38788250221324
2010-01-06,0.0,0,0.0
2010-01-07,-0.7124163852995352,1,-35.62081926497676
2010-01-08,0.0,0,0.0
2010-01-11,0.0,0,0.0
2010-01-12,-1.5460000000000365,1,-77.30000000000182
2010-01-13,-1.7804907211782137,2,-89.02453605891068
2010-01-14,0.0,0,0.0
2010-01-15,4.973999999999945,1,248.69999999999726
2010-01-18,0.0,0,0.0
2010-01-19,4.013999999999909,1,200.69999999999544
2010-01-20,0.3940000000000182,1,19.700000000000912
2010-01-21,9.803999999999872,1,490.1999999999936
2010-01-22,0.0,0,0.0
2010-01-25,0.0,0,0.0
2010-01-26,0.0,0,0.0
2010-01-27,0.0,0,0.0
2010-01-28,2.235659959203569,3,111.78299796017845
2010-01-29,-1.753673078748976,1,-87.6836539374488
2010-02-01,0.07566506224953992,1,3.783253112476996
2010-02-02,-1.4519810477390693,1,-72.59905238695346
2010-02-03,0.0,0,0.0
2010-02-04,13.914,1,695.6999999999999
2010-02-05,-0.5402602213297186,1,-27.01301106648593
2010-02-08,0.0,0,0.0
2010-02-09,-1.0124369516981788,1,-50.62184758490894
2010-02-10,-3.641153557978656,1,-182.05767789893278
2010-02-11,2.8040000000001,1,140.20000000000502
2010-02-12,0.0,0,0.0
2010-02-15,0.0,0,0.0
2010-02-16,0.0,0,0.0
2010-02-17,0.0,0,0.0
2010-02-18,0.0,0,0.0
2010-02-19,0.0,0,0.0
2010-02-22,0.0,0,0.0
2010-02-23,2.084000000000073,1,104.20000000000364
2010-02-24,-1.7456006880952246,1,-87.28003440476122
2010-02-25,0.0,0,0.0
2010-02-26,0.0,0,0.0
2010-03-01,2.409357985600347,3,120.46789928001735
2010-03-02,0.0,0,0.0
2010-03-03,-0.8767298752443112,2,-43.83649376221556
2010-03-04,-0.34599999999999087,1,-17.299999999999542
2010-03-05,3.763999999999909,1,188.19999999999547
2010-03-08,0.0,0,0.0
2010-03-09,-2.877978390892142,2,-143.89891954460708
2010-03-10,-3.626395174855083,4,-181.31975874275415
2010-03-11,0.0,0,0.0
2010-03-12,0.0,0,0.0
2010-03-15,-2.5279934281761216,3,-126.39967140880609
2010-03-16,-1.8514547322676864,2,-92.57273661338432
2010-03-17,-3.9078820423891956,4,-195.39410211945977
2010-03-18,-0.6661852291631348,1,-33.30926145815674
2010-03-19,1.3640000000000454,1,68.20000000000228
2010-03-22,-3.444275913991936,4,-172.2137956995968
2010-03-23,0.15399999999978173,1,7.699999999989086
2010-03-24,0.0,0,0.0
2010-03-25,0.0,0,0.0
2010-03-26,-1.9697728890339223,2,-98.48864445169612
2010-03-29,0.0,0,0.0
2010-03-30,-1.3020512892876341,1,-65.1025644643817
2010-03-31,0.0,0,0.0
2010-04-01,-0.7652358002774108,1,-38.26179001387054
2010-04-05,-10.336317284209056,7,-516.8158642104528
2010-04-06,0.0,0,0.0
2010-04-07,-3.345696038017637,1,-167.28480190088183
2010-04-08,-3.2208931663658023,3,-161.04465831829012
2010-04-09,-0.2003593601491375,1,-10.017968007456874
2010-04-12,0.0,0,0.0
2010-04-13,-3.5443582726422465,3,-177.21791363211233
2010-04-14,3.2684077970752945,2,163.42038985376473
2010-04-15,-1.4038064595476827,1,-70.19032297738413
2010-04-16,-0.385767606614283,2,-19.28838033071415
2010-04-19,-0.7929261047627151,1,-39.64630523813575
2010-04-20,0.0,0,0.0
2010-04-21,-2.731627274972627,2,-136.58136374863133
2010-04-22,-1.0760000000000092,1,-53.80000000000046
2010-04-23,1.760141786113776,1,88.00708930568881
2010-04-26,0.0,0,0.0
2010-04-27,11.06400000000009,1,553.2000000000045
2010-04-28,0.0,0,0.0
2010-04-29,-1.2022194670173323,2,-60.110973350866615
2010-04-30,8.385639754629247,3,419.2819877314624
2010-05-03,0.03800000000003623,2,1.9000000000018114
2010-05-04,-0.8513974875736111,3,-42.56987437868055
2010-05-05,0.0,0,0.0
2010-05-06,12.075712265525706,2,603.7856132762853
2010-05-07,-21.762887455862163,7,-1088.1443727931082
2010-05-10,0.0,0,0.0
2010-05-11,-4.932747835303606,3,-246.6373917651803
2010-05-12,-7.307815517325859,6,-365.390775866293
2010-05-13,0.0,0,0.0
2010-05-14,-5.323303839970485,5,-266.1651919985243
2010-05-17,-8.51719037172025,3,-425.85951858601254
2010-05-18,-7.146260569829741,4,-357.31302849148705
2010-05-19,-1.5264936548589831,1,-76.32468274294915
2010-05-20,-12.541145405588585,3,-627.0572702794293
2010-05-21,-5.789251246900423,2,-289.4625623450211
2010-05-24,0.0,0,0.0
2010-05-25,0.0,0,0.0
2010-05-26,-3.132377438349951,2,-156.61887191749756
2010-05-27,0.0,0,0.0
2010-05-28,-6.52666422950569,4,-326.3332114752845
2010-05-31,0.0,0,0.0
2010-06-01,0.0,0,0.0
2010-06-02,0.0,0,0.0
2010-06-03,0.0,0,0.0
2010-06-04,0.0,0,0.0
2010-06-07,-1.795999999999809,1,-89.79999999999045
2010-06-08,0.0,0,0.0
2010-06-09,0.0,0,0.0
2010-06-10,-3.6837100851032445,1,-184.18550425516221
2010-06-11,0.0,0,0.0
2010-06-14,0.0,0,0.0
2010-06-15,-0.6979260423208743,1,-34.896302116043714
2010-06-16,0.0,0,0.0
2010-06-17,2.831796287222713,2,141.58981436113564
2010-06-18,0.0,0,0.0
2010-06-21,0.0,0,0.0
2010-06-22,2.248000000000073,2,112.40000000000366
2010-06-23,-0.6418397084047954,5,-32.09198542023977
2010-06-24,-9.65764711104445,6,-482.8823555522225
2010-06-25,-1.4673233995606425,1,-73.36616997803212
2010-06-28,-2.4626122171346068,1,-123.13061085673034
2010-06-29,5.662456021815084,3,283.1228010907542
2010-06-30,0.0,0,0.0
2010-07-01,4.4441749281701775,4,222.2087464085089
2010-07-02,-4.025857748571259,3,-201.29288742856298
2010-07-05,0.0,0,0.0
2010-07-06,0.0,0,0.0
2010-07-07,24.744000000000042,1,1237.200000000002
2010-07-08,0.0,0,0.0
2010-07-09,0.0,0,0.0
2010-07-12,0.0,0,0.0
2010-07-13,0.0,0,0.0
2010-07-14,0.0,0,0.0
2010-07-15,5.429004834837782,1,271.4502417418891
2010-07-16,13.0540000000001,1,652.7000000000049
2010-07-19,0.0,0,0.0
2010-07-20,0.0,0,0.0
2010-07-21,0.0,0,0.0
2010-07-22,3.3239999999998546,1,166.19999999999274
2010-07-23,0.0,0,0.0
2010-07-26,-4.455978203881563,4,-222.79891019407816
2010-07-27,0.0,0,0.0
2010-07-28,0.0,0,0.0
2010-07-29,-1.3563723728893693,1,-67.81861864446846
2010-07-30,0.0,0,0.0
2010-08-02,0.0,0,0.0
2010-08-03,0.6493505031794612,1,32.46752515897306
2010-08-04,0.0,0,0.0
2010-08-05,0.0,0,0.0
2010-08-06,-1.6752299106244408,2,-83.76149553122204
2010-08-09,0.0,0,0.0
2010-08-10,-0.26999889257239007,1,-13.499944628619504
2010-08-11,6.438608525758607,2,321.93042628793035
2010-08-12,0.0,0,0.0
2010-08-13,0.0,0,0.0
2010-08-16,0.0,0,0.0
2010-08-17,-0.5520394887732764,1,-27.601974438663817
2010-08-18,-2.3933044412371802,2,-119.66522206185901
2010-08-19,6.011377978489943,2,300.56889892449715
2010-08-20,-3.328111372571571,1,-166.40556862857855
2010-08-23,0.0,0,0.0
2010-08-24,0.8779241287466121,1,43.896206437330605
2010-08-25,1.0285172733113213,1,51.42586366556606
2010-08-26,-7.250719217506534,3,-362.5359608753267
2010-08-27,-4.6008488287647475,5,-230.04244143823738
2010-08-30,3.0739999999998546,1,153.69999999999274
2010-08-31,0.0,0,0.0
2010-09-01,12.81400000000009,1,640.7000000000045
2010-09-02,0.0,0,0.0
2010-09-03,0.0,0,0.0
2010-09-06,0.0,0,0.0
2010-09-07,0.0,0,0.0
2010-09-08,-1.0053713946854004,2,-50.26856973427002
2010-09-09,0.0,0,0.0
2010-09-10,0.0,0,0.0
2010-09-13,0.0,0,0.0
2010-09-14,0.0,0,0.0
2010-09-15,0.0,0,0.0
2010-09-16,0.0,0,0.0
2010-09-17,0.0,0,0.0
2010-09-20,7.493999999999927,1,374.69999999999635
2010-09-21,0.0,0,0.0
2010-09-22,0.0,0,0.0
2010-09-23,0.0,0,0.0
2010-09-24,4.794000000000109,1,239.70000000000545
2010-09-27,0.0,0,0.0
2010-09-28,-2.575704587410175,2,-128.78522937050874
2010-09-29,0.0,0,0.0
2010-09-30,-2.6821595529899893,2,-134.10797764949947
2010-10-01,0.0,0,0.0
2010-10-04,-5.043309989785686,2,-252.16549948928431
2010-10-05,7.484000000000163,1,374.2000000000082
2010-10-06,0.0,0,0.0
2010-10-07,-0.8260000000000091,1,-41.30000000000045
2010-10-08,0.0,0,0.0
2010-10-11,0.0,0,0.0
2010-10-12,-3.554706727845743,2,-177.73533639228717
2010-10-13,-5.357408549728638,4,-267.8704274864319
2010-10-14,-5.956014244740988,3,-297.8007122370494
2010-10-15,-3.2093309005303907,1,-160.46654502651953
2010-10-18,-0.1120456794091953,2,-5.602283970459765
2010-10-19,-9.529520439310279,3,-476.47602196551395
2010-10-20,0.8840000000000273,1,44.20000000000137
2010-10-21,-1.2302155205345444,1,-61.51077602672722
2010-10-22,0.0,0,0.0
2010-10-25,-2.1549791390759636,1,-107.74895695379819
2010-10-26,0.0,0,0.0
2010-10-27,-1.444150090675963,1,-72.20750453379814
2010-10-28,-1.0816190657899114,2,-54.08095328949557
2010-10-29,0.0,0,0.0
2010-11-01,0.3914463755729939,2,19.572318778649695
2010-11-02,0.0,0,0.0
2010-11-03,-2.195594596294755,1,-109.77972981473776
2010-11-04,-2.0202792763665722,5,-101.0139638183286
2010-11-05,-0.7881757670911483,1,-39.408788354557416
2010-11-08,-1.3242151490921843,1,-66.21075745460921
2010-11-09,-3.1991871864531096,5,-159.95935932265547
2010-11-10,-7.40760443577589,6,-370.38022178879453
2010-11-11,0.0,0,0.0
2010-11-12,-4.127784269622187,3,-206.38921348110935
2010-11-15,-1.0406771546633864,1,-52.03385773316932
2010-11-16,5.645029941845248,2,282.2514970922624
2010-11-17,-2.7441081676172163,2,-137.2054083808608
2010-11-18,0.1300351713846848,4,6.501758569234239
2010-11-19,-2.357586254895043,2,-117.87931274475214
2010-11-22,-2.5460000000000362,1,-127.30000000000182
2010-11-23,-6.711411194713681,3,-335.570559735684
2010-11-24,3.3339999999998455,1,166.6999999999923
2010-11-25,0.0,0,0.0
2010-11-26,0.0,0,0.0
2010-11-29,-4.453553916620156,3,-222.6776958310078
2010-11-30,0.0,0,0.0
2010-12-01,0.0,0,0.0
2010-12-02,6.753999999999918,1,337.6999999999959
2010-12-03,0.0,0,0.0
2010-12-06,0.0,0,0.0
2010-12-07,0.0,0,0.0
2010-12-08,0.0,0,0.0
2010-12-09,0.0,0,0.0
2010-12-10,0.0,0,0.0
2010-12-13,0.0,0,0.0
2010-12-14,0.0,0,0.0
2010-12-15,0.0,0,0.0
2010-12-16,-0.4895658336215293,2,-24.478291681076463
2010-12-17,0.0,0,0.0
2010-12-20,0.0,0,0.0
2010-12-21,-0.8967953141652615,1,-44.83976570826307
2010-12-22,0.0,0,0.0
2010-12-23,-0.586,1,-29.299999999999997
2010-12-27,0.0,0,0.0
2010-12-28,0.0,0,0.0
2010-12-29,0.0,0,0.0
2010-12-30,-0.836,1,-41.8
2010-12-31,0.0,0,0.0
2011-01-03,-1.6701658950198124,4,-83.50829475099061
2011-01-04,-3.619901790689899,3,-180.99508953449495
2011-01-05,2.8540000000000547,1,142.70000000000275
2011-01-06,-6.800960900713727,5,-340.04804503568636
2011-01-07,-5.141994072805978,4,-257.09970364029886
2011-01-10,-2.1996815454829046,1,-109.98407727414524
2011-01-11,0.0,0,0.0
2011-01-12,-0.8260000000000091,1,-41.30000000000045
2011-01-13,-4.755238095874309,3,-237.76190479371544
2011-01-14,3.3615954948486815,3,168.07977474243407
2011-01-17,0.0,0,0.0
2011-01-18,-1.5513296554442932,1,-77.56648277221466
2011-01-19,3.498000000000072,2,174.90000000000362
2011-01-20,-10.20280782811344,2,-510.14039140567195
2011-01-21,-0.5319161548688826,1,-26.595807743444126
2011-01-24,-0.9288919646710255,1,-46.444598233551275
2011-01-25,0.0,0,0.0
2011-01-26,-2.006474868179781,1,-100.32374340898905
2011-01-27,-2.394539107784087,2,-119.72695538920435
2011-01-28,15.374000000000036,1,768.7000000000018
2011-01-31,0.0,0,0.0
2011-02-01,4.488988577884836,2,224.4494288942418
2011-02-02,0.0,0,0.0
2011-02-03,-1.0520309678338309,1,-52.601548391691544
2011-02-04,0.0,0,0.0
2011-02-07,1.9966554408729538,2,99.8327720436477
2011-02-08,0.0,0,0.0
2011-02-09,0.0,0,0.0
2011-02-10,0.0,0,0.0
2011-02-11,0.40119405689258913,2,20.059702844629456
2011-02-14,0.0,0,0.0
2011-02-15,0.0,0,0.0
2011-02-16,-1.500708241156177,1,-75.03541205780884
2011-02-17,0.0,0,0.0
2011-02-18,0.0,0,0.0
2011-02-21,3.1040000000000547,1,155.20000000000275
2011-02-22,0.0,0,0.0
2011-02-23,0.0,0,0.0
2011-02-24,0.0,0,0.0
2011-02-25,-0.2957728932603786,1,-14.78864466301893
2011-02-28,-2.1164772282113136,3,-105.82386141056568
2011-03-01,-6.174718380936358,2,-308.7359190468179
2011-03-02,-3.484970307931891,2,-174.24851539659457
2011-03-03,3.8511131132675267,2,192.55565566337634
2011-03-04,0.8939999999997909,1,44.699999999989544
2011-03-07,5.5540000000001,1,277.700000000005
2011-03-08,-3.4227843895693897,2,-171.13921947846947
2011-03-09,-1.254785701920784,2,-62.7392850960392
2011-03-10,-2.959673212015748,3,-147.9836606007874
2011-03-11,0.0,0,0.0
2011-03-14,-2.958215293557461,2,-147.91076467787306
2011-03-15,0.0,0,0.0
2011-03-16,-5.810197413326414,5,-290.5098706663207
2011-03-17,0.0,0,0.0
2011-03-18,0.0,0,0.0
2011-03-21,-2.5514862991251195,2,-127.57431495625598
2011-03-22,0.0,0,0.0
2011-03-23,0.0,0,0.0
2011-03-24,0.0,0,0.0
2011-03-25,0.0,0,0.0
2011-03-28,0.0,0,0.0
2011-03-29,-3.8833250061472375,4,-194.16625030736188
2011-03-30,0.0,0,0.0
2011-03-31,0.0,0,0.0
2011-04-01,0.0,0,0.0
2011-04-04,0.0,0,0.0
2011-04-05,-2.1492690205738856,2,-107.46345102869428
2011-04-06,0.0,0,0.0
2011-04-07,-2.1520000000000183,2,-107.60000000000092
2011-04-08,-6.118603591661882,1,-305.9301795830941
2011-04-11,-2.8069892453506524,2,-140.34946226753263
2011-04-12,-5.29488624709207,3,-264.7443123546035
2011-04-13,0.0,0,0.0
2011-04-14,0.0,0,0.0
2011-04-15,-0.8932743685447424,3,-44.66371842723712
2011-04-18,-8.190950795791574,6,-409.5475397895787
2011-04-19,0.0,0,0.0
2011-04-20,-2.841698666819373,3,-142.08493334096866
2011-04-21,0.0,0,0.0
2011-04-25,-0.6832273758839037,1,-34.161368794195184
2011-04-26,1.1440000000000181,1,57.200000000000905
2011-04-27,0.0,0,0.0
2011-04-28,0.0,0,0.0
2011-04-29,0.0,0,0.0
2011-05-02,0.0,0,0.0
2011-05-03,-2.294988630183045,2,-114.74943150915225
2011-05-04,0.28950830410810335,5,14.475415205405168
2011-05-05,-6.18843764971915,1,-309.4218824859575
2011-05-06,-2.484969967560333,1,-124.24849837801666
2011-05-09,-1.8160000000000183,1,-90.8000000000009
2011-05-10,-4.451206932354075,4,-222.56034661770374
2011-05-11,1.2452974720889136,5,62.26487360444568
2011-05-12,-3.965367910959647,3,-198.26839554798235
2011-05-13,3.1240000000000365,1,156.20000000000184
2011-05-16,-1.0158854076041608,1,-50.79427038020804
2011-05-17,0.0,0,0.0
2011-05-18,2.7184702252807633,3,135.92351126403815
2011-05-19,0.0,0,0.0
2011-05-20,-2.8719550854047684,3,-143.59775427023843
2011-05-23,0.0,0,0.0
2011-05-24,0.0,0,0.0
2011-05-25,-2.9466977859728756,2,-147.3348892986438
2011-05-26,-2.486380481528815,2,-124.31902407644075
2011-05-27,0.0,0,0.0
2011-05-30,0.0,0,0.0
2011-05-31,0.0,0,0.0
2011-06-01,23.574000000000083,1,1178.7000000000041
2011-06-02,0.0,0,0.0
2011-06-03,0.0,0,0.0
2011-06-06,0.0,0,0.0
2011-06-07,0.0,0,0.0
2011-06-08,-0.8697819977510207,1,-43.489099887551035
2011-06-09,2.873999999999809,1,143.69999999999047
2011-06-10,7.314000000000091,1,365.70000000000454
2011-06-13,-0.4368388323209601,1,-21.841941616048004
2011-06-14,-1.4779334211172883,2,-73.89667105586442
2011-06-15,0.0,0,0.0
2011-06-16,2.224678014402823,2,111.23390072014115
2011-06-17,0.0,0,0.0
2011-06-20,-4.535440441753684,4,-226.77202208768418
2011-06-21,-0.14099255659987642,5,-7.04962782999382
2011-06-22,0.0,0,0.0
2011-06-23,-3.8888889843278394,3,-194.44444921639197
2011-06-24,10.3040000000001,1,515.2000000000049
2011-06-27,-0.19957536582362279,2,-9.97876829118114
2011-06-28,-2.249376122940626,6,-112.4688061470313
2011-06-29,0.0,0,0.0
2011-06-30,1.2752049468484,3,63.760247342419994
2011-07-01,17.49399999999993,1,874.6999999999964
2011-07-04,0.0,0,0.0
2011-07-05,0.0,0,0.0
2011-07-06,0.0,0,0.0
2011-07-07,0.0,0,0.0
2011-07-08,0.0,0,0.0
2011-07-11,-2.750881473999003,1,-137.54407369995013
2011-07-12,0.0,0,0.0
2011-07-13,-9.256000000000073,1,-462.80000000000365
2011-07-14,-3.480126299558808,2,-174.00631497794038
2011-07-15,0.0,0,0.0
2011-07-18,-3.3702171225552062,2,-168.51085612776032
2011-07-19,-2.6401379320943508,2,-132.00689660471753
2011-07-20,0.0,0,0.0
2011-07-21,1.9301196713172557,1,96.50598356586279
2011-07-22,-3.1584774300431238,2,-157.92387150215617
2011-07-25,0.0,0,0.0
2011-07-26,-2.2735774713607824,1,-113.67887356803912
2011-07-27,9.21713118090343,4,460.8565590451715
2011-07-28,-10.038219938248808,4,-501.9109969124404
2011-07-29,0.0,0,0.0
2011-08-01,-3.3999831222674604,2,-169.999156113373
2011-08-02,6.423888464205245,2,321.19442321026224
2011-08-03,-5.396168862215947,2,-269.8084431107973
2011-08-04,24.82329315933569,2,1241.1646579667845
2011-08-05,-20.57312666683601,4,-1028.6563333418005
2011-08-08,25.284113499639755,3,1264.2056749819878
2011-08-09,-7.364654259747288,4,-368.23271298736444
2011-08-10,-1.2514364745771989,8,-62.57182372885994
2011-08-11,28.037999999999812,2,1401.8999999999905
2011-08-12,0.0,0,0.0
2011-08-15,-1.1080778491814145,1,-55.403892459070725
2011-08-16,0.0,0,0.0
2011-08-17,-3.1520000000000183,2,-157.6000000000009
2011-08-18,0.7587745054175409,5,37.93872527087704
2011-08-19,-1.3303157486750352,1,-66.51578743375175
2011-08-22,0.0,0,0.0
2011-08-23,4.636562880045201,2,231.82814400226005
2011-08-24,-1.8260000000000092,1,-91.30000000000045
2011-08-25,-6.308631033644752,5,-315.4315516822376
2011-08-26,1.2266198854602202,2,61.33099427301101
2011-08-29,-1.0399569102464612,1,-51.99784551232306
2011-08-30,0.0,0,0.0
2011-08-31,1.6340000000000272,1,81.70000000000137
2011-09-01,12.003683323595864,1,600.1841661797931
2011-09-02,0.0,0,0.0
2011-09-05,-5.744262717569174,2,-287.2131358784587
2011-09-06,0.0,0,0.0
2011-09-07,0.0,0,0.0
2011-09-08,0.0,0,0.0
2011-09-09,0.0,0,0.0
2011-09-12,0.0,0,0.0
2011-09-13,0.0,0,0.0
2011-09-14,0.0,0,0.0
2011-09-15,0.0,0,0.0
2011-09-16,0.0,0,0.0
2011-09-19,-1.5159439726919446,1,-75.79719863459722
2011-09-20,-14.025999999999827,1,-701.2999999999914
2011-09-21,29.52400000000013,1,1476.2000000000064
2011-09-22,0.0,0,0.0
2011-09-23,-1.4092055347050392,1,-70.46027673525195
2011-09-26,0.0,0,0.0
2011-09-27,-1.4384478017184266,1,-71.92239008592132
2011-09-28,9.029453437412965,2,451.47267187064824
2011-09-29,0.0,0,0.0
2011-09-30,0.0,0,0.0
2011-10-03,18.074000000000083,1,903.7000000000041
2011-10-04,-2.1987717294657485,1,-109.93858647328743
2011-10-05,-6.16279117371543,6,-308.1395586857715
2011-10-06,-11.027419253919724,5,-551.3709626959862
2011-10-07,-4.1019684129771194,3,-205.09842064885598
2011-10-10,2.3776469955740067,3,118.88234977870033
2011-10-11,0.0,0,0.0
2011-10-12,-0.9981959601322942,1,-49.90979800661471
2011-10-13,-2.1319866975625117,1,-106.59933487812559
2011-10-14,0.0,0,0.0
2011-10-17,4.661689012457626,2,233.0844506228813
2011-10-18,-0.2243218209372735,6,-11.216091046863674
2011-10-19,-4.535180890841931,2,-226.75904454209658
2011-10-20,-1.4298540437912253,1,-71.49270218956126
2011-10-21,-3.253723005121843,1,-162.68615025609213
2011-10-24,-10.648611276297906,5,-532.4305638148953
2011-10-25,-1.5761806661391287,4,-78.80903330695644
2011-10-26,0.0,0,0.0
2011-10-27,-3.3883156101751157,2,-169.41578050875577
2011-10-28,0.0,0,0.0
2011-10-31,-4.300819862042052,3,-215.0409931021026
2011-11-01,0.0,0,0.0
2011-11-02,0.0,0,0.0
2011-11-03,-0.8133691229079304,1,-40.66845614539652
2011-11-04,-5.027325542166371,3,-251.36627710831854
2011-11-07,-6.703068949407427,2,-335.15344747037136
2011-11-08,1.404000000000009,1,70.20000000000046
2011-11-09,6.884000000000027,1,344.20000000000135
2011-11-10,0.0,0,0.0
2011-11-11,-5.372202601949273,3,-268.61013009746364
2011-11-14,-4.8199708543736115,3,-240.99854271868057
2011-11-15,-2.1790973757926695,3,-108.95486878963348
2011-11-16,0.0,0,0.0
2011-11-17,7.257319862345664,2,362.8659931172832
2011-11-18,0.0,0,0.0
2011-11-21,-1.3659289158535632,3,-68.29644579267816
2011-11-22,-1.0187028346151565,1,-50.93514173075783
2011-11-23,-7.713794921942672,5,-385.6897460971336
2011-11-24,0.0,0,0.0
2011-11-25,0.649002602043336,2,32.4501301021668
2011-11-28,0.0,0,0.0
2011-11-29,-1.3260000000000092,1,-66.30000000000045
2011-11-30,4.155853803510833,2,207.79269017554168
2011-12-01,0.0,0,0.0
2011-12-02,0.0,0,0.0
2011-12-05,0.0,0,0.0
2011-12-06,0.0,0,0.0
2011-12-07,-2.334629344778237,1,-116.73146723891186
2011-12-08,12.278000000000045,2,613.9000000000023
2011-12-09,3.220793504536952,3,161.03967522684758
2011-12-12,-0.0959999999999909,1,-4.799999999999545
2011-12-13,-0.5609262717664351,1,-28.046313588321752
2011-12-14,0.41400000000000003,1,20.700000000000003
2011-12-15,0.0,0,0.0
2011-12-16,0.0,0,0.0
2011-12-19,-6.069501130675184,4,-303.4750565337592
2011-12-20,9.164,1,458.2
2011-12-21,-8.737763297024635,4,-436.88816485123175
2011-12-22,0.04454884576877158,1,2.2274422884385787
2011-12-23,0.0,0,0.0
2011-12-27,-0.836,1,-41.8
2011-12-28,7.423999999999991,1,371.19999999999953
2011-12-29,0.0,0,0.0
2011-12-30,0.0,0,0.0
2012-01-03,0.0,0,0.0
2012-01-04,0.0,0,0.0
2012-01-05,0.0,0,0.0
2012-01-06,-3.8297877576739863,2,-191.48938788369932
2012-01-09,0.0,0,0.0
2012-01-10,0.0,0,0.0
2012-01-11,0.0,0,0.0
2012-01-12,-1.183420831902582,1,-59.171041595129104
2012-01-13,-2.3903147503365036,2,-119.51573751682518
2012-01-16,0.0,0,0.0
2012-01-17,0.0,0,0.0
2012-01-18,9.414,1,470.7
2012-01-19,0.0,0,0.0
2012-01-20,0.0,0,0.0
2012-01-23,-2.0035394523633587,2,-100.17697261816794
2012-01-24,0.0,0,0.0
2012-01-25,-1.586,1,-79.3
2012-01-26,0.0,0,0.0
2012-01-27,0.0,0,0.0
2012-01-30,-1.336,1,-66.8
2012-01-31,0.0,0,0.0
2012-02-01,-1.720433474017884,2,-86.0216737008942
2012-02-02,0.0,0,0.0
2012-02-03,0.0,0,0.0
2012-02-06,0.0,0,0.0
2012-02-07,-0.4742154017799166,1,-23.71077008899583
2012-02-08,-1.4760842833433998,2,-73.80421416716999
2012-02-09,-2.165410105932993,1,-108.27050529664966
2012-02-10,0.0,0,0.0
2012-02-13,0.0,0,0.0
2012-02-14,-5.9977371796603105,4,-299.88685898301554
2012-02-15,-3.9662263840607337,1,-198.31131920303667
2012-02-16,7.085571774039674,3,354.2785887019837
2012-02-17,0.0,0,0.0
2012-02-20,0.0,0,0.0
2012-02-21,-1.3003205105401194,1,-65.01602552700597
2012-02-22,0.0,0,0.0
2012-02-23,-2.586520937536054,2,-129.32604687680268
2012-02-24,0.0,0,0.0
2012-02-27,0.0,0,0.0
2012-02-28,-0.829202711401409,1,-41.46013557007045
2012-02-29,-2.669457140161714,2,-133.4728570080857
2012-03-01,-1.4031446662497602,1,-70.157233312488
2012-03-02,-0.9427549788813266,1,-47.13774894406633
2012-03-05,-3.086,1,-154.29999999999998
2012-03-06,-4.252619120415122,2,-212.6309560207561
2012-03-07,0.0,0,0.0
2012-03-08,0.0,0,0.0
2012-03-09,-1.586,1,-79.3
2012-03-12,0.0,0,0.0
2012-03-13,0.30693361005210695,4,15.346680502605349
2012-03-14,-1.343273147451997,1,-67.16365737259984
2012-03-15,-4.015963812898626,5,-200.7981906449313
2012-03-16,0.0,0,0.0
2012-03-19,-2.84002223446939,2,-142.0011117234695
2012-03-20,0.0,0,0.0
2012-03-21,-2.4507026211567537,2,-122.53513105783769
2012-03-22,-0.8507142042765153,1,-42.535710213825766
2012-03-23,-1.1017866487600005,2,-55.08933243800003
2012-03-26,0.8313513532967192,4,41.567567664835956
2012-03-27,0.0,0,0.0
2012-03-28,2.2838424577216885,1,114.19212288608442
2012-03-29,-7.760900814077963,4,-388.0450407038981
2012-03-30,0.0,0,0.0
2012-04-02,2.988908043622157,2,149.44540218110785
2012-04-03,-7.203686161754553,4,-360.18430808772763
2012-04-04,-5.796079794873031,5,-289.8039897436516
2012-04-05,0.0,0,0.0
2012-04-09,0.0,0,0.0
2012-04-10,13.673362138124073,2,683.6681069062037
2012-04-11,0.0,0,0.0
2012-04-12,9.953999999999963,1,497.69999999999817
2012-04-13,-2.7269816342260604,7,-136.34908171130303
2012-04-16,0.0,0,0.0
2012-04-17,6.943999999999972,1,347.1999999999986
2012-04-18,0.0,0,0.0
2012-04-19,-1.4365412969336704,1,-71.82706484668351
2012-04-20,0.0,0,0.0
2012-04-23,0.664,1,33.2
2012-04-24,-5.575174093419226,3,-278.75870467096127
2012-04-25,-1.6855603861583732,1,-84.27801930791865
2012-04-26,1.4239999999999908,1,71.19999999999955
2012-04-27,0.0,0,0.0
2012-04-30,-1.3470996051037092,1,-67.35498025518545
2012-05-01,11.297822751444768,1,564.8911375722383
2012-05-02,0.0,0,0.0
2012-05-03,1.5898659316656376,3,79.49329658328188
2012-05-04,7.3734205230632845,2,368.67102615316423
2012-05-07,0.0,0,0.0
2012-05-08,-2.3985717401807904,4,-119.92858700903952
2012-05-09,-1.5281073578819233,1,-76.40536789409616
2012-05-10,0.0,0,0.0
2012-05-11,-3.4581706503087912,3,-172.90853251543956
2012-05-14,0.0,0,0.0
2012-05-15,-3.1827534755709492,1,-159.13767377854745
2012-05-16,-0.5878469238157195,1,-29.39234619078597
2012-05-17,13.520757714483617,3,676.0378857241808
2012-05-18,-1.7576173924667016,2,-87.88086962333507
2012-05-21,10.463999999999954,1,523.1999999999977
2012-05-22,0.4223335825734139,1,21.116679128670697
2012-05-23,-7.695429707885258,3,-384.77148539426287
2012-05-24,-1.691514592162308,1,-84.5757296081154
2012-05-25,0.0,0,0.0
2012-05-28,0.0,0,0.0
2012-05-29,-1.510775945424699,1,-75.53879727123494
2012-05-30,-4.613718812842737,2,-230.68594064213684
2012-05-31,-6.355999999999982,1,-317.7999999999991
2012-06-01,0.0,0,0.0
2012-06-04,1.025965129741975,1,51.29825648709875
2012-06-05,1.708163053691136,1,85.40815268455681
2012-06-06,13.723999999999945,1,686.1999999999972
2012-06-07,0.0,0,0.0
2012-06-08,0.0,0,0.0
2012-06-11,0.0,0,0.0
2012-06-12,0.0,0,0.0
2012-06-13,0.0,0,0.0
2012-06-14,-1.1657715618614348,1,-58.28857809307174
2012-06-15,0.0,0,0.0
2012-06-18,0.0,0,0.0
2012-06-19,-9.247003782200572,5,-462.3501891100286
2012-06-20,0.0,0,0.0
2012-06-21,18.279944224167405,3,913.9972112083702
2012-06-22,0.0,0,0.0
2012-06-25,-5.197808030928576,4,-259.8904015464288
2012-06-26,0.0,0,0.0
2012-06-27,-4.9507107830469925,4,-247.53553915234963
2012-06-28,-3.779021569102926,2,-188.9510784551463
2012-06-29,0.0,0,0.0
2012-07-02,2.626820537482242,2,131.34102687411212
2012-07-03,-1.9854805313274884,4,-99.27402656637442
2012-07-04,0.0,0,0.0
2012-07-05,0.16109109288482978,1,8.05455464424149
2012-07-06,0.0,0,0.0
2012-07-09,-1.9727373518871647,2,-98.63686759435824
2012-07-10,0.0,0,0.0
2012-07-11,0.0,0,0.0
2012-07-12,-3.186620102251216,3,-159.3310051125608
2012-07-13,8.243999999999927,1,412.19999999999635
2012-07-16,-1.5429391387142333,1,-77.14695693571166
2012-07-17,-1.7627822805254583,1,-88.1391140262729
2012-07-18,-0.9045544549398602,3,-45.22772274699301
2012-07-19,0.0,0,0.0
2012-07-20,0.0,0,0.0
2012-07-23,-1.608876758997869,2,-80.44383794989345
2012-07-24,-4.194964636296592,2,-209.7482318148296
2012-07-25,-2.0953217462742812,1,-104.76608731371407
2012-07-26,0.0,0,0.0
2012-07-27,11.024000000000127,1,551.2000000000063
2012-07-30,-1.595999999999991,1,-79.79999999999954
2012-07-31,0.0,0,0.0
2012-08-01,0.0,0,0.0
2012-08-02,-1.345999999999991,1,-67.29999999999954
2012-08-03,1.1704807381686477,1,58.524036908432386
2012-08-06,0.0,0,0.0
2012-08-07,-2.7051772457693533,3,-135.25886228846767
2012-08-08,0.0,0,0.0
2012-08-09,0.0,0,0.0
2012-08-10,0.0,0,0.0
2012-08-13,0.0,0,0.0
2012-08-14,0.0,0,0.0
2012-08-15,-0.5131697164992929,1,-25.658485824964643
2012-08-16,2.693999999999973,1,134.69999999999865
2012-08-17,0.0,0,0.0
2012-08-20,0.0,0,0.0
2012-08-21,-4.336023284550896,4,-216.80116422754477
2012-08-22,0.0,0,0.0
2012-08-23,1.9242531287232196,2,96.21265643616098
2012-08-24,1.6839999999999817,1,84.1999999999991
2012-08-27,0.0,0,0.0
2012-08-28,0.0,0,0.0
2012-08-29,0.0,0,0.0
2012-08-30,-3.9846242696957637,4,-199.23121348478819
2012-08-31,0.0,0,0.0
2012-09-03,0.0,0,0.0
2012-09-04,-5.895999999999946,1,-294.7999999999973
2012-09-05,0.0,0,0.0
2012-09-06,12.024000000000127,1,601.2000000000063
2012-09-07,0.0,0,0.0
2012-09-10,0.0,0,0.0
2012-09-11,-4.544476782626336,2,-227.2238391313168
2012-09-12,0.0,0,0.0
2012-09-13,0.0,0,0.0
2012-09-14,1.4451057453243519,2,72.2552872662176
2012-09-17,0.0,0,0.0
2012-09-18,0.0,0,0.0
2012-09-19,0.0,0,0.0
2012-09-20,-1.5230354318045884,1,-76.15177159022942
2012-09-21,0.0,0,0.0
2012-09-24,0.0,0,0.0
2012-09-25,4.907999999999927,2,245.39999999999634
2012-09-26,-8.244252159536611,7,-412.21260797683055
2012-09-27,4.473999999999945,1,223.69999999999726
2012-09-28,-8.567503650769304,5,-428.3751825384652
2012-10-01,3.272108174981945,4,163.60540874909725
2012-10-02,-0.40732604647244985,1,-20.36630232362249
2012-10-03,-2.9314822749399427,3,-146.57411374699714
2012-10-04,-6.368356849646893,4,-318.4178424823446
2012-10-05,0.0,0,0.0
2012-10-08,0.0,0,0.0
2012-10-09,4.223999999999945,1,211.19999999999726
2012-10-10,0.9088549058258453,2,45.44274529129226
2012-10-11,0.0,0,0.0
2012-10-12,-5.4942121152268495,4,-274.7106057613425
2012-10-15,-6.808025142321804,5,-340.4012571160902
2012-10-16,-3.0700838776685435,4,-153.50419388342718
2012-10-17,-8.135989107876108,6,-406.79945539380543
2012-10-18,0.0,0,0.0
2012-10-19,17.15400000000001,1,857.7000000000005
2012-10-22,-1.7642998900032327,2,-88.21499450016164
2012-10-23,-2.3080301995694046,2,-115.40150997847023
2012-10-24,0.0,0,0.0
2012-10-25,0.0,0,0.0
2012-10-26,-1.9539080350618734,1,-97.69540175309366
2012-10-31,0.0,0,0.0
2012-11-01,2.8831446263000604,4,144.15723131500303
2012-11-02,3.7239999999999456,1,186.1999999999973
2012-11-05,0.0,0,0.0
2012-11-06,-3.266715217951943,2,-163.33576089759717
2012-11-07,3.56811525326619,6,178.4057626633095
2012-11-08,-1.4738183697021956,5,-73.69091848510978
2012-11-09,-6.583659195876811,4,-329.18295979384055
2012-11-12,0.0,0,0.0
2012-11-13,-2.6330761957082887,3,-131.65380978541444
2012-11-14,8.716638227881086,3,435.8319113940543
2012-11-15,0.0,0,0.0
2012-11-16,-2.4456947275832333,2,-122.28473637916166
2012-11-19,-5.231716090583821,3,-261.585804529191
2012-11-20,-1.6059999999999819,1,-80.29999999999909
2012-11-21,0.0,0,0.0
2012-11-22,0.0,0,0.0
2012-11-23,-2.009308625892787,1,-100.46543129463934
2012-11-26,0.0,0,0.0
2012-11-27,0.0,0,0.0
2012-11-28,1.530797449919204,1,76.53987249596021
2012-11-29,-1.0265334747998496,1,-51.32667373999248
2012-11-30,0.0,0,0.0
2012-12-03,0.0,0,0.0
2012-12-04,0.0,0,0.0
2012-12-05,-2.683396110611953,1,-134.16980553059764
2012-12-06,0.0,0,0.0
2012-12-07,0.0,0,0.0
2012-12-10,-0.836,1,-41.8
2012-12-11,-0.8459999999999909,1,-42.29999999999954
2012-12-12,0.0,0,0.0
2012-12-13,0.42399999999999094,1,21.199999999999548
2012-12-14,0.0,0,0.0
2012-12-17,3.2869090955246696,5,164.34545477623348
2012-12-18,10.864000000000045,1,543.2000000000022
2012-12-19,-4.751192258445548,4,-237.5596129222774
2012-12-20,-2.203644229224867,2,-110.18221146124334
2012-12-21,0.0,0,0.0
2012-12-24,0.0,0,0.0
2012-12-26,-2.556033441367832,1,-127.8016720683916
2012-12-27,-8.486000000000091,1,-424.30000000000456
2012-12-28,0.0,0,0.0
2012-12-31,10.732791186718526,3,536.6395593359263
2013-01-02,-1.3396526550652526,1,-66.98263275326262
2013-01-03,0.0,0,0.0
2013-01-04,0.0,0,0.0
2013-01-07,0.0,0,0.0
2013-01-08,-2.170154345922785,2,-108.50771729613926
2013-01-09,-2.39176629126857,2,-119.58831456342851
2013-01-10,0.0,0,0.0
2013-01-11,-0.586,1,-29.299999999999997
2013-01-14,-1.339562614186636,2,-66.9781307093318
2013-01-15,0.0,0,0.0
2013-01-16,0.0,0,0.0
2013-01-17,-2.850733643542728,2,-142.53668217713638
2013-01-18,-2.022090047125819,3,-101.10450235629096
2013-01-21,-0.33599999999999997,1,-16.799999999999997
2013-01-22,-1.346625954842908,1,-67.3312977421454
2013-01-23,0.0,0,0.0
2013-01-24,-3.6460000000001727,1,-182.30000000000862
2013-01-25,0.0,0,0.0
2013-01-28,-0.46172211055726253,1,-23.086105527863126
2013-01-29,0.0,0,0.0
2013-01-30,0.0,0,0.0
2013-01-31,0.0,0,0.0
2013-02-01,-1.117116869808102,1,-55.8558434904051
2013-02-04,0.0,0,0.0
2013-02-05,-0.2386109035648789,2,-11.930545178243946
2013-02-06,0.0,0,0.0
2013-02-07,-7.216000000000109,1,-360.80000000000547
2013-02-08,-1.5525044315620435,1,-77.62522157810217
2013-02-11,0.0,0,0.0
2013-02-12,-2.6866796232947965,2,-134.3339811647398
2013-02-13,0.0,0,0.0
2013-02-14,0.0,0,0.0
2013-02-15,-3.4195331721723377,1,-170.97665860861687
2013-02-18,0.0,0,0.0
2013-02-19,-5.601641009283374,3,-280.0820504641687
2013-02-20,15.203999999999963,1,760.1999999999981
2013-02-21,-1.352569026161733,1,-67.62845130808664
2013-02-22,0.0,0,0.0
2013-02-25,0.0,0,0.0
2013-02-26,0.0,0,0.0
2013-02-27,15.703999999999963,1,785.1999999999981
2013-02-28,-1.0643706150133185,1,-53.21853075066593
2013-03-01,-0.723253466695256,1,-36.1626733347628
2013-03-04,0.0,0,0.0
2013-03-05,-0.9219999999999999,2,-46.099999999999994
2013-03-06,0.0,0,0.0
2013-03-07,0.0,0,0.0
2013-03-08,0.0,0,0.0
2013-03-11,0.0,0,0.0
2013-03-12,-1.223418589908748,1,-61.1709294954374
2013-03-13,0.0,0,0.0
2013-03-14,-0.8482495695341058,1,-42.41247847670529
2013-03-15,-2.3289780025599938,1,-116.44890012799969
2013-03-18,0.0,0,0.0
2013-03-19,-6.908434894298087,3,-345.4217447149043
2013-03-20,0.0,0,0.0
2013-03-21,0.0,0,0.0
2013-03-22,-9.115353445796611,7,-455.76767228983056
2013-03-25,-5.753626625890964,3,-287.68133129454816
2013-03-26,0.6839999999999818,1,34.19999999999909
2013-03-27,0.0,0,0.0
2013-03-28,-3.3912209267293365,3,-169.56104633646683
2013-04-01,-6.974747913605761,5,-348.73739568028805
2013-04-02,-6.6171654076992406,5,-330.85827038496205
2013-04-03,12.193999999999972,1,609.6999999999986
2013-04-04,-1.62278737348082,1,-81.139368674041
2013-04-05,0.0,0,0.0
2013-04-08,0.0,0,0.0
2013-04-09,-1.900361055377276,1,-95.0180527688638
2013-04-10,10.144000000000018,1,507.2000000000009
2013-04-11,-10.733775838006231,5,-536.6887919003116
2013-04-12,-0.5714409543588644,1,-28.57204771794322
2013-04-15,20.874000000000038,1,1043.7000000000019
2013-04-16,-4.875952449223582,4,-243.7976224611791
2013-04-17,0.5473083376087594,6,27.36541688043797
2013-04-18,-7.09129831206058,5,-354.564915603029
2013-04-19,-4.119725859919703,4,-205.98629299598517
2013-04-22,0.0,0,0.0
2013-04-23,-3.076036628864307,4,-153.80183144321535
2013-04-24,0.0,0,0.0
2013-04-25,-3.6742560964862094,4,-183.71280482431047
2013-04-26,0.0,0,0.0
2013-04-29,-2.410792285643058,2,-120.5396142821529
2013-04-30,-3.1233906921915806,2,-156.16953460957902
2013-05-01,-3.481999999999945,2,-174.09999999999727
2013-05-02,4.979020380150169,3,248.95101900750848
2013-05-03,-2.3258929274572764,1,-116.29464637286382
2013-05-06,0.0,0,0.0
2013-05-07,0.0,0,0.0
2013-05-08,-5.317304103646557,5,-265.8652051823279
2013-05-09,-1.0173925427154573,1,-50.869627135772866
2013-05-10,-0.4843955472749585,1,-24.219777363747923
2013-05-13,-1.0742318551565277,1,-53.71159275782639
2013-05-14,10.144000000000018,1,507.2000000000009
2013-05-15,-2.0874525975359446,1,-104.37262987679723
2013-05-16,0.0,0,0.0
2013-05-17,0.9306428680695517,2,46.53214340347758
2013-05-20,-0.18311722801125688,1,-9.155861400562843
2013-05-21,-0.9106299591214665,1,-45.53149795607332
2013-05-22,5.17470963859575,5,258.73548192978745
2013-05-23,0.0,0,0.0
2013-05-24,0.44580911088406905,1,22.290455544203454
2013-05-27,0.0,0,0.0
2013-05-28,-1.501282531849016,1,-75.06412659245079
2013-05-29,-7.746000000000082,1,-387.3000000000041
2013-05-30,-6.948448111734667,3,-347.42240558673336
2013-05-31,0.0,0,0.0
2013-06-03,0.0,0,0.0
2013-06-04,-2.769005329784679,2,-138.45026648923394
2013-06-05,11.424000000000218,1,571.2000000000108
2013-06-06,-3.0197406527047153,2,-150.98703263523575
2013-06-07,-0.7415146650071037,1,-37.075733250355185
2013-06-10,0.0,0,0.0
2013-06-11,0.0,0,0.0
2013-06-12,0.0,0,0.0
2013-06-13,0.0,0,0.0
2013-06-14,0.0,0,0.0
2013-06-17,-7.120777005019994,4,-356.0388502509997
2013-06-18,4.287406176754088,1,214.37030883770439
2013-06-19,3.5673172958538792,2,178.36586479269397
2013-06-20,11.261498797116513,3,563.0749398558256
2013-06-21,-4.597917092547921,3,-229.89585462739606
2013-06-24,-10.514717888981938,3,-525.7358944490969
2013-06-25,0.0,0,0.0
2013-06-26,0.0,0,0.0
2013-06-27,0.0,0,0.0
2013-06-28,-2.3170729040534623,1,-115.85364520267312
2013-07-01,-0.3557835005783292,2,-17.78917502891646
2013-07-02,-6.945926191616485,4,-347.29630958082424
2013-07-03,0.0,0,0.0
2013-07-04,0.0,0,0.0
2013-07-05,-3.9625997220257303,1,-198.1299861012865
2013-07-08,0.0,0,0.0
2013-07-09,0.0,0,0.0
2013-07-10,0.0,0,0.0
2013-07-11,0.0,0,0.0
2013-07-12,0.0,0,0.0
2013-07-15,0.0,0,0.0
2013-07-16,-1.039745312402134,1,-51.987265620106704
2013-07-17,0.0,0,0.0
2013-07-18,-2.3859999999999544,1,-119.29999999999772
2013-07-19,0.0,0,0.0
2013-07-22,0.0,0,0.0
2013-07-23,-1.3113475752313535,1,-65.56737876156767
2013-07-24,-3.048772622200406,2,-152.43863111002028
2013-07-25,0.0,0,0.0
2013-07-26,-3.234120253646766,1,-161.7060126823383
2013-07-29,-2.7804610408483965,2,-139.02305204241983
2013-07-30,0.0,0,0.0
2013-07-31,-8.375894625582937,4,-418.79473127914684
2013-08-01,-1.7778060870534136,5,-88.89030435267068
2013-08-02,0.0,0,0.0
2013-08-05,0.0,0,0.0
2013-08-06,-6.325043487920678,7,-316.2521743960339
2013-08-07,-1.7754191044829968,3,-88.77095522414984
2013-08-08,0.0,0,0.0
2013-08-09,-5.53451986304228,2,-276.725993152114
2013-08-12,0.0,0,0.0
2013-08-13,-3.2979999999999636,3,-164.8999999999982
2013-08-14,-4.713114401657485,5,-235.65572008287427
2013-08-15,-7.787220013540402,7,-389.3610006770201
2013-08-16,-1.4777000269996023,2,-73.88500134998012
2013-08-19,3.4380000000001276,2,171.90000000000637
2013-08-20,-0.03491334127510162,1,-1.745667063755081
2013-08-21,0.0,0,0.0
2013-08-22,-6.4569129465209265,7,-322.84564732604633
2013-08-23,0.0,0,0.0
2013-08-26,-1.0834083746487722,2,-54.170418732438606
2013-08-27,0.24036810200395164,3,12.018405100197583
2013-08-28,-2.8879625277497527,2,-144.39812638748762
2013-08-29,-1.376533600626026,5,-68.82668003130131
2013-08-30,-4.370382765566723,4,-218.51913827833616
2013-09-02,0.0,0,0.0
2013-09-03,0.0,0,0.0
2013-09-04,8.894000000000018,1,444.7000000000009
2013-09-05,-1.4109765801040213,1,-70.54882900520106
2013-09-06,-4.817614622025277,2,-240.88073110126388
2013-09-09,-1.3074296271397416,1,-65.37148135698708
2013-09-10,0.0,0,0.0
2013-09-11,0.0,0,0.0
2013-09-12,0.0,0,0.0
2013-09-13,0.0,0,0.0
2013-09-16,0.0,0,0.0
2013-09-17,-1.1763492243232776,2,-58.81746121616388
2013-09-18,0.0,0,0.0
2013-09-19,0.0,0,0.0
2013-09-20,0.0,0,0.0
2013-09-23,-1.979109602769515,2,-98.95548013847575
2013-09-24,0.33641136679126615,1,16.82056833956331
2013-09-25,0.0,0,0.0
2013-09-26,-2.0211407668097965,2,-101.05703834048983
2013-09-27,0.0,0,0.0
2013-09-30,0.0,0,0.0
2013-10-01,-0.8465487508555543,5,-42.327437542777716
2013-10-02,0.0,0,0.0
2013-10-03,4.698432369788014,5,234.9216184894007
2013-10-04,1.867630267723181,3,93.38151338615906
2013-10-07,0.0,0,0.0
2013-10-08,12.983999999999936,1,649.1999999999967
2013-10-09,-2.226319251537903,1,-111.31596257689516
2013-10-10,0.15295703470798738,5,7.647851735399369
2013-10-11,-5.617889819740601,3,-280.89449098703005
2013-10-14,0.0,0,0.0
2013-10-15,0.0,0,0.0
2013-10-16,-4.577418633958309,4,-228.87093169791544
2013-10-17,-1.8451858568186907,2,-92.25929284093453
2013-10-18,0.0,0,0.0
2013-10-21,0.0,0,0.0
2013-10-22,-0.10282423160991674,1,-5.141211580495837
2013-10-23,-3.870667682653864,3,-193.53338413269321
2013-10-24,0.0,0,0.0
2013-10-25,0.0,0,0.0
2013-10-28,0.0,0,0.0
2013-10-29,0.0,0,0.0
2013-10-30,-9.468806914669775,3,-473.44034573348875
2013-10-31,0.0,0,0.0
2013-11-01,-1.8659999999999728,1,-93.29999999999863
2013-11-04,0.0,0,0.0
2013-11-05,-0.6203477416231508,1,-31.017387081157537
2013-11-06,-0.5690979202240541,1,-28.454896011202706
2013-11-07,15.847095327696277,2,792.3547663848138
2013-11-08,12.974000000000173,1,648.7000000000086
2013-11-11,0.0,0,0.0
2013-11-12,0.0,0,0.0
2013-11-13,6.187141174995329,2,309.35705874976645
2013-11-14,-3.6811076793912503,3,-184.0553839695625
2013-11-15,0.0,0,0.0
2013-11-18,-1.3603428269657216,1,-68.01714134828607
2013-11-19,0.0,0,0.0
2013-11-20,-0.7219962482561059,1,-36.09981241280529
2013-11-21,-2.640678278397634,3,-132.0339139198817
2013-11-22,-1.095999999999991,1,-54.79999999999955
2013-11-25,0.0,0,0.0
2013-11-26,0.0,0,0.0
2013-11-27,0.0,0,0.0
2013-11-28,0.0,0,0.0
2013-11-29,-2.3442830771034298,2,-117.21415385517149
2013-12-02,-0.26204807224233806,1,-13.102403612116904
2013-12-03,0.0,0,0.0
2013-12-04,-3.395144572908508,1,-169.75722864542539
2013-12-05,-1.5548722494131526,1,-77.74361247065762
2013-12-06,0.0,0,0.0
2013-12-09,0.0,0,0.0
2013-12-10,0.0,0,0.0
2013-12-11,16.053999999999874,1,802.6999999999937
2013-12-12,0.0,0,0.0
2013-12-13,0.0,0,0.0
2013-12-16,-3.7128962144178854,3,-185.64481072089427
2013-12-17,-1.6259999999999637,1,-81.29999999999818
2013-12-18,0.0,0,0.0
2013-12-19,0.0,0,0.0
2013-12-20,-0.15092124404756913,2,-7.546062202378456
2013-12-23,0.0,0,0.0
2013-12-24,0.0,0,0.0
2013-12-26,0.0,0,0.0
2013-12-27,0.0,0,0.0
2013-12-30,0.0,0,0.0
2013-12-31,-0.8459999999999909,1,-42.29999999999954
2014-01-02,3.421942292958003,3,171.09711464790013
2014-01-03,-0.5418401502958986,1,-27.09200751479493
2014-01-06,-3.079357611407848,3,-153.9678805703924
2014-01-07,-0.6362556647834353,1,-31.812783239171765
2014-01-08,0.0,0,0.0
2014-01-09,-0.7582071454689739,1,-37.910357273448696
2014-01-10,-0.7856694811118686,1,-39.28347405559343
2014-01-13,12.493999999999927,1,624.6999999999963
2014-01-14,8.134000000000027,1,406.70000000000135
2014-01-15,-1.1442755956831734,3,-57.21377978415867
2014-01-16,0.0,0,0.0
2014-01-17,0.0,0,0.0
2014-01-20,0.0,0,0.0
2014-01-21,0.0,0,0.0
2014-01-22,0.0,0,0.0
2014-01-23,-4.091045423750503,2,-204.55227118752518
2014-01-24,23.793999999999883,1,1189.6999999999941
2014-01-27,-3.630370604462061,2,-181.51853022310306
2014-01-28,-0.7801219609093423,1,-39.00609804546711
2014-01-29,0.0,0,0.0
2014-01-30,0.0,0,0.0
2014-01-31,0.0,0,0.0
2014-02-03,35.35399999999983,1,1767.6999999999914
2014-02-04,0.0,0,0.0
2014-02-05,-3.3905712140424256,1,-169.52856070212127
2014-02-06,10.193999999999972,1,509.6999999999986
2014-02-07,0.0,0,0.0
2014-02-10,0.0,0,0.0
2014-02-11,5.430329796695143,3,271.5164898347572
2014-02-12,-1.4268522520530824,1,-71.34261260265411
2014-02-13,0.0,0,0.0
2014-02-14,-1.2970751398954563,1,-64.85375699477281
2014-02-17,0.0,0,0.0
2014-02-18,0.0,0,0.0
2014-02-19,-1.8235735032403555,1,-91.17867516201777
2014-02-20,0.0,0,0.0
2014-02-21,0.0,0,0.0
2014-02-24,-3.9360000000001363,1,-196.8000000000068
2014-02-25,-1.9764450654285939,1,-98.82225327142969
2014-02-26,0.0,0,0.0
2014-02-27,0.0,0,0.0
2014-02-28,-0.8459999999999909,1,-42.29999999999954
2014-03-03,0.0,0,0.0
2014-03-04,1.8736857392766781,2,93.68428696383391
2014-03-05,0.0,0,0.0
2014-03-06,0.0,0,0.0
2014-03-07,0.0,0,0.0
2014-03-10,-2.5184292432127093,1,-125.92146216063547
2014-03-11,-2.027695569513715,3,-101.38477847568575
2014-03-12,0.0,0,0.0
2014-03-13,6.478002522051193,3,323.9001261025597
2014-03-14,0.0,0,0.0
2014-03-17,-13.090690555436506,7,-654.5345277718253
2014-03-18,-11.751239283801537,7,-587.5619641900769
2014-03-19,-4.205999999999891,1,-210.29999999999455
2014-03-20,-2.843028684263332,1,-142.1514342131666
2014-03-21,0.0,0,0.0
2014-03-24,0.20400878534408373,2,10.200439267204187
2014-03-25,0.0,0,0.0
2014-03-26,0.0,0,0.0
2014-03-27,0.18399999999998182,1,9.199999999999092
2014-03-28,-3.763121558803681,4,-188.15607794018405
2014-03-31,-0.4852131570726087,1,-24.260657853630434
2014-04-01,-0.06600000000001818,1,-3.3000000000009093
2014-04-02,0.0,0,0.0
2014-04-03,0.0,0,0.0
2014-04-04,12.03399999999989,1,601.6999999999945
2014-04-07,-4.558411656283131,3,-227.92058281415657
2014-04-08,-9.249090948359644,5,-462.4545474179822
2014-04-09,3.0140000000001366,1,150.70000000000684
2014-04-10,29.858241597186662,2,1492.912079859333
2014-04-11,0.0,0,0.0
2014-04-14,0.0,0,0.0
2014-04-15,-9.981666901801823,4,-499.08334509009114
2014-04-16,0.0,0,0.0
2014-04-17,0.0,0,0.0
2014-04-21,-1.1758562337699787,1,-58.79281168849894
2014-04-22,3.6499692981908667,1,182.49846490954334
2014-04-23,0.0,0,0.0
2014-04-24,0.0,0,0.0
2014-04-25,-2.437032631488313,4,-121.85163157441565
2014-04-28,-5.594308657022073,3,-279.7154328511036
2014-04-29,0.0,0,0.0
2014-04-30,0.0,0,0.0
2014-05-01,0.0,0,0.0
2014-05-02,-2.106337035273769,1,-105.31685176368846
2014-05-05,0.0,0,0.0
2014-05-06,1.107657151592346,2,55.382857579617294
2014-05-07,0.0,0,0.0
2014-05-08,-3.9201127285991406,3,-196.00563642995704
2014-05-09,-3.936834535269756,2,-196.8417267634878
2014-05-12,1.9079999999999273,2,95.39999999999637
2014-05-13,0.0,0,0.0
2014-05-14,0.18399999999998182,1,9.199999999999092
2014-05-15,3.2957374584464483,3,164.7868729223224
2014-05-16,-1.8759999999999637,1,-93.79999999999818
2014-05-19,-2.4357279314367206,3,-121.78639657183604
2014-05-20,-0.1896370132955849,3,-9.481850664779245
2014-05-21,-0.22793410712706086,4,-11.396705356353042
2014-05-22,-4.413413535160948,4,-220.6706767580474
2014-05-23,0.0,0,0.0
2014-05-26,0.0,0,0.0
2014-05-27,0.0,0,0.0
2014-05-28,0.0,0,0.0
2014-05-29,0.0,0,0.0
2014-05-30,0.0,0,0.0
2014-06-02,0.0,0,0.0
2014-06-03,0.0,0,0.0
2014-06-04,0.0,0,0.0
2014-06-05,6.624000000000036,1,331.2000000000018
2014-06-06,-1.7508080213246757,2,-87.54040106623378
2014-06-09,-1.6160000000002002,1,-80.80000000001
2014-06-10,0.0,0,0.0
2014-06-11,0.0,0,0.0
2014-06-12,-2.1704834585841453,1,-108.52417292920727
2014-06-13,0.0,0,0.0
2014-06-16,-1.319686188149477,1,-65.98430940747384
2014-06-17,-8.782154218750229,5,-439.10771093751146
2014-06-18,3.3117436243171974,3,165.58718121585986
2014-06-19,0.0,0,0.0
2014-06-20,0.0,0,0.0
2014-06-23,-1.9520000000002002,2,-97.60000000001001
2014-06-24,-1.4319999999999908,2,-71.59999999999954
2014-06-25,-0.4055054250395269,3,-20.275271251976346
2014-06-26,-7.856782493370385,7,-392.8391246685193
2014-06-27,0.0,0,0.0
2014-06-30,0.0,0,0.0
2014-07-01,3.008330523054636,2,150.4165261527318
2014-07-02,0.0,0,0.0
2014-07-03,-2.2613292325272343,2,-113.06646162636171
2014-07-04,0.0,0,0.0
2014-07-07,-1.6159999999999728,1,-80.79999999999863
2014-07-08,4.324000000000082,1,216.20000000000408
2014-07-09,0.0,0,0.0
2014-07-10,0.0,0,0.0
2014-07-11,0.0,0,0.0
2014-07-14,0.0,0,0.0
2014-07-15,-8.21694910113067,2,-410.8474550565335
2014-07-16,0.0,0,0.0
2014-07-17,-1.7821320539876269,2,-89.10660269938134
2014-07-18,8.387999999999945,2,419.39999999999725
2014-07-21,-2.4274540314543045,1,-121.37270157271523
2014-07-22,-0.5480991595706854,2,-27.404957978534274
2014-07-23,0.0,0,0.0
2014-07-24,0.0,0,0.0
2014-07-25,-3.6541959739299474,2,-182.70979869649736
2014-07-28,-2.239190058938864,3,-111.95950294694319
2014-07-29,0.0,0,0.0
2014-07-30,-5.093466037630125,2,-254.67330188150626
2014-07-31,19.524224333230478,2,976.2112166615238
2014-08-01,-7.686951665449619,4,-384.3475832724809
2014-08-04,5.614000000000045,1,280.70000000000226
2014-08-05,-1.8959999999999455,1,-94.79999999999727
2014-08-06,-8.536556566195207,4,-426.8278283097604
2014-08-07,1.075266567868792,2,53.7633283934396
2014-08-08,4.574000000000082,1,228.70000000000408
2014-08-11,-0.6145509637508312,1,-30.727548187541558
2014-08-12,0.0,0,0.0
2014-08-13,-2.591437202396226,3,-129.5718601198113
2014-08-14,0.0,0,0.0
2014-08-15,-10.579247073106849,4,-528.9623536553424
2014-08-18,-0.4501965462045391,1,-22.509827310226953
2014-08-19,0.0,0,0.0
2014-08-20,0.0,0,0.0
2014-08-21,-0.586,1,-29.299999999999997
2014-08-22,0.0,0,0.0
2014-08-25,0.0,0,0.0
2014-08-26,0.0,0,0.0
2014-08-27,-1.1059999999999819,1,-55.299999999999095
2014-08-28,0.0,0,0.0
2014-08-29,-1.1059999999999819,1,-55.299999999999095
2014-09-01,0.0,0,0.0
2014-09-02,0.0,0,0.0
2014-09-03,0.0,0,0.0
2014-09-04,-0.7166268402777277,1,-35.831342013886385
2014-09-05,-1.7928718601155853,2,-89.64359300577927
2014-09-08,0.0,0,0.0
2014-09-09,-6.420767357955975,5,-321.03836789779876
2014-09-10,-2.370009271215142,2,-118.5004635607571
2014-09-11,0.0,0,0.0
2014-09-12,2.6067514860213046,3,130.33757430106522
2014-09-15,-1.724900793762092,2,-86.2450396881046
2014-09-16,8.206612781428968,3,410.3306390714484
2014-09-17,0.0,0,0.0
2014-09-18,0.0,0,0.0
2014-09-19,0.0,0,0.0
2014-09-22,5.246958941777418,2,262.3479470888709
2014-09-23,0.0,0,0.0
2014-09-24,7.203999999999963,1,360.19999999999817
2014-09-25,17.86399999999982,1,893.199999999991
2014-09-26,-0.8559999999999818,1,-42.79999999999909
2014-09-29,0.0,0,0.0
2014-09-30,0.4853128822601448,1,24.26564411300724
2014-10-01,9.911073336828004,5,495.5536668414002
2014-10-02,-3.989037426190154,2,-199.4518713095077
2014-10-03,-5.768278368760029,5,-288.4139184380015
2014-10-06,0.0,0,0.0
2014-10-07,6.6839999999999815,1,334.1999999999991
2014-10-08,9.308371715270848,2,465.4185857635424
2014-10-09,27.3640950584152,3,1368.20475292076
2014-10-10,-6.632000000000037,2,-331.60000000000184
2014-10-13,-11.778248691356529,3,-588.9124345678265
2014-10-14,-3.8554629048373825,1,-192.77314524186912
2014-10-15,-8.223768042837921,2,-411.18840214189606
2014-10-16,0.0,0,0.0
2014-10-17,-5.0934804014550155,3,-254.67402007275078
2014-10-20,-1.1365244390844709,2,-56.82622195422354
2014-10-21,15.004000000000145,1,750.2000000000072
2014-10-22,0.0,0,0.0
2014-10-23,-3.5075267458478008,2,-175.37633729239005
2014-10-24,0.0,0,0.0
2014-10-27,0.7139999999999546,1,35.69999999999773
2014-10-28,0.0,0,0.0
2014-10-29,0.0,0,0.0
2014-10-30,-3.97359118635744,1,-198.679559317872
2014-10-31,0.0,0,0.0
2014-11-03,0.0,0,0.0
2014-11-04,-3.892789691286427,2,-194.63948456432135
2014-11-05,0.0,0,0.0
2014-11-06,0.0,0,0.0
2014-11-07,0.1940000000002001,1,9.700000000010006
2014-11-10,-0.9479625612577692,1,-47.39812806288846
2014-11-11,0.0,0,0.0
2014-11-12,0.0,0,0.0
2014-11-13,-2.282831390560419,1,-114.14156952802095
2014-11-14,0.0,0,0.0
2014-11-17,0.0,0,0.0
2014-11-18,0.7974488543036644,2,39.87244271518322
2014-11-19,-0.07919128408045428,2,-3.959564204022714
2014-11-20,-0.8237836484097315,1,-41.189182420486574
2014-11-21,0.0,0,0.0
2014-11-24,0.0,0,0.0
2014-11-25,0.0,0,0.0
2014-11-26,0.0,0,0.0
2014-11-27,0.0,0,0.0
2014-11-28,0.0,0,0.0
2014-12-01,-12.534866375659426,4,-626.7433187829713
2014-12-02,7.723999999999945,1,386.19999999999726
2014-12-03,0.0,0,0.0
2014-12-04,-4.320915598722851,2,-216.04577993614257
2014-12-05,-1.8420376357575807,2,-92.10188178787904
2014-12-08,0.0,0,0.0
2014-12-09,0.0,0,0.0
2014-12-10,9.771679749146934,5,488.58398745734667
2014-12-11,-11.7759999999996,1,-588.7999999999801
2014-12-12,-5.57045409837153,2,-278.5227049185765
2014-12-15,-6.968100772525064,1,-348.4050386262532
2014-12-16,-26.97599999999987,1,-1348.7999999999936
2014-12-17,18.344171198327814,2,917.2085599163906
2014-12-18,0.0,0,0.0
2014-12-19,-1.1060000000004366,1,-55.30000000002183
2014-12-22,0.0,0,0.0
2014-12-23,0.0,0,0.0
2014-12-24,0.0,0,0.0
2014-12-26,0.0,0,0.0
2014-12-29,0.0,0,0.0
2014-12-30,0.0,0,0.0
2014-12-31,0.0,0,0.0
2015-01-02,0.0,0,0.0
2015-01-05,13.763999999999909,1,688.1999999999954
2015-01-06,7.027049384366844,2,351.3524692183422
2015-01-07,-4.5556399209722,2,-227.78199604861
2015-01-08,11.674000000000218,1,583.7000000000108
2015-01-09,-2.7363737323041355,3,-136.8186866152068
2015-01-12,-13.426356952550957,6,-671.3178476275478
2015-01-13,-7.003390844354916,3,-350.1695422177458
2015-01-14,0.0,0,0.0
2015-01-15,-9.900186723410064,4,-495.0093361705032
2015-01-16,-7.458374957791799,6,-372.91874788958995
2015-01-19,0.0,0,0.0
2015-01-20,0.0,0,0.0
2015-01-21,-3.351271682839284,1,-167.56358414196418
2015-01-22,0.0,0,0.0
2015-01-23,0.0,0,0.0
2015-01-26,0.0,0,0.0
2015-01-27,0.0,0,0.0
2015-01-28,0.0,0,0.0
2015-01-29,0.0,0,0.0
2015-01-30,0.0,0,0.0
2015-02-02,1.1165176389283842,1,55.82588194641921
2015-02-03,-1.8989981718375348,1,-94.94990859187673
2015-02-04,0.0,0,0.0
2015-02-05,-5.7456432533853725,4,-287.28216266926864
2015-02-06,0.0,0,0.0
2015-02-09,0.0,0,0.0
2015-02-10,-3.251999999999927,2,-162.59999999999636
2015-02-11,-0.6572687595619172,1,-32.86343797809586
2015-02-12,-1.149811811484331,3,-57.49059057421655
2015-02-13,0.0,0,0.0
2015-02-16,-1.3759999999999637,1,-68.79999999999818
2015-02-17,0.0,0,0.0
2015-02-18,0.0,0,0.0
2015-02-19,0.0,0,0.0
2015-02-20,-2.2654654648488175,1,-113.27327324244088
2015-02-23,0.0,0,0.0
2015-02-24,-4.8558178496297915,3,-242.79089248148958
2015-02-25,0.0,0,0.0
2015-02-26,-3.864975075623748,1,-193.2487537811874
2015-02-27,0.0,0,0.0
2015-03-02,0.55401526787912,2,27.700763393956002
2015-03-03,-7.448045740961067,3,-372.4022870480534
2015-03-04,-1.5702137649947945,3,-78.51068824973973
2015-03-05,0.0,0,0.0
2015-03-06,11.673999999999763,1,583.6999999999881
2015-03-09,-9.30949436640814,6,-465.474718320407
2015-03-10,-0.053640919883895855,4,-2.6820459941947927
2015-03-11,0.0,0,0.0
2015-03-12,3.557668859408561,3,177.88344297042804
2015-03-13,2.978447888195686,2,148.9223944097843
2015-03-16,10.154000000000236,1,507.7000000000118
2015-03-17,0.0,0,0.0
2015-03-18,7.004000000000145,1,350.20000000000726
2015-03-19,-2.5806232124252673,1,-129.03116062126335
2015-03-20,1.068613490937234,3,53.4306745468617
2015-03-23,0.0,0,0.0
2015-03-24,0.0,0,0.0
2015-03-25,16.964000000000183,1,848.2000000000091
2015-03-26,0.0,0,0.0
2015-03-27,-1.636000000000182,1,-81.80000000000909
2015-03-30,-5.06334183086954,5,-253.167091543477
2015-03-31,0.0,0,0.0
2015-04-01,-9.171546249807662,8,-458.57731249038306
2015-04-02,-5.709258831047439,2,-285.46294155237194
2015-04-06,4.113999999999818,1,205.6999999999909
2015-04-07,-0.7282428590340132,1,-36.41214295170066
2015-04-08,-4.964307147247811,2,-248.21535736239056
2015-04-09,-2.5437597210081875,1,-127.18798605040938
2015-04-10,0.0,0,0.0
2015-04-13,0.0,0,0.0
2015-04-14,0.0,0,0.0
2015-04-15,-0.8460000000002182,1,-42.30000000001091
2015-04-16,0.0,0,0.0
2015-04-17,-13.013923303425525,6,-650.6961651712762
2015-04-20,-8.97648873609949,5,-448.82443680497454
2015-04-21,0.0,0,0.0
2015-04-22,0.0,0,0.0
2015-04-23,-8.964783255192236,4,-448.2391627596118
2015-04-24,0.0,0,0.0
2015-04-27,0.18399999999998182,1,9.199999999999092
2015-04-28,-3.271332685467074,1,-163.56663427335369
2015-04-29,-0.3498857140505024,1,-17.49428570252512
2015-04-30,-6.218948482337915,4,-310.9474241168957
2015-05-01,-4.8765373175651545,2,-243.82686587825773
2015-05-04,-3.0725777364311724,1,-153.6288868215586
2015-05-05,16.721595010934863,2,836.0797505467431
2015-05-06,-6.851441411697287,5,-342.5720705848644
2015-05-07,0.16063255598376425,2,8.031627799188213
2015-05-08,-0.45500898311542537,4,-22.750449155771268
2015-05-11,0.0,0,0.0
2015-05-12,-4.135505670940776,2,-206.7752835470388
2015-05-13,0.0,0,0.0
2015-05-14,-2.736119889229005,2,-136.80599446145024
2015-05-15,0.0,0,0.0
2015-05-18,0.0,0,0.0
2015-05-19,0.0,0,0.0
2015-05-20,-0.2500765397032737,1,-12.503826985163686
2015-05-21,-3.8908576933722285,2,-194.54288466861144
2015-05-22,0.0,0,0.0
2015-05-25,0.0,0,0.0
2015-05-26,8.573999999999854,1,428.6999999999927
2015-05-27,7.509116776306225,2,375.45583881531127
2015-05-28,-4.450784095343086,3,-222.5392047671543
2015-05-29,-2.8543809967279303,3,-142.71904983639652
2015-06-01,0.0,0,0.0
2015-06-02,0.9840000000001637,1,49.20000000000819
2015-06-03,-1.9620927111900275,2,-98.10463555950138
2015-06-04,-0.8559999999999818,1,-42.79999999999909
2015-06-05,0.0,0,0.0
2015-06-08,-3.619631993103616,4,-180.9815996551808
2015-06-09,-3.2897723066643922,2,-164.4886153332196
2015-06-10,10.414,1,520.6999999999999
2015-06-11,0.0,0,0.0
2015-06-12,-3.9761677324042792,1,-198.80838662021395
2015-06-15,-0.586,1,-29.299999999999997
2015-06-16,3.1064584185174278,4,155.3229209258714
2015-06-17,-0.9205179797202035,1,-46.025898986010176
2015-06-18,7.614985838210057,2,380.74929191050285
2015-06-19,-1.907977352482918,1,-95.3988676241459
2015-06-22,-1.905999999999709,1,-95.29999999998545
2015-06-23,0.0,0,0.0
2015-06-24,2.833999999999618,1,141.69999999998092
2015-06-25,0.0,0,0.0
2015-06-26,0.0,0,0.0
2015-06-29,18.693999999999747,1,934.6999999999873
2015-06-30,0.0,0,0.0
2015-07-01,0.0,0,0.0
2015-07-02,0.0,0,0.0
2015-07-03,0.0,0,0.0
2015-07-06,0.0,0,0.0
2015-07-07,6.60289374308085,3,330.1446871540425
2015-07-08,-9.752084378888817,4,-487.60421894444085
2015-07-09,0.0,0,0.0
2015-07-10,0.0,0,0.0
2015-07-13,0.015588060554149713,1,0.7794030277074857
2015-07-14,0.7419588295151952,2,37.09794147575976
2015-07-15,0.0,0,0.0
2015-07-16,0.0,0,0.0
2015-07-17,0.0,0,0.0
2015-07-20,0.0,0,0.0
2015-07-21,-0.33599999999999997,1,-16.799999999999997
2015-07-22,0.0,0,0.0
2015-07-23,3.0939999999998364,1,154.69999999999183
2015-07-24,16.573999999999856,1,828.6999999999928
2015-07-27,0.0,0,0.0
2015-07-28,6.533999999999891,1,326.69999999999453
2015-07-29,2.5082181109103585,3,125.41090554551792
2015-07-30,-2.9945260378665224,1,-149.7263018933261
2015-07-31,0.0,0,0.0
2015-08-03,-0.7453443703850167,3,-37.26721851925083
2015-08-04,0.0,0,0.0
2015-08-05,-5.9138078390542175,2,-295.69039195271085
2015-08-06,-3.393685883388306,3,-169.6842941694153
2015-08-07,-10.34806185566611,5,-517.4030927833055
2015-08-10,4.239448534519422,2,211.9724267259711
2015-08-11,-6.721353482792841,4,-336.06767413964207
2015-08-12,-0.036010605489271263,3,-1.8005302744635632
2015-08-13,-0.6191286652976814,1,-30.95643326488407
2015-08-14,0.0,0,0.0
2015-08-17,-1.8724206003871333,2,-93.62103001935667
2015-08-18,0.0,0,0.0
2015-08-19,-10.15887170942728,4,-507.943585471364
2015-08-20,-3.00503112669565,5,-150.25155633478252
2015-08-21,21.35137869632313,4,1067.5689348161566
2015-08-24,0.0,0,0.0
2015-08-25,0.0,0,0.0
2015-08-26,0.0,0,0.0
2015-08-27,-11.839394207624512,2,-591.9697103812256
2015-08-28,0.0,0,0.0
2015-08-31,0.5730360971435985,1,28.651804857179926
2015-09-01,0.0,0,0.0
2015-09-02,0.0,0,0.0
2015-09-03,-9.449141620245403,2,-472.4570810122701
2015-09-04,0.0,0,0.0
2015-09-07,0.0,0,0.0
2015-09-08,0.0,0,0.0
2015-09-09,0.0,0,0.0
2015-09-10,0.0,0,0.0
2015-09-11,-0.2776548824924575,1,-13.882744124622876
2015-09-14,-6.436460872580432,4,-321.8230436290216
2015-09-15,3.804599289483627,4,190.22996447418134
2015-09-16,-0.059564360260726534,3,-2.9782180130363267
2015-09-17,0.0,0,0.0
2015-09-18,0.0,0,0.0
2015-09-21,-2.8788357331488768,1,-143.94178665744383
2015-09-22,-2.4459999999999,1,-122.299999999995
2015-09-23,-1.3823933264036314,1,-69.11966632018157
2015-09-24,-6.69963250264752,2,-334.981625132376
2015-09-25,0.0,0,0.0
2015-09-28,17.83681039802903,2,891.8405199014514
2015-09-29,-7.296884592911486,2,-364.8442296455743
2015-09-30,-3.3240591612259194,1,-166.20295806129596
2015-10-01,-10.100264097023405,4,-505.01320485117026
2015-10-02,5.622325908331984,2,281.1162954165992
2015-10-05,2.504401101103958,5,125.2200550551979
2015-10-06,-1.1186922888148148,1,-55.93461444074074
2015-10-07,-3.3691969528080987,2,-168.45984764040494
2015-10-08,3.914,1,195.70000000000002
2015-10-09,0.0,0,0.0
2015-10-12,0.0,0,0.0
2015-10-13,0.0,0,0.0
2015-10-14,0.0,0,0.0
2015-10-15,9.740163234398121,2,487.00816171990607
2015-10-16,0.0,0,0.0
2015-10-19,0.0,0,0.0
2015-10-20,0.0,0,0.0
2015-10-21,-4.519444635243391,2,-225.97223176216957
2015-10-22,9.983113463275938,2,499.1556731637969
2015-10-23,0.0,0,0.0
2015-10-26,-1.8869233058464816,1,-94.34616529232407
2015-10-27,0.0,0,0.0
2015-10-28,3.3203415087153108,3,166.01707543576555
2015-10-29,0.0,0,0.0
2015-10-30,0.0,0,0.0
2015-11-02,14.53399999999989,1,726.6999999999945
2015-11-03,0.880367231127606,1,44.0183615563803
2015-11-04,-10.377329262201947,5,-518.8664631100974
2015-11-05,-3.258236139660286,2,-162.91180698301432
2015-11-06,-6.617913185448931,3,-330.89565927244655
2015-11-09,6.2784146990563965,1,313.9207349528198
2015-11-10,0.0,0,0.0
2015-11-11,0.0,0,0.0
2015-11-12,3.5655477983448614,3,178.27738991724306
2015-11-13,5.002442759770739,3,250.12213798853696
2015-11-16,17.066104731028698,4,853.3052365514349
2015-11-17,-1.4940255032965726,2,-74.70127516482863
2015-11-18,8.478760852346404,5,423.9380426173202
2015-11-19,0.0,0,0.0
2015-11-20,-0.8460000000002182,1,-42.30000000001091
2015-11-23,0.0,0,0.0
2015-11-24,0.0,0,0.0
2015-11-25,0.0,0,0.0
2015-11-26,0.0,0,0.0
2015-11-27,1.7311312941744872,1,86.55656470872437
2015-11-30,-2.2449182660670366,4,-112.24591330335183
2015-12-01,-4.707267360683519,2,-235.36336803417598
2015-12-02,-1.5554230287436768,1,-77.77115143718383
2015-12-03,20.013888863591358,3,1000.6944431795679
2015-12-04,24.354000000000056,1,1217.7000000000028
2015-12-07,3.6440000000000183,1,182.20000000000093
2015-12-08,-1.3729177701263653,1,-68.64588850631826
2015-12-09,-3.3346447270805326,2,-166.73223635402664
2015-12-10,-5.6871949725186575,2,-284.35974862593287
2015-12-11,-1.3548036523115767,2,-67.74018261557883
2015-12-14,-13.643328410696276,3,-682.1664205348138
2015-12-15,-3.6427842844138794,1,-182.13921422069396
2015-12-16,0.0,0,0.0
2015-12-17,25.54902124548292,2,1277.451062274146
2015-12-18,3.7319144030894273,4,186.59572015447137
2015-12-21,0.0,0,0.0
2015-12-22,0.0,0,0.0
2015-12-23,0.0,0,0.0
2015-12-24,0.0,0,0.0
2015-12-28,-0.6200392072125723,1,-31.001960360628615
2015-12-29,-1.5043557031558268,2,-75.21778515779134
2015-12-30,0.0,0,0.0
2015-12-31,0.1610121355909214,1,8.05060677954607
2016-01-04,3.6646429089451233,2,183.23214544725616
2016-01-05,0.0,0,0.0
2016-01-06,0.0,0,0.0
2016-01-07,0.0,0,0.0
2016-01-08,0.0,0,0.0
2016-01-11,-1.9259999999999182,1,-96.2999999999959
2016-01-12,0.0,0,0.0
2016-01-13,38.604000000000056,1,1930.2000000000028
2016-01-14,-2.454837574421113,4,-122.74187872105564
2016-01-15,0.0,0,0.0
2016-01-18,0.0,0,0.0
2016-01-19,0.0,0,0.0
2016-01-20,-17.406000000000162,1,-870.3000000000081
2016-01-21,-20.121999999999815,2,-1006.0999999999908
2016-01-22,1.3002589320094684,1,65.01294660047343
2016-01-25,0.0,0,0.0
2016-01-26,-3.961617447705255,3,-198.08087238526275
2016-01-27,-1.9286112039014698,1,-96.43056019507348
2016-01-28,0.0,0,0.0
2016-01-29,13.081612296715146,4,654.0806148357573
2016-02-01,0.0,0,0.0
2016-02-02,-2.4667089816482277,2,-123.33544908241139
2016-02-03,-10.96981279867824,3,-548.490639933912
2016-02-04,-4.6657927522228295,1,-233.28963761114147
2016-02-05,4.300706184707476,2,215.0353092353738
2016-02-08,-12.016565672879729,4,-600.8282836439864
2016-02-09,0.0,0,0.0
2016-02-10,0.18732084841214056,1,9.366042420607029
2016-02-11,0.0,0,0.0
2016-02-12,-2.752590132124611,1,-137.62950660623054
2016-02-15,0.0,0,0.0
2016-02-16,0.0,0,0.0
2016-02-17,-2.436169868323707,4,-121.80849341618536
2016-02-18,0.0,0,0.0
2016-02-19,0.0,0,0.0
2016-02-22,0.0,0,0.0
2016-02-23,-1.2383607701076218,2,-61.91803850538109
2016-02-24,-4.027739385500328,2,-201.3869692750164
2016-02-25,0.0,0,0.0
2016-02-26,0.0,0,0.0
2016-02-29,-2.185999999999909,1,-109.29999999999545
2016-03-01,23.933999999999983,1,1196.6999999999991
2016-03-02,0.0,0,0.0
2016-03-03,0.0,0,0.0
2016-03-04,-0.586,1,-29.299999999999997
2016-03-07,0.0,0,0.0
2016-03-08,-4.10891885793396,2,-205.44594289669803
2016-03-09,0.0,0,0.0
2016-03-10,-16.012607017302052,5,-800.6303508651026
2016-03-11,-4.804921028097561,5,-240.24605140487805
2016-03-14,0.0,0,0.0
2016-03-15,0.0,0,0.0
2016-03-16,-4.258749807695923,2,-212.93749038479618
2016-03-17,3.3219999999999272,3,166.09999999999636
2016-03-18,0.0,0,0.0
2016-03-21,0.0,0,0.0
2016-03-22,0.0,0,0.0
2016-03-23,-2.358193048898531,2,-117.90965244492655
2016-03-24,0.0,0,0.0
2016-03-28,0.0,0,0.0
2016-03-29,8.589750940791898,2,429.4875470395949
2016-03-30,0.0,0,0.0
2016-03-31,0.0,0,0.0
2016-04-01,3.9448349284275794,2,197.24174642137896
2016-04-04,-1.336257303055605,1,-66.81286515278025
2016-04-05,0.0,0,0.0
2016-04-06,7.317346061885953,2,365.86730309429765
2016-04-07,-7.662470031599191,4,-383.1235015799595
2016-04-08,-0.5505878177675513,1,-27.529390888377563
2016-04-11,-0.08646089242732705,1,-4.3230446213663525
2016-04-12,9.398786901155315,2,469.93934505776576
2016-04-13,-0.637885393525481,1,-31.89426967627405
2016-04-14,-1.2432991404937057,1,-62.164957024685286
2016-04-15,1.051481008888244,1,52.5740504444122
2016-04-18,7.964000000000182,1,398.2000000000091
2016-04-19,0.0,0,0.0
2016-04-20,0.0,0,0.0
2016-04-21,-11.831289325561935,6,-591.5644662780967
2016-04-22,-1.544999773704818,1,-77.2499886852409
2016-04-25,-1.6722984793457145,1,-83.61492396728572
2016-04-26,-1.0891531752920274,1,-54.45765876460137
2016-04-27,0.0,0,0.0
2016-04-28,-4.625999999999964,1,-231.2999999999982
2016-04-29,-7.09657809917457,4,-354.8289049587285
2016-05-02,-0.3352567899557546,3,-16.76283949778773
2016-05-03,-0.43884172441467684,3,-21.94208622073384
2016-05-04,0.0,0,0.0
2016-05-05,0.0,0,0.0
2016-05-06,0.0,0,0.0
2016-05-09,-2.7820000000001275,2,-139.10000000000636
2016-05-10,10.36981575674329,2,518.4907878371645
2016-05-11,5.518000000000054,2,275.9000000000027
2016-05-12,-3.541879771478281,2,-177.09398857391406
2016-05-13,7.704000000000418,1,385.2000000000209
2016-05-16,10.17141940139393,2,508.5709700696965
2016-05-17,1.30301442035515,3,65.15072101775749
2016-05-18,-11.500599547164446,3,-575.0299773582224
2016-05-19,-15.093331517678457,4,-754.6665758839229
2016-05-20,-3.793349154536561,3,-189.66745772682805
2016-05-23,0.0,0,0.0
2016-05-24,9.573999999999854,1,478.6999999999927
2016-05-25,-0.8257159081117352,2,-41.28579540558676
2016-05-26,0.0,0,0.0
2016-05-27,0.0,0,0.0
2016-05-30,0.0,0,0.0
2016-05-31,-2.17064796965403,2,-108.53239848270151
2016-06-01,0.0,0,0.0
2016-06-02,0.0,0,0.0
2016-06-03,-0.5371739272688574,3,-26.858696363442867
2016-06-06,-2.945123935859985,2,-147.25619679299925
2016-06-07,-0.9611141949326083,2,-48.05570974663041
2016-06-08,-1.9332950434202176,1,-96.66475217101087
2016-06-09,0.0,0,0.0
2016-06-10,0.0,0,0.0
2016-06-13,0.0,0,0.0
2016-06-14,-5.705999999999891,1,-285.29999999999455
2016-06-15,0.0,0,0.0
2016-06-16,-3.1415458983153326,3,-157.07729491576663
2016-06-17,-1.9330114566470984,3,-96.65057283235492
2016-06-20,-0.9872306386944146,1,-49.36153193472073
2016-06-21,0.0,0,0.0
2016-06-22,-9.272171693587742,3,-463.6085846793871
2016-06-23,-2.590521912925826,2,-129.52609564629128
2016-06-24,-1.3960000000004003,1,-69.80000000002
2016-06-27,-16.44085435602724,7,-822.0427178013621
2016-06-28,1.580102942883324,3,79.0051471441662
2016-06-29,11.513999999999909,1,575.6999999999954
2016-06-30,16.08399999999962,1,804.199999999981
2016-07-01,-2.8727218610103664,3,-143.63609305051833
2016-07-04,0.0,0,0.0
2016-07-05,-2.3585455874676624,2,-117.92727937338312
2016-07-06,-1.1176717614368827,1,-55.88358807184414
2016-07-07,0.0,0,0.0
2016-07-08,7.464000000000182,1,373.2000000000091
2016-07-11,0.0,0,0.0
2016-07-12,0.0,0,0.0
2016-07-13,0.0,0,0.0
2016-07-14,0.0,0,0.0
2016-07-15,0.0,0,0.0
2016-07-18,-0.6477252550059674,1,-32.38626275029837
2016-07-19,0.0,0,0.0
2016-07-20,-1.003864662025295,1,-50.193233101264745
2016-07-21,0.0,0,0.0
2016-07-22,-0.9962043557227261,1,-49.810217786136306
2016-07-25,1.005467068396254,2,50.27335341981271
2016-07-26,-3.4467716814692464,2,-172.33858407346233
2016-07-27,-3.368109071901661,3,-168.40545359508306
2016-07-28,-1.0457009571793934,1,-52.28504785896967
2016-07-29,-2.3289158781362604,2,-116.44579390681302
2016-08-01,-2.185040423497172,1,-109.2520211748586
2016-08-02,4.572885834709988,3,228.6442917354994
2016-08-03,0.0,0,0.0
2016-08-04,0.0,0,0.0
2016-08-05,3.164,1,158.20000000000002
2016-08-08,0.0,0,0.0
2016-08-09,-1.7363366702420282,2,-86.81683351210141
2016-08-10,-5.1620565059140135,3,-258.10282529570065
2016-08-11,-1.386000000000182,1,-69.30000000000909
2016-08-12,0.0,0,0.0
2016-08-15,-1.7400023860881846,4,-87.00011930440922
2016-08-16,0.0,0,0.0
2016-08-17,-9.653822509373589,4,-482.69112546867945
2016-08-18,-0.8609652207739927,1,-43.048261038699636
2016-08-19,-2.083035052778301,1,-104.15175263891506
2016-08-22,0.0,0,0.0
2016-08-23,-0.5265302262584882,1,-26.32651131292441
2016-08-24,2.3540000000000547,1,117.70000000000273
2016-08-25,0.0,0,0.0
2016-08-26,-15.264829014299671,4,-763.2414507149836
2016-08-29,0.9313336548907756,2,46.56668274453878
2016-08-30,-4.55503191157863,4,-227.7515955789315
2016-08-31,-6.810589664709987,5,-340.52948323549936
2016-09-01,-2.7295163213354825,1,-136.47581606677412
2016-09-02,-1.6784400010699174,1,-83.92200005349586
2016-09-05,0.0,0,0.0
2016-09-06,0.0,0,0.0
2016-09-07,-0.8214492073613983,1,-41.07246036806991
2016-09-08,-0.7162429403235692,1,-35.81214701617846
2016-09-09,31.172733943356008,2,1558.6366971678003
2016-09-12,20.73610213788451,3,1036.8051068942257
2016-09-13,9.084000000000072,1,454.2000000000036
2016-09-14,-10.132337943468833,4,-506.61689717344166
2016-09-15,7.8799507927451735,2,393.9975396372587
2016-09-16,0.0,0,0.0
2016-09-19,-2.2509107079356325,1,-112.54553539678163
2016-09-20,0.0,0,0.0
2016-09-21,0.0,0,0.0
2016-09-22,0.0,0,0.0
2016-09-23,0.0,0,0.0
2016-09-26,-2.0073363783216993,2,-100.36681891608497
2016-09-27,-8.430389440434206,6,-421.5194720217103
2016-09-28,0.0,0,0.0
2016-09-29,-7.286870687348444,3,-364.3435343674222
2016-09-30,-2.9232647439809694,3,-146.16323719904847
2016-10-03,0.0,0,0.0
2016-10-04,-4.772241957274433,1,-238.61209786372166
2016-10-05,0.0,0,0.0
2016-10-06,-1.7800462461950448,2,-89.00231230975224
2016-10-07,-5.4319043038223835,3,-271.59521519111917
2016-10-10,-2.6567685555046157,2,-132.83842777523077
2016-10-11,15.323999999999854,1,766.1999999999927
2016-10-12,0.0,0,0.0
2016-10-13,-5.454977837604903,2,-272.74889188024514
2016-10-14,0.0,0,0.0
2016-10-17,-1.9013603507607841,1,-95.0680175380392
2016-10-18,0.0,0,0.0
2016-10-19,0.0,0,0.0
2016-10-20,-1.1983364722675434,1,-59.91682361337717
2016-10-21,0.0,0,0.0
2016-10-24,0.0,0,0.0
2016-10-25,-1.3827991458649522,1,-69.1399572932476
2016-10-26,0.0,0,0.0
2016-10-27,0.0,0,0.0
2016-10-28,-10.833453353407954,4,-541.6726676703977
2016-10-31,0.0,0,0.0
2016-11-01,5.898544141775371,2,294.92720708876857
2016-11-02,-2.4562536287421355,2,-122.81268143710678
2016-11-03,0.47399999999994546,1,23.699999999997274
2016-11-04,-3.839568175770826,3,-191.97840878854132
2016-11-07,12.594934269488046,2,629.7467134744023
2016-11-08,-7.102437774812137,4,-355.12188874060683
2016-11-09,14.78399999999989,1,739.1999999999945
2016-11-10,-3.9891853966484705,3,-199.45926983242353
2016-11-11,0.0,0,0.0
2016-11-14,0.0,0,0.0
2016-11-15,-0.41398141333660166,1,-20.69907066683008
2016-11-16,0.0,0,0.0
2016-11-17,-3.8582777507631105,2,-192.91388753815554
2016-11-18,0.0,0,0.0
2016-11-21,-1.394651462145008,1,-69.73257310725039
2016-11-22,0.0,0,0.0
2016-11-23,0.0,0,0.0
2016-11-24,0.0,0,0.0
2016-11-25,0.0,0,0.0
2016-11-28,0.0,0,0.0
2016-11-29,-0.8970518282960583,1,-44.852591414802916
2016-11-30,0.0,0,0.0
2016-12-01,0.0,0,0.0
2016-12-02,-2.493757705469736,2,-124.6878852734868
2016-12-05,-1.556661534156534,1,-77.83307670782669
2016-12-06,0.0,0,0.0
2016-12-07,23.973999999999947,1,1198.6999999999973
2016-12-08,-1.955999999999891,1,-97.79999999999454
2016-12-09,-2.6691710506133606,2,-133.45855253066802
2016-12-12,-3.5805340512483523,2,-179.02670256241763
2016-12-13,-3.7779212086656515,4,-188.89606043328257
2016-12-14,0.0,0,0.0
2016-12-15,-6.563127300557401,2,-328.15636502787004
2016-12-16,-2.029814750925627,2,-101.49073754628135
2016-12-19,-2.1142328995149327,1,-105.71164497574664
2016-12-20,0.0,0,0.0
2016-12-21,0.0,0,0.0
2016-12-22,-3.127962184357304,2,-156.3981092178652
2016-12-23,0.0,0,0.0
2016-12-27,-2.6615649324216717,2,-133.0782466210836
2016-12-28,12.113999999999818,1,605.6999999999908
2016-12-29,0.0,0,0.0
2016-12-30,-2.132743949146464,4,-106.63719745732321
2017-01-03,-0.7886942809438878,1,-39.43471404719439
2017-01-04,1.2108428988690831,4,60.542144943454154
2017-01-05,-0.9539112853874357,1,-47.695564269371786
2017-01-06,-0.8859999999997271,1,-44.299999999986355
2017-01-09,0.0,0,0.0
2017-01-10,0.10148046018754395,1,5.074023009377197
2017-01-11,-1.6581872392623482,1,-82.9093619631174
2017-01-12,2.638174693602675,2,131.90873468013376
2017-01-13,-1.839115872181512,2,-91.9557936090756
2017-01-16,0.0,0,0.0
2017-01-17,0.0,0,0.0
2017-01-18,0.0,0,0.0
2017-01-19,0.0,0,0.0
2017-01-20,-1.030033298982049,1,-51.501664949102455
2017-01-23,-3.5760000000002363,1,-178.8000000000118
2017-01-24,4.533999999999891,1,226.69999999999453
2017-01-25,-1.1282257113609704,1,-56.41128556804852
2017-01-26,0.0,0,0.0
2017-01-27,-3.8687877950453258,3,-193.4393897522663
2017-01-30,-5.633306496538997,3,-281.6653248269498
2017-01-31,-1.1260000000004184,1,-56.30000000002092
2017-02-01,0.0,0,0.0
2017-02-02,0.0,0,0.0
2017-02-03,-1.4853183407326214,2,-74.26591703663107
2017-02-06,0.0,0,0.0
2017-02-07,0.0,0,0.0
2017-02-08,0.0,0,0.0
2017-02-09,3.7731776780683757,2,188.6588839034188
2017-02-10,-0.3599333110530424,1,-17.996665552652118
2017-02-13,-7.17732857798814,4,-358.866428899407
2017-02-14,0.7934112832376996,2,39.67056416188498
2017-02-15,-1.6547372873162014,5,-82.73686436581006
2017-02-16,-0.7498806554444599,2,-37.494032772222994
2017-02-17,0.0,0,0.0
2017-02-20,0.0,0,0.0
2017-02-21,-1.9495111082291658,4,-97.47555541145829
2017-02-22,0.0,0,0.0
2017-02-23,-2.7416014133845894,2,-137.08007066922946
2017-02-24,0.0,0,0.0
2017-02-27,0.0,0,0.0
2017-02-28,-0.89291664638789,1,-44.6458323193945
2017-03-01,9.673999999999763,1,483.69999999998817
2017-03-02,7.513999999999909,1,375.69999999999544
2017-03-03,0.0,0,0.0
2017-03-06,0.0,0,0.0
2017-03-07,0.0,0,0.0
2017-03-08,0.0,0,0.0
2017-03-09,0.011657535376583844,1,0.5828767688291923
2017-03-10,0.0,0,0.0
2017-03-13,0.0,0,0.0
2017-03-14,-1.2525666964451776,4,-62.62833482225888
2017-03-15,2.779287370716272,2,138.9643685358136
2017-03-16,-6.87813504681248,4,-343.906752340624
2017-03-17,0.0,0,0.0
2017-03-20,-0.8229565575986598,1,-41.14782787993299
2017-03-21,24.604000000000056,1,1230.2000000000028
2017-03-22,-6.552593526861477,4,-327.62967634307387
2017-03-23,-0.4184359777889185,1,-20.921798889445924
2017-03-24,-1.9053634567096271,3,-95.26817283548135
2017-03-27,0.0,0,0.0
2017-03-28,7.523999999999672,1,376.1999999999836
2017-03-29,0.0,0,0.0
2017-03-30,-2.384925476273995,2,-119.24627381369974
2017-03-31,0.0,0,0.0
2017-04-03,-5.5886609544677155,2,-279.43304772338576
2017-04-04,0.0,0,0.0
2017-04-05,-3.577776376509708,3,-178.8888188254854
2017-04-06,-0.7557843074075535,1,-37.789215370377676
2017-04-07,-2.272004365778899,1,-113.60021828894496
2017-04-10,0.22097146943293774,1,11.048573471646888
2017-04-11,-0.36513006525453606,2,-18.256503262726802
2017-04-12,-2.2663282284449777,1,-113.31641142224889
2017-04-13,0.0,0,0.0
2017-04-17,2.0056994467555187,6,100.28497233777594
2017-04-18,0.0,0,0.0
2017-04-19,-0.8659999999997453,1,-43.299999999987264
2017-04-20,3.7240000000004003,1,186.20000000002003
2017-04-21,-1.2423515476572975,3,-62.11757738286487
2017-04-24,0.0,0,0.0
2017-04-25,-4.289373509842044,5,-214.4686754921022
2017-04-26,-8.533689068494988,5,-426.6844534247494
2017-04-27,0.0,0,0.0
2017-04-28,-5.754309374170538,4,-287.7154687085269
2017-05-01,0.0,0,0.0
2017-05-02,-0.8451316373323025,1,-42.25658186661512
2017-05-03,-1.1259999999999637,1,-56.299999999998185
2017-05-04,-1.1259999999999637,1,-56.299999999998185
2017-05-05,0.0,0,0.0
2017-05-08,-5.055357523673541,4,-252.76787618367703
2017-05-09,0.0,0,0.0
2017-05-10,0.0,0,0.0
2017-05-11,-3.4488138396672583,4,-172.4406919833629
2017-05-12,-0.13632130488734764,1,-6.816065244367382
2017-05-15,-5.813488421921786,7,-290.6744210960893
2017-05-16,-4.0814088010135565,3,-204.07044005067783
2017-05-17,8.052758865890663,4,402.63794329453316
2017-05-18,-7.373299887437662,5,-368.6649943718831
2017-05-19,1.2418130133314917,2,62.09065066657459
2017-05-22,-3.3448672567421527,3,-167.24336283710764
2017-05-23,0.0,0,0.0
2017-05-24,0.0,0,0.0
2017-05-25,-8.518609680181195,6,-425.93048400905974
2017-05-26,0.0,0,0.0
2017-05-29,0.0,0,0.0
2017-05-30,0.0,0,0.0
2017-05-31,-3.40802297671208,3,-170.401148835604
2017-06-01,0.0,0,0.0
2017-06-02,-4.231062280227863,2,-211.55311401139315
2017-06-05,0.0,0,0.0
2017-06-06,0.0,0,0.0
2017-06-07,0.0,0,0.0
2017-06-08,-0.9110625906798632,1,-45.55312953399316
2017-06-09,0.21765295686239172,2,10.882647843119585
2017-06-12,-4.5594768916245885,3,-227.97384458122943
2017-06-13,0.0,0,0.0
2017-06-14,-2.8680140240607868,2,-143.40070120303935
2017-06-15,0.0,0,0.0
2017-06-16,-4.726613104680571,3,-236.33065523402857
2017-06-19,0.8635665408208224,3,43.17832704104112
2017-06-20,-7.435066579323474,8,-371.7533289661737
2017-06-21,-1.9258277542685138,2,-96.29138771342569
2017-06-22,-3.522342968901474,3,-176.1171484450737
2017-06-23,-3.1443568715425902,4,-157.2178435771295
2017-06-26,-2.514095501827556,1,-125.70477509137781
2017-06-27,7.533999999999891,1,376.69999999999453
2017-06-28,2.9240000000002184,1,146.20000000001093
2017-06-29,4.338600902919817,3,216.93004514599085
2017-06-30,0.0,0,0.0
2017-07-03,0.0,0,0.0
2017-07-04,0.0,0,0.0
2017-07-05,-0.6628910124952526,1,-33.14455062476263
2017-07-06,-3.449858712148372,2,-172.49293560741862
2017-07-07,0.21027016564997025,2,10.513508282498513
2017-07-10,-1.1259999999999637,1,-56.299999999998185
2017-07-11,-4.957307628673094,1,-247.8653814336547
2017-07-12,-1.430711373365044,1,-71.5355686682522
2017-07-13,0.0,0,0.0
2017-07-14,-1.6760000000001456,1,-83.80000000000727
2017-07-17,0.0,0,0.0
2017-07-18,0.0,0,0.0
2017-07-19,-0.11621267051281028,1,-5.810633525640514
2017-07-20,0.0,0,0.0
2017-07-21,0.0,0,0.0
2017-07-24,-1.7600350995721528,2,-88.00175497860764
2017-07-25,0.0,0,0.0
2017-07-26,0.0,0,0.0
2017-07-27,-7.365999999999746,1,-368.2999999999873
2017-07-28,-0.6718834182245118,1,-33.59417091122559
2017-07-31,0.0,0,0.0
2017-08-01,0.0,0,0.0
2017-08-02,-5.680197052899264,3,-284.0098526449632
2017-08-03,-3.8513692404412465,2,-192.56846202206233
2017-08-04,0.0,0,0.0
2017-08-07,-0.8659999999997453,1,-43.299999999987264
2017-08-08,-1.884349584018979,1,-94.21747920094894
2017-08-09,0.0,0,0.0
2017-08-10,12.61729376716226,4,630.864688358113
2017-08-11,-6.127497236086318,3,-306.37486180431586
2017-08-14,-2.1972628309101383,3,-109.86314154550692
2017-08-15,0.0,0,0.0
2017-08-16,0.0,0,0.0
2017-08-17,18.62001925061309,4,931.0009625306545
2017-08-18,-5.999795067867101,2,-299.98975339335504
2017-08-21,-3.304114727004591,2,-165.20573635022956
2017-08-22,11.874000000000036,1,593.7000000000018
2017-08-23,0.0,0,0.0
2017-08-24,0.5559339040990053,1,27.796695204950268
2017-08-25,-1.095533306178342,2,-54.7766653089171
2017-08-28,0.0,0,0.0
2017-08-29,0.0,0,0.0
2017-08-30,-2.782247670583918,3,-139.1123835291959
2017-08-31,0.0,0,0.0
2017-09-01,0.0,0,0.0
2017-09-04,0.0,0,0.0
2017-09-05,-5.262000000000146,2,-263.1000000000073
2017-09-06,0.0,0,0.0
2017-09-07,-0.5979889505640458,1,-29.899447528202288
2017-09-08,0.0,0,0.0
2017-09-11,3.343484389775123,3,167.17421948875614
2017-09-12,0.0,0,0.0
2017-09-13,0.0,0,0.0
2017-09-14,0.0,0,0.0
2017-09-15,0.0,0,0.0
2017-09-18,-4.316284273599384,3,-215.81421367996919
2017-09-19,0.0,0,0.0
2017-09-20,0.0,0,0.0
2017-09-21,-1.610421245249414,1,-80.52106226247069
2017-09-22,0.0,0,0.0
2017-09-25,-10.442939417196536,6,-522.1469708598268
2017-09-26,0.0,0,0.0
2017-09-27,-0.6621384571078451,1,-33.106922855392256
2017-09-28,-0.6058176199214685,1,-30.290880996073426
2017-09-29,2.095391708074229,2,104.76958540371145
2017-10-02,3.5841472556967595,2,179.20736278483798
2017-10-03,0.0,0,0.0
2017-10-04,-4.046206334449114,3,-202.31031672245572
2017-10-05,7.813999999999636,1,390.6999999999818
2017-10-06,0.0,0,0.0
2017-10-09,-1.685782650774374,2,-84.2891325387187
2017-10-10,0.0,0,0.0
2017-10-11,0.0,0,0.0
2017-10-12,0.0,0,0.0
2017-10-13,0.0,0,0.0
2017-10-16,-0.5744855127875198,1,-28.72427563937599
2017-10-17,0.0,0,0.0
2017-10-18,0.0,0,0.0
2017-10-19,-1.370366691991636,1,-68.51833459958179
2017-10-20,-1.0183875251407117,1,-50.91937625703559
2017-10-23,4.507999999999836,2,225.3999999999918
2017-10-24,0.0,0,0.0
2017-10-25,1.1519444688979859,6,57.59722344489929
2017-10-26,0.0,0,0.0
2017-10-27,9.703999999999963,1,485.19999999999817
2017-10-30,-2.766377485692563,3,-138.31887428462815
2017-10-31,0.0,0,0.0
2017-11-01,-0.9759173007407625,1,-48.795865037038126
2017-11-02,-5.687417307587515,4,-284.37086537937574
2017-11-03,-0.6078331966493679,1,-30.39165983246839
2017-11-06,-0.8559999999999818,1,-42.79999999999909
2017-11-07,-3.4847902782805322,3,-174.23951391402662
2017-11-08,0.0,0,0.0
2017-11-09,-7.498850653459373,1,-374.94253267296864
2017-11-10,0.0,0,0.0
2017-11-13,0.0,0,0.0
2017-11-14,0.03147682875444657,2,1.5738414377223287
2017-11-15,-3.1131647966303464,2,-155.6582398315173
2017-11-16,5.634000000000254,1,281.7000000000127
2017-11-17,0.0,0,0.0
2017-11-20,0.0,0,0.0
2017-11-21,0.3013571801289143,2,15.067859006445715
2017-11-22,0.0,0,0.0
2017-11-23,0.0,0,0.0
2017-11-24,0.0,0,0.0
2017-11-27,0.0,0,0.0
2017-11-28,17.854000000000056,1,892.7000000000028
2017-11-29,-5.25091534891587,2,-262.5457674457935
2017-11-30,3.687999999999672,2,184.3999999999836
2017-12-01,-21.91462147837771,2,-1095.7310739188856
2017-12-04,0.0,0,0.0
2017-12-05,0.6962868096393576,2,34.81434048196788
2017-12-06,-1.604573625644636,2,-80.22868128223179
2017-12-07,-0.3698027889092448,3,-18.49013944546224
2017-12-08,0.0,0,0.0
2017-12-11,-2.374475903786093,1,-118.72379518930465
2017-12-12,-0.5936712872146345,1,-29.683564360731722
2017-12-13,-2.535398253982723,2,-126.76991269913616
2017-12-14,0.0,0,0.0
2017-12-15,0.9905350763640527,1,49.526753818202636
2017-12-18,-3.073533193533851,2,-153.67665967669254
2017-12-19,-7.118023256610664,6,-355.9011628305332
2017-12-20,0.0,0,0.0
2017-12-21,-1.3959999999999455,1,-69.79999999999727
2017-12-22,0.0,0,0.0
2017-12-26,0.0,0,0.0
2017-12-27,0.0,0,0.0
2017-12-28,0.0,0,0.0
2017-12-29,0.0,0,0.0
2018-01-02,-2.173055540516518,2,-108.6527770258259
2018-01-03,9.703999999999963,1,485.19999999999817
2018-01-04,-8.00224952926275,6,-400.1124764631375
2018-01-05,0.0,0,0.0
2018-01-08,0.0,0,0.0
2018-01-09,-5.462435161782385,3,-273.1217580891192
2018-01-10,-0.34991441455416494,1,-17.495720727708246
2018-01-11,4.701596360586387,4,235.07981802931934
2018-01-12,9.703999999999963,1,485.19999999999817
2018-01-15,0.0,0,0.0
2018-01-16,-3.424217184066707,1,-171.21085920333533
2018-01-17,9.9740000000004,1,498.70000000002
2018-01-18,-1.375575980491918,1,-68.7787990245959
2018-01-19,0.0,0,0.0
2018-01-22,7.933031916531755,3,396.65159582658777
2018-01-23,-3.440795340008877,1,-172.03976700044385
2018-01-24,-0.37645221413070973,1,-18.822610706535485
2018-01-25,-0.027276340182412234,1,-1.3638170091206117
2018-01-26,-1.8638025756035606,2,-93.19012878017803
2018-01-29,-4.162920268288391,2,-208.14601341441957
2018-01-30,-4.1547446644421795,2,-207.73723322210898
2018-01-31,0.0,0,0.0
2018-02-01,-2.7640421819635193,1,-138.20210909817595
2018-02-02,35.87361425025694,5,1793.680712512847
2018-02-05,78.2596372051062,2,3912.98186025531
2018-02-06,9.578671700666558,3,478.93358503332786
2018-02-07,-11.105214545152624,2,-555.2607272576312
2018-02-08,87.26647233218937,3,4363.323616609468
2018-02-09,-53.17682120762147,3,-2658.8410603810735
2018-02-12,-10.888916711187878,2,-544.4458355593939
2018-02-13,0.0,0,0.0
2018-02-14,16.158000000000385,2,807.9000000000192
2018-02-15,0.0,0,0.0
2018-02-16,0.0,0,0.0
2018-02-19,0.0,0,0.0
2018-02-20,0.0,0,0.0
2018-02-21,0.0,0,0.0
2018-02-22,0.0,0,0.0
2018-02-23,0.0,0,0.0
2018-02-26,0.0,0,0.0
2018-02-27,0.0,0,0.0
2018-02-28,0.0,0,0.0
2018-03-01,-7.355590008944306,1,-367.7795004472153
2018-03-02,0.0,0,0.0
2018-03-05,15.664,1,783.1999999999999
2018-03-06,0.0,0,0.0
2018-03-07,0.0,0,0.0
2018-03-08,0.0,0,0.0
2018-03-09,23.02190435397918,2,1151.095217698959
2018-03-12,-0.586,1,-29.299999999999997
2018-03-13,-3.566000000000018,1,-178.3000000000009
2018-03-14,-5.6773285364792825,2,-283.8664268239641
2018-03-15,0.0,0,0.0
2018-03-16,-1.4308077136979338,2,-71.54038568489669
2018-03-19,9.831658758114637,3,491.58293790573185
2018-03-20,0.0,0,0.0
2018-03-21,0.0,0,0.0
2018-03-22,1.7796313532379102,5,88.98156766189551
2018-03-23,12.554143397832188,3,627.7071698916094
2018-03-26,6.622185711461068,2,331.1092855730534
2018-03-27,26.754000000000147,1,1337.7000000000073
2018-03-28,-9.270590106972767,3,-463.52950534863834
2018-03-29,-8.290729363497311,3,-414.53646817486555
2018-04-02,43.14228671395519,1,2157.1143356977595
2018-04-03,0.0,0,0.0
2018-04-04,1.8340000000000727,1,91.70000000000364
2018-04-05,0.0,0,0.0
2018-04-06,-4.435689768794847,2,-221.78448843974238
2018-04-09,11.26443481251844,3,563.2217406259219
2018-04-10,0.0,0,0.0
2018-04-11,0.0,0,0.0
2018-04-12,-4.610436331182642,1,-230.5218165591321
2018-04-13,0.0,0,0.0
2018-04-16,0.0,0,0.0
2018-04-17,0.0,0,0.0
2018-04-18,0.0,0,0.0
2018-04-19,-3.294968818982157,1,-164.74844094910785
2018-04-20,-3.0763652875127336,3,-153.8182643756367
2018-04-23,0.0,0,0.0
2018-04-24,20.52400000000013,1,1026.2000000000064
2018-04-25,-8.20916543053497,2,-410.4582715267485
2018-04-26,-10.60051007079523,4,-530.0255035397615
2018-04-27,0.0,0,0.0
2018-04-30,-2.755019168370596,1,-137.7509584185298
2018-05-01,-13.27166135477268,4,-663.583067738634
2018-05-02,-1.7402817332692722,1,-87.0140866634636
2018-05-03,-8.699885506356358,3,-434.9942753178179
2018-05-04,24.854000000000056,1,1242.7000000000028
2018-05-07,-3.657749424200334,1,-182.88747121001668
2018-05-08,0.0,0,0.0
2018-05-09,-6.915858185132681,3,-345.79290925663406
2018-05-10,3.484529033978801,1,174.22645169894005
2018-05-11,-2.2776468815404516,2,-113.88234407702258
2018-05-14,0.0,0,0.0
2018-05-15,-13.795192861240544,4,-689.7596430620272
2018-05-16,-4.634900035876133,3,-231.74500179380667
2018-05-17,0.0,0,0.0
2018-05-18,0.0,0,0.0
2018-05-21,0.0,0,0.0
2018-05-22,0.0,0,0.0
2018-05-23,0.0,0,0.0
2018-05-24,-1.4102144572889046,2,-70.51072286444523
2018-05-25,0.0,0,0.0
2018-05-28,0.0,0,0.0
2018-05-29,-2.2259999999998725,1,-111.29999999999363
2018-05-30,9.414,1,470.7
2018-05-31,-8.09237854233331,2,-404.61892711666553
2018-06-01,0.08796209708094072,4,4.398104854047036
2018-06-04,-2.0519522620918322,1,-102.59761310459162
2018-06-05,0.0,0,0.0
2018-06-06,-1.4060000000001638,1,-70.30000000000818
2018-06-07,0.0,0,0.0
2018-06-08,0.0,0,0.0
2018-06-11,-7.913974186280459,2,-395.69870931402295
2018-06-12,0.0,0,0.0
2018-06-13,0.0,0,0.0
2018-06-14,0.0,0,0.0
2018-06-15,-3.2162936019826196,4,-160.81468009913098
2018-06-18,0.0,0,0.0
2018-06-19,0.0,0,0.0
2018-06-20,0.0,0,0.0
2018-06-21,-1.9143949736484396,8,-95.71974868242198
2018-06-22,0.0,0,0.0
2018-06-25,5.254017940565543,2,262.70089702827715
2018-06-26,-2.386832409350038,2,-119.3416204675019
2018-06-27,4.05598245277569,3,202.7991226387845
2018-06-28,-4.168601756881964,5,-208.4300878440982
2018-06-29,-5.149049388249434,7,-257.4524694124717
2018-07-02,0.0,0,0.0
2018-07-03,3.183999999999982,1,159.1999999999991
2018-07-04,0.0,0,0.0
2018-07-05,0.0,0,0.0
2018-07-06,7.554287671710237,3,377.7143835855119
2018-07-09,-1.1259999999999637,1,-56.299999999998185
2018-07-10,0.0,0,0.0
2018-07-11,0.0,0,0.0
2018-07-12,0.0,0,0.0
2018-07-13,0.0,0,0.0
2018-07-16,0.0,0,0.0
2018-07-17,-2.811999999999873,2,-140.59999999999363
2018-07-18,0.0,0,0.0
2018-07-19,-1.8103929577011841,1,-90.5196478850592
2018-07-20,0.0,0,0.0
2018-07-23,0.0,0,0.0
2018-07-24,-2.8208983197625783,1,-141.0449159881289
2018-07-25,13.623206454924055,4,681.1603227462027
2018-07-26,0.0,0,0.0
2018-07-27,8.709661363121565,2,435.4830681560783
2018-07-30,-2.7923949784385003,4,-139.619748921925
2018-07-31,-3.110046192492253,3,-155.50230962461265
2018-08-01,-0.790416044401114,1,-39.5208022200557
2018-08-02,2.3740000000000365,1,118.70000000000182
2018-08-03,-1.3655625080379978,1,-68.27812540189989
2018-08-06,-0.02132898271496378,1,-1.066449135748189
2018-08-07,-0.6873267825421607,2,-34.366339127108034
2018-08-08,0.0,0,0.0
2018-08-09,0.0,0,0.0
2018-08-10,0.07059478529369154,1,3.5297392646845767
2018-08-13,-5.873059490844917,5,-293.6529745422459
2018-08-14,-7.640378296679449,4,-382.0189148339725
2018-08-15,-15.30674817007265,8,-765.3374085036324
2018-08-16,-1.7811656466978496,4,-89.05828233489248
2018-08-17,-9.030199182849818,3,-451.5099591424909
2018-08-20,0.0,0,0.0
2018-08-21,-5.6186497536732025,4,-280.9324876836601
2018-08-22,0.0,0,0.0
2018-08-23,-1.3959999999999455,1,-69.79999999999727
2018-08-24,-1.1562848383523232,2,-57.81424191761616
2018-08-27,-6.921402516850031,5,-346.07012584250157
2018-08-28,0.0,0,0.0
2018-08-29,5.8839999999998,1,294.19999999999
2018-08-30,-2.007030223261823,1,-100.35151116309116
2018-08-31,0.0,0,0.0
2018-09-03,0.0,0,0.0
2018-09-04,-7.10694718396596,2,-355.34735919829797
2018-09-05,-9.864515360973366,5,-493.2257680486683
2018-09-06,4.523999999999672,1,226.19999999998362
2018-09-07,0.0,0,0.0
2018-09-10,0.0,0,0.0
2018-09-11,-3.0460000000000362,1,-152.3000000000018
2018-09-12,0.0,0,0.0
2018-09-13,0.5410631236852751,1,27.053156184263756
2018-09-14,0.0,0,0.0
2018-09-17,-5.818585574138714,3,-290.9292787069357
2018-09-18,1.778000000000273,2,88.90000000001365
2018-09-19,0.0,0,0.0
2018-09-20,-2.4777399029887492,3,-123.88699514943747
2018-09-21,0.0,0,0.0
2018-09-24,0.0,0,0.0
2018-09-25,0.0,0,0.0
2018-09-26,-3.6035118967267734,1,-180.17559483633866
2018-09-27,5.244489098467751,1,262.22445492338755
2018-09-28,0.0,0,0.0
2018-10-01,-0.7195889611523271,1,-35.97944805761635
2018-10-02,0.0,0,0.0
2018-10-03,0.0,0,0.0
2018-10-04,9.50784832237471,2,475.39241611873547
2018-10-05,-2.2603586387940338,2,-113.01793193970168
2018-10-08,-9.674716341414271,2,-483.73581707071355
2018-10-09,-2.094722434019546,1,-104.73612170097731
2018-10-10,70.93399999999998,1,3546.6999999999994
2018-10-11,17.829327698604896,3,891.4663849302448
2018-10-12,0.0,0,0.0
2018-10-15,0.0,0,0.0
2018-10-16,23.964000000000183,1,1198.2000000000091
2018-10-17,1.2413761381501571,1,62.068806907507856
2018-10-18,-0.18603610723127711,2,-9.301805361563856
2018-10-19,-5.571819510287216,2,-278.59097551436076
2018-10-22,-10.72501547442059,2,-536.2507737210295
2018-10-23,-6.167456618205266,1,-308.3728309102633
2018-10-24,66.08857761453606,4,3304.428880726803
2018-10-25,-11.838464294196406,4,-591.9232147098203
2018-10-26,-1.3231490478967645,1,-66.15745239483822
2018-10-29,-5.269708903574825,1,-263.48544517874126
2018-10-30,-21.18578030585372,4,-1059.289015292686
2018-10-31,-3.9184609032481346,2,-195.92304516240674
2018-11-01,0.0,0,0.0
2018-11-02,-0.40134223431457183,2,-20.067111715728593
2018-11-05,0.0,0,0.0
2018-11-06,0.0,0,0.0
2018-11-07,-3.182578525381978,5,-159.12892626909888
2018-11-08,0.0,0,0.0
2018-11-09,-2.1488664008772576,3,-107.44332004386288
2018-11-12,13.577397767663165,4,678.8698883831582
2018-11-13,0.0,0,0.0
2018-11-14,-8.467897754214125,3,-423.39488771070626
2018-11-15,-13.697126378464848,2,-684.8563189232424
2018-11-16,0.0,0,0.0
2018-11-19,22.8839999999998,1,1144.19999999999
2018-11-20,-1.885750740359741,1,-94.28753701798705
2018-11-21,0.0,0,0.0
2018-11-22,0.0,0,0.0
2018-11-23,-1.0801317696102488,1,-54.00658848051244
2018-11-26,-8.720839085292218,3,-436.04195426461087
2018-11-27,0.0,0,0.0
2018-11-28,22.604000000000056,1,1130.2000000000028
2018-11-29,0.0,0,0.0
2018-11-30,0.0,0,0.0
2018-12-03,0.0,0,0.0
2018-12-04,61.08805234511697,4,3054.4026172558483
2018-12-06,-7.534588467821992,1,-376.7294233910996
2018-12-07,22.657141939440674,3,1132.8570969720338
2018-12-10,0.9508332260425298,2,47.54166130212649
2018-12-11,0.0,0,0.0
2018-12-12,0.0,0,0.0
2018-12-13,0.0,0,0.0
2018-12-14,-3.5460000000000362,1,-177.3000000000018
2018-12-17,4.822690442043091,4,241.13452210215453
2018-12-18,0.0,0,0.0
2018-12-19,-26.825866157260783,6,-1341.2933078630392
2018-12-20,-9.261636425017034,2,-463.0818212508517
2018-12-21,-21.002069040358865,6,-1050.1034520179433
2018-12-24,29.688445850938745,3,1484.4222925469373
2018-12-26,82.414,1,4120.7
2018-12-27,-7.965716302086763,1,-398.28581510433816
2018-12-28,0.0,0,0.0
2018-12-31,0.0,0,0.0
2019-01-02,0.0,0,0.0
2019-01-03,4.069853739820056,3,203.4926869910028
2019-01-04,12.961923750780924,2,648.0961875390462
2019-01-07,-12.46600000000011,1,-623.3000000000055
2019-01-08,0.0,0,0.0
2019-01-09,0.0,0,0.0
2019-01-10,0.0,0,0.0
2019-01-11,0.0,0,0.0
2019-01-14,0.0,0,0.0
2019-01-15,-4.479934117251054,4,-223.99670586255272
2019-01-16,0.4939999999999273,1,24.699999999996365
2019-01-17,0.0,0,0.0
2019-01-18,-1.7169226465882603,1,-85.84613232941301
2019-01-21,0.0,0,0.0
2019-01-22,-5.487934712789841,2,-274.396735639492
2019-01-23,-2.576302511729169,1,-128.81512558645844
2019-01-24,0.0,0,0.0
2019-01-25,0.0,0,0.0
2019-01-28,-4.706520890679687,2,-235.32604453398434
2019-01-29,-5.751999999999927,2,-287.5999999999963
2019-01-30,0.0,0,0.0
2019-01-31,8.553999999999872,1,427.6999999999936
2019-02-01,-3.055342319532643,1,-152.76711597663214
2019-02-04,0.0,0,0.0
2019-02-05,-1.3801149358466647,1,-69.00574679233323
2019-02-06,0.0,0,0.0
2019-02-07,-3.5760000000002363,1,-178.8000000000118
2019-02-08,0.0,0,0.0
2019-02-11,0.0,0,0.0
2019-02-12,3.5083010485084665,3,175.4150524254233
2019-02-13,-0.31600000000001816,1,-15.800000000000908
2019-02-14,0.0,0,0.0
2019-02-15,0.0,0,0.0
2019-02-18,0.0,0,0.0
2019-02-19,0.0,0,0.0
2019-02-20,0.0,0,0.0
2019-02-21,-4.751552060602269,3,-237.57760303011347
2019-02-22,-1.760120241132856,2,-88.0060120566428
2019-02-25,0.0,0,0.0
2019-02-26,0.0,0,0.0
2019-02-27,-3.33728512616493,1,-166.8642563082465
2019-02-28,0.0,0,0.0
2019-03-01,0.0,0,0.0
2019-03-04,1.2840000000003455,1,64.20000000001728
2019-03-05,-4.483036972332658,2,-224.15184861663292
2019-03-06,1.322968935040345,3,66.14844675201725
2019-03-07,-7.473486507556736,5,-373.6743253778368
2019-03-08,0.0,0,0.0
2019-03-11,23.92400000000022,1,1196.200000000011
2019-03-12,0.0,0,0.0
2019-03-13,-2.5381661241342117,3,-126.90830620671059
2019-03-14,0.0,0,0.0
2019-03-15,-3.9792544071014815,2,-198.96272035507408
2019-03-18,-8.091254010593463,3,-404.5627005296732
2019-03-19,0.0,0,0.0
2019-03-20,-13.532479386757535,4,-676.6239693378767
2019-03-21,21.62306175282268,2,1081.1530876411339
2019-03-22,-3.1973453000429632,5,-159.86726500214817
2019-03-25,-2.449108707250376,1,-122.4554353625188
2019-03-26,-6.157848551860272,2,-307.89242759301357
2019-03-27,-14.838297202013514,4,-741.9148601006757
2019-03-28,0.0,0,0.0
2019-03-29,0.0,0,0.0
2019-04-01,-1.1424556263248051,1,-57.12278131624026
2019-04-02,0.0,0,0.0
2019-04-03,0.0,0,0.0
2019-04-04,0.0,0,0.0
2019-04-05,0.0,0,0.0
2019-04-08,0.0,0,0.0
2019-04-09,0.0,0,0.0
2019-04-10,0.0,0,0.0
2019-04-11,-2.0536859603082447,1,-102.68429801541224
2019-04-12,0.0,0,0.0
2019-04-15,-4.239302774256619,3,-211.96513871283096
2019-04-16,0.0,0,0.0
2019-04-17,-7.602342081475133,3,-380.11710407375665
2019-04-18,-1.362880978331974,1,-68.14404891659869
2019-04-22,0.0,0,0.0
2019-04-23,14.1940000000002,1,709.7000000000099
2019-04-24,0.0,0,0.0
2019-04-25,-3.5524624826459656,1,-177.62312413229827
2019-04-26,4.252750482161016,2,212.6375241080508
2019-04-29,-5.436053545438376,4,-271.80267727191875
2019-04-30,-1.2551151983911697,2,-62.755759919558486
2019-05-01,0.0,0,0.0
2019-05-02,-21.86801374965893,4,-1093.4006874829465
2019-05-03,0.744000000000382,1,37.2000000000191
2019-05-06,0.0,0,0.0
2019-05-07,3.9739999999999456,1,198.6999999999973
2019-05-08,0.0,0,0.0
2019-05-09,-13.716080312287167,3,-685.8040156143584
2019-05-10,-3.379998361267528,2,-168.99991806337638
2019-05-13,-14.186238831872933,3,-709.3119415936467
2019-05-14,-7.128942858955005,3,-356.44714294775025
2019-05-15,1.0039999999996907,1,50.199999999984534
2019-05-16,-11.101630661524887,5,-555.0815330762443
2019-05-17,0.0,0,0.0
2019-05-20,0.0,0,0.0
2019-05-21,0.0,0,0.0
2019-05-22,0.0,0,0.0
2019-05-23,-11.937034539871497,4,-596.8517269935749
2019-05-24,0.0,0,0.0
2019-05-27,0.0,0,0.0
2019-05-28,-1.6560000000001638,1,-82.80000000000818
2019-05-29,-6.4393233316834415,1,-321.9661665841721
2019-05-30,-1.1259999999999637,1,-56.299999999998185
2019-05-31,0.0,0,0.0
2019-06-03,-3.761873446730293,1,-188.09367233651463
2019-06-04,14.67186171919141,2,733.5930859595705
2019-06-05,0.0,0,0.0
2019-06-06,0.0,0,0.0
2019-06-07,5.323999999999854,1,266.1999999999927
2019-06-10,-5.611435010530146,1,-280.5717505265073
2019-06-11,0.0,0,0.0
2019-06-12,0.0,0,0.0
2019-06-13,0.0,0,0.0
2019-06-14,-1.5223084195442753,1,-76.11542097721376
2019-06-17,0.0,0,0.0
2019-06-18,-13.289166120569122,9,-664.4583060284561
2019-06-19,0.0,0,0.0
2019-06-20,0.0,0,0.0
2019-06-21,0.0,0,0.0
2019-06-24,0.0,0,0.0
2019-06-25,15.493607605444648,4,774.6803802722324
2019-06-26,0.0,0,0.0
2019-06-27,0.0,0,0.0
2019-06-28,0.0,0,0.0
2019-07-01,0.0,0,0.0
2019-07-02,-1.087400290361744,1,-54.370014518087196
2019-07-03,10.828336055983097,2,541.4168027991549
2019-07-04,0.0,0,0.0
2019-07-05,-1.6407142464602076,1,-82.03571232301037
2019-07-08,-1.5279804554495386,1,-76.39902277247693
2019-07-09,0.0,0,0.0
2019-07-10,-4.363407380154273,1,-218.17036900771365
2019-07-11,0.0,0,0.0
2019-07-12,0.0,0,0.0
2019-07-15,0.0,0,0.0
2019-07-16,3.4239999999997637,1,171.1999999999882
2019-07-17,11.977507087631718,2,598.8753543815859
2019-07-18,0.0,0,0.0
2019-07-19,0.0,0,0.0
2019-07-22,-2.1427896181100876,1,-107.13948090550439
2019-07-23,0.0,0,0.0
2019-07-24,0.0,0,0.0
2019-07-25,-20.180426277404106,7,-1009.0213138702053
2019-07-26,5.314000000000091,1,265.70000000000454
2019-07-29,-3.413246221713936,2,-170.6623110856968
2019-07-30,0.0,0,0.0
2019-07-31,2.3540000000000547,1,117.70000000000273
2019-08-01,25.6670955942216,3,1283.35477971108
2019-08-02,-4.468172054864605,6,-223.40860274323026
2019-08-05,31.017287992604935,2,1550.8643996302467
2019-08-06,-0.7716072769237471,1,-38.58036384618735
2019-08-07,-0.5015133951726384,1,-25.075669758631918
2019-08-08,32.4440000000002,1,1622.20000000001
2019-08-09,-3.7154706849255237,2,-185.77353424627617
2019-08-12,-2.428434730426918,2,-121.42173652134589
2019-08-13,-21.048038311105948,3,-1052.4019155552974
2019-08-14,12.313956146918184,3,615.6978073459092
2019-08-15,0.0,0,0.0
2019-08-16,-6.222214614800098,2,-311.1107307400049
2019-08-19,0.0,0,0.0
2019-08-20,-2.1819912422531487,1,-109.09956211265744
2019-08-21,0.0,0,0.0
2019-08-22,-5.883701565737953,1,-294.18507828689764
2019-08-23,35.39400000000002,1,1769.700000000001
2019-08-26,0.0,0,0.0
2019-08-27,0.0,0,0.0
2019-08-28,-4.374214649768393,2,-218.71073248841967
2019-08-29,0.0,0,0.0
2019-08-30,0.0,0,0.0
2019-09-02,0.0,0,0.0
2019-09-03,0.0,0,0.0
2019-09-04,0.0,0,0.0
2019-09-05,-1.198614683525382,3,-59.9307341762691
2019-09-06,0.0,0,0.0
2019-09-09,0.0,0,0.0
2019-09-10,-8.257153240947634,3,-412.8576620473817
2019-09-11,0.0,0,0.0
2019-09-12,-2.2059999999998907,1,-110.29999999999454
2019-09-13,0.0,0,0.0
2019-09-16,-1.8139630532443662,1,-90.6981526622183
2019-09-17,0.0,0,0.0
2019-09-18,0.0,0,0.0
2019-09-19,-6.533775106058732,4,-326.6887553029366
2019-09-20,0.0,0,0.0
2019-09-23,-1.1259999999999637,1,-56.299999999998185
2019-09-24,2.0925444716927157,2,104.62722358463579
2019-09-25,-0.19640552745926776,4,-9.820276372963388
2019-09-26,-9.161701956250832,6,-458.0850978125416
2019-09-27,-5.919096410706491,2,-295.95482053532453
2019-09-30,-4.036011692697633,4,-201.80058463488163
2019-10-01,32.823999999999856,1,1641.1999999999928
2019-10-02,9.294567414615623,3,464.72837073078114
2019-10-03,10.627725725793026,4,531.3862862896513
2019-10-04,8.087198351252319,5,404.3599175626159
2019-10-07,0.0,0,0.0
2019-10-08,-6.989677717068578,3,-349.4838858534289
2019-10-09,0.0,0,0.0
2019-10-10,-9.30533024787241,4,-465.26651239362053
2019-10-11,0.8619003072849913,4,43.09501536424957
2019-10-14,0.0,0,0.0
2019-10-15,5.3556591493709345,1,267.7829574685467
2019-10-16,0.0,0,0.0
2019-10-17,0.0,0,0.0
2019-10-18,0.0,0,0.0
2019-10-21,0.0,0,0.0
2019-10-22,0.0,0,0.0
2019-10-23,0.0,0,0.0
2019-10-24,0.0,0,0.0
2019-10-25,-10.169744821732555,3,-508.48724108662776
2019-10-28,0.0,0,0.0
2019-10-29,0.0,0,0.0
2019-10-30,0.0,0,0.0
2019-10-31,-2.888994680154104,4,-144.4497340077052
2019-11-01,-7.855195739237097,5,-392.75978696185484
2019-11-04,0.0,0,0.0
2019-11-05,0.0,0,0.0
2019-11-06,0.0,0,0.0
2019-11-07,-4.1419999999998,2,-207.09999999999
2019-11-08,-0.3452332282538336,1,-17.26166141269168
2019-11-11,0.0,0,0.0
2019-11-12,0.4586334801608828,1,22.93167400804414
2019-11-13,0.0,0,0.0
2019-11-14,0.0,0,0.0
2019-11-15,0.0,0,0.0
2019-11-18,0.0,0,0.0
2019-11-19,-1.9555851553611647,1,-97.77925776805823
2019-11-20,-12.46058643162606,3,-623.0293215813031
2019-11-21,-13.143069858674988,6,-657.1534929337494
2019-11-22,0.0,0,0.0
2019-11-25,6.943999999999745,1,347.19999999998726
2019-11-26,-1.7840776623231578,1,-89.20388311615788
2019-11-27,-0.9327257337481314,2,-46.63628668740657
2019-11-28,0.0,0,0.0
2019-11-29,0.0,0,0.0
2019-12-02,15.843999999999836,1,792.1999999999917
2019-12-03,-4.725879435299652,4,-236.29397176498262
2019-12-04,-2.9006147974050434,2,-145.03073987025218
2019-12-05,0.0,0,0.0
2019-12-06,-0.9872749153077821,2,-49.363745765389105
2019-12-09,0.0,0,0.0
2019-12-10,0.0,0,0.0
2019-12-11,0.0,0,0.0
2019-12-12,-2.51260452451283,4,-125.63022622564151
2019-12-13,0.0,0,0.0
2019-12-16,-5.716000000000109,1,-285.80000000000547
2019-12-17,0.0,0,0.0
2019-12-18,0.0,0,0.0
2019-12-19,-1.4333918049005407,2,-71.66959024502704
2019-12-20,0.0,0,0.0
2019-12-23,0.0,0,0.0
2019-12-24,0.0,0,0.0
2019-12-26,-4.506694298290502,3,-225.3347149145251
2019-12-27,0.0,0,0.0
2019-12-30,-3.5617323791804485,5,-178.08661895902242
2019-12-31,0.0,0,0.0
2020-01-02,0.0,0,0.0
2020-01-03,0.0,0,0.0
2020-01-06,0.0,0,0.0
2020-01-07,0.0,0,0.0
2020-01-08,-12.217884767104541,3,-610.8942383552271
2020-01-09,0.0,0,0.0
2020-01-10,0.0,0,0.0
2020-01-13,6.9339999999999815,1,346.6999999999991
2020-01-14,0.0,0,0.0
2020-01-15,-7.4400039247263585,3,-372.00019623631795
2020-01-16,0.0,0,0.0
2020-01-17,0.0,0,0.0
2020-01-20,0.0,0,0.0
2020-01-21,0.0,0,0.0
2020-01-22,0.0,0,0.0
2020-01-23,-3.6693704721380853,1,-183.46852360690426
2020-01-24,15.82562587186433,2,791.2812935932166
2020-01-27,0.0,0,0.0
2020-01-28,6.394000000000018,1,319.7000000000009
2020-01-29,0.0,0,0.0
2020-01-30,-1.6560000000001638,1,-82.80000000000818
2020-01-31,46.19399999999975,1,2309.6999999999875
2020-02-03,-3.047640443471613,4,-152.38202217358065
2020-02-04,-5.216086745587719,2,-260.80433727938595
2020-02-05,0.0,0,0.0
2020-02-06,0.0,0,0.0
2020-02-07,1.5640000000000909,1,78.20000000000455
2020-02-10,-5.552479666511026,5,-277.6239833255513
2020-02-11,0.0,0,0.0
2020-02-12,0.0,0,0.0
2020-02-13,0.0,0,0.0
2020-02-14,0.0,0,0.0
2020-02-17,0.0,0,0.0
2020-02-18,-7.627756936404669,2,-381.38784682023345
2020-02-19,-0.586,1,-29.299999999999997
2020-02-20,-11.096000000000219,1,-554.800000000011
2020-02-21,-6.12305744564872,5,-306.152872282436
2020-02-24,0.0,0,0.0
2020-02-25,81.164,1,4058.2000000000003
2020-02-26,-16.240716981859297,4,-812.0358490929649
2020-02-27,-17.413369083997836,1,-870.6684541998918
2020-02-28,-19.890782487951103,2,-994.5391243975552
2020-03-02,80.62400000000004,1,4031.200000000002
2020-03-03,56.36988659984041,4,2818.4943299920205
2020-03-04,0.0,0,0.0
2020-03-05,0.0,0,0.0
2020-03-06,0.0,0,0.0
2020-03-09,0.0,0,0.0
2020-03-10,0.0,0,0.0
2020-03-11,-2.8828501124955253,5,-144.14250562477628
2020-03-12,-77.55336594252907,4,-3877.6682971264536
2020-03-13,0.0,0,0.0
2020-03-16,64.48276016089318,4,3224.138008044659
2020-03-17,-58.619175953142694,5,-2930.9587976571347
2020-03-18,-51.64718570217629,3,-2582.359285108814
2020-03-19,-26.527999999999984,3,-1326.3999999999992
2020-03-20,45.91690831001645,2,2295.8454155008226
2020-03-23,-39.62575735381365,4,-1981.2878676906823
2020-03-24,-21.46879563265945,5,-1073.4397816329724
2020-03-25,-2.0759649246999614,1,-103.79824623499808
2020-03-26,48.83564353600383,4,2441.7821768001913
2020-03-27,0.0,0,0.0
2020-03-30,-3.035999999999818,1,-151.7999999999909
2020-03-31,0.0,0,0.0
2020-04-01,0.0,0,0.0
2020-04-02,-7.116100482955945,2,-355.80502414779727
2020-04-03,-0.6059486004023453,2,-30.297430020117268
2020-04-06,-17.03153288813674,3,-851.5766444068371
2020-04-07,0.0,0,0.0
2020-04-08,2.403999999999782,1,120.19999999998909
2020-04-09,-13.174868539028681,1,-658.7434269514341
2020-04-13,-15.378629072453085,3,-768.9314536226543
2020-04-14,0.0,0,0.0
2020-04-15,0.0,0,0.0
2020-04-16,0.0,0,0.0
2020-04-17,0.0,0,0.0
2020-04-20,0.0,0,0.0
2020-04-21,-8.574583008000179,3,-428.72915040000896
2020-04-22,0.0,0,0.0
2020-04-23,-5.979547617378078,2,-298.9773808689039
2020-04-24,0.0,0,0.0
2020-04-27,0.0,0,0.0
2020-04-28,0.0,0,0.0
2020-04-29,-12.717026671199115,4,-635.8513335599557
2020-04-30,-19.887164973807266,5,-994.3582486903633
2020-05-01,-1.1459999999999455,1,-57.299999999997276
2020-05-04,0.0,0,0.0
2020-05-05,-5.305252126284308,4,-265.26260631421536
2020-05-06,0.0,0,0.0
2020-05-07,-2.129150362374945,1,-106.45751811874725
2020-05-08,0.0,0,0.0
2020-05-11,0.0,0,0.0
2020-05-12,30.319098441345698,3,1515.954922067285
2020-05-13,18.534032689290864,3,926.7016344645432
2020-05-14,-16.758275789237334,2,-837.9137894618667
2020-05-15,0.0,0,0.0
2020-05-18,-6.023452795156951,6,-301.17263975784755
2020-05-19,0.0,0,0.0
2020-05-20,10.159813915199505,1,507.99069575997527
2020-05-21,1.411631108236659,2,70.58155541183295
2020-05-22,-3.135868807898747,1,-156.79344039493733
2020-05-25,0.0,0,0.0
2020-05-26,0.0,0,0.0
2020-05-27,-2.5436110301404695,1,-127.18055150702348
2020-05-28,0.0,0,0.0
2020-05-29,-3.0360000000002727,1,-151.80000000001363
2020-06-01,0.0,0,0.0
2020-06-02,0.0,0,0.0
2020-06-03,-7.300485565903461,3,-365.0242782951731
2020-06-04,0.0,0,0.0
2020-06-05,0.20399999999996363,1,10.199999999998182
2020-06-08,0.0,0,0.0
2020-06-09,2.156619512496276,1,107.8309756248138
2020-06-10,-18.24910167358846,2,-912.455083679423
2020-06-11,86.1310481094329,2,4306.552405471645
2020-06-12,0.0,0,0.0
2020-06-15,57.03399999999989,1,2851.699999999995
2020-06-16,0.0,0,0.0
2020-06-17,-3.9232674164984345,1,-196.1633708249217
2020-06-18,0.0,0,0.0
2020-06-19,-2.11261896104064,1,-105.630948052032
2020-06-22,0.0,0,0.0
2020-06-23,0.0,0,0.0
2020-06-24,16.048566777654315,2,802.4283388827157
2020-06-25,0.0,0,0.0
2020-06-26,56.76399999999991,1,2838.1999999999957
2020-06-29,0.0,0,0.0
2020-06-30,0.0,0,0.0
2020-07-01,0.0,0,0.0
2020-07-02,-1.5484712323093264,1,-77.42356161546631
2020-07-03,0.0,0,0.0
2020-07-06,0.0,0,0.0
2020-07-07,0.0,0,0.0
2020-07-08,-4.680057252215862,1,-234.0028626107931
2020-07-09,-17.89877532444983,1,-894.9387662224915
2020-07-10,6.105042554145042,1,305.2521277072521
2020-07-13,-2.3302363175832723,1,-116.51181587916362
2020-07-14,0.0,0,0.0
2020-07-15,0.0,0,0.0
2020-07-16,0.0,0,0.0
2020-07-17,0.0,0,0.0
2020-07-20,0.0,0,0.0
2020-07-21,0.0,0,0.0
2020-07-22,-1.3190411152456691,1,-65.95205576228345
2020-07-23,0.0,0,0.0
2020-07-24,0.0,0,0.0
2020-07-27,-1.9434906008479957,1,-97.17453004239978
2020-07-28,0.0,0,0.0
2020-07-29,20.32902135212637,2,1016.4510676063186
2020-07-30,-8.730940749229136,1,-436.5470374614568
2020-07-31,-9.740780724139023,5,-487.03903620695115
2020-08-03,0.0,0,0.0
2020-08-04,0.0,0,0.0
2020-08-05,0.0,0,0.0
2020-08-06,1.0192430758786613,1,50.96215379393306
2020-08-07,0.0,0,0.0
2020-08-10,-6.905397497577029,1,-345.26987487885145
2020-08-11,0.0,0,0.0
2020-08-12,-11.625271876587199,4,-581.2635938293599
2020-08-13,0.0,0,0.0
2020-08-14,0.0,0,0.0
2020-08-17,0.0,0,0.0
2020-08-18,-2.7606140785426176,1,-138.03070392713087
2020-08-19,0.0,0,0.0
2020-08-20,0.2537804423652815,1,12.689022118264075
2020-08-21,-1.2552850034589684,2,-62.76425017294842
2020-08-24,0.0,0,0.0
2020-08-25,0.0,0,0.0
2020-08-26,16.364528893052494,2,818.2264446526247
2020-08-27,-9.29395035226317,3,-464.69751761315854
2020-08-28,0.0,0,0.0
2020-08-31,-2.6076384422856207,1,-130.38192211428102
2020-09-01,8.879587643557038,4,443.9793821778519
2020-09-02,10.546592140471867,3,527.3296070235933
2020-09-03,81.42399999999977,1,4071.1999999999884
2020-09-04,31.129846361452195,6,1556.4923180726098
2020-09-07,0.0,0,0.0
2020-09-08,0.0,0,0.0
2020-09-09,-7.830676931373949,4,-391.53384656869747
2020-09-10,0.0,0,0.0
2020-09-11,0.0,0,0.0
2020-09-14,1.9089866369295376,2,95.44933184647688
2020-09-15,0.0,0,0.0
2020-09-16,0.0,0,0.0
2020-09-17,0.0,0,0.0
2020-09-18,16.903999999999783,1,845.1999999999891
2020-09-21,-25.00868534771799,3,-1250.4342673858994
2020-09-22,0.0,0,0.0
2020-09-23,-9.93224301039206,2,-496.612150519603
2020-09-24,-3.9259999999996906,1,-196.29999999998452
2020-09-25,-2.0390140469323668,1,-101.95070234661834
2020-09-28,0.0,0,0.0
2020-09-29,-2.4460005485175063,2,-122.30002742587531
2020-09-30,9.47532179076624,3,473.766089538312
2020-10-01,0.0,0,0.0
2020-10-02,0.0,0,0.0
2020-10-05,11.5520000000004,3,577.6000000000199
2020-10-06,23.01399999999991,1,1150.6999999999955
2020-10-07,-7.906232631153191,2,-395.31163155765955
2020-10-08,0.0,0,0.0
2020-10-09,0.0,0,0.0
2020-10-12,9.991774085681994,1,499.5887042840997
2020-10-13,0.0,0,0.0
2020-10-14,-10.299172176837095,4,-514.9586088418547
2020-10-15,0.0,0,0.0
2020-10-16,-7.255368544071404,1,-362.7684272035702
2020-10-19,29.32938375133611,2,1466.4691875668054
2020-10-20,-13.205144753113663,3,-660.2572376556832
2020-10-21,-8.264889710887688,1,-413.2444855443844
2020-10-22,0.0,0,0.0
2020-10-23,0.0,0,0.0
2020-10-26,6.599870052111568,1,329.9935026055784
2020-10-27,-1.4649184084430418,1,-73.24592042215208
2020-10-28,7.539576968802573,4,376.9788484401286
2020-10-29,-14.519659540170943,5,-725.9829770085472
2020-10-30,-31.220465898810936,3,-1561.0232949405467
2020-11-02,3.2212625892154976,1,161.0631294607749
2020-11-03,6.498358638395819,5,324.917931919791
2020-11-04,24.20976627775535,3,1210.4883138877674
2020-11-05,-6.442151301308273,1,-322.10756506541367
2020-11-06,-4.305134991839838,1,-215.25674959199188
2020-11-09,0.0,0,0.0
2020-11-10,0.0,0,0.0
2020-11-11,0.0,0,0.0
2020-11-12,-18.867454860166355,3,-943.3727430083177
2020-11-13,0.0,0,0.0
2020-11-16,0.0,0,0.0
2020-11-17,-6.1460000000004005,1,-307.30000000002
2020-11-18,0.0,0,0.0
2020-11-19,0.0,0,0.0
2020-11-20,0.0,0,0.0
2020-11-23,0.0,0,0.0
2020-11-24,8.284000000000345,1,414.20000000001727
2020-11-25,-10.093470609767046,5,-504.6735304883523
2020-11-26,0.0,0,0.0
2020-11-27,0.0,0,0.0
2020-11-30,1.2593084666150645,2,62.965423330753225
2020-12-01,-10.098528949549026,3,-504.9264474774513
2020-12-02,0.0,0,0.0
2020-12-03,-1.9435865466029756,2,-97.17932733014878
2020-12-04,17.734000000000165,1,886.7000000000082
2020-12-07,0.0,0,0.0
2020-12-08,0.0,0,0.0
2020-12-09,0.0,0,0.0
2020-12-10,0.0,0,0.0
2020-12-11,0.0,0,0.0
2020-12-14,-5.989509780203181,2,-299.47548901015904
2020-12-15,0.0,0,0.0
2020-12-16,0.0,0,0.0
2020-12-17,0.0,0,0.0
2020-12-18,3.368594791407115,3,168.42973957035574
2020-12-21,-14.77245482778993,1,-738.6227413894966
2020-12-22,0.0,0,0.0
2020-12-23,-0.586,1,-29.299999999999997
2020-12-24,0.0,0,0.0
2020-12-28,0.0,0,0.0
2020-12-29,0.0,0,0.0
2020-12-30,0.0,0,0.0
2020-12-31,0.0,0,0.0
2021-01-04,40.06399999999964,1,2003.1999999999819
2021-01-05,-3.0705255902553037,2,-153.52627951276517
2021-01-06,-4.686060442177651,2,-234.30302210888257
2021-01-07,11.508862514103864,2,575.4431257051932
2021-01-08,0.0,0,0.0
2021-01-11,0.0,0,0.0
2021-01-12,0.0,0,0.0
2021-01-13,0.0,0,0.0
2021-01-14,0.0,0,0.0
2021-01-15,-8.100806465562957,2,-405.04032327814787
2021-01-18,0.0,0,0.0
2021-01-19,0.0,0,0.0
2021-01-20,3.9079611347231475,3,195.39805673615737
2021-01-21,0.0,0,0.0
2021-01-22,0.0,0,0.0
2021-01-25,-17.995305583016677,3,-899.7652791508339
2021-01-26,0.0,0,0.0
2021-01-27,-29.959551167217505,5,-1497.9775583608753
2021-01-28,-17.35200000000029,2,-867.6000000000146
2021-01-29,27.79400000000011,1,1389.7000000000055
2021-02-01,-0.33599999999999997,1,-16.799999999999997
2021-02-02,6.634000000000254,1,331.7000000000127
2021-02-03,0.0,0,0.0
2021-02-04,-1.1607970540000754,3,-58.03985270000377
2021-02-05,0.0,0,0.0
2021-02-08,0.0,0,0.0
2021-02-09,0.0,0,0.0
2021-02-10,0.0,0,0.0
2021-02-11,0.0,0,0.0
2021-02-12,0.0,0,0.0
2021-02-15,0.0,0,0.0
2021-02-16,0.0,0,0.0
2021-02-17,0.0,0,0.0
2021-02-18,-2.786678368202716,1,-139.3339184101358
2021-02-19,0.0,0,0.0
2021-02-22,0.0,0,0.0
2021-02-23,-4.337001232034469,1,-216.85006160172344
2021-02-24,37.54400000000011,1,1877.2000000000055
2021-02-25,60.96018304530074,2,3048.009152265037
2021-02-26,-33.219432068545274,2,-1660.9716034272637
2021-03-01,28.074000000000765,1,1403.7000000000382
2021-03-02,-5.92570193767958,2,-296.285096883979
2021-03-03,-11.59386311302794,2,-579.693155651397
2021-03-04,0.0,0,0.0
2021-03-05,-30.017789166991378,2,-1500.889458349569
2021-03-08,-25.755827049924797,4,-1287.7913524962398
2021-03-09,19.42580838875007,1,971.2904194375035
2021-03-10,0.0,0,0.0
2021-03-11,2.5644081635550973,2,128.22040817775488
2021-03-12,0.0,0,0.0
2021-03-15,0.0,0,0.0
2021-03-16,0.0,0,0.0
2021-03-17,0.0,0,0.0
2021-03-18,0.0,0,0.0
2021-03-19,-0.4302297129440703,1,-21.511485647203514
2021-03-22,2.131322062927691,2,106.56610314638455
2021-03-23,-4.216000000000109,1,-210.80000000000547
2021-03-24,0.0,0,0.0
2021-03-25,2.1740000000002184,1,108.70000000001092
2021-03-26,28.458727401969366,3,1422.9363700984684
2021-03-29,-7.410319733361096,2,-370.5159866680548
2021-03-30,0.0,0,0.0
2021-03-31,3.2978920783414574,3,164.89460391707286
2021-04-01,-1.3983380865701691,4,-69.91690432850845
2021-04-05,19.18399999999953,1,959.1999999999764
2021-04-06,1.3740000000000363,1,68.70000000000182
2021-04-07,0.0,0,0.0
2021-04-08,0.0,0,0.0
2021-04-09,6.753470403664133,3,337.6735201832067
2021-04-12,0.0,0,0.0
2021-04-13,-0.7073756663907915,2,-35.368783319539574
2021-04-14,-5.263771792987857,2,-263.18858964939284
2021-04-15,5.953442985007554,1,297.6721492503777
2021-04-16,0.0,0,0.0
2021-04-19,-19.885136181941512,4,-994.2568090970756
2021-04-20,-2.14935539606971,1,-107.4677698034855
2021-04-21,28.943999999999747,1,1447.1999999999873
2021-04-22,-5.697684133672017,3,-284.88420668360084
2021-04-23,27.55399999999942,1,1377.699999999971
2021-04-26,0.0,0,0.0
2021-04-27,-2.431969003823484,1,-121.5984501911742
2021-04-28,0.0,0,0.0
2021-04-29,0.0,0,0.0
2021-04-30,0.0,0,0.0
2021-05-03,0.0,0,0.0
2021-05-04,-3.857120029596584,7,-192.8560014798292
2021-05-05,0.0,0,0.0
2021-05-06,-8.54503716943619,3,-427.2518584718095
2021-05-07,-14.592870719866989,5,-729.6435359933495
2021-05-10,18.904000000000693,1,945.2000000000346
2021-05-11,-0.8642079098233225,1,-43.210395491166125
2021-05-12,38.54236637978059,2,1927.1183189890294
2021-05-13,-14.17240765258147,8,-708.6203826290734
2021-05-14,7.700008523737349,2,385.00042618686746
2021-05-17,0.0,0,0.0
2021-05-18,0.0,0,0.0
2021-05-19,0.0,0,0.0
2021-05-20,16.367999999999967,2,818.3999999999983
2021-05-21,0.0,0,0.0
2021-05-24,2.543160194341719,3,127.15800971708595
2021-05-25,0.0,0,0.0
2021-05-26,0.0,0,0.0
2021-05-27,0.0,0,0.0
2021-05-28,0.0,0,0.0
2021-05-31,0.0,0,0.0
2021-06-01,0.0,0,0.0
2021-06-02,0.0,0,0.0
2021-06-03,0.0,0,0.0
2021-06-04,-0.8659999999997453,1,-43.299999999987264
2021-06-07,-1.2739012967374366,1,-63.69506483687183
2021-06-08,-2.2560000000000726,1,-112.80000000000364
2021-06-09,0.0,0,0.0
2021-06-10,-2.6493174606716563,2,-132.46587303358282
2021-06-11,0.0,0,0.0
2021-06-14,-25.025567600625624,3,-1251.2783800312811
2021-06-15,-3.368495364500821,3,-168.42476822504105
2021-06-16,-1.9860000000005458,1,-99.30000000002728
2021-06-17,-11.744175382496666,1,-587.2087691248333
2021-06-18,-5.978354583907706,2,-298.9177291953853
2021-06-21,33.194000000000656,1,1659.7000000000328
2021-06-22,5.321458710113372,2,266.0729355056686
2021-06-23,0.0,0,0.0
2021-06-24,0.0,0,0.0
2021-06-25,0.0,0,0.0
2021-06-28,0.0,0,0.0
2021-06-29,0.0,0,0.0
2021-06-30,0.0,0,0.0
2021-07-01,3.2939999999992,1,164.69999999996
2021-07-02,4.414,1,220.7
2021-07-05,0.0,0,0.0
2021-07-06,0.2239999999994907,1,11.199999999974535
2021-07-07,0.0,0,0.0
2021-07-08,0.0,0,0.0
2021-07-09,20.904000000000693,1,1045.2000000000346
2021-07-12,-6.392508325325871,5,-319.6254162662936
2021-07-13,0.0,0,0.0
2021-07-14,0.0,0,0.0
2021-07-15,0.0,0,0.0
2021-07-16,-8.341502286336866,2,-417.07511431684327
2021-07-19,-27.108540650580544,5,-1355.4270325290272
2021-07-20,30.68399999999953,1,1534.1999999999764
2021-07-21,-3.45078172617808,1,-172.539086308904
2021-07-22,0.0,0,0.0
2021-07-23,-2.430845426911888,1,-121.54227134559441
2021-07-26,0.0,0,0.0
2021-07-27,-3.192168432502032,2,-159.6084216251016
2021-07-28,0.0,0,0.0
2021-07-29,-5.004658613589956,2,-250.2329306794978
2021-07-30,0.0,0,0.0
2021-08-02,0.0,0,0.0
2021-08-03,0.885550070361016,3,44.2775035180508
2021-08-04,0.0,0,0.0
2021-08-05,0.0,0,0.0
2021-08-06,0.0,0,0.0
2021-08-09,-0.586,1,-29.299999999999997
2021-08-10,-3.3759999999999635,1,-168.79999999999816
2021-08-11,0.0,0,0.0
2021-08-12,3.358285011405795,2,167.91425057028974
2021-08-13,0.0,0,0.0
2021-08-16,-16.51754468573194,4,-825.8772342865971
2021-08-17,-6.914620376406863,3,-345.73101882034314
2021-08-18,25.653999999999783,1,1282.6999999999891
2021-08-19,-17.992816882895998,2,-899.6408441447999
2021-08-20,15.874000000000036,1,793.7000000000018
2021-08-23,8.6008311943972,1,430.04155971986
2021-08-24,0.0,0,0.0
2021-08-25,-2.4076688714362464,2,-120.38344357181232
2021-08-26,-2.883121962710373,6,-144.15609813551865
2021-08-27,10.039739487458544,2,501.9869743729272
2021-08-30,5.056418284283849,1,252.82091421419244
2021-08-31,-2.307106444589168,1,-115.3553222294584
2021-09-01,0.0,0,0.0
2021-09-02,0.0,0,0.0
2021-09-03,0.0,0,0.0
2021-09-06,0.0,0,0.0
2021-09-07,-6.893466535318302,3,-344.6733267659151
2021-09-08,-7.602348804596179,2,-380.11744022980895
2021-09-09,1.2085309169854226,1,60.42654584927113
2021-09-10,-9.303392722981219,2,-465.1696361490609
2021-09-13,0.0,0,0.0
2021-09-14,-1.4862422631990486,2,-74.31211315995243
2021-09-15,21.23399999999971,1,1061.6999999999855
2021-09-16,2.666657764760682,2,133.33288823803412
2021-09-17,0.45889600250896123,2,22.94480012544806
2021-09-20,-14.066000000000473,1,-703.3000000000237
2021-09-21,0.0,0,0.0
2021-09-22,-3.121603648539778,2,-156.0801824269889
2021-09-23,9.754000000000145,1,487.70000000000726
2021-09-24,0.0,0,0.0
2021-09-27,0.0,0,0.0
2021-09-28,16.559366735512228,3,827.9683367756114
2021-09-29,5.009434785024736,1,250.47173925123678
2021-09-30,-42.483903583801236,4,-2124.195179190062
2021-10-01,-5.111669766243482,1,-255.5834883121741
2021-10-04,-3.959347420312472,2,-197.9673710156236
2021-10-05,25.52669514823198,1,1276.334757411599
2021-10-06,0.0,0,0.0
2021-10-07,-6.010508270690429,4,-300.5254135345214
2021-10-08,0.0,0,0.0
2021-10-11,-3.4119999999997814,2,-170.59999999998908
2021-10-12,0.0,0,0.0
2021-10-13,0.0,0,0.0
2021-10-14,-2.2763680289740225,2,-113.81840144870112
2021-10-15,0.0,0,0.0
2021-10-18,0.0,0,0.0
2021-10-19,0.0,0,0.0
2021-10-20,0.0,0,0.0
2021-10-21,0.0,0,0.0
2021-10-22,0.0,0,0.0
2021-10-25,0.0,0,0.0
2021-10-26,0.0,0,0.0
2021-10-27,0.0,0,0.0
2021-10-28,6.218156083418814,4,310.90780417094066
2021-10-29,0.0,0,0.0
2021-11-01,0.0,0,0.0
2021-11-02,-24.65809269336534,9,-1232.904634668267
2021-11-03,8.624000000000036,1,431.2000000000018
2021-11-04,-1.866217651991494,2,-93.3108825995747
2021-11-05,-2.4948077279338903,1,-124.74038639669452
2021-11-08,0.0,0,0.0
2021-11-09,-38.61097052782875,7,-1930.5485263914375
2021-11-10,0.8268423759257203,1,41.342118796286016
2021-11-11,0.0,0,0.0
2021-11-12,0.8037646624275361,2,40.188233121376804
2021-11-15,0.0,0,0.0
2021-11-16,-8.49508861112415,2,-424.75443055620747
2021-11-17,-3.733452894384514,1,-186.6726447192257
2021-11-18,-4.646676320914354,1,-232.3338160457177
2021-11-19,0.0,0,0.0
2021-11-22,-4.494779724976499,2,-224.73898624882494
2021-11-23,-18.9190945464911,2,-945.9547273245549
2021-11-24,0.0,0,0.0
2021-11-25,0.0,0,0.0
2021-11-26,-3.611832997877362,3,-180.5916498938681
2021-11-29,-11.825999999999782,1,-591.2999999999892
2021-11-30,23.193999999999747,1,1159.6999999999873
2021-12-01,-3.6284736197073797,1,-181.42368098536897
2021-12-02,-2.912025946611905,3,-145.60129733059526
2021-12-03,22.073999999999856,1,1103.6999999999928
2021-12-06,-6.3704192450242845,3,-318.5209622512142
2021-12-07,10.874000000000036,1,543.7000000000018
2021-12-08,0.0,0,0.0
2021-12-09,0.0,0,0.0
2021-12-10,0.0,0,0.0
2021-12-13,-12.438089310350923,3,-621.9044655175462
2021-12-14,0.0,0,0.0
2021-12-15,-2.990277771013767,1,-149.51388855068834
2021-12-16,0.0,0,0.0
2021-12-17,-0.4242768819071645,2,-21.213844095358226
2021-12-20,-6.600502594741746,3,-330.0251297370873
2021-12-21,-2.490760912334255,2,-124.53804561671275
2021-12-22,10.18334919877888,3,509.167459938944
2021-12-23,-8.73870524382135,5,-436.9352621910675
2021-12-27,45.69399999999975,1,2284.6999999999875
2021-12-28,0.0,0,0.0
2021-12-29,0.0,0,0.0
2021-12-30,0.0,0,0.0
2021-12-31,0.0,0,0.0
2022-01-03,0.0,0,0.0
2022-01-04,-3.6760000000001454,1,-183.80000000000726
2022-01-05,55.513999999999456,1,2775.699999999973
2022-01-06,0.7545725499887922,1,37.72862749943961
2022-01-07,-15.598065730201357,1,-779.9032865100679
2022-01-10,-7.29048904562516,6,-364.524452281258
2022-01-11,-11.386303367807535,6,-569.3151683903768
2022-01-12,-1.036116221712051,1,-51.80581108560255
2022-01-13,35.024000000000584,1,1751.2000000000291
2022-01-14,0.0,0,0.0
2022-01-17,0.0,0,0.0
2022-01-18,7.339730821678852,3,366.9865410839426
2022-01-19,0.0,0,0.0
2022-01-20,-12.573101918580935,2,-628.6550959290468
2022-01-21,-14.920594534051096,3,-746.0297267025549
2022-01-24,-141.91941124843035,3,-7095.970562421518
2022-01-25,-31.49290656997455,3,-1574.6453284987276
2022-01-26,4.754000000000145,1,237.70000000000726
2022-01-27,0.0,0,0.0
2022-01-28,-36.25335161150015,3,-1812.6675805750076
2022-01-31,64.74800000000008,2,3237.4000000000037
2022-02-01,0.0,0,0.0
2022-02-02,0.0,0,0.0
2022-02-03,0.0,0,0.0
2022-02-04,0.0,0,0.0
2022-02-07,0.0,0,0.0
2022-02-08,-7.502597186022236,4,-375.12985930111176
2022-02-09,0.0,0,0.0
2022-02-10,0.0,0,0.0
2022-02-11,56.89800000000062,2,2844.900000000031
2022-02-14,-16.50467334829543,2,-825.2336674147715
2022-02-15,-4.579203003434915,2,-228.96015017174577
2022-02-16,0.0,0,0.0
2022-02-17,27.684114248020997,5,1384.2057124010498
2022-02-18,-20.193230885992733,2,-1009.6615442996367
2022-02-21,6.473375821162145,3,323.6687910581073
2022-02-22,-36.72984182825846,2,-1836.492091412923
2022-02-23,-16.469227061676253,3,-823.4613530838127
2022-02-24,0.0,0,0.0
2022-02-25,45.15320875785849,2,2257.6604378929246
2022-02-28,0.0,0,0.0
2022-03-01,-4.266000000000291,1,-213.30000000001456
2022-03-02,11.733999999999709,1,586.6999999999854
2022-03-03,-5.89174904148034,1,-294.587452074017
2022-03-04,-1.2458634150914223,1,-62.293170754571115
2022-03-07,92.8539999999996,1,4642.69999999998
2022-03-08,-17.959103886684236,2,-897.9551943342118
2022-03-09,0.0,0,0.0
2022-03-10,0.0,0,0.0
2022-03-11,0.0,0,0.0
2022-03-14,-6.427386534651065,1,-321.36932673255325
2022-03-15,-7.200925798324963,2,-360.04628991624816
2022-03-16,-19.791186389910045,3,-989.5593194955022
2022-03-17,-2.7783845429982974,1,-138.91922714991486
2022-03-18,0.0,0,0.0
2022-03-21,0.0,0,0.0
2022-03-22,-2.2636222248410776,4,-113.18111124205387
2022-03-23,0.0,0,0.0
2022-03-24,0.0,0,0.0
2022-03-25,0.0,0,0.0
2022-03-28,0.0,0,0.0
2022-03-29,0.0,0,0.0
2022-03-30,0.0,0,0.0
2022-03-31,0.0,0,0.0
2022-04-01,0.0,0,0.0
2022-04-04,-6.8072065900163725,6,-340.36032950081864
2022-04-05,4.853299817892598,4,242.6649908946299
2022-04-06,-22.249704159182947,5,-1112.4852079591474
2022-04-07,-1.1400195406835993,2,-57.00097703417997
2022-04-08,-11.220214733728856,2,-561.0107366864428
2022-04-11,-16.3932784523792,5,-819.66392261896
2022-04-12,-19.94876637118542,3,-997.438318559271
2022-04-13,39.63005811398173,2,1981.5029056990866
2022-04-14,14.528564038576217,3,726.4282019288108
2022-04-18,0.0,0,0.0
2022-04-19,40.73399999999971,1,2036.6999999999855
2022-04-20,0.0,0,0.0
2022-04-21,41.584000000000074,1,2079.200000000004
2022-04-22,64.28034995127976,2,3214.017497563988
2022-04-25,-36.96481310633608,3,-1848.2406553168041
2022-04-26,63.857842927407596,4,3192.8921463703796
2022-04-27,-47.62144427058951,4,-2381.0722135294754
2022-04-28,-3.4720912956531462,2,-173.60456478265732
2022-04-29,87.70402414880645,3,4385.201207440323
2022-05-02,-37.19790805385123,4,-1859.8954026925614
2022-05-03,-5.103586909739962,2,-255.17934548699813
2022-05-04,59.86399999999982,1,2993.199999999991
2022-05-05,86.0340000000008,1,4301.70000000004
2022-05-06,-17.69352210753162,1,-884.6761053765811
2022-05-09,-26.221964435328736,5,-1311.0982217664368
2022-05-10,0.0,0,0.0
2022-05-11,-35.73575834781442,3,-1786.7879173907208
2022-05-12,0.0,0,0.0
2022-05-13,-9.913645712929982,3,-495.6822856464991
2022-05-16,0.0,0,0.0
2022-05-17,0.0,0,0.0
2022-05-18,47.133718224979745,3,2356.6859112489874
2022-05-19,0.0,0,0.0
2022-05-20,-6.721481363959116,1,-336.0740681979558
2022-05-23,-8.771999999999455,2,-438.59999999997274
2022-05-24,2.732467172698547,1,136.62335863492737
2022-05-25,0.0,0,0.0
2022-05-26,30.61399999999982,1,1530.699999999991
2022-05-27,27.59914545441715,3,1379.9572727208576
2022-05-30,0.0,0,0.0
2022-05-31,-3.1160000000006547,1,-155.80000000003272
2022-06-01,-16.122000000000728,2,-806.1000000000364
2022-06-02,37.643999999999565,1,1882.1999999999782
2022-06-03,0.0,0,0.0
2022-06-06,0.0,0,0.0
2022-06-07,0.0,0,0.0
2022-06-08,0.0,0,0.0
2022-06-09,0.0,0,0.0
2022-06-10,40.453999999999965,1,2022.6999999999982
2022-06-13,-10.702775638366322,2,-535.1387819183161
2022-06-14,0.0,0,0.0
2022-06-15,0.0,0,0.0
2022-06-16,-24.60514432631608,3,-1230.257216315804
2022-06-17,-10.163500354583878,2,-508.1750177291939
2022-06-20,0.0,0,0.0
2022-06-21,0.5140572629596067,3,25.702863147980338
2022-06-22,-1.705999999999891,1,-85.29999999999454
2022-06-23,0.0,0,0.0
2022-06-24,70.79400000000011,1,3539.7000000000057
2022-06-27,0.0,0,0.0
2022-06-28,34.89677271751661,3,1744.8386358758305
2022-06-29,0.0,0,0.0
2022-06-30,-13.696865577037418,2,-684.8432788518709
2022-07-01,0.0,0,0.0
2022-07-04,0.0,0,0.0
2022-07-05,-5.260343620462183,2,-263.0171810231091
2022-07-06,0.0,0,0.0
2022-07-07,7.8590187568757095,2,392.9509378437855
2022-07-08,0.0,0,0.0
2022-07-11,0.0,0,0.0
2022-07-12,0.0,0,0.0
2022-07-13,0.0,0,0.0
2022-07-14,-0.7576612313048244,1,-37.88306156524122
2022-07-15,-6.637269066486144,2,-331.86345332430716
2022-07-18,0.0,0,0.0
2022-07-19,46.05399999999942,1,2302.699999999971
2022-07-20,-21.256150285605813,1,-1062.8075142802907
2022-07-21,10.261004932901896,2,513.0502466450948
2022-07-22,17.654000000000693,1,882.7000000000346
2022-07-25,0.0,0,0.0
2022-07-26,-6.78818319889586,5,-339.409159944793
2022-07-27,10.401399117060276,3,520.0699558530138
2022-07-28,-5.143342166118311,5,-257.1671083059155
2022-07-29,16.126301102693827,3,806.3150551346913
2022-08-01,0.0,0,0.0
2022-08-02,0.0,0,0.0
2022-08-03,21.594000000000293,1,1079.7000000000146
2022-08-04,0.0,0,0.0
2022-08-05,0.0,0,0.0
2022-08-08,-4.71546449082574,1,-235.773224541287
2022-08-09,1.1738747477704818,1,58.69373738852409
2022-08-10,0.0,0,0.0
2022-08-11,0.0,0,0.0
2022-08-12,29.334300528994202,3,1466.7150264497102
2022-08-15,0.0,0,0.0
2022-08-16,-1.7060000000008004,1,-85.30000000004001
2022-08-17,0.0,0,0.0
2022-08-18,0.0,0,0.0
2022-08-19,-0.30349447577234234,2,-15.174723788617117
2022-08-22,7.576295601110651,5,378.81478005553254
2022-08-23,0.0,0,0.0
2022-08-24,-8.59785370395433,1,-429.8926851977165
2022-08-25,-14.763529396509702,3,-738.1764698254851
2022-08-26,107.90399999999978,1,5395.199999999989
2022-08-29,0.0,0,0.0
2022-08-30,5.119800039857902,3,255.99000199289512
2022-08-31,0.0,0,0.0
2022-09-01,-15.255596281475366,2,-762.7798140737683
2022-09-02,-23.406651315010045,4,-1170.3325657505022
2022-09-05,0.0,0,0.0
2022-09-06,10.010071852374734,1,500.5035926187367
2022-09-07,34.69424123824028,3,1734.712061912014
2022-09-08,0.15114249252316223,1,7.557124626158111
2022-09-09,-16.872632104193094,4,-843.6316052096547
2022-09-12,-0.1808005357513466,1,-9.04002678756733
2022-09-13,63.45800000000011,2,3172.9000000000055
2022-09-14,0.0,0,0.0
2022-09-15,0.0,0,0.0
2022-09-16,0.0,0,0.0
2022-09-19,0.0,0,0.0
2022-09-20,0.0,0,0.0
2022-09-21,0.0,0,0.0
2022-09-22,-22.921078025495213,4,-1146.0539012747606
2022-09-23,-22.388358205223945,4,-1119.4179102611972
2022-09-26,-14.631959983809983,3,-731.5979991904992
2022-09-27,-7.194708469164627,2,-359.7354234582313
2022-09-28,38.29229961089507,2,1914.6149805447535
2022-09-29,-5.161477966791532,6,-258.0738983395766
2022-09-30,-8.502617027407483,1,-425.13085137037416
2022-10-03,14.239754351885976,2,711.9877175942988
2022-10-04,-23.718306195329582,6,-1185.9153097664791
2022-10-05,0.0,0,0.0
2022-10-06,0.0,0,0.0
2022-10-07,11.422438313559322,4,571.1219156779661
2022-10-10,-15.327205191547554,3,-766.3602595773777
2022-10-11,0.0,0,0.0
2022-10-12,0.0,0,0.0
2022-10-13,64.29400000000011,1,3214.7000000000057
2022-10-14,31.293586077310948,2,1564.6793038655474
2022-10-17,0.3972018323252344,2,19.86009161626172
2022-10-18,0.0,0,0.0
2022-10-19,0.0,0,0.0
2022-10-20,-18.618112353947684,2,-930.9056176973842
2022-10-21,37.76173028955466,2,1888.086514477733
2022-10-24,0.0,0,0.0
2022-10-25,-9.408095799826647,4,-470.40478999133234
2022-10-26,0.0,0,0.0
2022-10-27,0.0,0,0.0
2022-10-28,51.34725267374645,2,2567.3626336873226
2022-10-31,0.0,0,0.0
2022-11-01,0.0,0,0.0
2022-11-02,24.563999999999638,1,1228.1999999999819
2022-11-03,-4.309279635769359,1,-215.46398178846795
2022-11-04,0.0,0,0.0
2022-11-07,0.0,0,0.0
2022-11-08,-13.160043308465852,4,-658.0021654232926
2022-11-09,2.864001673376631,2,143.20008366883155
2022-11-10,12.776592331755019,5,638.8296165877509
2022-11-11,-4.502780617687437,1,-225.13903088437183
2022-11-14,0.0,0,0.0
2022-11-15,0.0,0,0.0
2022-11-16,0.0,0,0.0
2022-11-17,0.0,0,0.0
2022-11-18,0.0,0,0.0
2022-11-21,0.0,0,0.0
2022-11-22,0.0,0,0.0
2022-11-23,-9.59595543830844,2,-479.797771915422
2022-11-24,0.0,0,0.0
2022-11-25,0.0,0,0.0
2022-11-28,0.0,0,0.0
2022-11-29,-19.319884834849482,3,-965.9942417424741
2022-11-30,3.5727615390167475,3,178.6380769508374
2022-12-01,-17.262630016818978,2,-863.1315008409489
2022-12-02,0.0,0,0.0
2022-12-05,31.92152887028787,3,1596.0764435143935
2022-12-06,36.884000000000256,1,1844.2000000000128
2022-12-07,0.0,0,0.0
2022-12-08,-5.952449709273614,3,-297.6224854636807
2022-12-09,0.0,0,0.0
2022-12-12,0.0,0,0.0
2022-12-13,0.0,0,0.0
2022-12-14,-7.243547126970232,3,-362.1773563485116
2022-12-15,21.594000000000293,1,1079.7000000000146
2022-12-16,-24.272618350307262,4,-1213.630917515363
2022-12-19,-0.9844371822725734,1,-49.22185911362867
2022-12-20,0.0,0,0.0
2022-12-21,-8.056944830407891,3,-402.84724152039456
2022-12-22,35.77854227862966,2,1788.9271139314828
2022-12-23,0.0,0,0.0
2022-12-27,-5.615494566125323,1,-280.7747283062661
2022-12-28,15.886918068825974,3,794.3459034412987
2022-12-29,19.093999999999383,1,954.6999999999691
2022-12-30,0.0,0,0.0
2023-01-03,-5.916615761341026,3,-295.8307880670513
2023-01-04,0.0,0,0.0
2023-01-05,-4.238177111971898,3,-211.9088555985949
2023-01-06,7.334941188246427,4,366.74705941232133
2023-01-09,-0.31247139502029997,3,-15.623569751014998
2023-01-10,0.0,0,0.0
2023-01-11,0.0,0,0.0
2023-01-12,-6.136000000000182,1,-306.8000000000091
2023-01-13,0.0,0,0.0
2023-01-16,0.0,0,0.0
2023-01-17,0.0,0,0.0
2023-01-18,42.393999999999565,1,2119.6999999999784
2023-01-19,0.0,0,0.0
2023-01-20,-5.7471442504390655,1,-287.3572125219533
2023-01-23,13.713238339718853,2,685.6619169859426
2023-01-24,0.0,0,0.0
2023-01-25,-8.52849473047215,2,-426.4247365236075
2023-01-26,0.0,0,0.0
2023-01-27,0.0,0,0.0
2023-01-30,0.0,0,0.0
2023-01-31,27.008576548131526,3,1350.4288274065764
2023-02-01,0.0,0,0.0
2023-02-02,-3.968710997716458,1,-198.4355498858229
2023-02-03,0.0,0,0.0
2023-02-06,0.0,0,0.0
2023-02-07,-29.433198570287644,3,-1471.6599285143823
2023-02-08,-7.12441084117879,2,-356.2205420589395
2023-02-09,-17.562060955071022,2,-878.1030477535511
2023-02-10,0.0,0,0.0
2023-02-13,14.512638065491766,3,725.6319032745882
2023-02-14,-2.1182204782660263,1,-105.91102391330132
2023-02-15,0.0,0,0.0
2023-02-16,0.0,0,0.0
2023-02-17,-6.597005342262252,1,-329.8502671131126
2023-02-20,0.0,0,0.0
2023-02-21,11.182036001798036,3,559.1018000899018
2023-02-22,0.0,0,0.0
2023-02-23,-7.981527685442176,1,-399.0763842721088
2023-02-24,-5.693354879962928,2,-284.66774399814636
2023-02-27,0.0,0,0.0
2023-02-28,0.0,0,0.0
2023-03-01,0.0,0,0.0
2023-03-02,0.0,0,0.0
2023-03-03,17.97868771457027,2,898.9343857285135
2023-03-06,-6.172330928639414,2,-308.6165464319707
2023-03-07,29.37619865743005,4,1468.8099328715025
2023-03-08,10.507074473571505,1,525.3537236785752
2023-03-09,-2.8186534019684912,1,-140.93267009842455
2023-03-10,-24.98470507261137,3,-1249.2352536305684
2023-03-13,-56.327272327716315,6,-2816.363616385816
2023-03-14,-10.077725800321065,3,-503.8862900160533
2023-03-15,0.0,0,0.0
2023-03-16,26.067999999998875,2,1303.3999999999437
2023-03-17,-27.282028857198092,5,-1364.1014428599046
2023-03-20,-16.049932004853822,4,-802.4966002426911
2023-03-21,0.0,0,0.0
2023-03-22,0.0,0,0.0
2023-03-23,-16.24601710402107,4,-812.3008552010535
2023-03-24,0.0,0,0.0
2023-03-27,0.0,0,0.0
2023-03-28,0.0,0,0.0
2023-03-29,0.0,0,0.0
2023-03-30,0.0,0,0.0
2023-03-31,12.546001713528604,5,627.3000856764302
2023-04-03,-6.909439539833759,2,-345.47197699168794
2023-04-04,-8.674332008903738,3,-433.7166004451869
2023-04-05,0.0,0,0.0
2023-04-06,0.0,0,0.0
2023-04-10,0.0,0,0.0
2023-04-11,0.0,0,0.0
2023-04-12,-4.716000000000109,1,-235.80000000000547
2023-04-13,19.62257152046349,3,981.1285760231746
2023-04-14,-17.751112449304806,4,-887.5556224652403
2023-04-17,0.0,0,0.0
2023-04-18,0.0,0,0.0
2023-04-19,0.0,0,0.0
2023-04-20,0.0,0,0.0
2023-04-21,-5.6387639496465205,2,-281.938197482326
2023-04-24,0.0,0,0.0
2023-04-25,27.082664436182124,3,1354.1332218091063
2023-04-26,-8.500893574840308,3,-425.04467874201544
2023-04-27,36.61120865465867,2,1830.5604327329334
2023-04-28,1.85829021088629,3,92.9145105443145
2023-05-01,0.0,0,0.0
2023-05-02,36.99560493526617,5,1849.7802467633087
2023-05-03,-0.6312349789438813,1,-31.56174894719406
2023-05-04,-23.008946718312423,4,-1150.4473359156211
2023-05-05,19.916496489884405,3,995.8248244942203
2023-05-08,0.0,0,0.0
2023-05-09,0.0,0,0.0
2023-05-10,-1.2481014532101982,1,-62.40507266050991
2023-05-11,-4.779227016115998,1,-238.9613508057999
2023-05-12,-16.48537354832316,3,-824.268677416158
2023-05-15,0.0,0,0.0
2023-05-16,0.0,0,0.0
2023-05-17,8.193999999999745,1,409.69999999998726
2023-05-18,8.26752794100144,4,413.376397050072
2023-05-19,0.0,0,0.0
2023-05-22,0.0,0,0.0
2023-05-23,1.594000000000291,1,79.70000000001455
2023-05-24,-23.733246627270468,6,-1186.6623313635234
2023-05-25,0.0,0,0.0
2023-05-26,32.703999999999965,1,1635.1999999999982
2023-05-29,0.0,0,0.0
2023-05-30,0.0,0,0.0
2023-05-31,-12.473521098417171,4,-623.6760549208585
2023-06-01,17.279427060014797,2,863.9713530007398
2023-06-02,11.493999999999927,1,574.6999999999963
2023-06-05,0.0,0,0.0
2023-06-06,0.0,0,0.0
2023-06-07,-2.5801857492140114,1,-129.00928746070056
2023-06-08,-7.14222776195014,1,-357.111388097507
2023-06-09,1.1231472513602638,1,56.15736256801319
2023-06-12,0.0,0,0.0
2023-06-13,-0.25938706312875726,1,-12.969353156437863
2023-06-14,-1.9656234344154073,1,-98.28117172077036
2023-06-15,32.43882841184089,2,1621.9414205920443
2023-06-16,0.0,0,0.0
2023-06-19,0.0,0,0.0
2023-06-20,-17.09146122583498,3,-854.573061291749
2023-06-21,-1.2839116215752584,1,-64.19558107876291
2023-06-22,0.0,0,0.0
2023-06-23,0.0,0,0.0
2023-06-26,-2.2784123164126284,1,-113.92061582063143
2023-06-27,25.283999999999892,1,1264.1999999999946
2023-06-28,0.0,0,0.0
2023-06-29,-3.9467145120140557,1,-197.33572560070277
2023-06-30,-3.7095720701708563,4,-185.47860350854282
2023-07-03,0.0,0,0.0
2023-07-04,0.0,0,0.0
2023-07-05,0.0,0,0.0
2023-07-06,2.86173240624478,2,143.086620312239
2023-07-07,-27.586,1,-1379.3
2023-07-10,0.0,0,0.0
2023-07-11,0.0,0,0.0
2023-07-12,0.0,0,0.0
2023-07-13,0.0,0,0.0
2023-07-14,0.0,0,0.0
2023-07-17,0.4255031053846906,1,21.27515526923453
2023-07-18,21.184000000000438,1,1059.2000000000219
2023-07-19,-1.2394776459229762,1,-61.97388229614881
2023-07-20,0.0,0,0.0
2023-07-21,0.0,0,0.0
2023-07-24,-8.036684446064049,4,-401.83422230320247
2023-07-25,-5.054161787306119,3,-252.70808936530594
2023-07-26,0.0,0,0.0
2023-07-27,15.464000000000182,1,773.200000000009
2023-07-28,-0.8491615392829189,1,-42.458076964145945
2023-07-31,0.0,0,0.0
2023-08-01,0.0,0,0.0
2023-08-02,19.823999999999856,1,991.1999999999928
2023-08-03,0.0,0,0.0
2023-08-04,-11.549575361600736,3,-577.4787680800368
2023-08-07,-6.651263312517106,2,-332.5631656258553
2023-08-08,-2.072564513812671,4,-103.62822569063354
2023-08-09,-1.8323667638898837,3,-91.61833819449419
2023-08-10,-14.366200939633448,2,-718.3100469816724
2023-08-11,0.0,0,0.0
2023-08-14,-15.898850373950774,5,-794.9425186975387
2023-08-15,17.65206571564709,4,882.6032857823545
2023-08-16,-3.084571937368979,1,-154.22859686844893
2023-08-17,24.7240000000004,1,1236.20000000002
2023-08-18,0.0,0,0.0
2023-08-21,-3.035999999999818,1,-151.7999999999909
2023-08-22,0.0,0,0.0
2023-08-23,21.355510340021766,2,1067.7755170010882
2023-08-24,45.98399999999971,1,2299.1999999999857
2023-08-25,0.0,0,0.0
2023-08-28,0.0,0,0.0
2023-08-29,57.69399999999975,1,2884.6999999999875
2023-08-30,-2.642736254449788,1,-132.1368127224894
2023-08-31,0.0,0,0.0
2023-09-01,0.0,0,0.0
2023-09-04,0.0,0,0.0
2023-09-05,-2.856733840037792,1,-142.8366920018896
2023-09-06,18.184000000000438,1,909.2000000000219
2023-09-07,0.0,0,0.0
2023-09-08,4.398942504130231,1,219.94712520651154
2023-09-11,0.0,0,0.0
2023-09-12,0.0,0,0.0
2023-09-13,0.0,0,0.0
2023-09-14,0.0,0,0.0
2023-09-15,12.331598806585614,2,616.5799403292807
2023-09-18,0.0,0,0.0
2023-09-19,-12.735999999999637,1,-636.7999999999819
2023-09-20,0.0,0,0.0
2023-09-21,4.306939781043475,5,215.34698905217374
2023-09-22,-5.498947717007897,2,-274.9473858503948
2023-09-25,-1.646237463246267,1,-82.31187316231335
2023-09-26,-2.0791993141094363,3,-103.95996570547182
2023-09-27,-35.86642022776045,4,-1793.3210113880225
2023-09-28,-16.274211888052996,5,-813.7105944026498
2023-09-29,-18.74344236151362,2,-937.1721180756809
2023-10-02,-2.7459999999998543,1,-137.2999999999927
2023-10-03,8.823999999999854,1,441.1999999999927
2023-10-04,-10.083911608830212,3,-504.1955804415106
2023-10-05,11.429980327688819,3,571.4990163844409
2023-10-06,6.664,1,333.2
2023-10-09,-10.838354393573542,3,-541.9177196786771
2023-10-10,16.198787840438428,2,809.9393920219213
2023-10-11,0.0,0,0.0
2023-10-12,-12.080034199808514,3,-604.0017099904258
2023-10-13,-7.347362862749593,1,-367.36814313747965
2023-10-16,0.8671285791781557,1,43.356428958907784
2023-10-17,0.0,0,0.0
2023-10-18,3.0867128837521958,2,154.3356441876098
2023-10-19,-5.873492508031822,3,-293.6746254015911
2023-10-20,-12.703760472383829,7,-635.1880236191914
2023-10-23,-6.306384566937355,1,-315.31922834686776
2023-10-24,-10.463799864868154,2,-523.1899932434077
2023-10-25,8.264825901131909,3,413.24129505659545
2023-10-26,-2.204087615186356,2,-110.2043807593178
2023-10-27,-7.782402858860653,2,-389.12014294303265
2023-10-30,-4.32760082461252,2,-216.380041230626
2023-10-31,-0.23262924005733657,1,-11.631462002866828
2023-11-01,-7.243881042033966,2,-362.1940521016983
2023-11-02,9.118644762511686,5,455.93223812558426
2023-11-03,-14.52036344537866,6,-726.018172268933
2023-11-06,0.0,0,0.0
2023-11-07,-2.5659274132619756,1,-128.29637066309877
2023-11-08,0.0,0,0.0
2023-11-09,9.914,1,495.7
2023-11-10,19.073999999999856,1,953.6999999999928
2023-11-13,0.0,0,0.0
2023-11-14,-4.086626285815946,5,-204.3313142907973
2023-11-15,0.0,0,0.0
2023-11-16,0.0,0,0.0
2023-11-17,0.0,0,0.0
2023-11-20,11.551018105117503,3,577.5509052558751
2023-11-21,0.0,0,0.0
2023-11-22,0.0,0,0.0
2023-11-23,0.0,0,0.0
2023-11-24,0.0,0,0.0
2023-11-27,0.0,0,0.0
2023-11-28,-1.610515344772226,1,-80.5257672386113
2023-11-29,-4.304115656253758,1,-215.20578281268791
2023-11-30,-6.792561919145985,2,-339.62809595729925
2023-12-01,0.14799999999970836,2,7.399999999985418
2023-12-04,-4.805078606488197,2,-240.25393032440988
2023-12-05,-1.4299522479675362,1,-71.4976123983768
2023-12-06,0.0,0,0.0
2023-12-07,-9.658908874073807,4,-482.9454437036904
2023-12-08,-12.899597339990768,3,-644.9798669995384
2023-12-11,0.0,0,0.0
2023-12-12,0.0,0,0.0
2023-12-13,0.0,0,0.0
2023-12-14,0.0,0,0.0
2023-12-15,0.0,0,0.0
2023-12-18,-8.90406146281561,4,-445.20307314078053
2023-12-19,-4.891118850763822,3,-244.5559425381911
2023-12-20,27.653999999999783,1,1382.6999999999891
2023-12-21,0.0,0,0.0
2023-12-22,-8.13608155858535,2,-406.80407792926746
2023-12-26,-3.0071227435423427,2,-150.35613717711712
2023-12-27,0.0,0,0.0
2023-12-28,0.0,0,0.0
2023-12-29,-22.34872206419272,4,-1117.436103209636
2024-01-02,0.0,0,0.0
2024-01-03,-12.308648356011153,3,-615.4324178005577
2024-01-04,-3.3668110756929965,2,-168.3405537846498
2024-01-05,9.042854218127824,3,452.1427109063912
2024-01-08,52.444000000000656,1,2622.200000000033
2024-01-09,0.0,0,0.0
2024-01-10,-5.155883482936777,3,-257.7941741468388
2024-01-11,2.1918512537675197,3,109.59256268837598
2024-01-12,0.0,0,0.0
2024-01-15,0.0,0,0.0
2024-01-16,-0.586,1,-29.299999999999997
2024-01-17,1.4475195824782203,1,72.37597912391102
2024-01-18,0.0,0,0.0
2024-01-19,32.444000000000656,1,1622.2000000000328
2024-01-22,-3.9325250489844037,1,-196.62625244922017
2024-01-23,0.0,0,0.0
2024-01-24,0.0,0,0.0
2024-01-25,0.0,0,0.0
2024-01-26,0.0,0,0.0
2024-01-29,0.0,0,0.0
2024-01-30,0.0,0,0.0
2024-01-31,50.8539999999996,1,2542.6999999999803
2024-02-01,28.902205423698007,2,1445.1102711849003
2024-02-02,31.95482294344086,2,1597.741147172043
2024-02-05,16.127141338493427,2,806.3570669246714
2024-02-06,0.0,0,0.0
2024-02-07,-17.99213256191495,5,-899.6066280957475
2024-02-08,0.0,0,0.0
2024-02-09,-1.0736439128938216,5,-53.68219564469108
2024-02-12,-6.619822647089197,2,-330.99113235445986
2024-02-13,-7.620854077591023,2,-381.04270387955114
2024-02-14,-1.0144280667015992,1,-50.72140333507996
2024-02-15,-6.247252755050744,4,-312.3626377525372
2024-02-16,-10.2196213351767,2,-510.981066758835
2024-02-19,0.0,0,0.0
2024-02-20,-11.541987237960232,2,-577.0993618980116
2024-02-21,0.0,0,0.0
2024-02-22,4.398880578878613,4,219.94402894393065
2024-02-23,0.0,0,0.0
2024-02-26,0.0,0,0.0
2024-02-27,0.0,0,0.0
2024-02-28,0.0,0,0.0
2024-02-29,0.0,0,0.0
2024-03-01,26.323999999999856,1,1316.1999999999928
2024-03-04,0.0,0,0.0
2024-03-05,12.7240000000004,1,636.2000000000199
2024-03-06,0.0,0,0.0
2024-03-07,-15.41113525554163,5,-770.5567627770815
2024-03-08,-13.57189497210263,2,-678.5947486051315
2024-03-11,-6.937548735706034,2,-346.8774367853017
2024-03-12,8.04063796153562,2,402.031898076781
2024-03-13,-1.6684681522117317,1,-83.42340761058658
2024-03-14,-51.10379844790655,10,-2555.1899223953274
2024-03-15,-3.884925732817224,1,-194.2462866408612
2024-03-18,-1.3085709054528125,1,-65.42854527264062
2024-03-19,-11.724904053641403,5,-586.2452026820702
2024-03-20,15.7240000000004,1,786.2000000000199
2024-03-21,0.0,0,0.0
2024-03-22,-1.6777494345303567,1,-83.88747172651783
2024-03-25,0.0,0,0.0
2024-03-26,0.0,0,0.0
2024-03-27,0.0,0,0.0
2024-03-28,0.0,0,0.0
2024-04-01,-2.834735320167245,3,-141.73676600836225
2024-04-02,-10.082040376286335,4,-504.10201881431675
2024-04-03,-18.88001067928709,3,-944.0005339643544
2024-04-04,52.8539999999996,1,2642.6999999999803
2024-04-05,-15.761922673203737,5,-788.0961336601869
2024-04-08,0.0,0,0.0
2024-04-09,-11.231641733601602,7,-561.5820866800801
2024-04-10,0.0,0,0.0
2024-04-11,-3.2077806725442066,2,-160.38903362721032
2024-04-12,4.249115590794215,2,212.45577953971076
2024-04-15,21.784000000000802,1,1089.20000000004
2024-04-16,-1.905999999999709,1,-95.29999999998545
2024-04-17,-3.9319117523241154,2,-196.59558761620576
2024-04-18,0.0,0,0.0
2024-04-19,-31.729166984232208,5,-1586.4583492116103
2024-04-22,-5.273787722130452,1,-263.6893861065226
2024-04-23,1.3779970724509034,4,68.89985362254517
2024-04-24,-3.7459999999998543,1,-187.2999999999927
2024-04-25,-1.630882536321893,1,-81.54412681609465
2024-04-26,-14.283115262233107,7,-714.1557631116553
2024-04-29,0.0,0,0.0
2024-04-30,17.023007265160523,5,851.1503632580261
2024-05-01,-24.855391042972048,3,-1242.7695521486023
2024-05-02,0.0,0,0.0
2024-05-03,0.0,0,0.0
2024-05-06,0.0,0,0.0
2024-05-07,0.0,0,0.0
2024-05-08,0.0,0,0.0
2024-05-09,-9.278441117167137,3,-463.9220558583569
2024-05-10,0.0,0,0.0
2024-05-13,0.0,0,0.0
2024-05-14,-4.788174552637858,2,-239.4087276318929
2024-05-15,27.573999999999856,1,1378.6999999999928
2024-05-16,-1.716804046868434,1,-85.8402023434217
2024-05-17,0.0,0,0.0
2024-05-20,-8.989955570775185,4,-449.4977785387593
2024-05-21,0.0,0,0.0
2024-05-22,-17.225406403390238,1,-861.2703201695119
2024-05-23,7.8340000000000725,1,391.7000000000036
2024-05-24,-9.996906204667729,3,-499.84531023338644
2024-05-27,0.0,0,0.0
2024-05-28,-2.841269545206829,1,-142.06347726034144
2024-05-29,0.0,0,0.0
2024-05-30,0.0,0,0.0
2024-05-31,-67.47599999999942,1,-3373.7999999999706
2024-06-03,-21.329081531986475,2,-1066.4540765993238
2024-06-04,-0.742637656705243,1,-37.13188283526215
2024-06-05,-1.6460000000004003,1,-82.30000000002
2024-06-06,0.0,0,0.0
2024-06-07,0.0,0,0.0
2024-06-10,0.0,0,0.0
2024-06-11,-2.9438428251330477,1,-147.19214125665238
2024-06-12,-3.03474387458137,3,-151.7371937290685
2024-06-13,0.0,0,0.0
2024-06-14,0.0,0,0.0
2024-06-17,18.653999999999783,1,932.6999999999891
2024-06-18,0.0,0,0.0
2024-06-19,0.0,0,0.0
2024-06-20,0.0,0,0.0
2024-06-21,0.0,0,0.0
2024-06-24,-16.99467072582018,5,-849.7335362910089
2024-06-25,0.0,0,0.0
2024-06-26,0.0,0,0.0
2024-06-27,-1.2029685603378963,2,-60.14842801689482
2024-06-28,5.271341619553393,2,263.56708097766966
2024-07-01,-4.166028942058562,1,-208.30144710292808
2024-07-02,0.0,0,0.0
2024-07-03,1.6353282413549677,1,81.76641206774839
2024-07-04,0.0,0,0.0
2024-07-05,18.036747477522596,2,901.8373738761297
2024-07-08,0.0,0,0.0
2024-07-09,0.0,0,0.0
2024-07-10,24.643999999999565,1,1232.1999999999782
2024-07-11,34.7939999999992,1,1739.69999999996
2024-07-12,11.374000000000036,1,568.7000000000018
2024-07-15,-7.0969448903119625,2,-354.8472445155981
2024-07-16,0.0,0,0.0
2024-07-17,-1.886000000000182,1,-94.30000000000909
2024-07-18,10.854000000000509,1,542.7000000000254
2024-07-19,-2.5334826519303615,3,-126.67413259651808
2024-07-22,0.0,0,0.0
2024-07-23,-8.15604506773295,2,-407.8022533866475
2024-07-24,57.164,1,2858.2000000000003
2024-07-25,-4.2301686623813515,4,-211.50843311906758
2024-07-26,-11.824219179161396,4,-591.2109589580698
2024-07-29,1.6624039203700376,1,83.12019601850189
2024-07-30,-16.551359471311304,3,-827.5679735655652
2024-07-31,-14.620435840569801,2,-731.02179202849
2024-08-01,42.258000000000294,2,2112.9000000000146
2024-08-02,-54.46798300610373,9,-2723.3991503051866
2024-08-05,0.0,0,0.0
2024-08-06,-4.736469022277991,2,-236.82345111389952
2024-08-07,-8.708435963930002,1,-435.4217981965001
2024-08-08,-6.260102333228083,4,-313.00511666140414
2024-08-09,0.0,0,0.0
2024-08-12,0.0,0,0.0
2024-08-13,0.4899888622956414,3,24.49944311478207
2024-08-14,0.0,0,0.0
2024-08-15,0.0,0,0.0
2024-08-16,0.0,0,0.0
2024-08-19,0.0,0,0.0
2024-08-20,0.0,0,0.0
2024-08-21,0.0,0,0.0
2024-08-22,-30.57552332085647,4,-1528.7761660428234
2024-08-23,-13.349311705317392,1,-667.4655852658697
2024-08-26,0.19399999999974535,1,9.699999999987268
2024-08-27,0.0,0,0.0
2024-08-28,-1.3068147148482896,2,-65.34073574241448
2024-08-29,-1.4800848510748839,4,-74.00424255374419
2024-08-30,-1.305054263176986,1,-65.25271315884929
2024-09-02,0.0,0,0.0
2024-09-03,71.4740000000004,1,3573.7000000000203
2024-09-04,-1.926657020071376,1,-96.33285100356879
2024-09-05,-12.693775667876443,3,-634.6887833938222
2024-09-06,77.98400000000062,1,3899.200000000031
2024-09-09,0.0,0,0.0
2024-09-10,0.0,0,0.0
2024-09-11,14.807158937056126,2,740.3579468528063
2024-09-12,0.0,0,0.0
2024-09-13,0.0,0,0.0
2024-09-16,0.0,0,0.0
2024-09-17,0.0,0,0.0
2024-09-18,0.0,0,0.0
2024-09-19,0.0,0,0.0
2024-09-20,0.0,0,0.0
2024-09-23,0.0,0,0.0
2024-09-24,0.0,0,0.0
2024-09-25,0.0,0,0.0
2024-09-26,0.0,0,0.0
2024-09-27,0.0,0,0.0
2024-09-30,0.0,0,0.0
2024-10-01,2.688008572589853,8,134.40042862949264
2024-10-02,0.0,0,0.0
2024-10-03,0.0,0,0.0
2024-10-04,0.0,0,0.0
2024-10-07,16.914,1,845.7
2024-10-08,-14.414788424505256,6,-720.7394212252627
2024-10-09,14.342989487532147,2,717.1494743766074
2024-10-10,0.0,0,0.0
2024-10-11,-12.581536829690725,4,-629.0768414845362
2024-10-14,-0.26108750900785616,3,-13.054375450392808
2024-10-15,3.2528351813471588,4,162.64175906735795
2024-10-16,-7.446787786976049,2,-372.33938934880246
2024-10-17,0.0,0,0.0
2024-10-18,0.0,0,0.0
2024-10-21,-11.575741958420382,1,-578.7870979210192
2024-10-22,0.0,0,0.0
2024-10-23,-6.032083779614798,2,-301.6041889807399
2024-10-24,0.0,0,0.0
2024-10-25,-1.3210682595531327,2,-66.05341297765663
2024-10-28,0.0,0,0.0
2024-10-29,0.0,0,0.0
2024-10-30,0.0,0,0.0
2024-10-31,19.456917589756145,1,972.8458794878072
2024-11-01,-5.715724655040212,5,-285.7862327520106
2024-11-04,-5.967889162056723,1,-298.39445810283615
2024-11-05,13.788373788478138,2,689.4186894239069
2024-11-06,0.0,0,0.0
2024-11-07,-18.596728138499152,4,-929.8364069249576
2024-11-08,2.4861251101763555,3,124.30625550881777
2024-11-11,0.0,0,0.0
2024-11-12,-23.7275232895956,3,-1186.3761644797798
2024-11-13,0.0,0,0.0
2024-11-14,8.212968478146701,4,410.64842390733503
2024-11-15,11.747456657027694,2,587.3728328513847
2024-11-18,1.0966298202931866,1,54.83149101465933
2024-11-19,-4.359264871148058,1,-217.9632435574029
2024-11-20,-19.765072755526383,8,-988.2536377763191
2024-11-21,-7.885679752481767,2,-394.28398762408835
2024-11-22,-8.31788369113426,2,-415.89418455671296
2024-11-25,0.0,0,0.0
2024-11-26,0.0,0,0.0
2024-11-27,-2.617780421914365,3,-130.88902109571825
2024-11-28,0.0,0,0.0
2024-11-29,-3.1184216196420236,2,-155.9210809821012
2024-12-02,0.0,0,0.0
2024-12-03,0.0,0,0.0
2024-12-04,0.0,0,0.0
2024-12-05,0.0,0,0.0
2024-12-06,-7.307404420461783,2,-365.37022102308913
2024-12-09,6.883999999999345,1,344.19999999996725
2024-12-10,0.0,0,0.0
2024-12-11,-0.8460000000002182,1,-42.30000000001091
2024-12-12,0.9506540972909207,1,47.532704864546034
2024-12-13,-3.0640729041328743,2,-153.2036452066437
2024-12-16,0.03829688234351489,1,1.9148441171757444
2024-12-17,-3.1259999999999635,1,-156.29999999999816
2024-12-18,-1.5053706956734534,3,-75.26853478367266
2024-12-19,0.0,0,0.0
2024-12-20,28.922852580777786,1,1446.1426290388893
2024-12-23,-1.6905256230965686,4,-84.52628115482842
2024-12-24,40.12400000000004,1,2006.2000000000019
2024-12-26,0.0,0,0.0
2024-12-27,16.203999999999965,1,810.1999999999982
2024-12-30,-7.268898624289919,1,-363.44493121449597
2024-12-31,0.0,0,0.0
2025-01-02,-18.655999999999707,1,-932.7999999999854
2025-01-03,6.759709667341907,1,337.98548336709536
2025-01-06,-4.4614222239069425,4,-223.07111119534713
2025-01-07,-13.175131591477541,2,-658.756579573877
2025-01-08,0.0,0,0.0
2025-01-10,3.526727963872683,3,176.33639819363415
2025-01-13,0.0,0,0.0
2025-01-14,0.0,0,0.0
2025-01-15,2.29232827213515,1,114.61641360675749
2025-01-16,0.0,0,0.0
2025-01-17,0.0,0,0.0
2025-01-20,0.0,0,0.0
2025-01-21,0.0,0,0.0
2025-01-22,0.0,0,0.0
2025-01-23,0.0,0,0.0
2025-01-24,0.0,0,0.0
2025-01-27,0.0,0,0.0
2025-01-28,-1.431282035784724,3,-71.5641017892362
2025-01-29,0.0,0,0.0
2025-01-30,0.0,0,0.0
2025-01-31,-11.637385894324275,4,-581.8692947162137
2025-02-03,0.0,0,0.0
2025-02-04,12.899655121589173,2,644.9827560794587
2025-02-05,0.0,0,0.0
2025-02-06,0.0,0,0.0
2025-02-07,20.473356836517752,2,1023.6678418258875
2025-02-10,0.0,0,0.0
2025-02-11,0.0,0,0.0
2025-02-12,0.0,0,0.0
2025-02-13,6.291264775622519,2,314.56323878112596
2025-02-14,0.0,0,0.0
2025-02-17,0.0,0,0.0
2025-02-18,1.4539999999999635,1,72.69999999999818
2025-02-19,0.0,0,0.0
2025-02-20,-27.477073790368145,4,-1373.8536895184072
2025-02-21,86.17400000000022,1,4308.700000000011
2025-02-24,-4.347613828686437,2,-217.38069143432185
2025-02-25,21.320882451043687,3,1066.0441225521843
2025-02-26,-8.704428775388084,3,-435.22143876940424
2025-02-27,-5.997684302403046,1,-299.8842151201523
2025-02-28,-18.750017030605225,2,-937.5008515302612
2025-03-03,6.147961424744848,1,307.3980712372424
2025-03-04,1.4101985580405454,2,70.50992790202727
2025-03-05,0.0,0,0.0
2025-03-06,-11.033253501099113,1,-551.6626750549557
2025-03-07,-13.130181223812302,1,-656.5090611906152
2025-03-10,21.742236917505153,2,1087.1118458752576
2025-03-11,-31.281536746756686,3,-1564.0768373378344
2025-03-12,0.0,0,0.0
2025-03-13,-12.002604169489322,3,-600.1302084744661
2025-03-14,24.624000000000038,1,1231.2000000000019
2025-03-17,4.011166505707958,2,200.55832528539793
2025-03-18,-22.494945567301038,5,-1124.747278365052
2025-03-19,-2.9531091324601872,2,-147.65545662300937
2025-03-20,-1.3304985041211113,1,-66.52492520605556
2025-03-21,0.0,0,0.0
2025-03-24,0.0,0,0.0
2025-03-25,0.0,0,0.0
2025-03-26,19.844000000000293,1,992.2000000000146
2025-03-27,0.0,0,0.0
2025-03-28,38.49399999999993,1,1924.6999999999964
2025-03-31,0.0,0,0.0
2025-04-01,-4.616000000000655,1,-230.80000000003275
2025-04-02,-8.80421310127234,1,-440.210655063617
2025-04-03,-14.66120560637586,4,-733.060280318793
2025-04-04,84.31383712606888,2,4215.691856303444
2025-04-07,0.0,0,0.0
2025-04-08,7.734000000000618,1,386.7000000000309
2025-04-09,187.81705818666205,2,9390.852909333102
2025-04-10,-73.03383181410999,5,-3651.6915907054995
2025-04-11,-13.318651666339495,2,-665.9325833169747
2025-04-14,0.0,0,0.0
2025-04-15,0.0,0,0.0
2025-04-16,0.0,0,0.0
2025-04-17,0.0,0,0.0
2025-04-21,61.64960256214411,2,3082.4801281072055
2025-04-22,10.660189077051466,3,533.0094538525733
2025-04-23,0.0,0,0.0
2025-04-24,3.9466503124990853,2,197.33251562495425
2025-04-25,0.0,0,0.0
2025-04-28,0.0,0,0.0
2025-04-29,0.0,0,0.0
2025-04-30,-21.828028618031325,1,-1091.4014309015663
2025-05-01,-2.409076093755844,1,-120.45380468779221
2025-05-02,0.0,0,0.0
2025-05-05,0.0,0,0.0
2025-05-06,0.0,0,0.0
2025-05-07,0.0,0,0.0
2025-05-08,-12.10620932681262,1,-605.310466340631
2025-05-09,0.0,0,0.0
2025-05-12,0.0,0,0.0
2025-05-13,18.3520939057437,1,917.604695287185
2025-05-14,0.0,0,0.0
2025-05-15,-9.45799645028929,3,-472.8998225144645
2025-05-16,0.0,0,0.0
2025-05-19,0.0,0,0.0
2025-05-20,0.0,0,0.0
2025-05-21,-4.859252861971932,4,-242.96264309859657
2025-05-22,-7.703546713934833,4,-385.17733569674164
2025-05-23,0.0,0,0.0
2025-05-26,0.0,0,0.0
2025-05-27,19.596194473756015,2,979.8097236878007
2025-05-28,-3.1060000000004364,1,-155.3000000000218
2025-05-29,0.0,0,0.0
2025-05-30,-43.95599999999989,1,-2197.7999999999943
2025-06-02,4.299890155043853,1,214.99450775219265
2025-06-03,17.313999999999638,1,865.6999999999819
2025-06-04,0.0,0,0.0
2025-06-05,-5.0478500122633125,1,-252.39250061316562
2025-06-06,-3.472654938592983,1,-173.63274692964913
2025-06-09,0.0,0,0.0
2025-06-10,0.0,0,0.0
2025-06-11,0.0,0,0.0
2025-06-12,0.0,0,0.0
2025-06-13,-5.282284467270744,1,-264.1142233635372
2025-06-16,-5.998081131580585,5,-299.90405657902926
2025-06-17,0.41200542316097566,1,20.600271158048784
2025-06-18,-9.759566237858722,1,-487.9783118929361
2025-06-19,-14.136227950116044,5,-706.8113975058022
2025-06-20,0.0,0,0.0
2025-06-23,-1.1888693845746603,1,-59.443469228733015
2025-06-24,-0.9658535872824434,3,-48.29267936412217
2025-06-25,0.0,0,0.0
2025-06-26,1.5267518747971407,1,76.33759373985704
2025-06-27,1.8436615751839125,2,92.18307875919562
2025-06-30,0.0,0,0.0
2025-07-01,0.0,0,0.0
2025-07-02,0.0,0,0.0
2025-07-03,8.470452505136803,1,423.5226252568402
2025-07-04,0.0,0,0.0
2025-07-07,0.0,0,0.0
2025-07-08,0.0,0,0.0
2025-07-09,-3.253829008570152,1,-162.69145042850758
2025-07-10,0.32799999999999985,2,16.39999999999999
2025-07-11,0.0,0,0.0
2025-07-14,0.0,0,0.0
2025-07-15,0.0,0,0.0
2025-07-16,0.0,0,0.0
2025-07-17,19.12555684611064,2,956.277842305532
2025-07-18,0.0,0,0.0
2025-07-21,-21.52061774186356,2,-1076.030887093178
2025-07-22,-6.000760837829818,1,-300.0380418914909
2025-07-23,0.0,0,0.0
2025-07-24,0.0,0,0.0
2025-07-25,-6.674179822314008,3,-333.70899111570037
2025-07-28,0.0,0,0.0
2025-07-29,-6.897459937028063,2,-344.8729968514031
2025-07-30,-24.35229199928878,2,-1217.614599964439
2025-07-31,0.0,0,0.0
2025-08-01,-56.38272311417551,9,-2819.1361557087757
2025-08-04,19.914,1,995.7
2025-08-05,-25.64397947808509,5,-1282.1989739042544
2025-08-06,6.67801167088194,2,333.900583544097
2025-08-07,-10.27580721609181,2,-513.7903608045905
2025-08-08,-5.315946688957119,5,-265.797334447856
2025-08-11,0.0,0,0.0
2025-08-12,13.914,1,695.6999999999999
2025-08-13,0.0,0,0.0
2025-08-14,0.0,0,0.0
2025-08-15,0.325647034273301,1,16.28235171366505
2025-08-18,0.0,0,0.0
2025-08-19,0.2996651367425587,2,14.983256837127934
2025-08-20,-6.594596458340384,5,-329.72982291701925
2025-08-21,0.0,0,0.0
2025-08-22,68.664,1,3433.2000000000003
2025-08-25,0.0,0,0.0
2025-08-26,0.0,0,0.0
2025-08-27,0.0,0,0.0
2025-08-28,0.0,0,0.0
2025-08-29,-1.0593519962621434,4,-52.96759981310717
2025-09-01,0.0,0,0.0
2025-09-02,-6.820380109807476,2,-341.0190054903738
2025-09-03,0.0,0,0.0
2025-09-04,0.0,0,0.0
2025-09-05,-7.086,1,-354.3
2025-09-08,0.0,0,0.0
2025-09-09,0.0,0,0.0
2025-09-10,0.0,0,0.0
2025-09-11,16.22722115057107,2,811.3610575285534
2025-09-12,0.0,0,0.0
2025-09-15,-1.8732087895657388,1,-93.66043947828693
2025-09-16,0.0,0,0.0
2025-09-17,0.0,0,0.0
2025-09-18,-21.787259488706216,2,-1089.362974435311
2025-09-19,0.0,0,0.0
2025-09-22,8.914,1,445.7
2025-09-23,17.914,1,895.7
2025-09-24,-23.360752823209573,4,-1168.0376411604786
2025-09-25,-8.919367982188735,2,-445.96839910943675
2025-09-26,-21.952957252664795,6,-1097.6478626332398
2025-09-29,0.0,0,0.0
2025-09-30,0.0,0,0.0
2025-10-01,-3.086,1,-154.29999999999998
2025-10-02,0.0,0,0.0
2025-10-03,-6.447086261725847,2,-322.35431308629234
2025-10-06,0.0,0,0.0
2025-10-07,0.664,1,33.2
2025-10-08,-0.26850409912065554,5,-13.425204956032777
2025-10-09,-4.252101977700426,4,-212.6050988850213
2025-10-10,162.164,1,8108.199999999999
2025-10-13,-28.9755733425472,4,-1448.77866712736
2025-10-14,0.0,0,0.0
2025-10-15,2.4049290655505176,1,120.24645327752587
2025-10-16,-23.586,1,-1179.3
2025-10-17,-8.672,2,-433.6
2025-10-20,9.719894893133024,5,485.99474465665116
2025-10-21,2.414,1,120.7
2025-10-22,-34.4947946599056,5,-1724.73973299528
2025-10-23,-11.887993951869198,4,-594.3996975934599
2025-10-24,0.0,0,0.0
2025-10-27,0.0,0,0.0
2025-10-28,0.0,0,0.0
2025-10-29,0.0,0,0.0
2025-10-30,0.0,0,0.0
2025-10-31,0.0,0,0.0
2025-11-03,-4.41810871015217,1,-220.9054355076085
2025-11-04,0.0,0,0.0
2025-11-05,-10.359198539294274,3,-517.9599269647138
2025-11-06,17.151055005829516,5,857.5527502914758
2025-11-07,-10.029557831859115,4,-501.47789159295576
2025-11-10,14.164,1,708.1999999999999
2025-11-11,0.0,0,0.0
2025-11-12,0.0,0,0.0
2025-11-13,43.16875215914163,2,2158.4376079570816
2025-11-14,-5.586,1,-279.3
2025-11-17,-1.172,2,-58.599999999999994
2025-11-18,-50.981299307307324,4,-2549.0649653653663
2025-11-19,-11.846394943516076,1,-592.3197471758039
2025-11-20,16.110647325288966,2,805.5323662644482
2025-11-21,-50.36345395826011,3,-2518.1726979130053
2025-11-24,10.733220658501335,3,536.6610329250667
2025-11-25,-0.039818670672932654,2,-1.9909335336466327
2025-11-26,0.0,0,0.0
2025-11-27,0.0,0,0.0
2025-11-28,0.0,0,0.0
2025-12-01,0.0,0,0.0
2025-12-02,0.0,0,0.0
2025-12-03,0.0,0,0.0
2025-12-04,0.0,0,0.0
2025-12-05,-3.751210106275481,1,-187.56050531377403
2025-12-08,0.0,0,0.0
2025-12-09,0.0,0,0.0
2025-12-10,0.0,0,0.0
2025-12-11,-13.570870064464303,1,-678.5435032232152
2025-12-12,23.990700139052507,2,1199.5350069526253
2025-12-15,0.0,0,0.0
2025-12-16,0.4007172406120517,1,20.035862030602587
2025-12-17,32.414,1,1620.7
2025-12-18,-0.586,1,-29.299999999999997
2025-12-19,-14.581805434068832,4,-729.0902717034415
2025-12-22,0.0,0,0.0
2025-12-23,0.0,0,0.0
2025-12-24,0.0,0,0.0
2025-12-26,0.0,0,0.0
2025-12-29,0.0,0,0.0
2025-12-30,0.0,0,0.0
2025-12-31,-6.1613634613560935,3,-308.06817306780465
2026-01-02,0.0,0,0.0
2026-01-05,-0.5631798995652716,1,-28.15899497826358
2026-01-06,5.327999999999999,2,266.4
2026-01-07,0.0,0,0.0
2026-01-08,0.0,0,0.0
2026-01-09,-0.9938204680688365,2,-49.691023403441825
2026-01-12,0.0,0,0.0
2026-01-13,-20.324182001379036,4,-1016.2091000689518
2026-01-14,-56.2031133401178,4,-2810.1556670058903
2026-01-15,0.0,0,0.0
2026-01-16,0.0,0,0.0
2026-01-19,0.0,0,0.0
2026-01-20,0.0,0,0.0
2026-01-21,0.8427097137375895,1,42.13548568687948
2026-01-22,0.0,0,0.0
2026-01-23,0.0,0,0.0
