date,net,gross,round_trips,open,close,ret_frac,gross_ret_frac,half_day,year,net_usd
2008-01-23,0.0,0.0,0,1179.28,1241.06,0.0,0.0,False,2008,0.0
2008-01-24,0.0,0.0,0,1244.77,1252.17,0.0,0.0,False,2008,0.0
2008-01-25,0.0,0.0,0,1266.06,1233.43,0.0,0.0,False,2008,0.0
2008-01-28,0.0,0.0,0,1235.74,1255.41,0.0,0.0,False,2008,0.0
2008-01-29,0.0,0.0,0,1262.12,1261.66,0.0,0.0,False,2008,0.0
2008-01-30,0.0,0.0,0,1256.57,1254.49,0.0,0.0,False,2008,0.0
2008-01-31,0.0,0.0,0,1236.2,1272.07,0.0,0.0,False,2008,0.0
2008-02-01,0.0,0.0,0,1278.09,1292.67,0.0,0.0,False,2008,0.0
2008-02-04,0.0,0.0,0,1290.12,1278.78,0.0,0.0,False,2008,0.0
2008-02-05,0.0,0.0,0,1258.42,1238.98,0.0,0.0,False,2008,0.0
2008-02-06,0.0,0.0,0,1246.16,1229.26,0.0,0.0,False,2008,0.0
2008-02-07,0.0,0.0,0,1223.01,1238.75,0.0,0.0,False,2008,0.0
2008-02-08,0.0,0.0,0,1233.43,1232.5,0.0,0.0,False,2008,0.0
2008-02-11,0.0,0.0,0,1232.04,1239.44,0.0,0.0,False,2008,0.0
2008-02-12,0.0,0.0,0,1248.7,1249.16,0.0,0.0,False,2008,0.0
2008-02-13,0.0,0.0,0,1259.11,1264.9,0.0,0.0,False,2008,0.0
2008-02-14,0.0,0.0,0,1267.21,1249.16,0.0,0.0,False,2008,0.0
2008-02-15,0.0,0.0,0,1244.77,1249.63,0.0,0.0,False,2008,0.0
2008-02-18,0.0,0.0,0,1255.64,1266.29,0.0,0.0,True,2008,0.0
2008-02-19,0.0,0.0,0,1264.44,1249.16,0.0,0.0,False,2008,0.0
2008-02-20,0.0,0.0,0,1239.21,1259.11,0.0,0.0,False,2008,0.0
2008-02-21,0.0,0.0,0,1263.97,1243.84,0.0,0.0,False,2008,0.0
2008-02-22,0.0,0.0,0,1248.24,1255.18,0.0,0.0,False,2008,0.0
2008-02-25,0.0,0.0,0,1253.33,1269.99,0.0,0.0,False,2008,0.0
2008-02-26,0.0,0.0,0,1264.21,1279.25,0.0,0.0,False,2008,0.0
2008-02-27,0.0,0.0,0,1271.84,1277.16,0.0,0.0,False,2008,0.0
2008-02-28,0.0,0.0,0,1268.6,1266.29,0.0,0.0,False,2008,0.0
2008-02-29,0.11400000000004551,0.7000000000000455,1,1253.1,1233.43,9.097438352888478e-05,0.0005586146357034917,False,2008,5.700000000002276
2008-03-03,0.0,0.0,0,1230.19,1232.97,0.0,0.0,False,2008,0.0
2008-03-04,0.0,0.0,0,1221.63,1228.11,0.0,0.0,False,2008,0.0
2008-03-05,0.0,0.0,0,1232.5,1234.82,0.0,0.0,False,2008,0.0
2008-03-06,0.0,0.0,0,1228.57,1208.2,0.0,0.0,False,2008,0.0
2008-03-07,0.0,0.0,0,1197.79,1197.79,0.0,0.0,False,2008,0.0
2008-03-10,0.0,0.0,0,1198.48,1180.43,0.0,0.0,False,2008,0.0
2008-03-11,0.0,0.0,0,1206.82,1222.32,0.0,0.0,False,2008,0.0
2008-03-12,0.0,0.0,0,1225.56,1211.91,0.0,0.0,False,2008,0.0
2008-03-13,0.0,0.0,0,1196.17,1217.92,0.0,0.0,False,2008,0.0
2008-03-14,-4.746000000000082,-4.160000000000082,1,1225.77,1192.72,-0.0038718519787562774,-0.003393785130978962,False,2008,-237.3000000000041
2008-03-17,0.0,0.0,0,1164.76,1179.55,0.0,0.0,False,2008,0.0
2008-03-18,0.0,0.0,0,1204.27,1230.39,0.0,0.0,False,2008,0.0
2008-03-19,0.0,0.0,0,1237.09,1201.73,0.0,0.0,False,2008,0.0
2008-03-20,0.0,0.0,0,1204.97,1230.39,0.0,0.0,False,2008,0.0
2008-03-24,4.504000000000145,5.0900000000001455,1,1235.01,1249.34,0.003646934032922928,0.004121424118023454,False,2008,225.20000000000726
2008-03-25,0.0,0.0,0,1249.34,1251.42,0.0,0.0,False,2008,0.0
2008-03-26,0.0,0.0,0,1246.1,1240.33,0.0,0.0,False,2008,0.0
2008-03-27,0.0,0.0,0,1243.79,1227.15,0.0,0.0,False,2008,0.0
2008-03-28,0.0,0.0,0,1232.24,1217.68,0.0,0.0,False,2008,0.0
2008-03-31,0.0,0.0,0,1216.52,1222.53,0.0,0.0,False,2008,0.0
2008-04-01,-2.905999999999936,-2.3199999999999363,1,1237.55,1268.52,-0.0023481879520018878,-0.0018746717304350825,False,2008,-145.2999999999968
2008-04-02,0.0,0.0,0,1270.14,1266.44,0.0,0.0,False,2008,0.0
2008-04-03,0.0,0.0,0,1259.74,1267.13,0.0,0.0,False,2008,0.0
2008-04-04,0.0,0.0,0,1268.98,1269.21,0.0,0.0,False,2008,0.0
2008-04-07,0.0,0.0,0,1277.07,1269.68,0.0,0.0,False,2008,0.0
2008-04-08,0.0,0.0,0,1261.82,1264.13,0.0,0.0,False,2008,0.0
2008-04-09,0.0,0.0,0,1265.52,1253.96,0.0,0.0,False,2008,0.0
2008-04-10,0.0,0.0,0,1253.96,1258.58,0.0,0.0,False,2008,0.0
2008-04-11,0.0,0.0,0,1245.18,1233.85,0.0,0.0,False,2008,0.0
2008-04-14,0.0,0.0,0,1232.93,1229.23,0.0,0.0,False,2008,0.0
2008-04-15,0.0,0.0,0,1236.4,1236.17,0.0,0.0,False,2008,0.0
2008-04-16,-2.8960000000001727,-2.310000000000173,1,1245.18,1261.12,-0.002325768162032937,-0.00185515347178735,False,2008,-144.80000000000862
2008-04-17,0.0,0.0,0,1259.04,1263.44,0.0,0.0,False,2008,0.0
2008-04-18,0.0,0.0,0,1286.32,1287.01,0.0,0.0,False,2008,0.0
2008-04-21,0.0,0.0,0,1280.08,1284.93,0.0,0.0,False,2008,0.0
2008-04-22,-3.1259999999999635,-2.5399999999999636,1,1279.38,1274.53,-0.00244337100783189,-0.0019853366474385744,False,2008,-156.29999999999816
2008-04-23,0.0,0.0,0,1277.76,1277.07,0.0,0.0,False,2008,0.0
2008-04-24,-4.861999999999827,-3.689999999999827,2,1278.23,1284.7,-0.00380369730017276,-0.0028868044092219924,False,2008,-243.09999999999135
2008-04-25,0.0,0.0,0,1290.47,1293.48,0.0,0.0,False,2008,0.0
2008-04-28,0.0,0.0,0,1294.63,1292.09,0.0,0.0,False,2008,0.0
2008-04-29,0.0,0.0,0,1289.55,1286.55,0.0,0.0,False,2008,0.0
2008-04-30,0.0,0.0,0,1288.16,1280.08,0.0,0.0,False,2008,0.0
2008-05-01,11.538000000000036,12.710000000000036,2,1279.61,1303.65,0.00901680980923878,0.00993271387375844,False,2008,576.9000000000018
2008-05-02,0.0,0.0,0,1316.36,1306.88,0.0,0.0,False,2008,0.0
2008-05-05,0.0,0.0,0,1304.57,1300.87,0.0,0.0,False,2008,0.0
2008-05-06,0.0,0.0,0,1294.63,1311.51,0.0,0.0,False,2008,0.0
2008-05-07,7.963999999999954,8.549999999999955,1,1311.74,1286.78,0.00607132511015899,0.006518059981398718,False,2008,398.1999999999977
2008-05-08,0.0,0.0,0,1291.17,1292.09,0.0,0.0,False,2008,0.0
2008-05-09,0.0,0.0,0,1280.77,1283.54,0.0,0.0,False,2008,0.0
2008-05-12,0.0,0.0,0,1286.08,1298.1,0.0,0.0,False,2008,0.0
2008-05-13,0.0,0.0,0,1301.11,1297.41,0.0,0.0,False,2008,0.0
2008-05-14,0.0,0.0,0,1303.42,1302.26,0.0,0.0,False,2008,0.0
2008-05-15,0.0,0.0,0,1302.72,1317.05,0.0,0.0,False,2008,0.0
2008-05-16,0.0,0.0,0,1319.36,1317.28,0.0,0.0,False,2008,0.0
2008-05-19,0.0,0.0,0,1318.9,1319.13,0.0,0.0,False,2008,0.0
2008-05-20,0.0,0.0,0,1313.82,1308.04,0.0,0.0,False,2008,0.0
2008-05-21,5.424000000000218,6.010000000000218,1,1308.96,1285.62,0.00414374770810431,0.0045914313653589245,False,2008,271.2000000000109
2008-05-22,0.0,0.0,0,1286.78,1288.39,0.0,0.0,False,2008,0.0
2008-05-23,-2.6879999999998363,-0.9299999999998363,3,1283.08,1272.22,-0.0020949590048943453,-0.0007248184057111297,False,2008,-134.39999999999182
2008-05-26,0.0,0.0,0,1271.52,1270.83,0.0,0.0,True,2008,0.0
2008-05-27,0.0,0.0,0,1271.52,1280.54,0.0,0.0,False,2008,0.0
2008-05-28,0.0,0.0,0,1284.0,1286.32,0.0,0.0,False,2008,0.0
2008-05-29,0.0,0.0,0,1283.54,1292.32,0.0,0.0,False,2008,0.0
2008-05-30,0.0,0.0,0,1296.02,1292.55,0.0,0.0,False,2008,0.0
2008-06-02,-1.5160000000000635,-0.9300000000000636,1,1290.24,1280.54,-0.0011749751984127476,-0.0007207961309524302,False,2008,-75.80000000000318
2008-06-03,0.0,0.0,0,1284.93,1273.37,0.0,0.0,False,2008,0.0
2008-06-04,0.0,0.0,0,1270.37,1273.37,0.0,0.0,False,2008,0.0
2008-06-05,-0.12599999999996359,0.4600000000000364,1,1277.76,1297.41,-9.861006761830358e-05,0.0003600050087653678,False,2008,-6.299999999998179
2008-06-06,14.664,15.25,1,1287.24,1257.2,0.01139181504614524,0.011847052608682141,False,2008,733.1999999999999
2008-06-09,0.0,0.0,0,1261.36,1259.51,0.0,0.0,False,2008,0.0
2008-06-10,0.0,0.0,0,1250.73,1254.89,0.0,0.0,False,2008,0.0
2008-06-11,-1.6420000000000272,-0.4700000000000273,2,1253.04,1234.32,-0.0013104130754006474,-0.00037508778650324596,False,2008,-82.10000000000136
2008-06-12,-2.8960000000001727,-2.310000000000173,1,1240.09,1238.94,-0.002335314372344082,-0.001862768024901558,False,2008,-144.80000000000862
2008-06-13,0.0,0.0,0,1245.64,1257.2,0.0,0.0,False,2008,0.0
2008-06-16,0.0,0.0,0,1248.89,1256.96,0.0,0.0,False,2008,0.0
2008-06-17,0.0,0.0,0,1262.73,1248.19,0.0,0.0,False,2008,0.0
2008-06-18,0.0,0.0,0,1240.81,1236.89,0.0,0.0,False,2008,0.0
2008-06-19,0.0,0.0,0,1235.28,1240.58,0.0,0.0,False,2008,0.0
2008-06-20,0.0,0.0,0,1229.05,1217.05,0.0,0.0,False,2008,0.0
2008-06-23,0.0,0.0,0,1221.2,1217.98,0.0,0.0,False,2008,0.0
2008-06-24,0.0,0.0,0,1212.44,1214.28,0.0,0.0,False,2008,0.0
2008-06-25,0.0,0.0,0,1218.21,1220.97,0.0,0.0,False,2008,0.0
2008-06-26,-1.2879999999999727,0.4700000000000273,3,1207.59,1185.22,-0.0010665871694863097,0.0003892049453871159,False,2008,-64.39999999999864
2008-06-27,0.0,0.0,0,1185.91,1181.76,0.0,0.0,False,2008,0.0
2008-06-30,0.0,0.0,0,1182.45,1181.76,0.0,0.0,False,2008,0.0
2008-07-01,0.0,0.0,0,1169.07,1186.37,0.0,0.0,False,2008,0.0
2008-07-02,0.0,0.0,0,1189.83,1164.46,0.0,0.0,False,2008,0.0
2008-07-03,0.0,0.0,0,1174.15,1167.69,0.0,0.0,True,2008,0.0
2008-07-04,0.0,0.0,0,1163.07,1159.61,0.0,0.0,True,2008,0.0
2008-07-07,0.0,0.0,0,1171.15,1155.46,0.0,0.0,False,2008,0.0
2008-07-08,0.0,0.0,0,1154.31,1176.22,0.0,0.0,False,2008,0.0
2008-07-09,0.0,0.0,0,1177.61,1149.23,0.0,0.0,False,2008,0.0
2008-07-10,0.0,0.0,0,1149.23,1157.77,0.0,0.0,False,2008,0.0
2008-07-11,0.0,0.0,0,1144.16,1145.08,0.0,0.0,False,2008,0.0
2008-07-14,0.0,0.0,0,1156.61,1134.01,0.0,0.0,False,2008,0.0
2008-07-15,-4.965999999999882,-4.379999999999882,1,1124.55,1121.32,-0.004415988617669185,-0.0038948912898491683,False,2008,-248.2999999999941
2008-07-16,-6.9419999999999815,-5.769999999999982,2,1120.86,1148.77,-0.006193458594293651,-0.005147832914012439,False,2008,-347.09999999999906
2008-07-17,0.0,0.0,0,1155.0,1162.15,0.0,0.0,False,2008,0.0
2008-07-18,0.0,0.0,0,1164.46,1161.92,0.0,0.0,False,2008,0.0
2008-07-21,0.0,0.0,0,1167.46,1162.38,0.0,0.0,False,2008,0.0
2008-07-22,0.0,0.0,0,1154.54,1178.07,0.0,0.0,False,2008,0.0
2008-07-23,0.0,0.0,0,1179.91,1182.91,0.0,0.0,False,2008,0.0
2008-07-24,16.02400000000013,16.610000000000127,1,1183.83,1156.61,0.013535727258136836,0.014030730763707736,False,2008,801.2000000000064
2008-07-25,0.0,0.0,0,1161.0,1159.15,0.0,0.0,False,2008,0.0
2008-07-28,0.0,0.0,0,1157.54,1139.31,0.0,0.0,False,2008,0.0
2008-07-29,0.0,0.0,0,1143.01,1164.69,0.0,0.0,False,2008,0.0
2008-07-30,0.0,0.0,0,1171.15,1184.3,0.0,0.0,False,2008,0.0
2008-07-31,0.0,0.0,0,1174.15,1168.84,0.0,0.0,False,2008,0.0
2008-08-01,0.0,0.0,0,1171.61,1162.38,0.0,0.0,False,2008,0.0
2008-08-04,0.0,0.0,0,1161.23,1151.31,0.0,0.0,False,2008,0.0
2008-08-05,0.0,0.0,0,1161.69,1184.07,0.0,0.0,False,2008,0.0
2008-08-06,0.0,0.0,0,1179.68,1189.37,0.0,0.0,False,2008,0.0
2008-08-07,0.0,0.0,0,1178.99,1169.07,0.0,0.0,False,2008,0.0
2008-08-08,8.644000000000018,9.230000000000018,1,1166.3,1194.68,0.00741147217696992,0.007913915802109251,False,2008,432.2000000000009
2008-08-11,0.0,0.0,0,1193.06,1204.13,0.0,0.0,False,2008,0.0
2008-08-12,0.0,0.0,0,1200.67,1190.99,0.0,0.0,False,2008,0.0
2008-08-13,0.0,0.0,0,1186.37,1186.83,0.0,0.0,False,2008,0.0
2008-08-14,0.0,0.0,0,1177.61,1193.06,0.0,0.0,False,2008,0.0
2008-08-15,0.0,0.0,0,1196.52,1198.14,0.0,0.0,False,2008,0.0
2008-08-18,0.11399999999981814,0.6999999999998181,1,1201.83,1181.07,9.485534559781179e-05,0.000582445104548745,False,2008,5.699999999990907
2008-08-19,0.0,0.0,0,1173.22,1169.76,0.0,0.0,False,2008,0.0
2008-08-20,0.0,0.0,0,1172.76,1176.22,0.0,0.0,False,2008,0.0
2008-08-21,0.0,0.0,0,1167.0,1178.3,0.0,0.0,False,2008,0.0
2008-08-22,0.0,0.0,0,1184.76,1192.6,0.0,0.0,False,2008,0.0
2008-08-25,-0.8160000000000182,-0.2300000000000182,1,1185.68,1169.99,-0.0006882126712097852,-0.0001939815127184554,False,2008,-40.80000000000091
2008-08-26,0.0,0.0,0,1169.07,1173.22,0.0,0.0,False,2008,0.0
2008-08-27,0.0,0.0,0,1173.69,1182.22,0.0,0.0,False,2008,0.0
2008-08-28,0.0,0.0,0,1188.91,1199.06,0.0,0.0,False,2008,0.0
2008-08-29,0.0,0.0,0,1193.29,1184.3,0.0,0.0,False,2008,0.0
2008-09-01,0.0,0.0,0,1181.99,1183.6,0.0,0.0,True,2008,0.0
2008-09-02,0.0,0.0,0,1196.52,1178.53,0.0,0.0,False,2008,0.0
2008-09-03,0.0,0.0,0,1176.45,1176.91,0.0,0.0,False,2008,0.0
2008-09-04,15.103999999999827,15.689999999999827,1,1167.46,1141.16,0.012937488222294406,0.013439432614393492,False,2008,755.1999999999913
2008-09-05,0.0,0.0,0,1133.55,1146.47,0.0,0.0,False,2008,0.0
2008-09-08,0.0,0.0,0,1178.07,1170.69,0.0,0.0,False,2008,0.0
2008-09-09,30.78400000000012,31.37000000000012,1,1169.07,1130.32,0.026332041708366585,0.026833294841198663,False,2008,1539.200000000006
2008-09-10,0.0,0.0,0,1138.85,1135.85,0.0,0.0,False,2008,0.0
2008-09-11,0.0,0.0,0,1122.47,1154.31,0.0,0.0,False,2008,0.0
2008-09-12,0.0,0.0,0,1142.54,1155.92,0.0,0.0,False,2008,0.0
2008-09-15,0.0,0.0,0,1140.58,1127.42,0.0,0.0,False,2008,0.0
2008-09-16,0.0,0.0,0,1097.36,1142.22,0.0,0.0,False,2008,0.0
2008-09-17,9.754000000000145,10.340000000000146,1,1120.38,1089.37,0.008705974758564187,0.009229011585355098,False,2008,487.70000000000726
2008-09-18,0.0,0.0,0,1106.28,1133.06,0.0,0.0,False,2008,0.0
2008-09-19,0.0,0.0,0,1191.31,1177.69,0.0,0.0,False,2008,0.0
2008-09-22,0.0,0.0,0,1171.81,1135.17,0.0,0.0,False,2008,0.0
2008-09-23,0.0,0.0,0,1137.52,1117.09,0.0,0.0,False,2008,0.0
2008-09-24,0.0,0.0,0,1120.85,1118.97,0.0,0.0,False,2008,0.0
2008-09-25,0.0,0.0,0,1126.25,1142.69,0.0,0.0,False,2008,0.0
2008-09-26,0.0,0.0,0,1120.85,1145.51,0.0,0.0,False,2008,0.0
2008-09-29,15.62200000000011,17.38000000000011,3,1124.6,1062.83,0.013891161301796294,0.015454383780899974,False,2008,781.1000000000055
2008-09-30,0.0,0.0,0,1070.82,1103.0,0.0,0.0,False,2008,0.0
2008-10-01,0.0,0.0,0,1086.79,1094.77,0.0,0.0,False,2008,0.0
2008-10-02,0.0,0.0,0,1084.2,1050.85,0.0,0.0,False,2008,0.0
2008-10-03,0.0,0.0,0,1065.65,1038.87,0.0,0.0,False,2008,0.0
2008-10-06,-4.6919999999999815,-3.519999999999982,2,1011.63,1002.94,-0.0046380593695323205,-0.0034795330308511827,False,2008,-234.59999999999908
2008-10-07,19.028000000000045,20.200000000000045,2,1008.57,940.22,0.01886631567466814,0.020028356980675652,False,2008,951.4000000000023
2008-10-08,-13.276000000000055,-12.690000000000055,1,919.55,928.24,-0.014437496601598668,-0.013800228372573602,False,2008,-663.8000000000028
2008-10-09,0.0,0.0,0,940.46,865.06,0.0,0.0,False,2008,0.0
2008-10-10,0.0,0.0,0,817.85,852.38,0.0,0.0,False,2008,0.0
2008-10-13,0.5839999999999591,1.169999999999959,1,885.5,951.5,0.0006595143986447873,0.0013212874082438838,False,2008,29.199999999997956
2008-10-14,0.0,0.0,0,988.14,941.63,0.0,0.0,False,2008,0.0
2008-10-15,0.0,0.0,0,919.55,853.32,0.0,0.0,False,2008,0.0
2008-10-16,-17.965999999999994,-17.379999999999995,1,859.89,889.02,-0.020893370082219812,-0.02021188756701438,False,2008,-898.2999999999997
2008-10-17,0.0,0.0,0,865.53,884.32,0.0,0.0,False,2008,0.0
2008-10-20,0.0,0.0,0,895.36,925.9,0.0,0.0,False,2008,0.0
2008-10-21,0.0,0.0,0,910.86,896.07,0.0,0.0,False,2008,0.0
2008-10-22,0.0,0.0,0,873.75,845.1,0.0,0.0,False,2008,0.0
2008-10-23,0.0,0.0,0,845.8,854.49,0.0,0.0,False,2008,0.0
2008-10-24,0.0,0.0,0,803.29,820.9,0.0,0.0,False,2008,0.0
2008-10-27,0.0,0.0,0,805.4,794.83,0.0,0.0,False,2008,0.0
2008-10-28,0.0,0.0,0,818.79,883.38,0.0,0.0,False,2008,0.0
2008-10-29,0.0,0.0,0,879.86,865.06,0.0,0.0,False,2008,0.0
2008-10-30,0.0,0.0,0,897.95,895.36,0.0,0.0,False,2008,0.0
2008-10-31,0.0,0.0,0,891.6,912.27,0.0,0.0,False,2008,0.0
2008-11-03,0.0,0.0,0,906.87,906.64,0.0,0.0,False,2008,0.0
2008-11-04,0.0,0.0,0,928.24,941.16,0.0,0.0,False,2008,0.0
2008-11-05,0.0,0.0,0,928.48,893.72,0.0,0.0,False,2008,0.0
2008-11-06,-8.691999999999982,-7.519999999999983,2,884.09,848.39,-0.009831578232985309,-0.00850592134284969,False,2008,-434.5999999999991
2008-11-07,0.0,0.0,0,857.08,872.81,0.0,0.0,False,2008,0.0
2008-11-10,0.0,0.0,0,891.37,863.18,0.0,0.0,False,2008,0.0
2008-11-11,-1.5259999999999407,-0.9399999999999408,1,849.33,842.75,-0.0017967103481567126,-0.0011067547360860215,False,2008,-76.29999999999704
2008-11-12,0.0,0.0,0,825.37,800.94,0.0,0.0,False,2008,0.0
2008-11-13,-18.90600000000005,-18.32000000000005,1,805.4,856.61,-0.02347405016141054,-0.022746461385646947,False,2008,-945.3000000000025
2008-11-14,0.0,0.0,0,836.41,818.32,0.0,0.0,False,2008,0.0
2008-11-17,0.0,0.0,0,807.99,798.12,0.0,0.0,False,2008,0.0
2008-11-18,-7.15600000000005,-6.57000000000005,1,796.24,806.11,-0.008987240028132285,-0.008251281020797812,False,2008,-357.8000000000025
2008-11-19,-7.380000000000045,-4.4500000000000455,5,803.29,757.96,-0.009187217567752674,-0.0055397179100947925,False,2008,-369.0000000000023
2008-11-20,-2.225999999999986,-1.6399999999999864,1,748.56,707.22,-0.002973709522282765,-0.0021908731431014034,False,2008,-111.29999999999932
2008-11-21,0.0,0.0,0,723.43,750.91,0.0,0.0,False,2008,0.0
2008-11-24,-7.398000000000214,-5.640000000000214,3,765.47,793.89,-0.009664650476178314,-0.007368022260833493,False,2008,-369.90000000001066
2008-11-25,0.0,0.0,0,816.21,804.7,0.0,0.0,False,2008,0.0
2008-11-26,0.0,0.0,0,787.55,832.88,0.0,0.0,False,2008,0.0
2008-11-27,0.0,0.0,0,829.83,835.47,0.0,0.0,True,2008,0.0
2008-11-28,0.0,0.0,0,828.19,840.63,0.0,0.0,True,2008,0.0
2008-12-01,31.477999999999977,32.64999999999998,2,817.62,766.41,0.03849954746703845,0.03993297619921232,False,2008,1573.8999999999987
2008-12-02,0.0,0.0,0,779.57,798.12,0.0,0.0,False,2008,0.0
2008-12-03,0.0,0.0,0,778.86,817.38,0.0,0.0,False,2008,0.0
2008-12-04,0.0,0.0,0,803.76,792.48,0.0,0.0,False,2008,0.0
2008-12-05,0.0,0.0,0,780.98,822.78,0.0,0.0,False,2008,0.0
2008-12-08,0.0,0.0,0,844.39,852.61,0.0,0.0,False,2008,0.0
2008-12-09,0.0,0.0,0,844.39,835.0,0.0,0.0,False,2008,0.0
2008-12-10,0.0,0.0,0,843.45,843.69,0.0,0.0,False,2008,0.0
2008-12-11,0.0,0.0,0,836.17,821.37,0.0,0.0,False,2008,0.0
2008-12-12,0.0,0.0,0,798.59,826.07,0.0,0.0,False,2008,0.0
2008-12-15,0.0,0.0,0,832.89,818.29,0.0,0.0,False,2008,0.0
2008-12-16,0.0,0.0,0,826.06,859.49,0.0,0.0,False,2008,0.0
2008-12-17,0.0,0.0,0,849.6,851.01,0.0,0.0,False,2008,0.0
2008-12-18,0.0,0.0,0,854.31,831.47,0.0,0.0,False,2008,0.0
2008-12-19,0.0,0.0,0,837.83,831.0,0.0,0.0,False,2008,0.0
2008-12-22,0.0,0.0,0,832.41,816.88,0.0,0.0,False,2008,0.0
2008-12-23,0.0,0.0,0,822.29,809.11,0.0,0.0,False,2008,0.0
2008-12-24,0.0,0.0,0,811.93,814.29,0.0,0.0,True,2008,0.0
2008-12-26,0.0,0.0,0,819.47,818.29,0.0,0.0,False,2008,0.0
2008-12-29,0.0,0.0,0,819.0,815.7,0.0,0.0,False,2008,0.0
2008-12-30,0.0,0.0,0,821.59,834.77,0.0,0.0,False,2008,0.0
2008-12-31,0.0,0.0,0,836.65,847.72,0.0,0.0,False,2008,0.0
2009-01-02,0.0,0.0,0,849.6,873.61,0.0,0.0,False,2009,0.0
2009-01-05,0.0,0.0,0,870.32,871.49,0.0,0.0,False,2009,0.0
2009-01-06,0.0,0.0,0,879.5,877.38,0.0,0.0,False,2009,0.0
2009-01-07,0.0,0.0,0,863.72,851.48,0.0,0.0,False,2009,0.0
2009-01-08,0.0,0.0,0,846.07,854.54,0.0,0.0,False,2009,0.0
2009-01-09,2.127999999999955,3.2999999999999545,2,855.49,835.24,0.002487463325111871,0.003857438427100205,False,2009,106.39999999999775
2009-01-12,-1.5259999999999407,-0.9399999999999408,1,832.89,815.23,-0.001832174716949346,-0.001128600415420933,False,2009,-76.29999999999704
2009-01-13,0.0,0.0,0,813.11,816.41,0.0,0.0,False,2009,0.0
2009-01-14,-3.405999999999936,-2.8199999999999363,1,801.81,790.28,-0.004247889150796244,-0.003517042690911733,False,2009,-170.2999999999968
2009-01-15,-21.76599999999995,-21.17999999999995,1,787.92,791.92,-0.027624631942329107,-0.02688090161437703,False,2009,-1088.2999999999975
2009-01-16,0.0,0.0,0,804.87,796.4,0.0,0.0,False,2009,0.0
2009-01-19,0.0,0.0,0,794.28,790.98,0.0,0.0,True,2009,0.0
2009-01-20,12.007999999999836,13.179999999999836,2,789.57,755.2,0.015208277923426466,0.016692630165786232,False,2009,600.3999999999918
2009-01-21,0.0,0.0,0,767.68,787.92,0.0,0.0,False,2009,0.0
2009-01-22,0.0,0.0,0,772.15,775.68,0.0,0.0,False,2009,0.0
2009-01-23,0.0,0.0,0,757.79,778.74,0.0,0.0,False,2009,0.0
2009-01-26,-1.7660000000000635,-1.1800000000000637,1,783.45,784.39,-0.0022541323632651266,-0.001506158657221346,False,2009,-88.30000000000318
2009-01-27,0.0,0.0,0,788.39,792.39,0.0,0.0,False,2009,0.0
2009-01-28,0.0,0.0,0,809.58,819.23,0.0,0.0,False,2009,0.0
2009-01-29,0.0,0.0,0,806.99,792.16,0.0,0.0,False,2009,0.0
2009-01-30,0.0,0.0,0,796.16,774.5,0.0,0.0,False,2009,0.0
2009-02-02,0.0,0.0,0,763.91,773.8,0.0,0.0,False,2009,0.0
2009-02-03,0.0,0.0,0,778.27,785.33,0.0,0.0,False,2009,0.0
2009-02-04,0.0,0.0,0,789.81,780.15,0.0,0.0,False,2009,0.0
2009-02-05,0.0,0.0,0,774.5,792.87,0.0,0.0,False,2009,0.0
2009-02-06,-2.0060000000000726,-1.4200000000000728,1,794.98,814.52,-0.0025233339203502886,-0.0017862084580745085,False,2009,-100.30000000000364
2009-02-09,0.0,0.0,0,814.52,816.64,0.0,0.0,False,2009,0.0
2009-02-10,10.713999999999954,11.299999999999955,1,808.17,776.86,0.013257111746290948,0.013982206713933893,False,2009,535.6999999999977
2009-02-11,0.0,0.0,0,781.33,783.68,0.0,0.0,False,2009,0.0
2009-02-12,0.0,0.0,0,769.32,783.68,0.0,0.0,False,2009,0.0
2009-02-13,0.0,0.0,0,782.51,775.21,0.0,0.0,False,2009,0.0
2009-02-16,0.0,0.0,0,768.38,761.56,0.0,0.0,True,2009,0.0
2009-02-17,0.0,0.0,0,750.26,741.31,0.0,0.0,False,2009,0.0
2009-02-18,0.0,0.0,0,746.73,739.66,0.0,0.0,False,2009,0.0
2009-02-19,0.0,0.0,0,747.43,732.84,0.0,0.0,False,2009,0.0
2009-02-20,0.0,0.0,0,718.0,724.6,0.0,0.0,False,2009,0.0
2009-02-23,-2.475999999999986,-1.8899999999999864,1,732.36,699.41,-0.0033808509476213693,-0.002580698017368489,False,2009,-123.79999999999932
2009-02-24,0.0,0.0,0,704.35,726.01,0.0,0.0,False,2009,0.0
2009-02-25,-6.235999999999978,-5.649999999999977,1,721.77,719.18,-0.008639871427185915,-0.007827978441885888,False,2009,-311.7999999999989
2009-02-26,0.0,0.0,0,728.36,707.88,0.0,0.0,False,2009,0.0
2009-02-27,0.0,0.0,0,692.58,691.64,0.0,0.0,False,2009,0.0
2009-03-02,0.0,0.0,0,677.98,659.86,0.0,0.0,False,2009,0.0
2009-03-03,0.0,0.0,0,669.51,654.68,0.0,0.0,False,2009,0.0
2009-03-04,0.0,0.0,0,665.98,670.92,0.0,0.0,False,2009,0.0
2009-03-05,0.0,0.0,0,654.91,642.67,0.0,0.0,False,2009,0.0
2009-03-06,0.0,0.0,0,648.56,643.38,0.0,0.0,False,2009,0.0
2009-03-09,0.0,0.0,0,634.9,635.85,0.0,0.0,False,2009,0.0
2009-03-10,12.833999999999959,13.419999999999959,1,649.74,675.16,0.01975251639117179,0.02065441561239874,False,2009,641.6999999999979
2009-03-11,0.0,0.0,0,682.69,678.69,0.0,0.0,False,2009,0.0
2009-03-12,1.5340000000000047,2.1200000000000045,1,678.93,706.0,0.002259437644528898,0.003122560499609687,False,2009,76.70000000000023
2009-03-13,0.0,0.0,0,710.71,711.65,0.0,0.0,False,2009,0.0
2009-03-16,0.0,0.0,0,724.23,714.48,0.0,0.0,False,2009,0.0
2009-03-17,0.0,0.0,0,715.67,736.36,0.0,0.0,False,2009,0.0
2009-03-18,0.0,0.0,0,731.84,751.58,0.0,0.0,False,2009,0.0
2009-03-19,0.0,0.0,0,761.57,741.35,0.0,0.0,False,2009,0.0
2009-03-20,0.0,0.0,0,745.87,725.89,0.0,0.0,False,2009,0.0
2009-03-23,0.0,0.0,0,745.4,779.41,0.0,0.0,False,2009,0.0
2009-03-24,0.0,0.0,0,769.66,763.23,0.0,0.0,False,2009,0.0
2009-03-25,0.0,0.0,0,768.94,770.61,0.0,0.0,False,2009,0.0
2009-03-26,0.0,0.0,0,778.93,787.73,0.0,0.0,False,2009,0.0
2009-03-27,0.0,0.0,0,777.03,772.99,0.0,0.0,False,2009,0.0
2009-03-30,0.0,0.0,0,755.62,746.11,0.0,0.0,False,2009,0.0
2009-03-31,0.0,0.0,0,753.24,753.01,0.0,0.0,False,2009,0.0
2009-04-01,0.0,0.0,0,743.25,767.04,0.0,0.0,False,2009,0.0
2009-04-02,0.0,0.0,0,786.3,789.63,0.0,0.0,False,2009,0.0
2009-04-03,0.0,0.0,0,790.35,797.48,0.0,0.0,False,2009,0.0
2009-04-06,0.0,0.0,0,788.92,790.35,0.0,0.0,False,2009,0.0
2009-04-07,0.0,0.0,0,778.46,772.27,0.0,0.0,False,2009,0.0
2009-04-08,0.0,0.0,0,776.31,781.31,0.0,0.0,False,2009,0.0
2009-04-09,0.0,0.0,0,801.53,812.47,0.0,0.0,False,2009,0.0
2009-04-13,0.0,0.0,0,803.67,812.47,0.0,0.0,False,2009,0.0
2009-04-14,0.0,0.0,0,804.86,797.96,0.0,0.0,False,2009,0.0
2009-04-15,0.0,0.0,0,793.2,807.23,0.0,0.0,False,2009,0.0
2009-04-16,0.0,0.0,0,812.94,818.89,0.0,0.0,False,2009,0.0
2009-04-17,0.0,0.0,0,821.74,824.12,0.0,0.0,False,2009,0.0
2009-04-20,13.92399999999999,14.509999999999991,1,809.61,789.16,0.017198404169908955,0.01792220945887525,False,2009,696.1999999999995
2009-04-21,0.0,0.0,0,783.93,804.86,0.0,0.0,False,2009,0.0
2009-04-22,0.0,0.0,0,797.48,799.86,0.0,0.0,False,2009,0.0
2009-04-23,0.0,0.0,0,801.53,807.95,0.0,0.0,False,2009,0.0
2009-04-24,0.0,0.0,0,814.13,819.6,0.0,0.0,False,2009,0.0
2009-04-27,0.0,0.0,0,810.8,812.47,0.0,0.0,False,2009,0.0
2009-04-28,0.0,0.0,0,803.67,809.61,0.0,0.0,False,2009,0.0
2009-04-29,0.0,0.0,0,818.65,827.45,0.0,0.0,False,2009,0.0
2009-04-30,0.0,0.0,0,837.92,827.21,0.0,0.0,False,2009,0.0
2009-05-01,0.0,0.0,0,827.69,831.73,0.0,0.0,False,2009,0.0
2009-05-04,-4.032000000000013,-2.8600000000000136,2,837.92,860.75,-0.00481191521863664,-0.0034132136719496058,False,2009,-201.60000000000068
2009-05-05,0.0,0.0,0,856.94,856.23,0.0,0.0,False,2009,0.0
2009-05-06,0.0,0.0,0,867.65,871.93,0.0,0.0,False,2009,0.0
2009-05-07,0.0,0.0,0,880.25,859.56,0.0,0.0,False,2009,0.0
2009-05-08,0.0,0.0,0,871.45,880.97,0.0,0.0,False,2009,0.0
2009-05-11,0.0,0.0,0,868.12,863.13,0.0,0.0,False,2009,0.0
2009-05-12,0.0,0.0,0,867.41,861.46,0.0,0.0,False,2009,0.0
2009-05-13,0.0,0.0,0,849.09,839.58,0.0,0.0,False,2009,0.0
2009-05-14,0.0,0.0,0,840.06,846.72,0.0,0.0,False,2009,0.0
2009-05-15,0.0,0.0,0,845.76,839.34,0.0,0.0,False,2009,0.0
2009-05-18,0.0,0.0,0,847.67,863.6,0.0,0.0,False,2009,0.0
2009-05-19,0.0,0.0,0,862.89,862.41,0.0,0.0,False,2009,0.0
2009-05-20,0.0,0.0,0,870.5,856.94,0.0,0.0,False,2009,0.0
2009-05-21,0.0,0.0,0,846.24,843.86,0.0,0.0,False,2009,0.0
2009-05-22,0.0,0.0,0,846.72,842.91,0.0,0.0,False,2009,0.0
2009-05-25,0.0,0.0,0,842.43,846.95,0.0,0.0,True,2009,0.0
2009-05-26,7.5040000000000315,8.090000000000032,1,836.01,864.32,0.008975969186971485,0.009676917740218456,False,2009,375.2000000000016
2009-05-27,0.0,0.0,0,865.27,848.62,0.0,0.0,False,2009,0.0
2009-05-28,0.0,0.0,0,855.99,860.99,0.0,0.0,False,2009,0.0
2009-05-29,0.0,0.0,0,865.51,876.68,0.0,0.0,False,2009,0.0
2009-06-01,0.0,0.0,0,886.44,896.9,0.0,0.0,False,2009,0.0
2009-06-02,0.0,0.0,0,893.81,898.09,0.0,0.0,False,2009,0.0
2009-06-03,0.0,0.0,0,890.24,886.44,0.0,0.0,False,2009,0.0
2009-06-04,0.0,0.0,0,889.29,895.0,0.0,0.0,False,2009,0.0
2009-06-05,0.0,0.0,0,904.04,894.76,0.0,0.0,False,2009,0.0
2009-06-08,0.0,0.0,0,888.58,892.86,0.0,0.0,False,2009,0.0
2009-06-09,0.0,0.0,0,896.42,895.95,0.0,0.0,False,2009,0.0
2009-06-10,0.0,0.0,0,904.04,893.1,0.0,0.0,False,2009,0.0
2009-06-11,0.0,0.0,0,895.24,898.33,0.0,0.0,False,2009,0.0
2009-06-12,0.0,0.0,0,893.57,900.23,0.0,0.0,False,2009,0.0
2009-06-15,-3.8119999999998724,-2.6399999999998727,2,891.15,880.61,-0.0042776188071591455,-0.002962464231610697,False,2009,-190.59999999999363
2009-06-16,0.0,0.0,0,883.96,868.65,0.0,0.0,False,2009,0.0
2009-06-17,0.0,0.0,0,868.17,867.93,0.0,0.0,False,2009,0.0
2009-06-18,0.0,0.0,0,868.88,873.91,0.0,0.0,False,2009,0.0
2009-06-19,0.0,0.0,0,882.29,876.3,0.0,0.0,False,2009,0.0
2009-06-22,3.244000000000041,3.830000000000041,1,868.17,850.45,0.003736595367266827,0.004411578377506757,False,2009,162.20000000000206
2009-06-23,0.0,0.0,0,852.61,852.13,0.0,0.0,False,2009,0.0
2009-06-24,0.0,0.0,0,859.07,858.35,0.0,0.0,False,2009,0.0
2009-06-25,2.524000000000014,3.1100000000000136,1,854.28,877.26,0.0029545348129419086,0.0036404925785456918,False,2009,126.20000000000068
2009-06-26,0.0,0.0,0,874.63,874.39,0.0,0.0,False,2009,0.0
2009-06-29,0.0,0.0,0,877.5,883.73,0.0,0.0,False,2009,0.0
2009-06-30,0.0,0.0,0,883.49,877.02,0.0,0.0,False,2009,0.0
2009-07-01,0.0,0.0,0,879.9,879.9,0.0,0.0,False,2009,0.0
2009-07-02,0.0,0.0,0,868.17,855.48,0.0,0.0,False,2009,0.0
2009-07-03,0.0,0.0,0,858.35,855.48,0.0,0.0,True,2009,0.0
2009-07-06,0.0,0.0,0,847.1,856.2,0.0,0.0,False,2009,0.0
2009-07-07,0.0,0.0,0,854.52,838.72,0.0,0.0,False,2009,0.0
2009-07-08,0.0,0.0,0,843.75,838.01,0.0,0.0,False,2009,0.0
2009-07-09,0.0,0.0,0,843.99,840.4,0.0,0.0,False,2009,0.0
2009-07-10,0.0,0.0,0,835.13,837.53,0.0,0.0,False,2009,0.0
2009-07-13,0.0,0.0,0,841.12,858.59,0.0,0.0,False,2009,0.0
2009-07-14,0.0,0.0,0,860.99,863.86,0.0,0.0,False,2009,0.0
2009-07-15,0.0,0.0,0,874.87,889.23,0.0,0.0,False,2009,0.0
2009-07-16,0.0,0.0,0,886.12,897.37,0.0,0.0,False,2009,0.0
2009-07-17,0.0,0.0,0,896.41,897.13,0.0,0.0,False,2009,0.0
2009-07-20,0.0,0.0,0,902.16,906.46,0.0,0.0,False,2009,0.0
2009-07-21,0.0,0.0,0,913.65,910.77,0.0,0.0,False,2009,0.0
2009-07-22,0.0,0.0,0,905.03,910.29,0.0,0.0,False,2009,0.0
2009-07-23,11.144000000000018,11.730000000000018,1,911.01,930.88,0.012232577029889922,0.012875819145783271,False,2009,557.2000000000008
2009-07-24,0.0,0.0,0,926.57,934.71,0.0,0.0,False,2009,0.0
2009-07-27,0.0,0.0,0,932.79,937.58,0.0,0.0,False,2009,0.0
2009-07-28,0.0,0.0,0,930.88,934.71,0.0,0.0,False,2009,0.0
2009-07-29,0.0,0.0,0,928.96,930.88,0.0,0.0,False,2009,0.0
2009-07-30,1.3339999999999592,1.919999999999959,1,942.13,940.93,0.0014159404753059123,0.0020379353167821416,False,2009,66.69999999999796
2009-07-31,0.0,0.0,0,940.45,941.89,0.0,0.0,False,2009,0.0
2009-08-03,0.0,0.0,0,951.7,957.21,0.0,0.0,False,2009,0.0
2009-08-04,0.0,0.0,0,953.14,959.84,0.0,0.0,False,2009,0.0
2009-08-05,0.3739999999999227,0.9599999999999227,1,960.56,957.21,0.000389356208878074,0.0009994170067459845,False,2009,18.699999999996137
2009-08-06,0.0,0.0,0,961.52,952.18,0.0,0.0,False,2009,0.0
2009-08-07,0.0,0.0,0,962.0,964.39,0.0,0.0,False,2009,0.0
2009-08-10,0.0,0.0,0,960.32,962.24,0.0,0.0,False,2009,0.0
2009-08-11,0.0,0.0,0,958.17,950.03,0.0,0.0,False,2009,0.0
2009-08-12,-6.431999999999991,-5.259999999999991,2,948.83,960.8,-0.006778875035570113,-0.0055436695719991895,False,2009,-321.5999999999995
2009-08-13,0.0,0.0,0,965.35,968.46,0.0,0.0,False,2009,0.0
2009-08-14,-2.0260000000000544,-1.4400000000000546,1,967.98,960.32,-0.002093018450794494,-0.001487634042025718,False,2009,-101.30000000000273
2009-08-17,0.0,0.0,0,942.37,936.38,0.0,0.0,False,2009,0.0
2009-08-18,0.0,0.0,0,939.02,945.48,0.0,0.0,False,2009,0.0
2009-08-19,0.0,0.0,0,937.1,953.38,0.0,0.0,False,2009,0.0
2009-08-20,0.0,0.0,0,954.1,962.95,0.0,0.0,False,2009,0.0
2009-08-21,0.0,0.0,0,970.61,980.91,0.0,0.0,False,2009,0.0
2009-08-24,0.0,0.0,0,985.69,981.38,0.0,0.0,False,2009,0.0
2009-08-25,0.0,0.0,0,985.45,983.54,0.0,0.0,False,2009,0.0
2009-08-26,0.0,0.0,0,980.19,983.54,0.0,0.0,False,2009,0.0
2009-08-27,-0.586,0.0,1,983.06,986.17,-0.000596097898398877,0.0,False,2009,-29.299999999999997
2009-08-28,0.0,0.0,0,993.59,985.21,0.0,0.0,False,2009,0.0
2009-08-31,0.0,0.0,0,975.64,977.32,0.0,0.0,False,2009,0.0
2009-09-01,-4.504000000000081,-2.1600000000000814,4,971.81,954.82,-0.004634650806227639,-0.002222656692151842,False,2009,-225.20000000000405
2009-09-02,0.0,0.0,0,950.99,951.23,0.0,0.0,False,2009,0.0
2009-09-03,0.0,0.0,0,956.97,959.36,0.0,0.0,False,2009,0.0
2009-09-04,0.0,0.0,0,960.8,972.53,0.0,0.0,False,2009,0.0
2009-09-07,0.0,0.0,0,975.64,978.27,0.0,0.0,True,2009,0.0
2009-09-08,0.0,0.0,0,981.62,980.91,0.0,0.0,False,2009,0.0
2009-09-09,0.0,0.0,0,982.58,989.04,0.0,0.0,False,2009,0.0
2009-09-10,0.0,0.0,0,989.04,998.62,0.0,0.0,False,2009,0.0
2009-09-11,0.0,0.0,0,1000.53,998.38,0.0,0.0,False,2009,0.0
2009-09-14,0.0,0.0,0,990.01,1003.95,0.0,0.0,False,2009,0.0
2009-09-15,0.0,0.0,0,1005.4,1007.8,0.0,0.0,False,2009,0.0
2009-09-16,0.0,0.0,0,1011.17,1022.95,0.0,0.0,False,2009,0.0
2009-09-17,0.0,0.0,0,1021.74,1021.5,0.0,0.0,False,2009,0.0
2009-09-18,0.0,0.0,0,1026.07,1021.98,0.0,0.0,False,2009,0.0
2009-09-21,0.0,0.0,0,1014.05,1019.34,0.0,0.0,False,2009,0.0
2009-09-22,0.0,0.0,0,1025.11,1025.35,0.0,0.0,False,2009,0.0
2009-09-23,0.0,0.0,0,1027.75,1015.97,0.0,0.0,False,2009,0.0
2009-09-24,2.0539999999999865,2.6399999999999864,1,1018.86,1005.88,0.002015978642796838,0.002591131264354265,False,2009,102.69999999999932
2009-09-25,0.0,0.0,0,1003.47,1000.59,0.0,0.0,False,2009,0.0
2009-09-28,5.904000000000009,6.490000000000009,1,1003.95,1017.9,0.005880770954728829,0.006464465361820816,False,2009,295.20000000000044
2009-09-29,0.0,0.0,0,1020.06,1015.25,0.0,0.0,False,2009,0.0
2009-09-30,-4.9159999999999275,-4.329999999999927,1,1018.14,1010.92,-0.004828412595517245,-0.004252853242186661,False,2009,-245.79999999999637
2009-10-01,6.038000000000037,7.210000000000036,2,1008.76,985.68,0.005985566438003129,0.007147388873468453,False,2009,301.90000000000185
2009-10-02,0.0,0.0,0,976.31,981.84,0.0,0.0,False,2009,0.0
2009-10-05,-1.066000000000018,-0.4800000000000181,1,984.96,995.78,-0.0010822774528915062,-0.0004873294346978741,False,2009,-53.3000000000009
2009-10-06,0.0,0.0,0,1002.75,1010.44,0.0,0.0,False,2009,0.0
2009-10-07,0.0,0.0,0,1008.04,1013.09,0.0,0.0,False,2009,0.0
2009-10-08,0.0,0.0,0,1020.54,1020.78,0.0,0.0,False,2009,0.0
2009-10-09,0.0,0.0,0,1021.02,1026.55,0.0,0.0,False,2009,0.0
2009-10-12,0.0,0.0,0,1031.84,1031.36,0.0,0.0,False,2009,0.0
2009-10-13,0.0,0.0,0,1027.99,1029.68,0.0,0.0,False,2009,0.0
2009-10-14,0.0,0.0,0,1040.98,1046.99,0.0,0.0,False,2009,0.0
2009-10-15,0.0,0.0,0,1041.7,1049.87,0.0,0.0,False,2009,0.0
2009-10-16,0.0,0.0,0,1041.7,1042.66,0.0,0.0,False,2009,0.0
2009-10-19,-0.8260000000000091,-0.2400000000000091,1,1044.58,1051.79,-0.0007907484347776227,-0.00022975741446323796,False,2009,-41.30000000000045
2009-10-20,0.0,0.0,0,1052.76,1045.78,0.0,0.0,False,2009,0.0
2009-10-21,0.0,0.0,0,1044.1,1036.89,0.0,0.0,False,2009,0.0
2009-10-22,-2.6020000000000634,-1.4300000000000634,2,1036.17,1046.75,-0.0025111709468524116,-0.0013800824189081553,False,2009,-130.10000000000318
2009-10-23,-2.371999999999818,-1.1999999999998179,2,1050.35,1034.97,-0.0022582948540960804,-0.0011424763174178302,False,2009,-118.59999999999089
2009-10-26,-10.263999999999845,-7.919999999999845,4,1035.93,1022.7,-0.009908005367157862,-0.007645304219396914,False,2009,-513.1999999999922
2009-10-27,0.0,0.0,0,1024.63,1019.1,0.0,0.0,False,2009,0.0
2009-10-28,0.7479999999999591,1.919999999999959,2,1016.45,999.87,0.0007358945349008403,0.0018889271484086368,False,2009,37.39999999999796
2009-10-29,-1.2680000000001046,0.4899999999998954,3,1006.84,1020.78,-0.0012593858011204408,0.00048667116920254996,False,2009,-63.40000000000523
2009-10-30,12.394000000000018,12.980000000000018,1,1017.9,991.93,0.012176048727772884,0.012751743786226562,False,2009,619.7000000000008
2009-11-02,-5.396000000000059,-4.810000000000059,1,996.74,998.9,-0.005413648494090795,-0.00482573188594825,False,2009,-269.80000000000297
2009-11-03,0.0,0.0,0,992.89,1001.79,0.0,0.0,False,2009,0.0
2009-11-04,0.0,0.0,0,1009.72,1003.47,0.0,0.0,False,2009,0.0
2009-11-05,0.0,0.0,0,1011.17,1022.95,0.0,0.0,False,2009,0.0
2009-11-06,0.0,0.0,0,1016.94,1025.83,0.0,0.0,False,2009,0.0
2009-11-09,0.0,0.0,0,1033.52,1049.15,0.0,0.0,False,2009,0.0
2009-11-10,0.0,0.0,0,1046.75,1048.91,0.0,0.0,False,2009,0.0
2009-11-11,0.0,0.0,0,1056.12,1054.44,0.0,0.0,False,2009,0.0
2009-11-12,0.0,0.0,0,1053.24,1043.86,0.0,0.0,False,2009,0.0
2009-11-13,0.0,0.0,0,1046.75,1049.63,0.0,0.0,False,2009,0.0
2009-11-16,0.6140000000000455,1.2000000000000455,1,1056.84,1064.78,0.000580977252942778,0.0011354604292040853,False,2009,30.700000000002277
2009-11-17,0.0,0.0,0,1061.89,1066.22,0.0,0.0,False,2009,0.0
2009-11-18,0.0,0.0,0,1065.26,1065.5,0.0,0.0,False,2009,0.0
2009-11-19,-5.261999999999918,-4.089999999999918,2,1058.29,1051.07,-0.004972172088935848,-0.003864725169849397,False,2009,-263.0999999999959
2009-11-20,0.0,0.0,0,1045.78,1048.67,0.0,0.0,False,2009,0.0
2009-11-23,0.0,0.0,0,1060.21,1061.65,0.0,0.0,False,2009,0.0
2009-11-24,0.0,0.0,0,1062.85,1062.37,0.0,0.0,False,2009,0.0
2009-11-25,0.0,0.0,0,1064.3,1066.22,0.0,0.0,False,2009,0.0
2009-11-26,-2.2660000000000635,-1.6800000000000637,1,1052.52,1043.14,-0.002152928210390362,-0.0015961691939346176,True,2009,-113.30000000000318
2009-11-27,-1.5560000000000271,-0.9700000000000272,1,1037.61,1047.47,-0.0014996000424051688,-0.0009348406434016897,True,2009,-77.80000000000136
2009-11-30,0.0,0.0,0,1048.19,1052.76,0.0,0.0,False,2009,0.0
2009-12-01,0.0,0.0,0,1061.89,1065.02,0.0,0.0,False,2009,0.0
2009-12-02,0.0,0.0,0,1065.74,1065.5,0.0,0.0,False,2009,0.0
2009-12-03,0.0,0.0,0,1067.9,1057.08,0.0,0.0,False,2009,0.0
2009-12-04,0.0,0.0,0,1070.55,1062.61,0.0,0.0,False,2009,0.0
2009-12-07,0.0,0.0,0,1062.13,1060.45,0.0,0.0,False,2009,0.0
2009-12-08,0.0,0.0,0,1053.96,1049.39,0.0,0.0,False,2009,0.0
2009-12-09,0.0,0.0,0,1048.91,1053.0,0.0,0.0,False,2009,0.0
2009-12-10,0.0,0.0,0,1059.73,1059.25,0.0,0.0,False,2009,0.0
2009-12-11,0.0,0.0,0,1063.82,1064.78,0.0,0.0,False,2009,0.0
2009-12-14,0.0,0.0,0,1070.78,1071.27,0.0,0.0,False,2009,0.0
2009-12-15,0.0,0.0,0,1067.16,1065.71,0.0,0.0,False,2009,0.0
2009-12-16,0.0,0.0,0,1070.3,1067.4,0.0,0.0,False,2009,0.0
2009-12-17,0.0,0.0,0,1059.92,1054.37,0.0,0.0,False,2009,0.0
2009-12-18,0.0,0.0,0,1060.4,1060.64,0.0,0.0,False,2009,0.0
2009-12-21,-2.5160000000000635,-1.9300000000000637,1,1065.71,1071.27,-0.0023608674029520823,-0.001810999239943384,False,2009,-125.80000000000318
2009-12-22,0.0,0.0,0,1073.68,1075.37,0.0,0.0,False,2009,0.0
2009-12-23,0.0,0.0,0,1077.79,1077.54,0.0,0.0,False,2009,0.0
2009-12-24,0.0,0.0,0,1079.96,1083.58,0.0,0.0,True,2009,0.0
2009-12-28,0.0,0.0,0,1086.48,1085.03,0.0,0.0,False,2009,0.0
2009-12-29,0.0,0.0,0,1087.68,1083.58,0.0,0.0,False,2009,0.0
2009-12-30,0.0,0.0,0,1080.2,1082.86,0.0,0.0,False,2009,0.0
2009-12-31,0.0,0.0,0,1085.27,1071.99,0.0,0.0,False,2009,0.0
2010-01-04,3.5239999999999,4.1099999999999,1,1081.17,1090.1,0.003259431911725168,0.0038014373317793683,False,2010,176.19999999999501
2010-01-05,0.0,0.0,0,1089.62,1093.0,0.0,0.0,False,2010,0.0
2010-01-06,0.0,0.0,0,1092.03,1094.2,0.0,0.0,False,2010,0.0
2010-01-07,0.0,0.0,0,1091.79,1098.79,0.0,0.0,False,2010,0.0
2010-01-08,0.0,0.0,0,1095.89,1102.17,0.0,0.0,False,2010,0.0
2010-01-11,0.0,0.0,0,1107.0,1103.86,0.0,0.0,False,2010,0.0
2010-01-12,0.0,0.0,0,1096.38,1093.24,0.0,0.0,False,2010,0.0
2010-01-13,0.0,0.0,0,1096.38,1103.14,0.0,0.0,False,2010,0.0
2010-01-14,0.0,0.0,0,1101.69,1105.79,0.0,0.0,False,2010,0.0
2010-01-15,4.723999999999945,5.309999999999945,1,1103.86,1093.24,0.004279528201039938,0.004810392622252773,False,2010,236.19999999999726
2010-01-18,0.0,0.0,0,1096.62,1097.83,0.0,0.0,True,2010,0.0
2010-01-19,0.0,0.0,0,1092.75,1107.0,0.0,0.0,False,2010,0.0
2010-01-20,-5.176000000000146,-4.5900000000001455,1,1099.52,1095.65,-0.004707508731082787,-0.0041745488940629965,False,2010,-258.8000000000073
2010-01-21,9.553999999999872,10.139999999999873,1,1095.89,1074.16,0.008718028269260483,0.009252753469782434,False,2010,477.6999999999936
2010-01-22,0.0,0.0,0,1069.82,1050.5,0.0,0.0,False,2010,0.0
2010-01-25,0.0,0.0,0,1060.16,1055.81,0.0,0.0,False,2010,0.0
2010-01-26,0.0,0.0,0,1051.47,1050.99,0.0,0.0,False,2010,0.0
2010-01-27,0.0,0.0,0,1049.78,1056.3,0.0,0.0,False,2010,0.0
2010-01-28,-0.34599999999999087,0.2400000000000091,1,1059.68,1043.74,-0.00032651366450248267,0.00022648346670693897,False,2010,-17.299999999999542
2010-01-29,0.0,0.0,0,1048.33,1032.88,0.0,0.0,False,2010,0.0
2010-02-01,0.0,0.0,0,1040.12,1048.09,0.0,0.0,False,2010,0.0
2010-02-02,0.0,0.0,0,1050.5,1061.85,0.0,0.0,False,2010,0.0
2010-02-03,0.0,0.0,0,1056.54,1056.3,0.0,0.0,False,2010,0.0
2010-02-04,0.8640000000000455,1.4500000000000455,1,1047.85,1023.46,0.0008245454979243647,0.0013837858472109993,False,2010,43.20000000000228
2010-02-05,0.0,0.0,0,1024.43,1026.12,0.0,0.0,False,2010,0.0
2010-02-08,0.0,0.0,0,1026.12,1017.91,0.0,0.0,False,2010,0.0
2010-02-09,0.0,0.0,0,1029.98,1031.19,0.0,0.0,False,2010,0.0
2010-02-10,0.0,0.0,0,1029.01,1028.77,0.0,0.0,False,2010,0.0
2010-02-11,0.0,0.0,0,1027.32,1039.64,0.0,0.0,False,2010,0.0
2010-02-12,0.0,0.0,0,1028.53,1038.43,0.0,0.0,False,2010,0.0
2010-02-15,0.0,0.0,0,1040.6,1038.67,0.0,0.0,True,2010,0.0
2010-02-16,0.0,0.0,0,1046.64,1055.09,0.0,0.0,False,2010,0.0
2010-02-17,0.0,0.0,0,1060.64,1060.4,0.0,0.0,False,2010,0.0
2010-02-18,0.0,0.0,0,1058.71,1067.16,0.0,0.0,False,2010,0.0
2010-02-19,0.0,0.0,0,1063.54,1069.34,0.0,0.0,False,2010,0.0
2010-02-22,0.0,0.0,0,1072.47,1068.61,0.0,0.0,False,2010,0.0
2010-02-23,-0.586,0.0,1,1065.96,1055.57,-0.0005497392022214717,0.0,False,2010,-29.299999999999997
2010-02-24,0.0,0.0,0,1059.19,1065.71,0.0,0.0,False,2010,0.0
2010-02-25,0.0,0.0,0,1050.26,1064.51,0.0,0.0,False,2010,0.0
2010-02-26,0.0,0.0,0,1065.23,1064.99,0.0,0.0,False,2010,0.0
2010-03-01,0.0,0.0,0,1069.09,1076.1,0.0,0.0,False,2010,0.0
2010-03-02,0.0,0.0,0,1080.44,1078.51,0.0,0.0,False,2010,0.0
2010-03-03,0.0,0.0,0,1081.89,1079.96,0.0,0.0,False,2010,0.0
2010-03-04,0.0,0.0,0,1081.17,1083.34,0.0,0.0,False,2010,0.0
2010-03-05,-1.076000000000009,-0.490000000000009,1,1090.34,1099.03,-0.0009868481391125787,-0.00044940110424272154,False,2010,-53.800000000000445
2010-03-08,0.0,0.0,0,1098.79,1098.79,0.0,0.0,False,2010,0.0
2010-03-09,0.0,0.0,0,1095.41,1100.72,0.0,0.0,False,2010,0.0
2010-03-10,0.0,0.0,0,1101.45,1105.55,0.0,0.0,False,2010,0.0
2010-03-11,0.0,0.0,0,1103.14,1110.62,0.0,0.0,False,2010,0.0
2010-03-12,0.0,0.0,0,1114.97,1110.14,0.0,0.0,False,2010,0.0
2010-03-15,0.0,0.0,0,1109.4,1111.83,0.0,0.0,False,2010,0.0
2010-03-16,0.0,0.0,0,1114.74,1120.56,0.0,0.0,False,2010,0.0
2010-03-17,0.0,0.0,0,1123.71,1127.35,0.0,0.0,False,2010,0.0
2010-03-18,0.0,0.0,0,1127.11,1126.38,0.0,0.0,False,2010,0.0
2010-03-19,-4.918000000000082,-3.160000000000082,3,1130.26,1120.8,-0.004351211225735744,-0.0027958168916887103,False,2010,-245.9000000000041
2010-03-22,0.0,0.0,0,1114.5,1126.63,0.0,0.0,False,2010,0.0
2010-03-23,0.0,0.0,0,1128.57,1135.12,0.0,0.0,False,2010,0.0
2010-03-24,0.0,0.0,0,1130.51,1129.05,0.0,0.0,False,2010,0.0
2010-03-25,0.0,0.0,0,1136.82,1127.11,0.0,0.0,False,2010,0.0
2010-03-26,0.0,0.0,0,1129.29,1127.35,0.0,0.0,False,2010,0.0
2010-03-29,0.0,0.0,0,1132.45,1134.39,0.0,0.0,False,2010,0.0
2010-03-30,0.0,0.0,0,1135.36,1134.63,0.0,0.0,False,2010,0.0
2010-03-31,0.0,0.0,0,1130.51,1130.51,0.0,0.0,False,2010,0.0
2010-04-01,0.0,0.0,0,1138.51,1138.76,0.0,0.0,False,2010,0.0
2010-04-05,0.0,0.0,0,1142.88,1147.97,0.0,0.0,False,2010,0.0
2010-04-06,0.0,0.0,0,1144.82,1150.16,0.0,0.0,False,2010,0.0
2010-04-07,0.0,0.0,0,1148.22,1144.34,0.0,0.0,False,2010,0.0
2010-04-08,0.0,0.0,0,1140.21,1147.97,0.0,0.0,False,2010,0.0
2010-04-09,0.0,0.0,0,1150.16,1155.5,0.0,0.0,False,2010,0.0
2010-04-12,0.0,0.0,0,1156.71,1157.68,0.0,0.0,False,2010,0.0
2010-04-13,-1.5560000000000271,-0.9700000000000272,1,1156.22,1158.41,-0.0013457646468665366,-0.000838940686028634,False,2010,-77.80000000000136
2010-04-14,-2.765999999999836,-2.1799999999998363,1,1162.53,1171.02,-0.0023792934375885663,-0.001875220424419014,False,2010,-138.2999999999918
2010-04-15,0.0,0.0,0,1169.32,1172.23,0.0,0.0,False,2010,0.0
2010-04-16,1.988000000000082,3.160000000000082,2,1168.35,1153.55,0.0017015449137673488,0.0027046689776180784,False,2010,99.4000000000041
2010-04-19,0.0,0.0,0,1150.16,1158.41,0.0,0.0,False,2010,0.0
2010-04-20,0.0,0.0,0,1165.44,1168.11,0.0,0.0,False,2010,0.0
2010-04-21,0.0,0.0,0,1169.08,1166.17,0.0,0.0,False,2010,0.0
2010-04-22,-3.986000000000091,-3.400000000000091,1,1158.16,1169.57,-0.0034416660910410396,-0.002935691096221671,False,2010,-199.30000000000453
2010-04-23,0.0,0.0,0,1168.84,1177.33,0.0,0.0,False,2010,0.0
2010-04-26,0.0,0.0,0,1177.57,1172.72,0.0,0.0,False,2010,0.0
2010-04-27,8.538000000000036,9.710000000000036,2,1166.17,1144.82,0.007321402539938461,0.008326401811056738,False,2010,426.9000000000018
2010-04-28,0.0,0.0,0,1150.4,1153.31,0.0,0.0,False,2010,0.0
2010-04-29,-0.2879999999999727,1.4700000000000273,3,1160.59,1167.63,-0.00024814964802382647,0.0012665971617884244,False,2010,-14.399999999998636
2010-04-30,-0.3080000000001819,1.449999999999818,3,1168.35,1148.46,-0.00026361963452748056,0.001241066461248614,False,2010,-15.400000000009095
2010-05-03,-2.142000000000027,-0.9700000000000271,2,1153.8,1163.5,-0.0018564742589703823,-0.0008407002946784773,False,2010,-107.10000000000134
2010-05-04,9.498000000000072,10.670000000000073,2,1150.16,1135.84,0.008257981498226395,0.00927697016067336,False,2010,474.9000000000036
2010-05-05,0.0,0.0,0,1126.14,1129.05,0.0,0.0,False,2010,0.0
2010-05-06,17.604000000000056,18.190000000000055,1,1123.23,1090.24,0.015672658315750165,0.016194368027919532,False,2010,880.2000000000028
2010-05-07,-20.96599999999988,-20.37999999999988,1,1088.3,1075.44,-0.01926490857300366,-0.01872645410272892,False,2010,-1048.299999999994
2010-05-10,0.0,0.0,0,1119.11,1122.5,0.0,0.0,False,2010,0.0
2010-05-11,0.0,0.0,0,1112.07,1119.11,0.0,0.0,False,2010,0.0
2010-05-12,0.8640000000000455,1.4500000000000455,1,1123.71,1135.12,0.0007688816509598077,0.0012903685114487237,False,2010,43.20000000000228
2010-05-13,0.0,0.0,0,1131.96,1120.8,0.0,0.0,False,2010,0.0
2010-05-14,-4.668000000000082,-2.910000000000082,3,1112.31,1100.67,-0.004196671791137437,-0.002616177144860769,False,2010,-233.4000000000041
2010-05-17,-1.066000000000018,-0.4800000000000181,1,1103.34,1101.15,-0.0009661573041854897,-0.0004350426885638317,False,2010,-53.3000000000009
2010-05-18,0.0,0.0,0,1110.13,1085.87,0.0,0.0,False,2010,0.0
2010-05-19,0.0,0.0,0,1079.8,1079.8,0.0,0.0,False,2010,0.0
2010-05-20,0.0,0.0,0,1056.52,1038.08,0.0,0.0,False,2010,0.0
2010-05-21,0.0,0.0,0,1022.79,1053.6,0.0,0.0,False,2010,0.0
2010-05-24,0.0,0.0,0,1048.02,1040.26,0.0,0.0,False,2010,0.0
2010-05-25,0.0,0.0,0,1015.03,1041.47,0.0,0.0,False,2010,0.0
2010-05-26,0.0,0.0,0,1047.78,1034.68,0.0,0.0,False,2010,0.0
2010-05-27,0.0,0.0,0,1054.82,1070.1,0.0,0.0,False,2010,0.0
2010-05-28,0.0,0.0,0,1068.89,1056.76,0.0,0.0,False,2010,0.0
2010-05-31,0.0,0.0,0,1061.12,1058.46,0.0,0.0,True,2010,0.0
2010-06-01,0.0,0.0,0,1046.33,1038.32,0.0,0.0,False,2010,0.0
2010-06-02,0.0,0.0,0,1043.9,1065.25,0.0,0.0,False,2010,0.0
2010-06-03,0.0,0.0,0,1068.89,1069.37,0.0,0.0,False,2010,0.0
2010-06-04,0.0,0.0,0,1048.99,1033.23,0.0,0.0,False,2010,0.0
2010-06-07,0.0,0.0,0,1035.17,1018.67,0.0,0.0,False,2010,0.0
2010-06-08,0.0,0.0,0,1019.15,1029.1,0.0,0.0,False,2010,0.0
2010-06-09,0.0,0.0,0,1035.65,1023.52,0.0,0.0,False,2010,0.0
2010-06-10,-4.466000000000109,-3.8800000000001096,1,1041.47,1054.57,-0.004288169606421797,-0.003725503375037312,False,2010,-223.30000000000547
2010-06-11,0.0,0.0,0,1044.63,1059.18,0.0,0.0,False,2010,0.0
2010-06-14,0.0,0.0,0,1067.45,1057.47,0.0,0.0,False,2010,0.0
2010-06-15,0.0,0.0,0,1064.78,1081.58,0.0,0.0,False,2010,0.0
2010-06-16,0.0,0.0,0,1075.98,1081.09,0.0,0.0,False,2010,0.0
2010-06-17,0.0,0.0,0,1084.26,1082.8,0.0,0.0,False,2010,0.0
2010-06-18,0.0,0.0,0,1084.75,1083.53,0.0,0.0,False,2010,0.0
2010-06-21,0.0,0.0,0,1097.41,1080.36,0.0,0.0,False,2010,0.0
2010-06-22,0.0,0.0,0,1081.09,1063.31,0.0,0.0,False,2010,0.0
2010-06-23,-4.236000000000091,-3.6500000000000914,1,1063.56,1059.42,-0.003982850050772962,-0.003431870322313825,False,2010,-211.80000000000456
2010-06-24,-7.751999999999927,-6.579999999999927,2,1054.55,1042.13,-0.007351002797401666,-0.006239628277464253,False,2010,-387.5999999999963
2010-06-25,0.0,0.0,0,1045.05,1046.51,0.0,0.0,False,2010,0.0
2010-06-28,0.0,0.0,0,1047.73,1042.37,0.0,0.0,False,2010,0.0
2010-06-29,10.373999999999922,10.959999999999923,1,1028.24,1010.22,0.010089084260483858,0.010658990119038281,False,2010,518.6999999999961
2010-06-30,0.0,0.0,0,1007.3,999.51,0.0,0.0,False,2010,0.0
2010-07-01,-4.235999999999978,-3.6499999999999777,1,999.75,996.58,-0.004237059264816182,-0.003650912728182023,False,2010,-211.79999999999887
2010-07-02,0.0,0.0,0,999.51,990.98,0.0,0.0,False,2010,0.0
2010-07-05,0.0,0.0,0,987.57,985.87,0.0,0.0,True,2010,0.0
2010-07-06,0.0,0.0,0,1004.62,997.31,0.0,0.0,False,2010,0.0
2010-07-07,14.754000000000032,15.340000000000032,1,999.26,1028.97,0.014764926045273534,0.015351360006404772,False,2010,737.7000000000015
2010-07-08,0.0,0.0,0,1037.01,1038.72,0.0,0.0,False,2010,0.0
2010-07-09,0.0,0.0,0,1038.72,1046.51,0.0,0.0,False,2010,0.0
2010-07-12,0.0,0.0,0,1043.34,1047.48,0.0,0.0,False,2010,0.0
2010-07-13,0.0,0.0,0,1058.2,1063.31,0.0,0.0,False,2010,0.0
2010-07-14,0.0,0.0,0,1059.66,1063.31,0.0,0.0,False,2010,0.0
2010-07-15,-1.8060000000000271,-1.2200000000000273,1,1063.07,1063.56,-0.0016988533210419137,-0.0011476196299397287,False,2010,-90.30000000000136
2010-07-16,8.808000000000018,9.980000000000018,2,1057.71,1034.09,0.00832742434126558,0.009435478533813633,False,2010,440.4000000000009
2010-07-19,0.0,0.0,0,1037.74,1040.66,0.0,0.0,False,2010,0.0
2010-07-20,0.0,0.0,0,1026.05,1051.62,0.0,0.0,False,2010,0.0
2010-07-21,0.0,0.0,0,1056.98,1038.23,0.0,0.0,False,2010,0.0
2010-07-22,3.0739999999998546,3.6599999999998545,1,1050.41,1061.37,0.002926476328290719,0.0034843537285439534,False,2010,153.69999999999274
2010-07-23,0.0,0.0,0,1059.17,1070.62,0.0,0.0,False,2010,0.0
2010-07-26,0.0,0.0,0,1072.33,1082.07,0.0,0.0,False,2010,0.0
2010-07-27,0.0,0.0,0,1087.91,1081.34,0.0,0.0,False,2010,0.0
2010-07-28,0.0,0.0,0,1079.39,1074.52,0.0,0.0,False,2010,0.0
2010-07-29,0.0,0.0,0,1081.34,1069.4,0.0,0.0,False,2010,0.0
2010-07-30,0.0,0.0,0,1058.44,1069.65,0.0,0.0,False,2010,0.0
2010-08-02,0.0,0.0,0,1085.72,1093.27,0.0,0.0,False,2010,0.0
2010-08-03,0.0,0.0,0,1090.83,1087.91,0.0,0.0,False,2010,0.0
2010-08-04,0.0,0.0,0,1091.32,1095.46,0.0,0.0,False,2010,0.0
2010-08-05,0.0,0.0,0,1088.4,1094.24,0.0,0.0,False,2010,0.0
2010-08-06,0.0,0.0,0,1083.53,1089.62,0.0,0.0,False,2010,0.0
2010-08-09,0.0,0.0,0,1094.73,1095.46,0.0,0.0,False,2010,0.0
2010-08-10,0.0,0.0,0,1086.45,1090.1,0.0,0.0,False,2010,0.0
2010-08-11,-4.2939999999998175,-1.9499999999998177,4,1072.81,1059.42,-0.004002572682953941,-0.0018176564349696757,False,2010,-214.69999999999087
2010-08-12,0.0,0.0,0,1043.59,1053.33,0.0,0.0,False,2010,0.0
2010-08-13,0.0,0.0,0,1049.43,1049.68,0.0,0.0,False,2010,0.0
2010-08-16,0.0,0.0,0,1042.61,1049.68,0.0,0.0,False,2010,0.0
2010-08-17,-2.2860000000000453,-1.7000000000000455,1,1058.2,1062.58,-0.002160272160272203,-0.0016065016065016494,False,2010,-114.30000000000227
2010-08-18,0.0,0.0,0,1061.61,1064.29,0.0,0.0,False,2010,0.0
2010-08-19,1.3640000000000456,1.9500000000000455,1,1058.44,1046.02,0.0012886890140206772,0.001842334000982621,False,2010,68.20000000000228
2010-08-20,0.0,0.0,0,1042.61,1042.37,0.0,0.0,False,2010,0.0
2010-08-23,0.0,0.0,0,1047.0,1038.23,0.0,0.0,False,2010,0.0
2010-08-24,0.0,0.0,0,1026.54,1023.13,0.0,0.0,False,2010,0.0
2010-08-25,0.0,0.0,0,1017.04,1026.54,0.0,0.0,False,2010,0.0
2010-08-26,0.0,0.0,0,1031.41,1019.48,0.0,0.0,False,2010,0.0
2010-08-27,0.0,0.0,0,1026.05,1035.79,0.0,0.0,False,2010,0.0
2010-08-30,0.0,0.0,0,1032.87,1020.69,0.0,0.0,False,2010,0.0
2010-08-31,0.0,0.0,0,1016.55,1021.42,0.0,0.0,False,2010,0.0
2010-09-01,4.044000000000109,4.630000000000109,1,1034.09,1051.38,0.0039106847566460455,0.004477366573509181,False,2010,202.20000000000545
2010-09-02,0.0,0.0,0,1053.82,1061.12,0.0,0.0,False,2010,0.0
2010-09-03,0.0,0.0,0,1071.35,1075.25,0.0,0.0,False,2010,0.0
2010-09-06,0.0,0.0,0,1077.44,1075.98,0.0,0.0,True,2010,0.0
2010-09-07,0.0,0.0,0,1069.65,1063.07,0.0,0.0,False,2010,0.0
2010-09-08,0.0,0.0,0,1064.53,1069.89,0.0,0.0,False,2010,0.0
2010-09-09,0.0,0.0,0,1082.07,1075.25,0.0,0.0,False,2010,0.0
2010-09-10,0.0,0.0,0,1077.2,1081.09,0.0,0.0,False,2010,0.0
2010-09-13,0.0,0.0,0,1091.08,1092.78,0.0,0.0,False,2010,0.0
2010-09-14,0.0,0.0,0,1090.58,1092.05,0.0,0.0,False,2010,0.0
2010-09-15,0.0,0.0,0,1088.63,1096.46,0.0,0.0,False,2010,0.0
2010-09-16,0.0,0.0,0,1092.54,1096.21,0.0,0.0,False,2010,0.0
2010-09-17,0.0,0.0,0,1101.59,1096.21,0.0,0.0,False,2010,0.0
2010-09-20,0.0,0.0,0,1099.88,1113.34,0.0,0.0,False,2010,0.0
2010-09-21,0.0,0.0,0,1113.83,1110.89,0.0,0.0,False,2010,0.0
2010-09-22,0.0,0.0,0,1109.18,1105.75,0.0,0.0,False,2010,0.0
2010-09-23,0.0,0.0,0,1096.46,1096.21,0.0,0.0,False,2010,0.0
2010-09-24,2.594000000000064,3.1800000000000637,1,1108.69,1118.96,0.00233969820238305,0.0028682499165682595,False,2010,129.7000000000032
2010-09-27,0.0,0.0,0,1119.45,1113.83,0.0,0.0,False,2010,0.0
2010-09-28,-2.056000000000027,-1.4700000000000273,1,1115.29,1118.23,-0.0018434667216598618,-0.0013180428408754918,False,2010,-102.80000000000136
2010-09-29,0.0,0.0,0,1115.05,1115.05,0.0,0.0,False,2010,0.0
2010-09-30,0.0,0.0,0,1121.16,1112.11,0.0,0.0,False,2010,0.0
2010-10-01,0.0,0.0,0,1120.43,1116.76,0.0,0.0,False,2010,0.0
2010-10-04,-3.7660000000000635,-3.1800000000000637,1,1114.56,1108.44,-0.0033789118575940852,-0.0028531438415159917,False,2010,-188.30000000000317
2010-10-05,0.6340000000000273,1.2200000000000273,1,1118.72,1131.19,0.0005667191075515118,0.0010905320366132968,False,2010,31.700000000001367
2010-10-06,0.0,0.0,0,1130.71,1130.71,0.0,0.0,False,2010,0.0
2010-10-07,0.0,0.0,0,1135.35,1129.24,0.0,0.0,False,2010,0.0
2010-10-08,0.0,0.0,0,1131.19,1135.84,0.0,0.0,False,2010,0.0
2010-10-11,0.0,0.0,0,1137.8,1137.07,0.0,0.0,False,2010,0.0
2010-10-12,0.0,0.0,0,1133.4,1140.74,0.0,0.0,False,2010,0.0
2010-10-13,0.0,0.0,0,1146.85,1149.05,0.0,0.0,False,2010,0.0
2010-10-14,0.0,0.0,0,1148.32,1145.38,0.0,0.0,False,2010,0.0
2010-10-15,-3.7660000000000635,-3.1800000000000637,1,1152.97,1147.34,-0.0032663469127558074,-0.002758094312948354,False,2010,-188.30000000000317
2010-10-18,0.0,0.0,0,1147.58,1155.41,0.0,0.0,False,2010,0.0
2010-10-19,0.0,0.0,0,1142.2,1137.55,0.0,0.0,False,2010,0.0
2010-10-20,-3.132000000000036,-1.9600000000000362,2,1139.76,1149.05,-0.0027479469361971257,-0.0017196602793570894,False,2010,-156.6000000000018
2010-10-21,0.0,0.0,0,1153.95,1151.25,0.0,0.0,False,2010,0.0
2010-10-22,0.0,0.0,0,1152.97,1153.95,0.0,0.0,False,2010,0.0
2010-10-25,0.0,0.0,0,1161.28,1156.88,0.0,0.0,False,2010,0.0
2010-10-26,0.0,0.0,0,1151.25,1156.88,0.0,0.0,False,2010,0.0
2010-10-27,0.0,0.0,0,1149.05,1153.46,0.0,0.0,False,2010,0.0
2010-10-28,0.0,0.0,0,1160.31,1154.43,0.0,0.0,False,2010,0.0
2010-10-29,0.0,0.0,0,1152.97,1154.92,0.0,0.0,False,2010,0.0
2010-11-01,0.0,0.0,0,1160.8,1155.66,0.0,0.0,False,2010,0.0
2010-11-02,0.0,0.0,0,1164.22,1164.46,0.0,0.0,False,2010,0.0
2010-11-03,0.0,0.0,0,1166.67,1169.36,0.0,0.0,False,2010,0.0
2010-11-04,0.0,0.0,0,1181.83,1191.62,0.0,0.0,False,2010,0.0
2010-11-05,0.0,0.0,0,1192.35,1196.27,0.0,0.0,False,2010,0.0
2010-11-08,0.0,0.0,0,1192.6,1194.31,0.0,0.0,False,2010,0.0
2010-11-09,0.0,0.0,0,1197.0,1185.01,0.0,0.0,False,2010,0.0
2010-11-10,-1.3159999999997907,-0.7299999999997907,1,1185.01,1189.66,-0.0011105391515681645,-0.0006160285567208638,False,2010,-65.79999999998954
2010-11-11,0.0,0.0,0,1179.88,1185.5,0.0,0.0,False,2010,0.0
2010-11-12,-3.035999999999818,-2.449999999999818,1,1177.43,1171.31,-0.0025784972355042913,-0.0020808031050676625,False,2010,-151.7999999999909
2010-11-15,0.0,0.0,0,1175.23,1169.6,0.0,0.0,False,2010,0.0
2010-11-16,0.6340000000000273,1.2200000000000273,1,1162.51,1151.01,0.0005453716527169894,0.0010494533380358253,False,2010,31.700000000001367
2010-11-17,0.0,0.0,0,1151.74,1151.74,0.0,0.0,False,2010,0.0
2010-11-18,-2.882000000000036,-1.7100000000000362,2,1163.0,1169.36,-0.0024780739466896268,-0.0014703353396388961,False,2010,-144.1000000000018
2010-11-19,-0.09599999999999087,0.4900000000000091,1,1168.38,1172.29,-8.216504904225582e-05,0.0004193841044865618,False,2010,-4.799999999999543
2010-11-22,0.0,0.0,0,1166.42,1170.83,0.0,0.0,False,2010,0.0
2010-11-23,0.0,0.0,0,1157.37,1153.7,0.0,0.0,False,2010,0.0
2010-11-24,-0.7780000000002092,0.9799999999997908,3,1161.28,1171.07,-0.0006699503995592873,0.0008438963901899549,False,2010,-38.90000000001046
2010-11-25,0.0,0.0,0,1169.85,1174.25,0.0,0.0,True,2010,0.0
2010-11-26,0.0,0.0,0,1161.04,1157.86,0.0,0.0,True,2010,0.0
2010-11-29,0.0,0.0,0,1154.43,1161.28,0.0,0.0,False,2010,0.0
2010-11-30,0.0,0.0,0,1149.54,1154.19,0.0,0.0,False,2010,0.0
2010-12-01,0.0,0.0,0,1171.31,1179.39,0.0,0.0,False,2010,0.0
2010-12-02,4.7939999999998815,5.379999999999882,1,1181.1,1194.31,0.004058928117856135,0.004555075776818121,False,2010,239.69999999999408
2010-12-03,0.0,0.0,0,1190.4,1197.49,0.0,0.0,False,2010,0.0
2010-12-06,0.0,0.0,0,1195.04,1196.02,0.0,0.0,False,2010,0.0
2010-12-07,0.0,0.0,0,1208.01,1196.76,0.0,0.0,False,2010,0.0
2010-12-08,0.0,0.0,0,1198.47,1201.16,0.0,0.0,False,2010,0.0
2010-12-09,0.0,0.0,0,1208.01,1206.3,0.0,0.0,False,2010,0.0
2010-12-10,0.0,0.0,0,1209.72,1213.15,0.0,0.0,False,2010,0.0
2010-12-13,0.0,0.0,0,1218.53,1213.88,0.0,0.0,False,2010,0.0
2010-12-14,0.0,0.0,0,1215.6,1214.38,0.0,0.0,False,2010,0.0
2010-12-15,0.0,0.0,0,1212.41,1209.22,0.0,0.0,False,2010,0.0
2010-12-16,0.0,0.0,0,1210.2,1216.1,0.0,0.0,False,2010,0.0
2010-12-17,0.0,0.0,0,1215.6,1217.81,0.0,0.0,False,2010,0.0
2010-12-20,0.0,0.0,0,1221.01,1220.27,0.0,0.0,False,2010,0.0
2010-12-21,0.0,0.0,0,1224.2,1227.64,0.0,0.0,False,2010,0.0
2010-12-22,0.0,0.0,0,1229.36,1232.06,0.0,0.0,False,2010,0.0
2010-12-23,0.0,0.0,0,1230.58,1230.09,0.0,0.0,False,2010,0.0
2010-12-27,0.0,0.0,0,1225.43,1230.83,0.0,0.0,False,2010,0.0
2010-12-28,0.0,0.0,0,1233.04,1232.3,0.0,0.0,False,2010,0.0
2010-12-29,0.0,0.0,0,1234.02,1233.53,0.0,0.0,False,2010,0.0
2010-12-30,0.0,0.0,0,1232.3,1231.81,0.0,0.0,False,2010,0.0
2010-12-31,0.0,0.0,0,1229.11,1232.06,0.0,0.0,False,2010,0.0
2011-01-03,-1.076000000000009,-0.490000000000009,1,1240.9,1244.34,-0.0008671125795793448,-0.0003948746877266572,False,2011,-53.800000000000445
2011-01-04,-2.7960000000000362,-2.2100000000000364,1,1247.28,1243.11,-0.002241677891091043,-0.0017718555576935703,False,2011,-139.8000000000018
2011-01-05,-3.2180000000000364,-1.4600000000000364,3,1239.67,1250.23,-0.0025958521219357055,-0.0011777327837247302,False,2011,-160.90000000000182
2011-01-06,0.0,0.0,0,1250.48,1247.77,0.0,0.0,False,2011,0.0
2011-01-07,-2.5460000000000362,-1.9600000000000364,1,1249.49,1245.07,-0.0020376313535922946,-0.001568640005122119,False,2011,-127.30000000000182
2011-01-10,-4.026000000000055,-3.440000000000055,1,1239.92,1243.85,-0.0032469836763662613,-0.002774372540163926,False,2011,-201.30000000000274
2011-01-11,0.0,0.0,0,1248.02,1248.27,0.0,0.0,False,2011,0.0
2011-01-12,0.0,0.0,0,1255.88,1259.56,0.0,0.0,False,2011,0.0
2011-01-13,0.0,0.0,0,1259.81,1257.35,0.0,0.0,False,2011,0.0
2011-01-14,-1.326000000000009,-0.740000000000009,1,1255.39,1266.19,-0.0010562454695353706,-0.0005894582560001346,False,2011,-66.30000000000045
2011-01-17,0.0,0.0,0,1261.53,1262.51,0.0,0.0,True,2011,0.0
2011-01-18,0.0,0.0,0,1264.96,1268.89,0.0,0.0,False,2011,0.0
2011-01-19,5.064000000000091,5.650000000000091,1,1267.42,1256.12,0.003995518454813787,0.004457875053257871,False,2011,253.20000000000454
2011-01-20,-0.586,0.0,1,1253.18,1254.65,-0.00046761039914457615,0.0,False,2011,-29.299999999999997
2011-01-21,0.0,0.0,0,1262.26,1257.6,0.0,0.0,False,2011,0.0
2011-01-24,0.0,0.0,0,1256.37,1264.72,0.0,0.0,False,2011,0.0
2011-01-25,0.0,0.0,0,1260.79,1264.72,0.0,0.0,False,2011,0.0
2011-01-26,-2.066000000000018,-1.4800000000000182,1,1267.91,1270.12,-0.001629453194627393,-0.0011672752797911665,False,2011,-103.3000000000009
2011-01-27,0.0,0.0,0,1270.37,1273.31,0.0,0.0,False,2011,0.0
2011-01-28,15.124000000000036,15.710000000000036,1,1274.54,1250.48,0.011866241938267953,0.01232601566055207,False,2011,756.2000000000018
2011-01-31,0.0,0.0,0,1253.91,1260.05,0.0,0.0,False,2011,0.0
2011-02-01,2.3640000000000456,2.9500000000000455,1,1267.67,1280.44,0.0018648386409712665,0.0023271040570495834,False,2011,118.20000000000228
2011-02-02,0.0,0.0,0,1277.0,1277.49,0.0,0.0,False,2011,0.0
2011-02-03,0.0,0.0,0,1275.52,1280.68,0.0,0.0,False,2011,0.0
2011-02-04,0.0,0.0,0,1281.17,1284.12,0.0,0.0,False,2011,0.0
2011-02-07,0.0,0.0,0,1287.31,1292.22,0.0,0.0,False,2011,0.0
2011-02-08,0.0,0.0,0,1293.7,1298.12,0.0,0.0,False,2011,0.0
2011-02-09,0.0,0.0,0,1294.43,1295.42,0.0,0.0,False,2011,0.0
2011-02-10,0.0,0.0,0,1288.29,1295.91,0.0,0.0,False,2011,0.0
2011-02-11,0.0,0.0,0,1290.5,1303.52,0.0,0.0,False,2011,0.0
2011-02-14,0.0,0.0,0,1302.54,1306.22,0.0,0.0,False,2011,0.0
2011-02-15,0.0,0.0,0,1302.29,1302.54,0.0,0.0,False,2011,0.0
2011-02-16,0.0,0.0,0,1306.71,1310.15,0.0,0.0,False,2011,0.0
2011-02-17,0.0,0.0,0,1306.71,1314.57,0.0,0.0,False,2011,0.0
2011-02-18,0.0,0.0,0,1315.8,1317.76,0.0,0.0,False,2011,0.0
2011-02-21,0.0,0.0,0,1314.82,1306.47,0.0,0.0,True,2011,0.0
2011-02-22,0.0,0.0,0,1303.03,1290.75,0.0,0.0,False,2011,0.0
2011-02-23,0.0,0.0,0,1290.01,1283.14,0.0,0.0,False,2011,0.0
2011-02-24,0.0,0.0,0,1281.42,1281.91,0.0,0.0,False,2011,0.0
2011-02-25,-3.382000000000036,-2.2100000000000364,2,1287.31,1295.66,-0.002627183817417744,-0.001716758201210304,False,2011,-169.1000000000018
2011-02-28,0.0,0.0,0,1300.33,1303.77,0.0,0.0,False,2011,0.0
2011-03-01,9.638000000000172,10.810000000000173,2,1307.94,1281.66,0.007368839549214927,0.008264905117971904,False,2011,481.9000000000086
2011-03-02,0.0,0.0,0,1279.94,1284.61,0.0,0.0,False,2011,0.0
2011-03-03,0.0,0.0,0,1296.15,1306.71,0.0,0.0,False,2011,0.0
2011-03-04,-2.642000000000027,-1.470000000000027,2,1305.73,1296.89,-0.0020233892152282835,-0.0011258070198280096,False,2011,-132.10000000000136
2011-03-07,0.0,0.0,0,1300.82,1286.58,0.0,0.0,False,2011,0.0
2011-03-08,0.0,0.0,0,1288.54,1298.12,0.0,0.0,False,2011,0.0
2011-03-09,0.0,0.0,0,1295.17,1295.91,0.0,0.0,False,2011,0.0
2011-03-10,1.3740000000000365,1.9600000000000364,1,1282.4,1271.84,0.0010714285714285999,0.0015283842794760107,False,2011,68.70000000000182
2011-03-11,0.0,0.0,0,1267.67,1280.68,0.0,0.0,False,2011,0.0
2011-03-14,0.0,0.0,0,1272.81,1273.79,0.0,0.0,False,2011,0.0
2011-03-15,0.0,0.0,0,1239.03,1259.25,0.0,0.0,False,2011,0.0
2011-03-16,-9.706000000000119,-9.120000000000118,1,1254.56,1235.33,-0.007736576967223663,-0.007269480933554488,False,2011,-485.3000000000059
2011-03-17,0.0,0.0,0,1253.08,1251.11,0.0,0.0,False,2011,0.0
2011-03-18,0.0,0.0,0,1266.89,1256.29,0.0,0.0,False,2011,0.0
2011-03-21,0.0,0.0,0,1271.82,1275.27,0.0,0.0,False,2011,0.0
2011-03-22,0.0,0.0,0,1275.27,1271.33,0.0,0.0,False,2011,0.0
2011-03-23,0.0,0.0,0,1267.38,1274.53,0.0,0.0,False,2011,0.0
2011-03-24,0.0,0.0,0,1281.93,1286.86,0.0,0.0,False,2011,0.0
2011-03-25,0.0,0.0,0,1290.07,1290.31,0.0,0.0,False,2011,0.0
2011-03-28,0.0,0.0,0,1293.52,1287.6,0.0,0.0,False,2011,0.0
2011-03-29,0.0,0.0,0,1286.62,1296.23,0.0,0.0,False,2011,0.0
2011-03-30,0.0,0.0,0,1303.14,1305.35,0.0,0.0,False,2011,0.0
2011-03-31,0.0,0.0,0,1303.63,1303.63,0.0,0.0,False,2011,0.0
2011-04-01,0.0,0.0,0,1311.77,1309.05,0.0,0.0,False,2011,0.0
2011-04-04,0.0,0.0,0,1312.01,1310.29,0.0,0.0,False,2011,0.0
2011-04-05,0.0,0.0,0,1307.57,1309.55,0.0,0.0,False,2011,0.0
2011-04-06,0.0,0.0,0,1316.2,1313.74,0.0,0.0,False,2011,0.0
2011-04-07,0.0,0.0,0,1311.52,1310.78,0.0,0.0,False,2011,0.0
2011-04-08,-2.316000000000018,-1.7300000000000182,1,1316.45,1305.6,-0.0017592768430248153,-0.0013141403015686263,False,2011,-115.8000000000009
2011-04-11,0.0,0.0,0,1307.57,1301.9,0.0,0.0,False,2011,0.0
2011-04-12,-2.556000000000027,-1.9700000000000273,1,1295.0,1292.29,-0.0019737451737451947,-0.0015212355212355423,False,2011,-127.80000000000136
2011-04-13,0.0,0.0,0,1298.45,1292.04,0.0,0.0,False,2011,0.0
2011-04-14,0.0,0.0,0,1284.89,1293.27,0.0,0.0,False,2011,0.0
2011-04-15,0.0,0.0,0,1295.49,1298.2,0.0,0.0,False,2011,0.0
2011-04-18,-0.586,0.0,1,1283.41,1283.16,-0.0004565960994537988,0.0,False,2011,-29.299999999999997
2011-04-19,0.0,0.0,0,1285.38,1290.31,0.0,0.0,False,2011,0.0
2011-04-20,0.0,0.0,0,1306.09,1308.81,0.0,0.0,False,2011,0.0
2011-04-21,0.0,0.0,0,1314.97,1314.72,0.0,0.0,False,2011,0.0
2011-04-25,0.0,0.0,0,1313.74,1313.25,0.0,0.0,False,2011,0.0
2011-04-26,-2.162000000000009,-0.9900000000000089,2,1317.68,1325.08,-0.001640762552364769,-0.0007513205027017248,False,2011,-108.10000000000043
2011-04-27,0.0,0.0,0,1327.79,1333.22,0.0,0.0,False,2011,0.0
2011-04-28,0.0,0.0,0,1331.49,1337.9,0.0,0.0,False,2011,0.0
2011-04-29,0.0,0.0,0,1338.4,1341.35,0.0,0.0,False,2011,0.0
2011-05-02,0.0,0.0,0,1347.03,1338.89,0.0,0.0,False,2011,0.0
2011-05-03,-4.526000000000055,-3.940000000000055,1,1336.18,1334.2,-0.0033872681824305517,-0.002948704515858683,False,2011,-226.30000000000274
2011-05-04,-0.19199999999998174,0.9800000000000182,2,1333.71,1325.33,-0.0001439593314888407,0.0007347924211410413,False,2011,-9.599999999999087
2011-05-05,-6.506000000000073,-5.920000000000073,1,1317.68,1313.25,-0.004937465849068114,-0.004492744824236592,False,2011,-325.30000000000365
2011-05-06,0.0,0.0,0,1326.07,1318.67,0.0,0.0,False,2011,0.0
2011-05-09,0.0,0.0,0,1318.67,1323.85,0.0,0.0,False,2011,0.0
2011-05-10,0.0,0.0,0,1328.29,1335.44,0.0,0.0,False,2011,0.0
2011-05-11,-2.316000000000018,-1.7300000000000182,1,1333.22,1321.14,-0.0017371476575509053,-0.001297610296875248,False,2011,-115.8000000000009
2011-05-12,-3.2960000000000362,-2.7100000000000364,1,1317.44,1327.55,-0.002501821714840931,-0.002057019674520309,False,2011,-164.8000000000018
2011-05-13,0.6540000000000091,1.240000000000009,1,1328.29,1316.94,0.0004923623606290864,0.0009335310813150811,False,2011,32.70000000000046
2011-05-16,0.0,0.0,0,1312.75,1309.05,0.0,0.0,False,2011,0.0
2011-05-17,0.0,0.0,0,1303.88,1308.81,0.0,0.0,False,2011,0.0
2011-05-18,0.0,0.0,0,1309.3,1320.4,0.0,0.0,False,2011,0.0
2011-05-19,0.0,0.0,0,1324.59,1323.35,0.0,0.0,False,2011,0.0
2011-05-20,-3.152000000000018,-1.980000000000018,2,1320.15,1313.0,-0.0023876074688482505,-0.0014998295648221928,False,2011,-157.6000000000009
2011-05-23,0.0,0.0,0,1296.97,1297.46,0.0,0.0,False,2011,0.0
2011-05-24,0.0,0.0,0,1301.41,1296.48,0.0,0.0,False,2011,0.0
2011-05-25,0.0,0.0,0,1291.05,1300.42,0.0,0.0,False,2011,0.0
2011-05-26,0.0,0.0,0,1296.97,1306.59,0.0,0.0,False,2011,0.0
2011-05-27,0.0,0.0,0,1310.53,1311.77,0.0,0.0,False,2011,0.0
2011-05-30,0.0,0.0,0,1313.49,1312.26,0.0,0.0,True,2011,0.0
2011-05-31,0.0,0.0,0,1324.09,1325.57,0.0,0.0,False,2011,0.0
2011-06-01,17.414,18.0,1,1321.88,1295.25,0.013173661754470906,0.013616969770327109,False,2011,870.7
2011-06-02,0.0,0.0,0,1296.48,1293.77,0.0,0.0,False,2011,0.0
2011-06-03,0.0,0.0,0,1278.23,1281.19,0.0,0.0,False,2011,0.0
2011-06-06,0.0,0.0,0,1277.99,1267.63,0.0,0.0,False,2011,0.0
2011-06-07,0.0,0.0,0,1273.79,1266.4,0.0,0.0,False,2011,0.0
2011-06-08,0.0,0.0,0,1264.67,1261.22,0.0,0.0,False,2011,0.0
2011-06-09,0.0,0.0,0,1264.67,1270.59,0.0,0.0,False,2011,0.0
2011-06-10,7.064000000000091,7.650000000000091,1,1265.41,1252.34,0.005582380414253159,0.006045471428232818,False,2011,353.20000000000454
2011-06-13,0.0,0.0,0,1256.04,1254.07,0.0,0.0,False,2011,0.0
2011-06-14,0.0,0.0,0,1265.43,1269.88,0.0,0.0,False,2011,0.0
2011-06-15,0.0,0.0,0,1259.24,1246.86,0.0,0.0,False,2011,0.0
2011-06-16,0.0,0.0,0,1247.6,1249.58,0.0,0.0,False,2011,0.0
2011-06-17,0.0,0.0,0,1262.21,1253.79,0.0,0.0,False,2011,0.0
2011-06-20,0.0,0.0,0,1249.34,1260.23,0.0,0.0,False,2011,0.0
2011-06-21,0.15400000000000913,0.7400000000000091,1,1266.66,1277.06,0.00012157958726099279,0.0005842136011242236,False,2011,7.700000000000457
2011-06-22,0.0,0.0,0,1273.35,1269.39,0.0,0.0,False,2011,0.0
2011-06-23,0.0,0.0,0,1254.53,1265.92,0.0,0.0,False,2011,0.0
2011-06-24,-2.258,-0.5,3,1265.67,1250.82,-0.0017840353330647008,-0.00039504768225524816,False,2011,-112.9
2011-06-27,-5.622000000000045,-4.4500000000000455,2,1251.81,1262.21,-0.004491096891700854,-0.003554852573473647,False,2011,-281.10000000000224
2011-06-28,0.0,0.0,0,1266.91,1279.04,0.0,0.0,False,2011,0.0
2011-06-29,0.0,0.0,0,1284.73,1290.43,0.0,0.0,False,2011,0.0
2011-06-30,0.0,0.0,0,1294.14,1302.31,0.0,0.0,False,2011,0.0
2011-07-01,2.2979999999998,3.4699999999998,2,1302.56,1321.62,0.0017642181550176577,0.00266398476845581,False,2011,114.89999999999002
2011-07-04,0.0,0.0,0,1319.39,1320.63,0.0,0.0,True,2011,0.0
2011-07-05,0.0,0.0,0,1319.88,1320.13,0.0,0.0,False,2011,0.0
2011-07-06,0.0,0.0,0,1317.16,1322.11,0.0,0.0,False,2011,0.0
2011-07-07,0.0,0.0,0,1333.75,1336.22,0.0,0.0,False,2011,0.0
2011-07-08,0.0,0.0,0,1320.63,1326.57,0.0,0.0,False,2011,0.0
2011-07-11,0.0,0.0,0,1309.98,1302.06,0.0,0.0,False,2011,0.0
2011-07-12,0.0,0.0,0,1299.09,1296.37,0.0,0.0,False,2011,0.0
2011-07-13,-12.71600000000011,-12.13000000000011,1,1303.55,1300.82,-0.009754900080549354,-0.009305358444248483,False,2011,-635.8000000000055
2011-07-14,-0.586,0.0,1,1304.04,1291.91,-0.00044937271862826293,0.0,False,2011,-29.299999999999997
2011-07-15,0.0,0.0,0,1299.09,1299.34,0.0,0.0,False,2011,0.0
2011-07-18,-5.286000000000046,-4.7000000000000455,1,1293.4,1288.2,-0.004086902736972356,-0.003633833307561501,False,2011,-264.3000000000023
2011-07-19,1.1440000000000183,1.7300000000000182,1,1295.63,1309.74,0.0008829681313338054,0.001335257751055485,False,2011,57.20000000000092
2011-07-20,0.0,0.0,0,1312.71,1308.5,0.0,0.0,False,2011,0.0
2011-07-21,-4.796000000000037,-4.210000000000036,1,1315.92,1327.06,-0.003644598455833209,-0.0031992826311630163,False,2011,-239.80000000000183
2011-07-22,0.0,0.0,0,1327.31,1327.81,0.0,0.0,False,2011,0.0
2011-07-25,0.0,0.0,0,1315.18,1320.63,0.0,0.0,False,2011,0.0
2011-07-26,0.0,0.0,0,1319.39,1315.43,0.0,0.0,False,2011,0.0
2011-07-27,0.22200000000001818,1.9800000000000182,3,1308.25,1288.45,0.0001696923370915484,0.0015134721956812675,False,2011,11.10000000000091
2011-07-28,-0.34599999999999087,0.2400000000000091,1,1288.2,1284.73,-0.0002685918335662093,0.00018630647414998378,False,2011,-17.299999999999542
2011-07-29,0.0,0.0,0,1271.86,1275.57,0.0,0.0,False,2011,0.0
2011-08-01,-12.8980000000001,-11.1400000000001,3,1290.43,1270.13,-0.009995117906434366,-0.008632781320955107,False,2011,-644.900000000005
2011-08-02,7.094000000000063,7.680000000000064,1,1260.72,1237.45,0.0056269433339679415,0.006091757091186039,False,2011,354.7000000000032
2011-08-03,0.0,0.0,0,1239.43,1244.63,0.0,0.0,False,2011,0.0
2011-08-04,18.377999999999954,19.549999999999955,2,1227.06,1184.98,0.014977262725539056,0.015932391244111905,False,2011,918.8999999999977
2011-08-05,-29.892000000000028,-28.720000000000027,2,1200.32,1183.24,-0.024903359104238895,-0.023926952812583335,False,2011,-1494.6000000000015
2011-08-08,18.223999999999947,18.809999999999945,1,1152.55,1106.01,0.015811895362457116,0.016320333174265712,False,2011,911.1999999999973
2011-08-09,0.0,0.0,0,1124.33,1157.99,0.0,0.0,False,2011,0.0
2011-08-10,-4.871999999999818,-3.699999999999818,2,1136.21,1105.76,-0.004287939729451262,-0.0032564402707244418,False,2011,-243.5999999999909
2011-08-11,4.028000000000046,5.2000000000000455,2,1115.91,1156.51,0.0036096100940040377,0.004659874004176005,False,2011,201.40000000000228
2011-08-12,0.0,0.0,0,1167.15,1164.68,0.0,0.0,False,2011,0.0
2011-08-15,0.0,0.0,0,1174.83,1189.43,0.0,0.0,False,2011,0.0
2011-08-16,0.0,0.0,0,1177.55,1178.29,0.0,0.0,False,2011,0.0
2011-08-17,0.0,0.0,0,1184.98,1179.53,0.0,0.0,False,2011,0.0
2011-08-18,-5.536000000000046,-4.9500000000000455,1,1148.09,1129.03,-0.004821921626353375,-0.0043115086796331695,False,2011,-276.8000000000023
2011-08-19,0.0,0.0,0,1112.94,1110.22,0.0,0.0,False,2011,0.0
2011-08-22,0.0,0.0,0,1134.72,1110.96,0.0,0.0,False,2011,0.0
2011-08-23,0.0,0.0,0,1114.92,1147.6,0.0,0.0,False,2011,0.0
2011-08-24,0.0,0.0,0,1145.12,1163.93,0.0,0.0,False,2011,0.0
2011-08-25,0.0,0.0,0,1169.88,1146.36,0.0,0.0,False,2011,0.0
2011-08-26,0.0,0.0,0,1139.68,1162.45,0.0,0.0,False,2011,0.0
2011-08-29,0.0,0.0,0,1178.04,1196.11,0.0,0.0,False,2011,0.0
2011-08-30,0.0,0.0,0,1190.67,1198.84,0.0,0.0,False,2011,0.0
2011-08-31,0.0,0.0,0,1207.01,1205.27,0.0,0.0,False,2011,0.0
2011-09-01,0.0,0.0,0,1205.52,1192.15,0.0,0.0,False,2011,0.0
2011-09-02,0.0,0.0,0,1167.15,1161.21,0.0,0.0,False,2011,0.0
2011-09-05,0.0,0.0,0,1141.16,1134.23,0.0,0.0,True,2011,0.0
2011-09-06,0.0,0.0,0,1126.8,1153.04,0.0,0.0,False,2011,0.0
2011-09-07,0.0,0.0,0,1170.12,1185.22,0.0,0.0,False,2011,0.0
2011-09-08,0.0,0.0,0,1178.29,1173.09,0.0,0.0,False,2011,0.0
2011-09-09,0.0,0.0,0,1159.97,1141.66,0.0,0.0,False,2011,0.0
2011-09-12,0.0,0.0,0,1127.79,1150.07,0.0,0.0,False,2011,0.0
2011-09-13,0.0,0.0,0,1153.29,1160.47,0.0,0.0,False,2011,0.0
2011-09-14,0.0,0.0,0,1166.76,1176.72,0.0,0.0,False,2011,0.0
2011-09-15,0.0,0.0,0,1189.16,1197.37,0.0,0.0,False,2011,0.0
2011-09-16,0.0,0.0,0,1201.85,1204.34,0.0,0.0,False,2011,0.0
2011-09-19,0.0,0.0,0,1184.18,1192.4,0.0,0.0,False,2011,0.0
2011-09-20,0.0,0.0,0,1197.13,1191.4,0.0,0.0,False,2011,0.0
2011-09-21,0.0,0.0,0,1191.65,1154.07,0.0,0.0,False,2011,0.0
2011-09-22,0.0,0.0,0,1121.47,1117.73,0.0,0.0,False,2011,0.0
2011-09-23,0.0,0.0,0,1109.77,1123.21,0.0,0.0,False,2011,0.0
2011-09-26,0.0,0.0,0,1135.15,1151.08,0.0,0.0,False,2011,0.0
2011-09-27,0.0,0.0,0,1174.48,1164.77,0.0,0.0,False,2011,0.0
2011-09-28,-2.826000000000009,-2.240000000000009,1,1166.76,1140.13,-0.0024220919469299675,-0.0019198464122870248,False,2011,-141.30000000000044
2011-09-29,0.0,0.0,0,1159.3,1149.59,0.0,0.0,False,2011,0.0
2011-09-30,0.0,0.0,0,1133.66,1120.72,0.0,0.0,False,2011,0.0
2011-10-03,6.798000000000028,7.970000000000027,2,1113.5,1087.87,0.006105074090705009,0.007157611136057501,False,2011,339.9000000000014
2011-10-04,0.0,0.0,0,1072.68,1112.26,0.0,0.0,False,2011,0.0
2011-10-05,0.0,0.0,0,1114.99,1133.41,0.0,0.0,False,2011,0.0
2011-10-06,-2.586,-2.0,1,1132.17,1153.82,-0.0022841092768753806,-0.001766519162316613,False,2011,-129.29999999999998
2011-10-07,0.0,0.0,0,1160.54,1146.1,0.0,0.0,False,2011,0.0
2011-10-10,-0.09599999999999087,0.4900000000000091,1,1165.77,1184.93,-8.234900537841158e-05,0.00042032304828569023,False,2011,-4.799999999999543
2011-10-11,0.0,0.0,0,1177.96,1185.68,0.0,0.0,False,2011,0.0
2011-10-12,0.0,0.0,0,1195.38,1196.38,0.0,0.0,False,2011,0.0
2011-10-13,0.0,0.0,0,1189.16,1193.89,0.0,0.0,False,2011,0.0
2011-10-14,0.0,0.0,0,1208.08,1214.8,0.0,0.0,False,2011,0.0
2011-10-17,0.0,0.0,0,1209.07,1191.15,0.0,0.0,False,2011,0.0
2011-10-18,0.16400000000000003,0.75,1,1190.16,1214.8,0.0001377965987766351,0.0006301673724541238,False,2011,8.200000000000001
2011-10-19,0.0,0.0,0,1212.81,1199.86,0.0,0.0,False,2011,0.0
2011-10-20,0.0,0.0,0,1203.35,1205.09,0.0,0.0,False,2011,0.0
2011-10-21,0.0,0.0,0,1220.02,1228.48,0.0,0.0,False,2011,0.0
2011-10-24,0.0,0.0,0,1230.48,1243.67,0.0,0.0,False,2011,0.0
2011-10-25,-4.3160000000000185,-3.7300000000000186,1,1237.69,1219.77,-0.003487141368193989,-0.0030136787079155674,False,2011,-215.80000000000092
2011-10-26,0.0,0.0,0,1232.47,1232.47,0.0,0.0,False,2011,0.0
2011-10-27,0.0,0.0,0,1265.32,1275.03,0.0,0.0,False,2011,0.0
2011-10-28,0.0,0.0,0,1269.3,1275.03,0.0,0.0,False,2011,0.0
2011-10-31,0.0,0.0,0,1260.84,1242.67,0.0,0.0,False,2011,0.0
2011-11-01,0.0,0.0,0,1209.32,1208.82,0.0,0.0,False,2011,0.0
2011-11-02,0.0,0.0,0,1227.24,1228.73,0.0,0.0,False,2011,0.0
2011-11-03,0.0,0.0,0,1241.68,1251.63,0.0,0.0,False,2011,0.0
2011-11-04,0.0,0.0,0,1241.18,1243.92,0.0,0.0,False,2011,0.0
2011-11-07,0.0,0.0,0,1242.92,1251.88,0.0,0.0,False,2011,0.0
2011-11-08,0.0,0.0,0,1258.1,1267.81,0.0,0.0,False,2011,0.0
2011-11-09,6.634000000000027,7.220000000000027,1,1237.94,1220.52,0.005358902693183859,0.005832269738436456,False,2011,331.70000000000135
2011-11-10,0.0,0.0,0,1236.95,1231.72,0.0,0.0,False,2011,0.0
2011-11-11,0.0,0.0,0,1247.15,1256.11,0.0,0.0,False,2011,0.0
2011-11-14,-1.826000000000009,-1.240000000000009,1,1250.64,1243.67,-0.0014600524531439972,-0.0009914923559137794,False,2011,-91.30000000000045
2011-11-15,0.0,0.0,0,1240.68,1250.14,0.0,0.0,False,2011,0.0
2011-11-16,0.0,0.0,0,1237.2,1229.48,0.0,0.0,False,2011,0.0
2011-11-17,-0.586,0.0,1,1226.99,1210.07,-0.00047759150441323885,0.0,False,2011,-29.299999999999997
2011-11-18,0.0,0.0,0,1213.8,1208.57,0.0,0.0,False,2011,0.0
2011-11-21,-1.3359999999999999,-0.7499999999999999,1,1190.65,1185.18,-0.0011220761768781756,-0.0006299080334271195,False,2011,-66.8
2011-11-22,0.0,0.0,0,1182.69,1180.45,0.0,0.0,False,2011,0.0
2011-11-23,-4.652000000000018,-3.480000000000018,2,1169.5,1155.31,-0.003977768277041486,-0.002975630611372397,False,2011,-232.6000000000009
2011-11-24,0.0,0.0,0,1157.55,1154.07,0.0,0.0,True,2011,0.0
2011-11-25,-1.0859999999999999,-0.4999999999999999,1,1152.58,1148.34,-0.0009422339447153342,-0.00043380936681184816,True,2011,-54.29999999999999
2011-11-28,0.0,0.0,0,1184.18,1185.93,0.0,0.0,False,2011,0.0
2011-11-29,0.0,0.0,0,1189.41,1189.16,0.0,0.0,False,2011,0.0
2011-11-30,0.0,0.0,0,1223.51,1239.93,0.0,0.0,False,2011,0.0
2011-12-01,0.0,0.0,0,1237.2,1238.69,0.0,0.0,False,2011,0.0
2011-12-02,0.0,0.0,0,1250.14,1237.2,0.0,0.0,False,2011,0.0
2011-12-05,0.0,0.0,0,1257.11,1250.88,0.0,0.0,False,2011,0.0
2011-12-06,0.0,0.0,0,1250.88,1251.88,0.0,0.0,False,2011,0.0
2011-12-07,0.0,0.0,0,1246.9,1255.12,0.0,0.0,False,2011,0.0
2011-12-08,0.0,0.0,0,1247.65,1228.48,0.0,0.0,False,2011,0.0
2011-12-09,4.884000000000027,5.470000000000027,1,1233.71,1248.89,0.003958790963840795,0.004433781034440855,False,2011,244.20000000000135
2011-12-12,2.7980000000000276,3.9700000000000273,2,1238.44,1230.48,0.002259293950453819,0.0032056458124737792,False,2011,139.90000000000137
2011-12-13,0.0,0.0,0,1236.95,1219.28,0.0,0.0,False,2011,0.0
2011-12-14,0.0,0.0,0,1214.25,1205.75,0.0,0.0,False,2011,0.0
2011-12-15,0.0,0.0,0,1218.75,1210.0,0.0,0.0,False,2011,0.0
2011-12-16,0.0,0.0,0,1218.25,1212.25,0.0,0.0,False,2011,0.0
2011-12-19,0.0,0.0,0,1216.25,1199.0,0.0,0.0,False,2011,0.0
2011-12-20,9.414,10.0,1,1217.5,1235.26,0.00773223819301848,0.008213552361396304,False,2011,470.7
2011-12-21,0.0,0.0,0,1235.51,1238.01,0.0,0.0,False,2011,0.0
2011-12-22,0.0,0.0,0,1242.51,1249.27,0.0,0.0,False,2011,0.0
2011-12-23,0.0,0.0,0,1253.27,1260.02,0.0,0.0,False,2011,0.0
2011-12-27,0.0,0.0,0,1258.02,1261.27,0.0,0.0,False,2011,0.0
2011-12-28,-0.017999999999990912,1.740000000000009,3,1261.27,1245.76,-1.4271329691494218e-05,0.0013795618701784782,False,2011,-0.8999999999995456
2011-12-29,0.0,0.0,0,1248.52,1257.77,0.0,0.0,False,2011,0.0
2011-12-30,0.0,0.0,0,1256.52,1252.52,0.0,0.0,False,2011,0.0
2012-01-03,0.0,0.0,0,1274.03,1272.03,0.0,0.0,False,2012,0.0
2012-01-04,0.0,0.0,0,1268.27,1273.03,0.0,0.0,False,2012,0.0
2012-01-05,0.0,0.0,0,1266.02,1276.78,0.0,0.0,False,2012,0.0
2012-01-06,0.0,0.0,0,1278.03,1273.78,0.0,0.0,False,2012,0.0
2012-01-09,0.0,0.0,0,1276.03,1275.78,0.0,0.0,False,2012,0.0
2012-01-10,0.0,0.0,0,1290.03,1287.78,0.0,0.0,False,2012,0.0
2012-01-11,0.0,0.0,0,1283.28,1288.78,0.0,0.0,False,2012,0.0
2012-01-12,0.0,0.0,0,1292.03,1291.28,0.0,0.0,False,2012,0.0
2012-01-13,0.0,0.0,0,1282.28,1285.78,0.0,0.0,False,2012,0.0
2012-01-16,0.0,0.0,0,1287.78,1292.03,0.0,0.0,True,2012,0.0
2012-01-17,0.0,0.0,0,1297.04,1289.28,0.0,0.0,False,2012,0.0
2012-01-18,5.914,6.5,1,1289.53,1304.04,0.004586167053112374,0.005040596186207378,False,2012,295.7
2012-01-19,0.0,0.0,0,1308.29,1311.04,0.0,0.0,False,2012,0.0
2012-01-20,0.0,0.0,0,1308.79,1311.54,0.0,0.0,False,2012,0.0
2012-01-23,-0.836,-0.25,1,1311.29,1312.29,-0.0006375401322361949,-0.00019065195341991476,False,2012,-41.8
2012-01-24,0.0,0.0,0,1304.04,1310.79,0.0,0.0,False,2012,0.0
2012-01-25,0.0,0.0,0,1308.54,1322.05,0.0,0.0,False,2012,0.0
2012-01-26,0.0,0.0,0,1327.55,1315.04,0.0,0.0,False,2012,0.0
2012-01-27,0.0,0.0,0,1308.79,1313.29,0.0,0.0,False,2012,0.0
2012-01-30,0.0,0.0,0,1301.29,1309.54,0.0,0.0,False,2012,0.0
2012-01-31,0.0,0.0,0,1316.29,1308.54,0.0,0.0,False,2012,0.0
2012-02-01,0.0,0.0,0,1319.05,1320.8,0.0,0.0,False,2012,0.0
2012-02-02,0.0,0.0,0,1323.05,1322.8,0.0,0.0,False,2012,0.0
2012-02-03,0.0,0.0,0,1336.3,1341.8,0.0,0.0,False,2012,0.0
2012-02-06,0.0,0.0,0,1335.8,1340.55,0.0,0.0,False,2012,0.0
2012-02-07,0.0,0.0,0,1337.8,1343.81,0.0,0.0,False,2012,0.0
2012-02-08,0.0,0.0,0,1344.56,1347.56,0.0,0.0,False,2012,0.0
2012-02-09,0.0,0.0,0,1349.81,1349.31,0.0,0.0,False,2012,0.0
2012-02-10,0.0,0.0,0,1337.55,1339.8,0.0,0.0,False,2012,0.0
2012-02-13,0.0,0.0,0,1349.31,1349.31,0.0,0.0,False,2012,0.0
2012-02-14,0.0,0.0,0,1346.06,1348.06,0.0,0.0,False,2012,0.0
2012-02-15,0.0,0.0,0,1352.56,1341.55,0.0,0.0,False,2012,0.0
2012-02-16,3.664,4.25,1,1341.8,1356.31,0.0027306603070502314,0.0031673870919660158,False,2012,183.20000000000002
2012-02-17,0.0,0.0,0,1361.31,1359.81,0.0,0.0,False,2012,0.0
2012-02-20,0.0,0.0,0,1365.06,1367.07,0.0,0.0,True,2012,0.0
2012-02-21,-2.336,-1.75,1,1363.06,1360.56,-0.0017137910290082607,-0.0012838759849162914,False,2012,-116.8
2012-02-22,0.0,0.0,0,1358.31,1356.06,0.0,0.0,False,2012,0.0
2012-02-23,-3.336,-2.75,1,1355.31,1362.31,-0.0024614294884565155,-0.0020290560831101373,False,2012,-166.79999999999998
2012-02-24,0.0,0.0,0,1365.06,1364.81,0.0,0.0,False,2012,0.0
2012-02-27,0.0,0.0,0,1356.06,1367.07,0.0,0.0,False,2012,0.0
2012-02-28,0.0,0.0,0,1367.82,1371.57,0.0,0.0,False,2012,0.0
2012-02-29,-4.422,-3.25,2,1373.57,1364.56,-0.003219348122046929,-0.002366097104625174,False,2012,-221.1
2012-03-01,-2.336,-1.75,1,1368.82,1373.07,-0.0017065793895472013,-0.0012784734296693503,False,2012,-116.8
2012-03-02,0.0,0.0,0,1372.32,1369.07,0.0,0.0,False,2012,0.0
2012-03-05,-1.5859999999999999,-0.9999999999999999,1,1366.56,1363.56,-0.0011605783866057838,-0.0007317644303945673,False,2012,-79.3
2012-03-06,0.0,0.0,0,1349.06,1342.55,0.0,0.0,False,2012,0.0
2012-03-07,0.0,0.0,0,1346.31,1352.81,0.0,0.0,False,2012,0.0
2012-03-08,0.0,0.0,0,1360.81,1366.06,0.0,0.0,False,2012,0.0
2012-03-09,-0.08599999999999997,0.5,1,1368.57,1371.57,-6.283931402851149e-05,0.0003653448490029739,False,2012,-4.299999999999998
2012-03-12,0.0,0.0,0,1371.07,1371.57,0.0,0.0,False,2012,0.0
2012-03-13,3.914,4.5,1,1378.82,1396.33,0.0028386591433254525,0.003263660231212196,False,2012,195.70000000000002
2012-03-14,0.0,0.0,0,1396.58,1394.82,0.0,0.0,False,2012,0.0
2012-03-15,0.0,0.0,0,1396.83,1402.35,0.0,0.0,False,2012,0.0
2012-03-16,0.0,0.0,0,1405.36,1404.61,0.0,0.0,False,2012,0.0
2012-03-19,-2.0959999999999908,-1.509999999999991,1,1403.86,1409.88,-0.0014930263701508632,-0.0010756058296411259,False,2012,-104.79999999999954
2012-03-20,0.0,0.0,0,1401.85,1405.61,0.0,0.0,False,2012,0.0
2012-03-21,0.0,0.0,0,1406.62,1403.35,0.0,0.0,False,2012,0.0
2012-03-22,0.0,0.0,0,1393.06,1392.81,0.0,0.0,False,2012,0.0
2012-03-23,0.0,0.0,0,1394.32,1398.08,0.0,0.0,False,2012,0.0
2012-03-26,0.0,0.0,0,1407.87,1417.42,0.0,0.0,False,2012,0.0
2012-03-27,0.0,0.0,0,1418.92,1413.15,0.0,0.0,False,2012,0.0
2012-03-28,3.683999999999982,4.269999999999982,1,1412.65,1406.62,0.0026078646515414164,0.003022687856156855,False,2012,184.1999999999991
2012-03-29,-2.336,-1.75,1,1398.08,1403.61,-0.001670862897688258,-0.0012517166399633785,False,2012,-116.8
2012-03-30,0.0,0.0,0,1411.14,1408.88,0.0,0.0,False,2012,0.0
2012-04-02,4.6839999999999815,5.269999999999982,1,1407.87,1419.42,0.0033270117269350026,0.0037432433392287513,False,2012,234.19999999999908
2012-04-03,-1.0859999999999999,-0.4999999999999999,1,1418.17,1414.4,-0.0007657756122326659,-0.0003525670406227743,False,2012,-54.29999999999999
2012-04-04,-3.3459999999999908,-2.759999999999991,1,1403.1,1400.09,-0.0023847195495688054,-0.001967072909985027,False,2012,-167.29999999999953
2012-04-05,0.0,0.0,0,1394.82,1398.84,0.0,0.0,False,2012,0.0
2012-04-09,0.0,0.0,0,1381.26,1383.27,0.0,0.0,False,2012,0.0
2012-04-10,8.963999999999954,9.549999999999955,1,1380.51,1359.41,0.0064932524936436205,0.006917733301461022,False,2012,448.1999999999977
2012-04-11,0.0,0.0,0,1374.23,1370.21,0.0,0.0,False,2012,0.0
2012-04-12,9.703999999999963,10.289999999999964,1,1372.47,1389.54,0.007070464199581749,0.007497431637849981,False,2012,485.19999999999817
2012-04-13,1.1640000000000001,1.75,1,1386.03,1371.97,0.00083980866215017,0.001262598933645015,False,2012,58.20000000000001
2012-04-16,0.0,0.0,0,1379.5,1370.96,0.0,0.0,False,2012,0.0
2012-04-17,-0.33599999999999997,0.25,1,1379.5,1391.8,-0.0002435665096049293,0.0001812250815512867,False,2012,-16.799999999999997
2012-04-18,0.0,0.0,0,1385.78,1387.28,0.0,0.0,False,2012,0.0
2012-04-19,0.0,0.0,0,1387.28,1378.5,0.0,0.0,False,2012,0.0
2012-04-20,0.0,0.0,0,1384.27,1380.25,0.0,0.0,False,2012,0.0
2012-04-23,0.0,0.0,0,1365.94,1368.7,0.0,0.0,False,2012,0.0
2012-04-24,0.0,0.0,0,1369.71,1374.23,0.0,0.0,False,2012,0.0
2012-04-25,0.0,0.0,0,1387.28,1392.81,0.0,0.0,False,2012,0.0
2012-04-26,0.0,0.0,0,1389.8,1402.35,0.0,0.0,False,2012,0.0
2012-04-27,0.0,0.0,0,1406.87,1405.36,0.0,0.0,False,2012,0.0
2012-04-30,0.0,0.0,0,1402.35,1399.09,0.0,0.0,False,2012,0.0
2012-05-01,-1.5859999999999999,-0.9999999999999999,1,1398.84,1408.63,-0.0011337965743044235,-0.0007148780418060679,False,2012,-79.3
2012-05-02,0.0,0.0,0,1400.09,1404.11,0.0,0.0,False,2012,0.0
2012-05-03,-0.33599999999999997,0.25,1,1404.36,1393.81,-0.00023925489190805777,0.00017801703266968584,False,2012,-16.799999999999997
2012-05-04,3.357999999999973,4.529999999999973,2,1385.78,1370.46,0.002423184055189116,0.0032689171441354133,False,2012,167.89999999999864
2012-05-07,0.0,0.0,0,1365.94,1371.47,0.0,0.0,False,2012,0.0
2012-05-08,-7.201999999999972,-6.029999999999973,2,1363.18,1365.94,-0.005283234789242779,-0.0044234803914376475,False,2012,-360.0999999999986
2012-05-09,0.0,0.0,0,1351.63,1357.66,0.0,0.0,False,2012,0.0
2012-05-10,0.0,0.0,0,1367.2,1360.42,0.0,0.0,False,2012,0.0
2012-05-11,0.0,0.0,0,1352.13,1355.9,0.0,0.0,False,2012,0.0
2012-05-14,0.0,0.0,0,1343.34,1341.84,0.0,0.0,False,2012,0.0
2012-05-15,0.0,0.0,0,1340.58,1333.55,0.0,0.0,False,2012,0.0
2012-05-16,0.0,0.0,0,1339.83,1328.78,0.0,0.0,False,2012,0.0
2012-05-17,6.443999999999972,7.029999999999973,1,1328.78,1308.44,0.004849561251674447,0.005290567287286062,False,2012,322.1999999999986
2012-05-18,0.0,0.0,0,1313.71,1298.15,0.0,0.0,False,2012,0.0
2012-05-21,-0.42199999999999993,0.75,2,1301.66,1319.74,-0.00032420140436058563,0.0005761873300247376,False,2012,-21.099999999999998
2012-05-22,-1.0859999999999999,-0.4999999999999999,1,1323.01,1320.75,-0.0008208554735036016,-0.0003779260927732972,False,2012,-54.29999999999999
2012-05-23,0.0,0.0,0,1312.71,1322.75,0.0,0.0,False,2012,0.0
2012-05-24,0.0,0.0,0,1326.27,1325.01,0.0,0.0,False,2012,0.0
2012-05-25,0.0,0.0,0,1325.01,1321.5,0.0,0.0,False,2012,0.0
2012-05-28,0.0,0.0,0,1327.02,1327.27,0.0,0.0,True,2012,0.0
2012-05-29,0.0,0.0,0,1331.79,1337.32,0.0,0.0,False,2012,0.0
2012-05-30,0.0,0.0,0,1325.77,1317.98,0.0,0.0,False,2012,0.0
2012-05-31,-9.951999999999973,-8.779999999999973,2,1316.98,1315.47,-0.0075566827134808225,-0.006666767908396462,False,2012,-497.59999999999866
2012-06-01,0.0,0.0,0,1293.88,1281.58,0.0,0.0,False,2012,0.0
2012-06-04,0.0,0.0,0,1283.33,1281.32,0.0,0.0,False,2012,0.0
2012-06-05,0.0,0.0,0,1277.81,1289.86,0.0,0.0,False,2012,0.0
2012-06-06,5.357999999999973,6.529999999999973,2,1299.4,1320.24,0.004123441588425406,0.005025396336770796,False,2012,267.89999999999867
2012-06-07,0.0,0.0,0,1334.56,1320.24,0.0,0.0,False,2012,0.0
2012-06-08,0.0,0.0,0,1316.98,1330.79,0.0,0.0,False,2012,0.0
2012-06-11,0.0,0.0,0,1341.59,1314.72,0.0,0.0,False,2012,0.0
2012-06-12,0.0,0.0,0,1317.98,1329.28,0.0,0.0,False,2012,0.0
2012-06-13,0.0,0.0,0,1325.27,1320.75,0.0,0.0,False,2012,0.0
2012-06-14,0.0,0.0,0,1323.49,1335.35,0.0,0.0,False,2012,0.0
2012-06-15,0.0,0.0,0,1340.9,1348.22,0.0,0.0,False,2012,0.0
2012-06-18,0.0,0.0,0,1342.92,1351.25,0.0,0.0,False,2012,0.0
2012-06-19,0.0,0.0,0,1358.07,1364.38,0.0,0.0,False,2012,0.0
2012-06-20,0.0,0.0,0,1364.38,1362.36,0.0,0.0,False,2012,0.0
2012-06-21,9.504000000000145,10.090000000000146,1,1363.87,1331.57,0.006968406079758442,0.00739806579806004,False,2012,475.20000000000726
2012-06-22,0.0,0.0,0,1338.13,1341.66,0.0,0.0,False,2012,0.0
2012-06-25,0.0,0.0,0,1327.28,1319.45,0.0,0.0,False,2012,0.0
2012-06-26,0.0,0.0,0,1323.49,1326.27,0.0,0.0,False,2012,0.0
2012-06-27,0.0,0.0,0,1330.56,1338.38,0.0,0.0,False,2012,0.0
2012-06-28,0.0,0.0,0,1329.55,1334.59,0.0,0.0,False,2012,0.0
2012-06-29,0.0,0.0,0,1359.08,1369.68,0.0,0.0,False,2012,0.0
2012-07-02,0.0,0.0,0,1372.2,1371.69,0.0,0.0,False,2012,0.0
2012-07-03,0.0,0.0,0,1371.95,1381.79,0.0,0.0,True,2012,0.0
2012-07-04,0.0,0.0,0,1378.26,1381.03,0.0,0.0,True,2012,0.0
2012-07-05,0.0,0.0,0,1376.49,1375.48,0.0,0.0,False,2012,0.0
2012-07-06,0.0,0.0,0,1361.6,1362.1,0.0,0.0,False,2012,0.0
2012-07-09,0.0,0.0,0,1360.59,1360.08,0.0,0.0,False,2012,0.0
2012-07-10,0.0,0.0,0,1366.9,1348.22,0.0,0.0,False,2012,0.0
2012-07-11,0.0,0.0,0,1348.73,1348.73,0.0,0.0,False,2012,0.0
2012-07-12,0.6739999999999909,1.259999999999991,1,1340.4,1342.42,0.0005028349746344307,0.0009400179051029475,False,2012,33.69999999999955
2012-07-13,7.993999999999927,8.579999999999927,1,1344.94,1363.87,0.005943759572917697,0.006379466742010741,False,2012,399.69999999999635
2012-07-16,0.0,0.0,0,1361.09,1361.09,0.0,0.0,False,2012,0.0
2012-07-17,0.0,0.0,0,1366.39,1370.94,0.0,0.0,False,2012,0.0
2012-07-18,0.0,0.0,0,1367.15,1380.78,0.0,0.0,False,2012,0.0
2012-07-19,0.0,0.0,0,1383.56,1384.31,0.0,0.0,False,2012,0.0
2012-07-20,0.0,0.0,0,1376.49,1371.69,0.0,0.0,False,2012,0.0
2012-07-23,0.0,0.0,0,1351.25,1357.81,0.0,0.0,False,2012,0.0
2012-07-24,-0.836,-0.25,1,1358.32,1346.2,-0.0006154661640850463,-0.00018405088638906886,False,2012,-41.8
2012-07-25,0.0,0.0,0,1348.73,1345.95,0.0,0.0,False,2012,0.0
2012-07-26,0.0,0.0,0,1365.64,1367.91,0.0,0.0,False,2012,0.0
2012-07-27,1.433999999999982,2.019999999999982,1,1375.98,1394.16,0.0010421663105568263,0.0014680445936714065,False,2012,71.6999999999991
2012-07-30,0.0,0.0,0,1392.39,1394.16,0.0,0.0,False,2012,0.0
2012-07-31,0.0,0.0,0,1392.39,1386.84,0.0,0.0,False,2012,0.0
2012-08-01,0.0,0.0,0,1394.16,1383.3,0.0,0.0,False,2012,0.0
2012-08-02,0.0,0.0,0,1372.45,1373.21,0.0,0.0,False,2012,0.0
2012-08-03,0.17399999999999094,0.7599999999999909,1,1392.64,1400.47,0.0001249425551470523,0.0005457261029411699,False,2012,8.699999999999546
2012-08-06,0.0,0.0,0,1404.5,1403.49,0.0,0.0,False,2012,0.0
2012-08-07,0.0,0.0,0,1409.05,1410.31,0.0,0.0,False,2012,0.0
2012-08-08,0.0,0.0,0,1405.77,1412.08,0.0,0.0,False,2012,0.0
2012-08-09,0.0,0.0,0,1409.8,1413.08,0.0,0.0,False,2012,0.0
2012-08-10,0.0,0.0,0,1407.78,1415.86,0.0,0.0,False,2012,0.0
2012-08-13,0.0,0.0,0,1413.08,1415.1,0.0,0.0,False,2012,0.0
2012-08-14,0.0,0.0,0,1420.15,1414.6,0.0,0.0,False,2012,0.0
2012-08-15,0.0,0.0,0,1413.59,1416.37,0.0,0.0,False,2012,0.0
2012-08-16,-1.8459999999999908,-1.259999999999991,1,1418.64,1427.22,-0.0013012462640275128,-0.0008881745897479211,False,2012,-92.29999999999954
2012-08-17,0.0,0.0,0,1429.74,1428.98,0.0,0.0,False,2012,0.0
2012-08-20,0.0,0.0,0,1426.71,1428.98,0.0,0.0,False,2012,0.0
2012-08-21,0.0,0.0,0,1432.52,1424.95,0.0,0.0,False,2012,0.0
2012-08-22,0.0,0.0,0,1421.16,1425.2,0.0,0.0,False,2012,0.0
2012-08-23,-3.9520000000002,-2.7800000000002,2,1421.67,1414.09,-0.002779829355617126,-0.0019554467633137087,False,2012,-197.60000000001
2012-08-24,-4.787999999999973,-3.0299999999999727,3,1409.8,1422.17,-0.0033962264150943205,-0.0021492410270960226,False,2012,-239.39999999999864
2012-08-27,0.0,0.0,0,1425.96,1422.17,0.0,0.0,False,2012,0.0
2012-08-28,0.0,0.0,0,1418.64,1421.16,0.0,0.0,False,2012,0.0
2012-08-29,0.0,0.0,0,1422.17,1421.92,0.0,0.0,False,2012,0.0
2012-08-30,0.0,0.0,0,1415.61,1411.57,0.0,0.0,False,2012,0.0
2012-08-31,0.0,0.0,0,1419.9,1418.38,0.0,0.0,False,2012,0.0
2012-09-03,0.0,0.0,0,1419.9,1421.92,0.0,0.0,True,2012,0.0
2012-09-04,-6.145999999999946,-5.559999999999945,1,1417.12,1416.37,-0.004336965112340484,-0.003923450378231869,False,2012,-307.2999999999973
2012-09-05,0.0,0.0,0,1417.63,1415.86,0.0,0.0,False,2012,0.0
2012-09-06,11.774000000000127,12.360000000000127,1,1424.44,1444.63,0.008265704417174558,0.008677094156300108,False,2012,588.7000000000063
2012-09-07,0.0,0.0,0,1447.16,1450.69,0.0,0.0,False,2012,0.0
2012-09-10,0.0,0.0,0,1449.18,1442.36,0.0,0.0,False,2012,0.0
2012-09-11,-1.0959999999999908,-0.5099999999999908,1,1443.12,1445.89,-0.0007594656023061082,-0.000353400964576744,False,2012,-54.799999999999535
2012-09-12,0.0,0.0,0,1450.94,1450.44,0.0,0.0,False,2012,0.0
2012-09-13,0.0,0.0,0,1450.94,1474.16,0.0,0.0,False,2012,0.0
2012-09-14,0.6839999999999818,1.2699999999999818,1,1476.19,1479.48,0.0004633549881790161,0.0008603228581686515,False,2012,34.19999999999909
2012-09-17,0.0,0.0,0,1476.95,1475.17,0.0,0.0,False,2012,0.0
2012-09-18,0.0,0.0,0,1472.64,1473.9,0.0,0.0,False,2012,0.0
2012-09-19,0.0,0.0,0,1475.93,1474.92,0.0,0.0,False,2012,0.0
2012-09-20,0.0,0.0,0,1468.33,1474.66,0.0,0.0,False,2012,0.0
2012-09-21,0.0,0.0,0,1482.02,1473.65,0.0,0.0,False,2012,0.0
2012-09-24,0.0,0.0,0,1466.55,1471.37,0.0,0.0,False,2012,0.0
2012-09-25,0.0,0.0,0,1474.66,1456.41,0.0,0.0,False,2012,0.0
2012-09-26,-2.6159999999999726,-2.0299999999999727,1,1455.65,1448.04,-0.001797135300381254,-0.0013945660014426356,False,2012,-130.79999999999862
2012-09-27,2.2039999999999638,2.7899999999999636,1,1453.87,1461.73,0.0015159539711253165,0.0019190161431214372,False,2012,110.19999999999818
2012-09-28,-5.471999999999954,-4.2999999999999545,2,1455.9,1453.87,-0.003758499896970914,-0.0029534995535407337,False,2012,-273.5999999999977
2012-10-01,-6.751999999999927,-5.579999999999927,2,1459.96,1457.68,-0.004624784240664078,-0.0038220225211649133,False,2012,-337.5999999999963
2012-10-02,0.0,0.0,0,1463.76,1459.45,0.0,0.0,False,2012,0.0
2012-10-03,0.0,0.0,0,1463.76,1465.79,0.0,0.0,False,2012,0.0
2012-10-04,0.0,0.0,0,1471.12,1476.95,0.0,0.0,False,2012,0.0
2012-10-05,0.0,0.0,0,1484.3,1476.44,0.0,0.0,False,2012,0.0
2012-10-08,0.0,0.0,0,1470.86,1471.37,0.0,0.0,False,2012,0.0
2012-10-09,-0.662000000000009,0.5099999999999909,2,1470.35,1456.92,-0.00045023293773591936,0.0003468561907028877,False,2012,-33.10000000000045
2012-10-10,-2.3659999999999726,-1.7799999999999727,1,1456.66,1447.79,-0.0016242637266074254,-0.001221973555943029,False,2012,-118.29999999999863
2012-10-11,0.0,0.0,0,1457.42,1448.55,0.0,0.0,False,2012,0.0
2012-10-12,0.0,0.0,0,1449.31,1443.22,0.0,0.0,False,2012,0.0
2012-10-15,0.0,0.0,0,1446.77,1455.39,0.0,0.0,False,2012,0.0
2012-10-16,0.0,0.0,0,1462.24,1470.61,0.0,0.0,False,2012,0.0
2012-10-17,0.0,0.0,0,1471.12,1476.95,0.0,0.0,False,2012,0.0
2012-10-18,0.0,0.0,0,1473.4,1473.65,0.0,0.0,False,2012,0.0
2012-10-19,16.90400000000001,17.49000000000001,1,1470.61,1447.79,0.011494549880661774,0.011893023983245056,False,2012,845.2000000000005
2012-10-22,0.0,0.0,0,1446.01,1448.55,0.0,0.0,False,2012,0.0
2012-10-23,-0.07600000000000906,0.5099999999999909,1,1432.32,1427.76,-5.30607685433486e-05,0.0003560656836461063,False,2012,-3.800000000000453
2012-10-24,0.0,0.0,0,1433.08,1423.95,0.0,0.0,False,2012,0.0
2012-10-25,0.0,0.0,0,1434.35,1428.01,0.0,0.0,False,2012,0.0
2012-10-26,0.0,0.0,0,1426.74,1426.74,0.0,0.0,False,2012,0.0
2012-10-31,0.0,0.0,0,1432.58,1425.98,0.0,0.0,False,2012,0.0
2012-11-01,6.254000000000145,6.8400000000001455,1,1430.04,1442.72,0.004373304243238053,0.004783082990685677,False,2012,312.70000000000726
2012-11-02,0.0,0.0,0,1451.08,1429.28,0.0,0.0,False,2012,0.0
2012-11-05,0.0,0.0,0,1427.0,1432.83,0.0,0.0,False,2012,0.0
2012-11-06,0.0,0.0,0,1436.89,1443.22,0.0,0.0,False,2012,0.0
2012-11-07,7.024000000000127,7.610000000000127,1,1430.29,1410.52,0.004910892196687474,0.005320599319019309,False,2012,351.20000000000636
2012-11-08,0.0,0.0,0,1410.01,1393.27,0.0,0.0,False,2012,0.0
2012-11-09,0.0,0.0,0,1389.22,1394.8,0.0,0.0,False,2012,0.0
2012-11-12,0.0,0.0,0,1399.11,1395.81,0.0,0.0,False,2012,0.0
2012-11-13,0.0,0.0,0,1388.46,1391.25,0.0,0.0,False,2012,0.0
2012-11-14,2.9639999999999547,3.5499999999999545,1,1395.3,1371.98,0.0021242743496022037,0.0025442557156166805,False,2012,148.19999999999774
2012-11-15,0.0,0.0,0,1372.48,1369.44,0.0,0.0,False,2012,0.0
2012-11-16,0.0,0.0,0,1371.47,1376.29,0.0,0.0,False,2012,0.0
2012-11-19,0.0,0.0,0,1391.5,1403.92,0.0,0.0,False,2012,0.0
2012-11-20,0.0,0.0,0,1402.15,1405.19,0.0,0.0,False,2012,0.0
2012-11-21,0.0,0.0,0,1405.95,1408.23,0.0,0.0,False,2012,0.0
2012-11-22,0.0,0.0,0,1410.26,1411.28,0.0,0.0,True,2012,0.0
2012-11-23,0.0,0.0,0,1414.57,1424.71,0.0,0.0,True,2012,0.0
2012-11-26,0.0,0.0,0,1419.64,1424.21,0.0,0.0,False,2012,0.0
2012-11-27,0.0,0.0,0,1422.18,1417.11,0.0,0.0,False,2012,0.0
2012-11-28,0.0,0.0,0,1410.26,1428.01,0.0,0.0,False,2012,0.0
2012-11-29,0.0,0.0,0,1433.08,1434.86,0.0,0.0,False,2012,0.0
2012-11-30,0.0,0.0,0,1434.86,1433.84,0.0,0.0,False,2012,0.0
2012-12-03,0.0,0.0,0,1441.7,1427.76,0.0,0.0,False,2012,0.0
2012-12-04,0.0,0.0,0,1427.5,1425.22,0.0,0.0,False,2012,0.0
2012-12-05,0.0,0.0,0,1426.74,1427.76,0.0,0.0,False,2012,0.0
2012-12-06,0.0,0.0,0,1426.49,1432.58,0.0,0.0,False,2012,0.0
2012-12-07,0.0,0.0,0,1438.66,1437.14,0.0,0.0,False,2012,0.0
2012-12-10,0.0,0.0,0,1435.11,1437.9,0.0,0.0,False,2012,0.0
2012-12-11,-6.251999999999927,-5.079999999999927,2,1443.98,1447.53,-0.004329699857338693,-0.0035180542666795435,False,2012,-312.5999999999963
2012-12-12,0.0,0.0,0,1453.62,1448.3,0.0,0.0,False,2012,0.0
2012-12-13,0.0,0.0,0,1447.79,1440.18,0.0,0.0,False,2012,0.0
2012-12-14,0.0,0.0,0,1436.61,1434.31,0.0,0.0,False,2012,0.0
2012-12-17,-2.7019999999999724,-1.5299999999999725,2,1438.39,1452.14,-0.0018784891441124955,-0.001063689263690635,False,2012,-135.09999999999863
2012-12-18,0.9440000000002001,1.5300000000002,1,1454.18,1468.69,0.0006491631022295727,0.001052139350011828,False,2012,47.20000000001001
2012-12-19,0.0,0.0,0,1470.73,1458.25,0.0,0.0,False,2012,0.0
2012-12-20,0.0,0.0,0,1459.02,1465.64,0.0,0.0,False,2012,0.0
2012-12-21,0.0,0.0,0,1445.26,1451.89,0.0,0.0,False,2012,0.0
2012-12-24,0.0,0.0,0,1448.07,1445.52,0.0,0.0,True,2012,0.0
2012-12-26,0.0,0.0,0,1450.36,1441.44,0.0,0.0,False,2012,0.0
2012-12-27,-8.736000000000091,-8.150000000000091,1,1441.95,1439.41,-0.006058462498699741,-0.005652068379624876,False,2012,-436.80000000000456
2012-12-28,0.0,0.0,0,1429.47,1422.09,0.0,0.0,False,2012,0.0
2012-12-31,-0.8459999999999909,-0.2599999999999909,1,1419.29,1448.07,-0.0005960726842294322,-0.00018319018664261067,False,2012,-42.29999999999954
2013-01-02,0.0,0.0,0,1475.32,1484.74,0.0,0.0,False,2013,0.0
2013-01-03,0.0,0.0,0,1483.72,1481.68,0.0,0.0,False,2013,0.0
2013-01-04,0.0,0.0,0,1483.72,1488.05,0.0,0.0,False,2013,0.0
2013-01-07,0.0,0.0,0,1482.19,1483.46,0.0,0.0,False,2013,0.0
2013-01-08,0.0,0.0,0,1480.66,1478.88,0.0,0.0,False,2013,0.0
2013-01-09,0.0,0.0,0,1482.19,1482.96,0.0,0.0,False,2013,0.0
2013-01-10,0.0,0.0,0,1490.85,1494.42,0.0,0.0,False,2013,0.0
2013-01-11,0.0,0.0,0,1494.16,1494.92,0.0,0.0,False,2013,0.0
2013-01-14,0.0,0.0,0,1492.63,1493.4,0.0,0.0,False,2013,0.0
2013-01-15,0.0,0.0,0,1486.52,1493.65,0.0,0.0,False,2013,0.0
2013-01-16,0.0,0.0,0,1491.36,1494.16,0.0,0.0,False,2013,0.0
2013-01-17,0.0,0.0,0,1501.04,1503.33,0.0,0.0,False,2013,0.0
2013-01-18,0.0,0.0,0,1503.84,1507.15,0.0,0.0,False,2013,0.0
2013-01-21,0.0,0.0,0,1507.4,1511.22,0.0,0.0,True,2013,0.0
2013-01-22,0.0,0.0,0,1507.15,1514.79,0.0,0.0,False,2013,0.0
2013-01-23,0.0,0.0,0,1515.3,1517.59,0.0,0.0,False,2013,0.0
2013-01-24,-3.8960000000001727,-3.310000000000173,1,1515.3,1518.1,-0.0025711080314130357,-0.0021843859301789565,False,2013,-194.80000000000862
2013-01-25,0.0,0.0,0,1523.19,1526.25,0.0,0.0,False,2013,0.0
2013-01-28,0.0,0.0,0,1527.01,1524.47,0.0,0.0,False,2013,0.0
2013-01-29,0.0,0.0,0,1521.92,1531.09,0.0,0.0,False,2013,0.0
2013-01-30,0.0,0.0,0,1530.83,1525.23,0.0,0.0,False,2013,0.0
2013-01-31,0.0,0.0,0,1523.19,1522.43,0.0,0.0,False,2013,0.0
2013-02-01,0.0,0.0,0,1530.83,1536.44,0.0,0.0,False,2013,0.0
2013-02-04,0.0,0.0,0,1527.01,1519.37,0.0,0.0,False,2013,0.0
2013-02-05,-0.586,0.0,1,1527.78,1534.91,-0.00038356307845370405,0.0,False,2013,-29.299999999999997
2013-02-06,0.0,0.0,0,1529.31,1535.93,0.0,0.0,False,2013,0.0
2013-02-07,-7.466000000000109,-6.880000000000109,1,1536.18,1533.89,-0.004860107539481121,-0.004478641825827774,False,2013,-373.30000000000547
2013-02-08,-1.5959999999999908,-1.009999999999991,1,1536.18,1542.04,-0.001038940749130955,-0.0006574750354776073,False,2013,-79.79999999999954
2013-02-11,0.0,0.0,0,1541.78,1541.78,0.0,0.0,False,2013,0.0
2013-02-12,0.0,0.0,0,1542.04,1544.33,0.0,0.0,False,2013,0.0
2013-02-13,0.0,0.0,0,1547.64,1545.86,0.0,0.0,False,2013,0.0
2013-02-14,0.0,0.0,0,1541.02,1547.39,0.0,0.0,False,2013,0.0
2013-02-15,0.0,0.0,0,1548.66,1545.86,0.0,0.0,False,2013,0.0
2013-02-18,0.0,0.0,0,1545.86,1546.62,0.0,0.0,True,2013,0.0
2013-02-19,-1.6059999999999817,-1.0199999999999818,1,1547.9,1556.81,-0.0010375347244653927,-0.0006589572969829975,False,2013,-80.29999999999909
2013-02-20,0.0,0.0,0,1556.05,1537.2,0.0,0.0,False,2013,0.0
2013-02-21,-3.8959999999999453,-3.3099999999999454,1,1533.64,1527.78,-0.002540361492918772,-0.0021582639993740025,False,2013,-194.79999999999725
2013-02-22,0.0,0.0,0,1535.67,1542.55,0.0,0.0,False,2013,0.0
2013-02-25,0.0,0.0,0,1550.7,1513.52,0.0,0.0,False,2013,0.0
2013-02-26,0.0,0.0,0,1521.16,1523.7,0.0,0.0,False,2013,0.0
2013-02-27,11.124000000000036,11.710000000000036,1,1522.43,1543.31,0.007306739882950307,0.007691650847658044,False,2013,556.2000000000018
2013-02-28,0.0,0.0,0,1543.31,1540.0,0.0,0.0,False,2013,0.0
2013-03-01,0.0,0.0,0,1534.91,1545.35,0.0,0.0,False,2013,0.0
2013-03-04,0.0,0.0,0,1541.53,1552.48,0.0,0.0,False,2013,0.0
2013-03-05,0.9439999999999727,1.5299999999999727,1,1560.89,1567.25,0.0006047831685768841,0.0009802100083926301,False,2013,47.19999999999864
2013-03-06,0.0,0.0,0,1572.85,1569.54,0.0,0.0,False,2013,0.0
2013-03-07,0.0,0.0,0,1571.58,1572.6,0.0,0.0,False,2013,0.0
2013-03-08,0.0,0.0,0,1578.97,1578.71,0.0,0.0,False,2013,0.0
2013-03-11,0.0,0.0,0,1577.69,1584.57,0.0,0.0,False,2013,0.0
2013-03-12,0.0,0.0,0,1583.55,1581.51,0.0,0.0,False,2013,0.0
2013-03-13,0.0,0.0,0,1582.02,1583.55,0.0,0.0,False,2013,0.0
2013-03-14,0.0,0.0,0,1587.64,1591.73,0.0,0.0,False,2013,0.0
2013-03-15,-2.3759999999999635,-1.7899999999999636,1,1589.68,1589.68,-0.0014946404307784984,-0.0011260127824467589,False,2013,-118.79999999999818
2013-03-18,0.0,0.0,0,1574.09,1580.48,0.0,0.0,False,2013,0.0
2013-03-19,-5.5319999999999,-4.3599999999999,2,1584.06,1577.15,-0.0034922919586378672,-0.002752420994154199,False,2013,-276.59999999999496
2013-03-20,0.0,0.0,0,1586.36,1587.64,0.0,0.0,False,2013,0.0
2013-03-21,0.0,0.0,0,1578.69,1574.09,0.0,0.0,False,2013,0.0
2013-03-22,0.0,0.0,0,1579.2,1586.1,0.0,0.0,False,2013,0.0
2013-03-25,-6.0319999999999,-4.8599999999999,2,1591.21,1580.73,-0.0037908258495106865,-0.0030542794477158262,False,2013,-301.59999999999496
2013-03-26,0.0,0.0,0,1587.12,1593.0,0.0,0.0,False,2013,0.0
2013-03-27,0.0,0.0,0,1583.54,1592.49,0.0,0.0,False,2013,0.0
2013-03-28,0.0,0.0,0,1591.73,1597.09,0.0,0.0,False,2013,0.0
2013-04-01,-1.3459999999999908,-0.7599999999999908,1,1596.84,1591.73,-0.0008429147566443669,-0.00047593998146338445,False,2013,-67.29999999999954
2013-04-02,0.0,0.0,0,1597.35,1599.4,0.0,0.0,False,2013,0.0
2013-04-03,6.508000000000064,7.680000000000064,2,1600.42,1583.54,0.004066432561452659,0.004798740330663241,False,2013,325.4000000000032
2013-04-04,-5.9560000000001185,-5.370000000000118,1,1585.33,1589.68,-0.0037569465032517638,-0.0033873073744899286,False,2013,-297.8000000000059
2013-04-05,0.0,0.0,0,1570.0,1582.52,0.0,0.0,False,2013,0.0
2013-04-08,0.0,0.0,0,1583.29,1593.0,0.0,0.0,False,2013,0.0
2013-04-09,0.0,0.0,0,1596.33,1598.63,0.0,0.0,False,2013,0.0
2013-04-10,9.894000000000018,10.480000000000018,1,1602.97,1618.31,0.0061722926817095874,0.006537864089783351,False,2013,494.7000000000009
2013-04-11,0.0,0.0,0,1618.83,1623.94,0.0,0.0,False,2013,0.0
2013-04-12,0.0,0.0,0,1618.57,1619.59,0.0,0.0,False,2013,0.0
2013-04-15,14.493999999999927,15.079999999999927,1,1611.41,1581.76,0.00899460720735252,0.009358263880700707,False,2013,724.6999999999963
2013-04-16,0.0,0.0,0,1593.77,1605.28,0.0,0.0,False,2013,0.0
2013-04-17,5.033999999999891,5.619999999999891,1,1593.77,1580.73,0.003158548598605753,0.0035262302590711903,False,2013,251.69999999999453
2013-04-18,0.0,0.0,0,1584.31,1571.53,0.0,0.0,False,2013,0.0
2013-04-19,0.0,0.0,0,1574.85,1584.31,0.0,0.0,False,2013,0.0
2013-04-22,0.0,0.0,0,1588.4,1592.24,0.0,0.0,False,2013,0.0
2013-04-23,0.0,0.0,0,1600.16,1609.37,0.0,0.0,False,2013,0.0
2013-04-24,0.0,0.0,0,1609.62,1609.88,0.0,0.0,False,2013,0.0
2013-04-25,0.0,0.0,0,1614.48,1616.78,0.0,0.0,False,2013,0.0
2013-04-26,0.0,0.0,0,1614.48,1613.71,0.0,0.0,False,2013,0.0
2013-04-29,0.0,0.0,0,1618.06,1624.71,0.0,0.0,False,2013,0.0
2013-04-30,0.6939999999999727,1.2799999999999727,1,1623.94,1628.29,0.0004273556904811586,0.0007882064608298168,False,2013,34.69999999999864
2013-05-01,0.0,0.0,0,1624.71,1613.97,0.0,0.0,False,2013,0.0
2013-05-02,-0.33599999999999997,0.25,1,1617.8,1628.54,-0.0002076894548151811,0.00015453084435653356,False,2013,-16.799999999999997
2013-05-03,0.0,0.0,0,1642.86,1645.41,0.0,0.0,False,2013,0.0
2013-05-06,0.0,0.0,0,1646.44,1649.76,0.0,0.0,False,2013,0.0
2013-05-07,0.0,0.0,0,1653.08,1657.94,0.0,0.0,False,2013,0.0
2013-05-08,0.0,0.0,0,1656.15,1665.61,0.0,0.0,False,2013,0.0
2013-05-09,0.0,0.0,0,1664.84,1661.01,0.0,0.0,False,2013,0.0
2013-05-10,0.0,0.0,0,1662.03,1666.63,0.0,0.0,False,2013,0.0
2013-05-13,0.0,0.0,0,1664.08,1667.4,0.0,0.0,False,2013,0.0
2013-05-14,9.894000000000018,10.480000000000018,1,1668.68,1685.04,0.005929237481122814,0.006280413260780987,False,2013,494.7000000000009
2013-05-15,0.0,0.0,0,1682.23,1693.48,0.0,0.0,False,2013,0.0
2013-05-16,0.0,0.0,0,1690.41,1685.55,0.0,0.0,False,2013,0.0
2013-05-17,0.0,0.0,0,1692.2,1702.43,0.0,0.0,False,2013,0.0
2013-05-20,0.0,0.0,0,1700.38,1701.91,0.0,0.0,False,2013,0.0
2013-05-21,0.0,0.0,0,1703.45,1704.73,0.0,0.0,False,2013,0.0
2013-05-22,-18.878000000000117,-17.12000000000012,3,1706.26,1690.92,-0.011063964460281621,-0.01003364082847873,False,2013,-943.9000000000059
2013-05-23,0.0,0.0,0,1673.54,1686.58,0.0,0.0,False,2013,0.0
2013-05-24,0.0,0.0,0,1676.6,1685.04,0.0,0.0,False,2013,0.0
2013-05-27,0.0,0.0,0,1686.58,1689.9,0.0,0.0,True,2013,0.0
2013-05-28,0.0,0.0,0,1703.19,1695.52,0.0,0.0,False,2013,0.0
2013-05-29,-3.1360000000001818,-2.550000000000182,1,1686.32,1684.53,-0.0018596707623702393,-0.0015121685089426575,False,2013,-156.80000000000908
2013-05-30,-5.771999999999909,-4.599999999999909,2,1685.3,1690.41,-0.0034249095116595913,-0.002729484364801465,False,2013,-288.5999999999954
2013-05-31,0.0,0.0,0,1685.55,1665.87,0.0,0.0,False,2013,0.0
2013-06-03,0.0,0.0,0,1669.7,1675.33,0.0,0.0,False,2013,0.0
2013-06-04,0.0,0.0,0,1675.84,1666.38,0.0,0.0,False,2013,0.0
2013-06-05,1.974000000000173,2.560000000000173,1,1662.03,1643.37,0.001187704193065211,0.0015402850730733939,False,2013,98.70000000000864
2013-06-06,0.0,0.0,0,1642.6,1657.94,0.0,0.0,False,2013,0.0
2013-06-07,0.0,0.0,0,1669.96,1679.67,0.0,0.0,False,2013,0.0
2013-06-10,0.0,0.0,0,1684.53,1679.16,0.0,0.0,False,2013,0.0
2013-06-11,0.0,0.0,0,1663.82,1662.29,0.0,0.0,False,2013,0.0
2013-06-12,0.0,0.0,0,1673.54,1648.23,0.0,0.0,False,2013,0.0
2013-06-13,0.0,0.0,0,1647.2,1673.54,0.0,0.0,False,2013,0.0
2013-06-14,0.0,0.0,0,1671.76,1662.78,0.0,0.0,False,2013,0.0
2013-06-17,0.0,0.0,0,1674.32,1675.86,0.0,0.0,False,2013,0.0
2013-06-18,0.0,0.0,0,1676.89,1689.2,0.0,0.0,False,2013,0.0
2013-06-19,0.0,0.0,0,1687.66,1665.6,0.0,0.0,False,2013,0.0
2013-06-20,4.2180000000001,5.3900000000001,2,1648.92,1622.5,0.0025580379885016256,0.0032688062489387598,False,2013,210.900000000005
2013-06-21,0.0,0.0,0,1634.04,1628.4,0.0,0.0,False,2013,0.0
2013-06-24,-7.322000000000091,-6.150000000000091,2,1611.21,1607.36,-0.0045444107223764066,-0.0038170070940473874,False,2013,-366.1000000000045
2013-06-25,0.0,0.0,0,1622.5,1623.52,0.0,0.0,False,2013,0.0
2013-06-26,0.0,0.0,0,1636.86,1639.17,0.0,0.0,False,2013,0.0
2013-06-27,0.0,0.0,0,1649.43,1649.18,0.0,0.0,False,2013,0.0
2013-06-28,0.0,0.0,0,1643.79,1639.43,0.0,0.0,False,2013,0.0
2013-07-01,0.0,0.0,0,1650.46,1651.23,0.0,0.0,False,2013,0.0
2013-07-02,0.0,0.0,0,1648.66,1649.18,0.0,0.0,False,2013,0.0
2013-07-03,0.0,0.0,0,1641.99,1652.26,0.0,0.0,True,2013,0.0
2013-07-04,0.0,0.0,0,1664.06,1666.37,0.0,0.0,True,2013,0.0
2013-07-05,0.0,0.0,0,1662.26,1667.91,0.0,0.0,False,2013,0.0
2013-07-08,0.0,0.0,0,1676.89,1677.14,0.0,0.0,False,2013,0.0
2013-07-09,0.0,0.0,0,1688.43,1689.46,0.0,0.0,False,2013,0.0
2013-07-10,0.0,0.0,0,1688.43,1690.23,0.0,0.0,False,2013,0.0
2013-07-11,0.0,0.0,0,1710.5,1713.57,0.0,0.0,False,2013,0.0
2013-07-12,0.0,0.0,0,1713.57,1716.4,0.0,0.0,False,2013,0.0
2013-07-15,0.0,0.0,0,1719.22,1721.27,0.0,0.0,False,2013,0.0
2013-07-16,0.0,0.0,0,1722.55,1714.86,0.0,0.0,False,2013,0.0
2013-07-17,0.0,0.0,0,1721.53,1719.22,0.0,0.0,False,2013,0.0
2013-07-18,-0.586,0.0,1,1722.81,1728.97,-0.0003401419773509557,0.0,False,2013,-29.299999999999997
2013-07-19,0.0,0.0,0,1724.86,1731.79,0.0,0.0,False,2013,0.0
2013-07-22,0.0,0.0,0,1733.84,1734.87,0.0,0.0,False,2013,0.0
2013-07-23,0.0,0.0,0,1737.95,1732.3,0.0,0.0,False,2013,0.0
2013-07-24,0.0,0.0,0,1738.2,1725.12,0.0,0.0,False,2013,0.0
2013-07-25,0.0,0.0,0,1721.78,1729.48,0.0,0.0,False,2013,0.0
2013-07-26,0.0,0.0,0,1722.04,1731.28,0.0,0.0,False,2013,0.0
2013-07-29,0.0,0.0,0,1726.4,1725.38,0.0,0.0,False,2013,0.0
2013-07-30,0.0,0.0,0,1730.76,1725.38,0.0,0.0,False,2013,0.0
2013-07-31,-4.686000000000137,-4.100000000000136,1,1729.48,1725.89,-0.0027094849318871203,-0.0023706547632815276,False,2013,-234.30000000000683
2013-08-01,0.0,0.0,0,1740.0,1746.41,0.0,0.0,False,2013,0.0
2013-08-02,0.0,0.0,0,1742.57,1749.24,0.0,0.0,False,2013,0.0
2013-08-05,0.0,0.0,0,1745.64,1747.18,0.0,0.0,False,2013,0.0
2013-08-06,-3.6660000000001545,-3.0800000000001546,1,1743.34,1737.43,-0.0021028600273039996,-0.0017667236454163586,False,2013,-183.3000000000077
2013-08-07,0.0,0.0,0,1731.53,1731.79,0.0,0.0,False,2013,0.0
2013-08-08,0.0,0.0,0,1739.74,1737.43,0.0,0.0,False,2013,0.0
2013-08-09,0.0,0.0,0,1735.38,1732.82,0.0,0.0,False,2013,0.0
2013-08-12,0.0,0.0,0,1723.84,1730.51,0.0,0.0,False,2013,0.0
2013-08-13,0.0,0.0,0,1733.59,1735.64,0.0,0.0,False,2013,0.0
2013-08-14,-1.172,0.0,2,1734.87,1726.66,-0.0006755549407160191,0.0,False,2013,-58.599999999999994
2013-08-15,0.3679999999997363,1.5399999999997362,2,1712.8,1701.77,0.00021485287248933696,0.000899112564222172,False,2013,18.399999999986814
2013-08-16,0.0,0.0,0,1699.21,1696.9,0.0,0.0,False,2013,0.0
2013-08-19,0.0,0.0,0,1694.59,1685.35,0.0,0.0,False,2013,0.0
2013-08-20,-4.946000000000128,-4.360000000000127,1,1688.43,1693.82,-0.002929348566419767,-0.0025822805801840334,False,2013,-247.30000000000638
2013-08-21,0.0,0.0,0,1688.94,1683.56,0.0,0.0,False,2013,0.0
2013-08-22,-1.4979999999997817,0.2600000000002183,3,1686.89,1697.92,-0.0008880247081906832,0.0001541297891387217,False,2013,-74.89999999998909
2013-08-23,0.0,0.0,0,1703.57,1704.08,0.0,0.0,False,2013,0.0
2013-08-26,0.0,0.0,0,1705.88,1697.67,0.0,0.0,False,2013,0.0
2013-08-27,0.0,0.0,0,1680.99,1670.47,0.0,0.0,False,2013,0.0
2013-08-28,-2.6359999999999544,-2.0499999999999545,1,1669.7,1676.37,-0.0015787267173743512,-0.0012277654668503052,False,2013,-131.7999999999977
2013-08-29,-4.176000000000146,-3.590000000000146,1,1672.27,1678.68,-0.002497204398811284,-0.0021467825171773373,False,2013,-208.8000000000073
2013-08-30,0.0,0.0,0,1682.27,1672.52,0.0,0.0,False,2013,0.0
2013-09-02,0.0,0.0,0,1690.23,1690.74,0.0,0.0,True,2013,0.0
2013-09-03,0.0,0.0,0,1689.71,1680.99,0.0,0.0,False,2013,0.0
2013-09-04,2.1579999999999275,3.3299999999999272,2,1681.25,1695.1,0.0012835687732341576,0.0019806691449813694,False,2013,107.89999999999638
2013-09-05,0.0,0.0,0,1696.13,1696.64,0.0,0.0,False,2013,0.0
2013-09-06,-3.415999999999927,-2.8299999999999272,1,1702.8,1697.41,-0.0020061075875028936,-0.001661968522433596,False,2013,-170.79999999999634
2013-09-09,0.0,0.0,0,1702.03,1714.34,0.0,0.0,False,2013,0.0
2013-09-10,0.0,0.0,0,1724.61,1727.43,0.0,0.0,False,2013,0.0
2013-09-11,0.0,0.0,0,1724.86,1732.82,0.0,0.0,False,2013,0.0
2013-09-12,0.0,0.0,0,1732.3,1727.94,0.0,0.0,False,2013,0.0
2013-09-13,0.0,0.0,0,1729.99,1732.3,0.0,0.0,False,2013,0.0
2013-09-16,0.0,0.0,0,1740.5,1731.54,0.0,0.0,False,2013,0.0
2013-09-17,0.0,0.0,0,1733.07,1739.22,0.0,0.0,False,2013,0.0
2013-09-18,0.0,0.0,0,1738.71,1760.21,0.0,0.0,False,2013,0.0
2013-09-19,0.0,0.0,0,1764.57,1756.89,0.0,0.0,False,2013,0.0
2013-09-20,0.0,0.0,0,1760.47,1743.83,0.0,0.0,False,2013,0.0
2013-09-23,-0.586,0.0,1,1741.52,1735.89,-0.0003364876659469888,0.0,False,2013,-29.299999999999997
2013-09-24,0.0,0.0,0,1735.64,1732.05,0.0,0.0,False,2013,0.0
2013-09-25,0.0,0.0,0,1733.07,1727.44,0.0,0.0,False,2013,0.0
2013-09-26,0.0,0.0,0,1729.75,1732.82,0.0,0.0,False,2013,0.0
2013-09-27,0.0,0.0,0,1724.37,1725.39,0.0,0.0,False,2013,0.0
2013-09-30,0.0,0.0,0,1710.29,1716.18,0.0,0.0,False,2013,0.0
2013-10-01,-0.586,0.0,1,1716.94,1728.98,-0.00034130487961140163,0.0,False,2013,-29.299999999999997
2013-10-02,0.0,0.0,0,1718.99,1727.44,0.0,0.0,False,2013,0.0
2013-10-03,-3.1460000000001727,-2.560000000000173,1,1723.6,1712.08,-0.0018252494778371855,-0.001485263402181581,False,2013,-157.30000000000862
2013-10-04,0.0,0.0,0,1712.85,1724.63,0.0,0.0,False,2013,0.0
2013-10-07,0.0,0.0,0,1709.26,1709.52,0.0,0.0,False,2013,0.0
2013-10-08,-5.5319999999999,-4.3599999999999,2,1709.26,1689.29,-0.003236488304880416,-0.0025508114622701636,False,2013,-276.59999999999496
2013-10-09,0.0,0.0,0,1692.62,1690.32,0.0,0.0,False,2013,0.0
2013-10-10,0.43399999999998184,1.0199999999999818,1,1707.73,1727.44,0.00025413853478007753,0.000597284113999275,False,2013,21.699999999999093
2013-10-11,0.0,0.0,0,1724.88,1738.45,0.0,0.0,False,2013,0.0
2013-10-14,0.0,0.0,0,1727.7,1745.88,0.0,0.0,False,2013,0.0
2013-10-15,0.0,0.0,0,1741.01,1732.56,0.0,0.0,False,2013,0.0
2013-10-16,-3.991999999999936,-2.8199999999999363,2,1743.32,1757.4,-0.002289883670238359,-0.0016176031939058443,False,2013,-199.5999999999968
2013-10-17,0.0,0.0,0,1750.23,1768.92,0.0,0.0,False,2013,0.0
2013-10-18,0.0,0.0,0,1775.32,1780.7,0.0,0.0,False,2013,0.0
2013-10-21,0.0,0.0,0,1781.21,1780.95,0.0,0.0,False,2013,0.0
2013-10-22,0.0,0.0,0,1786.07,1791.45,0.0,0.0,False,2013,0.0
2013-10-23,0.0,0.0,0,1785.31,1783.26,0.0,0.0,False,2013,0.0
2013-10-24,0.0,0.0,0,1786.33,1788.89,0.0,0.0,False,2013,0.0
2013-10-25,0.0,0.0,0,1792.47,1797.08,0.0,0.0,False,2013,0.0
2013-10-28,0.0,0.0,0,1796.31,1799.9,0.0,0.0,False,2013,0.0
2013-10-29,0.0,0.0,0,1804.0,1810.14,0.0,0.0,False,2013,0.0
2013-10-30,0.0,0.0,0,1811.93,1801.18,0.0,0.0,False,2013,0.0
2013-10-31,0.0,0.0,0,1799.13,1794.52,0.0,0.0,False,2013,0.0
2013-11-01,0.0,0.0,0,1797.85,1798.36,0.0,0.0,False,2013,0.0
2013-11-04,0.0,0.0,0,1804.51,1805.53,0.0,0.0,False,2013,0.0
2013-11-05,0.0,0.0,0,1798.62,1800.15,0.0,0.0,False,2013,0.0
2013-11-06,0.0,0.0,0,1808.09,1809.12,0.0,0.0,False,2013,0.0
2013-11-07,13.234000000000163,13.820000000000164,1,1812.7,1786.33,0.007300711645611609,0.007623986318751125,False,2013,661.7000000000081
2013-11-08,12.724000000000173,13.310000000000173,1,1785.31,1809.88,0.0071270535649271965,0.00745528787717549,False,2013,636.2000000000086
2013-11-11,0.0,0.0,0,1808.86,1810.65,0.0,0.0,False,2013,0.0
2013-11-12,0.0,0.0,0,1806.81,1807.32,0.0,0.0,False,2013,0.0
2013-11-13,0.0,0.0,0,1797.85,1821.15,0.0,0.0,False,2013,0.0
2013-11-14,0.0,0.0,0,1823.2,1831.13,0.0,0.0,False,2013,0.0
2013-11-15,0.0,0.0,0,1833.7,1838.56,0.0,0.0,False,2013,0.0
2013-11-18,0.0,0.0,0,1841.38,1832.67,0.0,0.0,False,2013,0.0
2013-11-19,0.0,0.0,0,1831.39,1828.57,0.0,0.0,False,2013,0.0
2013-11-20,0.0,0.0,0,1832.16,1822.17,0.0,0.0,False,2013,0.0
2013-11-21,0.0,0.0,0,1827.81,1836.77,0.0,0.0,False,2013,0.0
2013-11-22,0.0,0.0,0,1838.05,1846.24,0.0,0.0,False,2013,0.0
2013-11-25,0.0,0.0,0,1849.83,1844.96,0.0,0.0,False,2013,0.0
2013-11-26,0.0,0.0,0,1845.73,1845.47,0.0,0.0,False,2013,0.0
2013-11-27,0.0,0.0,0,1847.26,1849.57,0.0,0.0,False,2013,0.0
2013-11-28,0.0,0.0,0,1852.64,1852.13,0.0,0.0,True,2013,0.0
2013-11-29,0.0,0.0,0,1851.87,1847.78,0.0,0.0,True,2013,0.0
2013-12-02,0.0,0.0,0,1849.06,1843.17,0.0,0.0,False,2013,0.0
2013-12-03,0.0,0.0,0,1837.28,1836.77,0.0,0.0,False,2013,0.0
2013-12-04,-4.676000000000146,-4.0900000000001455,1,1828.32,1834.72,-0.0025575391616348047,-0.002237026341121984,False,2013,-233.8000000000073
2013-12-05,0.0,0.0,0,1831.9,1827.55,0.0,0.0,False,2013,0.0
2013-12-06,0.0,0.0,0,1844.7,1847.52,0.0,0.0,False,2013,0.0
2013-12-09,0.0,0.0,0,1853.41,1852.13,0.0,0.0,False,2013,0.0
2013-12-10,0.0,0.0,0,1848.03,1845.98,0.0,0.0,False,2013,0.0
2013-12-11,15.803999999999872,16.389999999999873,1,1846.24,1824.22,0.008560100528641928,0.008877502383222047,False,2013,790.1999999999936
2013-12-12,0.0,0.0,0,1823.45,1818.85,0.0,0.0,False,2013,0.0
2013-12-13,0.0,0.0,0,1822.17,1817.82,0.0,0.0,False,2013,0.0
2013-12-16,-2.3759999999999635,-1.7899999999999636,1,1825.27,1827.84,-0.001301725224213384,-0.0009806768313728729,False,2013,-118.79999999999818
2013-12-17,-1.8759999999999635,-1.2899999999999636,1,1829.38,1821.68,-0.0010254840437743736,-0.0007051569384162741,False,2013,-93.79999999999818
2013-12-18,0.0,0.0,0,1825.01,1853.51,0.0,0.0,False,2013,0.0
2013-12-19,0.0,0.0,0,1848.12,1851.46,0.0,0.0,False,2013,0.0
2013-12-20,-0.4020000000000181,0.7699999999999818,2,1853.0,1861.98,-0.0002169454937938576,0.0004155423637344748,False,2013,-20.100000000000907
2013-12-23,0.0,0.0,0,1870.97,1871.48,0.0,0.0,False,2013,0.0
2013-12-24,0.0,0.0,0,1872.51,1878.41,0.0,0.0,True,2013,0.0
2013-12-26,0.0,0.0,0,1880.21,1885.86,0.0,0.0,False,2013,0.0
2013-12-27,0.0,0.0,0,1888.68,1885.34,0.0,0.0,False,2013,0.0
2013-12-30,0.0,0.0,0,1885.86,1884.83,0.0,0.0,False,2013,0.0
2013-12-31,0.0,0.0,0,1887.4,1892.27,0.0,0.0,False,2013,0.0
2014-01-02,-0.33599999999999997,0.25,1,1886.63,1875.33,-0.00017809533400825809,0.0001325114092323349,False,2014,-16.799999999999997
2014-01-03,0.0,0.0,0,1877.9,1873.79,0.0,0.0,False,2014,0.0
2014-01-06,0.0,0.0,0,1880.47,1869.68,0.0,0.0,False,2014,0.0
2014-01-07,0.0,0.0,0,1876.87,1880.47,0.0,0.0,False,2014,0.0
2014-01-08,0.0,0.0,0,1880.47,1880.98,0.0,0.0,False,2014,0.0
2014-01-09,0.0,0.0,0,1887.14,1882.01,0.0,0.0,False,2014,0.0
2014-01-10,0.0,0.0,0,1885.34,1886.63,0.0,0.0,False,2014,0.0
2014-01-13,0.0,0.0,0,1882.78,1862.24,0.0,0.0,False,2014,0.0
2014-01-14,2.2339999999999365,2.8199999999999363,1,1868.14,1882.52,0.001195841853394251,0.0015095228409005407,False,2014,111.69999999999682
2014-01-15,0.0,0.0,0,1886.63,1892.53,0.0,0.0,False,2014,0.0
2014-01-16,0.0,0.0,0,1888.42,1889.71,0.0,0.0,False,2014,0.0
2014-01-17,0.0,0.0,0,1886.63,1881.49,0.0,0.0,False,2014,0.0
2014-01-20,0.0,0.0,0,1883.29,1883.55,0.0,0.0,True,2014,0.0
2014-01-21,0.0,0.0,0,1892.53,1887.65,0.0,0.0,False,2014,0.0
2014-01-22,0.0,0.0,0,1890.73,1888.68,0.0,0.0,False,2014,0.0
2014-01-23,1.2139999999999547,1.7999999999999545,1,1878.93,1872.51,0.0006461124150447088,0.0009579920486659718,False,2014,60.699999999997736
2014-01-24,10.703999999999963,11.289999999999964,1,1860.44,1832.46,0.005753477671948551,0.006068456924168457,False,2014,535.1999999999981
2014-01-27,-2.3759999999999635,-1.7899999999999636,1,1834.51,1823.47,-0.0012951687371559508,-0.0009757373903658,False,2014,-118.79999999999818
2014-01-28,1.4739999999999456,2.0599999999999454,1,1825.01,1834.26,0.0008076668073051357,0.0011287609382961987,False,2014,73.69999999999727
2014-01-29,0.0,0.0,0,1818.85,1816.29,0.0,0.0,False,2014,0.0
2014-01-30,0.0,0.0,0,1832.2,1836.82,0.0,0.0,False,2014,0.0
2014-01-31,0.0,0.0,0,1813.21,1823.99,0.0,0.0,False,2014,0.0
2014-02-03,22.5239999999999,23.1099999999999,1,1822.45,1783.68,0.012359186808965897,0.012680731981672968,False,2014,1126.199999999995
2014-02-04,0.0,0.0,0,1791.64,1796.0,0.0,0.0,False,2014,0.0
2014-02-05,0.0,0.0,0,1789.84,1793.18,0.0,0.0,False,2014,0.0
2014-02-06,3.5240000000001275,4.110000000000127,1,1797.8,1816.8,0.001960173545444503,0.0022861274891534805,False,2014,176.20000000000638
2014-02-07,0.0,0.0,0,1825.78,1840.16,0.0,0.0,False,2014,0.0
2014-02-10,0.0,0.0,0,1839.9,1842.98,0.0,0.0,False,2014,0.0
2014-02-11,0.0,0.0,0,1844.78,1863.27,0.0,0.0,False,2014,0.0
2014-02-12,0.0,0.0,0,1866.09,1864.81,0.0,0.0,False,2014,0.0
2014-02-13,0.0,0.0,0,1851.71,1874.56,0.0,0.0,False,2014,0.0
2014-02-14,0.0,0.0,0,1872.25,1884.57,0.0,0.0,False,2014,0.0
2014-02-17,0.0,0.0,0,1887.65,1886.37,0.0,0.0,True,2014,0.0
2014-02-18,0.0,0.0,0,1886.37,1886.88,0.0,0.0,False,2014,0.0
2014-02-19,0.0,0.0,0,1881.49,1874.05,0.0,0.0,False,2014,0.0
2014-02-20,0.0,0.0,0,1876.61,1885.86,0.0,0.0,False,2014,0.0
2014-02-21,0.0,0.0,0,1889.45,1883.29,0.0,0.0,False,2014,0.0
2014-02-24,-4.186000000000137,-3.600000000000137,1,1887.14,1894.58,-0.0022181714128258296,-0.001907648611125903,False,2014,-209.30000000000683
2014-02-25,0.0,0.0,0,1894.84,1892.53,0.0,0.0,False,2014,0.0
2014-02-26,0.0,0.0,0,1895.87,1892.79,0.0,0.0,False,2014,0.0
2014-02-27,0.0,0.0,0,1890.22,1903.06,0.0,0.0,False,2014,0.0
2014-02-28,-1.0959999999999908,-0.5099999999999908,1,1902.54,1908.19,-0.0005760719879739668,-0.0002680626951338688,False,2014,-54.799999999999535
2014-03-03,0.0,0.0,0,1891.25,1893.56,0.0,0.0,False,2014,0.0
2014-03-04,0.0,0.0,0,1912.56,1922.05,0.0,0.0,False,2014,0.0
2014-03-05,0.0,0.0,0,1922.57,1922.57,0.0,0.0,False,2014,0.0
2014-03-06,0.0,0.0,0,1927.44,1927.19,0.0,0.0,False,2014,0.0
2014-03-07,0.0,0.0,0,1934.38,1927.44,0.0,0.0,False,2014,0.0
2014-03-10,0.0,0.0,0,1924.88,1927.19,0.0,0.0,False,2014,0.0
2014-03-11,-0.586,0.0,1,1930.01,1916.92,-0.00030362536981673666,0.0,False,2014,-29.299999999999997
2014-03-12,0.0,0.0,0,1908.19,1917.69,0.0,0.0,False,2014,0.0
2014-03-13,8.39399999999979,8.97999999999979,1,1923.85,1896.64,0.004363126023338509,0.004667723575122692,False,2014,419.69999999998953
2014-03-14,0.0,0.0,0,1893.02,1890.44,0.0,0.0,False,2014,0.0
2014-03-17,-4.521999999999909,-3.349999999999909,2,1900.75,1908.23,-0.0023790608970142885,-0.0017624621859791709,False,2014,-226.09999999999545
2014-03-18,-4.716000000000109,-4.130000000000109,1,1912.09,1922.4,-0.002466411099895983,-0.002159940170180331,False,2014,-235.80000000000547
2014-03-19,0.0,0.0,0,1922.66,1911.58,0.0,0.0,False,2014,0.0
2014-03-20,0.0,0.0,0,1906.94,1922.4,0.0,0.0,False,2014,0.0
2014-03-21,0.0,0.0,0,1930.39,1914.93,0.0,0.0,False,2014,0.0
2014-03-24,4.0540000000001,4.6400000000001,1,1921.37,1906.68,0.002109952794100095,0.002414943503854073,False,2014,202.700000000005
2014-03-25,0.0,0.0,0,1916.47,1916.22,0.0,0.0,False,2014,0.0
2014-03-26,0.0,0.0,0,1923.43,1901.78,0.0,0.0,False,2014,0.0
2014-03-27,0.0,0.0,0,1899.72,1897.92,0.0,0.0,False,2014,0.0
2014-03-28,-2.9719999999999542,-1.7999999999999543,2,1903.07,1906.68,-0.0015616871686275095,-0.0009458401425065575,False,2014,-148.59999999999772
2014-03-31,0.0,0.0,0,1918.79,1922.66,0.0,0.0,False,2014,0.0
2014-04-01,0.0,0.0,0,1929.1,1935.55,0.0,0.0,False,2014,0.0
2014-04-02,0.0,0.0,0,1938.12,1941.99,0.0,0.0,False,2014,0.0
2014-04-03,0.0,0.0,0,1944.82,1939.41,0.0,0.0,False,2014,0.0
2014-04-04,7.404000000000009,7.990000000000009,1,1949.72,1916.47,0.0037974683544303844,0.004098024331698915,False,2014,370.20000000000044
2014-04-07,-3.6760000000001454,-3.0900000000001455,1,1911.32,1894.82,-0.0019232781533182017,-0.0016166837578218956,False,2014,-183.80000000000726
2014-04-08,0.0,0.0,0,1893.79,1902.81,0.0,0.0,False,2014,0.0
2014-04-09,0.0,0.0,0,1907.97,1923.43,0.0,0.0,False,2014,0.0
2014-04-10,23.38400000000003,23.970000000000027,1,1923.17,1882.45,0.012159091499971415,0.012463796752237206,False,2014,1169.2000000000014
2014-04-11,0.0,0.0,0,1872.66,1864.93,0.0,0.0,False,2014,0.0
2014-04-14,0.0,0.0,0,1880.13,1880.13,0.0,0.0,False,2014,0.0
2014-04-15,-12.43599999999991,-11.849999999999909,1,1884.0,1893.28,-0.006600849256900164,-0.006289808917197404,False,2014,-621.7999999999955
2014-04-16,0.0,0.0,0,1906.42,1913.12,0.0,0.0,False,2014,0.0
2014-04-17,0.0,0.0,0,1910.55,1915.7,0.0,0.0,False,2014,0.0
2014-04-21,0.0,0.0,0,1916.47,1922.66,0.0,0.0,False,2014,0.0
2014-04-22,0.0,0.0,0,1924.46,1931.16,0.0,0.0,False,2014,0.0
2014-04-23,0.0,0.0,0,1930.65,1927.04,0.0,0.0,False,2014,0.0
2014-04-24,0.0,0.0,0,1936.32,1930.91,0.0,0.0,False,2014,0.0
2014-04-25,0.0,0.0,0,1924.72,1915.19,0.0,0.0,False,2014,0.0
2014-04-28,0.0,0.0,0,1922.92,1921.37,0.0,0.0,False,2014,0.0
2014-04-29,0.0,0.0,0,1927.3,1929.88,0.0,0.0,False,2014,0.0
2014-04-30,0.0,0.0,0,1926.78,1936.58,0.0,0.0,False,2014,0.0
2014-05-01,0.0,0.0,0,1934.77,1935.8,0.0,0.0,False,2014,0.0
2014-05-02,0.0,0.0,0,1935.55,1933.23,0.0,0.0,False,2014,0.0
2014-05-05,0.0,0.0,0,1923.43,1936.58,0.0,0.0,False,2014,0.0
2014-05-06,0.0,0.0,0,1932.2,1920.08,0.0,0.0,False,2014,0.0
2014-05-07,0.0,0.0,0,1926.53,1931.16,0.0,0.0,False,2014,0.0
2014-05-08,-3.2319999999997178,-2.059999999999718,2,1929.1,1929.1,-0.0016753926701569219,-0.001067855476646995,False,2014,-161.5999999999859
2014-05-09,0.0,0.0,0,1929.1,1932.71,0.0,0.0,False,2014,0.0
2014-05-12,0.0,0.0,0,1940.18,1950.49,0.0,0.0,False,2014,0.0
2014-05-13,0.0,0.0,0,1952.81,1952.3,0.0,0.0,False,2014,0.0
2014-05-14,0.0,0.0,0,1951.01,1943.02,0.0,0.0,False,2014,0.0
2014-05-15,4.498000000000073,5.670000000000073,2,1939.15,1926.01,0.0023195730087925497,0.0029239615295361746,False,2014,224.90000000000364
2014-05-16,0.0,0.0,0,1927.04,1932.97,0.0,0.0,False,2014,0.0
2014-05-19,0.0,0.0,0,1928.84,1939.67,0.0,0.0,False,2014,0.0
2014-05-20,-0.32600000000000906,0.2599999999999909,1,1938.64,1927.04,-0.0001681591218586272,0.00013411463706515438,False,2014,-16.300000000000452
2014-05-21,0.0,0.0,0,1932.97,1943.54,0.0,0.0,False,2014,0.0
2014-05-22,0.0,0.0,0,1944.05,1948.69,0.0,0.0,False,2014,0.0
2014-05-23,0.0,0.0,0,1949.98,1956.68,0.0,0.0,False,2014,0.0
2014-05-26,0.0,0.0,0,1961.06,1962.86,0.0,0.0,True,2014,0.0
2014-05-27,0.0,0.0,0,1963.64,1968.28,0.0,0.0,False,2014,0.0
2014-05-28,0.0,0.0,0,1968.28,1966.47,0.0,0.0,False,2014,0.0
2014-05-29,0.0,0.0,0,1971.37,1977.3,0.0,0.0,False,2014,0.0
2014-05-30,0.0,0.0,0,1974.98,1980.13,0.0,0.0,False,2014,0.0
2014-06-02,0.0,0.0,0,1982.97,1982.45,0.0,0.0,False,2014,0.0
2014-06-03,0.0,0.0,0,1977.3,1981.42,0.0,0.0,False,2014,0.0
2014-06-04,0.0,0.0,0,1977.81,1985.29,0.0,0.0,False,2014,0.0
2014-06-05,1.9940000000001548,2.5800000000001546,1,1987.61,1998.43,0.0010032149164072202,0.0012980413662640833,False,2014,99.70000000000773
2014-06-06,0.0,0.0,0,2002.81,2008.23,0.0,0.0,False,2014,0.0
2014-06-09,0.0,0.0,0,2007.71,2010.29,0.0,0.0,False,2014,0.0
2014-06-10,0.0,0.0,0,2007.71,2010.29,0.0,0.0,False,2014,0.0
2014-06-11,0.0,0.0,0,2003.07,2003.59,0.0,0.0,False,2014,0.0
2014-06-12,4.823999999999854,5.4099999999998545,1,2000.75,1988.9,0.0024110958390602794,0.0027039860052479594,False,2014,241.1999999999927
2014-06-13,0.0,0.0,0,1992.76,1995.08,0.0,0.0,False,2014,0.0
2014-06-16,0.0,0.0,0,1992.24,1996.12,0.0,0.0,False,2014,0.0
2014-06-17,0.0,0.0,0,1993.27,2001.55,0.0,0.0,False,2014,0.0
2014-06-18,2.2539999999999183,2.839999999999918,1,2001.55,2016.03,0.0011261272513801396,0.001418900352226983,False,2014,112.69999999999591
2014-06-19,0.0,0.0,0,2018.1,2018.62,0.0,0.0,False,2014,0.0
2014-06-20,0.0,0.0,0,2023.28,2022.5,0.0,0.0,False,2014,0.0
2014-06-23,0.0,0.0,0,2022.24,2021.47,0.0,0.0,False,2014,0.0
2014-06-24,0.0,0.0,0,2017.84,2009.05,0.0,0.0,False,2014,0.0
2014-06-25,-2.731999999999945,-1.5599999999999452,2,2004.91,2018.36,-0.0013626546827538119,-0.0007780897895665866,False,2014,-136.59999999999727
2014-06-26,-11.795999999999973,-8.279999999999973,6,2019.14,2017.07,-0.005842091187337169,-0.00410075576730686,False,2014,-589.7999999999986
2014-06-27,0.0,0.0,0,2012.15,2020.95,0.0,0.0,False,2014,0.0
2014-06-30,0.0,0.0,0,2019.66,2019.66,0.0,0.0,False,2014,0.0
2014-07-01,-0.586,0.0,1,2024.57,2033.88,-0.0002894441782699536,0.0,False,2014,-29.299999999999997
2014-07-02,0.0,0.0,0,2033.88,2035.95,0.0,0.0,False,2014,0.0
2014-07-03,0.0,0.0,0,2041.12,2046.04,0.0,0.0,True,2014,0.0
2014-07-04,0.0,0.0,0,2044.23,2043.97,0.0,0.0,True,2014,0.0
2014-07-07,0.0,0.0,0,2041.9,2038.8,0.0,0.0,False,2014,0.0
2014-07-08,-5.571999999999863,-4.399999999999864,2,2034.92,2025.86,-0.00273819118196286,-0.0021622471645076284,False,2014,-278.59999999999314
2014-07-09,0.0,0.0,0,2030.26,2034.66,0.0,0.0,False,2014,0.0
2014-07-10,0.0,0.0,0,2015.0,2026.38,0.0,0.0,False,2014,0.0
2014-07-11,0.0,0.0,0,2025.35,2029.48,0.0,0.0,False,2014,0.0
2014-07-14,0.0,0.0,0,2039.83,2039.57,0.0,0.0,False,2014,0.0
2014-07-15,-3.435999999999909,-2.849999999999909,1,2040.61,2036.21,-0.0016838102332145334,-0.0013966412004253186,False,2014,-171.79999999999544
2014-07-16,0.0,0.0,0,2045.0,2043.45,0.0,0.0,False,2014,0.0
2014-07-17,0.0,0.0,0,2036.73,2019.91,0.0,0.0,False,2014,0.0
2014-07-18,2.263999999999909,2.849999999999909,1,2026.12,2040.61,0.0011174066689040676,0.0014066294197776583,False,2014,113.19999999999546
2014-07-21,0.0,0.0,0,2034.14,2036.47,0.0,0.0,False,2014,0.0
2014-07-22,0.0,0.0,0,2043.45,2045.26,0.0,0.0,False,2014,0.0
2014-07-23,0.0,0.0,0,2048.63,2050.18,0.0,0.0,False,2014,0.0
2014-07-24,0.0,0.0,0,2051.99,2049.92,0.0,0.0,False,2014,0.0
2014-07-25,0.0,0.0,0,2044.23,2040.61,0.0,0.0,False,2014,0.0
2014-07-28,-3.425999999999918,-2.839999999999918,1,2040.87,2041.38,-0.001678695850299097,-0.0013915634018824904,False,2014,-171.2999999999959
2014-07-29,0.0,0.0,0,2045.26,2032.59,0.0,0.0,False,2014,0.0
2014-07-30,0.0,0.0,0,2039.57,2033.11,0.0,0.0,False,2014,0.0
2014-07-31,20.624000000000038,21.210000000000036,1,2018.62,1991.72,0.010216880839385342,0.010507178171225906,False,2014,1031.2000000000019
2014-08-01,0.0,0.0,0,1986.8,1986.03,0.0,0.0,False,2014,0.0
2014-08-04,0.0,0.0,0,1989.91,2000.51,0.0,0.0,False,2014,0.0
2014-08-05,-2.1459999999999453,-1.5599999999999454,1,1992.24,1980.6,-0.0010771794562903793,-0.0007830381881700726,False,2014,-107.29999999999727
2014-08-06,0.0,0.0,0,1971.54,1981.37,0.0,0.0,False,2014,0.0
2014-08-07,0.0,0.0,0,1990.43,1970.51,0.0,0.0,False,2014,0.0
2014-08-08,0.3679999999999637,1.5399999999999636,2,1975.16,1993.53,0.0001863140201299964,0.0007796836711962391,False,2014,18.399999999998183
2014-08-11,0.0,0.0,0,2001.03,1999.22,0.0,0.0,False,2014,0.0
2014-08-12,0.0,0.0,0,1997.41,1996.63,0.0,0.0,False,2014,0.0
2014-08-13,0.0,0.0,0,2004.39,2010.86,0.0,0.0,False,2014,0.0
2014-08-14,0.0,0.0,0,2013.71,2019.4,0.0,0.0,False,2014,0.0
2014-08-15,0.0,0.0,0,2026.9,2019.14,0.0,0.0,False,2014,0.0
2014-08-18,0.0,0.0,0,2030.26,2036.21,0.0,0.0,False,2014,0.0
2014-08-19,0.0,0.0,0,2040.87,2046.56,0.0,0.0,False,2014,0.0
2014-08-20,0.0,0.0,0,2044.23,2052.25,0.0,0.0,False,2014,0.0
2014-08-21,0.0,0.0,0,2053.8,2057.94,0.0,0.0,False,2014,0.0
2014-08-22,0.0,0.0,0,2056.64,2054.83,0.0,0.0,False,2014,0.0
2014-08-25,0.0,0.0,0,2064.92,2065.44,0.0,0.0,False,2014,0.0
2014-08-26,0.0,0.0,0,2066.99,2066.99,0.0,0.0,False,2014,0.0
2014-08-27,0.0,0.0,0,2068.03,2065.96,0.0,0.0,False,2014,0.0
2014-08-28,0.0,0.0,0,2058.97,2064.92,0.0,0.0,False,2014,0.0
2014-08-29,0.0,0.0,0,2068.03,2070.61,0.0,0.0,False,2014,0.0
2014-09-01,0.0,0.0,0,2068.54,2070.35,0.0,0.0,True,2014,0.0
2014-09-02,0.0,0.0,0,2073.46,2069.32,0.0,0.0,False,2014,0.0
2014-09-03,0.0,0.0,0,2077.85,2068.8,0.0,0.0,False,2014,0.0
2014-09-04,0.7039999999999637,1.2899999999999636,1,2071.91,2065.7,0.0003397830986867015,0.0006226139166276353,False,2014,35.199999999998184
2014-09-05,0.0,0.0,0,2064.92,2075.01,0.0,0.0,False,2014,0.0
2014-09-08,0.0,0.0,0,2072.94,2069.58,0.0,0.0,False,2014,0.0
2014-09-09,-1.1059999999999817,-0.5199999999999817,1,2067.51,2056.39,-0.000534942999066501,-0.0002515102708088385,False,2014,-55.29999999999908
2014-09-10,0.0,0.0,0,2057.42,2064.4,0.0,0.0,False,2014,0.0
2014-09-11,0.0,0.0,0,2055.61,2066.21,0.0,0.0,False,2014,0.0
2014-09-12,-0.40200000000047287,0.7699999999995271,2,2064.15,2054.32,-0.0001947532882786972,0.000373034905408777,False,2014,-20.100000000023645
2014-09-15,0.0,0.0,0,2056.66,2054.84,0.0,0.0,False,2014,0.0
2014-09-16,8.513999999999909,9.099999999999909,1,2051.2,2070.7,0.004150741029641141,0.00443642745709824,False,2014,425.69999999999544
2014-09-17,0.0,0.0,0,2073.82,2073.3,0.0,0.0,False,2014,0.0
2014-09-18,0.0,0.0,0,2079.81,2084.49,0.0,0.0,False,2014,0.0
2014-09-19,0.0,0.0,0,2091.25,2082.67,0.0,0.0,False,2014,0.0
2014-09-22,-0.9120000000002364,0.25999999999976353,2,2078.77,2066.28,-0.00043872097442248847,0.00012507396200626503,False,2014,-45.60000000001182
2014-09-23,0.0,0.0,0,2059.0,2054.32,0.0,0.0,False,2014,0.0
2014-09-24,-0.1320000000000363,1.0399999999999636,2,2054.84,2071.22,-6.423857818615381e-05,0.0005061221311634792,False,2014,-6.600000000001815
2014-09-25,17.61399999999982,18.199999999999818,1,2065.5,2036.9,0.008527717259743316,0.008811425804889769,False,2014,880.699999999991
2014-09-26,0.0,0.0,0,2040.8,2053.54,0.0,0.0,False,2014,0.0
2014-09-29,0.0,0.0,0,2035.34,2049.12,0.0,0.0,False,2014,0.0
2014-09-30,0.0,0.0,0,2050.68,2043.92,0.0,0.0,False,2014,0.0
2014-10-01,5.068000000000237,6.2400000000002365,2,2040.54,2015.84,0.002483656287061384,0.0030580140551031768,False,2014,253.40000000001183
2014-10-02,0.0,0.0,0,2014.02,2016.36,0.0,0.0,False,2014,0.0
2014-10-03,0.0,0.0,0,2029.88,2038.46,0.0,0.0,False,2014,0.0
2014-10-06,0.0,0.0,0,2047.3,2035.6,0.0,0.0,False,2014,0.0
2014-10-07,0.0,0.0,0,2025.2,2004.14,0.0,0.0,False,2014,0.0
2014-10-08,10.074000000000082,10.660000000000082,1,2005.7,2039.5,0.005022685346761769,0.005314852669890852,False,2014,503.7000000000041
2014-10-09,15.793999999999881,16.37999999999988,1,2036.38,1997.9,0.0077559198185013995,0.008043685363242558,False,2014,789.699999999994
2014-10-10,-6.046000000000037,-5.460000000000036,1,1998.42,1975.8,-0.0030253900581459535,-0.0027321584051400788,False,2014,-302.30000000000183
2014-10-13,-5.266000000000064,-4.680000000000064,1,1975.02,1942.78,-0.0026663021133963524,-0.002369596257253123,False,2014,-263.3000000000032
2014-10-14,0.0,0.0,0,1953.7,1946.94,0.0,0.0,False,2014,0.0
2014-10-15,-2.925999999999918,-2.339999999999918,1,1919.64,1931.6,-0.0015242441291074982,-0.0012189785584796723,False,2014,-146.2999999999959
2014-10-16,0.0,0.0,0,1897.8,1930.56,0.0,0.0,False,2014,0.0
2014-10-17,0.0,0.0,0,1953.44,1954.74,0.0,0.0,False,2014,0.0
2014-10-20,0.0,0.0,0,1950.32,1973.2,0.0,0.0,False,2014,0.0
2014-10-21,0.0,0.0,0,1987.24,2012.2,0.0,0.0,False,2014,0.0
2014-10-22,0.0,0.0,0,2015.84,1997.9,0.0,0.0,False,2014,0.0
2014-10-23,0.0,0.0,0,2018.18,2021.56,0.0,0.0,False,2014,0.0
2014-10-24,0.0,0.0,0,2024.42,2036.64,0.0,0.0,False,2014,0.0
2014-10-27,0.0,0.0,0,2029.88,2033.78,0.0,0.0,False,2014,0.0
2014-10-28,0.0,0.0,0,2041.06,2056.92,0.0,0.0,False,2014,0.0
2014-10-29,0.0,0.0,0,2059.0,2054.58,0.0,0.0,False,2014,0.0
2014-10-30,0.0,0.0,0,2048.86,2068.62,0.0,0.0,False,2014,0.0
2014-10-31,0.0,0.0,0,2093.07,2091.51,0.0,0.0,False,2014,0.0
2014-11-03,0.0,0.0,0,2094.37,2092.55,0.0,0.0,False,2014,0.0
2014-11-04,0.0,0.0,0,2087.35,2085.79,0.0,0.0,False,2014,0.0
2014-11-05,0.0,0.0,0,2100.61,2098.79,0.0,0.0,False,2014,0.0
2014-11-06,0.0,0.0,0,2099.31,2107.63,0.0,0.0,False,2014,0.0
2014-11-07,0.0,0.0,0,2107.63,2109.71,0.0,0.0,False,2014,0.0
2014-11-10,0.0,0.0,0,2109.45,2115.69,0.0,0.0,False,2014,0.0
2014-11-11,0.0,0.0,0,2116.73,2118.29,0.0,0.0,False,2014,0.0
2014-11-12,0.0,0.0,0,2109.19,2116.21,0.0,0.0,False,2014,0.0
2014-11-13,0.0,0.0,0,2118.03,2118.29,0.0,0.0,False,2014,0.0
2014-11-14,0.0,0.0,0,2117.25,2118.81,0.0,0.0,False,2014,0.0
2014-11-17,0.0,0.0,0,2114.65,2120.11,0.0,0.0,False,2014,0.0
2014-11-18,0.9080000000003821,2.080000000000382,2,2120.89,2132.59,0.0004281221562647672,0.0009807203579631108,False,2014,45.400000000019105
2014-11-19,-2.665999999999927,-2.0799999999999272,1,2129.99,2128.95,-0.0012516490687749368,-0.0009765304062460047,False,2014,-133.29999999999634
2014-11-20,0.0,0.0,0,2119.07,2133.11,0.0,0.0,False,2014,0.0
2014-11-21,0.0,0.0,0,2154.43,2144.29,0.0,0.0,False,2014,0.0
2014-11-24,0.0,0.0,0,2149.23,2150.27,0.0,0.0,False,2014,0.0
2014-11-25,0.0,0.0,0,2153.13,2149.49,0.0,0.0,False,2014,0.0
2014-11-26,0.0,0.0,0,2150.53,2153.65,0.0,0.0,False,2014,0.0
2014-11-27,0.0,0.0,0,2155.73,2157.03,0.0,0.0,True,2014,0.0
2014-11-28,0.0,0.0,0,2152.09,2149.49,0.0,0.0,True,2014,0.0
2014-12-01,-12.417999999999854,-10.659999999999854,3,2140.91,2134.67,-0.005800337239771805,-0.004979191091638534,False,2014,-620.8999999999927
2014-12-02,5.134000000000254,5.720000000000255,1,2134.67,2148.19,0.0024050555823617956,0.002679571081244527,False,2014,256.7000000000127
2014-12-03,0.0,0.0,0,2150.01,2156.51,0.0,0.0,False,2014,0.0
2014-12-04,0.0,0.0,0,2152.61,2154.17,0.0,0.0,False,2014,0.0
2014-12-05,0.0,0.0,0,2155.73,2157.81,0.0,0.0,False,2014,0.0
2014-12-08,0.0,0.0,0,2152.61,2143.25,0.0,0.0,False,2014,0.0
2014-12-09,0.0,0.0,0,2119.59,2141.69,0.0,0.0,False,2014,0.0
2014-12-10,-3.2520000000003817,-2.080000000000382,2,2135.71,2106.85,-0.0015226786408268826,-0.0009739149978229169,False,2014,-162.6000000000191
2014-12-11,-12.0259999999996,-11.4399999999996,1,2114.65,2117.51,-0.005686993119428558,-0.0054098787033313315,False,2014,-601.2999999999801
2014-12-12,0.0,0.0,0,2101.13,2082.41,0.0,0.0,False,2014,0.0
2014-12-15,-13.386000000000182,-12.800000000000182,1,2096.52,2070.14,-0.0063848663499514345,-0.006105355541564203,False,2014,-669.3000000000092
2014-12-16,0.19400000000020012,0.7800000000002001,1,2061.0,2054.21,9.412906356147507e-05,0.0003784570596798642,False,2014,9.700000000010006
2014-12-17,2.6820000000005093,4.440000000000509,3,2059.7,2096.26,0.0013021313783563187,0.0021556537359812156,False,2014,134.10000000002546
2014-12-18,0.0,0.0,0,2126.04,2148.24,0.0,0.0,False,2014,0.0
2014-12-19,0.0,0.0,0,2155.29,2159.73,0.0,0.0,False,2014,0.0
2014-12-22,0.0,0.0,0,2162.6,2167.56,0.0,0.0,False,2014,0.0
2014-12-23,0.0,0.0,0,2175.4,2170.44,0.0,0.0,False,2014,0.0
2014-12-24,0.0,0.0,0,2173.31,2170.96,0.0,0.0,True,2014,0.0
2014-12-26,0.0,0.0,0,2176.44,2176.71,0.0,0.0,False,2014,0.0
2014-12-29,0.0,0.0,0,2175.14,2179.06,0.0,0.0,False,2014,0.0
2014-12-30,0.0,0.0,0,2172.79,2166.78,0.0,0.0,False,2014,0.0
2014-12-31,0.0,0.0,0,2171.22,2144.06,0.0,0.0,False,2014,0.0
2015-01-02,0.0,0.0,0,2153.46,2142.49,0.0,0.0,False,2015,0.0
2015-01-05,5.087999999999764,6.2599999999997635,2,2129.43,2104.36,0.002389371803722012,0.0029397538308372495,False,2015,254.39999999998818
2015-01-06,0.9840000000001637,1.5700000000001637,1,2107.75,2083.72,0.0004668485351679107,0.0007448701221682665,False,2015,49.20000000000819
2015-01-07,0.0,0.0,0,2100.18,2109.84,0.0,0.0,False,2015,0.0
2015-01-08,8.22800000000009,9.400000000000091,2,2127.6,2147.71,0.003867268283511981,0.004418123707463852,False,2015,411.4000000000045
2015-01-09,4.0580000000000185,5.230000000000018,2,2152.68,2128.91,0.001885092071278601,0.0024295297025103677,False,2015,202.90000000000092
2015-01-12,-8.165999999999928,-7.579999999999927,1,2131.26,2112.45,-0.0038315362743165673,-0.0035565815526964924,False,2015,-408.2999999999964
2015-01-13,-4.245999999999855,-3.659999999999855,1,2128.65,2107.23,-0.0019946914711201254,-0.0017193996194770653,False,2015,-212.29999999999274
2015-01-14,0.0,0.0,0,2081.37,2094.43,0.0,0.0,False,2015,0.0
2015-01-15,0.0,0.0,0,2102.27,2074.58,0.0,0.0,False,2015,0.0
2015-01-16,0.0,0.0,0,2072.23,2101.75,0.0,0.0,False,2015,0.0
2015-01-19,0.0,0.0,0,2107.49,2098.35,0.0,0.0,True,2015,0.0
2015-01-20,0.0,0.0,0,2110.36,2106.97,0.0,0.0,False,2015,0.0
2015-01-21,0.0,0.0,0,2100.7,2117.42,0.0,0.0,False,2015,0.0
2015-01-22,0.0,0.0,0,2127.34,2149.02,0.0,0.0,False,2015,0.0
2015-01-23,0.0,0.0,0,2145.62,2137.27,0.0,0.0,False,2015,0.0
2015-01-26,0.0,0.0,0,2134.65,2142.23,0.0,0.0,False,2015,0.0
2015-01-27,0.0,0.0,0,2116.11,2113.5,0.0,0.0,False,2015,0.0
2015-01-28,0.0,0.0,0,2128.39,2085.55,0.0,0.0,False,2015,0.0
2015-01-29,0.0,0.0,0,2088.43,2105.66,0.0,0.0,False,2015,0.0
2015-01-30,0.0,0.0,0,2090.25,2078.76,0.0,0.0,False,2015,0.0
2015-02-02,0.0,0.0,0,2085.03,2103.84,0.0,0.0,False,2015,0.0
2015-02-03,0.0,0.0,0,2115.85,2134.92,0.0,0.0,False,2015,0.0
2015-02-04,0.0,0.0,0,2125.51,2127.08,0.0,0.0,False,2015,0.0
2015-02-05,0.0,0.0,0,2135.7,2149.54,0.0,0.0,False,2015,0.0
2015-02-06,0.0,0.0,0,2153.2,2142.23,0.0,0.0,False,2015,0.0
2015-02-09,0.0,0.0,0,2134.13,2132.3,0.0,0.0,False,2015,0.0
2015-02-10,0.0,0.0,0,2145.89,2155.55,0.0,0.0,False,2015,0.0
2015-02-11,0.0,0.0,0,2153.46,2156.86,0.0,0.0,False,2015,0.0
2015-02-12,0.0,0.0,0,2166.52,2177.23,0.0,0.0,False,2015,0.0
2015-02-13,0.0,0.0,0,2179.32,2186.89,0.0,0.0,False,2015,0.0
2015-02-16,0.0,0.0,0,2184.02,2180.1,0.0,0.0,True,2015,0.0
2015-02-17,0.0,0.0,0,2182.71,2190.81,0.0,0.0,False,2015,0.0
2015-02-18,0.0,0.0,0,2185.32,2190.55,0.0,0.0,False,2015,0.0
2015-02-19,0.0,0.0,0,2182.71,2188.98,0.0,0.0,False,2015,0.0
2015-02-20,0.0,0.0,0,2183.24,2202.3,0.0,0.0,False,2015,0.0
2015-02-23,0.0,0.0,0,2198.64,2201.26,0.0,0.0,False,2015,0.0
2015-02-24,0.0,0.0,0,2200.47,2208.05,0.0,0.0,False,2015,0.0
2015-02-25,0.0,0.0,0,2206.22,2205.96,0.0,0.0,False,2015,0.0
2015-02-26,-3.7260000000003273,-3.1400000000003274,1,2204.65,2203.35,-0.0016900641825234515,-0.0014242623545689009,False,2015,-186.30000000001635
2015-02-27,0.0,0.0,0,2202.04,2196.03,0.0,0.0,False,2015,0.0
2015-03-02,1.1779999999999091,2.349999999999909,2,2196.82,2209.88,0.0005362296410265333,0.0010697280614706298,False,2015,58.89999999999546
2015-03-03,-4.311999999999872,-3.1399999999998727,2,2203.87,2200.21,-0.001956558236193547,-0.0014247664335917604,False,2015,-215.59999999999363
2015-03-04,-4.571999999999636,-3.399999999999636,2,2192.64,2191.07,-0.0020851576182134945,-0.0015506421482777092,False,2015,-228.5999999999818
2015-03-05,0.0,0.0,0,2194.99,2193.16,0.0,0.0,False,2015,0.0
2015-03-06,11.423999999999763,12.009999999999764,1,2182.19,2161.82,0.0052351078503703906,0.005503645420426161,False,2015,571.1999999999881
2015-03-09,0.0,0.0,0,2164.69,2171.48,0.0,0.0,False,2015,0.0
2015-03-10,-3.0679999999999454,-1.3099999999999454,3,2153.98,2135.7,-0.001424340058867745,-0.0006081764918894072,False,2015,-153.39999999999728
2015-03-11,0.0,0.0,0,2138.57,2131.0,0.0,0.0,False,2015,0.0
2015-03-12,9.074000000000309,9.66000000000031,1,2138.57,2157.9,0.004243022206427804,0.00451703708552926,False,2015,453.70000000001545
2015-03-13,3.8540000000000547,4.440000000000055,1,2154.5,2144.58,0.001788814110002346,0.0020608029705268295,False,2015,192.70000000000275
2015-03-16,4.531999999999964,6.289999999999964,3,2153.76,2174.21,0.002104227026223889,0.0029204739618155983,False,2015,226.59999999999818
2015-03-17,0.0,0.0,0,2163.99,2166.61,0.0,0.0,False,2015,0.0
2015-03-18,6.754000000000145,7.3400000000001455,1,2160.05,2192.82,0.003126779472697458,0.003398069489132263,False,2015,337.70000000000726
2015-03-19,0.0,0.0,0,2187.84,2182.07,0.0,0.0,False,2015,0.0
2015-03-20,0.0,0.0,0,2194.66,2202.26,0.0,0.0,False,2015,0.0
2015-03-23,0.0,0.0,0,2202.26,2198.33,0.0,0.0,False,2015,0.0
2015-03-24,0.0,0.0,0,2196.23,2184.96,0.0,0.0,False,2015,0.0
2015-03-25,6.168000000000146,7.3400000000001455,2,2187.84,2152.45,0.002819218955682383,0.003354907123007233,False,2015,308.4000000000073
2015-03-26,0.0,0.0,0,2144.33,2147.47,0.0,0.0,False,2015,0.0
2015-03-27,0.0,0.0,0,2145.9,2151.67,0.0,0.0,False,2015,0.0
2015-03-30,-3.466000000000109,-2.880000000000109,1,2165.3,2178.93,-0.0016007019812497615,-0.001330069736295252,False,2015,-173.30000000000544
2015-03-31,0.0,0.0,0,2168.18,2159.79,0.0,0.0,False,2015,0.0
2015-04-01,-10.016000000000291,-9.430000000000291,1,2158.74,2152.19,-0.004639743554110403,-0.004368288909271284,False,2015,-500.80000000001456
2015-04-02,-3.4759999999998725,-2.8899999999998727,1,2150.88,2158.74,-0.0016160827196309755,-0.0013436360931339138,False,2015,-173.79999999999362
2015-04-06,8.323999999999854,8.909999999999854,1,2148.26,2174.47,0.0038747637623005845,0.004147542662433715,False,2015,416.1999999999927
2015-04-07,0.0,0.0,0,2174.73,2168.18,0.0,0.0,False,2015,0.0
2015-04-08,0.0,0.0,0,2171.06,2175.52,0.0,0.0,False,2015,0.0
2015-04-09,0.0,0.0,0,2173.42,2185.74,0.0,0.0,False,2015,0.0
2015-04-10,0.0,0.0,0,2188.1,2197.02,0.0,0.0,False,2015,0.0
2015-04-13,0.0,0.0,0,2195.44,2187.05,0.0,0.0,False,2015,0.0
2015-04-14,0.0,0.0,0,2184.43,2191.25,0.0,0.0,False,2015,0.0
2015-04-15,0.0,0.0,0,2197.02,2201.47,0.0,0.0,False,2015,0.0
2015-04-16,0.0,0.0,0,2197.28,2200.42,0.0,0.0,False,2015,0.0
2015-04-17,0.0,0.0,0,2185.22,2174.47,0.0,0.0,False,2015,0.0
2015-04-20,0.0,0.0,0,2186.53,2195.18,0.0,0.0,False,2015,0.0
2015-04-21,0.0,0.0,0,2203.57,2192.82,0.0,0.0,False,2015,0.0
2015-04-22,0.0,0.0,0,2196.75,2203.31,0.0,0.0,False,2015,0.0
2015-04-23,0.0,0.0,0,2198.33,2209.34,0.0,0.0,False,2015,0.0
2015-04-24,0.0,0.0,0,2214.32,2213.79,0.0,0.0,False,2015,0.0
2015-04-27,0.0,0.0,0,2221.4,2204.88,0.0,0.0,False,2015,0.0
2015-04-28,0.0,0.0,0,2204.62,2211.7,0.0,0.0,False,2015,0.0
2015-04-29,0.0,0.0,0,2200.42,2202.0,0.0,0.0,False,2015,0.0
2015-04-30,-5.8919999999998,-4.7199999999998,2,2195.18,2179.71,-0.0026840623547954153,-0.0021501653622936615,False,2015,-294.59999999998996
2015-05-01,0.0,0.0,0,2189.94,2203.57,0.0,0.0,False,2015,0.0
2015-05-04,0.0,0.0,0,2209.34,2210.91,0.0,0.0,False,2015,0.0
2015-05-05,4.597999999999982,5.769999999999982,2,2207.24,2184.43,0.002083144560627744,0.002614124426886058,False,2015,229.8999999999991
2015-05-06,0.0,0.0,0,2191.51,2175.26,0.0,0.0,False,2015,0.0
2015-05-07,0.0,0.0,0,2174.21,2184.43,0.0,0.0,False,2015,0.0
2015-05-08,0.0,0.0,0,2205.4,2213.53,0.0,0.0,False,2015,0.0
2015-05-11,0.0,0.0,0,2212.48,2202.26,0.0,0.0,False,2015,0.0
2015-05-12,0.0,0.0,0,2192.04,2195.44,0.0,0.0,False,2015,0.0
2015-05-13,0.0,0.0,0,2200.69,2196.49,0.0,0.0,False,2015,0.0
2015-05-14,0.0,0.0,0,2209.34,2219.56,0.0,0.0,False,2015,0.0
2015-05-15,0.0,0.0,0,2221.66,2221.92,0.0,0.0,False,2015,0.0
2015-05-18,0.0,0.0,0,2219.82,2228.47,0.0,0.0,False,2015,0.0
2015-05-19,0.0,0.0,0,2230.31,2227.95,0.0,0.0,False,2015,0.0
2015-05-20,0.0,0.0,0,2229.26,2226.11,0.0,0.0,False,2015,0.0
2015-05-21,0.0,0.0,0,2224.54,2232.41,0.0,0.0,False,2015,0.0
2015-05-22,0.0,0.0,0,2227.69,2227.42,0.0,0.0,False,2015,0.0
2015-05-25,0.0,0.0,0,2224.8,2225.33,0.0,0.0,True,2015,0.0
2015-05-26,8.323999999999854,8.909999999999854,1,2221.4,2203.57,0.0037471864589897603,0.0040109840641036525,False,2015,416.1999999999927
2015-05-27,-0.32600000000023643,0.25999999999976353,1,2209.07,2224.28,-0.00014757341324640524,0.00011769658725154183,False,2015,-16.30000000001182
2015-05-28,0.0,0.0,0,2220.61,2221.92,0.0,0.0,False,2015,0.0
2015-05-29,-0.8559999999999818,-0.2699999999999818,1,2221.13,2207.24,-0.0003853894188993808,-0.0001215597466154533,False,2015,-42.79999999999909
2015-06-01,0.0,0.0,0,2216.15,2211.96,0.0,0.0,False,2015,0.0
2015-06-02,0.0,0.0,0,2206.72,2210.12,0.0,0.0,False,2015,0.0
2015-06-03,0.0,0.0,0,2216.68,2215.89,0.0,0.0,False,2015,0.0
2015-06-04,0.0,0.0,0,2206.72,2197.8,0.0,0.0,False,2015,0.0
2015-06-05,0.0,0.0,0,2194.92,2193.35,0.0,0.0,False,2015,0.0
2015-06-08,0.0,0.0,0,2191.51,2179.19,0.0,0.0,False,2015,0.0
2015-06-09,0.0,0.0,0,2179.19,2178.93,0.0,0.0,False,2015,0.0
2015-06-10,3.3439999999998364,3.9299999999998363,1,2188.89,2205.14,0.0015277149605507068,0.0017954305606950722,False,2015,167.19999999999183
2015-06-11,0.0,0.0,0,2211.17,2212.22,0.0,0.0,False,2015,0.0
2015-06-12,0.0,0.0,0,2202.0,2194.92,0.0,0.0,False,2015,0.0
2015-06-15,0.0,0.0,0,2189.37,2194.13,0.0,0.0,False,2015,0.0
2015-06-16,-0.586,0.0,1,2192.8,2207.07,-0.0002672382342210872,0.0,False,2015,-29.299999999999997
2015-06-17,0.0,0.0,0,2211.04,2211.04,0.0,0.0,False,2015,0.0
2015-06-18,0.14800000000016378,1.3200000000001637,2,2218.44,2234.03,6.671354645614205e-05,0.0005950127116352769,False,2015,7.400000000008189
2015-06-19,0.0,0.0,0,2231.39,2219.76,0.0,0.0,False,2015,0.0
2015-06-22,0.0,0.0,0,2235.61,2235.61,0.0,0.0,False,2015,0.0
2015-06-23,0.0,0.0,0,2237.99,2236.67,0.0,0.0,False,2015,0.0
2015-06-24,0.0,0.0,0,2233.24,2219.76,0.0,0.0,False,2015,0.0
2015-06-25,0.0,0.0,0,2226.63,2212.36,0.0,0.0,False,2015,0.0
2015-06-26,0.0,0.0,0,2217.64,2212.62,0.0,0.0,False,2015,0.0
2015-06-29,8.403999999999781,8.989999999999782,1,2193.33,2165.32,0.003831616765374924,0.004098790423693554,False,2015,420.1999999999891
2015-06-30,0.0,0.0,0,2184.88,2170.34,0.0,0.0,False,2015,0.0
2015-07-01,0.0,0.0,0,2189.9,2187.26,0.0,0.0,False,2015,0.0
2015-07-02,0.0,0.0,0,2193.07,2184.88,0.0,0.0,False,2015,0.0
2015-07-03,0.0,0.0,0,2185.14,2184.88,0.0,0.0,True,2015,0.0
2015-07-06,0.0,0.0,0,2168.76,2178.8,0.0,0.0,False,2015,0.0
2015-07-07,4.9079999999999275,6.079999999999927,2,2181.18,2192.54,0.002250158171265062,0.002787482005153141,False,2015,245.39999999999637
2015-07-08,0.0,0.0,0,2175.63,2155.02,0.0,0.0,False,2015,0.0
2015-07-09,0.0,0.0,0,2182.5,2160.04,0.0,0.0,False,2015,0.0
2015-07-10,0.0,0.0,0,2185.93,2187.26,0.0,0.0,False,2015,0.0
2015-07-13,0.0,0.0,0,2203.64,2211.83,0.0,0.0,False,2015,0.0
2015-07-14,0.0,0.0,0,2211.3,2221.34,0.0,0.0,False,2015,0.0
2015-07-15,0.0,0.0,0,2222.14,2220.82,0.0,0.0,False,2015,0.0
2015-07-16,0.0,0.0,0,2234.03,2238.26,0.0,0.0,False,2015,0.0
2015-07-17,0.0,0.0,0,2238.52,2239.84,0.0,0.0,False,2015,0.0
2015-07-20,0.0,0.0,0,2242.75,2241.43,0.0,0.0,False,2015,0.0
2015-07-21,0.0,0.0,0,2239.31,2232.18,0.0,0.0,False,2015,0.0
2015-07-22,0.0,0.0,0,2223.46,2227.69,0.0,0.0,False,2015,0.0
2015-07-23,0.9939999999999273,1.5799999999999272,1,2229.8,2215.27,0.0004457798905731129,0.0007085837294824321,False,2015,49.699999999996365
2015-07-24,7.073999999999854,7.6599999999998545,1,2216.59,2191.75,0.003191388574341603,0.0034557586202228893,False,2015,353.6999999999927
2015-07-27,0.0,0.0,0,2181.18,2179.06,0.0,0.0,False,2015,0.0
2015-07-28,3.3740000000000365,3.9600000000000364,1,2189.9,2205.75,0.0015407096214439182,0.0018083017489383241,False,2015,168.70000000000184
2015-07-29,-0.8460000000002182,-0.2600000000002183,1,2207.6,2221.08,-0.00038322159811569954,-0.00011777495923184376,False,2015,-42.30000000001091
2015-07-30,-5.605999999999982,-5.019999999999982,1,2214.47,2221.34,-0.0025315312467542946,-0.0022669081089380224,False,2015,-280.2999999999991
2015-07-31,0.0,0.0,0,2228.48,2218.17,0.0,0.0,False,2015,0.0
2015-08-03,0.47399999999994546,1.0599999999999454,1,2217.91,2210.25,0.00021371471340133076,0.0004779274181549051,False,2015,23.699999999997274
2015-08-04,0.0,0.0,0,2209.98,2206.02,0.0,0.0,False,2015,0.0
2015-08-05,-9.092000000000073,-7.920000000000074,2,2217.91,2213.95,-0.004099354797985524,-0.003570929388478376,False,2015,-454.60000000000366
2015-08-06,5.178000000000364,6.350000000000364,2,2216.32,2196.5,0.0023363052266822315,0.0028651097314468864,False,2015,258.9000000000182
2015-08-07,-1.3759999999999635,-0.7899999999999635,1,2193.6,2190.95,-0.0006272793581327332,-0.0003601385849744546,False,2015,-68.79999999999818
2015-08-10,0.0,0.0,0,2205.22,2219.49,0.0,0.0,False,2015,0.0
2015-08-11,0.0,0.0,0,2202.05,2198.35,0.0,0.0,False,2015,0.0
2015-08-12,-5.876000000000419,-5.290000000000418,1,2181.97,2200.73,-0.0026929792801919455,-0.002424414634481876,False,2015,-293.80000000002093
2015-08-13,0.0,0.0,0,2199.68,2198.35,0.0,0.0,False,2015,0.0
2015-08-14,0.0,0.0,0,2196.24,2206.28,0.0,0.0,False,2015,0.0
2015-08-17,0.0,0.0,0,2199.15,2218.97,0.0,0.0,False,2015,0.0
2015-08-18,0.0,0.0,0,2215.8,2212.36,0.0,0.0,False,2015,0.0
2015-08-19,-4.601999999999836,-3.4299999999998363,2,2203.11,2194.92,-0.0020888652858912335,-0.0015568900327263895,False,2015,-230.0999999999918
2015-08-20,-3.765999999999836,-3.1799999999998363,1,2175.63,2148.15,-0.001730992861837645,-0.0014616455923111174,False,2015,-188.2999999999918
2015-08-21,4.851999999999218,6.609999999999218,3,2125.42,2080.23,0.002282842920457706,0.0031099735581669587,False,2015,242.5999999999609
2015-08-24,0.0,0.0,0,1975.32,1993.82,0.0,0.0,False,2015,0.0
2015-08-25,0.0,0.0,0,2057.77,1971.09,0.0,0.0,False,2015,0.0
2015-08-26,0.0,0.0,0,2022.62,2048.52,0.0,0.0,False,2015,0.0
2015-08-27,0.0,0.0,0,2074.95,2098.73,0.0,0.0,False,2015,0.0
2015-08-28,0.0,0.0,0,2090.27,2098.47,0.0,0.0,False,2015,0.0
2015-08-31,0.0,0.0,0,2086.04,2080.5,0.0,0.0,False,2015,0.0
2015-09-01,0.0,0.0,0,2032.67,2016.55,0.0,0.0,False,2015,0.0
2015-09-02,0.0,0.0,0,2049.31,2057.77,0.0,0.0,False,2015,0.0
2015-09-03,0.0,0.0,0,2066.49,2058.83,0.0,0.0,False,2015,0.0
2015-09-04,0.0,0.0,0,2030.02,2027.12,0.0,0.0,False,2015,0.0
2015-09-07,0.0,0.0,0,2041.91,2041.12,0.0,0.0,True,2015,0.0
2015-09-08,0.0,0.0,0,2062.79,2079.97,0.0,0.0,False,2015,0.0
2015-09-09,0.0,0.0,0,2099.52,2050.37,0.0,0.0,False,2015,0.0
2015-09-10,0.0,0.0,0,2047.99,2062.26,0.0,0.0,False,2015,0.0
2015-09-11,0.0,0.0,0,2057.24,2071.78,0.0,0.0,False,2015,0.0
2015-09-14,0.0,0.0,0,2073.61,2063.52,0.0,0.0,False,2015,0.0
2015-09-15,0.0,0.0,0,2070.16,2090.61,0.0,0.0,False,2015,0.0
2015-09-16,0.0,0.0,0,2093.8,2108.14,0.0,0.0,False,2015,0.0
2015-09-17,0.0,0.0,0,2106.28,2103.09,0.0,0.0,False,2015,0.0
2015-09-18,0.0,0.0,0,2070.43,2067.24,0.0,0.0,False,2015,0.0
2015-09-21,0.0,0.0,0,2078.39,2078.92,0.0,0.0,False,2015,0.0
2015-09-22,0.0,0.0,0,2051.04,2051.3,0.0,0.0,False,2015,0.0
2015-09-23,0.0,0.0,0,2053.69,2047.85,0.0,0.0,False,2015,0.0
2015-09-24,5.253999999999918,5.839999999999918,1,2032.45,2041.21,0.002585057442987487,0.0028733794189278548,False,2015,262.6999999999959
2015-09-25,0.0,0.0,0,2059.54,2040.42,0.0,0.0,False,2015,0.0
2015-09-28,19.278000000000045,20.450000000000045,2,2029.53,1987.83,0.009498750942336424,0.010076224544599019,False,2015,963.9000000000023
2015-09-29,-7.496000000000082,-6.910000000000082,1,1991.55,1989.43,-0.0037639024880118913,-0.0034696593105872724,False,2015,-374.8000000000041
2015-09-30,0.0,0.0,0,2014.12,2027.93,0.0,0.0,False,2015,0.0
2015-10-01,0.0,0.0,0,2032.18,2032.71,0.0,0.0,False,2015,0.0
2015-10-02,0.0,0.0,0,2007.48,2062.99,0.0,0.0,False,2015,0.0
2015-10-05,0.7439999999999273,1.3299999999999272,1,2078.92,2100.97,0.00035787812902849904,0.0006397552575375325,False,2015,37.199999999996365
2015-10-06,0.0,0.0,0,2098.58,2093.53,0.0,0.0,False,2015,0.0
2015-10-07,0.0,0.0,0,2104.95,2111.06,0.0,0.0,False,2015,0.0
2015-10-08,0.0,0.0,0,2106.01,2130.18,0.0,0.0,False,2015,0.0
2015-10-09,0.0,0.0,0,2132.04,2131.77,0.0,0.0,False,2015,0.0
2015-10-12,0.0,0.0,0,2132.04,2133.63,0.0,0.0,False,2015,0.0
2015-10-13,0.0,0.0,0,2124.07,2119.56,0.0,0.0,False,2015,0.0
2015-10-14,0.0,0.0,0,2119.29,2109.47,0.0,0.0,False,2015,0.0
2015-10-15,0.0,0.0,0,2118.5,2142.4,0.0,0.0,False,2015,0.0
2015-10-16,0.0,0.0,0,2147.71,2150.63,0.0,0.0,False,2015,0.0
2015-10-19,0.0,0.0,0,2143.99,2152.75,0.0,0.0,False,2015,0.0
2015-10-20,0.0,0.0,0,2147.71,2150.36,0.0,0.0,False,2015,0.0
2015-10-21,0.0,0.0,0,2156.21,2136.82,0.0,0.0,False,2015,0.0
2015-10-22,6.527999999999818,7.699999999999818,2,2149.3,2173.2,0.003037267947703819,0.003582561764295267,False,2015,326.39999999999094
2015-10-23,0.0,0.0,0,2194.98,2197.9,0.0,0.0,False,2015,0.0
2015-10-26,0.0,0.0,0,2195.51,2192.06,0.0,0.0,False,2015,0.0
2015-10-27,0.0,0.0,0,2183.56,2187.81,0.0,0.0,False,2015,0.0
2015-10-28,-18.431999999999764,-17.259999999999764,2,2192.06,2213.31,-0.008408528963623152,-0.007873872065545543,False,2015,-921.5999999999882
2015-10-29,0.0,0.0,0,2206.4,2211.98,0.0,0.0,False,2015,0.0
2015-10-30,0.0,0.0,0,2214.1,2201.35,0.0,0.0,False,2015,0.0
2015-11-02,7.644000000000018,8.230000000000018,1,2206.4,2227.91,0.00346446700507615,0.003730058013052945,False,2015,382.2000000000009
2015-11-03,0.0,0.0,0,2223.93,2234.02,0.0,0.0,False,2015,0.0
2015-11-04,0.0,0.0,0,2238.27,2227.38,0.0,0.0,False,2015,0.0
2015-11-05,0.0,0.0,0,2227.91,2224.73,0.0,0.0,False,2015,0.0
2015-11-06,0.0,0.0,0,2220.74,2223.66,0.0,0.0,False,2015,0.0
2015-11-09,-7.282000000000127,-6.110000000000127,2,2215.96,2202.42,-0.0032861604000072775,-0.0027572699868229243,False,2015,-364.10000000000633
2015-11-10,0.0,0.0,0,2196.57,2207.2,0.0,0.0,False,2015,0.0
2015-11-11,0.0,0.0,0,2211.45,2198.96,0.0,0.0,False,2015,0.0
2015-11-12,0.0,0.0,0,2185.95,2168.69,0.0,0.0,False,2015,0.0
2015-11-13,-3.821999999999636,-2.649999999999636,2,2163.11,2143.72,-0.0017669004350216288,-0.0012250879520688434,False,2015,-191.0999999999818
2015-11-16,18.803999999999874,19.389999999999873,1,2141.6,2176.66,0.008780351139335018,0.009053978333955862,False,2015,940.1999999999937
2015-11-17,0.0,0.0,0,2180.64,2174.27,0.0,0.0,False,2015,0.0
2015-11-18,0.0,0.0,0,2181.44,2210.12,0.0,0.0,False,2015,0.0
2015-11-19,0.0,0.0,0,2208.53,2207.99,0.0,0.0,False,2015,0.0
2015-11-20,0.0,0.0,0,2217.82,2216.49,0.0,0.0,False,2015,0.0
2015-11-23,0.0,0.0,0,2217.02,2213.57,0.0,0.0,False,2015,0.0
2015-11-24,0.0,0.0,0,2200.56,2217.02,0.0,0.0,False,2015,0.0
2015-11-25,0.0,0.0,0,2218.09,2216.49,0.0,0.0,False,2015,0.0
2015-11-26,0.0,0.0,0,2225.52,2225.79,0.0,0.0,True,2015,0.0
2015-11-27,0.0,0.0,0,2217.55,2220.74,0.0,0.0,True,2015,0.0
2015-11-30,0.0,0.0,0,2220.48,2209.59,0.0,0.0,False,2015,0.0
2015-12-01,-8.016000000000291,-7.430000000000291,1,2217.82,2231.63,-0.0036143600472537405,-0.0033501366206456296,False,2015,-400.80000000001456
2015-12-02,0.0,0.0,0,2230.3,2207.46,0.0,0.0,False,2015,0.0
2015-12-03,3.078000000000455,4.250000000000455,2,2211.18,2176.39,0.0013920169321359887,0.0019220506697783333,False,2015,153.90000000002274
2015-12-04,24.104000000000056,24.690000000000055,1,2181.7,2219.41,0.011048265114360387,0.011316862996745683,False,2015,1205.2000000000028
2015-12-07,-3.2919999999998906,-2.119999999999891,2,2214.9,2204.81,-0.0014862973497674343,-0.0009571538218429232,False,2015,-164.59999999999454
2015-12-08,0.0,0.0,0,2185.69,2190.73,0.0,0.0,False,2015,0.0
2015-12-09,-9.605999999999982,-9.019999999999982,1,2182.5,2173.73,-0.004401374570446728,-0.004132875143184413,False,2015,-480.2999999999991
2015-12-10,0.0,0.0,0,2174.53,2178.78,0.0,0.0,False,2015,0.0
2015-12-11,0.0,0.0,0,2152.22,2136.02,0.0,0.0,False,2015,0.0
2015-12-14,0.0,0.0,0,2138.4,2148.53,0.0,0.0,False,2015,0.0
2015-12-15,0.0,0.0,0,2166.67,2170.93,0.0,0.0,False,2015,0.0
2015-12-16,0.0,0.0,0,2185.07,2202.4,0.0,0.0,False,2015,0.0
2015-12-17,4.743999999999927,5.329999999999927,1,2206.67,2167.73,0.002149845695097104,0.002415404206338024,False,2015,237.19999999999635
2015-12-18,0.0,0.0,0,2156.8,2127.19,0.0,0.0,False,2015,0.0
2015-12-21,0.0,0.0,0,2144.53,2146.66,0.0,0.0,False,2015,0.0
2015-12-22,0.0,0.0,0,2157.86,2166.67,0.0,0.0,False,2015,0.0
2015-12-23,0.0,0.0,0,2179.47,2194.4,0.0,0.0,False,2015,0.0
2015-12-24,0.0,0.0,0,2190.94,2187.73,0.0,0.0,True,2015,0.0
2015-12-28,0.0,0.0,0,2181.6,2184.53,0.0,0.0,False,2015,0.0
2015-12-29,0.0,0.0,0,2198.94,2209.07,0.0,0.0,False,2015,0.0
2015-12-30,0.0,0.0,0,2205.34,2192.8,0.0,0.0,False,2015,0.0
2015-12-31,0.0,0.0,0,2183.73,2170.4,0.0,0.0,False,2015,0.0
2016-01-04,-0.31600000000001816,0.2699999999999818,1,2133.59,2138.66,-0.00014810718085481192,0.00012654727478099437,False,2016,-15.800000000000908
2016-01-05,0.0,0.0,0,2143.2,2143.73,0.0,0.0,False,2016,0.0
2016-01-06,0.0,0.0,0,2110.13,2115.46,0.0,0.0,False,2016,0.0
2016-01-07,0.0,0.0,0,2078.65,2063.99,0.0,0.0,False,2016,0.0
2016-01-08,0.0,0.0,0,2076.79,2041.58,0.0,0.0,False,2016,0.0
2016-01-11,0.0,0.0,0,2053.32,2043.18,0.0,0.0,False,2016,0.0
2016-01-12,0.0,0.0,0,2061.85,2059.72,0.0,0.0,False,2016,0.0
2016-01-13,30.354000000000056,30.940000000000055,1,2068.52,2008.51,0.014674259857289297,0.014957554193336326,False,2016,1517.7000000000028
2016-01-14,-25.385999999999953,-24.799999999999955,1,2016.25,2041.05,-0.0125907005579665,-0.0123000619962802,False,2016,-1269.2999999999977
2016-01-15,0.0,0.0,0,1986.11,1996.78,0.0,0.0,False,2016,0.0
2016-01-18,0.0,0.0,0,1994.38,1998.11,0.0,0.0,True,2016,0.0
2016-01-19,0.0,0.0,0,2020.78,1999.98,0.0,0.0,False,2016,0.0
2016-01-20,-36.85599999999998,-36.26999999999998,1,1967.97,1975.44,-0.01872792776312646,-0.018430158996326156,False,2016,-1842.799999999999
2016-01-21,0.0,0.0,0,1980.24,1985.31,0.0,0.0,False,2016,0.0
2016-01-22,0.0,0.0,0,2018.65,2026.12,0.0,0.0,False,2016,0.0
2016-01-25,0.0,0.0,0,2020.25,1995.98,0.0,0.0,False,2016,0.0
2016-01-26,0.0,0.0,0,2004.25,2022.65,0.0,0.0,False,2016,0.0
2016-01-27,0.0,0.0,0,2016.51,2000.51,0.0,0.0,False,2016,0.0
2016-01-28,0.0,0.0,0,2020.25,2011.71,0.0,0.0,False,2016,0.0
2016-01-29,0.0,0.0,0,2021.05,2060.25,0.0,0.0,False,2016,0.0
2016-02-01,0.0,0.0,0,2047.45,2059.72,0.0,0.0,False,2016,0.0
2016-02-02,0.0,0.0,0,2041.32,2021.85,0.0,0.0,False,2016,0.0
2016-02-03,-12.586,-12.0,1,2035.98,2033.58,-0.006181789605005943,-0.005893967524238941,False,2016,-629.3000000000001
2016-02-04,0.0,0.0,0,2028.52,2037.32,0.0,0.0,False,2016,0.0
2016-02-05,2.837999999999764,4.0099999999997635,2,2031.18,1998.38,0.00139721738102963,0.0019742218808770093,False,2016,141.89999999998818
2016-02-08,-1.925999999999918,-1.3399999999999181,1,1975.18,1970.91,-0.0009751010034528083,-0.0006784191820491895,False,2016,-96.2999999999959
2016-02-09,0.0,0.0,0,1949.31,1971.44,0.0,0.0,False,2016,0.0
2016-02-10,0.0,0.0,0,1982.38,1970.37,0.0,0.0,False,2016,0.0
2016-02-11,0.0,0.0,0,1938.64,1946.11,0.0,0.0,False,2016,0.0
2016-02-12,0.0,0.0,0,1966.64,1985.04,0.0,0.0,False,2016,0.0
2016-02-15,0.0,0.0,0,2006.11,2011.18,0.0,0.0,True,2016,0.0
2016-02-16,0.0,0.0,0,2007.98,2018.11,0.0,0.0,False,2016,0.0
2016-02-17,0.0,0.0,0,2033.32,2051.45,0.0,0.0,False,2016,0.0
2016-02-18,0.0,0.0,0,2054.65,2042.38,0.0,0.0,False,2016,0.0
2016-02-19,0.0,0.0,0,2033.32,2042.38,0.0,0.0,False,2016,0.0
2016-02-22,0.0,0.0,0,2061.85,2071.45,0.0,0.0,False,2016,0.0
2016-02-23,0.0,0.0,0,2063.45,2045.85,0.0,0.0,False,2016,0.0
2016-02-24,0.0,0.0,0,2027.18,2054.65,0.0,0.0,False,2016,0.0
2016-02-25,0.0,0.0,0,2060.52,2079.72,0.0,0.0,False,2016,0.0
2016-02-26,0.0,0.0,0,2090.66,2075.19,0.0,0.0,False,2016,0.0
2016-02-29,0.0,0.0,0,2074.65,2057.05,0.0,0.0,False,2016,0.0
2016-03-01,17.283999999999892,17.86999999999989,1,2073.59,2107.46,0.008335302542932736,0.008617904214429994,False,2016,864.1999999999946
2016-03-02,0.0,0.0,0,2102.66,2116.26,0.0,0.0,False,2016,0.0
2016-03-03,0.0,0.0,0,2114.66,2124.53,0.0,0.0,False,2016,0.0
2016-03-04,0.0,0.0,0,2127.46,2130.93,0.0,0.0,False,2016,0.0
2016-03-07,0.0,0.0,0,2119.99,2133.33,0.0,0.0,False,2016,0.0
2016-03-08,0.0,0.0,0,2119.46,2109.33,0.0,0.0,False,2016,0.0
2016-03-09,0.0,0.0,0,2120.26,2120.79,0.0,0.0,False,2016,0.0
2016-03-10,-11.041999999999437,-9.869999999999436,2,2126.39,2121.86,-0.005192838566772529,-0.004641669684300357,False,2016,-552.0999999999718
2016-03-11,0.0,0.0,0,2140.8,2156.53,0.0,0.0,False,2016,0.0
2016-03-14,0.0,0.0,0,2150.39,2153.87,0.0,0.0,False,2016,0.0
2016-03-15,0.0,0.0,0,2141.54,2150.92,0.0,0.0,False,2016,0.0
2016-03-16,0.0,0.0,0,2143.95,2163.52,0.0,0.0,False,2016,0.0
2016-03-17,-3.266000000000291,-2.680000000000291,1,2161.64,2177.18,-0.001510889879906132,-0.001239799411558026,False,2016,-163.30000000001453
2016-03-18,0.0,0.0,0,2183.08,2185.76,0.0,0.0,False,2016,0.0
2016-03-21,0.0,0.0,0,2182.0,2188.44,0.0,0.0,False,2016,0.0
2016-03-22,0.0,0.0,0,2178.25,2187.9,0.0,0.0,False,2016,0.0
2016-03-23,0.0,0.0,0,2182.81,2173.43,0.0,0.0,False,2016,0.0
2016-03-24,0.0,0.0,0,2159.5,2172.36,0.0,0.0,False,2016,0.0
2016-03-28,0.0,0.0,0,2177.18,2173.43,0.0,0.0,False,2016,0.0
2016-03-29,1.8239999999998546,2.4099999999998545,1,2168.34,2194.33,0.0008411964913250941,0.0011114493114547784,False,2016,91.19999999999273
2016-03-30,0.0,0.0,0,2206.12,2203.98,0.0,0.0,False,2016,0.0
2016-03-31,0.0,0.0,0,2202.1,2198.35,0.0,0.0,False,2016,0.0
2016-04-01,0.0,0.0,0,2185.49,2212.82,0.0,0.0,False,2016,0.0
2016-04-04,0.0,0.0,0,2212.55,2205.85,0.0,0.0,False,2016,0.0
2016-04-05,0.0,0.0,0,2188.7,2183.88,0.0,0.0,False,2016,0.0
2016-04-06,-1.1260000000004182,-0.5400000000004183,1,2184.68,2207.73,-0.0005154072907704645,-0.0002471757877585817,False,2016,-56.30000000002091
2016-04-07,-5.181999999999763,-4.0099999999997635,2,2194.06,2180.93,-0.0023618314904787305,-0.001827661960019217,False,2016,-259.09999999998814
2016-04-08,0.0,0.0,0,2196.21,2187.36,0.0,0.0,False,2016,0.0
2016-04-11,-8.8960000000004,-8.3100000000004,1,2195.4,2181.47,-0.004052108955088093,-0.003785187209620297,False,2016,-444.80000000002
2016-04-12,-2.827999999999254,-1.0699999999992542,3,2184.15,2202.91,-0.0012947828674767091,-0.0004898930934227293,False,2016,-141.39999999996272
2016-04-13,0.0,0.0,0,2214.16,2225.15,0.0,0.0,False,2016,0.0
2016-04-14,0.0,0.0,0,2225.68,2225.15,0.0,0.0,False,2016,0.0
2016-04-15,0.0,0.0,0,2225.15,2222.47,0.0,0.0,False,2016,0.0
2016-04-18,0.7540000000001456,1.3400000000001455,1,2215.23,2238.54,0.0003403709772800773,0.0006049033283226326,False,2016,37.70000000000728
2016-04-19,0.0,0.0,0,2243.37,2245.24,0.0,0.0,False,2016,0.0
2016-04-20,0.0,0.0,0,2246.05,2247.12,0.0,0.0,False,2016,0.0
2016-04-21,-2.196000000000127,-1.6100000000001273,1,2247.66,2235.33,-0.000977016096740667,-0.0007163005080840195,False,2016,-109.80000000000636
2016-04-22,0.0,0.0,0,2231.04,2235.87,0.0,0.0,False,2016,0.0
2016-04-25,0.0,0.0,0,2227.83,2231.58,0.0,0.0,False,2016,0.0
2016-04-26,0.0,0.0,0,2236.4,2235.6,0.0,0.0,False,2016,0.0
2016-04-27,0.0,0.0,0,2230.24,2239.62,0.0,0.0,False,2016,0.0
2016-04-28,0.0,0.0,0,2229.7,2219.25,0.0,0.0,False,2016,0.0
2016-04-29,-9.518000000000217,-7.760000000000217,3,2210.94,2206.66,-0.00430495626294708,-0.0035098193528545403,False,2016,-475.9000000000109
2016-05-02,0.0,0.0,0,2213.36,2224.34,0.0,0.0,False,2016,0.0
2016-05-03,-3.266000000000291,-2.680000000000291,1,2208.53,2204.78,-0.0014788116982790774,-0.0012134768375346003,False,2016,-163.30000000001453
2016-05-04,0.0,0.0,0,2191.92,2191.92,0.0,0.0,False,2016,0.0
2016-05-05,0.0,0.0,0,2198.08,2191.65,0.0,0.0,False,2016,0.0
2016-05-06,0.0,0.0,0,2181.74,2199.42,0.0,0.0,False,2016,0.0
2016-05-09,0.0,0.0,0,2197.81,2201.3,0.0,0.0,False,2016,0.0
2016-05-10,-0.37199999999981803,0.8000000000001819,2,2210.41,2228.9,-0.00016829456978561356,0.0003619238059908261,False,2016,-18.599999999990903
2016-05-11,0.0,0.0,0,2223.27,2208.53,0.0,0.0,False,2016,0.0
2016-05-12,-2.7259999999998725,-2.1399999999998727,1,2216.3,2208.53,-0.0012299778910796698,-0.0009655732527184373,False,2016,-136.29999999999362
2016-05-13,-0.046000000000036345,0.5399999999999636,1,2204.78,2188.97,-2.086375964950532e-05,0.00024492239588528724,False,2016,-2.300000000001817
2016-05-16,11.464000000000182,12.050000000000182,1,2191.12,2210.94,0.005232027456278151,0.005499470590383084,False,2016,573.200000000009
2016-05-17,-3.0060000000000726,-2.4200000000000728,1,2207.46,2190.31,-0.001361746079204186,-0.0010962826053473552,False,2016,-150.30000000000362
2016-05-18,0.0,0.0,0,2185.76,2190.85,0.0,0.0,False,2016,0.0
2016-05-19,-5.1919999999999815,-4.019999999999982,2,2181.2,2182.81,-0.002380341096644041,-0.0018430221896203842,False,2016,-259.59999999999906
2016-05-20,0.0,0.0,0,2190.31,2196.21,0.0,0.0,False,2016,0.0
2016-05-23,0.0,0.0,0,2196.74,2192.99,0.0,0.0,False,2016,0.0
2016-05-24,-0.11200000000050925,1.0599999999994907,2,2204.25,2221.93,-5.081093342429817e-05,0.00048088919133469014,False,2016,-5.600000000025462
2016-05-25,0.0,0.0,0,2231.04,2236.67,0.0,0.0,False,2016,0.0
2016-05-26,0.0,0.0,0,2239.35,2237.74,0.0,0.0,False,2016,0.0
2016-05-27,0.0,0.0,0,2239.88,2247.39,0.0,0.0,False,2016,0.0
2016-05-30,0.0,0.0,0,2252.75,2253.01,0.0,0.0,True,2016,0.0
2016-05-31,0.0,0.0,0,2250.87,2243.37,0.0,0.0,False,2016,0.0
2016-06-01,0.0,0.0,0,2235.6,2247.66,0.0,0.0,False,2016,0.0
2016-06-02,0.0,0.0,0,2242.56,2254.35,0.0,0.0,False,2016,0.0
2016-06-03,-6.745999999999855,-6.1599999999998545,1,2247.66,2248.19,-0.003001343619586528,-0.0027406280309298803,False,2016,-337.29999999999274
2016-06-06,0.0,0.0,0,2252.21,2259.45,0.0,0.0,False,2016,0.0
2016-06-07,0.0,0.0,0,2261.32,2262.93,0.0,0.0,False,2016,0.0
2016-06-08,0.0,0.0,0,2264.54,2270.16,0.0,0.0,False,2016,0.0
2016-06-09,0.0,0.0,0,2261.05,2266.41,0.0,0.0,False,2016,0.0
2016-06-10,0.0,0.0,0,2249.8,2245.78,0.0,0.0,False,2016,0.0
2016-06-13,0.0,0.0,0,2238.28,2228.09,0.0,0.0,False,2016,0.0
2016-06-14,-9.745999999999855,-9.159999999999854,1,2223.52,2224.86,-0.004383140246096214,-0.004119594157012239,False,2016,-487.29999999999274
2016-06-15,0.0,0.0,0,2229.98,2221.09,0.0,0.0,False,2016,0.0
2016-06-16,-10.536000000000273,-9.950000000000273,1,2210.33,2228.63,-0.004766709043446125,-0.004501590260278,False,2016,-526.8000000000137
2016-06-17,-2.7919999999998906,-1.6199999999998906,2,2226.48,2220.02,-0.0012539973410944137,-0.0007276059070819817,False,2016,-139.59999999999454
2016-06-20,0.0,0.0,0,2244.24,2234.01,0.0,0.0,False,2016,0.0
2016-06-21,0.0,0.0,0,2238.59,2239.67,0.0,0.0,False,2016,0.0
2016-06-22,0.0,0.0,0,2242.09,2235.63,0.0,0.0,False,2016,0.0
2016-06-23,0.0,0.0,0,2255.01,2266.04,0.0,0.0,False,2016,0.0
2016-06-24,0.0,0.0,0,2187.18,2182.87,0.0,0.0,False,2016,0.0
2016-06-27,7.392000000000091,9.150000000000091,3,2164.84,2143.58,0.0034145710537499723,0.0042266403059810845,False,2016,369.60000000000457
2016-06-28,-2.735999999999636,-2.149999999999636,1,2163.76,2182.07,-0.0012644655599510278,-0.0009936406995228841,False,2016,-136.7999999999818
2016-06-29,5.3340000000000725,5.920000000000073,1,2200.37,2220.02,0.0024241377586497145,0.0026904566050255517,False,2016,266.7000000000036
2016-06-30,8.563999999999636,9.149999999999636,1,2226.21,2251.24,0.0038468967437930994,0.004110124381796702,False,2016,428.1999999999818
2016-07-01,0.0,0.0,0,2249.36,2254.47,0.0,0.0,False,2016,0.0
2016-07-04,0.0,0.0,0,2259.85,2260.93,0.0,0.0,True,2016,0.0
2016-07-05,0.0,0.0,0,2245.05,2239.13,0.0,0.0,False,2016,0.0
2016-07-06,0.0,0.0,0,2232.67,2253.39,0.0,0.0,False,2016,0.0
2016-07-07,0.0,0.0,0,2254.74,2250.97,0.0,0.0,False,2016,0.0
2016-07-08,0.0,0.0,0,2267.66,2284.88,0.0,0.0,False,2016,0.0
2016-07-11,0.0,0.0,0,2290.54,2293.23,0.0,0.0,False,2016,0.0
2016-07-12,0.0,0.0,0,2305.34,2309.92,0.0,0.0,False,2016,0.0
2016-07-13,0.0,0.0,0,2315.57,2309.65,0.0,0.0,False,2016,0.0
2016-07-14,0.0,0.0,0,2325.8,2322.3,0.0,0.0,False,2016,0.0
2016-07-15,0.0,0.0,0,2329.56,2319.34,0.0,0.0,False,2016,0.0
2016-07-18,0.0,0.0,0,2320.95,2325.8,0.0,0.0,False,2016,0.0
2016-07-19,0.0,0.0,0,2320.41,2323.1,0.0,0.0,False,2016,0.0
2016-07-20,0.0,0.0,0,2329.3,2332.79,0.0,0.0,False,2016,0.0
2016-07-21,0.0,0.0,0,2331.72,2323.91,0.0,0.0,False,2016,0.0
2016-07-22,0.0,0.0,0,2325.8,2334.41,0.0,0.0,False,2016,0.0
2016-07-25,0.494000000000382,1.080000000000382,1,2331.99,2328.76,0.00021183624286569928,0.00046312376982765027,False,2016,24.700000000019102
2016-07-26,0.0,0.0,0,2327.41,2329.56,0.0,0.0,False,2016,0.0
2016-07-27,0.0,0.0,0,2334.41,2327.14,0.0,0.0,False,2016,0.0
2016-07-28,0.0,0.0,0,2324.72,2329.83,0.0,0.0,False,2016,0.0
2016-07-29,0.0,0.0,0,2326.6,2333.33,0.0,0.0,False,2016,0.0
2016-08-01,0.0,0.0,0,2334.14,2330.64,0.0,0.0,False,2016,0.0
2016-08-02,0.483999999999709,1.069999999999709,1,2327.95,2316.38,0.00020790824545188216,0.00045963186494542795,False,2016,24.19999999998545
2016-08-03,0.0,0.0,0,2315.57,2323.1,0.0,0.0,False,2016,0.0
2016-08-04,0.0,0.0,0,2324.18,2325.53,0.0,0.0,False,2016,0.0
2016-08-05,0.22399999999994546,0.8099999999999454,1,2334.14,2344.64,9.596682289834606e-05,0.00034702288637354466,False,2016,11.199999999997273
2016-08-08,0.0,0.0,0,2347.33,2343.02,0.0,0.0,False,2016,0.0
2016-08-09,0.0,0.0,0,2344.1,2344.37,0.0,0.0,False,2016,0.0
2016-08-10,0.0,0.0,0,2345.98,2338.45,0.0,0.0,False,2016,0.0
2016-08-11,0.0,0.0,0,2345.18,2349.48,0.0,0.0,False,2016,0.0
2016-08-12,0.0,0.0,0,2345.71,2347.06,0.0,0.0,False,2016,0.0
2016-08-15,0.0,0.0,0,2352.17,2354.6,0.0,0.0,False,2016,0.0
2016-08-16,0.0,0.0,0,2348.67,2341.95,0.0,0.0,False,2016,0.0
2016-08-17,-0.8560000000004365,-0.27000000000043656,1,2342.48,2346.25,-0.00036542467811910307,-0.00011526245688348953,False,2016,-42.800000000021825
2016-08-18,0.0,0.0,0,2345.71,2351.64,0.0,0.0,False,2016,0.0
2016-08-19,0.0,0.0,0,2345.71,2348.41,0.0,0.0,False,2016,0.0
2016-08-22,0.0,0.0,0,2344.91,2347.6,0.0,0.0,False,2016,0.0
2016-08-23,0.0,0.0,0,2355.4,2352.44,0.0,0.0,False,2016,0.0
2016-08-24,-3.331999999999854,-2.1599999999998545,2,2351.1,2340.87,-0.0014172089660158455,-0.0009187188975372611,False,2016,-166.59999999999272
2016-08-25,0.0,0.0,0,2335.49,2338.18,0.0,0.0,False,2016,0.0
2016-08-26,-20.858000000000363,-19.100000000000364,3,2341.41,2334.14,-0.008908307387429098,-0.008157477759128203,False,2016,-1042.900000000018
2016-08-29,-1.4419999999999817,-0.2699999999999818,2,2336.02,2346.25,-0.0006172892355373592,-0.00011558120221572667,False,2016,-72.09999999999908
2016-08-30,0.0,0.0,0,2344.91,2341.68,0.0,0.0,False,2016,0.0
2016-08-31,-3.5460000000000362,-2.9600000000000364,1,2338.18,2334.95,-0.0015165641652909684,-0.0012659418864244996,False,2016,-177.3000000000018
2016-09-01,-7.902000000000018,-6.730000000000018,2,2334.41,2334.95,-0.0033850094884788954,-0.0028829554362772686,False,2016,-395.1000000000009
2016-09-02,0.0,0.0,0,2345.71,2345.44,0.0,0.0,False,2016,0.0
2016-09-05,0.0,0.0,0,2345.71,2345.71,0.0,0.0,True,2016,0.0
2016-09-06,0.0,0.0,0,2348.94,2352.98,0.0,0.0,False,2016,0.0
2016-09-07,0.0,0.0,0,2350.29,2352.71,0.0,0.0,False,2016,0.0
2016-09-08,0.0,0.0,0,2347.6,2346.79,0.0,0.0,False,2016,0.0
2016-09-09,31.66799999999969,32.83999999999969,2,2329.83,2289.73,0.01359240802977028,0.014095449024177597,False,2016,1583.3999999999844
2016-09-12,22.834000000000074,23.420000000000073,1,2280.31,2322.84,0.010013550789147122,0.010270533392389663,False,2016,1141.7000000000037
2016-09-13,5.5580000000000185,6.730000000000018,2,2306.69,2288.92,0.0024095131985659183,0.00291760054450317,False,2016,277.90000000000094
2016-09-14,0.0,0.0,0,2290.51,2288.35,0.0,0.0,False,2016,0.0
2016-09-15,-0.046000000000036345,0.5399999999999636,1,2286.19,2311.58,-2.012081235594432e-05,0.0002362008407000134,False,2016,-2.300000000001817
2016-09-16,0.0,0.0,0,2302.13,2301.32,0.0,0.0,False,2016,0.0
2016-09-19,0.0,0.0,0,2310.5,2302.13,0.0,0.0,False,2016,0.0
2016-09-20,0.0,0.0,0,2313.47,2302.67,0.0,0.0,False,2016,0.0
2016-09-21,0.0,0.0,0,2311.31,2328.05,0.0,0.0,False,2016,0.0
2016-09-22,0.0,0.0,0,2341.28,2342.63,0.0,0.0,False,2016,0.0
2016-09-23,0.0,0.0,0,2337.77,2330.21,0.0,0.0,False,2016,0.0
2016-09-26,0.0,0.0,0,2320.22,2310.5,0.0,0.0,False,2016,0.0
2016-09-27,0.0,0.0,0,2308.61,2325.08,0.0,0.0,False,2016,0.0
2016-09-28,0.0,0.0,0,2328.32,2337.23,0.0,0.0,False,2016,0.0
2016-09-29,0.0,0.0,0,2334.53,2315.63,0.0,0.0,False,2016,0.0
2016-09-30,0.0,0.0,0,2325.89,2333.72,0.0,0.0,False,2016,0.0
2016-10-03,0.0,0.0,0,2327.51,2326.16,0.0,0.0,False,2016,0.0
2016-10-04,-7.605999999999982,-7.019999999999982,1,2328.59,2315.36,-0.0032663543174195463,-0.0030146998827616633,False,2016,-380.2999999999991
2016-10-05,0.0,0.0,0,2322.92,2325.62,0.0,0.0,False,2016,0.0
2016-10-06,0.0,0.0,0,2322.38,2327.24,0.0,0.0,False,2016,0.0
2016-10-07,-6.078000000000164,-4.320000000000164,3,2330.21,2318.87,-0.002608348603773979,-0.0018539101626034408,False,2016,-303.90000000000816
2016-10-10,0.0,0.0,0,2331.02,2330.48,0.0,0.0,False,2016,0.0
2016-10-11,15.073999999999854,15.659999999999854,1,2325.35,2301.59,0.006482465005267962,0.006734470079772875,False,2016,753.6999999999927
2016-10-12,0.0,0.0,0,2302.94,2304.56,0.0,0.0,False,2016,0.0
2016-10-13,-1.3959999999999453,-0.8099999999999453,1,2287.54,2296.73,-0.0006102625527859383,-0.0003540921688800831,False,2016,-69.79999999999727
2016-10-14,0.0,0.0,0,2308.88,2297.54,0.0,0.0,False,2016,0.0
2016-10-17,0.0,0.0,0,2297.54,2290.24,0.0,0.0,False,2016,0.0
2016-10-18,0.0,0.0,0,2310.5,2304.02,0.0,0.0,False,2016,0.0
2016-10-19,0.0,0.0,0,2308.07,2310.23,0.0,0.0,False,2016,0.0
2016-10-20,0.0,0.0,0,2305.91,2306.18,0.0,0.0,False,2016,0.0
2016-10-21,0.0,0.0,0,2295.65,2306.72,0.0,0.0,False,2016,0.0
2016-10-24,0.0,0.0,0,2317.79,2316.44,0.0,0.0,False,2016,0.0
2016-10-25,0.0,0.0,0,2314.28,2309.15,0.0,0.0,False,2016,0.0
2016-10-26,0.0,0.0,0,2298.08,2304.29,0.0,0.0,False,2016,0.0
2016-10-27,0.0,0.0,0,2313.47,2298.35,0.0,0.0,False,2016,0.0
2016-10-28,-7.605999999999982,-7.019999999999982,1,2297.81,2291.32,-0.0033101083205312807,-0.003055082883267103,False,2016,-380.2999999999991
2016-10-31,0.0,0.0,0,2295.65,2290.78,0.0,0.0,False,2016,0.0
2016-11-01,6.4339999999999815,7.019999999999982,1,2295.38,2274.04,0.0028030217218935347,0.003058317141388346,False,2016,321.6999999999991
2016-11-02,0.0,0.0,0,2270.26,2259.73,0.0,0.0,False,2016,0.0
2016-11-03,0.0,0.0,0,2262.97,2250.55,0.0,0.0,False,2016,0.0
2016-11-04,0.0,0.0,0,2251.36,2247.04,0.0,0.0,False,2016,0.0
2016-11-07,0.7640000000003638,1.3500000000003638,1,2278.63,2297.0,0.0003352891869238814,0.0005924612596166836,False,2016,38.20000000001819
2016-11-08,1.3039999999998728,1.8899999999998727,1,2292.67,2307.8,0.0005687691643367222,0.0008243663501506421,False,2016,65.19999999999364
2016-11-09,-10.128000000000345,-8.370000000000346,3,2288.62,2332.91,-0.004425374242993745,-0.0036572257517632225,False,2016,-506.40000000001726
2016-11-10,0.0,0.0,0,2342.09,2337.77,0.0,0.0,False,2016,0.0
2016-11-11,0.0,0.0,0,2329.4,2332.91,0.0,0.0,False,2016,0.0
2016-11-14,0.0,0.0,0,2339.12,2333.45,0.0,0.0,False,2016,0.0
2016-11-15,0.0,0.0,0,2339.12,2352.08,0.0,0.0,False,2016,0.0
2016-11-16,0.0,0.0,0,2344.79,2348.3,0.0,0.0,False,2016,0.0
2016-11-17,0.0,0.0,0,2349.65,2359.38,0.0,0.0,False,2016,0.0
2016-11-18,0.0,0.0,0,2360.73,2354.51,0.0,0.0,False,2016,0.0
2016-11-21,0.0,0.0,0,2361.81,2371.53,0.0,0.0,False,2016,0.0
2016-11-22,0.0,0.0,0,2376.39,2376.12,0.0,0.0,False,2016,0.0
2016-11-23,0.0,0.0,0,2370.45,2378.28,0.0,0.0,False,2016,0.0
2016-11-24,0.0,0.0,0,2380.98,2382.87,0.0,0.0,True,2016,0.0
2016-11-25,0.0,0.0,0,2382.6,2388.81,0.0,0.0,True,2016,0.0
2016-11-28,0.0,0.0,0,2383.14,2376.39,0.0,0.0,False,2016,0.0
2016-11-29,0.0,0.0,0,2376.66,2380.44,0.0,0.0,False,2016,0.0
2016-11-30,0.0,0.0,0,2388.54,2374.23,0.0,0.0,False,2016,0.0
2016-12-01,0.0,0.0,0,2378.28,2365.32,0.0,0.0,False,2016,0.0
2016-12-02,0.0,0.0,0,2366.94,2366.67,0.0,0.0,False,2016,0.0
2016-12-05,0.22399999999994546,0.8099999999999454,1,2377.47,2380.17,9.421780295858433e-05,0.0003406983053413694,False,2016,11.199999999997273
2016-12-06,0.0,0.0,0,2383.14,2388.54,0.0,0.0,False,2016,0.0
2016-12-07,18.593999999999838,19.179999999999836,1,2386.65,2419.33,0.0077908365281879775,0.008036368969056977,False,2016,929.6999999999919
2016-12-08,0.0,0.0,0,2419.33,2425.54,0.0,0.0,False,2016,0.0
2016-12-09,0.0,0.0,0,2428.78,2440.66,0.0,0.0,False,2016,0.0
2016-12-12,0.0,0.0,0,2439.58,2437.96,0.0,0.0,False,2016,0.0
2016-12-13,-3.285999999999818,-2.699999999999818,1,2446.6,2453.89,-0.001343088367530376,-0.0011035723044223896,False,2016,-164.2999999999909
2016-12-14,0.0,0.0,0,2451.18,2435.21,0.0,0.0,False,2016,0.0
2016-12-15,-4.375999999999964,-3.789999999999964,1,2437.64,2444.41,-0.0017951789435683547,-0.0015547824945438885,False,2016,-218.7999999999982
2016-12-16,0.0,0.0,0,2449.01,2440.89,0.0,0.0,False,2016,0.0
2016-12-19,0.0,0.0,0,2443.06,2445.77,0.0,0.0,False,2016,0.0
2016-12-20,0.0,0.0,0,2453.07,2454.97,0.0,0.0,False,2016,0.0
2016-12-21,0.0,0.0,0,2453.62,2448.47,0.0,0.0,False,2016,0.0
2016-12-22,0.0,0.0,0,2445.77,2444.14,0.0,0.0,False,2016,0.0
2016-12-23,0.0,0.0,0,2443.6,2446.31,0.0,0.0,False,2016,0.0
2016-12-27,-1.1259999999999635,-0.5399999999999635,1,2449.83,2451.72,-0.00045962372899342545,-0.0002204234579542105,False,2016,-56.29999999999817
2016-12-28,8.027999999999818,9.199999999999818,2,2454.97,2431.42,0.003270101060298015,0.0037474999694496547,False,2016,401.3999999999909
2016-12-29,0.0,0.0,0,2431.96,2431.15,0.0,0.0,False,2016,0.0
2016-12-30,-5.782000000000127,-4.610000000000127,2,2435.21,2422.21,-0.002374333219722376,-0.001893060557405779,False,2016,-289.10000000000633
2017-01-03,0.0,0.0,0,2438.73,2439.27,0.0,0.0,False,2017,0.0
2017-01-04,0.0,0.0,0,2443.33,2452.53,0.0,0.0,False,2017,0.0
2017-01-05,0.0,0.0,0,2449.28,2451.18,0.0,0.0,False,2017,0.0
2017-01-06,0.0,0.0,0,2452.53,2460.11,0.0,0.0,False,2017,0.0
2017-01-09,0.0,0.0,0,2456.86,2452.53,0.0,0.0,False,2017,0.0
2017-01-10,0.0,0.0,0,2452.26,2451.45,0.0,0.0,False,2017,0.0
2017-01-11,0.0,0.0,0,2450.91,2458.49,0.0,0.0,False,2017,0.0
2017-01-12,-4.375999999999964,-3.789999999999964,1,2452.26,2452.8,-0.0017844763605816525,-0.001545513118511073,False,2017,-218.7999999999982
2017-01-13,0.0,0.0,0,2454.7,2457.95,0.0,0.0,False,2017,0.0
2017-01-16,0.0,0.0,0,2455.24,2453.89,0.0,0.0,True,2017,0.0
2017-01-17,0.0,0.0,0,2450.1,2449.83,0.0,0.0,False,2017,0.0
2017-01-18,0.0,0.0,0,2452.53,2454.43,0.0,0.0,False,2017,0.0
2017-01-19,0.0,0.0,0,2455.78,2446.04,0.0,0.0,False,2017,0.0
2017-01-20,0.0,0.0,0,2454.43,2454.16,0.0,0.0,False,2017,0.0
2017-01-23,0.0,0.0,0,2450.1,2449.01,0.0,0.0,False,2017,0.0
2017-01-24,0.0,0.0,0,2451.18,2464.17,0.0,0.0,False,2017,0.0
2017-01-25,0.0,0.0,0,2476.09,2484.75,0.0,0.0,False,2017,0.0
2017-01-26,0.0,0.0,0,2483.13,2482.58,0.0,0.0,False,2017,0.0
2017-01-27,0.0,0.0,0,2483.94,2479.06,0.0,0.0,False,2017,0.0
2017-01-30,-3.8260000000002363,-3.2400000000002365,1,2470.13,2463.9,-0.0015489063328651676,-0.001311671855327548,False,2017,-191.3000000000118
2017-01-31,0.0,0.0,0,2456.86,2463.63,0.0,0.0,False,2017,0.0
2017-02-01,0.0,0.0,0,2470.94,2463.63,0.0,0.0,False,2017,0.0
2017-02-02,0.0,0.0,0,2459.03,2464.99,0.0,0.0,False,2017,0.0
2017-02-03,0.0,0.0,0,2476.63,2482.04,0.0,0.0,False,2017,0.0
2017-02-06,0.0,0.0,0,2476.36,2477.71,0.0,0.0,False,2017,0.0
2017-02-07,0.0,0.0,0,2482.31,2477.44,0.0,0.0,False,2017,0.0
2017-02-08,0.0,0.0,0,2473.65,2480.42,0.0,0.0,False,2017,0.0
2017-02-09,-1.758,0.0,3,2483.94,2495.04,-0.0007077465639266649,0.0,False,2017,-87.9
2017-02-10,0.0,0.0,0,2499.37,2504.51,0.0,0.0,False,2017,0.0
2017-02-13,0.0,0.0,0,2511.28,2518.32,0.0,0.0,False,2017,0.0
2017-02-14,0.0,0.0,0,2516.43,2529.15,0.0,0.0,False,2017,0.0
2017-02-15,-0.31600000000001816,0.2699999999999818,1,2526.17,2541.33,-0.000125090552100618,0.00010688116793405899,False,2017,-15.800000000000908
2017-02-16,0.0,0.0,0,2542.69,2540.25,0.0,0.0,False,2017,0.0
2017-02-17,0.0,0.0,0,2531.59,2542.96,0.0,0.0,False,2017,0.0
2017-02-20,0.0,0.0,0,2548.64,2547.83,0.0,0.0,True,2017,0.0
2017-02-21,-1.665999999999927,-1.0799999999999272,1,2548.1,2558.39,-0.0006538204937011605,-0.00042384521800554423,False,2017,-83.29999999999636
2017-02-22,0.0,0.0,0,2553.52,2556.22,0.0,0.0,False,2017,0.0
2017-02-23,0.0,0.0,0,2562.72,2557.85,0.0,0.0,False,2017,0.0
2017-02-24,0.0,0.0,0,2547.29,2561.37,0.0,0.0,False,2017,0.0
2017-02-27,0.0,0.0,0,2559.74,2565.16,0.0,0.0,False,2017,0.0
2017-02-28,0.0,0.0,0,2560.55,2558.39,0.0,0.0,False,2017,0.0
2017-03-01,2.1139999999998182,2.699999999999818,1,2578.96,2593.31,0.0008197102708067664,0.0010469336476718592,False,2017,105.69999999999091
2017-03-02,0.0,0.0,0,2591.15,2577.61,0.0,0.0,False,2017,0.0
2017-03-03,0.0,0.0,0,2575.99,2579.23,0.0,0.0,False,2017,0.0
2017-03-06,0.0,0.0,0,2568.68,2571.65,0.0,0.0,False,2017,0.0
2017-03-07,0.0,0.0,0,2567.05,2563.53,0.0,0.0,False,2017,0.0
2017-03-08,0.0,0.0,0,2566.51,2558.39,0.0,0.0,False,2017,0.0
2017-03-09,0.0,0.0,0,2559.74,2560.82,0.0,0.0,False,2017,0.0
2017-03-10,0.0,0.0,0,2573.55,2569.76,0.0,0.0,False,2017,0.0
2017-03-13,0.0,0.0,0,2569.49,2570.84,0.0,0.0,False,2017,0.0
2017-03-14,2.1240000000000365,2.7100000000000364,1,2564.88,2561.9,0.0008281089173762657,0.0010565796450516345,False,2017,106.20000000000182
2017-03-15,-0.046000000000036345,0.5399999999999636,1,2568.67,2583.04,-1.7908100300948094e-05,0.00021022552527181912,False,2017,-2.300000000001817
2017-03-16,0.0,0.0,0,2584.94,2578.43,0.0,0.0,False,2017,0.0
2017-03-17,0.0,0.0,0,2581.42,2573.28,0.0,0.0,False,2017,0.0
2017-03-20,0.0,0.0,0,2573.01,2570.03,0.0,0.0,False,2017,0.0
2017-03-21,24.354000000000056,24.940000000000055,1,2577.89,2537.5,0.00944726113216625,0.009674578822215089,False,2017,1217.7000000000028
2017-03-22,-1.1259999999999635,-0.5399999999999635,1,2537.77,2543.19,-0.00044369663129438974,-0.00021278524058522384,False,2017,-56.29999999999817
2017-03-23,-10.345999999999764,-9.759999999999764,1,2540.21,2540.21,-0.00407289161132338,-0.003842202022667324,False,2017,-517.2999999999882
2017-03-24,0.0,0.0,0,2544.28,2539.4,0.0,0.0,False,2017,0.0
2017-03-27,0.0,0.0,0,2516.89,2535.06,0.0,0.0,False,2017,0.0
2017-03-28,1.2679999999996,2.4399999999996,2,2531.8,2553.22,0.0005008294494034283,0.000963741211785923,False,2017,63.39999999998
2017-03-29,0.0,0.0,0,2550.51,2556.47,0.0,0.0,False,2017,0.0
2017-03-30,0.0,0.0,0,2554.85,2564.07,0.0,0.0,False,2017,0.0
2017-03-31,0.0,0.0,0,2559.73,2557.56,0.0,0.0,False,2017,0.0
2017-04-03,-4.645999999999946,-4.059999999999945,1,2558.37,2553.49,-0.001816000031269889,-0.0015869479395083377,False,2017,-232.29999999999728
2017-04-04,0.0,0.0,0,2549.15,2555.12,0.0,0.0,False,2017,0.0
2017-04-05,2.1240000000000365,2.7100000000000364,1,2562.44,2546.44,0.0008288974571112051,0.0010575857385929177,False,2017,106.20000000000182
2017-04-06,0.0,0.0,0,2548.88,2553.22,0.0,0.0,False,2017,0.0
2017-04-07,0.0,0.0,0,2550.78,2551.05,0.0,0.0,False,2017,0.0
2017-04-10,-0.31600000000001816,0.2699999999999818,1,2552.95,2552.41,-0.00012377837403788487,0.00010576000313362261,False,2017,-15.800000000000908
2017-04-11,-0.046000000000036345,0.5399999999999636,1,2547.26,2548.61,-1.805861985036327e-05,0.00021199249389538703,False,2017,-2.300000000001817
2017-04-12,0.0,0.0,0,2545.09,2538.58,0.0,0.0,False,2017,0.0
2017-04-13,0.0,0.0,0,2533.43,2521.77,0.0,0.0,False,2017,0.0
2017-04-17,0.0,0.0,0,2527.47,2543.46,0.0,0.0,False,2017,0.0
2017-04-18,0.0,0.0,0,2533.97,2535.6,0.0,0.0,False,2017,0.0
2017-04-19,0.0,0.0,0,2542.92,2531.53,0.0,0.0,False,2017,0.0
2017-04-20,0.494000000000382,1.080000000000382,1,2538.58,2551.05,0.00019459697941383845,0.0004254346918357436,False,2017,24.700000000019102
2017-04-21,0.0,0.0,0,2550.78,2543.19,0.0,0.0,False,2017,0.0
2017-04-24,0.0,0.0,0,2571.66,2570.84,0.0,0.0,False,2017,0.0
2017-04-25,0.0,0.0,0,2579.25,2586.3,0.0,0.0,False,2017,0.0
2017-04-26,0.0,0.0,0,2586.02,2584.67,0.0,0.0,False,2017,0.0
2017-04-27,0.0,0.0,0,2587.92,2586.57,0.0,0.0,False,2017,0.0
2017-04-28,0.0,0.0,0,2589.55,2581.14,0.0,0.0,False,2017,0.0
2017-05-01,0.0,0.0,0,2587.38,2586.84,0.0,0.0,False,2017,0.0
2017-05-02,0.0,0.0,0,2589.01,2588.19,0.0,0.0,False,2017,0.0
2017-05-03,0.0,0.0,0,2582.5,2584.67,0.0,0.0,False,2017,0.0
2017-05-04,0.0,0.0,0,2588.19,2587.38,0.0,0.0,False,2017,0.0
2017-05-05,0.0,0.0,0,2591.72,2597.95,0.0,0.0,False,2017,0.0
2017-05-08,0.0,0.0,0,2597.95,2597.14,0.0,0.0,False,2017,0.0
2017-05-09,0.0,0.0,0,2600.12,2594.7,0.0,0.0,False,2017,0.0
2017-05-10,0.0,0.0,0,2593.62,2598.77,0.0,0.0,False,2017,0.0
2017-05-11,-6.5920000000000725,-5.420000000000073,2,2593.07,2593.62,-0.0025421604507398846,-0.00209018653565082,False,2017,-329.6000000000036
2017-05-12,0.0,0.0,0,2590.09,2589.28,0.0,0.0,False,2017,0.0
2017-05-15,-6.638000000000109,-4.880000000000109,3,2594.43,2602.83,-0.0025585581418655,-0.0018809526562675075,False,2017,-331.90000000000543
2017-05-16,0.0,0.0,0,2606.9,2601.21,0.0,0.0,False,2017,0.0
2017-05-17,5.552000000000855,7.310000000000855,3,2579.25,2554.85,0.0021525637297667363,0.002834157216245364,False,2017,277.60000000004277
2017-05-18,-7.9980000000002365,-6.2400000000002365,3,2552.95,2564.34,-0.0031328463150473913,-0.0024442311835328684,False,2017,-399.9000000000118
2017-05-19,1.8080000000000183,2.980000000000018,2,2570.3,2580.87,0.0007034198342605992,0.0011593977356728856,False,2017,90.40000000000092
2017-05-22,0.0,0.0,0,2587.38,2594.16,0.0,0.0,False,2017,0.0
2017-05-23,0.0,0.0,0,2598.77,2599.85,0.0,0.0,False,2017,0.0
2017-05-24,0.0,0.0,0,2602.56,2605.27,0.0,0.0,False,2017,0.0
2017-05-25,0.0,0.0,0,2611.78,2617.47,0.0,0.0,False,2017,0.0
2017-05-26,0.0,0.0,0,2615.57,2617.47,0.0,0.0,False,2017,0.0
2017-05-29,0.0,0.0,0,2620.45,2618.01,0.0,0.0,True,2017,0.0
2017-05-30,0.0,0.0,0,2613.13,2615.3,0.0,0.0,False,2017,0.0
2017-05-31,0.0,0.0,0,2618.29,2613.68,0.0,0.0,False,2017,0.0
2017-06-01,0.0,0.0,0,2619.64,2634.55,0.0,0.0,False,2017,0.0
2017-06-02,0.0,0.0,0,2635.36,2642.96,0.0,0.0,False,2017,0.0
2017-06-05,0.0,0.0,0,2641.33,2641.33,0.0,0.0,False,2017,0.0
2017-06-06,0.0,0.0,0,2633.74,2633.74,0.0,0.0,False,2017,0.0
2017-06-07,0.0,0.0,0,2636.99,2637.53,0.0,0.0,False,2017,0.0
2017-06-08,0.0,0.0,0,2638.62,2638.62,0.0,0.0,False,2017,0.0
2017-06-09,-7.142000000000254,-5.970000000000255,2,2642.41,2635.09,-0.0027028356689538166,-0.002259301168251806,False,2017,-357.1000000000127
2017-06-12,-2.486000000000091,-1.900000000000091,1,2631.3,2633.47,-0.0009447801466955842,-0.0007220765401132866,False,2017,-124.30000000000454
2017-06-13,0.0,0.0,0,2640.79,2646.21,0.0,0.0,False,2017,0.0
2017-06-14,0.0,0.0,0,2649.47,2642.96,0.0,0.0,False,2017,0.0
2017-06-15,0.0,0.0,0,2625.59,2637.8,0.0,0.0,False,2017,0.0
2017-06-16,-4.926000000000146,-4.3400000000001455,1,2638.89,2637.53,-0.0018666939508657603,-0.001644630886471261,False,2017,-246.3000000000073
2017-06-19,-5.018000000000218,-3.2600000000002183,3,2647.84,2658.96,-0.0018951296150825647,-0.0012311922170524722,False,2017,-250.90000000001092
2017-06-20,0.0,0.0,0,2654.62,2642.14,0.0,0.0,False,2017,0.0
2017-06-21,0.0,0.0,0,2645.94,2640.51,0.0,0.0,False,2017,0.0
2017-06-22,0.0,0.0,0,2640.79,2639.16,0.0,0.0,False,2017,0.0
2017-06-23,0.0,0.0,0,2639.97,2642.96,0.0,0.0,False,2017,0.0
2017-06-26,0.0,0.0,0,2650.28,2643.77,0.0,0.0,False,2017,0.0
2017-06-27,5.653999999999781,6.239999999999782,1,2640.51,2623.15,0.002141253015515859,0.002363179840258049,False,2017,282.6999999999891
2017-06-28,-0.3519999999998362,0.8200000000001637,2,2634.82,2645.4,-0.0001335954638266888,0.00031121670550556153,False,2017,-17.599999999991812
2017-06-29,4.788000000000491,5.960000000000491,2,2647.84,2622.61,0.001808266360505352,0.0022508912925254133,False,2017,239.40000000002456
2017-06-30,0.0,0.0,0,2632.1,2626.68,0.0,0.0,False,2017,0.0
2017-07-03,0.0,0.0,0,2638.89,2630.2,0.0,0.0,True,2017,0.0
2017-07-04,0.0,0.0,0,2635.36,2631.83,0.0,0.0,True,2017,0.0
2017-07-05,0.0,0.0,0,2635.36,2636.44,0.0,0.0,False,2017,0.0
2017-07-06,0.7740000000001274,1.3600000000001273,1,2626.95,2613.11,0.0002946382687147176,0.0005177106530387435,False,2017,38.70000000000637
2017-07-07,0.0,0.0,0,2619.35,2629.12,0.0,0.0,False,2017,0.0
2017-07-10,0.0,0.0,0,2627.22,2632.1,0.0,0.0,False,2017,0.0
2017-07-11,0.0,0.0,0,2629.66,2629.66,0.0,0.0,False,2017,0.0
2017-07-12,-3.0260000000000544,-2.4400000000000546,1,2642.41,2649.2,-0.001145166722802311,-0.0009233994724513057,False,2017,-151.3000000000027
2017-07-13,0.0,0.0,0,2649.74,2653.54,0.0,0.0,False,2017,0.0
2017-07-14,0.0,0.0,0,2654.08,2665.47,0.0,0.0,False,2017,0.0
2017-07-17,0.0,0.0,0,2664.93,2665.74,0.0,0.0,False,2017,0.0
2017-07-18,0.0,0.0,0,2660.86,2667.37,0.0,0.0,False,2017,0.0
2017-07-19,0.0,0.0,0,2671.17,2681.21,0.0,0.0,False,2017,0.0
2017-07-20,0.0,0.0,0,2684.74,2682.02,0.0,0.0,False,2017,0.0
2017-07-21,0.0,0.0,0,2675.78,2680.12,0.0,0.0,False,2017,0.0
2017-07-24,0.0,0.0,0,2679.31,2679.31,0.0,0.0,False,2017,0.0
2017-07-25,0.0,0.0,0,2689.08,2685.28,0.0,0.0,False,2017,0.0
2017-07-26,0.0,0.0,0,2689.35,2685.55,0.0,0.0,False,2017,0.0
2017-07-27,-4.3859999999997275,-3.7999999999997276,1,2691.25,2683.11,-0.0016297259637713805,-0.0014119832791452773,False,2017,-219.29999999998637
2017-07-28,0.0,0.0,0,2676.6,2679.31,0.0,0.0,False,2017,0.0
2017-07-31,0.0,0.0,0,2684.46,2677.68,0.0,0.0,False,2017,0.0
2017-08-01,0.0,0.0,0,2685.28,2683.65,0.0,0.0,False,2017,0.0
2017-08-02,-1.4520000000002,-0.2800000000002001,2,2685.55,2684.74,-0.0005406713708552065,-0.00010426169685919089,False,2017,-72.60000000001
2017-08-03,0.0,0.0,0,2683.65,2679.85,0.0,0.0,False,2017,0.0
2017-08-04,0.0,0.0,0,2685.55,2684.46,0.0,0.0,False,2017,0.0
2017-08-07,0.0,0.0,0,2685.01,2688.8,0.0,0.0,False,2017,0.0
2017-08-08,-6.006000000000073,-5.420000000000073,1,2685.01,2682.56,-0.0022368631774183608,-0.0020186144558121096,False,2017,-300.30000000000365
2017-08-09,0.0,0.0,0,2673.34,2681.48,0.0,0.0,False,2017,0.0
2017-08-10,18.67400000000022,19.26000000000022,1,2670.9,2644.31,0.006991650754427429,0.007211052454228993,False,2017,933.700000000011
2017-08-11,0.0,0.0,0,2646.48,2647.57,0.0,0.0,False,2017,0.0
2017-08-14,-1.4419999999999817,-0.2699999999999818,2,2663.3,2673.34,-0.0005414335598693281,-0.00010137798971200457,False,2017,-72.09999999999908
2017-08-15,0.0,0.0,0,2678.5,2673.34,0.0,0.0,False,2017,0.0
2017-08-16,0.0,0.0,0,2679.85,2677.41,0.0,0.0,False,2017,0.0
2017-08-17,18.898000000000163,20.070000000000164,2,2670.09,2635.9,0.007077664048777443,0.007516600564025993,False,2017,944.9000000000082
2017-08-18,-5.466000000000109,-4.880000000000109,1,2633.19,2631.02,-0.00207580918961416,-0.0018532654309032425,False,2017,-273.30000000000547
2017-08-21,0.0,0.0,0,2630.75,2633.46,0.0,0.0,False,2017,0.0
2017-08-22,11.624000000000036,12.210000000000036,1,2640.51,2660.05,0.004402179881916764,0.004624106706658955,False,2017,581.2000000000018
2017-08-23,0.0,0.0,0,2648.38,2650.82,0.0,0.0,False,2017,0.0
2017-08-24,0.0,0.0,0,2655.98,2645.13,0.0,0.0,False,2017,0.0
2017-08-25,0.0,0.0,0,2654.62,2650.55,0.0,0.0,False,2017,0.0
2017-08-28,0.0,0.0,0,2656.79,2651.37,0.0,0.0,False,2017,0.0
2017-08-29,0.0,0.0,0,2635.09,2653.54,0.0,0.0,False,2017,0.0
2017-08-30,0.0,0.0,0,2652.99,2666.02,0.0,0.0,False,2017,0.0
2017-08-31,0.0,0.0,0,2673.61,2681.21,0.0,0.0,False,2017,0.0
2017-09-01,0.0,0.0,0,2686.09,2685.82,0.0,0.0,False,2017,0.0
2017-09-04,0.0,0.0,0,2675.78,2678.22,0.0,0.0,True,2017,0.0
2017-09-05,-4.386000000000182,-3.8000000000001823,1,2679.04,2666.29,-0.001637153607262371,-0.0014184185379838234,False,2017,-219.3000000000091
2017-09-06,0.0,0.0,0,2674.7,2675.24,0.0,0.0,False,2017,0.0
2017-09-07,0.0,0.0,0,2678.77,2674.43,0.0,0.0,False,2017,0.0
2017-09-08,0.0,0.0,0,2670.36,2670.63,0.0,0.0,False,2017,0.0
2017-09-11,0.0,0.0,0,2686.63,2698.84,0.0,0.0,False,2017,0.0
2017-09-12,0.0,0.0,0,2704.0,2708.88,0.0,0.0,False,2017,0.0
2017-09-13,0.0,0.0,0,2704.54,2709.69,0.0,0.0,False,2017,0.0
2017-09-14,0.0,0.0,0,2705.08,2709.15,0.0,0.0,False,2017,0.0
2017-09-15,0.0,0.0,0,2706.44,2712.41,0.0,0.0,False,2017,0.0
2017-09-18,0.0,0.0,0,2716.21,2717.57,0.0,0.0,False,2017,0.0
2017-09-19,0.0,0.0,0,2720.56,2720.56,0.0,0.0,False,2017,0.0
2017-09-20,0.0,0.0,0,2721.64,2721.64,0.0,0.0,False,2017,0.0
2017-09-21,-2.7560000000000726,-2.1700000000000728,1,2719.2,2714.04,-0.0010135333921741957,-0.0007980288320094414,False,2017,-137.80000000000362
2017-09-22,0.0,0.0,0,2709.97,2714.04,0.0,0.0,False,2017,0.0
2017-09-25,0.0,0.0,0,2710.51,2708.61,0.0,0.0,False,2017,0.0
2017-09-26,0.0,0.0,0,2713.5,2709.7,0.0,0.0,False,2017,0.0
2017-09-27,0.0,0.0,0,2718.93,2720.01,0.0,0.0,False,2017,0.0
2017-09-28,0.0,0.0,0,2716.48,2722.73,0.0,0.0,False,2017,0.0
2017-09-29,1.314000000000091,1.900000000000091,1,2722.46,2732.23,0.00048265171940086945,0.0006978982244000246,False,2017,65.70000000000455
2017-10-02,0.9619999999993452,2.719999999999345,3,2734.95,2743.91,0.00035174317629183173,0.0009945337209087352,False,2017,48.09999999996726
2017-10-03,0.0,0.0,0,2745.26,2749.88,0.0,0.0,False,2017,0.0
2017-10-04,0.0,0.0,0,2747.71,2753.68,0.0,0.0,False,2017,0.0
2017-10-05,4.033999999999891,4.619999999999891,1,2756.94,2769.16,0.0014632164646310368,0.0016757709634594481,False,2017,201.69999999999453
2017-10-06,0.0,0.0,0,2763.18,2765.9,0.0,0.0,False,2017,0.0
2017-10-09,0.0,0.0,0,2768.34,2761.28,0.0,0.0,False,2017,0.0
2017-10-10,0.0,0.0,0,2768.34,2768.34,0.0,0.0,False,2017,0.0
2017-10-11,0.0,0.0,0,2767.26,2772.96,0.0,0.0,False,2017,0.0
2017-10-12,0.0,0.0,0,2768.62,2768.07,0.0,0.0,False,2017,0.0
2017-10-13,0.0,0.0,0,2773.77,2771.6,0.0,0.0,False,2017,0.0
2017-10-16,0.0,0.0,0,2774.59,2775.4,0.0,0.0,False,2017,0.0
2017-10-17,0.0,0.0,0,2774.59,2777.3,0.0,0.0,False,2017,0.0
2017-10-18,0.0,0.0,0,2781.92,2779.75,0.0,0.0,False,2017,0.0
2017-10-19,0.0,0.0,0,2769.7,2780.83,0.0,0.0,False,2017,0.0
2017-10-20,0.0,0.0,0,2790.06,2794.14,0.0,0.0,False,2017,0.0
2017-10-23,1.0439999999996545,1.6299999999996544,1,2798.48,2784.09,0.00037305966095868277,0.0005824590491980126,False,2017,52.19999999998273
2017-10-24,0.0,0.0,0,2788.71,2788.44,0.0,0.0,False,2017,0.0
2017-10-25,0.9159999999997637,3.2599999999997635,4,2784.36,2774.59,0.0003289804479304988,0.001170825611630595,False,2017,45.79999999998818
2017-10-26,0.0,0.0,0,2782.19,2777.57,0.0,0.0,False,2017,0.0
2017-10-27,3.7540000000001457,4.3400000000001455,1,2787.35,2800.65,0.0013467989308842254,0.001557034459253465,False,2017,187.7000000000073
2017-10-30,0.0,0.0,0,2793.59,2790.06,0.0,0.0,False,2017,0.0
2017-10-31,0.0,0.0,0,2794.41,2793.32,0.0,0.0,False,2017,0.0
2017-11-01,0.0,0.0,0,2803.64,2797.67,0.0,0.0,False,2017,0.0
2017-11-02,-3.5760000000002363,-2.9900000000002365,1,2796.04,2798.48,-0.0012789516602052318,-0.0010693695369165808,False,2017,-178.8000000000118
2017-11-03,0.0,0.0,0,2800.11,2807.44,0.0,0.0,False,2017,0.0
2017-11-06,0.0,0.0,0,2805.27,2810.7,0.0,0.0,False,2017,0.0
2017-11-07,0.0,0.0,0,2812.6,2809.88,0.0,0.0,False,2017,0.0
2017-11-08,0.0,0.0,0,2806.9,2814.5,0.0,0.0,False,2017,0.0
2017-11-09,-4.926000000000146,-4.3400000000001455,1,2798.75,2804.18,-0.0017600714604734777,-0.0015506922733363629,False,2017,-246.3000000000073
2017-11-10,0.0,0.0,0,2798.75,2802.28,0.0,0.0,False,2017,0.0
2017-11-13,0.0,0.0,0,2793.87,2805.27,0.0,0.0,False,2017,0.0
2017-11-14,0.0,0.0,0,2794.95,2798.75,0.0,0.0,False,2017,0.0
2017-11-15,-4.926000000000146,-4.3400000000001455,1,2787.08,2784.36,-0.001767441192933158,-0.0015571852978745302,False,2017,-246.3000000000073
2017-11-16,1.8540000000000547,2.4400000000000546,1,2795.49,2807.17,0.0006632111007372786,0.0008728344583597347,False,2017,92.70000000000273
2017-11-17,0.0,0.0,0,2802.83,2799.57,0.0,0.0,False,2017,0.0
2017-11-20,0.0,0.0,0,2802.01,2803.64,0.0,0.0,False,2017,0.0
2017-11-21,1.2779999999998182,2.449999999999818,2,2813.14,2821.56,0.0004542966222796655,0.0008709129300354118,False,2017,63.89999999999091
2017-11-22,0.0,0.0,0,2821.83,2818.84,0.0,0.0,False,2017,0.0
2017-11-23,0.0,0.0,0,2820.2,2820.47,0.0,0.0,True,2017,0.0
2017-11-24,0.0,0.0,0,2824.28,2825.36,0.0,0.0,True,2017,0.0
2017-11-27,0.0,0.0,0,2825.63,2824.28,0.0,0.0,False,2017,0.0
2017-11-28,13.804000000000327,14.390000000000327,1,2829.98,2852.78,0.0048777729877950825,0.00508484158898661,False,2017,690.2000000000163
2017-11-29,-7.645999999999946,-7.059999999999945,1,2854.14,2851.43,-0.0026789155402327657,-0.002473599753340742,False,2017,-382.2999999999973
2017-11-30,-4.152000000000018,-2.980000000000018,2,2862.02,2874.5,-0.0014507236147895605,-0.0010412226329655342,False,2017,-207.6000000000009
2017-12-01,-31.311999999999873,-30.139999999999873,2,2872.88,2869.35,-0.01089916738603766,-0.010491214391133591,False,2017,-1565.5999999999938
2017-12-04,0.0,0.0,0,2889.17,2865.55,0.0,0.0,False,2017,0.0
2017-12-05,0.0,0.0,0,2869.07,2855.23,0.0,0.0,False,2017,0.0
2017-12-06,0.0,0.0,0,2851.7,2855.5,0.0,0.0,False,2017,0.0
2017-12-07,-5.547999999999964,-3.7899999999999636,3,2853.87,2864.46,-0.001944026882794228,-0.0013280212483399608,False,2017,-277.39999999999816
2017-12-08,0.0,0.0,0,2874.5,2879.94,0.0,0.0,False,2017,0.0
2017-12-11,-3.566000000000018,-2.980000000000018,1,2880.75,2889.44,-0.0012378720819231166,-0.001034452833463514,False,2017,-178.3000000000009
2017-12-12,0.0,0.0,0,2891.61,2894.33,0.0,0.0,False,2017,0.0
2017-12-13,0.0,0.0,0,2897.31,2893.51,0.0,0.0,False,2017,0.0
2017-12-14,0.0,0.0,0,2897.58,2881.31,0.0,0.0,False,2017,0.0
2017-12-15,-3.0619999999998724,-1.8899999999998724,2,2893.78,2905.45,-0.0010581315787654459,-0.0006531249784019076,False,2017,-153.09999999999363
2017-12-18,0.0,0.0,0,2921.73,2924.17,0.0,0.0,False,2017,0.0
2017-12-19,0.0,0.0,0,2926.88,2912.77,0.0,0.0,False,2017,0.0
2017-12-20,0.0,0.0,0,2923.9,2911.15,0.0,0.0,False,2017,0.0
2017-12-21,0.0,0.0,0,2918.2,2917.12,0.0,0.0,False,2017,0.0
2017-12-22,0.0,0.0,0,2917.12,2917.66,0.0,0.0,False,2017,0.0
2017-12-26,0.0,0.0,0,2914.13,2915.76,0.0,0.0,False,2017,0.0
2017-12-27,0.0,0.0,0,2917.12,2913.32,0.0,0.0,False,2017,0.0
2017-12-28,0.0,0.0,0,2917.12,2915.49,0.0,0.0,False,2017,0.0
2017-12-29,0.0,0.0,0,2923.08,2905.45,0.0,0.0,False,2017,0.0
2018-01-02,0.0,0.0,0,2915.76,2925.25,0.0,0.0,False,2018,0.0
2018-01-03,3.4019999999998545,5.1599999999998545,3,2926.88,2943.43,0.0011623298529491659,0.001762969441862958,False,2018,170.09999999999272
2018-01-04,1.033999999999891,1.6199999999998909,1,2950.75,2955.91,0.0003504193849021066,0.0005490129628060292,False,2018,51.69999999999455
2018-01-05,0.0,0.0,0,2964.86,2974.63,0.0,0.0,False,2018,0.0
2018-01-08,0.0,0.0,0,2973.27,2980.32,0.0,0.0,False,2018,0.0
2018-01-09,0.0,0.0,0,2985.21,2987.38,0.0,0.0,False,2018,0.0
2018-01-10,0.0,0.0,0,2977.61,2982.77,0.0,0.0,False,2018,0.0
2018-01-11,0.0,0.0,0,2988.73,3003.93,0.0,0.0,False,2018,0.0
2018-01-12,6.697999999999891,7.869999999999891,2,3007.18,3023.73,0.002227335909390157,0.0026170698129143887,False,2018,334.8999999999946
2018-01-15,0.0,0.0,0,3031.6,3032.41,0.0,0.0,True,2018,0.0
2018-01-16,-4.386000000000182,-3.8000000000001823,1,3039.19,3014.23,-0.001443147680796588,-0.001250333147976988,False,2018,-219.3000000000091
2018-01-17,0.0,0.0,0,3026.17,3043.26,0.0,0.0,False,2018,0.0
2018-01-18,0.0,0.0,0,3041.36,3038.65,0.0,0.0,False,2018,0.0
2018-01-19,0.0,0.0,0,3044.89,3051.94,0.0,0.0,False,2018,0.0
2018-01-22,9.137999999999945,10.309999999999945,2,3048.69,3076.36,0.002997352961435877,0.0033817803712414005,False,2018,456.89999999999725
2018-01-23,0.0,0.0,0,3076.9,3082.33,0.0,0.0,False,2018,0.0
2018-01-24,0.0,0.0,0,3090.47,3080.97,0.0,0.0,False,2018,0.0
2018-01-25,0.0,0.0,0,3091.01,3081.51,0.0,0.0,False,2018,0.0
2018-01-26,0.0,0.0,0,3092.36,3117.59,0.0,0.0,False,2018,0.0
2018-01-29,0.0,0.0,0,3110.27,3095.89,0.0,0.0,False,2018,0.0
2018-01-30,0.0,0.0,0,3072.83,3063.88,0.0,0.0,False,2018,0.0
2018-01-31,0.0,0.0,0,3075.0,3066.32,0.0,0.0,False,2018,0.0
2018-02-01,0.0,0.0,0,3056.83,3062.25,0.0,0.0,False,2018,0.0
2018-02-02,28.90200000000031,30.66000000000031,3,3044.89,2994.97,0.009491968511177847,0.010069329269694574,False,2018,1445.1000000000156
2018-02-05,59.328,60.5,2,2972.46,2870.45,0.019959225691851195,0.02035351190596341,False,2018,2966.4
2018-02-06,-16.092000000000073,-14.920000000000073,2,2823.25,2924.17,-0.00569981404409814,-0.005284689630744735,False,2018,-804.6000000000037
2018-02-07,-10.625999999999964,-10.039999999999964,1,2916.03,2907.08,-0.0036439954321457473,-0.003443037280137709,False,2018,-531.2999999999982
2018-02-08,78.6339999999998,79.2199999999998,1,2910.33,2797.75,0.027018929124875805,0.027220280861620434,False,2018,3931.6999999999903
2018-02-09,-19.846000000000217,-19.26000000000022,1,2831.66,2841.43,-0.0070086097907235394,-0.0068016640415869915,False,2018,-992.3000000000109
2018-02-12,0.0,0.0,0,2864.21,2879.95,0.0,0.0,False,2018,0.0
2018-02-13,0.0,0.0,0,2865.57,2888.36,0.0,0.0,False,2018,0.0
2018-02-14,0.0,0.0,0,2870.45,2928.51,0.0,0.0,False,2018,0.0
2018-02-15,0.0,0.0,0,2948.04,2964.32,0.0,0.0,False,2018,0.0
2018-02-16,0.0,0.0,0,2955.91,2965.13,0.0,0.0,False,2018,0.0
2018-02-19,0.0,0.0,0,2968.66,2960.79,0.0,0.0,True,2018,0.0
2018-02-20,0.0,0.0,0,2952.38,2946.41,0.0,0.0,False,2018,0.0
2018-02-21,0.0,0.0,0,2950.75,2930.14,0.0,0.0,False,2018,0.0
2018-02-22,0.0,0.0,0,2942.34,2933.39,0.0,0.0,False,2018,0.0
2018-02-23,0.0,0.0,0,2949.67,2981.41,0.0,0.0,False,2018,0.0
2018-02-26,0.0,0.0,0,2994.43,3015.86,0.0,0.0,False,2018,0.0
2018-02-27,0.0,0.0,0,3018.58,2977.07,0.0,0.0,False,2018,0.0
2018-02-28,0.0,0.0,0,2991.99,2944.51,0.0,0.0,False,2018,0.0
2018-03-01,-19.846000000000217,-19.26000000000022,1,2944.51,2903.82,-0.006740000882999282,-0.00654098644596222,False,2018,-992.3000000000109
2018-03-02,0.0,0.0,0,2882.66,2919.01,0.0,0.0,False,2018,0.0
2018-03-05,0.0,0.0,0,2903.82,2952.92,0.0,0.0,False,2018,0.0
2018-03-06,0.0,0.0,0,2964.05,2959.71,0.0,0.0,False,2018,0.0
2018-03-07,0.0,0.0,0,2932.58,2958.08,0.0,0.0,False,2018,0.0
2018-03-08,0.0,0.0,0,2966.22,2972.19,0.0,0.0,False,2018,0.0
2018-03-09,0.0,0.0,0,2989.55,3023.73,0.0,0.0,False,2018,0.0
2018-03-12,0.0,0.0,0,3027.53,3019.66,0.0,0.0,False,2018,0.0
2018-03-13,0.0,0.0,0,3034.58,3000.4,0.0,0.0,False,2018,0.0
2018-03-14,0.0,0.0,0,3012.31,2984.14,0.0,0.0,False,2018,0.0
2018-03-15,0.0,0.0,0,2990.37,2980.89,0.0,0.0,False,2018,0.0
2018-03-16,0.0,0.0,0,2986.31,2983.6,0.0,0.0,False,2018,0.0
2018-03-19,8.354000000000054,8.940000000000055,1,2974.12,2942.97,0.0028088980942262095,0.0030059311661937162,False,2018,417.7000000000027
2018-03-20,0.0,0.0,0,2947.57,2947.57,0.0,0.0,False,2018,0.0
2018-03-21,0.0,0.0,0,2947.3,2941.35,0.0,0.0,False,2018,0.0
2018-03-22,0.0,0.0,0,2912.9,2866.31,0.0,0.0,False,2018,0.0
2018-03-23,23.79400000000011,24.38000000000011,1,2871.19,2803.74,0.008287156196559653,0.00849125275582602,False,2018,1189.7000000000055
2018-03-26,0.0,0.0,0,2849.25,2882.03,0.0,0.0,False,2018,0.0
2018-03-27,1.584000000000073,2.1700000000000728,1,2893.4,2831.37,0.0005474528236676826,0.0007499827192922073,False,2018,79.20000000000364
2018-03-28,0.0,0.0,0,2833.0,2822.43,0.0,0.0,False,2018,0.0
2018-03-29,0.9980000000000728,2.1700000000000728,2,2835.98,2862.25,0.0003519065719786715,0.0007651675963864599,False,2018,49.900000000003644
2018-04-02,47.354000000000056,47.940000000000055,1,2851.69,2795.08,0.016605591771896685,0.016811083953725704,False,2018,2367.700000000003
2018-04-03,0.0,0.0,0,2810.52,2832.19,0.0,0.0,False,2018,0.0
2018-04-04,0.0,0.0,0,2787.22,2863.88,0.0,0.0,False,2018,0.0
2018-04-05,0.0,0.0,0,2882.84,2884.73,0.0,0.0,False,2018,0.0
2018-04-06,3.168000000000146,4.3400000000001455,2,2859.81,2820.0,0.0011077659005319046,0.0015175833359559361,False,2018,158.40000000000728
2018-04-09,3.4739999999999456,4.059999999999945,1,2837.33,2831.91,0.001224390536173073,0.0014309227336968015,False,2018,173.6999999999973
2018-04-10,0.0,0.0,0,2868.75,2878.23,0.0,0.0,False,2018,0.0
2018-04-11,0.0,0.0,0,2859.81,2863.06,0.0,0.0,False,2018,0.0
2018-04-12,0.0,0.0,0,2878.77,2886.09,0.0,0.0,False,2018,0.0
2018-04-13,0.0,0.0,0,2902.34,2877.96,0.0,0.0,False,2018,0.0
2018-04-16,0.0,0.0,0,2898.55,2901.53,0.0,0.0,False,2018,0.0
2018-04-17,0.0,0.0,0,2923.47,2932.41,0.0,0.0,False,2018,0.0
2018-04-18,0.0,0.0,0,2938.09,2934.84,0.0,0.0,False,2018,0.0
2018-04-19,0.0,0.0,0,2926.18,2918.05,0.0,0.0,False,2018,0.0
2018-04-20,0.0,0.0,0,2916.97,2893.67,0.0,0.0,False,2018,0.0
2018-04-23,0.0,0.0,0,2900.44,2892.59,0.0,0.0,False,2018,0.0
2018-04-24,5.374000000000036,5.960000000000036,1,2904.78,2853.58,0.0018500540488436425,0.002051790497042818,False,2018,268.7000000000018
2018-04-25,-11.156000000000164,-10.570000000000164,1,2851.96,2859.0,-0.003911695816210664,-0.003706223088682928,False,2018,-557.8000000000083
2018-04-26,0.0,0.0,0,2872.27,2888.8,0.0,0.0,False,2018,0.0
2018-04-27,0.0,0.0,0,2895.84,2891.78,0.0,0.0,False,2018,0.0
2018-04-30,0.0,0.0,0,2898.28,2867.4,0.0,0.0,False,2018,0.0
2018-05-01,0.0,0.0,0,2861.71,2873.09,0.0,0.0,False,2018,0.0
2018-05-02,0.0,0.0,0,2870.38,2853.04,0.0,0.0,False,2018,0.0
2018-05-03,-29.882000000000037,-28.710000000000036,2,2842.48,2846.81,-0.010512650924544776,-0.010100334918803312,False,2018,-1494.100000000002
2018-05-04,24.604000000000056,25.190000000000055,1,2834.08,2883.92,0.008681476881386572,0.008888245921074936,False,2018,1230.2000000000028
2018-05-07,-4.375999999999964,-3.789999999999964,1,2892.86,2893.13,-0.0015126898640099983,-0.0013101221628422958,False,2018,-218.7999999999982
2018-05-08,0.0,0.0,0,2888.53,2893.13,0.0,0.0,False,2018,0.0
2018-05-09,0.0,0.0,0,2900.71,2921.3,0.0,0.0,False,2018,0.0
2018-05-10,0.0,0.0,0,2929.97,2947.85,0.0,0.0,False,2018,0.0
2018-05-11,0.0,0.0,0,2949.47,2954.89,0.0,0.0,False,2018,0.0
2018-05-14,0.0,0.0,0,2961.93,2957.6,0.0,0.0,False,2018,0.0
2018-05-15,-5.726000000000328,-5.140000000000327,1,2942.97,2937.01,-0.0019456535404711324,-0.0017465349629796863,False,2018,-286.3000000000164
2018-05-16,0.0,0.0,0,2937.55,2950.01,0.0,0.0,False,2018,0.0
2018-05-17,0.0,0.0,0,2946.49,2947.3,0.0,0.0,False,2018,0.0
2018-05-18,0.0,0.0,0,2942.16,2939.18,0.0,0.0,False,2018,0.0
2018-05-21,0.0,0.0,0,2956.51,2960.85,0.0,0.0,False,2018,0.0
2018-05-22,0.0,0.0,0,2967.08,2952.45,0.0,0.0,False,2018,0.0
2018-05-23,0.0,0.0,0,2936.74,2960.85,0.0,0.0,False,2018,0.0
2018-05-24,-0.586,0.0,1,2954.89,2954.62,-0.00019831533491940478,0.0,False,2018,-29.299999999999997
2018-05-25,0.0,0.0,0,2946.76,2947.03,0.0,0.0,False,2018,0.0
2018-05-28,0.0,0.0,0,2947.03,2950.55,0.0,0.0,True,2018,0.0
2018-05-29,-4.375999999999964,-3.789999999999964,1,2926.18,2912.9,-0.0014954650773363102,-0.0012952039860842342,False,2018,-218.7999999999982
2018-05-30,9.164,9.75,1,2928.61,2951.64,0.0031291295187819475,0.0033292244443609764,False,2018,458.2
2018-05-31,0.0,0.0,0,2945.95,2930.78,0.0,0.0,False,2018,0.0
2018-06-01,-0.31600000000001816,0.2699999999999818,1,2948.66,2962.2,-0.00010716732346218899,9.156701688223865e-05,False,2018,-15.800000000000908
2018-06-04,0.0,0.0,0,2971.41,2976.02,0.0,0.0,False,2018,0.0
2018-06-05,0.0,0.0,0,2976.83,2979.0,0.0,0.0,False,2018,0.0
2018-06-06,0.0,0.0,0,2984.95,3003.64,0.0,0.0,False,2018,0.0
2018-06-07,0.0,0.0,0,3007.98,3000.94,0.0,0.0,False,2018,0.0
2018-06-08,0.0,0.0,0,2996.06,3010.69,0.0,0.0,False,2018,0.0
2018-06-11,0.0,0.0,0,3012.85,3014.75,0.0,0.0,False,2018,0.0
2018-06-12,0.0,0.0,0,3019.35,3019.08,0.0,0.0,False,2018,0.0
2018-06-13,0.0,0.0,0,3020.71,3007.17,0.0,0.0,False,2018,0.0
2018-06-14,0.0,0.0,0,3018.52,3015.82,0.0,0.0,False,2018,0.0
2018-06-15,0.0,0.0,0,3006.08,3012.3,0.0,0.0,False,2018,0.0
2018-06-18,0.0,0.0,0,2992.83,3004.73,0.0,0.0,False,2018,0.0
2018-06-19,0.0,0.0,0,2975.53,2992.29,0.0,0.0,False,2018,0.0
2018-06-20,0.0,0.0,0,3000.68,2997.43,0.0,0.0,False,2018,0.0
2018-06-21,-6.357999999999909,-4.599999999999909,3,2996.62,2977.96,-0.0021217238088245788,-0.001535062837463512,False,2018,-317.89999999999543
2018-06-22,0.0,0.0,0,2993.1,2983.1,0.0,0.0,False,2018,0.0
2018-06-25,10.233999999999709,10.819999999999709,1,2968.76,2942.26,0.003447230493539292,0.0036446193023348832,False,2018,511.69999999998544
2018-06-26,0.0,0.0,0,2948.48,2947.4,0.0,0.0,False,2018,0.0
2018-06-27,-0.8559999999999818,-0.2699999999999818,1,2955.24,2922.52,-0.00028965498572027377,-9.136313801924101e-05,False,2018,-42.79999999999909
2018-06-28,-4.645999999999946,-4.059999999999945,1,2922.25,2940.37,-0.0015898708187184346,-0.0013893404055094346,False,2018,-232.29999999999728
2018-06-29,-0.586,0.0,1,2952.81,2943.34,-0.00019845503097049927,0.0,False,2018,-29.299999999999997
2018-07-02,0.0,0.0,0,2924.14,2950.11,0.0,0.0,False,2018,0.0
2018-07-03,0.0,0.0,0,2960.11,2934.96,0.0,0.0,True,2018,0.0
2018-07-04,0.0,0.0,0,2944.16,2944.16,0.0,0.0,True,2018,0.0
2018-07-05,0.0,0.0,0,2952.54,2962.82,0.0,0.0,False,2018,0.0
2018-07-06,4.004000000000145,4.5900000000001455,1,2962.55,2987.42,0.0013515383706604598,0.001549340939393477,False,2018,200.20000000000726
2018-07-09,0.0,0.0,0,3000.13,3014.2,0.0,0.0,False,2018,0.0
2018-07-10,0.0,0.0,0,3019.88,3024.2,0.0,0.0,False,2018,0.0
2018-07-11,0.0,0.0,0,3005.54,3003.11,0.0,0.0,False,2018,0.0
2018-07-12,0.0,0.0,0,3017.44,3028.8,0.0,0.0,False,2018,0.0
2018-07-13,0.0,0.0,0,3027.45,3031.5,0.0,0.0,False,2018,0.0
2018-07-16,0.0,0.0,0,3032.05,3029.34,0.0,0.0,False,2018,0.0
2018-07-17,0.0,0.0,0,3019.06,3041.78,0.0,0.0,False,2018,0.0
2018-07-18,0.0,0.0,0,3041.78,3046.92,0.0,0.0,False,2018,0.0
2018-07-19,0.0,0.0,0,3038.27,3035.29,0.0,0.0,False,2018,0.0
2018-07-20,0.0,0.0,0,3032.59,3032.32,0.0,0.0,False,2018,0.0
2018-07-23,0.0,0.0,0,3028.8,3037.45,0.0,0.0,False,2018,0.0
2018-07-24,0.0,0.0,0,3053.68,3051.52,0.0,0.0,False,2018,0.0
2018-07-25,0.0,0.0,0,3049.08,3079.91,0.0,0.0,False,2018,0.0
2018-07-26,0.0,0.0,0,3069.09,3070.18,0.0,0.0,False,2018,0.0
2018-07-27,5.634000000000254,6.220000000000255,1,3074.5,3050.43,0.0018324930883071246,0.0020230931858839663,False,2018,281.7000000000127
2018-07-30,-5.008,-3.25,3,3050.16,3032.86,-0.0016418810816481758,-0.001065517874472159,False,2018,-250.4
2018-07-31,0.0,0.0,0,3042.59,3047.19,0.0,0.0,False,2018,0.0
2018-08-01,0.0,0.0,0,3049.89,3043.4,0.0,0.0,False,2018,0.0
2018-08-02,0.0,0.0,0,3025.83,3058.01,0.0,0.0,False,2018,0.0
2018-08-03,0.0,0.0,0,3060.17,3072.61,0.0,0.0,False,2018,0.0
2018-08-06,0.0,0.0,0,3070.99,3083.43,0.0,0.0,False,2018,0.0
2018-08-07,0.0,0.0,0,3090.46,3092.35,0.0,0.0,False,2018,0.0
2018-08-08,0.0,0.0,0,3090.46,3091.27,0.0,0.0,False,2018,0.0
2018-08-09,0.0,0.0,0,3091.54,3086.67,0.0,0.0,False,2018,0.0
2018-08-10,0.0,0.0,0,3068.82,3065.31,0.0,0.0,False,2018,0.0
2018-08-13,0.0,0.0,0,3068.82,3053.41,0.0,0.0,False,2018,0.0
2018-08-14,-1.3960000000004,-0.8100000000004001,1,3062.33,3072.88,-0.00045586203968886436,-0.0002645044786160865,False,2018,-69.80000000002
2018-08-15,-0.586,0.0,1,3056.11,3049.62,-0.00019174702481258854,0.0,False,2018,-29.299999999999997
2018-08-16,0.0,0.0,0,3066.66,3074.77,0.0,0.0,False,2018,0.0
2018-08-17,0.0,0.0,0,3071.53,3084.78,0.0,0.0,False,2018,0.0
2018-08-20,0.0,0.0,0,3090.19,3091.54,0.0,0.0,False,2018,0.0
2018-08-21,-2.4759999999998725,-1.8899999999998727,1,3097.49,3097.49,-0.0007993568986501563,-0.0006101714614090353,False,2018,-123.79999999999363
2018-08-22,0.0,0.0,0,3093.16,3096.68,0.0,0.0,False,2018,0.0
2018-08-23,0.0,0.0,0,3093.43,3091.54,0.0,0.0,False,2018,0.0
2018-08-24,0.0,0.0,0,3098.84,3110.47,0.0,0.0,False,2018,0.0
2018-08-27,0.0,0.0,0,3124.53,3134.54,0.0,0.0,False,2018,0.0
2018-08-28,0.0,0.0,0,3140.49,3136.16,0.0,0.0,False,2018,0.0
2018-08-29,-4.738000000000018,-2.980000000000018,3,3138.86,3152.66,-0.0015094652198568966,-0.0009493892687153992,False,2018,-236.90000000000092
2018-08-30,0.0,0.0,0,3146.71,3138.59,0.0,0.0,False,2018,0.0
2018-08-31,0.0,0.0,0,3134.27,3138.32,0.0,0.0,False,2018,0.0
2018-09-03,0.0,0.0,0,3145.9,3145.9,0.0,0.0,True,2018,0.0
2018-09-04,-5.986000000000091,-5.400000000000091,1,3134.27,3134.0,-0.0019098546072929554,-0.0017228892214136277,False,2018,-299.30000000000456
2018-09-05,-3.882000000000036,-2.7100000000000364,2,3129.4,3125.34,-0.0012404933853134902,-0.0008659806991755724,False,2018,-194.1000000000018
2018-09-06,-8.742000000000619,-7.570000000000619,2,3125.88,3115.34,-0.002796652462666711,-0.0024217180441989516,False,2018,-437.10000000003095
2018-09-07,0.0,0.0,0,3101.82,3108.58,0.0,0.0,False,2018,0.0
2018-09-10,0.0,0.0,0,3121.02,3113.99,0.0,0.0,False,2018,0.0
2018-09-11,-4.375999999999964,-3.789999999999964,1,3105.87,3125.07,-0.001408944997697896,-0.0012202700048617502,False,2018,-218.7999999999982
2018-09-12,0.0,0.0,0,3123.99,3124.8,0.0,0.0,False,2018,0.0
2018-09-13,0.0,0.0,0,3136.7,3142.65,0.0,0.0,False,2018,0.0
2018-09-14,0.0,0.0,0,3144.81,3143.46,0.0,0.0,False,2018,0.0
2018-09-17,0.0,0.0,0,3141.84,3126.18,0.0,0.0,False,2018,0.0
2018-09-18,6.4339999999999815,7.019999999999982,1,3129.15,3143.73,0.002056149433552237,0.0022434207372609115,False,2018,321.6999999999991
2018-09-19,0.0,0.0,0,3144.0,3146.97,0.0,0.0,False,2018,0.0
2018-09-20,0.0,0.0,0,3161.55,3171.27,0.0,0.0,False,2018,0.0
2018-09-21,0.0,0.0,0,3180.45,3168.84,0.0,0.0,False,2018,0.0
2018-09-24,0.0,0.0,0,3161.28,3158.04,0.0,0.0,False,2018,0.0
2018-09-25,0.0,0.0,0,3162.9,3153.99,0.0,0.0,False,2018,0.0
2018-09-26,0.0,0.0,0,3155.61,3144.54,0.0,0.0,False,2018,0.0
2018-09-27,-1.3959999999999453,-0.8099999999999453,1,3150.48,3152.91,-0.00044310708209540934,-0.00025710367943930615,False,2018,-69.79999999999727
2018-09-28,0.0,0.0,0,3145.08,3152.1,0.0,0.0,False,2018,0.0
2018-10-01,0.0,0.0,0,3168.03,3163.17,0.0,0.0,False,2018,0.0
2018-10-02,0.0,0.0,0,3161.82,3162.09,0.0,0.0,False,2018,0.0
2018-10-03,0.0,0.0,0,3174.24,3164.25,0.0,0.0,False,2018,0.0
2018-10-04,1.3039999999998728,1.8899999999998727,1,3157.23,3138.33,0.0004130202741009913,0.0005986260107752278,False,2018,65.19999999999364
2018-10-05,2.1139999999998182,2.699999999999818,1,3140.22,3121.32,0.000673201240677347,0.0008598123698339028,False,2018,105.69999999999091
2018-10-08,0.0,0.0,0,3111.34,3120.51,0.0,0.0,False,2018,0.0
2018-10-09,0.0,0.0,0,3115.92,3116.19,0.0,0.0,False,2018,0.0
2018-10-10,70.68399999999998,71.26999999999998,1,3109.45,3015.5,0.022731994404155072,0.022920452169997906,False,2018,3534.1999999999994
2018-10-11,14.208000000000109,15.38000000000011,2,3002.81,2949.9,0.004731568097881687,0.005121869182532397,False,2018,710.4000000000054
2018-10-12,0.0,0.0,0,2997.95,2989.85,0.0,0.0,False,2018,0.0
2018-10-15,0.0,0.0,0,2983.91,2972.84,0.0,0.0,False,2018,0.0
2018-10-16,11.248000000000072,12.420000000000073,2,2995.25,3035.48,0.00375527919205411,0.0041465653952091055,False,2018,562.4000000000036
2018-10-17,-10.351999999999837,-9.179999999999836,2,3036.83,3036.83,-0.003408817747453706,-0.0030228889993841727,False,2018,-517.5999999999918
2018-10-18,-16.608000000000363,-14.850000000000364,3,3024.95,2993.36,-0.005490338683284142,-0.004909172052430739,False,2018,-830.4000000000182
2018-10-19,0.7639999999999091,1.349999999999909,1,3000.11,2990.12,0.0002546573292312312,0.00044998350060494746,False,2018,38.199999999995455
2018-10-22,0.0,0.0,0,2998.76,2977.7,0.0,0.0,False,2018,0.0
2018-10-23,0.0,0.0,0,2932.35,2960.43,0.0,0.0,False,2018,0.0
2018-10-24,-5.277999999999982,-3.519999999999982,3,2957.73,2869.99,-0.0017844766087506236,-0.0011901018686627858,False,2018,-263.89999999999907
2018-10-25,0.0,0.0,0,2893.2,2922.9,0.0,0.0,False,2018,0.0
2018-10-26,-29.20599999999989,-28.61999999999989,1,2876.47,2869.45,-0.010153417209287734,-0.009949695286236217,False,2018,-1460.2999999999945
2018-10-29,0.0,0.0,0,2907.24,2854.06,0.0,0.0,False,2018,0.0
2018-10-30,-9.49600000000031,-8.91000000000031,1,2852.17,2897.52,-0.0033293948116698197,-0.0031239372127188454,False,2018,-474.8000000000155
2018-10-31,0.0,0.0,0,2928.3,2928.03,0.0,0.0,False,2018,0.0
2018-11-01,0.0,0.0,0,2937.75,2957.46,0.0,0.0,False,2018,0.0
2018-11-02,-7.336,-6.75,1,2970.95,2939.1,-0.002469243844561504,-0.002272000538548276,False,2018,-366.8
2018-11-05,0.0,0.0,0,2945.58,2956.65,0.0,0.0,False,2018,0.0
2018-11-06,0.0,0.0,0,2955.3,2974.46,0.0,0.0,False,2018,0.0
2018-11-07,0.0,0.0,0,3001.19,3037.9,0.0,0.0,False,2018,0.0
2018-11-08,0.0,0.0,0,3028.46,3031.7,0.0,0.0,False,2018,0.0
2018-11-09,0.0,0.0,0,3016.04,3003.08,0.0,0.0,False,2018,0.0
2018-11-12,3.1380000000004005,4.3100000000004,2,2995.79,2945.58,0.0010474699494959262,0.0014386856221565599,False,2018,156.90000000002001
2018-11-13,0.0,0.0,0,2951.52,2939.91,0.0,0.0,False,2018,0.0
2018-11-14,0.0,0.0,0,2963.12,2919.39,0.0,0.0,False,2018,0.0
2018-11-15,0.0,0.0,0,2903.73,2949.9,0.0,0.0,False,2018,0.0
2018-11-16,0.0,0.0,0,2936.13,2956.65,0.0,0.0,False,2018,0.0
2018-11-19,-0.046000000000036345,0.5399999999999636,1,2949.36,2907.51,-1.5596604009017665e-05,0.00018309056880135474,False,2018,-2.300000000001817
2018-11-20,0.0,0.0,0,2866.21,2853.52,0.0,0.0,False,2018,0.0
2018-11-21,0.0,0.0,0,2870.53,2862.16,0.0,0.0,False,2018,0.0
2018-11-22,0.0,0.0,0,2853.52,2842.99,0.0,0.0,True,2018,0.0
2018-11-23,0.0,0.0,0,2841.1,2838.4,0.0,0.0,True,2018,0.0
2018-11-26,-5.176000000000146,-4.5900000000001455,1,2869.45,2887.26,-0.0018038300022652934,-0.0015996096812978605,False,2018,-258.8000000000073
2018-11-27,0.0,0.0,0,2874.85,2896.71,0.0,0.0,False,2018,0.0
2018-11-28,22.354000000000056,22.940000000000055,1,2910.48,2963.66,0.007680520051675344,0.007881861411176182,False,2018,1117.7000000000028
2018-11-29,0.0,0.0,0,2954.76,2957.46,0.0,0.0,False,2018,0.0
2018-11-30,0.0,0.0,0,2955.3,2976.62,0.0,0.0,False,2018,0.0
2018-12-03,0.0,0.0,0,3024.95,3013.61,0.0,0.0,False,2018,0.0
2018-12-04,29.654000000000238,30.240000000000236,1,3004.43,2919.39,0.009870091831062877,0.010065137147478968,False,2018,1482.7000000000119
2018-12-06,-23.53600000000027,-22.950000000000273,1,2868.91,2912.1,-0.00820381259781599,-0.007999553837520268,False,2018,-1176.8000000000136
2018-12-07,25.063999999999638,25.649999999999636,1,2906.7,2843.8,0.008622836894072191,0.008824440086696129,False,2018,1253.1999999999819
2018-12-10,-27.351999999999837,-26.179999999999836,2,2840.83,2848.12,-0.009628172048309768,-0.00921561656276505,False,2018,-1367.599999999992
2018-12-11,0.0,0.0,0,2886.73,2848.39,0.0,0.0,False,2018,0.0
2018-12-12,0.0,0.0,0,2884.84,2863.24,0.0,0.0,False,2018,0.0
2018-12-13,0.0,0.0,0,2873.77,2861.08,0.0,0.0,False,2018,0.0
2018-12-14,0.0,0.0,0,2834.35,2807.67,0.0,0.0,False,2018,0.0
2018-12-17,-7.0559999999998,-6.4699999999998,1,2795.81,2751.06,-0.0025237766514891215,-0.0023141772867254213,False,2018,-352.79999999999
2018-12-18,0.0,0.0,0,2771.01,2748.1,0.0,0.0,False,2018,0.0
2018-12-19,-0.31600000000001816,0.2699999999999818,1,2748.64,2702.27,-0.00011496594679551275,9.823039757843219e-05,False,2018,-15.800000000000908
2018-12-20,0.0,0.0,0,2689.33,2658.88,0.0,0.0,False,2018,0.0
2018-12-21,-14.595999999999764,-14.009999999999764,1,2670.2,2604.16,-0.005466257209197725,-0.005246797992659638,False,2018,-729.7999999999882
2018-12-24,-3.871999999999818,-2.699999999999818,2,2587.98,2525.45,-0.0014961475745561472,-0.00104328472399316,True,2018,-193.5999999999909
2018-12-26,59.79400000000011,60.38000000000011,1,2553.48,2661.3,0.023416670582890844,0.023646161317104543,False,2018,2989.7000000000057
2018-12-27,-7.326000000000237,-6.7400000000002365,1,2623.56,2685.83,-0.0027923889676623507,-0.0025690283431673896,False,2018,-366.30000000001183
2018-12-28,0.0,0.0,0,2700.12,2680.71,0.0,0.0,False,2018,0.0
2018-12-31,0.0,0.0,0,2699.31,2705.78,0.0,0.0,False,2018,0.0
2019-01-02,0.0,0.0,0,2661.03,2707.39,0.0,0.0,False,2019,0.0
2019-01-03,-16.48600000000009,-15.90000000000009,1,2685.29,2639.74,-0.006139374145809238,-0.005921148181388263,False,2019,-824.3000000000045
2019-01-04,36.34399999999984,36.929999999999836,1,2677.2,2730.85,0.013575377259823636,0.01379426266248313,False,2019,1817.1999999999919
2019-01-07,0.0,0.0,0,2732.73,2749.98,0.0,0.0,False,2019,0.0
2019-01-08,0.0,0.0,0,2777.48,2775.86,0.0,0.0,False,2019,0.0
2019-01-09,0.0,0.0,0,2785.03,2788.53,0.0,0.0,False,2019,0.0
2019-01-10,0.0,0.0,0,2770.74,2799.85,0.0,0.0,False,2019,0.0
2019-01-11,0.0,0.0,0,2785.83,2799.31,0.0,0.0,False,2019,0.0
2019-01-14,0.0,0.0,0,2776.94,2783.14,0.0,0.0,False,2019,0.0
2019-01-15,0.0,0.0,0,2786.91,2814.68,0.0,0.0,False,2019,0.0
2019-01-16,0.0,0.0,0,2819.26,2821.15,0.0,0.0,False,2019,0.0
2019-01-17,0.0,0.0,0,2809.56,2842.17,0.0,0.0,False,2019,0.0
2019-01-18,0.0,0.0,0,2863.74,2879.37,0.0,0.0,False,2019,0.0
2019-01-21,0.0,0.0,0,2871.01,2871.55,0.0,0.0,True,2019,0.0
2019-01-22,0.0,0.0,0,2861.85,2842.17,0.0,0.0,False,2019,0.0
2019-01-23,0.0,0.0,0,2853.22,2845.68,0.0,0.0,False,2019,0.0
2019-01-24,0.0,0.0,0,2843.79,2848.1,0.0,0.0,False,2019,0.0
2019-01-25,0.0,0.0,0,2869.4,2871.55,0.0,0.0,False,2019,0.0
2019-01-28,0.0,0.0,0,2844.87,2849.45,0.0,0.0,False,2019,0.0
2019-01-29,0.0,0.0,0,2850.26,2845.14,0.0,0.0,False,2019,0.0
2019-01-30,0.0,0.0,0,2862.93,2889.88,0.0,0.0,False,2019,0.0
2019-01-31,1.258000000000291,2.430000000000291,2,2888.53,2914.14,0.0004355156429049693,0.0008412583563266751,False,2019,62.90000000001456
2019-02-01,0.0,0.0,0,2916.57,2916.03,0.0,0.0,False,2019,0.0
2019-02-04,0.0,0.0,0,2916.3,2936.78,0.0,0.0,False,2019,0.0
2019-02-05,0.0,0.0,0,2941.37,2948.91,0.0,0.0,False,2019,0.0
2019-02-06,0.0,0.0,0,2944.87,2944.6,0.0,0.0,False,2019,0.0
2019-02-07,-10.026000000000055,-9.440000000000055,1,2923.85,2916.03,-0.003429040477452693,-0.003228619799237326,False,2019,-501.30000000000274
2019-02-08,0.0,0.0,0,2900.4,2919.26,0.0,0.0,False,2019,0.0
2019-02-11,0.0,0.0,0,2926.81,2920.61,0.0,0.0,False,2019,0.0
2019-02-12,-2.558000000000182,-0.8000000000001819,3,2940.02,2958.62,-0.0008700621084210931,-0.00027210699246950083,False,2019,-127.9000000000091
2019-02-13,0.0,0.0,0,2968.32,2967.24,0.0,0.0,False,2019,0.0
2019-02-14,0.0,0.0,0,2953.77,2960.24,0.0,0.0,False,2019,0.0
2019-02-15,0.0,0.0,0,2981.26,2992.85,0.0,0.0,False,2019,0.0
2019-02-18,0.0,0.0,0,2993.93,2995.55,0.0,0.0,True,2019,0.0
2019-02-19,0.0,0.0,0,2982.61,2997.7,0.0,0.0,False,2019,0.0
2019-02-20,0.0,0.0,0,2996.9,3003.9,0.0,0.0,False,2019,0.0
2019-02-21,0.0,0.0,0,2995.01,2992.31,0.0,0.0,False,2019,0.0
2019-02-22,-1.1259999999999635,-0.5399999999999635,1,2999.32,3010.64,-0.00037541842817704127,-0.00018004080925008452,False,2019,-56.29999999999817
2019-02-25,0.0,0.0,0,3027.35,3015.22,0.0,0.0,False,2019,0.0
2019-02-26,0.0,0.0,0,3009.83,3012.26,0.0,0.0,False,2019,0.0
2019-02-27,0.0,0.0,0,3003.36,3011.18,0.0,0.0,False,2019,0.0
2019-02-28,0.0,0.0,0,3007.41,3002.83,0.0,0.0,False,2019,0.0
2019-03-01,0.0,0.0,0,3023.04,3023.85,0.0,0.0,False,2019,0.0
2019-03-04,-16.215999999999653,-15.629999999999653,1,3035.71,3011.72,-0.005341748717762781,-0.0051487131511243345,False,2019,-810.7999999999827
2019-03-05,-1.1259999999999635,-0.5399999999999635,1,3013.34,3008.22,-0.0003736717396642806,-0.0001792031433558654,False,2019,-56.29999999999817
2019-03-06,-0.09200000000007269,1.0799999999999272,2,3008.76,2988.81,-3.0577380715003084e-05,0.0003589518605671197,False,2019,-4.600000000003634
2019-03-07,-3.0060000000000726,-2.4200000000000728,1,2982.61,2964.01,-0.001007842124850407,-0.0008113699075642047,False,2019,-150.30000000000362
2019-03-08,0.0,0.0,0,2940.56,2957.81,0.0,0.0,False,2019,0.0
2019-03-11,23.67400000000022,24.26000000000022,1,2965.63,3000.67,0.00798278949160894,0.008180386629485208,False,2019,1183.700000000011
2019-03-12,0.0,0.0,0,3006.33,3010.37,0.0,0.0,False,2019,0.0
2019-03-13,0.0,0.0,0,3021.69,3030.86,0.0,0.0,False,2019,0.0
2019-03-14,0.0,0.0,0,3030.32,3028.71,0.0,0.0,False,2019,0.0
2019-03-15,0.0,0.0,0,3034.36,3044.04,0.0,0.0,False,2019,0.0
2019-03-18,-0.8460000000002182,-0.2600000000002183,1,3045.93,3055.07,-0.00027774768297374473,-8.535980800616505e-05,False,2019,-42.30000000001091
2019-03-19,0.0,0.0,0,3067.18,3056.69,0.0,0.0,False,2019,0.0
2019-03-20,0.0,0.0,0,3052.92,3045.39,0.0,0.0,False,2019,0.0
2019-03-21,-2.5119999999996905,-1.3399999999996905,2,3035.43,3079.29,-0.0008275598514871668,-0.0004414531054907182,False,2019,-125.59999999998452
2019-03-22,10.891999999999637,12.649999999999636,3,3062.61,3020.09,0.0035564436869205142,0.004130463885378692,False,2019,544.5999999999818
2019-03-25,0.0,0.0,0,3015.52,3017.4,0.0,0.0,False,2019,0.0
2019-03-26,0.0,0.0,0,3038.12,3038.66,0.0,0.0,False,2019,0.0
2019-03-27,-1.1259999999999635,-0.5399999999999635,1,3039.74,3024.4,-0.0003704264180489001,-0.00017764677242131352,False,2019,-56.29999999999817
2019-03-28,0.0,0.0,0,3030.32,3035.16,0.0,0.0,False,2019,0.0
2019-03-29,0.0,0.0,0,3052.11,3054.54,0.0,0.0,False,2019,0.0
2019-04-01,0.0,0.0,0,3077.14,3090.05,0.0,0.0,False,2019,0.0
2019-04-02,0.0,0.0,0,3090.86,3090.59,0.0,0.0,False,2019,0.0
2019-04-03,0.0,0.0,0,3104.85,3095.97,0.0,0.0,False,2019,0.0
2019-04-04,0.0,0.0,0,3098.4,3102.97,0.0,0.0,False,2019,0.0
2019-04-05,0.0,0.0,0,3110.5,3117.23,0.0,0.0,False,2019,0.0
2019-04-08,0.0,0.0,0,3112.12,3119.92,0.0,0.0,False,2019,0.0
2019-04-09,0.0,0.0,0,3107.54,3103.78,0.0,0.0,False,2019,0.0
2019-04-10,0.0,0.0,0,3108.08,3114.27,0.0,0.0,False,2019,0.0
2019-04-11,0.0,0.0,0,3119.11,3112.93,0.0,0.0,False,2019,0.0
2019-04-12,0.0,0.0,0,3132.03,3134.18,0.0,0.0,False,2019,0.0
2019-04-15,-1.6559999999997088,-1.069999999999709,1,3134.45,3132.03,-0.0005283223532038185,-0.00034136770406282093,False,2019,-82.79999999998545
2019-04-16,0.0,0.0,0,3141.99,3133.91,0.0,0.0,False,2019,0.0
2019-04-17,-4.392000000000254,-3.2200000000002547,2,3146.02,3125.03,-0.00139604961189066,-0.0010235154258397133,False,2019,-219.60000000001273
2019-04-18,0.0,0.0,0,3131.49,3130.42,0.0,0.0,False,2019,0.0
2019-04-22,0.0,0.0,0,3121.27,3133.64,0.0,0.0,False,2019,0.0
2019-04-23,5.3340000000000725,5.920000000000073,1,3137.68,3160.82,0.0016999821524183705,0.001886744346141121,False,2019,266.7000000000036
2019-04-24,0.0,0.0,0,3160.01,3153.83,0.0,0.0,False,2019,0.0
2019-04-25,-5.966000000000109,-5.380000000000109,1,3152.21,3151.4,-0.001892640401496128,-0.0017067390814698605,False,2019,-298.30000000000547
2019-04-26,0.0,0.0,0,3151.4,3166.2,0.0,0.0,False,2019,0.0
2019-04-29,0.0,0.0,0,3166.47,3169.7,0.0,0.0,False,2019,0.0
2019-04-30,0.0,0.0,0,3165.93,3171.32,0.0,0.0,False,2019,0.0
2019-05-01,0.0,0.0,0,3179.39,3147.91,0.0,0.0,False,2019,0.0
2019-05-02,-4.075999999999782,-3.489999999999782,1,3145.75,3141.45,-0.001295716442819608,-0.0011094333624731088,False,2019,-203.7999999999891
2019-05-03,-0.586,0.0,1,3157.59,3170.51,-0.00018558457557820993,0.0,False,2019,-29.299999999999997
2019-05-06,0.0,0.0,0,3118.58,3157.86,0.0,0.0,False,2019,0.0
2019-05-07,-22.468000000000035,-20.710000000000036,3,3127.72,3105.12,-0.0071835074750936905,-0.006621436701495031,False,2019,-1123.4000000000017
2019-05-08,0.0,0.0,0,3099.47,3100.01,0.0,0.0,False,2019,0.0
2019-05-09,1.8439999999998364,2.4299999999998363,1,3074.18,3090.05,0.0005998347526819628,0.0007904546903563995,False,2019,92.19999999999182
2019-05-10,-6.765999999999837,-6.179999999999836,1,3078.48,3104.05,-0.00219783789402557,-0.0020074842129881748,False,2019,-338.2999999999918
2019-05-13,-4.625999999999964,-4.039999999999964,1,3042.43,3027.36,-0.0015204951305370917,-0.0013278859332835804,False,2019,-231.2999999999982
2019-05-14,-3.8620000000000543,-2.6900000000000546,2,3038.12,3052.11,-0.0012711808618487929,-0.0008854159809355966,False,2019,-193.10000000000272
2019-05-15,0.0,0.0,0,3033.28,3070.68,0.0,0.0,False,2019,0.0
2019-05-16,6.627999999999727,7.799999999999727,2,3077.95,3097.59,0.0021533813089880368,0.002534154226026975,False,2019,331.3999999999864
2019-05-17,0.0,0.0,0,3070.68,3079.02,0.0,0.0,False,2019,0.0
2019-05-20,0.0,0.0,0,3058.84,3058.03,0.0,0.0,False,2019,0.0
2019-05-21,0.0,0.0,0,3077.41,3084.94,0.0,0.0,False,2019,0.0
2019-05-22,0.0,0.0,0,3073.37,3075.52,0.0,0.0,False,2019,0.0
2019-05-23,0.0,0.0,0,3048.08,3038.12,0.0,0.0,False,2019,0.0
2019-05-24,0.0,0.0,0,3054.0,3043.77,0.0,0.0,False,2019,0.0
2019-05-27,0.0,0.0,0,3044.85,3047.81,0.0,0.0,True,2019,0.0
2019-05-28,0.0,0.0,0,3046.73,3014.98,0.0,0.0,False,2019,0.0
2019-05-29,0.0,0.0,0,3001.26,2995.07,0.0,0.0,False,2019,0.0
2019-05-30,0.0,0.0,0,3002.61,3002.07,0.0,0.0,False,2019,0.0
2019-05-31,0.0,0.0,0,2971.12,2961.97,0.0,0.0,False,2019,0.0
2019-06-03,0.0,0.0,0,2960.9,2953.1,0.0,0.0,False,2019,0.0
2019-06-04,10.723999999999945,11.309999999999945,1,2980.54,3017.14,0.003598005730505192,0.0037946143987330973,False,2019,536.1999999999972
2019-06-05,0.0,0.0,0,3036.51,3042.97,0.0,0.0,False,2019,0.0
2019-06-06,0.0,0.0,0,3046.73,3062.07,0.0,0.0,False,2019,0.0
2019-06-07,5.073999999999854,5.6599999999998545,1,3074.72,3092.75,0.0016502315658010662,0.0018408180257063586,False,2019,253.6999999999927
2019-06-10,0.0,0.0,0,3111.31,3107.01,0.0,0.0,False,2019,0.0
2019-06-11,0.0,0.0,0,3128.8,3106.47,0.0,0.0,False,2019,0.0
2019-06-12,0.0,0.0,0,3103.51,3100.55,0.0,0.0,False,2019,0.0
2019-06-13,0.0,0.0,0,3111.04,3114.0,0.0,0.0,False,2019,0.0
2019-06-14,0.0,0.0,0,3109.17,3108.9,0.0,0.0,False,2019,0.0
2019-06-17,0.0,0.0,0,3111.86,3111.32,0.0,0.0,False,2019,0.0
2019-06-18,-5.1460000000004005,-4.5600000000004,1,3131.74,3141.95,-0.0016431759980076255,-0.0014560595707180037,False,2019,-257.30000000002
2019-06-19,0.0,0.0,0,3144.1,3150.01,0.0,0.0,False,2019,0.0
2019-06-20,0.0,0.0,0,3181.71,3179.57,0.0,0.0,False,2019,0.0
2019-06-21,0.0,0.0,0,3176.34,3175.8,0.0,0.0,False,2019,0.0
2019-06-24,0.0,0.0,0,3177.15,3171.5,0.0,0.0,False,2019,0.0
2019-06-25,11.233999999999709,11.819999999999709,1,3171.5,3140.34,0.003542172473592845,0.003726943086867321,False,2019,561.6999999999854
2019-06-26,0.0,0.0,0,3150.28,3136.85,0.0,0.0,False,2019,0.0
2019-06-27,0.0,0.0,0,3144.91,3146.79,0.0,0.0,False,2019,0.0
2019-06-28,0.0,0.0,0,3158.07,3163.18,0.0,0.0,False,2019,0.0
2019-07-01,0.0,0.0,0,3201.87,3190.04,0.0,0.0,False,2019,0.0
2019-07-02,0.0,0.0,0,3189.78,3199.18,0.0,0.0,False,2019,0.0
2019-07-03,5.863999999999818,6.449999999999818,1,3206.16,3225.24,0.0018289792150110468,0.002011752376674844,True,2019,293.1999999999909
2019-07-04,0.0,0.0,0,3226.85,3226.58,0.0,0.0,True,2019,0.0
2019-07-05,1.834000000000073,2.4200000000000728,1,3208.85,3218.79,0.0005715443227324659,0.0007541642644561362,False,2019,91.70000000000364
2019-07-08,0.0,0.0,0,3204.28,3202.4,0.0,0.0,False,2019,0.0
2019-07-09,0.0,0.0,0,3187.89,3206.43,0.0,0.0,False,2019,0.0
2019-07-10,-8.915999999999928,-8.329999999999927,1,3218.26,3220.67,-0.0027704411700732465,-0.002588355198150531,False,2019,-445.7999999999964
2019-07-11,0.0,0.0,0,3227.93,3227.93,0.0,0.0,False,2019,0.0
2019-07-12,0.0,0.0,0,3233.84,3242.44,0.0,0.0,False,2019,0.0
2019-07-15,0.0,0.0,0,3247.27,3243.51,0.0,0.0,False,2019,0.0
2019-07-16,0.0,0.0,0,3242.17,3232.23,0.0,0.0,False,2019,0.0
2019-07-17,-4.8859999999997275,-4.299999999999727,1,3231.96,3210.46,-0.001511776135843181,-0.0013304620106683643,False,2019,-244.29999999998637
2019-07-18,0.0,0.0,0,3203.48,3221.48,0.0,0.0,False,2019,0.0
2019-07-19,0.0,0.0,0,3234.11,3202.4,0.0,0.0,False,2019,0.0
2019-07-22,0.0,0.0,0,3207.51,3211.0,0.0,0.0,False,2019,0.0
2019-07-23,0.0,0.0,0,3224.17,3232.23,0.0,0.0,False,2019,0.0
2019-07-24,0.0,0.0,0,3223.63,3247.27,0.0,0.0,False,2019,0.0
2019-07-25,-6.0119999999996905,-4.839999999999691,2,3242.44,3231.42,-0.0018541592134317644,-0.0014927030261160394,False,2019,-300.5999999999845
2019-07-26,0.0,0.0,0,3240.02,3252.92,0.0,0.0,False,2019,0.0
2019-07-29,0.0,0.0,0,3252.11,3247.27,0.0,0.0,False,2019,0.0
2019-07-30,0.0,0.0,0,3230.35,3240.02,0.0,0.0,False,2019,0.0
2019-07-31,-15.365999999999746,-14.779999999999745,1,3241.63,3202.13,-0.00474020785839215,-0.004559434605429905,False,2019,-768.2999999999873
2019-08-01,-3.851999999999836,-2.6799999999998363,2,3204.02,3174.73,-0.0012022396863939164,-0.0008364492106790333,False,2019,-192.5999999999918
2019-08-02,-9.77199999999991,-8.599999999999909,2,3163.44,3151.09,-0.003089042308373135,-0.0027185595427761896,False,2019,-488.5999999999955
2019-08-05,23.81799999999978,24.98999999999978,2,3100.57,3056.78,0.007681813343997968,0.008059808357818008,False,2019,1190.899999999989
2019-08-06,0.0,0.0,0,3076.66,3096.81,0.0,0.0,False,2019,0.0
2019-08-07,0.0,0.0,0,3060.0,3098.69,0.0,0.0,False,2019,0.0
2019-08-08,9.624000000000036,10.210000000000036,1,3115.08,3158.61,0.0030894872683847724,0.0032776044274946507,False,2019,481.2000000000018
2019-08-09,-17.551999999999655,-16.379999999999654,2,3147.59,3136.58,-0.005576329826946856,-0.0052039814588302966,False,2019,-877.5999999999827
2019-08-12,0.0,0.0,0,3118.84,3098.96,0.0,0.0,False,2019,0.0
2019-08-13,-5.696000000000128,-5.110000000000127,1,3094.93,3145.98,-0.0018404293473520009,-0.0016510874236251314,False,2019,-284.8000000000064
2019-08-14,-11.066000000000018,-10.480000000000018,1,3097.89,3053.55,-0.00357210875789651,-0.003382947748306111,False,2019,-553.300000000001
2019-08-15,0.0,0.0,0,3063.23,3060.81,0.0,0.0,False,2019,0.0
2019-08-16,0.0,0.0,0,3079.88,3105.95,0.0,0.0,False,2019,0.0
2019-08-19,0.0,0.0,0,3141.95,3143.02,0.0,0.0,False,2019,0.0
2019-08-20,0.0,0.0,0,3136.85,3117.77,0.0,0.0,False,2019,0.0
2019-08-21,0.0,0.0,0,3144.1,3143.29,0.0,0.0,False,2019,0.0
2019-08-22,0.0,0.0,0,3151.62,3141.68,0.0,0.0,False,2019,0.0
2019-08-23,35.14400000000002,35.73000000000002,1,3126.9,3060.54,0.011239246538104838,0.01142665259522211,False,2019,1757.200000000001
2019-08-26,0.0,0.0,0,3087.14,3094.66,0.0,0.0,False,2019,0.0
2019-08-27,0.0,0.0,0,3111.59,3082.3,0.0,0.0,False,2019,0.0
2019-08-28,0.0,0.0,0,3074.51,3104.07,0.0,0.0,False,2019,0.0
2019-08-29,0.0,0.0,0,3134.43,3143.29,0.0,0.0,False,2019,0.0
2019-08-30,0.0,0.0,0,3161.29,3141.68,0.0,0.0,False,2019,0.0
2019-09-02,0.0,0.0,0,3135.5,3115.35,0.0,0.0,True,2019,0.0
2019-09-03,0.0,0.0,0,3120.99,3123.41,0.0,0.0,False,2019,0.0
2019-09-04,0.0,0.0,0,3148.94,3157.8,0.0,0.0,False,2019,0.0
2019-09-05,-2.466000000000109,-1.8800000000001091,1,3187.63,3198.64,-0.000773615507446005,-0.0005897798678015043,False,2019,-123.30000000000545
2019-09-06,0.0,0.0,0,3202.67,3201.33,0.0,0.0,False,2019,0.0
2019-09-09,0.0,0.0,0,3212.88,3201.87,0.0,0.0,False,2019,0.0
2019-09-10,-5.156000000000164,-4.570000000000164,1,3193.27,3202.13,-0.0016146458019522822,-0.00143113485549301,False,2019,-257.8000000000082
2019-09-11,0.0,0.0,0,3204.82,3224.7,0.0,0.0,False,2019,0.0
2019-09-12,0.0,0.0,0,3234.38,3234.64,0.0,0.0,False,2019,0.0
2019-09-13,0.0,0.0,0,3240.02,3232.23,0.0,0.0,False,2019,0.0
2019-09-16,0.0,0.0,0,3232.23,3235.46,0.0,0.0,False,2019,0.0
2019-09-17,0.0,0.0,0,3233.31,3243.82,0.0,0.0,False,2019,0.0
2019-09-18,0.0,0.0,0,3238.97,3245.44,0.0,0.0,False,2019,0.0
2019-09-19,0.0,0.0,0,3249.75,3244.09,0.0,0.0,False,2019,0.0
2019-09-20,0.0,0.0,0,3251.37,3226.84,0.0,0.0,False,2019,0.0
2019-09-23,0.0,0.0,0,3220.37,3228.18,0.0,0.0,False,2019,0.0
2019-09-24,5.0840000000000725,5.670000000000073,1,3240.59,3201.49,0.0015688501167997408,0.0017496813851798816,False,2019,254.20000000000363
2019-09-25,0.0,0.0,0,3202.57,3220.64,0.0,0.0,False,2019,0.0
2019-09-26,0.4939999999999273,1.0799999999999272,1,3220.64,3213.36,0.00015338566247700063,0.00033533707586067593,False,2019,24.699999999996365
2019-09-27,-13.291999999999891,-12.11999999999989,2,3222.52,3195.02,-0.004124722267045632,-0.003761031739135798,False,2019,-664.5999999999946
2019-09-30,0.0,0.0,0,3201.76,3211.2,0.0,0.0,False,2019,0.0
2019-10-01,23.673999999999765,24.259999999999764,1,3220.91,3171.03,0.007350096711798767,0.0075320328726973945,False,2019,1183.6999999999882
2019-10-02,18.82400000000031,19.41000000000031,1,3152.43,3114.41,0.005971266610202387,0.006157154956652586,False,2019,941.2000000000155
2019-10-03,0.0,0.0,0,3111.45,3139.22,0.0,0.0,False,2019,0.0
2019-10-04,-4.906000000000164,-4.320000000000164,1,3147.04,3182.08,-0.001558925212263004,-0.0013727184910265404,False,2019,-245.3000000000082
2019-10-07,0.0,0.0,0,3172.11,3168.06,0.0,0.0,False,2019,0.0
2019-10-08,-5.975999999999873,-5.389999999999873,1,3144.88,3118.46,-0.0019002314873699069,-0.0017138968736485566,False,2019,-298.79999999999364
2019-10-09,0.0,0.0,0,3142.18,3147.3,0.0,0.0,False,2019,0.0
2019-10-10,0.4939999999999273,1.0799999999999272,1,3146.23,3169.14,0.0001570133143476247,0.00034326797468714216,False,2019,24.699999999996365
2019-10-11,0.0,0.0,0,3201.49,3201.22,0.0,0.0,False,2019,0.0
2019-10-14,0.0,0.0,0,3197.45,3198.26,0.0,0.0,False,2019,0.0
2019-10-15,-2.736000000000091,-2.150000000000091,1,3210.12,3230.34,-0.000852304586744449,-0.0006697568938233122,False,2019,-136.80000000000453
2019-10-16,0.0,0.0,0,3223.87,3224.95,0.0,0.0,False,2019,0.0
2019-10-17,0.0,0.0,0,3237.62,3232.77,0.0,0.0,False,2019,0.0
2019-10-18,0.0,0.0,0,3226.3,3219.02,0.0,0.0,False,2019,0.0
2019-10-21,0.0,0.0,0,3234.65,3241.39,0.0,0.0,False,2019,0.0
2019-10-22,0.0,0.0,0,3247.06,3230.07,0.0,0.0,False,2019,0.0
2019-10-23,0.0,0.0,0,3226.57,3238.97,0.0,0.0,False,2019,0.0
2019-10-24,0.0,0.0,0,3250.02,3244.36,0.0,0.0,False,2019,0.0
2019-10-25,-2.2059999999998907,-1.6199999999998909,1,3236.81,3257.84,-0.0006815352152273042,-0.0005004927691152372,False,2019,-110.29999999999454
2019-10-28,0.0,0.0,0,3271.05,3275.9,0.0,0.0,False,2019,0.0
2019-10-29,0.0,0.0,0,3271.86,3273.75,0.0,0.0,False,2019,0.0
2019-10-30,0.0,0.0,0,3276.17,3283.72,0.0,0.0,False,2019,0.0
2019-10-31,-14.382000000000037,-13.210000000000036,2,3282.64,3274.02,-0.004381229741915056,-0.004024200034118891,False,2019,-719.1000000000018
2019-11-01,0.0,0.0,0,3291.0,3305.02,0.0,0.0,False,2019,0.0
2019-11-04,0.0,0.0,0,3323.08,3317.69,0.0,0.0,False,2019,0.0
2019-11-05,0.0,0.0,0,3320.39,3313.65,0.0,0.0,False,2019,0.0
2019-11-06,0.0,0.0,0,3314.19,3315.0,0.0,0.0,False,2019,0.0
2019-11-07,0.0,0.0,0,3330.09,3326.32,0.0,0.0,False,2019,0.0
2019-11-08,0.0,0.0,0,3321.47,3334.41,0.0,0.0,False,2019,0.0
2019-11-11,0.0,0.0,0,3317.15,3327.67,0.0,0.0,False,2019,0.0
2019-11-12,0.0,0.0,0,3331.44,3333.6,0.0,0.0,False,2019,0.0
2019-11-13,0.0,0.0,0,3322.01,3334.95,0.0,0.0,False,2019,0.0
2019-11-14,0.0,0.0,0,3330.63,3338.99,0.0,0.0,False,2019,0.0
2019-11-15,0.0,0.0,0,3354.63,3363.79,0.0,0.0,False,2019,0.0
2019-11-18,0.0,0.0,0,3360.29,3365.68,0.0,0.0,False,2019,0.0
2019-11-19,0.0,0.0,0,3372.69,3364.06,0.0,0.0,False,2019,0.0
2019-11-20,-11.375999999999964,-10.789999999999964,1,3357.32,3351.93,-0.003388416951616159,-0.0032138729701070984,False,2019,-568.7999999999982
2019-11-21,-4.8960000000004005,-4.3100000000004,1,3352.2,3346.0,-0.001460533381063302,-0.0012857228089017364,False,2019,-244.80000000002002
2019-11-22,0.0,0.0,0,3354.36,3353.55,0.0,0.0,False,2019,0.0
2019-11-25,0.17799999999990912,1.349999999999909,2,3364.06,3378.89,5.2912254834904586e-05,0.00040130080914130815,False,2019,8.899999999995456
2019-11-26,0.0,0.0,0,3379.43,3385.63,0.0,0.0,False,2019,0.0
2019-11-27,0.0,0.0,0,3391.56,3400.46,0.0,0.0,False,2019,0.0
2019-11-28,0.0,0.0,0,3395.34,3397.22,0.0,0.0,True,2019,0.0
2019-11-29,0.0,0.0,0,3394.26,3390.21,0.0,0.0,True,2019,0.0
2019-12-02,15.593999999999836,16.179999999999836,1,3391.29,3358.67,0.004598250223366281,0.004771045826219473,False,2019,779.6999999999917
2019-12-03,0.0,0.0,0,3326.59,3335.75,0.0,0.0,False,2019,0.0
2019-12-04,-2.4759999999998725,-1.8899999999998727,1,3348.7,3357.05,-0.0007393914056200533,-0.0005643981246453468,False,2019,-123.79999999999363
2019-12-05,0.0,0.0,0,3364.87,3362.45,0.0,0.0,False,2019,0.0
2019-12-06,0.0,0.0,0,3384.82,3392.64,0.0,0.0,False,2019,0.0
2019-12-09,0.0,0.0,0,3388.33,3382.4,0.0,0.0,False,2019,0.0
2019-12-10,0.0,0.0,0,3381.86,3378.35,0.0,0.0,False,2019,0.0
2019-12-11,0.0,0.0,0,3383.74,3388.06,0.0,0.0,False,2019,0.0
2019-12-12,-4.233999999999872,-1.8899999999998722,4,3387.79,3416.63,-0.0012497823064593354,-0.0005578858193689315,False,2019,-211.6999999999936
2019-12-13,0.0,0.0,0,3413.67,3418.25,0.0,0.0,False,2019,0.0
2019-12-16,0.0,0.0,0,3434.13,3438.43,0.0,0.0,False,2019,0.0
2019-12-17,0.0,0.0,0,3442.73,3437.89,0.0,0.0,False,2019,0.0
2019-12-18,0.0,0.0,0,3442.73,3439.24,0.0,0.0,False,2019,0.0
2019-12-19,0.0,0.0,0,3440.58,3453.76,0.0,0.0,False,2019,0.0
2019-12-20,0.0,0.0,0,3465.6,3468.55,0.0,0.0,False,2019,0.0
2019-12-23,0.0,0.0,0,3475.55,3470.97,0.0,0.0,False,2019,0.0
2019-12-24,0.0,0.0,0,3473.13,3471.24,0.0,0.0,True,2019,0.0
2019-12-26,0.0,0.0,0,3474.2,3488.46,0.0,0.0,False,2019,0.0
2019-12-27,0.0,0.0,0,3497.06,3487.38,0.0,0.0,False,2019,0.0
2019-12-30,2.226000000000164,4.570000000000164,4,3487.38,3466.94,0.0006383015329560197,0.0013104393556194517,False,2019,111.3000000000082
2019-12-31,0.0,0.0,0,3460.75,3474.74,0.0,0.0,False,2019,0.0
2020-01-02,0.0,0.0,0,3492.76,3505.67,0.0,0.0,False,2020,0.0
2020-01-03,0.0,0.0,0,3465.86,3479.58,0.0,0.0,False,2020,0.0
2020-01-06,0.0,0.0,0,3458.33,3492.76,0.0,0.0,False,2020,0.0
2020-01-07,0.0,0.0,0,3485.23,3482.81,0.0,0.0,False,2020,0.0
2020-01-08,-5.156000000000164,-4.570000000000164,1,3484.69,3500.56,-0.001479615116409254,-0.0013114509468561519,False,2020,-257.8000000000082
2020-01-09,0.0,0.0,0,3519.12,3523.96,0.0,0.0,False,2020,0.0
2020-01-10,0.0,0.0,0,3530.95,3513.47,0.0,0.0,False,2020,0.0
2020-01-13,0.0,0.0,0,3521.27,3537.95,0.0,0.0,False,2020,0.0
2020-01-14,0.0,0.0,0,3532.84,3532.3,0.0,0.0,False,2020,0.0
2020-01-15,-3.2760000000000544,-2.6900000000000546,1,3531.22,3540.64,-0.0009277246957142446,-0.0007617763832330058,False,2020,-163.8000000000027
2020-01-16,0.0,0.0,0,3555.97,3569.15,0.0,0.0,False,2020,0.0
2020-01-17,0.0,0.0,0,3577.48,3580.71,0.0,0.0,False,2020,0.0
2020-01-20,0.0,0.0,0,3572.91,3577.48,0.0,0.0,True,2020,0.0
2020-01-21,0.0,0.0,0,3568.07,3573.18,0.0,0.0,False,2020,0.0
2020-01-22,0.0,0.0,0,3583.13,3573.45,0.0,0.0,False,2020,0.0
2020-01-23,0.0,0.0,0,3564.84,3577.48,0.0,0.0,False,2020,0.0
2020-01-24,9.857999999999745,11.029999999999745,2,3584.21,3544.4,0.0027503968796470475,0.0030773866486616982,False,2020,492.89999999998724
2020-01-27,0.0,0.0,0,3482.27,3487.11,0.0,0.0,False,2020,0.0
2020-01-28,6.144000000000018,6.730000000000018,1,3504.06,3524.5,0.0017533946336535384,0.0019206292129701028,False,2020,307.2000000000009
2020-01-29,0.0,0.0,0,3539.83,3520.73,0.0,0.0,False,2020,0.0
2020-01-30,0.0,0.0,0,3495.45,3531.76,0.0,0.0,False,2020,0.0
2020-01-31,31.153999999999783,31.73999999999978,1,3523.96,3466.94,0.008840622481526403,0.009006912677782886,False,2020,1557.6999999999891
2020-02-03,-5.966000000000109,-5.380000000000109,1,3484.96,3493.3,-0.0017119278270052193,-0.0015437766861025977,False,2020,-298.30000000000547
2020-02-04,0.0,0.0,0,3535.79,3546.02,0.0,0.0,False,2020,0.0
2020-02-05,0.0,0.0,0,3580.44,3586.36,0.0,0.0,False,2020,0.0
2020-02-06,0.0,0.0,0,3597.66,3598.19,0.0,0.0,False,2020,0.0
2020-02-07,0.0,0.0,0,3585.82,3579.1,0.0,0.0,False,2020,0.0
2020-02-10,0.0,0.0,0,3568.07,3605.73,0.0,0.0,False,2020,0.0
2020-02-11,0.0,0.0,0,3621.59,3611.37,0.0,0.0,False,2020,0.0
2020-02-12,0.0,0.0,0,3628.32,3634.5,0.0,0.0,False,2020,0.0
2020-02-13,0.0,0.0,0,3617.29,3630.74,0.0,0.0,False,2020,0.0
2020-02-14,0.0,0.0,0,3634.24,3635.85,0.0,0.0,False,2020,0.0
2020-02-17,0.0,0.0,0,3643.11,3644.99,0.0,0.0,True,2020,0.0
2020-02-18,0.0,0.0,0,3624.01,3625.63,0.0,0.0,False,2020,0.0
2020-02-19,0.0,0.0,0,3637.19,3642.84,0.0,0.0,False,2020,0.0
2020-02-20,-16.726000000000326,-16.140000000000327,1,3636.39,3627.78,-0.004599616652779357,-0.004438467821108387,False,2020,-836.3000000000163
2020-02-21,-7.362000000000054,-6.190000000000055,2,3611.91,3590.13,-0.002038256767195211,-0.0017137747064572635,False,2020,-368.1000000000027
2020-02-24,0.0,0.0,0,3477.97,3470.17,0.0,0.0,False,2020,0.0
2020-02-25,80.914,81.5,1,3486.31,3365.0,0.02320906631940361,0.023377152347324247,False,2020,4045.7000000000003
2020-02-26,-1.935999999999909,-1.349999999999909,1,3380.6,3352.63,-0.0005726794060225726,-0.000399337395728542,False,2020,-96.79999999999545
2020-02-27,-32.586,-32.0,1,3285.93,3199.32,-0.00991682719960559,-0.009738491081672464,False,2020,-1629.3
2020-02-28,-39.0559999999998,-38.4699999999998,1,3104.65,3188.56,-0.012579839917542975,-0.012391090783180004,False,2020,-1952.79999999999
2020-03-02,80.37400000000004,80.96000000000004,1,3206.58,3323.85,0.025065334406127415,0.025248083628039854,False,2020,4018.700000000002
2020-03-03,-82.95199999999974,-81.77999999999975,2,3328.16,3227.83,-0.024924282486418845,-0.024572135955002086,False,2020,-4147.599999999987
2020-03-04,0.0,0.0,0,3290.77,3364.2,0.0,0.0,False,2020,0.0
2020-03-05,0.0,0.0,0,3278.13,3250.69,0.0,0.0,False,2020,0.0
2020-03-06,0.0,0.0,0,3150.37,3195.82,0.0,0.0,False,2020,0.0
2020-03-09,0.0,0.0,0,2971.51,2943.27,0.0,0.0,False,2020,0.0
2020-03-10,0.0,0.0,0,3055.69,3099.81,0.0,0.0,False,2020,0.0
2020-03-11,-5.696000000000128,-5.110000000000127,1,3014.81,2945.69,-0.0018893396267095199,-0.001694965851911108,False,2020,-284.8000000000064
2020-03-12,32.49399999999993,33.07999999999993,1,2757.41,2657.09,0.011784246811319293,0.01199676508027458,False,2020,1624.6999999999964
2020-03-13,0.0,0.0,0,2821.43,2908.84,0.0,0.0,False,2020,0.0
2020-03-16,-56.19199999999998,-55.01999999999998,2,2725.25,2589.89,-0.020619025777451602,-0.02018897348867076,False,2020,-2809.599999999999
2020-03-17,-68.98199999999994,-67.80999999999995,2,2648.18,2757.94,-0.02604883353850567,-0.025606265435129012,False,2020,-3449.099999999997
2020-03-18,-59.41600000000038,-58.83000000000038,1,2563.47,2606.78,-0.0231779580022393,-0.022949361607508722,False,2020,-2970.800000000019
2020-03-19,0.0,0.0,0,2587.17,2612.77,0.0,0.0,False,2020,0.0
2020-03-20,-13.936000000000364,-13.350000000000364,1,2637.28,2488.57,-0.005284232239276969,-0.005062033610386596,False,2020,-696.8000000000183
2020-03-23,-15.33200000000031,-14.16000000000031,2,2483.4,2415.03,-0.006173793992107719,-0.005701860352742332,False,2020,-766.6000000000155
2020-03-24,-31.906000000000162,-31.320000000000164,1,2556.66,2650.63,-0.012479563180086584,-0.012250357888808119,False,2020,-1595.3000000000081
2020-03-25,-12.071999999999637,-10.899999999999636,2,2662.61,2687.12,-0.004533897191101827,-0.004093727583085632,False,2020,-603.5999999999818
2020-03-26,22.02400000000013,22.610000000000127,1,2715.99,2842.37,0.008109013656162258,0.008324772918898866,False,2020,1101.2000000000064
2020-03-27,0.0,0.0,0,2754.12,2758.48,0.0,0.0,False,2020,0.0
2020-03-30,0.0,0.0,0,2781.63,2847.82,0.0,0.0,False,2020,0.0
2020-03-31,0.0,0.0,0,2835.29,2802.88,0.0,0.0,False,2020,0.0
2020-04-01,0.0,0.0,0,2696.11,2676.23,0.0,0.0,False,2020,0.0
2020-04-02,0.0,0.0,0,2666.7,2741.05,0.0,0.0,False,2020,0.0
2020-04-03,0.0,0.0,0,2727.43,2701.29,0.0,0.0,False,2020,0.0
2020-04-06,0.0,0.0,0,2805.6,2883.5,0.0,0.0,False,2020,0.0
2020-04-07,0.0,0.0,0,2984.82,2886.76,0.0,0.0,False,2020,0.0
2020-04-08,0.0,0.0,0,2917.27,2983.45,0.0,0.0,False,2020,0.0
2020-04-09,0.0,0.0,0,3021.31,3028.67,0.0,0.0,False,2020,0.0
2020-04-13,0.0,0.0,0,3016.41,2999.25,0.0,0.0,False,2020,0.0
2020-04-14,0.0,0.0,0,3058.63,3090.76,0.0,0.0,False,2020,0.0
2020-04-15,0.0,0.0,0,3020.77,3023.22,0.0,0.0,False,2020,0.0
2020-04-16,0.0,0.0,0,3038.2,3038.2,0.0,0.0,False,2020,0.0
2020-04-17,0.0,0.0,0,3105.2,3120.72,0.0,0.0,False,2020,0.0
2020-04-20,0.0,0.0,0,3075.24,3064.89,0.0,0.0,False,2020,0.0
2020-04-21,0.0,0.0,0,3011.78,2970.92,0.0,0.0,False,2020,0.0
2020-04-22,0.0,0.0,0,3029.48,3038.47,0.0,0.0,False,2020,0.0
2020-04-23,0.0,0.0,0,3052.63,3037.38,0.0,0.0,False,2020,0.0
2020-04-24,0.0,0.0,0,3055.9,3080.96,0.0,0.0,False,2020,0.0
2020-04-27,0.0,0.0,0,3103.84,3125.9,0.0,0.0,False,2020,0.0
2020-04-28,0.0,0.0,0,3168.66,3111.46,0.0,0.0,False,2020,0.0
2020-04-29,0.0,0.0,0,3173.83,3191.81,0.0,0.0,False,2020,0.0
2020-04-30,0.0,0.0,0,3175.47,3160.76,0.0,0.0,False,2020,0.0
2020-05-01,0.0,0.0,0,3105.2,3076.87,0.0,0.0,False,2020,0.0
2020-05-04,0.0,0.0,0,3055.08,3086.41,0.0,0.0,False,2020,0.0
2020-05-05,0.0,0.0,0,3119.36,3114.46,0.0,0.0,False,2020,0.0
2020-05-06,0.0,0.0,0,3134.89,3094.03,0.0,0.0,False,2020,0.0
2020-05-07,0.0,0.0,0,3131.62,3131.07,0.0,0.0,False,2020,0.0
2020-05-08,0.0,0.0,0,3168.11,3182.82,0.0,0.0,False,2020,0.0
2020-05-11,0.0,0.0,0,3159.67,3183.64,0.0,0.0,False,2020,0.0
2020-05-12,0.0,0.0,0,3197.53,3118.82,0.0,0.0,False,2020,0.0
2020-05-13,1.5940000000002912,2.180000000000291,1,3112.83,3064.89,0.0005120742218496646,0.0007003273548508242,False,2020,79.70000000001455
2020-05-14,-32.726000000000326,-32.14000000000033,1,3035.47,3101.11,-0.010781196981027757,-0.01058814615199634,False,2020,-1636.3000000000163
2020-05-15,0.0,0.0,0,3072.79,3114.73,0.0,0.0,False,2020,0.0
2020-05-18,0.0,0.0,0,3188.81,3209.79,0.0,0.0,False,2020,0.0
2020-05-19,0.0,0.0,0,3202.7,3177.38,0.0,0.0,False,2020,0.0
2020-05-20,0.0,0.0,0,3218.77,3231.58,0.0,0.0,False,2020,0.0
2020-05-21,0.0,0.0,0,3229.4,3207.34,0.0,0.0,False,2020,0.0
2020-05-22,0.0,0.0,0,3204.88,3214.14,0.0,0.0,False,2020,0.0
2020-05-25,0.0,0.0,0,3252.82,3256.9,0.0,0.0,True,2020,0.0
2020-05-26,0.0,0.0,0,3286.05,3255.0,0.0,0.0,False,2020,0.0
2020-05-27,0.0,0.0,0,3287.41,3302.39,0.0,0.0,False,2020,0.0
2020-05-28,0.0,0.0,0,3315.74,3297.21,0.0,0.0,False,2020,0.0
2020-05-29,0.0,0.0,0,3291.49,3310.02,0.0,0.0,False,2020,0.0
2020-06-01,0.0,0.0,0,3304.02,3325.81,0.0,0.0,False,2020,0.0
2020-06-02,0.0,0.0,0,3336.16,3353.32,0.0,0.0,False,2020,0.0
2020-06-03,0.0,0.0,0,3375.93,3398.26,0.0,0.0,False,2020,0.0
2020-06-04,0.0,0.0,0,3385.73,3388.18,0.0,0.0,False,2020,0.0
2020-06-05,-16.1160000000002,-15.530000000000198,1,3453.01,3474.79,-0.004667232356697547,-0.004497525347450543,False,2020,-805.80000000001
2020-06-08,0.0,0.0,0,3485.96,3518.64,0.0,0.0,False,2020,0.0
2020-06-09,0.0,0.0,0,3486.51,3492.5,0.0,0.0,False,2020,0.0
2020-06-10,3.2239999999999456,3.8099999999999454,1,3499.03,3473.16,0.0009213982160770115,0.001088873202001682,False,2020,161.1999999999973
2020-06-11,87.65400000000024,88.24000000000024,1,3390.09,3272.43,0.02585595072697192,0.02602880749478634,False,2020,4382.700000000012
2020-06-12,0.0,0.0,0,3354.96,3310.83,0.0,0.0,False,2020,0.0
2020-06-15,-5.052000000000109,-3.880000000000109,2,3288.17,3387.67,-0.0015364169127508945,-0.001179987652706554,False,2020,-252.60000000000545
2020-06-16,0.0,0.0,0,3482.18,3454.18,0.0,0.0,False,2020,0.0
2020-06-17,0.0,0.0,0,3466.93,3438.94,0.0,0.0,False,2020,0.0
2020-06-18,0.0,0.0,0,3421.2,3440.05,0.0,0.0,False,2020,0.0
2020-06-19,0.0,0.0,0,3482.45,3419.54,0.0,0.0,False,2020,0.0
2020-06-22,0.0,0.0,0,3413.44,3443.38,0.0,0.0,False,2020,0.0
2020-06-23,0.0,0.0,0,3474.69,3458.62,0.0,0.0,False,2020,0.0
2020-06-24,-9.238000000000472,-7.480000000000472,3,3433.95,3370.48,-0.0026901964210313115,-0.0021782495377045304,False,2020,-461.9000000000236
2020-06-25,0.0,0.0,0,3363.55,3406.24,0.0,0.0,False,2020,0.0
2020-06-26,9.113999999999818,9.699999999999818,1,3393.49,3325.58,0.002685730619509655,0.0028584141989514687,False,2020,455.6999999999909
2020-06-29,0.0,0.0,0,3340.55,3374.09,0.0,0.0,False,2020,0.0
2020-06-30,0.0,0.0,0,3368.82,3417.88,0.0,0.0,False,2020,0.0
2020-07-01,0.0,0.0,0,3430.63,3441.99,0.0,0.0,False,2020,0.0
2020-07-02,0.0,0.0,0,3483.29,3460.56,0.0,0.0,False,2020,0.0
2020-07-03,0.0,0.0,0,3457.51,3453.91,0.0,0.0,True,2020,0.0
2020-07-06,0.0,0.0,0,3507.12,3513.5,0.0,0.0,False,2020,0.0
2020-07-07,0.0,0.0,0,3495.48,3477.19,0.0,0.0,False,2020,0.0
2020-07-08,0.0,0.0,0,3486.61,3503.52,0.0,0.0,False,2020,0.0
2020-07-09,-12.226000000000328,-11.640000000000327,1,3511.28,3484.67,-0.003481921122781529,-0.0033150304162585516,False,2020,-611.3000000000164
2020-07-10,0.0,0.0,0,3482.73,3520.15,0.0,0.0,False,2020,0.0
2020-07-13,0.0,0.0,0,3548.14,3489.94,0.0,0.0,False,2020,0.0
2020-07-14,0.0,0.0,0,3471.92,3534.28,0.0,0.0,False,2020,0.0
2020-07-15,0.0,0.0,0,3573.08,3567.82,0.0,0.0,False,2020,0.0
2020-07-16,0.0,0.0,0,3544.54,3555.62,0.0,0.0,False,2020,0.0
2020-07-17,0.0,0.0,0,3567.26,3565.88,0.0,0.0,False,2020,0.0
2020-07-20,0.0,0.0,0,3562.83,3594.98,0.0,0.0,False,2020,0.0
2020-07-21,0.0,0.0,0,3618.26,3602.18,0.0,0.0,False,2020,0.0
2020-07-22,0.0,0.0,0,3598.3,3622.69,0.0,0.0,False,2020,0.0
2020-07-23,0.0,0.0,0,3618.81,3579.46,0.0,0.0,False,2020,0.0
2020-07-24,0.0,0.0,0,3557.56,3556.45,0.0,0.0,False,2020,0.0
2020-07-27,0.0,0.0,0,3565.32,3581.95,0.0,0.0,False,2020,0.0
2020-07-28,0.0,0.0,0,3573.92,3560.61,0.0,0.0,False,2020,0.0
2020-07-29,0.0,0.0,0,3570.31,3603.29,0.0,0.0,False,2020,0.0
2020-07-30,-7.796000000000037,-7.210000000000036,1,3567.82,3590.82,-0.0021850878127259886,-0.0020208418586139536,False,2020,-389.80000000000183
2020-07-31,-11.955999999999891,-11.36999999999989,1,3611.89,3619.65,-0.003310178327689905,-0.0031479363989489967,False,2020,-597.7999999999946
2020-08-03,0.0,0.0,0,3639.6,3644.04,0.0,0.0,False,2020,0.0
2020-08-04,0.0,0.0,0,3634.06,3658.45,0.0,0.0,False,2020,0.0
2020-08-05,0.0,0.0,0,3674.25,3680.62,0.0,0.0,False,2020,0.0
2020-08-06,0.0,0.0,0,3673.69,3705.56,0.0,0.0,False,2020,0.0
2020-08-07,0.0,0.0,0,3693.92,3708.06,0.0,0.0,False,2020,0.0
2020-08-10,0.0,0.0,0,3713.88,3719.42,0.0,0.0,False,2020,0.0
2020-08-11,0.0,0.0,0,3734.11,3689.49,0.0,0.0,False,2020,0.0
2020-08-12,-0.3420000000000727,0.8299999999999272,2,3718.04,3739.65,-9.19839485320418e-05,0.00022323589848412799,False,2020,-17.100000000003636
2020-08-13,0.0,0.0,0,3730.78,3733.28,0.0,0.0,False,2020,0.0
2020-08-14,0.0,0.0,0,3728.84,3733.56,0.0,0.0,False,2020,0.0
2020-08-17,0.0,0.0,0,3745.75,3745.2,0.0,0.0,False,2020,0.0
2020-08-18,0.0,0.0,0,3750.19,3753.51,0.0,0.0,False,2020,0.0
2020-08-19,0.0,0.0,0,3758.22,3737.99,0.0,0.0,False,2020,0.0
2020-08-20,0.0,0.0,0,3716.93,3749.35,0.0,0.0,False,2020,0.0
2020-08-21,0.0,0.0,0,3745.47,3762.38,0.0,0.0,False,2020,0.0
2020-08-24,0.0,0.0,0,3792.04,3800.91,0.0,0.0,False,2020,0.0
2020-08-25,0.0,0.0,0,3807.83,3813.93,0.0,0.0,False,2020,0.0
2020-08-26,-6.991999999999709,-5.819999999999709,2,3821.14,3852.46,-0.0018298204200839826,-0.0015231056700355677,False,2020,-349.5999999999854
2020-08-27,0.0,0.0,0,3862.99,3860.49,0.0,0.0,False,2020,0.0
2020-08-28,0.0,0.0,0,3873.24,3885.71,0.0,0.0,False,2020,0.0
2020-08-31,0.0,0.0,0,3883.22,3871.86,0.0,0.0,False,2020,0.0
2020-09-01,0.0,0.0,0,3881.83,3908.16,0.0,0.0,False,2020,0.0
2020-09-02,13.274000000000127,13.860000000000127,1,3931.45,3964.98,0.0033763624108153804,0.003525416830940271,False,2020,663.7000000000063
2020-09-03,81.17399999999977,81.75999999999976,1,3944.47,3828.34,0.020579190613694558,0.020727753031459174,False,2020,4058.6999999999884
2020-09-04,-14.020000000000145,-11.090000000000146,5,3836.1,3797.58,-0.00365475352571626,-0.002890956961497392,False,2020,-701.0000000000073
2020-09-07,0.0,0.0,0,3790.93,3805.89,0.0,0.0,True,2020,0.0
2020-09-08,0.0,0.0,0,3731.34,3694.2,0.0,0.0,False,2020,0.0
2020-09-09,0.0,0.0,0,3741.59,3765.43,0.0,0.0,False,2020,0.0
2020-09-10,0.0,0.0,0,3788.43,3700.58,0.0,0.0,False,2020,0.0
2020-09-11,0.0,0.0,0,3721.64,3702.52,0.0,0.0,False,2020,0.0
2020-09-14,7.473999999999945,8.059999999999945,1,3740.21,3750.77,0.0019982835188398365,0.002154959213520082,False,2020,373.69999999999726
2020-09-15,0.0,0.0,0,3780.8,3769.68,0.0,0.0,False,2020,0.0
2020-09-16,0.0,0.0,0,3785.52,3754.94,0.0,0.0,False,2020,0.0
2020-09-17,0.0,0.0,0,3695.73,3722.14,0.0,0.0,False,2020,0.0
2020-09-18,0.0,0.0,0,3730.76,3678.21,0.0,0.0,False,2020,0.0
2020-09-21,0.0,0.0,0,3622.89,3636.79,0.0,0.0,False,2020,0.0
2020-09-22,0.0,0.0,0,3654.03,3673.77,0.0,0.0,False,2020,0.0
2020-09-23,0.0,0.0,0,3679.88,3588.14,0.0,0.0,False,2020,0.0
2020-09-24,0.0,0.0,0,3572.02,3597.59,0.0,0.0,False,2020,0.0
2020-09-25,0.0,0.0,0,3587.03,3655.7,0.0,0.0,False,2020,0.0
2020-09-28,0.0,0.0,0,3706.29,3717.41,0.0,0.0,False,2020,0.0
2020-09-29,0.0,0.0,0,3714.91,3697.12,0.0,0.0,False,2020,0.0
2020-09-30,10.778000000000272,11.950000000000273,2,3704.9,3724.92,0.002909120354125691,0.0032254581770088998,False,2020,538.9000000000136
2020-10-01,0.0,0.0,0,3755.5,3747.71,0.0,0.0,False,2020,0.0
2020-10-02,0.0,0.0,0,3688.22,3712.41,0.0,0.0,False,2020,0.0
2020-10-05,0.0,0.0,0,3736.87,3778.02,0.0,0.0,False,2020,0.0
2020-10-06,0.0,0.0,0,3779.96,3724.36,0.0,0.0,False,2020,0.0
2020-10-07,0.0,0.0,0,3759.95,3788.58,0.0,0.0,False,2020,0.0
2020-10-08,0.0,0.0,0,3812.49,3822.5,0.0,0.0,False,2020,0.0
2020-10-09,0.0,0.0,0,3843.35,3857.25,0.0,0.0,False,2020,0.0
2020-10-12,0.0,0.0,0,3888.38,3919.8,0.0,0.0,False,2020,0.0
2020-10-13,0.0,0.0,0,3918.13,3894.22,0.0,0.0,False,2020,0.0
2020-10-14,0.0,0.0,0,3900.89,3870.31,0.0,0.0,False,2020,0.0
2020-10-15,0.0,0.0,0,3821.94,3865.03,0.0,0.0,False,2020,0.0
2020-10-16,0.0,0.0,0,3880.88,3862.53,0.0,0.0,False,2020,0.0
2020-10-19,1.3540000000000547,1.9400000000000546,1,3877.82,3804.15,0.0003491652526419624,0.0005002810857646962,False,2020,67.70000000000273
2020-10-20,0.0,0.0,0,3819.72,3818.88,0.0,0.0,False,2020,0.0
2020-10-21,-5.036000000000273,-4.450000000000273,1,3818.33,3811.1,-0.0013189011950251218,-0.001165430960655646,False,2020,-251.80000000001365
2020-10-22,0.0,0.0,0,3814.16,3833.62,0.0,0.0,False,2020,0.0
2020-10-23,0.0,0.0,0,3847.52,3845.57,0.0,0.0,False,2020,0.0
2020-10-26,11.09400000000029,11.680000000000291,1,3804.98,3774.68,0.0029156526446920327,0.0030696613385616457,False,2020,554.7000000000145
2020-10-27,0.0,0.0,0,3777.74,3762.17,0.0,0.0,False,2020,0.0
2020-10-28,-15.351999999999837,-14.179999999999836,2,3692.95,3632.62,-0.004157110169376741,-0.003839748710380546,False,2020,-767.5999999999918
2020-10-29,-18.12199999999982,-16.949999999999818,2,3634.85,3669.32,-0.004985625266517138,-0.0046631910532758765,False,2020,-906.0999999999909
2020-10-30,-14.766000000000291,-14.180000000000291,1,3649.02,3630.95,-0.004046565927290147,-0.003885974864484243,False,2020,-738.3000000000146
2020-11-02,0.0,0.0,0,3671.82,3671.54,0.0,0.0,False,2020,0.0
2020-11-03,9.414,10.0,1,3710.74,3735.2,0.002536960282854633,0.002694880266469761,False,2020,470.7
2020-11-04,2.1940000000002002,2.7800000000002,1,3790.8,3819.72,0.0005787696528437797,0.0007333544370581935,False,2020,109.70000000001001
2020-11-05,0.0,0.0,0,3883.38,3894.78,0.0,0.0,False,2020,0.0
2020-11-06,0.0,0.0,0,3891.16,3893.94,0.0,0.0,False,2020,0.0
2020-11-09,0.0,0.0,0,4048.23,3943.7,0.0,0.0,False,2020,0.0
2020-11-10,0.0,0.0,0,3931.19,3938.42,0.0,0.0,False,2020,0.0
2020-11-11,0.0,0.0,0,3964.0,3966.5,0.0,0.0,False,2020,0.0
2020-11-12,0.0,0.0,0,3955.38,3929.25,0.0,0.0,False,2020,0.0
2020-11-13,0.0,0.0,0,3951.49,3982.9,0.0,0.0,False,2020,0.0
2020-11-16,0.0,0.0,0,4015.43,4032.39,0.0,0.0,False,2020,0.0
2020-11-17,0.0,0.0,0,4004.03,4011.54,0.0,0.0,False,2020,0.0
2020-11-18,0.0,0.0,0,4014.04,3962.61,0.0,0.0,False,2020,0.0
2020-11-19,0.0,0.0,0,3955.1,3978.73,0.0,0.0,False,2020,0.0
2020-11-20,0.0,0.0,0,3975.95,3951.49,0.0,0.0,False,2020,0.0
2020-11-23,0.0,0.0,0,3973.17,3975.95,0.0,0.0,False,2020,0.0
2020-11-24,-8.9520000000002,-7.780000000000201,2,4005.98,4039.34,-0.002234659184519194,-0.0019420965656344268,False,2020,-447.60000000001
2020-11-25,0.0,0.0,0,4038.5,4033.5,0.0,0.0,False,2020,0.0
2020-11-26,0.0,0.0,0,4034.89,4022.93,0.0,0.0,True,2020,0.0
2020-11-27,0.0,0.0,0,4046.29,4044.34,0.0,0.0,True,2020,0.0
2020-11-30,2.4639999999997273,3.049999999999727,1,4034.89,4026.27,0.0006106734012574636,0.0007559066046409511,False,2020,123.19999999998636
2020-12-01,-8.095999999999764,-7.5099999999997635,1,4065.75,4070.75,-0.0019912685236425664,-0.0018471376744757459,False,2020,-404.7999999999882
2020-12-02,0.0,0.0,0,4057.41,4078.81,0.0,0.0,False,2020,0.0
2020-12-03,0.0,0.0,0,4077.7,4077.7,0.0,0.0,False,2020,0.0
2020-12-04,8.288000000000036,9.460000000000036,2,4084.09,4113.01,0.0020293382369144745,0.002316305468292823,False,2020,414.4000000000018
2020-12-07,0.0,0.0,0,4103.83,4104.67,0.0,0.0,False,2020,0.0
2020-12-08,0.0,0.0,0,4088.82,4116.34,0.0,0.0,False,2020,0.0
2020-12-09,0.0,0.0,0,4124.13,4079.65,0.0,0.0,False,2020,0.0
2020-12-10,0.0,0.0,0,4062.69,4077.98,0.0,0.0,False,2020,0.0
2020-12-11,0.0,0.0,0,4057.13,4072.7,0.0,0.0,False,2020,0.0
2020-12-14,0.0,0.0,0,4099.12,4054.55,0.0,0.0,False,2020,0.0
2020-12-15,0.0,0.0,0,4086.3,4109.15,0.0,0.0,False,2020,0.0
2020-12-16,0.0,0.0,0,4112.77,4116.95,0.0,0.0,False,2020,0.0
2020-12-17,0.0,0.0,0,4135.61,4137.84,0.0,0.0,False,2020,0.0
2020-12-18,-28.787999999999744,-27.029999999999745,3,4140.62,4123.08,-0.006952581980476292,-0.006528007882877382,False,2020,-1439.3999999999871
2020-12-21,-6.9960000000003095,-6.410000000000309,1,4073.49,4106.64,-0.001717446219335339,-0.0015735892318381314,False,2020,-349.8000000000155
2020-12-22,0.0,0.0,0,4109.15,4098.56,0.0,0.0,False,2020,0.0
2020-12-23,0.0,0.0,0,4109.7,4101.63,0.0,0.0,False,2020,0.0
2020-12-24,0.0,0.0,0,4107.48,4114.72,0.0,0.0,True,2020,0.0
2020-12-28,0.0,0.0,0,4148.15,4153.72,0.0,0.0,False,2020,0.0
2020-12-29,0.0,0.0,0,4172.1,4146.47,0.0,0.0,False,2020,0.0
2020-12-30,0.0,0.0,0,4155.39,4150.65,0.0,0.0,False,2020,0.0
2020-12-31,0.0,0.0,0,4148.7,4172.38,0.0,0.0,False,2020,0.0
2021-01-04,12.233999999999709,12.819999999999709,1,4187.98,4115.55,0.002921217388812676,0.003061141648240849,False,2021,611.6999999999854
2021-01-05,-5.316000000000473,-4.730000000000473,1,4106.64,4142.3,-0.0012944889252528766,-0.0011517931934624103,False,2021,-265.80000000002366
2021-01-06,-2.8159999999995633,-2.2299999999995634,1,4125.03,4167.92,-0.0006826617018541837,-0.0005406021289541079,False,2021,-140.79999999997816
2021-01-07,11.393999999999563,11.979999999999563,1,4196.06,4228.93,0.002715404450841876,0.0028550592698864084,False,2021,569.6999999999781
2021-01-08,0.0,0.0,0,4245.64,4253.17,0.0,0.0,False,2021,0.0
2021-01-11,0.0,0.0,0,4215.0,4225.59,0.0,0.0,False,2021,0.0
2021-01-12,0.0,0.0,0,4226.42,4226.15,0.0,0.0,False,2021,0.0
2021-01-13,0.0,0.0,0,4224.47,4237.01,0.0,0.0,False,2021,0.0
2021-01-14,0.0,0.0,0,4245.64,4223.36,0.0,0.0,False,2021,0.0
2021-01-15,0.0,0.0,0,4202.47,4191.6,0.0,0.0,False,2021,0.0
2021-01-18,0.0,0.0,0,4191.88,4199.12,0.0,0.0,True,2021,0.0
2021-01-19,0.0,0.0,0,4221.13,4223.64,0.0,0.0,False,2021,0.0
2021-01-20,0.0,0.0,0,4251.49,4281.86,0.0,0.0,False,2021,0.0
2021-01-21,0.0,0.0,0,4289.1,4285.76,0.0,0.0,False,2021,0.0
2021-01-22,0.0,0.0,0,4263.47,4270.72,0.0,0.0,False,2021,0.0
2021-01-25,0.0,0.0,0,4279.91,4288.27,0.0,0.0,False,2021,0.0
2021-01-26,0.0,0.0,0,4299.13,4281.58,0.0,0.0,False,2021,0.0
2021-01-27,-46.02200000000036,-44.850000000000364,2,4240.91,4177.4,-0.010851916216095216,-0.010575560433963552,False,2021,-2301.100000000018
2021-01-28,-0.586,0.0,1,4197.73,4211.66,-0.00013959925959983134,0.0,False,2021,-29.299999999999997
2021-01-29,2.7180000000003277,3.8900000000003274,2,4189.65,4128.37,0.0006487415416563026,0.0009284785125249908,False,2021,135.90000000001638
2021-02-01,0.0,0.0,0,4168.2,4194.95,0.0,0.0,False,2021,0.0
2021-02-02,11.393999999999563,11.979999999999563,1,4233.11,4254.84,0.002691638062795336,0.0028300705627776184,False,2021,569.6999999999781
2021-02-03,0.0,0.0,0,4264.59,4258.74,0.0,0.0,False,2021,0.0
2021-02-04,0.0,0.0,0,4270.16,4306.93,0.0,0.0,False,2021,0.0
2021-02-05,0.0,0.0,0,4329.49,4323.64,0.0,0.0,False,2021,0.0
2021-02-08,0.0,0.0,0,4341.19,4355.68,0.0,0.0,False,2021,0.0
2021-02-09,0.0,0.0,0,4345.37,4352.34,0.0,0.0,False,2021,0.0
2021-02-10,0.0,0.0,0,4372.95,4350.66,0.0,0.0,False,2021,0.0
2021-02-11,0.0,0.0,0,4363.48,4358.19,0.0,0.0,False,2021,0.0
2021-02-12,0.0,0.0,0,4347.6,4379.91,0.0,0.0,False,2021,0.0
2021-02-15,0.0,0.0,0,4398.86,4401.92,0.0,0.0,True,2021,0.0
2021-02-16,0.0,0.0,0,4393.56,4376.01,0.0,0.0,False,2021,0.0
2021-02-17,0.0,0.0,0,4354.01,4376.85,0.0,0.0,False,2021,0.0
2021-02-18,0.0,0.0,0,4344.26,4358.19,0.0,0.0,False,2021,0.0
2021-02-19,0.0,0.0,0,4372.11,4349.55,0.0,0.0,False,2021,0.0
2021-02-22,0.0,0.0,0,4315.84,4317.24,0.0,0.0,False,2021,0.0
2021-02-23,-24.26600000000029,-23.68000000000029,1,4289.1,4321.14,-0.005657597164906458,-0.005520971765638546,False,2021,-1213.3000000000145
2021-02-24,25.593999999999383,26.17999999999938,1,4307.77,4368.49,0.0059413571290944924,0.006077390389923181,False,2021,1279.6999999999691
2021-02-25,67.94399999999975,68.52999999999975,1,4353.73,4263.75,0.015605928709405442,0.015740525939826253,False,2021,3397.1999999999875
2021-02-26,-44.03599999999982,-43.44999999999982,1,4286.04,4240.35,-0.010274285820944232,-0.01013756287855452,False,2021,-2201.7999999999906
2021-03-01,9.72399999999949,10.30999999999949,1,4299.69,4343.14,0.002261558391418798,0.0023978472866647343,False,2021,486.1999999999745
2021-03-02,0.0,0.0,0,4346.49,4310.27,0.0,0.0,False,2021,0.0
2021-03-03,0.0,0.0,0,4301.08,4253.17,0.0,0.0,False,2021,0.0
2021-03-04,2.194000000000655,2.780000000000655,1,4250.1,4200.24,0.0005162231476907967,0.0006541022564176501,False,2021,109.70000000003274
2021-03-05,-31.785999999999817,-31.199999999999818,1,4241.47,4276.57,-0.007494099922904044,-0.007355940275423336,False,2021,-1589.2999999999909
2021-03-08,0.0,0.0,0,4288.54,4256.23,0.0,0.0,False,2021,0.0
2021-03-09,-6.156000000000619,-5.5700000000006185,1,4301.92,4315.57,-0.0014309889537696234,-0.0012947707070332824,False,2021,-307.80000000003093
2021-03-10,0.0,0.0,0,4344.54,4342.59,0.0,0.0,False,2021,0.0
2021-03-11,0.0,0.0,0,4372.39,4386.32,0.0,0.0,False,2021,0.0
2021-03-12,0.0,0.0,0,4371.0,4393.56,0.0,0.0,False,2021,0.0
2021-03-15,0.0,0.0,0,4390.5,4414.48,0.0,0.0,False,2021,0.0
2021-03-16,0.0,0.0,0,4420.89,4408.07,0.0,0.0,False,2021,0.0
2021-03-17,0.0,0.0,0,4392.17,4421.73,0.0,0.0,False,2021,0.0
2021-03-18,0.0,0.0,0,4390.78,4357.03,0.0,0.0,False,2021,0.0
2021-03-19,0.0,0.0,0,4352.85,4348.11,0.0,0.0,False,2021,0.0
2021-03-22,-1.1819999999993087,-0.009999999999308784,2,4354.8,4383.25,-0.00027142463488548466,-2.296316707841642e-06,False,2021,-59.09999999996543
2021-03-23,0.0,0.0,0,4375.72,4349.23,0.0,0.0,False,2021,0.0
2021-03-24,0.0,0.0,0,4366.24,4326.92,0.0,0.0,False,2021,0.0
2021-03-25,0.0,0.0,0,4310.18,4351.18,0.0,0.0,False,2021,0.0
2021-03-26,0.0,0.0,0,4365.4,4420.62,0.0,0.0,False,2021,0.0
2021-03-29,0.0,0.0,0,4403.6,4419.22,0.0,0.0,False,2021,0.0
2021-03-30,0.0,0.0,0,4403.6,4408.35,0.0,0.0,False,2021,0.0
2021-03-31,-2.535999999999818,-1.949999999999818,1,4413.92,4427.03,-0.0005745459818029819,-0.00044178417370496477,False,2021,-126.7999999999909
2021-04-01,0.0,0.0,0,4448.5,4472.49,0.0,0.0,False,2021,0.0
2021-04-05,16.98399999999971,17.56999999999971,1,4504.55,4536.62,0.003770409918859755,0.0039005006049438254,False,2021,849.1999999999855
2021-04-06,0.0,0.0,0,4530.49,4533.84,0.0,0.0,False,2021,0.0
2021-04-07,0.0,0.0,0,4532.44,4539.41,0.0,0.0,False,2021,0.0
2021-04-08,0.0,0.0,0,4554.19,4561.44,0.0,0.0,False,2021,0.0
2021-04-09,0.0,0.0,0,4559.77,4594.91,0.0,0.0,False,2021,0.0
2021-04-12,0.0,0.0,0,4587.66,4596.86,0.0,0.0,False,2021,0.0
2021-04-13,0.0,0.0,0,4595.47,4609.69,0.0,0.0,False,2021,0.0
2021-04-14,-6.156000000000619,-5.5700000000006185,1,4609.41,4595.74,-0.0013355288420862147,-0.0012083976040318867,False,2021,-307.80000000003093
2021-04-15,0.0,0.0,0,4620.01,4643.99,0.0,0.0,False,2021,0.0
2021-04-16,0.0,0.0,0,4659.33,4659.61,0.0,0.0,False,2021,0.0
2021-04-19,0.0,0.0,0,4647.89,4637.3,0.0,0.0,False,2021,0.0
2021-04-20,-19.597999999999235,-17.839999999999236,3,4621.68,4603.27,-0.004240449360405574,-0.0038600682003079477,False,2021,-979.8999999999618
2021-04-21,20.831999999999237,22.589999999999236,3,4594.91,4645.66,0.004533712303396419,0.0049163095686312105,False,2021,1041.599999999962
2021-04-22,-6.436000000000364,-5.850000000000364,1,4643.99,4603.83,-0.0013858772305712038,-0.001259692634997139,False,2021,-321.8000000000182
2021-04-23,6.943999999999745,7.529999999999745,1,4609.97,4652.36,0.001506300474840345,0.0016334162695201368,False,2021,347.19999999998726
2021-04-26,0.0,0.0,0,4660.72,4662.95,0.0,0.0,False,2021,0.0
2021-04-27,0.0,0.0,0,4666.02,4661.56,0.0,0.0,False,2021,0.0
2021-04-28,0.0,0.0,0,4664.9,4660.44,0.0,0.0,False,2021,0.0
2021-04-29,0.0,0.0,0,4692.79,4689.17,0.0,0.0,False,2021,0.0
2021-04-30,0.0,0.0,0,4662.67,4659.61,0.0,0.0,False,2021,0.0
2021-05-03,0.0,0.0,0,4683.03,4669.64,0.0,0.0,False,2021,0.0
2021-05-04,1.6439999999995636,2.2299999999995634,1,4645.66,4641.2,0.0003538786738589487,0.0004800179091882668,False,2021,82.19999999997817
2021-05-05,0.0,0.0,0,4660.16,4641.48,0.0,0.0,False,2021,0.0
2021-05-06,0.0,0.0,0,4642.87,4678.85,0.0,0.0,False,2021,0.0
2021-05-07,-0.30599999999934513,0.28000000000065484,1,4688.33,4712.31,-6.5268443134196e-05,5.972275842371481e-05,False,2021,-15.299999999967257
2021-05-10,0.0,0.0,0,4716.77,4666.86,0.0,0.0,False,2021,0.0
2021-05-11,0.0,0.0,0,4611.64,4625.03,0.0,0.0,False,2021,0.0
2021-05-12,25.343999999999383,25.92999999999938,1,4591.0,4526.31,0.0055203659333477205,0.005648006970158872,False,2021,1267.1999999999691
2021-05-13,-24.92399999999993,-22.579999999999927,4,4544.15,4579.85,-0.005484854153141937,-0.004969026110493696,False,2021,-1246.1999999999964
2021-05-14,3.3139999999996363,3.899999999999636,1,4612.48,4650.4,0.0007184855002080522,0.0008455321215484157,False,2021,165.69999999998183
2021-05-17,0.0,0.0,0,4636.74,4638.69,0.0,0.0,False,2021,0.0
2021-05-18,0.0,0.0,0,4641.48,4599.09,0.0,0.0,False,2021,0.0
2021-05-19,0.0,0.0,0,4541.92,4586.26,0.0,0.0,False,2021,0.0
2021-05-20,-5.668000000000764,-3.910000000000764,3,4596.58,4635.34,-0.001233090689164719,-0.0008506324267174212,False,2021,-283.4000000000382
2021-05-21,0.0,0.0,0,4653.19,4632.0,0.0,0.0,False,2021,0.0
2021-05-24,0.0,0.0,0,4658.49,4678.85,0.0,0.0,False,2021,0.0
2021-05-25,0.0,0.0,0,4691.95,4669.09,0.0,0.0,False,2021,0.0
2021-05-26,0.0,0.0,0,4675.5,4678.01,0.0,0.0,False,2021,0.0
2021-05-27,0.0,0.0,0,4690.0,4679.41,0.0,0.0,False,2021,0.0
2021-05-28,0.0,0.0,0,4698.93,4688.89,0.0,0.0,False,2021,0.0
2021-05-31,0.0,0.0,0,4683.03,4675.22,0.0,0.0,True,2021,0.0
2021-06-01,0.0,0.0,0,4717.05,4684.15,0.0,0.0,False,2021,0.0
2021-06-02,0.0,0.0,0,4692.23,4691.95,0.0,0.0,False,2021,0.0
2021-06-03,0.0,0.0,0,4663.79,4674.66,0.0,0.0,False,2021,0.0
2021-06-04,0.0,0.0,0,4696.42,4716.49,0.0,0.0,False,2021,0.0
2021-06-07,0.0,0.0,0,4716.77,4713.15,0.0,0.0,False,2021,0.0
2021-06-08,0.0,0.0,0,4722.91,4713.43,0.0,0.0,False,2021,0.0
2021-06-09,0.0,0.0,0,4723.47,4706.46,0.0,0.0,False,2021,0.0
2021-06-10,0.0,0.0,0,4721.24,4727.93,0.0,0.0,False,2021,0.0
2021-06-11,0.0,0.0,0,4734.9,4735.74,0.0,0.0,False,2021,0.0
2021-06-14,0.0,0.0,0,4737.4,4748.02,0.0,0.0,False,2021,0.0
2021-06-15,0.0,0.0,0,4748.58,4737.12,0.0,0.0,False,2021,0.0
2021-06-16,0.0,0.0,0,4739.08,4710.57,0.0,0.0,False,2021,0.0
2021-06-17,-16.796000000000035,-16.210000000000036,1,4704.98,4709.18,-0.0035698345157684063,-0.0034452856335202356,False,2021,-839.8000000000018
2021-06-18,0.0,0.0,0,4668.09,4644.62,0.0,0.0,False,2021,0.0
2021-06-21,19.254000000000147,19.840000000000146,1,4665.58,4710.85,0.0041268181019294805,0.004252418777515367,False,2021,962.7000000000073
2021-06-22,-9.245999999999855,-8.659999999999854,1,4710.57,4735.45,-0.0019628197861405,-0.0018384187051672845,False,2021,-462.29999999999274
2021-06-23,0.0,0.0,0,4736.56,4730.7,0.0,0.0,False,2021,0.0
2021-06-24,0.0,0.0,0,4755.85,4757.8,0.0,0.0,False,2021,0.0
2021-06-25,0.0,0.0,0,4767.03,4774.29,0.0,0.0,False,2021,0.0
2021-06-28,0.0,0.0,0,4781.56,4784.91,0.0,0.0,False,2021,0.0
2021-06-29,0.0,0.0,0,4789.39,4787.43,0.0,0.0,False,2021,0.0
2021-06-30,0.0,0.0,0,4781.84,4791.9,0.0,0.0,False,2021,0.0
2021-07-01,0.0,0.0,0,4800.29,4818.73,0.0,0.0,False,2021,0.0
2021-07-02,0.0,0.0,0,4831.87,4855.06,0.0,0.0,False,2021,0.0
2021-07-05,0.0,0.0,0,4855.34,4853.39,0.0,0.0,True,2021,0.0
2021-07-06,-7.5760000000006915,-6.990000000000691,1,4855.62,4845.56,-0.0015602538913672592,-0.0014395689942789368,False,2021,-378.8000000000346
2021-07-07,0.0,0.0,0,4854.22,4862.61,0.0,0.0,False,2021,0.0
2021-07-08,0.0,0.0,0,4798.61,4824.32,0.0,0.0,False,2021,0.0
2021-07-09,10.542000000000183,12.300000000000182,3,4841.65,4874.35,0.0021773568927948494,0.0025404562494191407,False,2021,527.1000000000091
2021-07-12,0.0,0.0,0,4873.23,4892.23,0.0,0.0,False,2021,0.0
2021-07-13,0.0,0.0,0,4882.45,4875.74,0.0,0.0,False,2021,0.0
2021-07-14,0.0,0.0,0,4895.59,4882.73,0.0,0.0,False,2021,0.0
2021-07-15,0.0,0.0,0,4866.52,4866.24,0.0,0.0,False,2021,0.0
2021-07-16,-7.016000000000291,-6.430000000000291,1,4879.94,4828.23,-0.0014377225949499977,-0.0013176391513011003,False,2021,-350.80000000001456
2021-07-19,-19.901999999998655,-18.729999999998654,2,4769.82,4756.69,-0.004172484496270018,-0.003926772918055326,False,2021,-995.0999999999327
2021-07-20,30.43399999999953,31.019999999999527,1,4763.67,4823.48,0.006388771682337258,0.006511786080899711,False,2021,1521.6999999999764
2021-07-21,0.0,0.0,0,4838.29,4864.29,0.0,0.0,False,2021,0.0
2021-07-22,0.0,0.0,0,4865.12,4873.79,0.0,0.0,False,2021,0.0
2021-07-23,0.0,0.0,0,4896.15,4922.98,0.0,0.0,False,2021,0.0
2021-07-26,0.0,0.0,0,4916.55,4934.99,0.0,0.0,False,2021,0.0
2021-07-27,0.0,0.0,0,4922.7,4913.19,0.0,0.0,False,2021,0.0
2021-07-28,0.0,0.0,0,4920.18,4910.68,0.0,0.0,False,2021,0.0
2021-07-29,0.0,0.0,0,4921.86,4931.92,0.0,0.0,False,2021,0.0
2021-07-30,0.0,0.0,0,4900.9,4907.6,0.0,0.0,False,2021,0.0
2021-08-02,0.0,0.0,0,4927.73,4896.7,0.0,0.0,False,2021,0.0
2021-08-03,0.0,0.0,0,4905.93,4936.11,0.0,0.0,False,2021,0.0
2021-08-04,0.0,0.0,0,4920.74,4912.08,0.0,0.0,False,2021,0.0
2021-08-05,0.0,0.0,0,4925.49,4942.82,0.0,0.0,False,2021,0.0
2021-08-06,0.0,0.0,0,4946.73,4951.48,0.0,0.0,False,2021,0.0
2021-08-09,0.0,0.0,0,4950.64,4947.29,0.0,0.0,False,2021,0.0
2021-08-10,0.0,0.0,0,4952.04,4952.6,0.0,0.0,False,2021,0.0
2021-08-11,0.0,0.0,0,4965.46,4964.62,0.0,0.0,False,2021,0.0
2021-08-12,0.0,0.0,0,4963.22,4979.71,0.0,0.0,False,2021,0.0
2021-08-13,0.0,0.0,0,4985.3,4988.93,0.0,0.0,False,2021,0.0
2021-08-16,-7.855999999999527,-7.269999999999527,1,4973.84,5001.23,-0.0015794637543627313,-0.0014616473388769093,False,2021,-392.79999999997636
2021-08-17,-24.06600000000047,-23.480000000000473,1,4969.93,4968.53,-0.004842321722841261,-0.004724412617481629,False,2021,-1203.3000000000236
2021-08-18,0.0,0.0,0,4955.67,4913.75,0.0,0.0,False,2021,0.0
2021-08-19,-22.971999999999273,-21.799999999999272,2,4880.49,4921.3,-0.0047069044296780185,-0.004466764607651952,False,2021,-1148.5999999999638
2021-08-20,15.624000000000036,16.210000000000036,1,4924.93,4959.59,0.00317243087719014,0.0032914173399418946,False,2021,781.2000000000018
2021-08-23,4.164,4.75,1,4980.27,5004.02,0.0008360992476311524,0.0009537635509721359,False,2021,208.2
2021-08-24,0.0,0.0,0,5011.29,5011.57,0.0,0.0,False,2021,0.0
2021-08-25,0.0,0.0,0,5013.81,5022.19,0.0,0.0,False,2021,0.0
2021-08-26,0.0,0.0,0,5018.84,4992.56,0.0,0.0,False,2021,0.0
2021-08-27,8.634000000000254,9.220000000000255,1,5002.07,5036.16,0.0017260854006441843,0.0018432368999234828,False,2021,431.7000000000127
2021-08-30,0.0,0.0,0,5045.39,5059.36,0.0,0.0,False,2021,0.0
2021-08-31,0.0,0.0,0,5058.52,5053.21,0.0,0.0,False,2021,0.0
2021-09-01,0.0,0.0,0,5063.55,5055.17,0.0,0.0,False,2021,0.0
2021-09-02,0.0,0.0,0,5071.94,5070.82,0.0,0.0,False,2021,0.0
2021-09-03,0.0,0.0,0,5056.57,5069.14,0.0,0.0,False,2021,0.0
2021-09-06,0.0,0.0,0,5079.2,5080.32,0.0,0.0,True,2021,0.0
2021-09-07,0.0,0.0,0,5064.95,5051.81,0.0,0.0,False,2021,0.0
2021-09-08,0.0,0.0,0,5044.55,5045.11,0.0,0.0,False,2021,0.0
2021-09-09,0.0,0.0,0,5042.03,5023.03,0.0,0.0,False,2021,0.0
2021-09-10,0.0,0.0,0,5046.22,4984.46,0.0,0.0,False,2021,0.0
2021-09-13,0.0,0.0,0,5019.39,4996.2,0.0,0.0,False,2021,0.0
2021-09-14,0.0,0.0,0,5014.1,4969.85,0.0,0.0,False,2021,0.0
2021-09-15,9.773999999999672,10.359999999999673,1,4974.05,5010.74,0.0019649983413917577,0.002082809782772524,False,2021,488.6999999999836
2021-09-16,-4.506000000000073,-3.920000000000073,1,5004.02,5002.06,-0.0009004760172821197,-0.0007833701703830266,False,2021,-225.30000000000365
2021-09-17,-3.6760000000001454,-3.0900000000001455,1,4992.25,4952.2,-0.0007363413290600722,-0.0006189593870499565,False,2021,-183.80000000000726
2021-09-20,-18.236000000000544,-17.650000000000546,1,4878.53,4869.85,-0.003738011245190774,-0.0036178930948463054,False,2021,-911.8000000000272
2021-09-21,0.0,0.0,0,4897.58,4865.65,0.0,0.0,False,2021,0.0
2021-09-22,-4.506000000000073,-3.920000000000073,1,4892.26,4912.15,-0.0009210467146063523,-0.0008012656727156923,False,2021,-225.30000000000365
2021-09-23,9.504000000000145,10.090000000000146,1,4934.55,4971.53,0.001926011490409489,0.0020447659867668063,False,2021,475.20000000000726
2021-09-24,0.0,0.0,0,4952.48,4980.77,0.0,0.0,False,2021,0.0
2021-09-27,0.0,0.0,0,4967.33,4967.05,0.0,0.0,False,2021,0.0
2021-09-28,6.983999999999709,7.569999999999709,1,4932.87,4866.77,0.0014158086468931289,0.0015346035877693328,False,2021,349.19999999998544
2021-09-29,0.0,0.0,0,4882.73,4874.33,0.0,0.0,False,2021,0.0
2021-09-30,0.0,0.0,0,4891.7,4814.11,0.0,0.0,False,2021,0.0
2021-10-01,0.0,0.0,0,4834.56,4870.41,0.0,0.0,False,2021,0.0
2021-10-04,2.4939999999999274,3.0799999999999272,1,4856.68,4808.79,0.0005135195236251775,0.0006341780804994208,False,2021,124.69999999999636
2021-10-05,-1.7059999999998907,-1.1199999999998909,1,4826.15,4856.97,-0.0003534908778218437,-0.00023206904053953793,False,2021,-85.29999999999454
2021-10-06,0.0,0.0,0,4814.39,4877.69,0.0,0.0,False,2021,0.0
2021-10-07,7.814000000000545,8.400000000000546,1,4916.63,4919.71,0.0015892999880000214,0.0017084873175326485,False,2021,390.7000000000273
2021-10-08,0.0,0.0,0,4928.95,4910.74,0.0,0.0,False,2021,0.0
2021-10-11,0.0,0.0,0,4902.9,4874.61,0.0,0.0,False,2021,0.0
2021-10-12,0.0,0.0,0,4885.82,4862.85,0.0,0.0,False,2021,0.0
2021-10-13,0.0,0.0,0,4874.89,4879.65,0.0,0.0,False,2021,0.0
2021-10-14,0.0,0.0,0,4924.47,4962.28,0.0,0.0,False,2021,0.0
2021-10-15,0.0,0.0,0,4988.05,5000.66,0.0,0.0,False,2021,0.0
2021-10-18,0.0,0.0,0,4978.81,5015.78,0.0,0.0,False,2021,0.0
2021-10-19,0.0,0.0,0,5034.55,5055.0,0.0,0.0,False,2021,0.0
2021-10-20,0.0,0.0,0,5059.48,5074.6,0.0,0.0,False,2021,0.0
2021-10-21,0.0,0.0,0,5066.48,5087.77,0.0,0.0,False,2021,0.0
2021-10-22,0.0,0.0,0,5082.17,5082.45,0.0,0.0,False,2021,0.0
2021-10-25,0.0,0.0,0,5095.33,5109.34,0.0,0.0,False,2021,0.0
2021-10-26,0.0,0.0,0,5127.54,5114.38,0.0,0.0,False,2021,0.0
2021-10-27,0.0,0.0,0,5119.14,5091.13,0.0,0.0,False,2021,0.0
2021-10-28,-3.9559999999998907,-3.369999999999891,1,5108.78,5140.15,-0.0007743531723816431,-0.000659648683247251,False,2021,-197.79999999999453
2021-10-29,0.0,0.0,0,5113.26,5150.79,0.0,0.0,False,2021,0.0
2021-11-01,0.0,0.0,0,5162.84,5160.6,0.0,0.0,False,2021,0.0
2021-11-02,0.0,0.0,0,5161.72,5180.48,0.0,0.0,False,2021,0.0
2021-11-03,0.0,0.0,0,5174.04,5212.41,0.0,0.0,False,2021,0.0
2021-11-04,0.0,0.0,0,5218.86,5236.78,0.0,0.0,False,2021,0.0
2021-11-05,0.0,0.0,0,5263.39,5254.71,0.0,0.0,False,2021,0.0
2021-11-08,0.0,0.0,0,5267.87,5259.47,0.0,0.0,False,2021,0.0
2021-11-09,-9.012000000000146,-7.840000000000146,2,5263.95,5242.11,-0.0017120223406377618,-0.0014893758489347632,False,2021,-450.6000000000073
2021-11-10,-12.066000000000473,-11.480000000000473,1,5221.66,5200.09,-0.0023107594136731373,-0.002198534565636306,False,2021,-603.3000000000237
2021-11-11,0.0,0.0,0,5217.46,5201.77,0.0,0.0,False,2021,0.0
2021-11-12,-0.026000000000509282,0.5599999999994907,1,5216.62,5240.42,-4.984070145134068e-06,0.00010734920312376418,False,2021,-1.3000000000254641
2021-11-15,0.0,0.0,0,5256.11,5242.39,0.0,0.0,False,2021,0.0
2021-11-16,-0.05200000000010907,1.1199999999998909,2,5239.3,5262.83,-9.924989979598242e-06,0.0002137690149447237,False,2021,-2.6000000000054535
2021-11-17,0.0,0.0,0,5260.03,5250.51,0.0,0.0,False,2021,0.0
2021-11-18,0.0,0.0,0,5262.83,5268.15,0.0,0.0,False,2021,0.0
2021-11-19,0.0,0.0,0,5266.75,5258.91,0.0,0.0,False,2021,0.0
2021-11-22,-6.196000000000582,-5.610000000000582,1,5279.92,5243.51,-0.0011735026288278198,-0.001062516098728879,False,2021,-309.8000000000291
2021-11-23,-17.94599999999967,-17.359999999999673,1,5239.86,5251.63,-0.0034249006652848878,-0.0033130656162568607,False,2021,-897.2999999999836
2021-11-24,0.0,0.0,0,5226.7,5264.23,0.0,0.0,False,2021,0.0
2021-11-25,0.0,0.0,0,5272.36,5272.08,0.0,0.0,True,2021,0.0
2021-11-26,11.998000000000072,13.170000000000073,2,5185.52,5130.34,0.0023137505978185545,0.0025397645752017295,True,2021,599.9000000000036
2021-11-29,0.0,0.0,0,5204.29,5210.45,0.0,0.0,False,2021,0.0
2021-11-30,22.943999999999747,23.529999999999745,1,5180.76,5112.14,0.0044286938595881195,0.004541804677305983,False,2021,1147.1999999999873
2021-12-01,0.0,0.0,0,5176.84,5051.36,0.0,0.0,False,2021,0.0
2021-12-02,17.05399999999942,17.639999999999418,1,5053.32,5128.66,0.0033748110153323796,0.003490774381990339,False,2021,852.6999999999709
2021-12-03,-16.555999999999344,-15.969999999999343,1,5148.27,5083.57,-0.0032158375531973543,-0.0031020129091907265,False,2021,-827.7999999999672
2021-12-06,0.0,0.0,0,5114.1,5144.07,0.0,0.0,False,2021,0.0
2021-12-07,2.783999999999891,3.369999999999891,1,5207.37,5250.51,0.0005346268845885525,0.0006471596986578429,False,2021,139.19999999999456
2021-12-08,0.0,0.0,0,5254.99,5264.23,0.0,0.0,False,2021,0.0
2021-12-09,0.0,0.0,0,5248.83,5228.66,0.0,0.0,False,2021,0.0
2021-12-10,0.0,0.0,0,5261.43,5277.96,0.0,0.0,False,2021,0.0
2021-12-13,0.0,0.0,0,5272.36,5232.3,0.0,0.0,False,2021,0.0
2021-12-14,0.0,0.0,0,5192.43,5196.92,0.0,0.0,False,2021,0.0
2021-12-15,0.0,0.0,0,5196.92,5277.2,0.0,0.0,False,2021,0.0
2021-12-16,0.0,0.0,0,5299.37,5229.76,0.0,0.0,False,2021,0.0
2021-12-17,0.0,0.0,0,5192.43,5174.19,0.0,0.0,False,2021,0.0
2021-12-20,0.0,0.0,0,5111.59,5118.61,0.0,0.0,False,2021,0.0
2021-12-21,0.0,0.0,0,5158.75,5209.83,0.0,0.0,False,2021,0.0
2021-12-22,0.0,0.0,0,5206.75,5261.48,0.0,0.0,False,2021,0.0
2021-12-23,0.0,0.0,0,5272.99,5293.76,0.0,0.0,False,2021,0.0
2021-12-27,-5.366000000000655,-4.780000000000655,1,5310.32,5369.82,-0.0010104852438272375,-0.000900134078549062,False,2021,-268.30000000003275
2021-12-28,0.0,0.0,0,5374.88,5366.74,0.0,0.0,False,2021,0.0
2021-12-29,0.0,0.0,0,5367.02,5371.79,0.0,0.0,False,2021,0.0
2021-12-30,0.0,0.0,0,5376.28,5358.04,0.0,0.0,False,2021,0.0
2021-12-31,0.0,0.0,0,5351.3,5343.72,0.0,0.0,False,2021,0.0
2022-01-03,0.0,0.0,0,5358.88,5374.03,0.0,0.0,False,2022,0.0
2022-01-04,0.0,0.0,0,5390.6,5370.95,0.0,0.0,False,2022,0.0
2022-01-05,36.46400000000018,37.05000000000018,1,5367.02,5268.22,0.006794086848940414,0.006903272206923056,False,2022,1823.2000000000091
2022-01-06,0.0,0.0,0,5262.6,5262.32,0.0,0.0,False,2022,0.0
2022-01-07,-13.495999999999855,-12.909999999999854,1,5262.32,5241.83,-0.00256464829200806,-0.0024532905638577386,False,2022,-674.7999999999928
2022-01-10,-0.3580000000003638,1.3999999999996362,3,5202.54,5234.53,-6.881254156630488e-05,0.0002690993245606254,False,2022,-17.90000000001819
2022-01-11,-14.336,-13.75,1,5231.73,5282.53,-0.00274020257161589,-0.002628193733239292,False,2022,-716.8000000000001
2022-01-12,0.0,0.0,0,5302.74,5297.69,0.0,0.0,False,2022,0.0
2022-01-13,22.678000000001273,23.850000000001273,2,5310.04,5224.15,0.004270777621261096,0.004491491589517456,False,2022,1133.9000000000635
2022-01-14,0.0,0.0,0,5185.69,5224.99,0.0,0.0,False,2022,0.0
2022-01-17,0.0,0.0,0,5226.67,5225.83,0.0,0.0,True,2022,0.0
2022-01-18,-5.672,-4.5,2,5169.13,5133.77,-0.001097283295254714,-0.0008705526848812082,False,2022,-283.59999999999997
2022-01-19,0.0,0.0,0,5151.17,5080.16,0.0,0.0,False,2022,0.0
2022-01-20,-0.026000000000509282,0.5599999999994907,1,5101.49,5023.46,-5.096550223661966e-06,0.00010977185096893078,False,2022,-1.3000000000254641
2022-01-21,-37.07599999999978,-36.48999999999978,1,5009.98,4923.81,-0.0074004287442264805,-0.007283462209429934,False,2022,-1853.799999999989
2022-01-24,-134.2220000000011,-133.0500000000011,2,4857.29,4945.43,-0.02763310405596559,-0.02739181724788948,False,2022,-6711.100000000054
2022-01-25,-38.476000000000326,-37.89000000000033,1,4868.52,4885.08,-0.007903017754882453,-0.007782652633654647,False,2022,-1923.8000000000163
2022-01-26,0.0,0.0,0,4954.69,4872.73,0.0,0.0,False,2022,0.0
2022-01-27,0.0,0.0,0,4926.06,4847.75,0.0,0.0,False,2022,0.0
2022-01-28,-16.306000000000253,-15.720000000000253,1,4863.75,4967.04,-0.0033525571832434342,-0.0032320740169622724,False,2022,-815.3000000000127
2022-01-31,21.277999999999818,22.449999999999818,2,4959.18,5054.33,0.004290628692646731,0.004526958085812537,False,2022,1063.8999999999908
2022-02-01,0.0,0.0,0,5065.56,5090.54,0.0,0.0,False,2022,0.0
2022-02-02,0.0,0.0,0,5119.45,5139.1,0.0,0.0,False,2022,0.0
2022-02-03,0.0,0.0,0,5068.37,5020.65,0.0,0.0,False,2022,0.0
2022-02-04,0.0,0.0,0,5016.16,5042.54,0.0,0.0,False,2022,0.0
2022-02-07,0.0,0.0,0,5051.81,5026.26,0.0,0.0,False,2022,0.0
2022-02-08,0.0,0.0,0,5019.81,5067.24,0.0,0.0,False,2022,0.0
2022-02-09,0.0,0.0,0,5116.08,5141.63,0.0,0.0,False,2022,0.0
2022-02-10,0.0,0.0,0,5072.02,5050.12,0.0,0.0,False,2022,0.0
2022-02-11,14.564000000000545,15.150000000000546,1,5050.96,4949.36,0.002883412262223527,0.0029994298113627006,False,2022,728.2000000000272
2022-02-14,0.0,0.0,0,4943.46,4934.2,0.0,0.0,False,2022,0.0
2022-02-15,0.0,0.0,0,4986.69,5012.51,0.0,0.0,False,2022,0.0
2022-02-16,0.0,0.0,0,4988.93,5018.97,0.0,0.0,False,2022,0.0
2022-02-17,-2.2759999999995997,-1.6899999999995998,1,4980.51,4912.02,-0.0004569813131586122,-0.000339322679805803,False,2022,-113.79999999997999
2022-02-18,-27.56199999999942,-26.389999999999418,2,4914.27,4879.46,-0.005608564445990842,-0.005370075311287214,False,2022,-1378.099999999971
2022-02-21,0.0,0.0,0,4853.64,4816.03,0.0,0.0,True,2022,0.0
2022-02-22,-27.245999999999853,-26.659999999999854,1,4852.8,4827.82,-0.0056144906033629765,-0.005493735575337919,False,2022,-1362.2999999999927
2022-02-23,-19.94599999999967,-19.359999999999673,1,4861.78,4741.37,-0.004102612623360101,-0.003982080637132835,False,2022,-997.2999999999836
2022-02-24,0.0,0.0,0,4617.3,4812.1,0.0,0.0,False,2022,0.0
2022-02-25,27.203999999999965,27.789999999999964,1,4826.41,4917.64,0.0056364875756514604,0.005757902871906855,False,2022,1360.1999999999982
2022-02-28,0.0,0.0,0,4854.2,4905.85,0.0,0.0,False,2022,0.0
2022-03-01,0.0,0.0,0,4887.6,4831.47,0.0,0.0,False,2022,0.0
2022-03-02,0.0,0.0,0,4858.41,4919.32,0.0,0.0,False,2022,0.0
2022-03-03,0.0,0.0,0,4948.51,4895.74,0.0,0.0,False,2022,0.0
2022-03-04,0.0,0.0,0,4850.27,4856.45,0.0,0.0,False,2022,0.0
2022-03-07,54.11799999999997,55.289999999999964,2,4848.59,4713.3,0.011161595432899041,0.011403315190601795,False,2022,2705.8999999999983
2022-03-08,0.0,0.0,0,4715.26,4676.53,0.0,0.0,False,2022,0.0
2022-03-09,0.0,0.0,0,4777.01,4802.28,0.0,0.0,False,2022,0.0
2022-03-10,0.0,0.0,0,4746.7,4780.66,0.0,0.0,False,2022,0.0
2022-03-11,0.0,0.0,0,4810.7,4719.47,0.0,0.0,False,2022,0.0
2022-03-14,0.0,0.0,0,4729.56,4686.8,0.0,0.0,False,2022,0.0
2022-03-15,0.0,0.0,0,4717.18,4789.48,0.0,0.0,False,2022,0.0
2022-03-16,0.0,0.0,0,4831.96,4895.82,0.0,0.0,False,2022,0.0
2022-03-17,0.0,0.0,0,4872.47,4956.87,0.0,0.0,False,2022,0.0
2022-03-18,0.0,0.0,0,4937.45,5010.6,0.0,0.0,False,2022,0.0
2022-03-21,0.0,0.0,0,5009.19,5010.88,0.0,0.0,False,2022,0.0
2022-03-22,0.0,0.0,0,5026.91,5069.96,0.0,0.0,False,2022,0.0
2022-03-23,0.0,0.0,0,5038.45,5003.85,0.0,0.0,False,2022,0.0
2022-03-24,0.0,0.0,0,5027.76,5078.68,0.0,0.0,False,2022,0.0
2022-03-25,0.0,0.0,0,5086.55,5104.28,0.0,0.0,False,2022,0.0
2022-03-28,0.0,0.0,0,5096.96,5141.41,0.0,0.0,False,2022,0.0
2022-03-29,0.0,0.0,0,5187.55,5206.68,0.0,0.0,False,2022,0.0
2022-03-30,0.0,0.0,0,5192.05,5174.05,0.0,0.0,False,2022,0.0
2022-03-31,0.0,0.0,0,5164.2,5094.99,0.0,0.0,False,2022,0.0
2022-04-01,0.0,0.0,0,5112.72,5106.53,0.0,0.0,False,2022,0.0
2022-04-04,0.0,0.0,0,5110.19,5151.54,0.0,0.0,False,2022,0.0
2022-04-05,0.0,0.0,0,5133.82,5087.68,0.0,0.0,False,2022,0.0
2022-04-06,0.0,0.0,0,5038.73,5036.2,0.0,0.0,False,2022,0.0
2022-04-07,0.0,0.0,0,5025.51,5061.24,0.0,0.0,False,2022,0.0
2022-04-08,-15.495999999999855,-14.909999999999854,1,5051.67,5049.14,-0.0030675004503460945,-0.00295149920719284,False,2022,-774.7999999999928
2022-04-11,0.0,0.0,0,5008.07,4961.65,0.0,0.0,False,2022,0.0
2022-04-12,-16.625999999999962,-16.039999999999964,1,4997.09,4941.39,-0.00332713639338094,-0.0032098681432593695,False,2022,-831.2999999999981
2022-04-13,9.518000000000509,10.69000000000051,2,4939.14,4999.06,0.0019270561271801383,0.0021643444000373564,False,2022,475.90000000002544
2022-04-14,-17.211999999999964,-16.039999999999964,2,5000.75,4936.89,-0.0034418837174423765,-0.0032075188721691675,False,2022,-860.5999999999982
2022-04-18,0.0,0.0,0,4924.51,4938.86,0.0,0.0,False,2022,0.0
2022-04-19,40.48399999999971,41.06999999999971,1,4936.33,5017.63,0.008201234520382492,0.0083199461948451,False,2022,2024.1999999999855
2022-04-20,0.0,0.0,0,5038.45,5013.97,0.0,0.0,False,2022,0.0
2022-04-21,0.0,0.0,0,5057.58,4938.58,0.0,0.0,False,2022,0.0
2022-04-22,75.93400000000044,76.52000000000044,1,4925.64,4804.11,0.015416067759722683,0.01553503707132483,False,2022,3796.700000000022
2022-04-25,-27.305999999999344,-26.719999999999345,1,4775.7,4830.83,-0.005717695835165388,-0.005594991310174288,False,2022,-1365.2999999999672
2022-04-26,-11.291999999999891,-10.11999999999989,2,4800.17,4690.17,-0.002352416685242375,-0.0021082586658388953,False,2022,-564.5999999999946
2022-04-27,-55.165999999999926,-54.57999999999993,1,4702.83,4703.11,-0.011730383620075556,-0.011605777797623968,False,2022,-2758.299999999996
2022-04-28,0.0,0.0,0,4759.66,4822.11,0.0,0.0,False,2022,0.0
2022-04-29,21.643999999999565,22.229999999999563,1,4774.01,4644.88,0.004533714843496257,0.0046564628059010274,False,2022,1082.1999999999782
2022-05-02,0.0,0.0,0,4644.04,4671.61,0.0,0.0,False,2022,0.0
2022-05-03,0.0,0.0,0,4676.67,4692.71,0.0,0.0,False,2022,0.0
2022-05-04,22.193999999999747,22.779999999999745,1,4699.74,4835.05,0.004722388898109203,0.0048470766467931725,False,2022,1109.6999999999873
2022-05-05,46.11400000000073,46.70000000000073,1,4783.57,4663.73,0.009640080525632682,0.009762583175327367,False,2022,2305.7000000000367
2022-05-06,-35.46600000000011,-34.88000000000011,1,4632.22,4635.04,-0.007656372106678894,-0.007529866888878358,False,2022,-1773.3000000000054
2022-05-09,0.0,0.0,0,4563.58,4486.78,0.0,0.0,False,2022,0.0
2022-05-10,0.0,0.0,0,4557.39,4495.5,0.0,0.0,False,2022,0.0
2022-05-11,0.0,0.0,0,4484.25,4424.89,0.0,0.0,False,2022,0.0
2022-05-12,0.0,0.0,0,4385.22,4419.83,0.0,0.0,False,2022,0.0
2022-05-13,0.0,0.0,0,4468.21,4523.91,0.0,0.0,False,2022,0.0
2022-05-16,0.0,0.0,0,4504.78,4508.44,0.0,0.0,False,2022,0.0
2022-05-17,0.0,0.0,0,4579.33,4598.18,0.0,0.0,False,2022,0.0
2022-05-18,18.237999999999854,19.409999999999854,2,4544.17,4415.32,0.004013494213464693,0.004271407099646328,False,2022,911.8999999999927
2022-05-19,0.0,0.0,0,4375.38,4385.22,0.0,0.0,False,2022,0.0
2022-05-20,-6.495999999999855,-5.9099999999998545,1,4428.55,4386.63,-0.0014668458073183897,-0.0013345225863995787,False,2022,-324.79999999999274
2022-05-23,0.0,0.0,0,4423.48,4469.62,0.0,0.0,False,2022,0.0
2022-05-24,0.0,0.0,0,4420.11,4437.27,0.0,0.0,False,2022,0.0
2022-05-25,0.0,0.0,0,4416.73,4477.5,0.0,0.0,False,2022,0.0
2022-05-26,5.292000000001091,7.050000000001091,3,4489.03,4563.58,0.0011788738324317485,0.0015704951849288358,False,2022,264.6000000000546
2022-05-27,7.294000000000109,7.880000000000109,1,4592.84,4676.95,0.001588124123635944,0.001715714024438062,False,2022,364.70000000000545
2022-05-30,0.0,0.0,0,4691.58,4700.86,0.0,0.0,True,2022,0.0
2022-05-31,0.0,0.0,0,4656.42,4649.95,0.0,0.0,False,2022,0.0
2022-06-01,0.0,0.0,0,4674.7,4611.97,0.0,0.0,False,2022,0.0
2022-06-02,0.0,0.0,0,4609.72,4698.9,0.0,0.0,False,2022,0.0
2022-06-03,0.0,0.0,0,4642.63,4622.66,0.0,0.0,False,2022,0.0
2022-06-06,0.0,0.0,0,4669.64,4635.32,0.0,0.0,False,2022,0.0
2022-06-07,0.0,0.0,0,4593.96,4679.77,0.0,0.0,False,2022,0.0
2022-06-08,0.0,0.0,0,4659.79,4629.69,0.0,0.0,False,2022,0.0
2022-06-09,0.0,0.0,0,4607.47,4518.01,0.0,0.0,False,2022,0.0
2022-06-10,-6.495999999999855,-5.9099999999998545,1,4444.3,4386.35,-0.0014616475035438324,-0.0013297932182795612,False,2022,-324.79999999999274
2022-06-13,0.0,0.0,0,4273.26,4220.09,0.0,0.0,False,2022,0.0
2022-06-14,0.0,0.0,0,4240.91,4208.02,0.0,0.0,False,2022,0.0
2022-06-15,0.0,0.0,0,4246.82,4268.46,0.0,0.0,False,2022,0.0
2022-06-16,-25.045999999999125,-24.459999999999127,1,4169.5,4131.26,-0.006006955270415907,-0.005866410840628163,False,2022,-1252.2999999999563
2022-06-17,-43.87599999999996,-43.289999999999964,1,4130.14,4133.23,-0.010623368699366113,-0.010481484889132078,False,2022,-2193.799999999998
2022-06-20,0.0,0.0,0,4164.44,4179.06,0.0,0.0,True,2022,0.0
2022-06-21,-7.922,-6.75,2,4201.83,4238.1,-0.0018853689939859538,-0.0016064429070190846,False,2022,-396.09999999999997
2022-06-22,0.0,0.0,0,4188.05,4229.38,0.0,0.0,False,2022,0.0
2022-06-23,0.0,0.0,0,4255.25,4272.12,0.0,0.0,False,2022,0.0
2022-06-24,39.334000000000074,39.92000000000007,1,4309.23,4407.35,0.009127848826820587,0.00926383599854268,False,2022,1966.7000000000037
2022-06-27,0.0,0.0,0,4418.32,4392.17,0.0,0.0,False,2022,0.0
2022-06-28,-9.575999999999782,-8.989999999999782,1,4408.76,4301.92,-0.002172039303568301,-0.0020391221114326435,False,2022,-478.7999999999891
2022-06-29,0.0,0.0,0,4307.26,4296.58,0.0,0.0,False,2022,0.0
2022-06-30,0.0,0.0,0,4248.78,4261.72,0.0,0.0,False,2022,0.0
2022-07-01,0.0,0.0,0,4252.16,4305.01,0.0,0.0,False,2022,0.0
2022-07-04,0.0,0.0,0,4294.61,4288.71,0.0,0.0,True,2022,0.0
2022-07-05,0.0,0.0,0,4244.85,4313.45,0.0,0.0,False,2022,0.0
2022-07-06,0.0,0.0,0,4314.85,4329.19,0.0,0.0,False,2022,0.0
2022-07-07,0.0,0.0,0,4348.87,4391.33,0.0,0.0,False,2022,0.0
2022-07-08,0.0,0.0,0,4371.93,4388.24,0.0,0.0,False,2022,0.0
2022-07-11,0.0,0.0,0,4355.9,4338.47,0.0,0.0,False,2022,0.0
2022-07-12,0.0,0.0,0,4330.88,4300.52,0.0,0.0,False,2022,0.0
2022-07-13,0.0,0.0,0,4234.73,4276.9,0.0,0.0,False,2022,0.0
2022-07-14,0.0,0.0,0,4216.73,4267.06,0.0,0.0,False,2022,0.0
2022-07-15,0.0,0.0,0,4318.51,4347.19,0.0,0.0,False,2022,0.0
2022-07-18,0.0,0.0,0,4383.74,4311.76,0.0,0.0,False,2022,0.0
2022-07-19,37.084000000000074,37.67000000000007,1,4357.31,4427.03,0.008510755489051747,0.008645242133334573,False,2022,1854.2000000000037
2022-07-20,-9.586,-9.0,1,4429.28,4456.27,-0.0021642343676624644,-0.00203193295524329,False,2022,-479.3
2022-07-21,0.0,0.0,0,4447.56,4501.54,0.0,0.0,False,2022,0.0
2022-07-22,0.0,0.0,0,4502.1,4459.65,0.0,0.0,False,2022,0.0
2022-07-25,0.0,0.0,0,4466.12,4464.71,0.0,0.0,False,2022,0.0
2022-07-26,0.0,0.0,0,4445.31,4411.85,0.0,0.0,False,2022,0.0
2022-07-27,-20.82600000000069,-20.24000000000069,1,4450.65,4525.44,-0.004679316504330983,-0.004547650343208451,False,2022,-1041.3000000000345
2022-07-28,0.0,0.0,0,4534.15,4580.83,0.0,0.0,False,2022,0.0
2022-07-29,-13.806000000000255,-13.220000000000255,1,4598.54,4648.86,-0.003002257238166952,-0.0028748254880897536,False,2022,-690.3000000000128
2022-08-01,0.0,0.0,0,4616.53,4633.12,0.0,0.0,False,2022,0.0
2022-08-02,0.0,0.0,0,4615.13,4604.16,0.0,0.0,False,2022,0.0
2022-08-03,0.0,0.0,0,4628.62,4675.01,0.0,0.0,False,2022,0.0
2022-08-04,0.0,0.0,0,4673.61,4670.79,0.0,0.0,False,2022,0.0
2022-08-05,0.0,0.0,0,4619.91,4662.64,0.0,0.0,False,2022,0.0
2022-08-08,0.0,0.0,0,4683.17,4657.58,0.0,0.0,False,2022,0.0
2022-08-09,0.0,0.0,0,4648.58,4639.02,0.0,0.0,False,2022,0.0
2022-08-10,0.0,0.0,0,4722.25,4735.18,0.0,0.0,False,2022,0.0
2022-08-11,0.0,0.0,0,4768.92,4736.3,0.0,0.0,False,2022,0.0
2022-08-12,0.0,0.0,0,4758.23,4814.74,0.0,0.0,False,2022,0.0
2022-08-15,0.0,0.0,0,4788.88,4834.71,0.0,0.0,False,2022,0.0
2022-08-16,0.0,0.0,0,4822.05,4843.7,0.0,0.0,False,2022,0.0
2022-08-17,0.0,0.0,0,4801.25,4809.4,0.0,0.0,False,2022,0.0
2022-08-18,0.0,0.0,0,4810.53,4822.9,0.0,0.0,False,2022,0.0
2022-08-19,-0.8759999999999636,-0.2899999999999636,1,4789.72,4757.11,-0.00018289169304259195,-6.054633673783929e-05,False,2022,-43.79999999999818
2022-08-22,-5.6979999999996,-3.9399999999996,3,4699.47,4658.99,-0.001212477151678721,-0.0008383924144636734,False,2022,-284.89999999997997
2022-08-23,0.0,0.0,0,4652.52,4645.77,0.0,0.0,False,2022,0.0
2022-08-24,2.2240000000004003,2.8100000000004,1,4642.96,4660.11,0.00047900477281742686,0.0006052173613385427,False,2022,111.20000000002001
2022-08-25,0.0,0.0,0,4676.98,4725.9,0.0,0.0,False,2022,0.0
2022-08-26,107.65399999999978,108.23999999999978,1,4724.21,4564.8,0.022787725355138698,0.022911767258441046,False,2022,5382.699999999989
2022-08-29,0.0,0.0,0,4529.94,4534.44,0.0,0.0,False,2022,0.0
2022-08-30,30.334000000000074,30.920000000000073,1,4547.37,4482.98,0.006670668980091806,0.006799534676087513,False,2022,1516.7000000000037
2022-08-31,0.0,0.0,0,4502.95,4448.68,0.0,0.0,False,2022,0.0
2022-09-01,0.0,0.0,0,4421.97,4461.9,0.0,0.0,False,2022,0.0
2022-09-02,0.0,0.0,0,4505.48,4414.66,0.0,0.0,False,2022,0.0
2022-09-05,0.0,0.0,0,4421.69,4426.75,0.0,0.0,True,2022,0.0
2022-09-06,0.0,0.0,0,4424.22,4398.36,0.0,0.0,False,2022,0.0
2022-09-07,0.0,0.0,0,4393.58,4476.52,0.0,0.0,False,2022,0.0
2022-09-08,0.0,0.0,0,4448.4,4504.91,0.0,0.0,False,2022,0.0
2022-09-09,0.0,0.0,0,4531.34,4573.52,0.0,0.0,False,2022,0.0
2022-09-12,3.344000000000291,3.930000000000291,1,4599.1,4623.56,0.0007270987801961886,0.0008545150138071124,False,2022,167.20000000001457
2022-09-13,0.0,0.0,0,4520.1,4422.26,0.0,0.0,False,2022,0.0
2022-09-14,0.0,0.0,0,4436.0,4436.56,0.0,0.0,False,2022,0.0
2022-09-15,0.0,0.0,0,4417.25,4385.64,0.0,0.0,False,2022,0.0
2022-09-16,0.0,0.0,0,4335.27,4352.06,0.0,0.0,False,2022,0.0
2022-09-19,0.0,0.0,0,4313.17,4385.64,0.0,0.0,False,2022,0.0
2022-09-20,0.0,0.0,0,4345.35,4335.55,0.0,0.0,False,2022,0.0
2022-09-21,0.0,0.0,0,4356.82,4257.21,0.0,0.0,False,2022,0.0
2022-09-22,0.0,0.0,0,4247.98,4220.56,0.0,0.0,False,2022,0.0
2022-09-23,-24.1119999999996,-22.9399999999996,2,4179.71,4149.22,-0.005768821281859172,-0.005488419052996404,False,2022,-1205.5999999999801
2022-09-26,0.0,0.0,0,4131.87,4108.37,0.0,0.0,False,2022,0.0
2022-09-27,0.0,0.0,0,4150.34,4097.18,0.0,0.0,False,2022,0.0
2022-09-28,4.717999999999418,5.889999999999418,2,4107.53,4177.2,0.0011486221646584244,0.0014339517909788652,False,2022,235.8999999999709
2022-09-29,-13.508000000000454,-11.750000000000455,3,4134.39,4089.9,-0.0032672292647767756,-0.0028420153880017256,False,2022,-675.4000000000227
2022-09-30,0.0,0.0,0,4078.15,4025.83,0.0,0.0,False,2022,0.0
2022-10-03,-24.952000000000655,-23.780000000000655,2,4068.92,4131.03,-0.006132339785496066,-0.005844302665080821,False,2022,-1247.6000000000329
2022-10-04,-12.3619999999996,-11.1899999999996,2,4195.94,4258.33,-0.002946181308598217,-0.0026668636825120475,False,2022,-618.09999999998
2022-10-05,0.0,0.0,0,4206.85,4249.38,0.0,0.0,False,2022,0.0
2022-10-06,0.0,0.0,0,4230.91,4203.78,0.0,0.0,False,2022,0.0
2022-10-07,-9.292000000000801,-8.1200000000008,2,4156.21,4086.27,-0.0022356906893541955,-0.0019537030130818223,False,2022,-464.60000000004004
2022-10-10,0.0,0.0,0,4099.42,4055.21,0.0,0.0,False,2022,0.0
2022-10-11,0.0,0.0,0,4034.23,4028.63,0.0,0.0,False,2022,0.0
2022-10-12,0.0,0.0,0,4033.39,4014.92,0.0,0.0,False,2022,0.0
2022-10-13,15.6080000000002,16.7800000000002,2,3931.82,4120.68,0.0039696629042021755,0.004267743691216841,False,2022,780.40000000001
2022-10-14,0.0,0.0,0,4149.22,4028.07,0.0,0.0,False,2022,0.0
2022-10-17,0.0,0.0,0,4098.58,4129.63,0.0,0.0,False,2022,0.0
2022-10-18,0.0,0.0,0,4223.08,4178.59,0.0,0.0,False,2022,0.0
2022-10-19,0.0,0.0,0,4154.25,4148.66,0.0,0.0,False,2022,0.0
2022-10-20,0.0,0.0,0,4141.1,4112.29,0.0,0.0,False,2022,0.0
2022-10-21,-20.165999999999926,-19.579999999999927,1,4108.93,4212.17,-0.004907847055072714,-0.004765230850854097,False,2022,-1008.2999999999963
2022-10-24,0.0,0.0,0,4229.8,4263.37,0.0,0.0,False,2022,0.0
2022-10-25,0.0,0.0,0,4262.53,4331.08,0.0,0.0,False,2022,0.0
2022-10-26,0.0,0.0,0,4294.43,4299.74,0.0,0.0,False,2022,0.0
2022-10-27,0.0,0.0,0,4309.53,4275.12,0.0,0.0,False,2022,0.0
2022-10-28,-5.8960000000004005,-5.3100000000004,1,4273.44,4376.68,-0.0013796847504587407,-0.0012425586880827626,False,2022,-294.80000000002
2022-10-31,0.0,0.0,0,4347.03,4345.35,0.0,0.0,False,2022,0.0
2022-11-01,0.0,0.0,0,4388.99,4325.48,0.0,0.0,False,2022,0.0
2022-11-02,0.0,0.0,0,4318.21,4215.81,0.0,0.0,False,2022,0.0
2022-11-03,0.0,0.0,0,4176.64,4170.2,0.0,0.0,False,2022,0.0
2022-11-04,0.0,0.0,0,4237.35,4230.63,0.0,0.0,False,2022,0.0
2022-11-07,0.0,0.0,0,4244.9,4270.64,0.0,0.0,False,2022,0.0
2022-11-08,0.0,0.0,0,4282.68,4292.19,0.0,0.0,False,2022,0.0
2022-11-09,0.0,0.0,0,4267.57,4202.94,0.0,0.0,False,2022,0.0
2022-11-10,0.0,0.0,0,4358.22,4432.92,0.0,0.0,False,2022,0.0
2022-11-11,0.0,0.0,0,4444.39,4477.41,0.0,0.0,False,2022,0.0
2022-11-14,0.0,0.0,0,4456.14,4440.19,0.0,0.0,False,2022,0.0
2022-11-15,0.0,0.0,0,4506.5,4477.69,0.0,0.0,False,2022,0.0
2022-11-16,0.0,0.0,0,4457.54,4442.43,0.0,0.0,False,2022,0.0
2022-11-17,0.0,0.0,0,4383.68,4427.32,0.0,0.0,False,2022,0.0
2022-11-18,0.0,0.0,0,4465.93,4446.63,0.0,0.0,False,2022,0.0
2022-11-21,0.0,0.0,0,4430.12,4429.56,0.0,0.0,False,2022,0.0
2022-11-22,0.0,0.0,0,4451.39,4487.76,0.0,0.0,False,2022,0.0
2022-11-23,0.0,0.0,0,4483.0,4515.18,0.0,0.0,False,2022,0.0
2022-11-24,0.0,0.0,0,4524.97,4525.25,0.0,0.0,True,2022,0.0
2022-11-25,0.0,0.0,0,4507.9,4514.9,0.0,0.0,True,2022,0.0
2022-11-28,0.0,0.0,0,4477.13,4441.31,0.0,0.0,False,2022,0.0
2022-11-29,-10.935999999999455,-10.349999999999454,1,4441.87,4433.2,-0.002462026128634889,-0.0023300997102570437,False,2022,-546.7999999999728
2022-11-30,0.0,0.0,0,4434.88,4568.9,0.0,0.0,False,2022,0.0
2022-12-01,-26.606000000000435,-26.020000000000437,1,4583.16,4567.22,-0.005805164995330828,-0.00567730561446697,False,2022,-1330.3000000000218
2022-12-02,0.0,0.0,0,4508.46,4560.78,0.0,0.0,False,2022,0.0
2022-12-05,2.187999999999673,3.3599999999996726,2,4527.77,4478.8,0.0004832400939092915,0.0007420871643214369,False,2022,109.39999999998365
2022-12-06,36.634000000000256,37.220000000000255,1,4476.57,4413.61,0.008183497633232645,0.008314401427878992,False,2022,1831.7000000000128
2022-12-07,0.0,0.0,0,4402.42,4405.22,0.0,0.0,False,2022,0.0
2022-12-08,0.0,0.0,0,4426.2,4438.24,0.0,0.0,False,2022,0.0
2022-12-09,0.0,0.0,0,4423.13,4405.22,0.0,0.0,False,2022,0.0
2022-12-12,0.0,0.0,0,4414.45,4468.17,0.0,0.0,False,2022,0.0
2022-12-13,0.0,0.0,0,4595.75,4502.31,0.0,0.0,False,2022,0.0
2022-12-14,2.464000000000182,3.050000000000182,1,4497.69,4472.72,0.0005478367784351928,0.000678125882397449,False,2022,123.2000000000091
2022-12-15,15.487999999999854,16.659999999999854,2,4413.61,4359.21,0.003509145574710918,0.003774687840565853,False,2022,774.3999999999927
2022-12-16,0.0,0.0,0,4327.58,4304.54,0.0,0.0,False,2022,0.0
2022-12-19,0.0,0.0,0,4307.04,4267.36,0.0,0.0,False,2022,0.0
2022-12-20,0.0,0.0,0,4259.03,4272.91,0.0,0.0,False,2022,0.0
2022-12-21,0.0,0.0,0,4303.43,4336.46,0.0,0.0,False,2022,0.0
2022-12-22,-5.865999999999746,-5.279999999999745,1,4298.71,4273.74,-0.0013645954251391105,-0.0012282754593819414,False,2022,-293.2999999999873
2022-12-23,0.0,0.0,0,4260.42,4297.33,0.0,0.0,False,2022,0.0
2022-12-27,-21.94599999999967,-21.359999999999673,1,4295.38,4280.12,-0.005109210360899308,-0.00497278471287748,False,2022,-1097.2999999999836
2022-12-28,0.0,0.0,0,4278.18,4225.73,0.0,0.0,False,2022,0.0
2022-12-29,0.0,0.0,0,4256.81,4298.44,0.0,0.0,False,2022,0.0
2022-12-30,0.0,0.0,0,4267.08,4286.23,0.0,0.0,False,2022,0.0
2023-01-03,0.0,0.0,0,4308.15,4267.91,0.0,0.0,False,2023,0.0
2023-01-04,0.0,0.0,0,4294.83,4300.1,0.0,0.0,False,2023,0.0
2023-01-05,0.0,0.0,0,4276.79,4250.43,0.0,0.0,False,2023,0.0
2023-01-06,-6.136000000000182,-5.550000000000182,1,4286.23,4347.28,-0.001431561068818095,-0.0012948441870828636,False,2023,-306.8000000000091
2023-01-09,0.0,0.0,0,4373.09,4344.5,0.0,0.0,False,2023,0.0
2023-01-10,0.0,0.0,0,4337.57,4375.59,0.0,0.0,False,2023,0.0
2023-01-11,0.0,0.0,0,4393.07,4428.87,0.0,0.0,False,2023,0.0
2023-01-12,0.0,0.0,0,4439.97,4443.3,0.0,0.0,False,2023,0.0
2023-01-13,0.0,0.0,0,4405.0,4459.95,0.0,0.0,False,2023,0.0
2023-01-16,0.0,0.0,0,4456.62,4451.07,0.0,0.0,True,2023,0.0
2023-01-17,0.0,0.0,0,4460.51,4451.63,0.0,0.0,False,2023,0.0
2023-01-18,19.67399999999931,20.25999999999931,1,4464.67,4381.14,0.004406596680157617,0.004537849381925049,False,2023,983.6999999999655
2023-01-19,0.0,0.0,0,4354.77,4347.83,0.0,0.0,False,2023,0.0
2023-01-20,0.0,0.0,0,4362.27,4426.65,0.0,0.0,False,2023,0.0
2023-01-23,8.538000000000036,9.710000000000036,2,4436.36,4479.65,0.0019245507578284982,0.0021887313022387806,False,2023,426.9000000000018
2023-01-24,0.0,0.0,0,4460.23,4474.1,0.0,0.0,False,2023,0.0
2023-01-25,0.0,0.0,0,4426.37,4476.32,0.0,0.0,False,2023,0.0
2023-01-26,0.0,0.0,0,4505.74,4523.22,0.0,0.0,False,2023,0.0
2023-01-27,0.0,0.0,0,4511.01,4533.49,0.0,0.0,False,2023,0.0
2023-01-30,0.0,0.0,0,4500.75,4477.16,0.0,0.0,False,2023,0.0
2023-01-31,0.0,0.0,0,4481.04,4540.43,0.0,0.0,False,2023,0.0
2023-02-01,0.0,0.0,0,4526.55,4589.55,0.0,0.0,False,2023,0.0
2023-02-02,0.0,0.0,0,4633.12,4654.21,0.0,0.0,False,2023,0.0
2023-02-03,0.0,0.0,0,4596.21,4604.26,0.0,0.0,False,2023,0.0
2023-02-06,0.0,0.0,0,4574.84,4576.51,0.0,0.0,False,2023,0.0
2023-02-07,-51.6460000000004,-51.0600000000004,1,4563.46,4634.51,-0.011317289951046004,-0.011188878614034175,False,2023,-2582.3000000000197
2023-02-08,0.0,0.0,0,4610.92,4583.72,0.0,0.0,False,2023,0.0
2023-02-09,0.0,0.0,0,4623.96,4542.37,0.0,0.0,False,2023,0.0
2023-02-10,0.0,0.0,0,4527.39,4551.25,0.0,0.0,False,2023,0.0
2023-02-13,-2.3180000000004,-0.5600000000004002,3,4559.02,4604.81,-0.0005084426038930297,-0.00012283341595351635,False,2023,-115.90000000002001
2023-02-14,0.0,0.0,0,4586.22,4602.59,0.0,0.0,False,2023,0.0
2023-02-15,0.0,0.0,0,4575.68,4616.47,0.0,0.0,False,2023,0.0
2023-02-16,0.0,0.0,0,4555.42,4550.98,0.0,0.0,False,2023,0.0
2023-02-17,0.0,0.0,0,4524.89,4538.21,0.0,0.0,False,2023,0.0
2023-02-20,0.0,0.0,0,4530.44,4524.33,0.0,0.0,True,2023,0.0
2023-02-21,0.0,0.0,0,4490.48,4447.19,0.0,0.0,False,2023,0.0
2023-02-22,0.0,0.0,0,4450.24,4440.53,0.0,0.0,False,2023,0.0
2023-02-23,0.0,0.0,0,4471.88,4460.78,0.0,0.0,False,2023,0.0
2023-02-24,0.0,0.0,0,4401.67,4413.33,0.0,0.0,False,2023,0.0
2023-02-27,0.0,0.0,0,4451.63,4427.2,0.0,0.0,False,2023,0.0
2023-02-28,0.0,0.0,0,4421.1,4409.17,0.0,0.0,False,2023,0.0
2023-03-01,0.0,0.0,0,4400.01,4393.35,0.0,0.0,False,2023,0.0
2023-03-02,0.0,0.0,0,4368.09,4424.98,0.0,0.0,False,2023,0.0
2023-03-03,12.184000000000436,12.770000000000437,1,4445.8,4494.92,0.002740564127941076,0.0028723739259526827,False,2023,609.2000000000218
2023-03-06,0.0,0.0,0,4504.35,4498.25,0.0,0.0,False,2023,0.0
2023-03-07,37.43399999999953,38.01999999999953,1,4497.14,4428.59,0.008323957003784523,0.008454262042097762,False,2023,1871.6999999999764
2023-03-08,0.0,0.0,0,4429.42,4435.25,0.0,0.0,False,2023,0.0
2023-03-09,0.0,0.0,0,4443.02,4351.72,0.0,0.0,False,2023,0.0
2023-03-10,-23.336,-22.75,1,4344.23,4287.61,-0.005371722952053644,-0.005236831383237076,False,2023,-1166.8
2023-03-13,-9.46600000000011,-8.88000000000011,1,4241.82,4281.51,-0.0022315892706432877,-0.002093441022957153,False,2023,-473.30000000000547
2023-03-14,0.0,0.0,0,4341.98,4352.44,0.0,0.0,False,2023,0.0
2023-03-15,0.0,0.0,0,4284.17,4326.01,0.0,0.0,False,2023,0.0
2023-03-16,19.19799999999898,20.36999999999898,2,4295.46,4398.69,0.0044693699859849655,0.004742216200360143,False,2023,959.899999999949
2023-03-17,0.0,0.0,0,4384.1,4347.21,0.0,0.0,False,2023,0.0
2023-03-20,0.0,0.0,0,4354.37,4387.4,0.0,0.0,False,2023,0.0
2023-03-21,0.0,0.0,0,4426.49,4446.86,0.0,0.0,False,2023,0.0
2023-03-22,0.0,0.0,0,4443.83,4370.33,0.0,0.0,False,2023,0.0
2023-03-23,0.0,0.0,0,4400.61,4377.76,0.0,0.0,False,2023,0.0
2023-03-24,0.0,0.0,0,4363.17,4407.22,0.0,0.0,False,2023,0.0
2023-03-27,0.0,0.0,0,4433.1,4415.75,0.0,0.0,False,2023,0.0
2023-03-28,0.0,0.0,0,4406.94,4405.84,0.0,0.0,False,2023,0.0
2023-03-29,0.0,0.0,0,4453.47,4469.16,0.0,0.0,False,2023,0.0
2023-03-30,0.0,0.0,0,4498.06,4493.38,0.0,0.0,False,2023,0.0
2023-03-31,0.0,0.0,0,4503.84,4556.42,0.0,0.0,False,2023,0.0
2023-04-03,0.0,0.0,0,4550.36,4573.49,0.0,0.0,False,2023,0.0
2023-04-04,0.0,0.0,0,4580.92,4547.89,0.0,0.0,False,2023,0.0
2023-04-05,0.0,0.0,0,4536.6,4533.57,0.0,0.0,False,2023,0.0
2023-04-06,0.0,0.0,0,4523.11,4550.36,0.0,0.0,False,2023,0.0
2023-04-10,0.0,0.0,0,4520.91,4555.87,0.0,0.0,False,2023,0.0
2023-04-11,0.0,0.0,0,4561.1,4556.15,0.0,0.0,False,2023,0.0
2023-04-12,0.0,0.0,0,4578.72,4537.43,0.0,0.0,False,2023,0.0
2023-04-13,12.317999999999781,13.489999999999782,2,4547.89,4595.24,0.0027085087809950946,0.0029662107043045855,False,2023,615.8999999999891
2023-04-14,-27.836,-27.25,1,4587.53,4584.22,-0.006067753235401185,-0.0059400156511238075,False,2023,-1391.8
2023-04-17,0.0,0.0,0,4581.75,4599.64,0.0,0.0,False,2023,0.0
2023-04-18,0.0,0.0,0,4617.53,4602.12,0.0,0.0,False,2023,0.0
2023-04-19,0.0,0.0,0,4578.99,4601.02,0.0,0.0,False,2023,0.0
2023-04-20,0.0,0.0,0,4565.5,4573.49,0.0,0.0,False,2023,0.0
2023-04-21,0.0,0.0,0,4575.97,4576.24,0.0,0.0,False,2023,0.0
2023-04-24,0.0,0.0,0,4573.49,4581.2,0.0,0.0,False,2023,0.0
2023-04-25,14.28399999999989,14.86999999999989,1,4556.97,4507.42,0.003134538959001242,0.0032631331784058024,False,2023,714.1999999999945
2023-04-26,0.0,0.0,0,4513.2,4486.78,0.0,0.0,False,2023,0.0
2023-04-27,31.073999999999856,31.659999999999854,1,4514.3,4574.04,0.006883459229559368,0.007013268945351406,False,2023,1553.6999999999928
2023-04-28,-11.632000000000037,-10.460000000000036,2,4563.58,4613.13,-0.0025488761016570407,-0.0022920601808229584,False,2023,-581.6000000000018
2023-05-01,0.0,0.0,0,4607.35,4607.9,0.0,0.0,False,2023,0.0
2023-05-02,-2.5420000000008,-1.3700000000008001,2,4599.36,4555.59,-0.0005526855910389272,-0.0002978675293955681,False,2023,-127.10000000004
2023-05-03,0.0,0.0,0,4560.27,4522.84,0.0,0.0,False,2023,0.0
2023-05-04,-9.945999999999673,-9.359999999999673,1,4509.35,4489.53,-0.0022056393937041198,-0.002075687183296855,False,2023,-497.29999999998364
2023-05-05,-2.516000000000291,-1.930000000000291,1,4530.54,4571.56,-0.0005553421887899215,-0.00042599778392869085,False,2023,-125.80000000001455
2023-05-08,0.0,0.0,0,4574.86,4573.21,0.0,0.0,False,2023,0.0
2023-05-09,0.0,0.0,0,4553.67,4552.57,0.0,0.0,False,2023,0.0
2023-05-10,0.0,0.0,0,4583.67,4572.39,0.0,0.0,False,2023,0.0
2023-05-11,0.0,0.0,0,4560.27,4563.03,0.0,0.0,False,2023,0.0
2023-05-12,0.0,0.0,0,4575.97,4556.42,0.0,0.0,False,2023,0.0
2023-05-15,0.0,0.0,0,4561.93,4571.29,0.0,0.0,False,2023,0.0
2023-05-16,0.0,0.0,0,4557.52,4539.9,0.0,0.0,False,2023,0.0
2023-05-17,0.0,0.0,0,4562.75,4594.13,0.0,0.0,False,2023,0.0
2023-05-18,0.0,0.0,0,4588.63,4637.08,0.0,0.0,False,2023,0.0
2023-05-19,0.0,0.0,0,4646.44,4629.64,0.0,0.0,False,2023,0.0
2023-05-22,0.0,0.0,0,4629.64,4631.02,0.0,0.0,False,2023,0.0
2023-05-23,0.0,0.0,0,4611.2,4578.44,0.0,0.0,False,2023,0.0
2023-05-24,-6.9159999999999275,-6.329999999999927,1,4558.62,4544.03,-0.0015171257968420108,-0.0013885781223264776,False,2023,-345.7999999999964
2023-05-25,0.0,0.0,0,4581.47,4580.65,0.0,0.0,False,2023,0.0
2023-05-26,8.2240000000004,8.8100000000004,1,4587.53,4639.56,0.001792685824397966,0.0019204234086753439,False,2023,411.20000000002
2023-05-29,0.0,0.0,0,4648.36,4651.94,0.0,0.0,True,2023,0.0
2023-05-30,0.0,0.0,0,4661.03,4641.21,0.0,0.0,False,2023,0.0
2023-05-31,0.0,0.0,0,4618.91,4615.06,0.0,0.0,False,2023,0.0
2023-06-01,7.953999999999963,8.539999999999964,1,4615.06,4656.35,0.0017234878853145924,0.001850463482598268,False,2023,397.69999999999817
2023-06-02,11.243999999999927,11.829999999999927,1,4684.98,4722.96,0.0024000102455079696,0.002525090822159311,False,2023,562.1999999999963
2023-06-05,0.0,0.0,0,4725.99,4713.33,0.0,0.0,False,2023,0.0
2023-06-06,0.0,0.0,0,4707.82,4723.52,0.0,0.0,False,2023,0.0
2023-06-07,0.0,0.0,0,4726.82,4706.72,0.0,0.0,False,2023,0.0
2023-06-08,0.0,0.0,0,4704.52,4732.32,0.0,0.0,False,2023,0.0
2023-06-09,0.0,0.0,0,4740.58,4740.31,0.0,0.0,False,2023,0.0
2023-06-12,0.0,0.0,0,4750.77,4782.7,0.0,0.0,False,2023,0.0
2023-06-13,0.0,0.0,0,4798.12,4812.98,0.0,0.0,False,2023,0.0
2023-06-14,0.0,0.0,0,4815.43,4816.52,0.0,0.0,False,2023,0.0
2023-06-15,27.9319999999996,29.6899999999996,3,4804.26,4874.55,0.005814006735688659,0.006179931977036963,False,2023,1396.5999999999801
2023-06-16,0.0,0.0,0,4896.08,4856.03,0.0,0.0,False,2023,0.0
2023-06-19,0.0,0.0,0,4847.85,4847.85,0.0,0.0,True,2023,0.0
2023-06-20,-6.306000000000255,-5.720000000000255,1,4833.41,4832.32,-0.0013046689604234393,-0.00118342950422171,False,2023,-315.30000000001274
2023-06-21,0.0,0.0,0,4819.24,4805.62,0.0,0.0,False,2023,0.0
2023-06-22,0.0,0.0,0,4793.09,4821.15,0.0,0.0,False,2023,0.0
2023-06-23,0.0,0.0,0,4780.01,4784.64,0.0,0.0,False,2023,0.0
2023-06-26,0.0,0.0,0,4776.74,4763.94,0.0,0.0,False,2023,0.0
2023-06-27,11.134000000000254,11.720000000000255,1,4772.93,4814.89,0.0023327390093716553,0.0024555147467070024,False,2023,556.7000000000127
2023-06-28,0.0,0.0,0,4802.08,4817.88,0.0,0.0,False,2023,0.0
2023-06-29,0.0,0.0,0,4810.53,4835.05,0.0,0.0,False,2023,0.0
2023-06-30,0.0,0.0,0,4869.65,4889.27,0.0,0.0,False,2023,0.0
2023-07-03,0.0,0.0,0,4885.45,4895.53,0.0,0.0,True,2023,0.0
2023-07-04,0.0,0.0,0,4894.72,4893.9,0.0,0.0,True,2023,0.0
2023-07-05,0.0,0.0,0,4872.92,4886.27,0.0,0.0,False,2023,0.0
2023-07-06,-10.935999999999455,-10.349999999999454,1,4842.95,4845.95,-0.002258127794009737,-0.002137127164228302,False,2023,-546.7999999999728
2023-07-07,-41.45599999999989,-40.86999999999989,1,4833.14,4833.14,-0.008577446546137684,-0.008456200316978173,False,2023,-2072.7999999999943
2023-07-10,0.0,0.0,0,4827.96,4844.86,0.0,0.0,False,2023,0.0
2023-07-11,0.0,0.0,0,4853.03,4874.83,0.0,0.0,False,2023,0.0
2023-07-12,0.0,0.0,0,4917.87,4914.33,0.0,0.0,False,2023,0.0
2023-07-13,0.0,0.0,0,4932.59,4950.84,0.0,0.0,False,2023,0.0
2023-07-14,0.0,0.0,0,4960.38,4946.76,0.0,0.0,False,2023,0.0
2023-07-17,0.0,0.0,0,4944.3,4963.65,0.0,0.0,False,2023,0.0
2023-07-18,-3.586,-3.0,1,4958.74,4999.88,-0.000723167578860759,-0.0006049923972622078,False,2023,-179.29999999999998
2023-07-19,0.0,0.0,0,5008.06,5008.88,0.0,0.0,False,2023,0.0
2023-07-20,0.0,0.0,0,4996.07,4975.09,0.0,0.0,False,2023,0.0
2023-07-21,0.0,0.0,0,4993.35,4973.73,0.0,0.0,False,2023,0.0
2023-07-24,0.0,0.0,0,4986.26,4996.07,0.0,0.0,False,2023,0.0
2023-07-25,0.0,0.0,0,4991.44,5008.06,0.0,0.0,False,2023,0.0
2023-07-26,0.0,0.0,0,4997.16,5009.15,0.0,0.0,False,2023,0.0
2023-07-27,-0.586,0.0,1,5045.11,4973.46,-0.00011615207597059331,0.0,False,2023,-29.299999999999997
2023-07-28,-4.991999999999709,-3.819999999999709,2,5009.69,5020.59,-0.0009964688433814685,-0.0007625222319144916,False,2023,-249.59999999998544
2023-07-31,0.0,0.0,0,5025.77,5030.67,0.0,0.0,False,2023,0.0
2023-08-01,0.0,0.0,0,5012.69,5014.32,0.0,0.0,False,2023,0.0
2023-08-02,-10.99199999999971,-9.819999999999709,2,4978.09,4943.76,-0.002208075788103411,-0.0019726441265625386,False,2023,-549.5999999999855
2023-08-03,0.0,0.0,0,4918.69,4926.32,0.0,0.0,False,2023,0.0
2023-08-04,0.0,0.0,0,4946.21,4903.43,0.0,0.0,False,2023,0.0
2023-08-07,0.0,0.0,0,4924.14,4945.94,0.0,0.0,False,2023,0.0
2023-08-08,0.4939999999999273,1.0799999999999272,1,4915.97,4923.05,0.00010048881502530066,0.00021969214620917686,False,2023,24.699999999996365
2023-08-09,-16.116000000000653,-15.530000000000653,1,4925.78,4889.27,-0.0032717660959280873,-0.0031528001656591755,False,2023,-805.8000000000327
2023-08-10,-19.38599999999927,-18.799999999999272,1,4914.06,4889.27,-0.003945006776473887,-0.003825757113262612,False,2023,-969.2999999999636
2023-08-11,0.0,0.0,0,4866.65,4884.63,0.0,0.0,False,2023,0.0
2023-08-14,0.0,0.0,0,4874.28,4911.61,0.0,0.0,False,2023,0.0
2023-08-15,-13.981999999999491,-12.80999999999949,2,4890.36,4854.12,-0.002859094218012476,-0.0026194390597010222,False,2023,-699.0999999999746
2023-08-16,0.0,0.0,0,4847.85,4816.52,0.0,0.0,False,2023,0.0
2023-08-17,0.0,0.0,0,4831.23,4777.29,0.0,0.0,False,2023,0.0
2023-08-18,0.0,0.0,0,4744.59,4778.65,0.0,0.0,False,2023,0.0
2023-08-21,0.0,0.0,0,4789.82,4809.16,0.0,0.0,False,2023,0.0
2023-08-22,0.0,0.0,0,4829.05,4795.0,0.0,0.0,False,2023,0.0
2023-08-23,-5.541999999999891,-4.369999999999891,2,4806.71,4847.58,-0.0011529715751522123,-0.0009091457566609782,False,2023,-277.0999999999945
2023-08-24,-5.262000000000145,-4.0900000000001455,2,4864.47,4778.92,-0.0010817211330319942,-0.0008407904663817734,False,2023,-263.10000000000724
2023-08-25,0.0,0.0,0,4797.72,4811.62,0.0,0.0,False,2023,0.0
2023-08-28,0.0,0.0,0,4836.41,4840.77,0.0,0.0,False,2023,0.0
2023-08-29,21.977999999999636,23.149999999999636,2,4839.95,4910.79,0.004540956001611512,0.004783107263504714,False,2023,1098.8999999999817
2023-08-30,0.0,0.0,0,4914.33,4930.41,0.0,0.0,False,2023,0.0
2023-08-31,0.0,0.0,0,4934.49,4919.78,0.0,0.0,False,2023,0.0
2023-09-01,0.0,0.0,0,4950.84,4929.05,0.0,0.0,False,2023,0.0
2023-09-04,0.0,0.0,0,4933.13,4924.69,0.0,0.0,True,2023,0.0
2023-09-05,0.0,0.0,0,4923.32,4906.7,0.0,0.0,False,2023,0.0
2023-09-06,-22.115999999999744,-21.529999999999745,1,4896.62,4872.65,-0.004516584909590645,-0.004396910521951825,False,2023,-1105.7999999999872
2023-09-07,0.0,0.0,0,4836.68,4855.48,0.0,0.0,False,2023,0.0
2023-09-08,0.0,0.0,0,4855.48,4862.29,0.0,0.0,False,2023,0.0
2023-09-11,0.0,0.0,0,4891.45,4893.9,0.0,0.0,False,2023,0.0
2023-09-12,0.0,0.0,0,4876.19,4865.83,0.0,0.0,False,2023,0.0
2023-09-13,0.0,0.0,0,4867.47,4870.47,0.0,0.0,False,2023,0.0
2023-09-14,0.0,0.0,0,4896.78,4910.79,0.0,0.0,False,2023,0.0
2023-09-15,-5.445999999999673,-4.859999999999673,1,4891.38,4849.07,-0.0011133872240553123,-0.0009935846325576161,False,2023,-272.29999999998364
2023-09-18,0.0,0.0,0,4845.56,4852.57,0.0,0.0,False,2023,0.0
2023-09-19,0.0,0.0,0,4841.25,4841.79,0.0,0.0,False,2023,0.0
2023-09-20,0.0,0.0,0,4855.0,4795.43,0.0,0.0,False,2023,0.0
2023-09-21,-6.516000000000291,-5.930000000000291,1,4760.66,4714.57,-0.0013687177828284925,-0.0012456256065336091,False,2023,-325.80000000001456
2023-09-22,0.0,0.0,0,4724.55,4702.18,0.0,0.0,False,2023,0.0
2023-09-25,0.0,0.0,0,4687.89,4721.58,0.0,0.0,False,2023,0.0
2023-09-26,-0.3160000000004729,0.26999999999952706,1,4685.74,4650.97,-6.743865430016879e-05,5.7621635003121614e-05,False,2023,-15.800000000023646
2023-09-27,-17.836,-17.25,1,4663.36,4652.04,-0.0038247100802854595,-0.003699049612296713,False,2023,-891.8
2023-09-28,-19.501999999999928,-18.329999999999927,2,4643.69,4677.11,-0.004199677411713515,-0.003947291916557722,False,2023,-975.0999999999964
2023-09-29,0.0,0.0,0,4711.07,4664.17,0.0,0.0,False,2023,0.0
2023-10-02,0.0,0.0,0,4654.47,4662.56,0.0,0.0,False,2023,0.0
2023-10-03,-8.99199999999971,-7.81999999999971,2,4636.95,4600.03,-0.001939205727902977,-0.001686453379915615,False,2023,-449.59999999998547
2023-10-04,0.0,0.0,0,4602.99,4631.83,0.0,0.0,False,2023,0.0
2023-10-05,0.0,0.0,0,4625.9,4626.71,0.0,0.0,False,2023,0.0
2023-10-06,-7.371999999999818,-6.199999999999818,2,4598.41,4681.15,-0.0016031628323702797,-0.0013482921270612709,False,2023,-368.59999999999087
2023-10-09,0.0,0.0,0,4659.32,4711.34,0.0,0.0,False,2023,0.0
2023-10-10,2.6439999999995636,3.2299999999995634,1,4717.81,4734.52,0.0005604295213244204,0.0006846396951126822,False,2023,132.1999999999782
2023-10-11,0.0,0.0,0,4746.38,4753.12,0.0,0.0,False,2023,0.0
2023-10-12,0.0,0.0,0,4758.51,4722.93,0.0,0.0,False,2023,0.0
2023-10-13,0.0,0.0,0,4738.29,4698.4,0.0,0.0,False,2023,0.0
2023-10-16,0.0,0.0,0,4722.39,4746.38,0.0,0.0,False,2023,0.0
2023-10-17,0.0,0.0,0,4710.53,4746.38,0.0,0.0,False,2023,0.0
2023-10-18,0.0,0.0,0,4725.09,4682.23,0.0,0.0,False,2023,0.0
2023-10-19,0.0,0.0,0,4687.35,4637.49,0.0,0.0,False,2023,0.0
2023-10-20,11.273999999999672,11.859999999999673,1,4632.1,4580.35,0.0024338852788151535,0.0025603937738821855,False,2023,563.6999999999836
2023-10-23,0.0,0.0,0,4561.75,4571.72,0.0,0.0,False,2023,0.0
2023-10-24,5.884000000000254,6.470000000000255,1,4594.63,4604.61,0.0012806254257688332,0.0014081656194296938,False,2023,294.2000000000127
2023-10-25,9.113999999999818,9.699999999999818,1,4585.74,4539.11,0.0019874654908476753,0.00211525293627633,False,2023,455.6999999999909
2023-10-26,0.0,0.0,0,4524.02,4481.43,0.0,0.0,False,2023,0.0
2023-10-27,0.0,0.0,0,4498.68,4461.22,0.0,0.0,False,2023,0.0
2023-10-30,0.0,0.0,0,4491.14,4512.97,0.0,0.0,False,2023,0.0
2023-10-31,0.0,0.0,0,4518.9,4541.27,0.0,0.0,False,2023,0.0
2023-11-01,0.0,0.0,0,4551.24,4588.97,0.0,0.0,False,2023,0.0
2023-11-02,0.0,0.0,0,4629.4,4674.95,0.0,0.0,False,2023,0.0
2023-11-03,0.0,0.0,0,4700.02,4716.73,0.0,0.0,False,2023,0.0
2023-11-06,0.0,0.0,0,4724.82,4726.97,0.0,0.0,False,2023,0.0
2023-11-07,0.0,0.0,0,4726.43,4739.91,0.0,0.0,False,2023,0.0
2023-11-08,0.0,0.0,0,4746.11,4742.07,0.0,0.0,False,2023,0.0
2023-11-09,0.0,0.0,0,4753.39,4703.79,0.0,0.0,False,2023,0.0
2023-11-10,0.0,0.0,0,4726.16,4776.3,0.0,0.0,False,2023,0.0
2023-11-13,0.0,0.0,0,4760.39,4771.18,0.0,0.0,False,2023,0.0
2023-11-14,-4.8960000000004005,-4.3100000000004,1,4836.94,4863.08,-0.0010122101990102008,-0.0008910592233933852,False,2023,-244.80000000002002
2023-11-15,0.0,0.0,0,4877.1,4872.52,0.0,0.0,False,2023,0.0
2023-11-16,0.0,0.0,0,4865.51,4876.29,0.0,0.0,False,2023,0.0
2023-11-17,0.0,0.0,0,4875.48,4881.95,0.0,0.0,False,2023,0.0
2023-11-20,-2.7459999999998543,-2.1599999999998545,1,4877.91,4918.61,-0.00056294601581412,-0.0004428125980183838,False,2023,-137.2999999999927
2023-11-21,0.0,0.0,0,4905.4,4906.48,0.0,0.0,False,2023,0.0
2023-11-22,0.0,0.0,0,4923.19,4923.46,0.0,0.0,False,2023,0.0
2023-11-23,0.0,0.0,0,4927.23,4926.42,0.0,0.0,True,2023,0.0
2023-11-24,0.0,0.0,0,4922.92,4925.08,0.0,0.0,True,2023,0.0
2023-11-27,0.0,0.0,0,4917.53,4916.45,0.0,0.0,False,2023,0.0
2023-11-28,0.0,0.0,0,4911.06,4919.68,0.0,0.0,False,2023,0.0
2023-11-29,0.0,0.0,0,4943.4,4916.18,0.0,0.0,False,2023,0.0
2023-11-30,0.0,0.0,0,4922.92,4932.08,0.0,0.0,False,2023,0.0
2023-12-01,6.683999999999527,7.269999999999527,1,4925.61,4960.65,0.00135698928660603,0.0014759593228045923,False,2023,334.19999999997634
2023-12-04,0.0,0.0,0,4922.65,4934.24,0.0,0.0,False,2023,0.0
2023-12-05,0.0,0.0,0,4918.34,4933.16,0.0,0.0,False,2023,0.0
2023-12-06,0.0,0.0,0,4956.34,4911.87,0.0,0.0,False,2023,0.0
2023-12-07,0.0,0.0,0,4933.97,4946.91,0.0,0.0,False,2023,0.0
2023-12-08,-13.256000000000073,-12.670000000000073,1,4938.82,4967.66,-0.0026840419371428953,-0.002565390113427919,False,2023,-662.8000000000037
2023-12-11,0.0,0.0,0,4961.73,4986.26,0.0,0.0,False,2023,0.0
2023-12-12,0.0,0.0,0,4981.95,5009.17,0.0,0.0,False,2023,0.0
2023-12-13,0.0,0.0,0,5011.86,5076.28,0.0,0.0,False,2023,0.0
2023-12-14,0.0,0.0,0,5095.98,5091.98,0.0,0.0,False,2023,0.0
2023-12-15,0.0,0.0,0,5084.52,5082.92,0.0,0.0,False,2023,0.0
2023-12-18,0.0,0.0,0,5099.18,5110.64,0.0,0.0,False,2023,0.0
2023-12-19,0.0,0.0,0,5115.71,5139.97,0.0,0.0,False,2023,0.0
2023-12-20,14.073999999999854,14.659999999999854,1,5129.57,5064.79,0.0027436997643077014,0.002857939359439457,False,2023,703.6999999999927
2023-12-21,0.0,0.0,0,5098.38,5113.31,0.0,0.0,False,2023,0.0
2023-12-22,1.8139999999996363,2.399999999999636,1,5125.04,5123.97,0.0003539484569875818,0.00046828902798800323,False,2023,90.69999999998181
2023-12-26,0.0,0.0,0,5127.7,5145.03,0.0,0.0,False,2023,0.0
2023-12-27,0.0,0.0,0,5142.1,5155.43,0.0,0.0,False,2023,0.0
2023-12-28,0.0,0.0,0,5152.49,5153.56,0.0,0.0,False,2023,0.0
2023-12-29,-5.9159999999999275,-5.329999999999927,1,5148.76,5138.37,-0.001149014520000918,-0.0010352007085200955,False,2023,-295.7999999999964
2024-01-02,0.0,0.0,0,5100.78,5105.58,0.0,0.0,False,2024,0.0
2024-01-03,0.0,0.0,0,5080.25,5061.86,0.0,0.0,False,2024,0.0
2024-01-04,-10.71600000000011,-10.13000000000011,1,5053.86,5043.46,-0.002120359487599599,-0.002004408511513993,False,2024,-535.8000000000055
2024-01-05,-4.046000000000037,-3.460000000000037,1,5044.0,5049.59,-0.0008021411578112682,-0.0006859635210150747,False,2024,-202.30000000000183
2024-01-08,46.808000000000476,47.98000000000047,2,5053.59,5119.97,0.009262326385797121,0.00949424072787869,False,2024,2340.4000000000237
2024-01-09,0.0,0.0,0,5089.58,5110.91,0.0,0.0,False,2024,0.0
2024-01-10,-4.856000000000437,-4.270000000000437,1,5113.31,5138.9,-0.0009496783883630049,-0.0008350755185976279,False,2024,-242.80000000002184
2024-01-11,1.8139999999996363,2.399999999999636,1,5147.16,5134.1,0.0003524273579992921,0.00046627654862091644,False,2024,90.69999999998181
2024-01-12,0.0,0.0,0,5149.3,5136.23,0.0,0.0,False,2024,0.0
2024-01-15,0.0,0.0,0,5130.64,5132.77,0.0,0.0,True,2024,0.0
2024-01-16,0.0,0.0,0,5120.5,5116.77,0.0,0.0,False,2024,0.0
2024-01-17,0.0,0.0,0,5082.12,5087.45,0.0,0.0,False,2024,0.0
2024-01-18,0.0,0.0,0,5103.44,5130.1,0.0,0.0,False,2024,0.0
2024-01-19,23.134000000000256,23.720000000000255,1,5141.83,5193.81,0.004499176363279272,0.004613143569507404,False,2024,1156.7000000000128
2024-01-22,0.0,0.0,0,5209.81,5205.54,0.0,0.0,False,2024,0.0
2024-01-23,0.0,0.0,0,5209.81,5219.41,0.0,0.0,False,2024,0.0
2024-01-24,0.0,0.0,0,5250.06,5223.67,0.0,0.0,False,2024,0.0
2024-01-25,0.0,0.0,0,5245.27,5250.6,0.0,0.0,False,2024,0.0
2024-01-26,0.0,0.0,0,5244.47,5243.13,0.0,0.0,False,2024,0.0
2024-01-29,0.0,0.0,0,5245.27,5283.39,0.0,0.0,False,2024,0.0
2024-01-30,0.0,0.0,0,5274.32,5277.52,0.0,0.0,False,2024,0.0
2024-01-31,2.344000000000291,2.930000000000291,1,5252.73,5191.68,0.0004462441435216147,0.0005578051794020045,False,2024,117.20000000001455
2024-02-01,5.758000000000291,6.930000000000291,2,5207.14,5256.73,0.0011057893584578656,0.001330864927772307,False,2024,287.9000000000146
2024-02-02,36.203999999999965,36.789999999999964,1,5260.19,5309.78,0.006882641121328311,0.006994043941378537,False,2024,1810.1999999999982
2024-02-05,-8.586,-8.0,1,5302.85,5290.05,-0.0016191293361117135,-0.0015086227217439678,False,2024,-429.3
2024-02-06,0.0,0.0,0,5299.65,5304.98,0.0,0.0,False,2024,0.0
2024-02-07,-8.316000000000473,-7.730000000000473,1,5328.97,5348.17,-0.0015605267059113624,-0.0014505617408243005,False,2024,-415.80000000002366
2024-02-08,0.0,0.0,0,5345.77,5349.77,0.0,0.0,False,2024,0.0
2024-02-09,0.0,0.0,0,5352.96,5378.56,0.0,0.0,False,2024,0.0
2024-02-12,0.0,0.0,0,5377.49,5375.89,0.0,0.0,False,2024,0.0
2024-02-13,0.0,0.0,0,5304.98,5301.51,0.0,0.0,False,2024,0.0
2024-02-14,0.0,0.0,0,5328.71,5347.9,0.0,0.0,False,2024,0.0
2024-02-15,0.0,0.0,0,5351.9,5381.49,0.0,0.0,False,2024,0.0
2024-02-16,-6.986000000000546,-6.400000000000546,1,5377.49,5353.5,-0.0012991191057539011,-0.001190146332210854,False,2024,-349.3000000000273
2024-02-19,0.0,0.0,0,5359.1,5357.76,0.0,0.0,True,2024,0.0
2024-02-20,-4.846000000000219,-4.260000000000218,1,5333.5,5323.64,-0.0009085966063560923,-0.0007987250398425458,False,2024,-242.30000000001093
2024-02-21,0.0,0.0,0,5308.18,5327.11,0.0,0.0,False,2024,0.0
2024-02-22,10.604000000000509,11.19000000000051,1,5398.02,5435.6,0.0019644239925010482,0.002072982315738087,False,2024,530.2000000000254
2024-02-23,0.0,0.0,0,5453.47,5438.0,0.0,0.0,False,2024,0.0
2024-02-26,0.0,0.0,0,5442.27,5416.94,0.0,0.0,False,2024,0.0
2024-02-27,0.0,0.0,0,5423.88,5426.01,0.0,0.0,False,2024,0.0
2024-02-28,0.0,0.0,0,5408.68,5418.54,0.0,0.0,False,2024,0.0
2024-02-29,0.0,0.0,0,5436.14,5434.81,0.0,0.0,False,2024,0.0
2024-03-01,26.073999999999856,26.659999999999854,1,5444.4,5486.26,0.0047891411358459805,0.00489677466754828,False,2024,1303.6999999999928
2024-03-04,0.0,0.0,0,5476.39,5478.52,0.0,0.0,False,2024,0.0
2024-03-05,7.088000000001128,8.260000000001128,2,5455.86,5423.08,0.0012991535706563455,0.0015139684669330093,False,2024,354.4000000000564
2024-03-06,0.0,0.0,0,5458.8,5451.07,0.0,0.0,False,2024,0.0
2024-03-07,0.0,0.0,0,5484.12,5501.98,0.0,0.0,False,2024,0.0
2024-03-08,-32.57599999999978,-31.98999999999978,1,5507.58,5468.39,-0.005914757479691586,-0.005808358662062064,False,2024,-1628.799999999989
2024-03-11,0.0,0.0,0,5453.47,5462.53,0.0,0.0,False,2024,0.0
2024-03-12,-9.915999999999928,-9.329999999999927,1,5484.92,5520.64,-0.0018078659305878532,-0.001701027544613217,False,2024,-495.7999999999964
2024-03-13,0.0,0.0,0,5523.04,5511.31,0.0,0.0,False,2024,0.0
2024-03-14,-27.24199999999971,-26.06999999999971,2,5519.01,5498.21,-0.00493603019382094,-0.004723673267488138,False,2024,-1362.0999999999856
2024-03-15,0.0,0.0,0,5462.14,5458.71,0.0,0.0,False,2024,0.0
2024-03-18,0.0,0.0,0,5503.74,5492.94,0.0,0.0,False,2024,0.0
2024-03-19,0.0,0.0,0,5482.94,5521.65,0.0,0.0,False,2024,0.0
2024-03-20,-0.06599999999956341,0.5200000000004366,1,5520.07,5569.3,-1.1956370118415783e-05,9.42017039639781e-05,False,2024,-3.29999999997817
2024-03-21,0.0,0.0,0,5598.01,5585.1,0.0,0.0,False,2024,0.0
2024-03-22,0.0,0.0,0,5583.52,5573.78,0.0,0.0,False,2024,0.0
2024-03-25,0.0,0.0,0,5557.72,5557.98,0.0,0.0,False,2024,0.0
2024-03-26,0.0,0.0,0,5571.67,5546.4,0.0,0.0,False,2024,0.0
2024-03-27,0.0,0.0,0,5574.83,5593.0,0.0,0.0,False,2024,0.0
2024-03-28,0.0,0.0,0,5592.21,5587.74,0.0,0.0,False,2024,0.0
2024-04-01,-10.065999999999564,-9.479999999999563,1,5594.58,5576.15,-0.0017992414086490075,-0.001694497174050521,False,2024,-503.2999999999782
2024-04-02,0.0,0.0,0,5532.97,5541.13,0.0,0.0,False,2024,0.0
2024-04-03,-7.1659999999999275,-6.579999999999927,1,5527.17,5545.61,-0.0012965043593737714,-0.0011904826520624347,False,2024,-358.2999999999964
2024-04-04,29.693999999999747,30.279999999999745,1,5587.74,5474.25,0.005314134157995853,0.005419006610901679,False,2024,1484.6999999999873
2024-04-05,-2.492000000000618,-1.3200000000006182,2,5488.47,5530.86,-0.0004540427477968574,-0.00024050418422631774,False,2024,-124.6000000000309
2024-04-08,0.0,0.0,0,5538.5,5534.02,0.0,0.0,False,2024,0.0
2024-04-09,-15.075999999999782,-14.489999999999782,1,5552.45,5540.08,-0.0027151977955676833,-0.002609658799268752,False,2024,-753.7999999999892
2024-04-10,0.0,0.0,0,5476.62,5482.41,0.0,0.0,False,2024,0.0
2024-04-11,-5.065999999999564,-4.479999999999563,1,5496.63,5521.65,-0.0009216556326330067,-0.0008150448547563804,False,2024,-253.29999999997818
2024-04-12,-3.485999999999636,-2.899999999999636,1,5481.36,5442.92,-0.0006359735540084279,-0.0005290657792955829,False,2024,-174.2999999999818
2024-04-15,21.534000000000802,22.1200000000008,1,5488.73,5374.98,0.003923311950123399,0.004030076174269968,False,2024,1076.70000000004
2024-04-16,0.0,0.0,0,5378.93,5363.13,0.0,0.0,False,2024,0.0
2024-04-17,0.0,0.0,0,5389.99,5330.22,0.0,0.0,False,2024,0.0
2024-04-18,0.0,0.0,0,5343.91,5317.05,0.0,0.0,False,2024,0.0
2024-04-19,-20.596000000000217,-20.01000000000022,1,5316.0,5269.66,-0.0038743416102332987,-0.0037641083521445106,False,2024,-1029.8000000000109
2024-04-22,0.0,0.0,0,5298.09,5317.32,0.0,0.0,False,2024,0.0
2024-04-23,0.0,0.0,0,5339.43,5379.72,0.0,0.0,False,2024,0.0
2024-04-24,0.0,0.0,0,5389.2,5377.09,0.0,0.0,False,2024,0.0
2024-04-25,0.0,0.0,0,5307.84,5353.39,0.0,0.0,False,2024,0.0
2024-04-26,2.0440000000001093,2.630000000000109,1,5383.14,5402.63,0.0003797040389066807,0.0004885624375364767,False,2024,102.20000000000546
2024-04-29,0.0,0.0,0,5421.32,5421.32,0.0,0.0,False,2024,0.0
2024-04-30,0.0,0.0,0,5404.21,5334.69,0.0,0.0,False,2024,0.0
2024-05-01,0.0,0.0,0,5327.32,5314.68,0.0,0.0,False,2024,0.0
2024-05-02,0.0,0.0,0,5353.92,5362.87,0.0,0.0,False,2024,0.0
2024-05-03,0.0,0.0,0,5427.64,5428.7,0.0,0.0,False,2024,0.0
2024-05-06,0.0,0.0,0,5454.24,5484.26,0.0,0.0,False,2024,0.0
2024-05-07,0.0,0.0,0,5494.0,5489.78,0.0,0.0,False,2024,0.0
2024-05-08,0.0,0.0,0,5468.72,5489.26,0.0,0.0,False,2024,0.0
2024-05-09,0.0,0.0,0,5488.73,5518.22,0.0,0.0,False,2024,0.0
2024-05-10,0.0,0.0,0,5535.34,5524.54,0.0,0.0,False,2024,0.0
2024-05-13,0.0,0.0,0,5542.18,5524.81,0.0,0.0,False,2024,0.0
2024-05-14,0.0,0.0,0,5526.12,5549.03,0.0,0.0,False,2024,0.0
2024-05-15,1.514000000000364,2.100000000000364,1,5575.36,5617.49,0.00027155197153194845,0.00037665729208524,False,2024,75.70000000001819
2024-05-16,0.0,0.0,0,5616.17,5603.27,0.0,0.0,False,2024,0.0
2024-05-17,0.0,0.0,0,5604.06,5611.43,0.0,0.0,False,2024,0.0
2024-05-20,0.9939999999999273,1.5799999999999272,1,5611.7,5617.23,0.00017712992497815764,0.00028155460912021796,False,2024,49.699999999996365
2024-05-21,0.0,0.0,0,5608.01,5630.66,0.0,0.0,False,2024,0.0
2024-05-22,-8.756000000000073,-8.170000000000073,1,5622.23,5613.01,-0.0015573891498569204,-0.001453160045035524,False,2024,-437.80000000000365
2024-05-23,7.5840000000000725,8.170000000000073,1,5642.77,5567.72,0.0013440207557635828,0.0014478704607843438,False,2024,379.2000000000036
2024-05-24,0.0,0.0,0,5586.95,5605.12,0.0,0.0,False,2024,0.0
2024-05-27,0.0,0.0,0,5603.54,5618.02,0.0,0.0,True,2024,0.0
2024-05-28,0.0,0.0,0,5612.22,5609.06,0.0,0.0,False,2024,0.0
2024-05-29,0.0,0.0,0,5563.25,5569.04,0.0,0.0,False,2024,0.0
2024-05-30,0.0,0.0,0,5550.35,5531.12,0.0,0.0,False,2024,0.0
2024-05-31,-76.21199999999996,-75.03999999999996,2,5537.71,5578.78,-0.013762367476808998,-0.013550727647348807,False,2024,-3810.599999999998
2024-06-03,-41.40599999999971,-40.81999999999971,1,5595.11,5581.42,-0.007400390698306148,-0.007295656385665288,False,2024,-2070.299999999985
2024-06-04,0.0,0.0,0,5566.67,5586.42,0.0,0.0,False,2024,0.0
2024-06-05,0.0,0.0,0,5611.17,5652.25,0.0,0.0,False,2024,0.0
2024-06-06,0.0,0.0,0,5655.14,5650.93,0.0,0.0,False,2024,0.0
2024-06-07,0.0,0.0,0,5637.5,5641.19,0.0,0.0,False,2024,0.0
2024-06-10,0.0,0.0,0,5631.97,5658.83,0.0,0.0,False,2024,0.0
2024-06-11,-10.855999999999527,-10.269999999999527,1,5640.66,5670.68,-0.0019245974761817814,-0.0018207089241329077,False,2024,-542.7999999999764
2024-06-12,-9.27600000000051,-8.69000000000051,1,5719.13,5715.71,-0.0016219250130702588,-0.0015194618761945452,False,2024,-463.8000000000255
2024-06-13,0.0,0.0,0,5734.14,5725.98,0.0,0.0,False,2024,0.0
2024-06-14,0.0,0.0,0,5707.04,5726.81,0.0,0.0,False,2024,0.0
2024-06-17,8.004000000000145,8.590000000000146,1,5719.27,5773.91,0.001399479304176957,0.001501939932893559,False,2024,400.20000000000726
2024-06-18,0.0,0.0,0,5773.91,5788.48,0.0,0.0,False,2024,0.0
2024-06-19,0.0,0.0,0,5792.91,5788.74,0.0,0.0,True,2024,0.0
2024-06-20,0.0,0.0,0,5797.59,5771.31,0.0,0.0,False,2024,0.0
2024-06-21,0.0,0.0,0,5760.12,5755.96,0.0,0.0,False,2024,0.0
2024-06-24,-0.6519999999995634,0.5200000000004366,2,5756.74,5739.82,-0.00011325854563512742,9.032890142692507e-05,False,2024,-32.599999999978166
2024-06-25,0.0,0.0,0,5752.84,5761.16,0.0,0.0,False,2024,0.0
2024-06-26,0.0,0.0,0,5748.41,5767.67,0.0,0.0,False,2024,0.0
2024-06-27,0.0,0.0,0,5764.8,5774.43,0.0,0.0,False,2024,0.0
2024-06-28,-20.952000000000655,-19.780000000000655,2,5779.38,5748.67,-0.0036253023680741974,-0.0034225124494324053,False,2024,-1047.6000000000329
2024-07-01,0.0,0.0,0,5762.98,5759.6,0.0,0.0,False,2024,0.0
2024-07-02,0.0,0.0,0,5741.13,5796.81,0.0,0.0,False,2024,0.0
2024-07-03,0.0,0.0,0,5791.35,5819.19,0.0,0.0,True,2024,0.0
2024-07-04,0.0,0.0,0,5823.61,5816.58,0.0,0.0,True,2024,0.0
2024-07-05,0.0,0.0,0,5820.49,5851.45,0.0,0.0,False,2024,0.0
2024-07-08,0.0,0.0,0,5858.74,5857.18,0.0,0.0,False,2024,0.0
2024-07-09,0.0,0.0,0,5866.02,5861.6,0.0,0.0,False,2024,0.0
2024-07-10,20.223999999999492,20.80999999999949,1,5873.57,5918.32,0.003443221073384584,0.003542990038426288,False,2024,1011.1999999999746
2024-07-11,34.5439999999992,35.1299999999992,1,5918.58,5866.02,0.005836535114841601,0.005935545350404861,False,2024,1727.19999999996
2024-07-12,1.4939999999999274,2.0799999999999272,1,5876.43,5901.67,0.0002542359902185387,0.00035395639869783646,False,2024,74.69999999999636
2024-07-15,0.0,0.0,0,5922.75,5917.54,0.0,0.0,False,2024,0.0
2024-07-16,0.0,0.0,0,5930.81,5951.11,0.0,0.0,False,2024,0.0
2024-07-17,0.0,0.0,0,5886.06,5867.32,0.0,0.0,False,2024,0.0
2024-07-18,-6.046000000000037,-5.460000000000036,1,5882.42,5821.53,-0.0010278082829855801,-0.0009281894186406337,False,2024,-302.30000000000183
2024-07-19,0.0,0.0,0,5815.28,5780.42,0.0,0.0,False,2024,0.0
2024-07-22,0.0,0.0,0,5821.79,5838.44,0.0,0.0,False,2024,0.0
2024-07-23,0.0,0.0,0,5836.36,5827.25,0.0,0.0,False,2024,0.0
2024-07-24,56.914,57.5,1,5774.95,5695.07,0.009855323422713617,0.00995679616273734,False,2024,2845.7000000000003
2024-07-25,-23.54199999999989,-22.36999999999989,2,5695.07,5663.33,-0.004133750770403155,-0.003927958743263892,False,2024,-1177.0999999999947
2024-07-26,-22.9560000000008,-22.3700000000008,1,5702.1,5723.69,-0.004025885200189544,-0.00392311604496603,False,2024,-1147.80000000004
2024-07-29,0.0,0.0,0,5739.3,5727.6,0.0,0.0,False,2024,0.0
2024-07-30,-21.722000000000182,-20.550000000000182,2,5741.39,5696.11,-0.0037834043672351435,-0.0035792726151681353,False,2024,-1086.1000000000092
2024-07-31,0.0,0.0,0,5769.49,5783.28,0.0,0.0,False,2024,0.0
2024-08-01,-25.901999999999564,-24.729999999999563,2,5805.66,5704.44,-0.004461508252291654,-0.0042596362859691345,False,2024,-1295.0999999999783
2024-08-02,21.004000000000147,21.590000000000146,1,5625.08,5595.67,0.0037339913387898745,0.0038381676349492177,False,2024,1050.2000000000073
2024-08-05,0.0,0.0,0,5370.08,5432.0,0.0,0.0,False,2024,0.0
2024-08-06,-52.50800000000091,-50.75000000000091,3,5448.92,5479.62,-0.00963640501236959,-0.009313772270468442,False,2024,-2625.4000000000456
2024-08-07,-24.5259999999996,-23.9399999999996,1,5545.19,5442.15,-0.0044229323070985125,-0.004317255134630121,False,2024,-1226.29999999998
2024-08-08,3.0540000000003276,3.6400000000003274,1,5496.27,5566.53,0.0005556495587007784,0.000662267319473084,False,2024,152.7000000000164
2024-08-09,0.0,0.0,0,5555.34,5587.61,0.0,0.0,False,2024,0.0
2024-08-12,0.0,0.0,0,5600.62,5590.99,0.0,0.0,False,2024,0.0
2024-08-13,0.0,0.0,0,5624.03,5681.54,0.0,0.0,False,2024,0.0
2024-08-14,0.0,0.0,0,5689.61,5698.71,0.0,0.0,False,2024,0.0
2024-08-15,0.0,0.0,0,5758.3,5796.29,0.0,0.0,False,2024,0.0
2024-08-16,0.0,0.0,0,5775.99,5805.92,0.0,0.0,False,2024,0.0
2024-08-19,0.0,0.0,0,5810.08,5860.82,0.0,0.0,False,2024,0.0
2024-08-20,0.0,0.0,0,5855.62,5850.41,0.0,0.0,False,2024,0.0
2024-08-21,0.0,0.0,0,5861.08,5870.45,0.0,0.0,False,2024,0.0
2024-08-22,0.0,0.0,0,5889.7,5823.61,0.0,0.0,False,2024,0.0
2024-08-23,-23.485999999999635,-22.899999999999636,1,5855.62,5881.9,-0.0040108476984503155,-0.003910772898514527,False,2024,-1174.2999999999818
2024-08-26,0.0,0.0,0,5892.04,5867.32,0.0,0.0,False,2024,0.0
2024-08-27,0.0,0.0,0,5852.75,5874.09,0.0,0.0,False,2024,0.0
2024-08-28,-11.506000000000073,-10.920000000000073,1,5870.19,5840.52,-0.001960072842616691,-0.0018602464315465213,False,2024,-575.3000000000037
2024-08-29,0.0,0.0,0,5860.3,5839.22,0.0,0.0,False,2024,0.0
2024-08-30,0.0,0.0,0,5861.08,5889.18,0.0,0.0,False,2024,0.0
2024-09-02,0.0,0.0,0,5887.88,5896.21,0.0,0.0,True,2024,0.0
2024-09-03,71.2240000000004,71.8100000000004,1,5855.88,5769.49,0.012162817544075425,0.012262887900708416,False,2024,3561.2000000000203
2024-09-04,0.0,0.0,0,5748.15,5753.62,0.0,0.0,False,2024,0.0
2024-09-05,0.0,0.0,0,5753.88,5740.09,0.0,0.0,False,2024,0.0
2024-09-06,77.73400000000062,78.32000000000062,1,5740.61,5641.73,0.013541069677264372,0.01364314942140306,False,2024,3886.700000000031
2024-09-09,0.0,0.0,0,5684.92,5703.14,0.0,0.0,False,2024,0.0
2024-09-10,0.0,0.0,0,5722.65,5726.55,0.0,0.0,False,2024,0.0
2024-09-11,1.4939999999999274,2.0799999999999272,1,5724.99,5783.54,0.0002609611545172878,0.0003633194119116238,False,2024,74.69999999999636
2024-09-12,0.0,0.0,0,5789.78,5832.2,0.0,0.0,False,2024,0.0
2024-09-13,0.0,0.0,0,5836.62,5859.78,0.0,0.0,False,2024,0.0
2024-09-16,0.0,0.0,0,5861.29,5873.4,0.0,0.0,False,2024,0.0
2024-09-17,0.0,0.0,0,5895.55,5874.94,0.0,0.0,False,2024,0.0
2024-09-18,0.0,0.0,0,5880.35,5853.05,0.0,0.0,False,2024,0.0
2024-09-19,0.0,0.0,0,5953.5,5953.25,0.0,0.0,False,2024,0.0
2024-09-20,0.0,0.0,0,5935.22,5937.79,0.0,0.0,False,2024,0.0
2024-09-23,0.0,0.0,0,5949.64,5951.44,0.0,0.0,False,2024,0.0
2024-09-24,0.0,0.0,0,5959.69,5968.7,0.0,0.0,False,2024,0.0
2024-09-25,0.0,0.0,0,5966.13,5954.79,0.0,0.0,False,2024,0.0
2024-09-26,0.0,0.0,0,6000.38,5979.01,0.0,0.0,False,2024,0.0
2024-09-27,0.0,0.0,0,5987.76,5966.64,0.0,0.0,False,2024,0.0
2024-09-30,0.0,0.0,0,5955.57,5992.4,0.0,0.0,False,2024,0.0
2024-10-01,4.019999999999818,6.949999999999818,5,5984.67,5935.22,0.0006717162349803445,0.001161300455998379,False,2024,200.9999999999909
2024-10-02,0.0,0.0,0,5924.14,5935.47,0.0,0.0,False,2024,0.0
2024-10-03,0.0,0.0,0,5918.73,5923.37,0.0,0.0,False,2024,0.0
2024-10-04,0.0,0.0,0,5969.22,5975.66,0.0,0.0,False,2024,0.0
2024-10-07,-11.406000000000619,-10.820000000000618,1,5957.11,5921.31,-0.0019146868196156558,-0.0018163169724917988,False,2024,-570.300000000031
2024-10-08,3.533999999999891,4.119999999999891,1,5947.58,5976.69,0.0005941912508953038,0.0006927187192101479,False,2024,176.69999999999456
2024-10-09,0.7039999999999637,1.2899999999999636,1,5975.4,6016.87,0.00011781638049335001,0.0002158851290290129,False,2024,35.199999999998184
2024-10-10,0.0,0.0,0,6002.19,6005.54,0.0,0.0,False,2024,0.0
2024-10-11,-18.49800000000069,-16.74000000000069,3,6000.9,6037.22,-0.0030825376193572116,-0.0027895815627657005,False,2024,-924.9000000000345
2024-10-14,0.4439999999997454,1.0299999999997453,1,6054.73,6088.48,7.333109816618501e-05,0.00017011493493512435,False,2024,22.19999999998727
2024-10-15,6.884000000000254,7.470000000000255,1,6090.28,6040.83,0.0011303256993110751,0.0012265445923668953,False,2024,344.2000000000127
2024-10-16,0.0,0.0,0,6039.54,6064.52,0.0,0.0,False,2024,0.0
2024-10-17,0.0,0.0,0,6102.64,6064.78,0.0,0.0,False,2024,0.0
2024-10-18,0.0,0.0,0,6080.49,6085.39,0.0,0.0,False,2024,0.0
2024-10-21,0.0,0.0,0,6077.4,6075.86,0.0,0.0,False,2024,0.0
2024-10-22,0.0,0.0,0,6047.26,6071.22,0.0,0.0,False,2024,0.0
2024-10-23,-2.8960000000004,-2.3100000000004,1,6048.3,6014.29,-0.00047881222822948594,-0.0003819254997272622,False,2024,-144.80000000002
2024-10-24,0.0,0.0,0,6034.64,6026.4,0.0,0.0,False,2024,0.0
2024-10-25,0.9539999999999637,1.5399999999999636,1,6048.04,6022.79,0.00015773705200361831,0.00025462794558236447,False,2024,47.699999999998184
2024-10-28,0.0,0.0,0,6058.08,6040.57,0.0,0.0,False,2024,0.0
2024-10-29,0.0,0.0,0,6029.49,6049.84,0.0,0.0,False,2024,0.0
2024-10-30,0.0,0.0,0,6044.17,6030.52,0.0,0.0,False,2024,0.0
2024-10-31,25.684000000000438,26.270000000000437,1,5983.38,5909.46,0.004292557049694393,0.00439049500449586,False,2024,1284.2000000000219
2024-11-01,-4.521999999999454,-3.3499999999994543,2,5935.47,5931.35,-0.0007618604760868901,-0.0005644034928993752,False,2024,-226.0999999999727
2024-11-04,0.0,0.0,0,5932.38,5918.47,0.0,0.0,False,2024,0.0
2024-11-05,26.9740000000004,27.5600000000004,1,5927.49,5989.31,0.004550661409804218,0.0046495228165716685,False,2024,1348.70000000002
2024-11-06,0.0,0.0,0,6119.13,6138.19,0.0,0.0,False,2024,0.0
2024-11-07,0.0,0.0,0,6158.28,6184.56,0.0,0.0,False,2024,0.0
2024-11-08,0.0,0.0,0,6186.87,6209.8,0.0,0.0,False,2024,0.0
2024-11-11,0.0,0.0,0,6225.25,6215.21,0.0,0.0,False,2024,0.0
2024-11-12,-11.926000000000146,-11.340000000000146,1,6213.41,6194.86,-0.001919396917312739,-0.0018250847763144789,False,2024,-596.3000000000073
2024-11-13,0.0,0.0,0,6198.47,6198.21,0.0,0.0,False,2024,0.0
2024-11-14,0.0,0.0,0,6197.69,6158.03,0.0,0.0,False,2024,0.0
2024-11-15,-5.821999999999636,-4.649999999999636,2,6116.81,6075.86,-0.0009518033092411952,-0.0007602001696962364,False,2024,-291.0999999999818
2024-11-18,0.0,0.0,0,6079.2,6099.81,0.0,0.0,False,2024,0.0
2024-11-19,0.0,0.0,0,6062.2,6119.13,0.0,0.0,False,2024,0.0
2024-11-20,-26.411999999999782,-25.23999999999978,2,6118.87,6119.39,-0.0043164832722381394,-0.004124944638470793,False,2024,-1320.5999999999892
2024-11-21,0.0,0.0,0,6148.75,6151.07,0.0,0.0,False,2024,0.0
2024-11-22,0.0,0.0,0,6149.27,6167.56,0.0,0.0,False,2024,0.0
2024-11-25,0.0,0.0,0,6209.54,6187.9,0.0,0.0,False,2024,0.0
2024-11-26,0.0,0.0,0,6201.04,6220.1,0.0,0.0,False,2024,0.0
2024-11-27,0.0,0.0,0,6215.98,6198.21,0.0,0.0,False,2024,0.0
2024-11-28,0.0,0.0,0,6207.74,6212.63,0.0,0.0,True,2024,0.0
2024-11-29,0.0,0.0,0,6204.13,6235.04,0.0,0.0,True,2024,0.0
2024-12-02,0.0,0.0,0,6238.91,6245.86,0.0,0.0,False,2024,0.0
2024-12-03,0.0,0.0,0,6242.25,6246.63,0.0,0.0,False,2024,0.0
2024-12-04,0.0,0.0,0,6264.41,6283.98,0.0,0.0,False,2024,0.0
2024-12-05,0.0,0.0,0,6283.73,6273.42,0.0,0.0,False,2024,0.0
2024-12-06,0.0,0.0,0,6279.35,6283.47,0.0,0.0,False,2024,0.0
2024-12-09,0.0,0.0,0,6280.89,6249.72,0.0,0.0,False,2024,0.0
2024-12-10,0.0,0.0,0,6255.91,6231.18,0.0,0.0,False,2024,0.0
2024-12-11,0.0,0.0,0,6259.77,6277.03,0.0,0.0,False,2024,0.0
2024-12-12,0.0,0.0,0,6266.73,6243.54,0.0,0.0,False,2024,0.0
2024-12-13,0.0,0.0,0,6261.57,6239.42,0.0,0.0,False,2024,0.0
2024-12-16,0.0,0.0,0,6253.61,6264.05,0.0,0.0,False,2024,0.0
2024-12-17,0.0,0.0,0,6236.82,6237.07,0.0,0.0,False,2024,0.0
2024-12-18,0.0,0.0,0,6233.26,6045.47,0.0,0.0,False,2024,0.0
2024-12-19,0.0,0.0,0,6095.6,6040.12,0.0,0.0,False,2024,0.0
2024-12-20,42.93400000000044,43.52000000000044,1,6012.64,6109.34,0.00714062375262787,0.0072380851007212196,False,2024,2146.700000000022
2024-12-23,0.0,0.0,0,6105.77,6144.45,0.0,0.0,False,2024,0.0
2024-12-24,9.777999999999818,10.949999999999818,2,6155.9,6207.81,0.0015883948732110362,0.0017787813317305056,True,2024,488.8999999999909
2024-12-26,0.0,0.0,0,6187.71,6203.49,0.0,0.0,False,2024,0.0
2024-12-27,-48.241999999999706,-47.06999999999971,2,6160.48,6136.05,-0.00783088330779415,-0.007640638391813578,False,2024,-2412.0999999999854
2024-12-30,4.504000000000145,5.0900000000001455,1,6061.5,6064.3,0.0007430504000660143,0.0008397261403943158,False,2024,225.20000000000726
2024-12-31,0.0,0.0,0,6079.06,6040.89,0.0,0.0,False,2024,0.0
2025-01-02,0.0,0.0,0,6074.22,6022.82,0.0,0.0,False,2025,0.0
2025-01-03,0.0,0.0,0,6051.06,6094.83,0.0,0.0,False,2025,0.0
2025-01-06,9.8539999999996,10.4399999999996,1,6140.38,6129.95,0.0016047866744402788,0.0017002205075255276,False,2025,492.69999999998
2025-01-07,0.0,0.0,0,6149.8,6061.24,0.0,0.0,False,2025,0.0
2025-01-08,0.0,0.0,0,6060.23,6065.31,0.0,0.0,False,2025,0.0
2025-01-10,21.737999999999854,22.909999999999854,2,6026.38,5971.16,0.0036071406051393796,0.0038016188823140683,False,2025,1086.8999999999926
2025-01-13,0.0,0.0,0,5921.29,5980.07,0.0,0.0,False,2025,0.0
2025-01-14,0.0,0.0,0,6008.06,5986.94,0.0,0.0,False,2025,0.0
2025-01-15,0.0,0.0,0,6071.17,6095.34,0.0,0.0,False,2025,0.0
2025-01-16,0.0,0.0,0,6108.83,6082.87,0.0,0.0,False,2025,0.0
2025-01-17,0.0,0.0,0,6134.27,6140.63,0.0,0.0,False,2025,0.0
2025-01-20,0.0,0.0,0,6172.44,6163.28,0.0,0.0,True,2025,0.0
2025-01-21,0.0,0.0,0,6171.93,6195.09,0.0,0.0,False,2025,0.0
2025-01-22,0.0,0.0,0,6225.37,6229.44,0.0,0.0,False,2025,0.0
2025-01-23,0.0,0.0,0,6222.57,6263.28,0.0,0.0,False,2025,0.0
2025-01-24,0.0,0.0,0,6261.76,6242.16,0.0,0.0,False,2025,0.0
2025-01-27,0.0,0.0,0,6105.01,6154.63,0.0,0.0,False,2025,0.0
2025-01-28,0.0,0.0,0,6165.57,6204.76,0.0,0.0,False,2025,0.0
2025-01-29,0.0,0.0,0,6195.85,6176.51,0.0,0.0,False,2025,0.0
2025-01-30,0.0,0.0,0,6198.14,6208.07,0.0,0.0,False,2025,0.0
2025-01-31,0.0,0.0,0,6231.73,6172.95,0.0,0.0,False,2025,0.0
2025-02-03,0.0,0.0,0,6078.8,6130.46,0.0,0.0,False,2025,0.0
2025-02-04,-22.976000000000326,-22.390000000000327,1,6130.97,6170.66,-0.0037475309779692813,-0.003651950670122399,False,2025,-1148.8000000000163
2025-02-05,0.0,0.0,0,6158.96,6194.58,0.0,0.0,False,2025,0.0
2025-02-06,0.0,0.0,0,6212.65,6215.95,0.0,0.0,False,2025,0.0
2025-02-07,11.634000000000254,12.220000000000255,1,6219.52,6157.17,0.0018705623585100223,0.0019647818481169374,False,2025,581.7000000000127
2025-02-10,0.0,0.0,0,6189.24,6196.87,0.0,0.0,False,2025,0.0
2025-02-11,0.0,0.0,0,6173.21,6201.2,0.0,0.0,False,2025,0.0
2025-02-12,0.0,0.0,0,6138.34,6181.09,0.0,0.0,False,2025,0.0
2025-02-13,0.0,0.0,0,6192.04,6244.71,0.0,0.0,False,2025,0.0
2025-02-14,0.0,0.0,0,6243.95,6241.15,0.0,0.0,False,2025,0.0
2025-02-17,0.0,0.0,0,6253.36,6255.65,0.0,0.0,True,2025,0.0
2025-02-18,0.0,0.0,0,6252.85,6257.69,0.0,0.0,False,2025,0.0
2025-02-19,0.0,0.0,0,6243.69,6272.95,0.0,0.0,False,2025,0.0
2025-02-20,-32.03800000000066,-30.28000000000066,3,6258.2,6246.74,-0.005119363395225569,-0.004838451951040341,False,2025,-1601.9000000000328
2025-02-21,56.33799999999931,57.50999999999931,2,6241.91,6137.84,0.009025762947559211,0.009213525988038807,False,2025,2816.8999999999655
2025-02-24,0.0,0.0,0,6157.94,6109.34,0.0,0.0,False,2025,0.0
2025-02-25,-29.93200000000022,-28.76000000000022,2,6107.55,6077.02,-0.004900819477531943,-0.004708925837692728,False,2025,-1496.600000000011
2025-02-26,0.0,0.0,0,6094.07,6078.55,0.0,0.0,False,2025,0.0
2025-02-27,0.0,0.0,0,6102.47,5982.36,0.0,0.0,False,2025,0.0
2025-02-28,0.0,0.0,0,5984.65,6070.4,0.0,0.0,False,2025,0.0
2025-03-03,0.0,0.0,0,6091.52,5967.35,0.0,0.0,False,2025,0.0
2025-03-04,-2.8759999999999635,-2.2899999999999636,1,5922.82,5894.06,-0.00048557950435771535,-0.0003866401477674425,False,2025,-143.79999999999816
2025-03-05,0.0,0.0,0,5891.26,5955.13,0.0,0.0,False,2025,0.0
2025-03-06,0.0,0.0,0,5876.76,5850.3,0.0,0.0,False,2025,0.0
2025-03-07,0.0,0.0,0,5828.41,5878.03,0.0,0.0,False,2025,0.0
2025-03-10,-4.4820000000004,-3.3100000000004,2,5792.79,5723.83,-0.000773720435230761,-0.0005713999644386212,False,2025,-224.10000000002
2025-03-11,-22.215999999999198,-21.6299999999992,1,5709.07,5674.72,-0.0038913518313839555,-0.00378870814335771,False,2025,-1110.79999999996
2025-03-12,0.0,0.0,0,5736.04,5702.71,0.0,0.0,False,2025,0.0
2025-03-13,-22.54199999999989,-21.36999999999989,2,5697.87,5626.88,-0.00395621521726538,-0.0037505243187366316,False,2025,-1127.0999999999947
2025-03-14,-27.391999999999346,-26.219999999999345,2,5671.39,5738.71,-0.004829856525472476,-0.004623205245980147,False,2025,-1369.5999999999674
2025-03-17,0.0,0.0,0,5737.95,5781.83,0.0,0.0,False,2025,0.0
2025-03-18,0.0,0.0,0,5757.62,5720.3,0.0,0.0,False,2025,0.0
2025-03-19,0.0,0.0,0,5736.44,5779.81,0.0,0.0,False,2025,0.0
2025-03-20,0.0,0.0,0,5740.73,5763.42,0.0,0.0,False,2025,0.0
2025-03-21,0.0,0.0,0,5712.49,5763.42,0.0,0.0,False,2025,0.0
2025-03-24,0.0,0.0,0,5832.0,5863.27,0.0,0.0,False,2025,0.0
2025-03-25,0.0,0.0,0,5875.87,5875.87,0.0,0.0,False,2025,0.0
2025-03-26,0.0,0.0,0,5873.86,5807.54,0.0,0.0,False,2025,0.0
2025-03-27,0.0,0.0,0,5791.91,5789.64,0.0,0.0,False,2025,0.0
2025-03-28,38.24399999999993,38.82999999999993,1,5772.5,5672.65,0.00662520571676049,0.006726721524469455,False,2025,1912.1999999999964
2025-03-31,0.0,0.0,0,5611.13,5704.67,0.0,0.0,False,2025,0.0
2025-04-01,0.0,0.0,0,5687.02,5723.33,0.0,0.0,False,2025,0.0
2025-04-02,0.0,0.0,0,5661.05,5758.88,0.0,0.0,False,2025,0.0
2025-04-03,0.0,0.0,0,5559.19,5482.54,0.0,0.0,False,2025,0.0
2025-04-04,108.59400000000029,109.18000000000029,1,5337.3,5152.23,0.020346242482153953,0.020456035823356433,False,2025,5429.700000000014
2025-04-07,0.0,0.0,0,4984.05,5142.4,0.0,0.0,False,2025,0.0
2025-04-08,0.0,0.0,0,5317.13,5060.45,0.0,0.0,False,2025,0.0
2025-04-09,188.43799999999877,189.60999999999876,2,5025.41,5536.49,0.03749704004250375,0.03773025484487808,False,2025,9421.899999999938
2025-04-10,45.55400000000033,46.14000000000033,1,5421.52,5344.62,0.008402440643952309,0.00851052841269613,False,2025,2277.7000000000166
2025-04-11,0.0,0.0,0,5326.46,5436.14,0.0,0.0,False,2025,0.0
2025-04-14,0.0,0.0,0,5540.28,5489.09,0.0,0.0,False,2025,0.0
2025-04-15,0.0,0.0,0,5495.9,5474.22,0.0,0.0,False,2025,0.0
2025-04-16,0.0,0.0,0,5413.2,5350.67,0.0,0.0,False,2025,0.0
2025-04-17,0.0,0.0,0,5368.32,5356.21,0.0,0.0,False,2025,0.0
2025-04-21,-6.8960000000004005,-6.3100000000004,1,5302.51,5227.87,-0.0013005161706437895,-0.0011900024705281838,False,2025,-344.80000000002
2025-04-22,0.0,0.0,0,5290.41,5359.74,0.0,0.0,False,2025,0.0
2025-04-23,0.0,0.0,0,5496.66,5444.46,0.0,0.0,False,2025,0.0
2025-04-24,0.0,0.0,0,5458.08,5557.67,0.0,0.0,False,2025,0.0
2025-04-25,0.0,0.0,0,5557.67,5595.75,0.0,0.0,False,2025,0.0
2025-04-28,0.0,0.0,0,5604.57,5599.02,0.0,0.0,False,2025,0.0
2025-04-29,0.0,0.0,0,5578.35,5631.3,0.0,0.0,False,2025,0.0
2025-04-30,-45.21600000000011,-44.63000000000011,1,5563.47,5631.8,-0.008127301845790505,-0.008021971898832941,False,2025,-2260.800000000005
2025-05-01,0.0,0.0,0,5693.33,5673.15,0.0,0.0,False,2025,0.0
2025-05-02,0.0,0.0,0,5735.18,5754.6,0.0,0.0,False,2025,0.0
2025-05-05,0.0,0.0,0,5712.74,5723.08,0.0,0.0,False,2025,0.0
2025-05-06,0.0,0.0,0,5664.58,5673.66,0.0,0.0,False,2025,0.0
2025-05-07,0.0,0.0,0,5686.77,5697.11,0.0,0.0,False,2025,0.0
2025-05-08,0.0,0.0,0,5737.45,5735.18,0.0,0.0,False,2025,0.0
2025-05-09,0.0,0.0,0,5748.54,5726.36,0.0,0.0,False,2025,0.0
2025-05-12,0.0,0.0,0,5900.33,5914.45,0.0,0.0,False,2025,0.0
2025-05-13,0.0,0.0,0,5920.0,5954.29,0.0,0.0,False,2025,0.0
2025-05-14,0.0,0.0,0,5963.87,5960.09,0.0,0.0,False,2025,0.0
2025-05-15,0.0,0.0,0,5939.41,5989.09,0.0,0.0,False,2025,0.0
2025-05-16,0.0,0.0,0,5995.39,6026.4,0.0,0.0,False,2025,0.0
2025-05-19,0.0,0.0,0,5962.86,6032.45,0.0,0.0,False,2025,0.0
2025-05-20,0.0,0.0,0,6013.04,6010.27,0.0,0.0,False,2025,0.0
2025-05-21,-7.645999999999491,-7.059999999999491,1,5965.13,5909.41,-0.001281782626698746,-0.0011835450359002219,False,2025,-382.29999999997455
2025-05-22,0.0,0.0,0,5905.63,5908.65,0.0,0.0,False,2025,0.0
2025-05-23,0.0,0.0,0,5833.52,5866.8,0.0,0.0,False,2025,0.0
2025-05-26,0.0,0.0,0,5933.87,5941.43,0.0,0.0,True,2025,0.0
2025-05-27,0.0,0.0,0,5936.64,5986.82,0.0,0.0,False,2025,0.0
2025-05-28,0.0,0.0,0,5991.1,5952.02,0.0,0.0,False,2025,0.0
2025-05-29,0.0,0.0,0,6005.98,5973.96,0.0,0.0,False,2025,0.0
2025-05-30,0.0,0.0,0,5961.1,5965.38,0.0,0.0,False,2025,0.0
2025-06-02,0.0,0.0,0,5947.99,5998.16,0.0,0.0,False,2025,0.0
2025-06-03,0.0,0.0,0,5994.38,6032.71,0.0,0.0,False,2025,0.0
2025-06-04,0.0,0.0,0,6040.52,6029.43,0.0,0.0,False,2025,0.0
2025-06-05,0.0,0.0,0,6046.32,5998.67,0.0,0.0,False,2025,0.0
2025-06-06,0.0,0.0,0,6054.14,6057.92,0.0,0.0,False,2025,0.0
2025-06-09,0.0,0.0,0,6064.22,6061.7,0.0,0.0,False,2025,0.0
2025-06-10,0.0,0.0,0,6067.75,6096.75,0.0,0.0,False,2025,0.0
2025-06-11,0.0,0.0,0,6107.34,6080.11,0.0,0.0,False,2025,0.0
2025-06-12,0.0,0.0,0,6065.48,6102.55,0.0,0.0,False,2025,0.0
2025-06-13,0.0,0.0,0,6048.28,6032.28,0.0,0.0,False,2025,0.0
2025-06-16,0.41400000000000003,1.0,1,6067.03,6091.78,6.823767148011467e-05,0.00016482529343022864,False,2025,20.700000000000003
2025-06-17,0.0,0.0,0,6064.78,6038.03,0.0,0.0,False,2025,0.0
2025-06-18,-7.836,-7.25,1,6044.78,6035.28,-0.001296325093717224,-0.0011993819460757878,False,2025,-391.8
2025-06-19,0.0,0.0,0,5998.78,5978.03,0.0,0.0,True,2025,0.0
2025-06-20,0.0,0.0,0,6060.28,6016.53,0.0,0.0,False,2025,0.0
2025-06-23,0.0,0.0,0,6024.78,6076.53,0.0,0.0,False,2025,0.0
2025-06-24,0.0,0.0,0,6118.28,6143.53,0.0,0.0,False,2025,0.0
2025-06-25,0.0,0.0,0,6154.78,6147.28,0.0,0.0,False,2025,0.0
2025-06-26,0.0,0.0,0,6165.28,6196.03,0.0,0.0,False,2025,0.0
2025-06-27,0.0,0.0,0,6204.03,6223.02,0.0,0.0,False,2025,0.0
2025-06-30,0.0,0.0,0,6248.02,6251.27,0.0,0.0,False,2025,0.0
2025-07-01,0.0,0.0,0,6235.02,6248.77,0.0,0.0,False,2025,0.0
2025-07-02,0.0,0.0,0,6244.77,6275.02,0.0,0.0,False,2025,0.0
2025-07-03,0.0,0.0,0,6293.02,6323.27,0.0,0.0,True,2025,0.0
2025-07-04,0.0,0.0,0,6284.27,6283.27,0.0,0.0,True,2025,0.0
2025-07-07,0.0,0.0,0,6301.77,6275.02,0.0,0.0,False,2025,0.0
2025-07-08,0.0,0.0,0,6280.77,6270.27,0.0,0.0,False,2025,0.0
2025-07-09,0.0,0.0,0,6295.02,6306.77,0.0,0.0,False,2025,0.0
2025-07-10,0.0,0.0,0,6307.52,6324.27,0.0,0.0,False,2025,0.0
2025-07-11,0.0,0.0,0,6290.27,6299.02,0.0,0.0,False,2025,0.0
2025-07-14,0.0,0.0,0,6294.02,6310.52,0.0,0.0,False,2025,0.0
2025-07-15,0.0,0.0,0,6337.77,6282.02,0.0,0.0,False,2025,0.0
2025-07-16,0.0,0.0,0,6298.27,6302.52,0.0,0.0,False,2025,0.0
2025-07-17,0.0,0.0,0,6304.27,6342.02,0.0,0.0,False,2025,0.0
2025-07-18,0.0,0.0,0,6351.77,6334.52,0.0,0.0,False,2025,0.0
2025-07-21,3.914,4.5,1,6345.27,6345.02,0.0006168374237818091,0.0007091896798717785,False,2025,195.70000000000002
2025-07-22,0.0,0.0,0,6347.77,6345.27,0.0,0.0,False,2025,0.0
2025-07-23,0.0,0.0,0,6372.52,6398.77,0.0,0.0,False,2025,0.0
2025-07-24,0.0,0.0,0,6402.02,6401.77,0.0,0.0,False,2025,0.0
2025-07-25,0.0,0.0,0,6404.77,6425.52,0.0,0.0,False,2025,0.0
2025-07-28,0.0,0.0,0,6428.77,6422.77,0.0,0.0,False,2025,0.0
2025-07-29,0.0,0.0,0,6436.52,6405.77,0.0,0.0,False,2025,0.0
2025-07-30,0.0,0.0,0,6411.77,6397.27,0.0,0.0,False,2025,0.0
2025-07-31,0.0,0.0,0,6446.52,6370.77,0.0,0.0,False,2025,0.0
2025-08-01,-31.008,-29.25,3,6310.77,6263.27,-0.004913505008105191,-0.00463493361348932,False,2025,-1550.3999999999999
2025-08-04,-2.9219999999999997,-1.7499999999999998,2,6303.02,6357.02,-0.00046358729624846495,-0.0002776446846115036,False,2025,-146.1
2025-08-05,0.0,0.0,0,6363.52,6325.02,0.0,0.0,False,2025,0.0
2025-08-06,-3.586,-3.0,1,6334.77,6371.52,-0.000566082115057058,-0.00047357678337177193,False,2025,-179.29999999999998
2025-08-07,0.0,0.0,0,6407.02,6367.27,0.0,0.0,False,2025,0.0
2025-08-08,0.0,0.0,0,6382.77,6413.77,0.0,0.0,False,2025,0.0
2025-08-11,0.0,0.0,0,6416.02,6399.77,0.0,0.0,False,2025,0.0
2025-08-12,0.0,0.0,0,6423.52,6467.52,0.0,0.0,False,2025,0.0
2025-08-13,0.0,0.0,0,6489.27,6488.77,0.0,0.0,False,2025,0.0
2025-08-14,0.0,0.0,0,6467.27,6488.52,0.0,0.0,False,2025,0.0
2025-08-15,0.0,0.0,0,6496.51,6471.27,0.0,0.0,False,2025,0.0
2025-08-18,0.0,0.0,0,6464.27,6468.52,0.0,0.0,False,2025,0.0
2025-08-19,0.0,0.0,0,6466.02,6432.52,0.0,0.0,False,2025,0.0
2025-08-20,-10.336,-9.75,1,6427.77,6413.52,-0.0016080226890507906,-0.0015168557680190797,False,2025,-516.8000000000001
2025-08-21,0.0,0.0,0,6395.02,6388.02,0.0,0.0,False,2025,0.0
2025-08-22,10.664,11.25,1,6407.52,6483.02,0.0016642944540165305,0.0017557494943441455,False,2025,533.1999999999999
2025-08-25,0.0,0.0,0,6469.77,6454.52,0.0,0.0,False,2025,0.0
2025-08-26,0.0,0.0,0,6450.52,6480.77,0.0,0.0,False,2025,0.0
2025-08-27,0.0,0.0,0,6473.77,6494.27,0.0,0.0,False,2025,0.0
2025-08-28,0.0,0.0,0,6499.76,6516.76,0.0,0.0,False,2025,0.0
2025-08-29,0.0,0.0,0,6498.76,6475.02,0.0,0.0,False,2025,0.0
2025-09-01,0.0,0.0,0,6473.77,6482.77,0.0,0.0,True,2025,0.0
2025-09-02,0.0,0.0,0,6398.02,6425.77,0.0,0.0,False,2025,0.0
2025-09-03,0.0,0.0,0,6448.52,6458.27,0.0,0.0,False,2025,0.0
2025-09-04,0.0,0.0,0,6465.52,6511.01,0.0,0.0,False,2025,0.0
2025-09-05,-21.336,-20.75,1,6533.26,6490.77,-0.003265750942102411,-0.003176056057772077,False,2025,-1066.8
2025-09-08,0.0,0.0,0,6504.26,6506.76,0.0,0.0,False,2025,0.0
2025-09-09,0.0,0.0,0,6507.01,6520.76,0.0,0.0,False,2025,0.0
2025-09-10,0.0,0.0,0,6553.01,6538.76,0.0,0.0,False,2025,0.0
2025-09-11,3.164,3.75,1,6557.51,6592.01,0.00048250021730809406,0.0005718634054694541,False,2025,158.20000000000002
2025-09-12,0.0,0.0,0,6589.51,6587.51,0.0,0.0,False,2025,0.0
2025-09-15,0.0,0.0,0,6666.51,6679.51,0.0,0.0,False,2025,0.0
2025-09-16,0.0,0.0,0,6684.76,6668.26,0.0,0.0,False,2025,0.0
2025-09-17,0.0,0.0,0,6668.76,6660.01,0.0,0.0,False,2025,0.0
2025-09-18,-17.086,-16.5,1,6686.51,6692.01,-0.0025552941669121855,-0.002467655024818627,False,2025,-854.3
2025-09-19,0.0,0.0,0,6706.76,6721.51,0.0,0.0,False,2025,0.0
2025-09-22,-2.336,-1.75,1,6705.76,6751.51,-0.00034835723318460545,-0.00026096967383264534,False,2025,-116.8
2025-09-23,-7.836,-7.25,1,6750.01,6715.51,-0.0011608871690560458,-0.001074072482855581,False,2025,-391.8
2025-09-24,0.0,0.0,0,6727.01,6691.76,0.0,0.0,False,2025,0.0
2025-09-25,-29.086,-28.5,1,6659.76,6660.26,-0.004367424651939409,-0.00427943349309885,False,2025,-1454.3
2025-09-26,-31.336,-30.75,1,6673.26,6696.01,-0.004695755897417454,-0.0046079427446255655,False,2025,-1566.8
2025-09-29,0.0,0.0,0,6722.01,6714.01,0.0,0.0,False,2025,0.0
2025-09-30,0.0,0.0,0,6706.51,6737.01,0.0,0.0,False,2025,0.0
2025-10-01,0.0,0.0,0,6706.51,6760.26,0.0,0.0,False,2025,0.0
2025-10-02,0.0,0.0,0,6778.75,6766.51,0.0,0.0,False,2025,0.0
2025-10-03,0.0,0.0,0,6771.75,6765.01,0.0,0.0,False,2025,0.0
2025-10-06,0.0,0.0,0,6788.25,6788.25,0.0,0.0,False,2025,0.0
2025-10-07,-1.8359999999999999,-1.25,1,6797.0,6762.26,-0.0002701191702221568,-0.00018390466382227453,False,2025,-91.8
2025-10-08,0.0,0.0,0,6773.0,6801.75,0.0,0.0,False,2025,0.0
2025-10-09,0.0,0.0,0,6805.25,6781.0,0.0,0.0,False,2025,0.0
2025-10-10,93.664,94.25,1,6787.75,6594.76,0.013798976096644692,0.013885308091782992,False,2025,4683.2
2025-10-13,-20.836,-20.25,1,6670.01,6694.26,-0.0031238333975511278,-0.0030359774573051612,False,2025,-1041.8
2025-10-14,0.0,0.0,0,6633.76,6685.76,0.0,0.0,False,2025,0.0
2025-10-15,-6.586,-6.0,1,6731.76,6714.76,-0.000978347415831818,-0.000891297372455346,False,2025,-329.3
2025-10-16,0.0,0.0,0,6731.26,6668.26,0.0,0.0,False,2025,0.0
2025-10-17,0.0,0.0,0,6654.26,6703.51,0.0,0.0,False,2025,0.0
2025-10-20,-3.3259999999997816,-2.7399999999997817,1,6733.26,6773.0,-0.0004939657758648532,-0.0004069351250359828,False,2025,-166.29999999998907
2025-10-21,0.0,0.0,0,6774.0,6771.75,0.0,0.0,False,2025,0.0
2025-10-22,0.0,0.0,0,6778.75,6736.76,0.0,0.0,False,2025,0.0
2025-10-23,0.0,0.0,0,6739.01,6774.5,0.0,0.0,False,2025,0.0
2025-10-24,0.0,0.0,0,6820.5,6827.0,0.0,0.0,False,2025,0.0
2025-10-27,0.0,0.0,0,6882.75,6907.25,0.0,0.0,False,2025,0.0
2025-10-28,0.0,0.0,0,6925.5,6925.25,0.0,0.0,False,2025,0.0
2025-10-29,0.0,0.0,0,6941.75,6927.75,0.0,0.0,False,2025,0.0
2025-10-30,0.0,0.0,0,6892.75,6853.5,0.0,0.0,False,2025,0.0
2025-10-31,0.0,0.0,0,6901.75,6871.75,0.0,0.0,False,2025,0.0
2025-11-03,0.0,0.0,0,6908.0,6885.0,0.0,0.0,False,2025,0.0
2025-11-04,0.0,0.0,0,6810.0,6803.25,0.0,0.0,False,2025,0.0
2025-11-05,12.164,12.75,1,6798.25,6824.0,0.0017892840069135439,0.0018754826609789284,False,2025,608.1999999999999
2025-11-06,-6.836,-6.25,1,6812.0,6749.76,-0.0010035231943628892,-0.0009174985320023488,False,2025,-341.8
2025-11-07,-3.086,-2.5,1,6723.26,6753.01,-0.00045900351912613816,-0.0003718434211974548,False,2025,-154.29999999999998
2025-11-10,0.0,0.0,0,6815.5,6856.75,0.0,0.0,False,2025,0.0
2025-11-11,0.0,0.0,0,6842.25,6872.5,0.0,0.0,False,2025,0.0
2025-11-12,0.0,0.0,0,6891.0,6875.75,0.0,0.0,False,2025,0.0
2025-11-13,43.40399999999978,43.98999999999978,1,6847.0,6761.76,0.00633912662479915,0.006424711552504714,False,2025,2170.1999999999894
2025-11-14,0.0,0.0,0,6691.76,6757.76,0.0,0.0,False,2025,0.0
2025-11-17,-10.836,-10.25,1,6734.01,6693.51,-0.0016091452195645685,-0.001522124261769733,False,2025,-541.8000000000001
2025-11-18,0.0,0.0,0,6656.51,6637.51,0.0,0.0,False,2025,0.0
2025-11-19,-28.086,-27.5,1,6642.26,6661.51,-0.004228380099544432,-0.004140157115198742,False,2025,-1404.3
2025-11-20,-20.336,-19.75,1,6764.76,6558.51,-0.0030061672550097856,-0.0029195418610564157,False,2025,-1016.8
2025-11-21,-25.586,-25.0,1,6581.26,6622.26,-0.003887705393799971,-0.0037986646933869804,False,2025,-1279.3
2025-11-24,0.0,0.0,0,6657.51,6718.51,0.0,0.0,False,2025,0.0
2025-11-25,0.0,0.0,0,6716.26,6780.0,0.0,0.0,False,2025,0.0
2025-11-26,0.0,0.0,0,6804.75,6825.0,0.0,0.0,False,2025,0.0
2025-11-27,0.0,0.0,0,6829.0,6827.75,0.0,0.0,True,2025,0.0
2025-11-28,0.0,0.0,0,6834.0,6857.0,0.0,0.0,True,2025,0.0
2025-12-01,0.0,0.0,0,6813.25,6828.75,0.0,0.0,False,2025,0.0
2025-12-02,0.0,0.0,0,6844.0,6839.0,0.0,0.0,False,2025,0.0
2025-12-03,0.0,0.0,0,6829.0,6862.25,0.0,0.0,False,2025,0.0
2025-12-04,0.0,0.0,0,6876.0,6867.25,0.0,0.0,False,2025,0.0
2025-12-05,0.0,0.0,0,6875.0,6876.5,0.0,0.0,False,2025,0.0
2025-12-08,0.0,0.0,0,6885.5,6856.25,0.0,0.0,False,2025,0.0
2025-12-09,0.0,0.0,0,6850.25,6849.25,0.0,0.0,False,2025,0.0
2025-12-10,0.0,0.0,0,6843.25,6891.75,0.0,0.0,False,2025,0.0
2025-12-11,-37.086,-36.5,1,6867.75,6907.75,-0.005400021841214371,-0.005314695497069637,False,2025,-1854.3
2025-12-12,19.164,19.75,1,6896.0,6831.0,0.002779002320185615,0.0028639791183294665,False,2025,958.2
2025-12-15,0.0,0.0,0,6930.75,6879.0,0.0,0.0,False,2025,0.0
2025-12-16,0.0,0.0,0,6861.5,6855.25,0.0,0.0,False,2025,0.0
2025-12-17,32.164,32.75,1,6865.5,6777.0,0.00468487364358022,0.004770227951350957,False,2025,1608.2
2025-12-18,0.0,0.0,0,6839.75,6828.5,0.0,0.0,False,2025,0.0
2025-12-19,-6.336,-5.75,1,6847.25,6888.5,-0.0009253349884990325,-0.0008397531855854541,False,2025,-316.8
2025-12-22,0.0,0.0,0,6921.75,6929.5,0.0,0.0,False,2025,0.0
2025-12-23,0.0,0.0,0,6919.25,6960.25,0.0,0.0,False,2025,0.0
2025-12-24,0.0,0.0,0,6959.0,6980.0,0.0,0.0,True,2025,0.0
2025-12-26,0.0,0.0,0,6983.5,6980.0,0.0,0.0,False,2025,0.0
2025-12-29,0.0,0.0,0,6951.25,6955.25,0.0,0.0,False,2025,0.0
2025-12-30,0.0,0.0,0,6949.75,6945.25,0.0,0.0,False,2025,0.0
2025-12-31,0.0,0.0,0,6945.25,6891.75,0.0,0.0,False,2025,0.0
2026-01-02,0.0,0.0,0,6927.75,6900.25,0.0,0.0,False,2026,0.0
2026-01-05,0.0,0.0,0,6934.25,6946.25,0.0,0.0,False,2026,0.0
2026-01-06,5.414,6.0,1,6946.75,6986.25,0.0007793572533918738,0.000863713247201929,False,2026,270.7
2026-01-07,0.0,0.0,0,6989.0,6963.0,0.0,0.0,False,2026,0.0
2026-01-08,0.0,0.0,0,6953.75,6961.0,0.0,0.0,False,2026,0.0
2026-01-09,0.0,0.0,0,6970.25,7004.75,0.0,0.0,False,2026,0.0
2026-01-12,0.0,0.0,0,6969.5,7016.0,0.0,0.0,False,2026,0.0
2026-01-13,0.0,0.0,0,7018.5,7000.75,0.0,0.0,False,2026,0.0
2026-01-14,-27.758,-26.0,3,6972.25,6968.0,-0.003981211230234143,-0.003729068808490803,False,2026,-1387.8999999999999
2026-01-15,0.0,0.0,0,7009.0,6984.75,0.0,0.0,False,2026,0.0
2026-01-16,0.0,0.0,0,6996.5,6976.5,0.0,0.0,False,2026,0.0
2026-01-19,0.0,0.0,0,6896.5,6913.25,0.0,0.0,True,2026,0.0
2026-01-20,0.0,0.0,0,6871.75,6833.75,0.0,0.0,False,2026,0.0
2026-01-21,-43.422,-42.25,2,6852.75,6911.0,-0.006336434278209477,-0.0061654080478639964,False,2026,-2171.1
2026-01-22,0.0,0.0,0,6956.0,6946.0,0.0,0.0,False,2026,0.0
2026-01-23,0.0,0.0,0,6935.0,6945.5,0.0,0.0,False,2026,0.0
