date,net,gross,round_trips,open,close,ret_frac,gross_ret_frac,half_day,year,net_usd
2008-05-09,0.0,0.0,0,1280.77,1283.54,0.0,0.0,False,2008,0.0
2008-05-12,0.0,0.0,0,1286.08,1298.1,0.0,0.0,False,2008,0.0
2008-05-13,0.0,0.0,0,1301.11,1297.41,0.0,0.0,False,2008,0.0
2008-05-14,0.0,0.0,0,1303.42,1302.26,0.0,0.0,False,2008,0.0
2008-05-15,0.0,0.0,0,1302.72,1317.05,0.0,0.0,False,2008,0.0
2008-05-16,0.0,0.0,0,1319.36,1317.28,0.0,0.0,False,2008,0.0
2008-05-19,0.0,0.0,0,1318.9,1319.13,0.0,0.0,False,2008,0.0
2008-05-20,0.0,0.0,0,1313.82,1308.04,0.0,0.0,False,2008,0.0
2008-05-21,0.0,0.0,0,1308.96,1285.62,0.0,0.0,False,2008,0.0
2008-05-22,0.0,0.0,0,1286.78,1288.39,0.0,0.0,False,2008,0.0
2008-05-23,-0.3559999999999818,0.2300000000000182,1,1283.08,1272.22,-0.0002774573682077359,0.00017925616485333588,False,2008,-17.799999999999088
2008-05-26,0.0,0.0,0,1271.52,1270.83,0.0,0.0,True,2008,0.0
2008-05-27,0.0,0.0,0,1271.52,1280.54,0.0,0.0,False,2008,0.0
2008-05-28,0.0,0.0,0,1284.0,1286.32,0.0,0.0,False,2008,0.0
2008-05-29,0.0,0.0,0,1283.54,1292.32,0.0,0.0,False,2008,0.0
2008-05-30,0.0,0.0,0,1296.02,1292.55,0.0,0.0,False,2008,0.0
2008-06-02,-1.5160000000000635,-0.9300000000000636,1,1290.24,1280.54,-0.0011749751984127476,-0.0007207961309524302,False,2008,-75.80000000000318
2008-06-03,0.0,0.0,0,1284.93,1273.37,0.0,0.0,False,2008,0.0
2008-06-04,0.0,0.0,0,1270.37,1273.37,0.0,0.0,False,2008,0.0
2008-06-05,-0.586,0.0,1,1277.76,1297.41,-0.0004586150763836714,0.0,False,2008,-29.299999999999997
2008-06-06,14.768000000000054,15.940000000000055,2,1287.24,1257.2,0.01147260806065695,0.012383083185730753,False,2008,738.4000000000027
2008-06-09,0.0,0.0,0,1261.36,1259.51,0.0,0.0,False,2008,0.0
2008-06-10,0.0,0.0,0,1250.73,1254.89,0.0,0.0,False,2008,0.0
2008-06-11,-1.6420000000000272,-0.4700000000000273,2,1253.04,1234.32,-0.0013104130754006474,-0.00037508778650324596,False,2008,-82.10000000000136
2008-06-12,-13.652000000000019,-12.480000000000018,2,1240.09,1238.94,-0.011008878387858962,-0.010063785692973913,False,2008,-682.6000000000009
2008-06-13,-3.3559999999999817,-2.769999999999982,1,1245.64,1257.2,-0.002694197360393036,-0.0022237564625413294,False,2008,-167.79999999999907
2008-06-16,0.0,0.0,0,1248.89,1256.96,0.0,0.0,False,2008,0.0
2008-06-17,0.0,0.0,0,1262.73,1248.19,0.0,0.0,False,2008,0.0
2008-06-18,0.0,0.0,0,1240.81,1236.89,0.0,0.0,False,2008,0.0
2008-06-19,0.0,0.0,0,1235.28,1240.58,0.0,0.0,False,2008,0.0
2008-06-20,0.0,0.0,0,1229.05,1217.05,0.0,0.0,False,2008,0.0
2008-06-23,0.0,0.0,0,1221.2,1217.98,0.0,0.0,False,2008,0.0
2008-06-24,-1.5160000000000635,-0.9300000000000636,1,1212.44,1214.28,-0.0012503711523869745,-0.0007670482663060139,False,2008,-75.80000000000318
2008-06-25,0.0,0.0,0,1218.21,1220.97,0.0,0.0,False,2008,0.0
2008-06-26,11.874000000000036,12.460000000000036,1,1207.59,1185.22,0.009832807492609277,0.010318071530900419,False,2008,593.7000000000018
2008-06-27,0.0,0.0,0,1185.91,1181.76,0.0,0.0,False,2008,0.0
2008-06-30,-9.816000000000018,-9.230000000000018,1,1182.45,1181.76,-0.008301408093365485,-0.007805826884857725,False,2008,-490.8000000000009
2008-07-01,0.0,0.0,0,1169.07,1186.37,0.0,0.0,False,2008,0.0
2008-07-02,0.0,0.0,0,1189.83,1164.46,0.0,0.0,False,2008,0.0
2008-07-03,0.0,0.0,0,1174.15,1167.69,0.0,0.0,True,2008,0.0
2008-07-04,0.0,0.0,0,1163.07,1159.61,0.0,0.0,True,2008,0.0
2008-07-07,-4.506000000000073,-3.920000000000073,1,1171.15,1155.46,-0.003847500320198158,-0.0033471374290228177,False,2008,-225.30000000000365
2008-07-08,0.0,0.0,0,1154.31,1176.22,0.0,0.0,False,2008,0.0
2008-07-09,0.0,0.0,0,1177.61,1149.23,0.0,0.0,False,2008,0.0
2008-07-10,0.0,0.0,0,1149.23,1157.77,0.0,0.0,False,2008,0.0
2008-07-11,-9.586,-9.0,1,1144.16,1145.08,-0.008378198853307229,-0.007866032722696125,False,2008,-479.3
2008-07-14,0.0,0.0,0,1156.61,1134.01,0.0,0.0,False,2008,0.0
2008-07-15,-0.586,0.0,1,1124.55,1121.32,-0.0005210973278200169,0.0,False,2008,-29.299999999999997
2008-07-16,-6.9419999999999815,-5.769999999999982,2,1120.86,1148.77,-0.006193458594293651,-0.005147832914012439,False,2008,-347.09999999999906
2008-07-17,0.0,0.0,0,1155.0,1162.15,0.0,0.0,False,2008,0.0
2008-07-18,-2.6560000000001636,-2.0700000000001637,1,1164.46,1161.92,-0.002280885560689215,-0.0017776480085191107,False,2008,-132.80000000000817
2008-07-21,0.0,0.0,0,1167.46,1162.38,0.0,0.0,False,2008,0.0
2008-07-22,0.0,0.0,0,1154.54,1178.07,0.0,0.0,False,2008,0.0
2008-07-23,-1.275999999999827,-0.6899999999998271,1,1179.91,1182.91,-0.0010814384147942021,-0.0005847903653667034,False,2008,-63.79999999999135
2008-07-24,21.104000000000056,21.690000000000055,1,1183.83,1156.61,0.017826883927591002,0.018321887433161904,False,2008,1055.2000000000028
2008-07-25,0.0,0.0,0,1161.0,1159.15,0.0,0.0,False,2008,0.0
2008-07-28,0.0,0.0,0,1157.54,1139.31,0.0,0.0,False,2008,0.0
2008-07-29,16.484000000000165,17.070000000000164,1,1143.01,1164.69,0.014421571114863531,0.01493425254372242,False,2008,824.2000000000082
2008-07-30,-4.966000000000109,-4.380000000000109,1,1171.15,1184.3,-0.004240276651154941,-0.0037399137599796,False,2008,-248.30000000000547
2008-07-31,0.0,0.0,0,1174.15,1168.84,0.0,0.0,False,2008,0.0
2008-08-01,-0.586,0.0,1,1171.61,1162.38,-0.0005001664376370977,0.0,False,2008,-29.299999999999997
2008-08-04,4.953999999999963,5.539999999999964,1,1161.23,1151.31,0.004266166048069687,0.004770803372286251,False,2008,247.69999999999817
2008-08-05,13.953999999999963,14.539999999999964,1,1161.69,1184.07,0.012011810379705397,0.012516247880243407,False,2008,697.6999999999981
2008-08-06,0.0,0.0,0,1179.68,1189.37,0.0,0.0,False,2008,0.0
2008-08-07,0.0,0.0,0,1178.99,1169.07,0.0,0.0,False,2008,0.0
2008-08-08,8.644000000000018,9.230000000000018,1,1166.3,1194.68,0.00741147217696992,0.007913915802109251,False,2008,432.2000000000009
2008-08-11,0.0,0.0,0,1193.06,1204.13,0.0,0.0,False,2008,0.0
2008-08-12,0.0,0.0,0,1200.67,1190.99,0.0,0.0,False,2008,0.0
2008-08-13,0.0,0.0,0,1186.37,1186.83,0.0,0.0,False,2008,0.0
2008-08-14,0.0,0.0,0,1177.61,1193.06,0.0,0.0,False,2008,0.0
2008-08-15,0.0,0.0,0,1196.52,1198.14,0.0,0.0,False,2008,0.0
2008-08-18,0.0,0.0,0,1201.83,1181.07,0.0,0.0,False,2008,0.0
2008-08-19,0.0,0.0,0,1173.22,1169.76,0.0,0.0,False,2008,0.0
2008-08-20,0.0,0.0,0,1172.76,1176.22,0.0,0.0,False,2008,0.0
2008-08-21,0.0,0.0,0,1167.0,1178.3,0.0,0.0,False,2008,0.0
2008-08-22,-2.206000000000118,-1.6200000000001182,1,1184.76,1192.6,-0.0018619804854992726,-0.0013673655423884316,False,2008,-110.30000000000591
2008-08-25,0.0,0.0,0,1185.68,1169.99,0.0,0.0,False,2008,0.0
2008-08-26,0.0,0.0,0,1169.07,1173.22,0.0,0.0,False,2008,0.0
2008-08-27,0.0,0.0,0,1173.69,1182.22,0.0,0.0,False,2008,0.0
2008-08-28,0.0,0.0,0,1188.91,1199.06,0.0,0.0,False,2008,0.0
2008-08-29,0.0,0.0,0,1193.29,1184.3,0.0,0.0,False,2008,0.0
2008-09-01,0.0,0.0,0,1181.99,1183.6,0.0,0.0,True,2008,0.0
2008-09-02,0.0,0.0,0,1196.52,1178.53,0.0,0.0,False,2008,0.0
2008-09-03,0.0,0.0,0,1176.45,1176.91,0.0,0.0,False,2008,0.0
2008-09-04,15.103999999999827,15.689999999999827,1,1167.46,1141.16,0.012937488222294406,0.013439432614393492,False,2008,755.1999999999913
2008-09-05,-4.506000000000073,-3.920000000000073,1,1133.55,1146.47,-0.003975122403070066,-0.0034581624101275403,False,2008,-225.30000000000365
2008-09-08,0.0,0.0,0,1178.07,1170.69,0.0,0.0,False,2008,0.0
2008-09-09,30.78400000000012,31.37000000000012,1,1169.07,1130.32,0.026332041708366585,0.026833294841198663,False,2008,1539.200000000006
2008-09-10,0.0,0.0,0,1138.85,1135.85,0.0,0.0,False,2008,0.0
2008-09-11,0.0,0.0,0,1122.47,1154.31,0.0,0.0,False,2008,0.0
2008-09-12,0.0,0.0,0,1142.54,1155.92,0.0,0.0,False,2008,0.0
2008-09-15,0.0,0.0,0,1140.58,1127.42,0.0,0.0,False,2008,0.0
2008-09-16,0.0,0.0,0,1097.36,1142.22,0.0,0.0,False,2008,0.0
2008-09-17,9.754000000000145,10.340000000000146,1,1120.38,1089.37,0.008705974758564187,0.009229011585355098,False,2008,487.70000000000726
2008-09-18,0.0,0.0,0,1106.28,1133.06,0.0,0.0,False,2008,0.0
2008-09-19,0.0,0.0,0,1191.31,1177.69,0.0,0.0,False,2008,0.0
2008-09-22,19.028000000000045,20.200000000000045,2,1171.81,1135.17,0.016238127341463245,0.017238289483790074,False,2008,951.4000000000023
2008-09-23,-9.046000000000037,-8.460000000000036,1,1137.52,1117.09,-0.00795238765032706,-0.007437231872846224,False,2008,-452.30000000000183
2008-09-24,0.0,0.0,0,1120.85,1118.97,0.0,0.0,False,2008,0.0
2008-09-25,9.044000000000109,9.63000000000011,1,1126.25,1142.69,0.00803018867924538,0.00855049944506114,False,2008,452.20000000000545
2008-09-26,0.0,0.0,0,1120.85,1145.51,0.0,0.0,False,2008,0.0
2008-09-29,42.164,42.75,1,1124.6,1062.83,0.037492441757069186,0.03801351591677041,False,2008,2108.2000000000003
2008-09-30,0.0,0.0,0,1070.82,1103.0,0.0,0.0,False,2008,0.0
2008-10-01,0.0,0.0,0,1086.79,1094.77,0.0,0.0,False,2008,0.0
2008-10-02,22.433999999999983,23.019999999999982,1,1084.2,1050.85,0.020691754288876575,0.02123224497325215,False,2008,1121.6999999999991
2008-10-03,-34.176000000000144,-33.590000000000146,1,1065.65,1038.87,-0.032070567259419265,-0.03152066813681804,False,2008,-1708.8000000000072
2008-10-06,0.8239999999999682,1.4099999999999682,1,1011.63,1002.94,0.0008145270504037723,0.0013937902197443414,False,2008,41.19999999999841
2008-10-07,43.21799999999999,44.389999999999986,2,1008.57,940.22,0.042850768910437535,0.04401281021644505,False,2008,2160.8999999999996
2008-10-08,-13.276000000000055,-12.690000000000055,1,919.55,928.24,-0.014437496601598668,-0.013800228372573602,False,2008,-663.8000000000028
2008-10-09,51.32400000000008,51.91000000000008,1,940.46,865.06,0.054573293919996685,0.05519639325436497,False,2008,2566.2000000000044
2008-10-10,0.0,0.0,0,817.85,852.38,0.0,0.0,False,2008,0.0
2008-10-13,53.54800000000003,54.72000000000003,2,885.5,951.5,0.060472049689441025,0.06179559570863922,False,2008,2677.4000000000015
2008-10-14,0.0,0.0,0,988.14,941.63,0.0,0.0,False,2008,0.0
2008-10-15,52.0239999999999,52.6099999999999,1,919.55,853.32,0.05657549888532424,0.057212767114349306,False,2008,2601.1999999999953
2008-10-16,-52.02599999999994,-51.43999999999994,1,859.89,889.02,-0.06050308760422838,-0.05982160508902295,False,2008,-2601.299999999997
2008-10-17,0.0,0.0,0,865.53,884.32,0.0,0.0,False,2008,0.0
2008-10-20,-6.465999999999996,-5.8799999999999955,1,895.36,925.9,-0.007221676197283769,-0.006567190850607572,False,2008,-323.2999999999998
2008-10-21,0.0,0.0,0,910.86,896.07,0.0,0.0,False,2008,0.0
2008-10-22,-10.686000000000023,-10.100000000000023,1,873.75,845.1,-0.012230042918454961,-0.011559370529327637,False,2008,-534.3000000000012
2008-10-23,-8.806000000000028,-8.220000000000027,1,845.8,854.49,-0.010411444786001452,-0.009718609600378373,False,2008,-440.3000000000014
2008-10-24,0.0,0.0,0,803.29,820.9,0.0,0.0,False,2008,0.0
2008-10-27,0.0,0.0,0,805.4,794.83,0.0,0.0,False,2008,0.0
2008-10-28,0.0,0.0,0,818.79,883.38,0.0,0.0,False,2008,0.0
2008-10-29,0.0,0.0,0,879.86,865.06,0.0,0.0,False,2008,0.0
2008-10-30,0.0,0.0,0,897.95,895.36,0.0,0.0,False,2008,0.0
2008-10-31,0.0,0.0,0,891.6,912.27,0.0,0.0,False,2008,0.0
2008-11-03,0.0,0.0,0,906.87,906.64,0.0,0.0,False,2008,0.0
2008-11-04,0.0,0.0,0,928.24,941.16,0.0,0.0,False,2008,0.0
2008-11-05,0.0,0.0,0,928.48,893.72,0.0,0.0,False,2008,0.0
2008-11-06,17.96400000000007,18.550000000000068,1,884.09,848.39,0.020319198271669253,0.02098202671673706,False,2008,898.2000000000035
2008-11-07,-1.0560000000000271,-0.4700000000000272,1,857.08,872.81,-0.0012320903532926065,-0.0005483735473935072,False,2008,-52.800000000001354
2008-11-10,0.0,0.0,0,891.37,863.18,0.0,0.0,False,2008,0.0
2008-11-11,-5.755999999999959,-5.169999999999959,1,849.33,842.75,-0.006777106660544145,-0.006087151048473454,False,2008,-287.79999999999797
2008-11-12,0.0,0.0,0,825.37,800.94,0.0,0.0,False,2008,0.0
2008-11-13,0.0,0.0,0,805.4,856.61,0.0,0.0,False,2008,0.0
2008-11-14,0.0,0.0,0,836.41,818.32,0.0,0.0,False,2008,0.0
2008-11-17,0.0,0.0,0,807.99,798.12,0.0,0.0,False,2008,0.0
2008-11-18,-7.15600000000005,-6.57000000000005,1,796.24,806.11,-0.008987240028132285,-0.008251281020797812,False,2008,-357.8000000000025
2008-11-19,29.943999999999974,30.529999999999973,1,803.29,757.96,0.03727669957300598,0.038006199504537555,False,2008,1497.1999999999987
2008-11-20,-16.672,-15.5,2,748.56,707.22,-0.022272095757187135,-0.02070642299882441,False,2008,-833.6
2008-11-21,0.0,0.0,0,723.43,750.91,0.0,0.0,False,2008,0.0
2008-11-24,11.863999999999931,12.449999999999932,1,765.47,793.89,0.01549897448626325,0.016264517224711526,False,2008,593.1999999999965
2008-11-25,0.0,0.0,0,816.21,804.7,0.0,0.0,False,2008,0.0
2008-11-26,0.0,0.0,0,787.55,832.88,0.0,0.0,False,2008,0.0
2008-11-27,0.0,0.0,0,829.83,835.47,0.0,0.0,True,2008,0.0
2008-11-28,0.0,0.0,0,828.19,840.63,0.0,0.0,True,2008,0.0
2008-12-01,34.414,35.0,1,817.62,766.41,0.04209045766982217,0.0428071720359091,False,2008,1720.7
2008-12-02,0.0,0.0,0,779.57,798.12,0.0,0.0,False,2008,0.0
2008-12-03,0.0,0.0,0,778.86,817.38,0.0,0.0,False,2008,0.0
2008-12-04,0.0,0.0,0,803.76,792.48,0.0,0.0,False,2008,0.0
2008-12-05,0.0,0.0,0,780.98,822.78,0.0,0.0,False,2008,0.0
2008-12-08,0.0,0.0,0,844.39,852.61,0.0,0.0,False,2008,0.0
2008-12-09,0.0,0.0,0,844.39,835.0,0.0,0.0,False,2008,0.0
2008-12-10,0.0,0.0,0,843.45,843.69,0.0,0.0,False,2008,0.0
2008-12-11,0.0,0.0,0,836.17,821.37,0.0,0.0,False,2008,0.0
2008-12-12,0.0,0.0,0,798.59,826.07,0.0,0.0,False,2008,0.0
2008-12-15,0.0,0.0,0,832.89,818.29,0.0,0.0,False,2008,0.0
2008-12-16,0.0,0.0,0,826.06,859.49,0.0,0.0,False,2008,0.0
2008-12-17,0.0,0.0,0,849.6,851.01,0.0,0.0,False,2008,0.0
2008-12-18,0.0,0.0,0,854.31,831.47,0.0,0.0,False,2008,0.0
2008-12-19,0.0,0.0,0,837.83,831.0,0.0,0.0,False,2008,0.0
2008-12-22,0.0,0.0,0,832.41,816.88,0.0,0.0,False,2008,0.0
2008-12-23,0.0,0.0,0,822.29,809.11,0.0,0.0,False,2008,0.0
2008-12-24,0.0,0.0,0,811.93,814.29,0.0,0.0,True,2008,0.0
2008-12-26,0.0,0.0,0,819.47,818.29,0.0,0.0,False,2008,0.0
2008-12-29,0.0,0.0,0,819.0,815.7,0.0,0.0,False,2008,0.0
2008-12-30,0.0,0.0,0,821.59,834.77,0.0,0.0,False,2008,0.0
2008-12-31,0.0,0.0,0,836.65,847.72,0.0,0.0,False,2008,0.0
2009-01-02,0.0,0.0,0,849.6,873.61,0.0,0.0,False,2009,0.0
2009-01-05,0.0,0.0,0,870.32,871.49,0.0,0.0,False,2009,0.0
2009-01-06,0.0,0.0,0,879.5,877.38,0.0,0.0,False,2009,0.0
2009-01-07,0.0,0.0,0,863.72,851.48,0.0,0.0,False,2009,0.0
2009-01-08,0.0,0.0,0,846.07,854.54,0.0,0.0,False,2009,0.0
2009-01-09,-1.2860000000000453,-0.7000000000000454,1,855.49,835.24,-0.0015032320658336688,-0.0008182445148395017,False,2009,-64.30000000000227
2009-01-12,0.0,0.0,0,832.89,815.23,0.0,0.0,False,2009,0.0
2009-01-13,0.0,0.0,0,813.11,816.41,0.0,0.0,False,2009,0.0
2009-01-14,0.0,0.0,0,801.81,790.28,0.0,0.0,False,2009,0.0
2009-01-15,-4.8160000000000185,-4.230000000000018,1,787.92,791.92,-0.0061122956645344945,-0.005368565336582418,False,2009,-240.80000000000092
2009-01-16,0.0,0.0,0,804.87,796.4,0.0,0.0,False,2009,0.0
2009-01-19,0.0,0.0,0,794.28,790.98,0.0,0.0,True,2009,0.0
2009-01-20,12.007999999999836,13.179999999999836,2,789.57,755.2,0.015208277923426466,0.016692630165786232,False,2009,600.3999999999918
2009-01-21,0.0,0.0,0,767.68,787.92,0.0,0.0,False,2009,0.0
2009-01-22,0.0,0.0,0,772.15,775.68,0.0,0.0,False,2009,0.0
2009-01-23,0.0,0.0,0,757.79,778.74,0.0,0.0,False,2009,0.0
2009-01-26,-1.7660000000000635,-1.1800000000000637,1,783.45,784.39,-0.0022541323632651266,-0.001506158657221346,False,2009,-88.30000000000318
2009-01-27,0.0,0.0,0,788.39,792.39,0.0,0.0,False,2009,0.0
2009-01-28,0.0,0.0,0,809.58,819.23,0.0,0.0,False,2009,0.0
2009-01-29,0.0,0.0,0,806.99,792.16,0.0,0.0,False,2009,0.0
2009-01-30,0.0,0.0,0,796.16,774.5,0.0,0.0,False,2009,0.0
2009-02-02,0.0,0.0,0,763.91,773.8,0.0,0.0,False,2009,0.0
2009-02-03,0.0,0.0,0,778.27,785.33,0.0,0.0,False,2009,0.0
2009-02-04,0.0,0.0,0,789.81,780.15,0.0,0.0,False,2009,0.0
2009-02-05,0.0,0.0,0,774.5,792.87,0.0,0.0,False,2009,0.0
2009-02-06,2.1079999999998593,3.279999999999859,2,794.98,814.52,0.0026516390349440983,0.004125889959495659,False,2009,105.39999999999297
2009-02-09,0.0,0.0,0,814.52,816.64,0.0,0.0,False,2009,0.0
2009-02-10,0.0,0.0,0,808.17,776.86,0.0,0.0,False,2009,0.0
2009-02-11,0.0,0.0,0,781.33,783.68,0.0,0.0,False,2009,0.0
2009-02-12,0.0,0.0,0,769.32,783.68,0.0,0.0,False,2009,0.0
2009-02-13,0.0,0.0,0,782.51,775.21,0.0,0.0,False,2009,0.0
2009-02-16,0.0,0.0,0,768.38,761.56,0.0,0.0,True,2009,0.0
2009-02-17,0.0,0.0,0,750.26,741.31,0.0,0.0,False,2009,0.0
2009-02-18,0.0,0.0,0,746.73,739.66,0.0,0.0,False,2009,0.0
2009-02-19,0.0,0.0,0,747.43,732.84,0.0,0.0,False,2009,0.0
2009-02-20,0.0,0.0,0,718.0,724.6,0.0,0.0,False,2009,0.0
2009-02-23,0.0,0.0,0,732.36,699.41,0.0,0.0,False,2009,0.0
2009-02-24,0.0,0.0,0,704.35,726.01,0.0,0.0,False,2009,0.0
2009-02-25,-6.235999999999978,-5.649999999999977,1,721.77,719.18,-0.008639871427185915,-0.007827978441885888,False,2009,-311.7999999999989
2009-02-26,0.0,0.0,0,728.36,707.88,0.0,0.0,False,2009,0.0
2009-02-27,0.0,0.0,0,692.58,691.64,0.0,0.0,False,2009,0.0
2009-03-02,0.0,0.0,0,677.98,659.86,0.0,0.0,False,2009,0.0
2009-03-03,0.0,0.0,0,669.51,654.68,0.0,0.0,False,2009,0.0
2009-03-04,0.0,0.0,0,665.98,670.92,0.0,0.0,False,2009,0.0
2009-03-05,0.0,0.0,0,654.91,642.67,0.0,0.0,False,2009,0.0
2009-03-06,0.0,0.0,0,648.56,643.38,0.0,0.0,False,2009,0.0
2009-03-09,0.0,0.0,0,634.9,635.85,0.0,0.0,False,2009,0.0
2009-03-10,16.363999999999933,16.949999999999932,1,649.74,675.16,0.025185458798904076,0.026087358020131023,False,2009,818.1999999999966
2009-03-11,0.0,0.0,0,682.69,678.69,0.0,0.0,False,2009,0.0
2009-03-12,0.0,0.0,0,678.93,706.0,0.0,0.0,False,2009,0.0
2009-03-13,0.0,0.0,0,710.71,711.65,0.0,0.0,False,2009,0.0
2009-03-16,0.0,0.0,0,724.23,714.48,0.0,0.0,False,2009,0.0
2009-03-17,0.0,0.0,0,715.67,736.36,0.0,0.0,False,2009,0.0
2009-03-18,0.0,0.0,0,731.84,751.58,0.0,0.0,False,2009,0.0
2009-03-19,0.0,0.0,0,761.57,741.35,0.0,0.0,False,2009,0.0
2009-03-20,0.0,0.0,0,745.87,725.89,0.0,0.0,False,2009,0.0
2009-03-23,-2.495999999999968,-1.9099999999999682,1,745.4,779.41,-0.00334853769788029,-0.0025623826133619105,False,2009,-124.7999999999984
2009-03-24,0.0,0.0,0,769.66,763.23,0.0,0.0,False,2009,0.0
2009-03-25,0.0,0.0,0,768.94,770.61,0.0,0.0,False,2009,0.0
2009-03-26,0.0,0.0,0,778.93,787.73,0.0,0.0,False,2009,0.0
2009-03-27,0.0,0.0,0,777.03,772.99,0.0,0.0,False,2009,0.0
2009-03-30,-2.725999999999986,-2.1399999999999864,1,755.62,746.11,-0.003607633466557246,-0.0028321113787353252,False,2009,-136.2999999999993
2009-03-31,0.0,0.0,0,753.24,753.01,0.0,0.0,False,2009,0.0
2009-04-01,0.0,0.0,0,743.25,767.04,0.0,0.0,False,2009,0.0
2009-04-02,0.0,0.0,0,786.3,789.63,0.0,0.0,False,2009,0.0
2009-04-03,0.0,0.0,0,790.35,797.48,0.0,0.0,False,2009,0.0
2009-04-06,0.0,0.0,0,788.92,790.35,0.0,0.0,False,2009,0.0
2009-04-07,0.0,0.0,0,778.46,772.27,0.0,0.0,False,2009,0.0
2009-04-08,0.0,0.0,0,776.31,781.31,0.0,0.0,False,2009,0.0
2009-04-09,0.0,0.0,0,801.53,812.47,0.0,0.0,False,2009,0.0
2009-04-13,0.0,0.0,0,803.67,812.47,0.0,0.0,False,2009,0.0
2009-04-14,0.0,0.0,0,804.86,797.96,0.0,0.0,False,2009,0.0
2009-04-15,0.0,0.0,0,793.2,807.23,0.0,0.0,False,2009,0.0
2009-04-16,0.0,0.0,0,812.94,818.89,0.0,0.0,False,2009,0.0
2009-04-17,0.0,0.0,0,821.74,824.12,0.0,0.0,False,2009,0.0
2009-04-20,10.594000000000063,11.180000000000064,1,809.61,789.16,0.013085312681414586,0.013809117970380879,False,2009,529.7000000000031
2009-04-21,0.0,0.0,0,783.93,804.86,0.0,0.0,False,2009,0.0
2009-04-22,0.0,0.0,0,797.48,799.86,0.0,0.0,False,2009,0.0
2009-04-23,0.0,0.0,0,801.53,807.95,0.0,0.0,False,2009,0.0
2009-04-24,0.0,0.0,0,814.13,819.6,0.0,0.0,False,2009,0.0
2009-04-27,0.0,0.0,0,810.8,812.47,0.0,0.0,False,2009,0.0
2009-04-28,0.0,0.0,0,803.67,809.61,0.0,0.0,False,2009,0.0
2009-04-29,0.0,0.0,0,818.65,827.45,0.0,0.0,False,2009,0.0
2009-04-30,0.0,0.0,0,837.92,827.21,0.0,0.0,False,2009,0.0
2009-05-01,0.0,0.0,0,827.69,831.73,0.0,0.0,False,2009,0.0
2009-05-04,7.6280000000000685,8.800000000000068,2,837.92,860.75,0.009103494367004092,0.010502195913691127,False,2009,381.40000000000344
2009-05-05,0.0,0.0,0,856.94,856.23,0.0,0.0,False,2009,0.0
2009-05-06,0.0,0.0,0,867.65,871.93,0.0,0.0,False,2009,0.0
2009-05-07,0.0,0.0,0,880.25,859.56,0.0,0.0,False,2009,0.0
2009-05-08,0.0,0.0,0,871.45,880.97,0.0,0.0,False,2009,0.0
2009-05-11,0.0,0.0,0,868.12,863.13,0.0,0.0,False,2009,0.0
2009-05-12,0.0,0.0,0,867.41,861.46,0.0,0.0,False,2009,0.0
2009-05-13,0.0,0.0,0,849.09,839.58,0.0,0.0,False,2009,0.0
2009-05-14,0.0,0.0,0,840.06,846.72,0.0,0.0,False,2009,0.0
2009-05-15,0.0,0.0,0,845.76,839.34,0.0,0.0,False,2009,0.0
2009-05-18,0.0,0.0,0,847.67,863.6,0.0,0.0,False,2009,0.0
2009-05-19,0.0,0.0,0,862.89,862.41,0.0,0.0,False,2009,0.0
2009-05-20,0.0,0.0,0,870.5,856.94,0.0,0.0,False,2009,0.0
2009-05-21,0.0,0.0,0,846.24,843.86,0.0,0.0,False,2009,0.0
2009-05-22,0.0,0.0,0,846.72,842.91,0.0,0.0,False,2009,0.0
2009-05-25,0.0,0.0,0,842.43,846.95,0.0,0.0,True,2009,0.0
2009-05-26,7.5040000000000315,8.090000000000032,1,836.01,864.32,0.008975969186971485,0.009676917740218456,False,2009,375.2000000000016
2009-05-27,0.0,0.0,0,865.27,848.62,0.0,0.0,False,2009,0.0
2009-05-28,0.0,0.0,0,855.99,860.99,0.0,0.0,False,2009,0.0
2009-05-29,0.0,0.0,0,865.51,876.68,0.0,0.0,False,2009,0.0
2009-06-01,0.0,0.0,0,886.44,896.9,0.0,0.0,False,2009,0.0
2009-06-02,0.0,0.0,0,893.81,898.09,0.0,0.0,False,2009,0.0
2009-06-03,0.0,0.0,0,890.24,886.44,0.0,0.0,False,2009,0.0
2009-06-04,0.0,0.0,0,889.29,895.0,0.0,0.0,False,2009,0.0
2009-06-05,0.0,0.0,0,904.04,894.76,0.0,0.0,False,2009,0.0
2009-06-08,0.0,0.0,0,888.58,892.86,0.0,0.0,False,2009,0.0
2009-06-09,0.0,0.0,0,896.42,895.95,0.0,0.0,False,2009,0.0
2009-06-10,0.0,0.0,0,904.04,893.1,0.0,0.0,False,2009,0.0
2009-06-11,-0.34599999999999087,0.2400000000000091,1,895.24,898.33,-0.0003864885393860762,0.0002680845359903591,False,2009,-17.299999999999542
2009-06-12,0.0,0.0,0,893.57,900.23,0.0,0.0,False,2009,0.0
2009-06-15,-0.10599999999998178,0.4800000000000182,1,891.15,880.61,-0.00011894742748132388,0.0005386298602929004,False,2009,-5.2999999999990886
2009-06-16,0.0,0.0,0,883.96,868.65,0.0,0.0,False,2009,0.0
2009-06-17,0.0,0.0,0,868.17,867.93,0.0,0.0,False,2009,0.0
2009-06-18,0.0,0.0,0,868.88,873.91,0.0,0.0,False,2009,0.0
2009-06-19,0.0,0.0,0,882.29,876.3,0.0,0.0,False,2009,0.0
2009-06-22,-0.34599999999999087,0.2400000000000091,1,868.17,850.45,-0.0003985394565580369,0.00027644355368189305,False,2009,-17.299999999999542
2009-06-23,0.0,0.0,0,852.61,852.13,0.0,0.0,False,2009,0.0
2009-06-24,0.0,0.0,0,859.07,858.35,0.0,0.0,False,2009,0.0
2009-06-25,0.0,0.0,0,854.28,877.26,0.0,0.0,False,2009,0.0
2009-06-26,0.0,0.0,0,874.63,874.39,0.0,0.0,False,2009,0.0
2009-06-29,0.0,0.0,0,877.5,883.73,0.0,0.0,False,2009,0.0
2009-06-30,-5.135999999999955,-4.5499999999999545,1,883.49,877.02,-0.005813308583005982,-0.005150029994680137,False,2009,-256.79999999999774
2009-07-01,-1.5359999999999316,-0.9499999999999317,1,879.9,879.9,-0.0017456529151039114,-0.0010796681441072073,False,2009,-76.79999999999659
2009-07-02,1.084000000000073,1.6700000000000728,1,868.17,855.48,0.0012486033841299204,0.0019235863943698503,False,2009,54.20000000000365
2009-07-03,0.0,0.0,0,858.35,855.48,0.0,0.0,True,2009,0.0
2009-07-06,0.0,0.0,0,847.1,856.2,0.0,0.0,False,2009,0.0
2009-07-07,0.0,0.0,0,854.52,838.72,0.0,0.0,False,2009,0.0
2009-07-08,0.0,0.0,0,843.75,838.01,0.0,0.0,False,2009,0.0
2009-07-09,0.0,0.0,0,843.99,840.4,0.0,0.0,False,2009,0.0
2009-07-10,0.0,0.0,0,835.13,837.53,0.0,0.0,False,2009,0.0
2009-07-13,0.0,0.0,0,841.12,858.59,0.0,0.0,False,2009,0.0
2009-07-14,0.0,0.0,0,860.99,863.86,0.0,0.0,False,2009,0.0
2009-07-15,0.0,0.0,0,874.87,889.23,0.0,0.0,False,2009,0.0
2009-07-16,0.0,0.0,0,886.12,897.37,0.0,0.0,False,2009,0.0
2009-07-17,0.0,0.0,0,896.41,897.13,0.0,0.0,False,2009,0.0
2009-07-20,0.0,0.0,0,902.16,906.46,0.0,0.0,False,2009,0.0
2009-07-21,0.0,0.0,0,913.65,910.77,0.0,0.0,False,2009,0.0
2009-07-22,0.0,0.0,0,905.03,910.29,0.0,0.0,False,2009,0.0
2009-07-23,11.144000000000018,11.730000000000018,1,911.01,930.88,0.012232577029889922,0.012875819145783271,False,2009,557.2000000000008
2009-07-24,0.0,0.0,0,926.57,934.71,0.0,0.0,False,2009,0.0
2009-07-27,0.0,0.0,0,932.79,937.58,0.0,0.0,False,2009,0.0
2009-07-28,0.0,0.0,0,930.88,934.71,0.0,0.0,False,2009,0.0
2009-07-29,0.0,0.0,0,928.96,930.88,0.0,0.0,False,2009,0.0
2009-07-30,0.6140000000000455,1.2000000000000455,1,942.13,940.93,0.0006517147315126846,0.001273709572988914,False,2009,30.700000000002277
2009-07-31,0.0,0.0,0,940.45,941.89,0.0,0.0,False,2009,0.0
2009-08-03,0.0,0.0,0,951.7,957.21,0.0,0.0,False,2009,0.0
2009-08-04,0.0,0.0,0,953.14,959.84,0.0,0.0,False,2009,0.0
2009-08-05,0.0,0.0,0,960.56,957.21,0.0,0.0,False,2009,0.0
2009-08-06,0.0,0.0,0,961.52,952.18,0.0,0.0,False,2009,0.0
2009-08-07,0.0,0.0,0,962.0,964.39,0.0,0.0,False,2009,0.0
2009-08-10,0.0,0.0,0,960.32,962.24,0.0,0.0,False,2009,0.0
2009-08-11,0.0,0.0,0,958.17,950.03,0.0,0.0,False,2009,0.0
2009-08-12,1.3339999999999592,1.919999999999959,1,948.83,960.8,0.001405942054951845,0.002023544786737307,False,2009,66.69999999999796
2009-08-13,0.0,0.0,0,965.35,968.46,0.0,0.0,False,2009,0.0
2009-08-14,-2.0260000000000544,-1.4400000000000546,1,967.98,960.32,-0.002093018450794494,-0.001487634042025718,False,2009,-101.30000000000273
2009-08-17,0.0,0.0,0,942.37,936.38,0.0,0.0,False,2009,0.0
2009-08-18,0.0,0.0,0,939.02,945.48,0.0,0.0,False,2009,0.0
2009-08-19,0.0,0.0,0,937.1,953.38,0.0,0.0,False,2009,0.0
2009-08-20,-1.5460000000000362,-0.9600000000000363,1,954.1,962.95,-0.001620375222723023,-0.0010061838381721373,False,2009,-77.30000000000182
2009-08-21,0.0,0.0,0,970.61,980.91,0.0,0.0,False,2009,0.0
2009-08-24,0.0,0.0,0,985.69,981.38,0.0,0.0,False,2009,0.0
2009-08-25,0.0,0.0,0,985.45,983.54,0.0,0.0,False,2009,0.0
2009-08-26,0.0,0.0,0,980.19,983.54,0.0,0.0,False,2009,0.0
2009-08-27,-2.0259999999999407,-1.4399999999999409,1,983.06,986.17,-0.0020609118466827464,-0.0014648139482838698,False,2009,-101.29999999999704
2009-08-28,0.0,0.0,0,993.59,985.21,0.0,0.0,False,2009,0.0
2009-08-31,0.0,0.0,0,975.64,977.32,0.0,0.0,False,2009,0.0
2009-09-01,7.303999999999986,7.889999999999986,1,971.81,954.82,0.007515872444202042,0.00811887097272099,False,2009,365.1999999999993
2009-09-02,0.0,0.0,0,950.99,951.23,0.0,0.0,False,2009,0.0
2009-09-03,0.0,0.0,0,956.97,959.36,0.0,0.0,False,2009,0.0
2009-09-04,0.0,0.0,0,960.8,972.53,0.0,0.0,False,2009,0.0
2009-09-07,0.0,0.0,0,975.64,978.27,0.0,0.0,True,2009,0.0
2009-09-08,0.0,0.0,0,981.62,980.91,0.0,0.0,False,2009,0.0
2009-09-09,0.0,0.0,0,982.58,989.04,0.0,0.0,False,2009,0.0
2009-09-10,0.0,0.0,0,989.04,998.62,0.0,0.0,False,2009,0.0
2009-09-11,0.0,0.0,0,1000.53,998.38,0.0,0.0,False,2009,0.0
2009-09-14,0.0,0.0,0,990.01,1003.95,0.0,0.0,False,2009,0.0
2009-09-15,0.0,0.0,0,1005.4,1007.8,0.0,0.0,False,2009,0.0
2009-09-16,0.0,0.0,0,1011.17,1022.95,0.0,0.0,False,2009,0.0
2009-09-17,0.0,0.0,0,1021.74,1021.5,0.0,0.0,False,2009,0.0
2009-09-18,0.0,0.0,0,1026.07,1021.98,0.0,0.0,False,2009,0.0
2009-09-21,0.0,0.0,0,1014.05,1019.34,0.0,0.0,False,2009,0.0
2009-09-22,0.0,0.0,0,1025.11,1025.35,0.0,0.0,False,2009,0.0
2009-09-23,0.0,0.0,0,1027.75,1015.97,0.0,0.0,False,2009,0.0
2009-09-24,2.0539999999999865,2.6399999999999864,1,1018.86,1005.88,0.002015978642796838,0.002591131264354265,False,2009,102.69999999999932
2009-09-25,0.0,0.0,0,1003.47,1000.59,0.0,0.0,False,2009,0.0
2009-09-28,5.904000000000009,6.490000000000009,1,1003.95,1017.9,0.005880770954728829,0.006464465361820816,False,2009,295.20000000000044
2009-09-29,0.0,0.0,0,1020.06,1015.25,0.0,0.0,False,2009,0.0
2009-09-30,-4.9159999999999275,-4.329999999999927,1,1018.14,1010.92,-0.004828412595517245,-0.004252853242186661,False,2009,-245.79999999999637
2009-10-01,12.154000000000009,12.740000000000009,1,1008.76,985.68,0.012048455529561054,0.012629366747293716,False,2009,607.7000000000004
2009-10-02,0.0,0.0,0,976.31,981.84,0.0,0.0,False,2009,0.0
2009-10-05,0.0,0.0,0,984.96,995.78,0.0,0.0,False,2009,0.0
2009-10-06,-4.061999999999986,-2.8899999999999864,2,1002.75,1010.44,-0.004050860134629754,-0.0028820742956868475,False,2009,-203.0999999999993
2009-10-07,0.0,0.0,0,1008.04,1013.09,0.0,0.0,False,2009,0.0
2009-10-08,0.0,0.0,0,1020.54,1020.78,0.0,0.0,False,2009,0.0
2009-10-09,0.0,0.0,0,1021.02,1026.55,0.0,0.0,False,2009,0.0
2009-10-12,0.0,0.0,0,1031.84,1031.36,0.0,0.0,False,2009,0.0
2009-10-13,0.0,0.0,0,1027.99,1029.68,0.0,0.0,False,2009,0.0
2009-10-14,0.0,0.0,0,1040.98,1046.99,0.0,0.0,False,2009,0.0
2009-10-15,0.0,0.0,0,1041.7,1049.87,0.0,0.0,False,2009,0.0
2009-10-16,0.0,0.0,0,1041.7,1042.66,0.0,0.0,False,2009,0.0
2009-10-19,0.0,0.0,0,1044.58,1051.79,0.0,0.0,False,2009,0.0
2009-10-20,0.0,0.0,0,1052.76,1045.78,0.0,0.0,False,2009,0.0
2009-10-21,0.0,0.0,0,1044.1,1036.89,0.0,0.0,False,2009,0.0
2009-10-22,0.0,0.0,0,1036.17,1046.75,0.0,0.0,False,2009,0.0
2009-10-23,0.8540000000000546,1.4400000000000546,1,1050.35,1034.97,0.0008130623125625312,0.0013709715809016563,False,2009,42.70000000000273
2009-10-26,-6.355999999999982,-5.769999999999982,1,1035.93,1022.7,-0.006135549699303989,-0.0055698744123637515,False,2009,-317.7999999999991
2009-10-27,0.0,0.0,0,1024.63,1019.1,0.0,0.0,False,2009,0.0
2009-10-28,0.0,0.0,0,1016.45,999.87,0.0,0.0,False,2009,0.0
2009-10-29,0.0,0.0,0,1006.84,1020.78,0.0,0.0,False,2009,0.0
2009-10-30,0.0,0.0,0,1017.9,991.93,0.0,0.0,False,2009,0.0
2009-11-02,-11.512000000000032,-10.340000000000032,2,996.74,998.9,-0.011549651865080194,-0.010373818648795104,False,2009,-575.6000000000016
2009-11-03,0.0,0.0,0,992.89,1001.79,0.0,0.0,False,2009,0.0
2009-11-04,0.0,0.0,0,1009.72,1003.47,0.0,0.0,False,2009,0.0
2009-11-05,2.064000000000091,2.650000000000091,1,1011.17,1022.95,0.0020411997982535987,0.0026207264851608445,False,2009,103.20000000000455
2009-11-06,0.0,0.0,0,1016.94,1025.83,0.0,0.0,False,2009,0.0
2009-11-09,6.624000000000036,7.210000000000036,1,1033.52,1049.15,0.00640916479603688,0.006976159145444729,False,2009,331.2000000000018
2009-11-10,0.0,0.0,0,1046.75,1048.91,0.0,0.0,False,2009,0.0
2009-11-11,0.0,0.0,0,1056.12,1054.44,0.0,0.0,False,2009,0.0
2009-11-12,0.0,0.0,0,1053.24,1043.86,0.0,0.0,False,2009,0.0
2009-11-13,0.0,0.0,0,1046.75,1049.63,0.0,0.0,False,2009,0.0
2009-11-16,0.13400000000002732,0.7200000000000273,1,1056.84,1064.78,0.0001267930812611439,0.0006812762575224513,False,2009,6.700000000001366
2009-11-17,0.0,0.0,0,1061.89,1066.22,0.0,0.0,False,2009,0.0
2009-11-18,0.0,0.0,0,1065.26,1065.5,0.0,0.0,False,2009,0.0
2009-11-19,-3.2259999999998725,-2.6399999999998727,1,1058.29,1051.07,-0.003048313789225895,-0.00249459032968267,False,2009,-161.29999999999362
2009-11-20,0.0,0.0,0,1045.78,1048.67,0.0,0.0,False,2009,0.0
2009-11-23,-2.7460000000000817,-2.160000000000082,1,1060.21,1061.65,-0.0025900529140454077,-0.0020373322266344232,False,2009,-137.30000000000408
2009-11-24,0.0,0.0,0,1062.85,1062.37,0.0,0.0,False,2009,0.0
2009-11-25,0.0,0.0,0,1064.3,1066.22,0.0,0.0,False,2009,0.0
2009-11-26,2.543999999999882,3.1299999999998818,1,1052.52,1043.14,0.0024170562079579316,0.0029738152244136755,True,2009,127.19999999999409
2009-11-27,-6.115999999999973,-5.529999999999973,1,1037.61,1047.47,-0.005894314819633556,-0.0053295554206300765,True,2009,-305.79999999999865
2009-11-30,0.0,0.0,0,1048.19,1052.76,0.0,0.0,False,2009,0.0
2009-12-01,0.0,0.0,0,1061.89,1065.02,0.0,0.0,False,2009,0.0
2009-12-02,0.0,0.0,0,1065.74,1065.5,0.0,0.0,False,2009,0.0
2009-12-03,0.0,0.0,0,1067.9,1057.08,0.0,0.0,False,2009,0.0
2009-12-04,0.0,0.0,0,1070.55,1062.61,0.0,0.0,False,2009,0.0
2009-12-07,0.0,0.0,0,1062.13,1060.45,0.0,0.0,False,2009,0.0
2009-12-08,0.0,0.0,0,1053.96,1049.39,0.0,0.0,False,2009,0.0
2009-12-09,0.0,0.0,0,1048.91,1053.0,0.0,0.0,False,2009,0.0
2009-12-10,0.0,0.0,0,1059.73,1059.25,0.0,0.0,False,2009,0.0
2009-12-11,0.0,0.0,0,1063.82,1064.78,0.0,0.0,False,2009,0.0
2009-12-14,0.0,0.0,0,1070.78,1071.27,0.0,0.0,False,2009,0.0
2009-12-15,0.0,0.0,0,1067.16,1065.71,0.0,0.0,False,2009,0.0
2009-12-16,0.0,0.0,0,1070.3,1067.4,0.0,0.0,False,2009,0.0
2009-12-17,0.0,0.0,0,1059.92,1054.37,0.0,0.0,False,2009,0.0
2009-12-18,0.0,0.0,0,1060.4,1060.64,0.0,0.0,False,2009,0.0
2009-12-21,-1.3060000000000271,-0.7200000000000272,1,1065.71,1071.27,-0.0012254740970808447,-0.0006756059340721464,False,2009,-65.30000000000136
2009-12-22,0.0,0.0,0,1073.68,1075.37,0.0,0.0,False,2009,0.0
2009-12-23,0.0,0.0,0,1077.79,1077.54,0.0,0.0,False,2009,0.0
2009-12-24,0.0,0.0,0,1079.96,1083.58,0.0,0.0,True,2009,0.0
2009-12-28,0.0,0.0,0,1086.48,1085.03,0.0,0.0,False,2009,0.0
2009-12-29,0.0,0.0,0,1087.68,1083.58,0.0,0.0,False,2009,0.0
2009-12-30,0.0,0.0,0,1080.2,1082.86,0.0,0.0,False,2009,0.0
2009-12-31,0.0,0.0,0,1085.27,1071.99,0.0,0.0,False,2009,0.0
2010-01-04,1.5839999999998455,2.1699999999998454,1,1081.17,1090.1,0.0014650794972112114,0.0020070849172654118,False,2010,79.19999999999227
2010-01-05,0.0,0.0,0,1089.62,1093.0,0.0,0.0,False,2010,0.0
2010-01-06,0.0,0.0,0,1092.03,1094.2,0.0,0.0,False,2010,0.0
2010-01-07,0.0,0.0,0,1091.79,1098.79,0.0,0.0,False,2010,0.0
2010-01-08,0.0,0.0,0,1095.89,1102.17,0.0,0.0,False,2010,0.0
2010-01-11,0.0,0.0,0,1107.0,1103.86,0.0,0.0,False,2010,0.0
2010-01-12,0.0,0.0,0,1096.38,1093.24,0.0,0.0,False,2010,0.0
2010-01-13,0.0,0.0,0,1096.38,1103.14,0.0,0.0,False,2010,0.0
2010-01-14,0.0,0.0,0,1101.69,1105.79,0.0,0.0,False,2010,0.0
2010-01-15,4.723999999999945,5.309999999999945,1,1103.86,1093.24,0.004279528201039938,0.004810392622252773,False,2010,236.19999999999726
2010-01-18,0.0,0.0,0,1096.62,1097.83,0.0,0.0,True,2010,0.0
2010-01-19,0.0,0.0,0,1092.75,1107.0,0.0,0.0,False,2010,0.0
2010-01-20,-5.176000000000146,-4.5900000000001455,1,1099.52,1095.65,-0.004707508731082787,-0.0041745488940629965,False,2010,-258.8000000000073
2010-01-21,9.553999999999872,10.139999999999873,1,1095.89,1074.16,0.008718028269260483,0.009252753469782434,False,2010,477.6999999999936
2010-01-22,0.0,0.0,0,1069.82,1050.5,0.0,0.0,False,2010,0.0
2010-01-25,0.0,0.0,0,1060.16,1055.81,0.0,0.0,False,2010,0.0
2010-01-26,0.0,0.0,0,1051.47,1050.99,0.0,0.0,False,2010,0.0
2010-01-27,0.0,0.0,0,1049.78,1056.3,0.0,0.0,False,2010,0.0
2010-01-28,4.003999999999918,4.589999999999918,1,1059.68,1043.74,0.0037784991695605443,0.004331496300769966,False,2010,200.1999999999959
2010-01-29,0.0,0.0,0,1048.33,1032.88,0.0,0.0,False,2010,0.0
2010-02-01,0.0,0.0,0,1040.12,1048.09,0.0,0.0,False,2010,0.0
2010-02-02,0.0,0.0,0,1050.5,1061.85,0.0,0.0,False,2010,0.0
2010-02-03,0.0,0.0,0,1056.54,1056.3,0.0,0.0,False,2010,0.0
2010-02-04,13.664,14.25,1,1047.85,1023.46,0.013040034356062415,0.01359927470534905,False,2010,683.1999999999999
2010-02-05,0.0,0.0,0,1024.43,1026.12,0.0,0.0,False,2010,0.0
2010-02-08,0.0,0.0,0,1026.12,1017.91,0.0,0.0,False,2010,0.0
2010-02-09,0.0,0.0,0,1029.98,1031.19,0.0,0.0,False,2010,0.0
2010-02-10,-3.966000000000109,-3.380000000000109,1,1029.01,1028.77,-0.0038541899495632783,-0.0032847105470307472,False,2010,-198.30000000000544
2010-02-11,0.0,0.0,0,1027.32,1039.64,0.0,0.0,False,2010,0.0
2010-02-12,0.0,0.0,0,1028.53,1038.43,0.0,0.0,False,2010,0.0
2010-02-15,0.0,0.0,0,1040.6,1038.67,0.0,0.0,True,2010,0.0
2010-02-16,0.0,0.0,0,1046.64,1055.09,0.0,0.0,False,2010,0.0
2010-02-17,0.0,0.0,0,1060.64,1060.4,0.0,0.0,False,2010,0.0
2010-02-18,0.0,0.0,0,1058.71,1067.16,0.0,0.0,False,2010,0.0
2010-02-19,0.0,0.0,0,1063.54,1069.34,0.0,0.0,False,2010,0.0
2010-02-22,0.0,0.0,0,1072.47,1068.61,0.0,0.0,False,2010,0.0
2010-02-23,1.834000000000073,2.4200000000000728,1,1065.96,1055.57,0.0017205148410822852,0.002270254043303757,False,2010,91.70000000000364
2010-02-24,-1.5560000000000271,-0.9700000000000272,1,1059.19,1065.71,-0.0014690471020308226,-0.0009157941445822063,False,2010,-77.80000000000136
2010-02-25,0.0,0.0,0,1050.26,1064.51,0.0,0.0,False,2010,0.0
2010-02-26,0.0,0.0,0,1065.23,1064.99,0.0,0.0,False,2010,0.0
2010-03-01,0.0,0.0,0,1069.09,1076.1,0.0,0.0,False,2010,0.0
2010-03-02,0.0,0.0,0,1080.44,1078.51,0.0,0.0,False,2010,0.0
2010-03-03,0.0,0.0,0,1081.89,1079.96,0.0,0.0,False,2010,0.0
2010-03-04,0.0,0.0,0,1081.17,1083.34,0.0,0.0,False,2010,0.0
2010-03-05,0.0,0.0,0,1090.34,1099.03,0.0,0.0,False,2010,0.0
2010-03-08,0.0,0.0,0,1098.79,1098.79,0.0,0.0,False,2010,0.0
2010-03-09,0.0,0.0,0,1095.41,1100.72,0.0,0.0,False,2010,0.0
2010-03-10,0.0,0.0,0,1101.45,1105.55,0.0,0.0,False,2010,0.0
2010-03-11,0.0,0.0,0,1103.14,1110.62,0.0,0.0,False,2010,0.0
2010-03-12,0.0,0.0,0,1114.97,1110.14,0.0,0.0,False,2010,0.0
2010-03-15,0.0,0.0,0,1109.4,1111.83,0.0,0.0,False,2010,0.0
2010-03-16,0.0,0.0,0,1114.74,1120.56,0.0,0.0,False,2010,0.0
2010-03-17,0.0,0.0,0,1123.71,1127.35,0.0,0.0,False,2010,0.0
2010-03-18,0.0,0.0,0,1127.11,1126.38,0.0,0.0,False,2010,0.0
2010-03-19,-2.5260000000000544,-1.9400000000000546,1,1130.26,1120.8,-0.0022348840089891305,-0.0017164192309734527,False,2010,-126.30000000000273
2010-03-22,0.0,0.0,0,1114.5,1126.63,0.0,0.0,False,2010,0.0
2010-03-23,0.0,0.0,0,1128.57,1135.12,0.0,0.0,False,2010,0.0
2010-03-24,0.0,0.0,0,1130.51,1129.05,0.0,0.0,False,2010,0.0
2010-03-25,0.0,0.0,0,1136.82,1127.11,0.0,0.0,False,2010,0.0
2010-03-26,0.0,0.0,0,1129.29,1127.35,0.0,0.0,False,2010,0.0
2010-03-29,0.0,0.0,0,1132.45,1134.39,0.0,0.0,False,2010,0.0
2010-03-30,0.0,0.0,0,1135.36,1134.63,0.0,0.0,False,2010,0.0
2010-03-31,0.0,0.0,0,1130.51,1130.51,0.0,0.0,False,2010,0.0
2010-04-01,0.0,0.0,0,1138.51,1138.76,0.0,0.0,False,2010,0.0
2010-04-05,0.0,0.0,0,1142.88,1147.97,0.0,0.0,False,2010,0.0
2010-04-06,0.0,0.0,0,1144.82,1150.16,0.0,0.0,False,2010,0.0
2010-04-07,0.0,0.0,0,1148.22,1144.34,0.0,0.0,False,2010,0.0
2010-04-08,0.0,0.0,0,1140.21,1147.97,0.0,0.0,False,2010,0.0
2010-04-09,0.0,0.0,0,1150.16,1155.5,0.0,0.0,False,2010,0.0
2010-04-12,0.0,0.0,0,1156.71,1157.68,0.0,0.0,False,2010,0.0
2010-04-13,0.0,0.0,0,1156.22,1158.41,0.0,0.0,False,2010,0.0
2010-04-14,0.0,0.0,0,1162.53,1171.02,0.0,0.0,False,2010,0.0
2010-04-15,0.0,0.0,0,1169.32,1172.23,0.0,0.0,False,2010,0.0
2010-04-16,1.988000000000082,3.160000000000082,2,1168.35,1153.55,0.0017015449137673488,0.0027046689776180784,False,2010,99.4000000000041
2010-04-19,0.0,0.0,0,1150.16,1158.41,0.0,0.0,False,2010,0.0
2010-04-20,0.0,0.0,0,1165.44,1168.11,0.0,0.0,False,2010,0.0
2010-04-21,0.0,0.0,0,1169.08,1166.17,0.0,0.0,False,2010,0.0
2010-04-22,-3.986000000000091,-3.400000000000091,1,1158.16,1169.57,-0.0034416660910410396,-0.002935691096221671,False,2010,-199.30000000000453
2010-04-23,0.0,0.0,0,1168.84,1177.33,0.0,0.0,False,2010,0.0
2010-04-26,0.0,0.0,0,1177.57,1172.72,0.0,0.0,False,2010,0.0
2010-04-27,10.81400000000009,11.400000000000091,1,1166.17,1144.82,0.009273090544260348,0.009775590179819486,False,2010,540.7000000000045
2010-04-28,0.0,0.0,0,1150.4,1153.31,0.0,0.0,False,2010,0.0
2010-04-29,1.6040000000000547,2.1900000000000546,1,1160.59,1167.63,0.0013820556785773227,0.0018869712818480727,False,2010,80.20000000000273
2010-04-30,-3.2560000000000726,-2.6700000000000728,1,1168.35,1148.46,-0.002786836136431782,-0.0022852741045064177,False,2010,-162.80000000000362
2010-05-03,0.0,0.0,0,1153.8,1163.5,0.0,0.0,False,2010,0.0
2010-05-04,9.018000000000054,10.190000000000055,2,1150.16,1135.84,0.007840648257633767,0.008859636920080731,False,2010,450.9000000000027
2010-05-05,0.0,0.0,0,1126.14,1129.05,0.0,0.0,False,2010,0.0
2010-05-06,0.0,0.0,0,1123.23,1090.24,0.0,0.0,False,2010,0.0
2010-05-07,-10.296000000000037,-9.710000000000036,1,1088.3,1075.44,-0.009460626665441549,-0.008922172195166807,False,2010,-514.8000000000019
2010-05-10,0.0,0.0,0,1119.11,1122.5,0.0,0.0,False,2010,0.0
2010-05-11,0.0,0.0,0,1112.07,1119.11,0.0,0.0,False,2010,0.0
2010-05-12,-0.34599999999999087,0.2400000000000091,1,1123.71,1135.12,-0.00030790862411119493,0.0002135782363777212,False,2010,-17.299999999999542
2010-05-13,0.0,0.0,0,1131.96,1120.8,0.0,0.0,False,2010,0.0
2010-05-14,1.7379999999998546,2.9099999999998545,2,1112.31,1100.67,0.0015625140473427862,0.0026161771448605644,False,2010,86.89999999999273
2010-05-17,-9.556000000000028,-8.970000000000027,1,1103.34,1101.15,-0.008660974858157982,-0.008129860242536324,False,2010,-477.8000000000014
2010-05-18,0.0,0.0,0,1110.13,1085.87,0.0,0.0,False,2010,0.0
2010-05-19,-8.586,-8.0,1,1079.8,1079.8,-0.007951472494906464,-0.0074087794035932585,False,2010,-429.3
2010-05-20,-9.316000000000018,-8.730000000000018,1,1056.52,1038.08,-0.008817627683337768,-0.008262976564570495,False,2010,-465.8000000000009
2010-05-21,4.0239999999999,4.6099999999999,1,1022.79,1053.6,0.003934336471807409,0.004507279109103433,False,2010,201.199999999995
2010-05-24,0.0,0.0,0,1048.02,1040.26,0.0,0.0,False,2010,0.0
2010-05-25,0.0,0.0,0,1015.03,1041.47,0.0,0.0,False,2010,0.0
2010-05-26,-2.045999999999809,-1.459999999999809,1,1047.78,1034.68,-0.0019526999942734247,-0.0013934222833035647,False,2010,-102.29999999999045
2010-05-27,-1.316000000000018,-0.7300000000000181,1,1054.82,1070.1,-0.001247606226654802,-0.0006920612047553309,False,2010,-65.8000000000009
2010-05-28,5.233999999999936,5.819999999999936,1,1068.89,1056.76,0.0048966685065815335,0.005444900784926359,False,2010,261.6999999999968
2010-05-31,0.0,0.0,0,1061.12,1058.46,0.0,0.0,True,2010,0.0
2010-06-01,0.0,0.0,0,1046.33,1038.32,0.0,0.0,False,2010,0.0
2010-06-02,0.0,0.0,0,1043.9,1065.25,0.0,0.0,False,2010,0.0
2010-06-03,-6.885999999999955,-6.2999999999999545,1,1068.89,1069.37,-0.006442197045533174,-0.005893964767188348,False,2010,-344.29999999999774
2010-06-04,0.0,0.0,0,1048.99,1033.23,0.0,0.0,False,2010,0.0
2010-06-07,-2.765999999999836,-2.1799999999998363,1,1035.17,1018.67,-0.0026720248848013718,-0.0021059342909858633,False,2010,-138.2999999999918
2010-06-08,0.0,0.0,0,1019.15,1029.1,0.0,0.0,False,2010,0.0
2010-06-09,-21.935999999999908,-21.34999999999991,1,1035.65,1023.52,-0.021180900883503023,-0.020615072659682234,False,2010,-1096.7999999999954
2010-06-10,-4.466000000000109,-3.8800000000001096,1,1041.47,1054.57,-0.004288169606421797,-0.003725503375037312,False,2010,-223.30000000000547
2010-06-11,0.0,0.0,0,1044.63,1059.18,0.0,0.0,False,2010,0.0
2010-06-14,0.0,0.0,0,1067.45,1057.47,0.0,0.0,False,2010,0.0
2010-06-15,0.0,0.0,0,1064.78,1081.58,0.0,0.0,False,2010,0.0
2010-06-16,0.0,0.0,0,1075.98,1081.09,0.0,0.0,False,2010,0.0
2010-06-17,-1.5560000000000271,-0.9700000000000272,1,1084.26,1082.8,-0.0014350801468282766,-0.0008946193717374312,False,2010,-77.80000000000136
2010-06-18,0.0,0.0,0,1084.75,1083.53,0.0,0.0,False,2010,0.0
2010-06-21,0.0,0.0,0,1097.41,1080.36,0.0,0.0,False,2010,0.0
2010-06-22,0.0,0.0,0,1081.09,1063.31,0.0,0.0,False,2010,0.0
2010-06-23,-3.9960000000000817,-3.410000000000082,1,1063.56,1059.42,-0.003757192824100269,-0.0032062130956411316,False,2010,-199.80000000000408
2010-06-24,-0.21199999999996355,0.9600000000000364,2,1054.55,1042.13,-0.00020103361623437823,0.0009103409037030358,False,2010,-10.599999999998177
2010-06-25,0.0,0.0,0,1045.05,1046.51,0.0,0.0,False,2010,0.0
2010-06-28,-3.7559999999998452,-3.1699999999998454,1,1047.73,1042.37,-0.00358489305450817,-0.0030255886535651795,False,2010,-187.79999999999225
2010-06-29,10.373999999999922,10.959999999999923,1,1028.24,1010.22,0.010089084260483858,0.010658990119038281,False,2010,518.6999999999961
2010-06-30,0.0,0.0,0,1007.3,999.51,0.0,0.0,False,2010,0.0
2010-07-01,-6.916000000000041,-6.330000000000041,1,999.75,996.58,-0.006917729432358131,-0.006331582895723972,False,2010,-345.80000000000206
2010-07-02,0.0,0.0,0,999.51,990.98,0.0,0.0,False,2010,0.0
2010-07-05,0.0,0.0,0,987.57,985.87,0.0,0.0,True,2010,0.0
2010-07-06,0.0,0.0,0,1004.62,997.31,0.0,0.0,False,2010,0.0
2010-07-07,24.494000000000042,25.08000000000004,1,999.26,1028.97,0.024512138982847348,0.025098572943978586,False,2010,1224.700000000002
2010-07-08,0.0,0.0,0,1037.01,1038.72,0.0,0.0,False,2010,0.0
2010-07-09,0.0,0.0,0,1038.72,1046.51,0.0,0.0,False,2010,0.0
2010-07-12,0.0,0.0,0,1043.34,1047.48,0.0,0.0,False,2010,0.0
2010-07-13,0.0,0.0,0,1058.2,1063.31,0.0,0.0,False,2010,0.0
2010-07-14,0.0,0.0,0,1059.66,1063.31,0.0,0.0,False,2010,0.0
2010-07-15,-12.862000000000055,-11.690000000000055,2,1063.07,1063.56,-0.012098921049413543,-0.010996453667209173,False,2010,-643.1000000000028
2010-07-16,12.8040000000001,13.3900000000001,1,1057.71,1034.09,0.012105397509714478,0.012659424605988503,False,2010,640.2000000000049
2010-07-19,0.0,0.0,0,1037.74,1040.66,0.0,0.0,False,2010,0.0
2010-07-20,0.0,0.0,0,1026.05,1051.62,0.0,0.0,False,2010,0.0
2010-07-21,0.0,0.0,0,1056.98,1038.23,0.0,0.0,False,2010,0.0
2010-07-22,3.0739999999998546,3.6599999999998545,1,1050.41,1061.37,0.002926476328290719,0.0034843537285439534,False,2010,153.69999999999274
2010-07-23,0.0,0.0,0,1059.17,1070.62,0.0,0.0,False,2010,0.0
2010-07-26,0.0,0.0,0,1072.33,1082.07,0.0,0.0,False,2010,0.0
2010-07-27,0.0,0.0,0,1087.91,1081.34,0.0,0.0,False,2010,0.0
2010-07-28,0.0,0.0,0,1079.39,1074.52,0.0,0.0,False,2010,0.0
2010-07-29,0.0,0.0,0,1081.34,1069.4,0.0,0.0,False,2010,0.0
2010-07-30,0.0,0.0,0,1058.44,1069.65,0.0,0.0,False,2010,0.0
2010-08-02,0.0,0.0,0,1085.72,1093.27,0.0,0.0,False,2010,0.0
2010-08-03,0.0,0.0,0,1090.83,1087.91,0.0,0.0,False,2010,0.0
2010-08-04,0.0,0.0,0,1091.32,1095.46,0.0,0.0,False,2010,0.0
2010-08-05,0.0,0.0,0,1088.4,1094.24,0.0,0.0,False,2010,0.0
2010-08-06,0.0,0.0,0,1083.53,1089.62,0.0,0.0,False,2010,0.0
2010-08-09,0.0,0.0,0,1094.73,1095.46,0.0,0.0,False,2010,0.0
2010-08-10,0.0,0.0,0,1086.45,1090.1,0.0,0.0,False,2010,0.0
2010-08-11,3.457999999999882,4.629999999999882,2,1072.81,1059.42,0.00322331074467975,0.004315768868671882,False,2010,172.8999999999941
2010-08-12,0.0,0.0,0,1043.59,1053.33,0.0,0.0,False,2010,0.0
2010-08-13,0.0,0.0,0,1049.43,1049.68,0.0,0.0,False,2010,0.0
2010-08-16,0.0,0.0,0,1042.61,1049.68,0.0,0.0,False,2010,0.0
2010-08-17,0.0,0.0,0,1058.2,1062.58,0.0,0.0,False,2010,0.0
2010-08-18,0.0,0.0,0,1061.61,1064.29,0.0,0.0,False,2010,0.0
2010-08-19,2.824000000000082,3.410000000000082,1,1058.44,1046.02,0.0026680775480897186,0.0032217225350516625,False,2010,141.2000000000041
2010-08-20,0.0,0.0,0,1042.61,1042.37,0.0,0.0,False,2010,0.0
2010-08-23,0.0,0.0,0,1047.0,1038.23,0.0,0.0,False,2010,0.0
2010-08-24,0.0,0.0,0,1026.54,1023.13,0.0,0.0,False,2010,0.0
2010-08-25,0.0,0.0,0,1017.04,1026.54,0.0,0.0,False,2010,0.0
2010-08-26,0.0,0.0,0,1031.41,1019.48,0.0,0.0,False,2010,0.0
2010-08-27,0.0,0.0,0,1026.05,1035.79,0.0,0.0,False,2010,0.0
2010-08-30,0.0,0.0,0,1032.87,1020.69,0.0,0.0,False,2010,0.0
2010-08-31,0.0,0.0,0,1016.55,1021.42,0.0,0.0,False,2010,0.0
2010-09-01,4.044000000000109,4.630000000000109,1,1034.09,1051.38,0.0039106847566460455,0.004477366573509181,False,2010,202.20000000000545
2010-09-02,0.0,0.0,0,1053.82,1061.12,0.0,0.0,False,2010,0.0
2010-09-03,0.0,0.0,0,1071.35,1075.25,0.0,0.0,False,2010,0.0
2010-09-06,0.0,0.0,0,1077.44,1075.98,0.0,0.0,True,2010,0.0
2010-09-07,0.0,0.0,0,1069.65,1063.07,0.0,0.0,False,2010,0.0
2010-09-08,0.0,0.0,0,1064.53,1069.89,0.0,0.0,False,2010,0.0
2010-09-09,0.0,0.0,0,1082.07,1075.25,0.0,0.0,False,2010,0.0
2010-09-10,0.0,0.0,0,1077.2,1081.09,0.0,0.0,False,2010,0.0
2010-09-13,0.0,0.0,0,1091.08,1092.78,0.0,0.0,False,2010,0.0
2010-09-14,0.0,0.0,0,1090.58,1092.05,0.0,0.0,False,2010,0.0
2010-09-15,0.0,0.0,0,1088.63,1096.46,0.0,0.0,False,2010,0.0
2010-09-16,0.0,0.0,0,1092.54,1096.21,0.0,0.0,False,2010,0.0
2010-09-17,0.0,0.0,0,1101.59,1096.21,0.0,0.0,False,2010,0.0
2010-09-20,-0.8260000000000091,-0.2400000000000091,1,1099.88,1113.34,-0.0007509910172018848,-0.00021820562243154623,False,2010,-41.30000000000045
2010-09-21,0.0,0.0,0,1113.83,1110.89,0.0,0.0,False,2010,0.0
2010-09-22,0.0,0.0,0,1109.18,1105.75,0.0,0.0,False,2010,0.0
2010-09-23,0.0,0.0,0,1096.46,1096.21,0.0,0.0,False,2010,0.0
2010-09-24,-1.326000000000009,-0.740000000000009,1,1108.69,1118.96,-0.0011960060972859943,-0.0006674543831007847,False,2010,-66.30000000000045
2010-09-27,0.0,0.0,0,1119.45,1113.83,0.0,0.0,False,2010,0.0
2010-09-28,-2.056000000000027,-1.4700000000000273,1,1115.29,1118.23,-0.0018434667216598618,-0.0013180428408754918,False,2010,-102.80000000000136
2010-09-29,0.0,0.0,0,1115.05,1115.05,0.0,0.0,False,2010,0.0
2010-09-30,0.0,0.0,0,1121.16,1112.11,0.0,0.0,False,2010,0.0
2010-10-01,0.0,0.0,0,1120.43,1116.76,0.0,0.0,False,2010,0.0
2010-10-04,0.0,0.0,0,1114.56,1108.44,0.0,0.0,False,2010,0.0
2010-10-05,0.0,0.0,0,1118.72,1131.19,0.0,0.0,False,2010,0.0
2010-10-06,0.0,0.0,0,1130.71,1130.71,0.0,0.0,False,2010,0.0
2010-10-07,0.0,0.0,0,1135.35,1129.24,0.0,0.0,False,2010,0.0
2010-10-08,0.0,0.0,0,1131.19,1135.84,0.0,0.0,False,2010,0.0
2010-10-11,0.0,0.0,0,1137.8,1137.07,0.0,0.0,False,2010,0.0
2010-10-12,0.0,0.0,0,1133.4,1140.74,0.0,0.0,False,2010,0.0
2010-10-13,0.0,0.0,0,1146.85,1149.05,0.0,0.0,False,2010,0.0
2010-10-14,0.0,0.0,0,1148.32,1145.38,0.0,0.0,False,2010,0.0
2010-10-15,0.0,0.0,0,1152.97,1147.34,0.0,0.0,False,2010,0.0
2010-10-18,0.0,0.0,0,1147.58,1155.41,0.0,0.0,False,2010,0.0
2010-10-19,0.0,0.0,0,1142.2,1137.55,0.0,0.0,False,2010,0.0
2010-10-20,0.6340000000000273,1.2200000000000273,1,1139.76,1149.05,0.0005562574577104192,0.0010704007861304374,False,2010,31.700000000001367
2010-10-21,0.0,0.0,0,1153.95,1151.25,0.0,0.0,False,2010,0.0
2010-10-22,0.0,0.0,0,1152.97,1153.95,0.0,0.0,False,2010,0.0
2010-10-25,0.0,0.0,0,1161.28,1156.88,0.0,0.0,False,2010,0.0
2010-10-26,0.0,0.0,0,1151.25,1156.88,0.0,0.0,False,2010,0.0
2010-10-27,0.0,0.0,0,1149.05,1153.46,0.0,0.0,False,2010,0.0
2010-10-28,0.0,0.0,0,1160.31,1154.43,0.0,0.0,False,2010,0.0
2010-10-29,0.0,0.0,0,1152.97,1154.92,0.0,0.0,False,2010,0.0
2010-11-01,0.0,0.0,0,1160.8,1155.66,0.0,0.0,False,2010,0.0
2010-11-02,0.0,0.0,0,1164.22,1164.46,0.0,0.0,False,2010,0.0
2010-11-03,0.0,0.0,0,1166.67,1169.36,0.0,0.0,False,2010,0.0
2010-11-04,0.0,0.0,0,1181.83,1191.62,0.0,0.0,False,2010,0.0
2010-11-05,0.0,0.0,0,1192.35,1196.27,0.0,0.0,False,2010,0.0
2010-11-08,0.0,0.0,0,1192.6,1194.31,0.0,0.0,False,2010,0.0
2010-11-09,0.0,0.0,0,1197.0,1185.01,0.0,0.0,False,2010,0.0
2010-11-10,-1.3159999999997907,-0.7299999999997907,1,1185.01,1189.66,-0.0011105391515681645,-0.0006160285567208638,False,2010,-65.79999999998954
2010-11-11,0.0,0.0,0,1179.88,1185.5,0.0,0.0,False,2010,0.0
2010-11-12,0.0,0.0,0,1177.43,1171.31,0.0,0.0,False,2010,0.0
2010-11-15,0.0,0.0,0,1175.23,1169.6,0.0,0.0,False,2010,0.0
2010-11-16,0.6340000000000273,1.2200000000000273,1,1162.51,1151.01,0.0005453716527169894,0.0010494533380358253,False,2010,31.700000000001367
2010-11-17,0.0,0.0,0,1151.74,1151.74,0.0,0.0,False,2010,0.0
2010-11-18,-3.5160000000000635,-2.9300000000000637,1,1163.0,1169.36,-0.0030232158211522474,-0.002519346517626882,False,2010,-175.80000000000317
2010-11-19,0.0,0.0,0,1168.38,1172.29,0.0,0.0,False,2010,0.0
2010-11-22,0.0,0.0,0,1166.42,1170.83,0.0,0.0,False,2010,0.0
2010-11-23,0.0,0.0,0,1157.37,1153.7,0.0,0.0,False,2010,0.0
2010-11-24,-0.09599999999999087,0.4900000000000091,1,1161.28,1171.07,-8.266740148800537e-05,0.00042194819509507535,False,2010,-4.799999999999543
2010-11-25,0.0,0.0,0,1169.85,1174.25,0.0,0.0,True,2010,0.0
2010-11-26,0.0,0.0,0,1161.04,1157.86,0.0,0.0,True,2010,0.0
2010-11-29,-0.8260000000000091,-0.2400000000000091,1,1154.43,1161.28,-0.0007155046213282824,-0.0002078948052285622,False,2010,-41.30000000000045
2010-11-30,0.0,0.0,0,1149.54,1154.19,0.0,0.0,False,2010,0.0
2010-12-01,-3.5260000000000544,-2.9400000000000546,1,1171.31,1179.39,-0.0030103047015734986,-0.0025100101595649784,False,2010,-176.3000000000027
2010-12-02,6.503999999999918,7.089999999999918,1,1181.1,1194.31,0.005506731013461958,0.006002878672423943,False,2010,325.1999999999959
2010-12-03,0.0,0.0,0,1190.4,1197.49,0.0,0.0,False,2010,0.0
2010-12-06,0.0,0.0,0,1195.04,1196.02,0.0,0.0,False,2010,0.0
2010-12-07,0.0,0.0,0,1208.01,1196.76,0.0,0.0,False,2010,0.0
2010-12-08,0.0,0.0,0,1198.47,1201.16,0.0,0.0,False,2010,0.0
2010-12-09,0.0,0.0,0,1208.01,1206.3,0.0,0.0,False,2010,0.0
2010-12-10,0.0,0.0,0,1209.72,1213.15,0.0,0.0,False,2010,0.0
2010-12-13,0.0,0.0,0,1218.53,1213.88,0.0,0.0,False,2010,0.0
2010-12-14,0.0,0.0,0,1215.6,1214.38,0.0,0.0,False,2010,0.0
2010-12-15,0.0,0.0,0,1212.41,1209.22,0.0,0.0,False,2010,0.0
2010-12-16,0.0,0.0,0,1210.2,1216.1,0.0,0.0,False,2010,0.0
2010-12-17,0.0,0.0,0,1215.6,1217.81,0.0,0.0,False,2010,0.0
2010-12-20,0.0,0.0,0,1221.01,1220.27,0.0,0.0,False,2010,0.0
2010-12-21,0.0,0.0,0,1224.2,1227.64,0.0,0.0,False,2010,0.0
2010-12-22,0.0,0.0,0,1229.36,1232.06,0.0,0.0,False,2010,0.0
2010-12-23,0.0,0.0,0,1230.58,1230.09,0.0,0.0,False,2010,0.0
2010-12-27,0.0,0.0,0,1225.43,1230.83,0.0,0.0,False,2010,0.0
2010-12-28,0.0,0.0,0,1233.04,1232.3,0.0,0.0,False,2010,0.0
2010-12-29,0.0,0.0,0,1234.02,1233.53,0.0,0.0,False,2010,0.0
2010-12-30,0.0,0.0,0,1232.3,1231.81,0.0,0.0,False,2010,0.0
2010-12-31,0.0,0.0,0,1229.11,1232.06,0.0,0.0,False,2010,0.0
2011-01-03,-3.6120000000000543,-2.4400000000000546,2,1240.9,1244.34,-0.0029107905552422063,-0.0019663147715368316,False,2011,-180.60000000000272
2011-01-04,0.0,0.0,0,1247.28,1243.11,0.0,0.0,False,2011,0.0
2011-01-05,0.0,0.0,0,1239.67,1250.23,0.0,0.0,False,2011,0.0
2011-01-06,0.0,0.0,0,1250.48,1247.77,0.0,0.0,False,2011,0.0
2011-01-07,0.0,0.0,0,1249.49,1245.07,0.0,0.0,False,2011,0.0
2011-01-10,0.0,0.0,0,1239.92,1243.85,0.0,0.0,False,2011,0.0
2011-01-11,0.0,0.0,0,1248.02,1248.27,0.0,0.0,False,2011,0.0
2011-01-12,0.0,0.0,0,1255.88,1259.56,0.0,0.0,False,2011,0.0
2011-01-13,0.0,0.0,0,1259.81,1257.35,0.0,0.0,False,2011,0.0
2011-01-14,0.0,0.0,0,1255.39,1266.19,0.0,0.0,False,2011,0.0
2011-01-17,0.0,0.0,0,1261.53,1262.51,0.0,0.0,True,2011,0.0
2011-01-18,0.0,0.0,0,1264.96,1268.89,0.0,0.0,False,2011,0.0
2011-01-19,5.064000000000091,5.650000000000091,1,1267.42,1256.12,0.003995518454813787,0.004457875053257871,False,2011,253.20000000000454
2011-01-20,-8.686000000000137,-8.100000000000136,1,1253.18,1254.65,-0.0069311671108700556,-0.006463556711725479,False,2011,-434.30000000000683
2011-01-21,0.0,0.0,0,1262.26,1257.6,0.0,0.0,False,2011,0.0
2011-01-24,0.0,0.0,0,1256.37,1264.72,0.0,0.0,False,2011,0.0
2011-01-25,0.0,0.0,0,1260.79,1264.72,0.0,0.0,False,2011,0.0
2011-01-26,0.0,0.0,0,1267.91,1270.12,0.0,0.0,False,2011,0.0
2011-01-27,0.0,0.0,0,1270.37,1273.31,0.0,0.0,False,2011,0.0
2011-01-28,15.124000000000036,15.710000000000036,1,1274.54,1250.48,0.011866241938267953,0.01232601566055207,False,2011,756.2000000000018
2011-01-31,0.0,0.0,0,1253.91,1260.05,0.0,0.0,False,2011,0.0
2011-02-01,8.014000000000136,8.600000000000136,1,1267.67,1280.44,0.006321834546845895,0.006784099962924212,False,2011,400.7000000000068
2011-02-02,0.0,0.0,0,1277.0,1277.49,0.0,0.0,False,2011,0.0
2011-02-03,0.0,0.0,0,1275.52,1280.68,0.0,0.0,False,2011,0.0
2011-02-04,0.0,0.0,0,1281.17,1284.12,0.0,0.0,False,2011,0.0
2011-02-07,-1.816000000000018,-1.2300000000000182,1,1287.31,1292.22,-0.001410693616922123,-0.0009554808088184029,False,2011,-90.8000000000009
2011-02-08,0.0,0.0,0,1293.7,1298.12,0.0,0.0,False,2011,0.0
2011-02-09,0.0,0.0,0,1294.43,1295.42,0.0,0.0,False,2011,0.0
2011-02-10,0.0,0.0,0,1288.29,1295.91,0.0,0.0,False,2011,0.0
2011-02-11,0.0,0.0,0,1290.5,1303.52,0.0,0.0,False,2011,0.0
2011-02-14,0.0,0.0,0,1302.54,1306.22,0.0,0.0,False,2011,0.0
2011-02-15,0.0,0.0,0,1302.29,1302.54,0.0,0.0,False,2011,0.0
2011-02-16,0.0,0.0,0,1306.71,1310.15,0.0,0.0,False,2011,0.0
2011-02-17,0.0,0.0,0,1306.71,1314.57,0.0,0.0,False,2011,0.0
2011-02-18,0.0,0.0,0,1315.8,1317.76,0.0,0.0,False,2011,0.0
2011-02-21,2.8540000000000547,3.4400000000000546,1,1314.82,1306.47,0.0021706393270562166,0.002616327710256959,True,2011,142.70000000000275
2011-02-22,0.0,0.0,0,1303.03,1290.75,0.0,0.0,False,2011,0.0
2011-02-23,0.0,0.0,0,1290.01,1283.14,0.0,0.0,False,2011,0.0
2011-02-24,0.0,0.0,0,1281.42,1281.91,0.0,0.0,False,2011,0.0
2011-02-25,-1.076000000000009,-0.490000000000009,1,1287.31,1295.66,-0.0008358515042996706,-0.0003806386961959505,False,2011,-53.800000000000445
2011-02-28,0.0,0.0,0,1300.33,1303.77,0.0,0.0,False,2011,0.0
2011-03-01,9.638000000000172,10.810000000000173,2,1307.94,1281.66,0.007368839549214927,0.008264905117971904,False,2011,481.9000000000086
2011-03-02,-3.5260000000000544,-2.9400000000000546,1,1279.94,1284.61,-0.002754816632029669,-0.0022969826710627487,False,2011,-176.3000000000027
2011-03-03,-2.306000000000027,-1.7200000000000273,1,1296.15,1306.71,-0.0017791150715580966,-0.0013270069050650211,False,2011,-115.30000000000136
2011-03-04,0.6439999999997909,1.2299999999997908,1,1305.73,1296.89,0.000493210694400673,0.0009420017921008101,False,2011,32.199999999989544
2011-03-07,1.6240000000000365,2.2100000000000364,1,1300.82,1286.58,0.0012484432896173465,0.0016989283682600487,False,2011,81.20000000000182
2011-03-08,3.1039999999998273,3.689999999999827,1,1288.54,1298.12,0.0024089279339406054,0.0028637062101291594,False,2011,155.19999999999138
2011-03-09,0.0,0.0,0,1295.17,1295.91,0.0,0.0,False,2011,0.0
2011-03-10,-2.152000000000018,-0.980000000000018,2,1282.4,1271.84,-0.0016781035558328273,-0.0007641921397380053,False,2011,-107.60000000000089
2011-03-11,0.0,0.0,0,1267.67,1280.68,0.0,0.0,False,2011,0.0
2011-03-14,-8.715999999999882,-8.129999999999882,1,1272.81,1273.79,-0.00684784060464632,-0.006387441959129707,False,2011,-435.7999999999941
2011-03-15,0.0,0.0,0,1239.03,1259.25,0.0,0.0,False,2011,0.0
2011-03-16,0.0,0.0,0,1254.56,1235.33,0.0,0.0,False,2011,0.0
2011-03-17,0.0,0.0,0,1253.08,1251.11,0.0,0.0,False,2011,0.0
2011-03-18,0.0,0.0,0,1266.89,1256.29,0.0,0.0,False,2011,0.0
2011-03-21,-0.34599999999999087,0.2400000000000091,1,1271.82,1275.27,-0.0002720510764101767,0.00018870594895504798,False,2011,-17.299999999999542
2011-03-22,0.0,0.0,0,1275.27,1271.33,0.0,0.0,False,2011,0.0
2011-03-23,0.0,0.0,0,1267.38,1274.53,0.0,0.0,False,2011,0.0
2011-03-24,0.0,0.0,0,1281.93,1286.86,0.0,0.0,False,2011,0.0
2011-03-25,0.0,0.0,0,1290.07,1290.31,0.0,0.0,False,2011,0.0
2011-03-28,0.0,0.0,0,1293.52,1287.6,0.0,0.0,False,2011,0.0
2011-03-29,0.0,0.0,0,1286.62,1296.23,0.0,0.0,False,2011,0.0
2011-03-30,0.0,0.0,0,1303.14,1305.35,0.0,0.0,False,2011,0.0
2011-03-31,0.0,0.0,0,1303.63,1303.63,0.0,0.0,False,2011,0.0
2011-04-01,0.0,0.0,0,1311.77,1309.05,0.0,0.0,False,2011,0.0
2011-04-04,0.0,0.0,0,1312.01,1310.29,0.0,0.0,False,2011,0.0
2011-04-05,0.0,0.0,0,1307.57,1309.55,0.0,0.0,False,2011,0.0
2011-04-06,0.0,0.0,0,1316.2,1313.74,0.0,0.0,False,2011,0.0
2011-04-07,0.0,0.0,0,1311.52,1310.78,0.0,0.0,False,2011,0.0
2011-04-08,0.0,0.0,0,1316.45,1305.6,0.0,0.0,False,2011,0.0
2011-04-11,0.0,0.0,0,1307.57,1301.9,0.0,0.0,False,2011,0.0
2011-04-12,-2.306000000000027,-1.7200000000000273,1,1295.0,1292.29,-0.0017806949806950018,-0.0013281853281853493,False,2011,-115.30000000000136
2011-04-13,0.0,0.0,0,1298.45,1292.04,0.0,0.0,False,2011,0.0
2011-04-14,0.0,0.0,0,1284.89,1293.27,0.0,0.0,False,2011,0.0
2011-04-15,0.0,0.0,0,1295.49,1298.2,0.0,0.0,False,2011,0.0
2011-04-18,-5.756000000000073,-5.170000000000073,1,1283.41,1283.16,-0.004484926874498463,-0.004028330775044664,False,2011,-287.80000000000365
2011-04-19,0.0,0.0,0,1285.38,1290.31,0.0,0.0,False,2011,0.0
2011-04-20,0.0,0.0,0,1306.09,1308.81,0.0,0.0,False,2011,0.0
2011-04-21,0.0,0.0,0,1314.97,1314.72,0.0,0.0,False,2011,0.0
2011-04-25,0.0,0.0,0,1313.74,1313.25,0.0,0.0,False,2011,0.0
2011-04-26,0.8940000000000182,1.4800000000000182,1,1317.68,1325.08,0.000678465181227626,0.001123186206059148,False,2011,44.70000000000091
2011-04-27,0.0,0.0,0,1327.79,1333.22,0.0,0.0,False,2011,0.0
2011-04-28,0.0,0.0,0,1331.49,1337.9,0.0,0.0,False,2011,0.0
2011-04-29,0.0,0.0,0,1338.4,1341.35,0.0,0.0,False,2011,0.0
2011-05-02,0.0,0.0,0,1347.03,1338.89,0.0,0.0,False,2011,0.0
2011-05-03,0.0,0.0,0,1336.18,1334.2,0.0,0.0,False,2011,0.0
2011-05-04,2.6140000000000456,3.2000000000000455,1,1333.71,1325.33,0.001959946315166,0.0023993221914809407,False,2011,130.7000000000023
2011-05-05,0.0,0.0,0,1317.68,1313.25,0.0,0.0,False,2011,0.0
2011-05-06,0.0,0.0,0,1326.07,1318.67,0.0,0.0,False,2011,0.0
2011-05-09,0.0,0.0,0,1318.67,1323.85,0.0,0.0,False,2011,0.0
2011-05-10,0.0,0.0,0,1328.29,1335.44,0.0,0.0,False,2011,0.0
2011-05-11,0.0,0.0,0,1333.22,1321.14,0.0,0.0,False,2011,0.0
2011-05-12,-3.2960000000000362,-2.7100000000000364,1,1317.44,1327.55,-0.002501821714840931,-0.002057019674520309,False,2011,-164.8000000000018
2011-05-13,2.8740000000000365,3.4600000000000364,1,1328.29,1316.94,0.0021636841352415787,0.0026048528559275736,False,2011,143.70000000000184
2011-05-16,0.0,0.0,0,1312.75,1309.05,0.0,0.0,False,2011,0.0
2011-05-17,0.0,0.0,0,1303.88,1308.81,0.0,0.0,False,2011,0.0
2011-05-18,0.0,0.0,0,1309.3,1320.4,0.0,0.0,False,2011,0.0
2011-05-19,0.0,0.0,0,1324.59,1323.35,0.0,0.0,False,2011,0.0
2011-05-20,0.6440000000000182,1.2300000000000182,1,1320.15,1313.0,0.00048782335340682363,0.0009317123054198524,False,2011,32.20000000000091
2011-05-23,0.0,0.0,0,1296.97,1297.46,0.0,0.0,False,2011,0.0
2011-05-24,0.0,0.0,0,1301.41,1296.48,0.0,0.0,False,2011,0.0
2011-05-25,0.0,0.0,0,1291.05,1300.42,0.0,0.0,False,2011,0.0
2011-05-26,0.0,0.0,0,1296.97,1306.59,0.0,0.0,False,2011,0.0
2011-05-27,0.0,0.0,0,1310.53,1311.77,0.0,0.0,False,2011,0.0
2011-05-30,0.0,0.0,0,1313.49,1312.26,0.0,0.0,True,2011,0.0
2011-05-31,0.0,0.0,0,1324.09,1325.57,0.0,0.0,False,2011,0.0
2011-06-01,17.414,18.0,1,1321.88,1295.25,0.013173661754470906,0.013616969770327109,False,2011,870.7
2011-06-02,0.0,0.0,0,1296.48,1293.77,0.0,0.0,False,2011,0.0
2011-06-03,0.0,0.0,0,1278.23,1281.19,0.0,0.0,False,2011,0.0
2011-06-06,0.0,0.0,0,1277.99,1267.63,0.0,0.0,False,2011,0.0
2011-06-07,0.0,0.0,0,1273.79,1266.4,0.0,0.0,False,2011,0.0
2011-06-08,0.0,0.0,0,1264.67,1261.22,0.0,0.0,False,2011,0.0
2011-06-09,-1.566000000000018,-0.9800000000000181,1,1264.67,1270.59,-0.0012382676903856483,-0.0007749057066270394,False,2011,-78.3000000000009
2011-06-10,7.064000000000091,7.650000000000091,1,1265.41,1252.34,0.005582380414253159,0.006045471428232818,False,2011,353.20000000000454
2011-06-13,0.0,0.0,0,1256.04,1254.07,0.0,0.0,False,2011,0.0
2011-06-14,0.0,0.0,0,1265.43,1269.88,0.0,0.0,False,2011,0.0
2011-06-15,0.0,0.0,0,1259.24,1246.86,0.0,0.0,False,2011,0.0
2011-06-16,-4.306000000000028,-3.7200000000000277,1,1247.6,1249.58,-0.003451426739339554,-0.0029817249118307375,False,2011,-215.30000000000138
2011-06-17,0.0,0.0,0,1262.21,1253.79,0.0,0.0,False,2011,0.0
2011-06-20,0.0,0.0,0,1249.34,1260.23,0.0,0.0,False,2011,0.0
2011-06-21,4.364000000000045,4.9500000000000455,1,1266.66,1277.06,0.0034452812909541984,0.00390791530481743,False,2011,218.20000000000226
2011-06-22,0.0,0.0,0,1273.35,1269.39,0.0,0.0,False,2011,0.0
2011-06-23,-0.586,0.0,1,1254.53,1265.92,-0.0004671072034945358,0.0,False,2011,-29.299999999999997
2011-06-24,10.0540000000001,10.6400000000001,1,1265.67,1250.82,0.00794361879478861,0.008406614678391761,False,2011,502.700000000005
2011-06-27,-3.056000000000027,-2.4700000000000273,1,1251.81,1262.21,-0.0024412650482102134,-0.00197314288909661,False,2011,-152.80000000000135
2011-06-28,-0.836,-0.25,1,1266.91,1279.04,-0.0006598732348785627,-0.0001973305128225367,False,2011,-41.8
2011-06-29,0.0,0.0,0,1284.73,1290.43,0.0,0.0,False,2011,0.0
2011-06-30,1.5580000000000183,2.730000000000018,2,1294.14,1302.31,0.001203888296474893,0.0021095090175715287,False,2011,77.90000000000092
2011-07-01,8.573999999999854,9.159999999999854,1,1302.56,1321.62,0.0065824223068417995,0.0070323056135608766,False,2011,428.6999999999927
2011-07-04,0.0,0.0,0,1319.39,1320.63,0.0,0.0,True,2011,0.0
2011-07-05,0.0,0.0,0,1319.88,1320.13,0.0,0.0,False,2011,0.0
2011-07-06,0.0,0.0,0,1317.16,1322.11,0.0,0.0,False,2011,0.0
2011-07-07,0.0,0.0,0,1333.75,1336.22,0.0,0.0,False,2011,0.0
2011-07-08,0.0,0.0,0,1320.63,1326.57,0.0,0.0,False,2011,0.0
2011-07-11,-4.546000000000037,-3.960000000000037,1,1309.98,1302.06,-0.0034702819890380285,-0.003022946915220108,False,2011,-227.30000000000183
2011-07-12,0.0,0.0,0,1299.09,1296.37,0.0,0.0,False,2011,0.0
2011-07-13,-9.506000000000073,-8.920000000000073,1,1303.55,1300.82,-0.007292393847570153,-0.006842852211269282,False,2011,-475.30000000000365
2011-07-14,-0.586,0.0,1,1304.04,1291.91,-0.00044937271862826293,0.0,False,2011,-29.299999999999997
2011-07-15,0.0,0.0,0,1299.09,1299.34,0.0,0.0,False,2011,0.0
2011-07-18,-2.316000000000018,-1.7300000000000182,1,1293.4,1288.2,-0.0017906293490026425,-0.0013375599195917876,False,2011,-115.8000000000009
2011-07-19,1.1440000000000183,1.7300000000000182,1,1295.63,1309.74,0.0008829681313338054,0.001335257751055485,False,2011,57.20000000000092
2011-07-20,0.0,0.0,0,1312.71,1308.5,0.0,0.0,False,2011,0.0
2011-07-21,5.843999999999836,6.429999999999836,1,1315.92,1327.06,0.004440999452854152,0.004886315277524345,False,2011,292.1999999999918
2011-07-22,-2.576000000000009,-1.990000000000009,1,1327.31,1327.81,-0.0019407674168054254,-0.001499272965622205,False,2011,-128.80000000000044
2011-07-25,0.0,0.0,0,1315.18,1320.63,0.0,0.0,False,2011,0.0
2011-07-26,-0.8260000000000091,-0.2400000000000091,1,1319.39,1315.43,-0.0006260468853030635,-0.0001819022427030742,False,2011,-41.30000000000045
2011-07-27,-0.09599999999999087,0.4900000000000091,1,1308.25,1288.45,-7.338047009362956e-05,0.0003745461494362768,False,2011,-4.799999999999543
2011-07-28,-14.455999999999891,-13.86999999999989,1,1288.2,1284.73,-0.011221859959633512,-0.010766961651917319,False,2011,-722.7999999999946
2011-07-29,0.0,0.0,0,1271.86,1275.57,0.0,0.0,False,2011,0.0
2011-08-01,-2.316000000000018,-1.7300000000000182,1,1290.43,1270.13,-0.001794750587013645,-0.0013406383918538921,False,2011,-115.8000000000009
2011-08-02,0.0,0.0,0,1260.72,1237.45,0.0,0.0,False,2011,0.0
2011-08-03,-1.326000000000009,-0.740000000000009,1,1239.43,1244.63,-0.0010698466230444712,-0.0005970486433279886,False,2011,-66.30000000000045
2011-08-04,35.79399999999988,36.37999999999988,1,1227.06,1184.98,0.029170537708017443,0.02964810196730387,False,2011,1789.6999999999941
2011-08-05,-24.44200000000021,-23.27000000000021,2,1200.32,1183.24,-0.02036290322580663,-0.01938649693415107,False,2011,-1222.1000000000106
2011-08-08,-6.5259999999998275,-5.939999999999827,1,1152.55,1106.01,-0.005662227235260794,-0.005153789423452195,False,2011,-326.29999999999137
2011-08-09,24.414,25.0,1,1124.33,1157.99,0.02171426538471801,0.022235464676740816,False,2011,1220.7
2011-08-10,19.223999999999947,19.809999999999945,1,1136.21,1105.76,0.01691940750389448,0.01743515723325789,False,2011,961.1999999999973
2011-08-11,25.90400000000001,26.49000000000001,1,1115.91,1156.51,0.02321334157772581,0.02373847353281179,False,2011,1295.2000000000005
2011-08-12,0.0,0.0,0,1167.15,1164.68,0.0,0.0,False,2011,0.0
2011-08-15,-0.33599999999999997,0.25,1,1174.83,1189.43,-0.00028599882536196723,0.00021279674506098756,False,2011,-16.799999999999997
2011-08-16,0.0,0.0,0,1177.55,1178.29,0.0,0.0,False,2011,0.0
2011-08-17,-6.776000000000055,-6.190000000000055,1,1184.98,1179.53,-0.005718239970294903,-0.0052237168559807375,False,2011,-338.80000000000274
2011-08-18,10.8040000000001,11.3900000000001,1,1148.09,1129.03,0.009410412075708438,0.009920825022428643,False,2011,540.2000000000049
2011-08-19,-8.506000000000073,-7.920000000000073,1,1112.94,1110.22,-0.007642819918414355,-0.00711628659226919,False,2011,-425.30000000000365
2011-08-22,0.0,0.0,0,1134.72,1110.96,0.0,0.0,False,2011,0.0
2011-08-23,17.637999999999945,18.809999999999945,2,1114.92,1147.6,0.015819969145768255,0.01687116564417173,False,2011,881.8999999999972
2011-08-24,-8.756000000000073,-8.170000000000073,1,1145.12,1163.93,-0.007646360206790619,-0.00713462344557782,False,2011,-437.80000000000365
2011-08-25,7.8340000000000725,8.420000000000073,1,1169.88,1146.36,0.006696413307347823,0.007197319383184662,False,2011,391.7000000000036
2011-08-26,0.0,0.0,0,1139.68,1162.45,0.0,0.0,False,2011,0.0
2011-08-29,0.40400000000000913,0.9900000000000091,1,1178.04,1196.11,0.00034294251468541744,0.0008403789345013829,False,2011,20.200000000000458
2011-08-30,0.0,0.0,0,1190.67,1198.84,0.0,0.0,False,2011,0.0
2011-08-31,-2.076000000000009,-1.490000000000009,1,1207.01,1205.27,-0.0017199526101689374,-0.0012344553897647983,False,2011,-103.80000000000045
2011-09-01,0.0,0.0,0,1205.52,1192.15,0.0,0.0,False,2011,0.0
2011-09-02,0.0,0.0,0,1167.15,1161.21,0.0,0.0,False,2011,0.0
2011-09-05,-4.546000000000037,-3.960000000000037,1,1141.16,1134.23,-0.003983665743629321,-0.003470153177468573,True,2011,-227.30000000000183
2011-09-06,0.0,0.0,0,1126.8,1153.04,0.0,0.0,False,2011,0.0
2011-09-07,0.0,0.0,0,1170.12,1185.22,0.0,0.0,False,2011,0.0
2011-09-08,0.0,0.0,0,1178.29,1173.09,0.0,0.0,False,2011,0.0
2011-09-09,7.083999999999845,7.669999999999845,1,1159.97,1141.66,0.006107054492788473,0.006612239971723273,False,2011,354.19999999999226
2011-09-12,0.0,0.0,0,1127.79,1150.07,0.0,0.0,False,2011,0.0
2011-09-13,0.0,0.0,0,1153.29,1160.47,0.0,0.0,False,2011,0.0
2011-09-14,0.0,0.0,0,1166.76,1176.72,0.0,0.0,False,2011,0.0
2011-09-15,0.0,0.0,0,1189.16,1197.37,0.0,0.0,False,2011,0.0
2011-09-16,0.0,0.0,0,1201.85,1204.34,0.0,0.0,False,2011,0.0
2011-09-19,-2.576000000000009,-1.990000000000009,1,1184.18,1192.4,-0.00217534496444798,-0.0016804877636845826,False,2011,-128.80000000000044
2011-09-20,-16.515999999999835,-15.929999999999835,1,1197.13,1191.4,-0.013796329554851881,-0.013306825490965754,False,2011,-825.7999999999918
2011-09-21,0.0,0.0,0,1191.65,1154.07,0.0,0.0,False,2011,0.0
2011-09-22,0.0,0.0,0,1121.47,1117.73,0.0,0.0,False,2011,0.0
2011-09-23,0.0,0.0,0,1109.77,1123.21,0.0,0.0,False,2011,0.0
2011-09-26,0.0,0.0,0,1135.15,1151.08,0.0,0.0,False,2011,0.0
2011-09-27,0.0,0.0,0,1174.48,1164.77,0.0,0.0,False,2011,0.0
2011-09-28,0.0,0.0,0,1166.76,1140.13,0.0,0.0,False,2011,0.0
2011-09-29,0.0,0.0,0,1159.3,1149.59,0.0,0.0,False,2011,0.0
2011-09-30,0.0,0.0,0,1133.66,1120.72,0.0,0.0,False,2011,0.0
2011-10-03,0.0,0.0,0,1113.5,1087.87,0.0,0.0,False,2011,0.0
2011-10-04,0.0,0.0,0,1072.68,1112.26,0.0,0.0,False,2011,0.0
2011-10-05,0.0,0.0,0,1114.99,1133.41,0.0,0.0,False,2011,0.0
2011-10-06,0.0,0.0,0,1132.17,1153.82,0.0,0.0,False,2011,0.0
2011-10-07,0.0,0.0,0,1160.54,1146.1,0.0,0.0,False,2011,0.0
2011-10-10,12.104000000000054,12.690000000000055,1,1165.77,1184.93,0.01038283709479576,0.010885509148459864,False,2011,605.2000000000027
2011-10-11,0.0,0.0,0,1177.96,1185.68,0.0,0.0,False,2011,0.0
2011-10-12,0.0,0.0,0,1195.38,1196.38,0.0,0.0,False,2011,0.0
2011-10-13,0.0,0.0,0,1189.16,1193.89,0.0,0.0,False,2011,0.0
2011-10-14,0.0,0.0,0,1208.08,1214.8,0.0,0.0,False,2011,0.0
2011-10-17,0.0,0.0,0,1209.07,1191.15,0.0,0.0,False,2011,0.0
2011-10-18,0.0,0.0,0,1190.16,1214.8,0.0,0.0,False,2011,0.0
2011-10-19,0.0,0.0,0,1212.81,1199.86,0.0,0.0,False,2011,0.0
2011-10-20,0.0,0.0,0,1203.35,1205.09,0.0,0.0,False,2011,0.0
2011-10-21,0.0,0.0,0,1220.02,1228.48,0.0,0.0,False,2011,0.0
2011-10-24,-0.33599999999999997,0.25,1,1230.48,1243.67,-0.00027306417007996877,0.00020317274559521488,False,2011,-16.799999999999997
2011-10-25,-4.3160000000000185,-3.7300000000000186,1,1237.69,1219.77,-0.003487141368193989,-0.0030136787079155674,False,2011,-215.80000000000092
2011-10-26,0.0,0.0,0,1232.47,1232.47,0.0,0.0,False,2011,0.0
2011-10-27,0.0,0.0,0,1265.32,1275.03,0.0,0.0,False,2011,0.0
2011-10-28,0.0,0.0,0,1269.3,1275.03,0.0,0.0,False,2011,0.0
2011-10-31,0.0,0.0,0,1260.84,1242.67,0.0,0.0,False,2011,0.0
2011-11-01,0.0,0.0,0,1209.32,1208.82,0.0,0.0,False,2011,0.0
2011-11-02,0.0,0.0,0,1227.24,1228.73,0.0,0.0,False,2011,0.0
2011-11-03,0.0,0.0,0,1241.68,1251.63,0.0,0.0,False,2011,0.0
2011-11-04,0.0,0.0,0,1241.18,1243.92,0.0,0.0,False,2011,0.0
2011-11-07,0.0,0.0,0,1242.92,1251.88,0.0,0.0,False,2011,0.0
2011-11-08,0.0,0.0,0,1258.1,1267.81,0.0,0.0,False,2011,0.0
2011-11-09,0.0,0.0,0,1237.94,1220.52,0.0,0.0,False,2011,0.0
2011-11-10,0.0,0.0,0,1236.95,1231.72,0.0,0.0,False,2011,0.0
2011-11-11,0.0,0.0,0,1247.15,1256.11,0.0,0.0,False,2011,0.0
2011-11-14,0.0,0.0,0,1250.64,1243.67,0.0,0.0,False,2011,0.0
2011-11-15,0.0,0.0,0,1240.68,1250.14,0.0,0.0,False,2011,0.0
2011-11-16,0.0,0.0,0,1237.2,1229.48,0.0,0.0,False,2011,0.0
2011-11-17,0.0,0.0,0,1226.99,1210.07,0.0,0.0,False,2011,0.0
2011-11-18,0.0,0.0,0,1213.8,1208.57,0.0,0.0,False,2011,0.0
2011-11-21,-2.576000000000009,-1.990000000000009,1,1190.65,1185.18,-0.0021635241254776877,-0.0016713559820266317,False,2011,-128.80000000000044
2011-11-22,0.0,0.0,0,1182.69,1180.45,0.0,0.0,False,2011,0.0
2011-11-23,1.4040000000000092,1.990000000000009,1,1169.5,1155.31,0.0012005130397605894,0.001701581872595134,False,2011,70.20000000000046
2011-11-24,0.0,0.0,0,1157.55,1154.07,0.0,0.0,True,2011,0.0
2011-11-25,0.0,0.0,0,1152.58,1148.34,0.0,0.0,True,2011,0.0
2011-11-28,0.0,0.0,0,1184.18,1185.93,0.0,0.0,False,2011,0.0
2011-11-29,0.0,0.0,0,1189.41,1189.16,0.0,0.0,False,2011,0.0
2011-11-30,0.0,0.0,0,1223.51,1239.93,0.0,0.0,False,2011,0.0
2011-12-01,0.0,0.0,0,1237.2,1238.69,0.0,0.0,False,2011,0.0
2011-12-02,0.0,0.0,0,1250.14,1237.2,0.0,0.0,False,2011,0.0
2011-12-05,0.0,0.0,0,1257.11,1250.88,0.0,0.0,False,2011,0.0
2011-12-06,0.0,0.0,0,1250.88,1251.88,0.0,0.0,False,2011,0.0
2011-12-07,0.0,0.0,0,1246.9,1255.12,0.0,0.0,False,2011,0.0
2011-12-08,0.0,0.0,0,1247.65,1228.48,0.0,0.0,False,2011,0.0
2011-12-09,1.1540000000000092,1.740000000000009,1,1233.71,1248.89,0.0009353900025127536,0.0014103800731128135,False,2011,57.700000000000465
2011-12-12,-2.1719999999999997,-0.9999999999999998,2,1238.44,1230.48,-0.00175381932108136,-0.0008074674590613997,False,2011,-108.59999999999998
2011-12-13,0.0,0.0,0,1236.95,1219.28,0.0,0.0,False,2011,0.0
2011-12-14,0.0,0.0,0,1214.25,1205.75,0.0,0.0,False,2011,0.0
2011-12-15,0.0,0.0,0,1218.75,1210.0,0.0,0.0,False,2011,0.0
2011-12-16,0.0,0.0,0,1218.25,1212.25,0.0,0.0,False,2011,0.0
2011-12-19,0.0,0.0,0,1216.25,1199.0,0.0,0.0,False,2011,0.0
2011-12-20,8.914,9.5,1,1217.5,1235.26,0.0073215605749486655,0.0078028747433264885,False,2011,445.7
2011-12-21,0.0,0.0,0,1235.51,1238.01,0.0,0.0,False,2011,0.0
2011-12-22,0.0,0.0,0,1242.51,1249.27,0.0,0.0,False,2011,0.0
2011-12-23,0.0,0.0,0,1253.27,1260.02,0.0,0.0,False,2011,0.0
2011-12-27,0.0,0.0,0,1258.02,1261.27,0.0,0.0,False,2011,0.0
2011-12-28,7.173999999999991,7.759999999999991,1,1261.27,1245.76,0.005687917733712838,0.006152528800336162,False,2011,358.69999999999953
2011-12-29,0.0,0.0,0,1248.52,1257.77,0.0,0.0,False,2011,0.0
2011-12-30,0.0,0.0,0,1256.52,1252.52,0.0,0.0,False,2011,0.0
2012-01-03,0.0,0.0,0,1274.03,1272.03,0.0,0.0,False,2012,0.0
2012-01-04,0.0,0.0,0,1268.27,1273.03,0.0,0.0,False,2012,0.0
2012-01-05,0.0,0.0,0,1266.02,1276.78,0.0,0.0,False,2012,0.0
2012-01-06,0.0,0.0,0,1278.03,1273.78,0.0,0.0,False,2012,0.0
2012-01-09,0.0,0.0,0,1276.03,1275.78,0.0,0.0,False,2012,0.0
2012-01-10,0.0,0.0,0,1290.03,1287.78,0.0,0.0,False,2012,0.0
2012-01-11,0.0,0.0,0,1283.28,1288.78,0.0,0.0,False,2012,0.0
2012-01-12,0.0,0.0,0,1292.03,1291.28,0.0,0.0,False,2012,0.0
2012-01-13,0.0,0.0,0,1282.28,1285.78,0.0,0.0,False,2012,0.0
2012-01-16,0.0,0.0,0,1287.78,1292.03,0.0,0.0,True,2012,0.0
2012-01-17,0.0,0.0,0,1297.04,1289.28,0.0,0.0,False,2012,0.0
2012-01-18,-0.836,-0.25,1,1289.53,1304.04,-0.0006482982171799027,-0.00019386908408489914,False,2012,-41.8
2012-01-19,0.0,0.0,0,1308.29,1311.04,0.0,0.0,False,2012,0.0
2012-01-20,0.0,0.0,0,1308.79,1311.54,0.0,0.0,False,2012,0.0
2012-01-23,0.0,0.0,0,1311.29,1312.29,0.0,0.0,False,2012,0.0
2012-01-24,0.0,0.0,0,1304.04,1310.79,0.0,0.0,False,2012,0.0
2012-01-25,0.0,0.0,0,1308.54,1322.05,0.0,0.0,False,2012,0.0
2012-01-26,0.0,0.0,0,1327.55,1315.04,0.0,0.0,False,2012,0.0
2012-01-27,0.0,0.0,0,1308.79,1313.29,0.0,0.0,False,2012,0.0
2012-01-30,0.0,0.0,0,1301.29,1309.54,0.0,0.0,False,2012,0.0
2012-01-31,0.0,0.0,0,1316.29,1308.54,0.0,0.0,False,2012,0.0
2012-02-01,0.0,0.0,0,1319.05,1320.8,0.0,0.0,False,2012,0.0
2012-02-02,0.0,0.0,0,1323.05,1322.8,0.0,0.0,False,2012,0.0
2012-02-03,0.0,0.0,0,1336.3,1341.8,0.0,0.0,False,2012,0.0
2012-02-06,0.0,0.0,0,1335.8,1340.55,0.0,0.0,False,2012,0.0
2012-02-07,0.0,0.0,0,1337.8,1343.81,0.0,0.0,False,2012,0.0
2012-02-08,0.0,0.0,0,1344.56,1347.56,0.0,0.0,False,2012,0.0
2012-02-09,0.0,0.0,0,1349.81,1349.31,0.0,0.0,False,2012,0.0
2012-02-10,0.0,0.0,0,1337.55,1339.8,0.0,0.0,False,2012,0.0
2012-02-13,0.0,0.0,0,1349.31,1349.31,0.0,0.0,False,2012,0.0
2012-02-14,0.0,0.0,0,1346.06,1348.06,0.0,0.0,False,2012,0.0
2012-02-15,0.0,0.0,0,1352.56,1341.55,0.0,0.0,False,2012,0.0
2012-02-16,0.0,0.0,0,1341.8,1356.31,0.0,0.0,False,2012,0.0
2012-02-17,0.0,0.0,0,1361.31,1359.81,0.0,0.0,False,2012,0.0
2012-02-20,0.0,0.0,0,1365.06,1367.07,0.0,0.0,True,2012,0.0
2012-02-21,0.0,0.0,0,1363.06,1360.56,0.0,0.0,False,2012,0.0
2012-02-22,0.0,0.0,0,1358.31,1356.06,0.0,0.0,False,2012,0.0
2012-02-23,0.0,0.0,0,1355.31,1362.31,0.0,0.0,False,2012,0.0
2012-02-24,0.0,0.0,0,1365.06,1364.81,0.0,0.0,False,2012,0.0
2012-02-27,0.0,0.0,0,1356.06,1367.07,0.0,0.0,False,2012,0.0
2012-02-28,0.0,0.0,0,1367.82,1371.57,0.0,0.0,False,2012,0.0
2012-02-29,0.0,0.0,0,1373.57,1364.56,0.0,0.0,False,2012,0.0
2012-03-01,0.0,0.0,0,1368.82,1373.07,0.0,0.0,False,2012,0.0
2012-03-02,0.0,0.0,0,1372.32,1369.07,0.0,0.0,False,2012,0.0
2012-03-05,0.0,0.0,0,1366.56,1363.56,0.0,0.0,False,2012,0.0
2012-03-06,0.0,0.0,0,1349.06,1342.55,0.0,0.0,False,2012,0.0
2012-03-07,0.0,0.0,0,1346.31,1352.81,0.0,0.0,False,2012,0.0
2012-03-08,0.0,0.0,0,1360.81,1366.06,0.0,0.0,False,2012,0.0
2012-03-09,0.0,0.0,0,1368.57,1371.57,0.0,0.0,False,2012,0.0
2012-03-12,0.0,0.0,0,1371.07,1371.57,0.0,0.0,False,2012,0.0
2012-03-13,0.0,0.0,0,1378.82,1396.33,0.0,0.0,False,2012,0.0
2012-03-14,0.0,0.0,0,1396.58,1394.82,0.0,0.0,False,2012,0.0
2012-03-15,0.0,0.0,0,1396.83,1402.35,0.0,0.0,False,2012,0.0
2012-03-16,0.0,0.0,0,1405.36,1404.61,0.0,0.0,False,2012,0.0
2012-03-19,0.0,0.0,0,1403.86,1409.88,0.0,0.0,False,2012,0.0
2012-03-20,0.0,0.0,0,1401.85,1405.61,0.0,0.0,False,2012,0.0
2012-03-21,0.0,0.0,0,1406.62,1403.35,0.0,0.0,False,2012,0.0
2012-03-22,0.0,0.0,0,1393.06,1392.81,0.0,0.0,False,2012,0.0
2012-03-23,0.0,0.0,0,1394.32,1398.08,0.0,0.0,False,2012,0.0
2012-03-26,0.0,0.0,0,1407.87,1417.42,0.0,0.0,False,2012,0.0
2012-03-27,0.0,0.0,0,1418.92,1413.15,0.0,0.0,False,2012,0.0
2012-03-28,0.0,0.0,0,1412.65,1406.62,0.0,0.0,False,2012,0.0
2012-03-29,0.0,0.0,0,1398.08,1403.61,0.0,0.0,False,2012,0.0
2012-03-30,0.0,0.0,0,1411.14,1408.88,0.0,0.0,False,2012,0.0
2012-04-02,1.4140000000000001,2.0,1,1407.87,1419.42,0.0010043540951934484,0.0014205857074871971,False,2012,70.7
2012-04-03,0.0,0.0,0,1418.17,1414.4,0.0,0.0,False,2012,0.0
2012-04-04,-5.355999999999982,-4.769999999999982,1,1403.1,1400.09,-0.0038172617774926824,-0.0033996151379089034,False,2012,-267.7999999999991
2012-04-05,0.0,0.0,0,1394.82,1398.84,0.0,0.0,False,2012,0.0
2012-04-09,0.0,0.0,0,1381.26,1383.27,0.0,0.0,False,2012,0.0
2012-04-10,0.0,0.0,0,1380.51,1359.41,0.0,0.0,False,2012,0.0
2012-04-11,0.0,0.0,0,1374.23,1370.21,0.0,0.0,False,2012,0.0
2012-04-12,9.703999999999963,10.289999999999964,1,1372.47,1389.54,0.007070464199581749,0.007497431637849981,False,2012,485.19999999999817
2012-04-13,7.693999999999972,8.279999999999973,1,1386.03,1371.97,0.005551106397408406,0.005973896668903251,False,2012,384.6999999999986
2012-04-16,0.0,0.0,0,1379.5,1370.96,0.0,0.0,False,2012,0.0
2012-04-17,4.1839999999999815,4.769999999999982,1,1379.5,1391.8,0.0030329829648423207,0.003457774555998537,False,2012,209.19999999999908
2012-04-18,0.0,0.0,0,1385.78,1387.28,0.0,0.0,False,2012,0.0
2012-04-19,0.0,0.0,0,1387.28,1378.5,0.0,0.0,False,2012,0.0
2012-04-20,0.0,0.0,0,1384.27,1380.25,0.0,0.0,False,2012,0.0
2012-04-23,0.0,0.0,0,1365.94,1368.7,0.0,0.0,False,2012,0.0
2012-04-24,-0.836,-0.25,1,1369.71,1374.23,-0.000610348175891247,-0.0001825203875272868,False,2012,-41.8
2012-04-25,-2.5959999999999908,-2.009999999999991,1,1387.28,1392.81,-0.0018712876996712926,-0.001448878380716215,False,2012,-129.79999999999953
2012-04-26,0.0,0.0,0,1389.8,1402.35,0.0,0.0,False,2012,0.0
2012-04-27,0.0,0.0,0,1406.87,1405.36,0.0,0.0,False,2012,0.0
2012-04-30,-2.0959999999999908,-1.509999999999991,1,1402.35,1399.09,-0.00149463400720219,-0.0010767640032802019,False,2012,-104.79999999999954
2012-05-01,-4.345999999999991,-3.7599999999999913,1,1398.84,1408.63,-0.003106859969689165,-0.0026879414371908093,False,2012,-217.29999999999956
2012-05-02,0.0,0.0,0,1400.09,1404.11,0.0,0.0,False,2012,0.0
2012-05-03,-4.095999999999991,-3.5099999999999913,1,1404.36,1393.81,-0.0029166310632601266,-0.0024993591386823833,False,2012,-204.79999999999956
2012-05-04,10.213999999999954,10.799999999999955,1,1385.78,1370.46,0.007370578302472221,0.00779344484694537,False,2012,510.6999999999977
2012-05-07,0.0,0.0,0,1365.94,1371.47,0.0,0.0,False,2012,0.0
2012-05-08,-9.375999999999964,-8.789999999999964,1,1363.18,1365.94,-0.00687803518244103,-0.006448157983538464,False,2012,-468.7999999999982
2012-05-09,-6.8660000000002,-6.2800000000002,1,1351.63,1357.66,-0.005079792546777003,-0.004646241944911107,False,2012,-343.30000000001
2012-05-10,0.0,0.0,0,1367.2,1360.42,0.0,0.0,False,2012,0.0
2012-05-11,-12.135999999999955,-11.549999999999955,1,1352.13,1355.9,-0.008975468335145256,-0.008542078054624891,False,2012,-606.7999999999978
2012-05-14,0.0,0.0,0,1343.34,1341.84,0.0,0.0,False,2012,0.0
2012-05-15,-4.105999999999982,-3.5199999999999823,1,1340.58,1333.55,-0.0030628533918154698,-0.0026257291620044925,False,2012,-205.2999999999991
2012-05-16,-0.836,-0.25,1,1339.83,1328.78,-0.000623959756088459,-0.00018659083615085498,False,2012,-41.8
2012-05-17,12.637999999999945,13.809999999999945,2,1328.78,1308.44,0.009510979996688651,0.010392992067911878,False,2012,631.8999999999972
2012-05-18,0.0,0.0,0,1313.71,1298.15,0.0,0.0,False,2012,0.0
2012-05-21,10.213999999999954,10.799999999999955,1,1301.66,1319.74,0.007846903185163524,0.008297097552356187,False,2012,510.6999999999977
2012-05-22,-8.615999999999973,-8.029999999999973,1,1323.01,1320.75,-0.006512422430669438,-0.006069493049939133,False,2012,-430.79999999999865
2012-05-23,-15.645999999999946,-15.059999999999945,1,1312.71,1322.75,-0.011918854887979786,-0.011472450122266109,False,2012,-782.2999999999973
2012-05-24,0.0,0.0,0,1326.27,1325.01,0.0,0.0,False,2012,0.0
2012-05-25,0.0,0.0,0,1325.01,1321.5,0.0,0.0,False,2012,0.0
2012-05-28,0.0,0.0,0,1327.02,1327.27,0.0,0.0,True,2012,0.0
2012-05-29,-1.3359999999999999,-0.7499999999999999,1,1331.79,1337.32,-0.0010031611590415905,-0.0005631518482643659,False,2012,-66.8
2012-05-30,-3.6919999999999815,-2.519999999999982,2,1325.77,1317.98,-0.0027847967596189246,-0.0019007821869554914,False,2012,-184.59999999999908
2012-05-31,-6.605999999999982,-6.019999999999982,1,1316.98,1315.47,-0.005016021503743399,-0.004571064101201219,False,2012,-330.2999999999991
2012-06-01,0.0,0.0,0,1293.88,1281.58,0.0,0.0,False,2012,0.0
2012-06-04,0.0,0.0,0,1283.33,1281.32,0.0,0.0,False,2012,0.0
2012-06-05,-4.095999999999991,-3.5099999999999913,1,1277.81,1289.86,-0.0032054843834372804,-0.002746887252408411,False,2012,-204.79999999999956
2012-06-06,13.473999999999945,14.059999999999945,1,1299.4,1320.24,0.010369401262120936,0.010820378636293631,False,2012,673.6999999999972
2012-06-07,0.0,0.0,0,1334.56,1320.24,0.0,0.0,False,2012,0.0
2012-06-08,0.0,0.0,0,1316.98,1330.79,0.0,0.0,False,2012,0.0
2012-06-11,0.0,0.0,0,1341.59,1314.72,0.0,0.0,False,2012,0.0
2012-06-12,0.0,0.0,0,1317.98,1329.28,0.0,0.0,False,2012,0.0
2012-06-13,0.0,0.0,0,1325.27,1320.75,0.0,0.0,False,2012,0.0
2012-06-14,4.377999999999955,5.5499999999999545,2,1323.49,1335.35,0.003307920724750436,0.004193458205199853,False,2012,218.89999999999773
2012-06-15,0.0,0.0,0,1340.9,1348.22,0.0,0.0,False,2012,0.0
2012-06-18,0.0,0.0,0,1342.92,1351.25,0.0,0.0,False,2012,0.0
2012-06-19,-0.07599999999978169,0.5100000000002183,1,1358.07,1364.38,-5.596176927535524e-05,0.0003755329254016496,False,2012,-3.799999999989084
2012-06-20,0.0,0.0,0,1364.38,1362.36,0.0,0.0,False,2012,0.0
2012-06-21,16.48800000000008,17.660000000000082,2,1363.87,1331.57,0.012089128729277778,0.012948448165880973,False,2012,824.4000000000041
2012-06-22,0.0,0.0,0,1338.13,1341.66,0.0,0.0,False,2012,0.0
2012-06-25,3.2039999999999638,3.7899999999999636,1,1327.28,1319.45,0.002413959375565038,0.0028554638056777497,False,2012,160.1999999999982
2012-06-26,0.0,0.0,0,1323.49,1326.27,0.0,0.0,False,2012,0.0
2012-06-27,-1.5959999999999908,-1.009999999999991,1,1330.56,1338.38,-0.0011994949494949427,-0.0007590788840788773,False,2012,-79.79999999999954
2012-06-28,-3.3559999999999817,-2.769999999999982,1,1329.55,1334.59,-0.0025241623105561896,-0.0020834116806438133,False,2012,-167.79999999999907
2012-06-29,0.0,0.0,0,1359.08,1369.68,0.0,0.0,False,2012,0.0
2012-07-02,0.0,0.0,0,1372.2,1371.69,0.0,0.0,False,2012,0.0
2012-07-03,-0.586,0.0,1,1371.95,1381.79,-0.0004271292685593498,0.0,True,2012,-29.299999999999997
2012-07-04,0.0,0.0,0,1378.26,1381.03,0.0,0.0,True,2012,0.0
2012-07-05,0.0,0.0,0,1376.49,1375.48,0.0,0.0,False,2012,0.0
2012-07-06,0.0,0.0,0,1361.6,1362.1,0.0,0.0,False,2012,0.0
2012-07-09,0.0,0.0,0,1360.59,1360.08,0.0,0.0,False,2012,0.0
2012-07-10,0.0,0.0,0,1366.9,1348.22,0.0,0.0,False,2012,0.0
2012-07-11,0.0,0.0,0,1348.73,1348.73,0.0,0.0,False,2012,0.0
2012-07-12,0.6739999999999909,1.259999999999991,1,1340.4,1342.42,0.0005028349746344307,0.0009400179051029475,False,2012,33.69999999999955
2012-07-13,7.993999999999927,8.579999999999927,1,1344.94,1363.87,0.005943759572917697,0.006379466742010741,False,2012,399.69999999999635
2012-07-16,-3.6059999999999817,-3.019999999999982,1,1361.09,1361.09,-0.002649347214364944,-0.002218809924398814,False,2012,-180.29999999999907
2012-07-17,0.0,0.0,0,1366.39,1370.94,0.0,0.0,False,2012,0.0
2012-07-18,-1.4319999999999908,-0.2599999999999909,2,1367.15,1380.78,-0.0010474344439161693,-0.00019017664484510908,False,2012,-71.59999999999954
2012-07-19,0.0,0.0,0,1383.56,1384.31,0.0,0.0,False,2012,0.0
2012-07-20,0.0,0.0,0,1376.49,1371.69,0.0,0.0,False,2012,0.0
2012-07-23,-0.586,0.0,1,1351.25,1357.81,-0.00043367252543940793,0.0,False,2012,-29.299999999999997
2012-07-24,1.9439999999999729,2.5299999999999727,1,1358.32,1346.2,0.0014311796925613794,0.0018625949702573568,False,2012,97.19999999999864
2012-07-25,0.0,0.0,0,1348.73,1345.95,0.0,0.0,False,2012,0.0
2012-07-26,0.0,0.0,0,1365.64,1367.91,0.0,0.0,False,2012,0.0
2012-07-27,0.0,0.0,0,1375.98,1394.16,0.0,0.0,False,2012,0.0
2012-07-30,0.0,0.0,0,1392.39,1394.16,0.0,0.0,False,2012,0.0
2012-07-31,0.0,0.0,0,1392.39,1386.84,0.0,0.0,False,2012,0.0
2012-08-01,0.0,0.0,0,1394.16,1383.3,0.0,0.0,False,2012,0.0
2012-08-02,0.0,0.0,0,1372.45,1373.21,0.0,0.0,False,2012,0.0
2012-08-03,1.433999999999982,2.019999999999982,1,1392.64,1400.47,0.0010296989889705753,0.0014504825367646927,False,2012,71.6999999999991
2012-08-06,0.0,0.0,0,1404.5,1403.49,0.0,0.0,False,2012,0.0
2012-08-07,0.0,0.0,0,1409.05,1410.31,0.0,0.0,False,2012,0.0
2012-08-08,0.0,0.0,0,1405.77,1412.08,0.0,0.0,False,2012,0.0
2012-08-09,0.0,0.0,0,1409.8,1413.08,0.0,0.0,False,2012,0.0
2012-08-10,0.0,0.0,0,1407.78,1415.86,0.0,0.0,False,2012,0.0
2012-08-13,0.0,0.0,0,1413.08,1415.1,0.0,0.0,False,2012,0.0
2012-08-14,0.0,0.0,0,1420.15,1414.6,0.0,0.0,False,2012,0.0
2012-08-15,0.0,0.0,0,1413.59,1416.37,0.0,0.0,False,2012,0.0
2012-08-16,0.0,0.0,0,1418.64,1427.22,0.0,0.0,False,2012,0.0
2012-08-17,0.0,0.0,0,1429.74,1428.98,0.0,0.0,False,2012,0.0
2012-08-20,0.0,0.0,0,1426.71,1428.98,0.0,0.0,False,2012,0.0
2012-08-21,0.0,0.0,0,1432.52,1424.95,0.0,0.0,False,2012,0.0
2012-08-22,0.0,0.0,0,1421.16,1425.2,0.0,0.0,False,2012,0.0
2012-08-23,-1.0960000000002181,-0.5100000000002182,1,1421.67,1414.09,-0.000770924335464783,-0.00035873303931307414,False,2012,-54.800000000010904
2012-08-24,0.0,0.0,0,1409.8,1422.17,0.0,0.0,False,2012,0.0
2012-08-27,0.0,0.0,0,1425.96,1422.17,0.0,0.0,False,2012,0.0
2012-08-28,0.0,0.0,0,1418.64,1421.16,0.0,0.0,False,2012,0.0
2012-08-29,0.0,0.0,0,1422.17,1421.92,0.0,0.0,False,2012,0.0
2012-08-30,0.0,0.0,0,1415.61,1411.57,0.0,0.0,False,2012,0.0
2012-08-31,0.0,0.0,0,1419.9,1418.38,0.0,0.0,False,2012,0.0
2012-09-03,0.0,0.0,0,1419.9,1421.92,0.0,0.0,True,2012,0.0
2012-09-04,-2.3459999999999908,-1.759999999999991,1,1417.12,1416.37,-0.0016554702495201472,-0.0012419555154115326,False,2012,-117.29999999999954
2012-09-05,0.0,0.0,0,1417.63,1415.86,0.0,0.0,False,2012,0.0
2012-09-06,11.774000000000127,12.360000000000127,1,1424.44,1444.63,0.008265704417174558,0.008677094156300108,False,2012,588.7000000000063
2012-09-07,0.0,0.0,0,1447.16,1450.69,0.0,0.0,False,2012,0.0
2012-09-10,0.0,0.0,0,1449.18,1442.36,0.0,0.0,False,2012,0.0
2012-09-11,0.0,0.0,0,1443.12,1445.89,0.0,0.0,False,2012,0.0
2012-09-12,0.0,0.0,0,1450.94,1450.44,0.0,0.0,False,2012,0.0
2012-09-13,0.0,0.0,0,1450.94,1474.16,0.0,0.0,False,2012,0.0
2012-09-14,0.6839999999999818,1.2699999999999818,1,1476.19,1479.48,0.0004633549881790161,0.0008603228581686515,False,2012,34.19999999999909
2012-09-17,0.0,0.0,0,1476.95,1475.17,0.0,0.0,False,2012,0.0
2012-09-18,0.0,0.0,0,1472.64,1473.9,0.0,0.0,False,2012,0.0
2012-09-19,0.0,0.0,0,1475.93,1474.92,0.0,0.0,False,2012,0.0
2012-09-20,0.0,0.0,0,1468.33,1474.66,0.0,0.0,False,2012,0.0
2012-09-21,0.0,0.0,0,1482.02,1473.65,0.0,0.0,False,2012,0.0
2012-09-24,0.0,0.0,0,1466.55,1471.37,0.0,0.0,False,2012,0.0
2012-09-25,0.0,0.0,0,1474.66,1456.41,0.0,0.0,False,2012,0.0
2012-09-26,-2.6159999999999726,-2.0299999999999727,1,1455.65,1448.04,-0.001797135300381254,-0.0013945660014426356,False,2012,-130.79999999999862
2012-09-27,0.0,0.0,0,1453.87,1461.73,0.0,0.0,False,2012,0.0
2012-09-28,0.17399999999999094,0.7599999999999909,1,1455.9,1453.87,0.00011951370286420147,0.0005220138745792918,False,2012,8.699999999999546
2012-10-01,-12.245999999999855,-11.659999999999854,1,1459.96,1457.68,-0.008387901038384514,-0.007986520178634932,False,2012,-612.2999999999928
2012-10-02,0.0,0.0,0,1463.76,1459.45,0.0,0.0,False,2012,0.0
2012-10-03,0.0,0.0,0,1463.76,1465.79,0.0,0.0,False,2012,0.0
2012-10-04,0.0,0.0,0,1471.12,1476.95,0.0,0.0,False,2012,0.0
2012-10-05,0.0,0.0,0,1484.3,1476.44,0.0,0.0,False,2012,0.0
2012-10-08,0.0,0.0,0,1470.86,1471.37,0.0,0.0,False,2012,0.0
2012-10-09,3.9739999999999456,4.559999999999945,1,1470.35,1456.92,0.0027027578467711403,0.0031013024109905435,False,2012,198.6999999999973
2012-10-10,0.0,0.0,0,1456.66,1447.79,0.0,0.0,False,2012,0.0
2012-10-11,0.0,0.0,0,1457.42,1448.55,0.0,0.0,False,2012,0.0
2012-10-12,0.0,0.0,0,1449.31,1443.22,0.0,0.0,False,2012,0.0
2012-10-15,0.0,0.0,0,1446.77,1455.39,0.0,0.0,False,2012,0.0
2012-10-16,0.9339999999999818,1.5199999999999818,1,1462.24,1470.61,0.0006387460334828631,0.001039501039501027,False,2012,46.69999999999909
2012-10-17,0.0,0.0,0,1471.12,1476.95,0.0,0.0,False,2012,0.0
2012-10-18,0.0,0.0,0,1473.4,1473.65,0.0,0.0,False,2012,0.0
2012-10-19,16.90400000000001,17.49000000000001,1,1470.61,1447.79,0.011494549880661774,0.011893023983245056,False,2012,845.2000000000005
2012-10-22,0.0,0.0,0,1446.01,1448.55,0.0,0.0,False,2012,0.0
2012-10-23,-1.3459999999999908,-0.7599999999999908,1,1432.32,1427.76,-0.0009397341376228711,-0.0005306076854334163,False,2012,-67.29999999999954
2012-10-24,0.0,0.0,0,1433.08,1423.95,0.0,0.0,False,2012,0.0
2012-10-25,0.0,0.0,0,1434.35,1428.01,0.0,0.0,False,2012,0.0
2012-10-26,0.0,0.0,0,1426.74,1426.74,0.0,0.0,False,2012,0.0
2012-10-31,0.0,0.0,0,1432.58,1425.98,0.0,0.0,False,2012,0.0
2012-11-01,6.514000000000136,7.100000000000136,1,1430.04,1442.72,0.004555117339375218,0.004964896086822841,False,2012,325.7000000000068
2012-11-02,0.0,0.0,0,1451.08,1429.28,0.0,0.0,False,2012,0.0
2012-11-05,0.0,0.0,0,1427.0,1432.83,0.0,0.0,False,2012,0.0
2012-11-06,0.0,0.0,0,1436.89,1443.22,0.0,0.0,False,2012,0.0
2012-11-07,13.354000000000054,13.940000000000055,1,1430.29,1410.52,0.009336568108565434,0.009746275230897269,False,2012,667.7000000000027
2012-11-08,-5.9159999999999275,-5.329999999999927,1,1410.01,1393.27,-0.00419571492400758,-0.003780115034645093,False,2012,-295.7999999999964
2012-11-09,-5.395999999999946,-4.809999999999945,1,1389.22,1394.8,-0.0038841940081484182,-0.0034623745699024957,False,2012,-269.7999999999973
2012-11-12,0.0,0.0,0,1399.11,1395.81,0.0,0.0,False,2012,0.0
2012-11-13,-13.006000000000073,-12.420000000000073,1,1388.46,1391.25,-0.009367212595249466,-0.008945162266107826,False,2012,-650.3000000000037
2012-11-14,-3.6259999999999635,-3.0399999999999636,1,1395.3,1371.98,-0.002598724288683411,-0.002178742922668934,False,2012,-181.29999999999816
2012-11-15,0.0,0.0,0,1372.48,1369.44,0.0,0.0,False,2012,0.0
2012-11-16,-17.066000000000017,-16.480000000000018,1,1371.47,1376.29,-0.012443582433447335,-0.012016303674159855,False,2012,-853.3000000000009
2012-11-19,3.138000000000173,4.310000000000173,2,1391.5,1403.92,0.002255120373697573,0.0030973769313691504,False,2012,156.90000000000865
2012-11-20,0.0,0.0,0,1402.15,1405.19,0.0,0.0,False,2012,0.0
2012-11-21,0.0,0.0,0,1405.95,1408.23,0.0,0.0,False,2012,0.0
2012-11-22,0.0,0.0,0,1410.26,1411.28,0.0,0.0,True,2012,0.0
2012-11-23,-1.0959999999999908,-0.5099999999999908,1,1414.57,1424.71,-0.0007747937535788195,-0.00036053358971276843,True,2012,-54.799999999999535
2012-11-26,0.0,0.0,0,1419.64,1424.21,0.0,0.0,False,2012,0.0
2012-11-27,0.0,0.0,0,1422.18,1417.11,0.0,0.0,False,2012,0.0
2012-11-28,0.0,0.0,0,1410.26,1428.01,0.0,0.0,False,2012,0.0
2012-11-29,-3.376000000000191,-2.790000000000191,1,1433.08,1434.86,-0.0023557652050131125,-0.0019468557233372813,False,2012,-168.80000000000953
2012-11-30,0.0,0.0,0,1434.86,1433.84,0.0,0.0,False,2012,0.0
2012-12-03,0.0,0.0,0,1441.7,1427.76,0.0,0.0,False,2012,0.0
2012-12-04,0.0,0.0,0,1427.5,1425.22,0.0,0.0,False,2012,0.0
2012-12-05,0.0,0.0,0,1426.74,1427.76,0.0,0.0,False,2012,0.0
2012-12-06,0.0,0.0,0,1426.49,1432.58,0.0,0.0,False,2012,0.0
2012-12-07,0.0,0.0,0,1438.66,1437.14,0.0,0.0,False,2012,0.0
2012-12-10,0.0,0.0,0,1435.11,1437.9,0.0,0.0,False,2012,0.0
2012-12-11,-4.471999999999954,-3.2999999999999545,2,1443.98,1447.53,-0.0030969958032659416,-0.0022853502126067913,False,2012,-223.59999999999772
2012-12-12,0.0,0.0,0,1453.62,1448.3,0.0,0.0,False,2012,0.0
2012-12-13,0.0,0.0,0,1447.79,1440.18,0.0,0.0,False,2012,0.0
2012-12-14,0.0,0.0,0,1436.61,1434.31,0.0,0.0,False,2012,0.0
2012-12-17,-2.8859999999999544,-2.2999999999999545,1,1438.39,1452.14,-0.002006409944451751,-0.001599010004240821,False,2012,-144.2999999999977
2012-12-18,7.0540000000001,7.6400000000001,1,1454.18,1468.69,0.004850843774498411,0.005253820022280666,False,2012,352.700000000005
2012-12-19,0.0,0.0,0,1470.73,1458.25,0.0,0.0,False,2012,0.0
2012-12-20,0.0,0.0,0,1459.02,1465.64,0.0,0.0,False,2012,0.0
2012-12-21,0.0,0.0,0,1445.26,1451.89,0.0,0.0,False,2012,0.0
2012-12-24,0.0,0.0,0,1448.07,1445.52,0.0,0.0,True,2012,0.0
2012-12-26,0.0,0.0,0,1450.36,1441.44,0.0,0.0,False,2012,0.0
2012-12-27,-8.736000000000091,-8.150000000000091,1,1441.95,1439.41,-0.006058462498699741,-0.005652068379624876,False,2012,-436.80000000000456
2012-12-28,0.0,0.0,0,1429.47,1422.09,0.0,0.0,False,2012,0.0
2012-12-31,-0.8459999999999909,-0.2599999999999909,1,1419.29,1448.07,-0.0005960726842294322,-0.00018319018664261067,False,2012,-42.29999999999954
2013-01-02,0.0,0.0,0,1475.32,1484.74,0.0,0.0,False,2013,0.0
2013-01-03,0.0,0.0,0,1483.72,1481.68,0.0,0.0,False,2013,0.0
2013-01-04,0.0,0.0,0,1483.72,1488.05,0.0,0.0,False,2013,0.0
2013-01-07,0.0,0.0,0,1482.19,1483.46,0.0,0.0,False,2013,0.0
2013-01-08,0.0,0.0,0,1480.66,1478.88,0.0,0.0,False,2013,0.0
2013-01-09,0.0,0.0,0,1482.19,1482.96,0.0,0.0,False,2013,0.0
2013-01-10,0.0,0.0,0,1490.85,1494.42,0.0,0.0,False,2013,0.0
2013-01-11,0.0,0.0,0,1494.16,1494.92,0.0,0.0,False,2013,0.0
2013-01-14,0.0,0.0,0,1492.63,1493.4,0.0,0.0,False,2013,0.0
2013-01-15,0.0,0.0,0,1486.52,1493.65,0.0,0.0,False,2013,0.0
2013-01-16,0.0,0.0,0,1491.36,1494.16,0.0,0.0,False,2013,0.0
2013-01-17,0.0,0.0,0,1501.04,1503.33,0.0,0.0,False,2013,0.0
2013-01-18,0.0,0.0,0,1503.84,1507.15,0.0,0.0,False,2013,0.0
2013-01-21,0.0,0.0,0,1507.4,1511.22,0.0,0.0,True,2013,0.0
2013-01-22,0.0,0.0,0,1507.15,1514.79,0.0,0.0,False,2013,0.0
2013-01-23,0.0,0.0,0,1515.3,1517.59,0.0,0.0,False,2013,0.0
2013-01-24,-7.032000000000127,-5.860000000000127,2,1515.3,1518.1,-0.004640665214809033,-0.003867221012340875,False,2013,-351.60000000000633
2013-01-25,0.0,0.0,0,1523.19,1526.25,0.0,0.0,False,2013,0.0
2013-01-28,0.0,0.0,0,1527.01,1524.47,0.0,0.0,False,2013,0.0
2013-01-29,0.0,0.0,0,1521.92,1531.09,0.0,0.0,False,2013,0.0
2013-01-30,0.0,0.0,0,1530.83,1525.23,0.0,0.0,False,2013,0.0
2013-01-31,0.0,0.0,0,1523.19,1522.43,0.0,0.0,False,2013,0.0
2013-02-01,0.0,0.0,0,1530.83,1536.44,0.0,0.0,False,2013,0.0
2013-02-04,0.0,0.0,0,1527.01,1519.37,0.0,0.0,False,2013,0.0
2013-02-05,0.0,0.0,0,1527.78,1534.91,0.0,0.0,False,2013,0.0
2013-02-06,0.0,0.0,0,1529.31,1535.93,0.0,0.0,False,2013,0.0
2013-02-07,-7.466000000000109,-6.880000000000109,1,1536.18,1533.89,-0.004860107539481121,-0.004478641825827774,False,2013,-373.30000000000547
2013-02-08,-1.5959999999999908,-1.009999999999991,1,1536.18,1542.04,-0.001038940749130955,-0.0006574750354776073,False,2013,-79.79999999999954
2013-02-11,0.0,0.0,0,1541.78,1541.78,0.0,0.0,False,2013,0.0
2013-02-12,0.0,0.0,0,1542.04,1544.33,0.0,0.0,False,2013,0.0
2013-02-13,0.0,0.0,0,1547.64,1545.86,0.0,0.0,False,2013,0.0
2013-02-14,0.0,0.0,0,1541.02,1547.39,0.0,0.0,False,2013,0.0
2013-02-15,0.0,0.0,0,1548.66,1545.86,0.0,0.0,False,2013,0.0
2013-02-18,0.0,0.0,0,1545.86,1546.62,0.0,0.0,True,2013,0.0
2013-02-19,-1.6059999999999817,-1.0199999999999818,1,1547.9,1556.81,-0.0010375347244653927,-0.0006589572969829975,False,2013,-80.29999999999909
2013-02-20,0.0,0.0,0,1556.05,1537.2,0.0,0.0,False,2013,0.0
2013-02-21,-3.8959999999999453,-3.3099999999999454,1,1533.64,1527.78,-0.002540361492918772,-0.0021582639993740025,False,2013,-194.79999999999725
2013-02-22,0.0,0.0,0,1535.67,1542.55,0.0,0.0,False,2013,0.0
2013-02-25,0.0,0.0,0,1550.7,1513.52,0.0,0.0,False,2013,0.0
2013-02-26,0.0,0.0,0,1521.16,1523.7,0.0,0.0,False,2013,0.0
2013-02-27,11.124000000000036,11.710000000000036,1,1522.43,1543.31,0.007306739882950307,0.007691650847658044,False,2013,556.2000000000018
2013-02-28,0.0,0.0,0,1543.31,1540.0,0.0,0.0,False,2013,0.0
2013-03-01,0.0,0.0,0,1534.91,1545.35,0.0,0.0,False,2013,0.0
2013-03-04,0.0,0.0,0,1541.53,1552.48,0.0,0.0,False,2013,0.0
2013-03-05,-0.33599999999999997,0.25,1,1560.89,1567.25,-0.00021526180576465987,0.00016016503405108623,False,2013,-16.799999999999997
2013-03-06,0.0,0.0,0,1572.85,1569.54,0.0,0.0,False,2013,0.0
2013-03-07,0.0,0.0,0,1571.58,1572.6,0.0,0.0,False,2013,0.0
2013-03-08,0.0,0.0,0,1578.97,1578.71,0.0,0.0,False,2013,0.0
2013-03-11,0.0,0.0,0,1577.69,1584.57,0.0,0.0,False,2013,0.0
2013-03-12,0.0,0.0,0,1583.55,1581.51,0.0,0.0,False,2013,0.0
2013-03-13,0.0,0.0,0,1582.02,1583.55,0.0,0.0,False,2013,0.0
2013-03-14,0.0,0.0,0,1587.64,1591.73,0.0,0.0,False,2013,0.0
2013-03-15,-2.3759999999999635,-1.7899999999999636,1,1589.68,1589.68,-0.0014946404307784984,-0.0011260127824467589,False,2013,-118.79999999999818
2013-03-18,0.0,0.0,0,1574.09,1580.48,0.0,0.0,False,2013,0.0
2013-03-19,0.0,0.0,0,1584.06,1577.15,0.0,0.0,False,2013,0.0
2013-03-20,0.0,0.0,0,1586.36,1587.64,0.0,0.0,False,2013,0.0
2013-03-21,0.0,0.0,0,1578.69,1574.09,0.0,0.0,False,2013,0.0
2013-03-22,-2.1159999999999726,-1.5299999999999727,1,1579.2,1586.1,-0.0013399189463019075,-0.0009688449848024143,False,2013,-105.79999999999863
2013-03-25,0.0,0.0,0,1591.21,1580.73,0.0,0.0,False,2013,0.0
2013-03-26,0.0,0.0,0,1587.12,1593.0,0.0,0.0,False,2013,0.0
2013-03-27,0.0,0.0,0,1583.54,1592.49,0.0,0.0,False,2013,0.0
2013-03-28,0.0,0.0,0,1591.73,1597.09,0.0,0.0,False,2013,0.0
2013-04-01,-2.8859999999999544,-2.2999999999999545,1,1596.84,1591.73,-0.0018073194559254243,-0.001440344680744442,False,2013,-144.2999999999977
2013-04-02,0.0,0.0,0,1597.35,1599.4,0.0,0.0,False,2013,0.0
2013-04-03,10.414,11.0,1,1600.42,1583.54,0.006507041901500856,0.006873195786106147,False,2013,520.6999999999999
2013-04-04,-5.9560000000001185,-5.370000000000118,1,1585.33,1589.68,-0.0037569465032517638,-0.0033873073744899286,False,2013,-297.8000000000059
2013-04-05,0.0,0.0,0,1570.0,1582.52,0.0,0.0,False,2013,0.0
2013-04-08,0.0,0.0,0,1583.29,1593.0,0.0,0.0,False,2013,0.0
2013-04-09,0.0,0.0,0,1596.33,1598.63,0.0,0.0,False,2013,0.0
2013-04-10,9.894000000000018,10.480000000000018,1,1602.97,1618.31,0.0061722926817095874,0.006537864089783351,False,2013,494.7000000000009
2013-04-11,-3.1459999999999453,-2.5599999999999454,1,1618.83,1623.94,-0.00194337886004086,-0.0015813890278781253,False,2013,-157.29999999999725
2013-04-12,0.0,0.0,0,1618.57,1619.59,0.0,0.0,False,2013,0.0
2013-04-15,0.0,0.0,0,1611.41,1581.76,0.0,0.0,False,2013,0.0
2013-04-16,0.0,0.0,0,1593.77,1605.28,0.0,0.0,False,2013,0.0
2013-04-17,8.874000000000036,9.460000000000036,1,1593.77,1580.73,0.005567930127935672,0.0059356117884011095,False,2013,443.7000000000018
2013-04-18,-4.1659999999999275,-3.5799999999999277,1,1584.31,1571.53,-0.0026295358862848356,-0.0022596587789005486,False,2013,-208.29999999999637
2013-04-19,1.4539999999999638,2.0399999999999636,1,1574.85,1584.31,0.0009232625329396221,0.0012953614629964529,False,2013,72.69999999999818
2013-04-22,0.0,0.0,0,1588.4,1592.24,0.0,0.0,False,2013,0.0
2013-04-23,1.9739999999999456,2.5599999999999454,1,1600.16,1609.37,0.0012336266373362322,0.001599840015998366,False,2013,98.69999999999727
2013-04-24,0.0,0.0,0,1609.62,1609.88,0.0,0.0,False,2013,0.0
2013-04-25,-0.32600000000000906,0.2599999999999909,1,1614.48,1616.78,-0.00020192260046579026,0.00016104256478865697,False,2013,-16.300000000000452
2013-04-26,0.0,0.0,0,1614.48,1613.71,0.0,0.0,False,2013,0.0
2013-04-29,0.0,0.0,0,1618.06,1624.71,0.0,0.0,False,2013,0.0
2013-04-30,-3.9060000000001636,-3.3200000000001637,1,1623.94,1628.29,-0.00240526127812614,-0.0020444105077774815,False,2013,-195.30000000000817
2013-05-01,0.0,0.0,0,1624.71,1613.97,0.0,0.0,False,2013,0.0
2013-05-02,-1.1819999999999908,-0.009999999999990905,2,1617.8,1628.54,-0.0007306218321176851,-6.181233774255721e-06,False,2013,-59.09999999999954
2013-05-03,-2.3759999999999635,-1.7899999999999636,1,1642.86,1645.41,-0.0014462583543332747,-0.0010895633224985474,False,2013,-118.79999999999818
2013-05-06,0.0,0.0,0,1646.44,1649.76,0.0,0.0,False,2013,0.0
2013-05-07,0.0,0.0,0,1653.08,1657.94,0.0,0.0,False,2013,0.0
2013-05-08,0.0,0.0,0,1656.15,1665.61,0.0,0.0,False,2013,0.0
2013-05-09,0.0,0.0,0,1664.84,1661.01,0.0,0.0,False,2013,0.0
2013-05-10,0.0,0.0,0,1662.03,1666.63,0.0,0.0,False,2013,0.0
2013-05-13,0.0,0.0,0,1664.08,1667.4,0.0,0.0,False,2013,0.0
2013-05-14,9.894000000000018,10.480000000000018,1,1668.68,1685.04,0.005929237481122814,0.006280413260780987,False,2013,494.7000000000009
2013-05-15,0.0,0.0,0,1682.23,1693.48,0.0,0.0,False,2013,0.0
2013-05-16,0.0,0.0,0,1690.41,1685.55,0.0,0.0,False,2013,0.0
2013-05-17,0.0,0.0,0,1692.2,1702.43,0.0,0.0,False,2013,0.0
2013-05-20,0.0,0.0,0,1700.38,1701.91,0.0,0.0,False,2013,0.0
2013-05-21,0.0,0.0,0,1703.45,1704.73,0.0,0.0,False,2013,0.0
2013-05-22,-37.98199999999994,-36.809999999999945,2,1706.26,1690.92,-0.022260382356733405,-0.02157349993553148,False,2013,-1899.0999999999972
2013-05-23,0.0,0.0,0,1673.54,1686.58,0.0,0.0,False,2013,0.0
2013-05-24,0.0,0.0,0,1676.6,1685.04,0.0,0.0,False,2013,0.0
2013-05-27,0.0,0.0,0,1686.58,1689.9,0.0,0.0,True,2013,0.0
2013-05-28,-2.6259999999999635,-2.0399999999999636,1,1703.19,1695.52,-0.0015418127161385185,-0.0011977524527504058,False,2013,-131.29999999999816
2013-05-29,-3.1360000000001818,-2.550000000000182,1,1686.32,1684.53,-0.0018596707623702393,-0.0015121685089426575,False,2013,-156.80000000000908
2013-05-30,-2.9619999999999633,-1.7899999999999634,2,1685.3,1690.41,-0.001757550584465652,-0.0010621254376075259,False,2013,-148.09999999999818
2013-05-31,0.0,0.0,0,1685.55,1665.87,0.0,0.0,False,2013,0.0
2013-06-03,0.0,0.0,0,1669.7,1675.33,0.0,0.0,False,2013,0.0
2013-06-04,-0.33599999999999997,0.25,1,1675.84,1666.38,-0.00020049646744319265,0.000149178919228566,False,2013,-16.799999999999997
2013-06-05,11.174000000000218,11.760000000000218,1,1662.03,1643.37,0.006723103674422374,0.007075684554430557,False,2013,558.7000000000108
2013-06-06,-3.655999999999936,-3.0699999999999363,1,1642.6,1657.94,-0.002225739680993508,-0.0018689881894557022,False,2013,-182.7999999999968
2013-06-07,1.2039999999999638,1.7899999999999636,1,1669.96,1679.67,0.000720975352703037,0.001071881961244559,False,2013,60.19999999999819
2013-06-10,0.0,0.0,0,1684.53,1679.16,0.0,0.0,False,2013,0.0
2013-06-11,0.0,0.0,0,1663.82,1662.29,0.0,0.0,False,2013,0.0
2013-06-12,0.0,0.0,0,1673.54,1648.23,0.0,0.0,False,2013,0.0
2013-06-13,0.0,0.0,0,1647.2,1673.54,0.0,0.0,False,2013,0.0
2013-06-14,0.0,0.0,0,1671.76,1662.78,0.0,0.0,False,2013,0.0
2013-06-17,0.9539999999999637,1.5399999999999636,1,1674.32,1675.86,0.0005697835539203759,0.0009197763868316473,False,2013,47.699999999998184
2013-06-18,3.5140000000001366,4.100000000000136,1,1676.89,1689.2,0.002095545921318713,0.002445002355551131,False,2013,175.70000000000684
2013-06-19,0.0,0.0,0,1687.66,1665.6,0.0,0.0,False,2013,0.0
2013-06-20,16.854000000000056,17.440000000000055,1,1648.92,1622.5,0.010221235717924493,0.01057661984814306,False,2013,842.7000000000028
2013-06-21,0.0,0.0,0,1634.04,1628.4,0.0,0.0,False,2013,0.0
2013-06-24,-6.485999999999864,-5.899999999999864,1,1611.21,1607.36,-0.004025546018209833,-0.003661844204045322,False,2013,-324.2999999999932
2013-06-25,0.0,0.0,0,1622.5,1623.52,0.0,0.0,False,2013,0.0
2013-06-26,0.0,0.0,0,1636.86,1639.17,0.0,0.0,False,2013,0.0
2013-06-27,0.0,0.0,0,1649.43,1649.18,0.0,0.0,False,2013,0.0
2013-06-28,-4.6959999999999,-4.1099999999999,1,1643.79,1639.43,-0.002856812609883197,-0.0025003193838628412,False,2013,-234.799999999995
2013-07-01,-5.975999999999873,-5.389999999999873,1,1650.46,1651.23,-0.0036208087442288046,-0.003265756213419212,False,2013,-298.79999999999364
2013-07-02,1.214000000000182,1.800000000000182,1,1648.66,1649.18,0.0007363555857485363,0.0010917957614063431,False,2013,60.700000000009105
2013-07-03,0.0,0.0,0,1641.99,1652.26,0.0,0.0,True,2013,0.0
2013-07-04,0.0,0.0,0,1664.06,1666.37,0.0,0.0,True,2013,0.0
2013-07-05,-3.925999999999918,-3.339999999999918,1,1662.26,1667.91,-0.0023618447174328433,-0.0020093126225740367,False,2013,-196.2999999999959
2013-07-08,0.0,0.0,0,1676.89,1677.14,0.0,0.0,False,2013,0.0
2013-07-09,0.0,0.0,0,1688.43,1689.46,0.0,0.0,False,2013,0.0
2013-07-10,0.0,0.0,0,1688.43,1690.23,0.0,0.0,False,2013,0.0
2013-07-11,0.0,0.0,0,1710.5,1713.57,0.0,0.0,False,2013,0.0
2013-07-12,0.0,0.0,0,1713.57,1716.4,0.0,0.0,False,2013,0.0
2013-07-15,0.0,0.0,0,1719.22,1721.27,0.0,0.0,False,2013,0.0
2013-07-16,0.0,0.0,0,1722.55,1714.86,0.0,0.0,False,2013,0.0
2013-07-17,0.0,0.0,0,1721.53,1719.22,0.0,0.0,False,2013,0.0
2013-07-18,-0.586,0.0,1,1722.81,1728.97,-0.0003401419773509557,0.0,False,2013,-29.299999999999997
2013-07-19,0.0,0.0,0,1724.86,1731.79,0.0,0.0,False,2013,0.0
2013-07-22,0.0,0.0,0,1733.84,1734.87,0.0,0.0,False,2013,0.0
2013-07-23,0.0,0.0,0,1737.95,1732.3,0.0,0.0,False,2013,0.0
2013-07-24,0.0,0.0,0,1738.2,1725.12,0.0,0.0,False,2013,0.0
2013-07-25,0.0,0.0,0,1721.78,1729.48,0.0,0.0,False,2013,0.0
2013-07-26,0.0,0.0,0,1722.04,1731.28,0.0,0.0,False,2013,0.0
2013-07-29,0.0,0.0,0,1726.4,1725.38,0.0,0.0,False,2013,0.0
2013-07-30,0.0,0.0,0,1730.76,1725.38,0.0,0.0,False,2013,0.0
2013-07-31,-3.6660000000001545,-3.0800000000001546,1,1729.48,1725.89,-0.002119712283461014,-0.0017808821148554215,False,2013,-183.3000000000077
2013-08-01,0.0,0.0,0,1740.0,1746.41,0.0,0.0,False,2013,0.0
2013-08-02,0.0,0.0,0,1742.57,1749.24,0.0,0.0,False,2013,0.0
2013-08-05,0.0,0.0,0,1745.64,1747.18,0.0,0.0,False,2013,0.0
2013-08-06,-3.6660000000001545,-3.0800000000001546,1,1743.34,1737.43,-0.0021028600273039996,-0.0017667236454163586,False,2013,-183.3000000000077
2013-08-07,0.0,0.0,0,1731.53,1731.79,0.0,0.0,False,2013,0.0
2013-08-08,0.0,0.0,0,1739.74,1737.43,0.0,0.0,False,2013,0.0
2013-08-09,0.0,0.0,0,1735.38,1732.82,0.0,0.0,False,2013,0.0
2013-08-12,0.0,0.0,0,1723.84,1730.51,0.0,0.0,False,2013,0.0
2013-08-13,0.0,0.0,0,1733.59,1735.64,0.0,0.0,False,2013,0.0
2013-08-14,0.0,0.0,0,1734.87,1726.66,0.0,0.0,False,2013,0.0
2013-08-15,-2.6360000000001818,-2.050000000000182,1,1712.8,1701.77,-0.001539000467071568,-0.0011968706212051505,False,2013,-131.80000000000908
2013-08-16,0.0,0.0,0,1699.21,1696.9,0.0,0.0,False,2013,0.0
2013-08-19,0.0,0.0,0,1694.59,1685.35,0.0,0.0,False,2013,0.0
2013-08-20,0.0,0.0,0,1688.43,1693.82,0.0,0.0,False,2013,0.0
2013-08-21,0.0,0.0,0,1688.94,1683.56,0.0,0.0,False,2013,0.0
2013-08-22,0.18399999999998184,0.7699999999999818,1,1686.89,1697.92,0.00010907646615960842,0.00045646129860274335,False,2013,9.199999999999092
2013-08-23,0.0,0.0,0,1703.57,1704.08,0.0,0.0,False,2013,0.0
2013-08-26,0.0,0.0,0,1705.88,1697.67,0.0,0.0,False,2013,0.0
2013-08-27,0.0,0.0,0,1680.99,1670.47,0.0,0.0,False,2013,0.0
2013-08-28,-1.106000000000209,-0.5200000000002091,1,1669.7,1676.37,-0.0006623944421154753,-0.00031143319159142904,False,2013,-55.30000000001045
2013-08-29,-7.515999999999837,-6.929999999999836,1,1672.27,1678.68,-0.004494489526212775,-0.004144067644578828,False,2013,-375.7999999999918
2013-08-30,0.0,0.0,0,1682.27,1672.52,0.0,0.0,False,2013,0.0
2013-09-02,0.0,0.0,0,1690.23,1690.74,0.0,0.0,True,2013,0.0
2013-09-03,-0.32600000000000906,0.2599999999999909,1,1689.71,1680.99,-0.00019293251504696608,0.00015387255801290806,False,2013,-16.300000000000452
2013-09-04,8.644000000000018,9.230000000000018,1,1681.25,1695.1,0.005141412639405215,0.005489962825278821,False,2013,432.2000000000009
2013-09-05,-1.1059999999999817,-0.5199999999999817,1,1696.13,1696.64,-0.0006520726595249076,-0.0003065802739176724,False,2013,-55.29999999999908
2013-09-06,-3.415999999999927,-2.8299999999999272,1,1702.8,1697.41,-0.0020061075875028936,-0.001661968522433596,False,2013,-170.79999999999634
2013-09-09,-3.9260000000001454,-3.3400000000001455,1,1702.03,1714.34,-0.0023066573444652243,-0.0019623625905537184,False,2013,-196.30000000000726
2013-09-10,0.0,0.0,0,1724.61,1727.43,0.0,0.0,False,2013,0.0
2013-09-11,0.0,0.0,0,1724.86,1732.82,0.0,0.0,False,2013,0.0
2013-09-12,0.0,0.0,0,1732.3,1727.94,0.0,0.0,False,2013,0.0
2013-09-13,0.0,0.0,0,1729.99,1732.3,0.0,0.0,False,2013,0.0
2013-09-16,0.0,0.0,0,1740.5,1731.54,0.0,0.0,False,2013,0.0
2013-09-17,0.0,0.0,0,1733.07,1739.22,0.0,0.0,False,2013,0.0
2013-09-18,0.0,0.0,0,1738.71,1760.21,0.0,0.0,False,2013,0.0
2013-09-19,0.0,0.0,0,1764.57,1756.89,0.0,0.0,False,2013,0.0
2013-09-20,0.0,0.0,0,1760.47,1743.83,0.0,0.0,False,2013,0.0
2013-09-23,-3.6560000000001636,-3.0700000000001637,1,1741.52,1735.89,-0.0020993155404475192,-0.0017628278745005304,False,2013,-182.80000000000817
2013-09-24,0.0,0.0,0,1735.64,1732.05,0.0,0.0,False,2013,0.0
2013-09-25,0.0,0.0,0,1733.07,1727.44,0.0,0.0,False,2013,0.0
2013-09-26,-0.33599999999999997,0.25,1,1729.75,1732.82,-0.00019424772365948836,0.00014452955629426219,False,2013,-16.799999999999997
2013-09-27,0.0,0.0,0,1724.37,1725.39,0.0,0.0,False,2013,0.0
2013-09-30,0.0,0.0,0,1710.29,1716.18,0.0,0.0,False,2013,0.0
2013-10-01,4.534000000000118,5.120000000000118,1,1716.94,1728.98,0.0026407445804746336,0.0029820494600860357,False,2013,226.7000000000059
2013-10-02,0.0,0.0,0,1718.99,1727.44,0.0,0.0,False,2013,0.0
2013-10-03,1.2039999999999638,1.7899999999999636,1,1723.6,1712.08,0.0006985379438384567,0.0010385240194940612,False,2013,60.19999999999819
2013-10-04,0.0,0.0,0,1712.85,1724.63,0.0,0.0,False,2013,0.0
2013-10-07,0.0,0.0,0,1709.26,1709.52,0.0,0.0,False,2013,0.0
2013-10-08,0.0,0.0,0,1709.26,1689.29,0.0,0.0,False,2013,0.0
2013-10-09,0.0,0.0,0,1692.62,1690.32,0.0,0.0,False,2013,0.0
2013-10-10,-0.33599999999999997,0.25,1,1707.73,1727.44,-0.00019675241402329404,0.00014639316519590332,False,2013,-16.799999999999997
2013-10-11,0.0,0.0,0,1724.88,1738.45,0.0,0.0,False,2013,0.0
2013-10-14,0.0,0.0,0,1727.7,1745.88,0.0,0.0,False,2013,0.0
2013-10-15,0.0,0.0,0,1741.01,1732.56,0.0,0.0,False,2013,0.0
2013-10-16,3.7640000000001366,4.350000000000136,1,1743.32,1757.4,0.002159098731156722,0.0024952389693229794,False,2013,188.20000000000684
2013-10-17,0.0,0.0,0,1750.23,1768.92,0.0,0.0,False,2013,0.0
2013-10-18,0.0,0.0,0,1775.32,1780.7,0.0,0.0,False,2013,0.0
2013-10-21,0.0,0.0,0,1781.21,1780.95,0.0,0.0,False,2013,0.0
2013-10-22,-4.166000000000155,-3.580000000000155,1,1786.07,1791.45,-0.002332495366922996,-0.0020044007233759905,False,2013,-208.30000000000774
2013-10-23,-0.586,0.0,1,1785.31,1783.26,-0.000328234312248293,0.0,False,2013,-29.299999999999997
2013-10-24,0.0,0.0,0,1786.33,1788.89,0.0,0.0,False,2013,0.0
2013-10-25,0.0,0.0,0,1792.47,1797.08,0.0,0.0,False,2013,0.0
2013-10-28,0.0,0.0,0,1796.31,1799.9,0.0,0.0,False,2013,0.0
2013-10-29,0.0,0.0,0,1804.0,1810.14,0.0,0.0,False,2013,0.0
2013-10-30,0.0,0.0,0,1811.93,1801.18,0.0,0.0,False,2013,0.0
2013-10-31,0.0,0.0,0,1799.13,1794.52,0.0,0.0,False,2013,0.0
2013-11-01,0.0,0.0,0,1797.85,1798.36,0.0,0.0,False,2013,0.0
2013-11-04,0.0,0.0,0,1804.51,1805.53,0.0,0.0,False,2013,0.0
2013-11-05,0.0,0.0,0,1798.62,1800.15,0.0,0.0,False,2013,0.0
2013-11-06,0.0,0.0,0,1808.09,1809.12,0.0,0.0,False,2013,0.0
2013-11-07,13.234000000000163,13.820000000000164,1,1812.7,1786.33,0.007300711645611609,0.007623986318751125,False,2013,661.7000000000081
2013-11-08,12.724000000000173,13.310000000000173,1,1785.31,1809.88,0.0071270535649271965,0.00745528787717549,False,2013,636.2000000000086
2013-11-11,0.0,0.0,0,1808.86,1810.65,0.0,0.0,False,2013,0.0
2013-11-12,0.0,0.0,0,1806.81,1807.32,0.0,0.0,False,2013,0.0
2013-11-13,0.0,0.0,0,1797.85,1821.15,0.0,0.0,False,2013,0.0
2013-11-14,0.0,0.0,0,1823.2,1831.13,0.0,0.0,False,2013,0.0
2013-11-15,0.0,0.0,0,1833.7,1838.56,0.0,0.0,False,2013,0.0
2013-11-18,0.0,0.0,0,1841.38,1832.67,0.0,0.0,False,2013,0.0
2013-11-19,0.0,0.0,0,1831.39,1828.57,0.0,0.0,False,2013,0.0
2013-11-20,0.0,0.0,0,1832.16,1822.17,0.0,0.0,False,2013,0.0
2013-11-21,0.0,0.0,0,1827.81,1836.77,0.0,0.0,False,2013,0.0
2013-11-22,0.0,0.0,0,1838.05,1846.24,0.0,0.0,False,2013,0.0
2013-11-25,0.0,0.0,0,1849.83,1844.96,0.0,0.0,False,2013,0.0
2013-11-26,0.0,0.0,0,1845.73,1845.47,0.0,0.0,False,2013,0.0
2013-11-27,0.0,0.0,0,1847.26,1849.57,0.0,0.0,False,2013,0.0
2013-11-28,0.0,0.0,0,1852.64,1852.13,0.0,0.0,True,2013,0.0
2013-11-29,0.0,0.0,0,1851.87,1847.78,0.0,0.0,True,2013,0.0
2013-12-02,0.0,0.0,0,1849.06,1843.17,0.0,0.0,False,2013,0.0
2013-12-03,0.0,0.0,0,1837.28,1836.77,0.0,0.0,False,2013,0.0
2013-12-04,0.0,0.0,0,1828.32,1834.72,0.0,0.0,False,2013,0.0
2013-12-05,0.0,0.0,0,1831.9,1827.55,0.0,0.0,False,2013,0.0
2013-12-06,0.0,0.0,0,1844.7,1847.52,0.0,0.0,False,2013,0.0
2013-12-09,0.0,0.0,0,1853.41,1852.13,0.0,0.0,False,2013,0.0
2013-12-10,0.0,0.0,0,1848.03,1845.98,0.0,0.0,False,2013,0.0
2013-12-11,15.803999999999872,16.389999999999873,1,1846.24,1824.22,0.008560100528641928,0.008877502383222047,False,2013,790.1999999999936
2013-12-12,0.0,0.0,0,1823.45,1818.85,0.0,0.0,False,2013,0.0
2013-12-13,0.0,0.0,0,1822.17,1817.82,0.0,0.0,False,2013,0.0
2013-12-16,-2.3759999999999635,-1.7899999999999636,1,1825.27,1827.84,-0.001301725224213384,-0.0009806768313728729,False,2013,-118.79999999999818
2013-12-17,-1.8759999999999635,-1.2899999999999636,1,1829.38,1821.68,-0.0010254840437743736,-0.0007051569384162741,False,2013,-93.79999999999818
2013-12-18,0.0,0.0,0,1825.01,1853.51,0.0,0.0,False,2013,0.0
2013-12-19,0.0,0.0,0,1848.12,1851.46,0.0,0.0,False,2013,0.0
2013-12-20,-0.15200000000001812,1.0199999999999818,2,1853.0,1861.98,-8.202914193201194e-05,0.0005504587155963205,False,2013,-7.600000000000906
2013-12-23,0.0,0.0,0,1870.97,1871.48,0.0,0.0,False,2013,0.0
2013-12-24,0.0,0.0,0,1872.51,1878.41,0.0,0.0,True,2013,0.0
2013-12-26,0.0,0.0,0,1880.21,1885.86,0.0,0.0,False,2013,0.0
2013-12-27,0.0,0.0,0,1888.68,1885.34,0.0,0.0,False,2013,0.0
2013-12-30,0.0,0.0,0,1885.86,1884.83,0.0,0.0,False,2013,0.0
2013-12-31,0.0,0.0,0,1887.4,1892.27,0.0,0.0,False,2013,0.0
2014-01-02,0.43399999999998184,1.0199999999999818,1,1886.63,1875.33,0.00023003980642732376,0.0005406465496679167,False,2014,21.699999999999093
2014-01-03,0.0,0.0,0,1877.9,1873.79,0.0,0.0,False,2014,0.0
2014-01-06,0.0,0.0,0,1880.47,1869.68,0.0,0.0,False,2014,0.0
2014-01-07,0.0,0.0,0,1876.87,1880.47,0.0,0.0,False,2014,0.0
2014-01-08,0.0,0.0,0,1880.47,1880.98,0.0,0.0,False,2014,0.0
2014-01-09,0.0,0.0,0,1887.14,1882.01,0.0,0.0,False,2014,0.0
2014-01-10,0.0,0.0,0,1885.34,1886.63,0.0,0.0,False,2014,0.0
2014-01-13,0.0,0.0,0,1882.78,1862.24,0.0,0.0,False,2014,0.0
2014-01-14,5.8340000000000725,6.420000000000073,1,1868.14,1882.52,0.003122892288586547,0.003436573276092837,False,2014,291.7000000000036
2014-01-15,0.0,0.0,0,1886.63,1892.53,0.0,0.0,False,2014,0.0
2014-01-16,0.0,0.0,0,1888.42,1889.71,0.0,0.0,False,2014,0.0
2014-01-17,0.0,0.0,0,1886.63,1881.49,0.0,0.0,False,2014,0.0
2014-01-20,0.0,0.0,0,1883.29,1883.55,0.0,0.0,True,2014,0.0
2014-01-21,0.0,0.0,0,1892.53,1887.65,0.0,0.0,False,2014,0.0
2014-01-22,0.0,0.0,0,1890.73,1888.68,0.0,0.0,False,2014,0.0
2014-01-23,-0.07600000000000906,0.5099999999999909,1,1878.93,1872.51,-4.044855316590243e-05,0.00027143108045536073,False,2014,-3.800000000000453
2014-01-24,17.64400000000002,18.230000000000018,1,1860.44,1832.46,0.009483778031003429,0.009798757283223334,False,2014,882.200000000001
2014-01-27,-2.3759999999999635,-1.7899999999999636,1,1834.51,1823.47,-0.0012951687371559508,-0.0009757373903658,False,2014,-118.79999999999818
2014-01-28,-2.1259999999999635,-1.5399999999999636,1,1825.01,1834.26,-0.0011649251236979324,-0.0008438309927068693,False,2014,-106.29999999999818
2014-01-29,0.0,0.0,0,1818.85,1816.29,0.0,0.0,False,2014,0.0
2014-01-30,0.0,0.0,0,1832.2,1836.82,0.0,0.0,False,2014,0.0
2014-01-31,0.0,0.0,0,1813.21,1823.99,0.0,0.0,False,2014,0.0
2014-02-03,22.5239999999999,23.1099999999999,1,1822.45,1783.68,0.012359186808965897,0.012680731981672968,False,2014,1126.199999999995
2014-02-04,0.0,0.0,0,1791.64,1796.0,0.0,0.0,False,2014,0.0
2014-02-05,-3.155999999999936,-2.5699999999999363,1,1789.84,1793.18,-0.0017632861037857777,-0.0014358825369865107,False,2014,-157.7999999999968
2014-02-06,9.943999999999972,10.529999999999973,1,1797.8,1816.8,0.005531204805873831,0.0058571587495828085,False,2014,497.1999999999986
2014-02-07,0.0,0.0,0,1825.78,1840.16,0.0,0.0,False,2014,0.0
2014-02-10,0.0,0.0,0,1839.9,1842.98,0.0,0.0,False,2014,0.0
2014-02-11,4.738000000000082,5.910000000000082,2,1844.78,1863.27,0.0025683279307018086,0.003203634037663072,False,2014,236.9000000000041
2014-02-12,-5.466000000000109,-4.880000000000109,1,1866.09,1864.81,-0.0029291191743164103,-0.00261509359141312,False,2014,-273.30000000000547
2014-02-13,0.0,0.0,0,1851.71,1874.56,0.0,0.0,False,2014,0.0
2014-02-14,0.0,0.0,0,1872.25,1884.57,0.0,0.0,False,2014,0.0
2014-02-17,0.0,0.0,0,1887.65,1886.37,0.0,0.0,True,2014,0.0
2014-02-18,0.0,0.0,0,1886.37,1886.88,0.0,0.0,False,2014,0.0
2014-02-19,-2.6359999999999544,-2.0499999999999545,1,1881.49,1874.05,-0.0014010172788587526,-0.0010895619960775526,False,2014,-131.7999999999977
2014-02-20,0.0,0.0,0,1876.61,1885.86,0.0,0.0,False,2014,0.0
2014-02-21,0.0,0.0,0,1889.45,1883.29,0.0,0.0,False,2014,0.0
2014-02-24,-4.186000000000137,-3.600000000000137,1,1887.14,1894.58,-0.0022181714128258296,-0.001907648611125903,False,2014,-209.30000000000683
2014-02-25,-2.6359999999999544,-2.0499999999999545,1,1894.84,1892.53,-0.0013911464820248434,-0.0010818855417871454,False,2014,-131.7999999999977
2014-02-26,0.0,0.0,0,1895.87,1892.79,0.0,0.0,False,2014,0.0
2014-02-27,0.0,0.0,0,1890.22,1903.06,0.0,0.0,False,2014,0.0
2014-02-28,-1.0959999999999908,-0.5099999999999908,1,1902.54,1908.19,-0.0005760719879739668,-0.0002680626951338688,False,2014,-54.799999999999535
2014-03-03,0.0,0.0,0,1891.25,1893.56,0.0,0.0,False,2014,0.0
2014-03-04,-0.07600000000000906,0.5099999999999909,1,1912.56,1922.05,-3.973731543063175e-05,0.0002666583009160449,False,2014,-3.800000000000453
2014-03-05,0.0,0.0,0,1922.57,1922.57,0.0,0.0,False,2014,0.0
2014-03-06,0.0,0.0,0,1927.44,1927.19,0.0,0.0,False,2014,0.0
2014-03-07,0.0,0.0,0,1934.38,1927.44,0.0,0.0,False,2014,0.0
2014-03-10,-5.975999999999873,-5.389999999999873,1,1924.88,1927.19,-0.003104609118490437,-0.002800174556335913,False,2014,-298.79999999999364
2014-03-11,0.0,0.0,0,1930.01,1916.92,0.0,0.0,False,2014,0.0
2014-03-12,0.0,0.0,0,1908.19,1917.69,0.0,0.0,False,2014,0.0
2014-03-13,0.0,0.0,0,1923.85,1896.64,0.0,0.0,False,2014,0.0
2014-03-14,0.0,0.0,0,1893.02,1890.44,0.0,0.0,False,2014,0.0
2014-03-17,-4.521999999999909,-3.349999999999909,2,1900.75,1908.23,-0.0023790608970142885,-0.0017624621859791709,False,2014,-226.09999999999545
2014-03-18,0.878000000000182,2.050000000000182,2,1912.09,1922.4,0.000459183406638904,0.001072125266070207,False,2014,43.9000000000091
2014-03-19,0.0,0.0,0,1922.66,1911.58,0.0,0.0,False,2014,0.0
2014-03-20,0.0,0.0,0,1906.94,1922.4,0.0,0.0,False,2014,0.0
2014-03-21,0.0,0.0,0,1930.39,1914.93,0.0,0.0,False,2014,0.0
2014-03-24,1.2139999999999547,1.7999999999999545,1,1921.37,1906.68,0.0006318408219135069,0.0009368315316674845,False,2014,60.699999999997736
2014-03-25,0.0,0.0,0,1916.47,1916.22,0.0,0.0,False,2014,0.0
2014-03-26,0.0,0.0,0,1923.43,1901.78,0.0,0.0,False,2014,0.0
2014-03-27,0.0,0.0,0,1899.72,1897.92,0.0,0.0,False,2014,0.0
2014-03-28,-5.995999999999855,-5.4099999999998545,1,1903.07,1906.68,-0.003150698608038514,-0.002842775094978038,False,2014,-299.79999999999274
2014-03-31,0.0,0.0,0,1918.79,1922.66,0.0,0.0,False,2014,0.0
2014-04-01,0.0,0.0,0,1929.1,1935.55,0.0,0.0,False,2014,0.0
2014-04-02,0.0,0.0,0,1938.12,1941.99,0.0,0.0,False,2014,0.0
2014-04-03,0.0,0.0,0,1944.82,1939.41,0.0,0.0,False,2014,0.0
2014-04-04,0.0,0.0,0,1949.72,1916.47,0.0,0.0,False,2014,0.0
2014-04-07,0.0,0.0,0,1911.32,1894.82,0.0,0.0,False,2014,0.0
2014-04-08,0.0,0.0,0,1893.79,1902.81,0.0,0.0,False,2014,0.0
2014-04-09,0.0,0.0,0,1907.97,1923.43,0.0,0.0,False,2014,0.0
2014-04-10,29.573999999999856,30.159999999999854,1,1923.17,1882.45,0.015377735717591193,0.015682440969856982,False,2014,1478.6999999999928
2014-04-11,0.0,0.0,0,1872.66,1864.93,0.0,0.0,False,2014,0.0
2014-04-14,0.0,0.0,0,1880.13,1880.13,0.0,0.0,False,2014,0.0
2014-04-15,-12.43599999999991,-11.849999999999909,1,1884.0,1893.28,-0.006600849256900164,-0.006289808917197404,False,2014,-621.7999999999955
2014-04-16,0.0,0.0,0,1906.42,1913.12,0.0,0.0,False,2014,0.0
2014-04-17,0.0,0.0,0,1910.55,1915.7,0.0,0.0,False,2014,0.0
2014-04-21,0.0,0.0,0,1916.47,1922.66,0.0,0.0,False,2014,0.0
2014-04-22,-2.905999999999936,-2.3199999999999363,1,1924.46,1931.16,-0.0015100339835589912,-0.0012055329806802617,False,2014,-145.2999999999968
2014-04-23,0.0,0.0,0,1930.65,1927.04,0.0,0.0,False,2014,0.0
2014-04-24,0.0,0.0,0,1936.32,1930.91,0.0,0.0,False,2014,0.0
2014-04-25,-2.905999999999936,-2.3199999999999363,1,1924.72,1915.19,-0.0015098300012469014,-0.0012053701317593917,False,2014,-145.2999999999968
2014-04-28,0.0,0.0,0,1922.92,1921.37,0.0,0.0,False,2014,0.0
2014-04-29,0.0,0.0,0,1927.3,1929.88,0.0,0.0,False,2014,0.0
2014-04-30,0.0,0.0,0,1926.78,1936.58,0.0,0.0,False,2014,0.0
2014-05-01,0.0,0.0,0,1934.77,1935.8,0.0,0.0,False,2014,0.0
2014-05-02,0.0,0.0,0,1935.55,1933.23,0.0,0.0,False,2014,0.0
2014-05-05,0.0,0.0,0,1923.43,1936.58,0.0,0.0,False,2014,0.0
2014-05-06,0.0,0.0,0,1932.2,1920.08,0.0,0.0,False,2014,0.0
2014-05-07,0.0,0.0,0,1926.53,1931.16,0.0,0.0,False,2014,0.0
2014-05-08,-0.586,0.0,1,1929.1,1929.1,-0.0003037685967549635,0.0,False,2014,-29.299999999999997
2014-05-09,-3.155999999999936,-2.5699999999999363,1,1929.1,1932.71,-0.0016359960603389851,-0.0013322274635840217,False,2014,-157.7999999999968
2014-05-12,-0.06599999999979078,0.5200000000002092,1,1940.18,1950.49,-3.4017462297204786e-05,0.00026801636961529816,False,2014,-3.299999999989539
2014-05-13,0.0,0.0,0,1952.81,1952.3,0.0,0.0,False,2014,0.0
2014-05-14,0.0,0.0,0,1951.01,1943.02,0.0,0.0,False,2014,0.0
2014-05-15,5.0840000000000725,5.670000000000073,1,1939.15,1926.01,0.002621767269164362,0.0029239615295361746,False,2014,254.20000000000363
2014-05-16,0.0,0.0,0,1927.04,1932.97,0.0,0.0,False,2014,0.0
2014-05-19,0.0,0.0,0,1928.84,1939.67,0.0,0.0,False,2014,0.0
2014-05-20,-0.586,0.0,1,1938.64,1927.04,-0.0003022737589237816,0.0,False,2014,-29.299999999999997
2014-05-21,-0.33599999999999997,0.25,1,1932.97,1943.54,-0.00017382577070518423,0.00012933465082230972,False,2014,-16.799999999999997
2014-05-22,0.0,0.0,0,1944.05,1948.69,0.0,0.0,False,2014,0.0
2014-05-23,0.0,0.0,0,1949.98,1956.68,0.0,0.0,False,2014,0.0
2014-05-26,0.0,0.0,0,1961.06,1962.86,0.0,0.0,True,2014,0.0
2014-05-27,0.0,0.0,0,1963.64,1968.28,0.0,0.0,False,2014,0.0
2014-05-28,0.0,0.0,0,1968.28,1966.47,0.0,0.0,False,2014,0.0
2014-05-29,0.0,0.0,0,1971.37,1977.3,0.0,0.0,False,2014,0.0
2014-05-30,0.0,0.0,0,1974.98,1980.13,0.0,0.0,False,2014,0.0
2014-06-02,0.0,0.0,0,1982.97,1982.45,0.0,0.0,False,2014,0.0
2014-06-03,0.0,0.0,0,1977.3,1981.42,0.0,0.0,False,2014,0.0
2014-06-04,0.0,0.0,0,1977.81,1985.29,0.0,0.0,False,2014,0.0
2014-06-05,0.0,0.0,0,1987.61,1998.43,0.0,0.0,False,2014,0.0
2014-06-06,0.0,0.0,0,2002.81,2008.23,0.0,0.0,False,2014,0.0
2014-06-09,0.0,0.0,0,2007.71,2010.29,0.0,0.0,False,2014,0.0
2014-06-10,0.0,0.0,0,2007.71,2010.29,0.0,0.0,False,2014,0.0
2014-06-11,0.0,0.0,0,2003.07,2003.59,0.0,0.0,False,2014,0.0
2014-06-12,0.0,0.0,0,2000.75,1988.9,0.0,0.0,False,2014,0.0
2014-06-13,0.0,0.0,0,1992.76,1995.08,0.0,0.0,False,2014,0.0
2014-06-16,0.0,0.0,0,1992.24,1996.12,0.0,0.0,False,2014,0.0
2014-06-17,0.0,0.0,0,1993.27,2001.55,0.0,0.0,False,2014,0.0
2014-06-18,0.0,0.0,0,2001.55,2016.03,0.0,0.0,False,2014,0.0
2014-06-19,0.0,0.0,0,2018.1,2018.62,0.0,0.0,False,2014,0.0
2014-06-20,0.0,0.0,0,2023.28,2022.5,0.0,0.0,False,2014,0.0
2014-06-23,0.0,0.0,0,2022.24,2021.47,0.0,0.0,False,2014,0.0
2014-06-24,0.0,0.0,0,2017.84,2009.05,0.0,0.0,False,2014,0.0
2014-06-25,0.0,0.0,0,2004.91,2018.36,0.0,0.0,False,2014,0.0
2014-06-26,-6.678000000000073,-4.920000000000073,3,2019.14,2017.07,-0.003307348673197536,-0.0024366809631823807,False,2014,-333.9000000000036
2014-06-27,0.0,0.0,0,2012.15,2020.95,0.0,0.0,False,2014,0.0
2014-06-30,0.0,0.0,0,2019.66,2019.66,0.0,0.0,False,2014,0.0
2014-07-01,0.704000000000191,1.290000000000191,1,2024.57,2033.88,0.00034772815955990213,0.0006371723378298558,False,2014,35.20000000000955
2014-07-02,0.0,0.0,0,2033.88,2035.95,0.0,0.0,False,2014,0.0
2014-07-03,0.0,0.0,0,2041.12,2046.04,0.0,0.0,True,2014,0.0
2014-07-04,0.0,0.0,0,2044.23,2043.97,0.0,0.0,True,2014,0.0
2014-07-07,0.0,0.0,0,2041.9,2038.8,0.0,0.0,False,2014,0.0
2014-07-08,0.19400000000020012,0.7800000000002001,1,2034.92,2025.86,9.53354431624831e-05,0.0003833074518900989,False,2014,9.700000000010006
2014-07-09,0.0,0.0,0,2030.26,2034.66,0.0,0.0,False,2014,0.0
2014-07-10,0.0,0.0,0,2015.0,2026.38,0.0,0.0,False,2014,0.0
2014-07-11,0.0,0.0,0,2025.35,2029.48,0.0,0.0,False,2014,0.0
2014-07-14,0.0,0.0,0,2039.83,2039.57,0.0,0.0,False,2014,0.0
2014-07-15,-3.435999999999909,-2.849999999999909,1,2040.61,2036.21,-0.0016838102332145334,-0.0013966412004253186,False,2014,-171.79999999999544
2014-07-16,0.0,0.0,0,2045.0,2043.45,0.0,0.0,False,2014,0.0
2014-07-17,0.0,0.0,0,2036.73,2019.91,0.0,0.0,False,2014,0.0
2014-07-18,5.103999999999827,5.689999999999827,1,2026.12,2040.61,0.002519100546857949,0.0028083232977315397,False,2014,255.19999999999135
2014-07-21,0.0,0.0,0,2034.14,2036.47,0.0,0.0,False,2014,0.0
2014-07-22,0.0,0.0,0,2043.45,2045.26,0.0,0.0,False,2014,0.0
2014-07-23,0.0,0.0,0,2048.63,2050.18,0.0,0.0,False,2014,0.0
2014-07-24,0.0,0.0,0,2051.99,2049.92,0.0,0.0,False,2014,0.0
2014-07-25,0.0,0.0,0,2044.23,2040.61,0.0,0.0,False,2014,0.0
2014-07-28,-3.425999999999918,-2.839999999999918,1,2040.87,2041.38,-0.001678695850299097,-0.0013915634018824904,False,2014,-171.2999999999959
2014-07-29,0.0,0.0,0,2045.26,2032.59,0.0,0.0,False,2014,0.0
2014-07-30,0.0,0.0,0,2039.57,2033.11,0.0,0.0,False,2014,0.0
2014-07-31,11.834000000000072,12.420000000000073,1,2018.62,1991.72,0.005862420861776894,0.006152718193617459,False,2014,591.7000000000036
2014-08-01,-2.3959999999999453,-1.8099999999999454,1,1986.8,1986.03,-0.0012059593315884565,-0.0009110126837124751,False,2014,-119.79999999999727
2014-08-04,0.0,0.0,0,1989.91,2000.51,0.0,0.0,False,2014,0.0
2014-08-05,0.0,0.0,0,1992.24,1980.6,0.0,0.0,False,2014,0.0
2014-08-06,-8.671999999999773,-7.4999999999997735,2,1971.54,1981.37,-0.004398591963642519,-0.003804132809884544,False,2014,-433.59999999998865
2014-08-07,0.0,0.0,0,1990.43,1970.51,0.0,0.0,False,2014,0.0
2014-08-08,0.0,0.0,0,1975.16,1993.53,0.0,0.0,False,2014,0.0
2014-08-11,0.0,0.0,0,2001.03,1999.22,0.0,0.0,False,2014,0.0
2014-08-12,0.0,0.0,0,1997.41,1996.63,0.0,0.0,False,2014,0.0
2014-08-13,0.0,0.0,0,2004.39,2010.86,0.0,0.0,False,2014,0.0
2014-08-14,0.0,0.0,0,2013.71,2019.4,0.0,0.0,False,2014,0.0
2014-08-15,-5.506000000000073,-4.920000000000073,1,2026.9,2019.14,-0.0027164635650501123,-0.0024273521140658508,False,2014,-275.30000000000365
2014-08-18,0.0,0.0,0,2030.26,2036.21,0.0,0.0,False,2014,0.0
2014-08-19,0.0,0.0,0,2040.87,2046.56,0.0,0.0,False,2014,0.0
2014-08-20,0.0,0.0,0,2044.23,2052.25,0.0,0.0,False,2014,0.0
2014-08-21,0.0,0.0,0,2053.8,2057.94,0.0,0.0,False,2014,0.0
2014-08-22,0.0,0.0,0,2056.64,2054.83,0.0,0.0,False,2014,0.0
2014-08-25,0.0,0.0,0,2064.92,2065.44,0.0,0.0,False,2014,0.0
2014-08-26,0.0,0.0,0,2066.99,2066.99,0.0,0.0,False,2014,0.0
2014-08-27,0.0,0.0,0,2068.03,2065.96,0.0,0.0,False,2014,0.0
2014-08-28,0.0,0.0,0,2058.97,2064.92,0.0,0.0,False,2014,0.0
2014-08-29,0.0,0.0,0,2068.03,2070.61,0.0,0.0,False,2014,0.0
2014-09-01,0.0,0.0,0,2068.54,2070.35,0.0,0.0,True,2014,0.0
2014-09-02,-6.796000000000037,-6.210000000000036,1,2073.46,2069.32,-0.0032776132647844842,-0.002994993874972286,False,2014,-339.80000000000183
2014-09-03,0.0,0.0,0,2077.85,2068.8,0.0,0.0,False,2014,0.0
2014-09-04,0.7039999999999637,1.2899999999999636,1,2071.91,2065.7,0.0003397830986867015,0.0006226139166276353,False,2014,35.199999999998184
2014-09-05,0.0,0.0,0,2064.92,2075.01,0.0,0.0,False,2014,0.0
2014-09-08,0.0,0.0,0,2072.94,2069.58,0.0,0.0,False,2014,0.0
2014-09-09,-1.1059999999999817,-0.5199999999999817,1,2067.51,2056.39,-0.000534942999066501,-0.0002515102708088385,False,2014,-55.29999999999908
2014-09-10,0.0,0.0,0,2057.42,2064.4,0.0,0.0,False,2014,0.0
2014-09-11,0.0,0.0,0,2055.61,2066.21,0.0,0.0,False,2014,0.0
2014-09-12,-2.9920000000001634,-1.8200000000001635,2,2064.15,2054.32,-0.0014495070610179314,-0.0008817188673304573,False,2014,-149.60000000000818
2014-09-15,0.0,0.0,0,2056.66,2054.84,0.0,0.0,False,2014,0.0
2014-09-16,2.533999999999891,3.119999999999891,1,2051.2,2070.7,0.001235374414976546,0.0015210608424336442,False,2014,126.69999999999455
2014-09-17,0.0,0.0,0,2073.82,2073.3,0.0,0.0,False,2014,0.0
2014-09-18,0.0,0.0,0,2079.81,2084.49,0.0,0.0,False,2014,0.0
2014-09-19,0.0,0.0,0,2091.25,2082.67,0.0,0.0,False,2014,0.0
2014-09-22,5.394000000000018,5.980000000000018,1,2078.77,2066.28,0.0025948036579323437,0.0028767011261467204,False,2014,269.7000000000009
2014-09-23,0.0,0.0,0,2059.0,2054.32,0.0,0.0,False,2014,0.0
2014-09-24,6.953999999999963,7.539999999999964,1,2054.84,2071.22,0.003384205096260518,0.0036693854509353345,False,2014,347.69999999999817
2014-09-25,17.61399999999982,18.199999999999818,1,2065.5,2036.9,0.008527717259743316,0.008811425804889769,False,2014,880.699999999991
2014-09-26,0.0,0.0,0,2040.8,2053.54,0.0,0.0,False,2014,0.0
2014-09-29,0.0,0.0,0,2035.34,2049.12,0.0,0.0,False,2014,0.0
2014-09-30,0.0,0.0,0,2050.68,2043.92,0.0,0.0,False,2014,0.0
2014-10-01,13.648000000000163,14.820000000000164,2,2040.54,2015.84,0.006688425612828057,0.0072627833808698505,False,2014,682.4000000000082
2014-10-02,-4.225999999999873,-3.639999999999873,1,2014.02,2016.36,-0.0020982909802285347,-0.0018073306124069637,False,2014,-211.29999999999364
2014-10-03,-0.8459999999999909,-0.2599999999999909,1,2029.88,2038.46,-0.00041677340532444816,-0.00012808638934320792,False,2014,-42.29999999999954
2014-10-06,0.0,0.0,0,2047.3,2035.6,0.0,0.0,False,2014,0.0
2014-10-07,0.0,0.0,0,2025.2,2004.14,0.0,0.0,False,2014,0.0
2014-10-08,-8.645999999999946,-8.059999999999945,1,2005.7,2039.5,-0.004310714463778205,-0.0040185471406491225,False,2014,-432.2999999999973
2014-10-09,31.39400000000002,31.980000000000018,1,2036.38,1997.9,0.015416572545399198,0.015704338090140355,False,2014,1569.700000000001
2014-10-10,-8.972000000000182,-7.800000000000183,2,1998.42,1975.8,-0.004489546741926213,-0.0039030834359144637,False,2014,-448.6000000000091
2014-10-13,-7.605999999999982,-7.019999999999982,1,1975.02,1942.78,-0.0038511002420228567,-0.0035543943858796275,False,2014,-380.2999999999991
2014-10-14,-4.746000000000082,-4.160000000000082,1,1953.7,1946.94,-0.002429236832676502,-0.002129293136100774,False,2014,-237.3000000000041
2014-10-15,-22.165999999999926,-21.579999999999927,1,1919.64,1931.6,-0.011546956721051825,-0.011241691150424,False,2014,-1108.2999999999963
2014-10-16,0.0,0.0,0,1897.8,1930.56,0.0,0.0,False,2014,0.0
2014-10-17,-6.111999999999827,-4.939999999999827,2,1953.44,1954.74,-0.0031288393807845784,-0.002528872143500608,False,2014,-305.5999999999913
2014-10-20,-1.6919999999999817,-0.5199999999999818,2,1950.32,1973.2,-0.0008675499405225716,-0.0002666229131629588,False,2014,-84.59999999999908
2014-10-21,19.693999999999974,20.279999999999973,1,1987.24,2012.2,0.009910227249854056,0.010205108592822192,False,2014,984.6999999999987
2014-10-22,0.0,0.0,0,2015.84,1997.9,0.0,0.0,False,2014,0.0
2014-10-23,-6.8919999999998,-5.7199999999998,2,2018.18,2021.56,-0.003414958031493623,-0.00283423678760061,False,2014,-344.59999999998996
2014-10-24,0.0,0.0,0,2024.42,2036.64,0.0,0.0,False,2014,0.0
2014-10-27,0.0,0.0,0,2029.88,2033.78,0.0,0.0,False,2014,0.0
2014-10-28,0.0,0.0,0,2041.06,2056.92,0.0,0.0,False,2014,0.0
2014-10-29,-6.045999999999582,-5.459999999999582,1,2059.0,2054.58,-0.0029363768819813413,-0.0026517727051964942,False,2014,-302.2999999999791
2014-10-30,0.0,0.0,0,2048.86,2068.62,0.0,0.0,False,2014,0.0
2014-10-31,0.0,0.0,0,2093.07,2091.51,0.0,0.0,False,2014,0.0
2014-11-03,0.0,0.0,0,2094.37,2092.55,0.0,0.0,False,2014,0.0
2014-11-04,-2.666000000000382,-2.080000000000382,1,2087.35,2085.79,-0.00127721752461273,-0.0009964787888951934,False,2014,-133.30000000001908
2014-11-05,0.0,0.0,0,2100.61,2098.79,0.0,0.0,False,2014,0.0
2014-11-06,0.0,0.0,0,2099.31,2107.63,0.0,0.0,False,2014,0.0
2014-11-07,0.0,0.0,0,2107.63,2109.71,0.0,0.0,False,2014,0.0
2014-11-10,0.0,0.0,0,2109.45,2115.69,0.0,0.0,False,2014,0.0
2014-11-11,0.0,0.0,0,2116.73,2118.29,0.0,0.0,False,2014,0.0
2014-11-12,0.0,0.0,0,2109.19,2116.21,0.0,0.0,False,2014,0.0
2014-11-13,0.0,0.0,0,2118.03,2118.29,0.0,0.0,False,2014,0.0
2014-11-14,0.0,0.0,0,2117.25,2118.81,0.0,0.0,False,2014,0.0
2014-11-17,0.0,0.0,0,2114.65,2120.11,0.0,0.0,False,2014,0.0
2014-11-18,-2.797999999999509,-1.0399999999995089,3,2120.89,2132.59,-0.0013192574815287493,-0.0004903601789812338,False,2014,-139.89999999997545
2014-11-19,-1.1059999999999817,-0.5199999999999817,1,2129.99,2128.95,-0.0005192512640904332,-0.00024413260156150112,False,2014,-55.29999999999908
2014-11-20,0.0,0.0,0,2119.07,2133.11,0.0,0.0,False,2014,0.0
2014-11-21,0.0,0.0,0,2154.43,2144.29,0.0,0.0,False,2014,0.0
2014-11-24,0.0,0.0,0,2149.23,2150.27,0.0,0.0,False,2014,0.0
2014-11-25,0.0,0.0,0,2153.13,2149.49,0.0,0.0,False,2014,0.0
2014-11-26,0.0,0.0,0,2150.53,2153.65,0.0,0.0,False,2014,0.0
2014-11-27,0.0,0.0,0,2155.73,2157.03,0.0,0.0,True,2014,0.0
2014-11-28,0.0,0.0,0,2152.09,2149.49,0.0,0.0,True,2014,0.0
2014-12-01,-10.791999999999891,-9.61999999999989,2,2140.91,2134.67,-0.005040847116413063,-0.004493416350990883,False,2014,-539.5999999999946
2014-12-02,1.4940000000003821,2.080000000000382,1,2134.67,2148.19,0.0006998739852063233,0.0009743894840890545,False,2014,74.7000000000191
2014-12-03,0.0,0.0,0,2150.01,2156.51,0.0,0.0,False,2014,0.0
2014-12-04,0.0,0.0,0,2152.61,2154.17,0.0,0.0,False,2014,0.0
2014-12-05,0.0,0.0,0,2155.73,2157.81,0.0,0.0,False,2014,0.0
2014-12-08,0.0,0.0,0,2152.61,2143.25,0.0,0.0,False,2014,0.0
2014-12-09,0.0,0.0,0,2119.59,2141.69,0.0,0.0,False,2014,0.0
2014-12-10,-7.218000000000036,-5.460000000000036,3,2135.71,2106.85,-0.0033796723337906533,-0.0025565268692847045,False,2014,-360.9000000000018
2014-12-11,-12.0259999999996,-11.4399999999996,1,2114.65,2117.51,-0.005686993119428558,-0.0054098787033313315,False,2014,-601.2999999999801
2014-12-12,0.0,0.0,0,2101.13,2082.41,0.0,0.0,False,2014,0.0
2014-12-15,-7.1160000000002,-6.5300000000002,1,2096.52,2070.14,-0.0033941960963883963,-0.003114685288001164,False,2014,-355.80000000001
2014-12-16,-27.22599999999987,-26.639999999999873,1,2061.0,2054.21,-0.013210092188258065,-0.012925764192139677,False,2014,-1361.2999999999936
2014-12-17,15.28800000000049,16.46000000000049,2,2059.7,2096.26,0.007422440161188762,0.007991455066272026,False,2014,764.4000000000245
2014-12-18,0.0,0.0,0,2126.04,2148.24,0.0,0.0,False,2014,0.0
2014-12-19,0.0,0.0,0,2155.29,2159.73,0.0,0.0,False,2014,0.0
2014-12-22,0.0,0.0,0,2162.6,2167.56,0.0,0.0,False,2014,0.0
2014-12-23,0.0,0.0,0,2175.4,2170.44,0.0,0.0,False,2014,0.0
2014-12-24,0.0,0.0,0,2173.31,2170.96,0.0,0.0,True,2014,0.0
2014-12-26,0.0,0.0,0,2176.44,2176.71,0.0,0.0,False,2014,0.0
2014-12-29,0.0,0.0,0,2175.14,2179.06,0.0,0.0,False,2014,0.0
2014-12-30,0.0,0.0,0,2172.79,2166.78,0.0,0.0,False,2014,0.0
2014-12-31,0.0,0.0,0,2171.22,2144.06,0.0,0.0,False,2014,0.0
2015-01-02,0.0,0.0,0,2153.46,2142.49,0.0,0.0,False,2015,0.0
2015-01-05,13.513999999999909,14.099999999999909,1,2129.43,2104.36,0.006346299244398694,0.006621490257956312,False,2015,675.6999999999954
2015-01-06,8.034000000000345,8.620000000000346,1,2107.75,2083.72,0.0038116474914009464,0.004089669078401303,False,2015,401.70000000001727
2015-01-07,-3.986000000000091,-3.400000000000091,1,2100.18,2109.84,-0.0018979325581617247,-0.0016189088554314827,False,2015,-199.30000000000453
2015-01-08,11.424000000000218,12.010000000000218,1,2127.6,2147.71,0.005369430344049736,0.005644858056025672,False,2015,571.2000000000108
2015-01-09,8.81400000000009,9.400000000000091,1,2152.68,2128.91,0.004094431127710617,0.0043666499433265005,False,2015,440.70000000000454
2015-01-12,-4.6939999999999085,-2.3499999999999086,4,2131.26,2112.45,-0.002202453009018096,-0.0011026341225377984,False,2015,-234.6999999999954
2015-01-13,-6.402000000000018,-5.230000000000018,2,2128.65,2107.23,-0.0030075399901346007,-0.0024569562868484805,False,2015,-320.1000000000009
2015-01-14,0.0,0.0,0,2081.37,2094.43,0.0,0.0,False,2015,0.0
2015-01-15,-9.847999999999235,-8.089999999999236,3,2102.27,2074.58,-0.004684460131191157,-0.003848221208502826,False,2015,-492.3999999999618
2015-01-16,9.278000000000272,10.450000000000273,2,2072.23,2101.75,0.0044773022299649514,0.005042876514672731,False,2015,463.9000000000136
2015-01-19,0.0,0.0,0,2107.49,2098.35,0.0,0.0,True,2015,0.0
2015-01-20,0.0,0.0,0,2110.36,2106.97,0.0,0.0,False,2015,0.0
2015-01-21,-9.782000000000128,-8.610000000000127,2,2100.7,2117.42,-0.004656543057076274,-0.0040986337887371485,False,2015,-489.1000000000064
2015-01-22,0.0,0.0,0,2127.34,2149.02,0.0,0.0,False,2015,0.0
2015-01-23,0.0,0.0,0,2145.62,2137.27,0.0,0.0,False,2015,0.0
2015-01-26,0.0,0.0,0,2134.65,2142.23,0.0,0.0,False,2015,0.0
2015-01-27,0.0,0.0,0,2116.11,2113.5,0.0,0.0,False,2015,0.0
2015-01-28,0.0,0.0,0,2128.39,2085.55,0.0,0.0,False,2015,0.0
2015-01-29,0.0,0.0,0,2088.43,2105.66,0.0,0.0,False,2015,0.0
2015-01-30,0.0,0.0,0,2090.25,2078.76,0.0,0.0,False,2015,0.0
2015-02-02,-6.855999999999982,-6.269999999999982,1,2085.03,2103.84,-0.003288202088219345,-0.003007150976244937,False,2015,-342.7999999999991
2015-02-03,-1.3659999999997452,-0.7799999999997452,1,2115.85,2134.92,-0.0006456034217925397,-0.000368646170569627,False,2015,-68.29999999998726
2015-02-04,0.0,0.0,0,2125.51,2127.08,0.0,0.0,False,2015,0.0
2015-02-05,0.0,0.0,0,2135.7,2149.54,0.0,0.0,False,2015,0.0
2015-02-06,0.0,0.0,0,2153.2,2142.23,0.0,0.0,False,2015,0.0
2015-02-09,0.0,0.0,0,2134.13,2132.3,0.0,0.0,False,2015,0.0
2015-02-10,0.0,0.0,0,2145.89,2155.55,0.0,0.0,False,2015,0.0
2015-02-11,0.0,0.0,0,2153.46,2156.86,0.0,0.0,False,2015,0.0
2015-02-12,0.0,0.0,0,2166.52,2177.23,0.0,0.0,False,2015,0.0
2015-02-13,0.0,0.0,0,2179.32,2186.89,0.0,0.0,False,2015,0.0
2015-02-16,0.0,0.0,0,2184.02,2180.1,0.0,0.0,True,2015,0.0
2015-02-17,0.0,0.0,0,2182.71,2190.81,0.0,0.0,False,2015,0.0
2015-02-18,0.0,0.0,0,2185.32,2190.55,0.0,0.0,False,2015,0.0
2015-02-19,0.0,0.0,0,2182.71,2188.98,0.0,0.0,False,2015,0.0
2015-02-20,0.0,0.0,0,2183.24,2202.3,0.0,0.0,False,2015,0.0
2015-02-23,0.0,0.0,0,2198.64,2201.26,0.0,0.0,False,2015,0.0
2015-02-24,0.0,0.0,0,2200.47,2208.05,0.0,0.0,False,2015,0.0
2015-02-25,0.0,0.0,0,2206.22,2205.96,0.0,0.0,False,2015,0.0
2015-02-26,0.0,0.0,0,2204.65,2203.35,0.0,0.0,False,2015,0.0
2015-02-27,0.0,0.0,0,2202.04,2196.03,0.0,0.0,False,2015,0.0
2015-03-02,-1.1059999999999817,-0.5199999999999817,1,2196.82,2209.88,-0.0005034549940368267,-0.00023670578381477847,False,2015,-55.29999999999908
2015-03-03,-5.546000000000037,-4.960000000000036,1,2203.87,2200.21,-0.002516482369649769,-0.0022505864683488755,False,2015,-277.30000000000183
2015-03-04,-0.06600000000001816,0.5199999999999818,1,2192.64,2191.07,-3.0100700525402328e-05,0.00023715703444249025,False,2015,-3.3000000000009075
2015-03-05,0.0,0.0,0,2194.99,2193.16,0.0,0.0,False,2015,0.0
2015-03-06,5.423999999999763,6.0099999999997635,1,2182.19,2161.82,0.0024855764163522714,0.002754113986408041,False,2015,271.19999999998817
2015-03-09,0.0,0.0,0,2164.69,2171.48,0.0,0.0,False,2015,0.0
2015-03-10,5.6839999999999815,6.269999999999982,1,2153.98,2135.7,0.002638836015190476,0.0029108905375165887,False,2015,284.1999999999991
2015-03-11,0.0,0.0,0,2138.57,2131.0,0.0,0.0,False,2015,0.0
2015-03-12,9.074000000000309,9.66000000000031,1,2138.57,2157.9,0.004243022206427804,0.00451703708552926,False,2015,453.70000000001545
2015-03-13,0.19400000000020012,0.7800000000002001,1,2154.5,2144.58,9.004409375734514e-05,0.0003620329542818288,False,2015,9.700000000010006
2015-03-16,9.904000000000236,10.490000000000236,1,2153.76,2174.21,0.004598469653071946,0.00487055196493585,False,2015,495.2000000000118
2015-03-17,0.0,0.0,0,2163.99,2166.61,0.0,0.0,False,2015,0.0
2015-03-18,0.0,0.0,0,2160.05,2192.82,0.0,0.0,False,2015,0.0
2015-03-19,0.0,0.0,0,2187.84,2182.07,0.0,0.0,False,2015,0.0
2015-03-20,-4.7759999999996,-4.1899999999996,1,2194.66,2202.26,-0.0021761913007024326,-0.0019091795540081835,False,2015,-238.79999999998
2015-03-23,0.0,0.0,0,2202.26,2198.33,0.0,0.0,False,2015,0.0
2015-03-24,0.0,0.0,0,2196.23,2184.96,0.0,0.0,False,2015,0.0
2015-03-25,16.714000000000183,17.300000000000182,1,2187.84,2152.45,0.0076394983179758034,0.007907342401638227,False,2015,835.7000000000091
2015-03-26,0.0,0.0,0,2144.33,2147.47,0.0,0.0,False,2015,0.0
2015-03-27,0.0,0.0,0,2145.9,2151.67,0.0,0.0,False,2015,0.0
2015-03-30,-2.212000000000418,-1.0400000000004181,2,2165.3,2178.93,-0.0010215674502380354,-0.00048030296032901585,False,2015,-110.6000000000209
2015-03-31,0.0,0.0,0,2168.18,2159.79,0.0,0.0,False,2015,0.0
2015-04-01,-10.016000000000291,-9.430000000000291,1,2158.74,2152.19,-0.004639743554110403,-0.004368288909271284,False,2015,-500.80000000001456
2015-04-02,-4.515999999999837,-3.9299999999998367,1,2150.88,2158.74,-0.0020996057427656754,-0.001827159116268614,False,2015,-225.79999999999183
2015-04-06,3.8639999999998182,4.449999999999818,1,2148.26,2174.47,0.0017986649660654752,0.002071443866198606,False,2015,193.19999999999092
2015-04-07,0.0,0.0,0,2174.73,2168.18,0.0,0.0,False,2015,0.0
2015-04-08,-2.685999999999909,-2.099999999999909,1,2171.06,2175.52,-0.0012371836798614083,-0.0009672694444188135,False,2015,-134.29999999999544
2015-04-09,0.0,0.0,0,2173.42,2185.74,0.0,0.0,False,2015,0.0
2015-04-10,0.0,0.0,0,2188.1,2197.02,0.0,0.0,False,2015,0.0
2015-04-13,0.0,0.0,0,2195.44,2187.05,0.0,0.0,False,2015,0.0
2015-04-14,0.0,0.0,0,2184.43,2191.25,0.0,0.0,False,2015,0.0
2015-04-15,0.0,0.0,0,2197.02,2201.47,0.0,0.0,False,2015,0.0
2015-04-16,0.0,0.0,0,2197.28,2200.42,0.0,0.0,False,2015,0.0
2015-04-17,-1.8959999999999453,-1.3099999999999454,1,2185.22,2174.47,-0.0008676471934175715,-0.0005994819743549599,False,2015,-94.79999999999727
2015-04-20,-2.2220000000001816,-1.0500000000001817,2,2186.53,2195.18,-0.0010162220504636027,-0.00048021294013811,False,2015,-111.10000000000908
2015-04-21,0.0,0.0,0,2203.57,2192.82,0.0,0.0,False,2015,0.0
2015-04-22,0.0,0.0,0,2196.75,2203.31,0.0,0.0,False,2015,0.0
2015-04-23,0.0,0.0,0,2198.33,2209.34,0.0,0.0,False,2015,0.0
2015-04-24,0.0,0.0,0,2214.32,2213.79,0.0,0.0,False,2015,0.0
2015-04-27,0.0,0.0,0,2221.4,2204.88,0.0,0.0,False,2015,0.0
2015-04-28,-5.3059999999998,-4.7199999999998,1,2204.62,2211.7,-0.002406763977465414,-0.0021409585325361286,False,2015,-265.29999999999
2015-04-29,0.0,0.0,0,2200.42,2202.0,0.0,0.0,False,2015,0.0
2015-04-30,-2.685999999999909,-2.099999999999909,1,2195.18,2179.71,-0.0012235898650679712,-0.0009566413688170943,False,2015,-134.29999999999544
2015-05-01,0.0,0.0,0,2189.94,2203.57,0.0,0.0,False,2015,0.0
2015-05-04,0.0,0.0,0,2209.34,2210.91,0.0,0.0,False,2015,0.0
2015-05-05,4.597999999999982,5.769999999999982,2,2207.24,2184.43,0.002083144560627744,0.002614124426886058,False,2015,229.8999999999991
2015-05-06,0.0,0.0,0,2191.51,2175.26,0.0,0.0,False,2015,0.0
2015-05-07,-3.736000000000091,-3.150000000000091,1,2174.21,2184.43,-0.0017183252767672354,-0.0014488020936340514,False,2015,-186.80000000000453
2015-05-08,0.0,0.0,0,2205.4,2213.53,0.0,0.0,False,2015,0.0
2015-05-11,0.0,0.0,0,2212.48,2202.26,0.0,0.0,False,2015,0.0
2015-05-12,0.0,0.0,0,2192.04,2195.44,0.0,0.0,False,2015,0.0
2015-05-13,0.0,0.0,0,2200.69,2196.49,0.0,0.0,False,2015,0.0
2015-05-14,0.0,0.0,0,2209.34,2219.56,0.0,0.0,False,2015,0.0
2015-05-15,0.0,0.0,0,2221.66,2221.92,0.0,0.0,False,2015,0.0
2015-05-18,0.0,0.0,0,2219.82,2228.47,0.0,0.0,False,2015,0.0
2015-05-19,0.0,0.0,0,2230.31,2227.95,0.0,0.0,False,2015,0.0
2015-05-20,0.0,0.0,0,2229.26,2226.11,0.0,0.0,False,2015,0.0
2015-05-21,0.0,0.0,0,2224.54,2232.41,0.0,0.0,False,2015,0.0
2015-05-22,0.0,0.0,0,2227.69,2227.42,0.0,0.0,False,2015,0.0
2015-05-25,0.0,0.0,0,2224.8,2225.33,0.0,0.0,True,2015,0.0
2015-05-26,8.323999999999854,8.909999999999854,1,2221.4,2203.57,0.0037471864589897603,0.0040109840641036525,False,2015,416.1999999999927
2015-05-27,-1.1160000000002,-0.5300000000002,1,2209.07,2224.28,-0.0005051899668187064,-0.0002399199663207594,False,2015,-55.800000000009994
2015-05-28,0.0,0.0,0,2220.61,2221.92,0.0,0.0,False,2015,0.0
2015-05-29,-0.8559999999999818,-0.2699999999999818,1,2221.13,2207.24,-0.0003853894188993808,-0.0001215597466154533,False,2015,-42.79999999999909
2015-06-01,0.0,0.0,0,2216.15,2211.96,0.0,0.0,False,2015,0.0
2015-06-02,0.0,0.0,0,2206.72,2210.12,0.0,0.0,False,2015,0.0
2015-06-03,0.0,0.0,0,2216.68,2215.89,0.0,0.0,False,2015,0.0
2015-06-04,0.0,0.0,0,2206.72,2197.8,0.0,0.0,False,2015,0.0
2015-06-05,0.0,0.0,0,2194.92,2193.35,0.0,0.0,False,2015,0.0
2015-06-08,0.0,0.0,0,2191.51,2179.19,0.0,0.0,False,2015,0.0
2015-06-09,0.0,0.0,0,2179.19,2178.93,0.0,0.0,False,2015,0.0
2015-06-10,7.013999999999909,7.599999999999909,1,2188.89,2205.14,0.0032043638556528238,0.0034720794557971894,False,2015,350.69999999999544
2015-06-11,0.0,0.0,0,2211.17,2212.22,0.0,0.0,False,2015,0.0
2015-06-12,-7.925999999999691,-7.339999999999691,1,2202.0,2194.92,-0.0035994550408717943,-0.003333333333333193,False,2015,-396.29999999998455
2015-06-15,0.0,0.0,0,2189.37,2194.13,0.0,0.0,False,2015,0.0
2015-06-16,2.314000000000091,2.900000000000091,1,2192.8,2207.07,0.001055271798613686,0.0013225100328347731,False,2015,115.70000000000455
2015-06-17,0.0,0.0,0,2211.04,2211.04,0.0,0.0,False,2015,0.0
2015-06-18,4.964000000000182,5.550000000000182,1,2218.44,2234.03,0.002237608409513073,0.0025017579921026403,False,2015,248.20000000000908
2015-06-19,0.0,0.0,0,2231.39,2219.76,0.0,0.0,False,2015,0.0
2015-06-22,0.0,0.0,0,2235.61,2235.61,0.0,0.0,False,2015,0.0
2015-06-23,0.0,0.0,0,2237.99,2236.67,0.0,0.0,False,2015,0.0
2015-06-24,0.0,0.0,0,2233.24,2219.76,0.0,0.0,False,2015,0.0
2015-06-25,0.0,0.0,0,2226.63,2212.36,0.0,0.0,False,2015,0.0
2015-06-26,0.0,0.0,0,2217.64,2212.62,0.0,0.0,False,2015,0.0
2015-06-29,0.0,0.0,0,2193.33,2165.32,0.0,0.0,False,2015,0.0
2015-06-30,0.0,0.0,0,2184.88,2170.34,0.0,0.0,False,2015,0.0
2015-07-01,0.0,0.0,0,2189.9,2187.26,0.0,0.0,False,2015,0.0
2015-07-02,0.0,0.0,0,2193.07,2184.88,0.0,0.0,False,2015,0.0
2015-07-03,0.0,0.0,0,2185.14,2184.88,0.0,0.0,True,2015,0.0
2015-07-06,0.0,0.0,0,2168.76,2178.8,0.0,0.0,False,2015,0.0
2015-07-07,-6.247999999999782,-4.489999999999782,3,2181.18,2192.54,-0.002864504534242833,-0.0020585187834107144,False,2015,-312.39999999998906
2015-07-08,-2.435999999999909,-1.849999999999909,1,2175.63,2155.02,-0.0011196756801477774,-0.0008503284106212495,False,2015,-121.79999999999545
2015-07-09,0.0,0.0,0,2182.5,2160.04,0.0,0.0,False,2015,0.0
2015-07-10,0.0,0.0,0,2185.93,2187.26,0.0,0.0,False,2015,0.0
2015-07-13,0.0,0.0,0,2203.64,2211.83,0.0,0.0,False,2015,0.0
2015-07-14,0.20399999999996365,0.7899999999999636,1,2211.3,2221.34,9.225342558674248e-05,0.00035725591281145187,False,2015,10.199999999998182
2015-07-15,0.0,0.0,0,2222.14,2220.82,0.0,0.0,False,2015,0.0
2015-07-16,0.0,0.0,0,2234.03,2238.26,0.0,0.0,False,2015,0.0
2015-07-17,0.0,0.0,0,2238.52,2239.84,0.0,0.0,False,2015,0.0
2015-07-20,0.0,0.0,0,2242.75,2241.43,0.0,0.0,False,2015,0.0
2015-07-21,0.0,0.0,0,2239.31,2232.18,0.0,0.0,False,2015,0.0
2015-07-22,0.0,0.0,0,2223.46,2227.69,0.0,0.0,False,2015,0.0
2015-07-23,-1.1159999999997452,-0.5299999999997452,1,2229.8,2215.27,-0.0005004933177862343,-0.00023768947887691506,False,2015,-55.79999999998726
2015-07-24,12.8839999999998,13.4699999999998,1,2216.59,2191.75,0.005812531862004159,0.006076901907885446,False,2015,644.1999999999899
2015-07-27,0.0,0.0,0,2181.18,2179.06,0.0,0.0,False,2015,0.0
2015-07-28,0.0,0.0,0,2189.9,2205.75,0.0,0.0,False,2015,0.0
2015-07-29,-0.8460000000002182,-0.2600000000002183,1,2207.6,2221.08,-0.00038322159811569954,-0.00011777495923184376,False,2015,-42.30000000001091
2015-07-30,0.0,0.0,0,2214.47,2221.34,0.0,0.0,False,2015,0.0
2015-07-31,0.0,0.0,0,2228.48,2218.17,0.0,0.0,False,2015,0.0
2015-08-03,-8.515999999999837,-7.929999999999836,1,2217.91,2210.25,-0.0038396508424597196,-0.0035754381377061453,False,2015,-425.7999999999918
2015-08-04,0.0,0.0,0,2209.98,2206.02,0.0,0.0,False,2015,0.0
2015-08-05,-2.165999999999927,-1.5799999999999272,1,2217.91,2213.95,-0.0009765950827580593,-0.000712382378004485,False,2015,-108.29999999999636
2015-08-06,9.1940000000002,9.7800000000002,1,2216.32,2196.5,0.00414831793242862,0.004412720184810948,False,2015,459.70000000001
2015-08-07,-1.1159999999997452,-0.5299999999997452,1,2193.6,2190.95,-0.0005087527352296431,-0.00024161196207136455,False,2015,-55.79999999998726
2015-08-10,7.073999999999854,7.6599999999998545,1,2205.22,2219.49,0.003207843208387306,0.0034735763325200457,False,2015,353.6999999999927
2015-08-11,0.0,0.0,0,2202.05,2198.35,0.0,0.0,False,2015,0.0
2015-08-12,-9.102000000000292,-7.930000000000292,2,2181.97,2200.73,-0.004171459735926843,-0.003634330444506704,False,2015,-455.1000000000146
2015-08-13,0.0,0.0,0,2199.68,2198.35,0.0,0.0,False,2015,0.0
2015-08-14,0.0,0.0,0,2196.24,2206.28,0.0,0.0,False,2015,0.0
2015-08-17,0.0,0.0,0,2199.15,2218.97,0.0,0.0,False,2015,0.0
2015-08-18,0.0,0.0,0,2215.8,2212.36,0.0,0.0,False,2015,0.0
2015-08-19,-7.771999999999909,-6.599999999999909,2,2203.11,2194.92,-0.003527740330714267,-0.0029957650775494227,False,2015,-388.5999999999954
2015-08-20,6.217999999999873,7.389999999999873,2,2175.63,2148.15,0.0028580227336449087,0.0033967172726979645,False,2015,310.89999999999367
2015-08-21,29.803999999999874,30.389999999999873,1,2125.42,2080.23,0.014022640231107204,0.014298350443676954,False,2015,1490.1999999999937
2015-08-24,0.0,0.0,0,1975.32,1993.82,0.0,0.0,False,2015,0.0
2015-08-25,0.0,0.0,0,2057.77,1971.09,0.0,0.0,False,2015,0.0
2015-08-26,0.0,0.0,0,2022.62,2048.52,0.0,0.0,False,2015,0.0
2015-08-27,12.363999999999818,12.949999999999818,1,2074.95,2098.73,0.005958697799946899,0.006241114243716629,False,2015,618.1999999999908
2015-08-28,0.0,0.0,0,2090.27,2098.47,0.0,0.0,False,2015,0.0
2015-08-31,-6.405999999999709,-5.819999999999709,1,2086.04,2080.5,-0.00307089029932298,-0.002789975264136694,False,2015,-320.29999999998546
2015-09-01,0.0,0.0,0,2032.67,2016.55,0.0,0.0,False,2015,0.0
2015-09-02,0.0,0.0,0,2049.31,2057.77,0.0,0.0,False,2015,0.0
2015-09-03,-4.8160000000000185,-4.230000000000018,1,2066.49,2058.83,-0.0023305218026702375,-0.0020469491746875224,False,2015,-240.80000000000092
2015-09-04,0.0,0.0,0,2030.02,2027.12,0.0,0.0,False,2015,0.0
2015-09-07,0.0,0.0,0,2041.91,2041.12,0.0,0.0,True,2015,0.0
2015-09-08,0.0,0.0,0,2062.79,2079.97,0.0,0.0,False,2015,0.0
2015-09-09,0.0,0.0,0,2099.52,2050.37,0.0,0.0,False,2015,0.0
2015-09-10,-7.456000000000346,-6.870000000000346,1,2047.99,2062.26,-0.0036406427765762264,-0.0033545085669365307,False,2015,-372.8000000000173
2015-09-11,-3.2259999999998725,-2.6399999999998727,1,2057.24,2071.78,-0.0015681203943146511,-0.0012832727343430386,False,2015,-161.29999999999362
2015-09-14,-4.892000000000254,-3.7200000000002547,2,2073.61,2063.52,-0.002359170721591936,-0.001793972829992262,False,2015,-244.60000000001273
2015-09-15,-2.7619999999996905,-1.5899999999996905,2,2070.16,2090.61,-0.001334196390617001,-0.0007680565753370226,False,2015,-138.09999999998453
2015-09-16,1.0139999999999092,1.599999999999909,1,2093.8,2108.14,0.0004842869424013321,0.000764160855860115,False,2015,50.69999999999546
2015-09-17,0.0,0.0,0,2106.28,2103.09,0.0,0.0,False,2015,0.0
2015-09-18,0.0,0.0,0,2070.43,2067.24,0.0,0.0,False,2015,0.0
2015-09-21,-1.385999999999727,-0.799999999999727,1,2078.39,2078.92,-0.0006668623309387204,-0.00038491332233109624,False,2015,-69.29999999998635
2015-09-22,0.0,0.0,0,2051.04,2051.3,0.0,0.0,False,2015,0.0
2015-09-23,0.0,0.0,0,2053.69,2047.85,0.0,0.0,False,2015,0.0
2015-09-24,-1.3859999999999544,-0.7999999999999544,1,2032.45,2041.21,-0.0006819355949715636,-0.00039361361903119605,False,2015,-69.29999999999772
2015-09-25,0.0,0.0,0,2059.54,2040.42,0.0,0.0,False,2015,0.0
2015-09-28,29.693999999999974,30.279999999999973,1,2029.53,1987.83,0.014630973673707694,0.014919710474838989,False,2015,1484.6999999999987
2015-09-29,-7.496000000000082,-6.910000000000082,1,1991.55,1989.43,-0.0037639024880118913,-0.0034696593105872724,False,2015,-374.8000000000041
2015-09-30,-4.036000000000046,-3.450000000000046,1,2014.12,2027.93,-0.0020038527992374067,-0.0017129068774452596,False,2015,-201.80000000000229
2015-10-01,-27.722000000000182,-26.550000000000182,2,2032.18,2032.71,-0.013641508134122066,-0.01306478756803048,False,2015,-1386.1000000000092
2015-10-02,0.0,0.0,0,2007.48,2062.99,0.0,0.0,False,2015,0.0
2015-10-05,-1.915999999999927,-1.3299999999999272,1,2078.92,2100.97,-0.000921632386046566,-0.0006397552575375325,False,2015,-95.79999999999636
2015-10-06,0.0,0.0,0,2098.58,2093.53,0.0,0.0,False,2015,0.0
2015-10-07,0.0,0.0,0,2104.95,2111.06,0.0,0.0,False,2015,0.0
2015-10-08,0.0,0.0,0,2106.01,2130.18,0.0,0.0,False,2015,0.0
2015-10-09,0.0,0.0,0,2132.04,2131.77,0.0,0.0,False,2015,0.0
2015-10-12,0.0,0.0,0,2132.04,2133.63,0.0,0.0,False,2015,0.0
2015-10-13,0.0,0.0,0,2124.07,2119.56,0.0,0.0,False,2015,0.0
2015-10-14,0.0,0.0,0,2119.29,2109.47,0.0,0.0,False,2015,0.0
2015-10-15,0.0,0.0,0,2118.5,2142.4,0.0,0.0,False,2015,0.0
2015-10-16,0.0,0.0,0,2147.71,2150.63,0.0,0.0,False,2015,0.0
2015-10-19,0.0,0.0,0,2143.99,2152.75,0.0,0.0,False,2015,0.0
2015-10-20,0.0,0.0,0,2147.71,2150.36,0.0,0.0,False,2015,0.0
2015-10-21,0.0,0.0,0,2156.21,2136.82,0.0,0.0,False,2015,0.0
2015-10-22,13.223999999999945,13.809999999999945,1,2149.3,2173.2,0.006152700879356043,0.006425347787651767,False,2015,661.1999999999972
2015-10-23,0.0,0.0,0,2194.98,2197.9,0.0,0.0,False,2015,0.0
2015-10-26,0.0,0.0,0,2195.51,2192.06,0.0,0.0,False,2015,0.0
2015-10-27,0.0,0.0,0,2183.56,2187.81,0.0,0.0,False,2015,0.0
2015-10-28,0.0,0.0,0,2192.06,2213.31,0.0,0.0,False,2015,0.0
2015-10-29,0.0,0.0,0,2206.4,2211.98,0.0,0.0,False,2015,0.0
2015-10-30,0.0,0.0,0,2214.1,2201.35,0.0,0.0,False,2015,0.0
2015-11-02,0.0,0.0,0,2206.4,2227.91,0.0,0.0,False,2015,0.0
2015-11-03,0.0,0.0,0,2223.93,2234.02,0.0,0.0,False,2015,0.0
2015-11-04,0.0,0.0,0,2238.27,2227.38,0.0,0.0,False,2015,0.0
2015-11-05,0.0,0.0,0,2227.91,2224.73,0.0,0.0,False,2015,0.0
2015-11-06,0.0,0.0,0,2220.74,2223.66,0.0,0.0,False,2015,0.0
2015-11-09,-0.32600000000023643,0.25999999999976353,1,2215.96,2202.42,-0.00014711456885514019,0.00011733063773703655,False,2015,-16.30000000001182
2015-11-10,0.0,0.0,0,2196.57,2207.2,0.0,0.0,False,2015,0.0
2015-11-11,0.0,0.0,0,2211.45,2198.96,0.0,0.0,False,2015,0.0
2015-11-12,0.0,0.0,0,2185.95,2168.69,0.0,0.0,False,2015,0.0
2015-11-13,-4.5660000000000185,-3.9800000000000186,1,2163.11,2143.72,-0.0021108496562819356,-0.0018399434148055431,False,2015,-228.30000000000092
2015-11-16,0.0,0.0,0,2141.6,2176.66,0.0,0.0,False,2015,0.0
2015-11-17,0.0,0.0,0,2180.64,2174.27,0.0,0.0,False,2015,0.0
2015-11-18,0.0,0.0,0,2181.44,2210.12,0.0,0.0,False,2015,0.0
2015-11-19,0.0,0.0,0,2208.53,2207.99,0.0,0.0,False,2015,0.0
2015-11-20,0.0,0.0,0,2217.82,2216.49,0.0,0.0,False,2015,0.0
2015-11-23,0.0,0.0,0,2217.02,2213.57,0.0,0.0,False,2015,0.0
2015-11-24,0.0,0.0,0,2200.56,2217.02,0.0,0.0,False,2015,0.0
2015-11-25,0.0,0.0,0,2218.09,2216.49,0.0,0.0,False,2015,0.0
2015-11-26,0.0,0.0,0,2225.52,2225.79,0.0,0.0,True,2015,0.0
2015-11-27,0.0,0.0,0,2217.55,2220.74,0.0,0.0,True,2015,0.0
2015-11-30,0.0,0.0,0,2220.48,2209.59,0.0,0.0,False,2015,0.0
2015-12-01,-8.016000000000291,-7.430000000000291,1,2217.82,2231.63,-0.0036143600472537405,-0.0033501366206456296,False,2015,-400.80000000001456
2015-12-02,0.0,0.0,0,2230.3,2207.46,0.0,0.0,False,2015,0.0
2015-12-03,7.588000000000219,8.760000000000218,2,2211.18,2176.39,0.003431651878182789,0.0039616856158251335,False,2015,379.40000000001095
2015-12-04,24.104000000000056,24.690000000000055,1,2181.7,2219.41,0.011048265114360387,0.011316862996745683,False,2015,1205.2000000000028
2015-12-07,-3.2919999999998906,-2.119999999999891,2,2214.9,2204.81,-0.0014862973497674343,-0.0009571538218429232,False,2015,-164.59999999999454
2015-12-08,0.0,0.0,0,2185.69,2190.73,0.0,0.0,False,2015,0.0
2015-12-09,-18.68200000000022,-17.51000000000022,2,2182.5,2173.73,-0.008559908361970318,-0.00802290950744569,False,2015,-934.1000000000109
2015-12-10,0.0,0.0,0,2174.53,2178.78,0.0,0.0,False,2015,0.0
2015-12-11,0.0,0.0,0,2152.22,2136.02,0.0,0.0,False,2015,0.0
2015-12-14,-11.041999999999891,-9.86999999999989,2,2138.4,2148.53,-0.005163673774784835,-0.004615600448933731,False,2015,-552.0999999999946
2015-12-15,-3.2560000000000726,-2.6700000000000728,1,2166.67,2170.93,-0.0015027669188201584,-0.0012323057964526544,False,2015,-162.80000000000362
2015-12-16,0.0,0.0,0,2185.07,2202.4,0.0,0.0,False,2015,0.0
2015-12-17,23.683999999999983,24.269999999999982,1,2206.67,2167.73,0.010732914300733677,0.010998472811974596,False,2015,1184.1999999999991
2015-12-18,13.28399999999989,13.86999999999989,1,2156.8,2127.19,0.006159124629080068,0.006430823442136448,False,2015,664.1999999999945
2015-12-21,0.0,0.0,0,2144.53,2146.66,0.0,0.0,False,2015,0.0
2015-12-22,0.0,0.0,0,2157.86,2166.67,0.0,0.0,False,2015,0.0
2015-12-23,0.0,0.0,0,2179.47,2194.4,0.0,0.0,False,2015,0.0
2015-12-24,0.0,0.0,0,2190.94,2187.73,0.0,0.0,True,2015,0.0
2015-12-28,0.0,0.0,0,2181.6,2184.53,0.0,0.0,False,2015,0.0
2015-12-29,0.0,0.0,0,2198.94,2209.07,0.0,0.0,False,2015,0.0
2015-12-30,0.0,0.0,0,2205.34,2192.8,0.0,0.0,False,2015,0.0
2015-12-31,0.0,0.0,0,2183.73,2170.4,0.0,0.0,False,2015,0.0
2016-01-04,-7.516000000000291,-6.930000000000291,1,2133.59,2138.66,-0.0035227011750150173,-0.003248046719379211,False,2016,-375.80000000001456
2016-01-05,0.0,0.0,0,2143.2,2143.73,0.0,0.0,False,2016,0.0
2016-01-06,0.0,0.0,0,2110.13,2115.46,0.0,0.0,False,2016,0.0
2016-01-07,0.0,0.0,0,2078.65,2063.99,0.0,0.0,False,2016,0.0
2016-01-08,0.0,0.0,0,2076.79,2041.58,0.0,0.0,False,2016,0.0
2016-01-11,0.0,0.0,0,2053.32,2043.18,0.0,0.0,False,2016,0.0
2016-01-12,0.0,0.0,0,2061.85,2059.72,0.0,0.0,False,2016,0.0
2016-01-13,28.4379999999999,29.6099999999999,2,2068.52,2008.51,0.013747993734650812,0.014314582406744871,False,2016,1421.8999999999949
2016-01-14,-20.958000000000045,-19.200000000000045,3,2016.25,2041.05,-0.01039454432734038,-0.009522628642281485,False,2016,-1047.9000000000021
2016-01-15,0.0,0.0,0,1986.11,1996.78,0.0,0.0,False,2016,0.0
2016-01-18,0.0,0.0,0,1994.38,1998.11,0.0,0.0,True,2016,0.0
2016-01-19,0.0,0.0,0,2020.78,1999.98,0.0,0.0,False,2016,0.0
2016-01-20,-17.656000000000162,-17.070000000000164,1,1967.97,1975.44,-0.008971681478884415,-0.00867391271208411,False,2016,-882.8000000000081
2016-01-21,-40.43799999999984,-38.679999999999836,3,1980.24,1985.31,-0.020420757079949822,-0.019532985900698824,False,2016,-2021.899999999992
2016-01-22,0.0,0.0,0,2018.65,2026.12,0.0,0.0,False,2016,0.0
2016-01-25,0.0,0.0,0,2020.25,1995.98,0.0,0.0,False,2016,0.0
2016-01-26,3.628000000000182,4.800000000000182,2,2004.25,2022.65,0.001810153423974146,0.0023949108145192377,False,2016,181.4000000000091
2016-01-27,-6.4459999999999,-5.8599999999999,1,2016.51,2000.51,-0.003196611968202439,-0.002906010880184031,False,2016,-322.299999999995
2016-01-28,0.0,0.0,0,2020.25,2011.71,0.0,0.0,False,2016,0.0
2016-01-29,26.614000000000047,27.200000000000045,1,2021.05,2060.25,0.013168402563024194,0.013458350857227701,False,2016,1330.7000000000023
2016-02-01,0.0,0.0,0,2047.45,2059.72,0.0,0.0,False,2016,0.0
2016-02-02,-0.3620000000000545,0.8099999999999454,2,2041.32,2021.85,-0.00017733623341761924,0.00039680206924928255,False,2016,-18.100000000002726
2016-02-03,-15.3120000000001,-14.1400000000001,2,2035.98,2033.58,-0.0075207025609289385,-0.006945058399394935,False,2016,-765.600000000005
2016-02-04,-11.246000000000082,-10.660000000000082,1,2028.52,2037.32,-0.005543943367578374,-0.0052550628044091665,False,2016,-562.3000000000042
2016-02-05,22.343999999999838,22.929999999999836,1,2031.18,1998.38,0.011000502171151665,0.011289004421075353,False,2016,1117.1999999999919
2016-02-08,-11.852000000000064,-10.680000000000064,2,1975.18,1970.91,-0.006000465780333976,-0.005407102137526739,False,2016,-592.6000000000032
2016-02-09,0.0,0.0,0,1949.31,1971.44,0.0,0.0,False,2016,0.0
2016-02-10,-7.516000000000064,-6.930000000000064,1,1982.38,1970.37,-0.0037914022538565076,-0.0034957979802056434,False,2016,-375.8000000000032
2016-02-11,0.0,0.0,0,1938.64,1946.11,0.0,0.0,False,2016,0.0
2016-02-12,0.0,0.0,0,1966.64,1985.04,0.0,0.0,False,2016,0.0
2016-02-15,0.0,0.0,0,2006.11,2011.18,0.0,0.0,True,2016,0.0
2016-02-16,0.0,0.0,0,2007.98,2018.11,0.0,0.0,False,2016,0.0
2016-02-17,4.483999999999709,5.069999999999709,1,2033.32,2051.45,0.0022052603623628885,0.0024934589735013226,False,2016,224.19999999998544
2016-02-18,0.0,0.0,0,2054.65,2042.38,0.0,0.0,False,2016,0.0
2016-02-19,0.0,0.0,0,2033.32,2042.38,0.0,0.0,False,2016,0.0
2016-02-22,0.0,0.0,0,2061.85,2071.45,0.0,0.0,False,2016,0.0
2016-02-23,-3.515999999999836,-2.9299999999998363,1,2063.45,2045.85,-0.001703942426518615,-0.001419952022098833,False,2016,-175.7999999999918
2016-02-24,-5.1160000000002,-4.5300000000002,1,2027.18,2054.65,-0.0025237028778895805,-0.002234631359820144,False,2016,-255.80000000001002
2016-02-25,0.0,0.0,0,2060.52,2079.72,0.0,0.0,False,2016,0.0
2016-02-26,0.0,0.0,0,2090.66,2075.19,0.0,0.0,False,2016,0.0
2016-02-29,0.0,0.0,0,2074.65,2057.05,0.0,0.0,False,2016,0.0
2016-03-01,17.283999999999892,17.86999999999989,1,2073.59,2107.46,0.008335302542932736,0.008617904214429994,False,2016,864.1999999999946
2016-03-02,0.0,0.0,0,2102.66,2116.26,0.0,0.0,False,2016,0.0
2016-03-03,0.0,0.0,0,2114.66,2124.53,0.0,0.0,False,2016,0.0
2016-03-04,0.0,0.0,0,2127.46,2130.93,0.0,0.0,False,2016,0.0
2016-03-07,0.0,0.0,0,2119.99,2133.33,0.0,0.0,False,2016,0.0
2016-03-08,0.0,0.0,0,2119.46,2109.33,0.0,0.0,False,2016,0.0
2016-03-09,0.0,0.0,0,2120.26,2120.79,0.0,0.0,False,2016,0.0
2016-03-10,-24.911999999999782,-23.73999999999978,2,2126.39,2121.86,-0.011715630716848642,-0.011164461834376471,False,2016,-1245.5999999999892
2016-03-11,0.0,0.0,0,2140.8,2156.53,0.0,0.0,False,2016,0.0
2016-03-14,0.0,0.0,0,2150.39,2153.87,0.0,0.0,False,2016,0.0
2016-03-15,0.0,0.0,0,2141.54,2150.92,0.0,0.0,False,2016,0.0
2016-03-16,0.0,0.0,0,2143.95,2163.52,0.0,0.0,False,2016,0.0
2016-03-17,0.0,0.0,0,2161.64,2177.18,0.0,0.0,False,2016,0.0
2016-03-18,0.0,0.0,0,2183.08,2185.76,0.0,0.0,False,2016,0.0
2016-03-21,0.0,0.0,0,2182.0,2188.44,0.0,0.0,False,2016,0.0
2016-03-22,0.0,0.0,0,2178.25,2187.9,0.0,0.0,False,2016,0.0
2016-03-23,0.0,0.0,0,2182.81,2173.43,0.0,0.0,False,2016,0.0
2016-03-24,0.0,0.0,0,2159.5,2172.36,0.0,0.0,False,2016,0.0
2016-03-28,0.0,0.0,0,2177.18,2173.43,0.0,0.0,False,2016,0.0
2016-03-29,0.0,0.0,0,2168.34,2194.33,0.0,0.0,False,2016,0.0
2016-03-30,0.0,0.0,0,2206.12,2203.98,0.0,0.0,False,2016,0.0
2016-03-31,0.0,0.0,0,2202.1,2198.35,0.0,0.0,False,2016,0.0
2016-04-01,0.0,0.0,0,2185.49,2212.82,0.0,0.0,False,2016,0.0
2016-04-04,0.0,0.0,0,2212.55,2205.85,0.0,0.0,False,2016,0.0
2016-04-05,0.0,0.0,0,2188.7,2183.88,0.0,0.0,False,2016,0.0
2016-04-06,-1.3959999999999453,-0.8099999999999453,1,2184.68,2207.73,-0.0006389951846494431,-0.0003707636816375604,False,2016,-69.79999999999727
2016-04-07,0.0,0.0,0,2194.06,2180.93,0.0,0.0,False,2016,0.0
2016-04-08,0.0,0.0,0,2196.21,2187.36,0.0,0.0,False,2016,0.0
2016-04-11,0.0,0.0,0,2195.4,2181.47,0.0,0.0,False,2016,0.0
2016-04-12,0.0,0.0,0,2184.15,2202.91,0.0,0.0,False,2016,0.0
2016-04-13,0.0,0.0,0,2214.16,2225.15,0.0,0.0,False,2016,0.0
2016-04-14,0.0,0.0,0,2225.68,2225.15,0.0,0.0,False,2016,0.0
2016-04-15,0.0,0.0,0,2225.15,2222.47,0.0,0.0,False,2016,0.0
2016-04-18,0.0,0.0,0,2215.23,2238.54,0.0,0.0,False,2016,0.0
2016-04-19,0.0,0.0,0,2243.37,2245.24,0.0,0.0,False,2016,0.0
2016-04-20,0.0,0.0,0,2246.05,2247.12,0.0,0.0,False,2016,0.0
2016-04-21,0.0,0.0,0,2247.66,2235.33,0.0,0.0,False,2016,0.0
2016-04-22,0.0,0.0,0,2231.04,2235.87,0.0,0.0,False,2016,0.0
2016-04-25,0.0,0.0,0,2227.83,2231.58,0.0,0.0,False,2016,0.0
2016-04-26,0.0,0.0,0,2236.4,2235.6,0.0,0.0,False,2016,0.0
2016-04-27,0.0,0.0,0,2230.24,2239.62,0.0,0.0,False,2016,0.0
2016-04-28,0.0,0.0,0,2229.7,2219.25,0.0,0.0,False,2016,0.0
2016-04-29,-1.665999999999927,-1.0799999999999272,1,2210.94,2206.66,-0.000753525649723614,-0.0004884800130261007,False,2016,-83.29999999999636
2016-05-02,0.0,0.0,0,2213.36,2224.34,0.0,0.0,False,2016,0.0
2016-05-03,0.0,0.0,0,2208.53,2204.78,0.0,0.0,False,2016,0.0
2016-05-04,0.0,0.0,0,2191.92,2191.92,0.0,0.0,False,2016,0.0
2016-05-05,0.0,0.0,0,2198.08,2191.65,0.0,0.0,False,2016,0.0
2016-05-06,0.0,0.0,0,2181.74,2199.42,0.0,0.0,False,2016,0.0
2016-05-09,0.0,0.0,0,2197.81,2201.3,0.0,0.0,False,2016,0.0
2016-05-10,0.0,0.0,0,2210.41,2228.9,0.0,0.0,False,2016,0.0
2016-05-11,0.0,0.0,0,2223.27,2208.53,0.0,0.0,False,2016,0.0
2016-05-12,0.0,0.0,0,2216.3,2208.53,0.0,0.0,False,2016,0.0
2016-05-13,0.0,0.0,0,2204.78,2188.97,0.0,0.0,False,2016,0.0
2016-05-16,6.914,7.5,1,2191.12,2210.94,0.003155463872357516,0.0034229070064624484,False,2016,345.7
2016-05-17,0.0,0.0,0,2207.46,2190.31,0.0,0.0,False,2016,0.0
2016-05-18,0.0,0.0,0,2185.76,2190.85,0.0,0.0,False,2016,0.0
2016-05-19,-5.1919999999999815,-4.019999999999982,2,2181.2,2182.81,-0.002380341096644041,-0.0018430221896203842,False,2016,-259.59999999999906
2016-05-20,-2.466000000000109,-1.8800000000001091,1,2190.31,2196.21,-0.0011258680278134643,-0.0008583259903849726,False,2016,-123.30000000000545
2016-05-23,0.0,0.0,0,2196.74,2192.99,0.0,0.0,False,2016,0.0
2016-05-24,9.323999999999854,9.909999999999854,1,2204.25,2221.93,0.004230010207553523,0.004495860269933018,False,2016,466.1999999999927
2016-05-25,0.0,0.0,0,2231.04,2236.67,0.0,0.0,False,2016,0.0
2016-05-26,0.0,0.0,0,2239.35,2237.74,0.0,0.0,False,2016,0.0
2016-05-27,0.0,0.0,0,2239.88,2247.39,0.0,0.0,False,2016,0.0
2016-05-30,0.0,0.0,0,2252.75,2253.01,0.0,0.0,True,2016,0.0
2016-05-31,0.0,0.0,0,2250.87,2243.37,0.0,0.0,False,2016,0.0
2016-06-01,0.0,0.0,0,2235.6,2247.66,0.0,0.0,False,2016,0.0
2016-06-02,0.0,0.0,0,2242.56,2254.35,0.0,0.0,False,2016,0.0
2016-06-03,-6.745999999999855,-6.1599999999998545,1,2247.66,2248.19,-0.003001343619586528,-0.0027406280309298803,False,2016,-337.29999999999274
2016-06-06,0.0,0.0,0,2252.21,2259.45,0.0,0.0,False,2016,0.0
2016-06-07,0.0,0.0,0,2261.32,2262.93,0.0,0.0,False,2016,0.0
2016-06-08,0.0,0.0,0,2264.54,2270.16,0.0,0.0,False,2016,0.0
2016-06-09,0.0,0.0,0,2261.05,2266.41,0.0,0.0,False,2016,0.0
2016-06-10,0.0,0.0,0,2249.8,2245.78,0.0,0.0,False,2016,0.0
2016-06-13,0.0,0.0,0,2238.28,2228.09,0.0,0.0,False,2016,0.0
2016-06-14,-0.055999999999799877,0.5300000000002001,1,2223.52,2224.86,-2.5185291789504875e-05,0.00023836079729447007,False,2016,-2.7999999999899936
2016-06-15,0.0,0.0,0,2229.98,2221.09,0.0,0.0,False,2016,0.0
2016-06-16,-2.466000000000109,-1.8800000000001091,1,2210.33,2228.63,-0.0011156705107382649,-0.0008505517275701407,False,2016,-123.30000000000545
2016-06-17,-1.3959999999999453,-0.8099999999999453,1,2226.48,2220.02,-0.0006269986705472069,-0.00036380295354099083,False,2016,-69.79999999999727
2016-06-20,0.0,0.0,0,2244.24,2234.01,0.0,0.0,False,2016,0.0
2016-06-21,0.0,0.0,0,2238.59,2239.67,0.0,0.0,False,2016,0.0
2016-06-22,0.0,0.0,0,2242.09,2235.63,0.0,0.0,False,2016,0.0
2016-06-23,0.0,0.0,0,2255.01,2266.04,0.0,0.0,False,2016,0.0
2016-06-24,0.0,0.0,0,2187.18,2182.87,0.0,0.0,False,2016,0.0
2016-06-27,7.978000000000091,9.150000000000091,2,2164.84,2143.58,0.0036852608044936766,0.0042266403059810845,False,2016,398.9000000000046
2016-06-28,-4.626000000000419,-4.040000000000418,1,2163.76,2182.07,-0.002137945058601887,-0.001867120198173743,False,2016,-231.30000000002093
2016-06-29,7.168000000000146,8.340000000000146,2,2200.37,2220.02,0.0032576339433823156,0.0037902716361339892,False,2016,358.4000000000073
2016-06-30,8.563999999999636,9.149999999999636,1,2226.21,2251.24,0.0038468967437930994,0.004110124381796702,False,2016,428.1999999999818
2016-07-01,-4.086,-3.5000000000000004,1,2249.36,2254.47,-0.0018165166980830102,-0.0015559981505850553,False,2016,-204.3
2016-07-04,0.0,0.0,0,2259.85,2260.93,0.0,0.0,True,2016,0.0
2016-07-05,0.0,0.0,0,2245.05,2239.13,0.0,0.0,False,2016,0.0
2016-07-06,0.0,0.0,0,2232.67,2253.39,0.0,0.0,False,2016,0.0
2016-07-07,-1.1260000000004182,-0.5400000000004183,1,2254.74,2250.97,-0.0004993923911406275,-0.00023949546289169407,False,2016,-56.30000000002091
2016-07-08,7.214000000000182,7.800000000000182,1,2267.66,2284.88,0.0031812529215138876,0.0034396690861946597,False,2016,360.7000000000091
2016-07-11,0.0,0.0,0,2290.54,2293.23,0.0,0.0,False,2016,0.0
2016-07-12,0.0,0.0,0,2305.34,2309.92,0.0,0.0,False,2016,0.0
2016-07-13,0.0,0.0,0,2315.57,2309.65,0.0,0.0,False,2016,0.0
2016-07-14,0.0,0.0,0,2325.8,2322.3,0.0,0.0,False,2016,0.0
2016-07-15,0.0,0.0,0,2329.56,2319.34,0.0,0.0,False,2016,0.0
2016-07-18,0.0,0.0,0,2320.95,2325.8,0.0,0.0,False,2016,0.0
2016-07-19,0.0,0.0,0,2320.41,2323.1,0.0,0.0,False,2016,0.0
2016-07-20,0.0,0.0,0,2329.3,2332.79,0.0,0.0,False,2016,0.0
2016-07-21,0.0,0.0,0,2331.72,2323.91,0.0,0.0,False,2016,0.0
2016-07-22,0.0,0.0,0,2325.8,2334.41,0.0,0.0,False,2016,0.0
2016-07-25,-1.6559999999997088,-1.069999999999709,1,2331.99,2328.76,-0.0007101231137353544,-0.0004588355867734034,False,2016,-82.79999999998545
2016-07-26,0.0,0.0,0,2327.41,2329.56,0.0,0.0,False,2016,0.0
2016-07-27,0.0,0.0,0,2334.41,2327.14,0.0,0.0,False,2016,0.0
2016-07-28,0.0,0.0,0,2324.72,2329.83,0.0,0.0,False,2016,0.0
2016-07-29,0.0,0.0,0,2326.6,2333.33,0.0,0.0,False,2016,0.0
2016-08-01,0.0,0.0,0,2334.14,2330.64,0.0,0.0,False,2016,0.0
2016-08-02,0.483999999999709,1.069999999999709,1,2327.95,2316.38,0.00020790824545188216,0.00045963186494542795,False,2016,24.19999999998545
2016-08-03,0.0,0.0,0,2315.57,2323.1,0.0,0.0,False,2016,0.0
2016-08-04,0.0,0.0,0,2324.18,2325.53,0.0,0.0,False,2016,0.0
2016-08-05,-2.7919999999998906,-1.6199999999998906,2,2334.14,2344.64,-0.0011961578996974864,-0.0006940457727470892,False,2016,-139.59999999999454
2016-08-08,0.0,0.0,0,2347.33,2343.02,0.0,0.0,False,2016,0.0
2016-08-09,0.0,0.0,0,2344.1,2344.37,0.0,0.0,False,2016,0.0
2016-08-10,0.0,0.0,0,2345.98,2338.45,0.0,0.0,False,2016,0.0
2016-08-11,0.0,0.0,0,2345.18,2349.48,0.0,0.0,False,2016,0.0
2016-08-12,0.0,0.0,0,2345.71,2347.06,0.0,0.0,False,2016,0.0
2016-08-15,0.0,0.0,0,2352.17,2354.6,0.0,0.0,False,2016,0.0
2016-08-16,0.0,0.0,0,2348.67,2341.95,0.0,0.0,False,2016,0.0
2016-08-17,-4.672,-3.5,2,2342.48,2346.25,-0.0019944674020696013,-0.0014941429595983745,False,2016,-233.6
2016-08-18,0.0,0.0,0,2345.71,2351.64,0.0,0.0,False,2016,0.0
2016-08-19,0.0,0.0,0,2345.71,2348.41,0.0,0.0,False,2016,0.0
2016-08-22,0.0,0.0,0,2344.91,2347.6,0.0,0.0,False,2016,0.0
2016-08-23,0.0,0.0,0,2355.4,2352.44,0.0,0.0,False,2016,0.0
2016-08-24,0.0,0.0,0,2351.1,2340.87,0.0,0.0,False,2016,0.0
2016-08-25,0.0,0.0,0,2335.49,2338.18,0.0,0.0,False,2016,0.0
2016-08-26,-17.32200000000009,-16.15000000000009,2,2341.41,2334.14,-0.007398106269299308,-0.006897553183765377,False,2016,-866.1000000000046
2016-08-29,0.978000000000091,2.150000000000091,2,2336.02,2346.25,0.00041866079913703265,0.0009203688324586651,False,2016,48.90000000000455
2016-08-30,0.0,0.0,0,2344.91,2341.68,0.0,0.0,False,2016,0.0
2016-08-31,-8.93599999999991,-8.349999999999909,1,2338.18,2334.95,-0.0038217759111787417,-0.0035711536323122725,False,2016,-446.79999999999546
2016-09-01,-7.902000000000018,-6.730000000000018,2,2334.41,2334.95,-0.0033850094884788954,-0.0028829554362772686,False,2016,-395.1000000000009
2016-09-02,0.0,0.0,0,2345.71,2345.44,0.0,0.0,False,2016,0.0
2016-09-05,0.0,0.0,0,2345.71,2345.71,0.0,0.0,True,2016,0.0
2016-09-06,0.0,0.0,0,2348.94,2352.98,0.0,0.0,False,2016,0.0
2016-09-07,0.0,0.0,0,2350.29,2352.71,0.0,0.0,False,2016,0.0
2016-09-08,0.0,0.0,0,2347.6,2346.79,0.0,0.0,False,2016,0.0
2016-09-09,30.6339999999998,31.2199999999998,1,2329.83,2289.73,0.013148598824806875,0.013400119322010533,False,2016,1531.69999999999
2016-09-12,20.637999999999945,21.809999999999945,2,2280.31,2322.84,0.009050523832285938,0.00956448903877102,False,2016,1031.8999999999971
2016-09-13,8.834000000000072,9.420000000000073,1,2306.69,2288.92,0.00382973004608338,0.004083773719052006,False,2016,441.7000000000036
2016-09-14,-7.0660000000000185,-6.480000000000018,1,2290.51,2288.35,-0.0030849024889653474,-0.002829064269529501,False,2016,-353.3000000000009
2016-09-15,14.53399999999989,15.11999999999989,1,2286.19,2311.58,0.006357301886544815,0.006613623539600773,False,2016,726.6999999999945
2016-09-16,0.0,0.0,0,2302.13,2301.32,0.0,0.0,False,2016,0.0
2016-09-19,-2.4759999999998725,-1.8899999999998727,1,2310.5,2302.13,-0.0010716295174204166,-0.0008180047608742145,False,2016,-123.79999999999363
2016-09-20,0.0,0.0,0,2313.47,2302.67,0.0,0.0,False,2016,0.0
2016-09-21,0.0,0.0,0,2311.31,2328.05,0.0,0.0,False,2016,0.0
2016-09-22,0.0,0.0,0,2341.28,2342.63,0.0,0.0,False,2016,0.0
2016-09-23,0.0,0.0,0,2337.77,2330.21,0.0,0.0,False,2016,0.0
2016-09-26,-3.285999999999818,-2.699999999999818,1,2320.22,2310.5,-0.001416245011248855,-0.0011636827542215041,False,2016,-164.2999999999909
2016-09-27,0.4939999999999273,1.0799999999999272,1,2308.61,2325.08,0.00021398157332764184,0.00046781396597949727,False,2016,24.699999999996365
2016-09-28,0.0,0.0,0,2328.32,2337.23,0.0,0.0,False,2016,0.0
2016-09-29,2.653999999999782,3.2399999999997817,1,2334.53,2315.63,0.001136845532077027,0.00138785965483407,False,2016,132.6999999999891
2016-09-30,-4.1419999999998,-2.9699999999998,2,2325.89,2333.72,-0.0017808236846969547,-0.0012769305513157545,False,2016,-207.09999999999
2016-10-03,0.0,0.0,0,2327.51,2326.16,0.0,0.0,False,2016,0.0
2016-10-04,0.0,0.0,0,2328.59,2315.36,0.0,0.0,False,2016,0.0
2016-10-05,0.0,0.0,0,2322.92,2325.62,0.0,0.0,False,2016,0.0
2016-10-06,0.0,0.0,0,2322.38,2327.24,0.0,0.0,False,2016,0.0
2016-10-07,-10.352000000000292,-9.180000000000291,2,2330.21,2318.87,-0.004442518056312646,-0.003939559095532287,False,2016,-517.6000000000146
2016-10-10,0.0,0.0,0,2331.02,2330.48,0.0,0.0,False,2016,0.0
2016-10-11,15.073999999999854,15.659999999999854,1,2325.35,2301.59,0.006482465005267962,0.006734470079772875,False,2016,753.6999999999927
2016-10-12,0.0,0.0,0,2302.94,2304.56,0.0,0.0,False,2016,0.0
2016-10-13,-1.3959999999999453,-0.8099999999999453,1,2287.54,2296.73,-0.0006102625527859383,-0.0003540921688800831,False,2016,-69.79999999999727
2016-10-14,0.0,0.0,0,2308.88,2297.54,0.0,0.0,False,2016,0.0
2016-10-17,0.0,0.0,0,2297.54,2290.24,0.0,0.0,False,2016,0.0
2016-10-18,0.0,0.0,0,2310.5,2304.02,0.0,0.0,False,2016,0.0
2016-10-19,0.0,0.0,0,2308.07,2310.23,0.0,0.0,False,2016,0.0
2016-10-20,0.0,0.0,0,2305.91,2306.18,0.0,0.0,False,2016,0.0
2016-10-21,0.0,0.0,0,2295.65,2306.72,0.0,0.0,False,2016,0.0
2016-10-24,0.0,0.0,0,2317.79,2316.44,0.0,0.0,False,2016,0.0
2016-10-25,0.0,0.0,0,2314.28,2309.15,0.0,0.0,False,2016,0.0
2016-10-26,0.0,0.0,0,2298.08,2304.29,0.0,0.0,False,2016,0.0
2016-10-27,0.0,0.0,0,2313.47,2298.35,0.0,0.0,False,2016,0.0
2016-10-28,0.0,0.0,0,2297.81,2291.32,0.0,0.0,False,2016,0.0
2016-10-31,0.0,0.0,0,2295.65,2290.78,0.0,0.0,False,2016,0.0
2016-11-01,6.4339999999999815,7.019999999999982,1,2295.38,2274.04,0.0028030217218935347,0.003058317141388346,False,2016,321.6999999999991
2016-11-02,0.0,0.0,0,2270.26,2259.73,0.0,0.0,False,2016,0.0
2016-11-03,0.0,0.0,0,2262.97,2250.55,0.0,0.0,False,2016,0.0
2016-11-04,-0.8559999999999818,-0.2699999999999818,1,2251.36,2247.04,-0.00038021462582615915,-0.00011992751048254468,False,2016,-42.79999999999909
2016-11-07,8.06400000000009,8.650000000000091,1,2278.63,2297.0,0.003538968590776076,0.0037961406634688783,False,2016,403.20000000000454
2016-11-08,-1.3959999999999453,-0.8099999999999453,1,2292.67,2307.8,-0.0006088970501641951,-0.0003532998643502751,False,2016,-69.79999999999727
2016-11-09,14.53399999999989,15.11999999999989,1,2288.62,2332.91,0.006350551860946724,0.006606601358023565,False,2016,726.6999999999945
2016-11-10,-7.0660000000000185,-6.480000000000018,1,2342.09,2337.77,-0.003016963481335055,-0.0027667596036019186,False,2016,-353.3000000000009
2016-11-11,0.0,0.0,0,2329.4,2332.91,0.0,0.0,False,2016,0.0
2016-11-14,0.0,0.0,0,2339.12,2333.45,0.0,0.0,False,2016,0.0
2016-11-15,0.0,0.0,0,2339.12,2352.08,0.0,0.0,False,2016,0.0
2016-11-16,0.0,0.0,0,2344.79,2348.3,0.0,0.0,False,2016,0.0
2016-11-17,-5.501999999999927,-4.329999999999927,2,2349.65,2359.38,-0.002341625348456122,-0.0018428276551826557,False,2016,-275.0999999999963
2016-11-18,0.0,0.0,0,2360.73,2354.51,0.0,0.0,False,2016,0.0
2016-11-21,0.0,0.0,0,2361.81,2371.53,0.0,0.0,False,2016,0.0
2016-11-22,0.0,0.0,0,2376.39,2376.12,0.0,0.0,False,2016,0.0
2016-11-23,0.0,0.0,0,2370.45,2378.28,0.0,0.0,False,2016,0.0
2016-11-24,0.0,0.0,0,2380.98,2382.87,0.0,0.0,True,2016,0.0
2016-11-25,0.0,0.0,0,2382.6,2388.81,0.0,0.0,True,2016,0.0
2016-11-28,0.0,0.0,0,2383.14,2376.39,0.0,0.0,False,2016,0.0
2016-11-29,0.0,0.0,0,2376.66,2380.44,0.0,0.0,False,2016,0.0
2016-11-30,0.0,0.0,0,2388.54,2374.23,0.0,0.0,False,2016,0.0
2016-12-01,0.0,0.0,0,2378.28,2365.32,0.0,0.0,False,2016,0.0
2016-12-02,0.0,0.0,0,2366.94,2366.67,0.0,0.0,False,2016,0.0
2016-12-05,-0.8559999999999818,-0.2699999999999818,1,2377.47,2380.17,-0.00036004660416324156,-0.00011356610178045646,False,2016,-42.79999999999909
2016-12-06,0.0,0.0,0,2383.14,2388.54,0.0,0.0,False,2016,0.0
2016-12-07,18.593999999999838,19.179999999999836,1,2386.65,2419.33,0.0077908365281879775,0.008036368969056977,False,2016,929.6999999999919
2016-12-08,0.0,0.0,0,2419.33,2425.54,0.0,0.0,False,2016,0.0
2016-12-09,0.0,0.0,0,2428.78,2440.66,0.0,0.0,False,2016,0.0
2016-12-12,0.0,0.0,0,2439.58,2437.96,0.0,0.0,False,2016,0.0
2016-12-13,-3.285999999999818,-2.699999999999818,1,2446.6,2453.89,-0.001343088367530376,-0.0011035723044223896,False,2016,-164.2999999999909
2016-12-14,0.0,0.0,0,2451.18,2435.21,0.0,0.0,False,2016,0.0
2016-12-15,-4.375999999999964,-3.789999999999964,1,2437.64,2444.41,-0.0017951789435683547,-0.0015547824945438885,False,2016,-218.7999999999982
2016-12-16,0.0,0.0,0,2449.01,2440.89,0.0,0.0,False,2016,0.0
2016-12-19,0.0,0.0,0,2443.06,2445.77,0.0,0.0,False,2016,0.0
2016-12-20,0.0,0.0,0,2453.07,2454.97,0.0,0.0,False,2016,0.0
2016-12-21,0.0,0.0,0,2453.62,2448.47,0.0,0.0,False,2016,0.0
2016-12-22,0.0,0.0,0,2445.77,2444.14,0.0,0.0,False,2016,0.0
2016-12-23,0.0,0.0,0,2443.6,2446.31,0.0,0.0,False,2016,0.0
2016-12-27,-0.8559999999999818,-0.2699999999999818,1,2449.83,2451.72,-0.00034941200001632023,-0.00011021172897710528,False,2016,-42.79999999999909
2016-12-28,8.027999999999818,9.199999999999818,2,2454.97,2431.42,0.003270101060298015,0.0037474999694496547,False,2016,401.3999999999909
2016-12-29,0.0,0.0,0,2431.96,2431.15,0.0,0.0,False,2016,0.0
2016-12-30,-1.665999999999927,-1.0799999999999272,1,2435.21,2422.21,-0.0006841299107674193,-0.0004434935796091209,False,2016,-83.29999999999636
2017-01-03,0.0,0.0,0,2438.73,2439.27,0.0,0.0,False,2017,0.0
2017-01-04,0.0,0.0,0,2443.33,2452.53,0.0,0.0,False,2017,0.0
2017-01-05,0.0,0.0,0,2449.28,2451.18,0.0,0.0,False,2017,0.0
2017-01-06,-5.195999999999673,-4.609999999999673,1,2452.53,2460.11,-0.002118628518305453,-0.001879691583792929,False,2017,-259.79999999998364
2017-01-09,0.0,0.0,0,2456.86,2452.53,0.0,0.0,False,2017,0.0
2017-01-10,0.0,0.0,0,2452.26,2451.45,0.0,0.0,False,2017,0.0
2017-01-11,0.0,0.0,0,2450.91,2458.49,0.0,0.0,False,2017,0.0
2017-01-12,-4.375999999999964,-3.789999999999964,1,2452.26,2452.8,-0.0017844763605816525,-0.001545513118511073,False,2017,-218.7999999999982
2017-01-13,0.0,0.0,0,2454.7,2457.95,0.0,0.0,False,2017,0.0
2017-01-16,0.0,0.0,0,2455.24,2453.89,0.0,0.0,True,2017,0.0
2017-01-17,0.0,0.0,0,2450.1,2449.83,0.0,0.0,False,2017,0.0
2017-01-18,0.0,0.0,0,2452.53,2454.43,0.0,0.0,False,2017,0.0
2017-01-19,0.0,0.0,0,2455.78,2446.04,0.0,0.0,False,2017,0.0
2017-01-20,0.0,0.0,0,2454.43,2454.16,0.0,0.0,False,2017,0.0
2017-01-23,0.0,0.0,0,2450.1,2449.01,0.0,0.0,False,2017,0.0
2017-01-24,0.0,0.0,0,2451.18,2464.17,0.0,0.0,False,2017,0.0
2017-01-25,0.0,0.0,0,2476.09,2484.75,0.0,0.0,False,2017,0.0
2017-01-26,0.0,0.0,0,2483.13,2482.58,0.0,0.0,False,2017,0.0
2017-01-27,0.0,0.0,0,2483.94,2479.06,0.0,0.0,False,2017,0.0
2017-01-30,-3.8260000000002363,-3.2400000000002365,1,2470.13,2463.9,-0.0015489063328651676,-0.001311671855327548,False,2017,-191.3000000000118
2017-01-31,0.0,0.0,0,2456.86,2463.63,0.0,0.0,False,2017,0.0
2017-02-01,0.0,0.0,0,2470.94,2463.63,0.0,0.0,False,2017,0.0
2017-02-02,0.0,0.0,0,2459.03,2464.99,0.0,0.0,False,2017,0.0
2017-02-03,0.0,0.0,0,2476.63,2482.04,0.0,0.0,False,2017,0.0
2017-02-06,0.0,0.0,0,2476.36,2477.71,0.0,0.0,False,2017,0.0
2017-02-07,0.0,0.0,0,2482.31,2477.44,0.0,0.0,False,2017,0.0
2017-02-08,0.0,0.0,0,2473.65,2480.42,0.0,0.0,False,2017,0.0
2017-02-09,4.013999999999909,4.599999999999909,1,2483.94,2495.04,0.0016159810623444643,0.0018518965836533527,False,2017,200.69999999999544
2017-02-10,0.0,0.0,0,2499.37,2504.51,0.0,0.0,False,2017,0.0
2017-02-13,0.0,0.0,0,2511.28,2518.32,0.0,0.0,False,2017,0.0
2017-02-14,0.0,0.0,0,2516.43,2529.15,0.0,0.0,False,2017,0.0
2017-02-15,0.0,0.0,0,2526.17,2541.33,0.0,0.0,False,2017,0.0
2017-02-16,0.0,0.0,0,2542.69,2540.25,0.0,0.0,False,2017,0.0
2017-02-17,0.0,0.0,0,2531.59,2542.96,0.0,0.0,False,2017,0.0
2017-02-20,0.0,0.0,0,2548.64,2547.83,0.0,0.0,True,2017,0.0
2017-02-21,-1.665999999999927,-1.0799999999999272,1,2548.1,2558.39,-0.0006538204937011605,-0.00042384521800554423,False,2017,-83.29999999999636
2017-02-22,0.0,0.0,0,2553.52,2556.22,0.0,0.0,False,2017,0.0
2017-02-23,0.0,0.0,0,2562.72,2557.85,0.0,0.0,False,2017,0.0
2017-02-24,0.0,0.0,0,2547.29,2561.37,0.0,0.0,False,2017,0.0
2017-02-27,0.0,0.0,0,2559.74,2565.16,0.0,0.0,False,2017,0.0
2017-02-28,0.0,0.0,0,2560.55,2558.39,0.0,0.0,False,2017,0.0
2017-03-01,1.5279999999998182,2.699999999999818,2,2578.96,2593.31,0.0005924868939416734,0.0010469336476718592,False,2017,76.39999999999091
2017-03-02,0.0,0.0,0,2591.15,2577.61,0.0,0.0,False,2017,0.0
2017-03-03,0.0,0.0,0,2575.99,2579.23,0.0,0.0,False,2017,0.0
2017-03-06,0.0,0.0,0,2568.68,2571.65,0.0,0.0,False,2017,0.0
2017-03-07,0.0,0.0,0,2567.05,2563.53,0.0,0.0,False,2017,0.0
2017-03-08,0.0,0.0,0,2566.51,2558.39,0.0,0.0,False,2017,0.0
2017-03-09,0.0,0.0,0,2559.74,2560.82,0.0,0.0,False,2017,0.0
2017-03-10,0.0,0.0,0,2573.55,2569.76,0.0,0.0,False,2017,0.0
2017-03-13,0.0,0.0,0,2569.49,2570.84,0.0,0.0,False,2017,0.0
2017-03-14,-3.2960000000000362,-2.7100000000000364,1,2564.88,2561.9,-0.0012850503727270032,-0.0010565796450516345,False,2017,-164.8000000000018
2017-03-15,0.0,0.0,0,2568.67,2583.04,0.0,0.0,False,2017,0.0
2017-03-16,0.0,0.0,0,2584.94,2578.43,0.0,0.0,False,2017,0.0
2017-03-17,0.0,0.0,0,2581.42,2573.28,0.0,0.0,False,2017,0.0
2017-03-20,0.0,0.0,0,2573.01,2570.03,0.0,0.0,False,2017,0.0
2017-03-21,24.354000000000056,24.940000000000055,1,2577.89,2537.5,0.00944726113216625,0.009674578822215089,False,2017,1217.7000000000028
2017-03-22,-1.1259999999999635,-0.5399999999999635,1,2537.77,2543.19,-0.00044369663129438974,-0.00021278524058522384,False,2017,-56.29999999999817
2017-03-23,-13.325999999999782,-12.739999999999782,1,2540.21,2540.21,-0.005246022966605038,-0.005015333377948981,False,2017,-666.2999999999892
2017-03-24,0.0,0.0,0,2544.28,2539.4,0.0,0.0,False,2017,0.0
2017-03-27,0.0,0.0,0,2516.89,2535.06,0.0,0.0,False,2017,0.0
2017-03-28,7.273999999999672,7.859999999999673,1,2531.8,2553.22,0.002873054743660507,0.0031045106248517545,False,2017,363.6999999999836
2017-03-29,0.0,0.0,0,2550.51,2556.47,0.0,0.0,False,2017,0.0
2017-03-30,-4.375999999999964,-3.789999999999964,1,2554.85,2564.07,-0.0017128207135448125,-0.0014834530402958938,False,2017,-218.7999999999982
2017-03-31,0.0,0.0,0,2559.73,2557.56,0.0,0.0,False,2017,0.0
2017-04-03,-8.175999999999691,-7.589999999999691,1,2558.37,2553.49,-0.003195784816113264,-0.002966732724351713,False,2017,-408.79999999998455
2017-04-04,0.0,0.0,0,2549.15,2555.12,0.0,0.0,False,2017,0.0
2017-04-05,-29.101999999999382,-27.92999999999938,2,2562.44,2546.44,-0.011357143972151302,-0.010899767409187876,False,2017,-1455.0999999999692
2017-04-06,0.0,0.0,0,2548.88,2553.22,0.0,0.0,False,2017,0.0
2017-04-07,-7.905999999999709,-7.319999999999709,1,2550.78,2551.05,-0.003099444091611079,-0.0028697104415118936,False,2017,-395.29999999998546
2017-04-10,-1.9460000000001272,-1.3600000000001273,1,2552.95,2552.41,-0.0007622554299928034,-0.0005327170528212959,False,2017,-97.30000000000636
2017-04-11,-0.586,0.0,1,2547.26,2548.61,-0.0002300511137457503,0.0,False,2017,-29.299999999999997
2017-04-12,0.0,0.0,0,2545.09,2538.58,0.0,0.0,False,2017,0.0
2017-04-13,0.0,0.0,0,2533.43,2521.77,0.0,0.0,False,2017,0.0
2017-04-17,0.0,0.0,0,2527.47,2543.46,0.0,0.0,False,2017,0.0
2017-04-18,0.0,0.0,0,2533.97,2535.6,0.0,0.0,False,2017,0.0
2017-04-19,0.0,0.0,0,2542.92,2531.53,0.0,0.0,False,2017,0.0
2017-04-20,3.4740000000004003,4.0600000000004,1,2538.58,2551.05,0.0013684815920713155,0.0015993193044932207,False,2017,173.70000000002003
2017-04-21,0.0,0.0,0,2550.78,2543.19,0.0,0.0,False,2017,0.0
2017-04-24,0.0,0.0,0,2571.66,2570.84,0.0,0.0,False,2017,0.0
2017-04-25,-0.586,0.0,1,2579.25,2586.3,-0.00022719782882620916,0.0,False,2017,-29.299999999999997
2017-04-26,-7.095999999999764,-6.5099999999997635,1,2586.02,2584.67,-0.0027439849653134022,-0.0025173819228001965,False,2017,-354.7999999999882
2017-04-27,0.0,0.0,0,2587.92,2586.57,0.0,0.0,False,2017,0.0
2017-04-28,0.0,0.0,0,2589.55,2581.14,0.0,0.0,False,2017,0.0
2017-05-01,0.0,0.0,0,2587.38,2586.84,0.0,0.0,False,2017,0.0
2017-05-02,0.0,0.0,0,2589.01,2588.19,0.0,0.0,False,2017,0.0
2017-05-03,0.0,0.0,0,2582.5,2584.67,0.0,0.0,False,2017,0.0
2017-05-04,0.0,0.0,0,2588.19,2587.38,0.0,0.0,False,2017,0.0
2017-05-05,0.0,0.0,0,2591.72,2597.95,0.0,0.0,False,2017,0.0
2017-05-08,0.0,0.0,0,2597.95,2597.14,0.0,0.0,False,2017,0.0
2017-05-09,0.0,0.0,0,2600.12,2594.7,0.0,0.0,False,2017,0.0
2017-05-10,0.0,0.0,0,2593.62,2598.77,0.0,0.0,False,2017,0.0
2017-05-11,-2.4759999999998725,-1.8899999999998727,1,2593.07,2593.62,-0.0009548527421164381,-0.0007288657845719061,False,2017,-123.79999999999363
2017-05-12,0.0,0.0,0,2590.09,2589.28,0.0,0.0,False,2017,0.0
2017-05-15,1.0440000000001093,1.6300000000001091,1,2594.43,2602.83,0.0004024005272834917,0.0006282690224828226,False,2017,52.20000000000547
2017-05-16,0.0,0.0,0,2606.9,2601.21,0.0,0.0,False,2017,0.0
2017-05-17,-9.311999999999419,-8.139999999999418,2,2579.25,2554.85,-0.0036103518464667707,-0.0031559561888143523,False,2017,-465.5999999999709
2017-05-18,-6.826000000000237,-6.2400000000002365,1,2552.95,2564.34,-0.002673769560704376,-0.0024442311835328684,False,2017,-341.30000000001183
2017-05-19,2.3940000000000183,2.980000000000018,1,2570.3,2580.87,0.0009314087849667424,0.0011593977356728856,False,2017,119.70000000000091
2017-05-22,0.0,0.0,0,2587.38,2594.16,0.0,0.0,False,2017,0.0
2017-05-23,0.0,0.0,0,2598.77,2599.85,0.0,0.0,False,2017,0.0
2017-05-24,0.0,0.0,0,2602.56,2605.27,0.0,0.0,False,2017,0.0
2017-05-25,0.0,0.0,0,2611.78,2617.47,0.0,0.0,False,2017,0.0
2017-05-26,0.0,0.0,0,2615.57,2617.47,0.0,0.0,False,2017,0.0
2017-05-29,0.0,0.0,0,2620.45,2618.01,0.0,0.0,True,2017,0.0
2017-05-30,0.0,0.0,0,2613.13,2615.3,0.0,0.0,False,2017,0.0
2017-05-31,-4.375999999999964,-3.789999999999964,1,2618.29,2613.68,-0.001671319830881974,-0.0014475096341505197,False,2017,-218.7999999999982
2017-06-01,0.0,0.0,0,2619.64,2634.55,0.0,0.0,False,2017,0.0
2017-06-02,0.0,0.0,0,2635.36,2642.96,0.0,0.0,False,2017,0.0
2017-06-05,0.0,0.0,0,2641.33,2641.33,0.0,0.0,False,2017,0.0
2017-06-06,0.0,0.0,0,2633.74,2633.74,0.0,0.0,False,2017,0.0
2017-06-07,0.0,0.0,0,2636.99,2637.53,0.0,0.0,False,2017,0.0
2017-06-08,0.0,0.0,0,2638.62,2638.62,0.0,0.0,False,2017,0.0
2017-06-09,-1.1259999999999635,-0.5399999999999635,1,2642.41,2635.09,-0.0004261261499918497,-0.00020435889964084435,False,2017,-56.29999999999817
2017-06-12,-2.486000000000091,-1.900000000000091,1,2631.3,2633.47,-0.0009447801466955842,-0.0007220765401132866,False,2017,-124.30000000000454
2017-06-13,0.0,0.0,0,2640.79,2646.21,0.0,0.0,False,2017,0.0
2017-06-14,0.0,0.0,0,2649.47,2642.96,0.0,0.0,False,2017,0.0
2017-06-15,0.0,0.0,0,2625.59,2637.8,0.0,0.0,False,2017,0.0
2017-06-16,1.0440000000001093,1.6300000000001091,1,2638.89,2637.53,0.0003956208860544052,0.0006176839504489043,False,2017,52.20000000000547
2017-06-19,-1.172,0.0,2,2647.84,2658.96,-0.0004426249320200616,0.0,False,2017,-58.599999999999994
2017-06-20,-4.115999999999746,-3.529999999999746,1,2654.62,2642.14,-0.0015505044036433636,-0.0013297571780517535,False,2017,-205.79999999998728
2017-06-21,0.0,0.0,0,2645.94,2640.51,0.0,0.0,False,2017,0.0
2017-06-22,0.0,0.0,0,2640.79,2639.16,0.0,0.0,False,2017,0.0
2017-06-23,0.0,0.0,0,2639.97,2642.96,0.0,0.0,False,2017,0.0
2017-06-26,-2.486000000000091,-1.900000000000091,1,2650.28,2643.77,-0.0009380140966237871,-0.0007169053835821463,False,2017,-124.30000000000454
2017-06-27,0.0,0.0,0,2640.51,2623.15,0.0,0.0,False,2017,0.0
2017-06-28,0.7740000000001274,1.3600000000001273,1,2634.82,2645.4,0.0002937582073918246,0.0005161642920579498,False,2017,38.70000000000637
2017-06-29,16.503999999999692,17.08999999999969,1,2647.84,2622.61,0.00623300501540867,0.006454317481418699,False,2017,825.1999999999846
2017-06-30,0.0,0.0,0,2632.1,2626.68,0.0,0.0,False,2017,0.0
2017-07-03,0.0,0.0,0,2638.89,2630.2,0.0,0.0,True,2017,0.0
2017-07-04,0.0,0.0,0,2635.36,2631.83,0.0,0.0,True,2017,0.0
2017-07-05,0.0,0.0,0,2635.36,2636.44,0.0,0.0,False,2017,0.0
2017-07-06,0.22399999999994546,0.8099999999999454,1,2626.95,2613.11,8.52699899122349e-05,0.0003083423742362609,False,2017,11.199999999997273
2017-07-07,0.7739999999996726,1.3599999999996726,1,2619.35,2629.12,0.0002954931566990561,0.0005192127817968857,False,2017,38.69999999998363
2017-07-10,0.0,0.0,0,2627.22,2632.1,0.0,0.0,False,2017,0.0
2017-07-11,-6.546000000000037,-5.960000000000036,1,2629.66,2629.66,-0.0024892951940555194,-0.00226645269730689,False,2017,-327.30000000000183
2017-07-12,-3.0260000000000544,-2.4400000000000546,1,2642.41,2649.2,-0.001145166722802311,-0.0009233994724513057,False,2017,-151.3000000000027
2017-07-13,0.0,0.0,0,2649.74,2653.54,0.0,0.0,False,2017,0.0
2017-07-14,0.0,0.0,0,2654.08,2665.47,0.0,0.0,False,2017,0.0
2017-07-17,0.0,0.0,0,2664.93,2665.74,0.0,0.0,False,2017,0.0
2017-07-18,0.0,0.0,0,2660.86,2667.37,0.0,0.0,False,2017,0.0
2017-07-19,0.0,0.0,0,2671.17,2681.21,0.0,0.0,False,2017,0.0
2017-07-20,0.0,0.0,0,2684.74,2682.02,0.0,0.0,False,2017,0.0
2017-07-21,0.0,0.0,0,2675.78,2680.12,0.0,0.0,False,2017,0.0
2017-07-24,0.0,0.0,0,2679.31,2679.31,0.0,0.0,False,2017,0.0
2017-07-25,0.0,0.0,0,2689.08,2685.28,0.0,0.0,False,2017,0.0
2017-07-26,0.0,0.0,0,2689.35,2685.55,0.0,0.0,False,2017,0.0
2017-07-27,0.0,0.0,0,2691.25,2683.11,0.0,0.0,False,2017,0.0
2017-07-28,0.0,0.0,0,2676.6,2679.31,0.0,0.0,False,2017,0.0
2017-07-31,0.0,0.0,0,2684.46,2677.68,0.0,0.0,False,2017,0.0
2017-08-01,0.0,0.0,0,2685.28,2683.65,0.0,0.0,False,2017,0.0
2017-08-02,-3.351999999999836,-2.1799999999998363,2,2685.55,2684.74,-0.0012481614566847892,-0.0008117517826887737,False,2017,-167.5999999999918
2017-08-03,0.0,0.0,0,2683.65,2679.85,0.0,0.0,False,2017,0.0
2017-08-04,0.0,0.0,0,2685.55,2684.46,0.0,0.0,False,2017,0.0
2017-08-07,0.0,0.0,0,2685.01,2688.8,0.0,0.0,False,2017,0.0
2017-08-08,-6.006000000000073,-5.420000000000073,1,2685.01,2682.56,-0.0022368631774183608,-0.0020186144558121096,False,2017,-300.30000000000365
2017-08-09,0.0,0.0,0,2673.34,2681.48,0.0,0.0,False,2017,0.0
2017-08-10,18.67400000000022,19.26000000000022,1,2670.9,2644.31,0.006991650754427429,0.007211052454228993,False,2017,933.700000000011
2017-08-11,0.0,0.0,0,2646.48,2647.57,0.0,0.0,False,2017,0.0
2017-08-14,2.9440000000002002,3.5300000000002,1,2663.3,2673.34,0.00110539556189697,0.0013254233469756317,False,2017,147.20000000001002
2017-08-15,0.0,0.0,0,2678.5,2673.34,0.0,0.0,False,2017,0.0
2017-08-16,0.0,0.0,0,2679.85,2677.41,0.0,0.0,False,2017,0.0
2017-08-17,24.914,25.5,1,2670.09,2635.9,0.009330771621930347,0.00955023987955462,False,2017,1245.7
2017-08-18,-5.466000000000109,-4.880000000000109,1,2633.19,2631.02,-0.00207580918961416,-0.0018532654309032425,False,2017,-273.30000000000547
2017-08-21,-4.925999999999691,-4.339999999999691,1,2630.75,2633.46,-0.0018724698279957012,-0.0016497196616933158,False,2017,-246.29999999998455
2017-08-22,11.624000000000036,12.210000000000036,1,2640.51,2660.05,0.004402179881916764,0.004624106706658955,False,2017,581.2000000000018
2017-08-23,0.0,0.0,0,2648.38,2650.82,0.0,0.0,False,2017,0.0
2017-08-24,0.0,0.0,0,2655.98,2645.13,0.0,0.0,False,2017,0.0
2017-08-25,0.0,0.0,0,2654.62,2650.55,0.0,0.0,False,2017,0.0
2017-08-28,0.0,0.0,0,2656.79,2651.37,0.0,0.0,False,2017,0.0
2017-08-29,0.0,0.0,0,2635.09,2653.54,0.0,0.0,False,2017,0.0
2017-08-30,1.584000000000073,2.1700000000000728,1,2652.99,2666.02,0.000597062182669393,0.0008179450356013678,False,2017,79.20000000000364
2017-08-31,0.0,0.0,0,2673.61,2681.21,0.0,0.0,False,2017,0.0
2017-09-01,0.0,0.0,0,2686.09,2685.82,0.0,0.0,False,2017,0.0
2017-09-04,0.0,0.0,0,2675.78,2678.22,0.0,0.0,True,2017,0.0
2017-09-05,-4.386000000000182,-3.8000000000001823,1,2679.04,2666.29,-0.001637153607262371,-0.0014184185379838234,False,2017,-219.3000000000091
2017-09-06,0.0,0.0,0,2674.7,2675.24,0.0,0.0,False,2017,0.0
2017-09-07,0.0,0.0,0,2678.77,2674.43,0.0,0.0,False,2017,0.0
2017-09-08,0.0,0.0,0,2670.36,2670.63,0.0,0.0,False,2017,0.0
2017-09-11,1.8080000000000183,2.980000000000018,2,2686.63,2698.84,0.0006729620379434527,0.0011091962793536951,False,2017,90.40000000000092
2017-09-12,0.0,0.0,0,2704.0,2708.88,0.0,0.0,False,2017,0.0
2017-09-13,0.0,0.0,0,2704.54,2709.69,0.0,0.0,False,2017,0.0
2017-09-14,0.0,0.0,0,2705.08,2709.15,0.0,0.0,False,2017,0.0
2017-09-15,0.0,0.0,0,2706.44,2712.41,0.0,0.0,False,2017,0.0
2017-09-18,0.0,0.0,0,2716.21,2717.57,0.0,0.0,False,2017,0.0
2017-09-19,0.0,0.0,0,2720.56,2720.56,0.0,0.0,False,2017,0.0
2017-09-20,0.0,0.0,0,2721.64,2721.64,0.0,0.0,False,2017,0.0
2017-09-21,-0.046000000000036345,0.5399999999999636,1,2719.2,2714.04,-1.691674021772446e-05,0.00019858781994702988,False,2017,-2.300000000001817
2017-09-22,0.0,0.0,0,2709.97,2714.04,0.0,0.0,False,2017,0.0
2017-09-25,0.0,0.0,0,2710.51,2708.61,0.0,0.0,False,2017,0.0
2017-09-26,0.0,0.0,0,2713.5,2709.7,0.0,0.0,False,2017,0.0
2017-09-27,0.0,0.0,0,2718.93,2720.01,0.0,0.0,False,2017,0.0
2017-09-28,0.0,0.0,0,2716.48,2722.73,0.0,0.0,False,2017,0.0
2017-09-29,0.5040000000001456,1.0900000000001455,1,2722.46,2732.23,0.0001851266868935248,0.00040037319189267995,False,2017,25.20000000000728
2017-10-02,0.0,0.0,0,2734.95,2743.91,0.0,0.0,False,2017,0.0
2017-10-03,0.0,0.0,0,2745.26,2749.88,0.0,0.0,False,2017,0.0
2017-10-04,0.0,0.0,0,2747.71,2753.68,0.0,0.0,False,2017,0.0
2017-10-05,4.033999999999891,4.619999999999891,1,2756.94,2769.16,0.0014632164646310368,0.0016757709634594481,False,2017,201.69999999999453
2017-10-06,0.0,0.0,0,2763.18,2765.9,0.0,0.0,False,2017,0.0
2017-10-09,0.0,0.0,0,2768.34,2761.28,0.0,0.0,False,2017,0.0
2017-10-10,0.0,0.0,0,2768.34,2768.34,0.0,0.0,False,2017,0.0
2017-10-11,0.0,0.0,0,2767.26,2772.96,0.0,0.0,False,2017,0.0
2017-10-12,0.0,0.0,0,2768.62,2768.07,0.0,0.0,False,2017,0.0
2017-10-13,0.0,0.0,0,2773.77,2771.6,0.0,0.0,False,2017,0.0
2017-10-16,0.0,0.0,0,2774.59,2775.4,0.0,0.0,False,2017,0.0
2017-10-17,0.0,0.0,0,2774.59,2777.3,0.0,0.0,False,2017,0.0
2017-10-18,0.0,0.0,0,2781.92,2779.75,0.0,0.0,False,2017,0.0
2017-10-19,0.0,0.0,0,2769.7,2780.83,0.0,0.0,False,2017,0.0
2017-10-20,0.0,0.0,0,2790.06,2794.14,0.0,0.0,False,2017,0.0
2017-10-23,0.0,0.0,0,2798.48,2784.09,0.0,0.0,False,2017,0.0
2017-10-24,0.0,0.0,0,2788.71,2788.44,0.0,0.0,False,2017,0.0
2017-10-25,4.843999999999836,5.429999999999836,1,2784.36,2774.59,0.001739717565257307,0.0019501788561823313,False,2017,242.1999999999918
2017-10-26,0.0,0.0,0,2782.19,2777.57,0.0,0.0,False,2017,0.0
2017-10-27,3.7540000000001457,4.3400000000001455,1,2787.35,2800.65,0.0013467989308842254,0.001557034459253465,False,2017,187.7000000000073
2017-10-30,0.0,0.0,0,2793.59,2790.06,0.0,0.0,False,2017,0.0
2017-10-31,0.0,0.0,0,2794.41,2793.32,0.0,0.0,False,2017,0.0
2017-11-01,0.0,0.0,0,2803.64,2797.67,0.0,0.0,False,2017,0.0
2017-11-02,-3.5760000000002363,-2.9900000000002365,1,2796.04,2798.48,-0.0012789516602052318,-0.0010693695369165808,False,2017,-178.8000000000118
2017-11-03,0.0,0.0,0,2800.11,2807.44,0.0,0.0,False,2017,0.0
2017-11-06,0.0,0.0,0,2805.27,2810.7,0.0,0.0,False,2017,0.0
2017-11-07,0.0,0.0,0,2812.6,2809.88,0.0,0.0,False,2017,0.0
2017-11-08,0.0,0.0,0,2806.9,2814.5,0.0,0.0,False,2017,0.0
2017-11-09,-4.926000000000146,-4.3400000000001455,1,2798.75,2804.18,-0.0017600714604734777,-0.0015506922733363629,False,2017,-246.3000000000073
2017-11-10,0.0,0.0,0,2798.75,2802.28,0.0,0.0,False,2017,0.0
2017-11-13,0.0,0.0,0,2793.87,2805.27,0.0,0.0,False,2017,0.0
2017-11-14,0.0,0.0,0,2794.95,2798.75,0.0,0.0,False,2017,0.0
2017-11-15,-4.926000000000146,-4.3400000000001455,1,2787.08,2784.36,-0.001767441192933158,-0.0015571852978745302,False,2017,-246.3000000000073
2017-11-16,5.384000000000254,5.970000000000255,1,2795.49,2807.17,0.001925959313036446,0.0021355826706589026,False,2017,269.2000000000127
2017-11-17,0.0,0.0,0,2802.83,2799.57,0.0,0.0,False,2017,0.0
2017-11-20,0.0,0.0,0,2802.01,2803.64,0.0,0.0,False,2017,0.0
2017-11-21,2.403999999999782,2.9899999999997817,1,2813.14,2821.56,0.0008545610954306511,0.0010628692493085243,False,2017,120.19999999998909
2017-11-22,0.0,0.0,0,2821.83,2818.84,0.0,0.0,False,2017,0.0
2017-11-23,0.0,0.0,0,2820.2,2820.47,0.0,0.0,True,2017,0.0
2017-11-24,0.0,0.0,0,2824.28,2825.36,0.0,0.0,True,2017,0.0
2017-11-27,0.0,0.0,0,2825.63,2824.28,0.0,0.0,False,2017,0.0
2017-11-28,13.804000000000327,14.390000000000327,1,2829.98,2852.78,0.0048777729877950825,0.00508484158898661,False,2017,690.2000000000163
2017-11-29,-7.645999999999946,-7.059999999999945,1,2854.14,2851.43,-0.0026789155402327657,-0.002473599753340742,False,2017,-382.2999999999973
2017-11-30,4.843999999999836,5.429999999999836,1,2862.02,2874.5,0.0016925108839210893,0.0018972613748331026,False,2017,242.1999999999918
2017-12-01,-31.311999999999873,-30.139999999999873,2,2872.88,2869.35,-0.01089916738603766,-0.010491214391133591,False,2017,-1565.5999999999938
2017-12-04,0.0,0.0,0,2889.17,2865.55,0.0,0.0,False,2017,0.0
2017-12-05,-5.466000000000109,-4.880000000000109,1,2869.07,2855.23,-0.0019051469639988251,-0.0017008995946422043,False,2017,-273.30000000000547
2017-12-06,0.0,0.0,0,2851.7,2855.5,0.0,0.0,False,2017,0.0
2017-12-07,0.7740000000001274,1.3600000000001273,1,2853.87,2864.46,0.00027121067182461967,0.0004765458833093755,False,2017,38.70000000000637
2017-12-08,0.0,0.0,0,2874.5,2879.94,0.0,0.0,False,2017,0.0
2017-12-11,-3.566000000000018,-2.980000000000018,1,2880.75,2889.44,-0.0012378720819231166,-0.001034452833463514,False,2017,-178.3000000000009
2017-12-12,0.0,0.0,0,2891.61,2894.33,0.0,0.0,False,2017,0.0
2017-12-13,0.0,0.0,0,2897.31,2893.51,0.0,0.0,False,2017,0.0
2017-12-14,0.0,0.0,0,2897.58,2881.31,0.0,0.0,False,2017,0.0
2017-12-15,-2.5220000000003635,-1.3500000000003636,2,2893.78,2905.45,-0.0008715244420793438,-0.00046651784171580546,False,2017,-126.10000000001817
2017-12-18,-1.9460000000001272,-1.3600000000001273,1,2921.73,2924.17,-0.0006660437480534229,-0.00046547764509387497,False,2017,-97.30000000000636
2017-12-19,-2.486000000000091,-1.900000000000091,1,2926.88,2912.77,-0.000849368610944108,-0.0006491554146395107,False,2017,-124.30000000000454
2017-12-20,0.0,0.0,0,2923.9,2911.15,0.0,0.0,False,2017,0.0
2017-12-21,0.0,0.0,0,2918.2,2917.12,0.0,0.0,False,2017,0.0
2017-12-22,0.0,0.0,0,2917.12,2917.66,0.0,0.0,False,2017,0.0
2017-12-26,0.0,0.0,0,2914.13,2915.76,0.0,0.0,False,2017,0.0
2017-12-27,0.0,0.0,0,2917.12,2913.32,0.0,0.0,False,2017,0.0
2017-12-28,0.0,0.0,0,2917.12,2915.49,0.0,0.0,False,2017,0.0
2017-12-29,0.0,0.0,0,2923.08,2905.45,0.0,0.0,False,2017,0.0
2018-01-02,-2.2059999999998907,-1.6199999999998909,1,2915.76,2925.25,-0.0007565780448321846,-0.0005556012840562635,False,2018,-110.29999999999454
2018-01-03,9.453999999999963,10.039999999999964,1,2926.88,2943.43,0.0032300606789482187,0.0034302738752528166,False,2018,472.69999999999817
2018-01-04,-3.3059999999997998,-2.7199999999998,1,2950.75,2955.91,-0.0011203931203930526,-0.0009217995424891298,False,2018,-165.29999999998998
2018-01-05,0.0,0.0,0,2964.86,2974.63,0.0,0.0,False,2018,0.0
2018-01-08,0.0,0.0,0,2973.27,2980.32,0.0,0.0,False,2018,0.0
2018-01-09,-1.1259999999999635,-0.5399999999999635,1,2985.21,2987.38,-0.00037719289430223116,-0.00018089179655701393,False,2018,-56.29999999999817
2018-01-10,0.0,0.0,0,2977.61,2982.77,0.0,0.0,False,2018,0.0
2018-01-11,4.033999999999891,4.619999999999891,1,2988.73,3003.93,0.0013497371793370061,0.0015458070819377766,False,2018,201.69999999999453
2018-01-12,9.453999999999963,10.039999999999964,1,3007.18,3023.73,0.003143809150100747,0.003338676101862863,False,2018,472.69999999999817
2018-01-15,0.0,0.0,0,3031.6,3032.41,0.0,0.0,True,2018,0.0
2018-01-16,-4.386000000000182,-3.8000000000001823,1,3039.19,3014.23,-0.001443147680796588,-0.001250333147976988,False,2018,-219.3000000000091
2018-01-17,5.654000000000236,6.2400000000002365,1,3026.17,3043.26,0.001868368267480094,0.0020620123786833644,False,2018,282.7000000000118
2018-01-18,0.0,0.0,0,3041.36,3038.65,0.0,0.0,False,2018,0.0
2018-01-19,0.0,0.0,0,3044.89,3051.94,0.0,0.0,False,2018,0.0
2018-01-22,8.328,9.5,2,3048.69,3076.36,0.00273166507581945,0.0031160924856249734,False,2018,416.4
2018-01-23,-4.926000000000146,-4.3400000000001455,1,3076.9,3082.33,-0.0016009620072151014,-0.0014105105788293885,False,2018,-246.3000000000073
2018-01-24,0.0,0.0,0,3090.47,3080.97,0.0,0.0,False,2018,0.0
2018-01-25,0.0,0.0,0,3091.01,3081.51,0.0,0.0,False,2018,0.0
2018-01-26,15.414,16.0,1,3092.36,3117.59,0.004984542550026516,0.005174041832128213,False,2018,770.6999999999999
2018-01-29,-1.9460000000001272,-1.3600000000001273,1,3110.27,3095.89,-0.0006256691541249239,-0.0004372610737974926,False,2018,-97.30000000000636
2018-01-30,-3.0260000000000544,-2.4400000000000546,1,3072.83,3063.88,-0.000984759976959368,-0.0007940562933842922,False,2018,-151.3000000000027
2018-01-31,0.0,0.0,0,3075.0,3066.32,0.0,0.0,False,2018,0.0
2018-02-01,-2.216000000000109,-1.6300000000001091,1,3056.83,3062.25,-0.000724934000255202,-0.0005332321391768954,False,2018,-110.80000000000545
2018-02-02,40.84200000000036,42.600000000000364,3,3044.89,2994.97,0.013413292434209564,0.013990653192726294,False,2018,2042.100000000018
2018-02-05,0.0,0.0,0,2972.46,2870.45,0.0,0.0,False,2018,0.0
2018-02-06,-32.371999999999815,-31.199999999999815,2,2823.25,2924.17,-0.011466218011157289,-0.011051093597803884,False,2018,-1618.5999999999908
2018-02-07,-27.751999999999928,-26.579999999999927,2,2916.03,2907.08,-0.009517048864380656,-0.00911513256036458,False,2018,-1387.5999999999965
2018-02-08,100.06400000000009,100.65000000000009,1,2910.33,2797.75,0.03438235526555411,0.03458370700229874,False,2018,5003.200000000004
2018-02-09,-54.57599999999978,-53.98999999999978,1,2831.66,2841.43,-0.01927350034961817,-0.01906655460048162,False,2018,-2728.799999999989
2018-02-12,1.5839999999996182,2.169999999999618,1,2864.21,2879.95,0.0005530320751619532,0.0007576260120590383,False,2018,79.1999999999809
2018-02-13,0.0,0.0,0,2865.57,2888.36,0.0,0.0,False,2018,0.0
2018-02-14,24.338000000000218,25.51000000000022,2,2870.45,2928.51,0.008478809942691989,0.008887108293124849,False,2018,1216.9000000000108
2018-02-15,0.0,0.0,0,2948.04,2964.32,0.0,0.0,False,2018,0.0
2018-02-16,-10.355999999999982,-9.769999999999982,1,2955.91,2965.13,-0.003503489619102064,-0.003305242717132789,False,2018,-517.7999999999992
2018-02-19,-5.7359999999996365,-5.149999999999636,1,2968.66,2960.79,-0.0019321848914997462,-0.0017347894336163913,True,2018,-286.7999999999818
2018-02-20,0.0,0.0,0,2952.38,2946.41,0.0,0.0,False,2018,0.0
2018-02-21,-36.442000000000434,-35.27000000000044,2,2950.75,2930.14,-0.012350080488011669,-0.011952893332203824,False,2018,-1822.1000000000217
2018-02-22,-9.8059999999998,-9.2199999999998,1,2942.34,2933.39,-0.0033327215753447257,-0.0031335603635201234,False,2018,-490.29999999999
2018-02-23,0.0,0.0,0,2949.67,2981.41,0.0,0.0,False,2018,0.0
2018-02-26,0.0,0.0,0,2994.43,3015.86,0.0,0.0,False,2018,0.0
2018-02-27,-9.535999999999818,-8.949999999999818,1,3018.58,2977.07,-0.0031591012992863592,-0.0029649702840407804,False,2018,-476.7999999999909
2018-02-28,0.0,0.0,0,2991.99,2944.51,0.0,0.0,False,2018,0.0
2018-03-01,3.4479999999994364,4.619999999999436,2,2944.51,2903.82,0.001170992796763956,0.0015690216708380803,False,2018,172.3999999999718
2018-03-02,0.0,0.0,0,2882.66,2919.01,0.0,0.0,False,2018,0.0
2018-03-05,15.414,16.0,1,2903.82,2952.92,0.005308180259106969,0.005509983401175003,False,2018,770.6999999999999
2018-03-06,0.0,0.0,0,2964.05,2959.71,0.0,0.0,False,2018,0.0
2018-03-07,0.0,0.0,0,2932.58,2958.08,0.0,0.0,False,2018,0.0
2018-03-08,0.0,0.0,0,2966.22,2972.19,0.0,0.0,False,2018,0.0
2018-03-09,21.933999999999983,22.519999999999982,1,2989.55,3023.73,0.007336890167416495,0.007532906290244345,False,2018,1096.6999999999991
2018-03-12,0.0,0.0,0,3027.53,3019.66,0.0,0.0,False,2018,0.0
2018-03-13,0.0,0.0,0,3034.58,3000.4,0.0,0.0,False,2018,0.0
2018-03-14,-1.3959999999999453,-0.8099999999999453,1,3012.31,2984.14,-0.0004634317185150085,-0.0002688966275051191,False,2018,-69.79999999999727
2018-03-15,0.0,0.0,0,2990.37,2980.89,0.0,0.0,False,2018,0.0
2018-03-16,0.0,0.0,0,2986.31,2983.6,0.0,0.0,False,2018,0.0
2018-03-19,12.648000000000163,13.820000000000164,2,2974.12,2942.97,0.004252686508950602,0.004646752652885615,False,2018,632.4000000000082
2018-03-20,0.0,0.0,0,2947.57,2947.57,0.0,0.0,False,2018,0.0
2018-03-21,0.0,0.0,0,2947.3,2941.35,0.0,0.0,False,2018,0.0
2018-03-22,-8.446000000000128,-7.860000000000127,1,2912.9,2866.31,-0.002899515946307847,-0.0026983418586289014,False,2018,-422.3000000000064
2018-03-23,30.25800000000029,31.43000000000029,2,2871.19,2803.74,0.010538487526078139,0.010946680644610872,False,2018,1512.9000000000144
2018-03-26,0.0,0.0,0,2849.25,2882.03,0.0,0.0,False,2018,0.0
2018-03-27,0.0,0.0,0,2893.4,2831.37,0.0,0.0,False,2018,0.0
2018-03-28,0.0,0.0,0,2833.0,2822.43,0.0,0.0,False,2018,0.0
2018-03-29,7.533999999999891,8.11999999999989,1,2835.98,2862.25,0.0026565772678227247,0.002863207780026619,False,2018,376.69999999999453
2018-04-02,47.354000000000056,47.940000000000055,1,2851.69,2795.08,0.016605591771896685,0.016811083953725704,False,2018,2367.700000000003
2018-04-03,0.0,0.0,0,2810.52,2832.19,0.0,0.0,False,2018,0.0
2018-04-04,0.0,0.0,0,2787.22,2863.88,0.0,0.0,False,2018,0.0
2018-04-05,0.0,0.0,0,2882.84,2884.73,0.0,0.0,False,2018,0.0
2018-04-06,0.0,0.0,0,2859.81,2820.0,0.0,0.0,False,2018,0.0
2018-04-09,-13.596000000000219,-13.010000000000218,1,2837.33,2831.91,-0.004791828937769036,-0.004585296740245308,False,2018,-679.800000000011
2018-04-10,0.0,0.0,0,2868.75,2878.23,0.0,0.0,False,2018,0.0
2018-04-11,0.0,0.0,0,2859.81,2863.06,0.0,0.0,False,2018,0.0
2018-04-12,-7.625999999999964,-7.039999999999964,1,2878.77,2886.09,-0.002649048030929864,-0.002445488871983508,False,2018,-381.2999999999982
2018-04-13,0.0,0.0,0,2902.34,2877.96,0.0,0.0,False,2018,0.0
2018-04-16,0.0,0.0,0,2898.55,2901.53,0.0,0.0,False,2018,0.0
2018-04-17,0.0,0.0,0,2923.47,2932.41,0.0,0.0,False,2018,0.0
2018-04-18,0.0,0.0,0,2938.09,2934.84,0.0,0.0,False,2018,0.0
2018-04-19,0.0,0.0,0,2926.18,2918.05,0.0,0.0,False,2018,0.0
2018-04-20,8.084000000000072,8.670000000000073,1,2916.97,2893.67,0.002771368920489437,0.0029722623132908714,False,2018,404.2000000000036
2018-04-23,0.0,0.0,0,2900.44,2892.59,0.0,0.0,False,2018,0.0
2018-04-24,5.374000000000036,5.960000000000036,1,2904.78,2853.58,0.0018500540488436425,0.002051790497042818,False,2018,268.7000000000018
2018-04-25,-11.156000000000164,-10.570000000000164,1,2851.96,2859.0,-0.003911695816210664,-0.003706223088682928,False,2018,-557.8000000000083
2018-04-26,0.0,0.0,0,2872.27,2888.8,0.0,0.0,False,2018,0.0
2018-04-27,0.0,0.0,0,2895.84,2891.78,0.0,0.0,False,2018,0.0
2018-04-30,0.0,0.0,0,2898.28,2867.4,0.0,0.0,False,2018,0.0
2018-05-01,0.0,0.0,0,2861.71,2873.09,0.0,0.0,False,2018,0.0
2018-05-02,0.0,0.0,0,2870.38,2853.04,0.0,0.0,False,2018,0.0
2018-05-03,-24.461999999999964,-23.289999999999964,2,2842.48,2846.81,-0.0086058653007233,-0.008193549294981834,False,2018,-1223.0999999999983
2018-05-04,24.604000000000056,25.190000000000055,1,2834.08,2883.92,0.008681476881386572,0.008888245921074936,False,2018,1230.2000000000028
2018-05-07,-4.375999999999964,-3.789999999999964,1,2892.86,2893.13,-0.0015126898640099983,-0.0013101221628422958,False,2018,-218.7999999999982
2018-05-08,0.0,0.0,0,2888.53,2893.13,0.0,0.0,False,2018,0.0
2018-05-09,0.0,0.0,0,2900.71,2921.3,0.0,0.0,False,2018,0.0
2018-05-10,0.0,0.0,0,2929.97,2947.85,0.0,0.0,False,2018,0.0
2018-05-11,0.0,0.0,0,2949.47,2954.89,0.0,0.0,False,2018,0.0
2018-05-14,0.0,0.0,0,2961.93,2957.6,0.0,0.0,False,2018,0.0
2018-05-15,-5.726000000000328,-5.140000000000327,1,2942.97,2937.01,-0.0019456535404711324,-0.0017465349629796863,False,2018,-286.3000000000164
2018-05-16,0.0,0.0,0,2937.55,2950.01,0.0,0.0,False,2018,0.0
2018-05-17,0.0,0.0,0,2946.49,2947.3,0.0,0.0,False,2018,0.0
2018-05-18,0.0,0.0,0,2942.16,2939.18,0.0,0.0,False,2018,0.0
2018-05-21,0.0,0.0,0,2956.51,2960.85,0.0,0.0,False,2018,0.0
2018-05-22,0.0,0.0,0,2967.08,2952.45,0.0,0.0,False,2018,0.0
2018-05-23,0.0,0.0,0,2936.74,2960.85,0.0,0.0,False,2018,0.0
2018-05-24,-0.586,0.0,1,2954.89,2954.62,-0.00019831533491940478,0.0,False,2018,-29.299999999999997
2018-05-25,0.0,0.0,0,2946.76,2947.03,0.0,0.0,False,2018,0.0
2018-05-28,0.0,0.0,0,2947.03,2950.55,0.0,0.0,True,2018,0.0
2018-05-29,0.0,0.0,0,2926.18,2912.9,0.0,0.0,False,2018,0.0
2018-05-30,-2.486000000000091,-1.900000000000091,1,2928.61,2951.64,-0.0008488668685827374,-0.0006487719430037086,False,2018,-124.30000000000454
2018-05-31,0.0,0.0,0,2945.95,2930.78,0.0,0.0,False,2018,0.0
2018-06-01,0.0,0.0,0,2948.66,2962.2,0.0,0.0,False,2018,0.0
2018-06-04,0.0,0.0,0,2971.41,2976.02,0.0,0.0,False,2018,0.0
2018-06-05,0.0,0.0,0,2976.83,2979.0,0.0,0.0,False,2018,0.0
2018-06-06,0.0,0.0,0,2984.95,3003.64,0.0,0.0,False,2018,0.0
2018-06-07,0.0,0.0,0,3007.98,3000.94,0.0,0.0,False,2018,0.0
2018-06-08,0.0,0.0,0,2996.06,3010.69,0.0,0.0,False,2018,0.0
2018-06-11,0.0,0.0,0,3012.85,3014.75,0.0,0.0,False,2018,0.0
2018-06-12,0.0,0.0,0,3019.35,3019.08,0.0,0.0,False,2018,0.0
2018-06-13,0.0,0.0,0,3020.71,3007.17,0.0,0.0,False,2018,0.0
2018-06-14,0.0,0.0,0,3018.52,3015.82,0.0,0.0,False,2018,0.0
2018-06-15,0.0,0.0,0,3006.08,3012.3,0.0,0.0,False,2018,0.0
2018-06-18,0.0,0.0,0,2992.83,3004.73,0.0,0.0,False,2018,0.0
2018-06-19,0.0,0.0,0,2975.53,2992.29,0.0,0.0,False,2018,0.0
2018-06-20,0.0,0.0,0,3000.68,2997.43,0.0,0.0,False,2018,0.0
2018-06-21,-5.771999999999909,-4.599999999999909,2,2996.62,2977.96,-0.001926170151704223,-0.001535062837463512,False,2018,-288.5999999999954
2018-06-22,0.0,0.0,0,2993.1,2983.1,0.0,0.0,False,2018,0.0
2018-06-25,10.233999999999709,10.819999999999709,1,2968.76,2942.26,0.003447230493539292,0.0036446193023348832,False,2018,511.69999999998544
2018-06-26,0.0,0.0,0,2948.48,2947.4,0.0,0.0,False,2018,0.0
2018-06-27,0.4939999999999273,1.0799999999999272,1,2955.24,2922.52,0.00016716070437593133,0.00036545255207696406,False,2018,24.699999999996365
2018-06-28,0.0,0.0,0,2922.25,2940.37,0.0,0.0,False,2018,0.0
2018-06-29,-0.586,0.0,1,2952.81,2943.34,-0.00019845503097049927,0.0,False,2018,-29.299999999999997
2018-07-02,0.0,0.0,0,2924.14,2950.11,0.0,0.0,False,2018,0.0
2018-07-03,0.0,0.0,0,2960.11,2934.96,0.0,0.0,True,2018,0.0
2018-07-04,0.0,0.0,0,2944.16,2944.16,0.0,0.0,True,2018,0.0
2018-07-05,0.0,0.0,0,2952.54,2962.82,0.0,0.0,False,2018,0.0
2018-07-06,4.004000000000145,4.5900000000001455,1,2962.55,2987.42,0.0013515383706604598,0.001549340939393477,False,2018,200.20000000000726
2018-07-09,0.0,0.0,0,3000.13,3014.2,0.0,0.0,False,2018,0.0
2018-07-10,0.0,0.0,0,3019.88,3024.2,0.0,0.0,False,2018,0.0
2018-07-11,0.0,0.0,0,3005.54,3003.11,0.0,0.0,False,2018,0.0
2018-07-12,0.0,0.0,0,3017.44,3028.8,0.0,0.0,False,2018,0.0
2018-07-13,0.0,0.0,0,3027.45,3031.5,0.0,0.0,False,2018,0.0
2018-07-16,0.0,0.0,0,3032.05,3029.34,0.0,0.0,False,2018,0.0
2018-07-17,0.0,0.0,0,3019.06,3041.78,0.0,0.0,False,2018,0.0
2018-07-18,0.0,0.0,0,3041.78,3046.92,0.0,0.0,False,2018,0.0
2018-07-19,0.0,0.0,0,3038.27,3035.29,0.0,0.0,False,2018,0.0
2018-07-20,0.0,0.0,0,3032.59,3032.32,0.0,0.0,False,2018,0.0
2018-07-23,0.0,0.0,0,3028.8,3037.45,0.0,0.0,False,2018,0.0
2018-07-24,0.0,0.0,0,3053.68,3051.52,0.0,0.0,False,2018,0.0
2018-07-25,0.0,0.0,0,3049.08,3079.91,0.0,0.0,False,2018,0.0
2018-07-26,0.0,0.0,0,3069.09,3070.18,0.0,0.0,False,2018,0.0
2018-07-27,-7.8859999999997275,-7.299999999999727,1,3074.5,3050.43,-0.0025649699138070347,-0.0023743698162301927,False,2018,-394.29999999998637
2018-07-30,-0.31600000000001816,0.2699999999999818,1,3050.16,3032.86,-0.00010360112256406817,8.851994649460417e-05,False,2018,-15.800000000000908
2018-07-31,0.0,0.0,0,3042.59,3047.19,0.0,0.0,False,2018,0.0
2018-08-01,0.0,0.0,0,3049.89,3043.4,0.0,0.0,False,2018,0.0
2018-08-02,0.0,0.0,0,3025.83,3058.01,0.0,0.0,False,2018,0.0
2018-08-03,0.0,0.0,0,3060.17,3072.61,0.0,0.0,False,2018,0.0
2018-08-06,0.0,0.0,0,3070.99,3083.43,0.0,0.0,False,2018,0.0
2018-08-07,0.0,0.0,0,3090.46,3092.35,0.0,0.0,False,2018,0.0
2018-08-08,0.0,0.0,0,3090.46,3091.27,0.0,0.0,False,2018,0.0
2018-08-09,0.0,0.0,0,3091.54,3086.67,0.0,0.0,False,2018,0.0
2018-08-10,0.0,0.0,0,3068.82,3065.31,0.0,0.0,False,2018,0.0
2018-08-13,0.0,0.0,0,3068.82,3053.41,0.0,0.0,False,2018,0.0
2018-08-14,0.0,0.0,0,3062.33,3072.88,0.0,0.0,False,2018,0.0
2018-08-15,-0.586,0.0,1,3056.11,3049.62,-0.00019174702481258854,0.0,False,2018,-29.299999999999997
2018-08-16,-0.31600000000001816,0.2699999999999818,1,3066.66,3074.77,-0.0001030437022689239,8.80436696601455e-05,False,2018,-15.800000000000908
2018-08-17,0.0,0.0,0,3071.53,3084.78,0.0,0.0,False,2018,0.0
2018-08-20,0.0,0.0,0,3090.19,3091.54,0.0,0.0,False,2018,0.0
2018-08-21,-2.4759999999998725,-1.8899999999998727,1,3097.49,3097.49,-0.0007993568986501563,-0.0006101714614090353,False,2018,-123.79999999999363
2018-08-22,0.0,0.0,0,3093.16,3096.68,0.0,0.0,False,2018,0.0
2018-08-23,0.0,0.0,0,3093.43,3091.54,0.0,0.0,False,2018,0.0
2018-08-24,-0.31600000000001816,0.2699999999999818,1,3098.84,3110.47,-0.00010197364174982191,8.712937744445721e-05,False,2018,-15.800000000000908
2018-08-27,0.0,0.0,0,3124.53,3134.54,0.0,0.0,False,2018,0.0
2018-08-28,0.0,0.0,0,3140.49,3136.16,0.0,0.0,False,2018,0.0
2018-08-29,-0.31600000000001816,0.2699999999999818,1,3138.86,3152.66,-0.00010067349292418845,8.601849078964395e-05,False,2018,-15.800000000000908
2018-08-30,0.0,0.0,0,3146.71,3138.59,0.0,0.0,False,2018,0.0
2018-08-31,0.0,0.0,0,3134.27,3138.32,0.0,0.0,False,2018,0.0
2018-09-03,0.0,0.0,0,3145.9,3145.9,0.0,0.0,True,2018,0.0
2018-09-04,-5.986000000000091,-5.400000000000091,1,3134.27,3134.0,-0.0019098546072929554,-0.0017228892214136277,False,2018,-299.30000000000456
2018-09-05,-3.882000000000036,-2.7100000000000364,2,3129.4,3125.34,-0.0012404933853134902,-0.0008659806991755724,False,2018,-194.1000000000018
2018-09-06,-5.726000000000328,-5.140000000000327,1,3125.88,3115.34,-0.0018318041639475372,-0.0016443369547136575,False,2018,-286.3000000000164
2018-09-07,0.0,0.0,0,3101.82,3108.58,0.0,0.0,False,2018,0.0
2018-09-10,0.0,0.0,0,3121.02,3113.99,0.0,0.0,False,2018,0.0
2018-09-11,-3.2960000000000362,-2.7100000000000364,1,3105.87,3125.07,-0.0010612163419589475,-0.0008725413491228019,False,2018,-164.8000000000018
2018-09-12,0.0,0.0,0,3123.99,3124.8,0.0,0.0,False,2018,0.0
2018-09-13,0.0,0.0,0,3136.7,3142.65,0.0,0.0,False,2018,0.0
2018-09-14,0.0,0.0,0,3144.81,3143.46,0.0,0.0,False,2018,0.0
2018-09-17,-3.5560000000002545,-2.9700000000002547,1,3141.84,3126.18,-0.0011318208438368135,-0.0009453059353755298,False,2018,-177.80000000001272
2018-09-18,6.4339999999999815,7.019999999999982,1,3129.15,3143.73,0.002056149433552237,0.0022434207372609115,False,2018,321.6999999999991
2018-09-19,0.0,0.0,0,3144.0,3146.97,0.0,0.0,False,2018,0.0
2018-09-20,0.0,0.0,0,3161.55,3171.27,0.0,0.0,False,2018,0.0
2018-09-21,0.0,0.0,0,3180.45,3168.84,0.0,0.0,False,2018,0.0
2018-09-24,0.0,0.0,0,3161.28,3158.04,0.0,0.0,False,2018,0.0
2018-09-25,0.0,0.0,0,3162.9,3153.99,0.0,0.0,False,2018,0.0
2018-09-26,0.0,0.0,0,3155.61,3144.54,0.0,0.0,False,2018,0.0
2018-09-27,-5.986000000000091,-5.400000000000091,1,3150.48,3152.91,-0.0019000279322516223,-0.001714024529595519,False,2018,-299.30000000000456
2018-09-28,0.0,0.0,0,3145.08,3152.1,0.0,0.0,False,2018,0.0
2018-10-01,0.0,0.0,0,3168.03,3163.17,0.0,0.0,False,2018,0.0
2018-10-02,0.0,0.0,0,3161.82,3162.09,0.0,0.0,False,2018,0.0
2018-10-03,0.0,0.0,0,3174.24,3164.25,0.0,0.0,False,2018,0.0
2018-10-04,12.914,13.5,1,3157.23,3138.33,0.004090294340291964,0.004275900076966202,False,2018,645.6999999999999
2018-10-05,2.1139999999998182,2.699999999999818,1,3140.22,3121.32,0.000673201240677347,0.0008598123698339028,False,2018,105.69999999999091
2018-10-08,-25.1460000000004,-24.5600000000004,1,3111.34,3120.51,-0.0080820482493075,-0.007893704963134983,False,2018,-1257.30000000002
2018-10-09,0.0,0.0,0,3115.92,3116.19,0.0,0.0,False,2018,0.0
2018-10-10,70.68399999999998,71.26999999999998,1,3109.45,3015.5,0.022731994404155072,0.022920452169997906,False,2018,3534.1999999999994
2018-10-11,-20.612000000000055,-19.440000000000055,2,3002.81,2949.9,-0.006864237164522583,-0.006473936079871872,False,2018,-1030.6000000000029
2018-10-12,0.0,0.0,0,2997.95,2989.85,0.0,0.0,False,2018,0.0
2018-10-15,0.0,0.0,0,2983.91,2972.84,0.0,0.0,False,2018,0.0
2018-10-16,23.714000000000183,24.300000000000182,1,2995.25,3035.48,0.007917202236875113,0.00811284533845261,False,2018,1185.7000000000091
2018-10-17,-13.322000000000092,-12.150000000000091,2,3036.83,3036.83,-0.004386811247254568,-0.004000882499185035,False,2018,-666.1000000000046
2018-10-18,12.867999999999508,14.039999999999509,2,3024.95,2993.36,0.004253954610819851,0.004641399031388787,False,2018,643.3999999999754
2018-10-19,-5.716000000000109,-5.130000000000109,1,3000.11,2990.12,-0.0019052634736726685,-0.001709937302298952,False,2018,-285.80000000000547
2018-10-22,-16.562000000000328,-15.390000000000327,2,2998.76,2977.7,-0.005522949485787567,-0.005132121276794517,False,2018,-828.1000000000164
2018-10-23,-32.76200000000014,-31.590000000000142,2,2932.35,2960.43,-0.011172608999607873,-0.010772929561614453,False,2018,-1638.1000000000072
2018-10-24,74.68800000000013,75.86000000000013,2,2957.73,2869.99,0.025251797831445103,0.025648047658170327,False,2018,3734.4000000000065
2018-10-25,21.82400000000031,22.41000000000031,1,2893.2,2922.9,0.0075432047559796465,0.007745748652011721,False,2018,1091.2000000000155
2018-10-26,-7.875999999999964,-7.289999999999964,1,2876.47,2869.45,-0.002738078269545646,-0.002534356346494128,False,2018,-393.7999999999982
2018-10-29,-7.0660000000000185,-6.480000000000018,1,2907.24,2854.06,-0.002430483895378441,-0.0022289181491724173,False,2018,-353.3000000000009
2018-10-30,-36.81199999999987,-35.63999999999987,2,2852.17,2897.52,-0.01290666404877685,-0.012495748850874903,False,2018,-1840.5999999999935
2018-10-31,-7.922,-6.75,2,2928.3,2928.03,-0.002705323908069528,-0.0023050916914250587,False,2018,-396.09999999999997
2018-11-01,-0.09200000000007269,1.0799999999999272,2,2937.75,2957.46,-3.1316483703539336e-05,0.000367628286954277,False,2018,-4.600000000003634
2018-11-02,0.22399999999994546,0.8099999999999454,1,2970.95,2939.1,7.539675861254665e-05,0.0002726400646257747,False,2018,11.199999999997273
2018-11-05,0.0,0.0,0,2945.58,2956.65,0.0,0.0,False,2018,0.0
2018-11-06,-4.095999999999764,-3.509999999999764,1,2955.3,2974.46,-0.0013859845024193022,-0.0011876966805399668,False,2018,-204.7999999999882
2018-11-07,16.414,17.0,1,3001.19,3037.9,0.005469163898320333,0.0056644197801538725,False,2018,820.7
2018-11-08,0.0,0.0,0,3028.46,3031.7,0.0,0.0,False,2018,0.0
2018-11-09,-7.875999999999964,-7.289999999999964,1,3016.04,3003.08,-0.0026113712019734366,-0.0024170766965955237,False,2018,-393.7999999999982
2018-11-12,32.884000000000256,33.470000000000255,1,2995.79,2945.58,0.01097673735475459,0.011172345191084907,False,2018,1644.2000000000128
2018-11-13,-3.8260000000002363,-3.2400000000002365,1,2951.52,2939.91,-0.0012962812381417832,-0.0010977394698325732,False,2018,-191.3000000000118
2018-11-14,0.22399999999994546,0.8099999999999454,1,2963.12,2919.39,7.559599341233075e-05,0.0002733605118928513,False,2018,11.199999999997273
2018-11-15,0.0,0.0,0,2903.73,2949.9,0.0,0.0,False,2018,0.0
2018-11-16,0.0,0.0,0,2936.13,2956.65,0.0,0.0,False,2018,0.0
2018-11-19,22.6339999999998,23.2199999999998,1,2949.36,2907.51,0.007674207285648344,0.007872894458458716,False,2018,1131.69999999999
2018-11-20,-4.6359999999997275,-4.049999999999727,1,2866.21,2853.52,-0.0016174669685751315,-0.0014130157943764508,False,2018,-231.79999999998637
2018-11-21,0.0,0.0,0,2870.53,2862.16,0.0,0.0,False,2018,0.0
2018-11-22,0.0,0.0,0,2853.52,2842.99,0.0,0.0,True,2018,0.0
2018-11-23,-6.526000000000055,-5.940000000000055,1,2841.1,2838.4,-0.0022969976417584934,-0.0020907395023054645,True,2018,-326.30000000000274
2018-11-26,-9.541999999999891,-8.36999999999989,2,2869.45,2887.26,-0.0033253759431249516,-0.0029169353011900857,False,2018,-477.09999999999457
2018-11-27,0.0,0.0,0,2874.85,2896.71,0.0,0.0,False,2018,0.0
2018-11-28,22.354000000000056,22.940000000000055,1,2910.48,2963.66,0.007680520051675344,0.007881861411176182,False,2018,1117.7000000000028
2018-11-29,0.0,0.0,0,2954.76,2957.46,0.0,0.0,False,2018,0.0
2018-11-30,0.0,0.0,0,2955.3,2976.62,0.0,0.0,False,2018,0.0
2018-12-03,0.0,0.0,0,3024.95,3013.61,0.0,0.0,False,2018,0.0
2018-12-04,63.93399999999998,64.51999999999998,1,3004.43,2919.39,0.0212799099995673,0.021474955315983393,False,2018,3196.6999999999994
2018-12-06,-16.29199999999989,-15.11999999999989,2,2868.91,2912.1,-0.005678811813545874,-0.005270294292954429,False,2018,-814.5999999999946
2018-12-07,24.748000000000072,25.920000000000073,2,2906.7,2843.8,0.00851412254446626,0.008917328929714134,False,2018,1237.4000000000035
2018-12-10,-7.0660000000000185,-6.480000000000018,1,2840.83,2848.12,-0.002487301246466708,-0.0022810235036943493,False,2018,-353.3000000000009
2018-12-11,0.0,0.0,0,2886.73,2848.39,0.0,0.0,False,2018,0.0
2018-12-12,0.0,0.0,0,2884.84,2863.24,0.0,0.0,False,2018,0.0
2018-12-13,0.0,0.0,0,2873.77,2861.08,0.0,0.0,False,2018,0.0
2018-12-14,-8.126000000000419,-7.540000000000418,1,2834.35,2807.67,-0.0028669712632527454,-0.0026602219203698974,False,2018,-406.30000000002093
2018-12-17,20.398000000000163,21.570000000000164,2,2795.81,2751.06,0.007295917819880523,0.007715116549407923,False,2018,1019.9000000000082
2018-12-18,0.0,0.0,0,2771.01,2748.1,0.0,0.0,False,2018,0.0
2018-12-19,-64.74599999999985,-64.15999999999985,1,2748.64,2702.27,-0.02355564933930957,-0.023342452994935627,False,2018,-3237.2999999999925
2018-12-20,-14.875999999999964,-14.289999999999964,1,2689.33,2658.88,-0.005531489255688206,-0.005313591117490217,False,2018,-743.7999999999982
2018-12-21,17.428000000000363,18.600000000000364,2,2670.2,2604.16,0.006526851921204541,0.006965770354280715,False,2018,871.4000000000182
2018-12-24,24.428000000000363,25.600000000000364,2,2587.98,2525.45,0.009439021939891485,0.009891884790454471,True,2018,1221.400000000018
2018-12-26,82.164,82.75,1,2553.48,2661.3,0.032177263969171484,0.032406754703385186,False,2018,4108.2
2018-12-27,-7.326000000000237,-6.7400000000002365,1,2623.56,2685.83,-0.0027923889676623507,-0.0025690283431673896,False,2018,-366.30000000001183
2018-12-28,0.0,0.0,0,2700.12,2680.71,0.0,0.0,False,2018,0.0
2018-12-31,0.0,0.0,0,2699.31,2705.78,0.0,0.0,False,2018,0.0
2019-01-02,0.0,0.0,0,2661.03,2707.39,0.0,0.0,False,2019,0.0
2019-01-03,0.4939999999999273,1.0799999999999272,1,2685.29,2639.74,0.00018396523280536824,0.00040219119722634326,False,2019,24.699999999996365
2019-01-04,36.34399999999984,36.929999999999836,1,2677.2,2730.85,0.013575377259823636,0.01379426266248313,False,2019,1817.1999999999919
2019-01-07,-12.71600000000011,-12.13000000000011,1,2732.73,2749.98,-0.004653222235639858,-0.004438784658564918,False,2019,-635.8000000000055
2019-01-08,0.0,0.0,0,2777.48,2775.86,0.0,0.0,False,2019,0.0
2019-01-09,0.0,0.0,0,2785.03,2788.53,0.0,0.0,False,2019,0.0
2019-01-10,0.0,0.0,0,2770.74,2799.85,0.0,0.0,False,2019,0.0
2019-01-11,0.0,0.0,0,2785.83,2799.31,0.0,0.0,False,2019,0.0
2019-01-14,0.0,0.0,0,2776.94,2783.14,0.0,0.0,False,2019,0.0
2019-01-15,-2.827999999999709,-1.069999999999709,3,2786.91,2814.68,-0.001014743927862654,-0.000383937766199737,False,2019,-141.39999999998545
2019-01-16,0.0,0.0,0,2819.26,2821.15,0.0,0.0,False,2019,0.0
2019-01-17,0.0,0.0,0,2809.56,2842.17,0.0,0.0,False,2019,0.0
2019-01-18,0.0,0.0,0,2863.74,2879.37,0.0,0.0,False,2019,0.0
2019-01-21,0.0,0.0,0,2871.01,2871.55,0.0,0.0,True,2019,0.0
2019-01-22,0.0,0.0,0,2861.85,2842.17,0.0,0.0,False,2019,0.0
2019-01-23,0.0,0.0,0,2853.22,2845.68,0.0,0.0,False,2019,0.0
2019-01-24,0.0,0.0,0,2843.79,2848.1,0.0,0.0,False,2019,0.0
2019-01-25,0.0,0.0,0,2869.4,2871.55,0.0,0.0,False,2019,0.0
2019-01-28,0.0,0.0,0,2844.87,2849.45,0.0,0.0,False,2019,0.0
2019-01-29,0.0,0.0,0,2850.26,2845.14,0.0,0.0,False,2019,0.0
2019-01-30,0.0,0.0,0,2862.93,2889.88,0.0,0.0,False,2019,0.0
2019-01-31,-8.441999999999528,-7.269999999999528,2,2888.53,2914.14,-0.0029225938453121578,-0.002516851131890452,False,2019,-422.0999999999764
2019-02-01,0.0,0.0,0,2916.57,2916.03,0.0,0.0,False,2019,0.0
2019-02-04,0.0,0.0,0,2916.3,2936.78,0.0,0.0,False,2019,0.0
2019-02-05,0.0,0.0,0,2941.37,2948.91,0.0,0.0,False,2019,0.0
2019-02-06,0.0,0.0,0,2944.87,2944.6,0.0,0.0,False,2019,0.0
2019-02-07,-4.626000000000419,-4.040000000000418,1,2923.85,2916.03,-0.0015821605075501202,-0.0013817398293347533,False,2019,-231.30000000002093
2019-02-08,0.0,0.0,0,2900.4,2919.26,0.0,0.0,False,2019,0.0
2019-02-11,0.0,0.0,0,2926.81,2920.61,0.0,0.0,False,2019,0.0
2019-02-12,0.0,0.0,0,2940.02,2958.62,0.0,0.0,False,2019,0.0
2019-02-13,0.0,0.0,0,2968.32,2967.24,0.0,0.0,False,2019,0.0
2019-02-14,0.0,0.0,0,2953.77,2960.24,0.0,0.0,False,2019,0.0
2019-02-15,0.0,0.0,0,2981.26,2992.85,0.0,0.0,False,2019,0.0
2019-02-18,0.0,0.0,0,2993.93,2995.55,0.0,0.0,True,2019,0.0
2019-02-19,0.0,0.0,0,2982.61,2997.7,0.0,0.0,False,2019,0.0
2019-02-20,0.0,0.0,0,2996.9,3003.9,0.0,0.0,False,2019,0.0
2019-02-21,0.0,0.0,0,2995.01,2992.31,0.0,0.0,False,2019,0.0
2019-02-22,0.0,0.0,0,2999.32,3010.64,0.0,0.0,False,2019,0.0
2019-02-25,0.0,0.0,0,3027.35,3015.22,0.0,0.0,False,2019,0.0
2019-02-26,0.0,0.0,0,3009.83,3012.26,0.0,0.0,False,2019,0.0
2019-02-27,0.0,0.0,0,3003.36,3011.18,0.0,0.0,False,2019,0.0
2019-02-28,0.0,0.0,0,3007.41,3002.83,0.0,0.0,False,2019,0.0
2019-03-01,0.0,0.0,0,3023.04,3023.85,0.0,0.0,False,2019,0.0
2019-03-04,-16.215999999999653,-15.629999999999653,1,3035.71,3011.72,-0.005341748717762781,-0.0051487131511243345,False,2019,-810.7999999999827
2019-03-05,0.0,0.0,0,3013.34,3008.22,0.0,0.0,False,2019,0.0
2019-03-06,0.0,0.0,0,3008.76,2988.81,0.0,0.0,False,2019,0.0
2019-03-07,-1.1259999999999635,-0.5399999999999635,1,2982.61,2964.01,-0.00037752170079224684,-0.00018104948350604452,False,2019,-56.29999999999817
2019-03-08,0.0,0.0,0,2940.56,2957.81,0.0,0.0,False,2019,0.0
2019-03-11,23.67400000000022,24.26000000000022,1,2965.63,3000.67,0.00798278949160894,0.008180386629485208,False,2019,1183.700000000011
2019-03-12,0.0,0.0,0,3006.33,3010.37,0.0,0.0,False,2019,0.0
2019-03-13,0.0,0.0,0,3021.69,3030.86,0.0,0.0,False,2019,0.0
2019-03-14,0.0,0.0,0,3030.32,3028.71,0.0,0.0,False,2019,0.0
2019-03-15,0.0,0.0,0,3034.36,3044.04,0.0,0.0,False,2019,0.0
2019-03-18,-0.8460000000002182,-0.2600000000002183,1,3045.93,3055.07,-0.00027774768297374473,-8.535980800616505e-05,False,2019,-42.30000000001091
2019-03-19,0.0,0.0,0,3067.18,3056.69,0.0,0.0,False,2019,0.0
2019-03-20,-2.196000000000127,-1.6100000000001273,1,3052.92,3045.39,-0.0007193113478244196,-0.0005273639663011567,False,2019,-109.80000000000636
2019-03-21,0.7640000000003638,1.3500000000003638,1,3035.43,3079.29,0.0002516941586530949,0.0004447475316513192,False,2019,38.20000000001819
2019-03-22,20.087999999999763,21.259999999999764,2,3062.61,3020.09,0.00655911134620463,0.006941791478510082,False,2019,1004.3999999999882
2019-03-25,0.0,0.0,0,3015.52,3017.4,0.0,0.0,False,2019,0.0
2019-03-26,-3.2760000000000544,-2.6900000000000546,1,3038.12,3038.66,-0.0010782984213921947,-0.0008854159809355966,False,2019,-163.8000000000027
2019-03-27,-1.3959999999999453,-0.8099999999999453,1,3039.74,3024.4,-0.00045924980425955685,-0.0002664701586319703,False,2019,-69.79999999999727
2019-03-28,0.0,0.0,0,3030.32,3035.16,0.0,0.0,False,2019,0.0
2019-03-29,0.0,0.0,0,3052.11,3054.54,0.0,0.0,False,2019,0.0
2019-04-01,0.0,0.0,0,3077.14,3090.05,0.0,0.0,False,2019,0.0
2019-04-02,0.0,0.0,0,3090.86,3090.59,0.0,0.0,False,2019,0.0
2019-04-03,0.0,0.0,0,3104.85,3095.97,0.0,0.0,False,2019,0.0
2019-04-04,0.0,0.0,0,3098.4,3102.97,0.0,0.0,False,2019,0.0
2019-04-05,0.0,0.0,0,3110.5,3117.23,0.0,0.0,False,2019,0.0
2019-04-08,0.0,0.0,0,3112.12,3119.92,0.0,0.0,False,2019,0.0
2019-04-09,0.0,0.0,0,3107.54,3103.78,0.0,0.0,False,2019,0.0
2019-04-10,0.0,0.0,0,3108.08,3114.27,0.0,0.0,False,2019,0.0
2019-04-11,0.0,0.0,0,3119.11,3112.93,0.0,0.0,False,2019,0.0
2019-04-12,0.0,0.0,0,3132.03,3134.18,0.0,0.0,False,2019,0.0
2019-04-15,0.0,0.0,0,3134.45,3132.03,0.0,0.0,False,2019,0.0
2019-04-16,0.0,0.0,0,3141.99,3133.91,0.0,0.0,False,2019,0.0
2019-04-17,0.0,0.0,0,3146.02,3125.03,0.0,0.0,False,2019,0.0
2019-04-18,0.0,0.0,0,3131.49,3130.42,0.0,0.0,False,2019,0.0
2019-04-22,0.0,0.0,0,3121.27,3133.64,0.0,0.0,False,2019,0.0
2019-04-23,5.3340000000000725,5.920000000000073,1,3137.68,3160.82,0.0016999821524183705,0.001886744346141121,False,2019,266.7000000000036
2019-04-24,0.0,0.0,0,3160.01,3153.83,0.0,0.0,False,2019,0.0
2019-04-25,0.0,0.0,0,3152.21,3151.4,0.0,0.0,False,2019,0.0
2019-04-26,0.0,0.0,0,3151.4,3166.2,0.0,0.0,False,2019,0.0
2019-04-29,0.0,0.0,0,3166.47,3169.7,0.0,0.0,False,2019,0.0
2019-04-30,0.0,0.0,0,3165.93,3171.32,0.0,0.0,False,2019,0.0
2019-05-01,0.0,0.0,0,3179.39,3147.91,0.0,0.0,False,2019,0.0
2019-05-02,-4.075999999999782,-3.489999999999782,1,3145.75,3141.45,-0.001295716442819608,-0.0011094333624731088,False,2019,-203.7999999999891
2019-05-03,0.0,0.0,0,3157.59,3170.51,0.0,0.0,False,2019,0.0
2019-05-06,0.0,0.0,0,3118.58,3157.86,0.0,0.0,False,2019,0.0
2019-05-07,-2.5120000000001452,-1.3400000000001453,2,3127.72,3105.12,-0.0008031409461205432,-0.00042842709705477003,False,2019,-125.60000000000726
2019-05-08,0.0,0.0,0,3099.47,3100.01,0.0,0.0,False,2019,0.0
2019-05-09,-9.46600000000011,-8.88000000000011,1,3074.18,3090.05,-0.0030791951024338555,-0.0028885751647594188,False,2019,-473.30000000000547
2019-05-10,-6.765999999999837,-6.179999999999836,1,3078.48,3104.05,-0.00219783789402557,-0.0020074842129881748,False,2019,-338.2999999999918
2019-05-13,-3.5460000000000362,-2.9600000000000364,1,3042.43,3027.36,-0.0011655157226296206,-0.0009729065253761094,False,2019,-177.3000000000018
2019-05-14,-1.935999999999909,-1.349999999999909,1,3038.12,3052.11,-0.0006372361855357619,-0.0004443537450791638,False,2019,-96.79999999999545
2019-05-15,0.7539999999996908,1.3399999999996908,1,3033.28,3070.68,0.0002485757991348279,0.00044176600907258503,False,2019,37.69999999998454
2019-05-16,-0.8559999999999818,-0.2699999999999818,1,3077.95,3097.59,-0.00027810718172809236,-8.772072320862322e-05,False,2019,-42.79999999999909
2019-05-17,0.0,0.0,0,3070.68,3079.02,0.0,0.0,False,2019,0.0
2019-05-20,0.0,0.0,0,3058.84,3058.03,0.0,0.0,False,2019,0.0
2019-05-21,0.0,0.0,0,3077.41,3084.94,0.0,0.0,False,2019,0.0
2019-05-22,0.0,0.0,0,3073.37,3075.52,0.0,0.0,False,2019,0.0
2019-05-23,-18.9779999999998,-17.2199999999998,3,3048.08,3038.12,-0.006226214535051507,-0.005649458019474489,False,2019,-948.89999999999
2019-05-24,0.0,0.0,0,3054.0,3043.77,0.0,0.0,False,2019,0.0
2019-05-27,0.0,0.0,0,3044.85,3047.81,0.0,0.0,True,2019,0.0
2019-05-28,-7.036000000000273,-6.450000000000273,1,3046.73,3014.98,-0.0023093611839579723,-0.0021170238255441977,False,2019,-351.80000000001365
2019-05-29,-19.7320000000004,-18.5600000000004,2,3001.26,2995.07,-0.00657457201308797,-0.006184069357536634,False,2019,-986.60000000002
2019-05-30,0.0,0.0,0,3002.61,3002.07,0.0,0.0,False,2019,0.0
2019-05-31,0.0,0.0,0,2971.12,2961.97,0.0,0.0,False,2019,0.0
2019-06-03,-18.661999999999782,-17.48999999999978,2,2960.9,2953.1,-0.006302813333783573,-0.0059069877402140505,False,2019,-933.0999999999891
2019-06-04,16.318000000000236,17.490000000000236,2,2980.54,3017.14,0.005474846839834471,0.005868064176290282,False,2019,815.9000000000118
2019-06-05,0.0,0.0,0,3036.51,3042.97,0.0,0.0,False,2019,0.0
2019-06-06,0.0,0.0,0,3046.73,3062.07,0.0,0.0,False,2019,0.0
2019-06-07,5.073999999999854,5.6599999999998545,1,3074.72,3092.75,0.0016502315658010662,0.0018408180257063586,False,2019,253.6999999999927
2019-06-10,0.0,0.0,0,3111.31,3107.01,0.0,0.0,False,2019,0.0
2019-06-11,0.0,0.0,0,3128.8,3106.47,0.0,0.0,False,2019,0.0
2019-06-12,0.0,0.0,0,3103.51,3100.55,0.0,0.0,False,2019,0.0
2019-06-13,0.0,0.0,0,3111.04,3114.0,0.0,0.0,False,2019,0.0
2019-06-14,0.0,0.0,0,3109.17,3108.9,0.0,0.0,False,2019,0.0
2019-06-17,0.0,0.0,0,3111.86,3111.32,0.0,0.0,False,2019,0.0
2019-06-18,-5.1460000000004005,-4.5600000000004,1,3131.74,3141.95,-0.0016431759980076255,-0.0014560595707180037,False,2019,-257.30000000002
2019-06-19,0.0,0.0,0,3144.1,3150.01,0.0,0.0,False,2019,0.0
2019-06-20,0.0,0.0,0,3181.71,3179.57,0.0,0.0,False,2019,0.0
2019-06-21,0.0,0.0,0,3176.34,3175.8,0.0,0.0,False,2019,0.0
2019-06-24,0.0,0.0,0,3177.15,3171.5,0.0,0.0,False,2019,0.0
2019-06-25,8.22800000000009,9.400000000000091,2,3171.5,3140.34,0.002594355982973385,0.0029638972095223366,False,2019,411.4000000000045
2019-06-26,0.0,0.0,0,3150.28,3136.85,0.0,0.0,False,2019,0.0
2019-06-27,0.0,0.0,0,3144.91,3146.79,0.0,0.0,False,2019,0.0
2019-06-28,0.0,0.0,0,3158.07,3163.18,0.0,0.0,False,2019,0.0
2019-07-01,0.0,0.0,0,3201.87,3190.04,0.0,0.0,False,2019,0.0
2019-07-02,0.0,0.0,0,3189.78,3199.18,0.0,0.0,False,2019,0.0
2019-07-03,1.5639999999996363,2.149999999999636,1,3206.16,3225.24,0.0004878109638943897,0.0006705841255581868,True,2019,78.19999999998181
2019-07-04,0.0,0.0,0,3226.85,3226.58,0.0,0.0,True,2019,0.0
2019-07-05,0.0,0.0,0,3208.85,3218.79,0.0,0.0,False,2019,0.0
2019-07-08,0.0,0.0,0,3204.28,3202.4,0.0,0.0,False,2019,0.0
2019-07-09,0.0,0.0,0,3187.89,3206.43,0.0,0.0,False,2019,0.0
2019-07-10,-8.915999999999928,-8.329999999999927,1,3218.26,3220.67,-0.0027704411700732465,-0.002588355198150531,False,2019,-445.7999999999964
2019-07-11,0.0,0.0,0,3227.93,3227.93,0.0,0.0,False,2019,0.0
2019-07-12,0.0,0.0,0,3233.84,3242.44,0.0,0.0,False,2019,0.0
2019-07-15,0.0,0.0,0,3247.27,3243.51,0.0,0.0,False,2019,0.0
2019-07-16,0.0,0.0,0,3242.17,3232.23,0.0,0.0,False,2019,0.0
2019-07-17,0.0,0.0,0,3231.96,3210.46,0.0,0.0,False,2019,0.0
2019-07-18,0.0,0.0,0,3203.48,3221.48,0.0,0.0,False,2019,0.0
2019-07-19,0.0,0.0,0,3234.11,3202.4,0.0,0.0,False,2019,0.0
2019-07-22,0.0,0.0,0,3207.51,3211.0,0.0,0.0,False,2019,0.0
2019-07-23,0.0,0.0,0,3224.17,3232.23,0.0,0.0,False,2019,0.0
2019-07-24,0.0,0.0,0,3223.63,3247.27,0.0,0.0,False,2019,0.0
2019-07-25,-9.501999999999928,-8.329999999999927,2,3242.44,3231.42,-0.002930509122759381,-0.0025690529354436558,False,2019,-475.0999999999964
2019-07-26,0.0,0.0,0,3240.02,3252.92,0.0,0.0,False,2019,0.0
2019-07-29,-1.3959999999999453,-0.8099999999999453,1,3252.11,3247.27,-0.00042925977288589415,-0.0002490690659294874,False,2019,-69.79999999999727
2019-07-30,0.0,0.0,0,3230.35,3240.02,0.0,0.0,False,2019,0.0
2019-07-31,0.0,0.0,0,3241.63,3202.13,0.0,0.0,False,2019,0.0
2019-08-01,-41.15600000000016,-40.570000000000164,1,3204.02,3174.73,-0.012845113326383781,-0.01266221808852634,False,2019,-2057.800000000008
2019-08-02,-9.782000000000128,-8.610000000000127,2,3163.44,3151.09,-0.003092203424120618,-0.0027217206585236726,False,2019,-489.1000000000064
2019-08-05,34.87399999999958,35.45999999999958,1,3100.57,3056.78,0.01124760931054599,0.01143660681745601,False,2019,1743.6999999999791
2019-08-06,0.0,0.0,0,3076.66,3096.81,0.0,0.0,False,2019,0.0
2019-08-07,-12.676000000000146,-12.090000000000146,1,3060.0,3098.69,-0.004142483660130767,-0.00395098039215691,False,2019,-633.8000000000073
2019-08-08,32.1940000000002,32.7800000000002,1,3115.08,3158.61,0.01033488706550079,0.010523004224610668,False,2019,1609.70000000001
2019-08-09,-6.495999999999855,-5.9099999999998545,1,3147.59,3136.58,-0.0020638011939292777,-0.0018776270098709979,False,2019,-324.79999999999274
2019-08-12,0.0,0.0,0,3118.84,3098.96,0.0,0.0,False,2019,0.0
2019-08-13,-5.696000000000128,-5.110000000000127,1,3094.93,3145.98,-0.0018404293473520009,-0.0016510874236251314,False,2019,-284.8000000000064
2019-08-14,28.164,28.75,1,3097.89,3053.55,0.009091349273214996,0.009280510282805394,False,2019,1408.2
2019-08-15,0.0,0.0,0,3063.23,3060.81,0.0,0.0,False,2019,0.0
2019-08-16,-1.9260000000001454,-1.3400000000001455,1,3079.88,3105.95,-0.0006253490395730176,-0.00043508188630730595,False,2019,-96.30000000000727
2019-08-19,0.0,0.0,0,3141.95,3143.02,0.0,0.0,False,2019,0.0
2019-08-20,-6.495999999999855,-5.9099999999998545,1,3136.85,3117.77,-0.002070867271307157,-0.001884055660933693,False,2019,-324.79999999999274
2019-08-21,0.0,0.0,0,3144.1,3143.29,0.0,0.0,False,2019,0.0
2019-08-22,-8.645999999999946,-8.059999999999945,1,3151.62,3141.68,-0.0027433510385135094,-0.002557414916772944,False,2019,-432.2999999999973
2019-08-23,35.14400000000002,35.73000000000002,1,3126.9,3060.54,0.011239246538104838,0.01142665259522211,False,2019,1757.200000000001
2019-08-26,0.0,0.0,0,3087.14,3094.66,0.0,0.0,False,2019,0.0
2019-08-27,-7.036000000000273,-6.450000000000273,1,3111.59,3082.3,-0.0022612233616897703,-0.002072895207916298,False,2019,-351.80000000001365
2019-08-28,3.4440000000002002,4.0300000000002,1,3074.51,3104.07,0.0011201784999886812,0.0013107779776290204,False,2019,172.20000000001002
2019-08-29,0.0,0.0,0,3134.43,3143.29,0.0,0.0,False,2019,0.0
2019-08-30,0.0,0.0,0,3161.29,3141.68,0.0,0.0,False,2019,0.0
2019-09-02,2.3740000000000365,2.9600000000000364,1,3135.5,3115.35,0.0007571360229628565,0.0009440280656992621,True,2019,118.70000000000182
2019-09-03,0.0,0.0,0,3120.99,3123.41,0.0,0.0,False,2019,0.0
2019-09-04,0.0,0.0,0,3148.94,3157.8,0.0,0.0,False,2019,0.0
2019-09-05,-2.466000000000109,-1.8800000000001091,1,3187.63,3198.64,-0.000773615507446005,-0.0005897798678015043,False,2019,-123.30000000000545
2019-09-06,0.0,0.0,0,3202.67,3201.33,0.0,0.0,False,2019,0.0
2019-09-09,0.0,0.0,0,3212.88,3201.87,0.0,0.0,False,2019,0.0
2019-09-10,-5.156000000000164,-4.570000000000164,1,3193.27,3202.13,-0.0016146458019522822,-0.00143113485549301,False,2019,-257.8000000000082
2019-09-11,0.0,0.0,0,3204.82,3224.7,0.0,0.0,False,2019,0.0
2019-09-12,0.0,0.0,0,3234.38,3234.64,0.0,0.0,False,2019,0.0
2019-09-13,0.0,0.0,0,3240.02,3232.23,0.0,0.0,False,2019,0.0
2019-09-16,0.0,0.0,0,3232.23,3235.46,0.0,0.0,False,2019,0.0
2019-09-17,0.0,0.0,0,3233.31,3243.82,0.0,0.0,False,2019,0.0
2019-09-18,0.0,0.0,0,3238.97,3245.44,0.0,0.0,False,2019,0.0
2019-09-19,0.0,0.0,0,3249.75,3244.09,0.0,0.0,False,2019,0.0
2019-09-20,0.0,0.0,0,3251.37,3226.84,0.0,0.0,False,2019,0.0
2019-09-23,0.0,0.0,0,3220.37,3228.18,0.0,0.0,False,2019,0.0
2019-09-24,5.0840000000000725,5.670000000000073,1,3240.59,3201.49,0.0015688501167997408,0.0017496813851798816,False,2019,254.20000000000363
2019-09-25,0.0,0.0,0,3202.57,3220.64,0.0,0.0,False,2019,0.0
2019-09-26,-9.262000000000146,-8.090000000000146,2,3220.64,3213.36,-0.002875825922797999,-0.002511923096030648,False,2019,-463.1000000000073
2019-09-27,-4.895999999999946,-4.309999999999945,1,3222.52,3195.02,-0.0015193078708588142,-0.0013374626069038967,False,2019,-244.79999999999728
2019-09-30,-1.3959999999999453,-0.8099999999999453,1,3201.76,3211.2,-0.00043601019439306666,-0.00025298585777820486,False,2019,-69.79999999999727
2019-10-01,23.673999999999765,24.259999999999764,1,3220.91,3171.03,0.007350096711798767,0.0075320328726973945,False,2019,1183.6999999999882
2019-10-02,18.82400000000031,19.41000000000031,1,3152.43,3114.41,0.005971266610202387,0.006157154956652586,False,2019,941.2000000000155
2019-10-03,0.0,0.0,0,3111.45,3139.22,0.0,0.0,False,2019,0.0
2019-10-04,14.997999999999617,16.169999999999618,2,3147.04,3182.08,0.004765748131577488,0.005138161574050415,False,2019,749.8999999999809
2019-10-07,0.0,0.0,0,3172.11,3168.06,0.0,0.0,False,2019,0.0
2019-10-08,-12.492000000000164,-11.320000000000164,2,3144.88,3118.46,-0.003972170639261328,-0.0035995014118186267,False,2019,-624.6000000000082
2019-10-09,0.0,0.0,0,3142.18,3147.3,0.0,0.0,False,2019,0.0
2019-10-10,0.4939999999999273,1.0799999999999272,1,3146.23,3169.14,0.0001570133143476247,0.00034326797468714216,False,2019,24.699999999996365
2019-10-11,1.5639999999996363,2.149999999999636,1,3201.49,3201.22,0.0004885225316960655,0.0006715623038021785,False,2019,78.19999999998181
2019-10-14,0.0,0.0,0,3197.45,3198.26,0.0,0.0,False,2019,0.0
2019-10-15,5.344000000000291,5.930000000000291,1,3210.12,3230.34,0.0016647352746938715,0.0018472829676150085,False,2019,267.20000000001454
2019-10-16,0.0,0.0,0,3223.87,3224.95,0.0,0.0,False,2019,0.0
2019-10-17,0.0,0.0,0,3237.62,3232.77,0.0,0.0,False,2019,0.0
2019-10-18,0.0,0.0,0,3226.3,3219.02,0.0,0.0,False,2019,0.0
2019-10-21,0.0,0.0,0,3234.65,3241.39,0.0,0.0,False,2019,0.0
2019-10-22,0.0,0.0,0,3247.06,3230.07,0.0,0.0,False,2019,0.0
2019-10-23,0.0,0.0,0,3226.57,3238.97,0.0,0.0,False,2019,0.0
2019-10-24,0.0,0.0,0,3250.02,3244.36,0.0,0.0,False,2019,0.0
2019-10-25,-2.196000000000127,-1.6100000000001273,1,3236.81,3257.84,-0.0006784457536896288,-0.0004974033075775616,False,2019,-109.80000000000636
2019-10-28,0.0,0.0,0,3271.05,3275.9,0.0,0.0,False,2019,0.0
2019-10-29,0.0,0.0,0,3271.86,3273.75,0.0,0.0,False,2019,0.0
2019-10-30,0.0,0.0,0,3276.17,3283.72,0.0,0.0,False,2019,0.0
2019-10-31,-13.312000000000328,-12.140000000000327,2,3282.64,3274.02,-0.00405527258548008,-0.003698242877683915,False,2019,-665.6000000000164
2019-11-01,0.0,0.0,0,3291.0,3305.02,0.0,0.0,False,2019,0.0
2019-11-04,0.0,0.0,0,3323.08,3317.69,0.0,0.0,False,2019,0.0
2019-11-05,0.0,0.0,0,3320.39,3313.65,0.0,0.0,False,2019,0.0
2019-11-06,0.0,0.0,0,3314.19,3315.0,0.0,0.0,False,2019,0.0
2019-11-07,0.0,0.0,0,3330.09,3326.32,0.0,0.0,False,2019,0.0
2019-11-08,0.0,0.0,0,3321.47,3334.41,0.0,0.0,False,2019,0.0
2019-11-11,0.0,0.0,0,3317.15,3327.67,0.0,0.0,False,2019,0.0
2019-11-12,0.0,0.0,0,3331.44,3333.6,0.0,0.0,False,2019,0.0
2019-11-13,0.0,0.0,0,3322.01,3334.95,0.0,0.0,False,2019,0.0
2019-11-14,0.0,0.0,0,3330.63,3338.99,0.0,0.0,False,2019,0.0
2019-11-15,0.0,0.0,0,3354.63,3363.79,0.0,0.0,False,2019,0.0
2019-11-18,0.0,0.0,0,3360.29,3365.68,0.0,0.0,False,2019,0.0
2019-11-19,0.0,0.0,0,3372.69,3364.06,0.0,0.0,False,2019,0.0
2019-11-20,0.0,0.0,0,3357.32,3351.93,0.0,0.0,False,2019,0.0
2019-11-21,-4.8960000000004005,-4.3100000000004,1,3352.2,3346.0,-0.001460533381063302,-0.0012857228089017364,False,2019,-244.80000000002002
2019-11-22,0.0,0.0,0,3354.36,3353.55,0.0,0.0,False,2019,0.0
2019-11-25,0.0,0.0,0,3364.06,3378.89,0.0,0.0,False,2019,0.0
2019-11-26,0.0,0.0,0,3379.43,3385.63,0.0,0.0,False,2019,0.0
2019-11-27,0.0,0.0,0,3391.56,3400.46,0.0,0.0,False,2019,0.0
2019-11-28,0.0,0.0,0,3395.34,3397.22,0.0,0.0,True,2019,0.0
2019-11-29,0.0,0.0,0,3394.26,3390.21,0.0,0.0,True,2019,0.0
2019-12-02,15.593999999999836,16.179999999999836,1,3391.29,3358.67,0.004598250223366281,0.004771045826219473,False,2019,779.6999999999917
2019-12-03,0.0,0.0,0,3326.59,3335.75,0.0,0.0,False,2019,0.0
2019-12-04,-2.4759999999998725,-1.8899999999998727,1,3348.7,3357.05,-0.0007393914056200533,-0.0005643981246453468,False,2019,-123.79999999999363
2019-12-05,0.0,0.0,0,3364.87,3362.45,0.0,0.0,False,2019,0.0
2019-12-06,0.0,0.0,0,3384.82,3392.64,0.0,0.0,False,2019,0.0
2019-12-09,0.0,0.0,0,3388.33,3382.4,0.0,0.0,False,2019,0.0
2019-12-10,0.0,0.0,0,3381.86,3378.35,0.0,0.0,False,2019,0.0
2019-12-11,0.0,0.0,0,3383.74,3388.06,0.0,0.0,False,2019,0.0
2019-12-12,-15.508,-13.75,3,3387.79,3416.63,-0.004577615495647605,-0.004058693130329802,False,2019,-775.4
2019-12-13,0.0,0.0,0,3413.67,3418.25,0.0,0.0,False,2019,0.0
2019-12-16,0.0,0.0,0,3434.13,3438.43,0.0,0.0,False,2019,0.0
2019-12-17,0.0,0.0,0,3442.73,3437.89,0.0,0.0,False,2019,0.0
2019-12-18,0.0,0.0,0,3442.73,3439.24,0.0,0.0,False,2019,0.0
2019-12-19,0.0,0.0,0,3440.58,3453.76,0.0,0.0,False,2019,0.0
2019-12-20,0.0,0.0,0,3465.6,3468.55,0.0,0.0,False,2019,0.0
2019-12-23,0.0,0.0,0,3475.55,3470.97,0.0,0.0,False,2019,0.0
2019-12-24,0.0,0.0,0,3473.13,3471.24,0.0,0.0,True,2019,0.0
2019-12-26,0.0,0.0,0,3474.2,3488.46,0.0,0.0,False,2019,0.0
2019-12-27,0.0,0.0,0,3497.06,3487.38,0.0,0.0,False,2019,0.0
2019-12-30,-4.9419999999999815,-3.769999999999982,2,3487.38,3466.94,-0.0014171096926632548,-0.0010810407813315389,False,2019,-247.09999999999908
2019-12-31,0.0,0.0,0,3460.75,3474.74,0.0,0.0,False,2019,0.0
2020-01-02,0.0,0.0,0,3492.76,3505.67,0.0,0.0,False,2020,0.0
2020-01-03,0.0,0.0,0,3465.86,3479.58,0.0,0.0,False,2020,0.0
2020-01-06,0.0,0.0,0,3458.33,3492.76,0.0,0.0,False,2020,0.0
2020-01-07,0.0,0.0,0,3485.23,3482.81,0.0,0.0,False,2020,0.0
2020-01-08,-5.156000000000164,-4.570000000000164,1,3484.69,3500.56,-0.001479615116409254,-0.0013114509468561519,False,2020,-257.8000000000082
2020-01-09,0.0,0.0,0,3519.12,3523.96,0.0,0.0,False,2020,0.0
2020-01-10,0.0,0.0,0,3530.95,3513.47,0.0,0.0,False,2020,0.0
2020-01-13,0.0,0.0,0,3521.27,3537.95,0.0,0.0,False,2020,0.0
2020-01-14,0.0,0.0,0,3532.84,3532.3,0.0,0.0,False,2020,0.0
2020-01-15,-0.31600000000001816,0.2699999999999818,1,3531.22,3540.64,-8.948748591138988e-05,7.64608265698489e-05,False,2020,-15.800000000000908
2020-01-16,0.0,0.0,0,3555.97,3569.15,0.0,0.0,False,2020,0.0
2020-01-17,0.0,0.0,0,3577.48,3580.71,0.0,0.0,False,2020,0.0
2020-01-20,0.0,0.0,0,3572.91,3577.48,0.0,0.0,True,2020,0.0
2020-01-21,0.0,0.0,0,3568.07,3573.18,0.0,0.0,False,2020,0.0
2020-01-22,0.0,0.0,0,3583.13,3573.45,0.0,0.0,False,2020,0.0
2020-01-23,0.0,0.0,0,3564.84,3577.48,0.0,0.0,False,2020,0.0
2020-01-24,12.593999999999836,13.179999999999836,1,3584.21,3544.4,0.0035137450093604547,0.0036772398938677803,False,2020,629.6999999999917
2020-01-27,0.0,0.0,0,3482.27,3487.11,0.0,0.0,False,2020,0.0
2020-01-28,6.144000000000018,6.730000000000018,1,3504.06,3524.5,0.0017533946336535384,0.0019206292129701028,False,2020,307.2000000000009
2020-01-29,0.0,0.0,0,3539.83,3520.73,0.0,0.0,False,2020,0.0
2020-01-30,0.0,0.0,0,3495.45,3531.76,0.0,0.0,False,2020,0.0
2020-01-31,45.94399999999975,46.529999999999745,1,3523.96,3466.94,0.013037605421173834,0.013203895617430319,False,2020,2297.1999999999875
2020-02-03,-11.402000000000019,-10.230000000000018,2,3484.96,3493.3,-0.003271773564115519,-0.0029354712823102757,False,2020,-570.1000000000009
2020-02-04,-6.225999999999873,-5.639999999999873,1,3535.79,3546.02,-0.0017608511817726372,-0.0015951173570828224,False,2020,-311.29999999999364
2020-02-05,0.0,0.0,0,3580.44,3586.36,0.0,0.0,False,2020,0.0
2020-02-06,0.0,0.0,0,3597.66,3598.19,0.0,0.0,False,2020,0.0
2020-02-07,0.0,0.0,0,3585.82,3579.1,0.0,0.0,False,2020,0.0
2020-02-10,0.0,0.0,0,3568.07,3605.73,0.0,0.0,False,2020,0.0
2020-02-11,0.0,0.0,0,3621.59,3611.37,0.0,0.0,False,2020,0.0
2020-02-12,0.0,0.0,0,3628.32,3634.5,0.0,0.0,False,2020,0.0
2020-02-13,0.0,0.0,0,3617.29,3630.74,0.0,0.0,False,2020,0.0
2020-02-14,0.0,0.0,0,3634.24,3635.85,0.0,0.0,False,2020,0.0
2020-02-17,0.0,0.0,0,3643.11,3644.99,0.0,0.0,True,2020,0.0
2020-02-18,-6.2359999999996365,-5.649999999999636,1,3624.01,3625.63,-0.0017207458036814568,-0.0015590464706222212,False,2020,-311.7999999999818
2020-02-19,0.0,0.0,0,3637.19,3642.84,0.0,0.0,False,2020,0.0
2020-02-20,-11.346000000000219,-10.760000000000218,1,3636.39,3627.78,-0.003120127379076562,-0.0029589785474055915,False,2020,-567.300000000011
2020-02-21,2.0019999999997635,3.7599999999997635,3,3611.91,3590.13,0.0005542773767895001,0.0010410004678964215,False,2020,100.09999999998817
2020-02-24,0.0,0.0,0,3477.97,3470.17,0.0,0.0,False,2020,0.0
2020-02-25,80.914,81.5,1,3486.31,3365.0,0.02320906631940361,0.023377152347324247,False,2020,4045.7000000000003
2020-02-26,-16.501999999999928,-15.329999999999927,2,3380.6,3352.63,-0.004881382003194678,-0.004534697982606617,False,2020,-825.0999999999964
2020-02-27,-32.586,-32.0,1,3285.93,3199.32,-0.00991682719960559,-0.009738491081672464,False,2020,-1629.3
2020-02-28,-26.406000000000162,-25.820000000000164,1,3104.65,3188.56,-0.008505306556294643,-0.00831655742193167,False,2020,-1320.3000000000081
2020-03-02,80.37400000000004,80.96000000000004,1,3206.58,3323.85,0.025065334406127415,0.025248083628039854,False,2020,4018.700000000002
2020-03-03,-6.831999999999854,-5.6599999999998545,2,3328.16,3227.83,-0.002052785923753622,-0.0017006393923368632,False,2020,-341.5999999999927
2020-03-04,52.94399999999975,53.529999999999745,1,3290.77,3364.2,0.01608863579040764,0.016266709615074815,False,2020,2647.1999999999875
2020-03-05,-0.31600000000001816,0.2699999999999818,1,3278.13,3250.69,-9.639642113034509e-05,8.236403071262634e-05,False,2020,-15.800000000000908
2020-03-06,0.0,0.0,0,3150.37,3195.82,0.0,0.0,False,2020,0.0
2020-03-09,0.0,0.0,0,2971.51,2943.27,0.0,0.0,False,2020,0.0
2020-03-10,0.0,0.0,0,3055.69,3099.81,0.0,0.0,False,2020,0.0
2020-03-11,47.28399999999989,47.86999999999989,1,3014.81,2945.69,0.01568390711189093,0.01587828088668934,False,2020,2364.199999999995
2020-03-12,-60.826000000000235,-60.24000000000024,1,2757.41,2657.09,-0.022059106190229324,-0.021846587921274037,False,2020,-3041.3000000000116
2020-03-13,0.0,0.0,0,2821.43,2908.84,0.0,0.0,False,2020,0.0
2020-03-16,-15.144000000000181,-12.800000000000182,4,2725.25,2589.89,-0.005556921383359391,-0.0046968168057977,False,2020,-757.200000000009
2020-03-17,8.087999999999763,9.259999999999764,2,2648.18,2757.94,0.0030541730547016302,0.0034967411580782894,False,2020,404.39999999998815
2020-03-18,0.0,0.0,0,2563.47,2606.78,0.0,0.0,False,2020,0.0
2020-03-19,-92.95199999999974,-91.77999999999975,2,2587.17,2612.77,-0.035928060390310546,-0.03547505575590307,False,2020,-4647.599999999987
2020-03-20,13.277999999999363,14.449999999999363,2,2637.28,2488.57,0.005034732754959414,0.0054791300127401575,False,2020,663.8999999999681
2020-03-23,52.523999999999674,53.10999999999967,1,2483.4,2415.03,0.021150036240637705,0.021386003060320395,False,2020,2626.199999999984
2020-03-24,56.614000000000274,57.20000000000027,1,2556.66,2650.63,0.022143734403479647,0.022372939694758114,False,2020,2830.700000000014
2020-03-25,-30.00600000000007,-29.420000000000073,1,2662.61,2687.12,-0.011269393564960723,-0.011049308760952626,False,2020,-1500.3000000000036
2020-03-26,81.12400000000004,81.71000000000004,1,2715.99,2842.37,0.029869034863898632,0.03008479412663524,False,2020,4056.200000000002
2020-03-27,0.0,0.0,0,2754.12,2758.48,0.0,0.0,False,2020,0.0
2020-03-30,21.473999999999947,22.059999999999945,1,2781.63,2847.82,0.007719933995534973,0.007930601841366373,False,2020,1073.6999999999973
2020-03-31,-30.816000000000017,-30.230000000000018,1,2835.29,2802.88,-0.010868729477407961,-0.010662048679323815,False,2020,-1540.8000000000009
2020-04-01,0.0,0.0,0,2696.11,2676.23,0.0,0.0,False,2020,0.0
2020-04-02,32.364000000000274,32.95000000000027,1,2666.7,2741.05,0.012136348295646408,0.012356095548805743,False,2020,1618.2000000000137
2020-04-03,-1.4060000000001636,-0.8200000000001636,1,2727.43,2701.29,-0.0005155036059587831,-0.00030064932922207484,False,2020,-70.30000000000818
2020-04-06,54.164,54.75,1,2805.6,2883.5,0.019305674365554606,0.01951454234388366,False,2020,2708.2000000000003
2020-04-07,0.0,0.0,0,2984.82,2886.76,0.0,0.0,False,2020,0.0
2020-04-08,34.543999999999656,35.129999999999654,1,2917.27,2983.45,0.011841207704463301,0.012042080438217804,False,2020,1727.1999999999828
2020-04-09,-14.475999999999873,-13.889999999999873,1,3021.31,3028.67,-0.004791299138453145,-0.004597343536412971,False,2020,-723.7999999999937
2020-04-13,-16.691999999999982,-15.519999999999982,2,3016.41,2999.25,-0.005533730494196738,-0.005145189148689993,False,2020,-834.5999999999991
2020-04-14,-13.926000000000146,-13.340000000000146,1,3058.63,3090.76,-0.0045530188352302,-0.00436142979046179,False,2020,-696.3000000000073
2020-04-15,0.0,0.0,0,3020.77,3023.22,0.0,0.0,False,2020,0.0
2020-04-16,0.0,0.0,0,3038.2,3038.2,0.0,0.0,False,2020,0.0
2020-04-17,0.0,0.0,0,3105.2,3120.72,0.0,0.0,False,2020,0.0
2020-04-20,0.0,0.0,0,3075.24,3064.89,0.0,0.0,False,2020,0.0
2020-04-21,11.943999999999745,12.529999999999745,1,3011.78,2970.92,0.003965761111369271,0.0041603304358219205,False,2020,597.1999999999872
2020-04-22,0.0,0.0,0,3029.48,3038.47,0.0,0.0,False,2020,0.0
2020-04-23,-0.586,0.0,1,3052.63,3037.38,-0.00019196561653393957,0.0,False,2020,-29.299999999999997
2020-04-24,0.0,0.0,0,3055.9,3080.96,0.0,0.0,False,2020,0.0
2020-04-27,0.0,0.0,0,3103.84,3125.9,0.0,0.0,False,2020,0.0
2020-04-28,0.0,0.0,0,3168.66,3111.46,0.0,0.0,False,2020,0.0
2020-04-29,0.0,0.0,0,3173.83,3191.81,0.0,0.0,False,2020,0.0
2020-04-30,0.0,0.0,0,3175.47,3160.76,0.0,0.0,False,2020,0.0
2020-05-01,0.0,0.0,0,3105.2,3076.87,0.0,0.0,False,2020,0.0
2020-05-04,0.0,0.0,0,3055.08,3086.41,0.0,0.0,False,2020,0.0
2020-05-05,0.0,0.0,0,3119.36,3114.46,0.0,0.0,False,2020,0.0
2020-05-06,0.0,0.0,0,3134.89,3094.03,0.0,0.0,False,2020,0.0
2020-05-07,0.0,0.0,0,3131.62,3131.07,0.0,0.0,False,2020,0.0
2020-05-08,0.0,0.0,0,3168.11,3182.82,0.0,0.0,False,2020,0.0
2020-05-11,0.0,0.0,0,3159.67,3183.64,0.0,0.0,False,2020,0.0
2020-05-12,0.0,0.0,0,3197.53,3118.82,0.0,0.0,False,2020,0.0
2020-05-13,1.5940000000002912,2.180000000000291,1,3112.83,3064.89,0.0005120742218496646,0.0007003273548508242,False,2020,79.70000000001455
2020-05-14,-4.6659999999999275,-4.079999999999927,1,3035.47,3101.11,-0.0015371589902057764,-0.0013441081611743576,False,2020,-233.29999999999637
2020-05-15,0.0,0.0,0,3072.79,3114.73,0.0,0.0,False,2020,0.0
2020-05-18,0.0,0.0,0,3188.81,3209.79,0.0,0.0,False,2020,0.0
2020-05-19,0.0,0.0,0,3202.7,3177.38,0.0,0.0,False,2020,0.0
2020-05-20,0.0,0.0,0,3218.77,3231.58,0.0,0.0,False,2020,0.0
2020-05-21,0.0,0.0,0,3229.4,3207.34,0.0,0.0,False,2020,0.0
2020-05-22,0.0,0.0,0,3204.88,3214.14,0.0,0.0,False,2020,0.0
2020-05-25,0.0,0.0,0,3252.82,3256.9,0.0,0.0,True,2020,0.0
2020-05-26,0.0,0.0,0,3286.05,3255.0,0.0,0.0,False,2020,0.0
2020-05-27,0.0,0.0,0,3287.41,3302.39,0.0,0.0,False,2020,0.0
2020-05-28,0.0,0.0,0,3315.74,3297.21,0.0,0.0,False,2020,0.0
2020-05-29,0.0,0.0,0,3291.49,3310.02,0.0,0.0,False,2020,0.0
2020-06-01,0.0,0.0,0,3304.02,3325.81,0.0,0.0,False,2020,0.0
2020-06-02,0.0,0.0,0,3336.16,3353.32,0.0,0.0,False,2020,0.0
2020-06-03,0.0,0.0,0,3375.93,3398.26,0.0,0.0,False,2020,0.0
2020-06-04,0.0,0.0,0,3385.73,3388.18,0.0,0.0,False,2020,0.0
2020-06-05,0.0,0.0,0,3453.01,3474.79,0.0,0.0,False,2020,0.0
2020-06-08,0.0,0.0,0,3485.96,3518.64,0.0,0.0,False,2020,0.0
2020-06-09,0.0,0.0,0,3486.51,3492.5,0.0,0.0,False,2020,0.0
2020-06-10,0.0,0.0,0,3499.03,3473.16,0.0,0.0,False,2020,0.0
2020-06-11,50.07400000000031,50.66000000000031,1,3390.09,3272.43,0.014770699302968449,0.014943556070782873,False,2020,2503.7000000000157
2020-06-12,0.0,0.0,0,3354.96,3310.83,0.0,0.0,False,2020,0.0
2020-06-15,0.0,0.0,0,3288.17,3387.67,0.0,0.0,False,2020,0.0
2020-06-16,0.0,0.0,0,3482.18,3454.18,0.0,0.0,False,2020,0.0
2020-06-17,0.0,0.0,0,3466.93,3438.94,0.0,0.0,False,2020,0.0
2020-06-18,0.0,0.0,0,3421.2,3440.05,0.0,0.0,False,2020,0.0
2020-06-19,0.0,0.0,0,3482.45,3419.54,0.0,0.0,False,2020,0.0
2020-06-22,0.0,0.0,0,3413.44,3443.38,0.0,0.0,False,2020,0.0
2020-06-23,0.0,0.0,0,3474.69,3458.62,0.0,0.0,False,2020,0.0
2020-06-24,25.1940000000002,25.7800000000002,1,3433.95,3370.48,0.007336740488358946,0.007507389449467872,False,2020,1259.70000000001
2020-06-25,0.0,0.0,0,3363.55,3406.24,0.0,0.0,False,2020,0.0
2020-06-26,18.507999999999836,19.679999999999836,2,3393.49,3325.58,0.005453972164349928,0.005799339323233555,False,2020,925.3999999999918
2020-06-29,0.0,0.0,0,3340.55,3374.09,0.0,0.0,False,2020,0.0
2020-06-30,0.0,0.0,0,3368.82,3417.88,0.0,0.0,False,2020,0.0
2020-07-01,0.0,0.0,0,3430.63,3441.99,0.0,0.0,False,2020,0.0
2020-07-02,0.0,0.0,0,3483.29,3460.56,0.0,0.0,False,2020,0.0
2020-07-03,0.0,0.0,0,3457.51,3453.91,0.0,0.0,True,2020,0.0
2020-07-06,0.0,0.0,0,3507.12,3513.5,0.0,0.0,False,2020,0.0
2020-07-07,0.0,0.0,0,3495.48,3477.19,0.0,0.0,False,2020,0.0
2020-07-08,0.0,0.0,0,3486.61,3503.52,0.0,0.0,False,2020,0.0
2020-07-09,-3.6360000000001818,-3.050000000000182,1,3511.28,3484.67,-0.0010355198104395496,-0.0008686291039165722,False,2020,-181.80000000000908
2020-07-10,0.0,0.0,0,3482.73,3520.15,0.0,0.0,False,2020,0.0
2020-07-13,0.0,0.0,0,3548.14,3489.94,0.0,0.0,False,2020,0.0
2020-07-14,0.0,0.0,0,3471.92,3534.28,0.0,0.0,False,2020,0.0
2020-07-15,0.0,0.0,0,3573.08,3567.82,0.0,0.0,False,2020,0.0
2020-07-16,0.0,0.0,0,3544.54,3555.62,0.0,0.0,False,2020,0.0
2020-07-17,0.0,0.0,0,3567.26,3565.88,0.0,0.0,False,2020,0.0
2020-07-20,0.0,0.0,0,3562.83,3594.98,0.0,0.0,False,2020,0.0
2020-07-21,0.0,0.0,0,3618.26,3602.18,0.0,0.0,False,2020,0.0
2020-07-22,0.0,0.0,0,3598.3,3622.69,0.0,0.0,False,2020,0.0
2020-07-23,0.0,0.0,0,3618.81,3579.46,0.0,0.0,False,2020,0.0
2020-07-24,0.0,0.0,0,3557.56,3556.45,0.0,0.0,False,2020,0.0
2020-07-27,0.0,0.0,0,3565.32,3581.95,0.0,0.0,False,2020,0.0
2020-07-28,0.0,0.0,0,3573.92,3560.61,0.0,0.0,False,2020,0.0
2020-07-29,0.0,0.0,0,3570.31,3603.29,0.0,0.0,False,2020,0.0
2020-07-30,-7.796000000000037,-7.210000000000036,1,3567.82,3590.82,-0.0021850878127259886,-0.0020208418586139536,False,2020,-389.80000000000183
2020-07-31,0.0,0.0,0,3611.89,3619.65,0.0,0.0,False,2020,0.0
2020-08-03,0.0,0.0,0,3639.6,3644.04,0.0,0.0,False,2020,0.0
2020-08-04,0.0,0.0,0,3634.06,3658.45,0.0,0.0,False,2020,0.0
2020-08-05,0.0,0.0,0,3674.25,3680.62,0.0,0.0,False,2020,0.0
2020-08-06,0.0,0.0,0,3673.69,3705.56,0.0,0.0,False,2020,0.0
2020-08-07,0.0,0.0,0,3693.92,3708.06,0.0,0.0,False,2020,0.0
2020-08-10,0.0,0.0,0,3713.88,3719.42,0.0,0.0,False,2020,0.0
2020-08-11,0.0,0.0,0,3734.11,3689.49,0.0,0.0,False,2020,0.0
2020-08-12,0.0,0.0,0,3718.04,3739.65,0.0,0.0,False,2020,0.0
2020-08-13,0.0,0.0,0,3730.78,3733.28,0.0,0.0,False,2020,0.0
2020-08-14,0.0,0.0,0,3728.84,3733.56,0.0,0.0,False,2020,0.0
2020-08-17,0.0,0.0,0,3745.75,3745.2,0.0,0.0,False,2020,0.0
2020-08-18,0.0,0.0,0,3750.19,3753.51,0.0,0.0,False,2020,0.0
2020-08-19,0.0,0.0,0,3758.22,3737.99,0.0,0.0,False,2020,0.0
2020-08-20,0.0,0.0,0,3716.93,3749.35,0.0,0.0,False,2020,0.0
2020-08-21,0.0,0.0,0,3745.47,3762.38,0.0,0.0,False,2020,0.0
2020-08-24,0.0,0.0,0,3792.04,3800.91,0.0,0.0,False,2020,0.0
2020-08-25,0.0,0.0,0,3807.83,3813.93,0.0,0.0,False,2020,0.0
2020-08-26,0.0,0.0,0,3821.14,3852.46,0.0,0.0,False,2020,0.0
2020-08-27,0.0,0.0,0,3862.99,3860.49,0.0,0.0,False,2020,0.0
2020-08-28,0.0,0.0,0,3873.24,3885.71,0.0,0.0,False,2020,0.0
2020-08-31,0.0,0.0,0,3883.22,3871.86,0.0,0.0,False,2020,0.0
2020-09-01,0.0,0.0,0,3881.83,3908.16,0.0,0.0,False,2020,0.0
2020-09-02,0.0,0.0,0,3931.45,3964.98,0.0,0.0,False,2020,0.0
2020-09-03,81.17399999999977,81.75999999999976,1,3944.47,3828.34,0.020579190613694558,0.020727753031459174,False,2020,4058.6999999999884
2020-09-04,8.492,10.25,3,3836.1,3797.58,0.0022137066291285424,0.0026719845676598628,False,2020,424.6
2020-09-07,0.0,0.0,0,3790.93,3805.89,0.0,0.0,True,2020,0.0
2020-09-08,0.0,0.0,0,3731.34,3694.2,0.0,0.0,False,2020,0.0
2020-09-09,-4.782000000000127,-3.6100000000001273,2,3741.59,3765.43,-0.001278066276636437,-0.0009648304597778289,False,2020,-239.10000000000636
2020-09-10,0.0,0.0,0,3788.43,3700.58,0.0,0.0,False,2020,0.0
2020-09-11,0.0,0.0,0,3721.64,3702.52,0.0,0.0,False,2020,0.0
2020-09-14,7.168000000000601,8.3400000000006,2,3740.21,3750.77,0.0019164699308329212,0.0022298213201934116,False,2020,358.40000000003005
2020-09-15,0.0,0.0,0,3780.8,3769.68,0.0,0.0,False,2020,0.0
2020-09-16,0.0,0.0,0,3785.52,3754.94,0.0,0.0,False,2020,0.0
2020-09-17,0.0,0.0,0,3695.73,3722.14,0.0,0.0,False,2020,0.0
2020-09-18,16.653999999999783,17.23999999999978,1,3730.76,3678.21,0.004463969807760291,0.004621042361341866,False,2020,832.6999999999891
2020-09-21,-52.60199999999983,-51.429999999999836,2,3622.89,3636.79,-0.014519347813485873,-0.014195849170137607,False,2020,-2630.0999999999917
2020-09-22,0.0,0.0,0,3654.03,3673.77,0.0,0.0,False,2020,0.0
2020-09-23,-13.645999999999946,-13.059999999999945,1,3679.88,3588.14,-0.0037082730958618066,-0.003549028772677355,False,2020,-682.2999999999973
2020-09-24,0.0,0.0,0,3572.02,3597.59,0.0,0.0,False,2020,0.0
2020-09-25,0.0,0.0,0,3587.03,3655.7,0.0,0.0,False,2020,0.0
2020-09-28,0.0,0.0,0,3706.29,3717.41,0.0,0.0,False,2020,0.0
2020-09-29,0.0,0.0,0,3714.91,3697.12,0.0,0.0,False,2020,0.0
2020-09-30,-2.2560000000000726,-1.6700000000000728,1,3704.9,3724.92,-0.0006089233177683804,-0.0004507544063267761,False,2020,-112.80000000000364
2020-10-01,0.0,0.0,0,3755.5,3747.71,0.0,0.0,False,2020,0.0
2020-10-02,0.0,0.0,0,3688.22,3712.41,0.0,0.0,False,2020,0.0
2020-10-05,0.5240000000001274,1.1100000000001273,1,3736.87,3778.02,0.00014022430536789543,0.0002970400361800457,False,2020,26.20000000000637
2020-10-06,0.0,0.0,0,3779.96,3724.36,0.0,0.0,False,2020,0.0
2020-10-07,0.0,0.0,0,3759.95,3788.58,0.0,0.0,False,2020,0.0
2020-10-08,0.0,0.0,0,3812.49,3822.5,0.0,0.0,False,2020,0.0
2020-10-09,0.0,0.0,0,3843.35,3857.25,0.0,0.0,False,2020,0.0
2020-10-12,-5.586,-5.0,1,3888.38,3919.8,-0.0014365879877995464,-0.001285882552631173,False,2020,-279.3
2020-10-13,0.0,0.0,0,3918.13,3894.22,0.0,0.0,False,2020,0.0
2020-10-14,0.0,0.0,0,3900.89,3870.31,0.0,0.0,False,2020,0.0
2020-10-15,0.0,0.0,0,3821.94,3865.03,0.0,0.0,False,2020,0.0
2020-10-16,0.0,0.0,0,3880.88,3862.53,0.0,0.0,False,2020,0.0
2020-10-19,0.0,0.0,0,3877.82,3804.15,0.0,0.0,False,2020,0.0
2020-10-20,-6.145999999999946,-5.559999999999945,1,3819.72,3818.88,-0.001609018462086212,-0.0014556040756913977,False,2020,-307.2999999999973
2020-10-21,-5.036000000000273,-4.450000000000273,1,3818.33,3811.1,-0.0013189011950251218,-0.001165430960655646,False,2020,-251.80000000001365
2020-10-22,0.0,0.0,0,3814.16,3833.62,0.0,0.0,False,2020,0.0
2020-10-23,0.0,0.0,0,3847.52,3845.57,0.0,0.0,False,2020,0.0
2020-10-26,1.364000000000273,1.9500000000002728,1,3804.98,3774.68,0.00035847757412661116,0.0005124862679962241,False,2020,68.20000000001365
2020-10-27,0.0,0.0,0,3777.74,3762.17,0.0,0.0,False,2020,0.0
2020-10-28,22.214000000000183,22.800000000000182,1,3692.95,3632.62,0.006015245264625891,0.006173925994123988,False,2020,1110.7000000000091
2020-10-29,-7.8059999999998,-7.2199999999998,1,3634.85,3669.32,-0.0021475439151546283,-0.001986326808533997,False,2020,-390.29999999999
2020-10-30,-33.97200000000018,-32.80000000000018,2,3649.02,3630.95,-0.009309896903826283,-0.008988714778214474,False,2020,-1698.600000000009
2020-11-02,0.0,0.0,0,3671.82,3671.54,0.0,0.0,False,2020,0.0
2020-11-03,4.6579999999999275,5.829999999999927,2,3710.74,3735.2,0.001255275228121595,0.001571115195351851,False,2020,232.89999999999637
2020-11-04,10.813999999999636,11.399999999999636,1,3790.8,3819.72,0.0028526960008440527,0.0030072807850584668,False,2020,540.6999999999817
2020-11-05,-6.9859999999996365,-6.399999999999636,1,3883.38,3894.78,-0.0017989483388181522,-0.001648048864648743,False,2020,-349.2999999999818
2020-11-06,-17.546000000000035,-16.960000000000036,1,3891.16,3893.94,-0.0045091952014309445,-0.004358597436240103,False,2020,-877.3000000000018
2020-11-09,0.0,0.0,0,4048.23,3943.7,0.0,0.0,False,2020,0.0
2020-11-10,0.0,0.0,0,3931.19,3938.42,0.0,0.0,False,2020,0.0
2020-11-11,0.0,0.0,0,3964.0,3966.5,0.0,0.0,False,2020,0.0
2020-11-12,0.0,0.0,0,3955.38,3929.25,0.0,0.0,False,2020,0.0
2020-11-13,0.0,0.0,0,3951.49,3982.9,0.0,0.0,False,2020,0.0
2020-11-16,0.0,0.0,0,4015.43,4032.39,0.0,0.0,False,2020,0.0
2020-11-17,-12.816000000000018,-12.230000000000018,1,4004.03,4011.54,-0.0032007752189668953,-0.003054422669160825,False,2020,-640.800000000001
2020-11-18,0.0,0.0,0,4014.04,3962.61,0.0,0.0,False,2020,0.0
2020-11-19,0.0,0.0,0,3955.1,3978.73,0.0,0.0,False,2020,0.0
2020-11-20,0.0,0.0,0,3975.95,3951.49,0.0,0.0,False,2020,0.0
2020-11-23,0.0,0.0,0,3973.17,3975.95,0.0,0.0,False,2020,0.0
2020-11-24,8.034000000000345,8.620000000000346,1,4005.98,4039.34,0.0020055017748466905,0.0021517830842890744,False,2020,401.70000000001727
2020-11-25,0.0,0.0,0,4038.5,4033.5,0.0,0.0,False,2020,0.0
2020-11-26,0.0,0.0,0,4034.89,4022.93,0.0,0.0,True,2020,0.0
2020-11-27,0.0,0.0,0,4046.29,4044.34,0.0,0.0,True,2020,0.0
2020-11-30,-10.046000000000037,-9.460000000000036,1,4034.89,4026.27,-0.002489782868925804,-0.002344549665542316,False,2020,-502.30000000000183
2020-12-01,0.0,0.0,0,4065.75,4070.75,0.0,0.0,False,2020,0.0
2020-12-02,0.0,0.0,0,4057.41,4078.81,0.0,0.0,False,2020,0.0
2020-12-03,0.0,0.0,0,4077.7,4077.7,0.0,0.0,False,2020,0.0
2020-12-04,0.0,0.0,0,4084.09,4113.01,0.0,0.0,False,2020,0.0
2020-12-07,0.0,0.0,0,4103.83,4104.67,0.0,0.0,False,2020,0.0
2020-12-08,0.0,0.0,0,4088.82,4116.34,0.0,0.0,False,2020,0.0
2020-12-09,0.0,0.0,0,4124.13,4079.65,0.0,0.0,False,2020,0.0
2020-12-10,0.0,0.0,0,4062.69,4077.98,0.0,0.0,False,2020,0.0
2020-12-11,0.0,0.0,0,4057.13,4072.7,0.0,0.0,False,2020,0.0
2020-12-14,0.0,0.0,0,4099.12,4054.55,0.0,0.0,False,2020,0.0
2020-12-15,0.0,0.0,0,4086.3,4109.15,0.0,0.0,False,2020,0.0
2020-12-16,0.0,0.0,0,4112.77,4116.95,0.0,0.0,False,2020,0.0
2020-12-17,0.0,0.0,0,4135.61,4137.84,0.0,0.0,False,2020,0.0
2020-12-18,-5.911999999999781,-4.739999999999782,2,4140.62,4123.08,-0.0014278054977273408,-0.0011447560993280673,False,2020,-295.59999999998905
2020-12-21,-6.9960000000003095,-6.410000000000309,1,4073.49,4106.64,-0.001717446219335339,-0.0015735892318381314,False,2020,-349.8000000000155
2020-12-22,0.0,0.0,0,4109.15,4098.56,0.0,0.0,False,2020,0.0
2020-12-23,0.0,0.0,0,4109.7,4101.63,0.0,0.0,False,2020,0.0
2020-12-24,0.0,0.0,0,4107.48,4114.72,0.0,0.0,True,2020,0.0
2020-12-28,0.0,0.0,0,4148.15,4153.72,0.0,0.0,False,2020,0.0
2020-12-29,0.0,0.0,0,4172.1,4146.47,0.0,0.0,False,2020,0.0
2020-12-30,0.0,0.0,0,4155.39,4150.65,0.0,0.0,False,2020,0.0
2020-12-31,0.0,0.0,0,4148.7,4172.38,0.0,0.0,False,2020,0.0
2021-01-04,12.233999999999709,12.819999999999709,1,4187.98,4115.55,0.002921217388812676,0.003061141648240849,False,2021,611.6999999999854
2021-01-05,-5.316000000000473,-4.730000000000473,1,4106.64,4142.3,-0.0012944889252528766,-0.0011517931934624103,False,2021,-265.80000000002366
2021-01-06,-2.8159999999995633,-2.2299999999995634,1,4125.03,4167.92,-0.0006826617018541837,-0.0005406021289541079,False,2021,-140.79999999997816
2021-01-07,5.263999999999454,5.849999999999454,1,4196.06,4228.93,0.0012545101833623573,0.0013941650024068897,False,2021,263.1999999999727
2021-01-08,0.0,0.0,0,4245.64,4253.17,0.0,0.0,False,2021,0.0
2021-01-11,0.0,0.0,0,4215.0,4225.59,0.0,0.0,False,2021,0.0
2021-01-12,0.0,0.0,0,4226.42,4226.15,0.0,0.0,False,2021,0.0
2021-01-13,0.0,0.0,0,4224.47,4237.01,0.0,0.0,False,2021,0.0
2021-01-14,0.0,0.0,0,4245.64,4223.36,0.0,0.0,False,2021,0.0
2021-01-15,-8.945999999999673,-8.359999999999673,1,4202.47,4191.6,-0.002128748093383099,-0.0019893062889204853,False,2021,-447.29999999998364
2021-01-18,0.0,0.0,0,4191.88,4199.12,0.0,0.0,True,2021,0.0
2021-01-19,0.0,0.0,0,4221.13,4223.64,0.0,0.0,False,2021,0.0
2021-01-20,0.0,0.0,0,4251.49,4281.86,0.0,0.0,False,2021,0.0
2021-01-21,0.0,0.0,0,4289.1,4285.76,0.0,0.0,False,2021,0.0
2021-01-22,0.0,0.0,0,4263.47,4270.72,0.0,0.0,False,2021,0.0
2021-01-25,-20.64599999999949,-20.05999999999949,1,4279.91,4288.27,-0.004823933213548764,-0.004687014446565346,False,2021,-1032.2999999999745
2021-01-26,0.0,0.0,0,4299.13,4281.58,0.0,0.0,False,2021,0.0
2021-01-27,-46.02200000000036,-44.850000000000364,2,4240.91,4177.4,-0.010851916216095216,-0.010575560433963552,False,2021,-2301.100000000018
2021-01-28,-15.346000000000219,-14.760000000000218,1,4197.73,4211.66,-0.003655785388769697,-0.0035161861291698655,False,2021,-767.300000000011
2021-01-29,27.54400000000011,28.13000000000011,1,4189.65,4128.37,0.0065742961822586885,0.006714164667693032,False,2021,1377.2000000000055
2021-02-01,-4.205999999999891,-3.6199999999998913,1,4168.2,4194.95,-0.0010090686627320885,-0.0008684803992130636,False,2021,-210.29999999999455
2021-02-02,6.384000000000254,6.970000000000255,1,4233.11,4254.84,0.0015081110578275205,0.001646543557809803,False,2021,319.2000000000127
2021-02-03,0.0,0.0,0,4264.59,4258.74,0.0,0.0,False,2021,0.0
2021-02-04,0.0,0.0,0,4270.16,4306.93,0.0,0.0,False,2021,0.0
2021-02-05,0.0,0.0,0,4329.49,4323.64,0.0,0.0,False,2021,0.0
2021-02-08,0.0,0.0,0,4341.19,4355.68,0.0,0.0,False,2021,0.0
2021-02-09,0.0,0.0,0,4345.37,4352.34,0.0,0.0,False,2021,0.0
2021-02-10,0.0,0.0,0,4372.95,4350.66,0.0,0.0,False,2021,0.0
2021-02-11,0.0,0.0,0,4363.48,4358.19,0.0,0.0,False,2021,0.0
2021-02-12,0.0,0.0,0,4347.6,4379.91,0.0,0.0,False,2021,0.0
2021-02-15,0.0,0.0,0,4398.86,4401.92,0.0,0.0,True,2021,0.0
2021-02-16,0.0,0.0,0,4393.56,4376.01,0.0,0.0,False,2021,0.0
2021-02-17,0.0,0.0,0,4354.01,4376.85,0.0,0.0,False,2021,0.0
2021-02-18,0.0,0.0,0,4344.26,4358.19,0.0,0.0,False,2021,0.0
2021-02-19,0.0,0.0,0,4372.11,4349.55,0.0,0.0,False,2021,0.0
2021-02-22,0.0,0.0,0,4315.84,4317.24,0.0,0.0,False,2021,0.0
2021-02-23,-24.26600000000029,-23.68000000000029,1,4289.1,4321.14,-0.005657597164906458,-0.005520971765638546,False,2021,-1213.3000000000145
2021-02-24,19.464000000000183,20.050000000000182,1,4307.77,4368.49,0.004518347079811638,0.004654380340640326,False,2021,973.2000000000091
2021-02-25,43.703999999999965,44.289999999999964,1,4353.73,4263.75,0.010038289007356904,0.010172886237777715,False,2021,2185.1999999999985
2021-02-26,-44.03599999999982,-43.44999999999982,1,4286.04,4240.35,-0.010274285820944232,-0.01013756287855452,False,2021,-2201.7999999999906
2021-03-01,27.824000000000765,28.410000000000764,1,4299.69,4343.14,0.006471164200209961,0.006607453095455897,False,2021,1391.2000000000382
2021-03-02,-6.986000000000546,-6.400000000000546,1,4346.49,4310.27,-0.0016072739152742895,-0.0014724524846486582,False,2021,-349.3000000000273
2021-03-03,5.263999999999454,5.849999999999454,1,4301.08,4253.17,0.001223878653733354,0.0013601235038640188,False,2021,263.1999999999727
2021-03-04,2.194000000000655,2.780000000000655,1,4250.1,4200.24,0.0005162231476907967,0.0006541022564176501,False,2021,109.70000000003274
2021-03-05,-31.785999999999817,-31.199999999999818,1,4241.47,4276.57,-0.007494099922904044,-0.007355940275423336,False,2021,-1589.2999999999909
2021-03-08,-24.022000000000364,-22.850000000000364,2,4288.54,4256.23,-0.0056014401171495115,-0.005328153637368513,False,2021,-1201.1000000000183
2021-03-09,-2.8060000000002545,-2.2200000000002547,1,4301.92,4315.57,-0.000652266894781924,-0.0005160486480455831,False,2021,-140.30000000001272
2021-03-10,0.0,0.0,0,4344.54,4342.59,0.0,0.0,False,2021,0.0
2021-03-11,-15.356000000000437,-14.770000000000437,1,4372.39,4386.32,-0.003512038038692897,-0.0033780152273700276,False,2021,-767.8000000000219
2021-03-12,0.0,0.0,0,4371.0,4393.56,0.0,0.0,False,2021,0.0
2021-03-15,0.0,0.0,0,4390.5,4414.48,0.0,0.0,False,2021,0.0
2021-03-16,0.0,0.0,0,4420.89,4408.07,0.0,0.0,False,2021,0.0
2021-03-17,0.0,0.0,0,4392.17,4421.73,0.0,0.0,False,2021,0.0
2021-03-18,0.0,0.0,0,4390.78,4357.03,0.0,0.0,False,2021,0.0
2021-03-19,-3.9360000000003637,-3.350000000000364,1,4352.85,4348.11,-0.0009042351562770055,-0.0007696107148191102,False,2021,-196.80000000001817
2021-03-22,6.357999999999746,7.529999999999745,2,4354.8,4383.25,0.0014599981629465752,0.001729126481124218,False,2021,317.8999999999873
2021-03-23,0.0,0.0,0,4375.72,4349.23,0.0,0.0,False,2021,0.0
2021-03-24,0.0,0.0,0,4366.24,4326.92,0.0,0.0,False,2021,0.0
2021-03-25,0.0,0.0,0,4310.18,4351.18,0.0,0.0,False,2021,0.0
2021-03-26,0.0,0.0,0,4365.4,4420.62,0.0,0.0,False,2021,0.0
2021-03-29,0.0,0.0,0,4403.6,4419.22,0.0,0.0,False,2021,0.0
2021-03-30,0.0,0.0,0,4403.6,4408.35,0.0,0.0,False,2021,0.0
2021-03-31,0.0,0.0,0,4413.92,4427.03,0.0,0.0,False,2021,0.0
2021-04-01,0.0,0.0,0,4448.5,4472.49,0.0,0.0,False,2021,0.0
2021-04-05,10.563999999999636,11.149999999999636,1,4504.55,4536.62,0.002345184313638351,0.002475274999722422,False,2021,528.1999999999817
2021-04-06,0.0,0.0,0,4530.49,4533.84,0.0,0.0,False,2021,0.0
2021-04-07,0.0,0.0,0,4532.44,4539.41,0.0,0.0,False,2021,0.0
2021-04-08,0.0,0.0,0,4554.19,4561.44,0.0,0.0,False,2021,0.0
2021-04-09,0.0,0.0,0,4559.77,4594.91,0.0,0.0,False,2021,0.0
2021-04-12,0.0,0.0,0,4587.66,4596.86,0.0,0.0,False,2021,0.0
2021-04-13,0.0,0.0,0,4595.47,4609.69,0.0,0.0,False,2021,0.0
2021-04-14,0.0,0.0,0,4609.41,4595.74,0.0,0.0,False,2021,0.0
2021-04-15,0.0,0.0,0,4620.01,4643.99,0.0,0.0,False,2021,0.0
2021-04-16,0.0,0.0,0,4659.33,4659.61,0.0,0.0,False,2021,0.0
2021-04-19,0.0,0.0,0,4647.89,4637.3,0.0,0.0,False,2021,0.0
2021-04-20,-7.2759999999996,-6.6899999999996,1,4621.68,4603.27,-0.001574319295147998,-0.0014475255751154558,False,2021,-363.79999999998
2021-04-21,-7.862000000000509,-6.690000000000509,2,4594.91,4645.66,-0.0017110237197247627,-0.001455958876234901,False,2021,-393.10000000002543
2021-04-22,0.0,0.0,0,4643.99,4603.83,0.0,0.0,False,2021,0.0
2021-04-23,8.307999999999563,9.479999999999563,2,4609.97,4652.36,0.001802180925255384,0.002056412514614968,False,2021,415.39999999997815
2021-04-26,0.0,0.0,0,4660.72,4662.95,0.0,0.0,False,2021,0.0
2021-04-27,0.0,0.0,0,4666.02,4661.56,0.0,0.0,False,2021,0.0
2021-04-28,0.0,0.0,0,4664.9,4660.44,0.0,0.0,False,2021,0.0
2021-04-29,0.0,0.0,0,4692.79,4689.17,0.0,0.0,False,2021,0.0
2021-04-30,0.0,0.0,0,4662.67,4659.61,0.0,0.0,False,2021,0.0
2021-05-03,0.0,0.0,0,4683.03,4669.64,0.0,0.0,False,2021,0.0
2021-05-04,-20.665999999999926,-20.079999999999927,1,4645.66,4641.2,-0.004448452964702524,-0.004322313729373206,False,2021,-1033.2999999999963
2021-05-05,0.0,0.0,0,4660.16,4641.48,0.0,0.0,False,2021,0.0
2021-05-06,0.0,0.0,0,4642.87,4678.85,0.0,0.0,False,2021,0.0
2021-05-07,-1.7059999999998907,-1.1199999999998909,1,4688.33,4712.31,-0.00036388223525218806,-0.00023889103369427724,False,2021,-85.29999999999454
2021-05-10,0.0,0.0,0,4716.77,4666.86,0.0,0.0,False,2021,0.0
2021-05-11,0.0,0.0,0,4611.64,4625.03,0.0,0.0,False,2021,0.0
2021-05-12,23.6479999999988,24.8199999999988,2,4591.0,4526.31,0.005150947505989718,0.0054062295796120236,False,2021,1182.3999999999398
2021-05-13,0.16600000000021842,2.5100000000002183,4,4544.15,4579.85,3.6530484249027525e-05,0.0005523585268972675,False,2021,8.300000000010922
2021-05-14,8.028000000000727,9.200000000000728,2,4612.48,4650.4,0.0017404953517415203,0.0019945885944222474,False,2021,401.40000000003636
2021-05-17,0.0,0.0,0,4636.74,4638.69,0.0,0.0,False,2021,0.0
2021-05-18,0.0,0.0,0,4641.48,4599.09,0.0,0.0,False,2021,0.0
2021-05-19,0.0,0.0,0,4541.92,4586.26,0.0,0.0,False,2021,0.0
2021-05-20,23.953999999999965,24.539999999999964,1,4596.58,4635.34,0.005211265767157314,0.005338751854639746,False,2021,1197.6999999999982
2021-05-21,-16.476000000000326,-15.890000000000326,1,4653.19,4632.0,-0.0035407967437393116,-0.00341486163255752,False,2021,-823.8000000000163
2021-05-24,1.9240000000002184,2.5100000000002183,1,4658.49,4678.85,0.0004130093656957981,0.0005388011995303668,False,2021,96.20000000001092
2021-05-25,0.0,0.0,0,4691.95,4669.09,0.0,0.0,False,2021,0.0
2021-05-26,0.0,0.0,0,4675.5,4678.01,0.0,0.0,False,2021,0.0
2021-05-27,0.0,0.0,0,4690.0,4679.41,0.0,0.0,False,2021,0.0
2021-05-28,0.0,0.0,0,4698.93,4688.89,0.0,0.0,False,2021,0.0
2021-05-31,0.0,0.0,0,4683.03,4675.22,0.0,0.0,True,2021,0.0
2021-06-01,0.0,0.0,0,4717.05,4684.15,0.0,0.0,False,2021,0.0
2021-06-02,0.0,0.0,0,4692.23,4691.95,0.0,0.0,False,2021,0.0
2021-06-03,0.0,0.0,0,4663.79,4674.66,0.0,0.0,False,2021,0.0
2021-06-04,0.0,0.0,0,4696.42,4716.49,0.0,0.0,False,2021,0.0
2021-06-07,0.0,0.0,0,4716.77,4713.15,0.0,0.0,False,2021,0.0
2021-06-08,0.0,0.0,0,4722.91,4713.43,0.0,0.0,False,2021,0.0
2021-06-09,0.0,0.0,0,4723.47,4706.46,0.0,0.0,False,2021,0.0
2021-06-10,-6.1659999999999275,-5.579999999999927,1,4721.24,4727.93,-0.0013060128271386179,-0.0011818928925451634,False,2021,-308.2999999999964
2021-06-11,0.0,0.0,0,4734.9,4735.74,0.0,0.0,False,2021,0.0
2021-06-14,0.0,0.0,0,4737.4,4748.02,0.0,0.0,False,2021,0.0
2021-06-15,0.0,0.0,0,4748.58,4737.12,0.0,0.0,False,2021,0.0
2021-06-16,0.0,0.0,0,4739.08,4710.57,0.0,0.0,False,2021,0.0
2021-06-17,0.0,0.0,0,4704.98,4709.18,0.0,0.0,False,2021,0.0
2021-06-18,0.0,0.0,0,4668.09,4644.62,0.0,0.0,False,2021,0.0
2021-06-21,19.254000000000147,19.840000000000146,1,4665.58,4710.85,0.0041268181019294805,0.004252418777515367,False,2021,962.7000000000073
2021-06-22,0.0,0.0,0,4710.57,4735.45,0.0,0.0,False,2021,0.0
2021-06-23,0.0,0.0,0,4736.56,4730.7,0.0,0.0,False,2021,0.0
2021-06-24,0.0,0.0,0,4755.85,4757.8,0.0,0.0,False,2021,0.0
2021-06-25,0.0,0.0,0,4767.03,4774.29,0.0,0.0,False,2021,0.0
2021-06-28,0.0,0.0,0,4781.56,4784.91,0.0,0.0,False,2021,0.0
2021-06-29,0.0,0.0,0,4789.39,4787.43,0.0,0.0,False,2021,0.0
2021-06-30,0.0,0.0,0,4781.84,4791.9,0.0,0.0,False,2021,0.0
2021-07-01,0.0,0.0,0,4800.29,4818.73,0.0,0.0,False,2021,0.0
2021-07-02,0.0,0.0,0,4831.87,4855.06,0.0,0.0,False,2021,0.0
2021-07-05,0.0,0.0,0,4855.34,4853.39,0.0,0.0,True,2021,0.0
2021-07-06,-21.546000000000035,-20.960000000000036,1,4855.62,4845.56,-0.004437332410691124,-0.004316647513602802,False,2021,-1077.3000000000018
2021-07-07,0.0,0.0,0,4854.22,4862.61,0.0,0.0,False,2021,0.0
2021-07-08,0.0,0.0,0,4798.61,4824.32,0.0,0.0,False,2021,0.0
2021-07-09,6.668000000000146,7.8400000000001455,2,4841.65,4874.35,0.0013772164448070691,0.0016192826825565966,False,2021,333.4000000000073
2021-07-12,0.0,0.0,0,4873.23,4892.23,0.0,0.0,False,2021,0.0
2021-07-13,0.0,0.0,0,4882.45,4875.74,0.0,0.0,False,2021,0.0
2021-07-14,0.0,0.0,0,4895.59,4882.73,0.0,0.0,False,2021,0.0
2021-07-15,0.0,0.0,0,4866.52,4866.24,0.0,0.0,False,2021,0.0
2021-07-16,-14.312000000000328,-13.140000000000327,2,4879.94,4828.23,-0.0029328229445444677,-0.002692656057246673,False,2021,-715.6000000000164
2021-07-19,-26.0519999999992,-24.8799999999992,2,4769.82,4756.69,-0.005461841327345519,-0.005216129749130827,False,2021,-1302.5999999999601
2021-07-20,30.43399999999953,31.019999999999527,1,4763.67,4823.48,0.006388771682337258,0.006511786080899711,False,2021,1521.6999999999764
2021-07-21,-7.296000000000037,-6.710000000000036,1,4838.29,4864.29,-0.0015079707913333092,-0.0013868536197706289,False,2021,-364.80000000000183
2021-07-22,0.0,0.0,0,4865.12,4873.79,0.0,0.0,False,2021,0.0
2021-07-23,0.0,0.0,0,4896.15,4922.98,0.0,0.0,False,2021,0.0
2021-07-26,0.0,0.0,0,4916.55,4934.99,0.0,0.0,False,2021,0.0
2021-07-27,-15.115999999999746,-14.529999999999745,1,4922.7,4913.19,-0.0030706725983707613,-0.00295163223434289,False,2021,-755.7999999999873
2021-07-28,0.0,0.0,0,4920.18,4910.68,0.0,0.0,False,2021,0.0
2021-07-29,-4.216000000000109,-3.6300000000001096,1,4921.86,4931.92,-0.0008565867375342066,-0.000737526057222292,False,2021,-210.80000000000547
2021-07-30,0.0,0.0,0,4900.9,4907.6,0.0,0.0,False,2021,0.0
2021-08-02,0.0,0.0,0,4927.73,4896.7,0.0,0.0,False,2021,0.0
2021-08-03,-16.235999999999635,-15.649999999999634,1,4905.93,4936.11,-0.003309464260598833,-0.003190016979451324,False,2021,-811.7999999999818
2021-08-04,0.0,0.0,0,4920.74,4912.08,0.0,0.0,False,2021,0.0
2021-08-05,0.0,0.0,0,4925.49,4942.82,0.0,0.0,False,2021,0.0
2021-08-06,0.0,0.0,0,4946.73,4951.48,0.0,0.0,False,2021,0.0
2021-08-09,0.0,0.0,0,4950.64,4947.29,0.0,0.0,False,2021,0.0
2021-08-10,0.0,0.0,0,4952.04,4952.6,0.0,0.0,False,2021,0.0
2021-08-11,0.0,0.0,0,4965.46,4964.62,0.0,0.0,False,2021,0.0
2021-08-12,0.0,0.0,0,4963.22,4979.71,0.0,0.0,False,2021,0.0
2021-08-13,0.0,0.0,0,4985.3,4988.93,0.0,0.0,False,2021,0.0
2021-08-16,2.2039999999999638,2.7899999999999636,1,4973.84,5001.23,0.0004431183954449608,0.0005609348109307826,False,2021,110.19999999999818
2021-08-17,-35.24599999999985,-34.659999999999854,1,4969.93,4968.53,-0.007091850388234814,-0.006973941282875182,False,2021,-1762.2999999999927
2021-08-18,0.0,0.0,0,4955.67,4913.75,0.0,0.0,False,2021,0.0
2021-08-19,0.0,0.0,0,4880.49,4921.3,0.0,0.0,False,2021,0.0
2021-08-20,15.624000000000036,16.210000000000036,1,4924.93,4959.59,0.00317243087719014,0.0032914173399418946,False,2021,781.2000000000018
2021-08-23,4.164,4.75,1,4980.27,5004.02,0.0008360992476311524,0.0009537635509721359,False,2021,208.2
2021-08-24,0.0,0.0,0,5011.29,5011.57,0.0,0.0,False,2021,0.0
2021-08-25,0.0,0.0,0,5013.81,5022.19,0.0,0.0,False,2021,0.0
2021-08-26,-7.016000000000291,-6.430000000000291,1,5018.84,4992.56,-0.0013979325900009348,-0.001281172541862321,False,2021,-350.80000000001456
2021-08-27,8.634000000000254,9.220000000000255,1,5002.07,5036.16,0.0017260854006441843,0.0018432368999234828,False,2021,431.7000000000127
2021-08-30,-7.891999999999345,-6.719999999999345,2,5045.39,5059.36,-0.001564200190668976,-0.0013319089307267317,False,2021,-394.5999999999672
2021-08-31,0.0,0.0,0,5058.52,5053.21,0.0,0.0,False,2021,0.0
2021-09-01,0.0,0.0,0,5063.55,5055.17,0.0,0.0,False,2021,0.0
2021-09-02,0.0,0.0,0,5071.94,5070.82,0.0,0.0,False,2021,0.0
2021-09-03,0.0,0.0,0,5056.57,5069.14,0.0,0.0,False,2021,0.0
2021-09-06,0.0,0.0,0,5079.2,5080.32,0.0,0.0,True,2021,0.0
2021-09-07,-6.7359999999996365,-6.149999999999636,1,5064.95,5051.81,-0.001329924283556528,-0.001214227188817192,False,2021,-336.7999999999818
2021-09-08,0.0,0.0,0,5044.55,5045.11,0.0,0.0,False,2021,0.0
2021-09-09,0.0,0.0,0,5042.03,5023.03,0.0,0.0,False,2021,0.0
2021-09-10,0.0,0.0,0,5046.22,4984.46,0.0,0.0,False,2021,0.0
2021-09-13,0.0,0.0,0,5019.39,4996.2,0.0,0.0,False,2021,0.0
2021-09-14,-8.705999999999891,-8.11999999999989,1,5014.1,4969.85,-0.0017363036237809158,-0.0016194331983805448,False,2021,-435.29999999999455
2021-09-15,9.773999999999672,10.359999999999673,1,4974.05,5010.74,0.0019649983413917577,0.002082809782772524,False,2021,488.6999999999836
2021-09-16,4.733999999999709,5.319999999999709,1,5004.02,5002.06,0.0009460393843349364,0.0010631452312340295,False,2021,236.69999999998544
2021-09-17,22.943999999999747,23.529999999999745,1,4992.25,4952.2,0.004595923681706595,0.00471330562371671,False,2021,1147.1999999999873
2021-09-20,-14.316000000000473,-13.730000000000473,1,4878.53,4869.85,-0.002934490512511038,-0.002814372362166569,False,2021,-715.8000000000237
2021-09-21,0.0,0.0,0,4897.58,4865.65,0.0,0.0,False,2021,0.0
2021-09-22,3.903999999999782,4.489999999999782,1,4892.26,4912.15,0.0007979952005820995,0.0009177762424727593,False,2021,195.1999999999891
2021-09-23,9.504000000000145,10.090000000000146,1,4934.55,4971.53,0.001926011490409489,0.0020447659867668063,False,2021,475.20000000000726
2021-09-24,0.0,0.0,0,4952.48,4980.77,0.0,0.0,False,2021,0.0
2021-09-27,0.0,0.0,0,4967.33,4967.05,0.0,0.0,False,2021,0.0
2021-09-28,46.75399999999924,47.339999999999236,1,4932.87,4866.77,0.009478052330590354,0.009596847271466558,False,2021,2337.699999999962
2021-09-29,0.0,0.0,0,4882.73,4874.33,0.0,0.0,False,2021,0.0
2021-09-30,33.86400000000073,34.45000000000073,1,4891.7,4814.11,0.006922746693378729,0.007042541447758597,False,2021,1693.2000000000364
2021-10-01,-17.115999999999744,-16.529999999999745,1,4834.56,4870.41,-0.0035403428647073866,-0.003419132247815674,False,2021,-855.7999999999872
2021-10-04,12.8539999999996,13.4399999999996,1,4856.68,4808.79,0.0026466639762141213,0.0027673225330883647,False,2021,642.6999999999799
2021-10-05,-8.985999999999637,-8.399999999999636,1,4826.15,4856.97,-0.0018619396413289346,-0.0017405178040466286,False,2021,-449.2999999999818
2021-10-06,0.0,0.0,0,4814.39,4877.69,0.0,0.0,False,2021,0.0
2021-10-07,-23.2759999999996,-22.6899999999996,1,4916.63,4919.71,-0.00473413700034365,-0.004614949670811023,False,2021,-1163.79999999998
2021-10-08,0.0,0.0,0,4928.95,4910.74,0.0,0.0,False,2021,0.0
2021-10-11,2.4939999999999274,3.0799999999999272,1,4902.9,4874.61,0.0005086785371922591,0.0006281996369495457,False,2021,124.69999999999636
2021-10-12,0.0,0.0,0,4885.82,4862.85,0.0,0.0,False,2021,0.0
2021-10-13,-9.265999999999382,-8.679999999999382,1,4874.89,4879.65,-0.001900760837680313,-0.0017805529970931408,False,2021,-463.2999999999691
2021-10-14,13.414,14.0,1,4924.47,4962.28,0.0027239479578513017,0.0028429455352555707,False,2021,670.6999999999999
2021-10-15,0.0,0.0,0,4988.05,5000.66,0.0,0.0,False,2021,0.0
2021-10-18,0.0,0.0,0,4978.81,5015.78,0.0,0.0,False,2021,0.0
2021-10-19,0.0,0.0,0,5034.55,5055.0,0.0,0.0,False,2021,0.0
2021-10-20,0.0,0.0,0,5059.48,5074.6,0.0,0.0,False,2021,0.0
2021-10-21,0.0,0.0,0,5066.48,5087.77,0.0,0.0,False,2021,0.0
2021-10-22,0.0,0.0,0,5082.17,5082.45,0.0,0.0,False,2021,0.0
2021-10-25,0.0,0.0,0,5095.33,5109.34,0.0,0.0,False,2021,0.0
2021-10-26,0.0,0.0,0,5127.54,5114.38,0.0,0.0,False,2021,0.0
2021-10-27,0.0,0.0,0,5119.14,5091.13,0.0,0.0,False,2021,0.0
2021-10-28,-2.862000000000509,-1.690000000000509,2,5108.78,5140.15,-0.0005602120271376941,-0.00033080304886890985,False,2021,-143.10000000002546
2021-10-29,0.0,0.0,0,5113.26,5150.79,0.0,0.0,False,2021,0.0
2021-11-01,0.0,0.0,0,5162.84,5160.6,0.0,0.0,False,2021,0.0
2021-11-02,0.0,0.0,0,5161.72,5180.48,0.0,0.0,False,2021,0.0
2021-11-03,0.0,0.0,0,5174.04,5212.41,0.0,0.0,False,2021,0.0
2021-11-04,0.0,0.0,0,5218.86,5236.78,0.0,0.0,False,2021,0.0
2021-11-05,0.0,0.0,0,5263.39,5254.71,0.0,0.0,False,2021,0.0
2021-11-08,0.0,0.0,0,5267.87,5259.47,0.0,0.0,False,2021,0.0
2021-11-09,-3.4119999999997814,-2.2399999999997817,2,5263.95,5242.11,-0.000648182448541453,-0.00042553595683845433,False,2021,-170.59999999998908
2021-11-10,0.0,0.0,0,5221.66,5200.09,0.0,0.0,False,2021,0.0
2021-11-11,0.0,0.0,0,5217.46,5201.77,0.0,0.0,False,2021,0.0
2021-11-12,0.0,0.0,0,5216.62,5240.42,0.0,0.0,False,2021,0.0
2021-11-15,0.0,0.0,0,5256.11,5242.39,0.0,0.0,False,2021,0.0
2021-11-16,-10.142000000000255,-8.970000000000255,2,5239.3,5262.83,-0.0019357547764014763,-0.0017120607714771544,False,2021,-507.10000000001276
2021-11-17,0.0,0.0,0,5260.03,5250.51,0.0,0.0,False,2021,0.0
2021-11-18,0.0,0.0,0,5262.83,5268.15,0.0,0.0,False,2021,0.0
2021-11-19,0.0,0.0,0,5266.75,5258.91,0.0,0.0,False,2021,0.0
2021-11-22,0.5339999999998909,1.1199999999998909,1,5279.92,5243.51,0.00010113789602870705,0.00021212442612764793,False,2021,26.699999999994546
2021-11-23,-17.94599999999967,-17.359999999999673,1,5239.86,5251.63,-0.0034249006652848878,-0.0033130656162568607,False,2021,-897.2999999999836
2021-11-24,0.0,0.0,0,5226.7,5264.23,0.0,0.0,False,2021,0.0
2021-11-25,0.0,0.0,0,5272.36,5272.08,0.0,0.0,True,2021,0.0
2021-11-26,11.998000000000072,13.170000000000073,2,5185.52,5130.34,0.0023137505978185545,0.0025397645752017295,True,2021,599.9000000000036
2021-11-29,0.0,0.0,0,5204.29,5210.45,0.0,0.0,False,2021,0.0
2021-11-30,22.943999999999747,23.529999999999745,1,5180.76,5112.14,0.0044286938595881195,0.004541804677305983,False,2021,1147.1999999999873
2021-12-01,-18.226000000000326,-17.640000000000327,1,5176.84,5051.36,-0.0035206805696139584,-0.0034074841022709466,False,2021,-911.3000000000163
2021-12-02,17.05399999999942,17.639999999999418,1,5053.32,5128.66,0.0033748110153323796,0.003490774381990339,False,2021,852.6999999999709
2021-12-03,-19.101999999999382,-17.92999999999938,2,5148.27,5083.57,-0.0037103726106049954,-0.0034827233225917407,False,2021,-955.0999999999691
2021-12-06,1.9079999999999273,3.0799999999999272,2,5114.1,5144.07,0.00037308617352025325,0.0006022565065211722,False,2021,95.39999999999637
2021-12-07,10.624000000000036,11.210000000000036,1,5207.37,5250.51,0.002040185352682839,0.0021527181667521295,False,2021,531.2000000000018
2021-12-08,0.0,0.0,0,5254.99,5264.23,0.0,0.0,False,2021,0.0
2021-12-09,0.0,0.0,0,5248.83,5228.66,0.0,0.0,False,2021,0.0
2021-12-10,0.0,0.0,0,5261.43,5277.96,0.0,0.0,False,2021,0.0
2021-12-13,-9.8619999999996,-8.6899999999996,2,5272.36,5232.3,-0.0018705096010135122,-0.001648218255202528,False,2021,-493.09999999998
2021-12-14,0.0,0.0,0,5192.43,5196.92,0.0,0.0,False,2021,0.0
2021-12-15,-3.675999999999236,-3.089999999999236,1,5196.92,5277.2,-0.0007073420410549394,-0.0005945829452828283,False,2021,-183.79999999996178
2021-12-16,14.294000000000109,14.88000000000011,1,5299.37,5229.76,0.0026973017547369045,0.0028078809367906203,False,2021,714.7000000000054
2021-12-17,0.0,0.0,0,5192.43,5174.19,0.0,0.0,False,2021,0.0
2021-12-20,-12.656000000000619,-12.070000000000618,1,5111.59,5118.61,-0.0024759419280499058,-0.0023613004955406473,False,2021,-632.800000000031
2021-12-21,12.884000000000254,13.470000000000255,1,5158.75,5209.83,0.0024975042403683556,0.0026110976496244737,False,2021,644.2000000000127
2021-12-22,16.813999999999638,17.399999999999636,1,5206.75,5261.48,0.003229269697988119,0.0033418159120371894,False,2021,840.6999999999819
2021-12-23,0.0,0.0,0,5272.99,5293.76,0.0,0.0,False,2021,0.0
2021-12-27,29.164,29.75,1,5310.32,5369.82,0.005491947754560931,0.005602298919839106,False,2021,1458.2
2021-12-28,0.0,0.0,0,5374.88,5366.74,0.0,0.0,False,2021,0.0
2021-12-29,0.0,0.0,0,5367.02,5371.79,0.0,0.0,False,2021,0.0
2021-12-30,0.0,0.0,0,5376.28,5358.04,0.0,0.0,False,2021,0.0
2021-12-31,0.0,0.0,0,5351.3,5343.72,0.0,0.0,False,2021,0.0
2022-01-03,0.0,0.0,0,5358.88,5374.03,0.0,0.0,False,2022,0.0
2022-01-04,0.0,0.0,0,5390.6,5370.95,0.0,0.0,False,2022,0.0
2022-01-05,0.0,0.0,0,5367.02,5268.22,0.0,0.0,False,2022,0.0
2022-01-06,0.0,0.0,0,5262.6,5262.32,0.0,0.0,False,2022,0.0
2022-01-07,-13.495999999999855,-12.909999999999854,1,5262.32,5241.83,-0.00256464829200806,-0.0024532905638577386,False,2022,-674.7999999999928
2022-01-10,-71.39400000000018,-69.05000000000018,4,5202.54,5234.53,-0.013722912269775952,-0.013272363114940046,False,2022,-3569.700000000009
2022-01-11,-14.336,-13.75,1,5231.73,5282.53,-0.00274020257161589,-0.002628193733239292,False,2022,-716.8000000000001
2022-01-12,0.0,0.0,0,5302.74,5297.69,0.0,0.0,False,2022,0.0
2022-01-13,34.774000000000584,35.36000000000058,1,5310.04,5224.15,0.00654872656326517,0.00665908354739335,False,2022,1738.7000000000291
2022-01-14,0.0,0.0,0,5185.69,5224.99,0.0,0.0,False,2022,0.0
2022-01-17,0.0,0.0,0,5226.67,5225.83,0.0,0.0,True,2022,0.0
2022-01-18,1.9339999999995272,2.519999999999527,1,5169.13,5133.77,0.0003741441983466322,0.00048750950353338514,False,2022,96.69999999997636
2022-01-19,0.0,0.0,0,5151.17,5080.16,0.0,0.0,False,2022,0.0
2022-01-20,-112.29600000000003,-111.71000000000004,1,5101.49,5023.46,-0.022012392457889763,-0.02189752405669717,False,2022,-5614.800000000002
2022-01-21,-28.095999999999307,-27.50999999999931,1,5009.98,4923.81,-0.005608006419187165,-0.0054910398843906185,False,2022,-1404.7999999999654
2022-01-24,-121.84600000000022,-121.26000000000022,1,4857.29,4945.43,-0.025085181243038858,-0.024964537839000805,False,2022,-6092.300000000011
2022-01-25,-68.25200000000083,-67.08000000000084,2,4868.52,4885.08,-0.014019044802116624,-0.013778314559661012,False,2022,-3412.6000000000417
2022-01-26,0.0,0.0,0,4954.69,4872.73,0.0,0.0,False,2022,0.0
2022-01-27,-32.586,-32.0,1,4926.06,4847.75,-0.006615022959525462,-0.00649606379134643,False,2022,-1629.3
2022-01-28,-53.09200000000007,-51.92000000000007,2,4863.75,4967.04,-0.010915857106142395,-0.010674890773580071,False,2022,-2654.6000000000035
2022-01-31,29.69799999999989,30.86999999999989,2,4959.18,5054.33,0.005988490032626339,0.006224819425792145,False,2022,1484.8999999999944
2022-02-01,0.0,0.0,0,5065.56,5090.54,0.0,0.0,False,2022,0.0
2022-02-02,0.0,0.0,0,5119.45,5139.1,0.0,0.0,False,2022,0.0
2022-02-03,0.0,0.0,0,5068.37,5020.65,0.0,0.0,False,2022,0.0
2022-02-04,0.0,0.0,0,5016.16,5042.54,0.0,0.0,False,2022,0.0
2022-02-07,0.0,0.0,0,5051.81,5026.26,0.0,0.0,False,2022,0.0
2022-02-08,8.113999999999818,8.699999999999818,1,5019.81,5067.24,0.0016163958396831388,0.0017331333257632894,False,2022,405.6999999999909
2022-02-09,0.0,0.0,0,5116.08,5141.63,0.0,0.0,False,2022,0.0
2022-02-10,0.0,0.0,0,5072.02,5050.12,0.0,0.0,False,2022,0.0
2022-02-11,0.0,0.0,0,5050.96,4949.36,0.0,0.0,False,2022,0.0
2022-02-14,0.0,0.0,0,4943.46,4934.2,0.0,0.0,False,2022,0.0
2022-02-15,0.0,0.0,0,4986.69,5012.51,0.0,0.0,False,2022,0.0
2022-02-16,0.0,0.0,0,4988.93,5018.97,0.0,0.0,False,2022,0.0
2022-02-17,-8.445999999999673,-7.859999999999673,1,4980.51,4912.02,-0.00169581026842626,-0.0015781516350734507,False,2022,-422.29999999998364
2022-02-18,-12.936000000000364,-12.350000000000364,1,4914.27,4879.46,-0.0026323339987425116,-0.0025130894313906975,False,2022,-646.8000000000183
2022-02-21,5.863999999999818,6.449999999999818,1,4853.64,4816.03,0.0012081654181191471,0.0013288995475560234,True,2022,293.1999999999909
2022-02-22,-27.245999999999853,-26.659999999999854,1,4852.8,4827.82,-0.0056144906033629765,-0.005493735575337919,False,2022,-1362.2999999999927
2022-02-23,-19.94599999999967,-19.359999999999673,1,4861.78,4741.37,-0.004102612623360101,-0.003982080637132835,False,2022,-997.2999999999836
2022-02-24,0.0,0.0,0,4617.3,4812.1,0.0,0.0,False,2022,0.0
2022-02-25,65.37400000000004,65.96000000000004,1,4826.41,4917.64,0.013545057299317721,0.013666472595573116,False,2022,3268.700000000002
2022-02-28,0.0,0.0,0,4854.2,4905.85,0.0,0.0,False,2022,0.0
2022-03-01,-4.516000000000291,-3.9300000000002915,1,4887.6,4831.47,-0.000923970865046299,-0.0008040756199362245,False,2022,-225.80000000001456
2022-03-02,11.483999999999709,12.069999999999709,1,4858.41,4919.32,0.002363736284092884,0.0024843518764368815,False,2022,574.1999999999854
2022-03-03,-10.406000000000619,-9.820000000000618,1,4948.51,4895.74,-0.0021028552028793755,-0.0019844357190347433,False,2022,-520.300000000031
2022-03-04,-8.725999999999418,-8.139999999999418,1,4850.27,4856.45,-0.001799075103035381,-0.0016782570867187635,False,2022,-436.2999999999709
2022-03-07,92.6039999999996,93.1899999999996,1,4848.59,4713.3,0.01909916078695035,0.019220020665801727,False,2022,4630.19999999998
2022-03-08,-134.79800000000088,-133.04000000000087,3,4715.26,4676.53,-0.02858760704605915,-0.028214775007104776,False,2022,-6739.900000000044
2022-03-09,0.0,0.0,0,4777.01,4802.28,0.0,0.0,False,2022,0.0
2022-03-10,0.0,0.0,0,4746.7,4780.66,0.0,0.0,False,2022,0.0
2022-03-11,0.0,0.0,0,4810.7,4719.47,0.0,0.0,False,2022,0.0
2022-03-14,-23.375999999999962,-22.789999999999964,1,4729.56,4686.8,-0.004942531651992989,-0.004818630062838818,False,2022,-1168.7999999999981
2022-03-15,14.587999999999308,15.759999999999309,2,4717.18,4789.48,0.003092525619119751,0.0033409791443191287,False,2022,729.3999999999654
2022-03-16,12.073999999999854,12.659999999999854,1,4831.96,4895.82,0.0024987789634019846,0.00262005480177813,False,2022,603.6999999999927
2022-03-17,0.0,0.0,0,4872.47,4956.87,0.0,0.0,False,2022,0.0
2022-03-18,0.0,0.0,0,4937.45,5010.6,0.0,0.0,False,2022,0.0
2022-03-21,0.0,0.0,0,5009.19,5010.88,0.0,0.0,False,2022,0.0
2022-03-22,1.3840000000002548,1.9700000000002547,1,5026.91,5069.96,0.0002753182372471866,0.00039189084348043924,False,2022,69.20000000001274
2022-03-23,0.0,0.0,0,5038.45,5003.85,0.0,0.0,False,2022,0.0
2022-03-24,0.0,0.0,0,5027.76,5078.68,0.0,0.0,False,2022,0.0
2022-03-25,0.0,0.0,0,5086.55,5104.28,0.0,0.0,False,2022,0.0
2022-03-28,0.0,0.0,0,5096.96,5141.41,0.0,0.0,False,2022,0.0
2022-03-29,0.0,0.0,0,5187.55,5206.68,0.0,0.0,False,2022,0.0
2022-03-30,0.0,0.0,0,5192.05,5174.05,0.0,0.0,False,2022,0.0
2022-03-31,0.0,0.0,0,5164.2,5094.99,0.0,0.0,False,2022,0.0
2022-04-01,0.0,0.0,0,5112.72,5106.53,0.0,0.0,False,2022,0.0
2022-04-04,0.0,0.0,0,5110.19,5151.54,0.0,0.0,False,2022,0.0
2022-04-05,0.0,0.0,0,5133.82,5087.68,0.0,0.0,False,2022,0.0
2022-04-06,0.0,0.0,0,5038.73,5036.2,0.0,0.0,False,2022,0.0
2022-04-07,0.0,0.0,0,5025.51,5061.24,0.0,0.0,False,2022,0.0
2022-04-08,0.0,0.0,0,5051.67,5049.14,0.0,0.0,False,2022,0.0
2022-04-11,0.0,0.0,0,5008.07,4961.65,0.0,0.0,False,2022,0.0
2022-04-12,-16.625999999999962,-16.039999999999964,1,4997.09,4941.39,-0.00332713639338094,-0.0032098681432593695,False,2022,-831.2999999999981
2022-04-13,8.108000000000654,9.280000000000655,2,4939.14,4999.06,0.0016415813279236171,0.0018788696007808353,False,2022,405.4000000000327
2022-04-14,0.0,0.0,0,5000.75,4936.89,0.0,0.0,False,2022,0.0
2022-04-18,0.0,0.0,0,4924.51,4938.86,0.0,0.0,False,2022,0.0
2022-04-19,40.48399999999971,41.06999999999971,1,4936.33,5017.63,0.008201234520382492,0.0083199461948451,False,2022,2024.1999999999855
2022-04-20,0.0,0.0,0,5038.45,5013.97,0.0,0.0,False,2022,0.0
2022-04-21,0.0,0.0,0,5057.58,4938.58,0.0,0.0,False,2022,0.0
2022-04-22,91.68400000000044,92.27000000000044,1,4925.64,4804.11,0.01861362178315923,0.018732591094761376,False,2022,4584.200000000022
2022-04-25,-38.8619999999996,-37.6899999999996,2,4775.7,4830.83,-0.008137445819460937,-0.007892036769478736,False,2022,-1943.09999999998
2022-04-26,85.7580000000003,86.93000000000029,2,4800.17,4690.17,0.017865617259388792,0.01810977527879227,False,2022,4287.900000000015
2022-04-27,-110.89200000000025,-109.72000000000025,2,4702.83,4703.11,-0.023579844476623705,-0.02333063283172053,False,2022,-5544.600000000012
2022-04-28,0.0,0.0,0,4759.66,4822.11,0.0,0.0,False,2022,0.0
2022-04-29,77.03800000000004,78.21000000000004,2,4774.01,4644.88,0.016136958238462014,0.016382454163271554,False,2022,3851.900000000002
2022-05-02,0.0,0.0,0,4644.04,4671.61,0.0,0.0,False,2022,0.0
2022-05-03,-1.4260000000001454,-0.8400000000001454,1,4676.67,4692.71,-0.0003049178154541897,-0.0001796149824554962,False,2022,-71.30000000000727
2022-05-04,0.0,0.0,0,4699.74,4835.05,0.0,0.0,False,2022,0.0
2022-05-05,85.7840000000008,86.3700000000008,1,4783.57,4663.73,0.017933050002404232,0.018055552652098916,False,2022,4289.20000000004
2022-05-06,-35.46600000000011,-34.88000000000011,1,4632.22,4635.04,-0.007656372106678894,-0.007529866888878358,False,2022,-1773.3000000000054
2022-05-09,32.308000000000476,33.48000000000047,2,4563.58,4486.78,0.00707952966749799,0.007336345588332072,False,2022,1615.4000000000237
2022-05-10,0.0,0.0,0,4557.39,4495.5,0.0,0.0,False,2022,0.0
2022-05-11,-9.866000000000655,-9.280000000000655,1,4484.25,4424.89,-0.0022001449517758055,-0.002069465350950695,False,2022,-493.30000000003275
2022-05-12,0.0,0.0,0,4385.22,4419.83,0.0,0.0,False,2022,0.0
2022-05-13,6.72399999999949,7.309999999999491,1,4468.21,4523.91,0.0015048531738659308,0.0016360018888994677,False,2022,336.1999999999745
2022-05-16,0.0,0.0,0,4504.78,4508.44,0.0,0.0,False,2022,0.0
2022-05-17,0.0,0.0,0,4579.33,4598.18,0.0,0.0,False,2022,0.0
2022-05-18,59.03800000000004,60.210000000000036,2,4544.17,4415.32,0.012992031548115505,0.01324994443429714,False,2022,2951.900000000002
2022-05-19,0.0,0.0,0,4375.38,4385.22,0.0,0.0,False,2022,0.0
2022-05-20,-58.53599999999982,-57.94999999999982,1,4428.55,4386.63,-0.013217870409050324,-0.013085547188131513,False,2022,-2926.7999999999906
2022-05-23,0.0,0.0,0,4423.48,4469.62,0.0,0.0,False,2022,0.0
2022-05-24,-14.365999999999746,-13.779999999999745,1,4420.11,4437.27,-0.003250145358373377,-0.003117569472252896,False,2022,-718.2999999999873
2022-05-25,0.0,0.0,0,4416.73,4477.5,0.0,0.0,False,2022,0.0
2022-05-26,30.36399999999982,30.949999999999818,1,4489.03,4563.58,0.006764044793641348,0.00689458524447371,False,2022,1518.199999999991
2022-05-27,37.64800000000062,38.82000000000062,2,4592.84,4676.95,0.008197106801020855,0.00845228660262509,False,2022,1882.400000000031
2022-05-30,0.0,0.0,0,4691.58,4700.86,0.0,0.0,True,2022,0.0
2022-05-31,-7.056000000000255,-6.470000000000255,1,4656.42,4649.95,-0.0015153272256369175,-0.0013894794713535839,False,2022,-352.80000000001274
2022-06-01,-10.156000000000619,-9.570000000000618,1,4674.7,4611.97,-0.002172545831818217,-0.0020471901940232783,False,2022,-507.80000000003093
2022-06-02,37.393999999999565,37.97999999999956,1,4609.72,4698.9,0.008111989448382886,0.00823911213696267,False,2022,1869.6999999999782
2022-06-03,0.0,0.0,0,4642.63,4622.66,0.0,0.0,False,2022,0.0
2022-06-06,0.0,0.0,0,4669.64,4635.32,0.0,0.0,False,2022,0.0
2022-06-07,0.0,0.0,0,4593.96,4679.77,0.0,0.0,False,2022,0.0
2022-06-08,0.0,0.0,0,4659.79,4629.69,0.0,0.0,False,2022,0.0
2022-06-09,0.0,0.0,0,4607.47,4518.01,0.0,0.0,False,2022,0.0
2022-06-10,3.3280000000000003,4.5,2,4444.3,4386.35,0.0007488243367909458,0.0010125329073194878,False,2022,166.4
2022-06-13,-14.65599999999971,-14.069999999999709,1,4273.26,4220.09,-0.0034297000416543127,-0.0032925682031984265,False,2022,-732.7999999999855
2022-06-14,0.0,0.0,0,4240.91,4208.02,0.0,0.0,False,2022,0.0
2022-06-15,0.0,0.0,0,4246.82,4268.46,0.0,0.0,False,2022,0.0
2022-06-16,-25.045999999999125,-24.459999999999127,1,4169.5,4131.26,-0.006006955270415907,-0.005866410840628163,False,2022,-1252.2999999999563
2022-06-17,-43.87599999999996,-43.289999999999964,1,4130.14,4133.23,-0.010623368699366113,-0.010481484889132078,False,2022,-2193.799999999998
2022-06-20,0.0,0.0,0,4164.44,4179.06,0.0,0.0,True,2022,0.0
2022-06-21,3.914,4.5,1,4201.83,4238.1,0.0009314988945292884,0.001070961938012723,False,2022,195.70000000000002
2022-06-22,0.0,0.0,0,4188.05,4229.38,0.0,0.0,False,2022,0.0
2022-06-23,0.0,0.0,0,4255.25,4272.12,0.0,0.0,False,2022,0.0
2022-06-24,70.54400000000011,71.13000000000011,1,4309.23,4407.35,0.016370442051132132,0.016506429222854228,False,2022,3527.2000000000057
2022-06-27,0.0,0.0,0,4418.32,4392.17,0.0,0.0,False,2022,0.0
2022-06-28,-9.575999999999782,-8.989999999999782,1,4408.76,4301.92,-0.002172039303568301,-0.0020391221114326435,False,2022,-478.7999999999891
2022-06-29,0.0,0.0,0,4307.26,4296.58,0.0,0.0,False,2022,0.0
2022-06-30,-2.5560000000002545,-1.9700000000002547,1,4248.78,4261.72,-0.0006015844548317999,-0.00046366251017945266,False,2022,-127.80000000001273
2022-07-01,0.0,0.0,0,4252.16,4305.01,0.0,0.0,False,2022,0.0
2022-07-04,0.0,0.0,0,4294.61,4288.71,0.0,0.0,True,2022,0.0
2022-07-05,-7.8960000000004005,-7.3100000000004,1,4244.85,4313.45,-0.00186013640057962,-0.0017220867639611292,False,2022,-394.80000000002
2022-07-06,0.0,0.0,0,4314.85,4329.19,0.0,0.0,False,2022,0.0
2022-07-07,-6.495999999999855,-5.9099999999998545,1,4348.87,4391.33,-0.0014937213575020303,-0.0013589737104120966,False,2022,-324.79999999999274
2022-07-08,0.0,0.0,0,4371.93,4388.24,0.0,0.0,False,2022,0.0
2022-07-11,0.0,0.0,0,4355.9,4338.47,0.0,0.0,False,2022,0.0
2022-07-12,0.0,0.0,0,4330.88,4300.52,0.0,0.0,False,2022,0.0
2022-07-13,0.0,0.0,0,4234.73,4276.9,0.0,0.0,False,2022,0.0
2022-07-14,0.0,0.0,0,4216.73,4267.06,0.0,0.0,False,2022,0.0
2022-07-15,0.0,0.0,0,4318.51,4347.19,0.0,0.0,False,2022,0.0
2022-07-18,0.0,0.0,0,4383.74,4311.76,0.0,0.0,False,2022,0.0
2022-07-19,27.24399999999993,27.829999999999927,1,4357.31,4427.03,0.0062524814621865155,0.006386968106469341,False,2022,1362.1999999999964
2022-07-20,-9.586,-9.0,1,4429.28,4456.27,-0.0021642343676624644,-0.00203193295524329,False,2022,-479.3
2022-07-21,0.0,0.0,0,4447.56,4501.54,0.0,0.0,False,2022,0.0
2022-07-22,0.0,0.0,0,4502.1,4459.65,0.0,0.0,False,2022,0.0
2022-07-25,0.0,0.0,0,4466.12,4464.71,0.0,0.0,False,2022,0.0
2022-07-26,0.0,0.0,0,4445.31,4411.85,0.0,0.0,False,2022,0.0
2022-07-27,0.0,0.0,0,4450.65,4525.44,0.0,0.0,False,2022,0.0
2022-07-28,0.0,0.0,0,4534.15,4580.83,0.0,0.0,False,2022,0.0
2022-07-29,-13.806000000000255,-13.220000000000255,1,4598.54,4648.86,-0.003002257238166952,-0.0028748254880897536,False,2022,-690.3000000000128
2022-08-01,0.0,0.0,0,4616.53,4633.12,0.0,0.0,False,2022,0.0
2022-08-02,0.0,0.0,0,4615.13,4604.16,0.0,0.0,False,2022,0.0
2022-08-03,0.0,0.0,0,4628.62,4675.01,0.0,0.0,False,2022,0.0
2022-08-04,0.0,0.0,0,4673.61,4670.79,0.0,0.0,False,2022,0.0
2022-08-05,0.0,0.0,0,4619.91,4662.64,0.0,0.0,False,2022,0.0
2022-08-08,0.0,0.0,0,4683.17,4657.58,0.0,0.0,False,2022,0.0
2022-08-09,0.0,0.0,0,4648.58,4639.02,0.0,0.0,False,2022,0.0
2022-08-10,0.0,0.0,0,4722.25,4735.18,0.0,0.0,False,2022,0.0
2022-08-11,0.0,0.0,0,4768.92,4736.3,0.0,0.0,False,2022,0.0
2022-08-12,0.0,0.0,0,4758.23,4814.74,0.0,0.0,False,2022,0.0
2022-08-15,0.0,0.0,0,4788.88,4834.71,0.0,0.0,False,2022,0.0
2022-08-16,0.0,0.0,0,4822.05,4843.7,0.0,0.0,False,2022,0.0
2022-08-17,0.0,0.0,0,4801.25,4809.4,0.0,0.0,False,2022,0.0
2022-08-18,0.0,0.0,0,4810.53,4822.9,0.0,0.0,False,2022,0.0
2022-08-19,0.0,0.0,0,4789.72,4757.11,0.0,0.0,False,2022,0.0
2022-08-22,0.0,0.0,0,4699.47,4658.99,0.0,0.0,False,2022,0.0
2022-08-23,0.0,0.0,0,4652.52,4645.77,0.0,0.0,False,2022,0.0
2022-08-24,0.0,0.0,0,4642.96,4660.11,0.0,0.0,False,2022,0.0
2022-08-25,0.0,0.0,0,4676.98,4725.9,0.0,0.0,False,2022,0.0
2022-08-26,107.65399999999978,108.23999999999978,1,4724.21,4564.8,0.022787725355138698,0.022911767258441046,False,2022,5382.699999999989
2022-08-29,0.0,0.0,0,4529.94,4534.44,0.0,0.0,False,2022,0.0
2022-08-30,1.944000000000655,2.530000000000655,1,4547.37,4482.98,0.0004274998515626956,0.000556365547558403,False,2022,97.20000000003274
2022-08-31,0.0,0.0,0,4502.95,4448.68,0.0,0.0,False,2022,0.0
2022-09-01,0.0,0.0,0,4421.97,4461.9,0.0,0.0,False,2022,0.0
2022-09-02,0.0,0.0,0,4505.48,4414.66,0.0,0.0,False,2022,0.0
2022-09-05,0.0,0.0,0,4421.69,4426.75,0.0,0.0,True,2022,0.0
2022-09-06,0.0,0.0,0,4424.22,4398.36,0.0,0.0,False,2022,0.0
2022-09-07,0.0,0.0,0,4393.58,4476.52,0.0,0.0,False,2022,0.0
2022-09-08,0.0,0.0,0,4448.4,4504.91,0.0,0.0,False,2022,0.0
2022-09-09,-5.6460000000004005,-5.0600000000004,1,4531.34,4573.52,-0.0012459890451831908,-0.0011166674758460852,False,2022,-282.30000000002
2022-09-12,3.344000000000291,3.930000000000291,1,4599.1,4623.56,0.0007270987801961886,0.0008545150138071124,False,2022,167.20000000001457
2022-09-13,0.26400000000036383,0.8500000000003638,1,4520.1,4422.26,5.8405787482658306e-05,0.00018804893697050147,False,2022,13.200000000018191
2022-09-14,0.0,0.0,0,4436.0,4436.56,0.0,0.0,False,2022,0.0
2022-09-15,0.0,0.0,0,4417.25,4385.64,0.0,0.0,False,2022,0.0
2022-09-16,0.0,0.0,0,4335.27,4352.06,0.0,0.0,False,2022,0.0
2022-09-19,0.0,0.0,0,4313.17,4385.64,0.0,0.0,False,2022,0.0
2022-09-20,0.0,0.0,0,4345.35,4335.55,0.0,0.0,False,2022,0.0
2022-09-21,0.0,0.0,0,4356.82,4257.21,0.0,0.0,False,2022,0.0
2022-09-22,0.0,0.0,0,4247.98,4220.56,0.0,0.0,False,2022,0.0
2022-09-23,-28.337999999999926,-26.579999999999927,3,4179.71,4149.22,-0.006779896212895135,-0.006359292869600983,False,2022,-1416.8999999999962
2022-09-26,0.0,0.0,0,4131.87,4108.37,0.0,0.0,False,2022,0.0
2022-09-27,0.0,0.0,0,4150.34,4097.18,0.0,0.0,False,2022,0.0
2022-09-28,35.513999999999456,36.099999999999454,1,4107.53,4177.2,0.008646071970259368,0.008788736783419586,False,2022,1775.6999999999728
2022-09-29,-11.242000000000619,-10.070000000000618,2,4134.39,4089.9,-0.0027191435737800784,-0.0024356676559300445,False,2022,-562.100000000031
2022-09-30,0.0,0.0,0,4078.15,4025.83,0.0,0.0,False,2022,0.0
2022-10-03,-7.016000000000291,-6.430000000000291,1,4068.92,4131.03,-0.001724290475113861,-0.0015802719149062383,False,2022,-350.80000000001456
2022-10-04,20.67400000000022,21.26000000000022,1,4195.94,4258.33,0.004927143858110512,0.005066802671153596,False,2022,1033.700000000011
2022-10-05,0.0,0.0,0,4206.85,4249.38,0.0,0.0,False,2022,0.0
2022-10-06,0.0,0.0,0,4230.91,4203.78,0.0,0.0,False,2022,0.0
2022-10-07,22.0479999999998,23.2199999999998,2,4156.21,4086.27,0.0053048330089191355,0.005586820685191509,False,2022,1102.3999999999899
2022-10-10,-11.776000000000055,-11.190000000000055,1,4099.42,4055.21,-0.0028726014899668867,-0.002729654438920641,False,2022,-588.8000000000028
2022-10-11,0.0,0.0,0,4034.23,4028.63,0.0,0.0,False,2022,0.0
2022-10-12,0.0,0.0,0,4033.39,4014.92,0.0,0.0,False,2022,0.0
2022-10-13,64.04400000000011,64.63000000000011,1,3931.82,4120.68,0.016288639866524946,0.016437680260032277,False,2022,3202.2000000000057
2022-10-14,46.69399999999975,47.279999999999745,1,4149.22,4028.07,0.011253681414820074,0.011394912778787276,False,2022,2334.6999999999875
2022-10-17,-15.136000000000182,-14.550000000000182,1,4098.58,4129.63,-0.003692986351370519,-0.003550010003464659,False,2022,-756.8000000000092
2022-10-18,0.0,0.0,0,4223.08,4178.59,0.0,0.0,False,2022,0.0
2022-10-19,0.0,0.0,0,4154.25,4148.66,0.0,0.0,False,2022,0.0
2022-10-20,-21.57599999999978,-20.98999999999978,1,4141.1,4112.29,-0.005210209847624974,-0.005068701552727483,False,2022,-1078.799999999989
2022-10-21,26.808000000000472,27.980000000000473,2,4108.93,4212.17,0.006524326284458599,0.006809558692895832,False,2022,1340.4000000000235
2022-10-24,0.0,0.0,0,4229.8,4263.37,0.0,0.0,False,2022,0.0
2022-10-25,27.67400000000022,28.26000000000022,1,4262.53,4331.08,0.006492388323366691,0.006629865361651465,False,2022,1383.700000000011
2022-10-26,0.0,0.0,0,4294.43,4299.74,0.0,0.0,False,2022,0.0
2022-10-27,0.0,0.0,0,4309.53,4275.12,0.0,0.0,False,2022,0.0
2022-10-28,71.87400000000004,72.46000000000004,1,4273.44,4376.68,0.016818768954285083,0.01695589501666106,False,2022,3593.700000000002
2022-10-31,0.0,0.0,0,4347.03,4345.35,0.0,0.0,False,2022,0.0
2022-11-01,0.0,0.0,0,4388.99,4325.48,0.0,0.0,False,2022,0.0
2022-11-02,0.0,0.0,0,4318.21,4215.81,0.0,0.0,False,2022,0.0
2022-11-03,-38.915999999999926,-38.32999999999993,1,4176.64,4170.2,-0.009317537542139117,-0.009177233374195508,False,2022,-1945.7999999999963
2022-11-04,0.0,0.0,0,4237.35,4230.63,0.0,0.0,False,2022,0.0
2022-11-07,0.0,0.0,0,4244.9,4270.64,0.0,0.0,False,2022,0.0
2022-11-08,0.0,0.0,0,4282.68,4292.19,0.0,0.0,False,2022,0.0
2022-11-09,0.0,0.0,0,4267.57,4202.94,0.0,0.0,False,2022,0.0
2022-11-10,-14.575999999999782,-13.989999999999782,1,4358.22,4432.92,-0.0033444846749360476,-0.003210026111577612,False,2022,-728.7999999999892
2022-11-11,0.0,0.0,0,4444.39,4477.41,0.0,0.0,False,2022,0.0
2022-11-14,0.0,0.0,0,4456.14,4440.19,0.0,0.0,False,2022,0.0
2022-11-15,0.0,0.0,0,4506.5,4477.69,0.0,0.0,False,2022,0.0
2022-11-16,0.0,0.0,0,4457.54,4442.43,0.0,0.0,False,2022,0.0
2022-11-17,0.0,0.0,0,4383.68,4427.32,0.0,0.0,False,2022,0.0
2022-11-18,0.0,0.0,0,4465.93,4446.63,0.0,0.0,False,2022,0.0
2022-11-21,0.0,0.0,0,4430.12,4429.56,0.0,0.0,False,2022,0.0
2022-11-22,0.0,0.0,0,4451.39,4487.76,0.0,0.0,False,2022,0.0
2022-11-23,0.0,0.0,0,4483.0,4515.18,0.0,0.0,False,2022,0.0
2022-11-24,0.0,0.0,0,4524.97,4525.25,0.0,0.0,True,2022,0.0
2022-11-25,0.0,0.0,0,4507.9,4514.9,0.0,0.0,True,2022,0.0
2022-11-28,0.0,0.0,0,4477.13,4441.31,0.0,0.0,False,2022,0.0
2022-11-29,0.0,0.0,0,4441.87,4433.2,0.0,0.0,False,2022,0.0
2022-11-30,0.0,0.0,0,4434.88,4568.9,0.0,0.0,False,2022,0.0
2022-12-01,0.0,0.0,0,4583.16,4567.22,0.0,0.0,False,2022,0.0
2022-12-02,0.0,0.0,0,4508.46,4560.78,0.0,0.0,False,2022,0.0
2022-12-05,0.0,0.0,0,4527.77,4478.8,0.0,0.0,False,2022,0.0
2022-12-06,36.634000000000256,37.220000000000255,1,4476.57,4413.61,0.008183497633232645,0.008314401427878992,False,2022,1831.7000000000128
2022-12-07,0.0,0.0,0,4402.42,4405.22,0.0,0.0,False,2022,0.0
2022-12-08,0.0,0.0,0,4426.2,4438.24,0.0,0.0,False,2022,0.0
2022-12-09,0.0,0.0,0,4423.13,4405.22,0.0,0.0,False,2022,0.0
2022-12-12,0.0,0.0,0,4414.45,4468.17,0.0,0.0,False,2022,0.0
2022-12-13,0.0,0.0,0,4595.75,4502.31,0.0,0.0,False,2022,0.0
2022-12-14,0.0,0.0,0,4497.69,4472.72,0.0,0.0,False,2022,0.0
2022-12-15,21.344000000000293,21.93000000000029,1,4413.61,4359.21,0.0048359506163889185,0.004968721749316386,False,2022,1067.2000000000146
2022-12-16,-31.142000000000255,-29.970000000000255,2,4327.58,4304.54,-0.007196169683749407,-0.006925348578189255,False,2022,-1557.1000000000129
2022-12-19,0.0,0.0,0,4307.04,4267.36,0.0,0.0,False,2022,0.0
2022-12-20,0.0,0.0,0,4259.03,4272.91,0.0,0.0,False,2022,0.0
2022-12-21,-1.696000000000582,-1.110000000000582,1,4303.43,4336.46,-0.00039410423778255525,-0.00025793378769971444,False,2022,-84.8000000000291
2022-12-22,-15.855999999999527,-15.269999999999527,1,4298.71,4273.74,-0.003688548424992504,-0.003552228459235335,False,2022,-792.7999999999764
2022-12-23,0.0,0.0,0,4260.42,4297.33,0.0,0.0,False,2022,0.0
2022-12-27,-21.94599999999967,-21.359999999999673,1,4295.38,4280.12,-0.005109210360899308,-0.00497278471287748,False,2022,-1097.2999999999836
2022-12-28,0.0,0.0,0,4278.18,4225.73,0.0,0.0,False,2022,0.0
2022-12-29,-3.1480000000003274,-1.3900000000003274,3,4256.81,4298.44,-0.0007395209088496613,-0.0003265355982532289,False,2022,-157.40000000001638
2022-12-30,0.0,0.0,0,4267.08,4286.23,0.0,0.0,False,2022,0.0
2023-01-03,0.0,0.0,0,4308.15,4267.91,0.0,0.0,False,2023,0.0
2023-01-04,0.0,0.0,0,4294.83,4300.1,0.0,0.0,False,2023,0.0
2023-01-05,0.0,0.0,0,4276.79,4250.43,0.0,0.0,False,2023,0.0
2023-01-06,0.0,0.0,0,4286.23,4347.28,0.0,0.0,False,2023,0.0
2023-01-09,0.0,0.0,0,4373.09,4344.5,0.0,0.0,False,2023,0.0
2023-01-10,0.0,0.0,0,4337.57,4375.59,0.0,0.0,False,2023,0.0
2023-01-11,0.0,0.0,0,4393.07,4428.87,0.0,0.0,False,2023,0.0
2023-01-12,0.0,0.0,0,4439.97,4443.3,0.0,0.0,False,2023,0.0
2023-01-13,0.0,0.0,0,4405.0,4459.95,0.0,0.0,False,2023,0.0
2023-01-16,0.0,0.0,0,4456.62,4451.07,0.0,0.0,True,2023,0.0
2023-01-17,0.0,0.0,0,4460.51,4451.63,0.0,0.0,False,2023,0.0
2023-01-18,23.834000000000074,24.420000000000073,1,4464.67,4381.14,0.005338356474274711,0.005469609176042142,False,2023,1191.7000000000037
2023-01-19,0.0,0.0,0,4354.77,4347.83,0.0,0.0,False,2023,0.0
2023-01-20,0.0,0.0,0,4362.27,4426.65,0.0,0.0,False,2023,0.0
2023-01-23,6.903999999999781,7.489999999999782,1,4436.36,4479.65,0.0015562307837956753,0.0016883210560008164,False,2023,345.1999999999891
2023-01-24,0.0,0.0,0,4460.23,4474.1,0.0,0.0,False,2023,0.0
2023-01-25,0.0,0.0,0,4426.37,4476.32,0.0,0.0,False,2023,0.0
2023-01-26,0.0,0.0,0,4505.74,4523.22,0.0,0.0,False,2023,0.0
2023-01-27,0.0,0.0,0,4511.01,4533.49,0.0,0.0,False,2023,0.0
2023-01-30,0.0,0.0,0,4500.75,4477.16,0.0,0.0,False,2023,0.0
2023-01-31,0.0,0.0,0,4481.04,4540.43,0.0,0.0,False,2023,0.0
2023-02-01,0.0,0.0,0,4526.55,4589.55,0.0,0.0,False,2023,0.0
2023-02-02,0.0,0.0,0,4633.12,4654.21,0.0,0.0,False,2023,0.0
2023-02-03,0.0,0.0,0,4596.21,4604.26,0.0,0.0,False,2023,0.0
2023-02-06,0.0,0.0,0,4574.84,4576.51,0.0,0.0,False,2023,0.0
2023-02-07,8.573999999999854,9.159999999999854,1,4563.46,4634.51,0.0018788375487020492,0.002007248885713878,False,2023,428.6999999999927
2023-02-08,0.0,0.0,0,4610.92,4583.72,0.0,0.0,False,2023,0.0
2023-02-09,0.0,0.0,0,4623.96,4542.37,0.0,0.0,False,2023,0.0
2023-02-10,0.0,0.0,0,4527.39,4551.25,0.0,0.0,False,2023,0.0
2023-02-13,0.0,0.0,0,4559.02,4604.81,0.0,0.0,False,2023,0.0
2023-02-14,0.0,0.0,0,4586.22,4602.59,0.0,0.0,False,2023,0.0
2023-02-15,0.0,0.0,0,4575.68,4616.47,0.0,0.0,False,2023,0.0
2023-02-16,0.0,0.0,0,4555.42,4550.98,0.0,0.0,False,2023,0.0
2023-02-17,0.0,0.0,0,4524.89,4538.21,0.0,0.0,False,2023,0.0
2023-02-20,0.0,0.0,0,4530.44,4524.33,0.0,0.0,True,2023,0.0
2023-02-21,0.0,0.0,0,4490.48,4447.19,0.0,0.0,False,2023,0.0
2023-02-22,0.0,0.0,0,4450.24,4440.53,0.0,0.0,False,2023,0.0
2023-02-23,0.0,0.0,0,4471.88,4460.78,0.0,0.0,False,2023,0.0
2023-02-24,0.0,0.0,0,4401.67,4413.33,0.0,0.0,False,2023,0.0
2023-02-27,0.0,0.0,0,4451.63,4427.2,0.0,0.0,False,2023,0.0
2023-02-28,0.0,0.0,0,4421.1,4409.17,0.0,0.0,False,2023,0.0
2023-03-01,0.0,0.0,0,4400.01,4393.35,0.0,0.0,False,2023,0.0
2023-03-02,0.0,0.0,0,4368.09,4424.98,0.0,0.0,False,2023,0.0
2023-03-03,0.0,0.0,0,4445.8,4494.92,0.0,0.0,False,2023,0.0
2023-03-06,0.0,0.0,0,4504.35,4498.25,0.0,0.0,False,2023,0.0
2023-03-07,37.43399999999953,38.01999999999953,1,4497.14,4428.59,0.008323957003784523,0.008454262042097762,False,2023,1871.6999999999764
2023-03-08,0.0,0.0,0,4429.42,4435.25,0.0,0.0,False,2023,0.0
2023-03-09,0.0,0.0,0,4443.02,4351.72,0.0,0.0,False,2023,0.0
2023-03-10,-2.821999999999636,-1.649999999999636,2,4344.23,4287.61,-0.0006495972819117856,-0.00037981414427864916,False,2023,-141.0999999999818
2023-03-13,-19.735999999999635,-19.149999999999636,1,4241.82,4281.51,-0.004652719823094718,-0.004514571575408584,False,2023,-986.7999999999818
2023-03-14,0.0,0.0,0,4341.98,4352.44,0.0,0.0,False,2023,0.0
2023-03-15,0.0,0.0,0,4284.17,4326.01,0.0,0.0,False,2023,0.0
2023-03-16,33.00399999999924,33.589999999999236,1,4295.46,4398.69,0.007683461142694668,0.007819884249882256,False,2023,1650.1999999999618
2023-03-17,5.193999999999745,5.779999999999745,1,4384.1,4347.21,0.001184735749640689,0.0013184005839282282,False,2023,259.69999999998726
2023-03-20,-18.19599999999967,-17.609999999999673,1,4354.37,4387.4,-0.00417879050241474,-0.004044213054930948,False,2023,-909.7999999999836
2023-03-21,0.0,0.0,0,4426.49,4446.86,0.0,0.0,False,2023,0.0
2023-03-22,0.0,0.0,0,4443.83,4370.33,0.0,0.0,False,2023,0.0
2023-03-23,-9.125999999999964,-8.539999999999964,1,4400.61,4377.76,-0.0020738034045280004,-0.0019406400476297523,False,2023,-456.2999999999982
2023-03-24,0.0,0.0,0,4363.17,4407.22,0.0,0.0,False,2023,0.0
2023-03-27,0.0,0.0,0,4433.1,4415.75,0.0,0.0,False,2023,0.0
2023-03-28,0.0,0.0,0,4406.94,4405.84,0.0,0.0,False,2023,0.0
2023-03-29,0.0,0.0,0,4453.47,4469.16,0.0,0.0,False,2023,0.0
2023-03-30,0.0,0.0,0,4498.06,4493.38,0.0,0.0,False,2023,0.0
2023-03-31,0.0,0.0,0,4503.84,4556.42,0.0,0.0,False,2023,0.0
2023-04-03,0.0,0.0,0,4550.36,4573.49,0.0,0.0,False,2023,0.0
2023-04-04,0.0,0.0,0,4580.92,4547.89,0.0,0.0,False,2023,0.0
2023-04-05,0.0,0.0,0,4536.6,4533.57,0.0,0.0,False,2023,0.0
2023-04-06,0.0,0.0,0,4523.11,4550.36,0.0,0.0,False,2023,0.0
2023-04-10,0.0,0.0,0,4520.91,4555.87,0.0,0.0,False,2023,0.0
2023-04-11,0.0,0.0,0,4561.1,4556.15,0.0,0.0,False,2023,0.0
2023-04-12,0.0,0.0,0,4578.72,4537.43,0.0,0.0,False,2023,0.0
2023-04-13,0.0,0.0,0,4547.89,4595.24,0.0,0.0,False,2023,0.0
2023-04-14,0.0,0.0,0,4587.53,4584.22,0.0,0.0,False,2023,0.0
2023-04-17,0.0,0.0,0,4581.75,4599.64,0.0,0.0,False,2023,0.0
2023-04-18,0.0,0.0,0,4617.53,4602.12,0.0,0.0,False,2023,0.0
2023-04-19,0.0,0.0,0,4578.99,4601.02,0.0,0.0,False,2023,0.0
2023-04-20,0.0,0.0,0,4565.5,4573.49,0.0,0.0,False,2023,0.0
2023-04-21,0.0,0.0,0,4575.97,4576.24,0.0,0.0,False,2023,0.0
2023-04-24,0.0,0.0,0,4573.49,4581.2,0.0,0.0,False,2023,0.0
2023-04-25,0.0,0.0,0,4556.97,4507.42,0.0,0.0,False,2023,0.0
2023-04-26,0.0,0.0,0,4513.2,4486.78,0.0,0.0,False,2023,0.0
2023-04-27,0.0,0.0,0,4514.3,4574.04,0.0,0.0,False,2023,0.0
2023-04-28,-16.82599999999978,-16.23999999999978,1,4563.58,4613.13,-0.0036870176484250917,-0.003558609688008051,False,2023,-841.299999999989
2023-05-01,0.0,0.0,0,4607.35,4607.9,0.0,0.0,False,2023,0.0
2023-05-02,-0.026000000000509282,0.5599999999994907,1,4599.36,4555.59,-5.6529604119941215e-06,0.00012175607040968542,False,2023,-1.3000000000254641
2023-05-03,0.0,0.0,0,4560.27,4522.84,0.0,0.0,False,2023,0.0
2023-05-04,7.403999999999781,7.989999999999782,1,4509.35,4489.53,0.0016419217847361107,0.0017718739951433757,False,2023,370.1999999999891
2023-05-05,2.164,2.75,1,4530.54,4571.56,0.0004776472561769679,0.0006069916610381985,False,2023,108.2
2023-05-08,0.0,0.0,0,4574.86,4573.21,0.0,0.0,False,2023,0.0
2023-05-09,0.0,0.0,0,4553.67,4552.57,0.0,0.0,False,2023,0.0
2023-05-10,0.0,0.0,0,4583.67,4572.39,0.0,0.0,False,2023,0.0
2023-05-11,-6.9159999999999275,-6.329999999999927,1,4560.27,4563.03,-0.0015165768693520178,-0.001388075706043705,False,2023,-345.7999999999964
2023-05-12,0.0,0.0,0,4575.97,4556.42,0.0,0.0,False,2023,0.0
2023-05-15,0.0,0.0,0,4561.93,4571.29,0.0,0.0,False,2023,0.0
2023-05-16,0.0,0.0,0,4557.52,4539.9,0.0,0.0,False,2023,0.0
2023-05-17,0.0,0.0,0,4562.75,4594.13,0.0,0.0,False,2023,0.0
2023-05-18,0.0,0.0,0,4588.63,4637.08,0.0,0.0,False,2023,0.0
2023-05-19,0.0,0.0,0,4646.44,4629.64,0.0,0.0,False,2023,0.0
2023-05-22,0.0,0.0,0,4629.64,4631.02,0.0,0.0,False,2023,0.0
2023-05-23,0.0,0.0,0,4611.2,4578.44,0.0,0.0,False,2023,0.0
2023-05-24,7.124000000000036,7.710000000000036,1,4558.62,4544.03,0.0015627536403560807,0.001691301314871614,False,2023,356.2000000000018
2023-05-25,0.0,0.0,0,4581.47,4580.65,0.0,0.0,False,2023,0.0
2023-05-26,32.453999999999965,33.039999999999964,1,4587.53,4639.56,0.00707439515381915,0.007202132738096528,False,2023,1622.6999999999982
2023-05-29,0.0,0.0,0,4648.36,4651.94,0.0,0.0,True,2023,0.0
2023-05-30,0.0,0.0,0,4661.03,4641.21,0.0,0.0,False,2023,0.0
2023-05-31,0.0,0.0,0,4618.91,4615.06,0.0,0.0,False,2023,0.0
2023-06-01,7.953999999999963,8.539999999999964,1,4615.06,4656.35,0.0017234878853145924,0.001850463482598268,False,2023,397.69999999999817
2023-06-02,11.243999999999927,11.829999999999927,1,4684.98,4722.96,0.0024000102455079696,0.002525090822159311,False,2023,562.1999999999963
2023-06-05,0.0,0.0,0,4725.99,4713.33,0.0,0.0,False,2023,0.0
2023-06-06,0.0,0.0,0,4707.82,4723.52,0.0,0.0,False,2023,0.0
2023-06-07,0.0,0.0,0,4726.82,4706.72,0.0,0.0,False,2023,0.0
2023-06-08,0.0,0.0,0,4704.52,4732.32,0.0,0.0,False,2023,0.0
2023-06-09,-8.285999999999818,-7.699999999999818,1,4740.58,4740.31,-0.0017478873893067555,-0.0016242738230342738,False,2023,-414.2999999999909
2023-06-12,0.0,0.0,0,4750.77,4782.7,0.0,0.0,False,2023,0.0
2023-06-13,0.0,0.0,0,4798.12,4812.98,0.0,0.0,False,2023,0.0
2023-06-14,0.0,0.0,0,4815.43,4816.52,0.0,0.0,False,2023,0.0
2023-06-15,27.977999999999636,29.149999999999636,2,4804.26,4874.55,0.005823581571355346,0.006067531732254215,False,2023,1398.8999999999817
2023-06-16,0.0,0.0,0,4896.08,4856.03,0.0,0.0,False,2023,0.0
2023-06-19,0.0,0.0,0,4847.85,4847.85,0.0,0.0,True,2023,0.0
2023-06-20,-6.306000000000255,-5.720000000000255,1,4833.41,4832.32,-0.0013046689604234393,-0.00118342950422171,False,2023,-315.30000000001274
2023-06-21,0.0,0.0,0,4819.24,4805.62,0.0,0.0,False,2023,0.0
2023-06-22,0.0,0.0,0,4793.09,4821.15,0.0,0.0,False,2023,0.0
2023-06-23,0.0,0.0,0,4780.01,4784.64,0.0,0.0,False,2023,0.0
2023-06-26,0.0,0.0,0,4776.74,4763.94,0.0,0.0,False,2023,0.0
2023-06-27,11.134000000000254,11.720000000000255,1,4772.93,4814.89,0.0023327390093716553,0.0024555147467070024,False,2023,556.7000000000127
2023-06-28,0.0,0.0,0,4802.08,4817.88,0.0,0.0,False,2023,0.0
2023-06-29,0.0,0.0,0,4810.53,4835.05,0.0,0.0,False,2023,0.0
2023-06-30,0.0,0.0,0,4869.65,4889.27,0.0,0.0,False,2023,0.0
2023-07-03,0.0,0.0,0,4885.45,4895.53,0.0,0.0,True,2023,0.0
2023-07-04,0.0,0.0,0,4894.72,4893.9,0.0,0.0,True,2023,0.0
2023-07-05,0.0,0.0,0,4872.92,4886.27,0.0,0.0,False,2023,0.0
2023-07-06,-2.216000000000109,-1.6300000000001091,1,4842.95,4845.95,-0.00045757234743288883,-0.000336571717651454,False,2023,-110.80000000000545
2023-07-07,0.0,0.0,0,4833.14,4833.14,0.0,0.0,False,2023,0.0
2023-07-10,0.0,0.0,0,4827.96,4844.86,0.0,0.0,False,2023,0.0
2023-07-11,0.0,0.0,0,4853.03,4874.83,0.0,0.0,False,2023,0.0
2023-07-12,0.0,0.0,0,4917.87,4914.33,0.0,0.0,False,2023,0.0
2023-07-13,0.0,0.0,0,4932.59,4950.84,0.0,0.0,False,2023,0.0
2023-07-14,0.0,0.0,0,4960.38,4946.76,0.0,0.0,False,2023,0.0
2023-07-17,0.0,0.0,0,4944.3,4963.65,0.0,0.0,False,2023,0.0
2023-07-18,0.0,0.0,0,4958.74,4999.88,0.0,0.0,False,2023,0.0
2023-07-19,0.0,0.0,0,5008.06,5008.88,0.0,0.0,False,2023,0.0
2023-07-20,0.0,0.0,0,4996.07,4975.09,0.0,0.0,False,2023,0.0
2023-07-21,0.0,0.0,0,4993.35,4973.73,0.0,0.0,False,2023,0.0
2023-07-24,0.0,0.0,0,4986.26,4996.07,0.0,0.0,False,2023,0.0
2023-07-25,0.0,0.0,0,4991.44,5008.06,0.0,0.0,False,2023,0.0
2023-07-26,0.0,0.0,0,4997.16,5009.15,0.0,0.0,False,2023,0.0
2023-07-27,0.0,0.0,0,5045.11,4973.46,0.0,0.0,False,2023,0.0
2023-07-28,0.0,0.0,0,5009.69,5020.59,0.0,0.0,False,2023,0.0
2023-07-31,0.0,0.0,0,5025.77,5030.67,0.0,0.0,False,2023,0.0
2023-08-01,0.0,0.0,0,5012.69,5014.32,0.0,0.0,False,2023,0.0
2023-08-02,4.5840000000000725,5.170000000000073,1,4978.09,4943.76,0.0009208350994056099,0.001038550930176046,False,2023,229.20000000000363
2023-08-03,0.0,0.0,0,4918.69,4926.32,0.0,0.0,False,2023,0.0
2023-08-04,0.0,0.0,0,4946.21,4903.43,0.0,0.0,False,2023,0.0
2023-08-07,0.0,0.0,0,4924.14,4945.94,0.0,0.0,False,2023,0.0
2023-08-08,0.4939999999999273,1.0799999999999272,1,4915.97,4923.05,0.00010048881502530066,0.00021969214620917686,False,2023,24.699999999996365
2023-08-09,2.1339999999993453,2.719999999999345,1,4925.78,4889.27,0.0004332308791702726,0.0005521968094391843,False,2023,106.69999999996726
2023-08-10,-19.38599999999927,-18.799999999999272,1,4914.06,4889.27,-0.003945006776473887,-0.003825757113262612,False,2023,-969.2999999999636
2023-08-11,0.0,0.0,0,4866.65,4884.63,0.0,0.0,False,2023,0.0
2023-08-14,0.0,0.0,0,4874.28,4911.61,0.0,0.0,False,2023,0.0
2023-08-15,-9.575999999999782,-8.989999999999782,1,4890.36,4854.12,-0.0019581380511863714,-0.0018383104720306445,False,2023,-478.7999999999891
2023-08-16,0.0,0.0,0,4847.85,4816.52,0.0,0.0,False,2023,0.0
2023-08-17,0.0,0.0,0,4831.23,4777.29,0.0,0.0,False,2023,0.0
2023-08-18,0.0,0.0,0,4744.59,4778.65,0.0,0.0,False,2023,0.0
2023-08-21,-23.466000000000108,-22.88000000000011,1,4789.82,4809.16,-0.004899140259968038,-0.004776797457942075,False,2023,-1173.3000000000054
2023-08-22,0.0,0.0,0,4829.05,4795.0,0.0,0.0,False,2023,0.0
2023-08-23,22.023999999999674,22.609999999999673,1,4806.71,4847.58,0.004581928179565581,0.004703841088811197,False,2023,1101.1999999999837
2023-08-24,45.73399999999971,46.31999999999971,1,4864.47,4778.92,0.009401640877628951,0.009522106210954062,False,2023,2286.6999999999857
2023-08-25,0.0,0.0,0,4797.72,4811.62,0.0,0.0,False,2023,0.0
2023-08-28,0.0,0.0,0,4836.41,4840.77,0.0,0.0,False,2023,0.0
2023-08-29,34.28399999999989,34.86999999999989,1,4839.95,4910.79,0.007083544251490179,0.00720461988243678,False,2023,1714.1999999999946
2023-08-30,-22.105999999999526,-21.519999999999527,1,4914.33,4930.41,-0.00449827341672202,-0.00437903030525006,False,2023,-1105.2999999999763
2023-08-31,0.0,0.0,0,4934.49,4919.78,0.0,0.0,False,2023,0.0
2023-09-01,0.0,0.0,0,4950.84,4929.05,0.0,0.0,False,2023,0.0
2023-09-04,0.0,0.0,0,4933.13,4924.69,0.0,0.0,True,2023,0.0
2023-09-05,0.0,0.0,0,4923.32,4906.7,0.0,0.0,False,2023,0.0
2023-09-06,-1.9559999999998907,-1.3699999999998909,1,4896.62,4872.65,-0.00039945921880805345,-0.00027978483116923326,False,2023,-97.79999999999454
2023-09-07,0.0,0.0,0,4836.68,4855.48,0.0,0.0,False,2023,0.0
2023-09-08,-11.21600000000011,-10.63000000000011,1,4855.48,4862.29,-0.002309967294685615,-0.002189278917841307,False,2023,-560.8000000000055
2023-09-11,0.0,0.0,0,4891.45,4893.9,0.0,0.0,False,2023,0.0
2023-09-12,0.0,0.0,0,4876.19,4865.83,0.0,0.0,False,2023,0.0
2023-09-13,0.0,0.0,0,4867.47,4870.47,0.0,0.0,False,2023,0.0
2023-09-14,0.0,0.0,0,4896.78,4910.79,0.0,0.0,False,2023,0.0
2023-09-15,-10.061999999999419,-8.889999999999418,2,4891.38,4849.07,-0.00205708818370264,-0.0018174830007072478,False,2023,-503.0999999999709
2023-09-18,0.0,0.0,0,4845.56,4852.57,0.0,0.0,False,2023,0.0
2023-09-19,-4.6819999999993085,-3.509999999999309,2,4841.25,4841.79,-0.0009671056028916722,-0.0007250193648333196,False,2023,-234.09999999996543
2023-09-20,0.0,0.0,0,4855.0,4795.43,0.0,0.0,False,2023,0.0
2023-09-21,15.807999999999563,16.979999999999563,2,4760.66,4714.57,0.00332054799124482,0.0035667323438345866,False,2023,790.3999999999781
2023-09-22,0.0,0.0,0,4724.55,4702.18,0.0,0.0,False,2023,0.0
2023-09-25,0.0,0.0,0,4687.89,4721.58,0.0,0.0,False,2023,0.0
2023-09-26,-4.086,-3.5000000000000004,1,4685.74,4650.97,-0.0008720074097154346,-0.0007469471204121442,False,2023,-204.3
2023-09-27,0.0,0.0,0,4663.36,4652.04,0.0,0.0,False,2023,0.0
2023-09-28,2.1139999999998182,2.699999999999818,1,4643.69,4677.11,0.00045524141361714894,0.000581434161195045,False,2023,105.69999999999091
2023-09-29,0.0,0.0,0,4711.07,4664.17,0.0,0.0,False,2023,0.0
2023-10-02,0.0,0.0,0,4654.47,4662.56,0.0,0.0,False,2023,0.0
2023-10-03,8.573999999999854,9.159999999999854,1,4636.95,4600.03,0.0018490602659075157,0.0019754364399011968,False,2023,428.6999999999927
2023-10-04,0.0,0.0,0,4602.99,4631.83,0.0,0.0,False,2023,0.0
2023-10-05,-13.785999999999818,-13.199999999999818,1,4625.9,4626.71,-0.002980176830454575,-0.002853498778616014,False,2023,-689.299999999991
2023-10-06,6.414,7.0,1,4598.41,4681.15,0.0013948299520921362,0.0015222653047466408,False,2023,320.7
2023-10-09,0.0,0.0,0,4659.32,4711.34,0.0,0.0,False,2023,0.0
2023-10-10,-6.245999999999855,-5.6599999999998545,1,4717.81,4734.52,-0.0013239193608898735,-0.0011997091871016115,False,2023,-312.29999999999274
2023-10-11,0.0,0.0,0,4746.38,4753.12,0.0,0.0,False,2023,0.0
2023-10-12,-5.976000000000328,-5.390000000000327,1,4758.51,4722.93,-0.001255855299242899,-0.0011327075071819387,False,2023,-298.8000000000164
2023-10-13,-17.836,-17.25,1,4738.29,4698.4,-0.0037642271790033956,-0.0036405538707001894,False,2023,-891.8
2023-10-16,-0.3160000000004729,0.26999999999952706,1,4722.39,4746.38,-6.691526959875675e-05,5.717443921394189e-05,False,2023,-15.800000000023646
2023-10-17,0.0,0.0,0,4710.53,4746.38,0.0,0.0,False,2023,0.0
2023-10-18,12.624000000000036,13.210000000000036,1,4725.09,4682.23,0.002671695142314757,0.0027957139440730307,False,2023,631.2000000000018
2023-10-19,0.0,0.0,0,4687.35,4637.49,0.0,0.0,False,2023,0.0
2023-10-20,-10.556000000000255,-9.970000000000255,1,4632.1,4580.35,-0.0022788799896375843,-0.002152371494570552,False,2023,-527.8000000000128
2023-10-23,-43.176000000000144,-42.590000000000146,1,4561.75,4571.72,-0.009464788732394399,-0.009336329259604351,False,2023,-2158.800000000007
2023-10-24,3.464000000000182,4.050000000000182,1,4594.63,4604.61,0.0007539236021181644,0.000881463795779025,False,2023,173.2000000000091
2023-10-25,16.617999999999963,17.789999999999964,2,4585.74,4539.11,0.0036238426077361482,0.003879417498593458,False,2023,830.8999999999982
2023-10-26,1.742,3.5,3,4524.02,4481.43,0.000385055768984222,0.0007736482155251302,False,2023,87.1
2023-10-27,0.0,0.0,0,4498.68,4461.22,0.0,0.0,False,2023,0.0
2023-10-30,-21.606000000000435,-21.020000000000437,1,4491.14,4512.97,-0.004810805274384774,-0.004680326153270758,False,2023,-1080.3000000000218
2023-10-31,0.0,0.0,0,4518.9,4541.27,0.0,0.0,False,2023,0.0
2023-11-01,-8.935999999999455,-8.349999999999454,1,4551.24,4588.97,-0.001963420957804786,-0.0018346648385933184,False,2023,-446.7999999999727
2023-11-02,4.5340000000008,5.1200000000008,1,4629.4,4674.95,0.0009793925778720353,0.0011059748563530482,False,2023,226.70000000004
2023-11-03,-22.192000000000437,-21.020000000000437,2,4700.02,4716.73,-0.004721682035395687,-0.004472321394377137,False,2023,-1109.600000000022
2023-11-06,0.0,0.0,0,4724.82,4726.97,0.0,0.0,False,2023,0.0
2023-11-07,0.0,0.0,0,4726.43,4739.91,0.0,0.0,False,2023,0.0
2023-11-08,0.0,0.0,0,4746.11,4742.07,0.0,0.0,False,2023,0.0
2023-11-09,0.0,0.0,0,4753.39,4703.79,0.0,0.0,False,2023,0.0
2023-11-10,18.823999999999856,19.409999999999854,1,4726.16,4776.3,0.0039829375222167375,0.004106928246187149,False,2023,941.1999999999928
2023-11-13,0.0,0.0,0,4760.39,4771.18,0.0,0.0,False,2023,0.0
2023-11-14,5.344000000000291,5.930000000000291,1,4836.94,4863.08,0.0011048307400960712,0.001225981715712887,False,2023,267.20000000001454
2023-11-15,0.0,0.0,0,4877.1,4872.52,0.0,0.0,False,2023,0.0
2023-11-16,0.0,0.0,0,4865.51,4876.29,0.0,0.0,False,2023,0.0
2023-11-17,0.0,0.0,0,4875.48,4881.95,0.0,0.0,False,2023,0.0
2023-11-20,-2.7459999999998543,-2.1599999999998545,1,4877.91,4918.61,-0.00056294601581412,-0.0004428125980183838,False,2023,-137.2999999999927
2023-11-21,0.0,0.0,0,4905.4,4906.48,0.0,0.0,False,2023,0.0
2023-11-22,0.0,0.0,0,4923.19,4923.46,0.0,0.0,False,2023,0.0
2023-11-23,0.0,0.0,0,4927.23,4926.42,0.0,0.0,True,2023,0.0
2023-11-24,0.0,0.0,0,4922.92,4925.08,0.0,0.0,True,2023,0.0
2023-11-27,0.0,0.0,0,4917.53,4916.45,0.0,0.0,False,2023,0.0
2023-11-28,0.0,0.0,0,4911.06,4919.68,0.0,0.0,False,2023,0.0
2023-11-29,0.0,0.0,0,4943.4,4916.18,0.0,0.0,False,2023,0.0
2023-11-30,0.0,0.0,0,4922.92,4932.08,0.0,0.0,False,2023,0.0
2023-12-01,-4.906000000000619,-4.3200000000006185,1,4925.61,4960.65,-0.0009960187672188052,-0.0008770487310202429,False,2023,-245.30000000003093
2023-12-04,0.0,0.0,0,4922.65,4934.24,0.0,0.0,False,2023,0.0
2023-12-05,0.0,0.0,0,4918.34,4933.16,0.0,0.0,False,2023,0.0
2023-12-06,0.0,0.0,0,4956.34,4911.87,0.0,0.0,False,2023,0.0
2023-12-07,0.0,0.0,0,4933.97,4946.91,0.0,0.0,False,2023,0.0
2023-12-08,0.0,0.0,0,4938.82,4967.66,0.0,0.0,False,2023,0.0
2023-12-11,0.0,0.0,0,4961.73,4986.26,0.0,0.0,False,2023,0.0
2023-12-12,0.0,0.0,0,4981.95,5009.17,0.0,0.0,False,2023,0.0
2023-12-13,0.0,0.0,0,5011.86,5076.28,0.0,0.0,False,2023,0.0
2023-12-14,0.0,0.0,0,5095.98,5091.98,0.0,0.0,False,2023,0.0
2023-12-15,0.0,0.0,0,5084.52,5082.92,0.0,0.0,False,2023,0.0
2023-12-18,0.0,0.0,0,5099.18,5110.64,0.0,0.0,False,2023,0.0
2023-12-19,0.0,0.0,0,5115.71,5139.97,0.0,0.0,False,2023,0.0
2023-12-20,0.0,0.0,0,5129.57,5064.79,0.0,0.0,False,2023,0.0
2023-12-21,0.0,0.0,0,5098.38,5113.31,0.0,0.0,False,2023,0.0
2023-12-22,1.8139999999996363,2.399999999999636,1,5125.04,5123.97,0.0003539484569875818,0.00046828902798800323,False,2023,90.69999999998181
2023-12-26,0.0,0.0,0,5127.7,5145.03,0.0,0.0,False,2023,0.0
2023-12-27,0.0,0.0,0,5142.1,5155.43,0.0,0.0,False,2023,0.0
2023-12-28,0.0,0.0,0,5152.49,5153.56,0.0,0.0,False,2023,0.0
2023-12-29,-13.172,-12.0,2,5148.76,5138.37,-0.0025582858785416296,-0.002330658255579984,False,2023,-658.6
2024-01-02,0.0,0.0,0,5100.78,5105.58,0.0,0.0,False,2024,0.0
2024-01-03,0.0,0.0,0,5080.25,5061.86,0.0,0.0,False,2024,0.0
2024-01-04,0.0,0.0,0,5053.86,5043.46,0.0,0.0,False,2024,0.0
2024-01-05,-4.046000000000037,-3.460000000000037,1,5044.0,5049.59,-0.0008021411578112682,-0.0006859635210150747,False,2024,-202.30000000000183
2024-01-08,37.96200000000025,39.720000000000255,3,5053.59,5119.97,0.007511887588823045,0.0078597591019454,False,2024,1898.1000000000126
2024-01-09,0.0,0.0,0,5089.58,5110.91,0.0,0.0,False,2024,0.0
2024-01-10,0.0,0.0,0,5113.31,5138.9,0.0,0.0,False,2024,0.0
2024-01-11,-15.77600000000051,-15.19000000000051,1,5147.16,5134.1,-0.0030649911796020546,-0.00295114198898043,False,2024,-788.8000000000255
2024-01-12,0.0,0.0,0,5149.3,5136.23,0.0,0.0,False,2024,0.0
2024-01-15,0.0,0.0,0,5130.64,5132.77,0.0,0.0,True,2024,0.0
2024-01-16,0.0,0.0,0,5120.5,5116.77,0.0,0.0,False,2024,0.0
2024-01-17,0.0,0.0,0,5082.12,5087.45,0.0,0.0,False,2024,0.0
2024-01-18,0.0,0.0,0,5103.44,5130.1,0.0,0.0,False,2024,0.0
2024-01-19,23.134000000000256,23.720000000000255,1,5141.83,5193.81,0.004499176363279272,0.004613143569507404,False,2024,1156.7000000000128
2024-01-22,-7.256000000000073,-6.670000000000073,1,5209.81,5205.54,-0.0013927571254997923,-0.001280277015860477,False,2024,-362.80000000000365
2024-01-23,0.0,0.0,0,5209.81,5219.41,0.0,0.0,False,2024,0.0
2024-01-24,0.0,0.0,0,5250.06,5223.67,0.0,0.0,False,2024,0.0
2024-01-25,0.0,0.0,0,5245.27,5250.6,0.0,0.0,False,2024,0.0
2024-01-26,0.0,0.0,0,5244.47,5243.13,0.0,0.0,False,2024,0.0
2024-01-29,0.0,0.0,0,5245.27,5283.39,0.0,0.0,False,2024,0.0
2024-01-30,0.0,0.0,0,5274.32,5277.52,0.0,0.0,False,2024,0.0
2024-01-31,-3.5159999999993814,-2.9299999999993815,1,5252.73,5191.68,-0.0006693662152822212,-0.0005578051794018314,False,2024,-175.79999999996906
2024-02-01,-3.8420000000000725,-2.6700000000000728,2,5207.14,5256.73,-0.0007378330523089589,-0.0005127574829945176,False,2024,-192.10000000000363
2024-02-02,21.80399999999942,22.389999999999418,1,5260.19,5309.78,0.004145097420435274,0.0042565002404854994,False,2024,1090.199999999971
2024-02-05,-8.586,-8.0,1,5302.85,5290.05,-0.0016191293361117135,-0.0015086227217439678,False,2024,-429.3
2024-02-06,0.0,0.0,0,5299.65,5304.98,0.0,0.0,False,2024,0.0
2024-02-07,-8.316000000000473,-7.730000000000473,1,5328.97,5348.17,-0.0015605267059113624,-0.0014505617408243005,False,2024,-415.80000000002366
2024-02-08,0.0,0.0,0,5345.77,5349.77,0.0,0.0,False,2024,0.0
2024-02-09,0.0,0.0,0,5352.96,5378.56,0.0,0.0,False,2024,0.0
2024-02-12,0.0,0.0,0,5377.49,5375.89,0.0,0.0,False,2024,0.0
2024-02-13,0.0,0.0,0,5304.98,5301.51,0.0,0.0,False,2024,0.0
2024-02-14,0.0,0.0,0,5328.71,5347.9,0.0,0.0,False,2024,0.0
2024-02-15,0.0,0.0,0,5351.9,5381.49,0.0,0.0,False,2024,0.0
2024-02-16,-14.186000000000364,-13.600000000000364,1,5377.49,5353.5,-0.0026380337294909643,-0.002529060955947917,False,2024,-709.3000000000183
2024-02-19,0.0,0.0,0,5359.1,5357.76,0.0,0.0,True,2024,0.0
2024-02-20,-15.832000000000765,-14.660000000000764,2,5333.5,5323.64,-0.0029684072372739784,-0.0027486641042468855,False,2024,-791.6000000000382
2024-02-21,0.0,0.0,0,5308.18,5327.11,0.0,0.0,False,2024,0.0
2024-02-22,13.748000000000982,14.920000000000982,2,5398.02,5435.6,0.0025468597745100944,0.002763976420984172,False,2024,687.4000000000491
2024-02-23,0.0,0.0,0,5453.47,5438.0,0.0,0.0,False,2024,0.0
2024-02-26,0.0,0.0,0,5442.27,5416.94,0.0,0.0,False,2024,0.0
2024-02-27,0.0,0.0,0,5423.88,5426.01,0.0,0.0,False,2024,0.0
2024-02-28,0.0,0.0,0,5408.68,5418.54,0.0,0.0,False,2024,0.0
2024-02-29,0.0,0.0,0,5436.14,5434.81,0.0,0.0,False,2024,0.0
2024-03-01,26.073999999999856,26.659999999999854,1,5444.4,5486.26,0.0047891411358459805,0.00489677466754828,False,2024,1303.6999999999928
2024-03-04,0.0,0.0,0,5476.39,5478.52,0.0,0.0,False,2024,0.0
2024-03-05,7.088000000001128,8.260000000001128,2,5455.86,5423.08,0.0012991535706563455,0.0015139684669330093,False,2024,354.4000000000564
2024-03-06,0.0,0.0,0,5458.8,5451.07,0.0,0.0,False,2024,0.0
2024-03-07,0.0,0.0,0,5484.12,5501.98,0.0,0.0,False,2024,0.0
2024-03-08,-24.892000000000255,-23.720000000000255,2,5507.58,5468.39,-0.004519589365928458,-0.004306791730669415,False,2024,-1244.6000000000129
2024-03-11,-12.846000000000219,-12.260000000000218,1,5453.47,5462.53,-0.0023555644387885546,-0.0022481099190057373,False,2024,-642.300000000011
2024-03-12,-0.04599999999912685,0.5400000000008731,1,5484.92,5520.64,-8.386630980784926e-06,9.845175499385098e-05,False,2024,-2.2999999999563423
2024-03-13,0.0,0.0,0,5523.04,5511.31,0.0,0.0,False,2024,0.0
2024-03-14,-29.147999999999417,-27.389999999999418,3,5519.01,5498.21,-0.005281381986986691,-0.004962846597487487,False,2024,-1457.3999999999708
2024-03-15,0.0,0.0,0,5462.14,5458.71,0.0,0.0,False,2024,0.0
2024-03-18,0.0,0.0,0,5503.74,5492.94,0.0,0.0,False,2024,0.0
2024-03-19,0.0,0.0,0,5482.94,5521.65,0.0,0.0,False,2024,0.0
2024-03-20,0.0,0.0,0,5520.07,5569.3,0.0,0.0,False,2024,0.0
2024-03-21,0.0,0.0,0,5598.01,5585.1,0.0,0.0,False,2024,0.0
2024-03-22,0.0,0.0,0,5583.52,5573.78,0.0,0.0,False,2024,0.0
2024-03-25,0.0,0.0,0,5557.72,5557.98,0.0,0.0,False,2024,0.0
2024-03-26,0.0,0.0,0,5571.67,5546.4,0.0,0.0,False,2024,0.0
2024-03-27,0.0,0.0,0,5574.83,5593.0,0.0,0.0,False,2024,0.0
2024-03-28,0.0,0.0,0,5592.21,5587.74,0.0,0.0,False,2024,0.0
2024-04-01,-10.065999999999564,-9.479999999999563,1,5594.58,5576.15,-0.0017992414086490075,-0.001694497174050521,False,2024,-503.2999999999782
2024-04-02,0.0,0.0,0,5532.97,5541.13,0.0,0.0,False,2024,0.0
2024-04-03,-2.6959999999996724,-2.1099999999996726,1,5527.17,5545.61,-0.00048777222339817163,-0.00038175051608683514,False,2024,-134.7999999999836
2024-04-04,0.0,0.0,0,5587.74,5474.25,0.0,0.0,False,2024,0.0
2024-04-05,-2.492000000000618,-1.3200000000006182,2,5488.47,5530.86,-0.0004540427477968574,-0.00024050418422631774,False,2024,-124.6000000000309
2024-04-08,0.0,0.0,0,5538.5,5534.02,0.0,0.0,False,2024,0.0
2024-04-09,-48.052000000000106,-46.88000000000011,2,5552.45,5540.08,-0.00865419769651237,-0.008443119703914509,False,2024,-2402.6000000000054
2024-04-10,0.0,0.0,0,5476.62,5482.41,0.0,0.0,False,2024,0.0
2024-04-11,-7.955999999999891,-7.369999999999891,1,5496.63,5521.65,-0.0014474323358130148,-0.0013408215579363883,False,2024,-397.79999999999455
2024-04-12,-3.812000000000327,-2.6400000000003274,2,5481.36,5442.92,-0.0006954478450604097,-0.0004816322956347198,False,2024,-190.60000000001637
2024-04-15,0.0,0.0,0,5488.73,5374.98,0.0,0.0,False,2024,0.0
2024-04-16,-0.06599999999956341,0.5200000000004366,1,5378.93,5363.13,-1.227009832802498e-05,9.66735019790993e-05,False,2024,-3.29999999997817
2024-04-17,12.313999999999636,12.899999999999636,1,5389.99,5330.22,0.002284605351772385,0.0023933254050563426,False,2024,615.6999999999817
2024-04-18,0.0,0.0,0,5343.91,5317.05,0.0,0.0,False,2024,0.0
2024-04-19,20.4740000000004,21.0600000000004,1,5316.0,5269.66,0.00385139202407833,0.0039616252821671185,False,2024,1023.70000000002
2024-04-22,0.0,0.0,0,5298.09,5317.32,0.0,0.0,False,2024,0.0
2024-04-23,26.004000000000147,26.590000000000146,1,5339.43,5379.72,0.004870182772318421,0.004979932314872588,False,2024,1300.2000000000073
2024-04-24,-4.2759999999996,-3.6899999999996003,1,5389.2,5377.09,-0.0007934387293103986,-0.0006847027388108811,False,2024,-213.79999999998
2024-04-25,-15.336,-14.75,1,5307.84,5353.39,-0.0028893109061313075,-0.002778908181105685,False,2024,-766.8000000000001
2024-04-26,2.834000000000073,3.4200000000000728,1,5383.14,5402.63,0.000526458535352986,0.0006353169339827819,False,2024,141.70000000000366
2024-04-29,0.0,0.0,0,5421.32,5421.32,0.0,0.0,False,2024,0.0
2024-04-30,32.26800000000051,33.44000000000051,2,5404.21,5334.69,0.005970900464637849,0.00618776842498728,False,2024,1613.4000000000256
2024-05-01,0.0,0.0,0,5327.32,5314.68,0.0,0.0,False,2024,0.0
2024-05-02,0.0,0.0,0,5353.92,5362.87,0.0,0.0,False,2024,0.0
2024-05-03,0.0,0.0,0,5427.64,5428.7,0.0,0.0,False,2024,0.0
2024-05-06,0.0,0.0,0,5454.24,5484.26,0.0,0.0,False,2024,0.0
2024-05-07,0.0,0.0,0,5494.0,5489.78,0.0,0.0,False,2024,0.0
2024-05-08,0.0,0.0,0,5468.72,5489.26,0.0,0.0,False,2024,0.0
2024-05-09,-9.796000000000037,-9.210000000000036,1,5488.73,5518.22,-0.001784748020033785,-0.0016779837958872156,False,2024,-489.80000000000183
2024-05-10,0.0,0.0,0,5535.34,5524.54,0.0,0.0,False,2024,0.0
2024-05-13,0.0,0.0,0,5542.18,5524.81,0.0,0.0,False,2024,0.0
2024-05-14,0.0,0.0,0,5526.12,5549.03,0.0,0.0,False,2024,0.0
2024-05-15,17.584000000000074,18.170000000000073,1,5575.36,5617.49,0.003153877059059877,0.0032589823796131683,False,2024,879.2000000000037
2024-05-16,0.0,0.0,0,5616.17,5603.27,0.0,0.0,False,2024,0.0
2024-05-17,0.0,0.0,0,5604.06,5611.43,0.0,0.0,False,2024,0.0
2024-05-20,0.46400000000018193,1.050000000000182,1,5611.7,5617.23,8.268439153913823e-05,0.00018710907568119856,False,2024,23.200000000009098
2024-05-21,0.0,0.0,0,5608.01,5630.66,0.0,0.0,False,2024,0.0
2024-05-22,0.0,0.0,0,5622.23,5613.01,0.0,0.0,False,2024,0.0
2024-05-23,0.0,0.0,0,5642.77,5567.72,0.0,0.0,False,2024,0.0
2024-05-24,0.0,0.0,0,5586.95,5605.12,0.0,0.0,False,2024,0.0
2024-05-27,0.0,0.0,0,5603.54,5618.02,0.0,0.0,True,2024,0.0
2024-05-28,0.0,0.0,0,5612.22,5609.06,0.0,0.0,False,2024,0.0
2024-05-29,0.0,0.0,0,5563.25,5569.04,0.0,0.0,False,2024,0.0
2024-05-30,0.0,0.0,0,5550.35,5531.12,0.0,0.0,False,2024,0.0
2024-05-31,-67.72599999999942,-67.13999999999942,1,5537.71,5578.78,-0.012229965093874438,-0.012124145179144343,False,2024,-3386.2999999999706
2024-06-03,-41.40599999999971,-40.81999999999971,1,5595.11,5581.42,-0.007400390698306148,-0.007295656385665288,False,2024,-2070.299999999985
2024-06-04,0.0,0.0,0,5566.67,5586.42,0.0,0.0,False,2024,0.0
2024-06-05,0.0,0.0,0,5611.17,5652.25,0.0,0.0,False,2024,0.0
2024-06-06,0.0,0.0,0,5655.14,5650.93,0.0,0.0,False,2024,0.0
2024-06-07,0.0,0.0,0,5637.5,5641.19,0.0,0.0,False,2024,0.0
2024-06-10,0.0,0.0,0,5631.97,5658.83,0.0,0.0,False,2024,0.0
2024-06-11,-10.855999999999527,-10.269999999999527,1,5640.66,5670.68,-0.0019245974761817814,-0.0018207089241329077,False,2024,-542.7999999999764
2024-06-12,3.884000000000255,4.470000000000255,1,5719.13,5715.71,0.0006791242723981191,0.0007815874092738326,False,2024,194.20000000001275
2024-06-13,0.0,0.0,0,5734.14,5725.98,0.0,0.0,False,2024,0.0
2024-06-14,0.0,0.0,0,5707.04,5726.81,0.0,0.0,False,2024,0.0
2024-06-17,18.403999999999783,18.98999999999978,1,5719.27,5773.91,0.0032178931926626617,0.0033203538213792635,False,2024,920.1999999999891
2024-06-18,0.0,0.0,0,5773.91,5788.48,0.0,0.0,False,2024,0.0
2024-06-19,0.0,0.0,0,5792.91,5788.74,0.0,0.0,True,2024,0.0
2024-06-20,0.0,0.0,0,5797.59,5771.31,0.0,0.0,False,2024,0.0
2024-06-21,0.0,0.0,0,5760.12,5755.96,0.0,0.0,False,2024,0.0
2024-06-24,-2.405999999999709,-1.819999999999709,1,5756.74,5739.82,-0.00041794487852494795,-0.00031615115499392175,False,2024,-120.29999999998545
2024-06-25,0.0,0.0,0,5752.84,5761.16,0.0,0.0,False,2024,0.0
2024-06-26,0.0,0.0,0,5748.41,5767.67,0.0,0.0,False,2024,0.0
2024-06-27,0.0,0.0,0,5764.8,5774.43,0.0,0.0,False,2024,0.0
2024-06-28,-10.476000000000328,-9.890000000000327,1,5779.38,5748.67,-0.0018126511840370987,-0.0017112562247162027,False,2024,-523.8000000000164
2024-07-01,0.0,0.0,0,5762.98,5759.6,0.0,0.0,False,2024,0.0
2024-07-02,0.0,0.0,0,5741.13,5796.81,0.0,0.0,False,2024,0.0
2024-07-03,0.0,0.0,0,5791.35,5819.19,0.0,0.0,True,2024,0.0
2024-07-04,0.0,0.0,0,5823.61,5816.58,0.0,0.0,True,2024,0.0
2024-07-05,0.0,0.0,0,5820.49,5851.45,0.0,0.0,False,2024,0.0
2024-07-08,0.0,0.0,0,5858.74,5857.18,0.0,0.0,False,2024,0.0
2024-07-09,0.0,0.0,0,5866.02,5861.6,0.0,0.0,False,2024,0.0
2024-07-10,0.0,0.0,0,5873.57,5918.32,0.0,0.0,False,2024,0.0
2024-07-11,34.5439999999992,35.1299999999992,1,5918.58,5866.02,0.005836535114841601,0.005935545350404861,False,2024,1727.19999999996
2024-07-12,11.124000000000036,11.710000000000036,1,5876.43,5901.67,0.0018929860476513862,0.001992706456130684,False,2024,556.2000000000018
2024-07-15,0.0,0.0,0,5922.75,5917.54,0.0,0.0,False,2024,0.0
2024-07-16,0.0,0.0,0,5930.81,5951.11,0.0,0.0,False,2024,0.0
2024-07-17,0.0,0.0,0,5886.06,5867.32,0.0,0.0,False,2024,0.0
2024-07-18,10.604000000000509,11.19000000000051,1,5882.42,5821.53,0.0018026594496823602,0.0019022783140273066,False,2024,530.2000000000254
2024-07-19,-12.3619999999996,-11.1899999999996,2,5815.28,5780.42,-0.0021257789822673374,-0.0019242409651813155,False,2024,-618.09999999998
2024-07-22,0.0,0.0,0,5821.79,5838.44,0.0,0.0,False,2024,0.0
2024-07-23,0.0,0.0,0,5836.36,5827.25,0.0,0.0,False,2024,0.0
2024-07-24,56.914,57.5,1,5774.95,5695.07,0.009855323422713617,0.00995679616273734,False,2024,2845.7000000000003
2024-07-25,-67.51200000000014,-66.34000000000015,2,5695.07,5663.33,-0.011854463597462393,-0.01164867157032313,False,2024,-3375.600000000007
2024-07-26,-5.796000000000037,-5.210000000000036,1,5702.1,5723.69,-0.0010164676171936719,-0.0009136984619701577,False,2024,-289.80000000000183
2024-07-29,0.0,0.0,0,5739.3,5727.6,0.0,0.0,False,2024,0.0
2024-07-30,1.2340000000006186,1.8200000000006185,1,5741.39,5696.11,0.0002149305307600805,0.00031699640679358455,False,2024,61.70000000003093
2024-07-31,0.0,0.0,0,5769.49,5783.28,0.0,0.0,False,2024,0.0
2024-08-01,2.7180000000003277,3.8900000000003274,2,5805.66,5704.44,0.0004681638263350468,0.0006700357926575665,False,2024,135.90000000001638
2024-08-02,10.992,12.75,3,5625.08,5595.67,0.001954105541610075,0.0022666344300881053,False,2024,549.6
2024-08-05,0.0,0.0,0,5370.08,5432.0,0.0,0.0,False,2024,0.0
2024-08-06,1.6879999999996727,2.8599999999996726,2,5448.92,5479.62,0.0003097861594590621,0.000524874654059827,False,2024,84.39999999998363
2024-08-07,-24.5259999999996,-23.9399999999996,1,5545.19,5442.15,-0.0044229323070985125,-0.004317255134630121,False,2024,-1226.29999999998
2024-08-08,28.033999999999892,28.61999999999989,1,5496.27,5566.53,0.005100550009369971,0.005207167770142276,False,2024,1401.6999999999946
2024-08-09,0.0,0.0,0,5555.34,5587.61,0.0,0.0,False,2024,0.0
2024-08-12,-29.995999999999853,-29.409999999999854,1,5600.62,5590.99,-0.005355835603915254,-0.0052512043309490474,False,2024,-1499.7999999999927
2024-08-13,19.64799999999971,20.81999999999971,2,5624.03,5681.54,0.0034935802262789687,0.003701971717789505,False,2024,982.3999999999854
2024-08-14,0.0,0.0,0,5689.61,5698.71,0.0,0.0,False,2024,0.0
2024-08-15,-7.096000000000219,-6.510000000000218,1,5758.3,5796.29,-0.0012323081465016096,-0.001130542000243165,False,2024,-354.8000000000109
2024-08-16,0.0,0.0,0,5775.99,5805.92,0.0,0.0,False,2024,0.0
2024-08-19,0.0,0.0,0,5810.08,5860.82,0.0,0.0,False,2024,0.0
2024-08-20,0.0,0.0,0,5855.62,5850.41,0.0,0.0,False,2024,0.0
2024-08-21,0.0,0.0,0,5861.08,5870.45,0.0,0.0,False,2024,0.0
2024-08-22,-21.1460000000004,-20.5600000000004,1,5889.7,5823.61,-0.0035903356707473045,-0.0034908399409138667,False,2024,-1057.30000000002
2024-08-23,-23.485999999999635,-22.899999999999636,1,5855.62,5881.9,-0.0040108476984503155,-0.003910772898514527,False,2024,-1174.2999999999818
2024-08-26,0.0,0.0,0,5892.04,5867.32,0.0,0.0,False,2024,0.0
2024-08-27,0.0,0.0,0,5852.75,5874.09,0.0,0.0,False,2024,0.0
2024-08-28,-2.665999999999927,-2.0799999999999272,1,5870.19,5840.52,-0.00045415906469806384,-0.00035433265362789406,False,2024,-133.29999999999634
2024-08-29,0.0,0.0,0,5860.3,5839.22,0.0,0.0,False,2024,0.0
2024-08-30,0.0,0.0,0,5861.08,5889.18,0.0,0.0,False,2024,0.0
2024-09-02,0.0,0.0,0,5887.88,5896.21,0.0,0.0,True,2024,0.0
2024-09-03,71.2240000000004,71.8100000000004,1,5855.88,5769.49,0.012162817544075425,0.012262887900708416,False,2024,3561.2000000000203
2024-09-04,0.0,0.0,0,5748.15,5753.62,0.0,0.0,False,2024,0.0
2024-09-05,-35.001999999999924,-33.82999999999993,2,5753.88,5740.09,-0.006083199510591101,-0.005879510869187388,False,2024,-1750.0999999999963
2024-09-06,77.73400000000062,78.32000000000062,1,5740.61,5641.73,0.013541069677264372,0.01364314942140306,False,2024,3886.700000000031
2024-09-09,0.0,0.0,0,5684.92,5703.14,0.0,0.0,False,2024,0.0
2024-09-10,0.0,0.0,0,5722.65,5726.55,0.0,0.0,False,2024,0.0
2024-09-11,-23.031999999999673,-21.859999999999673,2,5724.99,5783.54,-0.004023063795744564,-0.0038183472809558924,False,2024,-1151.5999999999838
2024-09-12,0.0,0.0,0,5789.78,5832.2,0.0,0.0,False,2024,0.0
2024-09-13,0.0,0.0,0,5836.62,5859.78,0.0,0.0,False,2024,0.0
2024-09-16,0.0,0.0,0,5861.29,5873.4,0.0,0.0,False,2024,0.0
2024-09-17,0.0,0.0,0,5895.55,5874.94,0.0,0.0,False,2024,0.0
2024-09-18,0.0,0.0,0,5880.35,5853.05,0.0,0.0,False,2024,0.0
2024-09-19,0.0,0.0,0,5953.5,5953.25,0.0,0.0,False,2024,0.0
2024-09-20,0.0,0.0,0,5935.22,5937.79,0.0,0.0,False,2024,0.0
2024-09-23,0.0,0.0,0,5949.64,5951.44,0.0,0.0,False,2024,0.0
2024-09-24,0.0,0.0,0,5959.69,5968.7,0.0,0.0,False,2024,0.0
2024-09-25,0.0,0.0,0,5966.13,5954.79,0.0,0.0,False,2024,0.0
2024-09-26,0.0,0.0,0,6000.38,5979.01,0.0,0.0,False,2024,0.0
2024-09-27,0.0,0.0,0,5987.76,5966.64,0.0,0.0,False,2024,0.0
2024-09-30,0.0,0.0,0,5955.57,5992.4,0.0,0.0,False,2024,0.0
2024-10-01,7.067999999999782,8.239999999999782,2,5984.67,5935.22,0.0011810174997117272,0.001376851188118941,False,2024,353.3999999999891
2024-10-02,0.0,0.0,0,5924.14,5935.47,0.0,0.0,False,2024,0.0
2024-10-03,0.0,0.0,0,5918.73,5923.37,0.0,0.0,False,2024,0.0
2024-10-04,0.0,0.0,0,5969.22,5975.66,0.0,0.0,False,2024,0.0
2024-10-07,0.0,0.0,0,5957.11,5921.31,0.0,0.0,False,2024,0.0
2024-10-08,0.0,0.0,0,5947.58,5976.69,0.0,0.0,False,2024,0.0
2024-10-09,-7.535999999999818,-6.949999999999818,1,5975.4,6016.87,-0.0012611708002811224,-0.0011631020517454595,False,2024,-376.7999999999909
2024-10-10,0.0,0.0,0,6002.19,6005.54,0.0,0.0,False,2024,0.0
2024-10-11,-16.632000000000037,-15.460000000000036,2,6000.9,6037.22,-0.0027715842623606524,-0.002576280224632978,False,2024,-831.6000000000018
2024-10-14,-5.475999999999418,-4.889999999999418,1,6054.73,6088.48,-0.0009044168773833712,-0.0008076330406144317,False,2024,-273.7999999999709
2024-10-15,0.0,0.0,0,6090.28,6040.83,0.0,0.0,False,2024,0.0
2024-10-16,0.0,0.0,0,6039.54,6064.52,0.0,0.0,False,2024,0.0
2024-10-17,0.0,0.0,0,6102.64,6064.78,0.0,0.0,False,2024,0.0
2024-10-18,0.0,0.0,0,6080.49,6085.39,0.0,0.0,False,2024,0.0
2024-10-21,-16.296000000000035,-15.710000000000035,1,6077.4,6075.86,-0.002681409813407055,-0.002584987001020179,False,2024,-814.8000000000018
2024-10-22,0.0,0.0,0,6047.26,6071.22,0.0,0.0,False,2024,0.0
2024-10-23,0.0,0.0,0,6048.3,6014.29,0.0,0.0,False,2024,0.0
2024-10-24,0.0,0.0,0,6034.64,6026.4,0.0,0.0,False,2024,0.0
2024-10-25,0.9539999999999637,1.5399999999999636,1,6048.04,6022.79,0.00015773705200361831,0.00025462794558236447,False,2024,47.699999999998184
2024-10-28,0.0,0.0,0,6058.08,6040.57,0.0,0.0,False,2024,0.0
2024-10-29,0.0,0.0,0,6029.49,6049.84,0.0,0.0,False,2024,0.0
2024-10-30,0.0,0.0,0,6044.17,6030.52,0.0,0.0,False,2024,0.0
2024-10-31,53.50400000000015,54.090000000000146,1,5983.38,5909.46,0.008942102958528481,0.009040040913329947,False,2024,2675.2000000000075
2024-11-01,4.054000000000327,4.640000000000327,1,5935.47,5931.35,0.0006830124657357087,0.0007817409573294663,False,2024,202.70000000001636
2024-11-04,0.0,0.0,0,5932.38,5918.47,0.0,0.0,False,2024,0.0
2024-11-05,26.9740000000004,27.5600000000004,1,5927.49,5989.31,0.004550661409804218,0.0046495228165716685,False,2024,1348.70000000002
2024-11-06,0.0,0.0,0,6119.13,6138.19,0.0,0.0,False,2024,0.0
2024-11-07,0.0,0.0,0,6158.28,6184.56,0.0,0.0,False,2024,0.0
2024-11-08,0.0,0.0,0,6186.87,6209.8,0.0,0.0,False,2024,0.0
2024-11-11,0.0,0.0,0,6225.25,6215.21,0.0,0.0,False,2024,0.0
2024-11-12,-23.51599999999938,-22.92999999999938,1,6213.41,6194.86,-0.0037847172486604585,-0.0036904051076621985,False,2024,-1175.799999999969
2024-11-13,0.0,0.0,0,6198.47,6198.21,0.0,0.0,False,2024,0.0
2024-11-14,0.0,0.0,0,6197.69,6158.03,0.0,0.0,False,2024,0.0
2024-11-15,-6.321999999999636,-5.149999999999636,2,6116.81,6075.86,-0.0010335452629719798,-0.0008419421234270209,False,2024,-316.0999999999818
2024-11-18,0.0,0.0,0,6079.2,6099.81,0.0,0.0,False,2024,0.0
2024-11-19,0.0,0.0,0,6062.2,6119.13,0.0,0.0,False,2024,0.0
2024-11-20,-10.701999999999746,-9.529999999999745,2,6118.87,6119.39,-0.0017490157496400064,-0.0015574771158726605,False,2024,-535.0999999999873
2024-11-21,-42.05600000000025,-41.470000000000255,1,6148.75,6151.07,-0.006839764179711365,-0.006744460256149666,False,2024,-2102.8000000000125
2024-11-22,-23.76599999999938,-23.17999999999938,1,6149.27,6167.56,-0.0038648489983362866,-0.0037695531339491323,False,2024,-1188.299999999969
2024-11-25,0.0,0.0,0,6209.54,6187.9,0.0,0.0,False,2024,0.0
2024-11-26,0.0,0.0,0,6201.04,6220.1,0.0,0.0,False,2024,0.0
2024-11-27,0.0,0.0,0,6215.98,6198.21,0.0,0.0,False,2024,0.0
2024-11-28,0.0,0.0,0,6207.74,6212.63,0.0,0.0,True,2024,0.0
2024-11-29,0.0,0.0,0,6204.13,6235.04,0.0,0.0,True,2024,0.0
2024-12-02,0.0,0.0,0,6238.91,6245.86,0.0,0.0,False,2024,0.0
2024-12-03,0.0,0.0,0,6242.25,6246.63,0.0,0.0,False,2024,0.0
2024-12-04,0.0,0.0,0,6264.41,6283.98,0.0,0.0,False,2024,0.0
2024-12-05,0.0,0.0,0,6283.73,6273.42,0.0,0.0,False,2024,0.0
2024-12-06,0.0,0.0,0,6279.35,6283.47,0.0,0.0,False,2024,0.0
2024-12-09,0.0,0.0,0,6280.89,6249.72,0.0,0.0,False,2024,0.0
2024-12-10,0.0,0.0,0,6255.91,6231.18,0.0,0.0,False,2024,0.0
2024-12-11,0.0,0.0,0,6259.77,6277.03,0.0,0.0,False,2024,0.0
2024-12-12,0.0,0.0,0,6266.73,6243.54,0.0,0.0,False,2024,0.0
2024-12-13,0.0,0.0,0,6261.57,6239.42,0.0,0.0,False,2024,0.0
2024-12-16,0.0,0.0,0,6253.61,6264.05,0.0,0.0,False,2024,0.0
2024-12-17,0.0,0.0,0,6236.82,6237.07,0.0,0.0,False,2024,0.0
2024-12-18,0.0,0.0,0,6233.26,6045.47,0.0,0.0,False,2024,0.0
2024-12-19,0.0,0.0,0,6095.6,6040.12,0.0,0.0,False,2024,0.0
2024-12-20,42.93400000000044,43.52000000000044,1,6012.64,6109.34,0.00714062375262787,0.0072380851007212196,False,2024,2146.700000000022
2024-12-23,0.0,0.0,0,6105.77,6144.45,0.0,0.0,False,2024,0.0
2024-12-24,7.978000000000546,9.150000000000546,2,6155.9,6207.81,0.0012959924625157242,0.0014863789210351932,True,2024,398.9000000000273
2024-12-26,0.0,0.0,0,6187.71,6203.49,0.0,0.0,False,2024,0.0
2024-12-27,-21.95599999999989,-21.36999999999989,1,6160.48,6136.05,-0.0035640079993766545,-0.003468885541386368,False,2024,-1097.7999999999945
2024-12-30,-18.905999999999707,-18.31999999999971,1,6061.5,6064.3,-0.003119029943083347,-0.0030223542027550455,False,2024,-945.2999999999854
2024-12-31,0.0,0.0,0,6079.06,6040.89,0.0,0.0,False,2024,0.0
2025-01-02,-18.905999999999707,-18.31999999999971,1,6074.22,6022.82,-0.0031124983948555875,-0.0030160251028115066,False,2025,-945.2999999999854
2025-01-03,0.0,0.0,0,6051.06,6094.83,0.0,0.0,False,2025,0.0
2025-01-06,-0.41200000000069115,0.7599999999993088,2,6140.38,6129.95,-6.709682462660147e-05,0.0001237708415438961,False,2025,-20.60000000003456
2025-01-07,18.504000000000147,19.090000000000146,1,6149.8,6061.24,0.0030088783375069347,0.0031041659891378817,False,2025,925.2000000000073
2025-01-08,0.0,0.0,0,6060.23,6065.31,0.0,0.0,False,2025,0.0
2025-01-10,23.00800000000029,24.18000000000029,2,6026.38,5971.16,0.003817880717777553,0.004012358994952242,False,2025,1150.4000000000144
2025-01-13,0.0,0.0,0,5921.29,5980.07,0.0,0.0,False,2025,0.0
2025-01-14,0.0,0.0,0,6008.06,5986.94,0.0,0.0,False,2025,0.0
2025-01-15,3.9939999999999274,4.579999999999927,1,6071.17,6095.34,0.0006578633113551304,0.000754385069105284,False,2025,199.69999999999638
2025-01-16,0.0,0.0,0,6108.83,6082.87,0.0,0.0,False,2025,0.0
2025-01-17,0.0,0.0,0,6134.27,6140.63,0.0,0.0,False,2025,0.0
2025-01-20,0.0,0.0,0,6172.44,6163.28,0.0,0.0,True,2025,0.0
2025-01-21,0.0,0.0,0,6171.93,6195.09,0.0,0.0,False,2025,0.0
2025-01-22,0.0,0.0,0,6225.37,6229.44,0.0,0.0,False,2025,0.0
2025-01-23,0.0,0.0,0,6222.57,6263.28,0.0,0.0,False,2025,0.0
2025-01-24,0.0,0.0,0,6261.76,6242.16,0.0,0.0,False,2025,0.0
2025-01-27,0.0,0.0,0,6105.01,6154.63,0.0,0.0,False,2025,0.0
2025-01-28,0.0,0.0,0,6165.57,6204.76,0.0,0.0,False,2025,0.0
2025-01-29,0.0,0.0,0,6195.85,6176.51,0.0,0.0,False,2025,0.0
2025-01-30,0.0,0.0,0,6198.14,6208.07,0.0,0.0,False,2025,0.0
2025-01-31,0.0,0.0,0,6231.73,6172.95,0.0,0.0,False,2025,0.0
2025-02-03,0.0,0.0,0,6078.8,6130.46,0.0,0.0,False,2025,0.0
2025-02-04,-25.35200000000029,-24.18000000000029,2,6130.97,6170.66,-0.004135071611833086,-0.0039439109961393205,False,2025,-1267.6000000000147
2025-02-05,0.0,0.0,0,6158.96,6194.58,0.0,0.0,False,2025,0.0
2025-02-06,0.0,0.0,0,6212.65,6215.95,0.0,0.0,False,2025,0.0
2025-02-07,26.393999999999565,26.979999999999563,1,6219.52,6157.17,0.004243735850998078,0.004337955340604992,False,2025,1319.6999999999782
2025-02-10,0.0,0.0,0,6189.24,6196.87,0.0,0.0,False,2025,0.0
2025-02-11,0.0,0.0,0,6173.21,6201.2,0.0,0.0,False,2025,0.0
2025-02-12,0.0,0.0,0,6138.34,6181.09,0.0,0.0,False,2025,0.0
2025-02-13,0.0,0.0,0,6192.04,6244.71,0.0,0.0,False,2025,0.0
2025-02-14,0.0,0.0,0,6243.95,6241.15,0.0,0.0,False,2025,0.0
2025-02-17,0.0,0.0,0,6253.36,6255.65,0.0,0.0,True,2025,0.0
2025-02-18,0.0,0.0,0,6252.85,6257.69,0.0,0.0,False,2025,0.0
2025-02-19,0.0,0.0,0,6243.69,6272.95,0.0,0.0,False,2025,0.0
2025-02-20,-30.17199999999909,-28.99999999999909,2,6258.2,6246.74,-0.00482119459269424,-0.004633920296570754,False,2025,-1508.5999999999547
2025-02-21,85.92400000000022,86.51000000000022,1,6241.91,6137.84,0.013765658268062215,0.013859539788302013,False,2025,4296.200000000011
2025-02-24,0.0,0.0,0,6157.94,6109.34,0.0,0.0,False,2025,0.0
2025-02-25,2.8219999999999272,4.579999999999927,3,6107.55,6077.02,0.0004620510679404879,0.000749891527699311,False,2025,141.09999999999636
2025-02-26,-0.4019999999995634,0.7700000000004366,2,6094.07,6078.55,-6.596576672069133e-05,0.00012635233924133404,False,2025,-20.09999999997817
2025-02-27,-31.375999999999962,-30.789999999999964,1,6102.47,5982.36,-0.005141524661325654,-0.005045497970493909,False,2025,-1568.7999999999981
2025-02-28,-23.736000000000544,-23.150000000000546,1,5984.65,6070.4,-0.003966146725372502,-0.00386822955394226,False,2025,-1186.8000000000272
2025-03-03,0.0,0.0,0,6091.52,5967.35,0.0,0.0,False,2025,0.0
2025-03-04,-22.5519999999992,-21.3799999999992,2,5922.82,5894.06,-0.003807645682293097,-0.0036097669691125514,False,2025,-1127.5999999999601
2025-03-05,22.564000000000547,23.150000000000546,1,5891.26,5955.13,0.0038300804921189264,0.003929549875578492,False,2025,1128.2000000000273
2025-03-06,0.0,0.0,0,5876.76,5850.3,0.0,0.0,False,2025,0.0
2025-03-07,-4.655999999999709,-4.069999999999709,1,5828.41,5878.03,-0.000798845654303611,-0.0006983036539982103,False,2025,-232.79999999998546
2025-03-10,17.148000000000618,18.32000000000062,2,5792.79,5723.83,0.002960231598245512,0.003162552069037652,False,2025,857.4000000000309
2025-03-11,-15.172,-14.0,2,5709.07,5674.72,-0.00265752565654301,-0.0024522382804905178,False,2025,-758.6
2025-03-12,0.0,0.0,0,5736.04,5702.71,0.0,0.0,False,2025,0.0
2025-03-13,5.447999999999891,6.619999999999891,2,5697.87,5626.88,0.0009561467706353236,0.001161837669164072,False,2025,272.3999999999946
2025-03-14,15.968000000000327,17.140000000000327,2,5671.39,5738.71,0.0028155355212743836,0.0030221868007667125,False,2025,798.4000000000163
2025-03-17,-11.426000000000146,-10.840000000000146,1,5737.95,5781.83,-0.0019913035143213423,-0.0018891764480346023,False,2025,-571.3000000000073
2025-03-18,-12.762000000001056,-11.590000000001055,2,5757.62,5720.3,-0.002216540862370399,-0.002012984531803255,False,2025,-638.1000000000528
2025-03-19,0.0,0.0,0,5736.44,5779.81,0.0,0.0,False,2025,0.0
2025-03-20,0.0,0.0,0,5740.73,5763.42,0.0,0.0,False,2025,0.0
2025-03-21,0.0,0.0,0,5712.49,5763.42,0.0,0.0,False,2025,0.0
2025-03-24,3.4439999999997455,4.029999999999745,1,5832.0,5863.27,0.0005905349794238247,0.0006910150891631937,False,2025,172.19999999998728
2025-03-25,0.0,0.0,0,5875.87,5875.87,0.0,0.0,False,2025,0.0
2025-03-26,19.594000000000293,20.18000000000029,1,5873.86,5807.54,0.00333579622258622,0.0034355602619061897,False,2025,979.7000000000146
2025-03-27,0.0,0.0,0,5791.91,5789.64,0.0,0.0,False,2025,0.0
2025-03-28,38.24399999999993,38.82999999999993,1,5772.5,5672.65,0.00662520571676049,0.006726721524469455,False,2025,1912.1999999999964
2025-03-31,0.0,0.0,0,5611.13,5704.67,0.0,0.0,False,2025,0.0
2025-04-01,0.0,0.0,0,5687.02,5723.33,0.0,0.0,False,2025,0.0
2025-04-02,-12.435999999999455,-11.849999999999454,1,5661.05,5758.88,-0.0021967656176856685,-0.002093251251976127,False,2025,-621.7999999999728
2025-04-03,-34.87599999999996,-34.289999999999964,1,5559.19,5482.54,-0.006273575826694171,-0.006168164786596602,False,2025,-1743.7999999999981
2025-04-04,108.59400000000029,109.18000000000029,1,5337.3,5152.23,0.020346242482153953,0.020456035823356433,False,2025,5429.700000000014
2025-04-07,0.0,0.0,0,4984.05,5142.4,0.0,0.0,False,2025,0.0
2025-04-08,0.0,0.0,0,5317.13,5060.45,0.0,0.0,False,2025,0.0
2025-04-09,420.907999999999,422.079999999999,2,5025.41,5536.49,0.08375595225066193,0.08398916705303627,False,2025,21045.39999999995
2025-04-10,44.03399999999989,44.61999999999989,1,5421.52,5344.62,0.008122076465640612,0.008230164234384432,False,2025,2201.699999999995
2025-04-11,19.584000000000074,20.170000000000073,1,5326.46,5436.14,0.003676738396608643,0.003786755180739191,False,2025,979.2000000000037
2025-04-14,0.0,0.0,0,5540.28,5489.09,0.0,0.0,False,2025,0.0
2025-04-15,0.0,0.0,0,5495.9,5474.22,0.0,0.0,False,2025,0.0
2025-04-16,0.0,0.0,0,5413.2,5350.67,0.0,0.0,False,2025,0.0
2025-04-17,0.0,0.0,0,5368.32,5356.21,0.0,0.0,False,2025,0.0
2025-04-21,36.48399999999971,37.06999999999971,1,5302.51,5227.87,0.006880515076822054,0.006991028776937659,False,2025,1824.1999999999855
2025-04-22,21.8539999999996,22.4399999999996,1,5290.41,5359.74,0.004130870764269613,0.0042416372266042895,False,2025,1092.69999999998
2025-04-23,-10.415999999999928,-9.829999999999927,1,5496.66,5444.46,-0.0018949689447773609,-0.0017883587487674201,False,2025,-520.7999999999964
2025-04-24,70.76400000000037,71.35000000000036,1,5458.08,5557.67,0.012964998680854873,0.013072362442470679,False,2025,3538.2000000000185
2025-04-25,0.0,0.0,0,5557.67,5595.75,0.0,0.0,False,2025,0.0
2025-04-28,0.0,0.0,0,5604.57,5599.02,0.0,0.0,False,2025,0.0
2025-04-29,0.0,0.0,0,5578.35,5631.3,0.0,0.0,False,2025,0.0
2025-04-30,-45.21600000000011,-44.63000000000011,1,5563.47,5631.8,-0.008127301845790505,-0.008021971898832941,False,2025,-2260.800000000005
2025-05-01,0.0,0.0,0,5693.33,5673.15,0.0,0.0,False,2025,0.0
2025-05-02,0.0,0.0,0,5735.18,5754.6,0.0,0.0,False,2025,0.0
2025-05-05,0.0,0.0,0,5712.74,5723.08,0.0,0.0,False,2025,0.0
2025-05-06,0.0,0.0,0,5664.58,5673.66,0.0,0.0,False,2025,0.0
2025-05-07,0.0,0.0,0,5686.77,5697.11,0.0,0.0,False,2025,0.0
2025-05-08,0.0,0.0,0,5737.45,5735.18,0.0,0.0,False,2025,0.0
2025-05-09,0.0,0.0,0,5748.54,5726.36,0.0,0.0,False,2025,0.0
2025-05-12,0.0,0.0,0,5900.33,5914.45,0.0,0.0,False,2025,0.0
2025-05-13,0.0,0.0,0,5920.0,5954.29,0.0,0.0,False,2025,0.0
2025-05-14,0.0,0.0,0,5963.87,5960.09,0.0,0.0,False,2025,0.0
2025-05-15,0.0,0.0,0,5939.41,5989.09,0.0,0.0,False,2025,0.0
2025-05-16,0.0,0.0,0,5995.39,6026.4,0.0,0.0,False,2025,0.0
2025-05-19,0.0,0.0,0,5962.86,6032.45,0.0,0.0,False,2025,0.0
2025-05-20,0.0,0.0,0,6013.04,6010.27,0.0,0.0,False,2025,0.0
2025-05-21,0.0,0.0,0,5965.13,5909.41,0.0,0.0,False,2025,0.0
2025-05-22,0.0,0.0,0,5905.63,5908.65,0.0,0.0,False,2025,0.0
2025-05-23,0.0,0.0,0,5833.52,5866.8,0.0,0.0,False,2025,0.0
2025-05-26,0.0,0.0,0,5933.87,5941.43,0.0,0.0,True,2025,0.0
2025-05-27,0.0,0.0,0,5936.64,5986.82,0.0,0.0,False,2025,0.0
2025-05-28,0.0,0.0,0,5991.1,5952.02,0.0,0.0,False,2025,0.0
2025-05-29,0.0,0.0,0,6005.98,5973.96,0.0,0.0,False,2025,0.0
2025-05-30,0.0,0.0,0,5961.1,5965.38,0.0,0.0,False,2025,0.0
2025-06-02,0.0,0.0,0,5947.99,5998.16,0.0,0.0,False,2025,0.0
2025-06-03,0.0,0.0,0,5994.38,6032.71,0.0,0.0,False,2025,0.0
2025-06-04,0.0,0.0,0,6040.52,6029.43,0.0,0.0,False,2025,0.0
2025-06-05,0.0,0.0,0,6046.32,5998.67,0.0,0.0,False,2025,0.0
2025-06-06,0.0,0.0,0,6054.14,6057.92,0.0,0.0,False,2025,0.0
2025-06-09,0.0,0.0,0,6064.22,6061.7,0.0,0.0,False,2025,0.0
2025-06-10,0.0,0.0,0,6067.75,6096.75,0.0,0.0,False,2025,0.0
2025-06-11,0.0,0.0,0,6107.34,6080.11,0.0,0.0,False,2025,0.0
2025-06-12,0.0,0.0,0,6065.48,6102.55,0.0,0.0,False,2025,0.0
2025-06-13,0.0,0.0,0,6048.28,6032.28,0.0,0.0,False,2025,0.0
2025-06-16,-1.8359999999999999,-1.25,1,6067.03,6091.78,-0.00030261923873789974,-0.0002060316167877858,False,2025,-91.8
2025-06-17,0.0,0.0,0,6064.78,6038.03,0.0,0.0,False,2025,0.0
2025-06-18,0.0,0.0,0,6044.78,6035.28,0.0,0.0,False,2025,0.0
2025-06-19,0.0,0.0,0,5998.78,5978.03,0.0,0.0,True,2025,0.0
2025-06-20,0.0,0.0,0,6060.28,6016.53,0.0,0.0,False,2025,0.0
2025-06-23,0.0,0.0,0,6024.78,6076.53,0.0,0.0,False,2025,0.0
2025-06-24,0.0,0.0,0,6118.28,6143.53,0.0,0.0,False,2025,0.0
2025-06-25,0.0,0.0,0,6154.78,6147.28,0.0,0.0,False,2025,0.0
2025-06-26,0.0,0.0,0,6165.28,6196.03,0.0,0.0,False,2025,0.0
2025-06-27,0.0,0.0,0,6204.03,6223.02,0.0,0.0,False,2025,0.0
2025-06-30,0.0,0.0,0,6248.02,6251.27,0.0,0.0,False,2025,0.0
2025-07-01,0.0,0.0,0,6235.02,6248.77,0.0,0.0,False,2025,0.0
2025-07-02,0.0,0.0,0,6244.77,6275.02,0.0,0.0,False,2025,0.0
2025-07-03,0.0,0.0,0,6293.02,6323.27,0.0,0.0,True,2025,0.0
2025-07-04,0.0,0.0,0,6284.27,6283.27,0.0,0.0,True,2025,0.0
2025-07-07,0.0,0.0,0,6301.77,6275.02,0.0,0.0,False,2025,0.0
2025-07-08,0.0,0.0,0,6280.77,6270.27,0.0,0.0,False,2025,0.0
2025-07-09,0.0,0.0,0,6295.02,6306.77,0.0,0.0,False,2025,0.0
2025-07-10,0.0,0.0,0,6307.52,6324.27,0.0,0.0,False,2025,0.0
2025-07-11,0.0,0.0,0,6290.27,6299.02,0.0,0.0,False,2025,0.0
2025-07-14,0.0,0.0,0,6294.02,6310.52,0.0,0.0,False,2025,0.0
2025-07-15,0.0,0.0,0,6337.77,6282.02,0.0,0.0,False,2025,0.0
2025-07-16,0.0,0.0,0,6298.27,6302.52,0.0,0.0,False,2025,0.0
2025-07-17,0.0,0.0,0,6304.27,6342.02,0.0,0.0,False,2025,0.0
2025-07-18,0.0,0.0,0,6351.77,6334.52,0.0,0.0,False,2025,0.0
2025-07-21,0.0,0.0,0,6345.27,6345.02,0.0,0.0,False,2025,0.0
2025-07-22,0.0,0.0,0,6347.77,6345.27,0.0,0.0,False,2025,0.0
2025-07-23,0.0,0.0,0,6372.52,6398.77,0.0,0.0,False,2025,0.0
2025-07-24,0.0,0.0,0,6402.02,6401.77,0.0,0.0,False,2025,0.0
2025-07-25,0.0,0.0,0,6404.77,6425.52,0.0,0.0,False,2025,0.0
2025-07-28,0.0,0.0,0,6428.77,6422.77,0.0,0.0,False,2025,0.0
2025-07-29,0.0,0.0,0,6436.52,6405.77,0.0,0.0,False,2025,0.0
2025-07-30,0.0,0.0,0,6411.77,6397.27,0.0,0.0,False,2025,0.0
2025-07-31,0.0,0.0,0,6446.52,6370.77,0.0,0.0,False,2025,0.0
2025-08-01,-40.172,-39.0,2,6310.77,6263.27,-0.006365625747729674,-0.006179911484652427,False,2025,-2008.6
2025-08-04,-1.0859999999999999,-0.4999999999999999,1,6303.02,6357.02,-0.00017229835856462453,-7.932705274614389e-05,False,2025,-54.29999999999999
2025-08-05,0.0,0.0,0,6363.52,6325.02,0.0,0.0,False,2025,0.0
2025-08-06,0.0,0.0,0,6334.77,6371.52,0.0,0.0,False,2025,0.0
2025-08-07,0.0,0.0,0,6407.02,6367.27,0.0,0.0,False,2025,0.0
2025-08-08,0.0,0.0,0,6382.77,6413.77,0.0,0.0,False,2025,0.0
2025-08-11,0.0,0.0,0,6416.02,6399.77,0.0,0.0,False,2025,0.0
2025-08-12,0.0,0.0,0,6423.52,6467.52,0.0,0.0,False,2025,0.0
2025-08-13,0.0,0.0,0,6489.27,6488.77,0.0,0.0,False,2025,0.0
2025-08-14,0.0,0.0,0,6467.27,6488.52,0.0,0.0,False,2025,0.0
2025-08-15,0.0,0.0,0,6496.51,6471.27,0.0,0.0,False,2025,0.0
2025-08-18,0.0,0.0,0,6464.27,6468.52,0.0,0.0,False,2025,0.0
2025-08-19,0.0,0.0,0,6466.02,6432.52,0.0,0.0,False,2025,0.0
2025-08-20,-21.922,-20.75,2,6427.77,6413.52,-0.003410514066309155,-0.0032281802242457337,False,2025,-1096.1000000000001
2025-08-21,0.0,0.0,0,6395.02,6388.02,0.0,0.0,False,2025,0.0
2025-08-22,10.664,11.25,1,6407.52,6483.02,0.0016642944540165305,0.0017557494943441455,False,2025,533.1999999999999
2025-08-25,0.0,0.0,0,6469.77,6454.52,0.0,0.0,False,2025,0.0
2025-08-26,0.0,0.0,0,6450.52,6480.77,0.0,0.0,False,2025,0.0
2025-08-27,0.0,0.0,0,6473.77,6494.27,0.0,0.0,False,2025,0.0
2025-08-28,0.0,0.0,0,6499.76,6516.76,0.0,0.0,False,2025,0.0
2025-08-29,7.914,8.5,1,6498.76,6475.02,0.0012177707747324103,0.001307941822747724,False,2025,395.7
2025-09-01,0.0,0.0,0,6473.77,6482.77,0.0,0.0,True,2025,0.0
2025-09-02,0.0,0.0,0,6398.02,6425.77,0.0,0.0,False,2025,0.0
2025-09-03,0.0,0.0,0,6448.52,6458.27,0.0,0.0,False,2025,0.0
2025-09-04,0.0,0.0,0,6465.52,6511.01,0.0,0.0,False,2025,0.0
2025-09-05,0.16400000000000003,0.75,1,6533.26,6490.77,2.5102322577090156e-05,0.00011479720690742447,False,2025,8.200000000000001
2025-09-08,0.0,0.0,0,6504.26,6506.76,0.0,0.0,False,2025,0.0
2025-09-09,0.0,0.0,0,6507.01,6520.76,0.0,0.0,False,2025,0.0
2025-09-10,0.0,0.0,0,6553.01,6538.76,0.0,0.0,False,2025,0.0
2025-09-11,-3.336,-2.75,1,6557.51,6592.01,-0.0005087296855056263,-0.0004193664973442663,False,2025,-166.79999999999998
2025-09-12,0.0,0.0,0,6589.51,6587.51,0.0,0.0,False,2025,0.0
2025-09-15,0.0,0.0,0,6666.51,6679.51,0.0,0.0,False,2025,0.0
2025-09-16,0.0,0.0,0,6684.76,6668.26,0.0,0.0,False,2025,0.0
2025-09-17,0.0,0.0,0,6668.76,6660.01,0.0,0.0,False,2025,0.0
2025-09-18,-17.086,-16.5,1,6686.51,6692.01,-0.0025552941669121855,-0.002467655024818627,False,2025,-854.3
2025-09-19,0.0,0.0,0,6706.76,6721.51,0.0,0.0,False,2025,0.0
2025-09-22,0.0,0.0,0,6705.76,6751.51,0.0,0.0,False,2025,0.0
2025-09-23,0.0,0.0,0,6750.01,6715.51,0.0,0.0,False,2025,0.0
2025-09-24,-5.836,-5.25,1,6727.01,6691.76,-0.0008675473947563628,-0.0007804358845906279,False,2025,-291.8
2025-09-25,-29.086,-28.5,1,6659.76,6660.26,-0.004367424651939409,-0.00427943349309885,False,2025,-1454.3
2025-09-26,-31.336,-30.75,1,6673.26,6696.01,-0.004695755897417454,-0.0046079427446255655,False,2025,-1566.8
2025-09-29,0.0,0.0,0,6722.01,6714.01,0.0,0.0,False,2025,0.0
2025-09-30,0.0,0.0,0,6706.51,6737.01,0.0,0.0,False,2025,0.0
2025-10-01,0.0,0.0,0,6706.51,6760.26,0.0,0.0,False,2025,0.0
2025-10-02,0.0,0.0,0,6778.75,6766.51,0.0,0.0,False,2025,0.0
2025-10-03,0.0,0.0,0,6771.75,6765.01,0.0,0.0,False,2025,0.0
2025-10-06,0.0,0.0,0,6788.25,6788.25,0.0,0.0,False,2025,0.0
2025-10-07,-10.086,-9.5,1,6797.0,6762.26,-0.0014838899514491688,-0.0013976754450492864,False,2025,-504.3
2025-10-08,0.0,0.0,0,6773.0,6801.75,0.0,0.0,False,2025,0.0
2025-10-09,-14.825999999999782,-14.239999999999782,1,6805.25,6781.0,-0.0021786121009514394,-0.0020925021123397057,False,2025,-741.2999999999892
2025-10-10,93.664,94.25,1,6787.75,6594.76,0.013798976096644692,0.013885308091782992,False,2025,4683.2
2025-10-13,-34.422,-33.25,2,6670.01,6694.26,-0.005160711902980655,-0.004985000022488722,False,2025,-1721.1
2025-10-14,0.0,0.0,0,6633.76,6685.76,0.0,0.0,False,2025,0.0
2025-10-15,-6.586,-6.0,1,6731.76,6714.76,-0.000978347415831818,-0.000891297372455346,False,2025,-329.3
2025-10-16,0.0,0.0,0,6731.26,6668.26,0.0,0.0,False,2025,0.0
2025-10-17,0.0,0.0,0,6654.26,6703.51,0.0,0.0,False,2025,0.0
2025-10-20,9.403999999999781,9.989999999999782,1,6733.26,6773.0,0.001396648874393649,0.0014836795252225195,False,2025,470.1999999999891
2025-10-21,0.0,0.0,0,6774.0,6771.75,0.0,0.0,False,2025,0.0
2025-10-22,-15.672,-14.5,2,6778.75,6736.76,-0.002311930665683201,-0.0021390374331550803,False,2025,-783.6
2025-10-23,-6.836,-6.25,1,6739.01,6774.5,-0.0010143923217208462,-0.0009274359290162798,False,2025,-341.8
2025-10-24,0.0,0.0,0,6820.5,6827.0,0.0,0.0,False,2025,0.0
2025-10-27,0.0,0.0,0,6882.75,6907.25,0.0,0.0,False,2025,0.0
2025-10-28,0.0,0.0,0,6925.5,6925.25,0.0,0.0,False,2025,0.0
2025-10-29,0.0,0.0,0,6941.75,6927.75,0.0,0.0,False,2025,0.0
2025-10-30,0.0,0.0,0,6892.75,6853.5,0.0,0.0,False,2025,0.0
2025-10-31,0.0,0.0,0,6901.75,6871.75,0.0,0.0,False,2025,0.0
2025-11-03,0.0,0.0,0,6908.0,6885.0,0.0,0.0,False,2025,0.0
2025-11-04,0.0,0.0,0,6810.0,6803.25,0.0,0.0,False,2025,0.0
2025-11-05,-18.422,-17.25,2,6798.25,6824.0,-0.0027098150259257897,-0.0025374177177950206,False,2025,-921.1
2025-11-06,0.8280000000000001,2.0,2,6812.0,6749.76,0.00012155020551967117,0.0002935995302407516,False,2025,41.400000000000006
2025-11-07,-73.922,-72.75,2,6723.26,6753.01,-0.0109949637527033,-0.010820643556845935,False,2025,-3696.1
2025-11-10,0.0,0.0,0,6815.5,6856.75,0.0,0.0,False,2025,0.0
2025-11-11,0.0,0.0,0,6842.25,6872.5,0.0,0.0,False,2025,0.0
2025-11-12,0.0,0.0,0,6891.0,6875.75,0.0,0.0,False,2025,0.0
2025-11-13,41.317999999999785,42.48999999999978,2,6847.0,6761.76,0.0060344676500656905,0.006205637505476819,False,2025,2065.899999999989
2025-11-14,0.0,0.0,0,6691.76,6757.76,0.0,0.0,False,2025,0.0
2025-11-17,0.0,0.0,0,6734.01,6693.51,0.0,0.0,False,2025,0.0
2025-11-18,-30.336,-29.75,1,6656.51,6637.51,-0.004557343112231485,-0.004469308992249692,False,2025,-1516.8
2025-11-19,-28.086,-27.5,1,6642.26,6661.51,-0.004228380099544432,-0.004140157115198742,False,2025,-1404.3
2025-11-20,58.828,60.0,2,6764.76,6558.51,0.008696243473530473,0.008869494261437212,False,2025,2941.4
2025-11-21,-15.836,-15.25,1,6581.26,6622.26,-0.002406226163379049,-0.002317185462966058,False,2025,-791.8000000000001
2025-11-24,32.164,32.75,1,6657.51,6718.51,0.004831235702237023,0.004919256598938642,False,2025,1608.2
2025-11-25,15.903999999999781,16.48999999999978,1,6716.26,6780.0,0.0023679845628370227,0.0024552355030924623,False,2025,795.199999999989
2025-11-26,0.0,0.0,0,6804.75,6825.0,0.0,0.0,False,2025,0.0
2025-11-27,0.0,0.0,0,6829.0,6827.75,0.0,0.0,True,2025,0.0
2025-11-28,0.0,0.0,0,6834.0,6857.0,0.0,0.0,True,2025,0.0
2025-12-01,0.0,0.0,0,6813.25,6828.75,0.0,0.0,False,2025,0.0
2025-12-02,0.0,0.0,0,6844.0,6839.0,0.0,0.0,False,2025,0.0
2025-12-03,0.0,0.0,0,6829.0,6862.25,0.0,0.0,False,2025,0.0
2025-12-04,0.0,0.0,0,6876.0,6867.25,0.0,0.0,False,2025,0.0
2025-12-05,0.0,0.0,0,6875.0,6876.5,0.0,0.0,False,2025,0.0
2025-12-08,0.0,0.0,0,6885.5,6856.25,0.0,0.0,False,2025,0.0
2025-12-09,0.0,0.0,0,6850.25,6849.25,0.0,0.0,False,2025,0.0
2025-12-10,0.0,0.0,0,6843.25,6891.75,0.0,0.0,False,2025,0.0
2025-12-11,-37.086,-36.5,1,6867.75,6907.75,-0.005400021841214371,-0.005314695497069637,False,2025,-1854.3
2025-12-12,19.164,19.75,1,6896.0,6831.0,0.002779002320185615,0.0028639791183294665,False,2025,958.2
2025-12-15,0.0,0.0,0,6930.75,6879.0,0.0,0.0,False,2025,0.0
2025-12-16,0.0,0.0,0,6861.5,6855.25,0.0,0.0,False,2025,0.0
2025-12-17,32.164,32.75,1,6865.5,6777.0,0.00468487364358022,0.004770227951350957,False,2025,1608.2
2025-12-18,0.0,0.0,0,6839.75,6828.5,0.0,0.0,False,2025,0.0
2025-12-19,-15.008,-13.25,3,6847.25,6888.5,-0.0021918288363941725,-0.0019350834276534376,False,2025,-750.4
2025-12-22,0.0,0.0,0,6921.75,6929.5,0.0,0.0,False,2025,0.0
2025-12-23,0.0,0.0,0,6919.25,6960.25,0.0,0.0,False,2025,0.0
2025-12-24,0.0,0.0,0,6959.0,6980.0,0.0,0.0,True,2025,0.0
2025-12-26,0.0,0.0,0,6983.5,6980.0,0.0,0.0,False,2025,0.0
2025-12-29,0.0,0.0,0,6951.25,6955.25,0.0,0.0,False,2025,0.0
2025-12-30,0.0,0.0,0,6949.75,6945.25,0.0,0.0,False,2025,0.0
2025-12-31,-8.586,-8.0,1,6945.25,6891.75,-0.0012362405960908535,-0.0011518663834995141,False,2025,-429.3
2026-01-02,0.0,0.0,0,6927.75,6900.25,0.0,0.0,False,2026,0.0
2026-01-05,0.0,0.0,0,6934.25,6946.25,0.0,0.0,False,2026,0.0
2026-01-06,-11.086,-10.5,1,6946.75,6986.25,-0.0015958541764134308,-0.0015114981826033756,False,2026,-554.3000000000001
2026-01-07,0.0,0.0,0,6989.0,6963.0,0.0,0.0,False,2026,0.0
2026-01-08,0.0,0.0,0,6953.75,6961.0,0.0,0.0,False,2026,0.0
2026-01-09,-13.336,-12.75,1,6970.25,7004.75,-0.0019132742728022669,-0.0018292026828306016,False,2026,-666.8000000000001
2026-01-12,0.0,0.0,0,6969.5,7016.0,0.0,0.0,False,2026,0.0
2026-01-13,-11.086,-10.5,1,7018.5,7000.75,-0.0015795397877039253,-0.0014960461637101945,False,2026,-554.3000000000001
2026-01-14,-68.094,-65.75,4,6972.25,6968.0,-0.009766431209437411,-0.009430241313779626,False,2026,-3404.7
2026-01-15,0.0,0.0,0,7009.0,6984.75,0.0,0.0,False,2026,0.0
2026-01-16,0.0,0.0,0,6996.5,6976.5,0.0,0.0,False,2026,0.0
2026-01-19,0.0,0.0,0,6896.5,6913.25,0.0,0.0,True,2026,0.0
2026-01-20,0.0,0.0,0,6871.75,6833.75,0.0,0.0,False,2026,0.0
2026-01-21,-25.086,-24.5,1,6852.75,6911.0,-0.0036607201488453537,-0.0035752070336726133,False,2026,-1254.3
2026-01-22,0.0,0.0,0,6956.0,6946.0,0.0,0.0,False,2026,0.0
2026-01-23,0.0,0.0,0,6935.0,6945.5,0.0,0.0,False,2026,0.0
