date,net_pts,round_trips,net_usd,day,rr6_60,rvol14
2008-01-23,0.0,0,0.0,2008-01-23,1.1615866244667667,0.031357349708305386
2008-01-24,-2.5499999999998906,2,-50.99999999999781,2008-01-24,0.7473626580158043,0.03473166480672354
2008-01-25,0.0,0,0.0,2008-01-25,0.5364327694803266,0.03294715609239579
2008-01-28,0.0,0,0.0,2008-01-28,0.8176209575332758,0.034335701830228736
2008-01-29,0.0,0,0.0,2008-01-29,0.7556791104050862,0.03298883653823056
2008-01-30,0.0,0,0.0,2008-01-30,0.6551529941805906,0.03175705337728827
2008-01-31,0.0,0,0.0,2008-01-31,1.4365727857636659,0.03199396022517627
2008-02-01,0.0,0,0.0,2008-02-01,1.5701223723101496,0.03285221220457979
2008-02-04,0.0,0,0.0,2008-02-04,0.5810964561122565,0.03299592030517259
2008-02-05,0.0,0,0.0,2008-02-05,0.970574276222114,0.03162069581205353
2008-02-06,0.0,0,0.0,2008-02-06,1.1597570867954368,0.031561029886143045
2008-02-07,0.0,0,0.0,2008-02-07,0.8932823436034296,0.03175665466483662
2008-02-08,4.634999999999909,1,92.69999999999818,2008-02-08,0.7702083238778237,0.03262160766981861
2008-02-11,0.0,0,0.0,2008-02-11,0.8672552166934152,0.03055565910559008
2008-02-12,0.0,0,0.0,2008-02-12,1.0458917958458487,0.028425098742316583
2008-02-13,0.0,0,0.0,2008-02-13,1.273762169527281,0.02593990301233783
2008-02-14,21.23499999999982,1,424.69999999999635,2008-02-14,0.7443867092530028,0.026172415629784607
2008-02-15,0.0,0,0.0,2008-02-15,1.0424090812545752,0.024584279707638528
2008-02-18,9.975000000000055,1,199.50000000000108,2008-02-18,0.8452114954927219,0.0240551459565732
2008-02-19,34.1750000000001,1,683.5000000000019,2008-02-19,1.2810512263434737,0.024473783674091237
2008-02-20,0.0,0,0.0,2008-02-20,1.3831600266752262,0.024932883440973195
2008-02-21,0.0,0,0.0,2008-02-21,0.985197920161026,0.023487021688401447
2008-02-22,-25.195000000000018,1,-503.9000000000004,2008-02-22,0.9560631956313288,0.023786996425722073
2008-02-25,-26.739999999999945,2,-534.7999999999989,2008-02-25,0.7655679920845962,0.0242029509475691
2008-02-26,0.0,0,0.0,2008-02-26,0.9852397810148404,0.023195250140205275
2008-02-27,0.0,0,0.0,2008-02-27,0.9432967959527809,0.022653531127134315
2008-02-28,0.0,0,0.0,2008-02-28,0.8923901393354732,0.021229250274189513
2008-02-29,14.474999999999827,1,289.49999999999653,2008-02-29,1.2674675676803124,0.02079734704995687
2008-03-03,-13.249999999999936,2,-264.99999999999875,2008-03-03,1.046640923518585,0.021839154957972045
2008-03-04,0.0,0,0.0,2008-03-04,1.228219294517635,0.021312724460854415
2008-03-05,-2.1249999999998543,1,-42.49999999999709,2008-03-05,0.8365546634949004,0.021318200220879022
2008-03-06,0.0,0,0.0,2008-03-06,0.9396052709563929,0.02106651693768783
2008-03-07,-13.094999999999882,1,-261.89999999999765,2008-03-07,1.467491159096746,0.02219537357385789
2008-03-10,17.01500000000002,1,340.30000000000035,2008-03-10,1.007104200821471,0.022922910688639764
2008-03-11,21.225000000000055,1,424.5000000000011,2008-03-11,1.3685422610249978,0.022264112194703218
2008-03-12,-11.965,1,-239.3,2008-03-12,1.0115764705882329,0.0235746147627143
2008-03-13,-18.870000000000054,2,-377.4000000000011,2008-03-13,0.9387485795975211,0.02314941030766618
2008-03-14,-1.150000000000027,2,-23.00000000000054,2008-03-14,1.270797828416819,0.024182951800125346
2008-03-17,0.0,0,0.0,2008-03-17,1.0281972283073475,0.02581199635589625
2008-03-18,10.899999999999928,2,217.99999999999855,2008-03-18,0.5437231448147658,0.026113314758185173
2008-03-19,27.604999999999936,1,552.0999999999988,2008-03-19,0.9737711046040677,0.027866464588708385
2008-03-20,8.814999999999973,1,176.29999999999944,2008-03-20,0.9305470190534736,0.02928566115247409
2008-03-24,41.90499999999989,1,838.0999999999977,2008-03-24,0.6272080100836221,0.028814983845661644
2008-03-25,0.0,0,0.0,2008-03-25,0.8468295360966147,0.030230282714724308
2008-03-26,0.0,0,0.0,2008-03-26,0.9169318555909146,0.029790468579525473
2008-03-27,-11.364999999999863,1,-227.29999999999728,2008-03-27,1.100727126734167,0.02939807112858404
2008-03-28,0.0,0,0.0,2008-03-28,0.7877936670071508,0.029020116922882058
2008-03-31,-16.70500000000001,1,-334.1000000000002,2008-03-31,1.022022299443585,0.02852988351567207
2008-04-01,32.925000000000324,1,658.5000000000065,2008-04-01,1.2888603805858507,0.027787292616950073
2008-04-02,0.0,0,0.0,2008-04-02,0.8784612688398408,0.028006922226197266
2008-04-03,0.0,0,0.0,2008-04-03,1.1910140302157362,0.027923676161607007
2008-04-04,-16.135000000000073,1,-322.70000000000147,2008-04-04,0.9247368191150207,0.02659305743321275
2008-04-07,0.0,0,0.0,2008-04-07,0.6921388393469599,0.02522441046080649
2008-04-08,0.0,0,0.0,2008-04-08,0.7347012146580535,0.024288568073330814
2008-04-09,9.934999999999636,1,198.6999999999927,2008-04-09,0.9301232504700211,0.022181602185458317
2008-04-10,4.614999999999927,1,92.29999999999855,2008-04-10,1.0824704945333472,0.02120176632904746
2008-04-11,15.545000000000218,1,310.90000000000435,2008-04-11,1.4334624355380694,0.020976667967850575
2008-04-14,0.0,0,0.0,2008-04-14,1.0257734273270103,0.0206807911390506
2008-04-15,-11.36500000000009,1,-227.30000000000183,2008-04-15,1.1350521221146668,0.02024765418615751
2008-04-16,15.274999999999782,1,305.4999999999956,2008-04-16,0.734408115638319,0.02041813674202893
2008-04-17,-6.324999999999672,1,-126.49999999999345,2008-04-17,0.9167828469785061,0.020939418949335865
2008-04-18,-7.725000000000218,1,-154.50000000000438,2008-04-18,1.0690814227662755,0.020071898452685966
2008-04-21,0.0,0,0.0,2008-04-21,1.0183129855715853,0.0216820088453596
2008-04-22,7.1450000000001275,1,142.90000000000254,2008-04-22,0.9944955169674168,0.01964911331948432
2008-04-23,-10.254999999999963,1,-205.09999999999928,2008-04-23,1.0808798106332655,0.020041161189249024
2008-04-24,-6.1999999999999815,2,-123.99999999999963,2008-04-24,1.0420610369823287,0.01994473835960637
2008-04-25,-4.635000000000073,1,-92.70000000000145,2008-04-25,0.711945616118583,0.020613925341922534
2008-04-28,0.0,0,0.0,2008-04-28,0.6249869794379181,0.02064398253862388
2008-04-29,0.0,0,0.0,2008-04-29,0.6364705560570046,0.020450613428959825
2008-04-30,-6.885000000000073,1,-137.70000000000147,2008-04-30,1.2139076034648497,0.02012463513958057
2008-05-01,48.354999999999706,1,967.0999999999941,2008-05-01,0.8018023222228677,0.02027807699970375
2008-05-02,0.0,0,0.0,2008-05-02,1.3313968173781234,0.020128656138036386
2008-05-05,0.0,0,0.0,2008-05-05,0.5558795399939315,0.020505333086263653
2008-05-06,-15.574999999999672,1,-311.49999999999346,2008-05-06,0.7028001803336008,0.020352672893827882
2008-05-07,13.584999999999727,1,271.69999999999453,2008-05-07,0.8567859895293598,0.019661313389915506
2008-05-08,-10.524999999999945,1,-210.49999999999892,2008-05-08,0.7014105572603674,0.02088344465266522
2008-05-09,0.0,0,0.0,2008-05-09,0.8634714053309762,0.019285434077390282
2008-05-12,22.835000000000182,1,456.7000000000036,2008-05-12,0.6645033860045196,0.01920137626724485
2008-05-13,-9.124999999999854,1,-182.4999999999971,2008-05-13,1.0542708547586332,0.018918275383797596
2008-05-14,-0.715,1,-14.299999999999999,2008-05-14,1.1886693907647203,0.018652391992311307
2008-05-15,13.864999999999927,1,277.29999999999853,2008-05-15,0.5819466393976069,0.01780014596804211
2008-05-16,2.924999999999873,1,58.499999999997456,2008-05-16,0.7641535744166532,0.018094092559040372
2008-05-19,0.0,0,0.0,2008-05-19,0.5620006017852976,0.018317746022856112
2008-05-20,-10.9600000000002,2,-219.200000000004,2008-05-20,0.7480207480207731,0.01888653895926793
2008-05-21,28.16500000000011,1,563.3000000000022,2008-05-21,1.0369253527537527,0.018313606235189385
2008-05-22,-6.6049999999998725,1,-132.09999999999746,2008-05-22,0.9439682956525787,0.01848646293314641
2008-05-23,-15.855000000000327,1,-317.10000000000656,2008-05-23,0.8238337425464843,0.018107542137700026
2008-05-26,0.0,0,0.0,2008-05-26,0.49731862794698783,0.01798007361130113
2008-05-27,-2.394999999999836,1,-47.89999999999672,2008-05-27,1.2121018088682576,0.016775117396489028
2008-05-28,-14.165000000000273,1,-283.30000000000547,2008-05-28,1.3176075185162117,0.016011609651118173
2008-05-29,7.415000000000109,1,148.30000000000217,2008-05-29,1.1177107256935994,0.015943715384793278
2008-05-30,-6.325000000000127,1,-126.50000000000254,2008-05-30,0.7555555555555515,0.01621217093174883
2008-06-02,13.584999999999727,1,271.69999999999453,2008-06-02,0.7819466771815902,0.015547157418512437
2008-06-03,0.0,0,0.0,2008-06-03,1.2739188228384277,0.016211614787369603
2008-06-04,18.625000000000146,1,372.5000000000029,2008-06-04,0.8798167262992809,0.01672944956600443
2008-06-05,19.18500000000009,1,383.7000000000018,2008-06-05,0.8451658001660161,0.016896687518387077
2008-06-06,35.45500000000007,1,709.1000000000014,2008-06-06,1.3424433543564485,0.017252026465321542
2008-06-09,-0.4349999999997999,1,-8.699999999995997,2008-06-09,1.027062197267269,0.01788324385023462
2008-06-10,0.0,0,0.0,2008-06-10,1.0622598278879307,0.018660733268687082
2008-06-11,36.14000000000016,2,722.8000000000031,2008-06-11,0.6182735426009072,0.017414333706234134
2008-06-12,-13.335000000000345,1,-266.7000000000069,2008-06-12,0.8399851291359725,0.018379525917152563
2008-06-13,0.9649999999998363,1,19.299999999996725,2008-06-13,1.2368902946562321,0.019273588662401992
2008-06-16,-6.564999999999909,1,-131.2999999999982,2008-06-16,0.7012213525423189,0.020598947064556682
2008-06-17,0.0,0,0.0,2008-06-17,0.5579616154065928,0.02075327752831323
2008-06-18,-23.024999999999945,1,-460.4999999999989,2008-06-18,1.123836245376867,0.020761968555164788
2008-06-19,11.554999999999982,1,231.09999999999962,2008-06-19,0.9779969092648592,0.02078638454933417
2008-06-20,24.094999999999946,1,481.8999999999989,2008-06-20,0.7439791711868196,0.022093157326738548
2008-06-23,0.0,0,0.0,2008-06-23,0.922587486744423,0.02297850041520244
2008-06-24,0.0,0,0.0,2008-06-24,1.081967213114739,0.022345413052660502
2008-06-25,14.335000000000182,1,286.7000000000036,2008-06-25,0.6987136086662089,0.022153212555081014
2008-06-26,39.15499999999989,1,783.0999999999977,2008-06-26,1.0383126361886392,0.022607078473617405
2008-06-27,-18.55499999999969,1,-371.0999999999938,2008-06-27,1.220025757916464,0.02340619633755764
2008-06-30,0.0,0,0.0,2008-06-30,1.203400420319217,0.023043592398075848
2008-07-01,0.0,0,0.0,2008-07-01,1.1592676753681026,0.023026800860593253
2008-07-02,28.285,1,565.7,2008-07-02,0.8580864278610609,0.023081089501212522
2008-07-03,0.0,0,0.0,2008-07-03,1.1099818757728164,0.023797107869438564
2008-07-04,0.0,0,0.0,2008-07-04,0.7146350529178154,0.023519191838499456
2008-07-07,-7.6850000000002545,1,-153.7000000000051,2008-07-07,0.9321733740647276,0.02244818017907763
2008-07-08,16.534999999999837,3,330.69999999999675,2008-07-08,1.4150492616441879,0.023534533883571074
2008-07-09,-7.6849999999998,1,-153.699999999996,2008-07-09,0.7495659869966346,0.02436457949246747
2008-07-10,-6.565000000000136,1,-131.30000000000274,2008-07-10,1.1164029563775562,0.024371675760384875
2008-07-11,-2.115000000000091,1,-42.300000000001816,2008-07-11,1.1012141719745145,0.023657887180420382
2008-07-14,0.0,0,0.0,2008-07-14,0.732387502030646,0.024776452773699387
2008-07-15,-8.400000000000027,2,-168.00000000000054,2008-07-15,0.7967040854411354,0.025103988502380516
2008-07-16,29.674999999999873,1,593.4999999999975,2008-07-16,1.1465455414774122,0.02603254920796055
2008-07-17,0.0,0,0.0,2008-07-17,0.9606082692817514,0.025284085370984897
2008-07-18,-10.465,1,-209.3,2008-07-18,1.0263354339183721,0.025163208991936435
2008-07-21,0.0,0,0.0,2008-07-21,0.9089674703702967,0.025524227555804916
2008-07-22,0.0,0,0.0,2008-07-22,0.826086956521737,0.02481615661148402
2008-07-23,-7.414999999999818,1,-148.29999999999637,2008-07-23,0.8512771435732726,0.023930815290006933
2008-07-24,13.505000000000027,1,270.10000000000053,2008-07-24,0.9346113613560134,0.024501200958179477
2008-07-25,-0.9950000000002001,1,-19.900000000004002,2008-07-25,1.0399711341859417,0.025726843293100377
2008-07-28,24.38499999999991,1,487.69999999999817,2008-07-28,0.9500000000000003,0.02505295136745294
2008-07-29,20.755000000000027,1,415.10000000000053,2008-07-29,0.9769922563656185,0.025273390144881953
2008-07-30,-11.314999999999909,1,-226.2999999999982,2008-07-30,0.8620369079161568,0.024995109866720235
2008-07-31,-6.564999999999909,1,-131.2999999999982,2008-07-31,1.2995959462144728,0.024803253934452946
2008-08-01,-20.8950000000001,7,-417.90000000000197,2008-08-01,0.9919304022602989,0.02428864190625125
2008-08-04,-13.544999999999927,1,-270.89999999999856,2008-08-04,0.6283022353593176,0.024362100632753448
2008-08-05,26.605000000000164,1,532.1000000000033,2008-08-05,0.9252625580070033,0.022765399991650864
2008-08-06,9.044999999999764,1,180.89999999999526,2008-08-06,0.72966932493526,0.022966921543683797
2008-08-07,0.0,0,0.0,2008-08-07,1.0683472309249529,0.02353151669250634
2008-08-08,28.564999999999745,1,571.299999999995,2008-08-08,1.0813023793468866,0.023241052674936567
2008-08-11,-9.925000000000036,1,-198.50000000000074,2008-08-11,0.8898346068285098,0.024032670909732566
2008-08-12,0.0,0,0.0,2008-08-12,0.9852622657500721,0.02420646563718021
2008-08-13,0.0,0,0.0,2008-08-13,0.8637840288096064,0.023325274757602925
2008-08-14,-3.784999999999709,1,-75.69999999999418,2008-08-14,1.099078559893612,0.02305842195382921
2008-08-15,0.0,0,0.0,2008-08-15,0.8173477898248591,0.023198433989015083
2008-08-18,-4.064999999999909,1,-81.29999999999818,2008-08-18,1.0966862901360044,0.02194710689969875
2008-08-19,-5.734999999999982,1,-114.69999999999963,2008-08-19,1.0318869576091116,0.021706078120464847
2008-08-20,0.0,0,0.0,2008-08-20,0.7818167785752814,0.02153089867289923
2008-08-21,0.0,0,0.0,2008-08-21,1.1773269921382108,0.021013526744201223
2008-08-22,-4.500000000000163,2,-90.00000000000327,2008-08-22,1.1148889246249674,0.020204495122069864
2008-08-25,12.114999999999927,1,242.29999999999853,2008-08-25,0.9676357374392237,0.020345812577595847
2008-08-26,0.0,0,0.0,2008-08-26,1.1326266588765672,0.019560084468590266
2008-08-27,0.9650000000002911,1,19.30000000000582,2008-08-27,0.9757486052601695,0.018680915379938025
2008-08-28,0.0,0,0.0,2008-08-28,1.1460668160956424,0.01873520992262041
2008-08-29,2.740000000000073,2,54.80000000000146,2008-08-29,0.8753020917247756,0.017580796739881267
2008-09-01,0.0,0,0.0,2008-09-01,0.6384915856559471,0.017727230773201447
2008-09-02,0.0,0,0.0,2008-09-02,1.906251810649509,0.017125297723545607
2008-09-03,0.0,0,0.0,2008-09-03,1.1919114841663485,0.018578263466717017
2008-09-04,45.29499999999999,1,905.8999999999997,2008-09-04,0.8076575466272281,0.018495568281317345
2008-09-05,-24.97499999999999,1,-499.49999999999983,2008-09-05,1.4501108647450118,0.019986852225698633
2008-09-08,-11.874999999999854,1,-237.4999999999971,2008-09-08,0.8517247853619407,0.019986305189667406
2008-09-09,-22.7450000000002,1,-454.900000000004,2008-09-09,0.6730842228329376,0.02120062093861717
2008-09-10,0.0,0,0.0,2008-09-10,1.0199391467598882,0.022358503703347965
2008-09-11,0.0,0,0.0,2008-09-11,1.1030886482150033,0.02264849482679306
2008-09-12,-7.124999999999854,1,-142.4999999999971,2008-09-12,0.8988661134619228,0.02390629620166665
2008-09-15,0.0,0,0.0,2008-09-15,0.9800109362658727,0.02350440462906141
2008-09-16,0.0,0,0.0,2008-09-16,1.2545004932924997,0.02465872043697451
2008-09-17,54.54499999999999,1,1090.8999999999996,2008-09-17,1.1924770342990718,0.025783561898363387
2008-09-18,0.0,0,0.0,2008-09-18,0.7906888680852886,0.028909688617019806
2008-09-19,0.0,0,0.0,2008-09-19,0.9418677028123085,0.03129429474814992
2008-09-22,56.63999999999993,2,1132.7999999999986,2008-09-22,0.6286739741973031,0.03473085607937503
2008-09-23,-13.335000000000118,1,-266.7000000000024,2008-09-23,0.6759014845131186,0.035598626650444144
2008-09-24,0.0,0,0.0,2008-09-24,0.8836442668144717,0.036578869070203225
2008-09-25,-21.069999999999872,2,-421.3999999999975,2008-09-25,1.1343802052932077,0.03553359390843074
2008-09-26,0.0,0,0.0,2008-09-26,0.9776894381310379,0.03583833862923525
2008-09-29,82.87499999999991,1,1657.4999999999982,2008-09-29,1.0845335168908143,0.03562468654678184
2008-09-30,33.505000000000024,1,670.1000000000005,2008-09-30,1.0791929568682166,0.04081593542469948
2008-10-01,-27.085000000000118,1,-541.7000000000023,2008-10-01,0.6231592825321912,0.042905414954588786
2008-10-02,43.8949999999999,1,877.8999999999979,2008-10-02,1.0184810468096581,0.042649287899540415
2008-10-03,-16.134999999999845,1,-322.6999999999969,2008-10-03,0.80320951788061,0.04496574555104593
2008-10-06,7.705000000000073,1,154.10000000000144,2008-10-06,1.2117972310417051,0.04699309911714853
2008-10-07,45.13999999999993,2,902.7999999999986,2008-10-07,1.0575964622940726,0.051234471426041664
2008-10-08,-78.56999999999988,2,-1571.3999999999976,2008-10-08,2.1529190852557125,0.05290444871095249
2008-10-09,0.0,0,0.0,2008-10-09,0.7786363250403359,0.0537250728866222
2008-10-10,-73.92500000000004,1,-1478.500000000001,2008-10-10,1.0268770510436622,0.05605101110426328
2008-10-13,73.90499999999989,1,1478.0999999999976,2008-10-13,0.5410019538289356,0.05957834426023926
2008-10-14,41.634999999999906,1,832.6999999999981,2008-10-14,0.6015047305369898,0.06518651537742694
2008-10-15,87.36499999999992,1,1747.2999999999984,2008-10-15,0.9464796726816941,0.07029207987174216
2008-10-16,-21.754999999999963,1,-435.0999999999993,2008-10-16,1.3033818810170343,0.07579968236840569
2008-10-17,-25.405000000000054,1,-508.1000000000011,2008-10-17,1.2058875436800671,0.0804333189919922
2008-10-20,0.0,0,0.0,2008-10-20,0.742025408039494,0.07772587668705362
2008-10-21,11.344999999999946,1,226.8999999999989,2008-10-21,0.6111195330857269,0.07768231212236623
2008-10-22,-19.504999999999963,1,-390.0999999999993,2008-10-22,1.0026961885697974,0.07959916950809047
2008-10-23,-39.984999999999985,1,-799.6999999999997,2008-10-23,1.1532283008890205,0.0804316490746152
2008-10-24,0.0,0,0.0,2008-10-24,0.8046304639658703,0.08138132843118485
2008-10-27,0.0,0,0.0,2008-10-27,1.1417944007866023,0.08026499500154537
2008-10-28,48.37500000000014,1,967.5000000000028,2008-10-28,0.9103431101703491,0.07866444300157828
2008-10-29,0.0,0,0.0,2008-10-29,1.0325928328198448,0.08098422760677848
2008-10-30,0.0,0,0.0,2008-10-30,0.8082202350843195,0.07895806295342163
2008-10-31,0.0,0,0.0,2008-10-31,0.823983238363781,0.07451696835324943
2008-11-03,0.0,0,0.0,2008-11-03,0.6793863897461333,0.06956598420612543
2008-11-04,0.0,0,0.0,2008-11-04,0.9972523257597952,0.06447637721577314
2008-11-05,35.19499999999985,1,703.899999999997,2008-11-05,0.9620910050428052,0.05956485417693392
2008-11-06,24.245000000000037,1,484.9000000000007,2008-11-06,1.387316474782454,0.05711629721598073
2008-11-07,-13.894999999999836,1,-277.89999999999674,2008-11-07,0.8567980691874507,0.05595588775025295
2008-11-10,-5.484999999999982,1,-109.69999999999963,2008-11-10,0.7119414289320867,0.05469380568494518
2008-11-11,-11.935000000000027,1,-238.70000000000056,2008-11-11,0.8260172845931512,0.05424174471644434
2008-11-12,17.52500000000001,1,350.50000000000017,2008-11-12,1.2895831912135876,0.05229218476972806
2008-11-13,22.265000000000306,3,445.3000000000061,2008-11-13,1.2553103650334942,0.050833591082246575
2008-11-14,2.0849999999999547,1,41.69999999999909,2008-11-14,0.6864121877526723,0.05304287686080067
2008-11-17,0.0,0,0.0,2008-11-17,0.6363133571435255,0.053220744810302756
2008-11-18,-27.925000000000036,1,-558.5000000000007,2008-11-18,1.127821214201864,0.048385644131463346
2008-11-19,57.915000000000106,1,1158.300000000002,2008-11-19,0.8863011874644431,0.0477329309418369
2008-11-20,0.0,0,0.0,2008-11-20,1.0003167043974988,0.05037118807212321
2008-11-21,0.0,0,0.0,2008-11-21,1.0828080570001428,0.05295819187359939
2008-11-24,9.519999999999818,2,190.39999999999637,2008-11-24,0.819572220448677,0.0561412968155365
2008-11-25,-13.054999999999918,1,-261.0999999999984,2008-11-25,1.1939969101743575,0.05862570194118067
2008-11-26,36.874999999999915,1,737.4999999999983,2008-11-26,0.9505815669835321,0.05702054927735075
2008-11-27,0.0,0,0.0,2008-11-27,0.5057914003168897,0.05713011946077784
2008-11-28,0.0,0,0.0,2008-11-28,1.0191725529767879,0.05574190045343885
2008-12-01,47.255000000000024,1,945.1000000000005,2008-12-01,1.1772274721565992,0.053418613799014227
2008-12-02,0.0,0,0.0,2008-12-02,1.2799540025224356,0.0568256312648601
2008-12-03,13.584999999999955,1,271.6999999999991,2008-12-03,1.1218869541753325,0.05582047420626109
2008-12-04,0.0,0,0.0,2008-12-04,1.2379504819807203,0.05227113282675359
2008-12-05,-3.5149999999999544,1,-70.29999999999909,2008-12-05,1.1045542014111582,0.05189296638540168
2008-12-08,0.0,0,0.0,2008-12-08,0.7958190112319342,0.05458363056210105
2008-12-09,-22.87500000000008,1,-457.50000000000165,2008-12-09,0.9557638115210648,0.05478447356868162
2008-12-10,0.0,0,0.0,2008-12-10,0.7775549962316723,0.05245467557623403
2008-12-11,0.0,0,0.0,2008-12-11,1.0507322965423558,0.048874170412091154
2008-12-12,0.0,0,0.0,2008-12-12,0.9144371015167806,0.0475942590983343
2008-12-15,3.2049999999998455,1,64.09999999999691,2008-12-15,0.6581210362248743,0.046062555912904625
2008-12-16,0.0,0,0.0,2008-12-16,0.7361328602008411,0.04573655744879425
2008-12-17,0.0,0,0.0,2008-12-17,1.3850385824521327,0.045522650358489423
2008-12-18,0.0,0,0.0,2008-12-18,0.8549940625412366,0.04662217564322713
2008-12-19,0.0,0,0.0,2008-12-19,0.9647856968833664,0.04777628735011704
2008-12-22,3.8899999999999366,2,77.79999999999873,2008-12-22,0.8941590187837747,0.043652381827486354
2008-12-23,-9.955000000000009,1,-199.1000000000002,2008-12-23,0.8671031675809621,0.04389056887622213
2008-12-24,0.0,0,0.0,2008-12-24,0.6127361587278389,0.04156708916606881
2008-12-26,0.0,0,0.0,2008-12-26,0.7490847648549722,0.03842068663972116
2008-12-29,-3.7950000000001545,1,-75.90000000000309,2008-12-29,0.9584664536741171,0.033872245008479795
2008-12-30,9.084999999999955,1,181.69999999999908,2008-12-30,0.9003476245654671,0.032275656598128484
2008-12-31,-0.15499999999982716,1,-3.0999999999965433,2008-12-31,0.804507042253525,0.031339949108981725
2009-01-02,29.79499999999999,1,595.8999999999999,2009-01-02,1.9970716742586165,0.030877580368932362
2009-01-05,-13.58499999999989,1,-271.69999999999783,2009-01-05,0.895104310380862,0.031003989565982652
2009-01-06,-13.875000000000082,1,-277.50000000000165,2009-01-06,0.8988510925884177,0.02927821707040761
2009-01-07,0.0,0,0.0,2009-01-07,0.9355902396131044,0.028133771624435002
2009-01-08,-4.3549999999998725,1,-87.09999999999745,2009-01-08,1.34651516507113,0.027139562028519405
2009-01-09,-6.064999999999845,3,-121.2999999999969,2009-01-09,1.1991068784033194,0.026989577859531072
2009-01-12,11.604999999999936,1,232.09999999999872,2009-01-12,0.6973922299095168,0.0265778815980663
2009-01-13,-8.825000000000127,1,-176.50000000000256,2009-01-13,1.1147643651166461,0.027124521660008068
2009-01-14,10.485000000000046,1,209.7000000000009,2009-01-14,1.1949322071571458,0.026182630158588075
2009-01-15,-13.749999999999936,2,-274.99999999999875,2009-01-15,1.2556801840667222,0.027105218168659195
2009-01-16,0.0,0,0.0,2009-01-16,1.0469189581631706,0.029569371276722177
2009-01-19,0.0,0,0.0,2009-01-19,0.9082505618792176,0.031044848964216467
2009-01-20,35.95500000000007,1,719.1000000000014,2009-01-20,1.0828125000000006,0.029721557038773612
2009-01-21,0.0,0,0.0,2009-01-21,1.3018635396048928,0.031425999303617905
2009-01-22,0.0,0,0.0,2009-01-22,0.9161830299481519,0.03283572008779676
2009-01-23,0.0,0,0.0,2009-01-23,1.2108009689008814,0.0318909421561202
2009-01-26,-20.034999999999936,1,-400.69999999999874,2009-01-26,0.9820506515859407,0.03319298905245841
2009-01-27,-9.11500000000009,1,-182.30000000000183,2009-01-27,0.8843778834551815,0.033878346365034354
2009-01-28,6.285,1,125.7,2009-01-28,0.9037137183657994,0.03239234777920331
2009-01-29,0.0,0,0.0,2009-01-29,1.1049623514469795,0.03376684558320429
2009-01-30,10.765000000000018,1,215.30000000000035,2009-01-30,1.433338666544758,0.033805485109626734
2009-02-02,2.3649999999999274,1,47.29999999999855,2009-02-02,1.0048541675310234,0.033909026173235615
2009-02-03,-6.315000000000136,1,-126.30000000000273,2009-02-03,0.9904644724700092,0.034070448663468464
2009-02-04,-20.59500000000011,1,-411.9000000000022,2009-02-04,0.8578920827029748,0.03369415216302734
2009-02-05,12.164999999999882,1,243.29999999999762,2009-02-05,0.9232138522534229,0.032580519144436784
2009-02-06,8.804999999999982,1,176.09999999999962,2009-02-06,1.0200665603276786,0.03353472153484677
2009-02-09,0.0,0,0.0,2009-02-09,0.847411952488545,0.0349592167850696
2009-02-10,12.724999999999827,1,254.49999999999653,2009-02-10,1.0429526201523973,0.03224608772251
2009-02-11,-20.024999999999945,1,-400.4999999999989,2009-02-11,1.0310077519379854,0.03304481414773864
2009-02-12,0.0,0,0.0,2009-02-12,0.8865532441983287,0.032504107687672076
2009-02-13,0.0,0,0.0,2009-02-13,0.86715015962649,0.03179108056305342
2009-02-16,0.0,0,0.0,2009-02-16,0.43977891765080473,0.03080293494199859
2009-02-17,-4.635000000000073,1,-92.70000000000145,2009-02-17,1.1371700176288153,0.031304489703537296
2009-02-18,0.0,0,0.0,2009-02-18,1.163847269212182,0.029948666266820516
2009-02-19,0.0,0,0.0,2009-02-19,0.7967382994988635,0.029732197258108488
2009-02-20,0.0,0,0.0,2009-02-20,0.9965283084783537,0.0294937802717139
2009-02-23,32.874999999999915,1,657.4999999999983,2009-02-23,0.9955089820359309,0.029243237329410327
2009-02-24,19.724999999999827,1,394.49999999999653,2009-02-24,0.8792998939233226,0.03023130410749053
2009-02-25,-9.11500000000009,1,-182.30000000000183,2009-02-25,0.936173409970319,0.030966106271926884
2009-02-26,0.0,0,0.0,2009-02-26,1.196160472557226,0.030458852092394555
2009-02-27,0.0,0,0.0,2009-02-27,1.1028405487499586,0.03135206949173823
2009-03-02,0.0,0,0.0,2009-03-02,0.9886854350082015,0.03179597020548065
2009-03-03,0.0,0,0.0,2009-03-03,0.7638801062349805,0.030930588792459603
2009-03-04,1.2450000000000365,1,24.90000000000073,2009-03-04,0.9180681993519529,0.03104019136073132
2009-03-05,4.044999999999991,1,80.89999999999982,2009-03-05,0.976876708080553,0.03162183517845008
2009-03-06,-2.955000000000009,1,-59.10000000000018,2009-03-06,1.2032589884690883,0.03294787237437395
2009-03-09,-17.785000000000164,1,-355.7000000000033,2009-03-09,1.1947262763821807,0.03432276990429768
2009-03-10,35.114999999999924,1,702.2999999999985,2009-03-10,0.6860627620378591,0.03584234695796303
2009-03-11,-5.195000000000018,1,-103.90000000000036,2009-03-11,0.9957719208124232,0.03823654245142612
2009-03-12,23.364999999999927,1,467.29999999999853,2009-03-12,0.865711011653809,0.037892752454483467
2009-03-13,0.0,0,0.0,2009-03-13,1.0441731409544925,0.0393032537902289
2009-03-16,0.0,0,0.0,2009-03-16,1.2608980969344707,0.037260068555780665
2009-03-17,22.945000000000082,1,458.9000000000016,2009-03-17,0.9714801037087096,0.03655154415043973
2009-03-18,-11.415000000000045,1,-228.30000000000092,2009-03-18,0.702643013179051,0.03660889471773794
2009-03-19,0.0,0,0.0,2009-03-19,1.123937677053818,0.036268620200510325
2009-03-20,-12.979999999999954,2,-259.5999999999991,2009-03-20,0.8720501035886934,0.036381619046841215
2009-03-23,24.63499999999991,1,492.69999999999817,2009-03-23,1.186873781184851,0.036079400711232536
2009-03-24,0.0,0,0.0,2009-03-24,0.6805992642170038,0.0381376968612589
2009-03-25,-33.80999999999989,2,-676.1999999999978,2009-03-25,0.8690246231044231,0.03676062427232379
2009-03-26,-9.734999999999982,1,-194.69999999999965,2009-03-26,0.8446392249785054,0.037567282930726795
2009-03-27,0.0,0,0.0,2009-03-27,0.8587036582371688,0.03681488500834306
2009-03-30,-3.9699999999999633,2,-79.39999999999927,2009-03-30,1.0493704659213676,0.035263841510390435
2009-03-31,-15.645000000000064,1,-312.9000000000013,2009-03-31,0.8505063066263968,0.03367926883210551
2009-04-01,5.485000000000046,1,109.70000000000091,2009-04-01,1.0339534980191978,0.033949754483873565
2009-04-02,8.015000000000018,1,160.30000000000035,2009-04-02,1.0966237453107537,0.03319049413155069
2009-04-03,0.0,0,0.0,2009-04-03,1.0388841119709549,0.035207917606060894
2009-04-06,-10.015000000000182,1,-200.30000000000365,2009-04-06,1.0150622134905027,0.03457988602884902
2009-04-07,1.390000000000164,2,27.80000000000328,2009-04-07,1.1723113612116378,0.03350228130983555
2009-04-08,-31.290000000000127,2,-625.8000000000026,2009-04-08,1.1357284620681307,0.03326773168319743
2009-04-09,-5.650000000000027,2,-113.00000000000054,2009-04-09,1.137079195931221,0.03332866958786168
2009-04-13,0.0,0,0.0,2009-04-13,0.6023680882860065,0.03304854715915448
2009-04-14,-12.264999999999954,1,-245.2999999999991,2009-04-14,1.3698528685691695,0.03014958404863231
2009-04-15,0.0,0,0.0,2009-04-15,1.1116526146498324,0.030010757683819694
2009-04-16,-3.2549999999999635,1,-65.09999999999927,2009-04-16,1.317725622658355,0.028161738735557645
2009-04-17,0.0,0,0.0,2009-04-17,0.9915432548353154,0.02810555515361372
2009-04-20,5.475000000000055,1,109.5000000000011,2009-04-20,0.9047569696341518,0.02763462461809169
2009-04-21,-11.994999999999909,3,-239.89999999999816,2009-04-21,1.1190785528682845,0.027653661510338514
2009-04-22,-6.934999999999963,3,-138.69999999999925,2009-04-22,1.154596915869607,0.026975948583743747
2009-04-23,0.0,0,0.0,2009-04-23,0.8348556814030061,0.026925695660014456
2009-04-24,-2.4050000000000544,1,-48.10000000000109,2009-04-24,0.8054991695884851,0.02506487942537411
2009-04-27,-16.215,1,-324.3,2009-04-27,0.6311943642639456,0.025517095962100722
2009-04-28,0.0,0,0.0,2009-04-28,0.7149752371358948,0.025436984502459816
2009-04-29,0.685000000000091,1,13.70000000000182,2009-04-29,0.9205935609239059,0.02418029241381795
2009-04-30,-8.044999999999927,1,-160.89999999999856,2009-04-30,0.9775917261758157,0.02445742731669327
2009-05-01,0.0,0,0.0,2009-05-01,0.5538570920725142,0.024163471423822084
2009-05-04,4.914999999999882,1,98.29999999999764,2009-05-04,0.77589631542357,0.024100573942711503
2009-05-05,-20.300000000000118,2,-406.0000000000024,2009-05-05,0.8795990636816547,0.024237400700220964
2009-05-06,-29.3200000000001,2,-586.400000000002,2009-05-06,1.2890689598147802,0.023769090022566292
2009-05-07,18.725000000000055,1,374.5000000000011,2009-05-07,0.8971143199331125,0.02335455625688906
2009-05-08,0.0,0,0.0,2009-05-08,0.9078917615135345,0.025048489619182178
2009-05-11,-15.08499999999989,1,-301.69999999999783,2009-05-11,0.8260332651564801,0.024035490351174162
2009-05-12,-2.8300000000000907,2,-56.60000000000181,2009-05-12,0.9439323017803467,0.02474636510829228
2009-05-13,5.475000000000055,1,109.5000000000011,2009-05-13,1.1635504417505647,0.024275981629271942
2009-05-14,-7.474999999999991,1,-149.49999999999983,2009-05-14,1.2119556905328903,0.024881646477153945
2009-05-15,-8.035000000000164,1,-160.70000000000329,2009-05-15,1.094172608802551,0.024545474702943798
2009-05-18,11.965000000000064,1,239.30000000000126,2009-05-18,1.155698628790486,0.02431038635512823
2009-05-19,-12.825000000000127,1,-256.50000000000256,2009-05-19,1.0124229678176748,0.024989148188977704
2009-05-20,-6.635000000000073,1,-132.70000000000147,2009-05-20,1.0350459993754701,0.0246316867068263
2009-05-21,-5.5049999999999635,1,-110.09999999999927,2009-05-21,0.9182970515293528,0.024425682850722694
2009-05-22,-9.72499999999999,1,-194.49999999999983,2009-05-22,0.8581136496777997,0.02544114796909162
2009-05-25,0.0,0,0.0,2009-05-25,0.9497117597466181,0.02533955777292002
2009-05-26,36.18500000000009,1,723.7000000000018,2009-05-26,1.0652920962199306,0.024855584121435296
2009-05-27,0.0,0,0.0,2009-05-27,0.9043188901647417,0.026513198395629385
2009-05-28,0.0,0,0.0,2009-05-28,0.8052649341883225,0.025170664516798457
2009-05-29,0.0,0,0.0,2009-05-29,0.8647027366365138,0.02516135721606983
2009-06-01,18.43500000000009,1,368.7000000000018,2009-06-01,0.8741571026660097,0.024313877015396522
2009-06-02,0.0,0,0.0,2009-06-02,0.9110360086557048,0.024441433276260558
2009-06-03,0.0,0,0.0,2009-06-03,1.0001314578677563,0.02371497362604479
2009-06-04,-6.064999999999909,1,-121.29999999999818,2009-06-04,1.1539113723716992,0.02317964545244199
2009-06-05,0.0,0,0.0,2009-06-05,1.168078597482053,0.022776676009476582
2009-06-08,-19.304999999999918,1,-386.0999999999984,2009-06-08,1.0277580792219645,0.022179086790408253
2009-06-09,0.0,0,0.0,2009-06-09,0.8120748299319684,0.022174759385506428
2009-06-10,-10.565000000000136,1,-211.30000000000274,2009-06-10,0.8437086092715202,0.02137959190103701
2009-06-11,-6.344999999999882,1,-126.89999999999763,2009-06-11,0.8523235619178015,0.02098259849262227
2009-06-12,-2.965,1,-59.3,2009-06-12,0.8718749213222934,0.020512012410423896
2009-06-15,5.494999999999809,1,109.89999999999618,2009-06-15,0.839061647572277,0.021265800156262397
2009-06-16,0.0,0,0.0,2009-06-16,0.7377842993396968,0.019872314893137198
2009-06-17,-4.675000000000036,1,-93.50000000000072,2009-06-17,1.0232462213841762,0.0196303757808062
2009-06-18,0.0,0,0.0,2009-06-18,1.2301397523779143,0.01942633096446364
2009-06-19,-10.594999999999882,1,-211.89999999999765,2009-06-19,0.9500394425453499,0.01906839037979701
2009-06-22,19.04499999999999,1,380.8999999999998,2009-06-22,1.1718304011624816,0.018073111446095087
2009-06-23,-8.065000000000136,1,-161.30000000000274,2009-06-23,0.8323361625156462,0.019053417423105116
2009-06-24,0.8200000000000003,2,16.400000000000006,2009-06-24,1.1012046913973341,0.019066062011281908
2009-06-25,21.304999999999982,1,426.0999999999996,2009-06-25,1.3524080787156934,0.01994698262795124
2009-06-26,0.0,0,0.0,2009-06-26,0.8985817228121048,0.020774865727570407
2009-06-29,0.0,0,0.0,2009-06-29,0.8778656656388273,0.020049889470808078
2009-06-30,0.0,0,0.0,2009-06-30,0.7499351827845442,0.020292969397756846
2009-07-01,-8.905000000000054,1,-178.1000000000011,2009-07-01,1.030503650538298,0.019817216558148807
2009-07-02,1.109999999999964,2,22.199999999999278,2009-07-02,1.3040275871304559,0.019779035755533882
2009-07-03,0.0,0,0.0,2009-07-03,0.8598087084476029,0.0204213490678324
2009-07-06,-15.394999999999836,1,-307.89999999999674,2009-07-06,0.9191254510719654,0.01860945778329862
2009-07-07,24.974999999999827,1,499.49999999999653,2009-07-07,1.1529647665425424,0.018314820006423337
2009-07-08,0.0,0,0.0,2009-07-08,0.8683248926213029,0.018768987856611137
2009-07-09,0.0,0,0.0,2009-07-09,0.8445674206106687,0.01896347485285663
2009-07-10,-5.224999999999991,1,-104.49999999999982,2009-07-10,0.7560746688914306,0.018542346198923063
2009-07-13,0.0,0,0.0,2009-07-13,1.4348536621601575,0.017406343610647232
2009-07-14,0.0,0,0.0,2009-07-14,1.110834371108347,0.018700359777592192
2009-07-15,12.834999999999955,1,256.6999999999991,2009-07-15,0.6258347643579458,0.01774548053872094
2009-07-16,0.0,0,0.0,2009-07-16,1.1030430685660402,0.017974203923904558
2009-07-17,0.0,0,0.0,2009-07-17,1.184394421481449,0.018492658660260848
2009-07-20,0.0,0,0.0,2009-07-20,0.9796548909875246,0.017999487622525356
2009-07-21,0.0,0,0.0,2009-07-21,0.8838422587080015,0.017635663559108488
2009-07-22,0.41500000000010917,1,8.300000000002184,2009-07-22,1.1330323803154403,0.017755864460139336
2009-07-23,17.074999999999964,1,341.49999999999926,2009-07-23,0.8289503133393004,0.016965847437690928
2009-07-24,0.0,0,0.0,2009-07-24,1.0853408508457254,0.018705979694158038
2009-07-27,-9.185000000000027,1,-183.70000000000056,2009-07-27,1.0276971515718005,0.018735662994531194
2009-07-28,0.0,0,0.0,2009-07-28,0.9584391356169377,0.017729641640587376
2009-07-29,0.0,0,0.0,2009-07-29,1.1876208897485427,0.017744951818088918
2009-07-30,-11.309999999999881,2,-226.19999999999763,2009-07-30,0.9059259630316114,0.017847541594160844
2009-07-31,-6.3549999999998725,1,-127.09999999999745,2009-07-31,1.0352609308885685,0.018150773249480064
2009-08-03,0.0,0,0.0,2009-08-03,1.1501262089820743,0.016677850828174696
2009-08-04,0.0,0,0.0,2009-08-04,0.8988194190076305,0.01699884243044545
2009-08-05,-4.819999999999872,2,-96.39999999999745,2009-08-05,0.8983094426946014,0.015396919523577449
2009-08-06,-3.6899999999999906,2,-73.79999999999981,2009-08-06,1.1273442226255255,0.015223978043821685
2009-08-07,0.0,0,0.0,2009-08-07,1.3224901850813342,0.01573561304067439
2009-08-10,-8.335000000000118,1,-166.70000000000238,2009-08-10,0.9440378076191602,0.016055659974869844
2009-08-11,-4.955000000000009,1,-99.10000000000018,2009-08-11,1.1049267561699112,0.0160074865408107
2009-08-12,-0.01999999999991786,2,-0.3999999999983572,2009-08-12,1.3425882204803732,0.016009171562151925
2009-08-13,0.0,0,0.0,2009-08-13,1.1456338430756086,0.015861765545264136
2009-08-14,-3.544999999999927,1,-70.89999999999854,2009-08-14,1.0882360500681065,0.015721135989762217
2009-08-17,11.995000000000037,1,239.90000000000072,2009-08-17,1.3351470924762976,0.01621254020445655
2009-08-18,0.13499999999990908,1,2.6999999999981816,2009-08-18,0.8065487884741309,0.01724884949150658
2009-08-19,-2.414999999999818,1,-48.29999999999636,2009-08-19,0.9121075969811736,0.01756019825327728
2009-08-20,-3.129999999999818,2,-62.599999999996356,2009-08-20,1.058329584645385,0.017649253298505287
2009-08-21,0.0,0,0.0,2009-08-21,1.00346714805581,0.018063230432355505
2009-08-24,0.0,0,0.0,2009-08-24,0.8898545785048869,0.018067276816424997
2009-08-25,0.0,0,0.0,2009-08-25,0.9399976833082353,0.018150799329385434
2009-08-26,0.0,0,0.0,2009-08-26,1.1153052196992044,0.017848736488406947
2009-08-27,-22.484999999999854,5,-449.6999999999971,2009-08-27,0.9145506857733396,0.017536308293967646
2009-08-28,0.0,0,0.0,2009-08-28,0.7786337663814458,0.017760376036514036
2009-08-31,-10.739999999999945,2,-214.7999999999989,2009-08-31,0.6523703231292624,0.018447039254475234
2009-09-01,1.6699999999999093,2,33.39999999999819,2009-09-01,1.2791432102155722,0.018569394983575262
2009-09-02,0.0,0,0.0,2009-09-02,1.0852360363094038,0.019348217134633146
2009-09-03,0.0,0,0.0,2009-09-03,0.9369591502880434,0.01921128256408031
2009-09-04,19.04499999999999,1,380.8999999999998,2009-09-04,1.2421663887770982,0.018737557123304664
2009-09-07,0.0,0,0.0,2009-09-07,0.5891247807415481,0.018067663524812906
2009-09-08,0.0,0,0.0,2009-09-08,1.050482419687059,0.017308562632075652
2009-09-09,-3.825000000000127,1,-76.50000000000254,2009-09-09,1.2348351783015525,0.016280866823174527
2009-09-10,0.0,0,0.0,2009-09-10,1.347872374745943,0.016262731570097805
2009-09-11,0.0,0,0.0,2009-09-11,0.7526322630963159,0.016061269430289512
2009-09-14,0.0,0,0.0,2009-09-14,0.8481682146542808,0.015886988727581524
2009-09-15,0.0,0,0.0,2009-09-15,1.1572680220560967,0.0158167495042851
2009-09-16,0.0,0,0.0,2009-09-16,0.9028428616057568,0.015542168840254248
2009-09-17,-10.604999999999873,1,-212.09999999999746,2009-09-17,1.1165224258777875,0.015257165885117024
2009-09-18,0.0,0,0.0,2009-09-18,0.7990186944910196,0.014352399057301757
2009-09-21,0.0,0,0.0,2009-09-21,0.9601421047711033,0.01385089453081222
2009-09-22,0.0,0,0.0,2009-09-22,0.8614668218859091,0.01212849822628129
2009-09-23,0.0,0,0.0,2009-09-23,0.9923189465983869,0.011900626082911378
2009-09-24,-2.685000000000027,1,-53.70000000000054,2009-09-24,1.4395506034136767,0.012224995962629692
2009-09-25,0.0,0,0.0,2009-09-25,1.02039814428434,0.012244905638536066
2009-09-28,6.355000000000164,1,127.10000000000328,2009-09-28,0.9640389161665729,0.012697650781046382
2009-09-29,-19.79999999999989,2,-395.99999999999784,2009-09-29,0.7553719008264426,0.013764116023914103
2009-09-30,-16.69999999999998,2,-333.99999999999966,2009-09-30,0.8855913434158108,0.013554257148786147
2009-10-01,26.98499999999982,1,539.6999999999964,2009-10-01,1.1266682398594792,0.014360570169956361
2009-10-02,0.0,0,0.0,2009-10-02,0.9925626664218131,0.01585995818622341
2009-10-05,0.0,0,0.0,2009-10-05,0.6683414585613409,0.015950874503830235
2009-10-06,-4.964999999999936,3,-99.29999999999872,2009-10-06,0.9128571428571458,0.01626909407943072
2009-10-07,0.0,0,0.0,2009-10-07,0.9222423146473697,0.016711120182653368
2009-10-08,0.0,0,0.0,2009-10-08,0.6966077695007105,0.016486098208918464
2009-10-09,1.544999999999991,1,30.89999999999982,2009-10-09,1.1464698408857124,0.016760545189282966
2009-10-12,0.0,0,0.0,2009-10-12,0.8836822864739231,0.016680130782283854
2009-10-13,0.0,0,0.0,2009-10-13,1.0696535330980177,0.017104857595324402
2009-10-14,0.0,0,0.0,2009-10-14,0.9922458861092648,0.016397494480950264
2009-10-15,0.0,0,0.0,2009-10-15,1.0743145244837433,0.015869659257063136
2009-10-16,-14.43,2,-288.6,2009-10-16,1.4417676618385915,0.015495020616791864
2009-10-19,-2.1350000000000726,1,-42.70000000000145,2009-10-19,0.8222056969187527,0.014864214994640664
2009-10-20,0.0,0,0.0,2009-10-20,1.3009698038351356,0.014964067311553645
2009-10-21,-9.494999999999909,3,-189.89999999999816,2009-10-21,1.0268860464470957,0.014090908388582476
2009-10-22,-1.845000000000109,1,-36.90000000000218,2009-10-22,1.0837577815506445,0.013178129837245965
2009-10-23,-1.564999999999909,1,-31.299999999998178,2009-10-23,1.0571719865108817,0.013399160794664739
2009-10-26,-38.90499999999999,3,-778.0999999999997,2009-10-26,0.8522272606028284,0.013579323137072124
2009-10-27,16.245000000000037,1,324.9000000000007,2009-10-27,0.8033784123472932,0.013612761350969668
2009-10-28,19.6449999999999,1,392.899999999998,2009-10-28,0.7728820298715213,0.014648066124503761
2009-10-29,6.635000000000137,1,132.70000000000272,2009-10-29,1.0557484659658523,0.015495324089524335
2009-10-30,38.025000000000006,1,760.5000000000001,2009-10-30,0.7934448798051454,0.016004246542827925
2009-11-02,-30.685000000000027,1,-613.7000000000005,2009-11-02,0.8523421334729359,0.017170434233854576
2009-11-03,0.0,0,0.0,2009-11-03,1.1329098156452384,0.01813429508432185
2009-11-04,-6.374999999999854,1,-127.49999999999709,2009-11-04,0.6132677895852882,0.0179263203372402
2009-11-05,10.874999999999918,1,217.49999999999835,2009-11-05,1.384828473201256,0.0185222502138904
2009-11-06,-13.155000000000054,1,-263.1000000000011,2009-11-06,1.6149432615070796,0.01938437090039399
2009-11-09,17.375000000000146,1,347.5000000000029,2009-11-09,0.6283068783068803,0.019255320802459844
2009-11-10,-9.764999999999954,1,-195.2999999999991,2009-11-10,0.8842369816409714,0.01991641972130176
2009-11-11,0.0,0,0.0,2009-11-11,1.032269961276037,0.019237642668454402
2009-11-12,-8.065000000000136,1,-161.30000000000274,2009-11-12,1.4093705631803153,0.018941782756819663
2009-11-13,-12.024999999999945,1,-240.49999999999892,2009-11-13,0.7522725867293159,0.018776612939530403
2009-11-16,-6.655000000000054,1,-133.1000000000011,2009-11-16,0.7931343283582093,0.017968550003967323
2009-11-17,0.0,0,0.0,2009-11-17,1.1074446431875766,0.017449158149958212
2009-11-18,-12.459999999999972,2,-249.19999999999945,2009-11-18,0.8244870273020183,0.016235456570610908
2009-11-19,-6.664999999999981,3,-133.2999999999996,2009-11-19,0.9468095898285765,0.015800041876388556
2009-11-20,0.0,0,0.0,2009-11-20,1.1160839160839156,0.015324511525974497
2009-11-23,-13.734999999999918,3,-274.69999999999834,2009-11-23,0.8475723773293022,0.014327361859375666
2009-11-24,-11.0399999999999,2,-220.799999999998,2009-11-24,1.0413016270337896,0.014980347393269823
2009-11-25,0.0,0,0.0,2009-11-25,1.1633535004321598,0.01457464896798608
2009-11-26,10.594999999999946,1,211.8999999999989,2009-11-26,1.3377314175186563,0.01309424414797129
2009-11-27,-8.915000000000045,1,-178.30000000000092,2009-11-27,1.8915245202558615,0.014032382451496855
2009-11-30,0.0,0,0.0,2009-11-30,1.3133391740184635,0.014069324225285272
2009-12-01,-4.955000000000009,1,-99.10000000000018,2009-12-01,0.7059605048613976,0.014322994947357467
2009-12-02,-10.604999999999873,1,-212.09999999999746,2009-12-02,0.9317714639709365,0.014700219613851881
2009-12-03,0.0,0,0.0,2009-12-03,0.9146182008368204,0.014510877998767454
2009-12-04,0.0,0,0.0,2009-12-04,1.3567244173002564,0.014714021235912294
2009-12-07,0.0,0,0.0,2009-12-07,1.0805611839236637,0.015410325059981928
2009-12-08,0.0,0,0.0,2009-12-08,1.396702705347096,0.015589764596603316
2009-12-09,0.0,0,0.0,2009-12-09,1.1885001356116065,0.015745878883871467
2009-12-10,0.0,0,0.0,2009-12-10,1.0241039090795632,0.015370527097657833
2009-12-11,0.0,0,0.0,2009-12-11,0.8376226957146357,0.015527973415989315
2009-12-14,0.0,0,0.0,2009-12-14,0.7185610456238916,0.015079785433833235
2009-12-15,0.0,0,0.0,2009-12-15,1.0174213688697868,0.015199775232712728
2009-12-16,-5.814999999999909,1,-116.29999999999818,2009-12-16,1.0369848538217736,0.01563615692502052
2009-12-17,-2.2799999999999088,2,-45.599999999998175,2009-12-17,1.3213202983956143,0.01438277996227681
2009-12-18,3.814999999999973,1,76.29999999999946,2009-12-18,0.9765600051095279,0.013854546858112323
2009-12-21,1.3999999999999273,2,27.999999999998547,2009-12-21,0.7540081642311961,0.014192482362582332
2009-12-22,-5.534999999999709,1,-110.69999999999418,2009-12-22,0.8043813109704097,0.014018472592643109
2009-12-23,0.9850000000002729,1,19.700000000005456,2009-12-23,0.9512761020881897,0.013725133319640764
2009-12-24,8.0650000000002,1,161.300000000004,2009-12-24,0.6681777400008987,0.0132815237812263
2009-12-28,0.0,0,0.0,2009-12-28,1.1376909779002933,0.012263335243024528
2009-12-29,-0.715,1,-14.299999999999999,2009-12-29,0.7595229289940926,0.012044314256530077
2009-12-30,-4.394999999999836,1,-87.89999999999672,2009-12-30,1.082868454201864,0.0113775288723187
2009-12-31,10.045000000000218,1,200.90000000000435,2009-12-31,0.7801278898179775,0.01053655007777419
2010-01-04,0.0,0,0.0,2010-01-04,1.1479580835741412,0.010617177362451892
2010-01-05,0.0,0,0.0,2010-01-05,1.25480443138142,0.010697974844568926
2010-01-06,-2.1350000000000726,1,-42.70000000000145,2010-01-06,1.2441354602064227,0.01042874440928475
2010-01-07,-16.1499999999998,2,-322.999999999996,2010-01-07,1.0553961926759419,0.010356030029437985
2010-01-08,7.785,1,155.7,2010-01-08,1.0986725817072942,0.0102433613948779
2010-01-11,-2.125000000000309,1,-42.50000000000618,2010-01-11,1.1183972175929167,0.010172785162191778
2010-01-12,-6.664999999999818,1,-133.29999999999637,2010-01-12,1.209674706495793,0.009811888534425243
2010-01-13,7.4950000000000365,1,149.90000000000072,2010-01-13,0.856756495701734,0.010052023393635862
2010-01-14,0.0,0,0.0,2010-01-14,1.0330485971142318,0.010902142015209058
2010-01-15,15.424999999999873,1,308.49999999999744,2010-01-15,1.210921415222828,0.010788037796318175
2010-01-18,1.2650000000000183,1,25.300000000000367,2010-01-18,0.6617182564750687,0.011470534460958502
2010-01-19,14.574999999999964,1,291.49999999999926,2010-01-19,1.2239808472434615,0.011366635974490493
2010-01-20,5.515000000000018,1,110.30000000000037,2010-01-20,1.2269129287599045,0.012060413445921927
2010-01-21,7.4950000000000365,1,149.90000000000072,2010-01-21,1.1603813860822625,0.013403277244465142
2010-01-22,-6.945000000000018,1,-138.90000000000038,2010-01-22,0.903749624112327,0.0142298471345468
2010-01-25,0.0,0,0.0,2010-01-25,0.6504770164787596,0.015431745849788835
2010-01-26,0.0,0,0.0,2010-01-26,0.7992354366234797,0.015665261476074343
2010-01-27,0.0,0,0.0,2010-01-27,0.9029164085266472,0.01627146538767718
2010-01-28,26.7549999999998,1,535.099999999996,2010-01-28,0.9480090126134424,0.01705704202239726
2010-01-29,0.0,0,0.0,2010-01-29,0.9293318579005622,0.018383192428904495
2010-02-01,-8.644999999999836,1,-172.89999999999674,2010-02-01,0.6107496517906545,0.019898873059308923
2010-02-02,0.0,0,0.0,2010-02-02,0.8521600364755493,0.019366895980034025
2010-02-03,0.0,0,0.0,2010-02-03,0.9887561283504158,0.019210701819133414
2010-02-04,23.064999999999973,1,461.29999999999944,2010-02-04,1.0223435802577845,0.019637540375777567
2010-02-05,0.0,0,0.0,2010-02-05,1.633562379214083,0.0203623447059604
2010-02-08,0.0,0,0.0,2010-02-08,1.010138129309781,0.021419584638179518
2010-02-09,0.0,0,0.0,2010-02-09,0.6912502161507835,0.02124096954266769
2010-02-10,-7.224999999999991,1,-144.49999999999983,2010-02-10,1.141908509591737,0.02080882846785544
2010-02-11,11.455000000000073,1,229.10000000000144,2010-02-11,1.0637155928131519,0.02006723814416056
2010-02-12,0.0,0,0.0,2010-02-12,0.9868221750984584,0.01943926027845208
2010-02-15,0.0,0,0.0,2010-02-15,0.5265144366861777,0.019810438347428103
2010-02-16,0.0,0,0.0,2010-02-16,0.9674770039421791,0.01874297161968615
2010-02-17,0.0,0,0.0,2010-02-17,0.9649156368366586,0.01837741099335347
2010-02-18,0.0,0,0.0,2010-02-18,1.2137967351237395,0.016600139469208703
2010-02-19,0.0,0,0.0,2010-02-19,1.1244252473178165,0.015023822154176426
2010-02-22,0.0,0,0.0,2010-02-22,1.017347838870946,0.014946908594595732
2010-02-23,2.685000000000091,1,53.70000000000182,2010-02-23,1.173629242819845,0.014475211495973242
2010-02-24,-13.610000000000063,2,-272.2000000000013,2010-02-24,0.8864441072331943,0.014868752251648557
2010-02-25,-2.5699999999998724,2,-51.39999999999745,2010-02-25,1.1122339964773522,0.013799470260116508
2010-02-26,-12.325000000000127,1,-246.50000000000256,2010-02-26,0.8550700090333948,0.01370284422556565
2010-03-01,8.63499999999991,1,172.69999999999817,2010-03-01,0.7888092405026434,0.013532741906757672
2010-03-02,-1.2849999999997088,1,-25.699999999994176,2010-03-02,0.9308719560094447,0.013307400235336395
2010-03-03,0.0,0,0.0,2010-03-03,1.1931473006358657,0.013042929069086816
2010-03-04,0.0,0,0.0,2010-03-04,1.1559537618494922,0.011949440921833336
2010-03-05,3.2549999999998,1,65.099999999996,2010-03-05,1.0558013765978405,0.011448552296945719
2010-03-08,0.0,0,0.0,2010-03-08,0.7850953206239161,0.01234092540330429
2010-03-09,-0.4350000000002546,1,-8.700000000005092,2010-03-09,1.0080126619843564,0.011680788241257945
2010-03-10,1.9600000000003277,2,39.200000000006554,2010-03-10,0.960190572174632,0.0122112708674009
2010-03-11,0.0,0,0.0,2010-03-11,1.0552546895848172,0.012221363353645391
2010-03-12,0.0,0,0.0,2010-03-12,1.068639361332862,0.012053497721096767
2010-03-15,-10.9349999999998,1,-218.699999999996,2010-03-15,0.659182632091689,0.011807552493537297
2010-03-16,0.0,0,0.0,2010-03-16,0.7167103093783458,0.011220980017136766
2010-03-17,-6.1049999999998725,1,-122.09999999999745,2010-03-17,0.7190999847970402,0.010730966334791859
2010-03-18,0.0,0,0.0,2010-03-18,0.9441884280594,0.009886207180663811
2010-03-19,2.404999999999891,1,48.09999999999782,2010-03-19,0.9933607014343029,0.009564026155145821
2010-03-22,8.655000000000346,1,173.1000000000069,2010-03-22,1.093025290977512,0.009356457682386179
2010-03-23,-0.14499999999983626,1,-2.899999999996725,2010-03-23,0.8512594962015411,0.00996610850104099
2010-03-24,0.0,0,0.0,2010-03-24,1.1219471184160437,0.010124396648247203
2010-03-25,0.0,0,0.0,2010-03-25,0.9051150408823342,0.010030838539705966
2010-03-26,0.0,0,0.0,2010-03-26,1.0303545222831008,0.009903206958074893
2010-03-29,0.0,0,0.0,2010-03-29,0.6690934304038612,0.010470987893219942
2010-03-30,-8.945000000000018,1,-178.90000000000038,2010-03-30,0.7281764032977049,0.010049203147209787
2010-03-31,0.0,0,0.0,2010-03-31,1.0356655965522235,0.010012043980146502
2010-04-01,-22.024999999999654,3,-440.49999999999307,2010-04-01,1.1631239550990893,0.010021130780465334
2010-04-05,6.384999999999909,1,127.69999999999818,2010-04-05,0.7215787562048804,0.010852939792805893
2010-04-06,-6.394999999999836,1,-127.89999999999672,2010-04-06,0.7949615115465465,0.011004898965862991
2010-04-07,0.0,0,0.0,2010-04-07,0.7891865079364667,0.011179875134896825
2010-04-08,-6.965,1,-139.3,2010-04-08,1.153989908428335,0.01135803461523806
2010-04-09,0.0,0,0.0,2010-04-09,0.6888958792072981,0.011783043484629541
2010-04-12,0.0,0,0.0,2010-04-12,0.76705056685264,0.011439924549457746
2010-04-13,-0.715,1,-14.299999999999999,2010-04-13,0.8005538745576443,0.010531745187613828
2010-04-14,8.654999999999891,1,173.0999999999978,2010-04-14,0.8535013604467622,0.010480659936600762
2010-04-15,1.6899999999998911,2,33.79999999999782,2010-04-15,1.0305927342256047,0.010831056707651122
2010-04-16,3.0999999999997456,2,61.99999999999491,2010-04-16,1.0050597976081184,0.010241506433114375
2010-04-19,-13.765000000000182,1,-275.30000000000365,2010-04-19,1.0508406725380242,0.010703266848159768
2010-04-20,0.0,0,0.0,2010-04-20,0.9812073372847653,0.011194345896536265
2010-04-21,0.0,0,0.0,2010-04-21,0.6745357352532207,0.01112203231475451
2010-04-22,-9.950000000000436,2,-199.00000000000873,2010-04-22,1.2305502539384838,0.011233861921229705
2010-04-23,0.0,0,0.0,2010-04-23,1.0133488102147232,0.01145752249205979
2010-04-26,-4.124999999999854,1,-82.49999999999709,2010-04-26,0.6682753141276693,0.011268928172564249
2010-04-27,14.895000000000127,1,297.90000000000254,2010-04-27,0.9721154518135583,0.011026889353166775
2010-04-28,-0.9950000000002001,1,-19.900000000004002,2010-04-28,1.3354544430678912,0.01205865963484591
2010-04-29,20.0049999999998,1,400.099999999996,2010-04-29,0.699049214247021,0.012154194559378339
2010-04-30,36.195000000000306,1,723.9000000000061,2010-04-30,0.9232465206007971,0.012892594530557721
2010-05-03,16.324999999999964,1,326.49999999999926,2010-05-03,0.7934907834101428,0.014096852932499187
2010-05-04,19.15499999999989,1,383.0999999999978,2010-05-04,1.1703347714488586,0.01472236524046085
2010-05-05,0.0,0,0.0,2010-05-05,1.467781294546853,0.01655581936469223
2010-05-06,38.17499999999987,1,763.4999999999974,2010-05-06,1.2745435059551449,0.017367750882342072
2010-05-07,-39.75000000000017,2,-795.0000000000034,2010-05-07,1.1256178809370392,0.024789621966293814
2010-05-10,-8.955000000000236,1,-179.10000000000474,2010-05-10,0.6642344949050205,0.027352386476898555
2010-05-11,-16.89500000000029,1,-337.90000000000583,2010-05-11,0.6790495987840598,0.030186617560958137
2010-05-12,9.929999999999673,2,198.59999999999346,2010-05-12,0.9050454707272059,0.031305739600721326
2010-05-13,0.0,0,0.0,2010-05-13,0.9638958858102395,0.0311333311075054
2010-05-14,-4.695000000000018,1,-93.90000000000036,2010-05-14,1.0129314951373414,0.03205287111742243
2010-05-17,-16.61500000000009,1,-332.30000000000183,2010-05-17,1.176155877327715,0.03378469895267028
2010-05-18,1.8449999999999456,1,36.89999999999891,2010-05-18,0.6951618253328995,0.03385081039494576
2010-05-19,-16.325000000000127,1,-326.50000000000256,2010-05-19,0.963470113958837,0.03500928842720833
2010-05-20,-22.430000000000454,2,-448.6000000000091,2010-05-20,1.259367706959289,0.03535993559972503
2010-05-21,-18.035000000000164,1,-360.7000000000033,2010-05-21,1.1987284911264369,0.03669610153467464
2010-05-24,0.0,0,0.0,2010-05-24,0.7282197936880859,0.03805395134309658
2010-05-25,0.0,0,0.0,2010-05-25,0.9021655504685518,0.03643282054544606
2010-05-26,-16.48000000000018,2,-329.60000000000366,2010-05-26,0.8149534312325023,0.03764434792478695
2010-05-27,0.0,0,0.0,2010-05-27,0.8550579171526941,0.031218197622575976
2010-05-28,-17.1849999999998,1,-343.699999999996,2010-05-28,0.8031193348752935,0.030151316430861472
2010-05-31,0.0,0,0.0,2010-05-31,0.3472034828287144,0.02788622084758004
2010-06-01,-46.42500000000004,1,-928.5000000000008,2010-06-01,1.3077693231878171,0.026578113402842853
2010-06-02,0.0,0,0.0,2010-06-02,1.0078113320376667,0.02698578115313785
2010-06-03,-15.194999999999563,1,-303.8999999999913,2010-06-03,0.620156404114418,0.02719191429463436
2010-06-04,0.0,0,0.0,2010-06-04,1.604498915236171,0.02602757968904426
2010-06-07,19.44500000000031,1,388.9000000000062,2010-06-07,0.7890702649887861,0.026946826090918384
2010-06-08,-2.9849999999999817,1,-59.69999999999963,2010-06-08,0.9284164195983806,0.026860330368278312
2010-06-09,-49.83500000000012,1,-996.7000000000024,2010-06-09,0.8415985328952442,0.026603531998347647
2010-06-10,18.304999999999982,1,366.0999999999996,2010-06-10,0.9320730179372956,0.025693618935653386
2010-06-11,0.0,0,0.0,2010-06-11,0.9458759070043027,0.02507347447547172
2010-06-14,0.0,0,0.0,2010-06-14,0.6216560032925582,0.02542090517173859
2010-06-15,25.705000000000073,1,514.1000000000015,2010-06-15,0.9892849783638823,0.024228555354300515
2010-06-16,0.0,0,0.0,2010-06-16,0.9298010514379953,0.023898620101483272
2010-06-17,0.0,0,0.0,2010-06-17,1.2446528887285593,0.02228563633029113
2010-06-18,0.0,0,0.0,2010-06-18,0.8797419354838727,0.021884226217591833
2010-06-21,0.0,0,0.0,2010-06-21,0.6359213321455381,0.02214273214058816
2010-06-22,0.0,0,0.0,2010-06-22,0.9765120504345152,0.022424495897763946
2010-06-23,-22.44999999999998,2,-448.99999999999966,2010-06-23,0.5450974334076183,0.022166917943752022
2010-06-24,-20.750000000000163,2,-415.0000000000033,2010-06-24,1.189479193928288,0.022312965421222842
2010-06-25,-15.484999999999982,1,-309.69999999999965,2010-06-25,1.2449992963834045,0.020939226636165396
2010-06-28,-2.7050000000002363,1,-54.10000000000473,2010-06-28,0.8263620054763567,0.020067798267616028
2010-06-29,20.87499999999992,1,417.49999999999835,2010-06-29,0.9217708879693947,0.019813330840264477
2010-06-30,0.0,0,0.0,2010-06-30,0.8834677811254747,0.02127855785709548
2010-07-01,-16.065000000000072,3,-321.30000000000143,2010-07-01,0.9307572474797217,0.02093778868110239
2010-07-02,-13.504999999999963,1,-270.0999999999993,2010-07-02,0.9623763745763857,0.021468067525032525
2010-07-05,0.0,0,0.0,2010-07-05,0.6091524757429122,0.02141205802062249
2010-07-06,0.0,0,0.0,2010-07-06,1.0786722659042216,0.019767452408683585
2010-07-07,46.73500000000004,1,934.7000000000008,2010-07-07,1.0594654326956252,0.020679080638723375
2010-07-08,0.0,0,0.0,2010-07-08,0.748161684723488,0.02213488224023048
2010-07-09,0.0,0,0.0,2010-07-09,0.776297657326594,0.022550234908969253
2010-07-12,-12.925000000000036,1,-258.50000000000074,2010-07-12,0.7337537854582754,0.02135337466231681
2010-07-13,0.0,0,0.0,2010-07-13,1.1095723465544116,0.02074653585392753
2010-07-14,0.0,0,0.0,2010-07-14,0.7841348879631226,0.02073723705421329
2010-07-15,-7.2450000000002,1,-144.900000000004,2010-07-15,1.074112834173729,0.02028768799248826
2010-07-16,32.80499999999975,1,656.099999999995,2010-07-16,0.87086655652132,0.020318047030752875
2010-07-19,0.0,0,0.0,2010-07-19,0.7734688190022949,0.021249857975125425
2010-07-20,0.0,0,0.0,2010-07-20,1.164839626471773,0.018917037502081673
2010-07-21,0.0,0,0.0,2010-07-21,0.7640893810559675,0.01942286273184032
2010-07-22,12.074999999999964,1,241.49999999999926,2010-07-22,0.9530669497308342,0.01938053220219543
2010-07-23,0.0,0,0.0,2010-07-23,0.8609560181821866,0.02025194854417001
2010-07-26,0.0,0,0.0,2010-07-26,0.7443317422434351,0.021023723491759093
2010-07-27,0.0,0,0.0,2010-07-27,0.6594115068210384,0.01997884616649142
2010-07-28,0.0,0,0.0,2010-07-28,1.176998267755491,0.018486292896697978
2010-07-29,-13.4950000000002,1,-269.900000000004,2010-07-29,1.0958090941469862,0.01842997326807025
2010-07-30,0.0,0,0.0,2010-07-30,1.190375883536972,0.01939938079603128
2010-08-02,0.13499999999990908,1,2.6999999999981816,2010-08-02,0.596318602086679,0.020087126666601264
2010-08-03,-9.524999999999945,1,-190.49999999999892,2010-08-03,0.6609646369533352,0.020354182518048
2010-08-04,0.0,0,0.0,2010-08-04,1.202928537322924,0.020127606331301524
2010-08-05,0.0,0,0.0,2010-08-05,1.0187980036460287,0.019738781087096365
2010-08-06,0.0,0,0.0,2010-08-06,1.5281838381476092,0.01825663532733322
2010-08-09,0.0,0,0.0,2010-08-09,0.5388023057216079,0.018376147177703805
2010-08-10,-26.58500000000051,3,-531.7000000000102,2010-08-10,1.031273878397554,0.01679628307980657
2010-08-11,8.229999999999855,2,164.5999999999971,2010-08-11,1.1239453011347011,0.016081008770023098
2010-08-12,0.0,0,0.0,2010-08-12,1.1242124978716275,0.016349864522265663
2010-08-13,0.0,0,0.0,2010-08-13,1.0562685093780773,0.01672743486717699
2010-08-16,-15.205000000000236,1,-304.10000000000474,2010-08-16,1.065191038477081,0.016435086029767912
2010-08-17,-8.095000000000109,1,-161.9000000000022,2010-08-17,0.8332111257760052,0.016962826681553054
2010-08-18,-11.515000000000182,1,-230.30000000000365,2010-08-18,1.0969167470919927,0.017414641240590167
2010-08-19,4.249999999999837,2,84.99999999999673,2010-08-19,1.3975479825656971,0.016707101761216727
2010-08-20,0.0,0,0.0,2010-08-20,1.1497218605752082,0.016683259915703543
2010-08-23,8.944999999999855,1,178.89999999999708,2010-08-23,0.8286177240433725,0.01600679307136846
2010-08-24,-9.949999999999754,2,-198.99999999999508,2010-08-24,1.0747459153480088,0.016730185970372628
2010-08-25,-0.14500000000006363,1,-2.9000000000012727,2010-08-25,1.196014079147651,0.017603857862599492
2010-08-26,2.695000000000082,1,53.90000000000164,2010-08-26,1.0545495699411496,0.018571136083058652
2010-08-27,-18.044999999999927,1,-360.89999999999856,2010-08-27,1.0500056695770463,0.018673948509688277
2010-08-30,0.0,0,0.0,2010-08-30,0.6959943236792797,0.02003467399043764
2010-08-31,0.0,0,0.0,2010-08-31,0.8270676691729314,0.019878911908040777
2010-09-01,21.444999999999855,1,428.8999999999971,2010-09-01,1.0868876211174547,0.01860872531224404
2010-09-02,3.8349999999997273,1,76.69999999999455,2010-09-02,0.9391296529401234,0.019363961083765906
2010-09-03,-15.774999999999945,1,-315.4999999999989,2010-09-03,1.3889378858510864,0.019696961525008907
2010-09-06,0.0,0,0.0,2010-09-06,0.5136417556346426,0.019538875184182243
2010-09-07,0.0,0,0.0,2010-09-07,1.039642440730671,0.01831435318799796
2010-09-08,8.944999999999855,1,178.89999999999708,2010-09-08,1.630253270247716,0.01782028366648237
2010-09-09,0.0,0,0.0,2010-09-09,1.094002527107626,0.017401855058229727
2010-09-10,0.0,0,0.0,2010-09-10,0.8324321247652101,0.017290573424110937
2010-09-13,1.5650000000002002,1,31.300000000004005,2010-09-13,0.7882115169979818,0.016499629580071857
2010-09-14,0.0,0,0.0,2010-09-14,0.9891885174599371,0.016038941245342136
2010-09-15,0.0,0,0.0,2010-09-15,1.044881214793048,0.015379887886871972
2010-09-16,0.0,0,0.0,2010-09-16,0.9381440030436612,0.014948634625227362
2010-09-17,0.0,0,0.0,2010-09-17,1.3773336194475818,0.013586401483596586
2010-09-20,10.664999999999655,1,213.29999999999308,2010-09-20,0.8698622000475131,0.013114240934119472
2010-09-21,0.0,0,0.0,2010-09-21,0.9707509416195883,0.01340634308053427
2010-09-22,0.0,0,0.0,2010-09-22,1.3080482092877157,0.01194918257222807
2010-09-23,-9.2450000000002,1,-184.900000000004,2010-09-23,1.424991917232475,0.011940734787341993
2010-09-24,11.804999999999982,1,236.09999999999962,2010-09-24,1.1191424497222038,0.012011846912502611
2010-09-27,-4.695000000000018,1,-93.90000000000036,2010-09-27,0.735739231664714,0.01318115979306601
2010-09-28,-16.644999999999836,1,-332.89999999999674,2010-09-28,1.5367739812427916,0.01311438056525023
2010-09-29,0.0,0,0.0,2010-09-29,1.245944192083072,0.013322893252815774
2010-09-30,-17.4950000000002,1,-349.900000000004,2010-09-30,1.032305180857456,0.013247316868607499
2010-10-01,0.0,0,0.0,2010-10-01,1.0142425550280318,0.014225419048873986
2010-10-04,-5.544999999999927,1,-110.89999999999854,2010-10-04,0.9698549562194965,0.014127821678751552
2010-10-05,14.63499999999991,1,292.69999999999817,2010-10-05,1.028645833333338,0.014458744829602682
2010-10-06,2.134999999999909,1,42.699999999998184,2010-10-06,0.9219577765477975,0.015393452520968205
2010-10-07,-20.905000000000054,1,-418.1000000000011,2010-10-07,1.3914084794129717,0.015891373114293603
2010-10-08,-11.669999999999781,2,-233.39999999999563,2010-10-08,1.5116411130039806,0.01608769915206607
2010-10-11,0.0,0,0.0,2010-10-11,0.46885885467464444,0.015832156681849337
2010-10-12,-19.06000000000011,2,-381.2000000000022,2010-10-12,1.0613306705907053,0.015604988133787464
2010-10-13,0.0,0,0.0,2010-10-13,0.913535330566763,0.016105179827855604
2010-10-14,-10.954999999999782,1,-219.09999999999565,2010-10-14,0.9344712470385336,0.015782398392439067
2010-10-15,0.0,0,0.0,2010-10-15,1.1367900160417796,0.014968196148227789
2010-10-18,0.0,0,0.0,2010-10-18,0.8516141392854,0.015890286113946852
2010-10-19,-20.33499999999989,1,-406.69999999999783,2010-10-19,0.8416161989736884,0.015014459632774996
2010-10-20,-4.695000000000018,1,-93.90000000000036,2010-10-20,0.7789714384329989,0.01617051127917199
2010-10-21,-19.48499999999998,1,-389.69999999999965,2010-10-21,0.8540302037845863,0.015606882164140991
2010-10-22,4.975000000000055,1,99.5000000000011,2010-10-22,0.8298886349268134,0.015806515891212913
2010-10-25,-12.51999999999969,2,-250.3999999999938,2010-10-25,0.6346733146359118,0.015210427840467193
2010-10-26,0.0,0,0.0,2010-10-26,1.0176884663979415,0.014174869276858681
2010-10-27,0.0,0,0.0,2010-10-27,1.0426689576174268,0.0140205381166368
2010-10-28,-9.814999999999909,1,-196.2999999999982,2010-10-28,0.8598072206695897,0.01400389374646126
2010-10-29,0.0,0,0.0,2010-10-29,0.9492674986435214,0.013705026958247754
2010-11-01,-6.6850000000002545,1,-133.7000000000051,2010-11-01,0.7980441278560766,0.01356913914051865
2010-11-02,0.0,0,0.0,2010-11-02,0.7460078336848542,0.013252683091922004
2010-11-03,-18.065000000000364,1,-361.3000000000073,2010-11-03,0.8666242507450626,0.013297788254706249
2010-11-04,0.0,0,0.0,2010-11-04,1.033012788737991,0.013538834218064387
2010-11-05,0.0,0,0.0,2010-11-05,1.266252481906131,0.013184511882146335
2010-11-08,0.0,0,0.0,2010-11-08,0.8643625910822897,0.01308444401679222
2010-11-09,1.5649999999997455,1,31.29999999999491,2010-11-09,0.9319056947915914,0.011837732510421235
2010-11-10,-7.410000000000018,2,-148.20000000000036,2010-11-10,1.0153024800571024,0.011900398872655104
2010-11-11,0.0,0,0.0,2010-11-11,0.8932262368854913,0.011499411667855177
2010-11-12,10.94500000000031,1,218.90000000000617,2010-11-12,1.1257005604483605,0.01221756257983048
2010-11-15,0.0,0,0.0,2010-11-15,0.8721242502909041,0.013161830511119296
2010-11-16,1.5650000000002002,1,31.300000000004005,2010-11-16,0.689869612984799,0.012988900477559054
2010-11-17,-20.344999999999654,1,-406.8999999999931,2010-11-17,1.0482990722212204,0.013734319527097106
2010-11-18,3.689999999999891,2,73.79999999999782,2010-11-18,0.7477740511063347,0.013618658714163656
2010-11-19,0.0,0,0.0,2010-11-19,1.0008528432694195,0.014798107042511641
2010-11-22,-3.1500000000002544,2,-63.00000000000509,2010-11-22,1.1294390491375799,0.014376181020353098
2010-11-23,0.13500000000036383,1,2.7000000000072766,2010-11-23,1.185808339429387,0.014449377045412213
2010-11-24,14.074999999999964,1,281.49999999999926,2010-11-24,1.3091083580526968,0.015098284473336837
2010-11-25,0.0,0,0.0,2010-11-25,0.57395256210588,0.01554857747279216
2010-11-26,0.0,0,0.0,2010-11-26,1.462660696229955,0.015494378809185855
2010-11-29,-22.61500000000009,1,-452.30000000000183,2010-11-29,1.602286602286596,0.015645399392425742
2010-11-30,0.0,0,0.0,2010-11-30,1.3685219130144917,0.015635635267219453
2010-12-01,-10.529999999999909,2,-210.59999999999818,2010-12-01,1.0277110622237435,0.015925767922503505
2010-12-02,4.114999999999927,1,82.29999999999855,2010-12-02,1.2027278363298026,0.016427408903637836
2010-12-03,0.0,0,0.0,2010-12-03,1.3908249245812967,0.015512832029771535
2010-12-06,0.0,0,0.0,2010-12-06,1.1088543668002324,0.015277520534698042
2010-12-07,0.0,0,0.0,2010-12-07,1.2153846153846113,0.014125800466245472
2010-12-08,0.0,0,0.0,2010-12-08,1.1121424352375269,0.014307336908712578
2010-12-09,0.0,0,0.0,2010-12-09,0.965332311817659,0.013315634158313534
2010-12-10,0.0,0,0.0,2010-12-10,0.8846779486886709,0.013327911002734697
2010-12-13,0.0,0,0.0,2010-12-13,0.6324269267569818,0.01291931907468809
2010-12-14,0.0,0,0.0,2010-12-14,0.8767395626242852,0.01196580008615812
2010-12-15,-23.1849999999998,1,-463.699999999996,2010-12-15,1.166821737482314,0.010870853365454977
2010-12-16,-1.5650000000003637,1,-31.300000000007273,2010-12-16,0.944118397550416,0.01141638634407809
2010-12-17,0.0,0,0.0,2010-12-17,0.5981247979308112,0.011523646885741628
2010-12-20,-8.685000000000255,1,-173.7000000000051,2010-12-20,0.9878286084932586,0.010770170099440037
2010-12-21,0.0,0,0.0,2010-12-21,0.6948725133090605,0.010376768569894852
2010-12-22,0.0,0,0.0,2010-12-22,0.5555314815617386,0.008893091933763603
2010-12-23,0.0,0,0.0,2010-12-23,1.156143097350242,0.008266672830805292
2010-12-27,-16.954999999999654,5,-339.0999999999931,2010-12-27,1.4020243965740715,0.008024209324192368
2010-12-28,-4.984999999999982,1,-99.69999999999963,2010-12-28,0.8119806094182592,0.00852213742776671
2010-12-29,0.0,0,0.0,2010-12-29,0.7287204321103099,0.008122479325978742
2010-12-30,-2.715,1,-54.3,2010-12-30,1.1429236499069053,0.007785380597398318
2010-12-31,-11.554999999999726,7,-231.0999999999945,2010-12-31,0.8351702179769181,0.007457859630830191
2011-01-03,-4.570000000000036,4,-91.40000000000072,2011-01-03,1.5420054200542102,0.00742520092046809
2011-01-04,-10.675000000000036,1,-213.50000000000074,2011-01-04,0.8555426079765701,0.008404082645495215
2011-01-05,4.695000000000309,1,93.90000000000619,2011-01-05,1.443109129676267,0.008712580985050363
2011-01-06,0.0,0,0.0,2011-01-06,0.9402237071470089,0.00869339347464823
2011-01-07,-7.2549999999999635,1,-145.09999999999928,2011-01-07,1.437566702241216,0.008273361793923536
2011-01-10,-4.124999999999854,1,-82.49999999999709,2011-01-10,0.9136006614303444,0.008869404516066094
2011-01-11,0.0,0,0.0,2011-01-11,0.8115576380128658,0.008824553313075129
2011-01-12,0.0,0,0.0,2011-01-12,1.088946088946073,0.00893254016254007
2011-01-13,0.0,0,0.0,2011-01-13,1.2218701111155492,0.009220848917652012
2011-01-14,7.535,1,150.7,2011-01-14,1.3301158301158535,0.009271462634533911
2011-01-17,-4.415000000000273,1,-88.30000000000545,2011-01-17,1.115553163681085,0.009137723628224606
2011-01-18,17.495000000000037,1,349.9000000000007,2011-01-18,1.1020178671830825,0.009746652509577642
2011-01-19,20.625000000000146,1,412.5000000000029,2011-01-19,0.7777214619586644,0.010640142396701685
2011-01-20,0.9950000000000364,1,19.900000000000727,2011-01-20,1.0125853633009758,0.011498258491803954
2011-01-21,0.0,0,0.0,2011-01-21,0.9216508829661717,0.01200531204604131
2011-01-24,10.0950000000004,1,201.900000000008,2011-01-24,0.8751229105211562,0.011491163994141827
2011-01-25,0.0,0,0.0,2011-01-25,1.1124365411823378,0.011676418452402793
2011-01-26,-6.6849999999998,1,-133.699999999996,2011-01-26,0.6267114586568141,0.011431845132873703
2011-01-27,-3.8449999999996542,1,-76.89999999999308,2011-01-27,1.116936893334411,0.011750310464140578
2011-01-28,57.614999999999924,1,1152.2999999999984,2011-01-28,0.8756476683937897,0.011468262679030894
2011-01-31,-9.254999999999963,1,-185.09999999999928,2011-01-31,0.9129258562978392,0.012976749927934942
2011-02-01,19.485000000000273,1,389.70000000000545,2011-02-01,0.4836625019840781,0.01344030949706968
2011-02-02,0.0,0,0.0,2011-02-02,0.7426635942141655,0.014412188180144043
2011-02-03,0.0,0,0.0,2011-02-03,0.9710659205677492,0.014432768969705356
2011-02-04,0.0,0,0.0,2011-02-04,1.1802743305029393,0.014648166497124684
2011-02-07,-6.695000000000018,1,-133.90000000000038,2011-02-07,0.935794044665017,0.014183851012000256
2011-02-08,0.0,0,0.0,2011-02-08,1.0089642718947336,0.013732911692639514
2011-02-09,0.0,0,0.0,2011-02-09,0.9043379963261327,0.013180481078920317
2011-02-10,0.0,0,0.0,2011-02-10,1.1783653675975907,0.012556030031789176
2011-02-11,1.5649999999997455,1,31.29999999999491,2011-02-11,0.9733064351080286,0.012240362332142896
2011-02-14,0.0,0,0.0,2011-02-14,0.4851267098855641,0.0121162964328769
2011-02-15,0.0,0,0.0,2011-02-15,1.1515530693360823,0.011824616333295287
2011-02-16,-6.695000000000018,1,-133.90000000000038,2011-02-16,0.7687961580370465,0.01155781293313776
2011-02-17,0.0,0,0.0,2011-02-17,0.9705258029717857,0.011531292445736153
2011-02-18,-9.534999999999709,1,-190.6999999999942,2011-02-18,0.7979061506823568,0.009793993510471029
2011-02-21,0.14500000000012736,1,2.900000000002547,2011-02-21,1.0577241455428277,0.009367519382875444
2011-02-22,34.85500000000016,1,697.1000000000032,2011-02-22,1.4033783783784188,0.008728221020368514
2011-02-23,7.2549999999998,1,145.099999999996,2011-02-23,0.6903732602277379,0.009874180591494395
2011-02-24,-13.805000000000145,1,-276.1000000000029,2011-02-24,1.119856130328988,0.010307964021320245
2011-02-25,10.66500000000011,1,213.30000000000217,2011-02-25,0.6695794184394174,0.010769519828018779
2011-02-28,0.0,0,0.0,2011-02-28,0.9404700190081278,0.01116516010532001
2011-03-01,14.500000000000291,2,290.0000000000058,2011-03-01,1.2548443137779126,0.011305084109832084
2011-03-02,2.1250000000001457,1,42.50000000000291,2011-03-02,1.0537286293988515,0.01253262095498473
2011-03-03,11.234999999999818,1,224.69999999999635,2011-03-03,0.9389093890938883,0.01269052728262224
2011-03-04,-7.410000000000018,2,-148.20000000000036,2011-03-04,0.9563914553585592,0.01332578781622314
2011-03-07,11.235000000000273,1,224.70000000000545,2011-03-07,1.5586637382961568,0.01382918162385684
2011-03-08,-6.124999999999854,1,-122.49999999999709,2011-03-08,1.1719569524845646,0.015418783267321767
2011-03-09,-21.629999999999818,2,-432.5999999999964,2011-03-09,0.9721925756311377,0.015931700752890448
2011-03-10,-1.8449999999996542,1,-36.899999999993085,2011-03-10,0.8931177164331288,0.016302455978364695
2011-03-11,0.0,0,0.0,2011-03-11,1.1470985155195672,0.017172115951660415
2011-03-14,0.0,0,0.0,2011-03-14,1.082528787247009,0.017391843917123933
2011-03-15,0.0,0,0.0,2011-03-15,1.395615398803721,0.01675862427762503
2011-03-16,15.234999999999818,1,304.69999999999635,2011-03-16,0.8519177615387639,0.017744496016637985
2011-03-17,0.0,0,0.0,2011-03-17,0.8600932711525595,0.0189036589077684
2011-03-18,0.0,0,0.0,2011-03-18,0.6489820424649305,0.01918413875098638
2011-03-21,-5.844999999999654,1,-116.89999999999308,2011-03-21,0.7366946311523427,0.019464093595558528
2011-03-22,0.0,0,0.0,2011-03-22,0.704727547296453,0.019497802514215862
2011-03-23,0.0,0,0.0,2011-03-23,1.6440766162004028,0.01901155583886132
2011-03-24,4.984999999999818,1,99.69999999999636,2011-03-24,1.1770062340937208,0.01885237498847166
2011-03-25,-8.405000000000054,1,-168.1000000000011,2011-03-25,0.7049463558219438,0.01941966253305274
2011-03-28,0.0,0,0.0,2011-03-28,0.9169990868457609,0.01806583978867702
2011-03-29,12.955000000000073,1,259.10000000000144,2011-03-29,1.2188607249931895,0.01769571787087007
2011-03-30,0.0,0,0.0,2011-03-30,0.8900842651969069,0.017848754093547643
2011-03-31,0.0,0,0.0,2011-03-31,0.7852545684404302,0.016908514758236567
2011-04-01,0.0,0,0.0,2011-04-01,0.7803495512517584,0.016248859458371553
2011-04-04,-10.11500000000009,1,-202.30000000000183,2011-04-04,0.7764078640453074,0.016075764931538165
2011-04-05,0.0,0,0.0,2011-04-05,0.9760961770736578,0.014536784811388984
2011-04-06,0.0,0,0.0,2011-04-06,1.1962317319114775,0.012873248602483104
2011-04-07,-8.405000000000054,1,-168.1000000000011,2011-04-07,0.819066422225345,0.012486134497805102
2011-04-08,-12.955000000000236,1,-259.10000000000474,2011-04-08,0.7132481843225783,0.01243639294744619
2011-04-11,-8.114999999999636,1,-162.29999999999274,2011-04-11,0.9162547794460412,0.011892316506584294
2011-04-12,-6.974999999999763,1,-139.49999999999528,2011-04-12,0.8205441015005592,0.012377300687127288
2011-04-13,0.0,0,0.0,2011-04-13,0.9470073833586423,0.011801054286678336
2011-04-14,0.0,0,0.0,2011-04-14,1.050005118231131,0.011165679866125254
2011-04-15,0.0,0,0.0,2011-04-15,0.7444900051255717,0.011291134655454612
2011-04-18,-27.079999999999963,6,-541.5999999999992,2011-04-18,0.9866877625620611,0.011274529032231955
2011-04-19,0.0,0,0.0,2011-04-19,0.7402826855123757,0.011922268735994149
2011-04-20,-4.560000000000109,2,-91.20000000000218,2011-04-20,1.1670954668609623,0.012060539816909011
2011-04-21,0.0,0,0.0,2011-04-21,0.975532716184378,0.013316898121428167
2011-04-25,0.0,0,0.0,2011-04-25,0.3856677899709031,0.013298526399398717
2011-04-26,-10.260000000000382,2,-205.20000000000763,2011-04-26,1.0485156783843175,0.01276418974982388
2011-04-27,0.0,0,0.0,2011-04-27,0.985773871592442,0.01281349096286273
2011-04-28,0.0,0,0.0,2011-04-28,0.807157569515988,0.012549616344675154
2011-04-29,0.0,0,0.0,2011-04-29,0.6907706304545291,0.011960813054694945
2011-05-02,-12.385000000000073,1,-247.70000000000147,2011-05-02,0.615427371541501,0.01116083182160554
2011-05-03,4.124999999999691,1,82.49999999999382,2011-05-03,1.0464515388148956,0.010888080130073058
2011-05-04,-12.83000000000009,2,-256.60000000000184,2011-05-04,1.0508902218413627,0.010940016410645906
2011-05-05,-23.069999999999872,2,-461.3999999999975,2011-05-05,1.1772125289047788,0.011103988847630603
2011-05-06,-12.105000000000327,1,-242.10000000000656,2011-05-06,1.2111119818196052,0.011429657147194369
2011-05-09,-6.695000000000018,1,-133.90000000000038,2011-05-09,0.9684954032438878,0.011803501087889705
2011-05-10,-9.690000000000218,2,-193.80000000000436,2011-05-10,0.8877267876200857,0.01083605136755204
2011-05-11,5.265000000000018,1,105.30000000000037,2011-05-11,0.7978170478170585,0.010935001257797719
2011-05-12,2.4150000000001093,1,48.300000000002186,2011-05-12,0.9952086244759305,0.010454089452703359
2011-05-13,8.395000000000127,1,167.90000000000254,2011-05-13,0.8579094781933364,0.010882788337711741
2011-05-16,19.79500000000022,1,395.90000000000435,2011-05-16,0.7855790138177715,0.01146940639414122
2011-05-17,0.0,0,0.0,2011-05-17,1.1171354082550766,0.012258339255971782
2011-05-18,16.375000000000146,1,327.5000000000029,2011-05-18,0.8265599599849914,0.012234817302922796
2011-05-19,-14.664999999999818,1,-293.2999999999964,2011-05-19,1.1721396377481017,0.012726969129314477
2011-05-20,-1.8549999999998725,1,-37.09999999999745,2011-05-20,1.0428777902681907,0.012951217173901922
2011-05-23,-3.5750000000002906,3,-71.50000000000581,2011-05-23,1.134268537074142,0.012957628989455974
2011-05-24,9.255000000000255,1,185.10000000000508,2011-05-24,0.7974882260596555,0.013538341429645138
2011-05-25,1.8449999999999456,1,36.89999999999891,2011-05-25,1.1160955990409243,0.01324619766078255
2011-05-26,0.9950000000000364,1,19.900000000000727,2011-05-26,1.0629160403693207,0.012881329745835954
2011-05-27,-5.8350000000003455,1,-116.70000000000691,2011-05-27,1.0447393624298882,0.012639043452007202
2011-05-30,0.0,0,0.0,2011-05-30,0.5429817983502885,0.012333647632538107
2011-05-31,0.0,0,0.0,2011-05-31,1.0910812034407786,0.011767589519991892
2011-06-01,40.295000000000215,1,805.9000000000043,2011-06-01,1.4314538317619927,0.011769764392219809
2011-06-02,0.0,0,0.0,2011-06-02,0.9206761339550634,0.012257506008549602
2011-06-03,0.0,0,0.0,2011-06-03,1.3162670279948743,0.012030530094800707
2011-06-06,0.0,0,0.0,2011-06-06,1.2572835653509502,0.01178505425515683
2011-06-07,0.0,0,0.0,2011-06-07,0.8063959791071077,0.011893386845940336
2011-06-08,0.0,0,0.0,2011-06-08,1.0741401273885314,0.011630377419903245
2011-06-09,0.0,0,0.0,2011-06-09,0.9805800103573231,0.0117481056885395
2011-06-10,20.365000000000382,1,407.3000000000076,2011-06-10,0.9210082142455571,0.011782932469857819
2011-06-13,-10.394999999999836,1,-207.89999999999674,2011-06-13,0.8795615173806629,0.011537405445830817
2011-06-14,-0.715,1,-14.299999999999999,2011-06-14,1.0197593147301331,0.011520169010415882
2011-06-15,0.0,0,0.0,2011-06-15,0.9822608909521267,0.011897678845182365
2011-06-16,0.0,0,0.0,2011-06-16,1.4911322619233343,0.012521444918261867
2011-06-17,0.0,0,0.0,2011-06-17,1.2775772162053665,0.013296083983475397
2011-06-20,6.134999999999909,1,122.69999999999818,2011-06-20,0.7404925448148825,0.014325788257684404
2011-06-21,35.23500000000027,1,704.7000000000054,2011-06-21,0.747553439611431,0.013938915936679622
2011-06-22,0.0,0,0.0,2011-06-22,0.8876153925941342,0.013914179316961983
2011-06-23,0.0,0,0.0,2011-06-23,1.0542495479204248,0.013925920904939399
2011-06-24,15.835000000000182,1,316.7000000000036,2011-06-24,1.3356885947176935,0.014438198743277215
2011-06-27,27.804999999999982,1,556.0999999999997,2011-06-27,0.8448028607080988,0.01503485053444721
2011-06-28,22.954999999999618,1,459.09999999999235,2011-06-28,1.05839416058395,0.015978452130670572
2011-06-29,0.0,0,0.0,2011-06-29,1.2320571276929473,0.016352712717946336
2011-06-30,13.265000000000018,1,265.30000000000035,2011-06-30,0.7752198654940465,0.016318791319065433
2011-07-01,22.105000000000164,1,442.10000000000326,2011-07-01,0.8977230839027968,0.01614634271854675
2011-07-04,0.0,0,0.0,2011-07-04,0.6490507952796544,0.01683746811757431
2011-07-05,0.0,0,0.0,2011-07-05,1.14477084183327,0.01606534210532911
2011-07-06,0.0,0,0.0,2011-07-06,1.3463267403030834,0.015055739272299789
2011-07-07,0.0,0,0.0,2011-07-07,1.17944672632812,0.014537138749628267
2011-07-08,0.0,0,0.0,2011-07-08,1.7144723092998875,0.01452490938310714
2011-07-11,4.424999999999873,1,88.49999999999746,2011-07-11,0.9069061779342108,0.014747663212040917
2011-07-12,-6.9950000000002,1,-139.900000000004,2011-07-12,1.8025387870239797,0.01468530791818241
2011-07-13,-27.524999999999945,1,-550.4999999999989,2011-07-13,0.7662828051323314,0.014791510833604795
2011-07-14,-23.254999999999963,1,-465.0999999999993,2011-07-14,0.9209542581390662,0.014112389664477393
2011-07-15,0.0,0,0.0,2011-07-15,0.8161425649204305,0.014327673500733435
2011-07-18,-13.265000000000182,1,-265.30000000000365,2011-07-18,0.8273290582895,0.013687408626350915
2011-07-19,17.824999999999964,1,356.49999999999926,2011-07-19,1.119948452570345,0.01368287682669789
2011-07-20,0.0,0,0.0,2011-07-20,0.7426114991939821,0.014720513760011896
2011-07-21,-14.124999999999854,1,-282.4999999999971,2011-07-21,1.379034835410664,0.014581838888655682
2011-07-22,0.0,0,0.0,2011-07-22,0.8483851141027318,0.014446374470456465
2011-07-25,0.0,0,0.0,2011-07-25,0.7556031486595713,0.015041651574948606
2011-07-26,0.0,0,0.0,2011-07-26,0.7751820058676641,0.015487744830286337
2011-07-27,37.07999999999976,2,741.5999999999951,2011-07-27,1.0585819603186357,0.015437074643145796
2011-07-28,2.9849999999998182,1,59.699999999996365,2011-07-28,1.3748044149363576,0.016327990708581968
2011-07-29,0.0,0,0.0,2011-07-29,1.033187331536391,0.016583578008102073
2011-08-01,-4.994999999999745,1,-99.8999999999949,2011-08-01,0.8216553783959148,0.016447036579174058
2011-08-02,16.684999999999636,1,333.6999999999927,2011-08-02,0.7722775129265086,0.017910530098459065
2011-08-03,0.0,0,0.0,2011-08-03,0.9201334256403662,0.018826974428351743
2011-08-04,54.91499999999965,1,1098.299999999993,2011-08-04,1.1515412146602704,0.019075446364212132
2011-08-05,-90.87500000000048,3,-1817.5000000000095,2011-08-05,1.7255151226230256,0.021576597720421642
2011-08-08,52.634999999999906,1,1052.699999999998,2011-08-08,0.9440581789257593,0.02408955521066068
2011-08-09,-2.145000000000291,1,-42.90000000000582,2011-08-09,1.3799444088090682,0.026948735230243475
2011-08-10,-5.845000000000109,1,-116.90000000000218,2011-08-10,0.6802110356487012,0.030339260194852367
2011-08-11,38.364999999999924,1,767.2999999999985,2011-08-11,1.1084959247758461,0.03231532582959799
2011-08-12,0.0,0,0.0,2011-08-12,1.07040031853962,0.03520000051574778
2011-08-15,-9.845000000000109,1,-196.9000000000022,2011-08-15,0.5531596590541767,0.035600846829048835
2011-08-16,0.0,0,0.0,2011-08-16,0.8279920142902164,0.03607302920622946
2011-08-17,-37.94000000000067,2,-758.8000000000135,2011-08-17,1.0490150457577234,0.035567085141423364
2011-08-18,19.39,4,387.8,2011-08-18,1.1738269454938597,0.03615294726443013
2011-08-19,-30.955000000000236,1,-619.1000000000047,2011-08-19,1.6544295348355404,0.03908880368112896
2011-08-22,0.0,0,0.0,2011-08-22,1.0274257536247986,0.039257732411877085
2011-08-23,52.62500000000014,1,1052.5000000000027,2011-08-23,0.8871804003309878,0.03903105919187174
2011-08-24,0.0,0,0.0,2011-08-24,1.015449486745233,0.039985534639759825
2011-08-25,2.705000000000073,1,54.10000000000146,2011-08-25,0.7608816447490379,0.03801030901358027
2011-08-26,34.08500000000018,1,681.7000000000036,2011-08-26,0.9343926125591759,0.03614097859551906
2011-08-29,23.535,1,470.7,2011-08-29,0.46328108224179776,0.03451493846899028
2011-08-30,0.0,0,0.0,2011-08-30,0.7597050668011123,0.03231157731518832
2011-08-31,0.0,0,0.0,2011-08-31,0.8913457872664844,0.03069428552977136
2011-09-01,0.0,0,0.0,2011-09-01,1.0595960600935213,0.028386820384886942
2011-09-02,0.0,0,0.0,2011-09-02,1.3078464374449206,0.02858764576620355
2011-09-05,-9.264999999999727,1,-185.29999999999455,2011-09-05,0.7557106393977543,0.029598620921612757
2011-09-06,0.0,0,0.0,2011-09-06,1.4013217182337199,0.03002265477552473
2011-09-07,0.0,0,0.0,2011-09-07,1.1065316600114063,0.030115312489597517
2011-09-08,-32.66499999999982,1,-653.2999999999964,2011-09-08,1.1332140582830446,0.02751702216482624
2011-09-09,17.2549999999998,1,345.099999999996,2011-09-09,1.0796613311908894,0.026364882775389377
2011-09-12,0.0,0,0.0,2011-09-12,1.0588777365445416,0.026714185527803015
2011-09-13,0.0,0,0.0,2011-09-13,1.3704799897053173,0.02560977996677388
2011-09-14,0.0,0,0.0,2011-09-14,1.1533682182473195,0.025317144586436493
2011-09-15,0.0,0,0.0,2011-09-15,0.9324079268372333,0.025752406818731484
2011-09-16,0.0,0,0.0,2011-09-16,0.9102646868947691,0.024040201428771082
2011-09-19,-30.020000000000145,2,-600.4000000000029,2011-09-19,0.8266878887788238,0.02270546217008317
2011-09-20,-38.734999999999985,1,-774.6999999999997,2011-09-20,1.2301092721950104,0.023032610251107803
2011-09-21,0.0,0,0.0,2011-09-21,1.1118721148445914,0.022938222148944507
2011-09-22,-25.294999999999927,1,-505.89999999999856,2011-09-22,1.3043581890336242,0.02348680997880088
2011-09-23,7.574999999999964,1,151.49999999999926,2011-09-23,1.3980986390358352,0.024903749919805946
2011-09-26,-27.875000000000018,3,-557.5000000000003,2011-09-26,0.9872705368952287,0.024629044509422045
2011-09-27,0.0,0,0.0,2011-09-27,0.6215169194865756,0.024866712822175643
2011-09-28,0.0,0,0.0,2011-09-28,1.0595548648498627,0.02497258061621677
2011-09-29,10.434999999999636,1,208.6999999999927,2011-09-29,1.163488785360936,0.02578557901874676
2011-09-30,0.0,0,0.0,2011-09-30,0.8076675503769473,0.027029870942593858
2011-10-03,17.0049999999998,1,340.099999999996,2011-10-03,0.8469811382432686,0.027262296743740172
2011-10-04,-28.724999999999763,1,-574.4999999999952,2011-10-04,1.2279812723767518,0.028520592981444493
2011-10-05,28.725000000000055,1,574.5000000000011,2011-10-05,0.9988353391381496,0.02937967154063752
2011-10-06,7.999999999999837,2,159.99999999999673,2011-10-06,0.8018801542402042,0.030890329505535063
2011-10-07,-18.86000000000029,2,-377.20000000000584,2011-10-07,1.0190621063389762,0.031814092213786636
2011-10-10,-2.9950000000002,1,-59.900000000004,2011-10-10,0.6677293902623448,0.031196930295752816
2011-10-11,-6.425000000000036,1,-128.50000000000074,2011-10-11,0.9369242779078942,0.032174457050876286
2011-10-12,0.0,0,0.0,2011-10-12,1.2477140195300371,0.031047892418293362
2011-10-13,0.0,0,0.0,2011-10-13,1.3167107001320864,0.028746939320797787
2011-10-14,0.0,0,0.0,2011-10-14,1.0581065126519695,0.027995406153960994
2011-10-17,-0.715,1,-14.299999999999999,2011-10-17,1.142468660874171,0.027118499386970866
2011-10-18,-14.570000000000327,2,-291.40000000000657,2011-10-18,1.2682215743440275,0.026762249456638156
2011-10-19,1.2850000000000001,1,25.700000000000003,2011-10-19,0.9173831881434679,0.026728229016262973
2011-10-20,-2.144999999999836,1,-42.89999999999672,2011-10-20,1.1466425605243078,0.025025464453196204
2011-10-21,1.5749999999999638,1,31.499999999999275,2011-10-21,0.9801842815048104,0.024492502658138116
2011-10-24,31.584999999999727,1,631.6999999999946,2011-10-24,0.9944793163427326,0.02338544992589158
2011-10-25,2.714999999999673,3,54.29999999999346,2011-10-25,1.1301475370554175,0.022015359522768046
2011-10-26,-41.29499999999993,1,-825.8999999999986,2011-10-26,0.9614640628416696,0.02089855037779429
2011-10-27,-12.155000000000054,1,-243.1000000000011,2011-10-27,0.846913204203422,0.021221534515004394
2011-10-28,0.0,0,0.0,2011-10-28,0.7537858700135327,0.022275202192692904
2011-10-31,0.0,0,0.0,2011-10-31,0.8851260342505216,0.020542752241963485
2011-11-01,0.0,0,0.0,2011-11-01,1.7472595021001969,0.020826000313553132
2011-11-02,0.0,0,0.0,2011-11-02,1.1853175290996165,0.02189604577995238
2011-11-03,14.435000000000091,1,288.7000000000018,2011-11-03,1.3225140579400765,0.0219227036469521
2011-11-04,-0.715,1,-14.299999999999999,2011-11-04,1.0340527577937735,0.022423102888272206
2011-11-07,-17.864999999999636,1,-357.29999999999274,2011-11-07,1.2150314316379336,0.022007188122908524
2011-11-08,-21.86500000000009,1,-437.30000000000183,2011-11-08,1.063433955470206,0.021335102054978437
2011-11-09,9.709999999999873,2,194.19999999999746,2011-11-09,1.5119321675221984,0.020959124197221738
2011-11-10,-18.715,1,-374.3,2011-11-10,1.5112154196846481,0.022358424866260662
2011-11-11,3.8649999999999274,1,77.29999999999855,2011-11-11,0.9548568929491175,0.022541700759456395
2011-11-14,-11.004999999999963,1,-220.09999999999928,2011-11-14,0.9704057679409769,0.02246212178426065
2011-11-15,10.435000000000091,1,208.7000000000018,2011-11-15,1.354942423148842,0.02178648826211573
2011-11-16,0.0,0,0.0,2011-11-16,1.658627712190123,0.021208039914288872
2011-11-17,32.15499999999989,1,643.0999999999977,2011-11-17,1.334128974293649,0.020262862444750288
2011-11-18,-4.850000000000527,2,-97.00000000001054,2011-11-18,0.9296320206584876,0.021760277885913875
2011-11-21,-2.4349999999997998,1,-48.699999999995995,2011-11-21,0.9306013613079809,0.021279114240828904
2011-11-22,0.0,0,0.0,2011-11-22,1.1060816564334683,0.021101231558776627
2011-11-23,20.579999999999764,2,411.59999999999525,2011-11-23,1.196263603918515,0.02118476846867393
2011-11-24,0.0,0,0.0,2011-11-24,0.9769379603045766,0.021053575149842536
2011-11-25,-3.7199999999999633,2,-74.39999999999927,2011-11-25,1.1826065966654695,0.02044070051993563
2011-11-28,3.5650000000002002,1,71.300000000004,2011-11-28,0.9108846838104451,0.02045350898903648
2011-11-29,0.0,0,0.0,2011-11-29,1.2909774791079809,0.021736256890480418
2011-11-30,2.715000000000291,1,54.300000000005824,2011-11-30,1.897091655553721,0.020033820135028323
2011-12-01,-13.575000000000127,1,-271.50000000000256,2011-12-01,0.9005270491306672,0.021188355893734682
2011-12-02,0.0,0,0.0,2011-12-02,1.1640497219496182,0.020351840529840032
2011-12-05,0.0,0,0.0,2011-12-05,1.0005185953474491,0.020413580491432444
2011-12-06,0.0,0,0.0,2011-12-06,1.3353051507718996,0.020343232302575315
2011-12-07,-5.575000000000127,1,-111.50000000000254,2011-12-07,1.0869396468076797,0.019683415414669208
2011-12-08,0.0,0,0.0,2011-12-08,1.4408278790022833,0.01878506224589963
2011-12-09,20.145000000000127,1,402.90000000000254,2011-12-09,1.3767259562882368,0.01947110651607138
2011-12-12,-6.569999999999872,2,-131.39999999999745,2011-12-12,0.9470927848061487,0.018716689286003226
2011-12-13,0.0,0,0.0,2011-12-13,1.107782404116301,0.019085977277177583
2011-12-14,10.734999999999818,1,214.69999999999635,2011-12-14,0.9950563134222908,0.019285402051292703
2011-12-15,0.0,0,0.0,2011-12-15,1.3580645709719699,0.02035201548975268
2011-12-16,-11.885000000000073,1,-237.70000000000147,2011-12-16,0.888810852770491,0.019985823500090826
2011-12-19,-5.015000000000182,1,-100.30000000000364,2011-12-19,1.0870947234583583,0.018808821896502265
2011-12-20,19.614999999999927,1,392.29999999999853,2011-12-20,1.03477441802351,0.019042541047579735
2011-12-21,-3.7199999999999633,2,-74.39999999999927,2011-12-21,1.4551772063933262,0.018544297207760657
2011-12-22,0.0,0,0.0,2011-12-22,1.020513226675097,0.01968756003891193
2011-12-23,0.0,0,0.0,2011-12-23,0.6947344530186111,0.01931776295352139
2011-12-27,0.0,0,0.0,2011-12-27,1.025001700024927,0.0186626889276517
2011-12-28,11.304999999999982,1,226.09999999999962,2011-12-28,0.9126362834125754,0.01859475917818728
2011-12-29,0.0,0,0.0,2011-12-29,0.9390090279235915,0.018484367527213042
2011-12-30,0.0,0,0.0,2011-12-30,1.1060619561020681,0.017742390299001567
2012-01-03,0.0,0,0.0,2012-01-03,2.301342087477077,0.016780436593413033
2012-01-04,0.0,0,0.0,2012-01-04,1.1662049205559708,0.01706693512167937
2012-01-05,3.2949999999997637,1,65.89999999999527,2012-01-05,1.3022747156605647,0.01600677871859068
2012-01-06,0.0,0,0.0,2012-01-06,1.1241124112411276,0.015517607651788893
2012-01-09,0.0,0,0.0,2012-01-09,1.0959324998227467,0.015166075115574917
2012-01-10,0.0,0,0.0,2012-01-10,0.9780077619663589,0.014499749642626127
2012-01-11,0.0,0,0.0,2012-01-11,1.1408626797249444,0.014055641390601814
2012-01-12,0.0,0,0.0,2012-01-12,1.2569761183036323,0.012463919091448564
2012-01-13,-9.305000000000145,1,-186.10000000000292,2012-01-13,1.1718450890884948,0.01132887126351274
2012-01-16,0.0,0,0.0,2012-01-16,1.255108625510852,0.011625210673351514
2012-01-17,-12.734999999999982,1,-254.69999999999965,2012-01-17,1.300861216998435,0.011470488392744518
2012-01-18,16.46500000000029,1,329.3000000000058,2012-01-18,1.5183231538034159,0.011414083223365562
2012-01-19,-3.865000000000091,1,-77.30000000000182,2012-01-19,0.9877963248702625,0.011257977263700394
2012-01-20,0.0,0,0.0,2012-01-20,1.1702905418212304,0.011137439193744459
2012-01-23,-9.874999999999854,1,-197.4999999999971,2012-01-23,1.1859557092187907,0.011096387753254305
2012-01-24,0.0,0,0.0,2012-01-24,1.1825720146774243,0.010301285699038074
2012-01-25,0.0,0,0.0,2012-01-25,1.1162296243798704,0.010001642979537003
2012-01-26,0.0,0,0.0,2012-01-26,1.1103973352367285,0.010002677839847816
2012-01-27,1.0049999999998,1,20.099999999996,2012-01-27,1.2874449860394703,0.010384625657275492
2012-01-30,0.0,0,0.0,2012-01-30,1.0019895965673464,0.010230577694526172
2012-01-31,0.0,0,0.0,2012-01-31,0.7919362986841199,0.01034525936189425
2012-02-01,0.0,0,0.0,2012-02-01,1.2532656023222142,0.010634604402355027
2012-02-02,0.0,0,0.0,2012-02-02,1.1727138568011728,0.010761137562972657
2012-02-03,4.445000000000309,1,88.90000000000619,2012-02-03,1.3775935918117503,0.010364897399396446
2012-02-06,0.0,0,0.0,2012-02-06,1.1410024154589415,0.01093097983163153
2012-02-07,-5.014999999999727,1,-100.29999999999454,2012-02-07,1.1717090886706987,0.010786912235188592
2012-02-08,-3.729999999999727,2,-74.59999999999454,2012-02-08,0.8616939396981472,0.010448161024313143
2012-02-09,-1.2850000000001636,1,-25.70000000000327,2012-02-09,1.3927333119664438,0.010479474807063472
2012-02-10,0.0,0,0.0,2012-02-10,1.0973688122491112,0.01088017702267854
2012-02-13,0.0,0,0.0,2012-02-13,0.9882733300454816,0.010714122200281565
2012-02-14,0.0,0,0.0,2012-02-14,1.237599977390265,0.01096452007848257
2012-02-15,-22.910000000000018,2,-458.2000000000004,2012-02-15,0.9448513093652627,0.010494237997927949
2012-02-16,13.460000000000328,2,269.2000000000065,2012-02-16,1.0115286176983445,0.010809101800897373
2012-02-17,0.42500000000032745,1,8.50000000000655,2012-02-17,0.6435377016176205,0.01147829578125244
2012-02-20,3.585000000000182,1,71.70000000000364,2012-02-20,0.8474676612497286,0.01102811888639924
2012-02-21,-10.165000000000273,1,-203.30000000000547,2012-02-21,1.2038909756332294,0.010461839687844936
2012-02-22,0.0,0,0.0,2012-02-22,1.0264268779274979,0.010350337844711057
2012-02-23,-6.009999999999927,2,-120.19999999999854,2012-02-23,1.0943930728526239,0.010333236890380616
2012-02-24,0.0,0,0.0,2012-02-24,0.8617262134850099,0.010092405089902352
2012-02-27,-13.315000000000364,1,-266.3000000000073,2012-02-27,1.0596357226792097,0.01005169712932027
2012-02-28,13.3150000000002,1,266.300000000004,2012-02-28,0.9408715568681777,0.010443402196251598
2012-02-29,-5.450000000000436,2,-109.00000000000873,2012-02-29,0.9902049551403352,0.010543763654162656
2012-03-01,-9.30499999999969,1,-186.09999999999383,2012-03-01,0.9905648634519033,0.010635240720362765
2012-03-02,0.0,0,0.0,2012-03-02,0.7904880970985035,0.010498254998904447
2012-03-05,15.3150000000002,1,306.300000000004,2012-03-05,0.95381259763609,0.01019276617574517
2012-03-06,-9.885000000000073,1,-197.70000000000147,2012-03-06,1.2343584895167057,0.010620892167255602
2012-03-07,0.0,0,0.0,2012-03-07,0.8610988669069342,0.010355251893403491
2012-03-08,0.0,0,0.0,2012-03-08,1.1574947447852053,0.009867975813313725
2012-03-09,-0.13500000000007273,1,-2.7000000000014546,2012-03-09,1.2533640907343206,0.010214715666629447
2012-03-12,0.0,0,0.0,2012-03-12,0.9506533435818836,0.010350195712566504
2012-03-13,25.625000000000146,1,512.500000000003,2012-03-13,0.9392212423190747,0.010023860319159833
2012-03-14,-19.2100000000002,2,-384.200000000004,2012-03-14,0.995710228989171,0.010862201232297416
2012-03-15,0.0,0,0.0,2012-03-15,0.875834929840009,0.010750008077322433
2012-03-16,0.0,0,0.0,2012-03-16,0.6062823535788822,0.010859800730900654
2012-03-19,4.154999999999891,1,83.09999999999782,2012-03-19,1.6232243456696942,0.010168484756069367
2012-03-20,-2.715,1,-54.3,2012-03-20,1.0677482349406617,0.010162916455939206
2012-03-21,-20.34000000000031,2,-406.8000000000062,2012-03-21,0.9378023103624993,0.010083163173431125
2012-03-22,0.0,0,0.0,2012-03-22,1.1979473374274274,0.009945432834220932
2012-03-23,-3.1500000000002544,2,-63.00000000000509,2012-03-23,1.3213363545344452,0.009950373015095628
2012-03-26,25.085000000000182,1,501.7000000000036,2012-03-26,1.1887744902039117,0.009482549725615746
2012-03-27,-6.590000000000309,2,-131.80000000000618,2012-03-27,1.2842413688254914,0.0096427010824913
2012-03-28,-12.33000000000009,2,-246.6000000000018,2012-03-28,1.5463385250839061,0.009342904035577004
2012-03-29,-10.754999999999963,1,-215.09999999999928,2012-03-29,1.111718788843045,0.009427357656085307
2012-03-30,-9.894999999999836,1,-197.89999999999674,2012-03-30,0.762814446376299,0.00976648755080948
2012-04-02,20.785,1,415.7,2012-04-02,1.3026854392514975,0.010113551994485787
2012-04-03,-9.605000000000327,1,-192.10000000000656,2012-04-03,0.8442413445898929,0.009810934844699675
2012-04-04,-1.6342482922482304e-13,2,-3.268496584496461e-12,2012-04-04,1.244383519914713,0.009843563650608915
2012-04-05,6.445000000000309,1,128.90000000000617,2012-04-05,1.6151582045621848,0.010750276879680594
2012-04-09,0.0,0,0.0,2012-04-09,0.5967365967366033,0.011113059609403028
2012-04-10,10.32,2,206.4,2012-04-10,1.2856739988719712,0.01141083928273052
2012-04-11,0.0,0,0.0,2012-04-11,1.1908196721311393,0.012284503100117885
2012-04-12,15.624999999999691,1,312.4999999999938,2012-04-12,1.345396234632667,0.012626093595224841
2012-04-13,25.66500000000011,1,513.3000000000022,2012-04-13,1.0547921895605383,0.013048282313345061
2012-04-16,-0.8500000000002359,4,-17.000000000004718,2012-04-16,1.0833427357177647,0.013637837224813255
2012-04-17,31.395000000000127,1,627.9000000000026,2012-04-17,0.916599663767276,0.013834987771477597
2012-04-18,0.0,0,0.0,2012-04-18,0.8728124624564523,0.015065234879834357
2012-04-19,-4.4349999999998,1,-88.699999999996,2012-04-19,1.7149286433351012,0.014677896993655562
2012-04-20,0.0,0,0.0,2012-04-20,0.9446556822982762,0.015597665966221743
2012-04-23,-12.754999999999963,1,-255.09999999999928,2012-04-23,0.76925740003462,0.015840833562200004
2012-04-24,-11.895000000000291,1,-237.90000000000583,2012-04-24,1.144624423343469,0.01610018375724546
2012-04-25,-12.1849999999998,1,-243.699999999996,2012-04-25,0.8562384806474944,0.016200976791530187
2012-04-26,0.0,0,0.0,2012-04-26,1.1157379313231042,0.016674823904985488
2012-04-27,0.0,0,0.0,2012-04-27,1.152776154295712,0.01664496913418657
2012-04-30,0.0,0,0.0,2012-04-30,0.9918257396312294,0.016344506355379453
2012-05-01,-11.035000000000164,1,-220.70000000000329,2012-05-01,0.7761258699596321,0.015291198076737166
2012-05-02,0.0,0,0.0,2012-05-02,1.2830868167202438,0.015581384623578633
2012-05-03,10.465000000000291,1,209.3000000000058,2012-05-03,0.9383043054549155,0.015459545671926683
2012-05-04,35.69499999999985,1,713.899999999997,2012-05-04,1.559848862907255,0.015377590457778246
2012-05-07,0.0,0,0.0,2012-05-07,0.8189505386308277,0.01579523079088627
2012-05-08,-7.4499999999999815,2,-148.99999999999963,2012-05-08,1.108016363478113,0.015020253214556852
2012-05-09,0.0,0,0.0,2012-05-09,1.221333876525603,0.01580334616511752
2012-05-10,-14.765000000000182,1,-295.30000000000365,2012-05-10,1.0525174552235657,0.015421035130940461
2012-05-11,-11.895000000000291,1,-237.90000000000583,2012-05-11,0.9210121012101294,0.015171459025442332
2012-05-14,0.0,0,0.0,2012-05-14,0.9719001391398846,0.014937824642330313
2012-05-15,-17.055000000000145,1,-341.1000000000029,2012-05-15,1.1139763675221268,0.01487054854236152
2012-05-16,-4.155000000000054,1,-83.10000000000109,2012-05-16,1.1637969409376643,0.014145660044746692
2012-05-17,46.30499999999998,1,926.0999999999996,2012-05-17,1.1665887324431476,0.01457213071859881
2012-05-18,10.475000000000055,1,209.50000000000108,2012-05-18,1.072206065641886,0.015536253132849061
2012-05-21,45.72500000000005,1,914.500000000001,2012-05-21,0.7799292169996241,0.016343629376327447
2012-05-22,0.0,0,0.0,2012-05-22,0.8889192844876095,0.017195049451373873
2012-05-23,0.0,0,0.0,2012-05-23,0.9603115857742052,0.017526876485389746
2012-05-24,-18.630000000000273,2,-372.6000000000055,2012-05-24,1.3427111912810161,0.01799893003641172
2012-05-25,0.0,0,0.0,2012-05-25,0.9264589682808472,0.0173268344230651
2012-05-28,-6.155000000000054,1,-123.10000000000109,2012-05-28,0.5771703092225439,0.016982464363622524
2012-05-29,-10.744999999999745,1,-214.89999999999492,2012-05-29,1.101580233979384,0.016102591458323476
2012-05-30,-5.294999999999927,1,-105.89999999999854,2012-05-30,1.3538754764930316,0.015779152345057494
2012-05-31,-10.465,1,-209.3,2012-05-31,0.8344220073905427,0.016027395269041966
2012-06-01,0.0,0,0.0,2012-06-01,1.3369736641286036,0.01590785505290583
2012-06-04,0.0,0,0.0,2012-06-04,0.8153963871053593,0.01713270166047862
2012-06-05,-13.624999999999854,1,-272.4999999999971,2012-06-05,1.0183670608029205,0.017051220365114823
2012-06-06,22.794999999999764,1,455.89999999999526,2012-06-06,1.1088545897644053,0.01665315082439995
2012-06-07,0.0,0,0.0,2012-06-07,0.9180497002686033,0.016621337953199488
2012-06-08,10.7549999999998,1,215.099999999996,2012-06-08,1.1834413859070962,0.016307428214805783
2012-06-11,0.0,0,0.0,2012-06-11,0.9021201413427568,0.01547128905806884
2012-06-12,5.015000000000018,1,100.30000000000037,2012-06-12,0.9983352585445495,0.0162256929657115
2012-06-13,0.0,0,0.0,2012-06-13,1.1245793749651356,0.015720296077694047
2012-06-14,-7.035000000000164,1,-140.70000000000329,2012-06-14,1.2091455638549908,0.015622061470300262
2012-06-15,18.255000000000255,1,365.1000000000051,2012-06-15,0.8265879440053457,0.016057323983467785
2012-06-18,6.7549999999998,1,135.099999999996,2012-06-18,1.2815719265447658,0.01645544771900946
2012-06-19,2.154999999999891,1,43.09999999999782,2012-06-19,0.9993888174671782,0.01672005323511917
2012-06-20,0.0,0,0.0,2012-06-20,0.8338019298679707,0.016757986256566118
2012-06-21,55.325000000000415,1,1106.5000000000082,2012-06-21,1.1425613514976205,0.01665638218657427
2012-06-22,0.0,0,0.0,2012-06-22,1.0109301059508502,0.016610765028743105
2012-06-25,21.985000000000273,1,439.70000000000545,2012-06-25,0.8158141768725369,0.01636009618777976
2012-06-26,0.0,0,0.0,2012-06-26,1.0789758716843703,0.017281554387184282
2012-06-27,-5.314999999999909,1,-106.29999999999818,2012-06-27,0.9165433223272295,0.016369101888947267
2012-06-28,-6.175000000000036,1,-123.50000000000072,2012-06-28,1.5349837104674178,0.01603719464041143
2012-06-29,18.824999999999964,1,376.49999999999926,2012-06-29,0.9529411764705809,0.016508664670214966
2012-07-02,0.0,0,0.0,2012-07-02,0.8926491865758643,0.01685307462529633
2012-07-03,3.3150000000002002,1,66.300000000004,2012-07-03,0.6197910056267673,0.016388311275219048
2012-07-04,0.0,0,0.0,2012-07-04,0.8469531334559977,0.016031098888647864
2012-07-05,0.0,0,0.0,2012-07-05,1.976062166909838,0.015302750209750814
2012-07-06,9.625000000000146,1,192.5000000000029,2012-07-06,1.0827692477023703,0.015200607615200786
2012-07-09,-5.6049999999998725,1,-112.09999999999745,2012-07-09,0.8783054196246195,0.015389139138227741
2012-07-10,0.0,0,0.0,2012-07-10,1.3790839314420116,0.014988764086637445
2012-07-11,0.0,0,0.0,2012-07-11,1.081740023097646,0.01572823312036905
2012-07-12,-13.935000000000255,1,-278.7000000000051,2012-07-12,1.0281352318586736,0.014876348693101657
2012-07-13,23.13499999999991,1,462.69999999999817,2012-07-13,0.8536537710043164,0.01539482486409125
2012-07-16,-8.754999999999963,1,-175.09999999999928,2012-07-16,0.6592660249654655,0.014988322525088573
2012-07-17,-35.204999999999785,1,-704.0999999999957,2012-07-17,0.7797295913141602,0.014890208367864463
2012-07-18,15.944999999999855,1,318.8999999999971,2012-07-18,0.7605070046697855,0.015414796634790793
2012-07-19,0.0,0,0.0,2012-07-19,0.7223547794505808,0.015175526191873996
2012-07-20,27.16500000000011,1,543.3000000000022,2012-07-20,0.9311603839736874,0.013984132906128748
2012-07-23,-3.014999999999727,1,-60.29999999999454,2012-07-23,1.3576662519010183,0.014421695868975185
2012-07-24,0.0,0,0.0,2012-07-24,1.2198260134810734,0.01567546776511025
2012-07-25,0.0,0,0.0,2012-07-25,0.8723573728054241,0.01670706094207966
2012-07-26,0.0,0,0.0,2012-07-26,1.5771822697503646,0.016789022182432112
2012-07-27,34.05499999999998,1,681.0999999999996,2012-07-27,1.0913891491355001,0.01672273377806974
2012-07-30,-18.824999999999672,1,-376.49999999999346,2012-07-30,0.6698845596197265,0.017869334387110834
2012-07-31,0.0,0,0.0,2012-07-31,0.8555645955551758,0.017090193638515584
2012-08-01,0.0,0,0.0,2012-08-01,1.0159405396362358,0.016491321123735157
2012-08-02,-23.9950000000002,1,-479.900000000004,2012-08-02,1.8961281546301934,0.016174311444566023
2012-08-03,-6.7549999999999635,1,-135.09999999999928,2012-08-03,1.0376917825446415,0.016209571551226952
2012-08-06,-13.645000000000291,1,-272.90000000000583,2012-08-06,0.5514607086644463,0.01721583206580253
2012-08-07,-8.185000000000255,1,-163.7000000000051,2012-08-07,1.1482177353197922,0.016788307762861783
2012-08-08,0.0,0,0.0,2012-08-08,0.9654775952316276,0.01631454306121758
2012-08-09,0.0,0,0.0,2012-08-09,1.2575968776135962,0.01573165960098299
2012-08-10,0.0,0,0.0,2012-08-10,0.9043851651422279,0.015181137219581342
2012-08-13,0.0,0,0.0,2012-08-13,0.9362279511533146,0.013702638721258499
2012-08-14,0.0,0,0.0,2012-08-14,1.0540531849898738,0.013004532665252219
2012-08-15,-3.3049999999996906,1,-66.09999999999381,2012-08-15,1.0949305386302715,0.012660780831536936
2012-08-16,14.235000000000273,1,284.70000000000545,2012-08-16,0.8041894901583191,0.011648340944635877
2012-08-17,0.0,0,0.0,2012-08-17,0.819027650373476,0.010850066040518663
2012-08-20,-7.325000000000127,1,-146.50000000000256,2012-08-20,0.8349670914437844,0.010397781253450514
2012-08-21,-11.479999999999727,2,-229.59999999999454,2012-08-21,1.103170898121894,0.01034598761113581
2012-08-22,-3.3050000000001454,1,-66.10000000000291,2012-08-22,1.1637182961361883,0.01037663370033906
2012-08-23,-14.069999999999872,2,-281.3999999999975,2012-08-23,1.1402318855417197,0.00990458288978314
2012-08-24,8.485000000000273,1,169.70000000000545,2012-08-24,0.9842387659289048,0.009009093711327494
2012-08-27,0.0,0,0.0,2012-08-27,0.7815232174081809,0.009059096189479256
2012-08-28,-11.915000000000273,1,-238.30000000000547,2012-08-28,0.928338762214974,0.008619360957630063
2012-08-29,-11.355000000000327,1,-227.10000000000656,2012-08-29,1.0680571788186572,0.0086917177687503
2012-08-30,9.92499999999971,3,198.4999999999942,2012-08-30,0.8397587364755688,0.008732570582583483
2012-08-31,0.0,0,0.0,2012-08-31,1.3281790181658037,0.009076595681633184
2012-09-03,0.0,0,0.0,2012-09-03,0.7840872791606168,0.00955077801260012
2012-09-04,-17.374999999999854,1,-347.4999999999971,2012-09-04,1.0097305007896298,0.009205678293196809
2012-09-05,-14.794999999999927,1,-295.89999999999856,2012-09-05,1.19316239316238,0.009819583881011522
2012-09-06,31.18500000000009,1,623.7000000000019,2012-09-06,1.0541667616161126,0.00936168259631259
2012-09-07,0.0,0,0.0,2012-09-07,0.8977777777777755,0.01060007934093603
2012-09-10,22.274999999999782,1,445.4999999999956,2012-09-10,0.5795004089850772,0.010473575155789191
2012-09-11,-23.270000000000145,2,-465.40000000000293,2012-09-11,1.1130896594813953,0.010365016894664708
2012-09-12,0.0,0,0.0,2012-09-12,1.4536489661047431,0.010095526887044546
2012-09-13,0.0,0,0.0,2012-09-13,0.7444740442076434,0.00995924703462885
2012-09-14,2.1649999999996545,1,43.29999999999309,2012-09-14,0.8311651449926614,0.010353113838390247
2012-09-17,-8.785000000000164,1,-175.70000000000329,2012-09-17,0.714614558289403,0.010812194360675613
2012-09-18,0.0,0,0.0,2012-09-18,0.9909232814939195,0.010593448467841386
2012-09-19,0.0,0,0.0,2012-09-19,0.9305999227718177,0.010393510276758092
2012-09-20,-9.645000000000291,1,-192.90000000000583,2012-09-20,1.2079457669872569,0.010088168121930984
2012-09-21,0.0,0,0.0,2012-09-21,1.0621981560075808,0.00958919945238163
2012-09-24,0.0,0,0.0,2012-09-24,1.0527536904382122,0.009814043275106153
2012-09-25,16.564999999999745,1,331.2999999999949,2012-09-25,1.0064769047213296,0.00960217782230169
2012-09-26,-0.12499999999956302,3,-2.4999999999912603,2012-09-26,0.9054306196602325,0.010450457391462411
2012-09-27,28.085000000000182,1,561.7000000000037,2012-09-27,0.7747341127889957,0.00981676502166692
2012-09-28,-2.445000000000018,1,-48.90000000000036,2012-09-28,1.0093931713135649,0.010623341808494068
2012-10-01,-6.474999999999763,1,-129.49999999999528,2012-10-01,1.0327850255246631,0.010353544852706757
2012-10-02,0.0,0,0.0,2012-10-02,0.803346583695801,0.010980781446206097
2012-10-03,-11.665000000000273,1,-233.30000000000547,2012-10-03,0.8440980438983117,0.011261479497559719
2012-10-04,0.0,0,0.0,2012-10-04,1.0239192451174068,0.010653716710176392
2012-10-05,-0.4349999999997999,1,-8.699999999995997,2012-10-05,0.8545242378567599,0.010308543493455485
2012-10-08,-5.325000000000127,1,-106.50000000000254,2012-10-08,0.8235294117646981,0.011070519549411755
2012-10-09,20.894999999999673,1,417.89999999999344,2012-10-09,1.1880120741699098,0.011585313364952304
2012-10-10,-2.445000000000018,1,-48.90000000000036,2012-10-10,0.97097539420437,0.012391941779257978
2012-10-11,0.0,0,0.0,2012-10-11,0.9348166788071588,0.012555510411491727
2012-10-12,-13.385000000000073,1,-267.70000000000147,2012-10-12,1.0653385509308622,0.012954931076807187
2012-10-15,0.0,0,0.0,2012-10-15,0.8438422952510511,0.01274660210207625
2012-10-16,29.8150000000002,1,596.300000000004,2012-10-16,0.8365413429842551,0.01212069405558939
2012-10-17,0.0,0,0.0,2012-10-17,0.8253472468706495,0.012251323090001544
2012-10-18,5.624999999999691,1,112.49999999999382,2012-10-18,1.0864920471630883,0.0117797692226231
2012-10-19,58.045000000000215,1,1160.9000000000042,2012-10-19,0.6726802842800964,0.012210441757105808
2012-10-22,-3.8850000000000726,1,-77.70000000000145,2012-10-22,0.8387069933851931,0.012948441938821498
2012-10-23,0.0,0,0.0,2012-10-23,1.2176683743596042,0.012785517696601635
2012-10-24,0.0,0,0.0,2012-10-24,0.9704190632703563,0.013046268652045183
2012-10-25,0.0,0,0.0,2012-10-25,0.7267952773814683,0.013372988268827945
2012-10-26,0.0,0,0.0,2012-10-26,1.109379478360571,0.013171500650474757
2012-10-31,5.904999999999891,1,118.09999999999782,2012-10-31,1.0841786050402664,0.013423696234706795
2012-11-01,18.585000000000182,1,371.7000000000036,2012-11-01,1.066615693395768,0.012830545562628885
2012-11-02,9.655000000000346,1,193.1000000000069,2012-11-02,0.8810844115834854,0.01332170321979888
2012-11-05,0.0,0,0.0,2012-11-05,1.1397670549084935,0.013673205267603364
2012-11-06,0.0,0,0.0,2012-11-06,0.9775862838773081,0.013870092752463288
2012-11-07,18.149999999999928,2,362.9999999999985,2012-11-07,1.201489191665205,0.013880312111629576
2012-11-08,25.785,1,515.7,2012-11-08,0.8331262645983548,0.014850028364086817
2012-11-09,6.930000000000128,2,138.60000000000255,2012-11-09,1.0132736286582371,0.01569276293013319
2012-11-12,0.0,0,0.0,2012-11-12,0.7881370122983764,0.01565040613991914
2012-11-13,0.0,0,0.0,2012-11-13,1.016955805008241,0.014464888235695486
2012-11-14,15.125000000000146,1,302.5000000000029,2012-11-14,0.9748099256412561,0.014640390311244603
2012-11-15,0.0,0,0.0,2012-11-15,0.834466851972333,0.015097251864834156
2012-11-16,-38.01000000000039,2,-760.2000000000078,2012-11-16,1.1166309366754374,0.01500775120133396
2012-11-19,24.924999999999873,1,498.49999999999744,2012-11-19,0.7543609688474674,0.015498767802307982
2012-11-20,-28.36500000000009,1,-567.3000000000018,2012-11-20,0.9756097560975616,0.01618042342017666
2012-11-21,0.0,0,0.0,2012-11-21,0.8549920578282162,0.016221436790933474
2012-11-22,0.0,0,0.0,2012-11-22,0.561575842623645,0.015502440953378577
2012-11-23,7.0650000000002,1,141.300000000004,2012-11-23,1.211175912111752,0.014440211407635321
2012-11-26,0.0,0,0.0,2012-11-26,1.1740715342693393,0.01474105778762097
2012-11-27,0.0,0,0.0,2012-11-27,1.087574036020793,0.014694164090627102
2012-11-28,0.0,0,0.0,2012-11-28,0.9219020626672711,0.013244133491303767
2012-11-29,-7.334999999999891,1,-146.69999999999783,2012-11-29,0.7935285053929043,0.013198430250228241
2012-11-30,0.0,0,0.0,2012-11-30,0.6869511384220294,0.012805258812222334
2012-12-03,0.0,0,0.0,2012-12-03,0.9567932067932122,0.012506359970874615
2012-12-04,-9.064999999999909,1,-181.2999999999982,2012-12-04,0.9736116368355479,0.012381644915837953
2012-12-05,11.674999999999873,1,233.49999999999744,2012-12-05,0.829561110017708,0.0115874114827518
2012-12-06,-3.0249999999999453,1,-60.499999999998906,2012-12-06,0.9067373609759188,0.011931070086534403
2012-12-07,9.94500000000031,1,198.90000000000617,2012-12-07,1.0443223014852059,0.011660719397428961
2012-12-10,-2.445000000000018,1,-48.90000000000036,2012-12-10,0.6574841278381693,0.01104138017189228
2012-12-11,1.5849999999997273,1,31.699999999994546,2012-12-11,0.7822222222222108,0.011045834998244939
2012-12-12,0.0,0,0.0,2012-12-12,0.6648442061680505,0.011903814207850324
2012-12-13,-28.219999999999963,2,-564.3999999999993,2012-12-13,1.0930069384891272,0.012487119509615632
2012-12-14,-10.234999999999982,1,-204.69999999999965,2012-12-14,0.9900476179729816,0.012694291528044948
2012-12-17,2.890000000000164,2,57.80000000000328,2012-12-17,1.176667363579326,0.01289870715234855
2012-12-18,15.155000000000346,1,303.1000000000069,2012-12-18,0.8309325246398797,0.0133106292306297
2012-12-19,0.0,0,0.0,2012-12-19,0.6709531866892327,0.013117371574080366
2012-12-20,-7.064999999999909,1,-141.2999999999982,2012-12-20,0.9672736869886427,0.013001769362248802
2012-12-21,0.0,0,0.0,2012-12-21,1.1027606379571826,0.013126115597091053
2012-12-24,0.0,0,0.0,2012-12-24,0.6291013399347678,0.013760817120587495
2012-12-26,-7.3549999999998725,1,-147.09999999999746,2012-12-26,0.5882132904408348,0.013474609047354934
2012-12-27,-17.155000000000054,1,-343.1000000000011,2012-12-27,0.6717647058823537,0.013327972962899821
2012-12-28,0.0,0,0.0,2012-12-28,0.8949294768791268,0.01342066275494466
2012-12-31,39.39499999999967,1,787.8999999999934,2012-12-31,1.0364555059088973,0.013059306334520718
2013-01-02,-6.484999999999982,1,-129.69999999999965,2013-01-02,1.716357661855726,0.014125397624002504
2013-01-03,0.0,0,0.0,2013-01-03,0.44295734655349267,0.015053618128267407
2013-01-04,-11.095000000000109,1,-221.9000000000022,2013-01-04,0.5877261464308695,0.015052288297523886
2013-01-07,0.0,0,0.0,2013-01-07,0.8376579587768107,0.014254362502588745
2013-01-08,-11.105000000000327,1,-222.10000000000656,2013-01-08,1.007394800164301,0.013847489073253307
2013-01-09,-9.374999999999854,1,-187.4999999999971,2013-01-09,0.8679122951786035,0.013524724959624004
2013-01-10,0.0,0,0.0,2013-01-10,1.1393811779844338,0.012715697065567957
2013-01-11,0.0,0,0.0,2013-01-11,0.7974438995393078,0.012934174402185175
2013-01-14,0.0,0,0.0,2013-01-14,1.286501700480811,0.01271542252807774
2013-01-15,-3.6050000000003273,1,-72.10000000000655,2013-01-15,1.0374489263002609,0.011913234566421215
2013-01-16,-8.504999999999963,1,-170.09999999999928,2013-01-16,0.8531627576403521,0.012260470475372617
2013-01-17,0.0,0,0.0,2013-01-17,1.0498424520194687,0.011832730049257561
2013-01-18,-9.655000000000054,1,-193.1000000000011,2013-01-18,0.8868984896382127,0.011308836661850591
2013-01-21,0.0,0,0.0,2013-01-21,0.5113058317744746,0.011042656502103771
2013-01-22,-8.215,1,-164.3,2013-01-22,1.8664835363429337,0.009407867390182607
2013-01-23,0.0,0,0.0,2013-01-23,0.9510522423182811,0.00773434240242535
2013-01-24,0.0,0,0.0,2013-01-24,0.9049784585926403,0.00762990020296305
2013-01-25,-16.294999999999927,1,-325.89999999999856,2013-01-25,0.7939987334989507,0.008267231833758127
2013-01-28,-2.1550000000000544,1,-43.10000000000109,2013-01-28,0.5752065270211584,0.008310737558671828
2013-01-29,-6.484999999999982,1,-129.69999999999965,2013-01-29,0.8550971301132709,0.008108837346876226
2013-01-30,0.0,0,0.0,2013-01-30,0.93599406894847,0.008399723220130656
2013-01-31,-9.374999999999854,1,-187.4999999999971,2013-01-31,1.017977591510737,0.008290195029576343
2013-02-01,0.0,0,0.0,2013-02-01,1.1006228905413917,0.008566937330144773
2013-02-04,24.674999999999873,1,493.49999999999744,2013-02-04,1.0630696523011325,0.008890960164050877
2013-02-05,23.814999999999745,1,476.2999999999949,2013-02-05,0.8068980789459136,0.009518684085089966
2013-02-06,0.0,0,0.0,2013-02-06,1.18883260034514,0.01022767265000404
2013-02-07,-26.394999999999836,1,-527.8999999999967,2013-02-07,1.3216569683701056,0.010136522482607569
2013-02-08,-3.595000000000109,1,-71.90000000000218,2013-02-08,0.8325388440825613,0.01051914380021642
2013-02-11,0.0,0,0.0,2013-02-11,0.7291466263570181,0.011193455169335354
2013-02-12,0.0,0,0.0,2013-02-12,1.1731377524418531,0.010909616510508797
2013-02-13,-13.9950000000002,1,-279.900000000004,2013-02-13,0.7349420482614628,0.010688455095909818
2013-02-14,0.0,0,0.0,2013-02-14,1.0479463262968312,0.010132499632042638
2013-02-15,-8.794999999999927,1,-175.89999999999856,2013-02-15,0.9423550087873178,0.010021333705765027
2013-02-18,0.0,0,0.0,2013-02-18,0.7344010930621448,0.010113910183992214
2013-02-19,-7.635000000000073,1,-152.70000000000147,2013-02-19,1.0589727330374297,0.009473951724107695
2013-02-20,37.665000000000106,1,753.3000000000021,2013-02-20,1.1671396008745287,0.0092824873343262
2013-02-21,14.574999999999964,1,291.49999999999926,2013-02-21,1.2376596751301034,0.009846855891501017
2013-02-22,0.0,0,0.0,2013-02-22,0.7314310372727614,0.009962438413567722
2013-02-25,0.0,0,0.0,2013-02-25,1.1286230906244847,0.009395176180163303
2013-02-26,0.0,0,0.0,2013-02-26,0.8056188659937722,0.009801939970028524
2013-02-27,14.864999999999927,1,297.29999999999853,2013-02-27,0.7081799331386772,0.01003141944908771
2013-02-28,-26.52999999999991,2,-530.5999999999982,2013-02-28,0.7023972764669725,0.010416842884362607
2013-03-01,2.1650000000001093,1,43.300000000002186,2013-03-01,1.0873791010809815,0.01016738396509675
2013-03-04,0.0,0,0.0,2013-03-04,0.9169621885506355,0.010904965708896897
2013-03-05,9.094999999999946,1,181.8999999999989,2013-03-05,0.6553012725008042,0.011157693126361877
2013-03-06,-3.0150000000001818,1,-60.300000000003635,2013-03-06,0.7713076880253773,0.01177093821166071
2013-03-07,0.0,0,0.0,2013-03-07,0.8348334833483336,0.011824551585475015
2013-03-08,0.0,0,0.0,2013-03-08,1.6679805544606552,0.011599869921902987
2013-03-11,0.0,0,0.0,2013-03-11,0.6479003535203436,0.012044318931822454
2013-03-12,-12.83499999999989,1,-256.69999999999783,2013-03-12,0.6656173487233388,0.012102993121593351
2013-03-13,-7.635000000000073,1,-152.70000000000147,2013-03-13,1.1468413113065152,0.011561777836474083
2013-03-14,0.0,0,0.0,2013-03-14,0.8693572087618963,0.011030702941963321
2013-03-15,-9.105000000000327,1,-182.10000000000656,2013-03-15,0.8259359320725187,0.01070145345039755
2013-03-18,0.0,0,0.0,2013-03-18,1.3208241353936823,0.00950867012211889
2013-03-19,-14.014999999999727,1,-280.29999999999455,2013-03-19,0.8533543723912967,0.009700174412823984
2013-03-20,0.0,0,0.0,2013-03-20,1.071499481568097,0.009585486159049306
2013-03-21,0.0,0,0.0,2013-03-21,0.885178731220276,0.009590080070728615
2013-03-22,4.194999999999855,1,83.89999999999709,2013-03-22,0.8240105540897072,0.0095304101855011
2013-03-25,-20.81000000000011,2,-416.2000000000022,2013-03-25,0.8174633264312056,0.009630626198402827
2013-03-26,0.0,0,0.0,2013-03-26,0.8738530849953308,0.009489871183115848
2013-03-27,0.0,0,0.0,2013-03-27,1.2838640348396662,0.009424867405490976
2013-03-28,0.0,0,0.0,2013-03-28,1.2731523653367425,0.00981913569423194
2013-04-01,3.0449999999997637,1,60.89999999999527,2013-04-01,0.5960584787788954,0.009696854385802891
2013-04-02,-0.42500000000003635,1,-8.500000000000727,2013-04-02,1.1099809698799137,0.009969270112647909
2013-04-03,13.455000000000073,1,269.10000000000144,2013-04-03,0.6735318675201687,0.010163263329031304
2013-04-04,-7.945000000000018,1,-158.90000000000038,2013-04-04,1.3769528228924928,0.010632674327310907
2013-04-05,0.0,0,0.0,2013-04-05,1.671441193006871,0.010807422738852697
2013-04-08,0.0,0,0.0,2013-04-08,0.7834696513129538,0.011632157370328012
2013-04-09,-8.524999999999945,1,-170.49999999999892,2013-04-09,0.8051579123266339,0.011261520022762749
2013-04-10,36.584999999999724,1,731.6999999999945,2013-04-10,0.8076380340468857,0.011050259933750556
2013-04-11,0.0,0,0.0,2013-04-11,0.8108029956915458,0.011882851834872837
2013-04-12,-14.885000000000073,1,-297.70000000000147,2013-04-12,0.9224515322076253,0.01129069727462378
2013-04-15,35.71499999999983,1,714.2999999999967,2013-04-15,1.2279015115099203,0.011125444228654944
2013-04-16,4.4950000000000365,1,89.90000000000073,2013-04-16,1.0256459960842657,0.011659301011623727
2013-04-17,26.755000000000255,1,535.1000000000051,2013-04-17,1.1957772822099293,0.012247340545612705
2013-04-18,26.899999999999928,2,537.9999999999985,2013-04-18,0.771226808518532,0.013362280338864599
2013-04-19,22.13499999999991,1,442.69999999999817,2013-04-19,0.6609906328379643,0.014497092915260525
2013-04-22,-18.209999999999745,2,-364.19999999999493,2013-04-22,0.9938654967428161,0.014830858964520618
2013-04-23,-8.234999999999982,1,-164.69999999999965,2013-04-23,1.3948687702742641,0.015044185476513398
2013-04-24,0.0,0,0.0,2013-04-24,0.8021210020422987,0.014973114096372543
2013-04-25,3.624999999999691,1,72.49999999999382,2013-04-25,0.7268367542681837,0.01496510526265237
2013-04-26,0.0,0,0.0,2013-04-26,0.9187229233377529,0.014307117225774513
2013-04-29,10.265000000000018,1,205.30000000000035,2013-04-29,0.6995352929854244,0.014251465020308758
2013-04-30,0.0,0,0.0,2013-04-30,0.8240916610501683,0.014249753303763716
2013-05-01,-9.095000000000109,1,-181.9000000000022,2013-05-01,0.8822510222468612,0.013478938378751942
2013-05-02,24.434999999999636,1,488.6999999999927,2013-05-02,1.3030015022840828,0.013713143970896792
2013-05-03,-1.294999999999927,1,-25.899999999998542,2013-05-03,1.3576090487581502,0.014150777284884614
2013-05-06,0.0,0,0.0,2013-05-06,0.7408665575491895,0.0136603686489397
2013-05-07,0.0,0,0.0,2013-05-07,0.768003969379111,0.012982717982474565
2013-05-08,1.5949999999999456,1,31.89999999999891,2013-05-08,0.8513161922252754,0.01158901460014998
2013-05-09,0.0,0,0.0,2013-05-09,1.020716987930078,0.0105957881415325
2013-05-10,-5.635000000000073,1,-112.70000000000145,2013-05-10,1.1418962697849573,0.01007765228713992
2013-05-13,0.0,0,0.0,2013-05-13,0.9733893557422831,0.009520489309551653
2013-05-14,1.0149999999995636,1,20.29999999999127,2013-05-14,1.0296958657614628,0.009053833671007525
2013-05-15,0.0,0,0.0,2013-05-15,0.8333333333333119,0.009100240885030112
2013-05-16,-10.254999999999963,1,-205.09999999999928,2013-05-16,1.097008407031324,0.00896454217517272
2013-05-17,0.0,0,0.0,2013-05-17,0.8890877065451548,0.00897114295329292
2013-05-20,0.0,0,0.0,2013-05-20,0.6890839339688429,0.008748658493510328
2013-05-21,-7.945000000000018,1,-158.90000000000038,2013-05-21,0.9575750271182399,0.008549827054060469
2013-05-22,-15.164999999999981,3,-303.2999999999996,2013-05-22,0.9659392463551096,0.00856515875211715
2013-05-23,0.0,0,0.0,2013-05-23,1.5808858792610538,0.009193025586746397
2013-05-24,0.0,0,0.0,2013-05-24,1.0963931594935912,0.008989284283379815
2013-05-27,0.0,0,0.0,2013-05-27,0.5983682395491584,0.009294624124221145
2013-05-28,-6.215,1,-124.3,2013-05-28,0.8551096324022053,0.009101755988585597
2013-05-29,-8.524999999999945,1,-170.49999999999892,2013-05-29,1.2871101530098181,0.009407286797441804
2013-05-30,-3.325000000000127,1,-66.50000000000254,2013-05-30,1.2621912851974215,0.00954872441337799
2013-05-31,0.0,0,0.0,2013-05-31,1.1733307071105,0.00980421743801739
2013-06-03,-14.594999999999654,1,-291.8999999999931,2013-06-03,1.2070840453627472,0.010342593888985351
2013-06-04,-8.524999999999945,1,-170.49999999999892,2013-06-04,0.7148971788384314,0.010684462594940417
2013-06-05,20.394999999999673,1,407.89999999999344,2013-06-05,0.9503849917831473,0.011265906024683827
2013-06-06,0.0,0,0.0,2013-06-06,0.6121493424534705,0.01176407947578538
2013-06-07,17.5049999999998,1,350.099999999996,2013-06-07,1.3346519732504447,0.011971077947892744
2013-06-10,0.0,0,0.0,2013-06-10,0.6585168462750769,0.01251453218142325
2013-06-11,0.0,0,0.0,2013-06-11,1.223817737852552,0.012372783694414354
2013-06-12,0.0,0,0.0,2013-06-12,1.1311130426826568,0.011683151241715666
2013-06-13,0.0,0,0.0,2013-06-13,1.095910975998795,0.0122519222976822
2013-06-14,3.9250000000003276,1,78.50000000000655,2013-06-14,0.8219232057369125,0.012933711347784278
2013-06-17,-3.325000000000127,1,-66.50000000000254,2013-06-17,0.8431533936924125,0.013334445633228376
2013-06-18,16.084999999999727,1,321.69999999999453,2013-06-18,1.0287993687809631,0.013588188775134692
2013-06-19,6.8149999999997455,1,136.2999999999949,2013-06-19,1.1696375870617475,0.01358312780579715
2013-06-20,36.364999999999924,1,727.2999999999985,2013-06-20,1.3452772182762736,0.013880487689123523
2013-06-21,-6.93,2,-138.6,2013-06-21,0.7955710102489065,0.014868818195433528
2013-06-24,-12.140000000000036,2,-242.80000000000072,2013-06-24,1.1906820146503447,0.015050688063766877
2013-06-25,0.0,0,0.0,2013-06-25,0.9141202344038152,0.015290265818169125
2013-06-26,0.0,0,0.0,2013-06-26,0.8301533692998285,0.015055509612040663
2013-06-27,-5.925000000000036,1,-118.50000000000072,2013-06-27,0.8671648449698857,0.014945086306533911
2013-06-28,-15.484999999999982,1,-309.69999999999965,2013-06-28,1.1287576721473067,0.014669876586756832
2013-07-01,-6.215,1,-124.3,2013-07-01,1.3199961711496069,0.0151091525506805
2013-07-02,-3.0350000000001636,1,-60.70000000000327,2013-07-02,0.9799074366647503,0.015231840686660338
2013-07-03,-8.544999999999927,1,-170.89999999999856,2013-07-03,1.1874218922296622,0.014640604545206718
2013-07-04,0.0,0,0.0,2013-07-04,0.7845342999395888,0.014238795794778913
2013-07-05,-9.405000000000054,1,-188.1000000000011,2013-07-05,0.9894813533081293,0.014292900115462042
2013-07-08,0.0,0,0.0,2013-07-08,0.9692726565538575,0.014103308059737219
2013-07-09,0.0,0,0.0,2013-07-09,0.9285856276712018,0.013960722294727492
2013-07-10,-6.5049999999999635,1,-130.09999999999928,2013-07-10,1.0508807329443257,0.01355751568594428
2013-07-11,0.0,0,0.0,2013-07-11,1.027596929355728,0.012207301446237497
2013-07-12,0.0,0,0.0,2013-07-12,0.7770381432078745,0.012489654619701857
2013-07-15,0.0,0,0.0,2013-07-15,0.7036240690536176,0.011639286713736442
2013-07-16,0.0,0,0.0,2013-07-16,0.8456143116084865,0.01114758534508235
2013-07-17,0.0,0,0.0,2013-07-17,1.6795704781542908,0.010720752892035102
2013-07-18,0.0,0,0.0,2013-07-18,0.8545747249798625,0.01030946518816806
2013-07-19,-3.0350000000001636,1,-60.70000000000327,2013-07-19,0.7720077756178639,0.009862810767713365
2013-07-22,0.0,0,0.0,2013-07-22,1.004793130826,0.009738235260320586
2013-07-23,9.425000000000328,1,188.50000000000654,2013-07-23,0.9759043804437505,0.009299694814820157
2013-07-24,0.0,0,0.0,2013-07-24,1.0781249999999907,0.009082624340814636
2013-07-25,0.0,0,0.0,2013-07-25,1.5842466578345042,0.009065780601133047
2013-07-26,0.0,0,0.0,2013-07-26,1.1008409201473435,0.008702341449445221
2013-07-29,0.0,0,0.0,2013-07-29,0.8338637810311876,0.008871869764817799
2013-07-30,-12.58499999999989,1,-251.69999999999783,2013-07-30,1.0197707963899019,0.0087731104647805
2013-07-31,-27.800000000000345,2,-556.0000000000069,2013-07-31,0.9778385186376256,0.008836494657956748
2013-08-01,0.0,0,0.0,2013-08-01,0.7905372358225757,0.007989152062541397
2013-08-02,8.5650000000002,1,171.300000000004,2013-08-02,0.8603810966726703,0.008348011445994235
2013-08-05,0.0,0,0.0,2013-08-05,0.6998548945195141,0.008586620969680405
2013-08-06,2.910000000000146,2,58.200000000002916,2013-08-06,0.8899925111347667,0.008481952534752386
2013-08-07,-17.805000000000145,1,-356.1000000000029,2013-08-07,1.2403341618337504,0.008820677420787031
2013-08-08,0.0,0,0.0,2013-08-08,0.7818181818181915,0.008997679995805483
2013-08-09,-14.61500000000009,1,-292.30000000000183,2013-08-09,0.9406259140099341,0.008667680706188485
2013-08-12,-17.6499999999998,2,-352.999999999996,2013-08-12,1.152840166031737,0.008911294137377087
2013-08-13,-7.220000000000418,2,-144.40000000000836,2013-08-13,0.8399026199860684,0.008762975923656064
2013-08-14,-7.095000000000109,1,-141.9000000000022,2013-08-14,0.8291653415826191,0.009029037148257386
2013-08-15,-4.755000000000127,3,-95.10000000000254,2013-08-15,1.2498723317332334,0.008913112418664142
2013-08-16,-9.11500000000009,1,-182.30000000000183,2013-08-16,0.6771454634762505,0.009567775127809522
2013-08-19,-11.704999999999945,3,-234.0999999999989,2013-08-19,0.9379184147103362,0.009560515390698061
2013-08-20,-5.9249999999995815,1,-118.49999999999163,2013-08-20,1.0379190751445035,0.009609799867522325
2013-08-21,-25.634999999999618,1,-512.6999999999923,2013-08-21,0.9764258937781436,0.009697274667686278
2013-08-22,-7.335000000000218,5,-146.70000000000437,2013-08-22,0.9353880590590222,0.009750939840609088
2013-08-23,0.0,0,0.0,2013-08-23,0.7732868457300355,0.009941377895410415
2013-08-26,-16.354999999999873,1,-327.09999999999746,2013-08-26,0.7706144581454057,0.01024010382737521
2013-08-27,20.43500000000009,1,408.7000000000018,2013-08-27,2.007100416656374,0.010210674147990999
2013-08-28,3.335000000000182,1,66.70000000000364,2013-08-28,0.8163941899256089,0.011174107858990572
2013-08-29,2.6299999999999457,2,52.599999999998914,2013-08-29,0.8620176569784811,0.011203523405898417
2013-08-30,3.924999999999873,1,78.49999999999746,2013-08-30,0.9719494162565552,0.011543397384452226
2013-09-02,0.0,0,0.0,2013-09-02,0.6498490728762264,0.0117563277742422
2013-09-03,0.0,0,0.0,2013-09-03,1.4503509522252147,0.011651223266913303
2013-09-04,9.714999999999836,1,194.29999999999671,2013-09-04,1.1078760363205529,0.01205533804972147
2013-09-05,0.0,0,0.0,2013-09-05,1.09106032949004,0.011507314352221801
2013-09-06,-10.564999999999909,1,-211.2999999999982,2013-09-06,1.0360419569389387,0.011315723822845016
2013-09-09,0.0,0,0.0,2013-09-09,0.7204657002625293,0.011790617544285852
2013-09-10,0.0,0,0.0,2013-09-10,0.788423844113922,0.01208844021186333
2013-09-11,0.0,0,0.0,2013-09-11,1.0224319132105493,0.011635683214767791
2013-09-12,0.0,0,0.0,2013-09-12,0.8013301550866657,0.011437646931935792
2013-09-13,-12.595000000000109,1,-251.9000000000022,2013-09-13,0.9389322064162865,0.011230967824268764
2013-09-16,22.614999999999927,1,452.29999999999853,2013-09-16,0.9665095356933624,0.011011035197325896
2013-09-17,2.7450000000000365,1,54.90000000000073,2013-09-17,0.8743370862993107,0.010370597843760194
2013-09-18,0.0,0,0.0,2013-09-18,0.7936253447059632,0.010285155778326666
2013-09-19,0.0,0,0.0,2013-09-19,0.8745517397344434,0.010339708241148113
2013-09-20,0.0,0,0.0,2013-09-20,0.7486122125297499,0.009869851903663993
2013-09-23,-17.12500000000031,1,-342.5000000000062,2013-09-23,1.7384053595560705,0.009517999605396043
2013-09-24,0.0,0,0.0,2013-09-24,0.9762205919554467,0.009529807956198249
2013-09-25,-5.6049999999998725,1,-112.09999999999745,2013-09-25,1.2038172159322973,0.00926077389252435
2013-09-26,-11.510000000000382,2,-230.20000000000763,2013-09-26,0.7858359210658301,0.00950461863797319
2013-09-27,0.0,0,0.0,2013-09-27,0.9535902798526091,0.008993038728214562
2013-09-30,0.0,0,0.0,2013-09-30,1.0324642064440392,0.00860599991947195
2013-10-01,17.280000000000037,2,345.6000000000007,2013-10-01,0.9446702226737685,0.009152104377557079
2013-10-02,0.0,0,0.0,2013-10-02,1.2684365781710871,0.009394034054824854
2013-10-03,10.23500000000011,3,204.7000000000022,2013-10-03,0.8391288052305209,0.009661346097383682
2013-10-04,17.145000000000127,1,342.90000000000254,2013-10-04,0.6892424125415042,0.010503321734374889
2013-10-07,0.0,0,0.0,2013-10-07,0.9973774298812746,0.010304937449405763
2013-10-08,29.79500000000022,1,595.9000000000044,2013-10-08,0.8418948544899825,0.010389633991660333
2013-10-09,-15.11500000000009,1,-302.30000000000183,2013-10-09,0.7379782210658206,0.010874000364934194
2013-10-10,16.8450000000004,1,336.900000000008,2013-10-10,0.811913504691948,0.011550104319235286
2013-10-11,16.26500000000002,1,325.30000000000035,2013-10-11,0.656227811203699,0.012679843614113158
2013-10-14,1.2949999999997637,1,25.899999999995273,2013-10-14,0.7311068702289998,0.012626567784368667
2013-10-15,0.0,0,0.0,2013-10-15,0.8180703188879974,0.01300971139761111
2013-10-16,7.355000000000164,1,147.10000000000326,2013-10-16,0.7744956094992587,0.01310861370462844
2013-10-17,0.0,0,0.0,2013-10-17,0.7333254353749544,0.013223789461759172
2013-10-18,0.0,0,0.0,2013-10-18,0.7808118420447734,0.013488369381336728
2013-10-21,0.0,0,0.0,2013-10-21,0.6550463874051397,0.013677990368034205
2013-10-22,0.0,0,0.0,2013-10-22,0.934763181411975,0.013296157390042284
2013-10-23,-5.034999999999709,1,-100.69999999999418,2013-10-23,1.0771692307692475,0.013492981485858984
2013-10-24,0.0,0,0.0,2013-10-24,0.8871124135404694,0.012938613405454475
2013-10-25,0.0,0,0.0,2013-10-25,0.7995279198389389,0.012687208584702717
2013-10-28,0.0,0,0.0,2013-10-28,0.7966689130644,0.01284458436314207
2013-10-29,0.0,0,0.0,2013-10-29,0.8958491783631831,0.011763242638362663
2013-10-30,0.0,0,0.0,2013-10-30,0.7211330025531204,0.011251736703774004
2013-10-31,0.0,0,0.0,2013-10-31,0.8145304326351016,0.010387622982224426
2013-11-01,-15.104999999999873,1,-302.09999999999746,2013-11-01,0.6547619047619079,0.01027818776487381
2013-11-04,0.0,0,0.0,2013-11-04,0.792363951902802,0.009929001798959338
2013-11-05,0.0,0,0.0,2013-11-05,0.9627456893006918,0.009664170534515907
2013-11-06,0.0,0,0.0,2013-11-06,0.7021872314473534,0.009568605187139461
2013-11-07,59.16499999999965,1,1183.299999999993,2013-11-07,1.19138829298193,0.009325080683900701
2013-11-08,21.455000000000073,1,429.10000000000144,2013-11-08,1.181795217244879,0.009685696267311736
2013-11-11,0.0,0,0.0,2013-11-11,0.6630216189039627,0.010252837630089478
2013-11-12,0.0,0,0.0,2013-11-12,0.9000697728506072,0.009843171642805154
2013-11-13,29.225000000000055,1,584.5000000000011,2013-11-13,1.3967422316750473,0.009561845975371517
2013-11-14,0.0,0,0.0,2013-11-14,0.6887606780267606,0.01036727811624924
2013-11-15,0.0,0,0.0,2013-11-15,0.6422841077098541,0.010149070336866848
2013-11-18,-2.7249999999997634,1,-54.49999999999527,2013-11-18,0.943175921120917,0.010023681341457038
2013-11-19,-7.055000000000145,1,-141.10000000000292,2013-11-19,1.1740029881622678,0.010492364470325635
2013-11-20,0.0,0,0.0,2013-11-20,1.1159907000774953,0.010329116317544467
2013-11-21,-9.199999999999982,2,-183.99999999999963,2013-11-21,1.0086995315636884,0.01047355330259703
2013-11-22,0.0,0,0.0,2013-11-22,0.9379509379509295,0.0106359395790557
2013-11-25,0.0,0,0.0,2013-11-25,0.6414903731875525,0.010672756470245712
2013-11-26,1.8849999999999092,1,37.699999999998184,2013-11-26,0.8552204651798273,0.010277832412714504
2013-11-27,-4.7549999999999635,1,-95.09999999999927,2013-11-27,0.8321903844015613,0.010380510284973943
2013-11-28,0.0,0,0.0,2013-11-28,0.8257504247687389,0.009354627587131
2013-11-29,-1.8650000000000908,1,-37.300000000001816,2013-11-29,1.0302047048718634,0.00864925960509136
2013-12-02,0.0,0,0.0,2013-12-02,1.3893235958963726,0.00852557532763659
2013-12-03,0.0,0,0.0,2013-12-03,0.8965011906942898,0.008555491986012149
2013-12-04,-8.205000000000236,1,-164.10000000000474,2013-12-04,1.1786660245605873,0.0076795079366483434
2013-12-05,-5.034999999999709,1,-100.69999999999418,2013-12-05,0.9091364707061874,0.00790815738400937
2013-12-06,0.0,0,0.0,2013-12-06,1.4213319936217865,0.008026098747072614
2013-12-09,0.0,0,0.0,2013-12-09,0.6688341848583368,0.007719046892459641
2013-12-10,0.0,0,0.0,2013-12-10,0.8842381420862993,0.007536612971323527
2013-12-11,43.04499999999976,1,860.8999999999952,2013-12-11,1.2225521336831884,0.006962173406779982
2013-12-12,0.0,0,0.0,2013-12-12,1.1333762057877592,0.007275424825758739
2013-12-13,0.0,0,0.0,2013-12-13,0.7809532422899359,0.007296406908478085
2013-12-16,-23.755000000000127,3,-475.1000000000025,2013-12-16,1.0466887129057487,0.007546824006018285
2013-12-17,-5.035000000000164,1,-100.70000000000327,2013-12-17,0.7384662234177318,0.00765031539137354
2013-12-18,-57.775000000000404,1,-1155.5000000000082,2013-12-18,0.8999746128458888,0.00759489578479735
2013-12-19,-3.595000000000109,1,-71.90000000000218,2013-12-19,0.8398726141165206,0.009203278951671919
2013-12-20,18.01500000000002,1,360.30000000000035,2013-12-20,0.657280055624371,0.009453664372103546
2013-12-23,0.0,0,0.0,2013-12-23,0.8617857561891238,0.009836777361981295
2013-12-24,0.0,0,0.0,2013-12-24,0.5829236157974023,0.010140897421092174
2013-12-26,0.0,0,0.0,2013-12-26,0.9457082376792831,0.00954033987804942
2013-12-27,0.0,0,0.0,2013-12-27,0.830991851643709,0.009413543033905276
2013-12-30,0.0,0,0.0,2013-12-30,0.7995373939861847,0.009171047857175818
2013-12-31,5.625000000000146,1,112.50000000000291,2013-12-31,0.5714022395280731,0.009034794846083046
2014-01-02,-15.974999999999927,3,-319.4999999999985,2014-01-02,2.297330223815681,0.009218351978938862
2014-01-03,18.885000000000364,1,377.70000000000726,2014-01-03,0.9400483662336494,0.008883858524753067
2014-01-06,-1.5850000000003455,1,-31.70000000000691,2014-01-06,0.8132589432228433,0.00906182280656686
2014-01-07,5.915000000000109,1,118.30000000000219,2014-01-07,0.7705702023298711,0.009112054849976025
2014-01-08,-3.604999999999418,1,-72.09999999998836,2014-01-08,0.9498878085265574,0.009073842827414894
2014-01-09,-3.8850000000000726,1,-77.70000000000145,2014-01-09,1.3072263699112594,0.009096107039520742
2014-01-10,-28.675000000000036,1,-573.5000000000007,2014-01-10,1.556019143453188,0.007986135080976798
2014-01-13,0.0,0,0.0,2014-01-13,0.8781831316597458,0.008116263795581625
2014-01-14,56.05499999999998,1,1121.0999999999995,2014-01-14,0.870254883640076,0.008737671380354473
2014-01-15,5.625000000000146,1,112.50000000000291,2014-01-15,0.7971065881852338,0.009360695737346216
2014-01-16,0.0,0,0.0,2014-01-16,0.7589322837264721,0.009854420488009382
2014-01-17,0.0,0,0.0,2014-01-17,1.1644116441164414,0.009837601006749975
2014-01-20,0.0,0,0.0,2014-01-20,0.6390760900869874,0.010030511411112511
2014-01-21,0.0,0,0.0,2014-01-21,0.9719183078044814,0.0098394718218197
2014-01-22,0.0,0,0.0,2014-01-22,1.2082937461576848,0.01002474442049695
2014-01-23,-21.465,1,-429.3,2014-01-23,1.3229182532257098,0.009611843547326972
2014-01-24,41.924999999999415,1,838.4999999999883,2014-01-24,1.2690844903826708,0.009767475537235382
2014-01-27,-1.294999999999927,1,-25.899999999998542,2014-01-27,0.8992573700397599,0.010593293023649945
2014-01-28,0.0,0,0.0,2014-01-28,0.66316787859627,0.011190294161050138
2014-01-29,0.0,0,0.0,2014-01-29,1.5433520224269168,0.011219368568804242
2014-01-30,1.8750000000001457,1,37.50000000000291,2014-01-30,0.9073081809644855,0.011377766753706496
2014-01-31,0.0,0,0.0,2014-01-31,1.2499683808463742,0.012230842253111609
2014-02-03,47.12500000000014,1,942.5000000000028,2014-02-03,1.1752668547093694,0.011760488003536034
2014-02-04,0.0,0,0.0,2014-02-04,0.7535360632912963,0.012445119802594263
2014-02-05,-18.574999999999672,1,-371.49999999999346,2014-02-05,0.9120306028373689,0.012500434627363383
2014-02-06,3.8950000000001275,1,77.90000000000255,2014-02-06,1.0553455802642695,0.013278983379142144
2014-02-07,0.0,0,0.0,2014-02-07,1.2585226837452281,0.013683003574110009
2014-02-10,-7.625000000000764,1,-152.5000000000153,2014-02-10,0.6200030457625861,0.014889049632979264
2014-02-11,17.144999999999673,1,342.89999999999344,2014-02-11,0.8769666723058405,0.014760090960590801
2014-02-12,0.0,0,0.0,2014-02-12,0.8659627511365395,0.01532793785964827
2014-02-13,13.694999999999855,1,273.8999999999971,2014-02-13,0.9936560474417339,0.014920044197572433
2014-02-14,0.0,0,0.0,2014-02-14,0.8817236509906062,0.014579084417888537
2014-02-17,0.0,0,0.0,2014-02-17,0.7739681153090098,0.013764517987459094
2014-02-18,0.0,0,0.0,2014-02-18,1.1526374568215474,0.013404718042139541
2014-02-19,0.0,0,0.0,2014-02-19,1.157103825136597,0.013025053535790363
2014-02-20,0.0,0,0.0,2014-02-20,1.2982074959261092,0.012149808256670265
2014-02-21,0.0,0,0.0,2014-02-21,0.7434743474347634,0.011837967593901077
2014-02-24,-5.324999999999672,1,-106.49999999999345,2014-02-24,0.8418159171928142,0.01027118135932833
2014-02-25,-13.105000000000327,1,-262.10000000000656,2014-02-25,0.8344360939801937,0.010237673045024808
2014-02-26,0.0,0,0.0,2014-02-26,0.7406138332762477,0.00973467655375083
2014-02-27,10.525000000000691,1,210.5000000000138,2014-02-27,1.448419515547163,0.009500006213625222
2014-02-28,-0.715,1,-14.299999999999999,2014-02-28,0.6967196031845679,0.008806624984116003
2014-03-03,0.0,0,0.0,2014-03-03,1.0917344671600795,0.00940345550471197
2014-03-04,-2.4449999999995633,1,-48.899999999991266,2014-03-04,0.922460835601172,0.009623696380093185
2014-03-05,0.0,0,0.0,2014-03-05,0.6333199574297309,0.010296525937226903
2014-03-06,0.0,0,0.0,2014-03-06,0.6318923425032643,0.009522059547409365
2014-03-07,-0.13500000000007273,1,-2.7000000000014546,2014-03-07,1.4296947020226245,0.009522776122002006
2014-03-10,-17.424999999999127,1,-348.49999999998255,2014-03-10,1.0245735631666553,0.010379197407254568
2014-03-11,-3.3050000000001454,1,-66.10000000000291,2014-03-11,0.709273233936101,0.010336391224919902
2014-03-12,-0.13500000000007273,1,-2.7000000000014546,2014-03-12,1.003993968292773,0.010546916673835472
2014-03-13,42.21499999999938,1,844.2999999999876,2014-03-13,0.8182563323404395,0.010722971842664313
2014-03-14,0.0,0,0.0,2014-03-14,1.0094286319655668,0.011878035303697507
2014-03-17,-21.485000000000145,3,-429.7000000000029,2014-03-17,0.9154707459391196,0.011738821411803848
2014-03-18,23.535,1,470.7,2014-03-18,1.1326866108922888,0.012207281652998525
2014-03-19,-11.685000000000255,1,-233.7000000000051,2014-03-19,0.627316297029333,0.012376719470527962
2014-03-20,-9.955000000000691,1,-199.10000000001384,2014-03-20,1.002622592026549,0.012720567368017039
2014-03-21,24.114999999999927,1,482.29999999999853,2014-03-21,0.7017439791197198,0.012399263776110826
2014-03-24,14.304999999999819,3,286.0999999999964,2014-03-24,0.7246885418494817,0.012722939216389367
2014-03-25,-4.184999999999345,1,-83.6999999999869,2014-03-25,0.811767068893601,0.013293164796142246
2014-03-26,16.324999999999964,1,326.49999999999926,2014-03-26,0.6157059437833732,0.014146766171544317
2014-03-27,0.0,0,0.0,2014-03-27,0.7876139111028237,0.015082863867944312
2014-03-28,-5.9049999999996,1,-118.099999999992,2014-03-28,0.7285517663251336,0.01507065065253736
2014-03-31,-11.105000000000327,1,-222.10000000000656,2014-03-31,0.7713226991523169,0.015567413808423145
2014-04-01,21.515000000000473,1,430.30000000000945,2014-04-01,0.7757335634708824,0.01568261316717145
2014-04-02,0.0,0,0.0,2014-04-02,0.8057380921702432,0.01606367861686797
2014-04-03,3.3249999999999638,1,66.49999999999928,2014-04-03,0.7503132105238535,0.01490900915807755
2014-04-04,94.55500000000043,1,1891.1000000000085,2014-04-04,0.7997802197802133,0.0154784037847192
2014-04-07,0.0,0,0.0,2014-04-07,0.8681738718184225,0.01718291329258666
2014-04-08,0.7349999999998181,1,14.699999999996363,2014-04-08,0.7531726461741098,0.017634200338328753
2014-04-09,11.705000000000073,1,234.10000000000144,2014-04-09,0.7215448693676707,0.017578429799140097
2014-04-10,99.74499999999958,1,1994.8999999999915,2014-04-10,1.1958541450026687,0.01803685255838448
2014-04-11,0.0,0,0.0,2014-04-11,1.1874598022645393,0.019090413485763468
2014-04-14,0.0,0,0.0,2014-04-14,0.844748582413466,0.01877057201027496
2014-04-15,-13.124999999999854,1,-262.4999999999971,2014-04-15,0.7301134904739807,0.018607788455178385
2014-04-16,0.0,0,0.0,2014-04-16,0.5075653546540639,0.019059737782575952
2014-04-17,0.0,0,0.0,2014-04-17,0.6507280697334602,0.018992423807402525
2014-04-21,0.0,0,0.0,2014-04-21,0.3378796753409846,0.01881536117309046
2014-04-22,0.0,0,0.0,2014-04-22,0.9698891972538991,0.018528552139504943
2014-04-23,0.1449999999996726,1,2.8999999999934523,2014-04-23,0.9812417300158026,0.01799968699392689
2014-04-24,0.0,0,0.0,2014-04-24,1.094216316305424,0.018202064430697416
2014-04-25,19.49499999999958,1,389.8999999999916,2014-04-25,0.985538927190196,0.01830224290193148
2014-04-28,-99.00999999999993,2,-1980.1999999999987,2014-04-28,0.9315573703014737,0.01691382098641005
2014-04-29,0.0,0,0.0,2014-04-29,0.6720618211688804,0.017176814587316097
2014-04-30,0.0,0,0.0,2014-04-30,0.7336297164818382,0.017083091761619127
2014-05-01,0.0,0,0.0,2014-05-01,0.5502118644068251,0.016609437365197606
2014-05-02,0.0,0,0.0,2014-05-02,0.855812318776925,0.01475671457932507
2014-05-05,1.0249999999997819,1,20.499999999995637,2014-05-05,0.9989804154806906,0.014147773830219649
2014-05-06,9.674999999999418,1,193.49999999998835,2014-05-06,0.9833777439411291,0.01410019368977428
2014-05-07,-21.619999999999926,6,-432.3999999999985,2014-05-07,1.1522695568194046,0.01315054414001673
2014-05-08,7.074999999999964,1,141.49999999999926,2014-05-08,0.8321536388599934,0.0134942417655946
2014-05-09,0.0,0,0.0,2014-05-09,0.8394285120840183,0.013910787591381073
2014-05-12,17.4749999999996,1,349.499999999992,2014-05-12,0.6400456935508309,0.014051779781902854
2014-05-13,0.0,0,0.0,2014-05-13,0.7666055741641953,0.014496470552307595
2014-05-14,0.0,0,0.0,2014-05-14,0.9450398606198331,0.014197125246152438
2014-05-15,12.005000000000546,3,240.10000000001094,2014-05-15,1.3019535532741726,0.013522672793035595
2014-05-16,-14.284999999999709,1,-285.6999999999942,2014-05-16,1.1661999999999482,0.013332745647499299
2014-05-19,1.8849999999994544,1,37.69999999998909,2014-05-19,0.8748117367399354,0.012602965710535896
2014-05-20,-18.03500000000062,1,-360.7000000000124,2014-05-20,1.0452137339750243,0.012720572278617028
2014-05-21,-1.420000000000691,2,-28.40000000001382,2014-05-21,1.0490731529043897,0.01272510636760628
2014-05-22,-12.555000000000145,1,-251.10000000000292,2014-05-22,0.7112095738953752,0.012735375566393235
2014-05-23,-0.42499999999912685,1,-8.499999999982537,2014-05-23,0.5964763848106613,0.012604602580618343
2014-05-26,0.0,0,0.0,2014-05-26,0.616156862745046,0.012228687582853833
2014-05-27,0.0,0,0.0,2014-05-27,1.2415261602641634,0.011567464183031126
2014-05-28,0.0,0,0.0,2014-05-28,1.4015252115187526,0.010938433825956259
2014-05-29,0.0,0,0.0,2014-05-29,0.8545567486023755,0.0100622118062722
2014-05-30,0.0,0,0.0,2014-05-30,0.6927951762751936,0.00969558439590669
2014-06-02,-13.414999999999818,1,-268.2999999999964,2014-06-02,0.718572183700831,0.008980730441599544
2014-06-03,0.0,0,0.0,2014-06-03,0.788941703545827,0.00919720951732787
2014-06-04,0.7349999999998181,1,14.699999999996363,2014-06-04,1.2011573436208434,0.009007060168377986
2014-06-05,9.395000000000582,1,187.90000000001163,2014-06-05,1.1688273596527259,0.008527048302209003
2014-06-06,0.0,0,0.0,2014-06-06,1.0709615435937474,0.008509023424626578
2014-06-09,0.0,0,0.0,2014-06-09,0.5588121522302311,0.007955369175549577
2014-06-10,0.0,0,0.0,2014-06-10,0.9152939554758787,0.007552979898061272
2014-06-11,0.0,0,0.0,2014-06-11,1.1812217832956904,0.00715095434039356
2014-06-12,9.830000000000219,2,196.60000000000437,2014-06-12,0.9016741477617307,0.006997695760256413
2014-06-13,0.0,0,0.0,2014-06-13,1.1358184609480129,0.00725805286423653
2014-06-16,-16.190000000000218,2,-323.8000000000044,2014-06-16,0.8012665925724397,0.007430476226825406
2014-06-17,-11.715,1,-234.3,2014-06-17,1.1993268753640434,0.007327365719642932
2014-06-18,-9.530000000000364,2,-190.60000000000727,2014-06-18,0.6419702725441974,0.007382884078958647
2014-06-19,-5.925000000000036,1,-118.50000000000072,2014-06-19,0.6271888784921611,0.007761084592550431
2014-06-20,0.0,0,0.0,2014-06-20,0.8259470616804296,0.007810255899143014
2014-06-23,0.0,0,0.0,2014-06-23,1.1950841881168999,0.007446839382941891
2014-06-24,-21.67999999999971,4,-433.59999999999417,2014-06-24,1.138808541064022,0.007260813613724058
2014-06-25,17.524999999999782,1,350.4999999999956,2014-06-25,0.9786083747043084,0.007468867451695779
2014-06-26,-17.7649999999996,5,-355.299999999992,2014-06-26,0.684358267921219,0.007318594198646978
2014-06-27,3.924999999999418,1,78.49999999998836,2014-06-27,0.9796930708417376,0.0075033155097944245
2014-06-30,-5.055000000000145,1,-101.10000000000291,2014-06-30,0.6942314662503051,0.007573834751703881
2014-07-01,21.864999999999927,1,437.29999999999853,2014-07-01,0.5259464804006251,0.007630787257562536
2014-07-02,0.0,0,0.0,2014-07-02,0.7470288624788353,0.00819633455216795
2014-07-03,0.0,0,0.0,2014-07-03,1.0919629658445762,0.007566781185220099
2014-07-04,0.0,0,0.0,2014-07-04,0.6244781366731798,0.007572007987591169
2014-07-07,0.0,0,0.0,2014-07-07,1.0438873042086305,0.007127660944915994
2014-07-08,23.015000000000473,1,460.30000000000945,2014-07-08,1.2476993122155122,0.007072645114184245
2014-07-09,0.0,0,0.0,2014-07-09,0.7912675813271005,0.007364169578004574
2014-07-10,0.0,0,0.0,2014-07-10,1.7909593324085689,0.0074615060263285345
2014-07-11,0.0,0,0.0,2014-07-11,0.904151782849556,0.00826730214390745
2014-07-14,0.0,0,0.0,2014-07-14,0.6791516245487463,0.008531597517765699
2014-07-15,-7.664999999999818,1,-153.29999999999637,2014-07-15,1.0875098478880183,0.00824749387431988
2014-07-16,0.0,0,0.0,2014-07-16,1.0009668842155857,0.008467266603786766
2014-07-17,23.885000000000364,1,477.70000000000726,2014-07-17,1.4061595700702525,0.0084790718489044
2014-07-18,28.524999999999782,1,570.4999999999957,2014-07-18,0.8574406612295689,0.009291099832646503
2014-07-21,-12.004999999999963,1,-240.09999999999928,2014-07-21,0.7268161370165042,0.010086453221761027
2014-07-22,0.0,0,0.0,2014-07-22,1.0975460572994231,0.009566808685232903
2014-07-23,0.0,0,0.0,2014-07-23,1.0348066586651128,0.009897228101671467
2014-07-24,0.0,0,0.0,2014-07-24,1.072670463135644,0.009934679983289337
2014-07-25,0.0,0,0.0,2014-07-25,0.8121649381231593,0.010220723651563629
2014-07-28,-10.555000000000145,1,-211.10000000000292,2014-07-28,1.2481372770376757,0.010518097248626092
2014-07-29,0.0,0,0.0,2014-07-29,0.943995130011305,0.010118916093002054
2014-07-30,0.0,0,0.0,2014-07-30,1.0258357060002166,0.009995314329382627
2014-07-31,43.57500000000087,1,871.5000000000174,2014-07-31,1.811602894726304,0.00946143652236574
2014-08-01,-34.43,2,-688.6,2014-08-01,1.8261223467534697,0.010565173139902014
2014-08-04,-1.7199999999999633,2,-34.39999999999927,2014-08-04,0.5199598399253275,0.010959849414908573
2014-08-05,-24.87000000000051,2,-497.4000000000102,2014-08-05,0.7260415687012061,0.010870461545748165
2014-08-06,-21.26500000000018,1,-425.30000000000365,2014-08-06,1.320658718179189,0.011173900147918905
2014-08-07,-10.265000000000182,1,-205.30000000000365,2014-08-07,0.9371909789785973,0.010824464907384547
2014-08-08,3.054999999999527,1,61.099999999990544,2014-08-08,1.2408212198411481,0.010625616517290529
2014-08-11,-3.0250000000004,1,-60.500000000008,2014-08-11,0.57585898412908,0.0109619950544331
2014-08-12,-18.664999999999818,1,-373.2999999999964,2014-08-12,0.8756157142284962,0.011037446223595995
2014-08-13,12.025000000000691,1,240.5000000000138,2014-08-13,1.059776021719088,0.011070470884280897
2014-08-14,0.0,0,0.0,2014-08-14,1.1637039127163638,0.011467181565412784
2014-08-15,0.0,0,0.0,2014-08-15,0.9287347348463911,0.011191022674525455
2014-08-18,-2.455000000000691,1,-49.10000000001382,2014-08-18,0.7941570026761802,0.01129420510044209
2014-08-19,0.0,0,0.0,2014-08-19,0.7116086987658561,0.011424081866924793
2014-08-20,0.0,0,0.0,2014-08-20,1.113208219080563,0.01132193762510664
2014-08-21,0.0,0,0.0,2014-08-21,1.2404539290558216,0.009988775948399215
2014-08-22,0.0,0,0.0,2014-08-22,1.286129581982839,0.009244634366598562
2014-08-25,0.0,0,0.0,2014-08-25,0.752498700098203,0.008739809520018281
2014-08-26,0.0,0,0.0,2014-08-26,0.918343809468869,0.008310525364439639
2014-08-27,-10.554999999999236,1,-211.09999999998473,2014-08-27,0.8373697599051777,0.007646643722031959
2014-08-28,0.0,0,0.0,2014-08-28,1.7310855263157146,0.006924361306359949
2014-08-29,0.0,0,0.0,2014-08-29,1.52829537612142,0.006458486715355297
2014-09-01,0.0,0,0.0,2014-09-01,0.875259744348641,0.0061810167069312775
2014-09-02,0.0,0,0.0,2014-09-02,1.0229135550616792,0.005688359412191385
2014-09-03,18.09499999999949,1,361.8999999999898,2014-09-03,1.5622353937340547,0.005210429466977999
2014-09-04,-9.819999999999418,2,-196.39999999998835,2014-09-04,1.6287232252325878,0.005582347305920542
2014-09-05,-7.954999999999782,1,-159.09999999999565,2014-09-05,1.1334760885082102,0.005521118244244291
2014-09-08,-14.605000000000327,1,-292.10000000000656,2014-09-08,0.5195249081432459,0.005540703972686962
2014-09-09,16.52999999999942,4,330.59999999998837,2014-09-09,0.8715638503263669,0.0056218519528714065
2014-09-10,22.15499999999989,1,443.0999999999978,2014-09-10,1.0154976371778324,0.0063635259974690024
2014-09-11,0.0,0,0.0,2014-09-11,1.0100226818913387,0.006840410438419145
2014-09-12,-0.8500000000000725,2,-17.00000000000145,2014-09-12,0.6247934612587914,0.00705052067101263
2014-09-15,9.454999999999163,1,189.09999999998325,2014-09-15,0.7823136464849938,0.007199262568305112
2014-09-16,16.71500000000029,1,334.3000000000058,2014-09-16,0.907442602180129,0.007965744924122452
2014-09-17,0.0,0,0.0,2014-09-17,0.7578845858811799,0.008824481658805883
2014-09-18,0.0,0,0.0,2014-09-18,0.9976742669593249,0.009294726967053605
2014-09-19,0.0,0,0.0,2014-09-19,0.8956910760536806,0.009450462404015899
2014-09-22,7.125000000000146,1,142.5000000000029,2014-09-22,0.9289126528465181,0.01003501161990118
2014-09-23,0.0,0,0.0,2014-09-23,1.0670650477676755,0.010712115569919713
2014-09-24,17.585000000000182,1,351.7000000000036,2014-09-24,0.846060098259524,0.010429946486890126
2014-09-25,52.734999999999815,1,1054.6999999999962,2014-09-25,0.858891924649241,0.010631484867485287
2014-09-26,3.924999999999418,1,78.49999999998836,2014-09-26,1.275214047308058,0.011565247740523723
2014-09-29,0.0,0,0.0,2014-09-29,1.3227496377446244,0.011938282050573753
2014-09-30,0.0,0,0.0,2014-09-30,0.7427016571868661,0.011789152285843933
2014-10-01,35.5950000000004,1,711.9000000000079,2014-10-01,0.7826047687861591,0.011780290887375028
2014-10-02,-21.044999999999927,1,-420.89999999999856,2014-10-02,1.0621208888347358,0.012609524780271556
2014-10-03,4.805000000000437,1,96.10000000000873,2014-10-03,0.8885965171628808,0.013130816829225542
2014-10-06,0.0,0,0.0,2014-10-06,0.7318696996116422,0.0131318857274597
2014-10-07,9.745000000000037,1,194.90000000000072,2014-10-07,1.114360083834736,0.012824763008207668
2014-10-08,21.074999999999964,1,421.49999999999926,2014-10-08,0.9483180090526531,0.013095845385583874
2014-10-09,37.914999999999196,1,758.2999999999839,2014-10-09,1.1415420642504153,0.014530877233889846
2014-10-10,21.80000000000047,2,436.0000000000094,2014-10-10,1.128376869837016,0.015291452390052312
2014-10-13,-10.58499999999989,1,-211.69999999999783,2014-10-13,0.7894200436787092,0.016139581886269332
2014-10-14,0.0,0,0.0,2014-10-14,0.88559500075991,0.017277425893494822
2014-10-15,-30.624999999999854,1,-612.499999999997,2014-10-15,1.1821700392238361,0.017411807581117874
2014-10-16,0.0,0,0.0,2014-10-16,1.5148656061437173,0.017958569227535356
2014-10-17,-17.8449999999992,1,-356.899999999984,2014-10-17,0.7962169928440954,0.01876854062358461
2014-10-20,44.30500000000043,1,886.1000000000087,2014-10-20,0.828034072699666,0.01950151239756939
2014-10-21,35.01499999999956,1,700.2999999999912,2014-10-21,1.338887051430458,0.020053675602299575
2014-10-22,0.0,0,0.0,2014-10-22,0.8066871837671401,0.02046539417548674
2014-10-23,1.0249999999997819,1,20.499999999995637,2014-10-23,1.2125003191461985,0.020068215759101466
2014-10-24,0.0,0,0.0,2014-10-24,0.8642865571449173,0.02055394965822675
2014-10-27,0.0,0,0.0,2014-10-27,0.9936474694589775,0.02052724362958607
2014-10-28,18.030000000000037,2,360.6000000000007,2014-10-28,0.8482697426796508,0.020093319946536185
2014-10-29,0.0,0,0.0,2014-10-29,0.8872199363961565,0.019206969311106197
2014-10-30,0.0,0,0.0,2014-10-30,1.49982847341337,0.018556923327435606
2014-10-31,0.0,0,0.0,2014-10-31,0.8953828985911455,0.017529042648641358
2014-11-03,-13.494999999999745,1,-269.8999999999949,2014-11-03,0.5934033858727328,0.017123597052476975
2014-11-04,-15.814999999999454,1,-316.2999999999891,2014-11-04,1.0008940908721644,0.016409260831053016
2014-11-05,0.0,0,0.0,2014-11-05,0.929306575181745,0.015005169388551398
2014-11-06,0.0,0,0.0,2014-11-06,1.0518562630267325,0.014017990988289113
2014-11-07,-13.205000000000691,1,-264.10000000001384,2014-11-07,0.9991146223523796,0.012980782796516568
2014-11-10,-4.494999999999745,1,-89.8999999999949,2014-11-10,1.0327662600514187,0.012306234662719726
2014-11-11,0.0,0,0.0,2014-11-11,0.618914313534585,0.010976586119144639
2014-11-12,0.0,0,0.0,2014-11-12,1.1270008178525663,0.010643716184012301
2014-11-13,-26.700000000000436,2,-534.0000000000088,2014-11-13,1.1033827893174732,0.009630087122025167
2014-11-14,0.0,0,0.0,2014-11-14,1.0732037520549085,0.00947052972576068
2014-11-17,-22.504999999999963,1,-450.0999999999993,2014-11-17,0.9994466731221584,0.009320662226302349
2014-11-18,9.32,2,186.4,2014-11-18,1.0319933125617589,0.008799792946790671
2014-11-19,-14.584999999999926,7,-291.6999999999985,2014-11-19,0.6083999828921041,0.008670167424348707
2014-11-20,0.1549999999998909,1,3.099999999997818,2014-11-20,1.0078519474164318,0.008514196524152045
2014-11-21,0.0,0,0.0,2014-11-21,1.4748362596804447,0.008054182170325868
2014-11-24,3.645000000000582,1,72.90000000001164,2014-11-24,0.857261583212124,0.008436344536469163
2014-11-25,0.0,0,0.0,2014-11-25,0.7712747521893103,0.008292155003385636
2014-11-26,8.574999999999964,1,171.49999999999926,2014-11-26,1.0893503014066008,0.007981400041318415
2014-11-27,0.0,0,0.0,2014-11-27,0.6987467820871556,0.00794475883207654
2014-11-28,-9.135000000000073,1,-182.70000000000147,2014-11-28,1.3173560346688642,0.00757881623056278
2014-12-01,7.870000000000182,2,157.40000000000364,2014-12-01,1.558019821033389,0.007419754909061547
2014-12-02,0.0,0,0.0,2014-12-02,0.9646825193021711,0.008088267216245186
2014-12-03,-11.744999999999745,1,-234.89999999999492,2014-12-03,0.647720887466172,0.008096258537298633
2014-12-04,0.0,0,0.0,2014-12-04,1.2547786549641784,0.008032334150422692
2014-12-05,0.0,0,0.0,2014-12-05,1.0738163148887638,0.00814257989390465
2014-12-08,0.7450000000000364,1,14.900000000000729,2014-12-08,0.7876329999316954,0.007959783580593573
2014-12-09,0.0,0,0.0,2014-12-09,1.414902870397237,0.008346176205205679
2014-12-10,34.00999999999959,2,680.1999999999919,2014-12-10,0.8163296996801316,0.009054433913954798
2014-12-11,-27.72499999999931,1,-554.4999999999861,2014-12-11,1.0749423370124649,0.00964862659940097
2014-12-12,0.0,0,0.0,2014-12-12,1.2755165722974287,0.010048636584523495
2014-12-15,3.6449999999996727,1,72.89999999999345,2014-12-15,0.7468677776426201,0.010383547981696115
2014-12-16,0.0,0,0.0,2014-12-16,1.3822613661775722,0.011582953626132415
2014-12-17,37.58000000000021,2,751.6000000000042,2014-12-17,0.7231939424048787,0.012883596008736573
2014-12-18,0.0,0,0.0,2014-12-18,0.9631972643727119,0.014176215645301051
2014-12-19,-16.435000000000255,1,-328.7000000000051,2014-12-19,0.6917130217686508,0.015540026985645914
2014-12-22,0.0,0,0.0,2014-12-22,0.7181338440552908,0.015287081023286016
2014-12-23,0.0,0,0.0,2014-12-23,0.8233068204779463,0.01516775095255774
2014-12-24,0.0,0,0.0,2014-12-24,0.4019078347478363,0.015251369057501074
2014-12-26,0.0,0,0.0,2014-12-26,0.3582968745531957,0.014992828556241209
2014-12-29,0.0,0,0.0,2014-12-29,1.9308841843089188,0.015286960194400095
2014-12-30,0.0,0,0.0,2014-12-30,1.156664802660654,0.014505403713185544
2014-12-31,-12.944999999999563,1,-258.8999999999913,2014-12-31,0.631339537801997,0.013746900379075885
2015-01-02,-14.104999999999418,1,-282.09999999998837,2015-01-02,1.1996784242789678,0.013707197681604591
2015-01-05,31.024999999999782,1,620.4999999999957,2015-01-05,1.1129544143104744,0.013731140584482607
2015-01-06,41.20500000000007,1,824.1000000000014,2015-01-06,1.0598006228971055,0.014140329637656051
2015-01-07,-20.659999999999563,2,-413.1999999999913,2015-01-07,0.8342313424280781,0.014086501156610006
2015-01-08,30.145000000000582,1,602.9000000000117,2015-01-08,0.6747713457933235,0.013304917746128232
2015-01-09,-4.629999999999818,2,-92.59999999999636,2015-01-09,1.2030370100580063,0.013286909126806166
2015-01-12,0.7649999999998549,3,15.299999999997098,2015-01-12,1.1528518783345207,0.012723622905866669
2015-01-13,-31.699999999999527,2,-633.9999999999906,2015-01-13,1.1355225558626603,0.013065180642276254
2015-01-14,0.0,0,0.0,2015-01-14,1.4045679886685603,0.014768571496672222
2015-01-15,-2.3100000000010183,2,-46.20000000002037,2015-01-15,1.9522556418230699,0.015177981706823116
2015-01-16,21.705000000000073,1,434.10000000000144,2015-01-16,0.8930715470514277,0.01634403745601581
2015-01-19,0.0,0,0.0,2015-01-19,0.5810253388332279,0.016809629883087034
2015-01-20,0.0,0,0.0,2015-01-20,0.8185661037419536,0.01702355734027469
2015-01-21,-14.685000000000255,1,-293.7000000000051,2015-01-21,0.9075200523052733,0.01755925831498705
2015-01-22,0.0,0,0.0,2015-01-22,1.0771894356503728,0.01742461442813054
2015-01-23,0.0,0,0.0,2015-01-23,0.8398047481695368,0.017949112779591856
2015-01-26,0.0,0,0.0,2015-01-26,0.8821854055822662,0.017219362077038898
2015-01-27,-2.7549999999999635,1,-55.09999999999927,2015-01-27,1.471422669053834,0.01617631129714826
2015-01-28,0.0,0,0.0,2015-01-28,1.262582686223725,0.017300208350077555
2015-01-29,0.0,0,0.0,2015-01-29,0.8246577588326918,0.017435281763102807
2015-01-30,-64.18500000000026,1,-1283.7000000000053,2015-01-30,0.8067013675118014,0.017768945695808662
2015-02-02,-49.1700000000007,2,-983.400000000014,2015-02-02,0.7772067351917825,0.017770243582082304
2015-02-03,0.0,0,0.0,2015-02-03,1.0590347587832003,0.017342484987510027
2015-02-04,0.0,0,0.0,2015-02-04,0.8520276769369379,0.017254950720778657
2015-02-05,0.0,0,0.0,2015-02-05,1.0360774981478564,0.01664063862196045
2015-02-06,0.0,0,0.0,2015-02-06,0.6536489849199555,0.016192804184306304
2015-02-09,0.0,0,0.0,2015-02-09,1.1118841054182549,0.01672741302959007
2015-02-10,26.074999999999964,1,521.4999999999993,2015-02-10,1.2135827594858855,0.01610401765830153
2015-02-11,0.0,0,0.0,2015-02-11,0.6312558387828461,0.01615014984039737
2015-02-12,9.764999999999564,1,195.29999999999126,2015-02-12,1.126551495436335,0.014890329851697321
2015-02-13,0.0,0,0.0,2015-02-13,0.7111442415206717,0.015147611988950213
2015-02-16,0.0,0,0.0,2015-02-16,0.5536135628768554,0.015269121243807788
2015-02-17,0.0,0,0.0,2015-02-17,1.3558711536482086,0.013423579138130647
2015-02-18,0.0,0,0.0,2015-02-18,0.9538739654832205,0.012076175114010535
2015-02-19,13.545000000000218,1,270.90000000000435,2015-02-19,1.4755189270814673,0.010917442849095335
2015-02-20,0.0,0,0.0,2015-02-20,1.2780638778253486,0.010219208222903535
2015-02-23,-12.064999999999454,1,-241.2999999999891,2015-02-23,0.6483045660423284,0.009357485224675098
2015-02-24,-10.614999999999636,1,-212.29999999999274,2015-02-24,0.7219748633264422,0.008702890874581743
2015-02-25,0.0,0,0.0,2015-02-25,0.9310052976396385,0.008287194774433581
2015-02-26,12.09499999999949,1,241.8999999999898,2015-02-26,1.1062571227004,0.008109187430572944
2015-02-27,0.0,0,0.0,2015-02-27,0.6491679200426537,0.007648629395467005
2015-03-02,13.574999999999346,3,271.4999999999869,2015-03-02,0.9310198899703674,0.007581848953078174
2015-03-03,-3.044999999999927,1,-60.89999999999854,2015-03-03,0.6030863187741772,0.007032448492893347
2015-03-04,-21.229999999999272,2,-424.59999999998547,2015-03-04,0.9282913873783258,0.00734704638005126
2015-03-05,-18.76500000000018,1,-375.30000000000365,2015-03-05,0.9545693905883512,0.0071347800071433895
2015-03-06,25.774999999999782,1,515.4999999999957,2015-03-06,1.1369157075075267,0.0070248505232707965
2015-03-09,0.0,0,0.0,2015-03-09,0.8530563261130469,0.007761857838597957
2015-03-10,35.96499999999938,1,719.2999999999876,2015-03-10,1.2098337950138849,0.008006928526349011
2015-03-11,-2.5900000000007637,2,-51.800000000015274,2015-03-11,0.8210449346263095,0.009029293870200183
2015-03-12,12.385000000000364,1,247.70000000000726,2015-03-12,0.7687838241641217,0.009206606308711437
2015-03-13,3.6449999999996727,1,72.89999999999345,2015-03-13,0.9777324178882876,0.009065412055791906
2015-03-16,29.02500000000069,1,580.5000000000139,2015-03-16,0.8102078292059148,0.00975705799502516
2015-03-17,0.0,0,0.0,2015-03-17,0.7988558234108281,0.010212020103118823
2015-03-18,15.314999999999745,1,306.2999999999949,2015-03-18,1.1910423241537318,0.010289579461271304
2015-03-19,0.0,0,0.0,2015-03-19,1.0782369441317825,0.01135532958503452
2015-03-20,0.0,0,0.0,2015-03-20,0.8353617484074819,0.011248437073729592
2015-03-23,0.0,0,0.0,2015-03-23,1.0088549618320395,0.011425460632268966
2015-03-24,-14.715,1,-294.3,2015-03-24,1.2278364031034334,0.010954326769126542
2015-03-25,92.86499999999992,1,1857.2999999999984,2015-03-25,0.9970642120831051,0.010900493792392866
2015-03-26,0.0,0,0.0,2015-03-26,1.4159908001452537,0.01230426262076058
2015-03-27,-22.99999999999971,2,-459.9999999999942,2015-03-27,0.8588620078396031,0.012235430834271853
2015-03-30,-20.960000000000655,2,-419.2000000000131,2015-03-30,0.848744920821812,0.012275373193725818
2015-03-31,5.9950000000000365,1,119.90000000000073,2015-03-31,0.981180394258853,0.011817537331454662
2015-04-01,-29.390000000000654,4,-587.8000000000131,2015-04-01,1.133147746661346,0.011966973762915828
2015-04-02,0.0,0,0.0,2015-04-02,0.6737412727030726,0.012187140723380521
2015-04-06,12.984999999999818,1,259.69999999999635,2015-04-06,0.5464906907241325,0.011670639252669679
2015-04-07,-7.125000000000764,1,-142.5000000000153,2015-04-07,1.1218435493996246,0.012062095826872904
2015-04-08,-11.339999999999854,2,-226.79999999999708,2015-04-08,1.0172826672111865,0.012079143063811932
2015-04-09,-0.715,1,-14.299999999999999,2015-04-09,1.1031610952294515,0.011155221718355021
2015-04-10,0.0,0,0.0,2015-04-10,0.6102604790924531,0.011563058684232618
2015-04-13,-5.675000000000036,1,-113.50000000000072,2015-04-13,0.7762717831367715,0.011214123052027151
2015-04-14,-5.374999999999854,1,-107.49999999999709,2015-04-14,1.7170326570222667,0.011573453004047064
2015-04-15,0.0,0,0.0,2015-04-15,0.8993943087882312,0.011732556284767909
2015-04-16,0.0,0,0.0,2015-04-16,1.0408554768371554,0.010417247637640728
2015-04-17,3.0749999999999638,1,61.499999999999275,2015-04-17,1.9420224902216372,0.009754296740288186
2015-04-20,21.73499999999982,1,434.69999999999635,2015-04-20,1.1520963973933303,0.010635636121008941
2015-04-21,0.0,0,0.0,2015-04-21,1.226517370269098,0.01094037953583526
2015-04-22,0.0,0,0.0,2015-04-22,2.1126331295822607,0.010688618536808801
2015-04-23,-8.294999999999927,1,-165.89999999999856,2015-04-23,1.259807361102248,0.010603849931488165
2015-04-24,0.0,0,0.0,2015-04-24,0.8749927841597891,0.010994566401283792
2015-04-27,0.0,0,0.0,2015-04-27,0.9012748810226741,0.010739452888221312
2015-04-28,-12.79999999999989,2,-255.9999999999978,2015-04-28,0.8723534201954307,0.010865062348437853
2015-04-29,-30.1549999999996,1,-603.099999999992,2015-04-29,1.0511868238333697,0.01113728519282904
2015-04-30,13.720000000000546,2,274.4000000000109,2015-04-30,1.0472713575847017,0.011262804781837384
2015-05-01,11.969999999999636,2,239.39999999999273,2015-05-01,0.541667848934556,0.012300150843030258
2015-05-04,-17.915000000000727,1,-358.30000000001456,2015-05-04,0.9242173330178958,0.01260192656505874
2015-05-05,37.76500000000047,1,755.3000000000094,2015-05-05,1.4406452679735977,0.012396519501195006
2015-05-06,4.429999999999964,4,88.59999999999928,2015-05-06,1.2328364544727135,0.013006964868534364
2015-05-07,7.734999999999818,1,154.69999999999635,2015-05-07,1.5830819429908372,0.014010593568316321
2015-05-08,-12.08499999999989,1,-241.69999999999783,2015-05-08,1.2261586766015387,0.0132455599474192
2015-05-11,0.0,0,0.0,2015-05-11,0.6091175702857526,0.013105958536834278
2015-05-12,-27.824999999999672,1,-556.4999999999934,2015-05-12,1.5885150912393087,0.013089178536148263
2015-05-13,0.0,0,0.0,2015-05-13,1.0183305798127615,0.013334051565263837
2015-05-14,17.064999999999745,1,341.2999999999949,2015-05-14,1.24717455894686,0.013153299878063062
2015-05-15,0.0,0,0.0,2015-05-15,0.6860970311368433,0.013210440592016679
2015-05-18,-4.805000000000145,1,-96.10000000000291,2015-05-18,1.2377303339718972,0.012940905078748913
2015-05-19,0.0,0,0.0,2015-05-19,1.006980203684595,0.012624352724222606
2015-05-20,-40.200000000000436,2,-804.0000000000088,2015-05-20,1.1024566964791227,0.012132352810989582
2015-05-21,7.455000000000073,1,149.10000000000144,2015-05-21,0.7530941468635084,0.011425782041410707
2015-05-22,0.0,0,0.0,2015-05-22,0.7414489896500621,0.011144585082272836
2015-05-25,0.0,0,0.0,2015-05-25,0.7468233639696591,0.010913338035838323
2015-05-26,16.48499999999982,1,329.69999999999635,2015-05-26,2.0104599292416547,0.009957268591975228
2015-05-27,43.01499999999956,1,860.2999999999912,2015-05-27,0.9335956302450666,0.009767919667766743
2015-05-28,0.0,0,0.0,2015-05-28,0.8866019486145712,0.010307029984728553
2015-05-29,-7.414999999999818,1,-148.29999999999637,2015-05-29,1.5812913263321562,0.009661516299318228
2015-06-01,0.0,0,0.0,2015-06-01,1.7306056959486567,0.009803323476418487
2015-06-02,0.0,0,0.0,2015-06-02,1.9763573120935851,0.00956602826469229
2015-06-03,0.0,0,0.0,2015-06-03,1.0914101497504103,0.00965220736357099
2015-06-04,0.0,0,0.0,2015-06-04,1.380246711424072,0.009028071963926082
2015-06-05,-17.914999999999818,1,-358.2999999999964,2015-06-05,1.4715223057794573,0.00940597593996029
2015-06-08,33.104999999999706,1,662.0999999999941,2015-06-08,0.7811241745852664,0.009481923022957809
2015-06-09,-14.704999999999782,1,-294.09999999999565,2015-06-09,1.2724286843865984,0.010011821883121509
2015-06-10,20.564999999999745,1,411.2999999999949,2015-06-10,1.0520768456858136,0.009986732570367253
2015-06-11,0.0,0,0.0,2015-06-11,0.8248653072359232,0.010464134643681589
2015-06-12,-15.294999999999927,1,-305.89999999999856,2015-06-12,1.5018091862354064,0.010621732800622822
2015-06-15,-8.044999999999927,1,-160.89999999999856,2015-06-15,1.0382148342216995,0.011058829824685135
2015-06-16,1.0450000000002184,1,20.90000000000437,2015-06-16,1.3487066436172945,0.010643243398190783
2015-06-17,0.0,0,0.0,2015-06-17,0.9968065303892044,0.010052055718438568
2015-06-18,26.265000000000473,1,525.3000000000095,2015-06-18,1.4318356104355203,0.010363274222656439
2015-06-19,0.0,0,0.0,2015-06-19,0.6906063979093242,0.010878061697333644
2015-06-22,-22.124999999999854,1,-442.4999999999971,2015-06-22,1.0114065930437848,0.010580045940691632
2015-06-23,0.0,0,0.0,2015-06-23,0.8357931341231638,0.010594970722736487
2015-06-24,0.0,0,0.0,2015-06-24,1.2556248777200116,0.01047108737259893
2015-06-25,0.0,0,0.0,2015-06-25,1.7578870139398444,0.010256275772665737
2015-06-26,9.545000000000218,1,190.90000000000435,2015-06-26,1.0637566592198338,0.010184486271979955
2015-06-29,37.104999999999706,1,742.0999999999941,2015-06-29,1.1149046233430397,0.010187195619130241
2015-06-30,0.0,0,0.0,2015-06-30,1.0300177925730185,0.011173015195356331
2015-07-01,0.0,0,0.0,2015-07-01,0.9640112147725473,0.010653242046417693
2015-07-02,0.0,0,0.0,2015-07-02,0.8386411889596913,0.011004282476586497
2015-07-03,0.0,0,0.0,2015-07-03,0.8099191934168541,0.010779090452441586
2015-07-06,0.0,0,0.0,2015-07-06,1.5111657516251682,0.010279039779909505
2015-07-07,-40.43000000000001,2,-808.6000000000001,2015-07-07,0.8512836262616355,0.010490659164394333
2015-07-08,7.359999999999964,2,147.19999999999928,2015-07-08,1.3153616090246858,0.011264383834052772
2015-07-09,0.0,0,0.0,2015-07-09,0.6144391716140933,0.0114819054982287
2015-07-10,0.0,0,0.0,2015-07-10,0.6743199302085686,0.012046755842318454
2015-07-13,20.985000000000728,1,419.70000000001454,2015-07-13,0.8374263807089586,0.012623577126316265
2015-07-14,9.255000000000255,1,185.10000000000508,2015-07-14,0.40940095114825037,0.013551434943924903
2015-07-15,0.0,0,0.0,2015-07-15,0.5860959308413717,0.013618648748027267
2015-07-16,0.0,0,0.0,2015-07-16,0.8437465925199122,0.013466409469406805
2015-07-17,0.0,0,0.0,2015-07-17,0.693974134062258,0.013550140547368103
2015-07-20,0.0,0,0.0,2015-07-20,0.6330925126665341,0.01281698595491017
2015-07-21,0.0,0,0.0,2015-07-21,0.8979420618862145,0.012731260807644794
2015-07-22,0.0,0,0.0,2015-07-22,1.003139510837879,0.012285963969331473
2015-07-23,0.0,0,0.0,2015-07-23,0.7241149615765738,0.012916423479907365
2015-07-24,29.785,1,595.7,2015-07-24,0.8606414364115188,0.013459712118753681
2015-07-27,0.0,0,0.0,2015-07-27,1.209193191092442,0.013853576762118073
2015-07-28,-22.24999999999971,2,-444.9999999999942,2015-07-28,0.7745476160853663,0.013122625047293507
2015-07-29,0.0,0,0.0,2015-07-29,0.9291159907572768,0.01273718806664255
2015-07-30,-14.040000000000582,2,-280.80000000001166,2015-07-30,0.9391989185694528,0.012235428586573309
2015-07-31,0.0,0,0.0,2015-07-31,1.2554642159129774,0.01194141566335658
2015-08-03,-27.695000000000473,1,-553.9000000000094,2015-08-03,1.3418062200956908,0.011150312544084
2015-08-04,-25.054999999999236,1,-501.09999999998473,2015-08-04,1.073370126205966,0.011376285247679257
2015-08-05,-20.614999999999345,3,-412.2999999999869,2015-08-05,0.9178719074787338,0.011427013999989369
2015-08-06,53.24500000000003,1,1064.9000000000005,2015-08-06,0.9428241001918021,0.011470797403602784
2015-08-07,-28.864999999999636,1,-577.2999999999927,2015-08-07,1.0730212201957656,0.012084560588733712
2015-08-10,0.7550000000002547,1,15.100000000005094,2015-08-10,1.0667244481214408,0.012273852574887254
2015-08-11,6.904999999999891,1,138.0999999999978,2015-08-11,1.3330005666028222,0.012871996834391693
2015-08-12,-33.399999999999345,2,-667.9999999999869,2015-08-12,1.2744637361088345,0.013091523115367163
2015-08-13,0.0,0,0.0,2015-08-13,0.7208435771358157,0.013975531534260155
2015-08-14,0.0,0,0.0,2015-08-14,0.7465314038490192,0.013435492751669517
2015-08-17,20.10499999999971,1,402.09999999999417,2015-08-17,1.0432414116665887,0.013208549522322517
2015-08-18,0.0,0,0.0,2015-08-18,1.1607725334911219,0.013163037931860676
2015-08-19,-29.590000000000764,2,-591.8000000000153,2015-08-19,1.0148921843436196,0.013076220696713395
2015-08-20,48.84499999999949,1,976.8999999999897,2015-08-20,1.4122582444044671,0.013079149333284478
2015-08-21,101.62500000000014,1,2032.5000000000027,2015-08-21,0.9944841635916378,0.014645430536090789
2015-08-24,0.0,0,0.0,2015-08-24,1.3737875028197628,0.01690960765185326
2015-08-25,0.0,0,0.0,2015-08-25,1.1165631273398091,0.021510959264354677
2015-08-26,38.864999999999924,1,777.2999999999985,2015-08-26,0.7356127157403803,0.02391388309241759
2015-08-27,-56.135000000000076,1,-1122.7000000000016,2015-08-27,0.640636244533422,0.02586133668360015
2015-08-28,0.0,0,0.0,2015-08-28,0.7253038142221203,0.0269457392138259
2015-08-31,0.0,0,0.0,2015-08-31,0.6959766588612447,0.026749176488261684
2015-09-01,0.0,0,0.0,2015-09-01,1.138517586962436,0.026530435263910218
2015-09-02,0.0,0,0.0,2015-09-02,0.9573295730587367,0.02751263777274731
2015-09-03,0.0,0,0.0,2015-09-03,0.7230542155662871,0.028732154027806163
2015-09-04,0.0,0,0.0,2015-09-04,1.0970395626995777,0.029541500085036913
2015-09-07,0.0,0,0.0,2015-09-07,0.5693958181831795,0.029843038338746637
2015-09-08,0.0,0,0.0,2015-09-08,0.8502631667169734,0.030023857725523843
2015-09-09,0.0,0,0.0,2015-09-09,0.7959606219235953,0.030524158851497358
2015-09-10,-0.715,1,-14.299999999999999,2015-09-10,1.6533013795434244,0.030340753776271233
2015-09-11,0.0,0,0.0,2015-09-11,1.1285281868683765,0.028580178334236817
2015-09-14,-1.595000000000109,1,-31.90000000000218,2015-09-14,0.842760306700747,0.02436369614608063
2015-09-15,13.0950000000004,1,261.900000000008,2015-09-15,0.9415454424129059,0.021709454612647828
2015-09-16,0.0,0,0.0,2015-09-16,0.7958981069921854,0.019274729685387876
2015-09-17,0.0,0,0.0,2015-09-17,0.8258248354286761,0.018133761389723353
2015-09-18,0.0,0,0.0,2015-09-18,1.4355326415627903,0.018737039905768863
2015-09-21,-39.80500000000015,1,-796.100000000003,2015-09-21,0.9756839449623341,0.01881376682768187
2015-09-22,-32.75499999999997,1,-655.0999999999993,2015-09-22,1.3986420632775602,0.017424539442697038
2015-09-23,0.0,0,0.0,2015-09-23,1.0440946286789414,0.017265486992962834
2015-09-24,-3.6549999999995997,1,-73.099999999992,2015-09-24,1.4025767456656613,0.016627271867415774
2015-09-25,0.0,0,0.0,2015-09-25,1.0335370573794151,0.016699391549947873
2015-09-28,76.58500000000018,1,1531.7000000000035,2015-09-28,1.0755410141238324,0.01796671914759241
2015-09-29,-72.85000000000008,2,-1457.0000000000016,2015-09-29,0.9633020781282039,0.018723029216479482
2015-09-30,-17.600000000000072,2,-352.0000000000015,2015-09-30,0.665348053667044,0.018657645270959183
2015-10-01,-32.29000000000058,2,-645.8000000000117,2015-10-01,0.8913633978454774,0.01892162090811365
2015-10-02,53.95500000000007,1,1079.1000000000013,2015-10-02,1.2866650035810052,0.01914860176430591
2015-10-05,-5.414999999999818,1,-108.29999999999636,2015-10-05,0.8241711674923633,0.020800666686868852
2015-10-06,-25.105000000000327,1,-502.10000000000656,2015-10-06,0.7845081723357681,0.020837660759856776
2015-10-07,-48.03500000000062,1,-960.7000000000124,2015-10-07,0.9897224329464164,0.021103660946607726
2015-10-08,-15.414999999999818,1,-308.2999999999964,2015-10-08,0.9626252370644282,0.020806009944894233
2015-10-09,-20.70499999999978,1,-414.09999999999565,2015-10-09,0.9019902076780254,0.020999650676537505
2015-10-12,0.0,0,0.0,2015-10-12,0.7523067597602418,0.020383691102569934
2015-10-13,0.0,0,0.0,2015-10-13,1.2036092163918681,0.019052515365044376
2015-10-14,-34.515000000000185,1,-690.3000000000037,2015-10-14,1.0724170694427035,0.01919996352635331
2015-10-15,19.730000000000764,2,394.60000000001526,2015-10-15,0.8612054377576778,0.018650093449145054
2015-10-16,0.0,0,0.0,2015-10-16,0.7505861220300399,0.017892661249409924
2015-10-19,-26.874999999999854,1,-537.499999999997,2015-10-19,0.9322762698199303,0.016119478389224846
2015-10-20,-11.58499999999989,1,-231.69999999999783,2015-10-20,0.8275555963695884,0.015009192486946982
2015-10-21,1.6349999999994544,1,32.69999999998909,2015-10-21,1.0727580862436041,0.013960731743467838
2015-10-22,35.14500000000058,1,702.9000000000116,2015-10-22,0.7534444678165932,0.013728642960010749
2015-10-23,0.0,0,0.0,2015-10-23,1.1092146661457094,0.01276569392031027
2015-10-26,-9.824999999999672,1,-196.49999999999346,2015-10-26,0.6146088395442634,0.013797373658473926
2015-10-27,0.0,0,0.0,2015-10-27,0.7362447435391314,0.013327407083632005
2015-10-28,0.0,0,0.0,2015-10-28,0.7472734405649332,0.012700148324721518
2015-10-29,0.0,0,0.0,2015-10-29,0.7454964960804957,0.012393404253328185
2015-10-30,0.0,0,0.0,2015-10-30,0.8654532476802285,0.012176994188736695
2015-11-02,27.205000000000073,1,544.1000000000015,2015-11-02,1.0715278345459036,0.012236361482257105
2015-11-03,-6.5949999999991995,1,-131.899999999984,2015-11-03,0.6669090531345869,0.012267805681519379
2015-11-04,-15.705000000000691,1,-314.10000000001384,2015-11-04,0.8794972151136313,0.012239541925906807
2015-11-05,-73.5750000000003,3,-1471.500000000006,2015-11-05,1.106477103876808,0.011660768511628424
2015-11-06,-7.475000000000218,1,-149.50000000000438,2015-11-06,1.0940819645708988,0.011918481561712917
2015-11-09,26.614999999999927,1,532.2999999999986,2015-11-09,0.7990291262136024,0.01194580671068574
2015-11-10,0.0,0,0.0,2015-11-10,1.316773260736478,0.012529756613624635
2015-11-11,0.0,0,0.0,2015-11-11,0.7991051834232409,0.012222140811089303
2015-11-12,0.0,0,0.0,2015-11-12,1.2494514536478571,0.011506709100687292
2015-11-13,70.70500000000007,1,1414.1000000000013,2015-11-13,0.9744426172054013,0.01007334943183236
2015-11-16,32.97000000000054,2,659.4000000000108,2015-11-16,0.9844717344971018,0.011023865823189287
2015-11-17,-13.645000000000291,1,-272.90000000000583,2015-11-17,0.8668925841280057,0.011817734105237065
2015-11-18,70.11499999999992,1,1402.2999999999984,2015-11-18,0.7977815699658594,0.011450883755291828
2015-11-19,-17.475000000000218,1,-349.5000000000044,2015-11-19,0.703789536374112,0.012461255388749135
2015-11-20,0.0,0,0.0,2015-11-20,0.7950201701240476,0.012432965669813143
2015-11-23,-15.705000000000691,1,-314.10000000001384,2015-11-23,1.1701123788281838,0.01211053414144532
2015-11-24,0.0,0,0.0,2015-11-24,2.2487210464301053,0.012162294141109609
2015-11-25,0.0,0,0.0,2015-11-25,0.7818665569851365,0.012515296373521534
2015-11-26,0.0,0,0.0,2015-11-26,0.7606454823345286,0.011999633972765123
2015-11-27,-14.235000000000436,1,-284.70000000000874,2015-11-27,1.266849013164353,0.011684858271318146
2015-11-30,10.455000000000073,1,209.10000000000144,2015-11-30,1.3471439820703714,0.010932725866819325
2015-12-01,-10.549999999998981,2,-210.99999999997962,2015-12-01,0.8589741460903437,0.010963226688308072
2015-12-02,-14.235000000000436,1,-284.70000000000874,2015-12-02,0.8458099650491726,0.010938444018902002
2015-12-03,49.71999999999963,2,994.3999999999926,2015-12-03,1.704352297561744,0.011058357318075874
2015-12-04,68.64499999999967,1,1372.8999999999933,2015-12-04,0.9606947801951915,0.011586036784222525
2015-12-07,10.1649999999992,1,203.29999999998398,2015-12-07,0.779951540879861,0.012091010653728529
2015-12-08,0.0,0,0.0,2015-12-08,1.1866162978953105,0.01216333453573307
2015-12-09,27.505000000000255,1,550.1000000000051,2015-12-09,1.3037655066417997,0.011774012952234894
2015-12-10,0.0,0,0.0,2015-12-10,0.9785525413769557,0.012948158045677999
2015-12-11,37.795000000000215,1,755.9000000000043,2015-12-11,1.4464718352513748,0.013253599676861577
2015-12-14,-25.14499999999938,1,-502.89999999998764,2015-12-14,1.5998936765016,0.01417165712244835
2015-12-15,-13.954999999999782,1,-279.09999999999565,2015-12-15,0.8990397177946111,0.014740698521472681
2015-12-16,0.0,0,0.0,2015-12-16,0.7419346338635606,0.01550785505694575
2015-12-17,46.675000000000324,1,933.5000000000065,2015-12-17,0.7284251090153178,0.016541621475767494
2015-12-18,57.26500000000047,1,1145.3000000000093,2015-12-18,1.0669369772605555,0.017500249085178693
2015-12-21,0.0,0,0.0,2015-12-21,0.7029671858867969,0.018256545353815427
2015-12-22,0.0,0,0.0,2015-12-22,1.0546878722329691,0.01828683461914442
2015-12-23,0.0,0,0.0,2015-12-23,0.7382670556323448,0.017934186212542787
2015-12-24,0.0,0,0.0,2015-12-24,0.5913750608329832,0.016549163693056857
2015-12-28,-1.8850000000000726,1,-37.70000000000145,2015-12-28,0.8275565796410792,0.015139996837046865
2015-12-29,31.6649999999992,1,633.299999999984,2015-12-29,1.2466331060873403,0.01504101309719541
2015-12-30,-6.305000000000145,1,-126.10000000000291,2015-12-30,0.8295808164012586,0.015301776643666934
2015-12-31,-21.314999999999454,1,-426.2999999999891,2015-12-31,1.02388576055351,0.014313042259793959
2016-01-04,4.875000000000146,1,97.50000000000291,2016-01-04,1.6788402084077432,0.014397642686403134
2016-01-05,-10.124999999999854,1,-202.4999999999971,2016-01-05,1.0643722706917567,0.015151337043379579
2016-01-06,0.0,0,0.0,2016-01-06,0.9893643144356824,0.014559097975219487
2016-01-07,0.0,0,0.0,2016-01-07,1.500748897749085,0.014712847465011041
2016-01-08,-24.8449999999992,1,-496.899999999984,2016-01-08,1.02720153946918,0.01564232525177706
2016-01-11,0.0,0,0.0,2016-01-11,0.8186812305091831,0.01586175864741658
2016-01-12,-20.434999999999345,1,-408.6999999999869,2016-01-12,0.9030519346737841,0.01607389665573081
2016-01-13,131.1549999999999,1,2623.0999999999976,2016-01-13,0.6918451211723152,0.016667842703286268
2016-01-14,-29.40000000000026,2,-588.0000000000052,2016-01-14,1.0745281973630783,0.019252924793687152
2016-01-15,0.0,0,0.0,2016-01-15,1.169281333833954,0.021615371474663546
2016-01-18,0.0,0,0.0,2016-01-18,0.9864551238445839,0.024488160054435427
2016-01-19,0.0,0,0.0,2016-01-19,0.6481033281779389,0.024051817793626383
2016-01-20,-99.03499999999971,1,-1980.6999999999944,2016-01-20,0.9796699968798328,0.024523825454677458
2016-01-21,-119.16999999999888,2,-2383.399999999978,2016-01-21,1.151556855324279,0.027127239830966154
2016-01-22,0.0,0,0.0,2016-01-22,0.5863224466679278,0.027975496621203782
2016-01-25,0.0,0,0.0,2016-01-25,0.7297279278514882,0.027543861313928324
2016-01-26,0.0,0,0.0,2016-01-26,1.2059422565649383,0.027938498745770708
2016-01-27,-56.46999999999996,2,-1129.3999999999992,2016-01-27,0.9174178762414094,0.028007034818833765
2016-01-28,0.0,0,0.0,2016-01-28,1.1063759308451293,0.027779936478901875
2016-01-29,59.925000000000324,1,1198.5000000000064,2016-01-29,0.7171024726880927,0.02755676238176688
2016-02-01,0.0,0,0.0,2016-02-01,0.6702395473774372,0.02750182924659775
2016-02-02,41.8299999999993,2,836.599999999986,2016-02-02,1.0206703074146815,0.027220832690173422
2016-02-03,-58.81999999999942,2,-1176.3999999999883,2016-02-03,1.3196175882964782,0.025851195989871706
2016-02-04,-48.99500000000066,1,-979.9000000000132,2016-02-04,1.0084600578114968,0.024960528567993145
2016-02-05,98.77499999999978,1,1975.4999999999955,2016-02-05,0.8124966960934611,0.023159059638159014
2016-02-08,-19.8449999999992,1,-396.899999999984,2016-02-08,1.5132156380871165,0.025810773249610997
2016-02-09,0.0,0,0.0,2016-02-09,1.1997069762200057,0.02646977545852042
2016-02-10,-40.455000000000695,1,-809.1000000000139,2016-02-10,0.8515357512265497,0.025146035226957537
2016-02-11,0.0,0,0.0,2016-02-11,1.2963369747493934,0.02511112050421978
2016-02-12,0.0,0,0.0,2016-02-12,0.8070654492704212,0.02466357562734272
2016-02-15,0.0,0,0.0,2016-02-15,0.6366016647778275,0.02446266374515089
2016-02-16,0.0,0,0.0,2016-02-16,0.8730794377247433,0.024378205494950893
2016-02-17,27.835000000000182,1,556.7000000000037,2016-02-17,1.2597272828204351,0.023159941155292796
2016-02-18,0.0,0,0.0,2016-02-18,1.1886362319120578,0.023497857241685537
2016-02-19,0.0,0,0.0,2016-02-19,1.155069545086684,0.02311930491241133
2016-02-22,0.0,0,0.0,2016-02-22,0.7679700531440274,0.02297693706691738
2016-02-23,15.184999999999636,1,303.6999999999927,2016-02-23,1.0536388558423435,0.022383699717244836
2016-02-24,0.0,0,0.0,2016-02-24,1.298414842645152,0.021552451347887906
2016-02-25,0.0,0,0.0,2016-02-25,1.0144157189072318,0.022182412959387783
2016-02-26,0.0,0,0.0,2016-02-26,0.907594639078291,0.020472473989038446
2016-02-29,-70.18500000000026,1,-1403.7000000000053,2016-02-29,1.2120206324287888,0.018875865747745083
2016-03-01,71.69499999999985,1,1433.899999999997,2016-03-01,1.0166126455568696,0.01805650155799025
2016-03-02,0.0,0,0.0,2016-03-02,0.7934933173598921,0.018490006736857502
2016-03-03,-32.80500000000015,1,-656.100000000003,2016-03-03,0.7806325146493094,0.017460460379141327
2016-03-04,-22.794999999999927,1,-455.89999999999856,2016-03-04,1.117528476198725,0.016996870991482813
2016-03-07,0.0,0,0.0,2016-03-07,0.9858238273299597,0.016746315218213303
2016-03-08,0.0,0,0.0,2016-03-08,1.0065024550085169,0.01682736027509503
2016-03-09,0.0,0,0.0,2016-03-09,0.9659691815009722,0.015941294837823486
2016-03-10,-53.53999999999968,2,-1070.7999999999936,2016-03-10,1.4732061061341128,0.015378461785188997
2016-03-11,0.0,0,0.0,2016-03-11,0.7091350412813158,0.016188708533288725
2016-03-14,0.0,0,0.0,2016-03-14,0.6084828389286887,0.016210077041272735
2016-03-15,0.0,0,0.0,2016-03-15,1.055197380756626,0.015559977012820215
2016-03-16,14.035,1,280.7,2016-03-16,0.9751501213747262,0.014051021259363044
2016-03-17,0.0,0,0.0,2016-03-17,1.5320809323238516,0.013866875134217223
2016-03-18,0.0,0,0.0,2016-03-18,0.8371930873051564,0.013638081850552137
2016-03-21,0.0,0,0.0,2016-03-21,1.1458320406061124,0.01309646919436987
2016-03-22,-6.6150000000005456,1,-132.30000000001093,2016-03-22,1.3048948778309897,0.01142105586113533
2016-03-23,13.444999999999855,1,268.8999999999971,2016-03-23,0.8012434089159246,0.011646267532225299
2016-03-24,0.0,0,0.0,2016-03-24,0.9706924411106165,0.011758314184051
2016-03-28,0.0,0,0.0,2016-03-28,0.82175138497428,0.011337390890024794
2016-03-29,59.74500000000003,1,1194.9000000000005,2016-03-29,1.0936250076918226,0.01076752957663113
2016-03-30,-26.965,1,-539.3,2016-03-30,0.9824629832430558,0.011325587576933008
2016-03-31,0.0,0,0.0,2016-03-31,0.9325860876983912,0.011531100627558712
2016-04-01,30.835000000000182,1,616.7000000000037,2016-04-01,1.4269262660074375,0.010204523646560399
2016-04-04,-13.695000000000473,1,-273.90000000000947,2016-04-04,0.9916234072675773,0.0102987301406439
2016-04-05,0.0,0,0.0,2016-04-05,1.1178492543750729,0.010200460818749115
2016-04-06,38.97000000000054,2,779.4000000000108,2016-04-06,0.9088264462809826,0.010419728296657367
2016-04-07,21.995000000000037,1,439.9000000000007,2016-04-07,0.9892271539091043,0.010597858689460813
2016-04-08,0.0,0,0.0,2016-04-08,0.9821150855365626,0.011370914476512003
2016-04-11,-21.6549999999996,1,-433.099999999992,2016-04-11,1.2913988848332834,0.011734090141340813
2016-04-12,-27.100000000000076,2,-542.0000000000015,2016-04-12,1.007244757922955,0.012171442365826766
2016-04-13,-11.624999999999854,1,-232.4999999999971,2016-04-13,0.7221907245719523,0.012502956556442747
2016-04-14,0.0,0,0.0,2016-04-14,0.8236873908956496,0.012772253978242212
2016-04-15,0.0,0,0.0,2016-04-15,0.6666025394382421,0.012703899092328759
2016-04-18,-16.34500000000011,1,-326.9000000000022,2016-04-18,1.3308123738858249,0.012717229559918277
2016-04-19,-2.009999999999927,2,-40.19999999999854,2016-04-19,1.0071768527612162,0.011941698208462892
2016-04-20,0.0,0,0.0,2016-04-20,1.0059116199443747,0.012110086091487835
2016-04-21,-11.624999999999854,1,-232.4999999999971,2016-04-21,0.9749963791491713,0.012325054051554403
2016-04-22,-9.565000000000364,1,-191.3000000000073,2016-04-22,0.9037747826936113,0.011601023182570154
2016-04-25,0.0,0,0.0,2016-04-25,1.0755095481396901,0.012772376679576378
2016-04-26,9.015000000000473,1,180.30000000000945,2016-04-26,0.8442660104901849,0.01237199453675997
2016-04-27,-19.59500000000011,1,-391.9000000000022,2016-04-27,0.7721054477752852,0.012046302171097015
2016-04-28,38.689999999998975,2,773.7999999999795,2016-04-28,0.8675288607505507,0.011874433084127405
2016-04-29,-1.4299999999999997,2,-28.599999999999994,2016-04-29,1.009620676749662,0.012484475686652391
2016-05-02,11.085000000000182,1,221.70000000000363,2016-05-02,0.6901304612623052,0.012630620218015887
2016-05-03,0.0,0,0.0,2016-05-03,1.0076152697176755,0.012387152964301965
2016-05-04,0.0,0,0.0,2016-05-04,1.1635445728710077,0.012231775338578216
2016-05-05,0.0,0,0.0,2016-05-05,1.0710526315789641,0.012423424303143237
2016-05-06,0.0,0,0.0,2016-05-06,1.0799890157310434,0.012556178057205826
2016-05-09,-22.960000000000655,2,-459.2000000000131,2016-05-09,0.9785065603809037,0.012707582819008625
2016-05-10,27.60500000000062,1,552.1000000000124,2016-05-10,0.9700216120178832,0.012286381832264529
2016-05-11,15.505000000000255,1,310.1000000000051,2016-05-11,0.7634413660096997,0.01268010869661689
2016-05-12,-6.0249999999994905,1,-120.49999999998981,2016-05-12,1.2383709256408588,0.01287641648236296
2016-05-13,-24.305000000000145,1,-486.1000000000029,2016-05-13,1.3001573285331733,0.012308411360789705
2016-05-16,37.924999999999415,1,758.4999999999883,2016-05-16,0.864860279682995,0.01273372431008563
2016-05-17,24.530000000000033,2,490.60000000000065,2016-05-17,0.9758058033920145,0.013036928408547052
2016-05-18,-46.145000000000294,1,-922.9000000000059,2016-05-18,0.9030220769507658,0.013111223839195258
2016-05-19,-10.734999999999527,1,-214.69999999999055,2016-05-19,1.0658535361140333,0.012525210140019751
2016-05-20,-0.24999999999970868,2,-4.9999999999941735,2016-05-20,0.7031757127877308,0.012326823860757957
2016-05-23,0.0,0,0.0,2016-05-23,1.4710244798845113,0.01250931987060448
2016-05-24,48.83500000000018,1,976.7000000000036,2016-05-24,1.1184760539830476,0.012152117173104729
2016-05-25,0.0,0,0.0,2016-05-25,0.7349322083123134,0.013052067823894939
2016-05-26,0.0,0,0.0,2016-05-26,0.9960261286306269,0.013196846964927308
2016-05-27,0.0,0,0.0,2016-05-27,0.7666936806196888,0.01278934809342227
2016-05-30,0.0,0,0.0,2016-05-30,0.5602647592612268,0.0126331840880368
2016-05-31,0.0,0,0.0,2016-05-31,1.0150405136037346,0.011802842503867162
2016-06-01,0.0,0,0.0,2016-06-01,1.323777777777743,0.011485906436060598
2016-06-02,-16.64499999999938,1,-332.89999999998764,2016-06-02,0.8095423599903689,0.010841268227889085
2016-06-03,-12.339999999999854,2,-246.79999999999708,2016-06-03,1.2126206734165166,0.010746181339652066
2016-06-06,0.0,0,0.0,2016-06-06,1.0785479719534725,0.01040357720228383
2016-06-07,0.0,0,0.0,2016-06-07,0.8592369855290231,0.009572651721074087
2016-06-08,0.0,0,0.0,2016-06-08,0.8331294075771402,0.008945532414627344
2016-06-09,0.0,0,0.0,2016-06-09,0.930672710704019,0.00845365790794214
2016-06-10,0.0,0,0.0,2016-06-10,1.3936653418768699,0.0078121462339879304
2016-06-13,0.0,0,0.0,2016-06-13,1.0813082273840924,0.008376147059472991
2016-06-14,-45.150000000001164,2,-903.0000000000233,2016-06-14,0.8771395504659765,0.007518937618680508
2016-06-15,0.0,0,0.0,2016-06-15,0.6873953154494468,0.007569007038670554
2016-06-16,-37.770000000000145,2,-755.4000000000029,2016-06-16,0.7940450017642234,0.0077998667622194455
2016-06-17,19.385000000000364,1,387.70000000000726,2016-06-17,0.7688845125896745,0.008507897255784784
2016-06-20,-16.914999999999527,3,-338.2999999999905,2016-06-20,0.6921554843916805,0.009341769568405258
2016-06-21,-13.715,1,-274.3,2016-06-21,0.9503790305359843,0.010046781130547565
2016-06-22,-20.215,1,-404.3,2016-06-22,0.7710978625282537,0.010017966388224183
2016-06-23,17.60499999999971,1,352.09999999999417,2016-06-23,1.3562920480864586,0.010026835835680625
2016-06-24,-8.995000000000655,1,-179.9000000000131,2016-06-24,1.54785715810978,0.010248224243399098
2016-06-27,30.355,3,607.1,2016-06-27,0.7158715108346231,0.01306836043172575
2016-06-28,-0.44999999999986073,6,-8.999999999997215,2016-06-28,0.35342239850827506,0.014568543548824434
2016-06-29,24.995000000000037,1,499.9000000000007,2016-06-29,0.6788519125374348,0.01567696158591651
2016-06-30,15.535,1,310.7,2016-06-30,1.1922407302842102,0.01666423434619773
2016-07-01,-11.304999999999854,3,-226.09999999999707,2016-07-01,0.8690872001377564,0.01659173497069219
2016-07-04,0.0,0,0.0,2016-07-04,0.6923132547545159,0.016595177783040697
2016-07-05,0.0,0,0.0,2016-07-05,1.170152821651174,0.016015928063119283
2016-07-06,7.854999999999709,1,157.09999999999417,2016-07-06,1.5304279101275873,0.016401414722225612
2016-07-07,0.0,0,0.0,2016-07-07,0.8998548621190259,0.016476393630752578
2016-07-08,32.96499999999938,1,659.2999999999876,2016-07-08,1.222757593875662,0.01594260479967117
2016-07-11,-17.26500000000018,1,-345.30000000000365,2016-07-11,0.8657493913141818,0.015909133658654828
2016-07-12,0.0,0,0.0,2016-07-12,0.9184254633622436,0.016170858306021017
2016-07-13,0.0,0,0.0,2016-07-13,0.9523544885332328,0.01601509599042654
2016-07-14,0.0,0,0.0,2016-07-14,1.5130031876535317,0.015377400506557583
2016-07-15,0.0,0,0.0,2016-07-15,1.0664894925931303,0.012741643401123418
2016-07-18,4.904999999999891,1,98.09999999999782,2016-07-18,0.9615614181688034,0.01139638733403065
2016-07-19,0.0,0,0.0,2016-07-19,0.7456212685951686,0.01048489566756366
2016-07-20,15.234999999999818,1,304.69999999999635,2016-07-20,0.992759918911083,0.009454985178989964
2016-07-21,0.0,0,0.0,2016-07-21,1.1165738897241133,0.009418649417537102
2016-07-22,-3.3749999999998543,1,-67.49999999999709,2016-07-22,1.162526614620291,0.009275586837928545
2016-07-25,0.0,0,0.0,2016-07-25,0.9895394479952562,0.009618382936884556
2016-07-26,-64.37000000000052,2,-1287.4000000000103,2016-07-26,0.9940716732650902,0.008860844275185423
2016-07-27,0.0,0,0.0,2016-07-27,0.5954201125860086,0.008305826355674562
2016-07-28,0.0,0,0.0,2016-07-28,0.8058584833882887,0.008481136736789905
2016-07-29,0.0,0,0.0,2016-07-29,0.6825602068854147,0.007786558846177391
2016-08-01,12.035000000000291,3,240.70000000000584,2016-08-01,0.7290103331090944,0.0075230306725277
2016-08-02,18.835000000000473,3,376.7000000000095,2016-08-02,1.0545288294149553,0.007570415774203045
2016-08-03,0.0,0,0.0,2016-08-03,0.914920474627631,0.00819051122400218
2016-08-04,0.0,0,0.0,2016-08-04,0.9464673257776691,0.007911725870124639
2016-08-05,-2.195000000000473,1,-43.900000000009456,2016-08-05,1.0637215581163542,0.007895366705393486
2016-08-08,-14.90500000000051,1,-298.1000000000102,2016-08-08,0.8221458829480061,0.008123074466395491
2016-08-09,2.8249999999999638,1,56.499999999999275,2016-08-09,0.8216650659657456,0.00810069657313449
2016-08-10,-8.685000000000255,1,-173.7000000000051,2016-08-10,1.153105502349334,0.0075242754460148895
2016-08-11,0.0,0,0.0,2016-08-11,0.9647529487503638,0.007414908562744449
2016-08-12,0.0,0,0.0,2016-08-12,0.7419665281787413,0.007320682256768967
2016-08-15,1.8200000000000003,2,36.400000000000006,2016-08-15,0.7868222374742602,0.007316515910020689
2016-08-16,-9.710000000000655,2,-194.2000000000131,2016-08-16,1.4029761010070525,0.007155137495267374
2016-08-17,-12.244999999999745,1,-244.89999999999492,2016-08-17,1.50705749021227,0.006891560305510335
2016-08-18,0.0,0,0.0,2016-08-18,0.899580746593555,0.006979773450527138
2016-08-19,0.0,0,0.0,2016-08-19,1.0296680582012883,0.006879670678691145
2016-08-22,0.0,0,0.0,2016-08-22,1.3702837086867723,0.0067610802629255165
2016-08-23,0.0,0,0.0,2016-08-23,0.83603973182916,0.006176545393094561
2016-08-24,7.264999999999564,1,145.29999999999126,2016-08-24,0.8593035818166678,0.006251719061237231
2016-08-25,0.0,0,0.0,2016-08-25,1.2522309477066014,0.006538570247443213
2016-08-26,-30.979999999999272,2,-619.5999999999855,2016-08-26,0.8230288804124408,0.006084105220096918
2016-08-29,-11.770000000000145,2,-235.4000000000029,2016-08-29,0.7352038361346517,0.006621289400649063
2016-08-30,-6.3350000000008,1,-126.700000000016,2016-08-30,0.8154593282072178,0.006543150499042988
2016-08-31,-15.485000000000436,1,-309.70000000000874,2016-08-31,0.9661079388469347,0.006685369286773532
2016-09-01,-26.840000000000764,2,-536.8000000000153,2016-09-01,1.0120199978725775,0.006613146170574535
2016-09-02,0.0,0,0.0,2016-09-02,1.246372938301766,0.006950184696822944
2016-09-05,-6.324999999999672,1,-126.49999999999345,2016-09-05,0.5223045041151858,0.007038266108300308
2016-09-06,8.144999999999673,1,162.89999999999344,2016-09-06,0.7871626621934866,0.006859771882687135
2016-09-07,-17.555000000000145,1,-351.1000000000029,2016-09-07,0.9285122668723177,0.006864579829225114
2016-09-08,-8.944999999999272,3,-178.89999999998543,2016-09-08,1.1736355692079496,0.006948114547516564
2016-09-09,83.785,1,1675.6999999999998,2016-09-09,1.3052572207468724,0.007093383545396156
2016-09-12,80.535,1,1610.6999999999998,2016-09-12,1.3452528643362724,0.00853182708435882
2016-09-13,8.144999999999673,1,162.89999999999344,2016-09-13,0.7284444878430022,0.009882181420985512
2016-09-14,-0.715,1,-14.299999999999999,2016-09-14,0.8781583895079607,0.010107941793926751
2016-09-15,66.4149999999992,1,1328.2999999999838,2016-09-15,0.9294291232321329,0.010479711112374071
2016-09-16,0.0,0,0.0,2016-09-16,0.8434474555895177,0.010799983349418008
2016-09-19,-15.494999999999745,1,-309.8999999999949,2016-09-19,0.6319140585251042,0.010932228100697905
2016-09-20,0.0,0,0.0,2016-09-20,0.7909435624714907,0.011209998362650716
2016-09-21,0.0,0,0.0,2016-09-21,0.7008875327209657,0.011248619343370026
2016-09-22,0.0,0,0.0,2016-09-22,0.8509228431974725,0.011568468678298553
2016-09-23,0.0,0,0.0,2016-09-23,0.8283562710984324,0.011660805466773902
2016-09-26,0.0,0,0.0,2016-09-26,1.4335267150797353,0.01199245329880655
2016-09-27,24.889999999999706,2,497.7999999999941,2016-09-27,1.1820895522387813,0.012160980164835062
2016-09-28,0.0,0,0.0,2016-09-28,0.9956041694232617,0.012606454501590082
2016-09-29,-24.374999999999854,1,-487.4999999999971,2016-09-29,0.766496018202493,0.012403618193365674
2016-09-30,-4.854999999999418,1,-97.09999999998836,2016-09-30,1.23845744051144,0.011402632575368424
2016-10-03,-16.09500000000011,1,-321.9000000000022,2016-10-03,0.6725518066881221,0.010392552714202875
2016-10-04,-36.60999999999938,2,-732.1999999999877,2016-10-04,0.8524424108000807,0.00980228613613586
2016-10-05,-10.475000000000218,1,-209.50000000000438,2016-10-05,0.9186238598002935,0.009806818076023741
2016-10-06,0.0,0,0.0,2016-10-06,0.9758342922899756,0.009067139031847873
2016-10-07,-14.140000000000036,2,-282.80000000000075,2016-10-07,1.510864866988867,0.009139043813485756
2016-10-10,-6.334999999999891,1,-126.69999999999781,2016-10-10,0.8667533593411648,0.008961829346259454
2016-10-11,52.224999999999596,1,1044.4999999999918,2016-10-11,0.7821932048219072,0.009158476476278371
2016-10-12,0.0,0,0.0,2016-10-12,1.1291344123856142,0.009612831026025321
2016-10-13,-22.43,2,-448.6,2016-10-13,0.850089646894956,0.009433342620983373
2016-10-14,-20.53499999999971,1,-410.6999999999942,2016-10-14,0.938179601900471,0.009771541345770168
2016-10-17,-26.735000000000436,1,-534.7000000000087,2016-10-17,0.7901158061892511,0.009709863031365912
2016-10-18,0.0,0,0.0,2016-10-18,0.8567290872071337,0.009256520861478473
2016-10-19,0.0,0,0.0,2016-10-19,1.074124740335397,0.009817457703629929
2016-10-20,-16.385000000000073,1,-327.70000000000147,2016-10-20,0.8967511344926319,0.009193090178870844
2016-10-21,0.0,0,0.0,2016-10-21,0.9887559931068683,0.00901104281692157
2016-10-24,15.254999999999345,1,305.0999999999869,2016-10-24,0.7790432042153982,0.00911191289612558
2016-10-25,2.2450000000000365,1,44.90000000000073,2016-10-25,0.8642686465266959,0.009257389320342091
2016-10-26,0.0,0,0.0,2016-10-26,1.0750485903571554,0.00917201953215729
2016-10-27,-5.1549999999996,1,-103.099999999992,2016-10-27,1.5164437659708705,0.009353723819442184
2016-10-28,-8.114999999999636,1,-162.29999999999274,2016-10-28,1.1586876368245114,0.009490518681041959
2016-10-31,0.0,0,0.0,2016-10-31,0.6664614247891043,0.00971436017706595
2016-11-01,27.375000000000146,1,547.500000000003,2016-11-01,0.7547142754714077,0.008707706933361785
2016-11-02,26.205000000000073,1,524.1000000000015,2016-11-02,0.949939597513183,0.009553305065472075
2016-11-03,22.944999999999855,1,458.8999999999971,2016-11-03,0.8828228533211142,0.009526268341385124
2016-11-04,-21.124999999999854,1,-422.4999999999971,2016-11-04,0.7456193844777812,0.009780773750786138
2016-11-07,30.035,1,600.7,2016-11-07,0.5953020134228043,0.010068103646183112
2016-11-08,10.399999999999018,2,207.99999999998036,2016-11-08,0.671465949665343,0.010837326953907505
2016-11-09,0.0,0,0.0,2016-11-09,2.1034020322789435,0.011638624410328965
2016-11-10,-26.470000000000308,6,-529.4000000000061,2016-11-10,0.6181225875045113,0.012420990557126777
2016-11-11,-19.64500000000029,1,-392.90000000000583,2016-11-11,0.5201353211706438,0.01452533867288144
2016-11-14,5.07,2,101.4,2016-11-14,0.7220684207155271,0.014374780960495744
2016-11-15,-14.150000000000254,2,-283.0000000000051,2016-11-15,0.871116487832235,0.01516632925225552
2016-11-16,0.0,0,0.0,2016-11-16,0.7638729109581857,0.015700735840436575
2016-11-17,0.0,0,0.0,2016-11-17,0.9149565260968678,0.015689158432660142
2016-11-18,0.0,0,0.0,2016-11-18,0.8530629730115534,0.015566126892236534
2016-11-21,-23.7750000000004,1,-475.500000000008,2016-11-21,0.9643697478991492,0.015762145782296857
2016-11-22,0.0,0,0.0,2016-11-22,0.6141591336256838,0.01525050284189571
2016-11-23,0.0,0,0.0,2016-11-23,1.0002254029077144,0.014765191582412613
2016-11-24,0.0,0,0.0,2016-11-24,0.8111870412553793,0.014489503873755503
2016-11-25,0.0,0,0.0,2016-11-25,0.8686628422181789,0.014023775262033761
2016-11-28,0.0,0,0.0,2016-11-28,1.4314304996393026,0.01254338992392513
2016-11-29,-28.51500000000018,1,-570.3000000000036,2016-11-29,1.1281062644323738,0.01191735135886486
2016-11-30,38.02499999999978,1,760.4999999999956,2016-11-30,1.0186454125793425,0.011294365617494587
2016-12-01,61.0950000000004,1,1221.9000000000078,2016-12-01,0.8620942391321799,0.009720197762705786
2016-12-02,0.0,0,0.0,2016-12-02,0.8788601813347873,0.010348766650393944
2016-12-05,-14.614999999999636,1,-292.29999999999274,2016-12-05,1.1839036446548508,0.009750444729555077
2016-12-06,0.0,0,0.0,2016-12-06,0.6809582160698974,0.009369467406043552
2016-12-07,-25.555000000000145,1,-511.1000000000029,2016-12-07,0.5929424926581401,0.008993313380049228
2016-12-08,0.0,0,0.0,2016-12-08,1.0924398103625736,0.009615876139582761
2016-12-09,-8.40500000000051,1,-168.1000000000102,2016-12-09,0.7691801227922694,0.009481466294657698
2016-12-12,0.0,0,0.0,2016-12-12,0.873291715876528,0.009260163721565
2016-12-13,0.46500000000029107,1,9.300000000005822,2016-12-13,0.7887478308521315,0.009490857833026155
2016-12-14,0.0,0,0.0,2016-12-14,0.586124989761628,0.01015316314044379
2016-12-15,-16.08499999999989,1,-321.69999999999783,2016-12-15,1.0870745458341993,0.010621994290079442
2016-12-16,-5.1549999999996,1,-103.099999999992,2016-12-16,0.7418905588115817,0.010976885595258473
2016-12-19,-1.0049999999999635,1,-20.09999999999927,2016-12-19,0.49078785197358327,0.011255606034582826
2016-12-20,0.0,0,0.0,2016-12-20,0.8329758463116615,0.01129699365420227
2016-12-21,0.0,0,0.0,2016-12-21,0.6487923775759035,0.010676669599024078
2016-12-22,-4.265000000000182,1,-85.30000000000364,2016-12-22,0.9244988143996816,0.009587744332834852
2016-12-23,0.0,0,0.0,2016-12-23,0.9023450629573497,0.009513665449853407
2016-12-27,-35.71499999999975,9,-714.299999999995,2016-12-27,0.6133191545925514,0.008936229428649517
2016-12-28,15.120000000000182,2,302.4000000000036,2016-12-28,0.7331057656408257,0.009291265968342127
2016-12-29,0.0,0,0.0,2016-12-29,0.7326242232591018,0.00879939968187291
2016-12-30,17.035,1,340.7,2016-12-30,0.7219054432217676,0.008845263550417714
2017-01-03,-26.445000000000473,1,-528.9000000000094,2017-01-03,0.9708969059890188,0.00938817574198462
2017-01-04,-6.624999999999854,1,-132.4999999999971,2017-01-04,0.49439548485756707,0.009660426440928963
2017-01-05,-1.1299999999998178,2,-22.599999999996356,2017-01-05,0.99444534325622,0.008879136760073437
2017-01-06,20.285,1,405.7,2017-01-06,0.7481031193148933,0.008697814690494491
2017-01-09,0.0,0,0.0,2017-01-09,0.6266118809284674,0.00900675726602746
2017-01-10,-12.845000000000109,1,-256.9000000000022,2017-01-10,0.7130153975757294,0.00868618930242407
2017-01-11,0.0,0,0.0,2017-01-11,1.0892800291081317,0.008419276958249918
2017-01-12,-17.400000000000254,2,-348.0000000000051,2017-01-12,0.7065238333782983,0.008560894658707243
2017-01-13,-8.704999999999782,1,-174.09999999999565,2017-01-13,0.6706779883409124,0.009041456142931892
2017-01-16,0.0,0,0.0,2017-01-16,0.63302425106987,0.008891531704988005
2017-01-17,0.0,0,0.0,2017-01-17,1.653178575231621,0.008698136502236494
2017-01-18,0.0,0,0.0,2017-01-18,0.9919992491964167,0.008272017975191585
2017-01-19,-20.234999999999527,1,-404.69999999999055,2017-01-19,0.8128552237263548,0.007709757318927956
2017-01-20,0.0,0,0.0,2017-01-20,0.7348141909674792,0.007782566332072004
2017-01-23,-11.6549999999996,1,-233.099999999992,2017-01-23,0.7601494987047327,0.0071999681049574596
2017-01-24,0.0,0,0.0,2017-01-24,0.7546755991545998,0.006862318925063186
2017-01-25,0.0,0,0.0,2017-01-25,0.8802005236890931,0.006951259387506972
2017-01-26,0.0,0,0.0,2017-01-26,0.8067382543616116,0.0071759470940612686
2017-01-27,0.0,0,0.0,2017-01-27,0.8910464893820622,0.0065114880632699676
2017-01-30,-15.744999999999454,3,-314.89999999998906,2017-01-30,0.8560830524958374,0.006439239663113848
2017-01-31,-24.374999999999854,1,-487.4999999999971,2017-01-31,1.107216823323265,0.006872894706543344
2017-02-01,0.0,0,0.0,2017-02-01,0.5363716353319432,0.006893479884318787
2017-02-02,0.0,0,0.0,2017-02-02,0.8241307395124297,0.006734688293268189
2017-02-03,-9.294999999999927,1,-185.89999999999856,2017-02-03,0.9936525086096075,0.006843126612824927
2017-02-06,0.0,0,0.0,2017-02-06,0.8165896241183236,0.007046010165272474
2017-02-07,-1.9049999999995997,1,-38.099999999991994,2017-02-07,0.725493464130097,0.006975342918801557
2017-02-08,-2.195000000000473,1,-43.900000000009456,2017-02-08,1.0545991146089246,0.007095601439062274
2017-02-09,-7.815000000000364,1,-156.3000000000073,2017-02-09,0.9133236944641985,0.007015133858415201
2017-02-10,-3.664999999999818,1,-73.29999999999636,2017-02-10,0.8389817743636353,0.006872472512579842
2017-02-13,4.014999999999564,1,80.29999999999127,2017-02-13,0.7118625519807527,0.006643081101789848
2017-02-14,4.894999999999673,1,97.89999999999345,2017-02-14,0.836345615671619,0.0065435517334188785
2017-02-15,17.035,1,340.7,2017-02-15,0.9630347575586263,0.006265520585175184
2017-02-16,0.0,0,0.0,2017-02-16,0.6512104521583004,0.006537406382826218
2017-02-17,11.41500000000011,1,228.30000000000217,2017-02-17,1.1434843820841318,0.006623897766434214
2017-02-20,0.0,0,0.0,2017-02-20,0.7758952637658659,0.006098439499671875
2017-02-21,0.0,0,0.0,2017-02-21,0.7183528078365999,0.0058003859161572914
2017-02-22,0.0,0,0.0,2017-02-22,1.0344921091165424,0.005476561665063352
2017-02-23,15.8450000000004,1,316.900000000008,2017-02-23,0.8558251234887735,0.005261152957628134
2017-02-24,0.0,0,0.0,2017-02-24,1.2806338676985822,0.005633582494047973
2017-02-27,0.0,0,0.0,2017-02-27,0.8695993099662894,0.005834433996994673
2017-02-28,-16.509999999999927,2,-330.19999999999857,2017-02-28,0.6535817695555005,0.005768130211680418
2017-03-01,12.585000000000182,1,251.70000000000363,2017-03-01,1.5326314064484503,0.005749194824619358
2017-03-02,19.10500000000062,1,382.10000000001236,2017-03-02,0.7532295594960959,0.006252659179709095
2017-03-03,0.0,0,0.0,2017-03-03,0.7274378820278994,0.006377321724201363
2017-03-06,-6.334999999999891,1,-126.69999999999781,2017-03-06,1.0332421931213291,0.0062700871887556575
2017-03-07,0.0,0,0.0,2017-03-07,0.7126103458569559,0.006272680461477721
2017-03-08,-18.580000000000545,2,-371.60000000001094,2017-03-08,1.0273009307135292,0.006174514084117506
2017-03-09,0.0,0,0.0,2017-03-09,0.9017659170098118,0.006180272308968859
2017-03-10,0.0,0,0.0,2017-03-10,0.8780779434293876,0.006247182097730524
2017-03-13,0.0,0,0.0,2017-03-13,0.6160189671167929,0.006410782519224769
2017-03-14,2.8349999999992725,1,56.69999999998545,2017-03-14,1.0313981344614696,0.006315704898289547
2017-03-15,7.265000000000473,1,145.30000000000945,2017-03-15,0.8332364566379935,0.006513101391691596
2017-03-16,-11.065000000000364,1,-221.3000000000073,2017-03-16,0.9160268365344997,0.006538885723424483
2017-03-17,0.0,0,0.0,2017-03-17,0.8224018587540298,0.006400510098322705
2017-03-20,-16.49999999999971,2,-329.9999999999942,2017-03-20,0.6735916052785267,0.006281177456048948
2017-03-21,68.44500000000076,1,1368.900000000015,2017-03-21,0.7034530719234027,0.006188701795611277
2017-03-22,17.90499999999989,1,358.0999999999978,2017-03-22,1.0143470420197465,0.00677394647810715
2017-03-23,-13.715,1,-274.3,2017-03-23,0.673396953417384,0.006959590202574367
2017-03-24,-4.555000000000145,1,-91.10000000000291,2017-03-24,0.6524306850677686,0.006974013596635161
2017-03-27,0.0,0,0.0,2017-03-27,0.8643280103082331,0.007156369969423394
2017-03-28,15.835000000000182,1,316.7000000000036,2017-03-28,0.6324339167256726,0.007629456826129913
2017-03-29,-6.750000000000618,2,-135.00000000001236,2017-03-29,0.7111991357580096,0.008048577805533022
2017-03-30,-7.805000000000145,1,-156.10000000000292,2017-03-30,0.6967653871607754,0.0079436888435788
2017-03-31,0.0,0,0.0,2017-03-31,0.8140368164106475,0.007794896807422284
2017-04-03,-20.215,1,-404.3,2017-04-03,0.8171524614091923,0.007931178638965568
2017-04-04,0.0,0,0.0,2017-04-04,1.0240569668976256,0.008157254811927448
2017-04-05,-8.695000000000473,1,-173.90000000000947,2017-04-05,0.8191665136772505,0.00783606542627853
2017-04-06,-14.315000000000364,1,-286.3000000000073,2017-04-06,0.8652408605196552,0.008438733251990044
2017-04-07,-19.33499999999989,1,-386.69999999999783,2017-04-07,0.9703768805252616,0.00860286242664485
2017-04-10,-8.394999999999381,1,-167.89999999998764,2017-04-10,0.6234661519371407,0.008727839923185625
2017-04-11,-20.965000000000035,7,-419.3000000000007,2017-04-11,0.7194710915218913,0.00774199967887219
2017-04-12,-4.680000000000909,2,-93.60000000001818,2017-04-12,0.8888793387482565,0.007983386314518033
2017-04-13,-2.784999999999709,1,-55.699999999994176,2017-04-13,0.7865923933922435,0.007995372642552602
2017-04-17,17.614999999999927,1,352.29999999999853,2017-04-17,0.6419953741326628,0.00798043510410216
2017-04-18,0.0,0,0.0,2017-04-18,1.1203187812962776,0.00767883936542701
2017-04-19,-11.645000000000291,1,-232.90000000000583,2017-04-19,0.8351744591071364,0.00725752188488897
2017-04-20,6.9749999999996,1,139.49999999999199,2017-04-20,0.8057815307916836,0.007415540686317972
2017-04-21,0.0,0,0.0,2017-04-21,0.719547213783376,0.007884903727248599
2017-04-24,0.0,0,0.0,2017-04-24,0.7423164380547304,0.007842150268150118
2017-04-25,13.175000000000328,1,263.50000000000654,2017-04-25,0.6644463968289939,0.008105469436237408
2017-04-26,0.0,0,0.0,2017-04-26,0.8245556700771887,0.008398052801181681
2017-04-27,2.8249999999999638,1,56.499999999999275,2017-04-27,0.9739227965230312,0.007790657769288177
2017-04-28,0.0,0,0.0,2017-04-28,0.7942426081678722,0.007818673677037948
2017-05-01,13.47500000000051,1,269.5000000000102,2017-05-01,0.5318751168442682,0.007660994101463393
2017-05-02,0.0,0,0.0,2017-05-02,0.7077184578536466,0.00788705741929425
2017-05-03,-7.4550000000004,3,-149.10000000000798,2017-05-03,0.7898902353582351,0.007251105083612789
2017-05-04,-18.14500000000029,1,-362.90000000000583,2017-05-04,0.9720227893834698,0.007264694806107414
2017-05-05,0.0,0,0.0,2017-05-05,0.9286330226255821,0.006993646131366034
2017-05-08,0.0,0,0.0,2017-05-08,0.8564851563740231,0.0067393290287988275
2017-05-09,-16.149999999999963,4,-322.99999999999926,2017-05-09,0.6486107868316285,0.006616993207476352
2017-05-10,-7.514999999999272,1,-150.29999999998546,2017-05-10,0.7558198380566583,0.006489952633932774
2017-05-11,-9.409999999999563,2,-188.19999999999126,2017-05-11,0.9895342752485488,0.0060121753329634145
2017-05-12,-9.874999999999854,1,-197.4999999999971,2017-05-12,0.9519312265407902,0.006239333907656408
2017-05-15,-6.8750000000004725,3,-137.50000000000944,2017-05-15,0.9108034054212932,0.005502868901576899
2017-05-16,0.0,0,0.0,2017-05-16,0.851239669421476,0.0051531948039500505
2017-05-17,98.00500000000025,1,1960.100000000005,2017-05-17,1.258352346805736,0.00513884210402694
2017-05-18,32.724999999999895,3,654.499999999998,2017-05-18,1.8021664979946668,0.006590360436129055
2017-05-19,-6.334999999999891,1,-126.69999999999781,2017-05-19,0.6246171437905761,0.007237907349044636
2017-05-22,20.565000000000655,1,411.3000000000131,2017-05-22,0.7446400245612376,0.007108335691904616
2017-05-23,0.0,0,0.0,2017-05-23,1.0321910323701964,0.0075003859494665644
2017-05-24,0.0,0,0.0,2017-05-24,0.6889650049521344,0.007396917757292762
2017-05-25,3.4250000000003276,1,68.50000000000655,2017-05-25,1.0698667113054683,0.007406014020015063
2017-05-26,0.0,0,0.0,2017-05-26,1.1227066853123604,0.007845649157807335
2017-05-29,0.0,0,0.0,2017-05-29,0.4593500382974184,0.007824019680740308
2017-05-30,0.0,0,0.0,2017-05-30,1.4240821243387771,0.007553539480539173
2017-05-31,-11.6549999999996,1,-233.099999999992,2017-05-31,1.282603950671191,0.007514129852341089
2017-06-01,0.0,0,0.0,2017-06-01,0.7623977993428532,0.007636060425578077
2017-06-02,22.04500000000022,1,440.90000000000435,2017-06-02,0.8123575764955658,0.007880136222380377
2017-06-05,0.0,0,0.0,2017-06-05,0.5267793138760942,0.008393135981885269
2017-06-06,0.0,0,0.0,2017-06-06,1.0849421703266136,0.008287291715104535
2017-06-07,0.0,0,0.0,2017-06-07,0.7635894006134831,0.0069647098804197964
2017-06-08,-4.855000000000327,1,-97.10000000000655,2017-06-08,0.7724409602371427,0.006474199121747961
2017-06-09,158.285,1,3165.7,2017-06-09,0.8857421707789156,0.00638385317673341
2017-06-12,-40.7400000000004,2,-814.800000000008,2017-06-12,1.5847283350310397,0.008717694411096892
2017-06-13,-16.08499999999989,1,-321.69999999999783,2017-06-13,0.3830011370476688,0.009668973882645685
2017-06-14,0.0,0,0.0,2017-06-14,0.7298779226153443,0.009975069326535394
2017-06-15,-24.914999999999818,1,-498.2999999999964,2017-06-15,1.3043812030487607,0.01038012552716198
2017-06-16,-14.070000000000036,4,-281.4000000000007,2017-06-16,0.710065722596293,0.01129386427648688
2017-06-19,29.684999999999636,1,593.6999999999928,2017-06-19,0.6827671820336377,0.011748986246576217
2017-06-20,24.66500000000011,1,493.30000000000217,2017-06-20,0.8149247170018726,0.012723601740031074
2017-06-21,23.785,1,475.7,2017-06-21,1.4573470242552669,0.012696177083045547
2017-06-22,0.0,0,0.0,2017-06-22,1.04921799274833,0.012985385272725952
2017-06-23,8.72500000000051,1,174.50000000001017,2017-06-23,0.8758619807325584,0.012622476928630848
2017-06-26,2.835000000000182,1,56.70000000000364,2017-06-26,0.8506685391614682,0.013043397527625874
2017-06-27,44.03000000000003,2,880.6000000000006,2017-06-27,1.0945856536362006,0.013535819360205743
2017-06-28,40.02499999999978,1,800.4999999999956,2017-06-28,1.6565458300108435,0.014396061293937374
2017-06-29,48.87500000000014,1,977.5000000000028,2017-06-29,0.8441195731730758,0.01512411666190962
2017-06-30,0.0,0,0.0,2017-06-30,1.069645330670357,0.014114937562623633
2017-07-03,45.62500000000014,1,912.5000000000028,2017-07-03,0.5744770857814311,0.01343554055621462
2017-07-04,0.0,0,0.0,2017-07-04,1.0067546143720505,0.014173675458877408
2017-07-05,8.434999999999636,1,168.6999999999927,2017-07-05,1.0940857904237833,0.01366257058751794
2017-07-06,-24.915000000000727,1,-498.30000000001456,2017-07-06,1.310591733330631,0.013604672772098486
2017-07-07,17.585000000000182,1,351.7000000000036,2017-07-07,1.213389121338916,0.013926104517575482
2017-07-10,0.0,0,0.0,2017-07-10,0.7416670456095671,0.01367334333462393
2017-07-11,-38.78500000000062,1,-775.7000000000124,2017-07-11,0.730769762586229,0.013830501113142312
2017-07-12,0.0,0,0.0,2017-07-12,1.309312250752118,0.013755787394077767
2017-07-13,-24.914999999999818,1,-498.2999999999964,2017-07-13,0.8965752308125429,0.014234631918044294
2017-07-14,0.0,0,0.0,2017-07-14,1.0996437089602908,0.013974257103541332
2017-07-17,0.0,0,0.0,2017-07-17,0.7909891598915999,0.013587463085686384
2017-07-18,0.0,0,0.0,2017-07-18,1.2327122629873852,0.012650712312174813
2017-07-19,0.0,0,0.0,2017-07-19,0.6780826512813968,0.012172064686784615
2017-07-20,0.0,0,0.0,2017-07-20,0.8552182338285341,0.01073980743575365
2017-07-21,0.0,0,0.0,2017-07-21,1.0334988301090038,0.010606725419812228
2017-07-24,0.0,0,0.0,2017-07-24,0.9633739496548052,0.009605511202077218
2017-07-25,0.0,0,0.0,2017-07-25,1.083373909135161,0.00938605042595959
2017-07-26,0.0,0,0.0,2017-07-26,1.012128585121294,0.00865387319086441
2017-07-27,5.774999999999782,1,115.49999999999564,2017-07-27,0.8566804330840434,0.007999767458263104
2017-07-28,0.0,0,0.0,2017-07-28,1.0025280367066571,0.008870087208038306
2017-07-31,4.304999999999527,1,86.09999999999054,2017-07-31,0.8108024691357872,0.00870360011690459
2017-08-01,0.0,0,0.0,2017-08-01,0.7059937222858862,0.008790824873598476
2017-08-02,-32.29499999999993,1,-645.8999999999986,2017-08-02,0.7757718822929838,0.008188555087331332
2017-08-03,-22.68000000000091,2,-453.6000000000182,2017-08-03,0.766542375801441,0.00876084983182279
2017-08-04,0.0,0,0.0,2017-08-04,0.6906338694418227,0.008628028118589119
2017-08-07,6.375000000000146,1,127.50000000000291,2017-08-07,0.7467996427508206,0.008687851169150817
2017-08-08,-43.515000000000185,1,-870.3000000000037,2017-08-08,0.8139423537297892,0.008386278925691784
2017-08-09,0.0,0,0.0,2017-08-09,1.507324895303053,0.008644656461401752
2017-08-10,89.31499999999974,1,1786.2999999999947,2017-08-10,0.9005975288636833,0.00894096074332055
2017-08-11,11.859999999999054,2,237.1999999999811,2017-08-11,1.0779955744414265,0.01019302849979661
2017-08-14,11.09499999999949,1,221.8999999999898,2017-08-14,0.5631862525001056,0.010486903735739479
2017-08-15,0.0,0,0.0,2017-08-15,0.7132569353121758,0.011135231184968952
2017-08-16,0.0,0,0.0,2017-08-16,1.0357240085906916,0.011203311905144073
2017-08-17,69.83500000000018,1,1396.7000000000035,2017-08-17,1.0772081706557932,0.009953032318766911
2017-08-18,-34.06500000000037,1,-681.3000000000073,2017-08-18,0.9973017849730208,0.010838490762240987
2017-08-21,-19.314999999999454,1,-386.2999999999891,2017-08-21,0.7041592522340918,0.010855988825662105
2017-08-22,42.675000000000324,1,853.5000000000065,2017-08-22,0.7807095165312379,0.011210582589848745
2017-08-23,0.0,0,0.0,2017-08-23,0.7827104322392091,0.011383659883321493
2017-08-24,-3.664999999999818,1,-73.29999999999636,2017-08-24,0.8925471750937913,0.011283112784604931
2017-08-25,0.0,0,0.0,2017-08-25,0.9707194816308912,0.011694804612215589
2017-08-28,0.0,0,0.0,2017-08-28,0.7711878065065637,0.011945533411559869
2017-08-29,-4.2549999999999635,1,-85.09999999999927,2017-08-29,1.1208990153221172,0.011559395165397944
2017-08-30,48.58500000000018,1,971.7000000000036,2017-08-30,0.7500815183781744,0.011885710152297984
2017-08-31,26.144999999999673,1,522.8999999999935,2017-08-31,0.9351036812387472,0.011180233254968214
2017-09-01,0.0,0,0.0,2017-09-01,1.020785920194208,0.011171949090137714
2017-09-04,0.0,0,0.0,2017-09-04,0.8148845245992624,0.010636445445754933
2017-09-05,-25.504999999999963,1,-510.0999999999993,2017-09-05,0.933080912009209,0.010602833261156618
2017-09-06,0.0,0,0.0,2017-09-06,1.0358814352574155,0.011167410486599912
2017-09-07,0.0,0,0.0,2017-09-07,0.671626591908371,0.010355469310330932
2017-09-08,19.064999999999745,1,381.2999999999949,2017-09-08,0.8378134978031487,0.010033909024042281
2017-09-11,-17.245000000000655,1,-344.9000000000131,2017-09-11,0.7273826314728913,0.010052672042390862
2017-09-12,0.0,0,0.0,2017-09-12,0.7254556333586616,0.00985383290254974
2017-09-13,0.0,0,0.0,2017-09-13,0.7480155587236249,0.009870864188966036
2017-09-14,0.0,0,0.0,2017-09-14,0.9799468202969123,0.009347084836427263
2017-09-15,-21.64500000000029,1,-432.90000000000583,2017-09-15,0.8537701488634499,0.009129190324288243
2017-09-18,-7.494999999999745,1,-149.89999999999492,2017-09-18,0.8137795976499798,0.009378426065929289
2017-09-19,0.0,0,0.0,2017-09-19,0.688364465991702,0.00890018673851286
2017-09-20,-24.59500000000011,1,-491.9000000000022,2017-09-20,0.5895624294959545,0.00830982373385753
2017-09-21,-2.3950000000006177,5,-47.900000000012355,2017-09-21,0.7278977523137964,0.008392147521859218
2017-09-22,0.0,0,0.0,2017-09-22,0.7472521106975827,0.008615446414854367
2017-09-25,26.694999999999855,1,533.8999999999971,2017-09-25,1.0085506933965573,0.008650726868365089
2017-09-26,0.0,0,0.0,2017-09-26,0.7158264553544913,0.008653710579269485
2017-09-27,-8.385000000000073,1,-167.70000000000147,2017-09-27,0.7999543535319212,0.008539752854084157
2017-09-28,0.0,0,0.0,2017-09-28,0.8361740525365997,0.008992612231547495
2017-09-29,11.66500000000011,1,233.30000000000217,2017-09-29,0.5175412687473486,0.00867707594161236
2017-10-02,-9.854999999999418,1,-197.09999999998837,2017-10-02,0.8445605187320083,0.008363428349635221
2017-10-03,0.0,0,0.0,2017-10-03,0.6417822366479781,0.008540190230846392
2017-10-04,0.0,0,0.0,2017-10-04,0.6850501848917079,0.008495791177260502
2017-10-05,17.27500000000069,1,345.5000000000138,2017-10-05,0.9556886785856076,0.008436855487594482
2017-10-06,0.0,0,0.0,2017-10-06,1.1906876427303013,0.008514739509451497
2017-10-09,0.0,0,0.0,2017-10-09,0.6588114754098287,0.008241765146651328
2017-10-10,0.0,0,0.0,2017-10-10,0.7738836505959813,0.008232038565325367
2017-10-11,0.0,0,0.0,2017-10-11,1.145231213872833,0.007978347614416436
2017-10-12,0.0,0,0.0,2017-10-12,0.990986981195047,0.007627051883125101
2017-10-13,0.0,0,0.0,2017-10-13,1.0531313588062174,0.007651889658195176
2017-10-16,0.0,0,0.0,2017-10-16,0.7065572580059226,0.0068687042983646
2017-10-17,-10.1549999999996,1,-203.099999999992,2017-10-17,0.7871444762264372,0.006564429718859983
2017-10-18,-6.015000000000182,1,-120.30000000000364,2017-10-18,0.8929096793174164,0.005901743119563512
2017-10-19,-24.129999999999818,2,-482.5999999999964,2017-10-19,3.2176006201424214,0.005785355920160778
2017-10-20,0.0,0,0.0,2017-10-20,0.8171765904527899,0.005935006485468071
2017-10-23,20.6900000000008,2,413.800000000016,2017-10-23,0.7883584095678456,0.005677091927426389
2017-10-24,-18.40500000000051,1,-368.1000000000102,2017-10-24,0.8449053914970798,0.006103191612730519
2017-10-25,-38.53000000000007,4,-770.6000000000015,2017-10-25,0.8998585527883944,0.0060918377111623245
2017-10-26,0.0,0,0.0,2017-10-26,0.919907265648918,0.006266562118448442
2017-10-27,70.0449999999993,1,1400.899999999986,2017-10-27,1.0027426500701087,0.006312422230812966
2017-10-30,-9.565000000000364,1,-191.3000000000073,2017-10-30,0.6024936679432807,0.008123473584153648
2017-10-31,0.0,0,0.0,2017-10-31,0.5192822185970708,0.008105800642685585
2017-11-01,0.0,0,0.0,2017-11-01,0.838587641866325,0.008119417963373928
2017-11-02,-22.19500000000018,3,-443.9000000000036,2017-11-02,0.8851131401349839,0.008375275318767843
2017-11-03,16.9749999999996,1,339.499999999992,2017-11-03,0.7368138144191388,0.008645151717689589
2017-11-06,-9.980000000000182,2,-199.60000000000363,2017-11-06,0.5502474657914973,0.009077616586894318
2017-11-07,0.0,0,0.0,2017-11-07,0.9664809115861269,0.009183537898010975
2017-11-08,7.835000000000182,1,156.70000000000363,2017-11-08,0.79431072210064,0.009259737534718362
2017-11-09,-35.215,1,-704.3000000000001,2017-11-09,1.5438182640729083,0.008916959374613558
2017-11-10,0.0,0,0.0,2017-11-10,1.1998822641123286,0.009689561726322059
2017-11-13,0.0,0,0.0,2017-11-13,0.8884028294862091,0.0093080874160449
2017-11-14,-15.1549999999996,1,-303.099999999992,2017-11-14,1.0245214851256845,0.00934343774473174
2017-11-15,-21.64500000000029,1,-432.90000000000583,2017-11-15,1.0536790469516608,0.00905103813901392
2017-11-16,38.795000000000215,1,775.9000000000043,2017-11-16,0.7648008542988144,0.009393745757674949
2017-11-17,6.944999999999855,1,138.89999999999708,2017-11-17,0.7094003944221496,0.008307620590996661
2017-11-20,0.0,0,0.0,2017-11-20,0.8929449263411592,0.008152357373311554
2017-11-21,9.314999999999745,1,186.2999999999949,2017-11-21,1.0241678850950533,0.008060942807855713
2017-11-22,0.0,0,0.0,2017-11-22,0.879842774734761,0.008246626937125445
2017-11-23,0.0,0,0.0,2017-11-23,0.9882352941176117,0.0078429929362385
2017-11-24,4.005000000000255,1,80.1000000000051,2017-11-24,0.815731241198968,0.007270875727023764
2017-11-27,0.0,0,0.0,2017-11-27,1.2908748501968896,0.007268288721124014
2017-11-28,0.0,0,0.0,2017-11-28,0.754074908964836,0.007254968620410037
2017-11-29,78.88500000000036,1,1577.700000000007,2017-11-29,1.0614778921865518,0.007282944274648839
2017-11-30,-8.675000000000036,1,-173.50000000000074,2017-11-30,0.7473066641980214,0.007771320210971354
2017-12-01,-55.84500000000011,1,-1116.9000000000024,2017-12-01,1.366433830470069,0.008132777832122141
2017-12-04,24.34499999999949,1,486.8999999999898,2017-12-04,0.5721117194538765,0.009066208005186368
2017-12-05,-45.070000000000334,2,-901.4000000000067,2017-12-05,0.9014726769828822,0.009906968866708924
2017-12-06,0.0,0,0.0,2017-12-06,0.7871700408963334,0.010333875089349773
2017-12-07,-13.395000000000291,1,-267.90000000000583,2017-12-07,0.6172714279127642,0.01004994997232397
2017-12-08,0.0,0,0.0,2017-12-08,0.6922433574231603,0.010168656185407398
2017-12-11,8.134999999999454,1,162.69999999998907,2017-12-11,0.8083934426229551,0.010578170911946993
2017-12-12,0.0,0,0.0,2017-12-12,0.7258598138031981,0.010356004045742285
2017-12-13,0.0,0,0.0,2017-12-13,1.0029557560269657,0.010495915296724721
2017-12-14,0.0,0,0.0,2017-12-14,0.6209897368794378,0.010741343993097782
2017-12-15,17.814999999999745,1,356.2999999999949,2017-12-15,0.6530341015495332,0.01084184883986288
2017-12-18,0.0,0,0.0,2017-12-18,0.8172506401848733,0.011402924792607069
2017-12-19,11.335000000000182,1,226.70000000000363,2017-12-19,0.7388122200778986,0.011608483051660966
2017-12-20,-12.7750000000004,1,-255.50000000000801,2017-12-20,0.777689604353221,0.010601006040674077
2017-12-21,0.0,0,0.0,2017-12-21,0.7697165742452129,0.010538026012927887
2017-12-22,0.0,0,0.0,2017-12-22,0.561581443395775,0.009578519197598072
2017-12-26,-13.064999999999454,1,-261.2999999999891,2017-12-26,1.1046014673409823,0.00841396035466865
2017-12-27,-10.415000000000727,1,-208.30000000001456,2017-12-27,1.1702633141952015,0.007901443941166897
2017-12-28,0.0,0,0.0,2017-12-28,0.7275271783222393,0.0074868312186299685
2017-12-29,18.98499999999982,1,379.69999999999635,2017-12-29,1.0086214679064538,0.007238040553438675
2018-01-02,46.33500000000018,1,926.7000000000036,2018-01-02,1.4384425278660427,0.00713100066434839
2018-01-03,27.805000000000437,1,556.1000000000088,2018-01-03,0.5391623302070898,0.007804445070427173
2018-01-04,0.0,0,0.0,2018-01-04,0.8694281855020177,0.008205747933517799
2018-01-05,15.16500000000011,1,303.30000000000217,2018-01-05,0.9848658189781884,0.008186626612855
2018-01-08,7.215000000000291,1,144.3000000000058,2018-01-08,0.9254220619570576,0.008505028397392811
2018-01-09,0.0,0,0.0,2018-01-09,0.7960518110713211,0.007954262515728354
2018-01-10,0.0,0,0.0,2018-01-10,1.551140176996678,0.00772289624530232
2018-01-11,7.515000000000473,1,150.30000000000945,2018-01-11,0.7352117446298596,0.007768680646781607
2018-01-12,28.97500000000051,1,579.5000000000102,2018-01-12,1.0617618733843657,0.007603477662166863
2018-01-15,0.0,0,0.0,2018-01-15,0.8146248474292638,0.007924144747660624
2018-01-16,-29.659999999999563,2,-593.1999999999913,2018-01-16,0.9435700575815976,0.00783288894643137
2018-01-17,0.0,0,0.0,2018-01-17,0.8768154275271737,0.008427423550358781
2018-01-18,0.0,0,0.0,2018-01-18,0.8070620405413599,0.008956698213356745
2018-01-19,0.0,0,0.0,2018-01-19,0.9286760092031037,0.00911674536751012
2018-01-22,45.734999999999815,1,914.6999999999963,2018-01-22,0.5930971417852605,0.009022490255801792
2018-01-23,9.274999999999782,1,185.49999999999562,2018-01-23,0.9589642583834168,0.008640840498625648
2018-01-24,22.514999999999564,1,450.29999999999126,2018-01-24,0.9935865689381782,0.008526393375985831
2018-01-25,0.0,0,0.0,2018-01-25,1.0540096663694904,0.009375528901049425
2018-01-26,53.38499999999854,1,1067.6999999999707,2018-01-26,0.6498266897747053,0.00939561498066115
2018-01-29,-13.944999999999563,1,-278.8999999999913,2018-01-29,0.9326414724887587,0.010108370754939101
2018-01-30,-20.70499999999978,1,-414.09999999999565,2018-01-30,1.0138209123909172,0.010166417455071654
2018-01-31,0.0,0,0.0,2018-01-31,0.6974675428754664,0.010442059835569256
2018-02-01,0.0,0,0.0,2018-02-01,0.9523537150374517,0.010666151789285783
2018-02-02,98.41500000000039,3,1968.300000000008,2018-02-02,1.395531568201874,0.01089891955904754
2018-02-05,102.07,2,2041.3999999999999,2018-02-05,1.0041327576027719,0.012245567155128355
2018-02-06,-76.52499999999921,3,-1530.499999999984,2018-02-06,1.7133375243052007,0.014542902618122341
2018-02-07,-71.86499999999964,1,-1437.299999999993,2018-02-07,0.4910497049638844,0.016883871355385553
2018-02-08,288.0150000000005,1,5760.30000000001,2018-02-08,0.5315862234777909,0.017944982291418422
2018-02-09,-132.44500000000048,1,-2648.9000000000096,2018-02-09,0.8395269640437919,0.020899412901759402
2018-02-12,-2.1850000000002545,1,-43.70000000000509,2018-02-12,0.5603838545781697,0.023278079008147545
2018-02-13,0.0,0,0.0,2018-02-13,0.58689483920853,0.02435722428631704
2018-02-14,86.61499999999992,1,1732.2999999999984,2018-02-14,1.2665948666545794,0.024196645625895373
2018-02-15,0.0,0,0.0,2018-02-15,0.6671825899348063,0.025272918573627283
2018-02-16,0.0,0,0.0,2018-02-16,0.8151562185282116,0.025609726000225787
2018-02-19,0.0,0,0.0,2018-02-19,0.4597177331716076,0.02602313898465136
2018-02-20,-63.05499999999924,1,-1261.099999999985,2018-02-20,1.0709021283897047,0.02561061091304636
2018-02-21,0.0,0,0.0,2018-02-21,0.8787409895459735,0.025947646018467354
2018-02-22,0.0,0,0.0,2018-02-22,1.012984146834888,0.026266997827858622
2018-02-23,0.0,0,0.0,2018-02-23,0.6441796060615481,0.025617342762469082
2018-02-26,0.0,0,0.0,2018-02-26,0.5712516724074014,0.023481564492287117
2018-02-27,-1.72000000000088,2,-34.4000000000176,2018-02-27,0.9861478173699015,0.021177551518282316
2018-02-28,0.0,0,0.0,2018-02-28,0.8445198920518907,0.020747322108344898
2018-03-01,-7.020000000001062,2,-140.40000000002124,2018-03-01,1.380366133309431,0.018460694961931628
2018-03-02,0.0,0,0.0,2018-03-02,1.0195002307001144,0.017422800951894194
2018-03-05,19.274999999999782,1,385.4999999999956,2018-03-05,0.9343460262068508,0.017551917341067525
2018-03-06,0.0,0,0.0,2018-03-06,0.5375492355602898,0.018086051914135447
2018-03-07,0.0,0,0.0,2018-03-07,0.809585077459578,0.016925676326571368
2018-03-08,0.0,0,0.0,2018-03-08,0.5407401058800954,0.01642838841906723
2018-03-09,73.96500000000029,1,1479.3000000000056,2018-03-09,1.0031899145881333,0.015978238974715078
2018-03-12,-19.824999999998763,1,-396.4999999999753,2018-03-12,0.7284974854080374,0.01682235070258872
2018-03-13,58.97499999999869,1,1179.4999999999736,2018-03-13,0.8150514304082417,0.016353452518856743
2018-03-14,0.0,0,0.0,2018-03-14,1.057474679506765,0.016704127274890745
2018-03-15,0.0,0,0.0,2018-03-15,0.7272377093617179,0.01657282070703944
2018-03-16,0.0,0,0.0,2018-03-16,0.6647376836975655,0.015861542929130817
2018-03-19,83.36500000000083,1,1667.3000000000166,2018-03-19,1.4017315171931226,0.015449465134424833
2018-03-20,-8.914999999999818,1,-178.29999999999637,2018-03-20,0.9069752681574906,0.016632477713444723
2018-03-21,0.0,0,0.0,2018-03-21,0.7184853340309328,0.016092354693234265
2018-03-22,-33.825000000000585,1,-676.5000000000117,2018-03-22,1.6088536725504108,0.015012270289768426
2018-03-23,70.05000000000047,2,1401.0000000000093,2018-03-23,1.236294800605755,0.015038525463496596
2018-03-26,35.490000000000066,2,709.8000000000013,2018-03-26,0.6261724889722649,0.015674021096980968
2018-03-27,214.31499999999974,1,4286.299999999995,2018-03-27,0.6094713112597808,0.017706147777629674
2018-03-28,7.484999999999818,1,149.69999999999635,2018-03-28,1.3757620594297564,0.020411398535639176
2018-03-29,-5.239999999999494,2,-104.79999999998988,2018-03-29,0.6465640431959264,0.0216572531492847
2018-04-02,125.85500000000062,1,2517.100000000012,2018-04-02,0.42390241201764695,0.02257328828242549
2018-04-03,0.0,0,0.0,2018-04-03,0.6125953166405325,0.02493794637220071
2018-04-04,10.705000000000073,1,214.10000000000144,2018-04-04,1.3261567379331949,0.024894757683120546
2018-04-05,0.0,0,0.0,2018-04-05,0.7371447022629619,0.026901666055415968
2018-04-06,27.705000000000073,1,554.1000000000015,2018-04-06,0.8435545078941554,0.027156367856981892
2018-04-09,-9.204999999999782,1,-184.09999999999565,2018-04-09,0.6337904399670113,0.028815142985400586
2018-04-10,0.0,0,0.0,2018-04-10,0.6826976462472822,0.028489585429291166
2018-04-11,0.0,0,0.0,2018-04-11,0.6546612428965419,0.029695626253028056
2018-04-12,-36.16499999999982,1,-723.2999999999964,2018-04-12,0.7402566150009332,0.029412551907747324
2018-04-13,0.0,0,0.0,2018-04-13,0.7423923163620335,0.02859088307693743
2018-04-16,0.0,0,0.0,2018-04-16,0.923613841918991,0.02753539823192406
2018-04-17,15.984999999999818,1,319.69999999999635,2018-04-17,0.6885497091682637,0.025604845167789696
2018-04-18,0.0,0,0.0,2018-04-18,0.7001464705731182,0.02369542312129627
2018-04-19,0.0,0,0.0,2018-04-19,0.9599044733699779,0.022734374560691016
2018-04-20,34.60999999999996,2,692.1999999999991,2018-04-20,1.494782454899191,0.02137702922250404
2018-04-23,0.0,0,0.0,2018-04-23,0.9122219887745102,0.019889325965991324
2018-04-24,128.48499999999981,1,2569.699999999996,2018-04-24,0.8281333333333335,0.019477010413172683
2018-04-25,-79.3600000000003,2,-1587.200000000006,2018-04-25,1.2001443782710681,0.01921554454792718
2018-04-26,13.644999999999673,1,272.89999999999344,2018-04-26,0.7373286478614597,0.019558809658154312
2018-04-27,0.0,0,0.0,2018-04-27,0.5432661214164248,0.019049088909056416
2018-04-30,0.0,0,0.0,2018-04-30,0.5664582133355193,0.018552389473609127
2018-05-01,0.0,0,0.0,2018-05-01,0.8513745021360304,0.01805965613065041
2018-05-02,0.0,0,0.0,2018-05-02,0.835286769298591,0.018387548092111954
2018-05-03,-110.28499999999971,1,-2205.6999999999944,2018-05-03,0.9217391304347835,0.018192063747671905
2018-05-04,82.19499999999985,1,1643.899999999997,2018-05-04,0.8647719289596651,0.01847790401006599
2018-05-07,-8.044999999999927,1,-160.89999999999856,2018-05-07,0.5577858918874933,0.01955621658600035
2018-05-08,0.0,0,0.0,2018-05-08,0.8655694868197534,0.018687830043310916
2018-05-09,3.9749999999996,1,79.499999999992,2018-05-09,0.8740464485505957,0.01863811591931463
2018-05-10,0.0,0,0.0,2018-05-10,0.787330067697719,0.018679800309835962
2018-05-11,0.0,0,0.0,2018-05-11,0.9041078694938075,0.018000957484702013
2018-05-14,0.0,0,0.0,2018-05-14,0.6585919757759174,0.017286581548050645
2018-05-15,-49.18000000000091,2,-983.6000000000182,2018-05-15,1.3310815914707188,0.015344191623689137
2018-05-16,-9.805000000000145,1,-196.10000000000292,2018-05-16,0.8717596210887073,0.015257318953691581
2018-05-17,0.0,0,0.0,2018-05-17,0.621421614585699,0.014216223964890062
2018-05-18,0.0,0,0.0,2018-05-18,1.1582892786215733,0.01368418244970923
2018-05-21,-12.725000000000218,1,-254.50000000000438,2018-05-21,0.7230530343642023,0.012854182979083983
2018-05-22,0.0,0,0.0,2018-05-22,0.6718768690936805,0.012539064308710062
2018-05-23,18.625000000000146,1,372.5000000000029,2018-05-23,1.274735340959958,0.012341371755398827
2018-05-24,-17.114999999999636,1,-342.29999999999274,2018-05-24,0.9001721488995563,0.012063351007766206
2018-05-25,-28.254999999999963,1,-565.0999999999992,2018-05-25,0.7818305301426282,0.011046162085957467
2018-05-28,0.0,0,0.0,2018-05-28,0.7044647134863484,0.010706692362469558
2018-05-29,0.0,0,0.0,2018-05-29,1.8265749803666107,0.010370384792228836
2018-05-30,-5.395000000000291,1,-107.90000000000582,2018-05-30,0.9162704743251527,0.01046070740695075
2018-05-31,-40.55500000000015,1,-811.100000000003,2018-05-31,0.6239132266540022,0.010331115507505576
2018-06-01,61.095000000001306,1,1221.900000000026,2018-06-01,0.7549236149457079,0.010519286703903629
2018-06-04,2.214999999998472,1,44.299999999969444,2018-06-04,0.7167972930277262,0.01110970259923062
2018-06-05,0.0,0,0.0,2018-06-05,1.0068149672110087,0.010562374079704543
2018-06-06,0.0,0,0.0,2018-06-06,0.7740640544549882,0.010374863845771748
2018-06-07,12.465000000000291,1,249.3000000000058,2018-06-07,0.8094530357559513,0.010188457478092869
2018-06-08,0.0,0,0.0,2018-06-08,1.6003250926135868,0.010680767800488258
2018-06-11,-19.465,1,-389.3,2018-06-11,0.6565546141933114,0.010442157224675652
2018-06-12,0.0,0,0.0,2018-06-12,0.86326107885753,0.01020788769605993
2018-06-13,-42.31500000000037,1,-846.3000000000073,2018-06-13,0.7310050472544966,0.009501639854441466
2018-06-14,-12.509999999999927,2,-250.19999999999854,2018-06-14,1.1270169962886607,0.009342936976619934
2018-06-15,0.0,0,0.0,2018-06-15,1.3221391958300708,0.009723179919958245
2018-06-18,0.0,0,0.0,2018-06-18,0.8507150013662278,0.010008569199040501
2018-06-19,0.0,0,0.0,2018-06-19,1.2718074255406135,0.009676782915075014
2018-06-20,-35.28000000000036,2,-705.6000000000073,2018-06-20,0.60628754072542,0.010189581556944537
2018-06-21,-13.38999999999913,2,-267.7999999999826,2018-06-21,0.9455318759718307,0.010332963639807744
2018-06-22,-8.595000000001018,1,-171.90000000002038,2018-06-22,0.6522289435322565,0.010199851046921279
2018-06-25,66.41500000000102,1,1328.3000000000202,2018-06-25,0.8901186400191132,0.010245436244823287
2018-06-26,0.0,0,0.0,2018-06-26,1.0040441908528375,0.012048216519007535
2018-06-27,48.189999999999884,2,963.7999999999977,2018-06-27,1.5315474796850124,0.01204300354258753
2018-06-28,6.7400000000009825,2,134.80000000001965,2018-06-28,1.2010433589863385,0.012728074104194607
2018-06-29,-22.729999999999272,2,-454.59999999998547,2018-06-29,0.7667216638082621,0.013200219723441015
2018-07-02,0.0,0,0.0,2018-07-02,0.7267479669761231,0.013485002479697781
2018-07-03,54.45499999999825,1,1089.099999999965,2018-07-03,0.6878011632945067,0.014356415295923951
2018-07-04,0.0,0,0.0,2018-07-04,0.49948326956903677,0.014890750913236371
2018-07-05,0.0,0,0.0,2018-07-05,0.9367348860568676,0.014274385811167212
2018-07-06,77.79500000000021,1,1555.9000000000042,2018-07-06,1.2334566475804476,0.014491742771423953
2018-07-09,0.0,0,0.0,2018-07-09,0.5916191935149362,0.01492110085375883
2018-07-10,0.0,0,0.0,2018-07-10,0.7733140195826704,0.01444196894132252
2018-07-11,0.0,0,0.0,2018-07-11,1.0570105215004462,0.01403653695106146
2018-07-12,78.37500000000014,1,1567.5000000000027,2018-07-12,0.810512483574231,0.01363762338581186
2018-07-13,0.0,0,0.0,2018-07-13,0.7923406455424934,0.014137000617445744
2018-07-16,0.0,0,0.0,2018-07-16,0.747401850861107,0.012255653159135458
2018-07-17,0.7450000000009459,1,14.900000000018919,2018-07-17,0.9753257071955167,0.011976461993700078
2018-07-18,-14.435000000001164,1,-288.7000000000233,2018-07-18,0.581637788482315,0.011657614974955613
2018-07-19,0.0,0,0.0,2018-07-19,0.8808833708254125,0.01100024322511384
2018-07-20,0.0,0,0.0,2018-07-20,1.1346587531492038,0.010732883723684496
2018-07-23,0.0,0,0.0,2018-07-23,0.7430224879218418,0.00997084376790801
2018-07-24,0.0,0,0.0,2018-07-24,0.7197466917373274,0.009499264453556875
2018-07-25,79.41999999999854,2,1588.3999999999708,2018-07-25,0.7056848165027703,0.0102619879850207
2018-07-26,0.0,0,0.0,2018-07-26,0.7973665549252356,0.010447137150745937
2018-07-27,85.09499999999949,1,1701.8999999999896,2018-07-27,0.7968552620222513,0.010508376880839247
2018-07-30,22.055000000000437,1,441.1000000000087,2018-07-30,0.7900633796046225,0.011726885091544586
2018-07-31,-25.815000000000364,1,-516.3000000000072,2018-07-31,0.6332120799563159,0.012728792213189554
2018-08-01,-19.104999999999418,1,-382.09999999998837,2018-08-01,0.5926887900306613,0.013043401081910669
2018-08-02,76.62500000000014,1,1532.5000000000027,2018-08-02,0.8048767371647427,0.012466831982648807
2018-08-03,0.0,0,0.0,2018-08-03,0.8446144297384706,0.013701353190092662
2018-08-06,0.0,0,0.0,2018-08-06,0.8400996790775395,0.013670877997195017
2018-08-07,0.0,0,0.0,2018-08-07,0.6255071270269943,0.01290144811954773
2018-08-08,0.0,0,0.0,2018-08-08,0.8609423072033429,0.012845085593045025
2018-08-09,0.0,0,0.0,2018-08-09,0.7522164216994724,0.012902923696457414
2018-08-10,0.0,0,0.0,2018-08-10,1.2159865924908466,0.012732203955499293
2018-08-13,-30.77499999999949,1,-615.4999999999898,2018-08-13,1.312962839415537,0.012769714071607584
2018-08-14,0.0,0,0.0,2018-08-14,0.7519346982203193,0.01246222371242595
2018-08-15,16.08000000000022,2,321.60000000000434,2018-08-15,1.1565364730416612,0.012076091256142193
2018-08-16,0.0,0,0.0,2018-08-16,0.9483327286520062,0.012224078565575494
2018-08-17,-30.194999999999563,1,-603.8999999999912,2018-08-17,0.7681086191159117,0.011002219555392214
2018-08-20,-17.055000000000145,1,-341.1000000000029,2018-08-20,0.5973204480562548,0.010418462499583014
2018-08-21,-39.960000000000655,2,-799.2000000000131,2018-08-21,0.5900996535996066,0.01002137666743142
2018-08-22,-2.1749999999991267,1,-43.499999999982535,2018-08-22,0.9283351239801341,0.010095324817620242
2018-08-23,-11.515000000001091,1,-230.30000000002184,2018-08-23,0.7440291314126518,0.009103762485464892
2018-08-24,5.705000000000073,1,114.10000000000146,2018-08-24,0.5931179069194827,0.009319141926857902
2018-08-27,6.295000000000218,1,125.90000000000437,2018-08-27,0.5789435722357156,0.009468175112965662
2018-08-28,0.0,0,0.0,2018-08-28,0.6920682071349181,0.009796014598879585
2018-08-29,50.07500000000087,1,1001.5000000000174,2018-08-29,0.838042019167739,0.009595996851043464
2018-08-30,-51.49500000000066,1,-1029.9000000000133,2018-08-30,0.9049841217777711,0.010072949299281606
2018-08-31,0.0,0,0.0,2018-08-31,1.0704029240275639,0.009931951114822443
2018-09-03,0.0,0,0.0,2018-09-03,0.6844756150676061,0.009687710900839298
2018-09-04,-54.839999999999854,2,-1096.799999999997,2018-09-04,1.2598706223510838,0.00928742394192964
2018-09-05,32.13999999999971,2,642.7999999999942,2018-09-05,1.0758973710819095,0.008814477887172335
2018-09-06,26.424999999999418,1,528.4999999999884,2018-09-06,0.9244993566692064,0.009330861863315885
2018-09-07,0.0,0,0.0,2018-09-07,0.8592542926274518,0.00976370481433759
2018-09-10,0.0,0,0.0,2018-09-10,0.5392106761669937,0.010114971229650455
2018-09-11,-5.965,1,-119.3,2018-09-11,1.0267145629464338,0.01002673917828554
2018-09-12,-61.26000000000175,2,-1225.200000000035,2018-09-12,0.9439555435782697,0.010560070178629298
2018-09-13,0.0,0,0.0,2018-09-13,0.7852458331592563,0.010773889105978898
2018-09-14,0.0,0,0.0,2018-09-14,0.6002313373075773,0.010915720274474697
2018-09-17,18.049999999999564,2,360.99999999999125,2018-09-17,0.7992618535017425,0.010865661075493685
2018-09-18,4.2250000000005095,1,84.50000000001019,2018-09-18,0.8755508115061214,0.011664558151908857
2018-09-19,-24.27499999999949,1,-485.4999999999898,2018-09-19,0.6028974109193707,0.011737709822905822
2018-09-20,0.0,0,0.0,2018-09-20,0.968406719782147,0.011791792207491042
2018-09-21,0.0,0,0.0,2018-09-21,0.8160516548256845,0.012208825641538353
2018-09-24,0.0,0,0.0,2018-09-24,0.664895306247744,0.012756141613226387
2018-09-25,0.0,0,0.0,2018-09-25,0.8190411326439985,0.012910336229964157
2018-09-26,-55.965,1,-1119.3000000000002,2018-09-26,0.6417705593045743,0.012159558774860468
2018-09-27,-9.725000000000218,1,-194.50000000000438,2018-09-27,0.9822372822825973,0.011711501485510497
2018-09-28,0.0,0,0.0,2018-09-28,1.1725595616753046,0.011687968192387887
2018-10-01,0.0,0,0.0,2018-10-01,0.734908678154962,0.011588105131170326
2018-10-02,0.0,0,0.0,2018-10-02,1.0976258595593071,0.011159343955450433
2018-10-03,0.0,0,0.0,2018-10-03,0.6411409233744453,0.011055363292965675
2018-10-04,88.26499999999956,1,1765.299999999991,2018-10-04,1.0480786982092456,0.010687437807931965
2018-10-05,32.300000000001376,2,646.0000000000275,2018-10-05,1.1559069334032361,0.011995007928420632
2018-10-08,-46.075000000000585,1,-921.5000000000117,2018-10-08,0.7691774611773105,0.012692205547092309
2018-10-09,-5.655000000000509,1,-113.10000000001018,2018-10-09,0.8730946056940314,0.013229389040940351
2018-10-10,215.9050000000008,1,4318.100000000016,2018-10-10,0.763025692550584,0.013422612760902357
2018-10-11,-145.35999999999848,2,-2907.19999999997,2018-10-11,1.3556703692084093,0.0159097636339104
2018-10-12,0.0,0,0.0,2018-10-12,0.658666053954061,0.017468491488798414
2018-10-15,-54.639999999999134,2,-1092.7999999999827,2018-10-15,0.6482576417450714,0.018554406971941273
2018-10-16,108.61499999999992,1,2172.2999999999984,2018-10-16,0.5213862661486167,0.019288602024928096
2018-10-17,-33.274999999999494,1,-665.4999999999899,2018-10-17,0.667256582535056,0.020720637927322986
2018-10-18,39.57999999999839,2,791.5999999999678,2018-10-18,0.8754442989430645,0.0209644054828693
2018-10-19,-38.060000000001025,2,-761.2000000000205,2018-10-19,0.9472379509616493,0.022488652809018007
2018-10-22,0.0,0,0.0,2018-10-22,0.6986580107552872,0.02329407540143596
2018-10-23,-47.81500000000037,1,-956.3000000000073,2018-10-23,0.907069481963364,0.02366884884916669
2018-10-24,312.1550000000008,1,6243.100000000017,2018-10-24,1.004390272566249,0.025366453175214555
2018-10-25,90.87500000000014,1,1817.5000000000027,2018-10-25,1.0025791899912417,0.02704171696753945
2018-10-26,0.0,0,0.0,2018-10-26,1.109466656259569,0.028053902952624738
2018-10-29,40.285,1,805.6999999999999,2018-10-29,0.6544714989126837,0.02949348682396983
2018-10-30,-80.09500000000011,1,-1601.9000000000024,2018-10-30,0.7371447152974199,0.03285468297288449
2018-10-31,-54.06000000000011,2,-1081.200000000002,2018-10-31,0.6521999202445853,0.031211744140717274
2018-11-01,5.965000000000291,1,119.30000000000582,2018-11-01,0.6727749370571318,0.031123167383861783
2018-11-02,21.675000000000328,1,433.50000000000654,2018-11-02,0.8551155289085194,0.030434743386052975
2018-11-05,-8.8349999999996,3,-176.69999999999197,2018-11-05,0.6390990878308996,0.031123871630404726
2018-11-06,-46.945000000000476,1,-938.9000000000095,2018-11-06,0.7480926605776899,0.029975995217471667
2018-11-07,69.6550000000008,1,1393.1000000000158,2018-11-07,1.1132740908055312,0.029911558687071235
2018-11-08,0.0,0,0.0,2018-11-08,0.656018168811882,0.030057979367454375
2018-11-09,-36.48499999999953,1,-729.6999999999906,2018-11-09,0.7522405969925302,0.029317731049383088
2018-11-12,105.70500000000007,1,2114.1000000000013,2018-11-12,1.134372831055687,0.03003691335020153
2018-11-13,0.0,0,0.0,2018-11-13,0.889536564216208,0.03013433253235241
2018-11-14,0.0,0,0.0,2018-11-14,1.2233075411546952,0.027995116296723677
2018-11-15,50.45500000000007,1,1009.1000000000014,2018-11-15,0.8910345133856868,0.027108325150400396
2018-11-16,0.0,0,0.0,2018-11-16,0.6843993861751004,0.02634673491393133
2018-11-19,163.8549999999997,1,3277.099999999994,2018-11-19,0.8844107891607682,0.023193840180619898
2018-11-20,0.0,0,0.0,2018-11-20,1.2186806669156303,0.024124937173215472
2018-11-21,0.0,0,0.0,2018-11-21,1.0116585637230024,0.024079970274871253
2018-11-22,0.0,0,0.0,2018-11-22,0.6522200210291671,0.023855861385450036
2018-11-23,-29.504999999999963,1,-590.0999999999992,2018-11-23,1.1538965142294229,0.022840737986098432
2018-11-26,-30.664999999999818,1,-613.2999999999963,2018-11-26,0.9554982305588283,0.022628132073960368
2018-11-27,0.0,0,0.0,2018-11-27,0.9520397653486249,0.023256365375331014
2018-11-28,82.15499999999989,1,1643.0999999999976,2018-11-28,0.6122605003469764,0.02225320029697533
2018-11-29,0.0,0,0.0,2018-11-29,0.7605097698096318,0.02369269892914821
2018-11-30,0.0,0,0.0,2018-11-30,0.8404123442291415,0.022918634909875477
2018-12-03,0.0,0,0.0,2018-12-03,0.7494295358968276,0.02143752943022801
2018-12-04,110.3549999999997,1,2207.099999999994,2018-12-04,0.8656743078297147,0.0215256989439643
2018-12-06,0.0,0,0.0,2018-12-06,1.0882291638347412,0.02251024423643831
2018-12-07,176.06499999999974,1,3521.2999999999947,2018-12-07,0.8070731005159706,0.022549963517589817
2018-12-10,0.0,0,0.0,2018-12-10,0.7321510268630692,0.02421118223831318
2018-12-11,0.0,0,0.0,2018-12-11,0.9357796056286255,0.023477150127472222
2018-12-12,-88.23499999999953,1,-1764.6999999999907,2018-12-12,0.9015827954260714,0.02279767506935606
2018-12-13,0.0,0,0.0,2018-12-13,0.8762108725511422,0.02333495532488623
2018-12-14,60.985000000000724,1,1219.7000000000144,2018-12-14,0.7812712605695461,0.023710509779541537
2018-12-17,-10.130000000000734,2,-202.6000000000147,2018-12-17,0.8011395833658266,0.024824541938829138
2018-12-18,-39.53499999999971,1,-790.6999999999942,2018-12-18,0.8100074433910509,0.025638024568901133
2018-12-19,-54.14000000000067,4,-1082.8000000000134,2018-12-19,0.5655218632840523,0.0257905386452942
2018-12-20,1.1799999999996729,2,23.599999999993457,2018-12-20,0.9075749010740568,0.027042662534882637
2018-12-21,138.035,1,2760.7,2018-12-21,0.7960564828167146,0.02856010856014787
2018-12-24,-23.44999999999953,2,-468.9999999999906,2018-12-24,0.871789727126808,0.03128944767088727
2018-12-26,306.325,1,6126.5,2018-12-26,0.6998086973797611,0.03223568374739501
2018-12-27,-220.40999999999957,2,-4408.199999999992,2018-12-27,0.9111421019938332,0.03369356508291572
2018-12-28,-39.524999999999494,1,-790.4999999999899,2018-12-28,0.7008092967930215,0.0343323370008208
2018-12-31,0.0,0,0.0,2018-12-31,0.41217703626462143,0.03335520161221025
2019-01-02,0.0,0,0.0,2019-01-02,1.1593776543951588,0.03249520740592467
2019-01-03,-35.18500000000026,1,-703.7000000000052,2019-01-03,0.8175991170727591,0.03323698341897332
2019-01-04,147.30499999999952,1,2946.0999999999904,2019-01-04,0.8177107935758078,0.03409392815399792
2019-01-07,-22.14499999999938,1,-442.89999999998764,2019-01-07,0.7663678110649516,0.03624072279424518
2019-01-08,0.0,0,0.0,2019-01-08,0.8381890859915685,0.03549331215644091
2019-01-09,0.0,0,0.0,2019-01-09,0.7575379738768468,0.03429985020220457
2019-01-10,0.0,0,0.0,2019-01-10,0.7402685704572562,0.033893646136856345
2019-01-11,0.0,0,0.0,2019-01-11,0.6943814781922816,0.03162062756545741
2019-01-14,0.0,0,0.0,2019-01-14,0.9081069757698427,0.02969732091279469
2019-01-15,42.1550000000008,1,843.1000000000159,2019-01-15,1.0038653207257846,0.02714590200731278
2019-01-16,-15.7750000000004,1,-315.500000000008,2019-01-16,0.6278730799416841,0.026071901728498725
2019-01-17,0.0,0,0.0,2019-01-17,0.8768955717165432,0.022351912468255568
2019-01-18,0.0,0,0.0,2019-01-18,0.8010822607889714,0.020747187864609353
2019-01-21,0.0,0,0.0,2019-01-21,0.5876907810452002,0.019977007403293064
2019-01-22,19.264999999999564,1,385.29999999999126,2019-01-22,0.6744937731723627,0.019489604078060687
2019-01-23,-64.72499999999931,1,-1294.4999999999864,2019-01-23,0.9833237031330211,0.018813479035586438
2019-01-24,0.0,0,0.0,2019-01-24,0.9000515770162341,0.01762065921815268
2019-01-25,-10.855000000000327,1,-217.10000000000656,2019-01-25,0.83253314679979,0.014861884612371928
2019-01-28,-91.93499999999997,3,-1838.6999999999994,2019-01-28,0.6815174239082524,0.014692523973396125
2019-01-29,-14.044999999999927,1,-280.89999999999856,2019-01-29,0.7891249139277788,0.014942503799475065
2019-01-30,71.11499999999992,1,1422.2999999999984,2019-01-30,0.699251982633049,0.015028027220467768
2019-01-31,39.25500000000025,1,785.100000000005,2019-01-31,0.8516807348896533,0.01588931582842371
2019-02-01,0.0,0,0.0,2019-02-01,0.7825548819846059,0.016580350821577883
2019-02-04,65.90499999999989,1,1318.0999999999976,2019-02-04,0.693700238066126,0.016278605890137833
2019-02-05,-2.2999999999998906,2,-45.99999999999781,2019-02-05,0.6908858603066489,0.015737463110529072
2019-02-06,-36.34500000000011,1,-726.9000000000023,2019-02-06,0.7692529730977999,0.015801829373338978
2019-02-07,-15.195000000000473,1,-303.90000000000947,2019-02-07,1.1493821799376245,0.01525157736723923
2019-02-08,0.0,0,0.0,2019-02-08,0.951947145265371,0.015738338191084566
2019-02-11,0.0,0,0.0,2019-02-11,1.1907664120287942,0.015998716009255117
2019-02-12,40.99500000000003,1,819.9000000000007,2019-02-12,0.5927962101147068,0.01508072541977579
2019-02-13,0.0,0,0.0,2019-02-13,0.7774963036906648,0.01481439934457871
2019-02-14,0.0,0,0.0,2019-02-14,1.2069950956893651,0.014769424586643093
2019-02-15,0.0,0,0.0,2019-02-15,1.174263083773605,0.01453517663149133
2019-02-18,0.0,0,0.0,2019-02-18,0.5087159898353882,0.013584738519523286
2019-02-19,0.0,0,0.0,2019-02-19,0.9726643527551249,0.01281605375791402
2019-02-20,0.0,0,0.0,2019-02-20,1.063061753518891,0.011352258847391964
2019-02-21,-13.175000000000036,1,-263.50000000000074,2019-02-21,1.0117041198501762,0.010758756055663248
2019-02-22,21.004999999999345,1,420.0999999999869,2019-02-22,0.8752386486262178,0.010740090189968243
2019-02-25,0.0,0,0.0,2019-02-25,0.6565983087227351,0.010410803775523001
2019-02-26,0.0,0,0.0,2019-02-26,0.8263963937650255,0.010423778889318197
2019-02-27,-34.59500000000011,1,-691.9000000000023,2019-02-27,0.6767729874985465,0.01034680284479354
2019-02-28,0.0,0,0.0,2019-02-28,0.7946196343478167,0.009669741274683383
2019-03-01,0.0,0,0.0,2019-03-01,0.6956008325994747,0.009306540166760685
2019-03-04,-68.20499999999979,1,-1364.0999999999958,2019-03-04,0.7247560458209723,0.009223560594230046
2019-03-05,-22.725000000000218,1,-454.5000000000044,2019-03-05,0.9311816817889437,0.009443742253549799
2019-03-06,19.2750000000016,1,385.500000000032,2019-03-06,0.6755407955865339,0.00945780055261223
2019-03-07,-33.55999999999982,4,-671.1999999999964,2019-03-07,0.8533488417175482,0.009226406882322461
2019-03-08,0.0,0,0.0,2019-03-08,1.0791733493718265,0.009792721000943238
2019-03-11,81.25499999999934,1,1625.0999999999867,2019-03-11,0.7477964174011926,0.010453595864572233
2019-03-12,-17.235000000000436,1,-344.70000000000874,2019-03-12,0.7937966410457085,0.011358023626623578
2019-03-13,-29.104999999999418,1,-582.0999999999883,2019-03-13,0.8040382355390447,0.01119828306732667
2019-03-14,0.0,0,0.0,2019-03-14,1.145552180414352,0.01142185265539392
2019-03-15,9.675000000001237,1,193.50000000002473,2019-03-15,0.7881802746418088,0.011105486807877376
2019-03-18,-31.89500000000029,1,-637.9000000000058,2019-03-18,0.6227051169182904,0.011242151731336473
2019-03-19,0.0,0,0.0,2019-03-19,0.7265651825569347,0.011201815196207707
2019-03-20,-43.145000000000294,1,-862.9000000000059,2019-03-20,0.9122886767538947,0.011039318274813137
2019-03-21,104.63500000000036,1,2092.700000000007,2019-03-21,1.1438611031970263,0.011619750237844678
2019-03-22,104.06500000000065,1,2081.300000000013,2019-03-22,1.079923144862636,0.01243910065509857
2019-03-25,-40.834999999998985,1,-816.6999999999797,2019-03-25,0.9481292776128675,0.012758087974912513
2019-03-26,-26.40500000000051,1,-528.1000000000101,2019-03-26,0.6234171503757991,0.012940277960579017
2019-03-27,-32.17500000000095,1,-643.500000000019,2019-03-27,0.8002208205896341,0.01336402136353912
2019-03-28,0.0,0,0.0,2019-03-28,0.8871225617833723,0.013457057063357845
2019-03-29,0.0,0,0.0,2019-03-29,0.7192656121318766,0.013254436354394272
2019-04-01,0.0,0,0.0,2019-04-01,0.7044774149917995,0.012330645462248898
2019-04-02,0.0,0,0.0,2019-04-02,0.507255837308551,0.012748268057384595
2019-04-03,-33.90500000000051,1,-678.1000000000103,2019-04-03,0.7903424318759553,0.012286678511158614
2019-04-04,-42.56499999999855,1,-851.299999999971,2019-04-04,0.8592595835020427,0.012867968155471431
2019-04-05,0.0,0,0.0,2019-04-05,0.7834868284196009,0.012716516995661549
2019-04-08,0.0,0,0.0,2019-04-08,0.659853089312167,0.012557147248667175
2019-04-09,0.0,0,0.0,2019-04-09,0.8172888015717389,0.012516923801516996
2019-04-10,0.0,0,0.0,2019-04-10,0.9198704554952288,0.011897073468662991
2019-04-11,-24.23999999999767,2,-484.79999999995346,2019-04-11,1.035808239470816,0.0108734980571673
2019-04-12,0.0,0,0.0,2019-04-12,1.2424804161932548,0.009627564299678008
2019-04-15,-20.91499999999891,1,-418.2999999999782,2019-04-15,0.5693238621415669,0.009207705596142118
2019-04-16,0.0,0,0.0,2019-04-16,1.0241926744689833,0.00873430532593222
2019-04-17,0.0,0,0.0,2019-04-17,0.6642301589365558,0.007878199423594403
2019-04-18,-23.080000000001455,2,-461.6000000000291,2019-04-18,1.1286362621828843,0.007705034054029543
2019-04-22,6.785,1,135.7,2019-04-22,0.6516073896667118,0.007610251168001763
2019-04-23,58.44499999999985,1,1168.899999999997,2019-04-23,0.7783942365703267,0.0072017528970968825
2019-04-24,0.0,0,0.0,2019-04-24,0.825385225969799,0.007736675754052138
2019-04-25,0.0,0,0.0,2019-04-25,0.8002007917583738,0.007278454550466107
2019-04-26,-50.92500000000065,3,-1018.500000000013,2019-04-26,1.051655751314472,0.007224480532448911
2019-04-29,-12.265000000001091,1,-245.30000000002184,2019-04-29,0.727072259024526,0.007617701612621049
2019-04-30,-42.274999999999494,1,-845.4999999999899,2019-04-30,0.7142648362676045,0.007348904081314242
2019-05-01,0.0,0,0.0,2019-05-01,0.555068715668877,0.007974677849329145
2019-05-02,-6.485000000000436,1,-129.70000000000874,2019-05-02,0.8813556232111555,0.00853365644387281
2019-05-03,26.4149999999992,1,528.299999999984,2019-05-03,0.8252742855237267,0.009226264519619392
2019-05-06,0.0,0,0.0,2019-05-06,1.0403128097808234,0.010044635285987735
2019-05-07,10.254999999999345,1,205.0999999999869,2019-05-07,0.8113758347460128,0.011137885840783688
2019-05-08,0.0,0,0.0,2019-05-08,1.007288650529896,0.012860927633219886
2019-05-09,-6.7749999999994905,1,-135.49999999998983,2019-05-09,0.7754111373442838,0.013205189579509738
2019-05-10,-46.01499999999898,3,-920.2999999999795,2019-05-10,0.9134224491401708,0.014110972922403977
2019-05-13,-4.319999999999418,2,-86.39999999998835,2019-05-13,0.8818960208196843,0.01541811346822151
2019-05-14,7.934999999999636,1,158.6999999999927,2019-05-14,0.6506696293791533,0.01724654994954506
2019-05-15,52.39499999999876,1,1047.899999999975,2019-05-15,1.07418880771385,0.01805294545765885
2019-05-16,14.005000000001164,1,280.1000000000233,2019-05-16,1.0340430813671313,0.01905717783388997
2019-05-17,0.0,0,0.0,2019-05-17,1.0751070280828134,0.01947837017317203
2019-05-20,0.0,0,0.0,2019-05-20,1.407099001291197,0.020169959454683965
2019-05-21,0.0,0,0.0,2019-05-21,0.9819640348862564,0.02059531279953823
2019-05-22,0.0,0,0.0,2019-05-22,1.0113168724279862,0.020562468890594855
2019-05-23,-35.05500000000015,1,-701.100000000003,2019-05-23,1.140772233918596,0.01994578459595154
2019-05-24,0.0,0,0.0,2019-05-24,0.7053986366132345,0.020375513345655277
2019-05-27,0.0,0,0.0,2019-05-27,0.6140855192238537,0.019494343624976256
2019-05-28,-26.114999999999636,1,-522.2999999999927,2019-05-28,1.4965294700929495,0.01747127510608717
2019-05-29,0.0,0,0.0,2019-05-29,0.9184127664484981,0.017507234813532717
2019-05-30,-20.054999999998326,1,-401.09999999996654,2019-05-30,0.6974059532198957,0.017110892748104584
2019-05-31,0.0,0,0.0,2019-05-31,1.0209425731605382,0.01583271035309671
2019-06-03,47.21500000000057,3,944.3000000000114,2019-06-03,0.8951283576503163,0.014244850259608156
2019-06-04,98.86499999999992,1,1977.2999999999984,2019-06-04,0.9319362068123477,0.014997354968059371
2019-06-05,0.0,0,0.0,2019-06-05,0.9806402987761225,0.015266863105571998
2019-06-06,0.0,0,0.0,2019-06-06,0.8519158673742657,0.014957888548920674
2019-06-07,55.854999999999706,1,1117.099999999994,2019-06-07,0.9058380167025608,0.014832370612190457
2019-06-10,-7.064999999998545,1,-141.2999999999709,2019-06-10,0.6856071953572966,0.01500629294201708
2019-06-11,0.0,0,0.0,2019-06-11,0.7529330475492323,0.015574308053475195
2019-06-12,0.0,0,0.0,2019-06-12,0.8899173941062375,0.01608377036224546
2019-06-13,-31.315000000000364,1,-626.3000000000072,2019-06-13,1.304438141080756,0.015037097646047742
2019-06-14,0.0,0,0.0,2019-06-14,0.9314108123735276,0.014839701919797768
2019-06-17,-26.73999999999949,2,-534.7999999999898,2019-06-17,0.7868190988567801,0.015341490783555239
2019-06-18,-18.254999999999054,1,-365.0999999999811,2019-06-18,1.7439892499638565,0.015091698772933287
2019-06-19,0.0,0,0.0,2019-06-19,0.7291398126664852,0.015644722091148998
2019-06-20,0.0,0,0.0,2019-06-20,0.867006909427581,0.01580654107425695
2019-06-21,0.0,0,0.0,2019-06-21,0.924508432485105,0.01557660501547847
2019-06-24,0.0,0,0.0,2019-06-24,0.6159088556801904,0.014232052515638418
2019-06-25,105.70500000000007,1,2114.1000000000013,2019-06-25,0.8001211887514916,0.012548140331565266
2019-06-26,-20.27499999999949,1,-405.4999999999898,2019-06-26,1.382602487256533,0.012986033611841983
2019-06-27,0.0,0,0.0,2019-06-27,1.164064582193601,0.01295898026583713
2019-06-28,0.0,0,0.0,2019-06-28,0.6045141981400849,0.011738322042342536
2019-07-01,0.0,0,0.0,2019-07-01,0.6184336387424078,0.010671314663563603
2019-07-02,0.0,0,0.0,2019-07-02,0.7960791426475889,0.01107502766641702
2019-07-03,21.145000000000582,1,422.90000000001163,2019-07-03,0.8623368128423946,0.011053237829522593
2019-07-04,0.0,0,0.0,2019-07-04,0.47320423079473684,0.011087311236211362
2019-07-05,-19.694999999999563,1,-393.8999999999913,2019-07-05,1.65109805134549,0.010655150604479318
2019-07-08,-30.034999999999417,3,-600.6999999999883,2019-07-08,1.105004306241754,0.010958458045953723
2019-07-09,21.424999999999418,1,428.49999999998835,2019-07-09,0.8705974030681253,0.01024637753247668
2019-07-10,-38.965,1,-779.3000000000001,2019-07-10,1.6063446542216537,0.010317541914589485
2019-07-11,0.0,0,0.0,2019-07-11,0.9195896703403531,0.010227282050748987
2019-07-12,21.145000000000582,1,422.90000000001163,2019-07-12,0.6384460356212576,0.010187491675982745
2019-07-15,0.0,0,0.0,2019-07-15,0.8571309066953758,0.010360077102433094
2019-07-16,-12.215,1,-244.3,2019-07-16,0.8708222216683569,0.009290199732633082
2019-07-17,25.754999999999345,1,515.099999999987,2019-07-17,0.9487626178385735,0.008958065424512232
2019-07-18,-83.26499999999928,1,-1665.2999999999856,2019-07-18,0.936967110167132,0.009018035898934722
2019-07-19,0.0,0,0.0,2019-07-19,0.9045289173253112,0.009373264895081309
2019-07-22,5.904999999999273,3,118.09999999998546,2019-07-22,0.7905556541807429,0.00908493315233327
2019-07-23,0.0,0,0.0,2019-07-23,0.6079824324213312,0.009317548663556623
2019-07-24,0.0,0,0.0,2019-07-24,1.0924014291756905,0.009268668552077136
2019-07-25,16.690000000000797,2,333.8000000000159,2019-07-25,0.9837144868829062,0.009882391643081306
2019-07-26,-21.289999999998763,2,-425.7999999999753,2019-07-26,0.7118788618633736,0.009771933463781622
2019-07-29,-29.319999999999126,4,-586.3999999999826,2019-07-29,0.7168997516664356,0.009776146751291251
2019-07-30,0.0,0,0.0,2019-07-30,1.5806728841073192,0.009612819563485154
2019-07-31,7.9149999999992,1,158.29999999998398,2019-07-31,0.7824769801092217,0.009334909827865643
2019-08-01,-66.27500000000103,3,-1325.5000000000205,2019-08-01,0.9956974747861151,0.010677627596343175
2019-08-02,29.78500000000029,3,595.7000000000058,2019-08-02,1.0748129197926546,0.012425097562200655
2019-08-05,82.4149999999992,1,1648.2999999999838,2019-08-05,0.9274786911842025,0.013664253206958795
2019-08-06,0.0,0,0.0,2019-08-06,0.8716897480513814,0.016365592719502504
2019-08-07,0.0,0,0.0,2019-08-07,0.937918507964603,0.01707136923377596
2019-08-08,108.01499999999956,1,2160.299999999991,2019-08-08,0.6240450958915635,0.018082200915502302
2019-08-09,-29.76500000000109,1,-595.3000000000218,2019-08-09,0.5736292170085808,0.01855042815244636
2019-08-12,-30.915000000000727,1,-618.3000000000145,2019-08-12,1.2234982542548136,0.01906388411469343
2019-08-13,-28.614999999999636,1,-572.2999999999927,2019-08-13,1.1381814432382287,0.019650279034173324
2019-08-14,54.50499999999934,1,1090.0999999999867,2019-08-14,1.1228211858133117,0.021031578354300768
2019-08-15,0.0,0,0.0,2019-08-15,1.9459139241270471,0.02256441148695788
2019-08-16,-17.975000000000218,1,-359.5000000000044,2019-08-16,0.7155659946188443,0.02267891095731021
2019-08-19,0.0,0,0.0,2019-08-19,0.7551221777236001,0.023297976829188098
2019-08-20,0.0,0,0.0,2019-08-20,0.9080946314332924,0.023952508439672
2019-08-21,0.0,0,0.0,2019-08-21,0.891215328749133,0.022683955029673564
2019-08-22,-73.19499999999957,1,-1463.8999999999915,2019-08-22,1.4563536392519851,0.02135260420084586
2019-08-23,113.76500000000138,1,2275.3000000000275,2019-08-23,1.4795348531633952,0.0209448419020823
2019-08-26,0.0,0,0.0,2019-08-26,1.539888898358258,0.02038255145465852
2019-08-27,0.0,0,0.0,2019-08-27,0.7639097976546074,0.020223060425811644
2019-08-28,0.0,0,0.0,2019-08-28,0.9804493460328928,0.01947959498943702
2019-08-29,-10.494999999998836,1,-209.89999999997673,2019-08-29,1.3164039696439074,0.018824675120162233
2019-08-30,-35.524999999999494,1,-710.4999999999899,2019-08-30,0.8663088879008422,0.01882778844451254
2019-09-02,0.0,0,0.0,2019-09-02,0.9266081042788369,0.018651818986797127
2019-09-03,-47.31500000000037,1,-946.3000000000073,2019-09-03,1.464547704897632,0.017526464618058946
2019-09-04,0.0,0,0.0,2019-09-04,0.7427712628593216,0.015990458169102932
2019-09-05,22.45000000000131,4,449.0000000000262,2019-09-05,0.7697643366223158,0.016107748719776358
2019-09-06,0.0,0,0.0,2019-09-06,0.9797536660249502,0.01628838419488426
2019-09-09,0.0,0,0.0,2019-09-09,0.5068330086881488,0.015390224529920058
2019-09-10,-46.2900000000024,2,-925.800000000048,2019-09-10,1.2017123314719789,0.015522526447360695
2019-09-11,32.07500000000087,1,641.5000000000174,2019-09-11,1.0795224118613551,0.015532389908064987
2019-09-12,-41.8449999999992,1,-836.8999999999841,2019-09-12,0.8855843425826481,0.015179710708230081
2019-09-13,0.0,0,0.0,2019-09-13,0.8957180308767917,0.013304186573295306
2019-09-16,0.0,0,0.0,2019-09-16,0.8702033409830967,0.012681825012105194
2019-09-17,0.0,0,0.0,2019-09-17,1.0206934482205428,0.011992504659401574
2019-09-18,0.0,0,0.0,2019-09-18,0.7254279403644249,0.011536309388371987
2019-09-19,-33.69000000000022,2,-673.8000000000044,2019-09-19,1.500898425113629,0.011198866865252857
2019-09-20,74.44499999999985,1,1488.899999999997,2019-09-20,0.7585292867324067,0.01081876492274925
2019-09-23,0.0,0,0.0,2019-09-23,1.1981136053752235,0.01098001890741315
2019-09-24,66.67500000000123,1,1333.5000000000246,2019-09-24,0.5772528100590466,0.010671220856533313
2019-09-25,47.240000000000066,2,944.8000000000013,2019-09-25,1.0062582670325537,0.011379086167032452
2019-09-26,-7.770000000000145,2,-155.4000000000029,2019-09-26,0.8588488207371507,0.011551434949068736
2019-09-27,38.31999999999999,2,766.3999999999999,2019-09-27,0.7569315291751817,0.011989885919624636
2019-09-30,13.965000000000291,1,279.3000000000058,2019-09-30,0.7515163231278601,0.012787970283201335
2019-10-01,-8.619999999998697,2,-172.39999999997394,2019-10-01,0.7777242797282811,0.012696974474804534
2019-10-02,45.64499999999876,1,912.8999999999752,2019-10-02,1.3362642568993968,0.013339162056302515
2019-10-03,46.95000000000101,2,939.0000000000202,2019-10-03,0.8728845229832989,0.014159616427307758
2019-10-04,31.68000000000058,2,633.6000000000116,2019-10-04,1.0438878136641656,0.01542816547224998
2019-10-07,0.0,0,0.0,2019-10-07,0.7998326481609602,0.016183173423110372
2019-10-08,-44.329999999999636,2,-886.5999999999927,2019-10-08,1.3430461890825904,0.01638161212226568
2019-10-09,0.0,0,0.0,2019-10-09,1.3685380332501056,0.016600556118663113
2019-10-10,-11.075000000000582,1,-221.50000000001165,2019-10-10,0.8732216308320999,0.01707918545910655
2019-10-11,-26.055000000000145,1,-521.1000000000029,2019-10-11,0.7176250132812929,0.01675833147084241
2019-10-14,0.0,0,0.0,2019-10-14,0.9134971831483366,0.017724222290260157
2019-10-15,34.99499999999912,1,699.8999999999825,2019-10-15,0.7947490411412346,0.016336978121778197
2019-10-16,0.0,0,0.0,2019-10-16,0.9471603461736643,0.015739624726703556
2019-10-17,0.0,0,0.0,2019-10-17,1.3851143591255557,0.015338031607498982
2019-10-18,-37.575000000000585,1,-751.5000000000117,2019-10-18,0.7472920427718236,0.014391647620823603
2019-10-21,0.0,0,0.0,2019-10-21,0.8835177295503792,0.014744024555473237
2019-10-22,0.0,0,0.0,2019-10-22,0.8989612494474575,0.014031253328641097
2019-10-23,0.0,0,0.0,2019-10-23,1.0669160322770281,0.01334814913369745
2019-10-24,0.0,0,0.0,2019-10-24,0.7225402311264694,0.01208183699714056
2019-10-25,33.55500000000043,1,671.1000000000087,2019-10-25,0.6339731653411651,0.01169658243477828
2019-10-28,15.705000000000073,1,314.10000000000144,2019-10-28,0.8203352911431698,0.011997318327277948
2019-10-29,4.175000000001237,1,83.50000000002474,2019-10-29,1.088180518861783,0.011656018305361027
2019-10-30,0.0,0,0.0,2019-10-30,0.7295849292401114,0.011158972886340315
2019-10-31,-20.874999999999854,1,-417.4999999999971,2019-10-31,1.4122453486446056,0.011032306821594923
2019-11-01,-15.114999999999636,1,-302.29999999999274,2019-11-01,0.9465802013542874,0.010169199484725982
2019-11-04,0.0,0,0.0,2019-11-04,0.9885115271545644,0.010432162460269073
2019-11-05,0.0,0,0.0,2019-11-05,0.6823046346044415,0.009968134671479889
2019-11-06,-5.895000000000291,1,-117.90000000000582,2019-11-06,0.9837651865391056,0.00991938775622335
2019-11-07,-12.235000000000436,1,-244.70000000000874,2019-11-07,0.8618354955663681,0.009758797418461721
2019-11-08,0.0,0,0.0,2019-11-08,0.8401097143742948,0.009344378101024743
2019-11-11,0.0,0,0.0,2019-11-11,0.731468133721668,0.009281627743883678
2019-11-12,-11.65500000000051,1,-233.1000000000102,2019-11-12,0.8557846467771937,0.008781778891451656
2019-11-13,0.0,0,0.0,2019-11-13,1.152863335614874,0.008860058861585727
2019-11-14,0.0,0,0.0,2019-11-14,0.9705896237548995,0.00851441745319577
2019-11-15,0.0,0,0.0,2019-11-15,0.8309056834839591,0.007998331647540437
2019-11-18,-24.16999999999978,2,-483.39999999999566,2019-11-18,0.9964260998985636,0.007676058008568541
2019-11-19,0.0,0,0.0,2019-11-19,0.838227606777173,0.007671788722008158
2019-11-20,-15.975000000000218,1,-319.5000000000044,2019-11-20,0.9859484339332951,0.007366198070215948
2019-11-21,-13.965,1,-279.3,2019-11-21,0.9396329780864586,0.007742713062810262
2019-11-22,-14.824999999998763,1,-296.4999999999753,2019-11-22,0.8053111595836431,0.007490291444728315
2019-11-25,28.955000000000073,1,579.1000000000015,2019-11-25,0.4881762727841159,0.007462012806927166
2019-11-26,0.0,0,0.0,2019-11-26,0.785449936054866,0.007951686155163602
2019-11-27,14.555000000000437,1,291.1000000000087,2019-11-27,0.8054085029743918,0.007768709268356697
2019-11-28,0.0,0,0.0,2019-11-28,0.5479011419074389,0.007555880573201931
2019-11-29,0.0,0,0.0,2019-11-29,0.9482242460530436,0.0070497056279792535
2019-12-02,28.364999999999927,1,567.2999999999986,2019-12-02,1.5465821741663295,0.006895813299111341
2019-12-03,0.0,0,0.0,2019-12-03,1.908746028619619,0.007655391678105232
2019-12-04,0.0,0,0.0,2019-12-04,1.2152456517542851,0.008546596017842347
2019-12-05,0.0,0,0.0,2019-12-05,0.8005559719685221,0.008592116540837195
2019-12-06,1.8750000000001457,1,37.50000000000291,2019-12-06,1.0750894539420406,0.008570997043854263
2019-12-09,-7.624999999999854,1,-152.4999999999971,2019-12-09,0.6474874589171811,0.008825843807467402
2019-12-10,-28.934999999999345,1,-578.6999999999869,2019-12-10,2.182351884023261,0.008935847669973834
2019-12-11,0.0,0,0.0,2019-12-11,1.0464696906644402,0.008436529882439715
2019-12-12,-61.464999999999705,3,-1229.299999999994,2019-12-12,0.9675429439119027,0.008483455093367698
2019-12-13,-39.74000000000132,2,-794.8000000000263,2019-12-13,1.3528037383177638,0.008896843157701149
2019-12-16,5.014999999999564,1,100.29999999999127,2019-12-16,0.5055970001032739,0.008717078228835542
2019-12-17,0.0,0,0.0,2019-12-17,0.9995602957266896,0.009152402657286526
2019-12-18,0.0,0,0.0,2019-12-18,0.8936936409415529,0.008907093556773176
2019-12-19,23.08500000000109,1,461.7000000000218,2019-12-19,1.056502890173427,0.009089380149507791
2019-12-20,0.0,0,0.0,2019-12-20,1.0014860662142264,0.009267493386926914
2019-12-23,0.0,0,0.0,2019-12-23,0.9202078874961458,0.008393024792642721
2019-12-24,0.0,0,0.0,2019-12-24,0.5918576179512097,0.007383246319692695
2019-12-26,37.985000000000724,1,759.7000000000145,2019-12-26,0.7917321663763858,0.007083092240638828
2019-12-27,0.0,0,0.0,2019-12-27,1.2901195720578846,0.007205404725800196
2019-12-30,-23.06499999999978,5,-461.29999999999563,2019-12-30,1.0268644747393574,0.006898470252525705
2019-12-31,0.0,0,0.0,2019-12-31,1.013053377703117,0.007175737109137796
2020-01-02,50.604999999999706,1,1012.0999999999941,2020-01-02,0.8379997529542339,0.00718382857999113
2020-01-03,0.0,0,0.0,2020-01-03,1.7302569019309233,0.00787861427436607
2020-01-06,0.0,0,0.0,2020-01-06,0.9996500047726569,0.007860811730468055
2020-01-07,0.0,0,0.0,2020-01-07,0.8870439276780206,0.008296083916175295
2020-01-08,36.26500000000138,1,725.3000000000276,2020-01-08,0.9332883555812568,0.00800468570494608
2020-01-09,0.0,0,0.0,2020-01-09,0.5394327636160714,0.00875784865088842
2020-01-10,0.0,0,0.0,2020-01-10,0.5799103371299074,0.009195020831096143
2020-01-13,48.30500000000043,1,966.1000000000087,2020-01-13,0.7800431111909438,0.009300882730702271
2020-01-14,-31.674999999999127,1,-633.4999999999825,2020-01-14,1.5162180245080663,0.009738992447866166
2020-01-15,-5.874999999999854,1,-117.49999999999709,2020-01-15,0.8653776112275373,0.009944338420527301
2020-01-16,0.0,0,0.0,2020-01-16,0.7848999046711042,0.010293297006285309
2020-01-17,0.0,0,0.0,2020-01-17,0.8277006440484249,0.010379189891732471
2020-01-20,0.0,0,0.0,2020-01-20,0.5925432016447152,0.01032218936371684
2020-01-21,0.0,0,0.0,2020-01-21,0.9487981127105709,0.009655211652879622
2020-01-22,0.0,0,0.0,2020-01-22,0.8107418239829755,0.009512205888020776
2020-01-23,0.0,0,0.0,2020-01-23,0.830452144358049,0.008947603931374578
2020-01-24,27.385000000000364,1,547.7000000000073,2020-01-24,0.7960451039819637,0.008621586215784103
2020-01-27,0.0,0,0.0,2020-01-27,1.5009452686506544,0.008871607697137317
2020-01-28,54.045000000000215,1,1080.9000000000042,2020-01-28,1.0319858250458271,0.010243829328476848
2020-01-29,0.0,0,0.0,2020-01-29,0.6966426532554065,0.010494221604914295
2020-01-30,-54.895000000000294,1,-1097.900000000006,2020-01-30,1.0867990782398822,0.010438840557641467
2020-01-31,84.42500000000123,1,1688.5000000000246,2020-01-31,0.8436024768561055,0.01079919538759305
2020-02-03,4.299999999999564,2,85.99999999999127,2020-02-03,0.7092248007991276,0.011712622216958303
2020-02-04,40.56499999999883,1,811.2999999999766,2020-02-04,0.7691304859791052,0.012494560257622567
2020-02-05,0.0,0,0.0,2020-02-05,1.4457271459941274,0.013664002882631589
2020-02-06,0.0,0,0.0,2020-02-06,0.8396377700216915,0.014058287952619352
2020-02-07,0.0,0,0.0,2020-02-07,0.9103179289708847,0.014303878468815038
2020-02-10,87.86499999999992,1,1757.2999999999984,2020-02-10,0.9541218486506997,0.014734291714624245
2020-02-11,0.0,0,0.0,2020-02-11,0.6333525393957247,0.015463166493974756
2020-02-12,0.0,0,0.0,2020-02-12,0.6311127981274043,0.015698551441921383
2020-02-13,0.0,0,0.0,2020-02-13,1.3312971257808994,0.01579885634558713
2020-02-14,0.0,0,0.0,2020-02-14,0.6783728142880037,0.015227332150284144
2020-02-17,0.0,0,0.0,2020-02-17,0.4967223838220807,0.013826326786446293
2020-02-18,0.0,0,0.0,2020-02-18,1.1601766977866512,0.012875738237642194
2020-02-19,0.0,0,0.0,2020-02-19,0.6941289671272529,0.012879458262026284
2020-02-20,-33.68499999999935,1,-673.699999999987,2020-02-20,1.0216584881411512,0.012744332816197473
2020-02-21,68.5100000000005,2,1370.20000000001,2020-02-21,1.1407712402470398,0.012579514005086228
2020-02-24,0.0,0,0.0,2020-02-24,1.572666258175754,0.013005456414259094
2020-02-25,242.38500000000036,1,4847.700000000007,2020-02-25,1.1669388158315286,0.014489685542979063
2020-02-26,-38.70000000000044,2,-774.0000000000089,2020-02-26,1.4708290800587753,0.01650176787172303
2020-02-27,-95.88500000000008,1,-1917.7000000000016,2020-02-27,0.844554126798569,0.017571078104763115
2020-02-28,0.0,0,0.0,2020-02-28,1.3182926729798257,0.020778940333256356
2020-03-02,250.4050000000008,1,5008.100000000016,2020-03-02,0.9288952839069415,0.0228052664099777
2020-03-03,1.4400000000007935,2,28.80000000001587,2020-03-03,0.7597454925035663,0.025508038051422793
2020-03-04,0.0,0,0.0,2020-03-04,0.5269035420584821,0.028856705939394496
2020-03-05,0.0,0,0.0,2020-03-05,0.6512011447558274,0.0308932936233586
2020-03-06,0.0,0,0.0,2020-03-06,1.3758821432814632,0.03323369783729366
2020-03-09,0.0,0,0.0,2020-03-09,0.09801672446909468,0.035917507075658724
2020-03-10,0.0,0,0.0,2020-03-10,1.0780919180613024,0.041610104709822494
2020-03-11,65.50499999999934,1,1310.0999999999867,2020-03-11,1.0173430816272482,0.044494474566105516
2020-03-12,-74.8099999999992,2,-1496.1999999999841,2020-03-12,0.6310994698236025,0.047159072804641954
2020-03-13,0.0,0,0.0,2020-03-13,1.0026766958053799,0.05286107847446475
2020-03-16,206.82500000000118,3,4136.500000000024,2020-03-16,0.0,0.055976714971864676
2020-03-17,140.3049999999986,1,2806.099999999972,2020-03-17,1.115635188095089,0.06457972454703137
2020-03-18,-403.37499999999983,1,-8067.499999999996,2020-03-18,0.0,0.06862170629376776
2020-03-19,-81.70499999999979,1,-1634.0999999999958,2020-03-19,1.0502869861248914,0.07103498704956368
2020-03-20,140.58500000000018,1,2811.7000000000035,2020-03-20,0.7389558416559097,0.0727461543101664
2020-03-23,-215.63500000000008,1,-4312.700000000002,2020-03-23,1.1697363756570631,0.07461521343190072
2020-03-24,0.0,0,0.0,2020-03-24,0.535986021385293,0.07443638809261577
2020-03-25,-321.40000000000117,2,-6428.000000000024,2020-03-25,1.0120554402792872,0.07676052469142193
2020-03-26,271.3950000000006,1,5427.900000000012,2020-03-26,0.8287460966217248,0.07774550075786409
2020-03-27,0.0,0,0.0,2020-03-27,0.7282618232868304,0.07867399023514428
2020-03-30,115.94499999999985,1,2318.899999999997,2020-03-30,0.9915792750163088,0.07520431466847856
2020-03-31,0.0,0,0.0,2020-03-31,0.7532765974020904,0.0743099538984616
2020-04-01,0.0,0,0.0,2020-04-01,0.9091302195153029,0.0723463874685383
2020-04-02,-67.82499999999877,1,-1356.4999999999754,2020-04-02,0.985924114047873,0.0687220962345102
2020-04-03,-49.98499999999862,1,-999.6999999999724,2020-04-03,1.0749960843352353,0.06440899787326339
2020-04-06,139.1649999999992,1,2783.299999999984,2020-04-06,0.5946134271193074,0.054977792437868225
2020-04-07,0.0,0,0.0,2020-04-07,1.095962170783383,0.05434414155380428
2020-04-08,0.0,0,0.0,2020-04-08,0.8073792408124114,0.050501048367369857
2020-04-09,0.0,0,0.0,2020-04-09,1.0817712710457166,0.047405015613209055
2020-04-13,0.0,0,0.0,2020-04-13,0.5371637337327094,0.04353226378402957
2020-04-14,103.76499999999956,1,2075.299999999991,2020-04-14,0.6592100877538878,0.04127851718388676
2020-04-15,0.0,0,0.0,2020-04-15,1.1696160988579174,0.03937064645063978
2020-04-16,-114.82499999999877,1,-2296.4999999999754,2020-04-16,0.9329703960745773,0.03727006392105501
2020-04-17,0.0,0,0.0,2020-04-17,0.8892603905454607,0.0350306248449887
2020-04-20,0.0,0,0.0,2020-04-20,0.7115205867031584,0.033600376025914494
2020-04-21,217.16999999999854,2,4343.3999999999705,2020-04-21,0.9050529063666779,0.031895978229717056
2020-04-22,0.0,0,0.0,2020-04-22,0.7431381271897814,0.03277842452740009
2020-04-23,5.795000000000218,1,115.90000000000437,2020-04-23,0.9051872772951863,0.03157354254084637
2020-04-24,-54.514999999999276,1,-1090.2999999999856,2020-04-24,0.9156678544433601,0.031023212319289114
2020-04-27,0.0,0,0.0,2020-04-27,0.6850549201405663,0.030379186156009787
2020-04-28,36.65499999999898,1,733.0999999999796,2020-04-28,0.9312629058752363,0.026055078461798803
2020-04-29,36.6550000000008,1,733.1000000000159,2020-04-29,1.0425475554184513,0.025747956052242782
2020-04-30,0.0,0,0.0,2020-04-30,0.9335531267234913,0.02677923062824892
2020-05-01,-15.725000000000218,1,-314.5000000000044,2020-05-01,0.7197610348511584,0.026157076545217928
2020-05-04,0.0,0,0.0,2020-05-04,0.8039375777031409,0.027047463867570922
2020-05-05,-9.77500000000131,1,-195.5000000000262,2020-05-05,1.0893449904156274,0.025247923283964985
2020-05-06,0.0,0,0.0,2020-05-06,0.6175215372506171,0.02524048329140213
2020-05-07,0.0,0,0.0,2020-05-07,0.8621736957441124,0.02467057491294322
2020-05-08,0.0,0,0.0,2020-05-08,0.6909623321819354,0.024407893158750756
2020-05-11,-23.65500000000051,1,-473.1000000000102,2020-05-11,1.2520889182884767,0.024297077152481535
2020-05-12,0.0,0,0.0,2020-05-12,0.9370962229391241,0.022620251745668896
2020-05-13,-68.81999999999942,2,-1376.3999999999885,2020-05-13,0.9822907947268606,0.02198865966987345
2020-05-14,-35.825000000000585,1,-716.5000000000117,2020-05-14,1.0211515238119238,0.023084773831384298
2020-05-15,0.0,0,0.0,2020-05-15,1.0312632354170974,0.023380739274487267
2020-05-18,-12.615000000001455,1,-252.30000000002912,2020-05-18,0.7543585158694696,0.024121709039427425
2020-05-19,-22.52499999999949,1,-450.4999999999898,2020-05-19,0.9671029263094633,0.023706612319463916
2020-05-20,-15.444999999999563,1,-308.8999999999913,2020-05-20,0.8218561158148058,0.02191934146134086
2020-05-21,48.83499999999927,1,976.6999999999854,2020-05-21,0.9221101484624327,0.022580852149198232
2020-05-22,0.0,0,0.0,2020-05-22,1.0775919588471907,0.02122554151709701
2020-05-25,0.0,0,0.0,2020-05-25,0.8349750417401675,0.02053185066716656
2020-05-26,55.20999999999941,2,1104.1999999999882,2020-05-26,0.7438472683547038,0.01988826315304763
2020-05-27,-37.825000000000294,3,-756.5000000000059,2020-05-27,1.3440944769312082,0.020288603865437932
2020-05-28,-87.07499999999877,1,-1741.4999999999754,2020-05-28,1.119096098000597,0.021105652551837686
2020-05-29,0.0,0,0.0,2020-05-29,0.7912836326966067,0.021489559543071073
2020-06-01,0.0,0,0.0,2020-06-01,0.7575532625640228,0.021509946850858937
2020-06-02,-50.55500000000015,1,-1011.100000000003,2020-06-02,0.7386811771431055,0.020331873559660058
2020-06-03,0.0,0,0.0,2020-06-03,0.7944214449777992,0.018872802632741492
2020-06-04,0.0,0,0.0,2020-06-04,0.9868802095137481,0.017614925691638045
2020-06-05,66.39500000000058,1,1327.9000000000115,2020-06-05,1.1196326922626336,0.017277100445531397
2020-06-08,0.0,0,0.0,2020-06-08,0.8780967025456974,0.01721728598307313
2020-06-09,0.13500000000036383,1,2.7000000000072766,2020-06-09,1.0328116602433626,0.017340902934804413
2020-06-10,0.0,0,0.0,2020-06-10,0.9946419584973781,0.016889272187127515
2020-06-11,207.40499999999898,1,4148.099999999979,2020-06-11,1.4828303024532674,0.01705862511742495
2020-06-12,0.0,0,0.0,2020-06-12,1.058479110482986,0.020080215740105736
2020-06-15,207.11499999999992,1,4142.299999999998,2020-06-15,0.8375084689443262,0.02172531392882404
2020-06-16,0.0,0,0.0,2020-06-16,0.7472156155912043,0.022618346307096034
2020-06-17,0.0,0,0.0,2020-06-17,0.7183084037303928,0.02228846336004438
2020-06-18,0.0,0,0.0,2020-06-18,0.8994545110388369,0.021695355524585985
2020-06-19,0.0,0,0.0,2020-06-19,0.5952640688862798,0.02080396304098297
2020-06-22,106.50499999999934,1,2130.0999999999867,2020-06-22,0.7528976331937146,0.021401731182483504
2020-06-23,-5.874999999999854,1,-117.49999999999709,2020-06-23,0.7707382471666429,0.021301468691737196
2020-06-24,117.96500000000029,1,2359.3000000000056,2020-06-24,1.1300554966405916,0.021928258984244938
2020-06-25,-59.48500000000044,1,-1189.700000000009,2020-06-25,1.2888087504776475,0.022768403109272004
2020-06-26,202.3899999999997,2,4047.799999999994,2020-06-26,0.7320810139435365,0.022683157009334924
2020-06-29,-56.32499999999877,1,-1126.4999999999754,2020-06-29,0.8257017543859735,0.023478765466715297
2020-06-30,125.42499999999941,1,2508.499999999988,2020-06-30,0.7236928275789765,0.023984471487885222
2020-07-01,66.07499999999905,1,1321.499999999981,2020-07-01,1.0067153498954058,0.024237745939406256
2020-07-02,-56.61499999999964,1,-1132.299999999993,2020-07-02,0.874680689227637,0.021755849694369434
2020-07-03,0.0,0,0.0,2020-07-03,0.5230893987150802,0.020221355581541728
2020-07-06,81.8549999999997,1,1637.099999999994,2020-07-06,0.6745676803816302,0.018170271355146293
2020-07-07,-35.69499999999957,1,-713.8999999999913,2020-07-07,1.0452238681798276,0.018416776152018543
2020-07-08,-28.815000000000364,1,-576.3000000000072,2020-07-08,1.0054257923641907,0.018901585121063897
2020-07-09,0.0,0,0.0,2020-07-09,0.7909662497385138,0.019273454252910306
2020-07-10,-48.5949999999992,1,-971.8999999999841,2020-07-10,0.9543057931549307,0.01935587222479049
2020-07-13,-38.274999999999494,1,-765.4999999999899,2020-07-13,0.6566891123205143,0.01968546918047697
2020-07-14,0.0,0,0.0,2020-07-14,1.565068273420324,0.021763637204968416
2020-07-15,-131.43499999999935,1,-2628.699999999987,2020-07-15,0.6428366910404248,0.021872141261271533
2020-07-16,0.0,0,0.0,2020-07-16,0.8174102743199444,0.021804128653993837
2020-07-17,-46.015000000001095,1,-920.3000000000219,2020-07-17,0.6150872076608505,0.02132555674808753
2020-07-20,195.94499999999985,1,3918.899999999997,2020-07-20,0.8226617819439169,0.020609890770517243
2020-07-21,31.97500000000051,1,639.5000000000102,2020-07-21,0.7578883248730932,0.021344074323104107
2020-07-22,-34.825000000000585,1,-696.5000000000117,2020-07-22,1.0885732907962007,0.02149918250682471
2020-07-23,163.5449999999984,1,3270.899999999968,2020-07-23,0.6945961323401562,0.02132009873983115
2020-07-24,-75.24500000000066,1,-1504.9000000000133,2020-07-24,1.0067612256273941,0.02339484477546763
2020-07-27,10.610000000000866,2,212.20000000001733,2020-07-27,0.6347733684307014,0.023298060427877788
2020-07-28,-31.674999999999127,1,-633.4999999999825,2020-07-28,0.9275389043677151,0.023421478595271803
2020-07-29,0.0,0,0.0,2020-07-29,0.6467124526737033,0.023441935451278324
2020-07-30,0.0,0,0.0,2020-07-30,1.6996414818749066,0.0230852227611733
2020-07-31,0.0,0,0.0,2020-07-31,0.8020786336327084,0.02315484856394396
2020-08-03,-10.4550000000016,1,-209.10000000003203,2020-08-03,0.611526199435968,0.02118670520467555
2020-08-04,0.0,0,0.0,2020-08-04,0.852827281668922,0.02010890558415093
2020-08-05,0.0,0,0.0,2020-08-05,0.8754701395479528,0.01929223531179196
2020-08-06,28.524999999999782,1,570.4999999999957,2020-08-06,1.1518329621914138,0.018275184823458846
2020-08-07,9.604999999999709,1,192.09999999999417,2020-08-07,1.0932168163407252,0.01864795260074056
2020-08-10,8.744999999999127,1,174.89999999998253,2020-08-10,0.6158052838326953,0.017798835482247737
2020-08-11,0.0,0,0.0,2020-08-11,1.207380428552952,0.017768657556176813
2020-08-12,96.18499999999963,1,1923.6999999999925,2020-08-12,0.6944733663737359,0.01842994502173143
2020-08-13,-23.364999999999636,1,-467.29999999999274,2020-08-13,0.8089064750698585,0.01804610442978658
2020-08-14,-50.02500000000131,1,-1000.5000000000263,2020-08-14,1.0502945814276392,0.0170717229827067
2020-08-17,0.0,0,0.0,2020-08-17,0.6697519420706963,0.016375204687674807
2020-08-18,0.0,0,0.0,2020-08-18,0.9244736548958418,0.016271898293500755
2020-08-19,-55.465,1,-1109.3000000000002,2020-08-19,0.9778341292623183,0.016126952930200025
2020-08-20,120.25499999999934,1,2405.0999999999867,2020-08-20,1.0857910812461797,0.01558622207764959
2020-08-21,-62.06500000000037,1,-1241.3000000000075,2020-08-21,1.2578319686721322,0.015633571189920696
2020-08-24,0.0,0,0.0,2020-08-24,0.753822969040638,0.015228976650248147
2020-08-25,0.0,0,0.0,2020-08-25,0.7357198678554924,0.01580050666588562
2020-08-26,120.83499999999927,1,2416.6999999999853,2020-08-26,0.8165259366204256,0.016274639070497768
2020-08-27,-127.13500000000008,1,-2542.7000000000016,2020-08-27,0.7751159008713885,0.016560892042884585
2020-08-28,0.0,0,0.0,2020-08-28,0.9286885886120579,0.016332022466402814
2020-08-31,7.885000000000364,1,157.70000000000726,2020-08-31,0.703862660944195,0.015475672549738225
2020-09-01,26.805000000000437,1,536.1000000000088,2020-09-01,0.9769796993973574,0.01493297745118701
2020-09-02,-110.51499999999928,1,-2210.2999999999856,2020-09-02,0.9812533749452584,0.01411159587051917
2020-09-03,461.68499999999966,1,9233.699999999993,2020-09-03,1.063747250819705,0.014755173424569059
2020-09-04,-167.98000000000053,6,-3359.6000000000104,2020-09-04,1.3602077108832409,0.018607436569850696
2020-09-07,0.0,0,0.0,2020-09-07,0.5648960269516724,0.02202549531665884
2020-09-08,0.0,0,0.0,2020-09-08,1.1801635057062114,0.022179911226469357
2020-09-09,-24.505000000000873,1,-490.1000000000175,2020-09-09,0.9588241209044199,0.024198712978227985
2020-09-10,0.0,0,0.0,2020-09-10,1.2322353619028619,0.02534399068840624
2020-09-11,-76.68500000000117,1,-1533.7000000000235,2020-09-11,0.8131367706082082,0.02767943881102336
2020-09-14,-67.29499999999993,1,-1345.8999999999987,2020-09-14,0.6768432558020877,0.028692860239776654
2020-09-15,0.0,0,0.0,2020-09-15,0.58005307054585,0.02955063655207849
2020-09-16,0.0,0,0.0,2020-09-16,0.9156965488758686,0.029380085440916703
2020-09-17,0.0,0,0.0,2020-09-17,1.4114327584509896,0.02970920603901442
2020-09-18,46.05500000000043,1,921.1000000000087,2020-09-18,0.6942764307792476,0.03122847395773779
2020-09-21,0.0,0,0.0,2020-09-21,1.2354726077032494,0.03277328755294251
2020-09-22,0.0,0,0.0,2020-09-22,0.947411183423663,0.033590982538899236
2020-09-23,298.5850000000011,1,5971.700000000023,2020-09-23,0.7676555248002466,0.03379709857569249
2020-09-24,-87.37499999999986,1,-1747.4999999999973,2020-09-24,1.094423409419147,0.03173621197397801
2020-09-25,136.1649999999992,1,2723.299999999984,2020-09-25,0.94136802076311,0.02944796967649335
2020-09-28,0.0,0,0.0,2020-09-28,0.7045110147288461,0.03052457575172543
2020-09-29,0.0,0,0.0,2020-09-29,0.8501522848880054,0.029063829458406625
2020-09-30,-44.759999999999934,2,-895.1999999999987,2020-09-30,1.2326316015233665,0.02709930246673995
2020-10-01,0.0,0,0.0,2020-10-01,0.9106552712788087,0.025389098889003682
2020-10-02,0.0,0,0.0,2020-10-02,1.2463920597381788,0.024396688416478875
2020-10-05,18.359999999999054,2,367.19999999998106,2020-10-05,0.7085719706994119,0.02499103644048906
2020-10-06,56.68500000000145,1,1133.700000000029,2020-10-06,0.5969234867150564,0.025188453698328495
2020-10-07,-18.794999999999927,1,-375.89999999999856,2020-10-07,0.7774774599594214,0.025405985774855967
2020-10-08,0.0,0,0.0,2020-10-08,0.7432940331963186,0.024770026299053376
2020-10-09,27.114999999999927,1,542.2999999999986,2020-10-09,0.8049636598509825,0.022797912837468678
2020-10-12,76.48500000000072,1,1529.7000000000144,2020-10-12,1.527758398158155,0.02185740816737406
2020-10-13,0.0,0,0.0,2020-10-13,1.633293954525756,0.02300700775646877
2020-10-14,-7.885000000000073,1,-157.70000000000147,2020-10-14,0.8432666276681069,0.02146961275310762
2020-10-15,0.0,0,0.0,2020-10-15,0.9451090097323711,0.020947220065482056
2020-10-16,0.0,0,0.0,2020-10-16,0.870431327724452,0.0201792656102715
2020-10-19,128.99499999999912,1,2579.8999999999824,2020-10-19,0.6993398561829529,0.020009303755243964
2020-10-20,-89.0949999999992,1,-1781.8999999999842,2020-10-20,0.7827762946491413,0.02160630887030842
2020-10-21,-82.78499999999971,1,-1655.6999999999944,2020-10-21,1.3742105753769387,0.021436685489599035
2020-10-22,-17.64500000000029,1,-352.90000000000583,2020-10-22,0.651427658331771,0.021137168175680284
2020-10-23,-12.765000000001091,1,-255.30000000002184,2020-10-23,0.7048683742286125,0.020104956450093213
2020-10-26,-5.885000000000073,1,-117.70000000000145,2020-10-26,0.7097635976568513,0.019326989754491968
2020-10-27,0.0,0,0.0,2020-10-27,0.7819258690540641,0.01970427869802233
2020-10-28,189.535,1,3790.7,2020-10-28,1.2728586845674756,0.019113089890771286
2020-10-29,72.17499999999941,1,1443.4999999999882,2020-10-29,1.2423100824519695,0.021480290257422263
2020-10-30,125.12000000000108,2,2502.4000000000215,2020-10-30,1.0963948973932343,0.022414507211745798
2020-11-02,-139.0250000000013,1,-2780.5000000000264,2020-11-02,0.7660899793938607,0.021997534984121637
2020-11-03,8.900000000001747,2,178.00000000003493,2020-11-03,0.7577189925998493,0.022775479176064897
2020-11-04,-4.444999999999563,1,-88.89999999999127,2020-11-04,1.701571008997423,0.02304274877969067
2020-11-05,0.0,0,0.0,2020-11-05,0.5702272350306808,0.025196196743539047
2020-11-06,-110.3350000000008,1,-2206.700000000016,2020-11-06,0.8065439191659702,0.02601758496864003
2020-11-09,158.83499999999927,1,3176.6999999999853,2020-11-09,1.8809578381384318,0.025145986264877383
2020-11-10,-106.0249999999995,1,-2120.49999999999,2020-11-10,1.124001180917538,0.026668391415768676
2020-11-11,106.89499999999876,1,2137.899999999975,2020-11-11,0.7799480816985621,0.027736011113922248
2020-11-12,0.0,0,0.0,2020-11-12,0.700156040621725,0.02811255098265648
2020-11-13,0.0,0,0.0,2020-11-13,0.6268275882401749,0.02852422722725944
2020-11-16,0.0,0,0.0,2020-11-16,1.1569107818186062,0.0272391421333481
2020-11-17,0.0,0,0.0,2020-11-17,0.7743046597731265,0.027262596457445738
2020-11-18,0.0,0,0.0,2020-11-18,0.8095342665619604,0.024825668146602354
2020-11-19,-13.334999999998981,1,-266.69999999997964,2020-11-19,1.0857052959549356,0.02363015614630164
2020-11-20,0.0,0,0.0,2020-11-20,0.6327155120720751,0.022116770953869262
2020-11-23,-79.05500000000015,1,-1581.100000000003,2020-11-23,0.6609840591206204,0.021055516632285245
2020-11-24,68.43499999999963,1,1368.6999999999925,2020-11-24,0.7683168500633485,0.020451062428679053
2020-11-25,0.0,0,0.0,2020-11-25,0.8771126576317244,0.018226080502186104
2020-11-26,0.0,0,0.0,2020-11-26,0.6739466467215399,0.01672421636023385
2020-11-27,-39.74500000000066,1,-794.9000000000132,2020-11-27,0.7645052749042001,0.015903648716636277
2020-11-30,-78.47499999999994,3,-1569.4999999999986,2020-11-30,1.2587004827618717,0.014091012941884409
2020-12-01,1.8649999999999274,1,37.29999999999855,2020-12-01,0.8019216082803335,0.013353863214818008
2020-12-02,0.0,0,0.0,2020-12-02,0.8074966283051419,0.01303730749692297
2020-12-03,-17.364999999999636,1,-347.29999999999274,2020-12-03,0.6617426935598512,0.012742177892102694
2020-12-04,-36.15999999999957,2,-723.1999999999914,2020-12-04,0.6277317295314482,0.012389463321057963
2020-12-07,-14.2050000000016,1,-284.100000000032,2020-12-07,0.9941335989816852,0.01200176739771428
2020-12-08,-44.335000000000804,1,-886.7000000000161,2020-12-08,1.0856256438797072,0.011962961938836685
2020-12-09,224.25500000000116,1,4485.100000000023,2020-12-09,0.6633001561280181,0.011989260451672314
2020-12-10,-76.18500000000117,1,-1523.7000000000235,2020-12-10,1.292215181746127,0.012981079841898167
2020-12-11,-137.5850000000008,1,-2751.700000000016,2020-12-11,0.9984965849946671,0.01363103436220947
2020-12-14,-71.15000000000117,2,-1423.0000000000234,2020-12-14,0.6622210862424792,0.013414989431989184
2020-12-15,0.0,0,0.0,2020-12-15,0.6641645603016274,0.013086490036612783
2020-12-16,0.0,0,0.0,2020-12-16,0.7354929650995852,0.01329691126803294
2020-12-17,0.0,0,0.0,2020-12-17,0.5826869701324964,0.013530828422423008
2020-12-18,-16.20499999999978,1,-324.09999999999565,2020-12-18,1.108060117952942,0.013137418556433394
2020-12-21,-44.904999999998694,1,-898.0999999999739,2020-12-21,2.4147690050050907,0.012891559523270523
2020-12-22,0.0,0,0.0,2020-12-22,0.6365384615384753,0.012888802347123321
2020-12-23,0.0,0,0.0,2020-12-23,0.3641954597496423,0.012878828566374676
2020-12-24,-28.255000000000873,1,-565.1000000000174,2020-12-24,0.36358851138286474,0.012823092153693543
2020-12-28,0.0,0,0.0,2020-12-28,0.6967633295722057,0.012758855298123145
2020-12-29,0.0,0,0.0,2020-12-29,0.4678566067602909,0.01311717303688895
2020-12-30,0.0,0,0.0,2020-12-30,0.671369512877761,0.012878065131105057
2020-12-31,0.0,0,0.0,2020-12-31,0.6305244138104178,0.011439210814821892
2021-01-04,84.21500000000029,1,1684.3000000000056,2021-01-04,0.9411011113602225,0.010662009456721319
2021-01-05,-42.325000000000585,1,-846.5000000000117,2021-01-05,1.2700818796437794,0.012074278596160072
2021-01-06,0.0,0,0.0,2021-01-06,1.4342545392367447,0.011935552176672729
2021-01-07,99.42499999999941,1,1988.4999999999882,2021-01-07,0.6931496149725203,0.012525794941533648
2021-01-08,0.0,0,0.0,2021-01-08,0.5050505050505104,0.01365927536997045
2021-01-11,0.0,0,0.0,2021-01-11,0.909863361403484,0.01413444937019018
2021-01-12,-78.18500000000117,1,-1563.7000000000235,2021-01-12,0.8130248626398753,0.014354842720001223
2021-01-13,-5.874999999999854,1,-117.49999999999709,2021-01-13,1.0452931851840839,0.01399436563248366
2021-01-14,0.0,0,0.0,2021-01-14,0.8228369535941215,0.013854082520158179
2021-01-15,-70.715,1,-1414.3000000000002,2021-01-15,0.7832224324496727,0.014176826076534305
2021-01-18,0.0,0,0.0,2021-01-18,0.4634813838963606,0.014808492171112006
2021-01-19,0.0,0,0.0,2021-01-19,0.6506884815396999,0.014132500811168746
2021-01-20,62.69499999999985,1,1253.899999999997,2021-01-20,0.9040195819395475,0.014579835944782807
2021-01-21,0.0,0,0.0,2021-01-21,0.8857864051645343,0.01592219154790567
2021-01-22,0.0,0,0.0,2021-01-22,0.8724893963510543,0.016117716307827972
2021-01-25,-26.254999999999054,1,-525.099999999981,2021-01-25,0.800540114349389,0.014157476277016764
2021-01-26,0.0,0,0.0,2021-01-26,0.8134856662227532,0.015247572351836923
2021-01-27,92.54499999999896,5,1850.8999999999792,2021-01-27,1.2075914510122971,0.014424916943040156
2021-01-28,-4.444999999999563,1,-88.89999999999127,2021-01-28,1.3945431376329867,0.015068061079766345
2021-01-29,24.389999999999702,2,487.79999999999404,2021-01-29,1.170567631695594,0.015577155754316918
2021-02-01,85.93500000000145,1,1718.700000000029,2021-02-01,0.529771215758142,0.01633051276871202
2021-02-02,38.02499999999978,1,760.4999999999956,2021-02-02,0.5223410566694029,0.017259710295098412
2021-02-03,-85.35499999999942,1,-1707.0999999999885,2021-02-03,0.6661373656447549,0.01789370407032954
2021-02-04,0.0,0,0.0,2021-02-04,0.6465566781949178,0.017934415556629283
2021-02-05,0.0,0,0.0,2021-02-05,0.6927024628888034,0.017749844321896833
2021-02-08,0.0,0,0.0,2021-02-08,0.7879078999243249,0.018202217024547936
2021-02-09,0.0,0,0.0,2021-02-09,0.5309226269609155,0.017649603776711955
2021-02-10,-33.135000000000076,1,-662.7000000000015,2021-02-10,0.8691680760912587,0.016280763673764558
2021-02-11,0.0,0,0.0,2021-02-11,0.7079422084020754,0.016816333128269512
2021-02-12,0.0,0,0.0,2021-02-12,0.7650988844902078,0.017039764733687773
2021-02-15,0.0,0,0.0,2021-02-15,0.3297801293235059,0.01595216503818901
2021-02-16,-17.64500000000029,1,-352.90000000000583,2021-02-16,0.9140957329136266,0.01577170959895796
2021-02-17,0.0,0,0.0,2021-02-17,1.554634148937871,0.014074566229881331
2021-02-18,-37.73500000000044,1,-754.7000000000088,2021-02-18,1.017638403179874,0.013743818540147477
2021-02-19,0.0,0,0.0,2021-02-19,0.8267005896408808,0.012983005609691735
2021-02-22,83.3549999999997,1,1667.099999999994,2021-02-22,1.1204951607301017,0.011923506478751053
2021-02-23,-491.48999999999944,2,-9829.799999999988,2021-02-23,1.74878710762865,0.01246937323392572
2021-02-24,-56.385000000000076,1,-1127.7000000000016,2021-02-24,1.2743483321255198,0.014318498604944037
2021-02-25,349.04500000000024,1,6980.900000000005,2021-02-25,0.9169649564717842,0.01534104514677176
2021-02-26,-370.1299999999989,2,-7402.5999999999785,2021-02-26,1.3090645367594678,0.017674354530737433
2021-03-01,107.7349999999989,1,2154.699999999978,2021-03-01,0.47499475506136535,0.019037934405402662
2021-03-02,183.49499999999912,1,3669.8999999999824,2021-03-02,0.6989079013785223,0.020690863624260255
2021-03-03,255.35999999999908,2,5107.199999999982,2021-03-03,1.0753509535991148,0.020801018607534225
2021-03-04,-140.3099999999992,2,-2806.1999999999844,2021-03-04,1.1788621567047328,0.02233780072050175
2021-03-05,-33.135000000000076,1,-662.7000000000015,2021-03-05,1.004200860539915,0.024297238705459988
2021-03-08,115.6399999999997,2,2312.799999999994,2021-03-08,0.8056731492425067,0.02668199330176708
2021-03-09,93.68500000000145,1,1873.700000000029,2021-03-09,0.6202706356984671,0.028374557644896804
2021-03-10,0.0,0,0.0,2021-03-10,0.9681298282707969,0.03038691221710229
2021-03-11,-7.5949999999991995,1,-151.899999999984,2021-03-11,0.862457011013884,0.030628007966007696
2021-03-12,0.0,0,0.0,2021-03-12,0.9565664615612677,0.03176535984483079
2021-03-15,0.0,0,0.0,2021-03-15,0.8487398058968951,0.03135892830489799
2021-03-16,-47.204999999999785,1,-944.0999999999957,2021-03-16,0.6607538169301781,0.029761800635433343
2021-03-17,0.0,0,0.0,2021-03-17,0.9662175493085048,0.029066654665194498
2021-03-18,0.0,0,0.0,2021-03-18,1.5268587787290422,0.02793138323848834
2021-03-19,-42.04499999999993,1,-840.8999999999986,2021-03-19,0.7498365498704528,0.028470025319668125
2021-03-22,71.035,1,1420.6999999999998,2021-03-22,0.7073386162496013,0.027512856398995058
2021-03-23,0.0,0,0.0,2021-03-23,0.9001358290936343,0.02786536208688371
2021-03-24,146.51499999999956,1,2930.299999999991,2021-03-24,1.0177605721209275,0.02676808750860941
2021-03-25,0.0,0,0.0,2021-03-25,1.1255416451609008,0.025544776044566463
2021-03-26,-72.45499999999979,1,-1449.0999999999958,2021-03-26,1.0189162792089597,0.024048556243108393
2021-03-29,-51.514999999999276,1,-1030.2999999999856,2021-03-29,0.7759508110063178,0.023038269204755997
2021-03-30,0.0,0,0.0,2021-03-30,0.810624419569503,0.020904655490416455
2021-03-31,36.59499999999949,1,731.8999999999897,2021-03-31,0.6965167783308795,0.020446802788386925
2021-04-01,0.0,0,0.0,2021-04-01,0.9102799150052558,0.019874588596298422
2021-04-05,120.67499999999941,1,2413.499999999988,2021-04-05,1.2180015674778877,0.019609715456060835
2021-04-06,-110.62499999999986,1,-2212.4999999999973,2021-04-06,1.1966168355160287,0.02007785305242826
2021-04-07,0.0,0,0.0,2021-04-07,0.8876478257251541,0.019499103935764643
2021-04-08,0.0,0,0.0,2021-04-08,0.7821841691099805,0.0183505566010416
2021-04-09,0.0,0,0.0,2021-04-09,1.236299088279059,0.016723849189031383
2021-04-12,0.0,0,0.0,2021-04-12,0.8359149522069532,0.01649564381786096
2021-04-13,18.660000000000142,2,373.20000000000283,2021-04-13,1.1024319268343359,0.015252571811653914
2021-04-14,122.4050000000008,1,2448.100000000016,2021-04-14,0.7525353279383579,0.015122724428437146
2021-04-15,-13.769999999998326,2,-275.39999999996655,2021-04-15,0.9787840724678811,0.014652705513457298
2021-04-16,-39.454999999999785,1,-789.0999999999957,2021-04-16,0.8252921187010431,0.014531010056680409
2021-04-19,-29.40499999999869,1,-588.0999999999738,2021-04-19,0.8231650347559604,0.013465238188977532
2021-04-20,5.594999999999491,1,111.89999999998982,2021-04-20,1.2643009172129276,0.013511673148675933
2021-04-21,52.09499999999949,1,1041.8999999999896,2021-04-21,0.8175802011100903,0.013605562959924074
2021-04-22,-21.385000000000073,1,-427.70000000000147,2021-04-22,0.6768462498799522,0.013328271038484779
2021-04-23,110.05500000000043,1,2201.1000000000085,2021-04-23,0.660276246655702,0.013319158233181869
2021-04-26,-9.034999999999709,1,-180.6999999999942,2021-04-26,0.8642284679266444,0.012922443313026416
2021-04-27,-10.475000000000218,1,-209.50000000000438,2021-04-27,0.7327653938536931,0.012942596302586188
2021-04-28,0.0,0,0.0,2021-04-28,1.1690023752969048,0.012893837959484233
2021-04-29,0.0,0,0.0,2021-04-29,0.8562801502620513,0.012647893281153238
2021-04-30,0.0,0,0.0,2021-04-30,1.0303648827772298,0.01295036284419006
2021-05-03,-10.185000000001164,1,-203.7000000000233,2021-05-03,0.8904772073509272,0.013126353521573977
2021-05-04,-0.4350000000011641,1,-8.700000000023282,2021-05-04,1.3948390329450162,0.013105127569947514
2021-05-05,0.0,0,0.0,2021-05-05,0.9434423057414258,0.014150138773794702
2021-05-06,-165.87000000000052,2,-3317.4000000000106,2021-05-06,1.0744016562594771,0.014074170287294714
2021-05-07,-40.895000000000294,1,-817.9000000000059,2021-05-07,1.218149726189475,0.01475950742806468
2021-05-10,205.9149999999992,1,4118.299999999984,2021-05-10,0.7791884966920454,0.014794636401878577
2021-05-11,0.0,0,0.0,2021-05-11,1.319073032412744,0.015598233589827782
2021-05-12,70.1649999999992,1,1403.2999999999838,2021-05-12,1.2857341944799185,0.015996143078546788
2021-05-13,-119.52500000000131,1,-2390.5000000000264,2021-05-13,1.1338976427090863,0.01684533111070419
2021-05-14,65.86500000000174,1,1317.3000000000347,2021-05-14,0.6763231659325273,0.016898226659412298
2021-05-17,-113.215,1,-2264.3,2021-05-17,0.6654724459427004,0.018020680711660242
2021-05-18,0.0,0,0.0,2021-05-18,0.6373889505830116,0.018477782397333154
2021-05-19,0.0,0,0.0,2021-05-19,1.3826275435525952,0.018983913352287756
2021-05-20,116.37499999999832,1,2327.4999999999663,2021-05-20,1.0814546131477092,0.019220556249384263
2021-05-21,0.0,0,0.0,2021-05-21,0.5738794390607976,0.020089448810692224
2021-05-24,66.15499999999898,1,1323.0999999999794,2021-05-24,0.729451469583053,0.020108628121437204
2021-05-25,0.0,0,0.0,2021-05-25,0.8167578268913802,0.019398387065316606
2021-05-26,0.0,0,0.0,2021-05-26,0.8957447468884832,0.01898289502251096
2021-05-27,0.0,0,0.0,2021-05-27,1.1648699520876165,0.018211782668402093
2021-05-28,0.0,0,0.0,2021-05-28,0.8122441678154031,0.01749814135832677
2021-05-31,0.0,0,0.0,2021-05-31,0.7700732725102147,0.01618540606221881
2021-06-01,0.0,0,0.0,2021-06-01,0.9230222830233361,0.014831732933665492
2021-06-02,0.0,0,0.0,2021-06-02,0.9700044241262294,0.013665973656570385
2021-06-03,-94.56500000000037,1,-1891.3000000000075,2021-06-03,1.4574851916880578,0.013002706644999066
2021-06-04,77.05499999999861,1,1541.0999999999722,2021-06-04,1.1680175587162758,0.012367635356566606
2021-06-07,0.0,0,0.0,2021-06-07,0.995749926722875,0.01261031249688579
2021-06-08,0.0,0,0.0,2021-06-08,1.285404424430917,0.012065154772553746
2021-06-09,0.0,0,0.0,2021-06-09,0.9608297251032244,0.011496370861885586
2021-06-10,-28.130000000002553,2,-562.6000000000511,2021-06-10,1.5416672640639288,0.010443559353392902
2021-06-11,0.0,0,0.0,2021-06-11,0.8022989625444505,0.01030081096669382
2021-06-14,0.0,0,0.0,2021-06-14,0.7438434933678565,0.00918179826241223
2021-06-15,36.33500000000109,1,726.7000000000218,2021-06-15,0.8691663876799463,0.00936612388664369
2021-06-16,0.0,0,0.0,2021-06-16,0.7872851356745253,0.00963278655168387
2021-06-17,149.3300000000002,2,2986.600000000004,2021-06-17,1.1383269700636043,0.01058817790909838
2021-06-18,-85.715,1,-1714.3000000000002,2021-06-18,1.0183806985357746,0.011354962401052904
2021-06-21,15.084999999999273,1,301.69999999998544,2021-06-21,0.9812485747864377,0.011894889057444114
2021-06-22,57.57499999999905,1,1151.499999999981,2021-06-22,1.1312776167624936,0.011887003572167662
2021-06-23,-33.73500000000044,1,-674.7000000000088,2021-06-23,0.7927325647497302,0.01217547460857739
2021-06-24,-38.62499999999986,1,-772.4999999999972,2021-06-24,0.8263694927471198,0.01147671294609166
2021-06-25,0.0,0,0.0,2021-06-25,1.028087941210465,0.010940971660445553
2021-06-28,66.91999999999854,2,1338.3999999999708,2021-06-28,0.9070703836871619,0.010828973526303187
2021-06-29,0.0,0,0.0,2021-06-29,0.9774271449842795,0.010812127705923413
2021-06-30,0.0,0,0.0,2021-06-30,1.149668500493712,0.01078916944528459
2021-07-01,0.0,0,0.0,2021-07-01,1.7410898453614374,0.010291066230030428
2021-07-02,29.145000000000582,1,582.9000000000117,2021-07-02,1.3477608005410504,0.01044533159093446
2021-07-05,0.0,0,0.0,2021-07-05,0.6433586646273206,0.010483085089796045
2021-07-06,0.0,0,0.0,2021-07-06,1.1740179619065965,0.009981983065702084
2021-07-07,0.0,0,0.0,2021-07-07,1.4472267542092678,0.009421382544277898
2021-07-08,0.0,0,0.0,2021-07-08,2.0701347099612066,0.008834190980960685
2021-07-09,41.20500000000189,1,824.1000000000378,2021-07-09,1.0052434511441903,0.009360130494744613
2021-07-12,0.0,0,0.0,2021-07-12,0.9448830795965126,0.009213278350798385
2021-07-13,-56.715,1,-1134.3000000000002,2021-07-13,1.3414943896888043,0.008767196232940703
2021-07-14,0.0,0,0.0,2021-07-14,1.1767735764019789,0.009121374852647074
2021-07-15,15.645000000000582,1,312.90000000001163,2021-07-15,1.1057140083801067,0.008974028533959602
2021-07-16,79.12500000000014,1,1582.5000000000027,2021-07-16,0.8050991758678243,0.009526069276688828
2021-07-19,-30.005000000000873,1,-600.1000000000174,2021-07-19,1.3107360125855914,0.00967443349803798
2021-07-20,76.535,1,1530.6999999999998,2021-07-20,0.8236020700083138,0.010322609419053955
2021-07-21,-13.924999999999127,1,-278.49999999998255,2021-07-21,0.829488829262936,0.011324962758243923
2021-07-22,-2.145000000000291,1,-42.90000000000582,2021-07-22,0.6770476211541376,0.011514514074842734
2021-07-23,46.37500000000014,1,927.5000000000028,2021-07-23,0.7672464144331355,0.011126345347782313
2021-07-26,0.0,0,0.0,2021-07-26,1.2901867190790166,0.011892962155743222
2021-07-27,104.10499999999999,3,2082.1,2021-07-27,1.0781865473230972,0.011539569354191152
2021-07-28,-63.60500000000306,1,-1272.1000000000613,2021-07-28,0.9402799915201604,0.012417116420220444
2021-07-29,-4.455000000001601,1,-89.10000000003201,2021-07-29,0.6769897565315449,0.011970715444002095
2021-07-30,0.0,0,0.0,2021-07-30,0.936027009445315,0.011663123656868139
2021-08-02,0.0,0,0.0,2021-08-02,0.7337058522436348,0.012057126571532528
2021-08-03,-122.4749999999984,1,-2449.499999999968,2021-08-03,0.6105366814376908,0.011851902031615985
2021-08-04,0.0,0,0.0,2021-08-04,0.7170835607374136,0.012163667798586365
2021-08-05,0.0,0,0.0,2021-08-05,0.7173679125126456,0.011752923942089323
2021-08-06,0.0,0,0.0,2021-08-06,1.0377418646337333,0.011199899638961956
2021-08-09,0.0,0,0.0,2021-08-09,1.0928276117407545,0.0106427135781
2021-08-10,-13.065000000002183,1,-261.30000000004367,2021-08-10,0.7527743900384818,0.009714389229999018
2021-08-11,-45.515000000002914,1,-910.3000000000583,2021-08-11,1.6565576953829895,0.009811381675432431
2021-08-12,0.0,0,0.0,2021-08-12,0.8975124600246931,0.01006156351135937
2021-08-13,0.0,0,0.0,2021-08-13,0.7219893051988409,0.00987811009677682
2021-08-16,8.340000000000437,2,166.80000000000874,2021-08-16,1.1846599294418332,0.009782218155262827
2021-08-17,-87.86000000000394,2,-1757.2000000000787,2021-08-17,1.1226407729677415,0.009181793877855466
2021-08-18,0.0,0,0.0,2021-08-18,0.9664258240770688,0.009486868082963678
2021-08-19,-46.800000000002626,2,-936.0000000000525,2021-08-19,1.2431165468074787,0.009941020996150574
2021-08-20,2.8799999999976684,2,57.59999999995337,2021-08-20,1.044158168337927,0.010258185713720275
2021-08-23,117.30500000000043,1,2346.1000000000085,2021-08-23,0.4510358624893506,0.010498372539163556
2021-08-24,0.0,0,0.0,2021-08-24,0.7370570680681723,0.010729312833676272
2021-08-25,0.0,0,0.0,2021-08-25,1.0001145297878566,0.010548551510123096
2021-08-26,0.0,0,0.0,2021-08-26,1.2016510361897499,0.01035986690445068
2021-08-27,38.90499999999898,1,778.0999999999796,2021-08-27,0.763908870601638,0.010310086703079374
2021-08-30,79.69499999999985,1,1593.899999999997,2021-08-30,0.4570803717878502,0.010735998591352953
2021-08-31,-28.854999999999418,1,-577.0999999999883,2021-08-31,1.433158553011359,0.010848330149611266
2021-09-01,-8.185000000001164,1,-163.7000000000233,2021-09-01,0.911359089176805,0.010525878170136017
2021-09-02,0.0,0,0.0,2021-09-02,0.6023754653430572,0.010342664879427107
2021-09-03,0.0,0,0.0,2021-09-03,1.316778726678693,0.010591788662019678
2021-09-06,0.0,0,0.0,2021-09-06,0.5307887973291944,0.010081694842774927
2021-09-07,0.0,0,0.0,2021-09-07,1.2970792948676189,0.009204510354614963
2021-09-08,-111.1299999999971,2,-2222.599999999942,2021-09-08,1.6016360104413028,0.008698781237382174
2021-09-09,0.0,0,0.0,2021-09-09,1.1221534053803233,0.008256778209383031
2021-09-10,0.0,0,0.0,2021-09-10,0.5656252094860588,0.00800004891891697
2021-09-13,-56.715,1,-1134.3000000000002,2021-09-13,0.6510182302808304,0.00789920296003413
2021-09-14,0.0,0,0.0,2021-09-14,1.225913248181369,0.008547431791027231
2021-09-15,0.0,0,0.0,2021-09-15,0.5425723754751964,0.009084492599062827
2021-09-16,0.0,0,0.0,2021-09-16,0.7948299319727833,0.009524163533080087
2021-09-17,92.37500000000014,1,1847.5000000000027,2021-09-17,0.9819680942770368,0.009537035885115416
2021-09-20,-9.044999999998108,1,-180.89999999996218,2021-09-20,1.4248832738258732,0.00974295954986774
2021-09-21,0.0,0,0.0,2021-09-21,0.8566986080621116,0.01177286819327785
2021-09-22,49.2750000000016,1,985.500000000032,2021-09-22,0.564092216634573,0.011996873070161378
2021-09-23,27.15499999999898,1,543.0999999999797,2021-09-23,0.9223889940528466,0.012400590981023992
2021-09-24,0.0,0,0.0,2021-09-24,0.8918229774231254,0.012738393351597035
2021-09-27,-78.57500000000059,1,-1571.5000000000118,2021-09-27,1.3222244620844283,0.013160930405673564
2021-09-28,213.18999999999897,2,4263.799999999979,2021-09-28,1.4867508503562477,0.013818571817266239
2021-09-29,-90.35499999999942,1,-1807.0999999999885,2021-09-29,0.9343416279188658,0.01532904792074872
2021-09-30,0.0,0,0.0,2021-09-30,0.7525988132207728,0.01572205648519002
2021-10-01,-81.44499999999957,1,-1628.8999999999915,2021-10-01,1.0523383353071352,0.015652423385679175
2021-10-04,144.37500000000014,1,2887.5000000000027,2021-10-04,0.8440217857665597,0.01601770846852393
2021-10-05,88.3450000000013,1,1766.900000000026,2021-10-05,0.7593487992335399,0.017171517310179324
2021-10-06,0.0,0,0.0,2021-10-06,0.9984306578581182,0.017619530601834403
2021-10-07,-19.104999999999418,1,-382.09999999998837,2021-10-07,0.5851065236652968,0.018180982414054563
2021-10-08,0.0,0,0.0,2021-10-08,1.0282917125342976,0.018276483267548684
2021-10-11,0.0,0,0.0,2021-10-11,1.042619026396553,0.016561477977588022
2021-10-12,0.0,0,0.0,2021-10-12,0.9980758996192765,0.016790292698992137
2021-10-13,0.0,0,0.0,2021-10-13,1.1633207140892836,0.016558276310607394
2021-10-14,9.055000000000437,1,181.10000000000872,2021-10-14,0.6589129583714217,0.016398452716552447
2021-10-15,0.0,0,0.0,2021-10-15,0.8089111694524037,0.017066465925813852
2021-10-18,44.104999999999706,1,882.0999999999941,2021-10-18,1.23415242165241,0.016452464243973616
2021-10-19,0.0,0,0.0,2021-10-19,0.8787968150987913,0.015390390553875076
2021-10-20,0.0,0,0.0,2021-10-20,0.9028136986033977,0.014989327221791578
2021-10-21,0.0,0,0.0,2021-10-21,1.1244688101347189,0.014566502449924582
2021-10-22,-31.454999999997963,1,-629.0999999999592,2021-10-22,0.7987261510339482,0.013898827844393658
2021-10-25,-24.564999999998545,1,-491.2999999999709,2021-10-25,0.6583686079060213,0.012848517345084798
2021-10-26,-106.1549999999987,1,-2123.099999999974,2021-10-26,0.6645558487247183,0.012456713687080703
2021-10-27,-66.50499999999724,1,-1330.0999999999449,2021-10-27,1.0588948010574135,0.012012943764865183
2021-10-28,24.85499999999971,1,497.09999999999417,2021-10-28,0.9676481581460946,0.011617195884916937
2021-10-29,0.0,0,0.0,2021-10-29,0.9712244572158271,0.01173037757443378
2021-11-01,-18.244999999998836,1,-364.8999999999767,2021-11-01,0.6886620962967974,0.0117953076567453
2021-11-02,-25.415000000000727,1,-508.30000000001456,2021-11-02,0.6406056292217743,0.011613868457399385
2021-11-03,53.01499999999956,1,1060.299999999991,2021-11-03,0.7328221607118467,0.011429009896479422
2021-11-04,100.55999999999796,2,2011.1999999999591,2021-11-04,0.8479368093922829,0.011019267989079647
2021-11-05,0.0,0,0.0,2021-11-05,1.514404053960222,0.01162057850495163
2021-11-08,0.0,0,0.0,2021-11-08,0.6626119825490169,0.011172281698473539
2021-11-09,8.194999999999855,1,163.89999999999708,2021-11-09,0.870630605491146,0.011027535358279177
2021-11-10,-46.97500000000204,1,-939.5000000000408,2021-11-10,1.3741411376229005,0.01145625080101166
2021-11-11,0.0,0,0.0,2021-11-11,0.783519146252848,0.012215651891909296
2021-11-12,8.185000000001455,1,163.7000000000291,2021-11-12,0.6269925239975768,0.011868187087931708
2021-11-15,-56.73500000000044,1,-1134.700000000009,2021-11-15,0.7386490667954726,0.01179217814384027
2021-11-16,7.3350000000029105,1,146.7000000000582,2021-11-16,1.0485105328815203,0.011633305471059886
2021-11-17,-91.79500000000175,1,-1835.900000000035,2021-11-17,0.67852106318712,0.011607161685926065
2021-11-18,-7.034999999999709,1,-140.6999999999942,2021-11-18,0.7128285071252777,0.011313603100650882
2021-11-19,-75.1350000000019,1,-1502.700000000038,2021-11-19,0.9869325070726127,0.011137678734268115
2021-11-22,-126.40999999999957,2,-2528.1999999999916,2021-11-22,0.6420743525517916,0.011186933243629963
2021-11-23,-5.305000000000145,1,-106.10000000000291,2021-11-23,1.1074862075509986,0.012369281236757066
2021-11-24,0.0,0,0.0,2021-11-24,1.107339553819604,0.012752369599149143
2021-11-25,0.0,0,0.0,2021-11-25,0.46691397662436174,0.012838970598369082
2021-11-26,152.70499999999825,1,3054.099999999965,2021-11-26,1.4300666895662106,0.012398076980074089
2021-11-29,1.1500000000017394,2,23.000000000034788,2021-11-29,0.9886502709512233,0.013852149643884256
2021-11-30,-5.5950000000010185,1,-111.90000000002037,2021-11-30,0.8903738072622451,0.01454952450133897
2021-12-01,0.0,0,0.0,2021-12-01,0.7164599994155497,0.01481288345474169
2021-12-02,-62.6199999999987,2,-1252.399999999974,2021-12-02,1.0361203249214141,0.016782412934101494
2021-12-03,148.97500000000232,1,2979.5000000000464,2021-12-03,0.8359111625008365,0.017204969508752724
2021-12-06,0.0,0,0.0,2021-12-06,1.0377945565543265,0.018957112292021495
2021-12-07,106.16500000000102,1,2123.30000000002,2021-12-07,0.7243785425379077,0.01971658752201468
2021-12-08,0.0,0,0.0,2021-12-08,0.9278592662368726,0.021357404309791713
2021-12-09,0.0,0,0.0,2021-12-09,0.7246404227279318,0.02112906669681174
2021-12-10,0.0,0,0.0,2021-12-10,1.1935458665416452,0.021709619346916263
2021-12-13,145.23500000000072,1,2904.7000000000144,2021-12-13,0.6204789579763171,0.02089088822016186
2021-12-14,0.0,0,0.0,2021-12-14,1.4996371453817487,0.020746638861558163
2021-12-15,-507.8050000000001,1,-10156.100000000002,2021-12-15,1.1123180723731507,0.021169829791573593
2021-12-16,352.67499999999944,1,7053.499999999989,2021-12-16,0.8299086564019373,0.023371719907219434
2021-12-17,0.0,0,0.0,2021-12-17,1.2320604540245814,0.023989600519009748
2021-12-20,0.0,0,0.0,2021-12-20,0.7069299235488867,0.023650995245343535
2021-12-21,41.235000000000724,1,824.7000000000145,2021-12-21,0.6347580668625834,0.023251330056054318
2021-12-22,-55.58500000000262,1,-1111.7000000000526,2021-12-22,0.7826958004279887,0.022400488194222412
2021-12-23,32.89500000000058,1,657.9000000000116,2021-12-23,0.6024381183939562,0.0221238139706324
2021-12-27,142.3549999999997,1,2847.099999999994,2021-12-27,0.6830588857904605,0.02043469547301002
2021-12-28,0.0,0,0.0,2021-12-28,1.2082116440349764,0.02007424838596062
2021-12-29,0.0,0,0.0,2021-12-29,0.8626684712364079,0.018556152487513872
2021-12-30,0.0,0,0.0,2021-12-30,0.7448705202263626,0.018620535041516503
2021-12-31,0.0,0,0.0,2021-12-31,0.8624222801889291,0.018083624541367808
2022-01-03,0.0,0,0.0,2022-01-03,0.8801024309880013,0.017857230868080366
2022-01-04,151.27499999999796,1,3025.499999999959,2022-01-04,0.983379397643607,0.017578594473156555
2022-01-05,330.83500000000294,1,6616.700000000059,2022-01-05,0.7842066838113732,0.017627212212062166
2022-01-06,0.0,0,0.0,2022-01-06,1.0267005407329095,0.017507085473684382
2022-01-07,84.035,1,1680.6999999999998,2022-01-07,1.3371715223482807,0.016382272882917236
2022-01-10,-144.21999999999724,2,-2884.399999999945,2022-01-10,1.158108762787285,0.01645907082051377
2022-01-11,93.23500000000072,1,1864.7000000000144,2022-01-11,0.8471768713318235,0.017271048764085396
2022-01-12,0.0,0,0.0,2022-01-12,1.0528009312868554,0.017199406173410137
2022-01-13,304.404999999999,1,6088.09999999998,2022-01-13,0.7486048827269595,0.01707304125168989
2022-01-14,-75.12499999999986,1,-1502.4999999999973,2022-01-14,1.2188744793466564,0.01865462857420796
2022-01-17,0.0,0,0.0,2022-01-17,0.5086599738860489,0.0185321906762314
2022-01-18,0.0,0,0.0,2022-01-18,1.126151291802698,0.018168928435022994
2022-01-19,-90.93499999999753,1,-1818.6999999999507,2022-01-19,1.1930484022147811,0.01929107261349022
2022-01-20,-37.49499999999884,1,-749.8999999999768,2022-01-20,0.8789620286838807,0.020262386022936427
2022-01-21,-130.57500000000059,1,-2611.500000000012,2022-01-21,0.8628573206009393,0.02212651080891915
2022-01-24,-464.99500000000063,1,-9299.900000000012,2022-01-24,1.221956024730801,0.02343410647643989
2022-01-25,-158.00999999999993,2,-3160.199999999999,2022-01-25,0.9760360307948878,0.02581852979978724
2022-01-26,0.0,0,0.0,2022-01-26,0.7372833941770927,0.025948433590098702
2022-01-27,0.0,0,0.0,2022-01-27,0.9821709910088768,0.02795078113476362
2022-01-28,161.47000000000145,2,3229.4000000000287,2022-01-28,1.027718391952822,0.028865138198968077
2022-01-31,308.13499999999857,1,6162.699999999972,2022-01-31,0.5879093617696477,0.02959928017133141
2022-02-01,0.0,0,0.0,2022-02-01,0.7773173283681641,0.030351565297908053
2022-02-02,0.0,0,0.0,2022-02-02,0.881737275571665,0.03078193516400815
2022-02-03,0.0,0,0.0,2022-02-03,1.0041328987853808,0.029496094631497476
2022-02-04,31.755000000001164,1,635.1000000000233,2022-02-04,1.4289963304856466,0.03169336541915128
2022-02-07,0.0,0,0.0,2022-02-07,0.7478824889164853,0.03326176887322318
2022-02-08,77.14500000000058,1,1542.9000000000115,2022-02-08,0.7076991507684981,0.032883286291839765
2022-02-09,0.0,0,0.0,2022-02-09,0.7406666390701679,0.032728213060618384
2022-02-10,0.0,0,0.0,2022-02-10,1.3309461869775912,0.031682196883811
2022-02-11,387.43499999999966,1,7748.699999999993,2022-02-11,1.0776287213303082,0.03152871413851197
2022-02-14,-252.10500000000124,1,-5042.100000000025,2022-02-14,1.445874944168458,0.030447721580855396
2022-02-15,0.0,0,0.0,2022-02-15,1.0969839453700794,0.029456371016946464
2022-02-16,-44.38499999999826,1,-887.6999999999651,2022-02-16,0.9351487692274628,0.02786189560160073
2022-02-17,201.83499999999927,1,4036.6999999999853,2022-02-17,1.0387249340459535,0.02678273404654974
2022-02-18,-30.159999999997748,2,-603.1999999999549,2022-02-18,0.9660020241458579,0.026208934059691828
2022-02-21,0.0,0,0.0,2022-02-21,1.1168171407011593,0.025422906554259606
2022-02-22,-89.78499999999971,1,-1795.6999999999944,2022-02-22,1.3001479733854828,0.02554144369627556
2022-02-23,-86.62499999999986,1,-1732.4999999999973,2022-02-23,0.6939415709951546,0.026471524008267276
2022-02-24,0.0,0,0.0,2022-02-24,1.1264047314819923,0.026070403029829457
2022-02-25,-72.09999999999826,2,-1441.9999999999652,2022-02-25,1.044633871532338,0.028920905590621132
2022-02-28,0.0,0,0.0,2022-02-28,0.669827992251331,0.029264715992112614
2022-03-01,0.0,0,0.0,2022-03-01,0.9583099533533966,0.029256957945372
2022-03-02,0.0,0,0.0,2022-03-02,1.0046421527864065,0.02968387430832348
2022-03-03,19.97500000000051,1,399.5000000000102,2022-03-03,0.8873570100824825,0.029338154232459317
2022-03-04,-45.825000000000585,1,-916.5000000000117,2022-03-04,1.0204909861187774,0.028437852316990163
2022-03-07,404.9549999999983,1,8099.099999999966,2022-03-07,0.9715755901887265,0.02852894077178896
2022-03-08,-298.3550000000012,1,-5967.100000000024,2022-03-08,1.115674596912964,0.029808795822232403
2022-03-09,0.0,0,0.0,2022-03-09,0.7930193728161321,0.03146913293954568
2022-03-10,-206.70499999999979,1,-4134.099999999996,2022-03-10,0.9226106811545126,0.031995872636891
2022-03-11,138.3450000000013,1,2766.900000000026,2022-03-11,1.158197535084499,0.032207642497036074
2022-03-14,31.764999999999564,1,635.2999999999913,2022-03-14,1.241803301165044,0.03307851296250098
2022-03-15,113.69499999999985,1,2273.899999999997,2022-03-15,1.2371999922196477,0.033076689362336105
2022-03-16,5.895000000000582,1,117.90000000001164,2022-03-16,0.7344372073157717,0.03256479672719486
2022-03-17,0.0,0,0.0,2022-03-17,0.9647131044480305,0.030407155596465833
2022-03-18,129.79500000000203,1,2595.9000000000406,2022-03-18,0.6339705865009234,0.030150734816994547
2022-03-21,-49.00499999999724,1,-980.0999999999448,2022-03-21,0.8057888872856037,0.030789341436823714
2022-03-22,214.01499999999956,1,4280.299999999991,2022-03-22,0.8625534327948506,0.03029336439543087
2022-03-23,0.0,0,0.0,2022-03-23,0.8081460791261906,0.03014253382359621
2022-03-24,0.0,0,0.0,2022-03-24,0.9429328526157394,0.029297260849044774
2022-03-25,-136.68499999999753,1,-2733.6999999999507,2022-03-25,1.056021851242184,0.029364804810159385
2022-03-28,-67.10499999999914,3,-1342.0999999999826,2022-03-28,1.0650195611498483,0.027469745277457013
2022-03-29,0.0,0,0.0,2022-03-29,1.0405898678679975,0.025885736357182325
2022-03-30,0.0,0,0.0,2022-03-30,0.7514995692367481,0.02439160319050831
2022-03-31,0.0,0,0.0,2022-03-31,0.771682498852789,0.02366166559425895
2022-04-01,-134.3850000000019,1,-2687.700000000038,2022-04-01,0.7699708184575578,0.022440866364203036
2022-04-04,134.0950000000013,1,2681.900000000026,2022-04-04,0.901313724611055,0.021389855204527596
2022-04-05,153.93500000000145,1,3078.700000000029,2022-04-05,0.9236497029756996,0.020507051671558276
2022-04-06,-204.08999999999986,2,-4081.7999999999975,2022-04-06,1.4362643824040724,0.019784279161535225
2022-04-07,0.0,0,0.0,2022-04-07,0.9863598954611237,0.020398421123709033
2022-04-08,-73.00000000000335,2,-1460.000000000067,2022-04-08,0.7611306031434799,0.019827713902271477
2022-04-11,55.045000000000215,1,1100.9000000000042,2022-04-11,1.1966073252115608,0.019578414418940922
2022-04-12,0.0,0,0.0,2022-04-12,1.3781974233642242,0.019821740458239197
2022-04-13,169.46499999999847,1,3389.2999999999693,2022-04-13,0.9469096163794369,0.020658818660444254
2022-04-14,254.26499999999956,1,5085.299999999991,2022-04-14,0.7215014578950242,0.02077239089148478
2022-04-18,-120.29499999999993,1,-2405.8999999999987,2022-04-18,0.7883702849789673,0.0214895933604112
2022-04-19,226.37500000000014,1,4527.500000000003,2022-04-19,1.1657529275612508,0.021232958853345623
2022-04-20,-2.860000000000298,2,-57.20000000000596,2022-04-20,1.0516495204562584,0.02196678310740615
2022-04-21,96.44499999999985,1,1928.899999999997,2022-04-21,0.7922328345417821,0.02248007963824278
2022-04-22,268.6350000000004,1,5372.700000000008,2022-04-22,1.0103187813178485,0.024467295572505956
2022-04-25,0.0,0,0.0,2022-04-25,1.1942748381576105,0.025813300136816406
2022-04-26,295.37500000000045,3,5907.500000000009,2022-04-26,0.7128466037259787,0.02599277840948066
2022-04-27,-433.4799999999993,2,-8669.599999999986,2022-04-27,1.0248894571591176,0.02702081709541022
2022-04-28,63.39500000000058,1,1267.9000000000115,2022-04-28,0.8612489216622811,0.026659332184696675
2022-04-29,300.25499999999937,1,6005.099999999988,2022-04-29,0.6931314617394188,0.027969899978263203
2022-05-02,-130.6550000000005,1,-2613.1000000000104,2022-05-02,0.9394728201448135,0.03032022753616202
2022-05-03,0.0,0,0.0,2022-05-03,0.743583360048018,0.030561310102780032
2022-05-04,112.99000000000007,2,2259.800000000001,2022-05-04,0.46990772935722874,0.029705812172959027
2022-05-05,362.6350000000004,1,7252.700000000008,2022-05-05,0.7882045860181481,0.031518815369856186
2022-05-06,-188.715,1,-3774.3,2022-05-06,1.1420537407898192,0.034258212648620764
2022-05-09,121.1649999999992,1,2423.299999999984,2022-05-09,0.9936281520996816,0.03545283276950754
2022-05-10,0.0,0,0.0,2022-05-10,0.7867793742092216,0.03666761981949225
2022-05-11,131.80500000000043,1,2636.1000000000085,2022-05-11,1.3030126657730827,0.03725028583205393
2022-05-12,0.0,0,0.0,2022-05-12,1.0079719374321545,0.03733248840740944
2022-05-13,47.439999999998975,2,948.7999999999795,2022-05-13,0.5865143609634103,0.03764443248792719
2022-05-16,0.0,0,0.0,2022-05-16,0.6851989928127946,0.03881395467579496
2022-05-17,0.0,0,0.0,2022-05-17,0.9503636984728266,0.03717494378921672
2022-05-18,236.14500000000058,1,4722.9000000000115,2022-05-18,0.8383652407116418,0.03727276527646127
2022-05-19,0.0,0,0.0,2022-05-19,1.2992732696256484,0.03844870778739723
2022-05-20,-117.42499999999913,1,-2348.4999999999827,2022-05-20,0.7792651277147957,0.03663422893219688
2022-05-23,0.0,0,0.0,2022-05-23,0.9901449101975448,0.037990147528940976
2022-05-24,-33.48500000000044,1,-669.7000000000088,2022-05-24,0.6542953955074718,0.03841954805847617
2022-05-25,-114.1100000000003,2,-2282.200000000006,2022-05-25,0.9661516309897825,0.03765099095706181
2022-05-26,184.4050000000008,1,3688.100000000016,2022-05-26,1.035071295538977,0.03501499620411882
2022-05-27,186.41500000000102,1,3728.30000000002,2022-05-27,1.1001787268210448,0.035292854388414854
2022-05-30,0.0,0,0.0,2022-05-30,0.6465184786500245,0.03432433036124536
2022-05-31,-17.385000000000073,1,-347.70000000000147,2022-05-31,1.3816999507522807,0.03299846378457485
2022-06-01,0.0,0,0.0,2022-06-01,0.7917707766253927,0.03164143460116445
2022-06-02,143.3049999999986,1,2866.099999999972,2022-06-02,0.7096910089602568,0.03108730338323104
2022-06-03,-36.35499999999942,1,-727.0999999999884,2022-06-03,1.0671663685490687,0.030826008333787045
2022-06-06,0.0,0,0.0,2022-06-06,0.7759373611387822,0.031811272122974
2022-06-07,0.0,0,0.0,2022-06-07,0.8903849777052122,0.03149963206473414
2022-06-08,0.0,0,0.0,2022-06-08,0.8192838792549811,0.029299067478519483
2022-06-09,0.0,0,0.0,2022-06-09,1.2414354026021828,0.028759370516772364
2022-06-10,139.2750000000016,1,2785.500000000032,2022-06-10,1.5663803610878304,0.027716331278972033
2022-06-13,0.0,0,0.0,2022-06-13,1.0773878295157056,0.02881723605084679
2022-06-14,0.0,0,0.0,2022-06-14,1.0110046835585562,0.029721355263883965
2022-06-15,0.0,0,0.0,2022-06-15,0.8174043258566448,0.029140433419621806
2022-06-16,115.4149999999992,1,2308.299999999984,2022-06-16,1.189268723689355,0.029281737697592014
2022-06-17,-200.27500000000103,3,-4005.5000000000205,2022-06-17,0.734158018773565,0.030585492062243425
2022-06-20,0.0,0,0.0,2022-06-20,0.4994511744072313,0.031481689428414575
2022-06-21,-59.20499999999949,3,-1184.0999999999897,2022-06-21,0.8577846239190089,0.03048389457971795
2022-06-22,-138.3449999999992,1,-2766.899999999984,2022-06-22,1.0217439273850597,0.029973568725770363
2022-06-23,0.0,0,0.0,2022-06-23,1.1759195609875477,0.02929115371260248
2022-06-24,221.2150000000003,1,4424.300000000006,2022-06-24,0.5743263189890272,0.028427133356863532
2022-06-27,-83.28500000000153,1,-1665.7000000000307,2022-06-27,0.8839491995789388,0.029295649880039052
2022-06-28,214.9050000000008,1,4298.100000000016,2022-06-28,0.9580959722875728,0.028745284099345656
2022-06-29,0.0,0,0.0,2022-06-29,1.0170631192497135,0.03069256880016457
2022-06-30,-103.6450000000003,1,-2072.900000000006,2022-06-30,0.9422999333815011,0.029472839243193577
2022-07-01,0.0,0,0.0,2022-07-01,1.0641620541402015,0.02885730969012586
2022-07-04,0.0,0,0.0,2022-07-04,0.5150898272089266,0.02658052541693854
2022-07-05,0.0,0,0.0,2022-07-05,1.0450693516145244,0.025706186279012052
2022-07-06,0.0,0,0.0,2022-07-06,1.1484108423110866,0.025554030101413557
2022-07-07,116.27499999999978,1,2325.4999999999955,2022-07-07,0.6983158539923318,0.023279046797708213
2022-07-08,0.0,0,0.0,2022-07-08,1.137270637227254,0.02318959552386005
2022-07-11,-10.030000000000086,4,-200.60000000000173,2022-07-11,0.8203389234918468,0.023691034040187554
2022-07-12,0.0,0,0.0,2022-07-12,1.0188255216782371,0.023919660701583335
2022-07-13,0.0,0,0.0,2022-07-13,1.9542854598173172,0.0239730798234735
2022-07-14,0.0,0,0.0,2022-07-14,0.9437842121223499,0.02462828014828245
2022-07-15,0.0,0,0.0,2022-07-15,0.9669707575496788,0.02414789579532875
2022-07-18,0.0,0,0.0,2022-07-18,0.7797503429727931,0.024127909804807782
2022-07-19,143.21499999999847,1,2864.2999999999693,2022-07-19,1.0088342751077792,0.0230039445057059
2022-07-20,85.88500000000036,1,1717.700000000007,2022-07-20,0.9881204020786971,0.024088760863360575
2022-07-21,43.734999999998905,1,874.6999999999781,2022-07-21,1.0222508506854444,0.023489137756296595
2022-07-22,71.54500000000021,1,1430.9000000000042,2022-07-22,0.7137595535340181,0.023621342374693207
2022-07-25,-46.02500000000131,1,-920.5000000000263,2022-07-25,0.8432558533854486,0.02515545966539177
2022-07-26,86.45500000000007,1,1729.1000000000013,2022-07-26,0.8522531203812783,0.023608759888612336
2022-07-27,262.50499999999937,1,5250.099999999988,2022-07-27,0.7608968379065288,0.0239365916912543
2022-07-28,-99.63500000000008,1,-1992.7000000000016,2022-07-28,1.1484734082583357,0.025556473978873197
2022-07-29,-132.8950000000003,1,-2657.900000000006,2022-07-29,0.8858471001309874,0.025957861466010198
2022-08-01,-90.74499999999884,1,-1814.899999999977,2022-08-01,0.8263881654338981,0.025645364106562478
2022-08-02,0.0,0,0.0,2022-08-02,0.9455141082300557,0.02516028174235258
2022-08-03,179.92499999999941,1,3598.499999999988,2022-08-03,0.867515149802946,0.02467404734209417
2022-08-04,0.0,0,0.0,2022-08-04,1.048567015616953,0.024801079418921894
2022-08-05,0.0,0,0.0,2022-08-05,1.4649493627584738,0.024397752583909946
2022-08-08,-76.12500000000168,1,-1522.5000000000337,2022-08-08,0.7998875653979433,0.023748322432761915
2022-08-09,-118.70000000000044,2,-2374.000000000009,2022-08-09,0.9211898397600814,0.023154877476721094
2022-08-10,0.0,0,0.0,2022-08-10,1.7745639077627886,0.022861361216887914
2022-08-11,0.0,0,0.0,2022-08-11,0.9716362955566696,0.023327331656668882
2022-08-12,86.73500000000072,1,1734.7000000000144,2022-08-12,0.8220641694325956,0.022843261392785523
2022-08-15,0.0,0,0.0,2022-08-15,0.9199230313795171,0.023214989982951868
2022-08-16,-80.715,1,-1614.3000000000002,2022-08-16,0.983430455610637,0.02245551954830353
2022-08-17,-56.05500000000015,1,-1121.100000000003,2022-08-17,1.0575972617695264,0.02031343330594874
2022-08-18,0.0,0,0.0,2022-08-18,0.9936439709177485,0.01985423186683741
2022-08-19,51.18500000000145,1,1023.700000000029,2022-08-19,0.9926064192431745,0.01915740854642503
2022-08-22,73.26499999999956,1,1465.299999999991,2022-08-22,1.0726392335144606,0.019356936803211166
2022-08-23,0.0,0,0.0,2022-08-23,1.166068893628396,0.01997576881591286
2022-08-24,-85.87500000000168,1,-1717.5000000000337,2022-08-24,1.1806948713134107,0.018733399013994935
2022-08-25,-79.85500000000124,1,-1597.100000000025,2022-08-25,0.9187488527715444,0.018747585862378187
2022-08-26,421.6350000000004,1,8432.700000000008,2022-08-26,0.9690572784157425,0.018653939000510267
2022-08-29,0.0,0,0.0,2022-08-29,0.94553042245275,0.020330864741349236
2022-08-30,57.77499999999978,1,1155.4999999999955,2022-08-30,0.8888911183624639,0.020110751907420208
2022-08-31,0.0,0,0.0,2022-08-31,1.001814311347805,0.02006994426320927
2022-09-01,-74.68499999999935,1,-1493.699999999987,2022-09-01,0.8693785818076873,0.01989133582802333
2022-09-02,32.83500000000109,1,656.7000000000218,2022-09-02,1.104373489451438,0.0201316208243863
2022-09-05,0.0,0,0.0,2022-09-05,0.7171970065294775,0.021719775990212468
2022-09-06,-67.23499999999862,1,-1344.6999999999725,2022-09-06,0.8473183756811283,0.020951573621994152
2022-09-07,133.19499999999985,1,2663.899999999997,2022-09-07,0.8803839805175493,0.021061747870932505
2022-09-08,0.0,0,0.0,2022-09-08,1.0402530204708524,0.02191125994320806
2022-09-09,98.785,1,1975.6999999999998,2022-09-09,0.8452188709100588,0.02182399346386343
2022-09-12,-38.56500000000037,1,-771.3000000000073,2022-09-12,0.9032584350841734,0.021305236942799673
2022-09-13,303.50499999999937,1,6070.099999999988,2022-09-13,2.2339612251652636,0.021394085716281246
2022-09-14,0.0,0,0.0,2022-09-14,1.1879285473048096,0.024897282766079314
2022-09-15,8.965000000000291,1,179.3000000000058,2022-09-15,0.8810380978755351,0.0246006288829912
2022-09-16,-62.524999999999494,1,-1250.49999999999,2022-09-16,0.7856959787775422,0.0230690763689786
2022-09-19,0.0,0,0.0,2022-09-19,0.8378835740072226,0.02344485739225565
2022-09-20,0.0,0,0.0,2022-09-20,0.9893355209187867,0.022757316545839335
2022-09-21,0.0,0,0.0,2022-09-21,0.9921258882753738,0.022569379357774307
2022-09-22,-22.075000000000582,1,-441.50000000001165,2022-09-22,1.421283214887121,0.02360129913064134
2022-09-23,-55.259999999998115,2,-1105.1999999999623,2022-09-23,0.8146167758169462,0.022313567028990896
2022-09-26,-130.45999999999884,2,-2609.199999999977,2022-09-26,1.3286740323952564,0.024038888334978407
2022-09-27,0.0,0,0.0,2022-09-27,0.9435054142766517,0.02416341659427986
2022-09-28,166.4849999999989,1,3329.699999999978,2022-09-28,1.451419456570044,0.024616008489980776
2022-09-29,26.490000000000073,2,529.8000000000014,2022-09-29,1.1180019969701092,0.025235973809883985
2022-09-30,-95.55500000000015,1,-1911.100000000003,2022-09-30,1.0237636348724624,0.026544533919293317
2022-10-03,96.41500000000102,1,1928.3000000000202,2022-10-03,0.7925497354661055,0.027767641100953457
2022-10-04,-48.85499999999914,3,-977.0999999999827,2022-10-04,0.6606018287910042,0.025457252256872124
2022-10-05,-78.75499999999906,1,-1575.0999999999813,2022-10-05,0.8366762026412099,0.026877488639996727
2022-10-06,0.0,0,0.0,2022-10-06,1.1774588884191173,0.027227894569384205
2022-10-07,143.12500000000014,1,2862.5000000000027,2022-10-07,1.234696442946712,0.027082718358183513
2022-10-10,-126.19000000000023,2,-2523.8000000000047,2022-10-10,0.9976165652412896,0.029017065002157134
2022-10-11,-98.98500000000044,1,-1979.700000000009,2022-10-11,0.9918991770818985,0.029449527539089082
2022-10-12,0.0,0,0.0,2022-10-12,0.9752882592602454,0.028572814223500654
2022-10-13,87.86499999999992,1,1757.2999999999984,2022-10-13,1.8119794377213732,0.02830037232696489
2022-10-14,194.9650000000003,1,3899.3000000000056,2022-10-14,1.4223112440168888,0.030443997736660764
2022-10-17,-31.475000000000218,1,-629.5000000000043,2022-10-17,0.6668692586232758,0.03209442366185577
2022-10-18,0.0,0,0.0,2022-10-18,0.953796738066348,0.03254470521215486
2022-10-19,0.0,0,0.0,2022-10-19,1.2253563519876172,0.03262953350009557
2022-10-20,-140.2849999999997,1,-2805.6999999999944,2022-10-20,1.043412252503004,0.031197847963799614
2022-10-21,137.43499999999963,1,2748.6999999999925,2022-10-21,0.7500471012688119,0.03089354702888378
2022-10-24,0.0,0,0.0,2022-10-24,1.1882857131038034,0.031202853750052262
2022-10-25,70.77499999999978,1,1415.4999999999955,2022-10-25,0.609339067050504,0.030762209598225794
2022-10-26,0.0,0,0.0,2022-10-26,0.7927879953983044,0.030160013874913044
2022-10-27,-159.93499999999935,1,-3198.699999999987,2022-10-27,0.9416469545410041,0.03069639678879529
2022-10-28,300.0650000000007,1,6001.300000000014,2022-10-28,1.0048840683543574,0.02903415157675187
2022-10-31,0.0,0,0.0,2022-10-31,0.6242815960882333,0.02987453344174509
2022-11-01,0.0,0,0.0,2022-11-01,0.7570010836708045,0.029436684438254184
2022-11-02,91.8549999999997,1,1837.099999999994,2022-11-02,0.8937249453201342,0.030424031281470275
2022-11-03,-133.1550000000005,1,-2663.1000000000104,2022-11-03,1.0950105654023383,0.029599680818667016
2022-11-04,0.0,0,0.0,2022-11-04,1.3571379476252583,0.027939890354504563
2022-11-07,0.0,0,0.0,2022-11-07,0.8497344579818853,0.02742228761754067
2022-11-08,-98.69500000000139,1,-1973.9000000000278,2022-11-08,0.8220357270741786,0.02642936912312004
2022-11-09,53.40499999999898,1,1068.0999999999794,2022-11-09,1.0999543121425042,0.02686895344903276
2022-11-10,201.80500000000043,1,4036.1000000000085,2022-11-10,1.8471814252839112,0.026810635787103774
2022-11-11,-13.689999999998406,2,-273.7999999999681,2022-11-11,0.7700812494483477,0.029424688414547807
2022-11-14,0.0,0,0.0,2022-11-14,0.5957796760837252,0.029362051143229487
2022-11-15,0.0,0,0.0,2022-11-15,1.183518144744927,0.029044919957840597
2022-11-16,-24.074999999998763,1,-481.4999999999753,2022-11-16,0.8391793299948231,0.02922921958621545
2022-11-17,0.0,0,0.0,2022-11-17,1.1727540358644974,0.028890956614396085
2022-11-18,0.0,0,0.0,2022-11-18,0.9506314256218793,0.027839525980848785
2022-11-21,0.0,0,0.0,2022-11-21,0.7629522073588894,0.027920840444405032
2022-11-22,0.0,0,0.0,2022-11-22,1.1354543516052098,0.026961416983203746
2022-11-23,-50.99000000000132,2,-1019.8000000000263,2022-11-23,0.9394873220095186,0.02495469166193139
2022-11-24,0.0,0,0.0,2022-11-24,0.6073726329615797,0.024328254913878272
2022-11-25,0.0,0,0.0,2022-11-25,1.0971213073538628,0.022623052359351935
2022-11-28,0.0,0,0.0,2022-11-28,1.3388504137810462,0.022258450780058444
2022-11-29,-39.454999999999785,1,-789.0999999999957,2022-11-29,1.2179804608499707,0.021622671820437044
2022-11-30,0.0,0,0.0,2022-11-30,0.9981737061749532,0.020904343997974358
2022-12-01,-296.50999999999993,2,-5930.199999999999,2022-12-01,0.9956329852091341,0.019199898283093233
2022-12-02,0.0,0,0.0,2022-12-02,1.5394098864711483,0.018540961292075293
2022-12-05,50.55500000000043,1,1011.1000000000087,2022-12-05,0.8654548936373913,0.018670032239044426
2022-12-06,116.06499999999883,1,2321.2999999999765,2022-12-06,0.8525500380602697,0.018365982077309256
2022-12-07,0.0,0,0.0,2022-12-07,1.3842769216053452,0.01903169681263725
2022-12-08,-4.704999999999782,1,-94.09999999999563,2022-12-08,0.7612990904972625,0.018588106792903934
2022-12-09,-153.38500000000008,1,-3067.7000000000016,2022-12-09,1.4823064817643952,0.01843018744055333
2022-12-12,0.0,0,0.0,2022-12-12,0.5919996560224715,0.01851642763747589
2022-12-13,0.0,0,0.0,2022-12-13,2.401791225182591,0.018234250837020866
2022-12-14,-6.924999999999127,1,-138.49999999998255,2022-12-14,0.6784488276022543,0.020121409273127635
2022-12-15,126.75500000000116,1,2535.100000000023,2022-12-15,0.769661493868864,0.021834303443397558
2022-12-16,-31.734999999998617,1,-634.6999999999723,2022-12-16,1.1088945747864112,0.023817853211406597
2022-12-19,16.329999999998392,2,326.59999999996785,2022-12-19,0.7718116568715861,0.023866296070837685
2022-12-20,0.0,0,0.0,2022-12-20,1.033277056345368,0.02424169893691719
2022-12-21,-16.794999999999927,1,-335.89999999999856,2022-12-21,0.764436957780063,0.022099838733407883
2022-12-22,76.12999999999948,2,1522.5999999999897,2022-12-22,1.0493842004912617,0.02225485557857148
2022-12-23,-114.0850000000008,1,-2281.700000000016,2022-12-23,1.4480185203125415,0.023939807613438734
2022-12-27,-65.16999999999979,2,-1303.3999999999958,2022-12-27,0.7868050811002288,0.02352191597484098
2022-12-28,26.365000000001746,1,527.300000000035,2022-12-28,0.7689572055162718,0.022849170525969457
2022-12-29,76.27499999999978,1,1525.4999999999955,2022-12-29,0.7908085643966714,0.023459241781613346
2022-12-30,0.0,0,0.0,2022-12-30,1.0452089575586865,0.024130856306289427
2023-01-03,-33.42499999999913,1,-668.4999999999826,2023-01-03,1.4980640197092303,0.024235962959116533
2023-01-04,0.0,0,0.0,2023-01-04,0.9370508331996824,0.02530938782144134
2023-01-05,0.0,0,0.0,2023-01-05,0.964184494113755,0.023845061180988357
2023-01-06,101.37500000000014,1,2027.5000000000027,2023-01-06,1.3079493869964718,0.023059063527617146
2023-01-09,-32.29499999999993,1,-645.8999999999986,2023-01-09,0.8243036566714521,0.022767297751663307
2023-01-10,0.0,0,0.0,2023-01-10,0.9061530867876667,0.02313721761657931
2023-01-11,37.92500000000123,1,758.5000000000247,2023-01-11,0.864965375737369,0.02273377718406052
2023-01-12,-122.8350000000008,1,-2456.700000000016,2023-01-12,1.67010873990509,0.02278604232191975
2023-01-13,0.0,0,0.0,2023-01-13,0.9593942307041415,0.02306811375618534
2023-01-16,0.0,0,0.0,2023-01-16,0.7753500700468958,0.021355634068118346
2023-01-17,0.0,0,0.0,2023-01-17,0.973703330971573,0.02046361238971706
2023-01-18,49.20500000000007,1,984.1000000000014,2023-01-18,1.1698249604386917,0.020092319899450577
2023-01-19,0.0,0,0.0,2023-01-19,1.0474897014354176,0.0203137615922534
2023-01-20,156.66500000000102,1,3133.30000000002,2023-01-20,0.9395843436579687,0.019438451044105378
2023-01-23,146.49499999999912,1,2929.8999999999824,2023-01-23,0.9505912833699909,0.020290527949799513
2023-01-24,0.0,0,0.0,2023-01-24,0.7845820316041974,0.019952456232894236
2023-01-25,-48.65500000000051,1,-973.1000000000103,2023-01-25,1.0483660604304057,0.019300312747297505
2023-01-26,0.0,0,0.0,2023-01-26,1.0316630087721057,0.019849450355937888
2023-01-27,-29.059999999999203,2,-581.199999999984,2023-01-27,0.7301640996610274,0.01866865755141815
2023-01-30,0.0,0,0.0,2023-01-30,0.949696790672617,0.018497254363094014
2023-01-31,105.88500000000036,1,2117.700000000007,2023-01-31,1.1933198975376558,0.019020450855719084
2023-02-01,0.0,0,0.0,2023-02-01,0.7140243699621952,0.01891512505532483
2023-02-02,56.81499999999883,1,1136.2999999999765,2023-02-02,1.1742180362146974,0.01993418403235276
2023-02-03,0.0,0,0.0,2023-02-03,1.1502530703728508,0.021491887336458765
2023-02-06,0.0,0,0.0,2023-02-06,0.6719678338432333,0.022986134853134756
2023-02-07,-63.749999999999716,2,-1274.9999999999943,2023-02-07,0.8200383706287242,0.023117015105627362
2023-02-08,74.86499999999992,1,1497.2999999999984,2023-02-08,0.8237131776595898,0.023327881557476317
2023-02-09,0.0,0,0.0,2023-02-09,0.9165372552601945,0.02373048414876122
2023-02-10,0.0,0,0.0,2023-02-10,1.2463173467194402,0.02381535922431397
2023-02-13,93.76500000000138,1,1875.3000000000275,2023-02-13,0.7833958660648844,0.02301659448465124
2023-02-14,0.0,0,0.0,2023-02-14,1.5195340597277462,0.023595501030744728
2023-02-15,0.0,0,0.0,2023-02-15,0.8253341571103403,0.023382558836915483
2023-02-16,0.0,0,0.0,2023-02-16,1.043509779188954,0.023175237657679825
2023-02-17,-17.065000000000364,1,-341.3000000000073,2023-02-17,0.9090878724818467,0.023094387323793205
2023-02-20,0.0,0,0.0,2023-02-20,0.6419163435348643,0.022767365029016946
2023-02-21,0.0,0,0.0,2023-02-21,1.4781437953542793,0.021840233854354164
2023-02-22,0.0,0,0.0,2023-02-22,1.5969543333700602,0.02082166847670008
2023-02-23,0.0,0,0.0,2023-02-23,1.079235128882386,0.01889068917959542
2023-02-24,-43.024999999999494,1,-860.4999999999899,2023-02-24,1.0614059848270925,0.01843621186029893
2023-02-27,0.0,0,0.0,2023-02-27,0.9629026335021693,0.01915777448324767
2023-02-28,0.0,0,0.0,2023-02-28,1.0480257875321357,0.018280629889137152
2023-03-01,-44.145000000000294,1,-882.9000000000059,2023-03-01,0.9994799204963731,0.017579904408721616
2023-03-02,0.0,0,0.0,2023-03-02,1.1034382917119017,0.016423026168229715
2023-03-03,137.19499999999985,1,2743.899999999997,2023-03-03,0.9776428954734658,0.016838495321433798
2023-03-06,-42.454999999999785,1,-849.0999999999957,2023-03-06,0.9897910670929668,0.017062378424546255
2023-03-07,-47.53499999999971,1,-950.6999999999942,2023-03-07,0.6806592116899292,0.016469009577639162
2023-03-08,0.0,0,0.0,2023-03-08,1.0008246703301031,0.016583966049006978
2023-03-09,-49.94000000000022,2,-998.8000000000044,2023-03-09,1.0798345628472998,0.015960095657877708
2023-03-10,-0.579999999999643,2,-11.59999999999286,2023-03-10,1.5147512799919665,0.016953332520136016
2023-03-13,45.81499999999883,1,916.2999999999766,2023-03-13,1.8662846104864557,0.01849758119570633
2023-03-14,15.464999999998472,1,309.29999999996943,2023-03-14,0.8690625445754926,0.019146212856240914
2023-03-15,0.0,0,0.0,2023-03-15,1.1672742101934153,0.01997006144094322
2023-03-16,219.2150000000003,1,4384.300000000006,2023-03-16,0.894245780707791,0.02008806958591474
2023-03-17,-81.38499999999826,1,-1627.6999999999653,2023-03-17,0.7754112049198821,0.02077220327407133
2023-03-20,-47.60499999999942,1,-952.0999999999884,2023-03-20,1.1250070117610573,0.02100554767450043
2023-03-21,0.0,0,0.0,2023-03-21,0.7886415606688494,0.02123295941962671
2023-03-22,0.0,0,0.0,2023-03-22,0.7070312363713798,0.021447674090978846
2023-03-23,-12.995000000000655,1,-259.9000000000131,2023-03-23,0.8997510894294999,0.022138825547286693
2023-03-24,0.0,0,0.0,2023-03-24,1.3054446017584482,0.022503860244218802
2023-03-27,-83.61499999999964,1,-1672.299999999993,2023-03-27,0.9155319707262981,0.02242746141579573
2023-03-28,-75.68,2,-1513.6000000000001,2023-03-28,0.787340641896915,0.022247853053080562
2023-03-29,0.0,0,0.0,2023-03-29,0.6635261021770515,0.02232363185546393
2023-03-30,0.0,0,0.0,2023-03-30,0.8127344470874011,0.021527034926955912
2023-03-31,178.19499999999985,1,3563.899999999997,2023-03-31,0.8866917066266757,0.020590129526425242
2023-04-03,0.0,0,0.0,2023-04-03,0.8818680509896736,0.0195508180939134
2023-04-04,0.0,0,0.0,2023-04-04,1.204545779702322,0.018597393558330365
2023-04-05,63.33000000000021,2,1266.6000000000042,2023-04-05,0.8928683268535055,0.017982279994323724
2023-04-06,24.125000000000146,1,482.5000000000029,2023-04-06,1.281759780568801,0.016801117117779932
2023-04-10,-36.16500000000073,1,-723.3000000000146,2023-04-10,1.1664155183752534,0.016725188232442175
2023-04-11,9.605000000001528,1,192.10000000003055,2023-04-11,1.1031993807319516,0.0168262629045017
2023-04-12,-22.079999999999643,2,-441.59999999999286,2023-04-12,1.6857670979667265,0.016294049904984766
2023-04-13,159.2150000000003,1,3184.3000000000056,2023-04-13,1.0806037188519877,0.015460949088765049
2023-04-14,0.0,0,0.0,2023-04-14,1.049507305992143,0.01507220832945484
2023-04-17,0.0,0,0.0,2023-04-17,0.8878404813177021,0.015209099065996897
2023-04-18,0.0,0,0.0,2023-04-18,0.9564258795580237,0.014794380372389258
2023-04-19,0.0,0,0.0,2023-04-19,1.0844463337716117,0.014729694723476985
2023-04-20,0.0,0,0.0,2023-04-20,1.2601840567332403,0.014081864049649248
2023-04-21,-75.23499999999862,1,-1504.6999999999725,2023-04-21,1.13780196119941,0.014276244000172467
2023-04-24,-52.91499999999891,1,-1058.2999999999784,2023-04-24,0.8771875153031454,0.013795723801623699
2023-04-25,110.92499999999941,1,2218.499999999988,2023-04-25,0.9061483947588918,0.013913777639539295
2023-04-26,0.0,0,0.0,2023-04-26,1.2484730982737962,0.014469889840531849
2023-04-27,105.34499999999949,1,2106.8999999999896,2023-04-27,0.8691954693540478,0.014411771128818404
2023-04-28,-91.98500000000044,1,-1839.700000000009,2023-04-28,0.79191341139748,0.015123889308260806
2023-05-01,0.0,0,0.0,2023-05-01,0.7608027671940153,0.014833239660152552
2023-05-02,26.439999999999273,4,528.7999999999854,2023-05-02,0.7845835866261299,0.014789364901091753
2023-05-03,-42.584999999998985,1,-851.6999999999797,2023-05-03,0.8184193466003937,0.0145510733654014
2023-05-04,-33.084999999998985,1,-661.6999999999797,2023-05-04,1.0577874240874887,0.014300305297195172
2023-05-05,148.04500000000021,1,2960.900000000004,2023-05-05,0.8855161849477942,0.013941671603283416
2023-05-08,-21.09500000000102,1,-421.9000000000204,2023-05-08,0.6469852073936031,0.014908980842524592
2023-05-09,0.0,0,0.0,2023-05-09,0.8988643000107804,0.01465091080309776
2023-05-10,0.0,0,0.0,2023-05-10,2.032783202894078,0.014418452425760833
2023-05-11,0.0,0,0.0,2023-05-11,1.0845202980672264,0.01442758780032699
2023-05-12,0.6849999999996362,1,13.699999999992725,2023-05-12,0.6369483972976816,0.014243929766017604
2023-05-15,0.0,0,0.0,2023-05-15,0.7027779967936104,0.014274196082811118
2023-05-16,-41.74500000000066,1,-834.9000000000132,2023-05-16,1.173242045008127,0.013543294698521053
2023-05-17,42.545000000000215,1,850.9000000000043,2023-05-17,0.9389402255726188,0.01304934522130391
2023-05-18,196.46000000000123,2,3929.2000000000244,2023-05-18,0.864524843437774,0.01206085274538156
2023-05-19,0.0,0,0.0,2023-05-19,0.9704821173450859,0.012565035059295888
2023-05-22,-40.62499999999986,1,-812.4999999999972,2023-05-22,0.758320330917558,0.012594063659259256
2023-05-23,6.825000000000873,1,136.50000000001745,2023-05-23,1.0184927802851496,0.012006716485154414
2023-05-24,-51.23500000000044,1,-1024.700000000009,2023-05-24,1.1413842054142878,0.011815031816829191
2023-05-25,0.0,0,0.0,2023-05-25,1.0222035212392488,0.011937944596054394
2023-05-26,238.4749999999987,1,4769.499999999974,2023-05-26,1.0007821400637895,0.012204832948206706
2023-05-29,0.0,0,0.0,2023-05-29,0.5553788455990645,0.013542593448093058
2023-05-30,0.0,0,0.0,2023-05-30,1.3163921168007466,0.013375617423379225
2023-05-31,0.0,0,0.0,2023-05-31,0.9395655451724333,0.013498014881207181
2023-06-01,100.87500000000014,1,2017.5000000000027,2023-06-01,0.8834561016397303,0.01372447155663426
2023-06-02,0.0,0,0.0,2023-06-02,0.9492393788917692,0.014145502575862626
2023-06-05,-87.23500000000044,1,-1744.700000000009,2023-06-05,0.7162858583663664,0.014245593444793352
2023-06-06,0.0,0,0.0,2023-06-06,0.800269645608619,0.01435049168052436
2023-06-07,158.37500000000014,1,3167.5000000000027,2023-06-07,0.7795823240948851,0.013921587162996728
2023-06-08,95.2949999999984,1,1905.8999999999678,2023-06-08,1.1502611861016143,0.014444100143475056
2023-06-09,-72.72500000000022,1,-1454.5000000000045,2023-06-09,0.8978934453418753,0.014815711723759206
2023-06-12,0.0,0,0.0,2023-06-12,0.7802297412202622,0.015241755964917145
2023-06-13,0.0,0,0.0,2023-06-13,1.4121055001764724,0.015422423975677498
2023-06-14,5.9049999999989815,1,118.09999999997963,2023-06-14,0.914008919220259,0.015383397099917118
2023-06-15,123.07500000000087,1,2461.5000000000173,2023-06-15,1.1092316402857259,0.014576818590611879
2023-06-16,0.0,0,0.0,2023-06-16,0.824094487635247,0.014148570069736901
2023-06-19,0.0,0,0.0,2023-06-19,0.659422799948944,0.01477036016394609
2023-06-20,-110.99500000000248,1,-2219.9000000000497,2023-06-20,1.1281024926445726,0.013872623851156982
2023-06-21,89.72499999999869,1,1794.4999999999736,2023-06-21,0.9519492293744422,0.013931350918978338
2023-06-22,85.31500000000247,1,1706.3000000000493,2023-06-22,0.9703327388494587,0.013760828967509254
2023-06-23,0.0,0,0.0,2023-06-23,1.3049822194522689,0.01417200590136612
2023-06-26,1.6100000000008663,2,32.200000000017326,2023-06-26,0.9512714229637523,0.014510410133282307
2023-06-27,107.92500000000305,1,2158.500000000061,2023-06-27,0.6731082670748547,0.015363820189341662
2023-06-28,-101.35499999999942,1,-2027.0999999999885,2023-06-28,0.822595494500896,0.014855468118602581
2023-06-29,0.0,0,0.0,2023-06-29,0.9351250944181304,0.014805356932522818
2023-06-30,-36.16999999999796,2,-723.3999999999593,2023-06-30,0.8755632965635411,0.01441668482899637
2023-07-03,0.0,0,0.0,2023-07-03,0.7799382086194565,0.014494224819652205
2023-07-04,0.0,0,0.0,2023-07-04,0.49063448964710416,0.014082831550510645
2023-07-05,-58.61500000000146,1,-1172.3000000000293,2023-07-05,1.2886138248724206,0.013085589405338858
2023-07-06,-40.42499999999913,1,-808.4999999999826,2023-07-06,1.6589359119456288,0.012217710411055521
2023-07-07,-166.41500000000073,1,-3328.3000000000147,2023-07-07,1.1576773237157936,0.01236679445003592
2023-07-10,-67.43499999999753,1,-1348.6999999999507,2023-07-10,0.8991278966850736,0.013041469094892873
2023-07-11,0.0,0,0.0,2023-07-11,0.7543950687171511,0.012891028200626856
2023-07-12,-32.705000000001604,1,-654.1000000000321,2023-07-12,1.0092955636812466,0.012490464220113327
2023-07-13,82.00500000000116,1,1640.100000000023,2023-07-13,0.8502659732414948,0.012448880960965653
2023-07-14,-38.38000000000073,2,-767.6000000000146,2023-07-14,0.7331610439803509,0.01268643202101684
2023-07-17,69.87500000000014,1,1397.5000000000027,2023-07-17,0.8011956970638668,0.012132555550276772
2023-07-18,70.96500000000029,1,1419.3000000000056,2023-07-18,0.8303599230231002,0.011609645983655369
2023-07-19,0.0,0,0.0,2023-07-19,0.8692901763357092,0.012023691340534092
2023-07-20,182.91500000000102,1,3658.30000000002,2023-07-20,0.9919121426059759,0.012152080916241977
2023-07-21,0.0,0,0.0,2023-07-21,0.9398435869024163,0.012756543637349321
2023-07-24,0.0,0,0.0,2023-07-24,0.7078757135765771,0.0132807858522084
2023-07-25,-19.069999999995783,2,-381.3999999999157,2023-07-25,0.6766241860265219,0.013770028396780388
2023-07-26,-104.94499999999957,1,-2098.8999999999915,2023-07-26,0.76545598758812,0.013907780125257767
2023-07-27,0.0,0,0.0,2023-07-27,0.9180692616781361,0.013519399437227323
2023-07-28,66.56499999999883,1,1331.2999999999765,2023-07-28,0.8779581952017879,0.014439588177160553
2023-07-31,0.0,0,0.0,2023-07-31,0.6237945665950352,0.015214351826310618
2023-08-01,0.0,0,0.0,2023-08-01,0.9114098479951283,0.014893753752299125
2023-08-02,146.51499999999956,1,2930.299999999991,2023-08-02,1.2722632825525881,0.014352356703051706
2023-08-03,0.0,0,0.0,2023-08-03,1.164892348542286,0.014895552122123424
2023-08-04,-185.715,1,-3714.3,2023-08-04,1.1810688897810633,0.014809263138948774
2023-08-07,0.0,0,0.0,2023-08-07,0.7979450970002845,0.015272116606457936
2023-08-08,-22.275000000001018,3,-445.50000000002035,2023-08-08,0.9843812549022285,0.014669301188902056
2023-08-09,-15.655000000002047,3,-313.10000000004095,2023-08-09,0.9677328989967445,0.015240512117247794
2023-08-10,-100.52500000000131,1,-2010.5000000000264,2023-08-10,1.1012173170435406,0.01440636916918943
2023-08-11,0.0,0,0.0,2023-08-11,1.0748568420717013,0.014939785364587692
2023-08-14,46.155000000002616,1,923.1000000000523,2023-08-14,1.2761731433166692,0.01509241190490449
2023-08-15,-57.95000000000408,2,-1159.0000000000816,2023-08-15,1.1688088951019895,0.0154213646868864
2023-08-16,29.064999999998836,1,581.2999999999768,2023-08-16,0.8654240934339028,0.01558096332186178
2023-08-17,95.23500000000072,1,1904.7000000000144,2023-08-17,0.8088208598668369,0.014762438858194617
2023-08-18,0.0,0,0.0,2023-08-18,1.0810327413517344,0.01449866347376229
2023-08-21,1.8799999999994839,2,37.59999999998968,2023-08-21,0.881754210485545,0.014964029309716692
2023-08-22,0.0,0,0.0,2023-08-22,0.8324995786400928,0.015610220225635758
2023-08-23,114.535,1,2290.7,2023-08-23,1.0840193436449999,0.014515558717334693
2023-08-24,235.0250000000016,1,4700.500000000032,2023-08-24,0.9846114370023968,0.015043591387939283
2023-08-25,-133.60500000000124,1,-2672.100000000025,2023-08-25,0.8394251449585949,0.016101798029025314
2023-08-28,0.0,0,0.0,2023-08-28,0.7028528939850485,0.016794024126300166
2023-08-29,281.62500000000017,1,5632.500000000004,2023-08-29,0.8087500195872546,0.0162499209208827
2023-08-30,0.0,0,0.0,2023-08-30,0.9142219048631987,0.01690956720961464
2023-08-31,-36.00500000000088,1,-720.1000000000175,2023-08-31,1.068509570978755,0.016151291795150974
2023-09-01,0.0,0,0.0,2023-09-01,1.149132908237815,0.01592173858843885
2023-09-04,0.0,0,0.0,2023-09-04,0.5203216902849254,0.015721045487615097
2023-09-05,0.0,0,0.0,2023-09-05,1.3309428390634737,0.015091947445790092
2023-09-06,-13.115000000001455,1,-262.3000000000291,2023-09-06,1.0348715939711857,0.014770327153131485
2023-09-07,0.0,0,0.0,2023-09-07,1.428895927716007,0.01458490179705033
2023-09-08,-86.73500000000044,1,-1734.700000000009,2023-09-08,1.262532960699776,0.01477234106752828
2023-09-11,0.0,0,0.0,2023-09-11,0.7730570580650932,0.014146978186927272
2023-09-12,0.0,0,0.0,2023-09-12,0.8582824863629558,0.014315383118224542
2023-09-13,0.0,0,0.0,2023-09-13,1.4871463319799973,0.013860593251027979
2023-09-14,-36.385000000001895,1,-727.7000000000379,2023-09-14,1.0111186555762801,0.012284951143253545
2023-09-15,131.61500000000174,1,2632.3000000000347,2023-09-15,0.9089876565244406,0.011704892580128965
2023-09-18,0.0,0,0.0,2023-09-18,0.9818380912458513,0.012464995784150409
2023-09-19,0.37500000000014555,1,7.5000000000029114,2023-09-19,0.8787357779719372,0.01130756918399828
2023-09-20,0.0,0,0.0,2023-09-20,0.8544127901688842,0.01139086705706315
2023-09-21,77.70500000000007,1,1554.1000000000013,2023-09-21,1.3257987108526315,0.01220470039614483
2023-09-22,-155.9149999999989,1,-3118.2999999999784,2023-09-22,0.8262998386912814,0.012698210187650615
2023-09-25,0.0,0,0.0,2023-09-25,1.3735417287109932,0.013233047594062729
2023-09-26,65.99499999999912,1,1319.8999999999824,2023-09-26,1.037529475269181,0.013320519164409222
2023-09-27,-132.50500000000088,1,-2650.1000000000176,2023-09-27,0.8002312329672261,0.0135961813433226
2023-09-28,33.864999999999924,1,677.2999999999985,2023-09-28,1.198904318213059,0.013612617551564982
2023-09-29,0.0,0,0.0,2023-09-29,0.950310498454817,0.01437385252213227
2023-10-02,-120.04500000000147,3,-2400.900000000029,2023-10-02,0.8473571103224155,0.014640246994601118
2023-10-03,61.9050000000008,1,1238.1000000000158,2023-10-03,1.0372312757403113,0.01471448264225839
2023-10-04,-44.190000000000225,2,-883.8000000000045,2023-10-04,1.0643389238004166,0.015591652600806707
2023-10-05,-40.80499999999986,3,-816.0999999999972,2023-10-05,1.0377073815458273,0.015887527046202454
2023-10-06,70.62500000000014,1,1412.5000000000027,2023-10-06,1.3879083557624041,0.015432356306534598
2023-10-09,0.0,0,0.0,2023-10-09,0.7412348078553962,0.017050148336620125
2023-10-10,-0.715,1,-14.299999999999999,2023-10-10,0.7233898174881299,0.017523869906257226
2023-10-11,0.0,0,0.0,2023-10-11,0.9119021874039975,0.017119292979265243
2023-10-12,0.0,0,0.0,2023-10-12,0.9608670148878448,0.016334681149304617
2023-10-13,85.87500000000014,1,1717.5000000000027,2023-10-13,1.394666860174787,0.01667147855514218
2023-10-16,71.43500000000145,1,1428.700000000029,2023-10-16,1.1512439149419034,0.017360246338151548
2023-10-17,-113.715,1,-2274.3,2023-10-17,1.078757139143946,0.017051992571119747
2023-10-18,0.0,0,0.0,2023-10-18,0.974698317861073,0.017124927973359898
2023-10-19,6.9149999999992,1,138.29999999998398,2023-10-19,1.1974754485424777,0.016977720926209982
2023-10-20,40.22999999999803,2,804.5999999999606,2023-10-20,0.9046705990837355,0.017150149982314507
2023-10-23,-85.12499999999986,1,-1702.4999999999973,2023-10-23,1.162489587996314,0.017346603134794154
2023-10-24,-27.665000000000727,1,-553.3000000000145,2023-10-24,0.7823469452761765,0.01736268584178863
2023-10-25,190.1550000000008,1,3803.100000000016,2023-10-25,0.7922123687809374,0.017058005387243037
2023-10-26,-16.035000000001247,3,-320.70000000002494,2023-10-26,1.0429990600291124,0.017996734517066657
2023-10-27,0.0,0,0.0,2023-10-27,0.7668109529938314,0.017524183250687605
2023-10-30,-119.70499999999979,1,-2394.099999999996,2023-10-30,0.5938118902105642,0.017354077269304873
2023-10-31,-61.705000000001604,1,-1234.1000000000322,2023-10-31,0.9250201424588773,0.017446179862318306
2023-11-01,41.31999999999999,2,826.3999999999999,2023-11-01,1.0483962996911507,0.017771524765561188
2023-11-02,0.0,0,0.0,2023-11-02,0.9224262422788158,0.017914142997923006
2023-11-03,-23.22000000000088,2,-464.4000000000176,2023-11-03,1.0463874957197947,0.01774128385297021
2023-11-06,0.0,0,0.0,2023-11-06,0.6486947305361456,0.017813867135484027
2023-11-07,39.85500000000334,1,797.1000000000669,2023-11-07,1.0383062549979445,0.01716032241274284
2023-11-08,0.0,0,0.0,2023-11-08,0.8275805615432404,0.016790396781151944
2023-11-09,2.814999999998836,1,56.29999999997672,2023-11-09,0.991299661225757,0.0160251554466261
2023-11-10,128.98999999999825,2,2579.7999999999647,2023-11-10,1.3318589140105035,0.015899721149663336
2023-11-13,0.0,0,0.0,2023-11-13,0.7311414231829046,0.015835222456889984
2023-11-14,-21.674999999999127,1,-433.49999999998255,2023-11-14,1.885770965148397,0.01561414055894371
2023-11-15,0.0,0,0.0,2023-11-15,1.3949227243874305,0.015334104999127244
2023-11-16,0.0,0,0.0,2023-11-16,0.8244663052934579,0.014292699429056144
2023-11-17,0.0,0,0.0,2023-11-17,0.8355473270076266,0.013719215168508353
2023-11-20,99.3100000000016,2,1986.2000000000319,2023-11-20,1.0480907411209262,0.0131919074455686
2023-11-21,-49.445000000003205,1,-988.9000000000641,2023-11-21,1.0031445665785415,0.013228565989504124
2023-11-22,0.0,0,0.0,2023-11-22,1.117821252430226,0.012675637983304192
2023-11-23,0.0,0,0.0,2023-11-23,0.563824773765835,0.01223357176149131
2023-11-24,0.0,0,0.0,2023-11-24,1.022118002662821,0.01127457296319606
2023-11-27,-58.715,1,-1174.3000000000002,2023-11-27,1.1860697088646417,0.0110744743976315
2023-11-28,-8.884999999998254,1,-177.6999999999651,2023-11-28,1.1355866887112707,0.010730932901607367
2023-11-29,-94.38499999999826,1,-1887.6999999999653,2023-11-29,1.0473391413876583,0.010626774466439176
2023-11-30,-5.884999999998254,1,-117.69999999996507,2023-11-30,0.9544888302403064,0.010480087505618093
2023-12-01,-53.709999999995205,2,-1074.199999999904,2023-12-01,0.8515582411693468,0.009769379661034727
2023-12-04,-81.03499999999971,1,-1620.6999999999944,2023-12-04,1.1746252899027458,0.009992002382940096
2023-12-05,-81.31499999999855,1,-1626.299999999971,2023-12-05,0.911051099202515,0.009690085206234447
2023-12-06,0.0,0,0.0,2023-12-06,1.0423802566129403,0.009837378557374103
2023-12-07,45.845000000001306,1,916.9000000000261,2023-12-07,0.93303096993381,0.010407951468968179
2023-12-08,-77.77500000000131,1,-1555.5000000000264,2023-12-08,1.1832194017503426,0.01100931675491216
2023-12-11,79.06499999999883,1,1581.2999999999765,2023-12-11,0.7375644783784479,0.010784629290975692
2023-12-12,0.0,0,0.0,2023-12-12,1.1119510131119663,0.01079609340914255
2023-12-13,0.0,0,0.0,2023-12-13,0.6871650990042336,0.010765956509168787
2023-12-14,0.0,0,0.0,2023-12-14,1.0262178209990065,0.011630052036449292
2023-12-15,-66.58499999999898,1,-1331.6999999999798,2023-12-15,0.7527579786394712,0.012332402201766715
2023-12-18,9.7750000000016,1,195.500000000032,2023-12-18,0.7386381728280679,0.012360866873400612
2023-12-19,0.0,0,0.0,2023-12-19,0.8208329556784453,0.012508371852884111
2023-12-20,83.16499999999738,1,1663.2999999999474,2023-12-20,1.13102398379782,0.012013768556372756
2023-12-21,0.0,0,0.0,2023-12-21,1.2756979008872538,0.012474694209189873
2023-12-22,0.0,0,0.0,2023-12-22,0.849948703188746,0.012495757137992818
2023-12-26,0.0,0,0.0,2023-12-26,0.611182205020977,0.011740806209007719
2023-12-27,0.0,0,0.0,2023-12-27,0.6893697849535264,0.011490568407328256
2023-12-28,0.0,0,0.0,2023-12-28,0.7030519153426736,0.010727268068454723
2023-12-29,-25.804999999999854,3,-516.0999999999971,2023-12-29,1.1283013579170231,0.009948743567707984
2024-01-02,42.84999999999913,4,856.9999999999825,2024-01-02,2.0252533838245212,0.00989812191050988
2024-01-03,-41.31499999999855,1,-826.299999999971,2024-01-03,1.221262157496201,0.01081311643805669
2024-01-04,0.0,0,0.0,2024-01-04,1.003915571928354,0.010879145652788271
2024-01-05,-90.05499999999986,3,-1801.0999999999972,2024-01-05,1.1370145615387584,0.01053790191496216
2024-01-08,185.06499999999883,1,3701.2999999999765,2024-01-08,1.0414418259188865,0.010228057110639571
2024-01-09,0.0,0,0.0,2024-01-09,1.083306540175116,0.011145948458881021
2024-01-10,32.08500000000291,1,641.7000000000581,2024-01-10,1.0825877743371206,0.011378188077307791
2024-01-11,-33.515000000002914,1,-670.3000000000583,2024-01-11,1.4721975585113292,0.011768862966902788
2024-01-12,0.0,0,0.0,2024-01-12,1.29740880795011,0.011657191682367772
2024-01-15,0.0,0,0.0,2024-01-15,0.6711230144893184,0.011349966929545634
2024-01-16,0.0,0,0.0,2024-01-16,1.2941186966917702,0.010917844789099863
2024-01-17,-68.37000000000234,2,-1367.4000000000467,2024-01-17,1.2650541013402166,0.011122602452842538
2024-01-18,-65.24499999999884,1,-1304.899999999977,2024-01-18,1.0329057331241651,0.012001427586460191
2024-01-19,165.16500000000102,1,3303.30000000002,2024-01-19,0.791942671951164,0.012734831487785767
2024-01-22,0.0,0,0.0,2024-01-22,0.7877104788680668,0.013412760402522777
2024-01-23,0.0,0,0.0,2024-01-23,0.9906970461855278,0.012336721350889469
2024-01-24,-172.77499999999768,1,-3455.4999999999536,2024-01-24,0.7784967782853828,0.012005059486380388
2024-01-25,0.0,0,0.0,2024-01-25,1.1986910675454758,0.01243319856798509
2024-01-26,0.0,0,0.0,2024-01-26,1.0705799334667765,0.012530890347081313
2024-01-29,0.0,0,0.0,2024-01-29,0.7772569289724516,0.011601615096950919
2024-01-30,3.0449999999983994,1,60.89999999996799,2024-01-30,0.8657085203640431,0.011511538235655044
2024-01-31,13.005000000001164,1,260.1000000000233,2024-01-31,1.4941349475052201,0.01139527436062194
2024-02-01,-42.560000000001025,2,-851.2000000000205,2024-02-01,0.8750437521876291,0.011635922239159267
2024-02-02,149.0449999999984,1,2980.899999999968,2024-02-02,1.0908603676030262,0.011971499617300737
2024-02-05,-67.29999999999899,2,-1345.9999999999798,2024-02-05,0.8028240398490576,0.013142241530530532
2024-02-06,19.175000000003056,1,383.5000000000611,2024-02-06,0.8901916457987179,0.013161676599927275
2024-02-07,-26.264999999999272,1,-525.2999999999854,2024-02-07,0.9160639665702162,0.012818508656763743
2024-02-08,0.0,0,0.0,2024-02-08,0.7571785378987851,0.01260132368098425
2024-02-09,105.48499999999709,1,2109.6999999999416,2024-02-09,1.1716809343619121,0.011566887459423475
2024-02-12,-42.11500000000146,1,-842.3000000000292,2024-02-12,0.7134878267040681,0.011762888428750043
2024-02-13,0.0,0,0.0,2024-02-13,2.200387925247993,0.011971841269844156
2024-02-14,0.0,0,0.0,2024-02-14,0.8469802251009352,0.012604734671818312
2024-02-15,-34.325000000000585,1,-686.5000000000117,2024-02-15,0.6259783697818913,0.012579753381149417
2024-02-16,-98.41500000000408,3,-1968.3000000000816,2024-02-16,1.078330760894539,0.012639718004516031
2024-02-19,0.0,0,0.0,2024-02-19,0.6217979644818296,0.012704407187733675
2024-02-20,-55.91500000000044,3,-1118.3000000000088,2024-02-20,1.2849052544222361,0.01229838214496047
2024-02-21,0.0,0,0.0,2024-02-21,0.9556840947775987,0.012198384912746302
2024-02-22,59.77499999999796,1,1195.499999999959,2024-02-22,0.7437783727846502,0.012296418156835494
2024-02-23,0.0,0,0.0,2024-02-23,0.6812491808677625,0.013123886501776883
2024-02-26,0.0,0,0.0,2024-02-26,0.8205778320343273,0.013141273395954101
2024-02-27,0.0,0,0.0,2024-02-27,1.0089784696042738,0.012675606426842609
2024-02-28,0.0,0,0.0,2024-02-28,1.2497126754807912,0.012310464840266168
2024-02-29,0.0,0,0.0,2024-02-29,1.5200058192868877,0.012520772824383446
2024-03-01,165.9749999999987,1,3319.4999999999736,2024-03-01,1.108346160100737,0.012542208127245538
2024-03-04,0.0,0,0.0,2024-03-04,0.6773998792513516,0.012994775064713618
2024-03-05,115.42499999999941,1,2308.499999999988,2024-03-05,1.1140878464361728,0.011660674395789248
2024-03-06,0.0,0,0.0,2024-03-06,0.9841520547212685,0.012532194869454543
2024-03-07,62.19499999999985,1,1243.899999999997,2024-03-07,1.1935785970517796,0.012885064224289136
2024-03-08,-33.97000000000088,2,-679.4000000000176,2024-03-08,1.3641390403900746,0.013258578139881455
2024-03-11,-109.59500000000102,1,-2191.9000000000206,2024-03-11,1.0330904355464652,0.014694379434397206
2024-03-12,57.63499999999854,1,1152.6999999999707,2024-03-12,0.9718055117880909,0.013927900947551974
2024-03-13,-28.86000000000029,2,-577.2000000000058,2024-03-13,0.7749433196454977,0.014173094189093892
2024-03-14,-235.78499999999943,3,-4715.699999999989,2024-03-14,0.7711123480209964,0.012759448017796193
2024-03-15,-61.34999999999826,2,-1226.9999999999652,2024-03-15,1.048836986694732,0.012895296045368815
2024-03-18,-56.40500000000233,1,-1128.1000000000467,2024-03-18,0.880222821780977,0.013600680434786126
2024-03-19,-27.764999999999272,1,-555.2999999999854,2024-03-19,1.261195876840336,0.014373683444439364
2024-03-20,-2.034999999999709,1,-40.699999999994176,2024-03-20,0.9181618653705589,0.014732212063139195
2024-03-21,0.0,0,0.0,2024-03-21,0.8537105899034622,0.014874685583025517
2024-03-22,0.0,0,0.0,2024-03-22,1.0603250186871824,0.014549540045238826
2024-03-25,0.0,0,0.0,2024-03-25,0.8865611310944175,0.0146654100055819
2024-03-26,0.0,0,0.0,2024-03-26,1.071969970403487,0.013575288402516903
2024-03-27,0.0,0,0.0,2024-03-27,1.024276739315929,0.01326959603550589
2024-03-28,0.0,0,0.0,2024-03-28,1.0408953653183515,0.012784645627662032
2024-04-01,-52.42499999999913,1,-1048.4999999999827,2024-04-01,1.0068693377741125,0.011454087730853435
2024-04-02,-55.87499999999986,1,-1117.4999999999973,2024-04-02,1.3358202473955632,0.01160030234069189
2024-04-03,-81.32500000000059,1,-1626.5000000000118,2024-04-03,1.0444815729575099,0.01152324331760568
2024-04-04,159.4550000000019,1,3189.1000000000377,2024-04-04,0.9576804092443962,0.011584016095755895
2024-04-05,91.0449999999984,1,1820.8999999999678,2024-04-05,1.006455040138681,0.012629829467971258
2024-04-08,0.0,0,0.0,2024-04-08,1.1334554821208704,0.012854193836635715
2024-04-09,-72.57500000000059,1,-1451.5000000000118,2024-04-09,1.093060130070194,0.01213123616993972
2024-04-10,0.0,0,0.0,2024-04-10,1.9952116452786681,0.012158689356037727
2024-04-11,72.74499999999912,1,1454.8999999999824,2024-04-11,1.1988764112672208,0.012180307449935262
2024-04-12,18.105000000003347,1,362.1000000000669,2024-04-12,1.1284894931407745,0.012666037441030464
2024-04-15,78.57500000000087,1,1571.5000000000173,2024-04-15,0.8386504776417762,0.013602707826201153
2024-04-16,0.0,0,0.0,2024-04-16,0.948243426521408,0.014983732100153057
2024-04-17,119.15499999999898,1,2383.0999999999794,2024-04-17,0.8395680777300992,0.015007738156887237
2024-04-18,-45.264999999999276,1,-905.2999999999855,2024-04-18,0.8011553080083168,0.01565465645518182
2024-04-19,205.86500000000174,1,4117.300000000035,2024-04-19,0.9738703616249619,0.016220488349309756
2024-04-22,0.0,0,0.0,2024-04-22,0.740939705140323,0.01727193789276561
2024-04-23,111.72499999999869,1,2234.4999999999736,2024-04-23,0.6859735323486534,0.01736026562285562
2024-04-24,0.0,0,0.0,2024-04-24,0.8370550620396956,0.017779418698241605
2024-04-25,0.0,0,0.0,2024-04-25,1.1660770897340247,0.01673174181593558
2024-04-26,55.50499999999752,1,1110.0999999999503,2024-04-26,0.8576957614697513,0.016853615786473673
2024-04-29,0.0,0,0.0,2024-04-29,0.6349981154575666,0.017651287585680592
2024-04-30,148.32499999999723,1,2966.4999999999445,2024-04-30,1.012376267588855,0.017330526370110098
2024-05-01,-339.61500000000143,1,-6792.300000000028,2024-05-01,1.1145786731704406,0.017720072451815807
2024-05-02,0.0,0,0.0,2024-05-02,0.8447623346411665,0.017984794413515866
2024-05-03,0.0,0,0.0,2024-05-03,1.0233545996217426,0.017774683345432734
2024-05-06,0.0,0,0.0,2024-05-06,0.5608511309223935,0.017381916485378436
2024-05-07,0.0,0,0.0,2024-05-07,0.938381789497411,0.01747496399098631
2024-05-08,0.0,0,0.0,2024-05-08,1.1820021359113808,0.016473727287249943
2024-05-09,0.0,0,0.0,2024-05-09,1.2082480984020652,0.016203010338218343
2024-05-10,-103.34499999999738,1,-2066.899999999948,2024-05-10,1.0958566342180311,0.014919833302582794
2024-05-13,0.0,0,0.0,2024-05-13,0.7554528383648572,0.014310990550391542
2024-05-14,-22.119999999998697,2,-442.39999999997394,2024-05-14,1.350490730643396,0.013461833084778508
2024-05-15,127.63499999999854,1,2552.6999999999707,2024-05-15,1.3713478359343831,0.013188375391949359
2024-05-16,-63.565000000002186,1,-1271.3000000000438,2024-05-16,0.6862229663166584,0.012894433629595926
2024-05-17,-72.31499999999855,1,-1446.299999999971,2024-05-17,0.8360985004814862,0.012004188510194786
2024-05-20,16.785,1,335.7,2024-05-20,0.8181458605896303,0.011880716891695337
2024-05-21,0.0,0,0.0,2024-05-21,0.8334348504044554,0.011098090750840768
2024-05-22,-108.37499999999986,1,-2167.4999999999973,2024-05-22,1.05316966714074,0.009980351762229433
2024-05-23,20.235000000000728,1,404.70000000001454,2024-05-23,0.9010178077265986,0.009356390068677266
2024-05-24,42.77499999999796,1,855.4999999999592,2024-05-24,0.7593317278747699,0.009140440328280524
2024-05-27,11.755000000001164,1,235.10000000002327,2024-05-27,0.40507972978035267,0.009235719598237357
2024-05-28,-33.85499999999942,1,-677.0999999999884,2024-05-28,1.241837631347722,0.009152271152738796
2024-05-29,0.0,0,0.0,2024-05-29,1.3873893274732096,0.009003928290743158
2024-05-30,56.82500000000087,1,1136.5000000000173,2024-05-30,0.9204546371863004,0.009183289380908146
2024-05-31,-59.325000000000585,1,-1186.5000000000118,2024-05-31,1.3131238107364587,0.009576579237642992
2024-06-03,-159.56499999999855,1,-3191.299999999971,2024-06-03,0.6958945455665326,0.010680110487940474
2024-06-04,0.0,0,0.0,2024-06-04,0.9582856081049569,0.011254741520204507
2024-06-05,118.61500000000174,1,2372.3000000000347,2024-06-05,0.8082823371615225,0.010834072152468325
2024-06-06,-50.30500000000015,1,-1006.100000000003,2024-06-06,0.7345547473641315,0.01180033171210097
2024-06-07,0.0,0,0.0,2024-06-07,1.6004146082086934,0.011663505944434388
2024-06-10,0.0,0,0.0,2024-06-10,0.9710341978899685,0.011666932938777368
2024-06-11,0.0,0,0.0,2024-06-11,0.8018839519979374,0.011738288140104492
2024-06-12,0.605000000003347,1,12.10000000006694,2024-06-12,1.3223515793691676,0.012090280238975862
2024-06-13,0.0,0,0.0,2024-06-13,1.1214946123903622,0.011981796629720366
2024-06-14,50.83500000000291,1,1016.7000000000581,2024-06-14,1.195424740293239,0.011738533606009223
2024-06-17,117.82500000000087,1,2356.5000000000173,2024-06-17,0.8857340603318797,0.011907542236068635
2024-06-18,0.0,0,0.0,2024-06-18,0.9383993465010753,0.012711464498107712
2024-06-19,0.0,0,0.0,2024-06-19,0.4261192955277821,0.01238286864102883
2024-06-20,-24.989999999997675,2,-499.7999999999535,2024-06-20,1.3927348779604511,0.011550779203612985
2024-06-21,-60.11499999999782,1,-1202.2999999999565,2024-06-21,1.7439609345462284,0.011139289813469082
2024-06-24,0.0,0,0.0,2024-06-24,0.9234952407852884,0.010481646261652927
2024-06-25,-7.255000000000873,1,-145.10000000001747,2024-06-25,0.9887943485730976,0.010695584612219727
2024-06-26,0.0,0,0.0,2024-06-26,0.9908650494288347,0.010125488012301126
2024-06-27,-31.33499999999898,1,-626.6999999999796,2024-06-27,0.717090135117162,0.010170606346902589
2024-06-28,-50.89000000000277,2,-1017.8000000000554,2024-06-28,0.7599464598910647,0.010140860909284299
2024-07-01,-51.22500000000204,1,-1024.500000000041,2024-07-01,1.0807359120474382,0.010887895770201697
2024-07-02,151.32500000000087,1,3026.5000000000173,2024-07-02,0.8319015327890777,0.01088302596027455
2024-07-03,110.50499999999752,1,2210.0999999999503,2024-07-03,0.7144220043445231,0.010608516713868064
2024-07-04,0.0,0,0.0,2024-07-04,0.2581464831206601,0.010751175175044822
2024-07-05,111.54500000000203,1,2230.9000000000406,2024-07-05,1.4759273424744785,0.010448386951393879
2024-07-08,0.0,0,0.0,2024-07-08,0.6600721364120765,0.010044046859757487
2024-07-09,0.0,0,0.0,2024-07-09,0.6700101205447222,0.010027222626308983
2024-07-10,47.69499999999985,1,953.899999999997,2024-07-10,0.7182066124261806,0.010380743697177652
2024-07-11,273.274999999998,1,5465.49999999996,2024-07-11,1.0013680039677755,0.010106232566289144
2024-07-12,-3.335000000002619,1,-66.70000000005238,2024-07-12,1.2690549772586113,0.011374973662435428
2024-07-15,-19.02500000000131,1,-380.5000000000262,2024-07-15,0.4999647912118855,0.011550544533036364
2024-07-16,-80.00500000000088,1,-1600.1000000000176,2024-07-16,0.9518791276372931,0.011714770843618303
2024-07-17,226.4349999999978,1,4528.699999999956,2024-07-17,1.368797843806501,0.012063451616783702
2024-07-18,-73.465,1,-1469.3000000000002,2024-07-18,1.3004114238385767,0.013669290360795863
2024-07-19,35.39500000000058,1,707.9000000000116,2024-07-19,1.1847987009885885,0.01375639074657026
2024-07-22,0.0,0,0.0,2024-07-22,0.6515650141371061,0.01399069662275196
2024-07-23,0.0,0,0.0,2024-07-23,0.8675604897374459,0.014183976008636459
2024-07-24,320.6450000000006,1,6412.900000000012,2024-07-24,0.9168041898301088,0.01406500341289514
2024-07-25,-192.20000000000044,2,-3844.000000000009,2024-07-25,1.5676611000516025,0.01670248393112531
2024-07-26,0.0,0,0.0,2024-07-26,0.7711458402815651,0.017715845590924543
2024-07-29,-69.54500000000175,1,-1390.900000000035,2024-07-29,0.708715721090704,0.018512885186307847
2024-07-30,175.14500000000058,1,3502.9000000000115,2024-07-30,0.6683709721874516,0.018955741750232697
2024-07-31,-123.45499999999797,1,-2469.0999999999594,2024-07-31,0.8364071793367456,0.020091912439423452
2024-08-01,124.70999999999944,2,2494.199999999989,2024-08-01,0.969582839633902,0.02058094225844099
2024-08-02,-90.92999999999637,2,-1818.5999999999274,2024-08-02,1.145850275053812,0.02253776213912798
2024-08-05,0.0,0,0.0,2024-08-05,1.6811770567507882,0.023998031523346477
2024-08-06,-137.58500000000262,1,-2751.7000000000526,2024-08-06,0.8455648761028501,0.027402828663634592
2024-08-07,0.0,0,0.0,2024-08-07,0.5771263065105172,0.0272503951180346
2024-08-08,142.95499999999825,1,2859.099999999965,2024-08-08,1.015858446660777,0.028259550805485017
2024-08-09,0.0,0,0.0,2024-08-09,0.8168406606871549,0.02933857586788771
2024-08-12,0.0,0,0.0,2024-08-12,0.5520820542207343,0.029185483023598007
2024-08-13,28.075000000000873,1,561.5000000000175,2024-08-13,0.9674562669090261,0.02946358973498009
2024-08-14,0.0,0,0.0,2024-08-14,0.8966790641238696,0.028399033587471274
2024-08-15,131.17499999999941,1,2623.499999999988,2024-08-15,1.3649856118370818,0.02753039231305856
2024-08-16,0.0,0,0.0,2024-08-16,0.9409871131576527,0.028196473938944394
2024-08-19,0.0,0,0.0,2024-08-19,0.7850951626043692,0.027937139412976136
2024-08-20,0.0,0,0.0,2024-08-20,0.7923727974984908,0.027183156076940496
2024-08-21,0.0,0,0.0,2024-08-21,0.7916626926273749,0.0255147502715729
2024-08-22,130.65500000000262,1,2613.100000000052,2024-08-22,0.811794263577844,0.023214354050130694
2024-08-23,-171.07500000000059,1,-3421.500000000012,2024-08-23,0.6848977736244568,0.022508013878825138
2024-08-26,23.625000000000146,1,472.5000000000029,2024-08-26,0.7777844926572816,0.01949087075566717
2024-08-27,0.0,0,0.0,2024-08-27,0.963384659472939,0.018536675092793168
2024-08-28,9.63500000000247,3,192.7000000000494,2024-08-28,0.7671037585945668,0.017043976509700336
2024-08-29,-153.01499999999928,1,-3060.2999999999856,2024-08-29,1.1547260686333338,0.016186585568207196
2024-08-30,0.0,0,0.0,2024-08-30,0.656528898552571,0.016463343690188165
2024-09-02,0.0,0,0.0,2024-09-02,0.5357524067706013,0.016492479738207316
2024-09-03,370.0949999999977,1,7401.899999999954,2024-09-03,1.278013171377509,0.015046068171747784
2024-09-04,0.0,0,0.0,2024-09-04,0.9888791472474668,0.016771953857815717
2024-09-05,-71.37499999999986,1,-1427.4999999999973,2024-09-05,0.9242256099955172,0.01600501444361487
2024-09-06,299.9650000000003,1,5999.300000000007,2024-09-06,1.2403935961182915,0.016443907836154795
2024-09-09,0.0,0,0.0,2024-09-09,0.5644896232077943,0.0173588738498538
2024-09-10,0.0,0,0.0,2024-09-10,0.8558046587147863,0.017740387492316257
2024-09-11,-140.715,1,-2814.3,2024-09-11,0.9342204104403563,0.01807982216519709
2024-09-12,0.0,0,0.0,2024-09-12,0.7058730343827616,0.01908676514734994
2024-09-13,0.0,0,0.0,2024-09-13,0.5401475892278986,0.01903239118512426
2024-09-16,0.0,0,0.0,2024-09-16,0.7622792052028593,0.01860808593446792
2024-09-17,0.0,0,0.0,2024-09-17,1.0175351147348421,0.018517429971582816
2024-09-18,0.0,0,0.0,2024-09-18,0.7721697028712023,0.018127887277653916
2024-09-19,0.0,0,0.0,2024-09-19,0.7573178012832674,0.018062165891595837
2024-09-20,-113.74500000000248,1,-2274.9000000000497,2024-09-20,0.7344600652681251,0.01930851701097086
2024-09-23,0.0,0,0.0,2024-09-23,0.9651856251372941,0.019806321847719865
2024-09-24,0.0,0,0.0,2024-09-24,1.0493179085841864,0.01742541946721413
2024-09-25,-30.9749999999984,1,-619.4999999999679,2024-09-25,0.7074963218899224,0.017310541108719532
2024-09-26,0.0,0,0.0,2024-09-26,0.8682661546012372,0.01662849918041356
2024-09-27,12.985000000000728,1,259.70000000001454,2024-09-27,1.1123429301029206,0.01567561859838103
2024-09-30,0.0,0,0.0,2024-09-30,0.9145122665398209,0.015379700738684813
2024-10-01,64.71500000000086,5,1294.300000000017,2024-10-01,0.8427921472597534,0.015098918830057323
2024-10-02,0.0,0,0.0,2024-10-02,0.9412730232002059,0.013948290789781603
2024-10-03,0.0,0,0.0,2024-10-03,0.8432257553647674,0.013768658557430145
2024-10-04,0.0,0,0.0,2024-10-04,1.0582834368949314,0.013952793905204833
2024-10-07,-31.495000000002474,1,-629.9000000000494,2024-10-07,0.7554196558077618,0.014034071528011846
2024-10-08,61.36500000000174,1,1227.3000000000347,2024-10-08,0.8544533518495109,0.014030718839714044
2024-10-09,11.954999999998254,1,239.09999999996506,2024-10-09,0.7132666709126907,0.013945401004037631
2024-10-10,0.0,0,0.0,2024-10-10,1.123360413767841,0.012596593790840408
2024-10-11,0.0,0,0.0,2024-10-11,0.9532245439121617,0.012520813157926023
2024-10-14,-112.715,1,-2254.3,2024-10-14,0.7805072696773381,0.012763563115056354
2024-10-15,177.23500000000072,1,3544.7000000000144,2024-10-15,0.8315670216012571,0.0126341258149928
2024-10-16,-111.93500000000117,1,-2238.7000000000235,2024-10-16,0.9174636647131198,0.013577774639261962
2024-10-17,0.0,0,0.0,2024-10-17,0.9307651129131308,0.01302807364735288
2024-10-18,0.0,0,0.0,2024-10-18,0.686065415318495,0.013092183515563472
2024-10-21,0.0,0,0.0,2024-10-21,0.930298414186405,0.012857125826009641
2024-10-22,0.0,0,0.0,2024-10-22,1.152433441645874,0.01196764050892678
2024-10-23,93.69499999999985,1,1873.899999999997,2024-10-23,0.856252421030391,0.011860541669936666
2024-10-24,0.0,0,0.0,2024-10-24,0.9167296258581639,0.012649422849445103
2024-10-25,-89.1100000000003,2,-1782.200000000006,2024-10-25,0.867599444166837,0.012406887372501646
2024-10-28,0.0,0,0.0,2024-10-28,0.9519371035856503,0.012549192649524601
2024-10-29,98.8649999999981,1,1977.299999999962,2024-10-29,0.8030660758756635,0.011877551073053817
2024-10-30,0.0,0,0.0,2024-10-30,0.8638120725542741,0.012109354456567833
2024-10-31,159.38500000000218,1,3187.7000000000435,2024-10-31,0.9403477921708576,0.01202912684820227
2024-11-01,-14.935000000001164,1,-298.7000000000233,2024-11-01,0.7429106756883788,0.013276987867423923
2024-11-04,0.0,0,0.0,2024-11-04,0.9456201146138286,0.013460645088050213
2024-11-05,49.52000000000072,2,990.4000000000144,2024-11-05,0.6830910689730508,0.012797897073382416
2024-11-06,24.439999999998975,2,488.7999999999795,2024-11-06,1.221732141262398,0.013200076997093737
2024-11-07,115.68499999999781,1,2313.699999999956,2024-11-07,0.5694891183967269,0.014410355297399298
2024-11-08,0.0,0,0.0,2024-11-08,0.7676724567957287,0.015040667129983098
2024-11-11,0.0,0,0.0,2024-11-11,0.9654746620654874,0.014660424255831956
2024-11-12,-119.69499999999957,1,-2393.8999999999915,2024-11-12,1.11274608075059,0.014505727128069865
2024-11-13,0.0,0,0.0,2024-11-13,1.2181082352940988,0.013542145596941248
2024-11-14,0.0,0,0.0,2024-11-14,0.879898267773751,0.01359102883330118
2024-11-15,204.91500000000102,1,4098.30000000002,2024-11-15,0.8588858079153052,0.013143263468030781
2024-11-18,-55.28500000000335,1,-1105.7000000000671,2024-11-18,1.0870081497804187,0.014755644414078952
2024-11-19,-20.63500000000189,1,-412.70000000003785,2024-11-19,1.8273346038660476,0.014476858176368153
2024-11-20,-168.6599999999993,4,-3373.1999999999857,2024-11-20,0.7205826302266825,0.014812856821596766
2024-11-21,-43.654999999998694,1,-873.0999999999739,2024-11-21,1.06646634986608,0.013931087920271508
2024-11-22,0.0,0,0.0,2024-11-22,0.7968524856881984,0.014292810842962926
2024-11-25,0.0,0,0.0,2024-11-25,0.5551140026354959,0.014073146099951644
2024-11-26,0.0,0,0.0,2024-11-26,0.7816330493458671,0.01409256171092138
2024-11-27,42.20499999999882,5,844.0999999999764,2024-11-27,0.8669293077531469,0.012575812358578976
2024-11-28,0.0,0,0.0,2024-11-28,0.39838917882968566,0.012447500400618415
2024-11-29,2.1250000000001457,1,42.50000000000291,2024-11-29,0.9030893326204699,0.01241732700452807
2024-12-02,66.27499999999796,1,1325.499999999959,2024-12-02,0.9305419803185838,0.012484000078792206
2024-12-03,0.0,0,0.0,2024-12-03,0.7604723216084307,0.012723736975688982
2024-12-04,0.0,0,0.0,2024-12-04,0.9405188863025667,0.012530050634220344
2024-12-05,0.0,0,0.0,2024-12-05,0.731786327462816,0.012731943611398008
2024-12-06,52.05500000000043,1,1041.1000000000085,2024-12-06,1.1613615297654043,0.010989210996868755
2024-12-09,22.0449999999984,1,440.899999999968,2024-12-09,1.123425028036144,0.010821582410964928
2024-12-10,0.0,0,0.0,2024-12-10,0.8122781085524063,0.010582643102228895
2024-12-11,98.34499999999767,1,1966.8999999999533,2024-12-11,0.9653897595634781,0.010437025167304883
2024-12-12,0.0,0,0.0,2024-12-12,1.1394587630086601,0.0104437471537764
2024-12-13,-80.6450000000003,1,-1612.900000000006,2024-12-13,0.8465039663617854,0.010454403403075293
2024-12-16,143.93500000000145,1,2878.700000000029,2024-12-16,0.7631140732305933,0.010293828306742124
2024-12-17,-62.704999999997966,1,-1254.0999999999594,2024-12-17,1.117448279620996,0.01091079818294907
2024-12-18,0.0,0,0.0,2024-12-18,1.0138891705022153,0.010358111597053776
2024-12-19,0.0,0,0.0,2024-12-19,0.9713524055942513,0.013102234410677151
2024-12-20,110.7750000000016,1,2215.500000000032,2024-12-20,1.1499241810317848,0.013499443910978848
2024-12-23,9.48499999999709,1,189.69999999994178,2024-12-23,0.7777690309375664,0.014754012504090138
2024-12-24,145.4650000000003,1,2909.3000000000056,2024-12-24,0.4766982998487032,0.015217039635946231
2024-12-26,0.0,0,0.0,2024-12-26,1.125578064194834,0.01527821371082914
2024-12-27,-9.339999999999861,2,-186.79999999999723,2024-12-27,0.7064300174755127,0.015586794077051911
2024-12-30,-85.92499999999913,1,-1718.4999999999827,2024-12-30,1.4387175266585535,0.01662137697084075
2024-12-31,79.90499999999898,1,1598.0999999999794,2024-12-31,0.9896945431095231,0.017382886526171308
2025-01-02,0.0,0,0.0,2025-01-02,1.033456932382213,0.017567136458631127
2025-01-03,32.23999999999825,2,644.7999999999649,2025-01-03,0.608090510370983,0.0177704859425211
2025-01-06,8.464999999996653,1,169.29999999993305,2025-01-06,0.7822824065403237,0.018515377256700754
2025-01-07,221.74499999999912,1,4434.899999999982,2025-01-07,0.8773952563873423,0.0189236431936928
2025-01-08,0.0,0,0.0,2025-01-08,1.3822804858794702,0.019567985007159026
2025-01-10,18.719999999997817,2,374.3999999999563,2025-01-10,1.2868564905474777,0.01992846624775225
2025-01-13,0.0,0,0.0,2025-01-13,1.1219288938817114,0.01851565299833496
2025-01-14,0.0,0,0.0,2025-01-14,1.0436965129900146,0.01846605201856478
2025-01-15,-9.134999999998254,1,-182.6999999999651,2025-01-15,1.2243147230757083,0.017523679728086047
2025-01-16,0.0,0,0.0,2025-01-16,0.9504282449482357,0.018304708244563993
2025-01-17,0.0,0,0.0,2025-01-17,1.0673481130819027,0.01820530027644406
2025-01-20,0.0,0,0.0,2025-01-20,0.9025238231521859,0.018938751333236498
2025-01-21,0.0,0,0.0,2025-01-21,0.8586176190931338,0.017852364567658548
2025-01-22,-17.045000000001746,1,-340.90000000003494,2025-01-22,0.5530420914482476,0.017161187018764616
2025-01-23,0.0,0,0.0,2025-01-23,0.7337759742077647,0.01736012575959607
2025-01-24,0.0,0,0.0,2025-01-24,0.8069043927648483,0.01638319412095549
2025-01-27,0.0,0,0.0,2025-01-27,2.6278609219976934,0.015850946675405205
2025-01-28,109.74499999999912,1,2194.8999999999824,2025-01-28,0.8599846381619183,0.017306041150517374
2025-01-29,-41.53499999999971,1,-830.6999999999942,2025-01-29,0.5335413360330442,0.017089726641028594
2025-01-30,0.0,0,0.0,2025-01-30,0.862305638628206,0.01699561982930601
2025-01-31,-293.07500000000056,1,-5861.500000000011,2025-01-31,0.5532657890504802,0.016433066889853735
2025-02-03,0.0,0,0.0,2025-02-03,0.9839376690067955,0.016788131951383668
2025-02-04,108.01999999999708,2,2160.3999999999414,2025-02-04,0.7228543829487577,0.017131954089603406
2025-02-05,0.0,0,0.0,2025-02-05,0.7004820883505368,0.016317784130130335
2025-02-06,0.0,0,0.0,2025-02-06,0.7583887005101055,0.016341897633832512
2025-02-07,158.47500000000232,1,3169.5000000000464,2025-02-07,0.9392272129511277,0.015497491216142429
2025-02-10,0.0,0,0.0,2025-02-10,0.6519763743752904,0.016285037986637375
2025-02-11,0.0,0,0.0,2025-02-11,0.9561650221428177,0.01647481787629857
2025-02-12,0.0,0,0.0,2025-02-12,1.8756561257594084,0.015803905152354938
2025-02-13,-45.310000000001025,2,-906.2000000000205,2025-02-13,1.2425887959217556,0.016219746571272488
2025-02-14,0.0,0,0.0,2025-02-14,0.7123648984177313,0.01649621779035768
2025-02-17,0.0,0,0.0,2025-02-17,0.45622069720060304,0.014198947829720577
2025-02-18,0.0,0,0.0,2025-02-18,0.9889687494211091,0.012844906827007074
2025-02-19,0.0,0,0.0,2025-02-19,1.1570633042210094,0.012581951550527385
2025-02-20,-138.63499999999797,3,-2772.6999999999593,2025-02-20,0.7620203982515763,0.012077919890574116
2025-02-21,329.1450000000006,1,6582.900000000012,2025-02-21,0.8464524557067318,0.011608643422354162
2025-02-24,-27.245000000002474,1,-544.9000000000494,2025-02-24,0.8610857420377572,0.011779889126728376
2025-02-25,109.38999999999999,4,2187.7999999999997,2025-02-25,1.2100365237404487,0.01213845978930313
2025-02-26,-119.34500000000102,1,-2386.9000000000206,2025-02-26,0.6502135413700706,0.012716096162536708
2025-02-27,296.5499999999996,2,5930.999999999993,2025-02-27,0.7222911799065445,0.013320428576618725
2025-02-28,-120.36499999999782,1,-2407.2999999999565,2025-02-28,0.675176835061949,0.014661265252575885
2025-03-03,0.0,0,0.0,2025-03-03,0.649336832399465,0.01531318603380436
2025-03-04,-69.59500000000102,1,-1391.9000000000206,2025-03-04,0.8862035782802431,0.017559347274075963
2025-03-05,88.82500000000087,1,1776.5000000000173,2025-03-05,0.8861078119778523,0.01886915523078351
2025-03-06,66.12500000000014,1,1322.5000000000027,2025-03-06,0.8464681667496338,0.019592315215714612
2025-03-07,-358.63499999999823,1,-7172.699999999964,2025-03-07,0.9057178649651026,0.021486538751852555
2025-03-10,212.0449999999984,1,4240.899999999968,2025-03-10,0.9287621485614862,0.02313539183094587
2025-03-11,-307.8649999999978,1,-6157.299999999956,2025-03-11,0.7852224354061998,0.026098057811742775
2025-03-12,0.0,0,0.0,2025-03-12,0.8258996501631907,0.027303649039703618
2025-03-13,-7.549999999998988,2,-150.99999999997976,2025-03-13,0.8886431552570179,0.027752237410561726
2025-03-14,62.14500000000058,1,1242.9000000000115,2025-03-14,0.6356285240575139,0.027649858754732946
2025-03-17,0.0,0,0.0,2025-03-17,0.6942782682509491,0.028112710651240002
2025-03-18,-41.27499999999739,3,-825.4999999999478,2025-03-18,0.8958591432055397,0.027848622153602624
2025-03-19,0.0,0,0.0,2025-03-19,0.8518762310441218,0.028261475586766987
2025-03-20,0.0,0,0.0,2025-03-20,1.228852245202153,0.027110204879707833
2025-03-21,0.0,0,0.0,2025-03-21,1.1523437499999987,0.026712371863794267
2025-03-24,0.0,0,0.0,2025-03-24,0.64919465544065,0.025218526704138513
2025-03-25,0.0,0,0.0,2025-03-25,0.8650135690648247,0.02451791778831596
2025-03-26,205.5250000000016,1,4110.500000000032,2025-03-26,0.8943544549783915,0.023219932949327903
2025-03-27,0.0,0,0.0,2025-03-27,1.202610797743744,0.02246367192113713
2025-03-28,178.77499999999796,1,3575.499999999959,2025-03-28,1.0444294126592033,0.02156131171163378
2025-03-31,-80.74500000000248,1,-1614.9000000000497,2025-03-31,1.004957269604787,0.020170985831197055
2025-04-01,0.0,0,0.0,2025-04-01,1.100735276313772,0.020265778751006904
2025-04-02,-157.73500000000044,1,-3154.700000000009,2025-04-02,0.7807637025120411,0.020257025915372928
2025-04-03,-166.77999999999855,2,-3335.5999999999713,2025-04-03,1.072935358530557,0.020703657943814464
2025-04-04,384.2649999999996,1,7685.299999999992,2025-04-04,1.626821419574893,0.02306442299335868
2025-04-07,-228.92499999999913,1,-4578.499999999983,2025-04-07,1.356209709624047,0.02658736694098813
2025-04-08,-99.88000000000073,2,-1997.6000000000147,2025-04-08,0.6228455427377981,0.03187924428220428
2025-04-09,1525.3949999999973,3,30507.899999999943,2025-04-09,1.1535619670114368,0.03604896241148074
2025-04-10,203.25500000000116,1,4065.100000000023,2025-04-10,0.8563968811847884,0.04289274230901946
2025-04-11,0.0,0,0.0,2025-04-11,0.798031170176573,0.04679889691693769
2025-04-14,0.0,0,0.0,2025-04-14,0.5221957356526166,0.04748972845944621
2025-04-15,0.0,0,0.0,2025-04-15,0.599641697383862,0.048974803359233536
2025-04-16,0.0,0,0.0,2025-04-16,1.158327653014076,0.048383799798119596
2025-04-17,0.0,0,0.0,2025-04-17,0.8612102192822488,0.05072278327502811
2025-04-21,71.99499999999912,1,1439.8999999999824,2025-04-21,0.6807223297539693,0.04964793864062964
2025-04-22,-84.02500000000131,1,-1680.5000000000264,2025-04-22,0.7395468899458923,0.05044721688799643
2025-04-23,0.0,0,0.0,2025-04-23,0.8668805852191961,0.051352297161083194
2025-04-24,269.1450000000006,1,5382.900000000012,2025-04-24,0.962978546335998,0.05226310979907647
2025-04-25,0.0,0,0.0,2025-04-25,0.9724218597047242,0.05016248512336529
2025-04-28,-111.03499999999971,1,-2220.6999999999944,2025-04-28,0.732385565361834,0.0466184888444113
2025-04-29,0.0,0,0.0,2025-04-29,0.9794476491489077,0.041089824359318294
2025-04-30,-191.3150000000022,1,-3826.300000000044,2025-04-30,1.2378378259308458,0.036391965589634645
2025-05-01,0.0,0,0.0,2025-05-01,0.6946904773303935,0.030519772401520814
2025-05-02,0.0,0,0.0,2025-05-02,0.91920187281257,0.02703807312920342
2025-05-05,0.0,0,0.0,2025-05-05,0.6946936682901783,0.02615800644396752
2025-05-06,0.0,0,0.0,2025-05-06,1.009490133117958,0.024941649448717306
2025-05-07,0.0,0,0.0,2025-05-07,0.7798672178613331,0.025138060309765137
2025-05-08,-181.215,1,-3624.3,2025-05-08,0.7671461035752952,0.02320402809108809
2025-05-09,0.0,0,0.0,2025-05-09,0.8077889737392998,0.023551917059313438
2025-05-12,0.0,0,0.0,2025-05-12,1.6010214361951562,0.021655317010390356
2025-05-13,146.45499999999825,1,2929.099999999965,2025-05-13,0.8599990810573097,0.022144631013221224
2025-05-14,0.0,0,0.0,2025-05-14,0.9033074884205282,0.020490691470513845
2025-05-15,0.0,0,0.0,2025-05-15,1.2639893914971856,0.01895384967842357
2025-05-16,0.0,0,0.0,2025-05-16,0.9245586717287534,0.018722040325010264
2025-05-19,0.0,0,0.0,2025-05-19,1.043694007051765,0.018020833455893583
2025-05-20,0.0,0,0.0,2025-05-20,0.7728609046012765,0.018121324551799482
2025-05-21,-53.22500000000204,1,-1064.500000000041,2025-05-21,0.9931147218730413,0.016646002222138422
2025-05-22,-191.76999999999651,2,-3835.3999999999305,2025-05-22,1.213884862315385,0.016550052021836854
2025-05-23,0.0,0,0.0,2025-05-23,1.583912849138788,0.015892655538207894
2025-05-26,0.0,0,0.0,2025-05-26,0.43865681970592224,0.016387674235796398
2025-05-27,76.27499999999796,1,1525.499999999959,2025-05-27,0.8640011167967198,0.01631482045139234
2025-05-28,0.0,0,0.0,2025-05-28,0.8355557899803073,0.01595710550636414
2025-05-29,0.0,0,0.0,2025-05-29,1.2984786329952904,0.015311181587430943
2025-05-30,-325.82000000000306,2,-6516.4000000000615,2025-05-30,0.9810222185603306,0.015788081869227772
2025-06-02,0.0,0,0.0,2025-06-02,0.7161017894935535,0.014209087226627613
2025-06-03,43.20500000000189,1,864.1000000000378,2025-06-03,0.7574908312515507,0.013901712239591895
2025-06-04,0.0,0,0.0,2025-06-04,0.930536247051663,0.014227854842416692
2025-06-05,-235.48500000000044,1,-4709.700000000009,2025-06-05,1.651120444270791,0.0138193188169481
2025-06-06,0.0,0,0.0,2025-06-06,0.8648995815668801,0.014610197288797058
2025-06-09,0.0,0,0.0,2025-06-09,0.5645464322272244,0.014413546886989035
2025-06-10,0.0,0,0.0,2025-06-10,0.9520302699408408,0.01412171351431854
2025-06-11,0.0,0,0.0,2025-06-11,1.3435594566012106,0.013292515566477288
2025-06-12,0.0,0,0.0,2025-06-12,1.3644132893137033,0.013437158033608792
2025-06-13,0.0,0,0.0,2025-06-13,0.8791591176395598,0.01272491202339981
2025-06-16,23.785,1,475.7,2025-06-16,0.641667431249114,0.012711090048424193
2025-06-17,-20.715,1,-414.3,2025-06-17,0.8249485013053455,0.012864802418442926
2025-06-18,-45.454999999997966,1,-909.0999999999593,2025-06-18,0.8427478108727836,0.013003170754268505
2025-06-19,-58.89500000000001,3,-1177.9,2025-06-19,0.8896616861973599,0.01244095303137205
2025-06-20,0.0,0,0.0,2025-06-20,1.0177544516946004,0.01221419385346287
2025-06-23,-65.715,1,-1314.3000000000002,2025-06-23,0.9851047004632993,0.012587204705007288
2025-06-24,32.035,1,640.6999999999999,2025-06-24,0.8076512733328848,0.012912448908743672
2025-06-25,0.0,0,0.0,2025-06-25,0.5986449763828102,0.01357772461626032
2025-06-26,0.0,0,0.0,2025-06-26,0.9425620080496689,0.012657933723328917
2025-06-27,-45.93000000000001,2,-918.6000000000001,2025-06-27,0.9945926819752984,0.012445678069725843
2025-06-30,0.0,0,0.0,2025-06-30,0.8269759160053414,0.01269528771027725
2025-07-01,-5.965,1,-119.3,2025-07-01,0.9358096326360994,0.012454319661011739
2025-07-02,53.27499999999796,1,1065.499999999959,2025-07-02,1.1869195882225945,0.012471207355430027
2025-07-03,62.2750000000016,1,1245.5000000000318,2025-07-03,0.8295734625176933,0.012588237743514889
2025-07-04,0.0,0,0.0,2025-07-04,1.1348461982158486,0.012296267161367
2025-07-07,0.0,0,0.0,2025-07-07,1.0313259966301487,0.011691673984782172
2025-07-08,0.0,0,0.0,2025-07-08,0.8700247473705899,0.011440331468303108
2025-07-09,-140.4200000000016,2,-2808.4000000000324,2025-07-09,0.7189629236350771,0.011118947657406366
2025-07-10,-37.215,1,-744.3000000000001,2025-07-10,0.8336590065741105,0.010818956413587323
2025-07-11,0.0,0,0.0,2025-07-11,1.0622320573830664,0.010006785821079046
2025-07-14,-0.46499999999999997,1,-9.299999999999999,2025-07-14,0.8037053588440446,0.009352029806672473
2025-07-15,0.0,0,0.0,2025-07-15,0.7793666314902813,0.008850310160222374
2025-07-16,-46.68000000000001,2,-933.6000000000001,2025-07-16,0.9017237382208959,0.008924875501309286
2025-07-17,62.535,1,1250.6999999999998,2025-07-17,0.682682819355914,0.009016712416579553
2025-07-18,-54.465,1,-1089.3000000000002,2025-07-18,0.5475024837508565,0.008966028706024818
2025-07-21,-31.965,1,-639.3,2025-07-21,0.7393972533185798,0.008827717708786369
2025-07-22,-82.86000000000001,4,-1657.2000000000003,2025-07-22,1.0766342812206502,0.008518334320468656
2025-07-23,0.0,0,0.0,2025-07-23,0.7323097153791437,0.008627993770766198
2025-07-24,0.0,0,0.0,2025-07-24,0.7844288535184346,0.008373895931476628
2025-07-25,-41.965,1,-839.3000000000001,2025-07-25,0.7112795856427072,0.00822646519185349
2025-07-28,0.0,0,0.0,2025-07-28,0.8140248428762356,0.008052177737920862
2025-07-29,0.0,0,0.0,2025-07-29,0.997610061532798,0.007995342834126068
2025-07-30,0.0,0,0.0,2025-07-30,0.985906641318515,0.008016267435332012
2025-07-31,35.035,1,700.6999999999999,2025-07-31,0.9902606299273999,0.008139170532907292
2025-08-01,-132.86,4,-2657.2000000000003,2025-08-01,1.5235258748955518,0.00901160708539006
2025-08-04,49.77499999999796,1,995.4999999999592,2025-08-04,0.5804685150126665,0.010123739819460062
2025-08-05,-15.930000000000007,2,-318.60000000000014,2025-08-05,0.7007852917534066,0.010849606085912065
2025-08-06,141.52499999999796,1,2830.499999999959,2025-08-06,0.9331811919227477,0.010906985014590042
2025-08-07,0.0,0,0.0,2025-08-07,0.9246411734836505,0.011201110232261063
2025-08-08,70.035,1,1400.6999999999998,2025-08-08,0.5682542400289297,0.011808524218562152
2025-08-11,0.0,0,0.0,2025-08-11,0.8684708672227596,0.011873616920364536
2025-08-12,100.535,1,2010.6999999999998,2025-08-12,1.286333438661771,0.011785724906186684
2025-08-13,0.0,0,0.0,2025-08-13,0.7122344133604183,0.012219500789581575
2025-08-14,0.0,0,0.0,2025-08-14,1.084854219151954,0.012378163362322404
2025-08-15,-74.18,2,-1483.6000000000001,2025-08-15,0.9495208232124706,0.012432371585301543
2025-08-18,0.0,0,0.0,2025-08-18,0.9361043182849641,0.012671869518963081
2025-08-19,207.2750000000016,1,4145.500000000032,2025-08-19,0.7700136216317682,0.012283586948005456
2025-08-20,-151.709999999998,8,-3034.19999999996,2025-08-20,0.9770816869028066,0.01270397328351125
2025-08-21,0.0,0,0.0,2025-08-21,0.8905476375355844,0.012671202449041562
2025-08-22,9.785,1,195.7,2025-08-22,0.6754548859895949,0.011568979452997508
2025-08-25,0.0,0,0.0,2025-08-25,0.5769654843916867,0.01160791793803522
2025-08-26,0.0,0,0.0,2025-08-26,0.7791371117804189,0.011257705346117928
2025-08-27,0.0,0,0.0,2025-08-27,0.7740942232677955,0.010830209939044063
2025-08-28,11.535,1,230.7,2025-08-28,0.8199421647937285,0.010304806253809584
2025-08-29,46.035,1,920.6999999999999,2025-08-29,1.0862869337557461,0.010328125089495486
2025-09-01,0.0,0,0.0,2025-09-01,0.6637144925863336,0.010796065164960896
2025-09-02,0.0,0,0.0,2025-09-02,1.997706829674579,0.010014750844051526
2025-09-03,0.0,0,0.0,2025-09-03,0.8564827693235686,0.010934062217096082
2025-09-04,0.0,0,0.0,2025-09-04,0.6323164032344379,0.011193747820650643
2025-09-05,0.0,0,0.0,2025-09-05,0.9781310061814638,0.01144682415176966
2025-09-08,-15.715,1,-314.3,2025-09-08,0.5703726411880615,0.012327859149326912
2025-09-09,0.0,0,0.0,2025-09-09,0.6334639891512414,0.01178916638287489
2025-09-10,0.0,0,0.0,2025-09-10,1.2288511720231279,0.010947074839355834
2025-09-11,0.0,0,0.0,2025-09-11,1.0944633276683673,0.010886563540849086
2025-09-12,0.0,0,0.0,2025-09-12,0.8190426762490082,0.010050122956471893
2025-09-15,50.035,1,1000.6999999999999,2025-09-15,0.8984111146919943,0.009990786542646094
2025-09-16,0.0,0,0.0,2025-09-16,0.8526265142080797,0.010767263446979536
2025-09-17,-36.215,1,-724.3000000000001,2025-09-17,1.2750205648478201,0.010548086563082424
2025-09-18,-88.715,1,-1774.3000000000002,2025-09-18,1.2480299448384555,0.010754145634375007
2025-09-19,0.0,0,0.0,2025-09-19,0.6036475725661443,0.010615241773968689
2025-09-22,25.035,1,500.7,2025-09-22,1.004770713659819,0.010962167216341178
2025-09-23,17.569999999999997,2,351.3999999999999,2025-09-23,0.774544213935546,0.010106994922185805
2025-09-24,-60.465,1,-1209.3000000000002,2025-09-24,0.8793209449959701,0.010009588733250516
2025-09-25,-167.965,1,-3359.3,2025-09-25,1.6143113817914934,0.00997999160761531
2025-09-26,-202.93,2,-4058.6000000000004,2025-09-26,1.232076059850374,0.009702302784910482
2025-09-29,-75.965,1,-1519.3000000000002,2025-09-29,0.6703391043067677,0.009738804688140553
2025-09-30,0.0,0,0.0,2025-09-30,0.9205516541162536,0.00996626907812643
2025-10-01,26.785,1,535.7,2025-10-01,1.2082523040500548,0.009870885267702531
2025-10-02,0.0,0,0.0,2025-10-02,0.7233850663259538,0.010247414437272482
2025-10-03,-23.715,1,-474.3,2025-10-03,0.7010272745831365,0.010279330647224161
2025-10-06,0.0,0,0.0,2025-10-06,1.2076270369670679,0.009678321141132736
2025-10-07,28.785,1,575.7,2025-10-07,0.8950483901023286,0.010109476865426755
2025-10-08,155.035,1,3100.7,2025-10-08,0.9768639541108364,0.010006955277759829
2025-10-09,-73.43,2,-1468.6000000000001,2025-10-09,0.7963943981028095,0.009865377061877836
2025-10-10,789.7750000000016,1,15795.500000000031,2025-10-10,1.0188679245283019,0.009812253714336578
2025-10-13,-62.465,1,-1249.3000000000002,2025-10-13,0.9507113278515404,0.012141751398669359
2025-10-14,-146.715,1,-2934.3,2025-10-14,1.092155371801119,0.013094585770655896
2025-10-15,-168.2050000000016,1,-3364.100000000032,2025-10-15,0.5414259202212013,0.013827580659885685
2025-10-16,-133.965,1,-2679.3,2025-10-16,0.6101230676872351,0.014202943310668606
2025-10-17,-173.4200000000016,2,-3468.4000000000324,2025-10-17,1.3196645969723646,0.015117913534518473
2025-10-20,77.035,1,1540.6999999999998,2025-10-20,0.6098305799960744,0.01549513428497559
2025-10-21,-63.465,1,-1269.3000000000002,2025-10-21,0.43389576846018213,0.01597832510697207
2025-10-22,84.035,1,1680.6999999999998,2025-10-22,1.0834402555212785,0.015501134140020736
2025-10-23,91.535,1,1830.6999999999998,2025-10-23,0.9686002495622189,0.016389650936525727
2025-10-24,0.0,0,0.0,2025-10-24,0.8659559122955901,0.01650771774583308
2025-10-27,0.0,0,0.0,2025-10-27,0.6542349335559293,0.016671394795682252
2025-10-28,0.0,0,0.0,2025-10-28,0.6402805611222444,0.017170849155905474
2025-10-29,0.0,0,0.0,2025-10-29,1.2084146760957235,0.017066934154107146
2025-10-30,-131.1600000000032,2,-2623.2000000000644,2025-10-30,1.4389648966561557,0.017329106769085625
2025-10-31,0.0,0,0.0,2025-10-31,0.6961539806228556,0.01552917153101208
2025-11-03,0.0,0,0.0,2025-11-03,0.6741605490011601,0.014816843533644375
2025-11-04,0.0,0,0.0,2025-11-04,1.246238412331822,0.014045290398559606
2025-11-05,59.785,1,1195.6999999999998,2025-11-05,1.1157711901206306,0.014331905793425397
2025-11-06,253.355,3,5067.099999999999,2025-11-06,0.623670647707853,0.013877822038714635
2025-11-07,64.59500000000159,3,1291.900000000032,2025-11-07,1.0625189813007072,0.014318665903648095
2025-11-10,-104.18,2,-2083.6000000000004,2025-11-10,0.5076549604637783,0.014843017391389188
2025-11-11,0.0,0,0.0,2025-11-11,0.623051986583301,0.01609052624776115
2025-11-12,0.0,0,0.0,2025-11-12,0.9338440111420613,0.015356606408087583
2025-11-13,281.285,1,5625.700000000001,2025-11-13,1.2502282549150892,0.015353122108226766
2025-11-14,-136.215,1,-2724.3,2025-11-14,1.3423085265561068,0.016235574952439644
2025-11-17,-132.715,1,-2654.3,2025-11-17,0.879658465092174,0.016835975324233133
2025-11-18,-344.43,2,-6888.6,2025-11-18,0.8458261226135105,0.01759555438745064
2025-11-19,-125.965,1,-2519.3,2025-11-19,0.5751796099897359,0.018329602346872444
2025-11-20,309.535,1,6190.700000000001,2025-11-20,0.8140942249740641,0.01858104525577083
2025-11-21,-166.465,1,-3329.3,2025-11-21,1.355213407364508,0.021267539992664314
2025-11-24,251.535,1,5030.7,2025-11-24,0.7514461176274758,0.022485572759846056
2025-11-25,0.0,0,0.0,2025-11-25,0.6845823972640628,0.022857283496784876
2025-11-26,0.0,0,0.0,2025-11-26,0.6662380734154167,0.02328824259173259
2025-11-27,0.0,0,0.0,2025-11-27,0.4204623155480064,0.022589162145685456
2025-11-28,0.0,0,0.0,2025-11-28,0.4939046357308036,0.021122569277027572
2025-12-01,0.0,0,0.0,2025-12-01,1.2756489493201484,0.020019796005353283
2025-12-02,0.0,0,0.0,2025-12-02,0.9214659685863874,0.020172308916379455
2025-12-03,0.0,0,0.0,2025-12-03,0.6924512516892979,0.020105434651112215
2025-12-04,0.0,0,0.0,2025-12-04,0.8539026017344897,0.019043852467662385
2025-12-05,-48.965,1,-979.3000000000001,2025-12-05,0.9186184994045257,0.017770483701088642
2025-12-08,0.0,0,0.0,2025-12-08,0.7264097819966213,0.016938031316171272
2025-12-09,0.0,0,0.0,2025-12-09,1.018992568125516,0.016274140032565554
2025-12-10,0.0,0,0.0,2025-12-10,1.2908144958736993,0.015372964350589735
2025-12-11,-259.18,2,-5183.6,2025-12-11,1.1111900028401023,0.012733365237153807
2025-12-12,109.285,1,2185.7,2025-12-12,0.8191442916393801,0.011906009223797379
2025-12-15,0.0,0,0.0,2025-12-15,0.5241090146750524,0.011644631196049434
2025-12-16,0.0,0,0.0,2025-12-16,1.0715613876640282,0.011419298425275828
2025-12-17,166.035,1,3320.7,2025-12-17,0.6803512855782456,0.011348504877631695
2025-12-18,0.0,0,0.0,2025-12-18,0.8033977127129504,0.012865140063857758
2025-12-19,-39.14500000000001,3,-782.9000000000002,2025-12-19,0.6429691583899635,0.013783920991207326
2025-12-22,0.0,0,0.0,2025-12-22,0.4594679186228482,0.013952110919720673
2025-12-23,0.0,0,0.0,2025-12-23,0.8607333448097779,0.013800094832218472
2025-12-24,0.0,0,0.0,2025-12-24,0.583464471613606,0.013621512508376529
2025-12-26,0.0,0,0.0,2025-12-26,0.8523995535714285,0.013294747270888451
2025-12-29,0.0,0,0.0,2025-12-29,1.6942369263607255,0.012907273117931066
2025-12-30,0.0,0,0.0,2025-12-30,0.8720439189189189,0.012690592546694898
2025-12-31,0.0,0,0.0,2025-12-31,1.0014975664545116,0.01255128408149789
2026-01-02,-62.215,1,-1244.3000000000002,2026-01-02,0.9529656214582546,0.012298927136207838
2026-01-05,0.0,0,0.0,2026-01-05,0.8957089293153728,0.012675990024252046
2026-01-06,-66.715,1,-1334.3000000000002,2026-01-06,0.929262015719552,0.011886128437798101
2026-01-07,-135.465,1,-2709.3,2026-01-07,0.7219039224327898,0.011287275166686877
2026-01-08,-174.61,4,-3492.2000000000003,2026-01-08,0.930513595166163,0.011143601267746463
2026-01-09,78.035,1,1560.6999999999998,2026-01-09,0.9244437329918361,0.01027643036747411
2026-01-12,0.0,0,0.0,2026-01-12,0.8309398169794937,0.009821784678510895
2026-01-13,-167.715,1,-3354.3,2026-01-13,0.9834978635626934,0.009610366812501533
2026-01-14,-50.965,1,-1019.3000000000001,2026-01-14,1.2032963195753894,0.009675731709789756
2026-01-15,0.0,0,0.0,2026-01-15,0.8889693022133767,0.01048944761951688
2026-01-16,0.0,0,0.0,2026-01-16,0.6854141310614311,0.0110695040228141
2026-01-19,0.0,0,0.0,2026-01-19,1.1289705319556065,0.011623511354075884
2026-01-20,0.0,0,0.0,2026-01-20,1.4393243987516062,0.01227643240517846
2026-01-21,-94.465,1,-1889.3000000000002,2026-01-21,1.0345017031095483,0.012869798304722046
2026-01-22,0.0,0,0.0,2026-01-22,0.641629711751663,0.013650340148802719
2026-01-23,-133.465,1,-2669.3,2026-01-23,0.9014783417760778,0.01285949295884679
